#!ascii label  , from subject sub-01 vox2ras=TkReg
4777
35591  -17.303  -58.826  35.287 0.1000000015
36689  -18.844  -58.251  34.119 0.1000000015
36676  -16.731  -58.260  35.622 0.1000000015
36686  -16.576  -57.247  35.586 0.1000000015
36687  -16.960  -57.731  35.047 0.1000000015
37831  -17.166  -56.703  34.253 0.1000000015
37843  -17.686  -56.214  33.619 0.1000000015
38948  -19.728  -55.524  31.826 0.1000000015
40041  -19.975  -54.786  31.349 0.1000000015
40042  -20.306  -55.166  31.284 0.1000000015
40054  -20.467  -54.821  30.917 0.1000000015
40055  -21.253  -54.769  30.295 0.1000000015
41112  -21.366  -53.807  30.320 0.1000000015
40069  -23.088  -54.855  29.563 0.1000000015
40063  -31.944  -55.270  31.374 0.2000000030
38955  -31.810  -55.743  32.379 0.2000000030
37850  -31.615  -56.327  33.230 0.2000000030
37864  -32.037  -56.131  32.873 0.2000000030
43220  -16.923  -51.713  40.919 0.2000000030
42137  -17.867  -51.917  39.723 0.3000000119
41036  -16.757  -54.170  38.583 0.1000000015
41048  -16.893  -53.795  37.954 0.1000000015
42136  -17.243  -52.736  39.232 0.2000000030
42122  -17.737  -51.699  40.317 0.3000000119
41058  -17.373  -53.608  37.009 0.1000000015
42152  -17.278  -53.033  38.479 0.1000000015
39988  -17.089  -54.328  37.190 0.1000000015
39996  -17.143  -54.268  36.437 0.1000000015
42166  -17.552  -52.863  37.692 0.1000000015
38912  -16.473  -55.808  36.017 0.1000000015
40002  -16.783  -54.844  36.049 0.1000000015
41067  -17.414  -53.500  36.059 0.1000000015
38923  -16.625  -55.724  34.832 0.2000000030
40011  -16.716  -55.029  35.407 0.2000000030
38924  -17.067  -55.544  33.910 0.1000000015
37859  -18.756  -55.834  32.543 0.1000000015
38934  -17.723  -55.424  33.237 0.1000000015
40029  -19.299  -54.557  31.746 0.1000000015
41099  -19.826  -53.737  31.124 0.3000000119
41100  -20.806  -53.262  30.852 0.1000000015
41113  -22.359  -53.765  30.047 0.1000000015
41123  -23.283  -54.077  29.746 0.1000000015
41115  -24.076  -53.946  30.904 0.1000000015
40057  -24.611  -54.389  30.330 0.1000000015
38983  -26.175  -55.769  31.028 0.1000000015
40075  -31.892  -55.100  30.139 0.2000000030
40062  -31.597  -54.978  31.128 0.2000000030
38985  -31.848  -54.977  30.684 0.2000000030
40037  -31.498  -55.546  32.342 0.2000000030
40049  -31.588  -55.399  31.823 0.2000000030
38970  -31.876  -55.617  31.796 0.2000000030
38942  -31.721  -55.832  33.026 0.1000000015
44239  -18.911  -49.846  40.682 0.3000000119
42167  -18.222  -51.912  37.418 0.3000000119
43231  -18.456  -51.249  39.323 0.3000000119
44249  -18.887  -50.378  39.797 0.3000000119
42179  -17.738  -52.753  36.698 0.2000000030
43241  -18.540  -51.228  38.323 0.3000000119
44250  -19.426  -49.874  39.354 0.3000000119
44269  -19.074  -50.577  38.156 0.3000000119
44260  -19.691  -49.971  38.527 0.3000000119
40003  -17.067  -54.272  35.578 0.2000000030
42180  -18.230  -52.014  36.311 0.2000000030
43250  -19.319  -50.849  37.009 0.3000000119
44270  -19.642  -50.359  37.593 0.3000000119
40012  -16.982  -54.610  34.619 0.2000000030
41081  -17.365  -53.981  34.243 0.2000000030
42208  -17.959  -52.681  34.985 0.2000000030
43271  -18.794  -51.437  35.897 0.2000000030
44291  -19.901  -50.500  36.125 0.3000000119
40019  -17.340  -54.524  33.713 0.2000000030
41082  -17.823  -53.402  33.808 0.2000000030
42210  -19.116  -51.971  33.780 0.2000000030
43273  -20.428  -50.911  35.067 0.3000000119
42211  -22.271  -51.590  34.612 0.3000000119
41089  -18.411  -53.491  32.789 0.2000000030
42222  -19.510  -52.199  33.033 0.3000000119
43300  -20.506  -51.785  33.310 0.3000000119
43288  -21.397  -51.485  34.039 0.3000000119
41090  -19.080  -53.572  32.061 0.3000000119
42235  -20.612  -52.209  32.151 0.3000000119
42236  -21.713  -52.242  32.607 0.3000000119
42245  -21.238  -52.603  31.512 0.3000000119
42246  -22.241  -52.613  31.641 0.3000000119
42237  -22.781  -52.659  32.501 0.3000000119
41114  -23.360  -53.597  30.467 0.1000000015
41104  -24.239  -53.919  31.898 0.2000000030
40043  -24.784  -54.435  31.323 0.1000000015
38968  -25.881  -55.669  32.109 0.3000000119
38969  -26.436  -56.323  31.913 0.2000000030
37848  -26.528  -56.920  33.623 0.3000000119
36703  -27.580  -58.321  33.670 0.2000000030
35606  -28.879  -58.778  34.247 0.1000000015
35608  -30.384  -57.895  33.984 0.1000000015
38929  -30.621  -56.257  33.686 0.1000000015
40036  -31.112  -55.431  32.377 0.2000000030
38941  -31.156  -55.918  33.319 0.1000000015
38954  -31.414  -55.605  32.763 0.2000000030
45303  -20.314  -48.954  40.163 0.3000000119
45328  -20.049  -49.515  39.183 0.3000000119
44271  -20.594  -50.006  37.272 0.3000000119
45341  -20.907  -49.556  37.904 0.3000000119
46458  -34.495  -47.945  36.784 0.6000000238
47547  -34.967  -47.920  36.704 0.5000000000
47539  -35.426  -46.866  37.075 0.4000000060
47548  -35.718  -47.369  36.703 0.4000000060
44292  -20.429  -50.551  35.723 0.3000000119
44282  -20.583  -50.282  36.436 0.3000000119
44283  -21.229  -50.468  35.960 0.3000000119
46478  -35.420  -48.300  36.274 0.8000000119
47549  -36.751  -47.487  35.977 0.4000000060
43274  -21.680  -50.957  35.171 0.3000000119
45362  -33.636  -49.425  36.108 0.8999999762
45363  -34.186  -49.415  35.892 0.8000000119
46492  -35.078  -48.989  35.694 0.8000000119
46479  -36.070  -47.991  36.239 0.4000000060
42224  -22.011  -51.961  33.713 0.3000000119
42212  -22.690  -52.409  34.399 0.4000000060
45376  -33.323  -49.922  35.658 0.8999999762
46491  -34.528  -49.210  35.826 0.8000000119
46493  -36.202  -48.624  35.635 0.6999999881
42225  -22.564  -52.531  33.395 0.4000000060
41076  -22.953  -53.196  33.998 0.4000000060
41068  -23.308  -53.253  35.204 0.4000000060
44296  -33.771  -50.031  35.475 0.8999999762
44297  -34.214  -50.052  35.308 0.8999999762
45379  -35.603  -49.690  35.107 0.8000000119
41091  -23.236  -53.011  32.644 0.3000000119
40030  -24.239  -54.035  32.841 0.3000000119
40021  -24.147  -54.119  33.644 0.4000000060
44308  -33.751  -50.145  35.187 0.8999999762
44310  -35.148  -50.268  34.481 0.8999999762
45397  -35.819  -50.155  34.724 0.8999999762
45398  -36.272  -50.069  34.626 0.8999999762
40031  -24.798  -54.631  32.625 0.3000000119
38937  -25.567  -55.493  34.091 0.4000000060
44324  -33.816  -50.187  34.518 0.8999999762
44325  -34.626  -50.270  34.161 0.8999999762
44326  -35.431  -50.361  33.621 0.8999999762
37834  -26.591  -56.973  34.741 0.3000000119
45416  -34.116  -50.110  33.673 0.8999999762
45417  -34.769  -50.228  33.610 0.8999999762
44342  -36.111  -50.286  32.766 0.8999999762
36691  -27.697  -58.135  34.600 0.3000000119
45434  -34.879  -50.066  32.885 0.8999999762
45435  -35.549  -50.110  32.675 0.8999999762
35594  -28.999  -58.239  34.978 0.1000000015
45457  -35.637  -49.843  31.968 1.0000000000
45458  -36.613  -49.785  31.701 1.0000000000
35595  -29.370  -57.987  34.882 0.2000000030
36692  -29.628  -57.601  34.792 0.1000000015
45456  -34.378  -49.537  31.755 1.0000000000
45480  -36.115  -49.454  30.908 1.0000000000
39017  -31.657  -55.110  28.801 0.2000000030
45479  -35.066  -49.270  30.846 1.0000000000
45500  -36.561  -49.280  29.991 1.0000000000
38953  -30.891  -55.584  32.930 0.1000000015
40061  -30.698  -54.852  30.869 0.2000000030
40081  -31.440  -54.912  29.392 0.2000000030
45499  -35.580  -49.184  29.984 1.0000000000
45510  -35.881  -49.103  29.125 1.0000000000
40074  -31.529  -54.882  30.313 0.2000000030
46418  -21.146  -48.890  39.879 0.4000000060
45316  -20.632  -49.086  39.600 0.4000000060
47525  -31.915  -46.477  38.014 0.4000000060
45330  -21.572  -49.460  38.369 0.5000000000
47536  -32.260  -47.021  37.708 0.5000000000
45342  -21.460  -49.798  37.577 0.4000000060
46456  -32.836  -47.935  37.114 0.5000000000
46457  -33.874  -47.942  36.879 0.5000000000
47538  -34.735  -47.220  37.135 0.3000000119
44273  -22.306  -50.408  37.386 0.5000000000
46476  -33.298  -48.732  36.587 0.6999999881
48597  -35.381  -46.214  37.153 0.3000000119
48604  -35.721  -46.685  36.914 0.3000000119
48605  -36.330  -46.367  36.490 0.3000000119
49644  -38.396  -45.549  35.175 0.4000000060
48615  -38.567  -46.475  34.978 0.5000000000
43275  -22.443  -51.402  35.509 0.3000000119
43263  -22.552  -51.459  36.079 0.4000000060
42196  -22.749  -52.152  35.514 0.4000000060
41059  -23.214  -53.157  36.298 0.4000000060
45375  -32.475  -49.632  35.529 0.8000000119
45361  -32.804  -49.361  36.162 0.8000000119
47558  -36.915  -48.151  35.556 0.5000000000
47559  -37.461  -47.762  35.411 0.5000000000
41069  -23.662  -53.779  35.029 0.4000000060
45380  -36.513  -49.394  34.890 0.8000000119
46494  -37.145  -48.678  35.034 0.6000000238
40022  -25.035  -54.690  33.771 0.4000000060
40006  -24.323  -54.522  35.387 0.4000000060
38925  -24.688  -54.830  35.271 0.4000000060
45415  -32.975  -49.963  33.958 0.8999999762
44311  -35.917  -50.409  34.317 0.8999999762
45399  -37.042  -49.875  34.485 0.8999999762
46505  -37.364  -49.265  34.552 0.8999999762
37833  -25.849  -56.238  35.251 0.4000000060
38926  -25.150  -55.244  35.114 0.4000000060
44312  -36.776  -50.473  34.145 1.0000000000
44313  -37.526  -50.318  33.945 0.8999999762
36690  -27.152  -57.650  34.176 0.3000000119
45432  -32.474  -49.494  32.850 0.8999999762
44344  -37.857  -50.364  32.711 1.0000000000
35593  -28.308  -58.359  34.900 0.4000000060
45433  -33.643  -49.755  32.782 0.8999999762
45459  -37.467  -49.946  31.704 1.0000000000
36680  -29.144  -57.672  35.298 0.3000000119
45455  -33.052  -49.184  31.542 0.8999999762
45481  -37.151  -49.570  30.921 1.0000000000
37835  -29.880  -56.959  34.551 0.2000000030
45478  -33.936  -49.113  30.488 1.0000000000
40035  -30.187  -55.428  32.635 0.1000000015
46600  -34.007  -48.680  28.319 1.0000000000
46578  -33.795  -48.794  29.416 1.0000000000
45498  -34.615  -49.007  29.838 1.0000000000
40060  -29.473  -54.516  30.495 0.2000000030
40080  -30.605  -54.672  29.131 0.2000000030
40095  -30.603  -54.776  28.322 0.2000000030
46622  -34.240  -48.664  27.438 1.0000000000
45509  -35.164  -48.914  29.265 1.0000000000
45511  -36.830  -49.070  29.085 1.0000000000
40072  -29.776  -54.527  29.595 0.2000000030
46636  -33.439  -48.607  26.609 1.0000000000
46601  -35.035  -48.822  28.378 1.0000000000
46602  -36.058  -48.854  28.244 1.0000000000
41131  -28.965  -54.127  28.495 0.2000000030
40079  -29.772  -54.484  28.772 0.2000000030
46637  -34.412  -48.551  26.602 1.0000000000
46623  -35.237  -48.676  27.412 1.0000000000
46648  -33.591  -48.444  25.860 1.0000000000
46649  -34.554  -48.329  25.840 1.0000000000
47676  -33.694  -47.980  25.222 0.8999999762
47698  -32.726  -47.326  24.585 0.8999999762
47699  -33.845  -47.474  24.726 1.0000000000
47677  -34.669  -47.913  25.224 1.0000000000
48742  -33.312  -47.099  24.373 0.8999999762
48743  -33.883  -47.024  24.221 0.8999999762
48757  -33.803  -46.530  23.564 0.8999999762
48804  -28.910  -46.567  20.363 0.3000000119
48773  -33.819  -46.063  22.868 0.8000000119
45317  -21.602  -49.134  39.466 0.5000000000
47535  -31.228  -47.404  37.940 0.5000000000
45318  -22.366  -49.816  38.900 0.5000000000
44262  -22.621  -50.659  38.266 0.5000000000
46474  -31.244  -48.514  36.791 0.5000000000
46455  -31.741  -47.941  37.324 0.6000000238
47537  -33.510  -47.108  37.321 0.6000000238
48596  -34.181  -46.241  37.363 0.4000000060
43252  -22.747  -51.320  37.279 0.5000000000
45331  -22.176  -49.870  37.910 0.5000000000
46475  -32.298  -48.606  36.639 0.6999999881
41049  -23.269  -53.290  37.161 0.6999999881
41050  -23.503  -53.517  37.761 0.4000000060
45360  -31.888  -48.974  36.010 0.6999999881
49628  -35.216  -45.263  36.477 0.3000000119
49620  -35.496  -45.570  36.804 0.3000000119
48606  -37.629  -46.462  35.811 0.2000000030
49645  -38.738  -45.472  34.697 0.4000000060
40004  -23.434  -53.767  36.199 0.4000000060
39997  -23.344  -53.832  36.865 0.4000000060
50667  -34.596  -45.071  36.536 0.3000000119
49642  -35.276  -45.517  35.701 0.3000000119
49629  -36.168  -45.536  36.133 0.2000000030
48614  -37.945  -47.111  35.466 0.4000000060
48616  -38.866  -45.884  34.526 0.6000000238
38904  -24.108  -54.705  36.355 0.4000000060
38895  -24.093  -54.821  37.092 0.5000000000
45395  -32.149  -49.737  34.817 0.8000000119
46506  -37.937  -48.617  34.369 0.8000000119
47570  -38.820  -46.947  34.052 0.8000000119
47583  -38.857  -47.329  33.396 0.8000000119
38915  -25.199  -55.741  36.107 0.4000000060
45414  -31.798  -49.557  33.869 0.8000000119
45400  -37.738  -49.688  34.174 0.8999999762
45418  -38.207  -49.466  33.592 0.8000000119
46514  -38.536  -48.531  33.335 0.8000000119
47582  -38.679  -47.805  33.554 0.8000000119
37819  -26.585  -56.998  35.743 0.4000000060
44328  -37.286  -50.476  33.434 1.0000000000
44330  -38.279  -49.997  33.166 0.8000000119
45436  -38.629  -49.555  32.695 0.8000000119
36678  -27.731  -57.884  35.461 0.4000000060
36666  -27.210  -57.409  35.874 0.4000000060
44361  -37.669  -50.236  32.225 1.0000000000
44345  -38.532  -50.108  32.461 1.0000000000
36679  -28.420  -57.750  35.706 0.5000000000
45460  -38.012  -50.165  31.739 1.0000000000
44362  -38.535  -50.281  31.816 1.0000000000
38918  -29.483  -56.480  34.757 0.4000000060
45477  -33.173  -48.975  30.641 0.8999999762
45501  -37.691  -49.484  29.966 1.0000000000
38939  -29.817  -55.816  33.767 0.1000000015
46558  -33.218  -48.891  30.063 0.8999999762
40047  -29.814  -55.027  31.529 0.1000000015
46599  -33.032  -48.562  28.372 1.0000000000
45497  -34.126  -48.980  29.905 0.8999999762
39059  -31.341  -55.424  26.853 0.2000000030
46603  -37.042  -48.694  28.261 1.0000000000
39035  -30.579  -55.149  27.517 0.2000000030
39058  -30.428  -55.451  26.664 0.2000000030
46635  -32.430  -48.547  26.575 1.0000000000
46621  -33.251  -48.618  27.432 1.0000000000
46624  -36.239  -48.530  27.375 1.0000000000
41126  -29.032  -54.216  29.297 0.2000000030
40094  -29.610  -54.548  27.808 0.2000000030
46647  -32.655  -48.429  25.873 1.0000000000
46638  -35.392  -48.418  26.583 1.0000000000
46650  -35.502  -48.095  25.877 1.0000000000
47675  -32.746  -48.026  25.315 0.8999999762
46651  -36.408  -47.879  25.887 1.0000000000
47697  -31.668  -47.778  24.838 0.8999999762
47700  -34.735  -47.365  24.766 0.8999999762
47678  -35.577  -47.653  25.360 1.0000000000
47712  -30.667  -47.765  23.960 0.8000000119
47714  -32.282  -46.987  23.979 0.8000000119
46698  -27.752  -48.873  21.435 0.3000000119
48769  -30.296  -47.132  22.675 0.6000000238
47723  -30.739  -47.293  23.126 0.8000000119
48755  -32.075  -46.848  23.647 0.8000000119
48756  -32.795  -46.700  23.845 0.8000000119
48744  -34.762  -46.824  24.206 0.8999999762
47746  -28.468  -47.466  21.008 0.3000000119
48787  -29.879  -46.860  22.140 0.5000000000
48770  -30.763  -46.906  22.610 0.6999999881
48789  -31.800  -46.189  22.115 0.8000000119
48772  -32.767  -46.223  22.830 0.8000000119
48758  -34.751  -46.357  23.503 0.8999999762
48798  -29.802  -46.333  21.068 0.3000000119
49831  -31.319  -46.089  21.593 0.6000000238
48790  -32.438  -45.897  22.078 0.6000000238
49817  -33.104  -45.818  22.331 0.6999999881
49843  -30.231  -46.048  20.858 0.4000000060
49844  -30.881  -45.882  21.016 0.5000000000
49832  -31.814  -45.799  21.541 0.5000000000
49833  -32.764  -45.499  21.622 0.5000000000
49834  -33.705  -45.190  21.454 0.6000000238
49819  -34.616  -45.395  22.212 0.8999999762
49857  -31.530  -45.034  20.112 0.4000000060
50921  -32.159  -44.934  20.334 0.4000000060
50922  -32.821  -44.861  20.157 0.4000000060
49847  -33.404  -44.953  20.716 0.5000000000
50936  -32.898  -44.576  19.389 0.4000000060
47523  -30.510  -47.020  38.315 0.3000000119
47524  -31.435  -46.717  38.172 0.3000000119
48586  -31.609  -46.053  38.143 0.3000000119
44251  -22.976  -50.820  39.447 0.6000000238
46454  -30.591  -47.935  37.680 0.5000000000
43242  -22.913  -51.708  38.584 0.6999999881
42154  -23.169  -52.448  38.823 0.6999999881
46473  -30.216  -48.582  37.000 0.6000000238
48595  -33.055  -46.247  37.434 0.2000000030
41038  -23.706  -53.716  38.371 0.6000000238
45358  -29.820  -48.978  36.373 0.6999999881
49618  -33.534  -45.580  37.090 0.2000000030
50710  -38.830  -44.764  34.313 0.4000000060
49671  -39.215  -45.392  33.421 0.5000000000
39990  -23.693  -54.200  37.507 0.5000000000
39981  -24.126  -54.403  38.252 0.6999999881
45373  -30.404  -49.152  35.529 0.8000000119
50666  -33.959  -45.200  36.386 0.3000000119
49643  -36.359  -45.365  35.432 0.2000000030
50668  -36.623  -45.067  35.735 0.2000000030
50670  -37.683  -45.024  35.560 0.2000000030
50692  -38.449  -44.940  34.767 0.3000000119
49659  -39.084  -45.352  34.213 0.4000000060
49687  -39.281  -45.470  32.393 0.6000000238
38896  -24.638  -55.356  37.481 0.4000000060
45394  -31.109  -49.340  34.721 0.8000000119
50687  -34.418  -45.191  36.002 0.3000000119
48639  -39.039  -46.396  32.954 0.8000000119
38906  -25.244  -55.896  37.038 0.4000000060
38897  -25.323  -55.801  37.881 0.5000000000
45393  -30.002  -49.187  34.655 0.8000000119
37818  -25.859  -56.523  36.430 0.4000000060
45413  -30.721  -49.297  33.775 0.8999999762
46522  -38.789  -49.008  32.597 0.8000000119
46523  -38.979  -48.426  32.561 0.8999999762
47594  -39.141  -47.477  32.303 0.8000000119
36667  -27.672  -57.454  36.128 0.4000000060
37806  -26.803  -57.024  36.723 0.4000000060
45430  -30.371  -49.232  32.787 0.8999999762
45431  -31.388  -49.332  32.873 0.8999999762
44346  -39.370  -50.046  32.209 0.8999999762
45437  -39.375  -49.513  32.178 0.8999999762
37807  -27.802  -56.903  36.521 0.5000000000
38908  -28.422  -56.643  36.228 0.5000000000
45454  -31.984  -49.121  31.967 0.8999999762
45482  -38.230  -50.013  31.099 1.0000000000
38927  -29.342  -55.959  34.354 0.4000000060
38917  -28.816  -56.126  35.470 0.5000000000
46557  -32.413  -48.743  30.483 0.8999999762
46538  -32.288  -48.915  31.312 0.8999999762
46580  -38.350  -49.256  29.468 1.0000000000
40025  -29.287  -55.537  33.456 0.1000000015
46576  -31.723  -48.665  29.378 0.8999999762
40034  -29.005  -55.138  32.385 0.1000000015
46598  -32.024  -48.607  28.395 0.8999999762
46577  -32.723  -48.651  29.347 0.8999999762
45512  -37.636  -49.061  29.025 1.0000000000
40046  -28.623  -54.444  31.389 0.1000000015
39087  -30.712  -55.341  25.040 0.2000000030
46620  -32.244  -48.574  27.447 0.8999999762
41118  -29.149  -54.292  29.884 0.2000000030
39057  -29.594  -55.347  26.497 0.2000000030
39074  -30.116  -55.542  25.778 0.2000000030
46625  -37.259  -48.281  27.379 1.0000000000
40115  -29.269  -54.767  26.965 0.2000000030
39056  -29.019  -55.026  26.395 0.2000000030
46640  -37.370  -47.980  26.364 1.0000000000
46639  -36.379  -48.196  26.545 1.0000000000
40093  -28.815  -54.329  27.378 0.2000000030
46646  -31.528  -48.304  25.590 0.8999999762
47702  -36.607  -47.058  24.895 1.0000000000
47696  -30.990  -47.954  24.628 0.8999999762
46669  -31.160  -48.065  24.957 0.8999999762
47679  -36.479  -47.527  25.439 1.0000000000
45566  -27.602  -49.414  22.281 0.3000000119
47711  -29.820  -47.969  23.670 0.8000000119
46668  -30.489  -48.194  24.750 0.8999999762
47701  -35.650  -47.145  24.864 1.0000000000
46699  -28.176  -48.220  21.662 0.3000000119
47722  -29.847  -47.463  22.901 0.6000000238
48745  -35.702  -46.664  24.196 1.0000000000
48786  -29.294  -47.078  22.048 0.4000000060
48774  -34.662  -45.835  22.852 0.8999999762
48797  -29.129  -46.897  21.492 0.3000000119
50908  -33.977  -44.865  21.003 0.5000000000
50923  -33.693  -44.601  20.251 0.5000000000
46401  -24.612  -48.058  40.331 0.6000000238
47522  -29.592  -46.881  38.618 0.4000000060
46438  -29.666  -47.554  38.341 0.5000000000
48585  -30.891  -46.185  38.361 0.2000000030
44242  -23.506  -50.961  40.218 0.6999999881
46439  -30.376  -47.525  38.120 0.4000000060
41027  -24.315  -53.525  39.297 0.6999999881
42138  -23.333  -52.591  39.142 0.6999999881
46453  -29.528  -48.175  37.718 0.6000000238
48594  -32.197  -46.109  37.745 0.2000000030
41026  -23.726  -53.482  39.026 0.6999999881
46471  -28.412  -48.484  36.977 0.6999999881
46472  -29.290  -48.566  37.060 0.6000000238
50645  -31.889  -45.200  36.869 0.2000000030
39982  -24.695  -54.383  38.874 0.6999999881
45357  -29.030  -48.763  36.461 0.6999999881
50646  -32.854  -45.227  36.741 0.2000000030
50647  -33.757  -45.207  36.733 0.2000000030
50725  -39.104  -44.480  33.623 0.4000000060
50743  -39.291  -44.487  32.775 0.5000000000
38887  -24.633  -55.101  38.181 0.6000000238
46490  -28.323  -48.628  36.184 0.8000000119
45372  -29.210  -49.019  35.613 0.8000000119
50706  -32.477  -45.415  34.411 0.2000000030
50685  -32.292  -45.132  35.446 0.2000000030
50686  -33.377  -45.442  35.620 0.2000000030
50689  -36.878  -44.843  35.309 0.2000000030
51741  -37.690  -44.520  34.780 0.2000000030
37793  -25.936  -56.092  37.775 0.5000000000
49654  -32.862  -45.815  33.613 0.2000000030
50707  -33.182  -45.706  35.028 0.2000000030
49655  -33.570  -46.041  34.525 0.2000000030
48624  -35.317  -46.157  33.947 0.2000000030
49657  -36.007  -45.841  34.575 0.2000000030
49658  -36.715  -45.048  34.709 0.2000000030
50708  -37.194  -44.629  34.711 0.2000000030
49700  -39.457  -45.618  31.234 0.8000000119
37805  -25.868  -56.448  37.327 0.4000000060
37794  -26.502  -56.270  37.504 0.4000000060
45392  -28.890  -49.079  34.521 0.8000000119
48623  -34.434  -46.300  33.783 0.2000000030
48637  -35.095  -46.280  33.159 0.2000000030
49669  -36.084  -45.612  33.615 0.1000000015
49686  -36.368  -45.177  33.280 0.2000000030
48649  -39.246  -46.538  31.873 0.8000000119
45412  -29.671  -49.156  33.648 0.8000000119
48648  -35.531  -46.017  32.831 0.1000000015
45461  -39.460  -49.057  32.018 0.8999999762
46539  -39.568  -48.514  31.815 0.8999999762
47606  -39.727  -47.569  31.275 0.8999999762
47624  -39.789  -46.981  30.821 0.8999999762
37795  -27.254  -56.420  37.098 0.5000000000
45411  -28.644  -49.127  33.494 0.8000000119
45429  -29.377  -49.151  32.656 0.8999999762
44363  -39.416  -50.373  31.806 1.0000000000
45438  -39.984  -49.865  32.108 0.8999999762
46540  -40.454  -48.636  31.410 0.8999999762
47607  -40.796  -47.840  31.059 0.8999999762
45452  -30.059  -49.132  31.825 0.8999999762
45453  -31.024  -49.156  31.940 0.8999999762
44374  -39.332  -50.612  31.074 1.0000000000
44364  -40.143  -50.235  31.969 1.0000000000
44376  -40.732  -50.228  31.420 1.0000000000
45463  -41.031  -49.430  31.344 1.0000000000
46536  -30.691  -48.883  31.071 0.8999999762
45502  -38.929  -49.989  30.306 1.0000000000
44382  -39.602  -50.490  30.459 1.0000000000
44383  -40.161  -50.651  30.619 1.0000000000
40017  -28.643  -55.480  34.454 0.3000000119
46556  -31.266  -48.736  30.282 0.8999999762
46537  -31.621  -48.855  31.191 0.8999999762
46581  -39.189  -49.207  29.481 1.0000000000
46575  -30.744  -48.710  29.355 0.8999999762
46597  -31.065  -48.679  28.436 0.8999999762
46604  -38.176  -48.678  28.501 1.0000000000
46619  -31.248  -48.647  27.481 1.0000000000
46626  -38.328  -48.072  27.335 1.0000000000
40059  -28.689  -54.215  30.666 0.2000000030
41117  -28.448  -53.723  30.081 0.1000000015
41130  -28.472  -53.519  28.223 0.2000000030
46634  -31.360  -48.592  26.548 1.0000000000
47669  -37.856  -47.895  26.213 1.0000000000
41141  -28.774  -54.034  27.885 0.2000000030
41140  -28.041  -53.697  27.405 0.2000000030
41153  -27.820  -54.032  26.713 0.2000000030
46645  -30.307  -48.661  25.637 1.0000000000
47680  -37.503  -47.617  25.647 1.0000000000
46652  -36.978  -47.814  25.795 1.0000000000
45544  -28.297  -49.420  24.454 0.8000000119
44424  -27.419  -50.662  23.487 0.3000000119
43366  -27.320  -51.670  23.787 0.3000000119
44437  -27.509  -50.449  22.579 0.3000000119
46677  -29.709  -48.284  24.154 0.6999999881
48759  -35.681  -46.099  23.463 0.8999999762
48746  -36.649  -46.573  24.156 1.0000000000
46686  -27.869  -48.712  22.143 0.3000000119
47710  -29.403  -48.230  23.710 0.6000000238
49806  -35.974  -45.668  23.076 0.8999999762
47735  -28.875  -47.484  22.224 0.4000000060
47721  -29.148  -47.960  23.224 0.5000000000
49820  -35.640  -45.217  22.324 0.8999999762
48775  -35.317  -45.650  22.780 0.8999999762
50909  -34.513  -44.532  21.030 0.5000000000
47515  -28.893  -46.937  39.117 0.4000000060
45286  -24.886  -50.230  40.700 0.6000000238
46422  -29.249  -47.251  38.816 0.4000000060
48583  -29.262  -46.297  38.729 0.2000000030
44243  -23.826  -50.855  40.433 0.6999999881
43224  -24.838  -51.173  40.522 0.6000000238
46421  -28.735  -47.581  38.970 0.5000000000
48584  -30.017  -46.255  38.388 0.2000000030
43223  -24.099  -51.540  40.347 0.6999999881
42125  -25.128  -51.619  40.159 0.6000000238
46436  -27.987  -48.286  38.350 0.6000000238
46437  -28.743  -48.048  38.435 0.6000000238
49606  -30.404  -45.581  38.133 0.2000000030
42140  -24.498  -52.691  39.773 0.6999999881
42141  -25.258  -52.247  39.746 0.8000000119
46451  -27.701  -48.417  37.691 0.6999999881
46452  -28.625  -48.324  37.735 0.6000000238
50644  -30.899  -45.131  37.158 0.2000000030
49615  -30.935  -45.345  37.797 0.2000000030
39974  -24.787  -53.825  39.289 0.6999999881
39975  -25.226  -53.914  39.229 0.6999999881
41029  -25.549  -53.224  39.293 0.8000000119
46470  -27.382  -48.622  36.737 0.6999999881
51787  -39.075  -43.694  32.852 0.3000000119
39983  -25.507  -54.498  38.830 0.6999999881
39976  -25.780  -53.934  39.027 0.6999999881
45355  -26.415  -49.181  36.435 0.8000000119
50684  -31.185  -45.163  35.405 0.2000000030
50664  -32.118  -44.983  36.212 0.2000000030
51756  -37.776  -44.113  34.013 0.1000000015
51743  -38.467  -44.493  34.327 0.3000000119
51758  -38.671  -44.184  33.744 0.3000000119
50760  -39.450  -44.524  31.794 0.5000000000
38888  -25.321  -55.114  38.472 0.5000000000
38889  -25.800  -54.928  38.540 0.6999999881
39984  -26.204  -54.425  38.513 0.6999999881
45370  -26.879  -49.040  35.203 0.8000000119
46489  -27.740  -48.635  36.041 0.8000000119
50705  -31.402  -45.174  34.524 0.2000000030
50724  -37.016  -44.559  33.980 0.1000000015
51755  -37.452  -44.373  34.163 0.2000000030
51742  -38.043  -44.525  34.733 0.2000000030
38898  -26.154  -55.486  38.147 0.5000000000
39991  -26.821  -54.782  37.850 0.6999999881
45371  -28.019  -48.763  35.372 0.8000000119
50723  -32.062  -45.508  33.023 0.2000000030
50741  -36.446  -44.725  32.542 0.1000000015
50742  -36.698  -44.456  32.962 0.1000000015
50780  -39.619  -44.526  30.789 0.6999999881
38899  -27.023  -55.643  37.462 0.5000000000
45390  -26.876  -49.256  34.064 0.8000000119
45391  -27.817  -48.993  34.310 0.8000000119
49667  -32.789  -45.913  32.648 0.2000000030
48636  -34.321  -46.350  32.778 0.2000000030
49699  -35.887  -45.193  31.578 0.1000000015
49685  -36.034  -45.366  32.631 0.1000000015
48672  -39.854  -46.345  30.403 0.8999999762
39992  -27.317  -54.935  37.228 0.5000000000
45410  -27.693  -49.258  33.321 0.8000000119
49682  -32.882  -45.901  31.670 0.1000000015
49683  -33.538  -46.201  32.275 0.1000000015
48657  -34.660  -46.087  31.412 0.1000000015
49698  -35.280  -45.738  31.424 0.1000000015
47625  -40.311  -47.164  30.709 0.8999999762
48673  -40.768  -46.637  30.340 0.8999999762
38907  -27.875  -55.775  36.554 0.5000000000
45428  -28.415  -49.206  32.525 0.8000000119
49697  -33.659  -46.142  31.329 0.1000000015
48671  -34.318  -46.105  30.963 0.1000000015
46541  -41.322  -48.554  31.168 0.8999999762
47626  -41.076  -47.227  30.710 0.8999999762
40007  -27.824  -54.932  35.790 0.6000000238
45427  -27.542  -49.440  32.399 0.6999999881
45451  -29.072  -49.041  31.636 0.8999999762
44384  -40.701  -50.445  30.919 1.0000000000
45485  -41.654  -49.145  30.806 1.0000000000
46542  -42.007  -48.497  30.967 1.0000000000
40008  -28.352  -55.350  35.295 0.4000000060
40016  -28.029  -54.785  34.710 0.4000000060
41079  -27.417  -54.100  35.163 0.5000000000
46535  -29.791  -48.820  30.969 0.8999999762
45504  -40.813  -49.980  30.198 1.0000000000
45505  -41.679  -49.336  30.233 1.0000000000
46559  -42.313  -48.557  30.362 1.0000000000
40024  -28.255  -54.896  33.406 0.3000000119
46534  -29.100  -48.861  30.811 0.8999999762
45503  -39.866  -50.108  29.984 1.0000000000
46582  -40.227  -49.256  29.485 1.0000000000
46583  -41.281  -49.172  29.504 1.0000000000
46554  -29.435  -48.662  30.178 0.8999999762
46555  -30.313  -48.681  30.210 0.8999999762
46606  -40.531  -48.539  28.893 1.0000000000
40033  -28.240  -54.610  32.304 0.1000000015
46574  -29.833  -48.586  29.360 0.8999999762
46605  -39.350  -48.420  28.613 1.0000000000
47654  -39.851  -48.021  28.279 1.0000000000
41107  -28.305  -54.035  30.813 0.1000000015
45518  -27.442  -49.414  27.720 0.8000000119
46617  -29.551  -48.617  27.708 0.8999999762
46596  -30.166  -48.600  28.485 0.8999999762
46627  -39.174  -47.980  27.788 1.0000000000
42257  -27.827  -53.019  29.817 0.1000000015
45521  -27.773  -49.459  27.006 0.6999999881
45519  -28.026  -48.975  27.347 0.6999999881
46618  -30.347  -48.698  27.586 0.8999999762
46641  -37.995  -47.921  26.551 1.0000000000
47670  -38.470  -47.692  26.544 1.0000000000
42262  -27.949  -53.104  29.240 0.1000000015
42267  -28.106  -53.135  28.594 0.1000000015
44398  -27.787  -49.609  26.599 0.6999999881
46633  -30.308  -48.848  26.583 0.8999999762
41152  -27.271  -53.400  26.457 0.3000000119
40134  -27.584  -54.033  25.510 0.2000000030
44401  -27.416  -50.593  25.603 0.4000000060
44402  -27.867  -49.788  26.060 0.8000000119
45522  -28.485  -49.030  26.664 0.8000000119
45524  -29.797  -48.899  25.847 1.0000000000
47703  -37.523  -46.947  24.849 1.0000000000
42285  -26.775  -52.328  25.438 0.3000000119
41172  -27.068  -53.292  25.246 0.2000000030
44411  -27.953  -49.964  25.246 0.6999999881
45527  -28.556  -49.387  25.641 0.8000000119
42302  -27.150  -52.517  24.492 0.3000000119
45528  -29.216  -48.951  25.339 0.8000000119
46667  -29.517  -48.669  24.802 0.8999999762
48760  -36.651  -46.038  23.547 0.8999999762
48747  -37.580  -46.289  24.160 1.0000000000
45557  -27.542  -49.772  23.377 0.3000000119
45543  -27.566  -50.050  24.001 0.4000000060
46666  -28.913  -48.928  24.472 0.6000000238
45558  -27.969  -48.996  23.265 0.3000000119
46676  -28.917  -48.628  23.845 0.5000000000
45567  -27.861  -48.838  22.617 0.4000000060
46687  -28.367  -48.388  22.718 0.5000000000
47501  -24.279  -47.579  40.134 0.6000000238
47488  -25.327  -47.622  40.219 0.5000000000
45296  -26.341  -49.169  40.417 0.6000000238
46384  -26.860  -48.269  40.306 0.6000000238
47504  -28.080  -47.180  39.340 0.5000000000
47505  -28.502  -46.727  39.168 0.4000000060
44244  -26.047  -50.075  39.884 0.6000000238
45308  -26.564  -49.277  39.950 0.6000000238
45309  -27.077  -48.662  39.661 0.6000000238
46404  -28.083  -47.629  39.234 0.5000000000
43234  -25.702  -51.586  39.473 0.6999999881
44253  -25.921  -50.183  39.107 0.6999999881
45319  -26.531  -49.079  39.319 0.6999999881
46419  -27.157  -48.637  39.165 0.5000000000
49605  -29.506  -45.690  38.389 0.2000000030
43226  -25.817  -50.834  39.454 0.8000000119
46435  -27.098  -48.585  38.571 0.6999999881
50630  -30.416  -45.208  37.693 0.2000000030
42142  -25.817  -52.395  39.118 0.8000000119
45354  -25.797  -49.692  37.083 0.8000000119
46450  -26.776  -48.721  37.655 0.8000000119
52799  -38.689  -43.719  33.313 0.3000000119
51772  -39.147  -44.083  33.209 0.3000000119
42156  -26.107  -52.412  38.179 0.8000000119
41040  -26.116  -53.371  38.738 0.8000000119
46469  -26.670  -48.907  37.057 0.8000000119
50683  -30.368  -44.843  35.597 0.2000000030
51770  -37.361  -43.780  33.335 0.2000000030
51757  -38.230  -44.111  33.911 0.3000000119
51806  -39.331  -43.587  32.098 0.3000000119
44285  -26.035  -49.611  35.675 0.8000000119
41051  -26.723  -53.709  37.790 0.6999999881
50758  -36.567  -44.304  31.992 0.1000000015
50795  -39.974  -44.503  29.931 0.6999999881
41061  -27.139  -54.246  37.023 0.6000000238
42170  -26.441  -52.690  37.180 0.8000000119
50739  -31.231  -45.364  32.118 0.2000000030
49716  -39.752  -45.335  30.303 0.8000000119
39999  -27.545  -54.792  36.600 0.5000000000
41071  -27.379  -54.098  36.200 0.8000000119
41070  -26.908  -53.335  35.649 0.6000000238
44307  -26.156  -49.797  33.766 0.6999999881
50740  -32.076  -45.630  31.903 0.1000000015
49714  -34.807  -45.800  30.733 0.1000000015
49715  -35.454  -45.278  30.768 0.1000000015
50779  -36.114  -44.504  30.834 0.1000000015
48688  -41.169  -46.099  30.170 0.8000000119
42198  -26.332  -52.626  35.016 0.6999999881
44323  -26.297  -49.979  32.969 0.6999999881
45409  -26.871  -49.537  33.125 0.6999999881
50757  -32.372  -45.527  31.092 0.1000000015
49713  -33.962  -45.953  30.475 0.1000000015
49728  -34.004  -45.456  29.674 0.1000000015
49730  -35.121  -45.399  30.312 0.1000000015
47608  -41.742  -47.637  30.977 0.8999999762
48674  -41.678  -46.596  30.638 0.8000000119
41078  -26.883  -53.350  34.527 0.6000000238
42214  -26.255  -52.537  33.896 0.6999999881
45426  -26.767  -49.824  32.283 0.6999999881
45450  -28.136  -49.219  31.630 0.6999999881
49696  -33.081  -45.724  30.781 0.1000000015
49712  -33.303  -45.418  29.940 0.1000000015
48659  -42.321  -46.973  30.852 0.8999999762
41086  -27.515  -54.089  33.977 0.4000000060
41085  -26.818  -53.452  33.353 0.5000000000
45449  -27.283  -49.501  31.490 0.6999999881
45476  -28.574  -49.049  31.002 0.8999999762
46560  -42.718  -48.158  29.985 1.0000000000
47627  -42.714  -47.978  30.215 1.0000000000
47610  -43.418  -46.949  30.536 0.8999999762
41094  -26.716  -53.526  32.212 0.4000000060
42240  -26.278  -52.885  31.912 0.6000000238
45475  -27.883  -49.176  30.708 0.6999999881
46553  -28.565  -48.797  30.253 0.8000000119
46607  -41.543  -48.362  28.984 1.0000000000
46585  -42.898  -47.857  29.621 1.0000000000
47642  -43.553  -47.317  29.624 1.0000000000
47629  -43.855  -46.853  30.165 1.0000000000
40045  -27.943  -54.271  31.840 0.3000000119
41105  -26.720  -53.249  31.542 0.4000000060
46572  -28.013  -48.728  29.464 0.8000000119
46573  -28.929  -48.561  29.403 0.8000000119
46608  -42.469  -47.957  29.039 1.0000000000
46609  -43.166  -47.552  29.139 1.0000000000
47658  -43.674  -46.972  28.975 1.0000000000
41106  -27.541  -53.671  31.194 0.1000000015
45508  -26.914  -49.608  28.640 0.6999999881
46593  -27.616  -48.925  28.583 0.6999999881
46594  -28.399  -48.577  28.587 0.8000000119
46595  -29.280  -48.520  28.526 0.8999999762
47655  -40.667  -47.869  28.373 1.0000000000
47656  -41.682  -47.582  28.471 1.0000000000
47657  -42.704  -47.191  28.508 1.0000000000
48701  -43.172  -46.482  28.329 1.0000000000
41116  -27.698  -53.198  30.294 0.1000000015
42256  -27.445  -52.716  30.000 0.3000000119
42261  -27.511  -52.567  29.437 0.1000000015
46615  -27.950  -48.733  27.931 0.8000000119
47662  -38.889  -47.874  27.244 1.0000000000
47663  -39.569  -47.520  27.538 1.0000000000
48713  -40.011  -46.838  27.256 1.0000000000
48714  -40.858  -46.476  27.278 1.0000000000
47665  -41.750  -46.846  27.884 1.0000000000
47666  -42.476  -46.528  27.927 1.0000000000
42266  -27.487  -52.538  28.552 0.1000000015
44397  -27.124  -50.270  26.772 0.6000000238
46631  -29.090  -48.639  27.175 0.8000000119
47671  -39.277  -47.041  26.576 1.0000000000
42274  -27.597  -52.897  27.637 0.2000000030
42273  -26.944  -52.333  27.627 0.3000000119
43346  -26.637  -51.929  26.481 0.3000000119
43343  -26.665  -50.980  26.630 0.5000000000
44396  -26.604  -50.843  26.924 0.6000000238
46632  -29.552  -48.802  26.944 0.8000000119
47681  -38.473  -47.053  25.629 1.0000000000
47682  -39.247  -46.497  26.033 1.0000000000
48721  -39.990  -46.380  26.614 1.0000000000
42278  -27.314  -52.806  27.091 0.4000000060
42284  -26.653  -52.310  26.159 0.4000000060
43347  -26.772  -51.405  26.091 0.3000000119
45523  -29.322  -48.923  26.140 0.8000000119
47704  -38.210  -46.576  24.872 1.0000000000
43353  -27.139  -51.501  24.975 0.3000000119
44410  -27.540  -50.536  24.513 0.4000000060
49790  -38.065  -45.555  23.917 0.8999999762
48761  -37.303  -45.758  23.551 0.8999999762
49821  -36.679  -44.873  22.578 0.8000000119
48560  -25.116  -47.206  39.791 0.2000000030
47502  -24.888  -47.654  40.150 0.4000000060
48548  -25.676  -47.294  40.100 0.4000000060
48549  -26.204  -47.248  40.153 0.4000000060
47489  -25.865  -47.751  40.415 0.5000000000
47490  -26.567  -47.656  40.308 0.5000000000
48574  -28.704  -46.353  39.006 0.4000000060
49577  -27.834  -46.404  39.004 0.4000000060
49592  -28.319  -46.044  38.840 0.3000000119
43235  -25.826  -51.340  38.884 0.8000000119
45333  -26.085  -49.420  38.382 0.8000000119
43244  -25.697  -51.269  37.997 0.8000000119
45332  -25.757  -50.054  38.210 0.8000000119
45344  -25.778  -49.849  37.762 0.8000000119
50643  -29.984  -44.947  37.252 0.2000000030
52807  -37.933  -42.505  32.800 0.2000000030
43253  -25.687  -51.058  37.206 0.8000000119
50662  -30.228  -44.815  36.415 0.2000000030
51771  -37.720  -43.243  33.248 0.2000000030
52797  -37.775  -43.176  33.499 0.3000000119
52818  -39.006  -42.720  32.165 0.3000000119
43254  -26.065  -51.863  37.307 0.8000000119
44284  -25.717  -50.247  36.500 0.8000000119
51739  -30.272  -44.976  34.826 0.2000000030
52841  -39.546  -42.800  30.512 0.5000000000
43264  -25.864  -51.519  36.329 0.8000000119
44294  -25.772  -50.503  35.504 0.8000000119
51754  -30.681  -45.100  33.839 0.2000000030
51804  -37.003  -43.189  31.780 0.1000000015
51805  -36.900  -43.655  32.153 0.1000000015
51858  -39.777  -43.666  30.275 0.6999999881
43265  -26.217  -52.160  36.764 0.8000000119
42182  -25.919  -51.978  35.807 0.8000000119
44306  -25.754  -50.583  34.470 0.8000000119
50722  -31.056  -45.126  33.299 0.2000000030
51831  -36.664  -43.455  31.037 0.1000000015
50796  -40.842  -44.558  29.638 0.6999999881
42183  -26.267  -52.544  36.138 0.8000000119
43276  -25.825  -51.506  35.238 0.6999999881
50794  -35.492  -44.847  29.823 0.1000000015
49733  -41.743  -45.698  30.276 0.8000000119
43290  -26.080  -52.228  34.497 0.6999999881
43289  -25.811  -51.653  34.162 0.6999999881
44322  -25.780  -50.649  33.360 0.6999999881
50755  -30.689  -45.156  31.369 0.2000000030
50756  -31.470  -45.187  30.846 0.1000000015
48675  -42.358  -46.378  30.793 0.8000000119
49718  -42.572  -45.702  30.745 0.8000000119
42213  -25.864  -51.994  33.621 0.6999999881
50778  -32.479  -45.219  30.245 0.1000000015
49727  -33.505  -45.225  29.437 0.1000000015
48660  -42.953  -46.496  30.847 0.8999999762
49701  -43.335  -45.332  30.987 0.8999999762
42227  -26.170  -52.915  32.821 0.6000000238
43302  -25.744  -51.539  33.248 0.6000000238
44357  -25.707  -51.364  32.217 0.6000000238
45448  -26.449  -50.135  31.323 0.6999999881
51830  -31.032  -44.400  30.000 0.1000000015
47611  -43.772  -46.576  30.470 1.0000000000
42249  -26.038  -52.303  31.658 0.5000000000
43321  -25.983  -51.773  31.178 0.5000000000
44372  -26.067  -50.961  30.666 0.6000000238
45473  -26.441  -50.148  30.142 0.6999999881
45474  -26.985  -49.470  30.557 0.6999999881
45496  -27.494  -49.098  29.958 0.6999999881
47643  -44.056  -46.722  29.636 1.0000000000
48676  -44.345  -46.175  30.079 1.0000000000
42250  -26.605  -52.660  31.032 0.4000000060
45495  -26.858  -49.501  29.617 0.6999999881
46571  -27.348  -49.114  29.252 0.6999999881
48703  -44.167  -46.040  29.329 1.0000000000
42255  -26.953  -52.430  30.175 0.4000000060
43330  -26.909  -51.965  29.594 0.4000000060
44381  -26.425  -51.061  29.564 0.6000000238
45494  -26.495  -50.124  29.168 0.6000000238
48702  -43.817  -46.193  28.821 1.0000000000
49749  -44.043  -45.693  29.189 1.0000000000
42260  -27.208  -52.392  29.720 0.2000000030
43333  -26.946  -51.661  28.805 0.3000000119
44386  -26.550  -50.670  28.479 0.5000000000
44387  -26.646  -50.079  28.387 0.6999999881
44394  -26.826  -50.103  27.890 0.6000000238
48716  -42.689  -45.947  27.686 1.0000000000
49764  -43.220  -45.129  28.291 1.0000000000
43340  -26.614  -51.538  27.963 0.4000000060
48722  -40.877  -45.801  26.535 1.0000000000
48723  -41.631  -45.466  26.694 1.0000000000
49762  -42.228  -45.422  27.093 1.0000000000
48717  -43.271  -45.780  28.214 1.0000000000
49763  -42.787  -45.181  27.616 1.0000000000
42277  -26.894  -52.436  26.721 0.3000000119
43342  -26.618  -51.538  26.978 0.3000000119
44393  -26.575  -50.785  27.483 0.4000000060
48726  -38.858  -46.196  25.400 1.0000000000
48727  -39.890  -45.832  25.828 1.0000000000
48728  -40.699  -45.426  25.805 1.0000000000
48748  -38.473  -45.896  24.638 1.0000000000
49773  -39.412  -45.525  24.997 1.0000000000
49774  -40.359  -45.301  25.175 1.0000000000
49808  -37.539  -45.081  23.237 0.8999999762
52808  -38.281  -42.716  32.896 0.2000000030
52809  -38.704  -43.051  32.813 0.2000000030
52806  -37.507  -42.550  32.433 0.1000000015
52829  -39.253  -42.667  31.380 0.3000000119
52816  -37.160  -42.379  31.752 0.1000000015
53820  -37.304  -42.040  31.914 0.1000000015
53810  -37.366  -41.450  31.916 0.1000000015
52858  -40.001  -42.905  29.768 0.6000000238
53840  -36.756  -41.587  30.796 0.1000000015
51860  -41.611  -43.574  29.843 0.6999999881
50721  -30.406  -45.023  32.739 0.2000000030
51856  -36.273  -43.647  29.961 0.1000000015
51861  -42.222  -44.365  30.197 0.6999999881
50738  -30.493  -45.117  32.174 0.2000000030
50793  -34.698  -45.109  29.372 0.1000000015
51879  -35.892  -43.974  28.569 0.1000000015
51803  -30.636  -44.858  30.638 0.1000000015
50811  -33.285  -44.722  28.273 0.1000000015
48661  -43.639  -46.182  30.712 0.8999999762
49702  -44.025  -45.301  30.906 0.8999999762
48689  -44.299  -46.113  29.675 1.0000000000
49736  -44.439  -45.408  29.655 1.0000000000
49735  -44.011  -45.027  29.284 1.0000000000
49771  -42.403  -44.889  26.946 1.0000000000
49770  -41.922  -44.946  26.401 1.0000000000
50832  -42.660  -44.314  27.227 1.0000000000
49769  -41.277  -45.215  26.094 1.0000000000
49776  -41.423  -44.670  25.764 1.0000000000
49791  -38.987  -45.186  24.293 1.0000000000
49775  -40.995  -45.003  25.441 1.0000000000
51918  -42.200  -43.768  26.574 0.8999999762
49809  -38.592  -44.862  23.604 1.0000000000
49792  -40.086  -44.985  24.382 1.0000000000
50860  -40.844  -44.582  24.024 0.8999999762
49794  -41.192  -44.555  25.163 0.8999999762
49810  -39.603  -44.729  23.730 0.8999999762
50859  -40.377  -44.674  23.696 0.8000000119
50861  -41.215  -44.187  24.512 0.8999999762
50879  -39.297  -44.451  23.075 0.8000000119
53813  -38.401  -42.126  32.418 0.1000000015
53832  -38.952  -41.529  31.474 0.2000000030
53842  -39.375  -41.750  30.547 0.2000000030
53812  -38.112  -41.617  32.389 0.1000000015
53821  -38.369  -41.303  32.217 0.1000000015
54879  -38.551  -40.555  32.120 0.1000000015
53859  -39.720  -42.215  29.924 0.2000000030
54922  -40.499  -41.322  29.789 0.3000000119
52860  -41.292  -42.590  29.784 0.5000000000
53844  -42.034  -41.486  30.205 0.4000000060
52842  -42.062  -42.571  30.271 0.6999999881
51807  -43.117  -43.490  31.227 0.6999999881
50761  -43.208  -44.198  31.192 0.6999999881
49703  -44.599  -45.204  30.470 1.0000000000
49719  -44.612  -45.572  30.016 1.0000000000
49704  -45.036  -44.783  30.487 1.0000000000
50801  -44.962  -44.762  29.966 1.0000000000
50782  -45.284  -44.436  30.413 0.8999999762
50800  -44.595  -44.423  29.470 1.0000000000
50815  -43.702  -44.430  28.693 1.0000000000
51902  -43.211  -43.791  27.853 1.0000000000
50844  -42.239  -44.457  26.600 1.0000000000
51901  -42.670  -43.337  27.234 1.0000000000
50849  -41.397  -44.100  25.380 0.8999999762
51917  -41.505  -43.415  25.920 0.8999999762
52915  -42.016  -42.693  26.721 0.8999999762
52914  -41.447  -42.672  26.081 0.8999999762
50880  -40.227  -44.584  23.074 0.8000000119
50882  -41.303  -44.140  23.603 0.8999999762
51930  -41.135  -43.435  24.886 0.8999999762
50881  -40.935  -44.531  23.263 0.8999999762
51937  -41.072  -43.499  23.884 0.8999999762
51952  -41.424  -43.534  23.031 0.8999999762
51969  -41.170  -44.053  21.774 0.8000000119
53822  -38.626  -41.738  32.090 0.1000000015
54907  -39.975  -40.855  30.115 0.2000000030
54906  -39.305  -40.714  30.787 0.1000000015
54908  -41.168  -40.837  29.927 0.1000000015
51834  -42.556  -43.500  30.629 0.6999999881
53833  -43.217  -42.113  31.180 0.4000000060
51808  -43.642  -43.512  31.544 0.8000000119
52831  -43.891  -42.750  31.761 0.6000000238
51809  -44.553  -43.378  31.883 0.6999999881
51788  -44.852  -43.040  32.125 0.6000000238
50764  -45.259  -44.412  30.902 0.8999999762
51810  -45.471  -43.498  31.615 0.8000000119
51835  -45.839  -43.678  30.876 0.8000000119
51811  -46.125  -43.247  31.492 0.8000000119
51863  -45.402  -43.760  29.965 0.8999999762
51882  -44.411  -43.679  29.041 0.8999999762
51862  -44.921  -43.728  29.464 0.8999999762
51881  -43.793  -43.287  28.411 1.0000000000
52896  -43.194  -42.653  27.874 0.8999999762
52895  -42.607  -42.655  27.329 0.8999999762
52940  -41.095  -42.643  25.409 0.8999999762
52956  -40.734  -42.527  24.207 0.8999999762
51983  -40.918  -43.873  21.283 0.6999999881
51970  -41.462  -43.672  22.193 0.6999999881
52968  -40.704  -42.286  23.402 0.8999999762
52985  -41.426  -42.793  22.359 0.8999999762
52984  -41.009  -42.340  22.727 0.8999999762
56043  -41.374  -39.891  30.427 0.1000000015
54910  -43.053  -41.003  30.846 0.3000000119
54895  -42.775  -40.154  30.959 0.2000000030
53834  -43.545  -41.809  31.460 0.5000000000
55996  -43.657  -39.733  32.069 0.2000000030
53824  -44.470  -41.691  32.075 0.5000000000
51789  -45.122  -43.083  32.140 0.6999999881
53825  -45.164  -41.656  32.324 0.5000000000
52834  -46.345  -42.536  31.640 0.8000000119
52821  -45.716  -42.569  32.173 0.6999999881
52862  -45.626  -42.961  29.892 0.8999999762
52845  -46.396  -42.595  31.062 0.8999999762
52861  -45.120  -42.977  29.403 0.8999999762
52878  -44.352  -42.545  28.786 1.0000000000
53862  -44.914  -41.791  29.314 1.0000000000
53883  -43.071  -41.902  28.061 0.8999999762
53875  -43.717  -41.759  28.453 0.8999999762
53876  -44.402  -41.730  28.871 1.0000000000
53882  -42.525  -41.826  27.510 0.8999999762
53892  -41.957  -41.814  26.840 0.8999999762
53891  -41.402  -41.756  26.135 0.8999999762
53911  -40.816  -41.763  25.072 0.8999999762
53931  -40.587  -41.761  24.425 0.8999999762
54978  -41.031  -40.763  25.478 0.8999999762
53967  -41.478  -42.387  21.766 0.6999999881
53946  -40.496  -41.766  22.814 0.8999999762
53983  -41.290  -41.635  21.387 0.8000000119
55026  -40.214  -40.888  22.186 0.8000000119
54883  -45.424  -40.609  32.465 0.4000000060
52822  -46.208  -42.063  32.074 0.6000000238
53848  -46.326  -41.867  30.999 0.8999999762
53835  -46.373  -41.397  31.770 0.8000000119
53847  -45.993  -41.820  30.314 0.8999999762
53874  -42.990  -41.245  28.182 0.8999999762
54958  -42.662  -40.565  27.857 0.8999999762
54967  -41.988  -40.887  26.906 0.8999999762
56127  -42.351  -39.647  27.118 0.8999999762
54966  -41.421  -40.620  26.230 0.8999999762
54993  -40.502  -40.952  24.604 0.8999999762
55005  -39.853  -40.996  23.144 0.8999999762
54992  -40.071  -40.761  23.929 0.8999999762
56160  -40.284  -40.128  24.267 0.8999999762
55046  -41.496  -41.441  20.713 0.8000000119
55004  -39.805  -40.643  22.700 0.8999999762
56169  -39.829  -39.905  23.446 0.8999999762
56203  -40.201  -39.968  21.440 0.6999999881
55025  -39.836  -40.437  22.485 0.8000000119
55056  -41.141  -40.546  20.418 0.6000000238
56216  -41.171  -40.300  20.131 0.5000000000
54911  -45.988  -41.146  30.640 0.8999999762
54897  -46.619  -40.484  31.769 0.8999999762
54925  -45.377  -41.003  29.903 0.8999999762
56045  -46.028  -40.378  30.513 0.8999999762
54942  -44.549  -40.819  28.990 0.8999999762
54941  -43.377  -40.545  28.370 0.8999999762
56081  -43.944  -39.790  28.644 0.8999999762
54959  -42.957  -40.024  28.150 0.8999999762
56126  -41.745  -39.949  26.538 0.8999999762
56145  -41.254  -39.758  25.905 0.8999999762
56161  -40.753  -39.724  24.938 0.8999999762
57197  -40.486  -39.388  24.130 0.8999999762
56184  -39.696  -40.261  22.800 0.8000000119
56185  -39.791  -39.904  22.419 0.8000000119
57230  -40.083  -39.051  22.861 0.6999999881
56215  -40.709  -39.886  20.391 0.6999999881
54912  -46.497  -40.565  31.131 0.8000000119
56063  -45.868  -39.637  30.002 0.8999999762
54943  -45.245  -40.028  29.359 0.8999999762
56082  -44.651  -39.488  28.987 0.8999999762
56107  -43.292  -39.438  28.167 0.8999999762
57144  -42.843  -38.778  27.520 0.8999999762
57161  -42.361  -38.805  26.980 0.8999999762
57160  -41.827  -38.877  26.463 0.8999999762
58161  -41.725  -38.052  26.058 0.8999999762
57180  -41.298  -38.741  25.461 0.8999999762
57198  -40.883  -38.517  24.396 0.8999999762
58170  -41.523  -37.623  24.943 0.8000000119
57211  -40.495  -38.708  23.567 0.8999999762
57212  -40.794  -38.170  23.815 0.8000000119
58179  -40.700  -38.053  23.493 0.6999999881
58195  -40.480  -37.975  22.777 0.8000000119
57246  -39.902  -38.905  22.000 0.6999999881
57258  -40.068  -38.907  20.944 0.6000000238
58210  -40.195  -37.899  21.559 0.6999999881
57266  -40.404  -38.788  20.074 0.5000000000
58222  -40.268  -37.854  20.546 0.5000000000
58230  -40.527  -37.821  19.668 0.5000000000
58231  -40.969  -37.786  18.883 0.3000000119
54913  -47.137  -39.742  30.965 0.8000000119
56046  -46.627  -39.687  30.560 0.8999999762
56064  -46.721  -38.912  30.084 0.8999999762
57133  -45.711  -38.259  29.186 0.8999999762
57119  -46.127  -38.662  29.657 0.8999999762
57145  -43.378  -38.700  27.969 0.8999999762
57131  -43.910  -38.691  28.474 0.8999999762
58137  -43.873  -38.129  28.206 0.8999999762
60237  -47.272  -35.562  29.162 0.8999999762
61420  -47.736  -34.938  29.250 0.8999999762
58146  -42.843  -38.186  27.433 0.8999999762
58147  -43.435  -37.908  27.739 0.8999999762
60250  -46.274  -36.000  28.729 0.8000000119
60251  -46.898  -35.038  28.355 0.8000000119
58155  -42.377  -37.933  26.879 0.8999999762
60266  -46.205  -35.196  27.899 0.8000000119
61435  -47.577  -34.642  28.725 0.8000000119
61451  -45.029  -35.410  27.454 0.8000000119
60267  -46.657  -34.661  27.857 0.8000000119
61436  -48.031  -33.879  28.454 0.8000000119
58162  -42.138  -37.208  25.759 0.8000000119
61452  -45.451  -35.011  27.417 0.8000000119
61454  -47.197  -34.056  27.843 0.8000000119
61467  -45.345  -34.388  26.647 0.8000000119
61453  -46.241  -34.360  27.299 0.8000000119
62566  -46.713  -33.484  26.899 0.6999999881
58196  -41.106  -37.037  22.777 0.6999999881
58180  -41.129  -37.539  23.712 0.8000000119
61468  -46.058  -33.850  26.363 0.6999999881
61481  -45.363  -33.961  25.696 0.6999999881
62577  -46.481  -33.198  25.998 0.6999999881
62578  -47.112  -32.813  26.324 0.6999999881
59179  -40.568  -36.970  22.012 0.5000000000
61482  -45.985  -33.567  25.686 0.6999999881
59192  -40.503  -37.008  21.035 0.5000000000
59216  -40.779  -36.990  19.261 0.4000000060
59229  -41.746  -36.917  18.080 0.3000000119
59257  -43.503  -36.350  16.727 0.3000000119
60428  -43.886  -35.890  16.913 0.3000000119
59258  -44.426  -36.097  16.645 0.3000000119
59248  -45.507  -36.400  17.806 0.3000000119
56047  -47.361  -38.997  30.502 0.6999999881
62508  -48.089  -32.695  32.585 0.3000000119
62520  -48.445  -33.192  32.162 0.5000000000
57134  -46.248  -38.133  29.411 0.8999999762
60226  -48.228  -35.293  30.455 0.6999999881
61390  -48.462  -34.359  30.921 0.6999999881
58139  -45.272  -37.626  28.715 0.8999999762
58140  -46.221  -37.510  29.113 0.8999999762
60238  -47.980  -35.278  29.685 0.8000000119
61405  -48.545  -34.525  30.027 0.8999999762
61391  -48.700  -33.563  30.921 0.5000000000
62521  -48.796  -33.024  31.312 0.4000000060
58138  -44.318  -37.837  28.335 0.8999999762
59109  -46.742  -36.847  29.234 0.8999999762
60236  -46.852  -36.202  29.235 0.8999999762
62539  -48.725  -33.751  29.612 0.8999999762
62529  -48.825  -33.749  30.328 0.8000000119
58148  -44.169  -37.176  27.860 0.8999999762
59117  -44.791  -36.983  28.271 0.8999999762
60249  -45.780  -36.198  28.411 0.8999999762
61421  -48.160  -34.353  29.267 0.8999999762
58156  -43.031  -37.021  27.118 0.8999999762
59127  -43.776  -36.833  27.340 0.8999999762
59128  -44.538  -36.414  27.598 0.8999999762
59129  -45.047  -36.434  28.173 0.8000000119
59136  -42.688  -36.742  26.331 0.8000000119
59137  -43.470  -36.274  26.576 0.8000000119
60279  -44.247  -35.895  26.841 0.8000000119
60264  -44.744  -35.733  27.373 0.8000000119
59147  -42.961  -36.174  25.989 0.8000000119
61466  -44.595  -35.103  26.875 0.8000000119
61455  -47.888  -33.392  27.815 0.8000000119
58171  -41.993  -36.758  24.967 0.8000000119
59146  -42.541  -36.196  25.422 0.8000000119
60278  -43.771  -35.634  26.345 0.8000000119
61465  -44.123  -35.423  26.543 0.8000000119
62567  -47.398  -33.074  27.224 0.6999999881
59156  -41.781  -36.770  24.198 0.8000000119
59169  -42.028  -36.227  23.894 0.8000000119
61480  -44.530  -34.472  25.931 0.6999999881
61479  -43.879  -35.054  26.106 0.6999999881
59168  -41.655  -36.290  23.293 0.6999999881
59180  -41.201  -36.213  22.269 0.5000000000
61492  -44.646  -34.164  25.088 0.6999999881
62589  -46.283  -33.266  25.199 0.6999999881
59207  -40.673  -36.361  20.668 0.4000000060
59193  -40.847  -36.231  21.304 0.5000000000
61493  -45.227  -33.778  24.969 0.6999999881
62602  -45.589  -33.237  24.465 0.6999999881
59206  -40.518  -36.799  20.105 0.4000000060
59217  -41.378  -36.804  18.608 0.3000000119
59218  -41.736  -36.227  18.675 0.3000000119
59245  -42.435  -36.544  17.600 0.3000000119
59231  -42.610  -36.014  17.952 0.3000000119
62674  -46.854  -33.421  19.011 0.3000000119
59246  -42.831  -36.301  17.507 0.3000000119
60419  -43.590  -35.908  17.376 0.3000000119
60429  -44.151  -35.735  17.191 0.3000000119
59247  -44.782  -35.893  17.417 0.3000000119
59219  -44.740  -36.105  19.037 0.3000000119
59208  -44.916  -36.063  19.541 0.3000000119
63648  -48.372  -32.179  32.305 0.3000000119
59110  -47.263  -36.437  29.477 0.8999999762
59111  -47.580  -35.984  29.673 0.8999999762
63649  -48.740  -32.260  31.694 0.6000000238
64827  -48.651  -31.421  32.009 0.4000000060
62530  -49.091  -33.062  30.605 0.8000000119
63659  -49.072  -32.286  30.938 0.6999999881
62540  -49.227  -33.172  29.861 0.8000000119
62549  -48.519  -33.554  28.936 0.8000000119
62558  -48.710  -33.110  28.774 0.8000000119
62557  -48.456  -33.105  28.249 0.8000000119
60293  -42.775  -35.722  25.300 0.8000000119
60294  -43.209  -35.596  25.605 0.8000000119
62568  -48.017  -32.711  27.452 0.6999999881
59157  -42.215  -36.166  24.492 0.8000000119
60307  -42.710  -35.513  24.815 0.6999999881
60308  -43.196  -35.253  24.978 0.6999999881
60324  -41.876  -35.594  23.206 0.6999999881
60325  -42.252  -35.580  23.716 0.6999999881
61506  -42.858  -34.933  24.136 0.6999999881
61491  -43.704  -34.736  24.872 0.6999999881
62579  -47.626  -32.450  26.629 0.6999999881
61522  -42.450  -34.560  22.896 0.6000000238
61507  -43.090  -34.245  23.756 0.6999999881
62600  -44.229  -34.134  24.645 0.6999999881
62590  -47.013  -32.778  25.358 0.6999999881
62591  -47.516  -32.375  25.739 0.6999999881
63714  -47.815  -31.984  26.022 0.6999999881
60341  -41.744  -35.348  22.601 0.5000000000
61521  -41.976  -34.867  22.460 0.5000000000
62622  -42.835  -34.086  22.701 0.6999999881
62613  -43.864  -33.887  24.118 0.6999999881
62614  -44.535  -33.221  23.622 0.6999999881
62603  -46.569  -32.834  24.628 0.6999999881
63724  -47.580  -32.378  25.009 0.6999999881
60372  -41.076  -35.560  20.194 0.4000000060
60355  -41.323  -35.482  21.551 0.4000000060
61538  -41.862  -34.780  21.843 0.5000000000
62623  -43.337  -33.833  22.959 0.6999999881
62624  -44.114  -32.954  22.495 0.6999999881
63747  -44.958  -32.492  22.952 0.6999999881
63735  -46.158  -32.566  23.980 0.6999999881
63736  -46.908  -32.371  24.184 0.6999999881
61557  -41.397  -34.884  21.042 0.5000000000
63760  -44.672  -32.357  22.011 0.6000000238
63748  -45.817  -32.263  23.256 0.6999999881
63762  -46.220  -31.860  22.930 0.6999999881
64962  -46.746  -31.633  23.044 0.6999999881
60390  -41.377  -36.182  19.179 0.4000000060
60373  -41.910  -35.054  19.754 0.4000000060
63779  -45.178  -31.973  21.433 0.6000000238
64982  -45.809  -31.569  21.725 0.6999999881
64983  -46.378  -31.508  22.334 0.6999999881
60391  -42.155  -35.657  18.960 0.4000000060
61578  -42.495  -34.890  19.499 0.4000000060
65003  -45.604  -31.456  20.926 0.6000000238
65004  -46.422  -31.045  21.520 0.6000000238
60407  -42.482  -35.901  18.260 0.3000000119
60408  -43.097  -35.706  18.149 0.3000000119
60392  -43.186  -35.188  18.932 0.3000000119
61579  -43.278  -34.440  19.524 0.4000000060
62671  -43.935  -33.832  19.535 0.3000000119
61580  -44.477  -34.693  19.477 0.3000000119
62692  -47.621  -32.870  18.560 0.3000000119
62675  -47.831  -33.723  18.990 0.3000000119
60409  -44.026  -35.572  18.573 0.3000000119
60393  -44.195  -35.388  19.262 0.3000000119
62673  -45.734  -33.550  19.245 0.3000000119
63846  -49.180  -32.470  17.843 0.3000000119
60420  -44.069  -35.672  17.818 0.3000000119
60374  -44.957  -35.539  19.670 0.3000000119
63847  -50.226  -32.573  17.836 0.3000000119
62695  -50.628  -33.591  17.880 0.3000000119
64826  -48.275  -31.359  32.508 0.4000000060
64842  -48.982  -31.416  31.325 0.6999999881
65954  -48.577  -30.892  32.265 0.4000000060
63665  -49.413  -32.393  30.170 0.6999999881
65968  -49.242  -30.565  30.919 0.6999999881
67026  -49.217  -29.526  31.247 0.5000000000
63675  -49.205  -32.450  29.377 0.8000000119
64874  -49.370  -31.630  29.670 0.6999999881
67032  -49.272  -29.692  30.375 0.4000000060
67977  -49.242  -28.456  31.464 0.6999999881
64891  -48.955  -31.644  28.765 0.6999999881
63689  -48.823  -32.614  28.710 0.6999999881
66001  -49.119  -30.922  29.281 0.6999999881
63688  -48.546  -32.182  27.862 0.6999999881
64918  -48.063  -31.474  26.299 0.6999999881
64905  -48.286  -31.469  27.206 0.6999999881
63702  -47.996  -32.031  26.935 0.6999999881
64931  -47.981  -31.557  25.439 0.6999999881
64946  -47.799  -31.629  24.642 0.6999999881
61539  -42.281  -34.209  21.786 0.5000000000
62638  -42.725  -33.874  22.265 0.5000000000
62639  -43.303  -33.278  21.741 0.6999999881
64964  -47.690  -31.440  24.140 0.6999999881
62657  -42.620  -33.771  21.373 0.5000000000
62640  -44.046  -32.761  21.628 0.5000000000
64984  -47.044  -31.239  22.707 0.6999999881
61558  -42.175  -34.393  20.524 0.4000000060
62658  -43.077  -33.555  20.612 0.4000000060
63777  -43.732  -32.874  20.853 0.5000000000
62670  -43.366  -33.671  19.845 0.4000000060
63799  -43.614  -33.086  20.040 0.4000000060
63800  -44.220  -32.527  20.175 0.4000000060
63801  -44.975  -32.055  20.493 0.4000000060
65025  -46.110  -30.894  20.461 0.5000000000
66129  -46.808  -30.622  21.087 0.6000000238
61559  -42.885  -33.949  20.059 0.4000000060
63821  -44.168  -33.130  19.611 0.3000000119
63822  -45.049  -32.537  19.509 0.3000000119
65043  -45.665  -31.881  19.342 0.3000000119
65044  -46.285  -31.228  19.301 0.4000000060
62672  -44.771  -33.741  19.457 0.3000000119
63823  -46.078  -32.400  18.906 0.3000000119
65056  -47.163  -31.113  18.647 0.3000000119
65057  -48.062  -31.295  18.417 0.3000000119
65059  -49.800  -31.721  18.100 0.3000000119
63848  -51.218  -32.577  18.489 0.3000000119
62696  -51.872  -33.614  18.644 0.3000000119
65046  -50.859  -31.578  19.079 0.3000000119
65047  -51.477  -32.006  19.270 0.3000000119
63825  -52.124  -32.765  19.406 0.3000000119
65027  -52.114  -32.037  20.250 0.3000000119
63826  -52.583  -32.859  19.886 0.3000000119
63804  -53.489  -32.780  21.095 0.3000000119
65984  -49.386  -30.719  30.024 0.6000000238
67987  -49.342  -28.580  30.701 0.6999999881
68957  -49.267  -27.470  31.664 0.6000000238
67992  -49.120  -28.765  29.788 0.6999999881
66014  -48.931  -30.991  28.863 0.6000000238
68973  -49.771  -26.439  30.955 0.6000000238
64890  -48.595  -31.405  27.959 0.6999999881
66013  -48.668  -30.799  28.411 0.6000000238
67040  -48.766  -30.143  29.070 0.6999999881
66028  -48.412  -30.771  27.535 0.6999999881
67060  -48.341  -30.126  27.961 0.6999999881
66039  -48.285  -30.769  26.624 0.6999999881
66050  -48.136  -30.850  25.689 0.6999999881
66098  -48.129  -30.265  22.933 0.6999999881
66078  -47.677  -31.145  23.559 0.6999999881
66097  -47.619  -30.977  23.115 0.6999999881
66130  -47.571  -30.186  20.919 0.6999999881
66113  -47.242  -30.600  21.995 0.6999999881
66157  -47.894  -30.467  18.904 0.3000000119
66156  -47.094  -30.532  19.250 0.4000000060
66144  -46.902  -30.554  20.119 0.5000000000
66146  -48.733  -30.201  19.580 0.5000000000
66159  -49.513  -31.095  18.512 0.3000000119
65045  -50.202  -31.268  18.767 0.3000000119
65026  -51.188  -31.453  19.886 0.3000000119
65028  -52.870  -32.037  20.936 0.3000000119
63780  -53.283  -32.427  21.219 0.3000000119
67041  -48.919  -29.927  29.416 0.6999999881
67050  -48.740  -29.515  29.003 0.6999999881
70041  -49.735  -26.579  30.349 0.6999999881
67049  -48.584  -29.936  28.723 0.6999999881
67998  -48.837  -28.976  29.079 0.8000000119
68991  -48.986  -27.794  28.860 0.6999999881
70042  -50.055  -25.772  30.589 0.6000000238
69000  -48.626  -28.199  28.043 0.8999999762
70053  -49.648  -26.622  29.342 0.8999999762
70054  -50.213  -25.835  29.785 0.8000000119
71222  -50.515  -25.133  30.175 0.6000000238
67075  -48.355  -29.994  26.053 0.6999999881
67068  -48.393  -29.870  27.071 0.6000000238
68017  -48.507  -28.958  27.012 0.8000000119
69001  -49.290  -27.537  27.490 0.8999999762
70062  -49.732  -26.764  28.228 0.8999999762
70063  -50.659  -25.941  28.677 0.8999999762
67069  -48.644  -29.284  26.441 0.6999999881
68018  -49.210  -28.439  26.506 0.8999999762
69002  -50.235  -27.181  27.154 0.8999999762
67086  -48.331  -30.092  24.942 0.6999999881
67076  -48.899  -29.263  25.669 0.6999999881
69016  -49.890  -27.656  26.695 0.8999999762
67098  -48.560  -29.765  23.828 0.6999999881
67087  -49.059  -29.138  24.661 0.6999999881
66114  -48.415  -29.827  21.859 0.6999999881
67110  -48.953  -29.517  22.888 0.6999999881
66131  -48.565  -29.907  20.651 0.5000000000
66147  -49.753  -30.654  19.355 0.4000000060
66134  -51.683  -31.162  20.672 0.3000000119
65006  -52.435  -31.432  21.216 0.4000000060
65008  -53.581  -32.227  22.426 0.4000000060
71243  -50.782  -25.287  29.494 0.8999999762
71208  -50.721  -24.573  30.462 0.6999999881
70080  -50.499  -26.614  27.692 1.0000000000
71223  -51.108  -24.624  29.810 0.6999999881
71244  -51.405  -25.164  29.068 0.8999999762
71224  -51.702  -24.532  29.242 0.8999999762
68031  -49.610  -28.579  25.424 0.6999999881
68019  -50.160  -28.009  26.031 0.8000000119
69003  -51.095  -27.027  27.106 0.8999999762
70081  -51.384  -26.292  27.695 1.0000000000
70064  -51.700  -25.614  28.328 1.0000000000
71245  -52.123  -24.943  28.657 0.8999999762
69017  -50.710  -27.579  26.589 0.8999999762
67099  -49.384  -28.967  23.695 0.6999999881
68044  -49.938  -28.585  24.491 0.6999999881
68032  -50.541  -28.350  25.239 0.6999999881
68055  -50.365  -28.812  23.711 0.6999999881
67122  -49.402  -29.518  22.236 0.6000000238
67111  -50.000  -29.031  22.888 0.6999999881
66115  -49.439  -29.760  21.432 0.6000000238
67123  -50.249  -29.548  22.161 0.6000000238
66132  -49.608  -30.162  20.448 0.5000000000
67125  -51.549  -29.995  22.147 0.4000000060
66133  -50.747  -30.640  20.386 0.4000000060
66117  -51.776  -30.468  21.795 0.4000000060
66118  -52.607  -31.314  22.060 0.4000000060
64985  -53.194  -31.616  22.561 0.4000000060
64986  -53.754  -31.996  22.982 0.4000000060
72411  -52.215  -23.987  28.973 0.8000000119
69004  -51.947  -26.862  26.971 1.0000000000
71261  -52.343  -25.252  28.068 0.8999999762
72432  -52.844  -24.101  28.269 0.6999999881
68020  -51.115  -27.980  25.902 0.8999999762
70082  -52.288  -25.975  27.601 1.0000000000
72445  -53.401  -24.375  27.328 0.8999999762
69019  -52.396  -27.589  26.440 0.8999999762
69005  -52.735  -26.926  26.887 1.0000000000
70084  -53.695  -26.453  26.479 1.0000000000
71263  -53.528  -25.443  26.883 0.8999999762
68045  -50.921  -28.702  24.425 0.6999999881
68033  -51.497  -28.569  25.175 0.6999999881
68034  -52.452  -28.911  25.027 0.8000000119
69020  -53.078  -27.618  26.352 1.0000000000
69021  -53.688  -27.466  25.984 1.0000000000
70095  -54.149  -26.676  25.762 1.0000000000
71271  -54.146  -25.660  26.203 0.8999999762
67112  -51.063  -29.341  22.984 0.6999999881
68056  -51.224  -29.177  23.676 0.6999999881
68023  -53.326  -28.129  25.811 1.0000000000
71280  -54.383  -25.975  25.554 0.8000000119
71272  -54.510  -25.355  25.770 0.8000000119
67088  -52.128  -29.544  24.137 0.6999999881
67077  -52.688  -29.218  24.708 0.8000000119
67079  -53.444  -29.025  24.819 0.8000000119
69029  -54.214  -27.640  25.195 1.0000000000
69036  -54.487  -27.744  24.441 1.0000000000
70103  -54.454  -26.679  24.858 1.0000000000
67113  -51.645  -29.875  22.601 0.5000000000
66080  -52.319  -30.056  23.448 0.6000000238
67102  -52.426  -29.887  23.899 0.5000000000
67090  -53.326  -29.617  24.477 0.8000000119
67091  -53.916  -29.396  24.516 0.8999999762
70113  -54.558  -27.182  24.252 1.0000000000
66099  -52.217  -30.197  22.989 0.4000000060
66100  -52.655  -30.876  22.742 0.5000000000
66082  -53.544  -30.758  23.744 0.5000000000
66065  -54.199  -30.180  24.104 0.6999999881
67092  -54.476  -29.532  24.085 0.8000000119
68049  -54.581  -28.617  23.896 0.8000000119
66083  -54.104  -30.850  23.735 0.6000000238
66084  -54.544  -30.565  23.529 0.6000000238
67103  -54.714  -29.570  23.341 0.6000000238
64965  -53.356  -31.210  23.207 0.4000000060
64966  -54.063  -31.628  23.432 0.4000000060
64967  -54.577  -31.539  23.431 0.6000000238
66101  -54.983  -30.538  22.873 0.6000000238
73605  -53.491  -23.401  27.840 0.6999999881
72456  -54.439  -24.926  26.138 0.6999999881
70104  -54.527  -26.055  24.583 0.8000000119
70114  -54.531  -26.622  23.963 0.8999999762
68059  -54.607  -28.499  23.001 0.6999999881
69037  -54.539  -27.684  23.783 0.8000000119
69044  -54.451  -28.031  22.808 0.8000000119
64968  -55.076  -31.507  23.200 0.5000000000
67114  -54.966  -29.569  22.556 0.6000000238
68069  -54.812  -28.887  22.212 0.6000000238
66119  -55.324  -30.406  22.101 0.5000000000
67126  -54.809  -29.219  21.544 0.5000000000
73606  -53.985  -23.657  26.926 0.6000000238
74643  -53.391  -22.431  28.168 0.6000000238
73623  -54.494  -24.216  26.311 0.6999999881
72457  -54.757  -24.746  25.758 0.6999999881
73624  -55.000  -23.956  26.076 0.6999999881
71281  -54.639  -25.545  25.149 0.8000000119
71292  -54.493  -25.472  24.449 0.6999999881
71304  -54.168  -25.953  23.664 0.8000000119
69054  -54.276  -27.604  22.599 0.8000000119
70131  -54.207  -26.941  22.881 0.8000000119
68078  -54.435  -28.522  21.733 0.8000000119
68079  -54.832  -29.026  21.793 0.6000000238
68077  -54.062  -28.499  21.191 0.6000000238
66137  -55.064  -30.301  21.165 0.5000000000
68088  -54.271  -28.906  20.972 0.5000000000
68098  -52.982  -29.256  20.158 0.5000000000
68097  -52.358  -29.167  19.786 0.5000000000
68110  -51.931  -29.302  19.073 0.4000000060
73607  -54.496  -23.515  26.449 0.6000000238
74663  -54.322  -22.926  26.797 0.6000000238
74681  -54.665  -23.174  25.753 0.6000000238
72468  -54.822  -24.607  25.127 0.6999999881
73652  -54.531  -23.673  24.951 0.6999999881
72483  -54.445  -24.468  24.576 0.6999999881
72482  -53.787  -24.431  24.407 0.6999999881
72500  -54.278  -25.251  24.180 0.6999999881
72498  -53.191  -25.118  23.804 0.8000000119
72481  -53.027  -24.356  24.435 0.6999999881
71319  -54.081  -26.546  23.095 0.8999999762
71318  -53.769  -26.336  23.107 0.8999999762
71317  -53.232  -26.113  23.067 0.6999999881
70130  -53.949  -26.956  22.641 0.8000000119
71336  -53.473  -26.719  22.616 0.6999999881
71316  -52.526  -25.874  22.799 0.6999999881
70144  -53.663  -27.289  22.252 0.8000000119
70143  -53.164  -27.223  22.134 0.6999999881
70142  -52.424  -27.019  21.934 0.6000000238
69066  -53.657  -27.955  21.574 0.6000000238
69065  -52.838  -27.677  21.552 0.6000000238
69064  -52.126  -27.477  21.403 0.6000000238
68087  -53.602  -28.818  20.702 0.6000000238
69076  -52.375  -28.131  21.050 0.6000000238
69075  -51.422  -27.621  20.671 0.5000000000
68096  -51.467  -28.681  19.750 0.5000000000
68109  -51.280  -29.199  18.683 0.4000000060
68108  -50.422  -28.634  18.443 0.4000000060
68118  -50.890  -29.294  17.915 0.4000000060
68117  -50.353  -28.801  17.329 0.4000000060
75740  -53.957  -22.207  26.845 0.6000000238
75761  -54.344  -22.547  26.182 0.6000000238
75778  -53.996  -22.417  25.800 0.6000000238
74692  -53.671  -22.589  25.359 0.6999999881
73651  -54.172  -23.767  24.763 0.6999999881
73649  -52.611  -23.692  24.570 0.6999999881
72480  -52.634  -24.172  24.336 0.6999999881
72497  -52.310  -24.310  23.892 0.6999999881
72514  -52.955  -25.639  23.274 0.6999999881
72513  -52.365  -25.174  23.250 0.6999999881
72512  -51.646  -24.359  23.059 0.6999999881
71315  -51.664  -25.377  22.512 0.6999999881
72533  -51.119  -24.462  21.936 0.6000000238
71334  -51.974  -26.270  22.190 0.6000000238
71333  -51.258  -25.638  21.408 0.6000000238
72555  -51.067  -24.488  20.728 0.6000000238
70141  -51.665  -26.762  21.442 0.6000000238
71355  -51.034  -25.483  20.208 0.6999999881
72575  -51.286  -24.466  19.598 0.6999999881
70175  -50.770  -26.591  19.701 0.6000000238
71377  -50.985  -25.335  19.148 0.6000000238
72589  -51.606  -24.470  18.571 0.6000000238
72590  -52.019  -23.974  18.018 0.6000000238
72603  -52.291  -23.939  17.306 0.6000000238
68095  -50.701  -28.504  19.271 0.4000000060
69088  -50.338  -27.524  19.010 0.4000000060
70191  -50.322  -26.745  18.316 0.6000000238
71397  -51.197  -25.300  18.177 0.6000000238
71396  -50.671  -25.978  17.763 0.6000000238
72602  -51.725  -24.617  17.675 0.6000000238
70204  -50.065  -26.757  17.348 0.5000000000
71414  -50.622  -25.968  16.753 0.6000000238
69102  -49.959  -27.728  17.974 0.4000000060
69115  -49.771  -27.808  16.871 0.4000000060
75777  -53.329  -21.687  25.741 0.6999999881
75789  -52.700  -21.569  24.915 0.6000000238
75776  -52.929  -21.275  25.488 0.6999999881
74703  -52.368  -22.548  24.563 0.6000000238
75802  -52.166  -21.794  23.839 0.6999999881
74702  -51.797  -22.786  24.034 0.6999999881
75812  -52.003  -21.866  23.236 0.6999999881
74725  -52.493  -21.590  22.307 0.6999999881
74735  -52.756  -21.826  21.602 0.6999999881
74736  -53.513  -21.620  21.393 0.6000000238
74715  -51.800  -22.434  23.398 0.6999999881
73668  -51.477  -23.276  22.466 0.6999999881
74734  -51.821  -22.657  21.498 0.6999999881
74747  -53.781  -22.032  20.754 0.6000000238
74770  -53.305  -22.572  19.839 0.6000000238
74745  -51.754  -23.056  20.839 0.6999999881
74746  -52.453  -22.642  20.533 0.6000000238
73676  -51.349  -23.546  21.251 0.6999999881
74769  -52.648  -22.878  19.797 0.6000000238
73685  -51.649  -23.439  20.118 0.6999999881
73698  -52.325  -23.183  19.382 0.6000000238
73697  -51.853  -23.704  19.012 0.6000000238
76903  -52.674  -20.889  25.358 0.4000000060
76915  -52.627  -20.847  23.958 0.5000000000
74794  -52.919  -22.872  19.230 0.6000000238
73705  -52.766  -23.232  18.222 0.6000000238
74748  -55.040  -22.046  20.389 0.6000000238
73706  -54.238  -22.962  18.167 0.6000000238
70221  -49.749  -26.728  16.090 0.4000000060
71432  -51.272  -25.250  16.252 0.6000000238
72613  -51.853  -24.621  16.745 0.6000000238
71415  -51.281  -25.323  17.232 0.6000000238
72614  -52.627  -24.054  16.367 0.6000000238
73704  -51.996  -23.798  18.424 0.6000000238
73717  -53.162  -23.534  16.965 0.6000000238
74795  -53.732  -22.750  18.986 0.6000000238
74771  -54.384  -22.421  19.739 0.6000000238
73718  -54.051  -23.278  17.354 0.6000000238
35601  -17.675  -58.301  34.733 0.1000000015
36698  -18.503  -57.179  33.672 0.1000000015
36688  -18.088  -57.727  34.169 0.1000000015
37830  -16.520  -56.705  35.217 0.1000000015
37817  -16.521  -56.829  35.946 0.1000000015
37832  -17.993  -56.884  33.724 0.1000000015
37844  -18.585  -56.416  33.142 0.1000000015
37860  -19.303  -56.140  32.397 0.1000000015
38949  -20.271  -55.853  31.703 0.1000000015
37861  -20.279  -56.501  32.188 0.1000000015
38947  -18.956  -55.319  32.184 0.1000000015
41111  -20.583  -54.076  30.608 0.1000000015
38980  -20.957  -55.423  30.781 0.1000000015
38999  -21.955  -55.552  29.954 0.1000000015
40056  -21.710  -54.249  29.956 0.1000000015
40068  -22.097  -54.803  29.705 0.1000000015
40070  -24.133  -54.648  29.532 0.1000000015
42153  -17.923  -52.162  38.615 0.2000000030
43222  -18.293  -51.036  40.479 0.3000000119
41074  -17.541  -53.510  34.935 0.2000000030
38935  -18.348  -55.318  32.663 0.1000000015
40020  -17.858  -54.390  32.939 0.2000000030
40028  -18.608  -54.426  32.352 0.1000000015
42244  -20.351  -52.765  31.389 0.3000000119
42234  -19.614  -52.587  31.957 0.3000000119
41101  -21.780  -53.077  30.797 0.1000000015
41102  -22.770  -53.038  30.936 0.3000000119
41124  -24.030  -53.867  30.015 0.1000000015
40058  -25.371  -54.924  30.650 0.1000000015
40044  -25.395  -55.104  31.655 0.2000000030
39004  -31.925  -55.077  30.406 0.2000000030
44240  -19.306  -49.665  40.025 0.3000000119
44259  -18.963  -50.528  38.904 0.3000000119
43249  -18.876  -51.016  37.525 0.3000000119
42193  -17.806  -52.721  35.721 0.2000000030
44261  -20.278  -49.817  37.971 0.3000000119
41075  -17.889  -52.937  34.517 0.2000000030
42194  -18.319  -52.101  35.401 0.2000000030
43285  -18.901  -51.635  35.141 0.2000000030
43261  -19.345  -50.903  36.347 0.3000000119
42209  -18.444  -52.286  34.410 0.2000000030
43272  -19.571  -50.985  35.516 0.3000000119
43286  -19.508  -51.480  34.541 0.2000000030
42221  -18.616  -52.609  33.341 0.3000000119
43299  -19.823  -51.736  33.788 0.3000000119
43287  -20.543  -51.338  34.305 0.2000000030
44293  -20.943  -50.657  35.440 0.3000000119
42233  -18.946  -52.808  32.562 0.3000000119
43312  -20.926  -51.913  32.773 0.3000000119
43311  -20.524  -52.004  32.705 0.3000000119
43301  -21.317  -51.821  33.281 0.3000000119
42247  -23.057  -52.851  31.794 0.3000000119
41103  -23.549  -53.373  31.503 0.3000000119
41083  -23.147  -53.021  33.129 0.4000000060
42248  -23.421  -53.131  32.046 0.3000000119
41093  -24.257  -53.995  32.488 0.3000000119
40032  -25.371  -55.252  32.330 0.3000000119
38952  -26.253  -56.210  32.802 0.3000000119
38951  -25.613  -55.458  32.993 0.3000000119
37863  -26.652  -57.046  32.551 0.2000000030
35607  -29.754  -58.263  34.363 0.1000000015
36693  -30.184  -57.507  34.240 0.1000000015
38940  -30.407  -55.789  33.439 0.1000000015
40048  -30.877  -55.140  31.733 0.2000000030
45315  -19.867  -49.314  39.795 0.3000000119
45329  -20.658  -49.383  38.676 0.4000000060
44272  -21.561  -50.222  36.870 0.4000000060
46477  -34.373  -48.678  36.313 0.8000000119
45377  -33.927  -49.828  35.677 0.8999999762
45378  -34.605  -49.641  35.482 0.8000000119
41077  -23.546  -53.687  34.370 0.4000000060
41084  -23.497  -53.496  33.556 0.4000000060
40013  -24.012  -54.110  34.805 0.4000000060
45396  -33.045  -50.101  35.015 0.8000000119
44298  -34.926  -50.095  35.046 0.8000000119
44309  -34.416  -50.217  34.825 0.8999999762
40014  -24.676  -54.590  34.633 0.4000000060
38950  -25.280  -55.057  33.437 0.3000000119
38938  -26.040  -56.073  33.571 0.3000000119
37847  -26.107  -56.363  34.276 0.3000000119
40015  -25.229  -54.940  34.347 0.4000000060
44327  -36.444  -50.519  33.548 1.0000000000
36677  -27.172  -57.563  35.147 0.3000000119
44360  -36.891  -50.102  32.286 1.0000000000
44359  -36.321  -50.044  32.191 1.0000000000
37836  -30.428  -56.820  33.942 0.1000000015
38928  -30.039  -56.262  34.136 0.1000000015
40096  -31.215  -54.915  28.736 0.2000000030
40073  -30.630  -54.667  29.981 0.2000000030
43251  -22.273  -50.608  36.915 0.4000000060
49619  -34.604  -45.401  36.985 0.3000000119
48598  -35.921  -45.833  36.791 0.3000000119
50691  -38.095  -45.020  35.211 0.2000000030
48607  -38.233  -45.998  35.489 0.3000000119
48626  -38.773  -46.782  34.364 0.6999999881
42181  -23.040  -52.361  36.717 0.5000000000
49630  -37.217  -45.567  36.054 0.2000000030
47550  -37.486  -47.197  35.700 0.4000000060
40005  -23.823  -54.107  35.736 0.4000000060
45381  -36.992  -49.322  34.708 0.8000000119
46495  -37.665  -48.143  34.950 0.8000000119
47560  -38.076  -47.593  34.936 0.6000000238
44343  -37.061  -50.379  32.855 1.0000000000
44314  -38.012  -50.080  33.690 0.8999999762
44329  -37.945  -50.339  33.268 1.0000000000
37820  -28.930  -57.126  35.885 0.5000000000
37821  -29.398  -57.006  35.215 0.4000000060
40026  -29.933  -55.658  33.321 0.1000000015
46579  -34.550  -48.765  29.031 1.0000000000
47534  -30.697  -47.515  38.071 0.5000000000
42168  -23.213  -52.654  37.964 0.6999999881
42169  -23.466  -53.267  38.277 0.6999999881
39998  -23.636  -54.309  36.642 0.4000000060
45374  -31.508  -49.235  35.433 0.8000000119
47569  -38.566  -47.491  34.163 0.8000000119
48627  -39.006  -46.313  34.069 0.6999999881
38905  -24.620  -55.275  36.699 0.5000000000
38886  -24.208  -54.820  37.716 0.6000000238
49656  -34.811  -46.047  34.739 0.2000000030
46515  -38.746  -47.993  33.220 0.8999999762
37808  -28.369  -57.219  36.207 0.6000000238
39034  -29.854  -55.175  27.180 0.2000000030
41125  -28.447  -53.649  28.974 0.1000000015
47674  -32.149  -48.108  25.447 0.8999999762
47713  -31.611  -47.196  23.773 0.8999999762
46678  -30.163  -48.047  24.133 0.8000000119
47736  -29.441  -47.194  22.331 0.6000000238
47724  -31.211  -47.050  23.078 0.6999999881
48771  -31.706  -46.660  22.963 0.8000000119
48788  -30.804  -46.385  21.818 0.6000000238
48799  -30.417  -46.170  21.168 0.6000000238
49818  -33.773  -45.583  22.240 0.8000000119
49855  -29.869  -45.744  20.288 0.3000000119
49856  -30.881  -45.379  20.220 0.4000000060
49845  -31.805  -45.330  20.830 0.4000000060
49846  -32.782  -45.130  20.835 0.5000000000
49607  -31.137  -45.664  38.090 0.2000000030
45305  -22.679  -49.465  40.031 0.5000000000
44252  -23.325  -51.439  39.796 0.6999999881
43232  -23.269  -51.978  39.356 0.6999999881
42155  -23.385  -53.046  38.787 0.6999999881
49617  -32.532  -45.615  37.206 0.2000000030
45359  -30.824  -48.890  36.170 0.8000000119
50669  -37.100  -44.920  35.711 0.2000000030
51730  -37.627  -44.701  35.196 0.2000000030
51731  -37.876  -44.777  35.198 0.2000000030
49641  -34.175  -45.743  35.424 0.2000000030
45462  -40.144  -49.477  31.874 0.8999999762
45483  -38.841  -50.346  30.922 1.0000000000
38916  -28.229  -55.551  35.817 0.5000000000
39072  -28.664  -55.034  26.097 0.2000000030
40114  -28.445  -54.528  26.621 0.2000000030
49835  -34.598  -44.978  21.618 0.8000000119
46402  -25.020  -47.941  40.288 0.6000000238
43233  -23.628  -51.855  39.957 0.6999999881
42123  -24.099  -52.208  40.049 0.6999999881
41028  -24.958  -53.293  39.553 0.6999999881
42139  -23.733  -52.713  39.464 0.6999999881
49616  -31.620  -45.525  37.599 0.2000000030
50665  -33.072  -45.223  36.258 0.2000000030
50690  -37.353  -44.668  35.082 0.2000000030
49668  -33.546  -46.191  33.300 0.2000000030
48625  -35.777  -45.929  33.889 0.2000000030
49670  -36.581  -45.177  33.875 0.1000000015
48658  -39.535  -46.634  31.104 0.8999999762
48646  -34.238  -46.272  31.883 0.1000000015
44375  -40.188  -50.732  31.391 1.0000000000
42275  -28.100  -52.989  28.025 0.1000000015
40113  -27.772  -54.281  26.204 0.2000000030
45545  -28.981  -49.005  24.766 0.8999999762
49807  -36.615  -45.450  23.082 0.8999999762
44233  -24.664  -50.558  40.625 0.6000000238
46382  -25.162  -48.448  40.487 0.6000000238
45287  -25.184  -49.946  40.664 0.6000000238
47514  -28.478  -47.325  39.213 0.5000000000
42124  -24.664  -51.951  40.178 0.6999999881
43214  -25.251  -50.666  40.474 0.6000000238
46420  -27.739  -48.224  39.106 0.5000000000
43225  -25.585  -50.957  39.943 0.6999999881
50629  -29.729  -45.176  37.946 0.2000000030
50663  -31.134  -45.050  36.293 0.2000000030
45356  -27.264  -48.796  35.942 0.8000000119
44295  -26.098  -49.650  34.770 0.8000000119
50759  -36.829  -43.905  32.395 0.1000000015
51832  -39.494  -43.611  31.178 0.4000000060
41052  -27.025  -54.421  37.495 0.6999999881
48686  -40.003  -45.773  29.975 0.8000000119
45464  -41.580  -48.971  31.111 1.0000000000
45484  -41.120  -49.823  30.836 1.0000000000
47609  -42.637  -47.625  30.626 1.0000000000
46584  -42.256  -48.625  29.653 1.0000000000
41095  -27.493  -54.169  32.596 0.4000000060
46616  -28.679  -48.623  27.669 0.8000000119
41139  -27.555  -53.198  27.155 0.2000000030
41171  -26.704  -52.907  25.914 0.3000000119
41151  -26.813  -52.785  26.322 0.4000000060
41191  -27.680  -53.423  24.329 0.2000000030
46644  -29.681  -48.754  25.360 0.8999999762
45295  -25.523  -49.318  40.609 0.6000000238
44235  -26.157  -49.738  40.123 0.6000000238
46383  -26.094  -48.443  40.560 0.5000000000
44234  -25.856  -49.889  40.255 0.6000000238
45297  -26.922  -48.722  40.091 0.6000000238
46403  -27.515  -48.052  39.761 0.5000000000
48564  -28.204  -46.552  39.127 0.4000000060
44245  -26.057  -50.022  39.716 0.6000000238
45320  -27.151  -48.650  39.416 0.6000000238
51738  -29.801  -44.743  34.985 0.2000000030
51740  -30.724  -45.169  34.542 0.2000000030
51786  -37.147  -43.259  32.325 0.1000000015
41060  -26.847  -53.438  36.695 0.6999999881
51859  -40.438  -43.692  29.664 0.6999999881
49731  -40.316  -45.276  29.829 0.6999999881
49732  -41.067  -45.445  29.825 0.6999999881
42197  -26.027  -52.174  35.428 0.6999999881
49717  -42.119  -46.017  30.632 0.8000000119
44340  -26.105  -50.399  32.374 0.6999999881
42226  -25.873  -52.193  33.103 0.6999999881
47628  -43.177  -47.577  30.118 1.0000000000
42239  -25.898  -52.321  32.339 0.6000000238
46552  -27.988  -48.910  30.106 0.8000000119
48662  -44.055  -46.102  30.446 0.8999999762
42251  -27.245  -52.938  30.516 0.4000000060
47664  -40.735  -47.139  27.886 1.0000000000
47659  -44.050  -46.465  29.293 1.0000000000
43331  -27.228  -52.266  29.475 0.4000000060
43334  -27.269  -52.147  29.182 0.3000000119
42265  -26.899  -52.069  28.283 0.3000000119
44264  -25.758  -50.472  38.494 0.8000000119
44263  -25.643  -50.489  37.962 0.8000000119
52817  -37.297  -42.542  32.059 0.1000000015
52859  -40.773  -42.958  29.622 0.6999999881
50797  -41.681  -44.824  29.869 0.6999999881
50798  -42.228  -45.181  30.340 0.6999999881
44339  -25.717  -51.076  32.586 0.6999999881
50781  -42.708  -44.730  30.708 0.6999999881
50790  -32.008  -44.578  29.075 0.1000000015
43313  -25.731  -51.702  32.584 0.6000000238
44358  -25.814  -51.006  31.732 0.6999999881
43325  -26.397  -51.842  30.320 0.5000000000
49737  -44.763  -45.225  29.977 1.0000000000
45507  -26.575  -50.081  28.653 0.6000000238
48715  -41.809  -46.059  27.305 1.0000000000
50833  -43.084  -44.593  27.934 1.0000000000
53811  -37.725  -41.553  32.250 0.1000000015
53860  -40.547  -42.091  29.663 0.6000000238
51784  -29.980  -44.896  32.195 0.2000000030
51833  -42.074  -43.211  30.251 0.6999999881
50762  -43.940  -44.437  31.471 0.8000000119
50843  -41.792  -44.245  26.091 1.0000000000
49793  -40.848  -44.817  24.754 0.8999999762
53861  -41.370  -41.825  29.856 0.4000000060
52843  -42.669  -42.642  30.745 0.5000000000
53845  -42.889  -41.794  30.791 0.4000000060
52830  -43.169  -42.706  31.224 0.6000000238
50763  -44.702  -44.415  31.256 1.0000000000
49720  -44.890  -45.018  30.224 1.0000000000
50816  -44.217  -44.274  29.114 1.0000000000
50900  -41.389  -44.164  22.877 0.8000000119
52969  -41.029  -42.888  23.224 0.8999999762
53846  -43.262  -41.283  31.067 0.3000000119
52832  -44.370  -42.754  31.990 0.6000000238
52819  -44.199  -42.237  31.920 0.5000000000
52820  -44.810  -42.583  32.169 0.6000000238
52833  -46.048  -43.061  31.873 0.8000000119
51836  -46.342  -43.048  31.121 0.8999999762
52877  -43.769  -42.567  28.380 1.0000000000
54896  -43.209  -40.516  31.253 0.2000000030
54881  -43.975  -41.047  31.783 0.3000000119
53823  -44.061  -41.717  31.836 0.5000000000
53826  -45.935  -41.513  32.296 0.6000000238
52844  -46.051  -42.779  30.482 0.8999999762
53863  -45.592  -42.233  29.846 0.8999999762
53930  -40.439  -41.686  23.789 0.8999999762
53966  -41.153  -41.846  21.941 0.8000000119
54924  -44.944  -41.207  29.402 0.8999999762
56106  -42.793  -39.670  27.786 0.8999999762
55045  -40.991  -41.071  21.037 0.6999999881
54884  -46.262  -40.482  32.273 0.6000000238
54885  -46.851  -40.026  32.097 0.5000000000
56083  -45.430  -39.104  29.327 0.8999999762
57132  -44.892  -38.504  28.838 0.8999999762
60265  -45.411  -35.888  27.972 0.8000000119
62588  -45.719  -33.601  25.188 0.6999999881
59119  -46.231  -36.775  28.895 0.8999999762
59118  -45.643  -36.681  28.529 0.8999999762
59138  -44.057  -36.390  27.035 0.8000000119
60371  -40.889  -36.373  19.543 0.4000000060
62601  -44.684  -33.734  24.494 0.6999999881
59230  -42.133  -36.387  18.038 0.3000000119
59232  -44.777  -36.018  18.262 0.3000000119
59233  -45.516  -36.696  18.740 0.3000000119
65955  -48.893  -30.438  31.850 0.6999999881
62550  -48.908  -33.122  29.209 0.6999999881
61490  -43.127  -35.122  24.686 0.6999999881
60342  -42.018  -35.229  23.134 0.6999999881
61523  -42.966  -34.217  23.194 0.6999999881
62604  -47.173  -32.513  24.699 0.6999999881
62615  -45.404  -32.739  23.671 0.6999999881
63738  -47.756  -32.072  24.811 0.6999999881
63725  -47.859  -32.068  25.244 0.6999999881
63749  -46.655  -32.057  23.557 0.6999999881
63737  -47.493  -32.052  24.385 0.6999999881
63750  -47.174  -32.048  23.918 0.6999999881
63778  -44.493  -32.462  21.082 0.6000000238
63761  -45.542  -31.945  22.396 0.6999999881
64963  -47.403  -31.529  23.656 0.6999999881
65005  -46.781  -31.112  22.127 0.6999999881
66112  -46.820  -30.756  21.525 0.6000000238
62693  -48.519  -33.401  18.313 0.3000000119
63845  -48.264  -32.240  18.196 0.3000000119
63844  -47.424  -31.960  18.422 0.3000000119
65058  -48.922  -31.487  18.070 0.3000000119
62707  -50.326  -34.224  17.900 0.3000000119
64858  -49.371  -31.521  30.527 0.6999999881
66061  -47.996  -31.031  24.918 0.6999999881
63820  -43.739  -33.402  19.692 0.3000000119
65024  -45.482  -31.553  19.946 0.3000000119
63843  -46.703  -31.804  18.648 0.3000000119
66158  -48.825  -30.689  18.639 0.3000000119
65060  -50.599  -31.891  18.427 0.3000000119
62676  -52.308  -33.230  19.203 0.3000000119
66148  -50.527  -31.117  19.498 0.3000000119
65061  -51.084  -31.956  18.759 0.3000000119
62677  -52.875  -33.395  19.660 0.3000000119
63802  -52.423  -32.593  20.012 0.3000000119
63803  -52.956  -32.722  20.469 0.3000000119
68982  -49.335  -27.596  30.071 0.6999999881
68972  -49.513  -27.397  30.995 0.6999999881
66079  -47.935  -30.892  23.953 0.6999999881
66145  -47.747  -30.151  19.851 0.5000000000
65007  -53.109  -31.982  21.782 0.4000000060
68990  -48.653  -28.649  28.541 0.8000000119
68007  -48.339  -29.130  27.947 0.8000000119
68008  -48.716  -28.393  27.369 0.8999999762
70079  -49.916  -26.958  27.597 0.8999999762
72410  -51.561  -23.965  29.740 0.6999999881
70065  -52.127  -25.445  28.180 0.8999999762
71246  -52.475  -24.758  28.238 0.8999999762
72431  -52.419  -24.447  28.557 0.8000000119
69018  -51.587  -27.562  26.515 0.8999999762
68066  -50.727  -29.068  23.299 0.6999999881
66116  -50.511  -29.965  21.344 0.5000000000
67124  -51.168  -29.765  22.114 0.6000000238
63751  -54.275  -32.355  23.142 0.4000000060
71262  -52.803  -25.139  27.594 0.8999999762
73583  -53.086  -23.197  28.594 0.6999999881
68021  -52.001  -28.207  25.908 0.8999999762
70083  -53.117  -26.216  27.087 0.8999999762
69006  -53.301  -26.992  26.620 1.0000000000
72446  -53.983  -24.692  26.586 0.8000000119
68022  -52.768  -28.239  25.882 0.8999999762
67100  -51.417  -29.390  23.437 0.6999999881
68046  -51.858  -29.234  24.357 0.6999999881
68057  -51.671  -29.383  23.909 0.6999999881
68047  -52.325  -29.257  24.587 0.6999999881
68035  -53.154  -28.689  25.313 1.0000000000
67078  -52.967  -29.174  24.782 0.8999999762
68036  -53.763  -28.452  25.225 1.0000000000
67101  -51.951  -29.669  23.632 0.6999999881
67089  -52.586  -29.601  24.307 0.6999999881
68048  -54.294  -28.593  24.605 0.8999999762
66081  -52.703  -30.298  23.667 0.5000000000
66063  -53.137  -30.151  24.135 0.5000000000
66062  -52.821  -30.057  24.073 0.6000000238
66064  -53.734  -30.227  24.199 0.6999999881
63752  -54.707  -32.284  23.306 0.4000000060
70122  -54.320  -26.733  23.259 0.8999999762
69045  -54.448  -27.455  23.182 0.8000000119
68068  -54.521  -28.305  22.507 0.8000000119
67127  -55.075  -29.535  21.797 0.5000000000
67136  -54.934  -29.601  21.383 0.5000000000
67135  -54.638  -29.439  21.095 0.5000000000
74662  -53.846  -22.729  27.396 0.6000000238
71303  -53.633  -25.745  23.509 0.8000000119
69067  -54.028  -27.617  22.127 0.6999999881
69077  -53.090  -28.255  21.089 0.6000000238
67142  -52.803  -29.667  19.572 0.5000000000
74664  -54.593  -23.061  26.284 0.6000000238
73636  -54.748  -23.789  25.232 0.6000000238
74706  -54.204  -23.225  24.879 0.6999999881
72499  -53.935  -25.182  24.059 0.8000000119
73650  -53.539  -23.756  24.759 0.6000000238
71302  -53.296  -25.686  23.406 0.6999999881
71335  -52.827  -26.544  22.490 0.6999999881
68086  -52.779  -28.704  20.547 0.5000000000
68085  -52.060  -28.547  20.444 0.5000000000
69089  -50.779  -27.830  19.824 0.5000000000
74704  -53.242  -23.006  24.933 0.6000000238
75790  -53.104  -22.251  25.100 0.6999999881
73648  -51.999  -23.276  24.289 0.6999999881
73662  -51.720  -23.546  23.630 0.6999999881
70157  -51.189  -26.415  20.698 0.6000000238
70174  -50.491  -26.688  18.952 0.5000000000
70192  -50.660  -26.040  18.692 0.6999999881
74724  -51.993  -22.062  22.473 0.6999999881
73686  -52.252  -23.038  19.957 0.6000000238
72628  -52.100  -24.678  15.674 0.6999999881
34628  -31.464  -58.981  26.928 0.1000000015
34627  -30.663  -59.040  26.912 0.1000000015
35717  -31.993  -58.336  26.768 0.1000000015
29007  -31.348  -64.876  30.541 0.1000000015
32437  -30.577  -61.461  28.396 0.1000000015
25643  -32.120  -66.860  29.885 0.1000000015
33533  -30.814  -60.743  27.993 0.1000000015
25642  -31.390  -67.098  30.025 0.1000000015
34611  -30.948  -59.594  27.339 0.1000000015
33551  -31.248  -60.167  27.734 0.1000000015
25656  -30.774  -67.651  29.600 0.1000000015
30217  -31.091  -63.645  29.903 0.1000000015
31366  -30.635  -63.057  29.252 0.1000000015
27856  -32.376  -65.650  30.463 0.1000000015
27855  -31.345  -65.601  30.545 0.1000000015
31380  -31.018  -62.269  28.881 0.1000000015
26709  -31.105  -66.499  30.341 0.1000000015
26724  -29.790  -66.784  29.930 0.1000000015
25641  -30.619  -67.117  30.068 0.1000000015
36813  -32.559  -57.771  26.809 0.1000000015
36795  -32.295  -57.299  27.348 0.1000000015
29019  -30.695  -64.749  30.273 0.1000000015
29018  -29.723  -64.832  29.738 0.1000000015
27867  -30.202  -65.735  30.087 0.1000000015
27854  -30.771  -65.982  30.387 0.1000000015
27868  -30.737  -65.523  30.386 0.1000000015
33550  -30.400  -60.392  27.633 0.1000000015
27866  -29.150  -65.758  29.564 0.1000000015
26708  -30.508  -66.450  30.199 0.1000000015
26723  -29.070  -66.722  29.639 0.1000000015
37959  -32.704  -56.877  27.959 0.1000000015
37944  -33.345  -56.565  28.582 0.1000000015
30216  -30.058  -63.728  29.487 0.1000000015
31365  -30.128  -63.166  29.174 0.1000000015
31379  -29.729  -62.723  28.756 0.1000000015
32436  -29.855  -61.791  28.372 0.1000000015
29017  -29.121  -64.873  29.459 0.1000000015
27885  -28.495  -65.709  29.127 0.1000000015
30229  -29.418  -63.548  29.184 0.1000000015
30215  -29.203  -64.187  29.415 0.1000000015
29033  -28.439  -64.759  29.097 0.1000000015
30227  -27.802  -63.646  28.462 0.1000000015
26739  -27.462  -66.634  28.669 0.1000000015
27884  -27.900  -65.692  28.756 0.1000000015
31377  -27.945  -63.103  28.163 0.1000000015
31390  -27.612  -62.624  27.707 0.1000000015
31378  -28.441  -63.020  28.346 0.1000000015
31391  -28.797  -62.373  28.101 0.1000000015
30228  -28.784  -63.603  28.962 0.1000000015
31392  -29.388  -61.910  28.179 0.1000000015
32451  -28.777  -61.516  27.661 0.1000000015
32453  -30.389  -60.917  28.041 0.1000000015
33548  -28.494  -60.716  27.236 0.1000000015
29032  -27.393  -64.765  28.568 0.1000000015
30226  -26.937  -64.069  28.251 0.1000000015
27883  -26.931  -65.682  28.440 0.1000000015
36794  -31.347  -57.233  27.436 0.1000000015
25671  -27.956  -67.490  28.848 0.1000000015
37925  -33.208  -56.122  29.715 0.1000000015
37926  -33.776  -55.976  29.136 0.1000000015
39019  -33.715  -55.469  28.330 0.1000000015
39036  -31.576  -55.394  28.046 0.1000000015
39075  -31.039  -55.390  25.912 0.1000000015
39088  -31.543  -55.342  25.186 0.1000000015
39086  -29.760  -55.257  24.972 0.1000000015
30245  -27.213  -63.482  28.058 0.1000000015
32450  -27.913  -61.365  27.306 0.1000000015
29052  -26.469  -64.279  27.977 0.1000000015
33549  -29.386  -60.393  27.279 0.1000000015
29031  -26.513  -64.840  28.151 0.1000000015
34626  -29.856  -59.154  26.873 0.1000000015
35716  -31.165  -58.350  26.750 0.1000000015
35715  -30.316  -58.405  26.817 0.1000000015
25670  -27.030  -67.642  28.610 0.1000000015
37924  -32.550  -56.566  29.779 0.1000000015
38987  -32.683  -55.706  30.315 0.1000000015
39006  -33.161  -55.716  29.335 0.1000000015
39018  -32.340  -55.318  28.960 0.1000000015
40151  -31.353  -54.861  24.518 0.1000000015
40150  -30.376  -54.774  24.286 0.1000000015
40164  -30.610  -54.277  23.744 0.1000000015
41194  -31.042  -54.322  23.966 0.1000000015
40163  -29.986  -54.262  23.652 0.1000000015
31389  -26.273  -62.850  27.297 0.1000000015
30244  -26.553  -63.613  27.775 0.1000000015
31405  -26.642  -62.089  26.878 0.1000000015
30243  -25.556  -63.433  27.323 0.1000000015
31406  -27.316  -61.665  27.063 0.1000000015
29051  -25.867  -64.592  27.807 0.1000000015
33563  -28.775  -60.203  27.091 0.1000000015
33547  -27.889  -60.704  27.078 0.1000000015
27882  -25.951  -65.550  28.021 0.1000000015
29030  -26.105  -64.991  27.989 0.1000000015
26738  -26.456  -66.670  28.363 0.1000000015
37943  -32.327  -56.806  28.861 0.1000000015
39005  -32.289  -55.337  29.990 0.1000000015
42324  -31.994  -52.961  22.767 0.1000000015
39073  -29.169  -55.249  25.678 0.1000000015
39085  -29.288  -54.977  25.102 0.1000000015
41215  -30.982  -53.703  23.126 0.1000000015
40136  -29.016  -54.863  25.220 0.1000000015
40149  -29.142  -54.611  24.526 0.1000000015
40135  -28.413  -54.694  25.555 0.1000000015
40148  -28.075  -54.152  24.755 0.1000000015
41193  -29.195  -53.973  23.692 0.1000000015
41213  -28.697  -53.478  23.185 0.1000000015
41214  -29.696  -53.612  23.159 0.1000000015
41192  -28.495  -53.818  24.024 0.1000000015
41233  -29.239  -53.160  22.660 0.1000000015
42322  -28.126  -53.128  23.145 0.1000000015
31404  -25.595  -62.564  26.814 0.1000000015
30267  -24.980  -63.089  26.934 0.1000000015
31402  -24.021  -62.604  27.006 0.1000000015
30240  -23.211  -63.189  27.504 0.1000000015
32459  -26.897  -61.170  26.657 0.1000000015
29050  -24.872  -64.439  27.679 0.1000000015
30242  -24.537  -63.416  27.253 0.1000000015
33560  -26.417  -60.389  26.510 0.1000000015
27901  -25.472  -65.172  27.899 0.1000000015
27900  -25.257  -64.944  27.837 0.1000000015
33562  -28.251  -60.172  26.955 0.1000000015
34625  -28.964  -59.559  26.936 0.1000000015
36810  -30.009  -57.809  27.021 0.1000000015
35714  -29.380  -58.491  26.970 0.1000000015
37957  -30.994  -56.873  28.108 0.1000000015
37958  -31.867  -56.723  28.007 0.1000000015
37900  -32.661  -56.026  30.816 0.1000000015
42323  -31.198  -52.870  22.603 0.1000000015
42347  -31.673  -52.442  22.196 0.1000000015
41234  -30.112  -52.970  22.784 0.1000000015
41235  -30.727  -52.960  22.689 0.1000000015
43381  -31.370  -51.908  21.733 0.1000000015
43400  -31.670  -51.365  21.344 0.1000000015
43399  -30.658  -51.386  21.340 0.1000000015
41212  -28.109  -53.363  23.614 0.1000000015
42366  -29.807  -52.009  21.659 0.1000000015
43398  -29.352  -51.312  21.115 0.1000000015
42344  -28.281  -52.597  22.523 0.1000000015
42345  -29.488  -52.594  22.202 0.1000000015
42364  -28.336  -52.033  22.028 0.1000000015
42365  -28.880  -52.065  21.799 0.1000000015
32424  -22.229  -61.633  29.536 0.1000000015
32434  -22.648  -61.795  28.458 0.1000000015
31376  -22.548  -62.839  28.327 0.1000000015
32449  -23.185  -61.879  27.501 0.1000000015
32456  -23.933  -62.034  26.817 0.1000000015
31385  -22.933  -62.779  27.661 0.1000000015
32457  -24.900  -61.722  26.581 0.1000000015
30224  -22.937  -63.703  27.973 0.1000000015
33559  -25.242  -60.487  26.657 0.1000000015
32458  -25.958  -61.430  26.427 0.1000000015
30225  -23.449  -64.022  27.735 0.1000000015
30241  -23.645  -63.482  27.434 0.1000000015
27881  -24.831  -65.602  27.942 0.1000000015
29049  -23.980  -64.175  27.648 0.1000000015
34624  -27.953  -59.553  26.863 0.1000000015
35713  -28.467  -58.842  27.019 0.1000000015
36811  -30.809  -57.698  26.919 0.1000000015
37923  -31.711  -56.822  29.716 0.1000000015
37899  -32.457  -56.337  30.701 0.1000000015
38972  -32.467  -55.689  30.947 0.1000000015
38986  -32.182  -55.255  30.816 0.1000000015
44453  -31.293  -50.941  21.136 0.1000000015
43417  -30.077  -50.886  20.751 0.1000000015
44473  -30.960  -50.429  20.651 0.1000000015
43380  -28.030  -51.953  22.157 0.1000000015
44452  -29.211  -50.666  20.641 0.1000000015
44472  -29.794  -50.317  20.164 0.1000000015
42343  -27.606  -52.190  23.061 0.1000000015
43397  -28.215  -51.410  21.736 0.1000000015
32422  -21.894  -61.260  30.852 0.1000000015
33531  -22.629  -61.136  28.981 0.1000000015
31356  -22.129  -62.598  30.427 0.1000000015
31364  -22.238  -62.710  29.262 0.1000000015
32435  -23.064  -61.282  27.937 0.1000000015
33557  -23.676  -61.430  27.070 0.1000000015
29027  -22.718  -64.653  28.716 0.1000000015
30214  -22.437  -63.724  28.972 0.1000000015
33545  -24.432  -60.230  27.077 0.1000000015
33558  -24.226  -61.083  26.786 0.1000000015
27879  -22.985  -65.265  28.575 0.1000000015
34621  -25.261  -59.794  26.912 0.1000000015
33546  -24.959  -59.957  26.962 0.1000000015
27880  -23.554  -65.810  28.494 0.1000000015
29029  -24.099  -64.959  27.915 0.1000000015
29028  -23.319  -64.695  28.056 0.1000000015
34622  -25.922  -59.462  26.861 0.1000000015
33561  -27.431  -60.361  26.713 0.1000000015
36792  -29.311  -57.630  27.508 0.1000000015
37956  -30.522  -56.936  28.163 0.1000000015
37942  -31.379  -56.769  28.861 0.1000000015
37882  -32.210  -56.241  31.603 0.1000000015
44474  -31.968  -50.356  20.312 0.1000000015
44486  -30.623  -49.901  19.835 0.1000000015
45607  -30.957  -49.581  19.171 0.2000000030
43379  -27.629  -51.522  22.633 0.1000000015
44450  -27.776  -50.373  21.610 0.1000000015
44451  -28.552  -50.668  20.999 0.1000000015
44471  -28.834  -50.168  20.311 0.2000000030
45593  -29.195  -49.719  19.784 0.2000000030
45606  -29.935  -49.403  19.280 0.2000000030
45577  -27.701  -49.500  21.227 0.1000000015
44470  -28.086  -49.955  20.698 0.1000000015
45592  -28.502  -49.347  20.012 0.2000000030
45605  -29.148  -49.171  19.443 0.2000000030
30187  -21.783  -63.842  34.332 0.1000000015
31338  -22.004  -63.022  34.176 0.1000000015
31343  -22.261  -62.903  33.605 0.1000000015
32413  -22.171  -61.942  33.238 0.1000000015
30198  -22.301  -63.703  32.260 0.1000000015
31348  -22.254  -62.772  32.739 0.1000000015
31352  -22.048  -62.635  31.646 0.1000000015
30201  -22.130  -63.675  31.174 0.1000000015
30204  -22.270  -63.674  30.047 0.1000000015
33532  -23.064  -60.724  28.439 0.1000000015
29016  -22.449  -64.678  29.675 0.1000000015
34605  -23.510  -60.354  28.002 0.1000000015
35711  -26.797  -58.905  26.977 0.1000000015
35702  -28.121  -58.427  27.422 0.1000000015
36791  -28.583  -57.965  27.702 0.1000000015
36793  -30.363  -57.227  27.673 0.1000000015
37922  -30.744  -56.885  29.651 0.1000000015
37898  -31.722  -56.728  30.702 0.1000000015
37881  -32.032  -56.485  31.237 0.1000000015
37883  -32.435  -55.892  31.221 0.1000000015
44487  -31.452  -49.863  19.839 0.2000000030
45630  -32.187  -49.122  17.709 0.2000000030
46744  -30.949  -48.965  17.958 0.2000000030
46745  -31.564  -49.028  18.079 0.2000000030
46720  -29.458  -48.859  19.071 0.2000000030
45621  -30.585  -49.199  18.584 0.2000000030
46710  -27.743  -49.033  20.905 0.2000000030
46719  -28.898  -48.441  19.284 0.2000000030
32400  -21.725  -62.437  34.353 0.1000000015
32406  -21.989  -62.188  34.018 0.1000000015
32405  -21.805  -61.263  33.695 0.1000000015
32418  -21.933  -61.725  32.234 0.1000000015
32412  -21.878  -60.976  32.813 0.1000000015
32421  -21.687  -60.391  31.196 0.1000000015
32417  -21.742  -60.681  31.866 0.1000000015
33524  -21.861  -59.950  30.584 0.1000000015
33526  -22.486  -60.382  29.459 0.1000000015
33527  -23.106  -60.087  28.822 0.1000000015
34593  -24.327  -59.498  28.432 0.1000000015
34606  -23.962  -59.944  27.736 0.1000000015
35685  -25.472  -59.104  28.143 0.1000000015
35701  -27.309  -58.606  27.616 0.1000000015
35688  -28.034  -58.182  28.172 0.1000000015
36774  -29.726  -57.128  28.480 0.1000000015
36764  -29.231  -57.603  29.028 0.1000000015
37921  -30.254  -56.885  29.236 0.1000000015
37897  -31.233  -56.856  30.205 0.1000000015
36750  -30.735  -57.297  30.612 0.1000000015
38971  -32.171  -55.626  31.417 0.1000000015
46770  -30.635  -48.560  17.087 0.2000000030
46771  -31.714  -48.922  17.477 0.2000000030
47769  -29.169  -47.645  17.928 0.2000000030
46711  -28.057  -48.494  20.503 0.2000000030
47753  -28.518  -47.518  19.814 0.2000000030
46742  -29.115  -48.065  18.516 0.2000000030
32399  -21.403  -61.705  34.568 0.1000000015
34541  -21.099  -60.023  34.161 0.1000000015
33516  -21.666  -60.272  33.235 0.1000000015
33520  -21.832  -60.024  32.393 0.1000000015
34571  -22.141  -59.303  32.050 0.1000000015
33523  -21.825  -59.743  31.532 0.1000000015
34577  -22.076  -59.175  31.574 0.1000000015
34578  -21.988  -58.971  30.971 0.1000000015
34584  -22.486  -59.174  29.944 0.1000000015
34585  -23.434  -59.314  29.048 0.1000000015
34586  -24.744  -58.963  29.073 0.1000000015
34594  -25.382  -59.176  28.707 0.1000000015
35686  -25.981  -58.885  28.401 0.1000000015
34587  -25.983  -58.878  29.681 0.1000000015
35687  -27.072  -58.643  28.742 0.1000000015
35675  -27.596  -58.892  29.847 0.1000000015
35676  -28.469  -58.181  29.314 0.1000000015
35677  -29.270  -57.792  29.519 0.1000000015
35662  -29.488  -58.060  30.265 0.1000000015
36749  -30.150  -57.577  30.176 0.1000000015
36736  -30.832  -57.538  31.665 0.1000000015
36751  -31.261  -57.100  31.231 0.1000000015
36720  -31.861  -56.807  32.775 0.1000000015
36738  -32.012  -56.619  32.126 0.1000000015
38956  -32.006  -55.890  31.897 0.1000000015
70028  -49.872  -25.800  31.174 0.3000000119
46790  -30.852  -48.346  16.435 0.2000000030
46791  -31.466  -48.599  16.369 0.2000000030
46769  -30.092  -48.365  17.325 0.2000000030
47795  -29.959  -47.832  16.872 0.2000000030
47830  -30.798  -47.881  15.930 0.2000000030
47768  -28.722  -47.564  18.775 0.2000000030
48819  -28.683  -46.659  19.117 0.2000000030
48820  -28.767  -46.968  18.236 0.2000000030
48832  -28.794  -46.303  18.254 0.2000000030
48833  -29.110  -46.660  17.316 0.2000000030
49927  -30.200  -46.285  15.034 0.2000000030
49885  -29.056  -45.449  17.926 0.2000000030
51022  -29.581  -44.383  14.658 0.2000000030
52094  -29.698  -43.462  15.118 0.2000000030
55129  -32.057  -40.821  14.942 0.2000000030
55114  -37.719  -40.126  16.779 0.2000000030
55091  -37.917  -40.480  17.432 0.3000000119
55116  -39.112  -40.122  17.153 0.3000000119
47829  -30.274  -47.409  16.145 0.2000000030
48864  -30.393  -47.242  15.792 0.2000000030
48863  -29.906  -46.715  16.026 0.2000000030
48894  -30.125  -46.394  15.351 0.2000000030
49884  -28.913  -45.894  18.815 0.2000000030
49904  -29.319  -45.543  16.564 0.2000000030
49926  -29.769  -45.642  15.233 0.2000000030
50981  -29.494  -44.558  17.199 0.2000000030
51003  -29.536  -44.335  15.938 0.2000000030
55065  -41.287  -40.671  19.222 0.4000000060
52052  -29.882  -43.697  16.856 0.2000000030
52075  -29.974  -43.277  16.002 0.2000000030
53094  -30.161  -42.754  15.351 0.2000000030
54085  -30.892  -41.827  15.015 0.2000000030
55075  -39.816  -40.904  18.141 0.4000000060
54048  -31.978  -41.885  15.964 0.2000000030
54068  -33.348  -40.823  15.746 0.2000000030
55074  -39.026  -41.031  17.941 0.4000000060
54049  -32.427  -41.853  16.033 0.2000000030
55110  -34.026  -40.579  16.033 0.2000000030
55112  -35.967  -40.196  16.406 0.2000000030
55090  -37.086  -40.529  17.267 0.2000000030
54051  -34.445  -40.930  16.635 0.2000000030
55111  -34.957  -40.149  16.188 0.2000000030
55997  -44.725  -39.496  32.654 0.2000000030
54882  -44.578  -40.732  32.247 0.4000000060
49854  -29.289  -46.110  20.178 0.2000000030
49870  -29.529  -45.300  19.138 0.2000000030
49869  -29.103  -45.999  19.651 0.2000000030
50961  -29.887  -44.586  18.294 0.2000000030
52034  -29.979  -44.028  17.611 0.2000000030
54015  -40.986  -41.208  18.846 0.4000000060
55057  -41.442  -40.914  20.131 0.4000000060
52053  -30.689  -43.015  16.711 0.2000000030
54014  -40.223  -41.426  18.566 0.4000000060
53072  -31.097  -42.422  16.221 0.2000000030
54067  -32.664  -41.246  15.624 0.2000000030
55089  -36.220  -40.595  17.123 0.2000000030
55088  -35.263  -40.711  16.971 0.2000000030
57091  -44.463  -38.468  33.161 0.2000000030
55974  -45.780  -38.939  33.143 0.2000000030
56023  -47.462  -39.206  31.279 0.5000000000
48805  -29.441  -46.188  20.456 0.2000000030
50933  -30.255  -45.159  19.705 0.2000000030
50945  -30.274  -44.816  19.124 0.2000000030
50962  -30.538  -44.099  18.051 0.2000000030
54001  -41.326  -41.674  19.569 0.6000000238
52035  -30.642  -43.624  17.470 0.2000000030
52054  -31.516  -42.693  16.719 0.2000000030
54013  -39.356  -41.471  18.485 0.5000000000
54000  -40.616  -41.991  19.027 0.4000000060
53073  -31.878  -42.182  16.250 0.2000000030
55073  -38.175  -40.866  18.018 0.3000000119
54012  -38.482  -41.283  18.565 0.5000000000
54050  -33.525  -41.590  16.492 0.2000000030
54034  -36.515  -40.895  17.732 0.2000000030
55973  -45.223  -38.776  33.196 0.2000000030
58090  -45.280  -36.987  33.740 0.1000000015
58091  -46.374  -37.283  33.266 0.1000000015
57092  -46.187  -39.015  32.974 0.1000000015
58092  -46.969  -37.203  32.734 0.3000000119
58106  -47.066  -37.715  32.186 0.4000000060
59083  -47.316  -36.672  32.107 0.3000000119
60218  -47.646  -35.812  31.800 0.3000000119
61376  -48.392  -34.356  31.923 0.3000000119
61377  -48.624  -33.721  31.476 0.4000000060
58120  -47.743  -37.351  30.535 0.5000000000
57120  -46.839  -38.104  29.630 0.8000000119
59101  -47.837  -36.068  30.125 0.6000000238
58130  -47.426  -37.361  29.715 0.8000000119
58131  -47.597  -36.554  29.805 0.8000000119
49822  -37.447  -44.518  22.697 0.6999999881
50878  -38.294  -44.479  22.943 0.6999999881
49836  -35.203  -44.692  21.631 0.6000000238
50896  -37.971  -43.902  22.349 0.5000000000
50898  -39.969  -44.378  22.346 0.6000000238
50894  -36.027  -44.562  21.879 0.6000000238
50895  -36.912  -44.213  22.186 0.5000000000
50934  -30.956  -44.901  19.593 0.3000000119
53984  -41.543  -41.991  21.203 0.6000000238
50935  -31.909  -44.650  19.616 0.3000000119
53025  -40.708  -42.440  19.664 0.5000000000
53990  -41.566  -41.881  20.402 0.6000000238
50946  -30.981  -44.429  18.797 0.2000000030
52036  -31.661  -43.257  17.385 0.2000000030
53024  -40.041  -42.434  19.363 0.5000000000
52018  -31.365  -43.897  18.094 0.2000000030
53998  -38.812  -41.804  19.058 0.4000000060
53057  -32.301  -42.724  16.912 0.2000000030
53074  -32.785  -42.274  16.524 0.2000000030
54031  -33.896  -41.798  17.074 0.2000000030
54033  -35.662  -41.125  17.689 0.2000000030
55072  -37.270  -40.874  17.949 0.2000000030
53075  -33.291  -42.209  16.812 0.2000000030
59074  -45.297  -36.023  33.930 0.1000000015
59075  -46.002  -36.211  33.496 0.2000000030
60201  -46.567  -35.349  33.273 0.3000000119
61375  -47.735  -34.411  32.492 0.3000000119
60210  -47.938  -35.129  32.059 0.3000000119
50897  -39.025  -44.118  22.462 0.6000000238
50899  -40.928  -44.409  22.422 0.6999999881
50910  -35.342  -44.082  21.196 0.4000000060
50911  -36.352  -43.883  21.550 0.5000000000
51968  -39.580  -44.127  21.937 0.6000000238
50914  -40.533  -44.227  21.788 0.6000000238
50924  -34.490  -43.992  20.299 0.4000000060
51978  -35.957  -43.475  20.934 0.4000000060
51979  -36.771  -43.285  21.201 0.5000000000
51980  -37.648  -42.990  21.156 0.5000000000
51981  -38.845  -43.162  21.083 0.6000000238
50937  -33.760  -44.178  19.305 0.4000000060
50925  -35.251  -43.603  20.551 0.4000000060
51996  -37.080  -42.957  20.889 0.5000000000
52993  -37.713  -42.808  20.818 0.5000000000
51998  -39.914  -43.204  20.657 0.5000000000
52995  -41.583  -42.890  21.602 0.6999999881
50938  -34.364  -43.663  19.559 0.4000000060
52010  -34.724  -43.064  19.348 0.4000000060
53007  -38.706  -42.650  20.333 0.5000000000
51997  -39.329  -42.922  20.547 0.5000000000
53010  -41.508  -42.899  20.741 0.6000000238
50949  -33.536  -43.889  18.553 0.3000000119
52009  -34.081  -43.570  18.863 0.3000000119
52022  -34.297  -42.876  18.558 0.4000000060
53005  -36.336  -42.670  20.061 0.5000000000
53021  -36.895  -42.125  19.400 0.4000000060
53008  -39.815  -42.721  20.047 0.5000000000
53026  -41.311  -42.419  20.054 0.6000000238
50947  -32.079  -44.220  18.784 0.3000000119
50948  -32.981  -44.212  18.618 0.3000000119
52020  -33.087  -43.767  18.127 0.3000000119
53022  -38.162  -42.137  19.697 0.4000000060
53023  -39.219  -42.308  19.561 0.5000000000
52019  -32.339  -43.775  18.091 0.2000000030
52037  -32.815  -43.246  17.560 0.3000000119
53058  -33.088  -42.634  17.058 0.2000000030
54010  -36.426  -41.538  18.456 0.2000000030
53997  -37.841  -41.578  19.126 0.4000000060
54032  -34.516  -41.614  17.415 0.2000000030
54011  -37.555  -41.250  18.542 0.3000000119
60199  -45.216  -35.416  34.251 0.1000000015
61347  -45.859  -34.260  34.305 0.1000000015
61359  -47.103  -34.450  33.101 0.3000000119
62507  -47.559  -33.259  33.031 0.2000000030
67015  -49.048  -29.356  31.930 0.4000000060
51993  -34.941  -43.420  19.965 0.4000000060
51995  -36.528  -43.004  20.648 0.4000000060
53006  -37.453  -42.673  20.437 0.5000000000
52011  -35.246  -43.046  19.767 0.4000000060
53020  -35.678  -42.589  19.508 0.3000000119
53037  -33.952  -42.585  17.911 0.2000000030
53039  -35.486  -42.098  18.705 0.2000000030
53038  -34.634  -42.147  18.178 0.2000000030
53996  -37.186  -41.666  18.860 0.3000000119
52038  -33.441  -42.821  17.568 0.2000000030
53060  -34.171  -42.125  17.711 0.2000000030
54009  -35.218  -41.681  18.105 0.2000000030
53059  -33.706  -42.174  17.270 0.2000000030
54008  -34.768  -41.792  17.926 0.2000000030
61358  -46.440  -34.375  33.699 0.1000000015
63637  -47.375  -32.139  33.290 0.2000000030
63638  -47.854  -32.129  32.755 0.2000000030
64813  -47.337  -31.530  33.646 0.2000000030
60182  -44.054  -35.144  35.371 0.1000000015
61337  -45.061  -33.746  35.236 0.1000000015
62493  -45.760  -33.664  34.606 0.1000000015
63629  -46.515  -32.021  34.419 0.1000000015
65917  -47.884  -30.280  33.458 0.2000000030
65938  -48.801  -29.891  32.233 0.3000000119
62483  -45.522  -33.006  35.053 0.1000000015
62484  -46.134  -32.511  34.700 0.1000000015
64799  -46.553  -31.218  34.544 0.1000000015
65916  -47.357  -30.298  34.180 0.1000000015
63630  -46.942  -32.118  33.851 0.1000000015
64801  -47.536  -30.946  33.765 0.2000000030
66997  -48.324  -29.380  33.146 0.2000000030
65937  -48.448  -30.366  32.651 0.2000000030
66998  -48.730  -29.315  32.469 0.3000000119
67968  -48.996  -28.383  32.092 0.5000000000
68944  -49.334  -26.690  31.799 0.3000000119
66977  -47.367  -29.351  34.300 0.2000000030
67952  -48.189  -28.440  33.554 0.2000000030
68943  -48.904  -27.253  32.294 0.3000000119
68958  -49.558  -26.623  31.379 0.3000000119
66961  -46.920  -29.381  34.564 0.1000000015
67940  -47.682  -28.498  34.155 0.2000000030
67953  -48.600  -28.370  32.776 0.1000000015
67929  -47.441  -28.267  34.387 0.1000000015
68930  -48.409  -27.397  33.177 0.1000000015
71207  -50.239  -24.912  30.836 0.5000000000
75830  -52.820  -21.309  22.225 0.6000000238
75831  -53.445  -21.160  21.831 0.5000000000
75813  -52.436  -21.296  22.940 0.6000000238
76931  -52.862  -20.727  23.012 0.5000000000
75814  -52.954  -20.937  22.480 0.5000000000
76932  -53.176  -20.584  22.463 0.5000000000
70015  -49.643  -25.932  31.668 0.3000000119
76916  -52.965  -20.461  23.129 0.5000000000
78024  -52.839  -20.205  23.379 0.4000000060
76893  -53.056  -20.895  26.134 0.6000000238
76904  -52.892  -20.428  25.661 0.4000000060
78010  -52.486  -20.448  24.926 0.3000000119
78009  -52.214  -19.825  24.234 0.3000000119
78025  -53.129  -20.350  22.854 0.5000000000
75854  -53.990  -21.500  21.324 0.5000000000
78022  -51.758  -19.913  22.677 0.3000000119
78037  -53.083  -19.966  22.290 0.3000000119
76946  -53.755  -20.680  21.652 0.5000000000
78038  -53.196  -20.397  22.280 0.5000000000
58113  -47.562  -37.537  31.430 0.4000000060
57094  -47.379  -38.485  31.752 0.4000000060
55998  -45.754  -39.575  32.768 0.3000000119
55999  -46.516  -39.525  32.472 0.3000000119
57093  -46.714  -38.538  32.603 0.3000000119
36721  -32.075  -56.439  32.238 0.1000000015
40082  -31.884  -55.127  29.774 0.1000000015
43396  -27.711  -50.958  22.117 0.1000000015
40147  -27.564  -53.759  24.938 0.1000000015
42321  -27.686  -52.737  23.527 0.1000000015
51984  -41.416  -43.519  21.412 0.6999999881
51999  -40.771  -43.485  20.762 0.6000000238
51982  -39.942  -43.850  21.337 0.6000000238
54898  -47.054  -39.939  31.553 0.6000000238
56065  -47.270  -38.468  30.031 0.6999999881
57106  -47.720  -38.351  30.921 0.5000000000
62519  -48.072  -33.817  32.418 0.2000000030
57121  -47.373  -38.075  29.849 0.6999999881
58129  -46.852  -37.498  29.389 0.8000000119
64814  -47.774  -31.230  33.133 0.2000000030
72396  -51.109  -24.016  30.600 0.5000000000
36812  -31.705  -57.737  26.901 0.1000000015
32452  -29.799  -61.159  27.996 0.1000000015
34609  -29.601  -59.713  27.003 0.1000000015
31403  -24.571  -62.703  26.863 0.1000000015
31387  -24.053  -62.990  27.144 0.1000000015
42346  -30.635  -52.405  22.142 0.1000000015
32448  -22.758  -62.312  27.942 0.1000000015
35712  -27.610  -58.914  26.980 0.1000000015
34623  -27.024  -59.553  26.663 0.1000000015
35703  -28.758  -58.227  27.256 0.1000000015
43416  -29.599  -50.780  20.689 0.1000000015
33544  -23.582  -60.831  27.506 0.1000000015
34607  -25.079  -59.517  27.589 0.1000000015
34608  -25.706  -59.146  27.421 0.1000000015
37940  -29.999  -56.868  28.991 0.1000000015
45608  -31.767  -49.605  19.057 0.2000000030
45591  -27.889  -49.287  20.588 0.1000000015
31337  -21.408  -62.911  34.528 0.1000000015
30193  -22.402  -63.757  33.204 0.1000000015
34592  -23.541  -59.977  28.401 0.1000000015
35700  -26.304  -58.826  27.635 0.1000000015
36773  -28.826  -57.661  28.354 0.1000000015
36766  -30.383  -57.269  29.989 0.1000000015
44488  -32.259  -49.986  19.578 0.2000000030
45622  -31.337  -49.275  18.511 0.2000000030
45623  -32.060  -49.294  18.249 0.2000000030
46743  -29.811  -48.598  18.138 0.2000000030
33508  -21.449  -60.562  34.033 0.1000000015
35699  -25.649  -58.997  27.811 0.1000000015
36765  -29.879  -57.285  29.509 0.1000000015
35663  -30.156  -57.784  30.543 0.1000000015
36737  -31.679  -56.900  31.790 0.1000000015
35671  -24.150  -58.350  29.242 0.1000000015
34595  -26.306  -59.008  29.260 0.1000000015
34596  -26.948  -59.109  29.639 0.1000000015
35651  -30.173  -58.065  31.131 0.1000000015
47796  -30.538  -48.185  16.541 0.2000000030
53116  -29.862  -42.738  14.620 0.2000000030
52076  -30.513  -42.701  15.976 0.2000000030
53095  -30.851  -42.174  15.547 0.2000000030
54065  -31.104  -41.881  15.380 0.2000000030
54066  -31.621  -41.692  15.553 0.2000000030
53096  -31.351  -42.112  15.899 0.2000000030
55131  -33.711  -40.292  15.315 0.2000000030
57068  -44.705  -37.692  33.623 0.2000000030
57069  -45.883  -38.209  33.335 0.1000000015
53999  -39.724  -42.036  18.901 0.3000000119
57070  -46.496  -37.995  33.090 0.2000000030
58105  -46.771  -37.777  32.812 0.3000000119
59076  -46.868  -36.393  33.015 0.3000000119
60209  -47.325  -35.469  32.546 0.3000000119
59091  -47.697  -36.466  31.166 0.4000000060
60219  -48.048  -35.341  31.284 0.5000000000
57114  -47.656  -38.167  30.177 0.4000000060
59092  -47.885  -35.935  30.697 0.5000000000
59100  -47.753  -36.538  30.503 0.6000000238
50913  -40.021  -44.230  21.816 0.6000000238
50912  -37.260  -43.570  21.755 0.5000000000
60200  -45.776  -35.197  33.874 0.1000000015
59070  -44.812  -35.907  34.328 0.1000000015
62506  -46.896  -33.813  33.491 0.2000000030
51966  -38.131  -43.362  21.732 0.5000000000
53009  -40.721  -42.922  20.262 0.5000000000
52000  -41.265  -43.509  20.986 0.6000000238
52021  -33.617  -43.302  18.130 0.3000000119
53019  -34.909  -42.507  18.906 0.3000000119
53040  -36.124  -42.120  19.006 0.3000000119
61346  -45.237  -34.208  34.866 0.1000000015
60191  -45.389  -34.844  34.417 0.1000000015
62495  -47.082  -32.671  33.566 0.2000000030
51994  -35.707  -43.071  20.195 0.4000000060
53004  -35.886  -42.762  19.950 0.4000000060
62494  -46.491  -33.177  34.119 0.1000000015
64800  -47.061  -31.286  34.162 0.2000000030
62481  -44.161  -33.624  35.548 0.1000000015
63617  -44.538  -33.037  35.591 0.1000000015
61336  -44.592  -34.307  35.353 0.1000000015
65898  -46.726  -30.341  34.543 0.1000000015
65915  -46.940  -30.798  34.409 0.1000000015
78023  -52.364  -19.795  23.080 0.3000000119
78036  -52.378  -19.943  22.084 0.3000000119
76929  -51.436  -20.335  22.030 0.3000000119
56000  -47.179  -39.354  32.049 0.4000000060
48561  -25.983  -46.916  39.743 0.3000000119
48562  -26.777  -46.972  39.731 0.3000000119
46400  -24.030  -48.103  40.370 0.5000000000
46380  -23.380  -48.431  40.457 0.4000000060
45293  -23.532  -49.256  40.527 0.6000000238
49576  -27.227  -46.603  39.054 0.3000000119
45306  -23.545  -50.064  40.333 0.6000000238
47503  -27.251  -47.485  39.839 0.4000000060
48563  -27.584  -46.824  39.364 0.4000000060
47500  -23.645  -47.837  40.300 0.4000000060
45292  -22.968  -48.927  40.503 0.4000000060
57267  -40.785  -38.742  19.414 0.4000000060
60400  -54.144  -35.465  19.095 0.2000000030
61587  -54.196  -34.783  19.591 0.2000000030
61588  -54.915  -34.840  20.136 0.2000000030
60380  -55.555  -35.191  20.437 0.2000000030
60402  -55.858  -35.834  20.003 0.2000000030
60403  -56.665  -35.578  19.861 0.2000000030
61564  -54.440  -34.217  20.425 0.3000000119
61566  -55.887  -34.832  21.210 0.2000000030
61567  -56.569  -35.002  21.471 0.2000000030
60382  -56.996  -35.406  20.908 0.2000000030
62661  -54.751  -33.888  21.149 0.3000000119
60404  -57.127  -35.211  20.418 0.2000000030
60360  -57.394  -34.700  21.182 0.2000000030
62642  -54.724  -33.386  22.014 0.3000000119
61524  -56.030  -34.112  22.446 0.2000000030
62645  -57.164  -33.916  21.827 0.2000000030
62679  -56.780  -33.344  20.697 0.2000000030
62680  -57.026  -33.762  19.887 0.2000000030
62663  -57.272  -33.821  21.084 0.2000000030
72395  -50.657  -24.369  30.825 0.4000000060
73534  -50.872  -23.352  31.401 0.4000000060
73544  -51.250  -23.284  30.865 0.5000000000
73545  -51.521  -23.052  30.305 0.5000000000
73561  -51.841  -23.245  29.624 0.5000000000
72412  -52.691  -23.592  28.739 0.5000000000
63753  -55.036  -32.075  23.389 0.4000000060
63765  -55.453  -32.632  22.745 0.3000000119
63783  -55.768  -32.176  21.891 0.3000000119
63852  -56.867  -32.900  17.974 0.2000000030
63763  -54.093  -32.579  22.680 0.3000000119
63782  -54.349  -32.944  22.412 0.3000000119
62626  -55.361  -33.470  22.529 0.3000000119
62627  -55.984  -33.585  22.493 0.2000000030
63806  -56.211  -32.692  21.042 0.2000000030
63829  -56.186  -33.082  19.726 0.2000000030
74600  -51.043  -22.854  31.166 0.4000000060
75686  -51.099  -22.639  30.933 0.4000000060
74612  -51.287  -22.710  30.594 0.4000000060
75698  -51.306  -22.261  30.084 0.3000000119
75699  -51.825  -22.139  29.472 0.4000000060
74626  -52.192  -22.579  29.294 0.4000000060
73562  -52.522  -23.165  29.037 0.4000000060
75739  -53.538  -21.963  27.514 0.4000000060
74627  -52.854  -22.502  28.836 0.4000000060
64987  -55.437  -31.431  22.485 0.4000000060
63851  -56.160  -32.820  18.458 0.2000000030
65030  -55.202  -31.366  20.741 0.2000000030
63827  -54.850  -32.123  19.635 0.2000000030
63850  -55.377  -32.674  18.934 0.2000000030
65072  -54.941  -31.870  17.211 0.2000000030
65029  -54.718  -30.988  20.365 0.3000000119
65049  -54.929  -31.573  20.206 0.2000000030
65071  -54.550  -31.829  17.867 0.2000000030
65048  -54.590  -31.706  19.615 0.2000000030
75670  -50.772  -22.806  31.193 0.4000000060
76806  -51.135  -22.265  30.433 0.2000000030
76818  -51.090  -22.052  29.997 0.2000000030
76819  -51.467  -21.935  29.563 0.2000000030
76856  -50.674  -22.000  28.151 0.2000000030
76832  -52.012  -21.731  28.930 0.2000000030
75724  -53.264  -21.733  27.974 0.4000000060
75711  -53.019  -21.859  28.511 0.4000000060
76846  -52.434  -21.358  28.191 0.3000000119
76858  -53.229  -21.378  27.480 0.4000000060
67163  -52.792  -30.339  18.270 0.2000000030
66168  -52.912  -30.698  17.688 0.2000000030
66136  -54.404  -30.178  20.540 0.3000000119
67152  -52.938  -30.286  19.053 0.2000000030
66169  -53.382  -30.927  18.119 0.2000000030
65081  -53.885  -31.314  16.812 0.2000000030
66150  -54.104  -30.898  19.873 0.2000000030
66161  -54.013  -31.355  18.722 0.2000000030
66170  -54.017  -31.338  17.724 0.2000000030
75669  -50.442  -22.894  31.116 0.2000000030
76829  -50.582  -22.225  29.809 0.2000000030
75685  -50.772  -22.609  30.725 0.2000000030
76830  -50.938  -21.944  29.532 0.2000000030
76843  -50.612  -22.058  29.170 0.2000000030
76874  -50.460  -21.799  26.917 0.2000000030
76845  -51.868  -21.455  28.371 0.3000000119
77939  -51.783  -21.165  27.618 0.3000000119
77940  -52.315  -21.015  27.670 0.4000000060
76876  -53.335  -21.132  26.870 0.4000000060
77958  -53.002  -20.993  27.226 0.4000000060
67134  -54.081  -29.600  20.571 0.4000000060
67151  -52.458  -29.756  18.823 0.2000000030
66178  -52.668  -30.770  17.156 0.2000000030
66189  -52.645  -31.105  16.478 0.2000000030
63899  -52.508  -32.216  15.002 0.2000000030
67161  -51.677  -29.627  17.683 0.2000000030
67160  -51.006  -29.539  17.251 0.2000000030
66177  -52.120  -30.623  16.708 0.2000000030
66200  -51.267  -30.930  14.876 0.2000000030
65109  -51.401  -31.524  14.313 0.2000000030
67172  -51.530  -30.038  16.725 0.2000000030
67189  -50.505  -29.429  13.307 0.2000000030
67190  -51.084  -28.926  12.937 0.2000000030
67171  -50.745  -29.498  16.497 0.2000000030
67180  -51.106  -30.088  15.984 0.2000000030
66205  -50.466  -30.235  13.729 0.2000000030
66209  -50.965  -30.688  13.029 0.2000000030
70220  -49.606  -26.920  15.650 0.3000000119
68145  -50.623  -28.138  13.308 0.3000000119
68146  -51.961  -28.474  12.773 0.2000000030
68124  -50.085  -28.754  16.209 0.3000000119
68131  -49.643  -28.083  14.577 0.3000000119
75908  -58.947  -21.192  18.389 0.4000000060
74817  -57.691  -22.441  18.157 0.4000000060
75907  -58.281  -21.847  18.594 0.4000000060
73734  -55.474  -23.591  17.107 0.4000000060
73709  -57.035  -22.730  18.021 0.4000000060
72647  -52.796  -24.755  14.827 0.5000000000
73749  -54.189  -23.738  15.986 0.5000000000
72604  -55.913  -23.928  17.129 0.4000000060
72646  -51.960  -25.027  14.863 0.6000000238
71466  -52.436  -25.417  14.347 0.5000000000
72648  -53.836  -24.596  14.867 0.5000000000
72605  -56.111  -23.954  17.108 0.5000000000
70242  -50.447  -26.293  14.339 0.4000000060
70255  -51.430  -26.604  13.633 0.4000000060
70257  -53.464  -26.805  13.660 0.3000000119
74772  -55.508  -22.327  19.543 0.5000000000
74796  -54.876  -22.655  18.769 0.5000000000
74816  -55.796  -22.929  17.828 0.5000000000
74799  -57.513  -22.344  18.481 0.4000000060
73721  -56.654  -23.524  17.307 0.4000000060
71468  -54.640  -25.276  14.749 0.5000000000
72632  -55.771  -24.587  16.023 0.5000000000
71449  -51.312  -25.287  15.318 0.5000000000
78047  -53.969  -20.340  21.250 0.4000000060
76947  -54.782  -20.642  21.241 0.4000000060
75832  -54.362  -21.085  21.427 0.4000000060
75856  -55.652  -21.546  20.714 0.4000000060
74749  -56.018  -21.975  20.134 0.4000000060
74773  -56.582  -22.070  19.406 0.4000000060
74774  -57.409  -22.050  19.024 0.4000000060
73737  -57.519  -22.936  17.289 0.4000000060
73722  -57.400  -22.833  17.653 0.4000000060
74818  -58.005  -22.405  17.940 0.4000000060
73735  -56.717  -23.931  16.809 0.5000000000
72617  -56.289  -24.221  16.668 0.4000000060
71451  -55.841  -25.484  15.411 0.5000000000
76948  -55.833  -20.549  21.149 0.4000000060
76978  -58.889  -20.555  18.994 0.4000000060
76949  -56.595  -20.521  20.645 0.4000000060
75886  -58.421  -21.199  19.028 0.4000000060
74750  -56.491  -21.826  19.929 0.4000000060
75885  -57.913  -21.616  19.162 0.4000000060
74775  -57.868  -22.047  18.805 0.4000000060
75923  -58.621  -21.850  17.772 0.4000000060
73736  -57.246  -23.521  16.714 0.4000000060
74834  -57.888  -22.633  17.031 0.4000000060
72618  -56.708  -24.230  16.372 0.5000000000
74844  -57.540  -23.079  16.260 0.4000000060
75943  -58.863  -21.632  16.692 0.4000000060
74845  -57.959  -22.355  15.986 0.4000000060
62708  -57.448  -33.908  18.096 0.2000000030
61590  -57.184  -34.689  19.854 0.2000000030
62698  -57.356  -33.942  18.941 0.2000000030
61568  -57.400  -34.395  20.758 0.2000000030
63853  -57.278  -33.163  17.747 0.2000000030
44241  -23.182  -50.347  40.034 0.5000000000
46381  -24.209  -48.688  40.482 0.5000000000
63781  -53.835  -32.763  21.833 0.3000000119
62641  -54.128  -33.154  21.606 0.3000000119
67143  -53.384  -29.804  19.992 0.3000000119
67150  -52.042  -29.479  18.362 0.2000000030
76859  -53.555  -21.599  27.113 0.4000000060
75760  -53.827  -21.946  26.322 0.5000000000
75759  -53.471  -21.402  26.415 0.4000000060
69129  -49.640  -27.879  15.859 0.3000000119
75855  -54.708  -21.540  20.998 0.5000000000
71431  -50.557  -25.782  15.768 0.4000000060
73731  -53.473  -23.775  16.171 0.5000000000
73732  -54.071  -23.550  16.572 0.5000000000
73733  -54.984  -23.544  16.720 0.5000000000
73719  -55.127  -23.083  17.529 0.5000000000
73707  -54.896  -22.797  18.132 0.5000000000
77993  -52.984  -20.269  26.114 0.4000000060
72384  -51.005  -23.657  31.059 0.4000000060
60381  -56.307  -35.330  20.696 0.2000000030
62678  -53.765  -33.976  19.923 0.3000000119
61541  -56.029  -34.564  21.964 0.2000000030
61540  -55.405  -34.185  21.593 0.2000000030
61565  -55.225  -34.480  20.806 0.3000000119
60359  -57.187  -34.930  21.450 0.2000000030
62643  -55.527  -33.991  22.194 0.2000000030
61542  -56.778  -34.447  22.112 0.2000000030
61543  -57.321  -34.393  21.475 0.2000000030
61525  -56.373  -33.999  22.379 0.2000000030
62644  -56.557  -33.676  22.195 0.2000000030
62662  -56.836  -33.368  21.555 0.2000000030
62681  -57.136  -33.515  18.841 0.2000000030
63830  -56.790  -33.197  18.893 0.2000000030
72383  -50.579  -24.135  31.258 0.4000000060
74613  -51.622  -22.621  29.904 0.4000000060
63766  -56.061  -33.273  22.394 0.3000000119
63784  -56.256  -32.964  22.074 0.3000000119
63805  -55.627  -31.937  21.080 0.2000000030
63831  -57.123  -33.218  18.336 0.2000000030
63764  -54.744  -32.962  22.821 0.3000000119
63828  -55.253  -32.237  20.059 0.2000000030
63849  -54.798  -32.293  19.243 0.2000000030
75710  -52.482  -22.009  29.000 0.4000000060
65009  -55.448  -31.263  21.596 0.3000000119
63862  -56.236  -32.580  17.477 0.2000000030
63861  -55.360  -32.334  17.838 0.2000000030
63860  -54.855  -32.307  18.464 0.2000000030
65082  -54.403  -31.553  16.895 0.2000000030
66149  -53.886  -30.219  20.219 0.3000000119
65062  -54.466  -31.963  18.743 0.2000000030
66160  -53.552  -30.623  19.352 0.2000000030
76831  -51.401  -21.802  29.202 0.2000000030
76844  -51.236  -21.723  28.537 0.2000000030
77942  -52.962  -21.213  27.558 0.4000000060
76847  -52.935  -21.402  28.003 0.4000000060
67162  -52.422  -30.050  17.845 0.2000000030
67173  -52.076  -30.228  17.234 0.2000000030
66179  -53.524  -31.114  17.125 0.2000000030
66180  -53.822  -31.220  17.387 0.2000000030
66190  -53.148  -31.131  16.815 0.2000000030
65092  -53.624  -31.467  16.426 0.2000000030
75697  -49.889  -22.336  30.228 0.2000000030
76857  -51.209  -21.475  27.348 0.2000000030
77957  -52.697  -20.724  27.154 0.4000000060
77976  -53.013  -20.666  26.697 0.4000000060
65091  -52.549  -31.591  15.670 0.2000000030
65090  -52.074  -31.374  15.581 0.2000000030
65102  -51.957  -31.606  15.116 0.2000000030
66188  -51.794  -30.856  15.849 0.2000000030
66187  -51.045  -30.363  15.364 0.2000000030
66199  -50.642  -30.309  14.640 0.2000000030
65112  -51.242  -31.404  13.587 0.2000000030
66206  -50.838  -30.949  14.019 0.2000000030
68141  -49.828  -28.682  13.999 0.2000000030
66208  -50.642  -30.100  13.233 0.2000000030
67192  -50.809  -29.992  12.961 0.2000000030
67193  -51.431  -29.662  12.643 0.2000000030
67179  -50.475  -29.631  15.459 0.2000000030
67187  -50.132  -29.565  14.369 0.2000000030
70235  -50.028  -26.215  15.179 0.4000000060
70241  -49.832  -26.657  14.672 0.4000000060
69141  -49.590  -27.865  15.162 0.3000000119
69154  -50.260  -27.152  13.701 0.3000000119
69155  -50.648  -27.089  13.595 0.2000000030
68147  -53.228  -28.141  12.670 0.2000000030
68132  -49.840  -28.674  15.104 0.2000000030
73720  -55.922  -23.592  17.372 0.4000000060
73708  -56.401  -22.903  17.878 0.4000000060
74798  -56.825  -22.418  18.594 0.4000000060
72629  -53.200  -24.154  15.509 0.5000000000
72630  -54.135  -24.038  15.432 0.5000000000
72615  -55.291  -23.860  16.496 0.5000000000
72631  -55.041  -24.018  15.963 0.5000000000
71465  -51.452  -25.533  14.474 0.5000000000
71448  -50.719  -25.736  14.900 0.6000000238
70245  -52.984  -26.083  14.012 0.5000000000
71467  -53.479  -25.372  14.461 0.6000000238
70244  -51.976  -25.956  13.821 0.5000000000
71450  -55.284  -24.874  15.339 0.5000000000
70254  -50.799  -26.504  13.838 0.4000000060
70256  -52.390  -26.715  13.562 0.3000000119
69156  -51.632  -27.409  13.294 0.2000000030
70246  -54.115  -26.097  14.229 0.5000000000
69157  -52.768  -27.481  13.124 0.3000000119
74797  -55.932  -22.458  18.547 0.4000000060
71469  -55.339  -25.462  15.042 0.5000000000
75833  -55.296  -21.056  21.179 0.4000000060
75834  -56.195  -21.051  20.883 0.4000000060
75857  -56.475  -21.508  20.285 0.4000000060
73723  -57.672  -22.690  17.535 0.4000000060
72633  -56.352  -24.741  15.863 0.5000000000
78048  -55.375  -20.209  20.959 0.4000000060
61604  -57.189  -34.543  18.541 0.2000000030
62699  -57.339  -33.501  18.070 0.2000000030
49575  -26.437  -46.657  39.176 0.2000000030
49604  -28.870  -45.827  38.727 0.3000000119
50625  -26.136  -46.304  37.741 0.2000000030
50639  -26.395  -45.818  37.288 0.2000000030
50719  -28.050  -44.911  33.911 0.1000000015
50735  -27.439  -45.183  33.136 0.1000000015
46399  -22.128  -48.916  40.284 0.4000000060
46379  -22.348  -48.458  40.456 0.3000000119
49574  -25.579  -46.679  39.218 0.1000000015
49590  -26.935  -46.470  38.625 0.2000000030
50615  -28.119  -45.709  38.555 0.2000000030
49588  -25.121  -46.576  38.615 0.1000000015
49589  -26.076  -46.548  38.668 0.2000000030
50613  -26.584  -46.394  38.215 0.2000000030
50614  -27.411  -46.045  38.326 0.2000000030
50616  -28.552  -45.686  38.630 0.2000000030
50628  -28.750  -45.323  38.276 0.2000000030
48581  -21.110  -46.325  39.074 0.1000000015
49612  -22.338  -46.228  38.433 0.1000000015
49613  -23.084  -46.283  38.057 0.1000000015
50622  -24.141  -46.474  37.872 0.1000000015
49603  -25.053  -46.548  38.102 0.1000000015
50612  -25.737  -46.536  38.185 0.1000000015
50626  -26.981  -45.973  37.818 0.2000000030
50627  -27.771  -45.478  38.074 0.2000000030
48592  -20.924  -46.717  37.981 0.1000000015
48593  -21.745  -46.247  38.198 0.1000000015
49626  -23.253  -46.403  37.422 0.1000000015
49627  -23.896  -46.378  37.093 0.1000000015
50623  -24.653  -46.510  37.758 0.1000000015
50640  -27.211  -45.367  37.390 0.2000000030
50642  -29.091  -44.930  37.415 0.2000000030
47532  -20.089  -47.341  37.676 0.1000000015
47533  -20.820  -47.144  37.410 0.1000000015
49636  -22.690  -46.499  37.116 0.1000000015
49637  -23.332  -46.477  36.616 0.1000000015
50677  -25.409  -46.106  36.026 0.1000000015
50661  -29.326  -44.741  36.501 0.1000000015
47546  -20.825  -47.376  36.818 0.1000000015
48611  -21.407  -47.137  36.457 0.1000000015
48612  -22.238  -46.763  36.186 0.1000000015
49651  -24.237  -46.362  35.385 0.1000000015
50682  -29.500  -44.636  35.503 0.1000000015
47557  -21.815  -46.993  35.399 0.1000000015
48621  -23.250  -46.522  35.102 0.1000000015
50704  -29.323  -44.637  34.694 0.1000000015
47568  -21.712  -47.204  34.761 0.1000000015
48620  -22.268  -46.802  34.958 0.1000000015
51751  -29.051  -44.602  34.155 0.1000000015
51753  -30.127  -45.001  33.993 0.1000000015
49680  -25.263  -46.207  32.671 0.1000000015
50752  -26.803  -45.437  32.252 0.1000000015
50753  -27.650  -45.079  32.058 0.1000000015
50736  -28.275  -44.995  32.922 0.1000000015
51783  -29.403  -44.825  32.424 0.1000000015
51768  -30.205  -44.977  33.169 0.1000000015
48654  -23.896  -47.323  31.960 0.1000000015
48645  -24.651  -46.689  32.536 0.1000000015
49695  -25.991  -45.953  31.906 0.1000000015
50776  -27.130  -45.082  31.166 0.1000000015
51799  -28.168  -45.003  31.869 0.1000000015
51800  -28.754  -44.862  31.682 0.1000000015
51801  -29.405  -44.805  31.417 0.1000000015
51802  -30.092  -44.843  31.173 0.1000000015
47486  -22.937  -47.741  40.317 0.2000000030
47487  -23.611  -47.499  40.054 0.3000000119
46378  -21.285  -48.064  40.812 0.1000000015
48545  -22.532  -47.240  40.198 0.1000000015
48559  -24.000  -47.149  39.660 0.2000000030
48556  -21.028  -46.445  40.912 0.1000000015
49570  -21.784  -46.532  40.357 0.1000000015
48546  -23.223  -47.377  39.878 0.1000000015
48558  -23.214  -47.116  39.539 0.1000000015
49573  -24.664  -46.744  39.216 0.1000000015
49568  -20.981  -46.112  40.444 0.1000000015
49583  -21.057  -45.966  40.076 0.1000000015
49585  -22.395  -46.661  39.527 0.1000000015
49586  -23.383  -46.712  39.055 0.1000000015
49572  -23.865  -46.809  39.240 0.1000000015
47512  -19.141  -47.123  39.544 0.1000000015
48570  -20.132  -46.588  39.918 0.1000000015
49598  -21.340  -46.126  39.709 0.1000000015
49599  -21.919  -46.348  39.162 0.1000000015
49600  -22.827  -46.478  38.731 0.1000000015
49601  -23.709  -46.452  38.322 0.1000000015
49602  -24.467  -46.529  38.231 0.1000000015
50641  -28.133  -45.082  37.461 0.2000000030
48580  -20.352  -46.785  38.880 0.1000000015
50658  -26.620  -45.377  36.680 0.1000000015
47519  -18.436  -47.928  38.173 0.1000000015
47544  -19.259  -48.178  36.659 0.1000000015
50660  -28.403  -44.850  36.592 0.1000000015
46433  -17.429  -48.961  37.410 0.1000000015
46434  -17.905  -48.376  37.924 0.1000000015
47531  -19.063  -48.014  37.343 0.1000000015
47545  -19.929  -47.852  36.422 0.1000000015
49664  -24.509  -46.350  34.519 0.1000000015
50699  -25.894  -45.885  35.415 0.1000000015
50701  -27.065  -44.997  35.070 0.1000000015
50681  -28.590  -44.674  35.646 0.1000000015
47530  -18.423  -48.239  37.606 0.1000000015
47555  -20.285  -47.930  35.315 0.1000000015
47556  -21.182  -47.420  35.748 0.1000000015
48622  -23.984  -46.473  34.685 0.1000000015
49652  -25.254  -46.115  35.006 0.1000000015
50717  -26.508  -45.289  34.487 0.1000000015
50702  -27.877  -44.792  34.864 0.1000000015
50703  -28.728  -44.632  34.632 0.1000000015
46448  -18.344  -48.606  36.925 0.1000000015
46449  -18.951  -48.345  36.766 0.1000000015
46468  -19.718  -48.122  35.727 0.1000000015
47567  -21.069  -47.710  34.549 0.1000000015
48634  -23.979  -46.696  33.665 0.1000000015
49665  -25.092  -46.163  33.745 0.1000000015
50718  -27.235  -45.059  34.171 0.1000000015
50720  -28.677  -44.728  33.716 0.1000000015
46466  -18.220  -49.026  35.681 0.1000000015
46467  -19.087  -48.367  36.036 0.1000000015
46488  -19.632  -48.330  35.105 0.1000000015
48632  -22.177  -47.099  34.371 0.1000000015
47580  -23.194  -47.380  33.285 0.1000000015
49681  -25.947  -45.764  33.044 0.1000000015
47566  -20.254  -48.136  34.312 0.1000000015
47578  -20.993  -48.008  33.432 0.1000000015
46504  -19.542  -48.636  34.178 0.1000000015
46396  -19.959  -48.556  41.144 0.3000000119
46397  -20.569  -48.556  40.669 0.2000000030
46377  -20.460  -48.068  41.437 0.2000000030
47484  -20.959  -47.375  41.211 0.1000000015
48544  -21.818  -47.127  40.841 0.1000000015
48541  -19.415  -46.821  41.766 0.1000000015
48542  -20.096  -46.688  41.579 0.1000000015
47480  -17.356  -48.220  40.759 0.1000000015
47499  -18.722  -47.236  40.695 0.1000000015
46395  -17.441  -48.263  39.471 0.1000000015
47511  -18.479  -47.628  38.976 0.1000000015
45339  -16.353  -50.118  37.021 0.1000000015
45340  -16.971  -49.589  36.748 0.1000000015
46465  -17.671  -49.318  35.831 0.1000000015
45368  -17.542  -49.866  34.833 0.1000000015
46486  -18.499  -49.195  34.849 0.1000000015
46487  -18.957  -48.791  35.001 0.1000000015
45388  -18.093  -49.666  33.975 0.1000000015
46503  -18.736  -49.085  34.039 0.1000000015
45290  -18.935  -49.402  41.426 0.1000000015
45291  -19.453  -48.924  41.295 0.1000000015
46376  -19.716  -48.401  41.659 0.2000000030
46367  -19.990  -47.947  41.950 0.2000000030
44232  -18.323  -50.181  41.449 0.2000000030
45301  -19.246  -49.319  41.016 0.2000000030
47471  -19.892  -47.451  42.123 0.2000000030
47481  -18.117  -47.730  41.142 0.1000000015
48533  -19.622  -46.957  42.225 0.2000000030
48534  -20.234  -46.904  41.949 0.2000000030
47482  -18.690  -47.289  41.542 0.1000000015
46375  -16.648  -48.651  40.974 0.1000000015
56041  -39.768  -40.295  30.530 0.1000000015
55994  -39.008  -39.594  31.821 0.1000000015
46366  -19.223  -48.246  42.055 0.2000000030
44231  -17.775  -50.598  41.783 0.2000000030
45284  -18.415  -49.244  42.046 0.2000000030
45285  -19.160  -48.832  41.761 0.1000000015
45279  -17.815  -49.131  42.403 0.1000000015
46365  -18.273  -48.471  42.198 0.1000000015
47470  -19.073  -47.623  42.158 0.1000000015
46364  -17.538  -48.495  42.220 0.1000000015
47468  -17.486  -48.164  41.659 0.1000000015
55093  -39.519  -40.390  17.586 0.2000000030
55076  -40.554  -40.620  18.407 0.3000000119
55077  -41.003  -40.588  18.765 0.3000000119
55092  -38.720  -40.525  17.499 0.2000000030
56240  -40.146  -39.763  17.450 0.2000000030
56223  -41.055  -39.831  19.539 0.3000000119
56229  -40.957  -39.815  18.529 0.3000000119
56228  -40.522  -39.982  18.001 0.2000000030
56241  -40.691  -39.329  17.626 0.2000000030
59234  -45.991  -37.060  18.634 0.2000000030
58276  -45.873  -37.099  16.432 0.2000000030
59260  -46.172  -36.890  17.266 0.2000000030
56222  -40.736  -39.338  19.832 0.3000000119
57276  -41.108  -38.761  18.677 0.3000000119
57285  -41.215  -38.688  17.772 0.2000000030
58243  -41.636  -37.624  18.036 0.2000000030
59210  -46.305  -36.294  20.444 0.2000000030
60376  -46.552  -35.615  20.104 0.2000000030
58259  -41.629  -37.895  17.044 0.2000000030
59209  -45.473  -36.447  20.119 0.2000000030
57298  -40.269  -38.875  16.402 0.2000000030
57299  -40.840  -38.625  16.641 0.2000000030
58232  -45.832  -37.221  19.291 0.2000000030
58289  -42.635  -37.699  15.399 0.2000000030
59272  -43.408  -36.685  16.096 0.2000000030
59273  -44.050  -36.641  15.971 0.2000000030
59274  -45.051  -36.758  16.075 0.2000000030
59237  -51.673  -36.611  18.686 0.2000000030
60411  -50.085  -35.520  18.700 0.2000000030
61585  -49.172  -35.044  18.873 0.2000000030
60377  -47.603  -35.525  20.012 0.2000000030
60395  -46.069  -35.155  19.698 0.2000000030
60396  -46.814  -35.099  19.671 0.2000000030
58244  -41.933  -36.952  17.814 0.2000000030
60375  -45.669  -35.567  19.909 0.2000000030
58260  -42.317  -36.979  17.289 0.2000000030
58261  -42.948  -36.679  17.023 0.2000000030
58275  -42.900  -36.843  16.427 0.2000000030
60413  -52.366  -35.807  18.583 0.2000000030
61599  -50.764  -34.604  18.113 0.2000000030
60412  -51.244  -35.649  18.425 0.2000000030
61601  -52.936  -34.992  18.692 0.2000000030
61609  -50.023  -34.337  17.959 0.2000000030
61584  -48.542  -34.715  19.131 0.2000000030
61583  -47.437  -34.525  19.454 0.2000000030
61581  -45.411  -34.753  19.604 0.2000000030
61582  -46.384  -34.425  19.424 0.2000000030
61561  -45.210  -35.258  19.752 0.2000000030
62697  -52.628  -34.204  18.861 0.2000000030
61586  -53.365  -34.369  19.231 0.2000000030
62706  -50.019  -34.078  17.831 0.2000000030
62660  -53.810  -33.332  20.866 0.2000000030
70247  -55.468  -26.129  14.666 0.5000000000
76002  -60.584  -21.433  11.721 0.1000000015
77076  -61.219  -20.559  11.139 0.1000000015
78207  -60.863  -19.564  10.585 0.1000000015
76003  -61.647  -21.561  11.746 0.1000000015
77080  -61.557  -20.039  10.596 0.1000000015
77000  -60.214  -20.745  17.616 0.3000000119
76991  -59.839  -20.400  18.150 0.3000000119
70236  -55.799  -25.920  15.144 0.5000000000
71452  -56.684  -25.442  15.148 0.5000000000
78206  -59.838  -19.310  10.918 0.2000000030
77077  -62.319  -21.023  11.248 0.1000000015
79312  -61.320  -18.998  10.026 0.1000000015
77078  -62.809  -21.324  11.174 0.1000000015
77081  -62.131  -20.335  10.646 0.1000000015
77082  -62.946  -20.703  10.573 0.1000000015
78209  -62.519  -19.975  10.242 0.1000000015
70003  -48.599  -26.326  32.735 0.1000000015
71178  -49.132  -25.373  32.573 0.2000000030
70014  -49.228  -26.126  32.151 0.2000000030
78051  -57.390  -20.164  20.026 0.3000000119
78050  -57.026  -20.188  20.275 0.3000000119
75836  -57.119  -21.213  19.765 0.3000000119
75858  -57.040  -21.309  19.814 0.3000000119
75859  -57.612  -21.154  19.537 0.3000000119
76963  -57.567  -20.261  19.868 0.3000000119
75860  -58.066  -21.073  19.347 0.3000000119
76965  -58.372  -20.700  19.357 0.3000000119
78094  -59.135  -19.657  18.797 0.2000000030
76992  -60.307  -19.815  17.684 0.2000000030
77001  -60.585  -20.236  17.294 0.2000000030
75958  -59.624  -21.055  15.828 0.1000000015
78136  -59.644  -20.093  14.146 0.2000000030
78175  -59.844  -19.138  13.081 0.2000000030
72634  -56.979  -24.472  15.550 0.4000000060
73751  -57.316  -23.708  15.466 0.3000000119
75957  -58.533  -21.609  15.478 0.3000000119
79283  -60.069  -18.490  12.699 0.1000000015
79295  -59.351  -18.810  11.921 0.3000000119
79296  -59.700  -18.126  11.648 0.2000000030
78205  -59.349  -19.265  11.429 0.2000000030
80350  -59.951  -17.246  11.395 0.2000000030
79310  -59.415  -18.715  11.171 0.2000000030
79311  -59.968  -18.433  10.461 0.2000000030
79328  -60.091  -17.902  9.819 0.2000000030
78208  -61.869  -19.670  10.229 0.1000000015
78217  -62.911  -19.758  9.763 0.1000000015
71179  -49.637  -25.202  32.016 0.2000000030
71194  -49.894  -25.004  31.417 0.3000000119
78049  -56.411  -20.079  20.863 0.3000000119
78060  -56.990  -19.893  20.227 0.3000000119
75835  -56.831  -20.986  20.289 0.3000000119
78061  -57.831  -19.849  19.894 0.2000000030
78076  -57.654  -19.691  19.574 0.2000000030
78077  -58.420  -19.823  19.538 0.3000000119
79225  -59.508  -18.905  18.120 0.2000000030
80283  -59.566  -17.985  17.018 0.1000000015
78104  -60.607  -19.234  17.219 0.1000000015
79240  -60.460  -18.126  16.848 0.1000000015
78114  -60.916  -19.703  16.866 0.1000000015
80293  -60.386  -17.818  16.157 0.1000000015
77013  -61.045  -19.598  15.937 0.1000000015
77040  -60.659  -20.022  15.081 0.1000000015
78152  -60.061  -19.460  13.719 0.1000000015
80294  -60.742  -17.960  15.789 0.1000000015
79253  -60.949  -18.455  15.722 0.1000000015
79264  -60.974  -18.511  14.842 0.1000000015
79272  -60.829  -18.491  13.754 0.1000000015
80340  -60.410  -17.659  12.250 0.1000000015
80363  -59.636  -17.289  10.264 0.2000000030
81414  -59.585  -16.232  9.996 0.2000000030
79313  -61.978  -19.271  9.864 0.1000000015
79330  -62.170  -18.853  9.384 0.1000000015
76010  -63.091  -21.408  10.114 0.1000000015
72372  -49.576  -24.478  32.339 0.2000000030
72373  -50.044  -24.318  31.775 0.2000000030
78059  -56.060  -19.778  20.405 0.3000000119
78075  -56.725  -19.590  19.629 0.2000000030
78112  -55.511  -19.996  16.874 0.2000000030
78125  -55.945  -20.208  15.870 0.2000000030
78093  -58.305  -19.334  18.975 0.2000000030
78113  -56.417  -19.576  16.809 0.1000000015
78126  -56.859  -19.577  15.715 0.1000000015
79224  -58.837  -18.802  18.418 0.2000000030
78134  -56.146  -19.929  14.648 0.1000000015
79251  -57.771  -19.009  15.563 0.1000000015
79238  -57.437  -18.982  16.842 0.1000000015
79230  -58.378  -18.633  17.579 0.1000000015
78135  -57.196  -19.446  14.553 0.1000000015
79262  -57.983  -18.782  14.436 0.1000000015
79239  -58.409  -18.614  16.457 0.1000000015
80282  -58.943  -18.285  17.044 0.1000000015
79269  -57.874  -18.241  13.235 0.1000000015
79252  -58.561  -18.414  15.393 0.1000000015
80291  -59.140  -18.160  16.254 0.1000000015
79263  -58.584  -17.966  14.355 0.1000000015
80292  -59.800  -17.745  16.197 0.1000000015
79270  -58.541  -17.500  13.561 0.1000000015
80305  -59.946  -17.241  15.257 0.1000000015
80307  -60.876  -17.792  15.044 0.1000000015
80320  -61.076  -17.735  14.313 0.1000000015
79284  -60.901  -17.964  12.919 0.1000000015
80341  -61.156  -17.306  12.685 0.1000000015
80329  -58.694  -16.893  13.340 0.1000000015
80318  -59.258  -17.088  14.177 0.1000000015
80319  -59.873  -16.701  14.441 0.1000000015
81347  -61.021  -17.352  14.553 0.1000000015
81361  -61.269  -16.705  14.022 0.1000000015
80351  -60.771  -17.012  12.063 0.1000000015
81402  -59.925  -16.312  10.939 0.2000000030
80379  -60.265  -17.366  9.248 0.1000000015
80384  -60.445  -16.873  8.733 0.1000000015
80381  -62.019  -18.399  8.831 0.1000000015
76032  -62.775  -21.270  8.807 0.1000000015
76018  -63.185  -21.294  9.362 0.1000000015
80380  -61.360  -18.159  8.877 0.1000000015
76017  -62.926  -21.630  9.307 0.1000000015
79336  -62.300  -18.523  8.749 0.1000000015
73519  -49.242  -23.831  32.472 0.2000000030
72358  -48.916  -24.687  32.837 0.2000000030
73520  -49.996  -23.660  31.853 0.2000000030
74586  -50.448  -23.060  31.521 0.3000000119
78058  -54.956  -19.869  20.432 0.3000000119
78074  -55.691  -19.642  19.626 0.3000000119
78101  -54.973  -19.874  17.739 0.2000000030
78111  -54.736  -20.399  16.982 0.2000000030
78102  -55.901  -19.601  17.773 0.2000000030
78092  -57.445  -19.245  18.731 0.2000000030
77011  -54.726  -20.715  16.458 0.2000000030
78091  -56.343  -19.496  18.735 0.2000000030
79229  -57.653  -18.949  17.986 0.2000000030
79222  -57.730  -19.014  18.388 0.2000000030
79223  -58.077  -18.935  18.391 0.2000000030
80328  -58.149  -17.188  12.766 0.1000000015
81380  -59.060  -16.168  13.291 0.1000000015
82402  -60.349  -15.535  13.596 0.1000000015
81403  -60.651  -16.294  11.688 0.1000000015
81431  -60.036  -16.147  9.055 0.2000000030
80385  -60.993  -17.339  8.493 0.1000000015
77102  -63.094  -20.694  8.553 0.1000000015
79337  -62.777  -18.849  8.404 0.1000000015
76033  -63.113  -21.326  8.946 0.1000000015
78227  -63.180  -19.813  8.895 0.1000000015
73518  -48.541  -23.810  32.717 0.1000000015
74584  -48.766  -23.473  31.991 0.1000000015
74585  -49.806  -23.337  31.538 0.1000000015
77975  -52.645  -20.526  26.498 0.3000000119
78011  -52.773  -20.376  25.620 0.2000000030
78046  -53.106  -19.881  21.292 0.3000000119
76961  -51.854  -20.212  20.063 0.2000000030
78057  -53.864  -19.859  20.403 0.3000000119
78087  -52.778  -19.966  18.705 0.2000000030
78072  -53.643  -19.720  19.424 0.2000000030
78073  -54.642  -19.710  19.550 0.2000000030
78099  -53.550  -20.184  17.818 0.2000000030
78089  -54.333  -19.752  18.565 0.2000000030
78110  -54.295  -20.498  17.162 0.2000000030
78090  -55.322  -19.677  18.678 0.2000000030
78149  -56.516  -19.529  13.392 0.1000000015
79268  -57.168  -18.970  12.881 0.1000000015
79281  -57.636  -17.698  12.316 0.1000000015
80339  -57.698  -17.023  11.924 0.1000000015
81379  -58.471  -16.506  12.863 0.1000000015
82424  -59.887  -15.333  13.464 0.1000000015
82403  -60.760  -15.786  13.652 0.1000000015
81393  -61.499  -16.338  12.956 0.1000000015
82442  -61.212  -15.421  12.034 0.1000000015
82456  -60.448  -15.349  11.194 0.1000000015
81413  -59.739  -15.607  9.629 0.2000000030
77974  -52.136  -20.716  26.108 0.2000000030
77991  -52.025  -20.269  25.257 0.2000000030
78008  -51.544  -19.787  23.660 0.2000000030
78045  -52.395  -19.967  21.226 0.2000000030
78055  -52.194  -19.996  20.696 0.2000000030
78056  -52.783  -19.793  20.277 0.2000000030
78148  -55.308  -19.998  13.513 0.1000000015
81390  -58.023  -16.303  12.227 0.1000000015
83483  -59.659  -14.385  12.900 0.1000000015
84627  -60.741  -14.202  12.583 0.1000000015
83484  -61.129  -14.479  11.929 0.1000000015
82455  -59.879  -15.601  10.702 0.1000000015
80386  -62.012  -17.942  8.285 0.1000000015
78234  -63.019  -19.654  7.790 0.1000000015
77113  -62.857  -20.226  7.146 0.1000000015
77111  -61.179  -20.023  7.317 0.1000000015
77112  -62.045  -20.114  7.238 0.1000000015
78233  -60.868  -19.835  6.643 0.1000000015
76914  -50.962  -20.175  23.032 0.2000000030
78172  -55.660  -19.714  12.336 0.1000000015
78192  -55.872  -19.197  11.402 0.1000000015
79280  -57.111  -18.357  12.131 0.1000000015
81391  -58.484  -15.943  12.660 0.1000000015
83482  -59.174  -14.534  12.724 0.1000000015
84626  -60.404  -14.007  12.656 0.1000000015
84640  -61.199  -13.930  11.953 0.1000000015
83501  -60.905  -14.519  11.285 0.1000000015
83514  -60.084  -14.391  10.466 0.1000000015
82497  -60.269  -15.630  8.503 0.1000000015
79340  -63.322  -18.657  7.163 0.1000000015
80387  -62.694  -18.136  7.565 0.1000000015
78244  -63.046  -19.414  6.625 0.1000000015
77125  -61.283  -19.844  6.322 0.1000000015
77126  -62.161  -19.758  6.277 0.1000000015
77124  -60.794  -19.830  6.045 0.1000000015
77127  -62.657  -19.600  6.055 0.1000000015
78266  -62.907  -19.172  5.497 0.1000000015
78173  -56.504  -19.134  12.249 0.1000000015
79294  -56.688  -17.999  11.254 0.1000000015
80338  -57.223  -17.548  11.633 0.1000000015
84636  -58.555  -14.103  11.908 0.1000000015
84637  -58.853  -13.867  12.058 0.1000000015
85860  -59.140  -13.136  11.791 0.1000000015
85861  -59.806  -13.232  11.892 0.1000000015
84659  -60.928  -13.815  11.449 0.1000000015
82469  -59.656  -15.154  10.196 0.1000000015
85875  -59.298  -12.611  11.191 0.1000000015
85876  -59.931  -12.779  11.145 0.1000000015
85877  -60.456  -13.077  10.823 0.1000000015
82487  -60.136  -15.375  9.031 0.1000000015
82498  -60.689  -15.823  7.793 0.1000000015
81435  -61.374  -16.806  7.929 0.1000000015
87038  -59.799  -12.360  10.219 0.1000000015
85863  -60.826  -13.492  11.633 0.1000000015
84672  -60.490  -13.675  10.634 0.1000000015
80390  -62.905  -18.136  7.078 0.1000000015
81436  -62.105  -17.302  7.274 0.1000000015
79346  -64.595  -18.488  6.973 0.1000000015
81437  -62.699  -17.843  7.161 0.1000000015
79345  -63.346  -18.646  6.271 0.1000000015
81441  -64.148  -17.862  6.767 0.1000000015
84657  -58.380  -13.943  11.473 0.1000000015
84658  -58.642  -13.269  11.490 0.1000000015
85873  -58.183  -13.054  11.007 0.1000000015
83524  -60.163  -14.268  9.234 0.1000000015
84677  -60.227  -13.532  9.527 0.1000000015
83537  -60.200  -14.780  8.230 0.1000000015
87048  -60.009  -12.340  9.521 0.1000000015
85888  -60.281  -12.905  9.668 0.1000000015
82499  -61.456  -16.020  7.268 0.1000000015
81439  -62.220  -17.150  6.798 0.1000000015
80394  -63.337  -18.125  5.894 0.1000000015
80398  -62.783  -17.604  4.820 0.1000000015
85887  -58.208  -12.468  10.705 0.1000000015
88138  -58.880  -11.579  10.179 0.1000000015
84685  -60.523  -14.055  7.488 0.1000000015
84684  -60.317  -13.548  8.303 0.1000000015
83538  -60.871  -14.925  7.246 0.1000000015
82503  -61.819  -16.321  6.568 0.1000000015
82509  -62.279  -16.837  6.142 0.1000000015
81446  -63.750  -18.006  6.767 0.1000000015
87035  -58.578  -12.138  10.617 0.1000000015
83547  -61.691  -14.959  6.813 0.1000000015
84694  -61.267  -13.817  6.876 0.1000000015
83556  -61.927  -14.936  6.105 0.1000000015
85900  -61.043  -12.674  7.845 0.1000000015
85906  -61.449  -12.808  7.135 0.1000000015
85907  -62.037  -12.975  6.641 0.1000000015
84702  -62.099  -13.919  6.421 0.1000000015
50638  -25.622  -46.220  37.237 0.1000000015
50637  -24.884  -46.406  37.274 0.1000000015
50656  -25.147  -46.260  36.736 0.1000000015
49639  -24.775  -46.252  35.880 0.1000000015
49653  -26.019  -45.697  34.834 0.1000000015
50657  -25.915  -45.970  36.656 0.1000000015
49666  -25.858  -45.610  34.105 0.1000000015
50734  -26.619  -45.367  33.540 0.1000000015
75924  -59.657  -21.215  17.576 0.3000000119
77026  -59.776  -20.603  15.099 0.2000000030
77038  -59.444  -20.389  14.334 0.2000000030
77055  -58.872  -20.556  13.408 0.2000000030
75944  -60.024  -21.160  16.744 0.2000000030
77067  -58.702  -21.037  12.207 0.2000000030
78196  -60.282  -20.000  11.044 0.1000000015
75970  -59.003  -20.984  14.902 0.2000000030
75984  -58.691  -20.962  14.079 0.2000000030
79282  -59.452  -19.121  12.555 0.2000000030
76998  -53.498  -20.601  17.368 0.2000000030
78100  -54.096  -20.172  17.644 0.2000000030
78133  -54.878  -20.533  14.886 0.1000000015
76989  -52.627  -20.368  18.094 0.2000000030
76945  -51.865  -20.321  21.150 0.2000000030
76977  -52.342  -20.067  19.105 0.2000000030
77010  -54.208  -20.782  16.682 0.2000000030
43212  -17.914  -50.957  41.300 0.2000000030
45302  -19.673  -49.096  40.589 0.2000000030
45304  -22.004  -49.006  40.050 0.4000000060
46398  -21.494  -48.726  40.283 0.2000000030
49591  -27.689  -46.189  38.709 0.2000000030
59259  -45.379  -36.401  16.889 0.2000000030
59220  -45.333  -36.652  19.503 0.2000000030
61560  -44.963  -35.073  19.714 0.2000000030
63824  -46.909  -32.493  18.632 0.2000000030
62694  -49.564  -33.557  17.848 0.2000000030
62659  -53.213  -33.132  20.319 0.2000000030
51752  -29.541  -44.777  34.227 0.1000000015
56239  -39.573  -39.791  17.161 0.2000000030
78035  -51.885  -19.994  22.140 0.2000000030
55094  -40.147  -40.367  17.892 0.2000000030
76930  -51.992  -20.077  21.738 0.2000000030
73533  -50.469  -23.688  31.637 0.3000000119
75884  -57.288  -21.656  19.453 0.3000000119
75925  -60.315  -20.874  17.241 0.3000000119
70258  -54.572  -26.788  13.788 0.4000000060
50624  -25.340  -46.452  37.714 0.1000000015
47485  -21.958  -47.585  40.687 0.1000000015
48582  -21.776  -46.250  38.709 0.1000000015
49625  -22.520  -46.253  37.762 0.1000000015
49614  -23.731  -46.408  37.695 0.1000000015
48602  -21.386  -46.995  37.068 0.1000000015
48603  -21.913  -46.519  37.384 0.1000000015
49638  -24.185  -46.343  36.351 0.1000000015
50655  -24.503  -46.357  36.882 0.1000000015
48591  -20.271  -46.969  38.300 0.1000000015
49650  -23.651  -46.445  35.912 0.1000000015
48613  -23.139  -46.555  35.972 0.1000000015
50676  -24.783  -46.284  36.399 0.1000000015
48633  -22.787  -46.954  34.152 0.1000000015
50737  -28.735  -44.769  33.208 0.1000000015
51766  -29.015  -44.656  33.551 0.1000000015
51767  -29.475  -44.803  33.345 0.1000000015
48635  -24.760  -46.455  33.162 0.1000000015
49694  -25.262  -46.454  31.672 0.1000000015
51825  -27.693  -45.015  31.331 0.1000000015
51782  -28.771  -44.810  32.689 0.1000000015
50775  -26.560  -45.605  30.951 0.1000000015
51826  -28.097  -44.936  31.004 0.1000000015
48543  -20.843  -46.703  41.233 0.1000000015
49563  -21.273  -46.518  40.797 0.1000000015
49584  -21.636  -46.276  39.980 0.1000000015
48557  -22.419  -46.884  40.006 0.1000000015
48571  -20.873  -46.112  40.046 0.1000000015
49587  -24.218  -46.540  38.786 0.1000000015
48569  -19.363  -46.847  40.526 0.1000000015
47513  -19.843  -46.889  39.259 0.1000000015
47520  -19.138  -47.497  38.393 0.1000000015
47521  -19.785  -47.082  38.670 0.1000000015
50659  -27.467  -44.997  36.664 0.1000000015
50679  -26.842  -45.079  35.918 0.1000000015
50700  -26.416  -45.415  35.270 0.1000000015
50678  -26.196  -45.677  35.991 0.1000000015
50680  -27.698  -44.841  35.783 0.1000000015
46447  -17.598  -49.151  36.395 0.1000000015
47581  -23.684  -47.151  32.972 0.1000000015
45369  -18.107  -49.495  34.910 0.1000000015
47472  -20.494  -47.152  41.783 0.1000000015
48553  -19.099  -46.856  41.291 0.1000000015
47467  -17.007  -48.394  41.400 0.1000000015
46394  -16.800  -48.645  39.871 0.1000000015
47497  -17.367  -48.174  40.024 0.1000000015
46416  -17.834  -48.020  38.834 0.1000000015
47498  -18.013  -47.742  39.943 0.1000000015
46415  -17.222  -48.730  38.617 0.1000000015
45327  -16.761  -49.491  37.818 0.1000000015
45352  -17.204  -49.631  35.738 0.1000000015
45367  -16.767  -50.284  34.893 0.1000000015
46502  -18.364  -49.376  34.465 0.1000000015
45389  -18.485  -49.364  33.531 0.1000000015
47469  -18.403  -47.775  41.931 0.1000000015
56264  -40.414  -39.193  17.149 0.2000000030
59249  -46.204  -36.870  18.191 0.2000000030
59211  -46.993  -36.034  20.616 0.2000000030
58273  -41.588  -38.066  16.443 0.2000000030
58274  -42.221  -37.572  16.136 0.2000000030
60410  -49.501  -35.192  18.793 0.2000000030
61597  -49.028  -34.086  18.331 0.2000000030
61598  -49.661  -34.582  18.302 0.2000000030
61563  -48.146  -35.194  19.679 0.2000000030
61562  -47.943  -34.961  19.616 0.2000000030
60394  -45.686  -35.185  19.742 0.2000000030
61600  -51.965  -34.814  18.496 0.2000000030
70259  -55.443  -26.798  13.794 0.5000000000
70237  -56.108  -25.986  15.171 0.5000000000
78095  -59.951  -19.397  17.928 0.2000000030
79329  -60.810  -18.376  9.553 0.1000000015
78216  -62.346  -19.511  9.897 0.1000000015
76964  -57.841  -20.570  19.632 0.3000000119
78078  -58.738  -20.166  19.381 0.3000000119
75945  -60.530  -20.670  16.788 0.1000000015
77027  -60.438  -20.418  15.542 0.1000000015
77039  -60.211  -20.140  14.827 0.1000000015
78151  -59.521  -19.997  13.828 0.2000000030
78137  -59.950  -19.910  14.255 0.1000000015
78174  -59.292  -19.719  13.033 0.2000000030
79271  -60.356  -18.973  13.393 0.1000000015
74858  -57.584  -23.031  15.294 0.3000000119
74859  -57.823  -22.314  14.877 0.3000000119
79231  -59.259  -18.465  17.657 0.1000000015
79232  -60.094  -18.468  17.429 0.1000000015
80284  -60.150  -17.849  16.856 0.1000000015
78105  -60.806  -18.768  16.805 0.1000000015
79241  -60.763  -18.350  16.453 0.1000000015
78115  -60.997  -19.159  16.400 0.2000000030
77012  -60.895  -20.118  16.333 0.1000000015
80306  -60.486  -17.540  15.245 0.1000000015
78127  -61.033  -19.187  15.503 0.1000000015
75959  -60.386  -20.736  16.250 0.1000000015
77028  -60.899  -19.846  15.480 0.1000000015
78138  -60.685  -19.450  14.571 0.1000000015
78153  -60.564  -19.114  13.845 0.1000000015
80330  -61.224  -17.549  13.493 0.1000000015
79331  -62.871  -19.282  9.165 0.1000000015
77088  -63.239  -20.627  9.568 0.1000000015
78150  -57.437  -19.106  13.659 0.1000000015
80304  -59.258  -17.761  15.294 0.1000000015
81346  -60.758  -17.133  14.605 0.1000000015
81382  -61.463  -16.863  13.182 0.1000000015
81358  -59.591  -16.356  13.940 0.1000000015
81345  -60.315  -16.849  14.625 0.1000000015
81360  -60.595  -16.354  14.092 0.1000000015
81362  -61.140  -16.200  14.004 0.1000000015
74899  -62.976  -21.748  9.803 0.1000000015
78103  -56.880  -19.304  17.821 0.2000000030
81392  -61.266  -16.479  12.432 0.1000000015
81381  -59.616  -15.839  13.596 0.1000000015
81359  -60.058  -16.091  14.029 0.1000000015
83452  -60.840  -15.255  13.261 0.1000000015
83512  -59.959  -14.686  9.495 0.1000000015
76962  -52.430  -19.885  19.683 0.2000000030
78088  -53.370  -19.900  18.397 0.2000000030
78071  -52.872  -19.801  19.265 0.2000000030
80349  -57.268  -16.897  11.384 0.1000000015
82423  -59.381  -15.326  13.147 0.1000000015
83464  -59.663  -14.811  13.077 0.1000000015
83465  -60.122  -14.597  13.028 0.1000000015
83453  -61.118  -15.407  13.256 0.1000000015
82425  -61.262  -15.479  12.675 0.1000000015
77990  -51.375  -19.719  24.794 0.1000000015
82440  -58.143  -15.412  12.183 0.1000000015
84625  -59.835  -13.930  12.914 0.1000000015
83466  -60.601  -14.665  12.906 0.1000000015
84639  -60.618  -13.796  12.396 0.1000000015
82454  -57.734  -15.666  11.685 0.1000000015
82441  -58.781  -15.316  12.695 0.1000000015
84638  -59.630  -13.807  12.576 0.1000000015
85862  -60.477  -13.405  11.936 0.1000000015
77151  -61.445  -19.714  5.345 0.1000000015
77152  -62.192  -19.591  5.341 0.1000000015
81440  -62.886  -17.622  6.719 0.1000000015
80395  -64.220  -18.320  6.677 0.1000000015
82504  -62.265  -17.046  6.567 0.1000000015
81445  -62.809  -17.368  5.813 0.1000000015
82508  -61.761  -15.906  5.739 0.1000000015
69167  -54.599  -27.961  12.674 0.2000000030
69159  -55.006  -27.396  13.246 0.2000000030
70248  -56.621  -26.275  14.707 0.4000000060
73774  -57.714  -23.570  13.948 0.3000000119
71453  -57.146  -24.992  14.882 0.3000000119
73764  -57.482  -23.586  14.653 0.3000000119
72659  -58.000  -24.038  13.724 0.3000000119
74871  -57.642  -23.032  14.457 0.2000000030
77955  -51.690  -20.916  26.654 0.2000000030
77973  -51.424  -20.260  25.794 0.2000000030
76928  -50.476  -20.834  22.258 0.1000000015
76944  -50.965  -20.825  21.027 0.1000000015
77956  -52.196  -20.613  27.028 0.2000000030
69158  -53.944  -27.515  13.014 0.2000000030
76976  -51.711  -20.580  18.860 0.1000000015
76960  -51.024  -20.950  19.674 0.1000000015
76990  -53.248  -20.208  17.898 0.1000000015
76902  -50.644  -20.008  24.137 0.1000000015
75969  -58.248  -21.600  14.384 0.2000000030
69151  -56.228  -26.739  14.095 0.3000000119
69166  -54.097  -27.970  12.625 0.2000000030
69168  -55.519  -27.832  12.539 0.2000000030
69160  -55.977  -27.180  13.235 0.2000000030
69152  -56.788  -26.723  14.239 0.4000000060
74872  -57.969  -22.609  13.703 0.2000000030
72650  -57.601  -24.485  14.279 0.3000000119
38894  -16.696  -55.820  38.212 0.1000000015
37784  -16.795  -56.792  38.619 0.1000000015
36665  -16.397  -57.420  37.182 0.1000000015
43210  -16.486  -51.679  41.463 0.1000000015
39995  -16.948  -55.029  36.766 0.1000000015
38903  -16.676  -55.830  37.194 0.1000000015
37792  -16.648  -56.715  37.676 0.1000000015
43202  -15.898  -51.335  41.960 0.1000000015
43200  -14.424  -51.666  41.587 0.1000000015
44224  -17.313  -50.476  42.165 0.1000000015
44225  -17.917  -50.058  42.054 0.1000000015
45276  -15.578  -50.177  42.236 0.1000000015
45277  -16.472  -49.883  42.373 0.1000000015
44223  -16.563  -50.558  42.286 0.1000000015
44222  -14.472  -51.142  41.633 0.1000000015
43221  -17.567  -51.484  40.819 0.1000000015
45283  -17.629  -49.708  42.326 0.1000000015
45282  -17.043  -49.989  42.343 0.1000000015
54909  -42.425  -40.499  30.564 0.1000000015
56022  -43.082  -39.760  31.579 0.1000000015
57090  -43.811  -38.554  32.741 0.1000000015
57066  -43.003  -37.847  33.208 0.1000000015
57043  -43.951  -37.322  33.926 0.1000000015
58069  -43.366  -36.997  34.290 0.1000000015
42121  -17.037  -52.217  40.123 0.1000000015
43195  -15.444  -50.986  42.040 0.1000000015
43201  -15.134  -51.524  41.778 0.1000000015
44219  -15.855  -50.594  42.271 0.1000000015
44217  -14.871  -51.089  41.965 0.1000000015
44218  -15.339  -50.730  42.052 0.1000000015
43211  -17.295  -51.172  41.579 0.1000000015
43203  -16.762  -51.095  42.045 0.1000000015
57067  -43.806  -37.795  33.505 0.1000000015
75758  -49.965  -22.298  27.105 0.1000000015
70260  -57.158  -26.603  14.299 0.2000000030
70262  -58.505  -26.288  13.706 0.2000000030
76875  -51.039  -21.061  26.166 0.1000000015
70261  -57.769  -26.545  14.054 0.2000000030
70249  -57.385  -26.157  14.540 0.3000000119
70251  -58.670  -25.825  14.008 0.2000000030
70250  -58.058  -25.965  14.272 0.2000000030
76891  -50.601  -20.217  25.311 0.1000000015
71470  -57.045  -25.859  14.786 0.3000000119
71471  -57.460  -25.474  14.594 0.3000000119
71472  -58.272  -25.353  14.120 0.3000000119
71473  -59.101  -25.458  13.898 0.2000000030
75723  -49.967  -22.337  28.835 0.1000000015
75696  -49.865  -22.853  30.261 0.1000000015
74611  -49.203  -23.332  30.413 0.1000000015
75709  -50.192  -22.419  29.712 0.1000000015
76890  -50.280  -21.234  25.707 0.1000000015
76901  -50.109  -20.830  24.635 0.1000000015
75738  -50.144  -22.259  27.836 0.1000000015
75683  -49.997  -22.856  30.575 0.1000000015
74599  -50.005  -22.977  31.010 0.1000000015
75775  -49.741  -22.199  26.170 0.1000000015
72660  -58.680  -24.264  13.734 0.3000000119
69161  -57.109  -27.063  13.600 0.2000000030
73776  -59.390  -23.674  13.410 0.2000000030
72651  -58.880  -24.899  14.026 0.2000000030
77075  -60.015  -20.689  11.390 0.1000000015
73779  -60.088  -23.443  12.963 0.2000000030
74873  -58.727  -23.046  13.242 0.2000000030
76001  -59.528  -21.407  11.724 0.2000000030
74878  -59.428  -22.804  12.781 0.2000000030
77074  -59.041  -20.709  11.744 0.2000000030
78195  -59.545  -19.931  11.374 0.2000000030
73775  -58.353  -23.577  13.501 0.1000000015
74877  -58.640  -22.369  13.052 0.2000000030
77073  -58.797  -21.222  11.967 0.2000000030
77068  -58.841  -20.443  12.505 0.1000000015
78194  -59.110  -19.672  12.045 0.2000000030
75983  -58.434  -21.552  13.341 0.1000000015
77054  -58.605  -21.063  12.728 0.1000000015
75991  -58.830  -21.757  12.288 0.2000000030
75992  -59.953  -22.153  12.115 0.2000000030
42392  -32.628  -52.806  19.147 0.1000000015
42407  -32.149  -52.316  18.413 0.1000000015
35605  -28.178  -58.555  33.943 0.1000000015
42393  -33.328  -52.441  19.698 0.1000000015
42408  -33.049  -52.020  18.742 0.1000000015
42426  -32.021  -51.772  17.770 0.1000000015
43432  -32.650  -51.525  18.109 0.1000000015
43426  -33.235  -51.489  19.228 0.1000000015
43433  -33.064  -51.217  18.574 0.1000000015
44476  -33.028  -50.964  19.443 0.1000000015
43441  -32.276  -51.132  17.305 0.1000000015
44509  -31.794  -50.644  15.887 0.1000000015
44497  -33.021  -50.884  18.526 0.1000000015
44490  -33.115  -50.864  18.828 0.1000000015
44496  -32.771  -50.595  18.170 0.1000000015
44502  -32.435  -50.294  17.064 0.1000000015
45609  -32.356  -49.765  18.888 0.1000000015
45624  -32.582  -49.830  18.410 0.1000000015
43454  -32.205  -50.715  16.539 0.1000000015
56225  -53.369  -39.782  19.423 0.1000000015
45631  -32.390  -49.588  17.583 0.1000000015
44518  -31.039  -50.471  15.325 0.1000000015
55068  -53.360  -40.634  19.135 0.1000000015
46792  -32.207  -49.115  16.831 0.1000000015
44535  -31.551  -49.697  14.719 0.1000000015
55061  -53.147  -40.484  19.883 0.1000000015
44534  -31.009  -49.965  14.451 0.1000000015
56189  -52.266  -39.677  23.134 0.1000000015
56218  -52.708  -39.869  21.054 0.1000000015
55079  -53.850  -40.847  18.602 0.1000000015
44551  -30.633  -49.685  13.926 0.1000000015
55049  -52.510  -40.832  21.462 0.1000000015
53993  -52.878  -40.941  20.121 0.1000000015
54005  -53.069  -41.358  19.731 0.1000000015
57278  -53.568  -39.149  18.986 0.1000000015
57272  -53.134  -38.846  19.710 0.1000000015
45642  -32.443  -49.689  16.736 0.1000000015
44510  -32.338  -50.115  16.126 0.1000000015
57263  -52.698  -39.262  20.533 0.1000000015
56219  -53.128  -39.757  20.254 0.1000000015
45653  -32.375  -49.477  16.136 0.1000000015
56231  -53.776  -39.930  18.537 0.1000000015
57279  -54.175  -38.817  18.439 0.1000000015
56232  -54.431  -39.669  17.841 0.1000000015
55097  -54.869  -40.171  17.603 0.1000000015
45652  -32.120  -49.363  15.536 0.1000000015
44520  -32.274  -49.743  15.713 0.1000000015
45664  -31.385  -49.499  14.456 0.1000000015
57235  -52.084  -38.831  23.457 0.1000000015
57249  -51.990  -39.086  22.440 0.1000000015
55080  -54.580  -40.709  18.039 0.1000000015
55081  -55.244  -41.109  17.933 0.1000000015
45676  -30.416  -49.475  13.597 0.1000000015
45695  -30.488  -49.019  13.308 0.1000000015
45720  -30.077  -48.902  12.603 0.1000000015
51029  -42.849  -44.658  14.272 0.1000000015
51028  -41.731  -44.450  14.244 0.1000000015
57273  -53.676  -38.462  18.999 0.1000000015
44519  -31.880  -49.983  15.223 0.1000000015
57262  -52.114  -39.211  21.286 0.1000000015
58252  -54.777  -38.057  18.099 0.1000000015
55098  -55.594  -40.586  17.608 0.1000000015
46808  -32.134  -48.962  16.046 0.1000000015
46807  -31.748  -48.709  15.464 0.1000000015
57234  -51.639  -38.359  23.612 0.1000000015
57248  -51.597  -38.405  22.785 0.1000000015
58239  -54.353  -37.714  18.896 0.1000000015
57288  -54.701  -38.818  17.664 0.1000000015
57289  -55.384  -38.744  17.271 0.1000000015
45677  -31.033  -49.316  13.939 0.1000000015
58201  -51.051  -37.885  23.090 0.1000000015
59226  -56.063  -36.100  19.587 0.1000000015
59225  -55.431  -36.470  19.212 0.1000000015
58253  -55.221  -37.291  18.563 0.1000000015
54019  -54.235  -41.476  18.596 0.1000000015
47831  -31.360  -48.343  15.751 0.1000000015
47852  -31.322  -48.191  15.275 0.1000000015
53043  -53.921  -41.920  18.915 0.1000000015
46844  -30.394  -48.399  12.895 0.1000000015
55027  -48.722  -40.155  22.791 0.1000000015
47893  -30.303  -47.650  12.419 0.1000000015
55048  -48.412  -40.486  21.796 0.1000000015
47909  -30.055  -47.433  11.391 0.1000000015
52023  -47.796  -43.711  17.721 0.1000000015
54003  -48.341  -41.614  19.712 0.1000000015
52024  -48.119  -43.396  18.287 0.1000000015
51008  -46.111  -44.416  15.513 0.1000000015
52056  -46.949  -43.758  16.570 0.1000000015
52078  -45.971  -43.469  15.398 0.1000000015
52077  -45.403  -43.682  14.788 0.1000000015
52098  -44.840  -43.439  14.295 0.1000000015
51031  -45.015  -44.204  14.522 0.1000000015
51046  -40.263  -44.247  13.798 0.1000000015
52095  -41.990  -43.901  13.919 0.1000000015
53139  -38.214  -43.181  13.143 0.1000000015
52115  -38.818  -43.851  13.496 0.1000000015
51027  -40.650  -44.747  14.242 0.1000000015
52114  -37.897  -44.041  13.554 0.1000000015
51044  -38.472  -44.595  14.101 0.1000000015
51026  -39.768  -44.823  14.377 0.1000000015
52113  -36.991  -44.049  13.558 0.1000000015
57271  -52.252  -38.678  20.358 0.1000000015
57270  -51.603  -38.666  20.923 0.1000000015
58227  -51.103  -38.264  21.235 0.1000000015
56243  -55.118  -39.607  17.418 0.1000000015
58214  -51.095  -37.961  22.100 0.1000000015
58240  -54.923  -37.092  19.032 0.1000000015
58264  -55.034  -38.284  17.603 0.1000000015
56244  -56.032  -39.611  17.233 0.1000000015
46822  -31.326  -48.572  14.599 0.1000000015
46834  -31.218  -48.902  14.169 0.1000000015
58183  -50.634  -38.033  23.462 0.1000000015
59250  -55.612  -37.058  18.146 0.1000000015
58265  -55.512  -37.694  17.581 0.1000000015
54020  -55.120  -41.629  18.363 0.1000000015
46833  -30.884  -48.549  13.881 0.1000000015
57213  -49.779  -38.326  23.348 0.1000000015
58181  -49.650  -37.976  23.080 0.1000000015
59241  -56.103  -36.162  18.964 0.1000000015
53044  -54.499  -42.172  18.905 0.1000000015
47851  -31.034  -47.772  15.108 0.1000000015
56170  -49.033  -39.074  23.156 0.1000000015
56187  -48.623  -39.019  22.786 0.1000000015
53013  -54.293  -42.805  20.494 0.1000000015
48942  -30.068  -46.719  12.143 0.1000000015
53985  -48.536  -41.402  21.340 0.1000000015
49989  -29.795  -45.442  11.791 0.1000000015
54017  -48.183  -42.123  18.895 0.1000000015
55067  -48.269  -40.858  20.160 0.1000000015
51066  -30.036  -44.483  10.760 0.1000000015
52040  -47.177  -43.404  17.010 0.1000000015
53041  -47.720  -42.657  17.996 0.1000000015
53076  -46.321  -42.688  15.971 0.1000000015
53061  -46.756  -42.562  16.786 0.1000000015
52097  -43.671  -43.648  13.853 0.1000000015
53140  -39.181  -42.975  13.062 0.1000000015
52117  -40.784  -43.411  13.378 0.1000000015
58237  -52.436  -38.127  19.544 0.1000000015
58238  -53.300  -37.839  19.140 0.1000000015
58236  -51.299  -38.037  20.106 0.1000000015
58235  -50.382  -37.113  20.068 0.1000000015
58226  -50.542  -37.515  21.234 0.1000000015
58213  -50.553  -37.401  22.285 0.1000000015
58199  -49.509  -37.482  22.786 0.1000000015
57290  -56.308  -38.599  16.871 0.1000000015
54037  -55.711  -41.382  17.955 0.1000000015
53045  -55.486  -42.377  18.979 0.1000000015
47865  -30.914  -47.893  14.394 0.1000000015
46821  -31.059  -48.354  14.289 0.1000000015
57233  -49.165  -38.280  22.913 0.1000000015
59251  -56.113  -36.588  17.816 0.1000000015
48895  -30.561  -46.986  15.121 0.1000000015
56205  -48.109  -39.540  22.106 0.1000000015
61589  -56.872  -35.004  19.135 0.1000000015
53030  -54.826  -42.642  19.666 0.1000000015
55059  -48.191  -40.689  20.918 0.1000000015
55058  -48.049  -40.059  20.346 0.1000000015
52148  -30.793  -43.827  10.500 0.1000000015
54036  -47.267  -41.678  17.474 0.1000000015
55078  -47.724  -40.615  18.144 0.1000000015
52140  -31.346  -43.084  10.879 0.1000000015
52141  -32.472  -43.202  10.943 0.1000000015
53098  -45.992  -42.738  15.521 0.1000000015
54070  -46.032  -42.243  15.634 0.1000000015
52119  -42.941  -43.053  13.609 0.1000000015
53141  -40.176  -42.734  12.965 0.1000000015
52118  -41.894  -43.379  13.546 0.1000000015
52131  -36.088  -43.285  13.144 0.1000000015
53138  -37.307  -43.344  13.254 0.1000000015
58251  -52.667  -37.607  19.116 0.1000000015
58249  -50.930  -37.221  19.144 0.1000000015
58250  -51.977  -37.478  19.138 0.1000000015
59222  -49.751  -36.254  19.877 0.1000000015
58248  -50.359  -36.618  19.380 0.1000000015
60358  -49.146  -35.832  20.977 0.1000000015
59213  -49.916  -36.645  20.893 0.1000000015
59198  -50.144  -36.800  21.841 0.1000000015
59196  -48.592  -36.344  21.582 0.1000000015
59182  -48.972  -36.713  22.287 0.1000000015
58266  -56.377  -37.483  16.899 0.1000000015
57303  -56.993  -38.164  16.633 0.1000000015
56245  -57.084  -39.556  17.201 0.1000000015
55099  -56.764  -40.482  17.540 0.1000000015
54038  -56.477  -41.330  17.910 0.1000000015
48916  -30.512  -46.985  13.917 0.1000000015
47879  -30.578  -47.769  13.418 0.1000000015
57232  -48.364  -38.204  22.437 0.1000000015
61603  -56.939  -34.974  18.660 0.1000000015
60421  -56.808  -35.899  17.268 0.1000000015
59261  -56.748  -36.676  16.842 0.1000000015
54021  -56.084  -41.945  18.396 0.1000000015
48930  -30.324  -47.059  13.013 0.1000000015
56204  -47.559  -38.935  21.536 0.1000000015
49953  -30.192  -46.193  14.415 0.1000000015
49974  -29.968  -46.134  13.181 0.1000000015
49973  -29.735  -44.998  12.893 0.1000000015
49952  -29.782  -45.270  13.989 0.1000000015
49988  -29.667  -44.716  12.251 0.1000000015
55066  -48.153  -40.610  19.268 0.1000000015
51040  -29.628  -44.236  13.547 0.1000000015
52128  -29.583  -43.486  12.114 0.1000000015
52139  -30.108  -43.204  11.245 0.1000000015
56230  -47.891  -39.527  18.674 0.1000000015
52110  -29.595  -43.395  14.138 0.1000000015
52127  -29.567  -43.208  13.035 0.1000000015
53177  -32.078  -42.480  11.408 0.1000000015
54035  -46.746  -41.753  16.865 0.1000000015
55119  -46.994  -40.339  16.797 0.1000000015
53159  -33.904  -42.047  11.914 0.1000000015
53097  -45.560  -42.629  14.994 0.1000000015
54069  -45.798  -41.569  15.457 0.1000000015
53178  -33.299  -42.473  11.566 0.1000000015
54131  -35.389  -41.701  12.447 0.1000000015
54132  -36.649  -41.830  12.558 0.1000000015
53118  -44.309  -42.448  13.905 0.1000000015
54089  -44.942  -41.538  14.623 0.1000000015
53160  -34.552  -42.722  12.223 0.1000000015
53162  -36.649  -42.838  13.000 0.1000000015
53164  -38.548  -42.324  12.701 0.1000000015
53142  -41.302  -42.283  12.889 0.1000000015
53143  -42.487  -42.287  13.279 0.1000000015
53144  -43.329  -42.289  13.549 0.1000000015
52129  -34.810  -43.575  12.294 0.1000000015
53161  -35.770  -42.651  12.766 0.1000000015
59223  -53.801  -37.155  18.982 0.1000000015
59238  -52.903  -36.900  18.778 0.1000000015
60399  -49.810  -35.819  19.323 0.1000000015
60356  -48.165  -35.812  20.486 0.1000000015
60397  -48.722  -35.277  19.503 0.1000000015
55100  -57.820  -40.435  17.543 0.1000000015
59195  -47.823  -36.337  20.954 0.1000000015
59181  -48.170  -36.896  21.870 0.1000000015
58278  -57.225  -37.481  16.525 0.1000000015
57304  -57.860  -38.387  16.624 0.1000000015
57291  -57.297  -38.837  16.837 0.1000000015
58211  -46.795  -37.086  21.097 0.1000000015
58212  -47.268  -37.288  21.304 0.1000000015
58197  -47.951  -37.669  22.048 0.1000000015
60417  -57.021  -34.973  18.320 0.1000000015
60430  -57.066  -36.230  16.714 0.1000000015
57260  -47.101  -38.040  20.937 0.1000000015
57247  -47.552  -38.130  21.742 0.1000000015
56224  -47.824  -39.356  19.726 0.1000000015
56217  -47.532  -39.140  20.662 0.1000000015
51057  -29.627  -44.248  11.735 0.1000000015
56242  -47.635  -39.708  17.720 0.1000000015
52138  -29.740  -42.715  12.189 0.1000000015
56266  -47.289  -39.876  17.107 0.1000000015
53135  -29.776  -42.402  13.845 0.1000000015
53156  -29.782  -42.158  12.908 0.1000000015
55117  -46.044  -40.993  15.765 0.1000000015
54086  -31.263  -41.308  14.559 0.1000000015
54126  -30.343  -41.517  13.194 0.1000000015
54130  -34.354  -41.553  12.204 0.1000000015
55199  -36.075  -40.800  12.485 0.1000000015
54134  -38.932  -41.415  12.498 0.1000000015
54111  -43.785  -41.951  13.664 0.1000000015
54088  -44.071  -41.359  13.884 0.1000000015
53165  -39.533  -42.134  12.598 0.1000000015
54110  -43.232  -41.276  13.453 0.1000000015
54087  -43.707  -41.092  13.701 0.1000000015
59239  -53.811  -36.548  18.887 0.1000000015
59224  -54.523  -36.697  19.086 0.1000000015
60414  -53.474  -35.832  18.728 0.1000000015
60401  -54.890  -35.684  19.575 0.1000000015
56246  -58.222  -39.454  17.054 0.1000000015
56267  -58.461  -38.843  16.713 0.1000000015
59194  -46.901  -36.702  20.932 0.1000000015
58224  -46.536  -37.287  20.681 0.1000000015
60422  -57.298  -35.031  17.478 0.1000000015
59262  -57.453  -36.711  16.461 0.1000000015
58279  -58.073  -37.531  16.406 0.1000000015
57268  -46.839  -37.821  20.454 0.1000000015
61611  -57.622  -34.258  17.555 0.1000000015
60423  -57.875  -34.646  17.039 0.1000000015
58234  -47.190  -38.100  19.546 0.1000000015
57269  -47.242  -38.387  20.068 0.1000000015
58263  -47.217  -37.676  18.386 0.1000000015
53174  -29.970  -42.192  12.309 0.1000000015
53175  -30.288  -42.296  11.871 0.1000000015
53176  -31.033  -42.380  11.447 0.1000000015
57302  -47.383  -39.169  17.262 0.1000000015
53157  -30.369  -41.791  12.439 0.1000000015
53158  -30.906  -41.841  12.005 0.1000000015
54129  -33.332  -41.507  11.909 0.1000000015
55135  -45.967  -40.247  15.769 0.1000000015
56265  -46.873  -39.497  16.615 0.1000000015
54107  -31.028  -41.111  13.641 0.1000000015
54127  -31.270  -41.101  12.592 0.1000000015
55198  -34.989  -40.781  12.455 0.1000000015
55200  -37.231  -40.733  12.488 0.1000000015
55154  -44.854  -40.726  14.766 0.1000000015
55148  -31.747  -40.691  14.035 0.1000000015
55149  -32.614  -40.279  14.247 0.1000000015
54137  -41.006  -41.047  12.601 0.1000000015
55177  -42.349  -40.348  13.270 0.1000000015
55152  -43.731  -40.700  13.838 0.1000000015
54136  -40.588  -41.147  12.521 0.1000000015
54109  -42.047  -41.335  12.939 0.1000000015
60415  -54.226  -36.054  18.995 0.1000000015
57305  -58.664  -38.337  16.556 0.1000000015
56247  -59.199  -40.024  16.941 0.1000000015
54040  -58.423  -41.297  17.917 0.1000000015
60432  -58.435  -35.334  16.341 0.1000000015
59263  -58.268  -36.636  16.212 0.1000000015
58223  -45.806  -37.176  19.952 0.1000000015
62709  -57.834  -33.600  17.285 0.1000000015
61612  -58.264  -34.238  16.889 0.1000000015
58246  -46.495  -37.370  18.749 0.1000000015
58262  -47.027  -37.500  17.708 0.1000000015
54147  -31.701  -41.802  11.855 0.1000000015
58293  -46.162  -37.666  16.155 0.1000000015
57322  -46.286  -38.527  16.049 0.1000000015
55195  -32.200  -40.635  12.684 0.1000000015
54128  -32.334  -41.195  12.088 0.1000000015
57338  -44.088  -39.241  14.561 0.1000000015
56286  -44.839  -39.438  14.919 0.1000000015
56288  -46.269  -39.659  16.035 0.1000000015
56327  -32.745  -40.306  13.360 0.1000000015
56328  -33.153  -40.217  13.353 0.1000000015
55197  -33.931  -40.685  12.529 0.1000000015
56357  -36.629  -39.917  12.764 0.1000000015
55176  -41.221  -40.457  12.832 0.1000000015
56337  -42.572  -39.647  13.730 0.1000000015
56310  -43.640  -39.800  14.186 0.1000000015
55130  -32.963  -40.559  15.090 0.1000000015
55150  -33.466  -40.040  14.599 0.1000000015
56329  -33.907  -40.009  13.248 0.1000000015
56330  -34.890  -39.626  13.357 0.1000000015
56358  -37.775  -39.820  12.721 0.1000000015
56361  -40.234  -39.938  12.753 0.1000000015
55178  -43.142  -40.219  13.674 0.1000000015
61602  -53.686  -35.039  18.937 0.1000000015
58281  -59.494  -37.669  15.943 0.1000000015
57323  -59.976  -38.379  15.819 0.1000000015
57306  -59.499  -38.558  16.342 0.1000000015
60441  -58.900  -35.999  15.644 0.1000000015
59275  -58.716  -36.364  15.840 0.1000000015
55102  -59.432  -40.877  16.970 0.1000000015
54024  -58.860  -41.997  18.241 0.1000000015
65063  -57.228  -32.980  17.444 0.1000000015
63864  -57.620  -33.227  17.292 0.1000000015
63863  -56.970  -32.816  17.179 0.1000000015
58292  -45.605  -37.602  15.799 0.1000000015
58291  -44.593  -37.442  15.476 0.1000000015
57320  -44.097  -38.346  14.928 0.1000000015
55132  -34.425  -39.990  15.475 0.1000000015
56279  -34.759  -39.555  14.857 0.1000000015
56280  -35.599  -39.282  14.979 0.1000000015
56306  -37.452  -38.964  14.621 0.1000000015
57351  -38.041  -38.774  14.043 0.1000000015
56334  -39.420  -39.246  13.128 0.1000000015
57354  -40.910  -38.906  13.789 0.1000000015
56308  -42.247  -39.051  13.976 0.1000000015
55151  -34.109  -39.882  14.875 0.1000000015
56304  -35.246  -39.235  14.155 0.1000000015
56331  -35.964  -39.425  13.419 0.1000000015
56359  -38.858  -39.826  12.716 0.1000000015
58294  -60.134  -37.696  15.501 0.1000000015
57307  -60.066  -39.116  15.874 0.1000000015
59276  -59.401  -36.740  15.614 0.1000000015
56269  -59.731  -39.865  16.272 0.1000000015
61620  -59.502  -34.513  15.654 0.1000000015
63877  -59.042  -33.021  16.248 0.1000000015
61619  -58.944  -34.334  16.290 0.1000000015
53049  -59.137  -42.679  17.754 0.1000000015
54041  -59.271  -41.656  17.532 0.1000000015
65084  -57.776  -32.938  16.733 0.1000000015
65085  -57.971  -32.947  16.725 0.1000000015
56263  -39.981  -39.187  16.741 0.1000000015
56262  -39.144  -39.555  16.729 0.1000000015
56285  -39.515  -39.109  16.387 0.1000000015
56259  -36.682  -39.715  15.917 0.1000000015
57334  -40.459  -38.594  14.598 0.1000000015
57335  -41.528  -38.622  14.284 0.1000000015
57318  -42.057  -38.080  15.176 0.1000000015
57319  -42.996  -38.038  14.875 0.1000000015
56258  -35.801  -39.695  15.705 0.1000000015
56281  -36.537  -39.295  15.179 0.1000000015
57331  -37.962  -38.804  14.495 0.1000000015
57352  -38.943  -38.749  13.881 0.1000000015
57336  -42.522  -38.606  14.450 0.1000000015
58295  -60.594  -37.892  14.651 0.1000000015
61630  -60.509  -35.071  14.448 0.1000000015
59277  -60.227  -36.748  15.155 0.1000000015
57324  -60.436  -38.884  15.171 0.1000000015
56270  -60.309  -39.932  15.421 0.1000000015
62732  -60.239  -34.537  14.736 0.1000000015
61629  -60.040  -34.882  15.050 0.1000000015
55121  -60.236  -40.835  15.689 0.1000000015
63891  -59.500  -33.085  15.607 0.1000000015
62731  -59.979  -33.925  15.121 0.1000000015
54058  -59.687  -41.746  16.635 0.1000000015
63890  -58.945  -32.584  15.868 0.1000000015
62718  -59.357  -33.670  15.987 0.1000000015
63887  -56.059  -32.684  16.045 0.1000000015
63888  -57.192  -32.843  15.982 0.1000000015
63889  -58.133  -32.589  15.944 0.1000000015
53063  -59.561  -42.650  16.940 0.1000000015
63872  -54.776  -31.967  16.600 0.1000000015
63873  -55.339  -32.143  16.831 0.1000000015
63874  -56.557  -32.681  16.682 0.1000000015
65083  -54.903  -31.811  16.935 0.1000000015
56260  -37.532  -39.634  16.157 0.1000000015
56261  -38.346  -39.575  16.424 0.1000000015
57316  -39.955  -38.845  15.814 0.1000000015
56284  -38.987  -39.040  16.143 0.1000000015
57317  -41.030  -38.342  15.392 0.1000000015
56282  -37.381  -39.274  15.455 0.1000000015
56307  -37.850  -38.964  15.165 0.1000000015
57332  -38.380  -38.832  14.817 0.1000000015
57333  -39.441  -38.765  14.705 0.1000000015
58302  -61.166  -37.994  13.640 0.1000000015
60450  -61.078  -35.913  13.978 0.1000000015
59285  -60.793  -36.869  14.331 0.1000000015
61638  -60.872  -35.021  13.818 0.1000000015
60443  -60.372  -35.827  14.759 0.1000000015
57343  -60.838  -39.165  14.018 0.1000000015
56292  -60.747  -40.018  14.583 0.1000000015
62746  -59.466  -33.131  14.415 0.1000000015
62748  -60.336  -34.420  14.287 0.1000000015
55142  -60.693  -40.863  14.910 0.1000000015
62745  -58.630  -33.207  14.407 0.1000000015
62728  -56.858  -33.177  15.317 0.1000000015
62730  -58.791  -32.711  15.182 0.1000000015
53084  -59.985  -42.559  16.152 0.1000000015
54059  -60.162  -41.721  15.925 0.1000000015
63900  -53.576  -32.786  15.087 0.1000000015
62726  -54.947  -33.057  15.233 0.1000000015
65093  -54.217  -31.714  16.433 0.1000000015
63886  -54.592  -32.279  15.966 0.1000000015
52044  -59.346  -43.691  17.228 0.1000000015
58311  -61.814  -37.955  12.863 0.1000000015
57364  -61.516  -39.132  13.387 0.1000000015
58303  -61.427  -37.432  13.350 0.1000000015
59293  -61.492  -36.916  13.186 0.1000000015
62776  -60.668  -34.054  12.586 0.1000000015
61647  -61.364  -35.103  13.172 0.1000000015
62774  -59.151  -33.621  12.447 0.1000000015
62775  -60.072  -33.595  12.487 0.1000000015
62763  -60.636  -34.339  13.442 0.1000000015
62759  -57.259  -33.863  13.364 0.1000000015
62760  -58.375  -33.548  13.428 0.1000000015
62761  -59.319  -33.407  13.451 0.1000000015
54079  -60.555  -41.675  15.173 0.1000000015
62740  -52.974  -33.076  14.236 0.1000000015
62741  -53.940  -33.402  14.240 0.1000000015
62742  -55.091  -33.600  14.417 0.1000000015
62743  -56.423  -33.640  14.403 0.1000000015
62744  -57.631  -33.506  14.434 0.1000000015
52065  -59.718  -43.428  16.311 0.1000000015
53085  -60.369  -42.446  15.442 0.1000000015
63885  -53.272  -32.039  15.635 0.1000000015
50971  -59.164  -44.792  17.376 0.1000000015
50993  -59.438  -44.618  16.443 0.1000000015
52043  -58.883  -44.066  17.787 0.1000000015
59302  -61.736  -36.914  12.572 0.1000000015
61658  -61.535  -35.338  12.387 0.1000000015
60470  -61.731  -36.063  12.455 0.1000000015
56347  -61.380  -39.810  13.521 0.1000000015
62792  -57.650  -33.569  10.086 0.1000000015
62793  -58.760  -33.898  10.341 0.1000000015
62785  -59.939  -33.783  11.492 0.1000000015
61662  -61.085  -34.349  12.060 0.1000000015
56318  -61.188  -40.234  13.856 0.1000000015
62781  -55.437  -33.047  10.750 0.1000000015
62783  -57.837  -33.782  11.231 0.1000000015
55163  -61.165  -40.927  14.183 0.1000000015
54096  -60.973  -41.667  14.403 0.1000000015
63919  -54.037  -32.670  12.140 0.1000000015
62770  -54.743  -33.057  11.656 0.1000000015
62771  -55.668  -33.563  11.943 0.1000000015
62772  -56.903  -33.820  12.177 0.1000000015
62773  -58.087  -33.651  12.342 0.1000000015
65113  -51.794  -31.635  13.008 0.1000000015
63911  -52.901  -32.804  13.047 0.1000000015
62757  -54.510  -33.429  12.965 0.1000000015
62758  -55.951  -33.853  13.219 0.1000000015
63909  -51.910  -32.020  14.475 0.1000000015
63910  -52.278  -32.474  13.717 0.1000000015
52085  -60.281  -42.972  15.041 0.1000000015
52066  -60.078  -43.089  15.685 0.1000000015
59313  -61.883  -36.801  11.890 0.1000000015
58328  -62.195  -37.816  11.836 0.1000000015
57365  -61.878  -39.096  12.738 0.1000000015
63928  -55.208  -32.224  10.158 0.1000000015
62791  -56.440  -33.003  9.785 0.1000000015
62801  -58.639  -33.674  9.248 0.1000000015
62795  -60.587  -34.026  10.558 0.1000000015
62787  -61.343  -34.627  10.944 0.1000000015
60477  -62.112  -36.263  10.943 0.1000000015
63927  -54.679  -31.986  10.614 0.1000000015
62790  -55.682  -32.720  10.087 0.1000000015
62809  -59.563  -33.777  8.507 0.1000000015
62811  -60.897  -34.214  9.180 0.1000000015
61665  -61.796  -35.184  10.311 0.1000000015
60479  -61.860  -35.669  10.933 0.1000000015
59314  -62.113  -36.799  11.284 0.1000000015
56319  -61.439  -40.386  13.352 0.1000000015
66211  -52.949  -30.666  11.953 0.1000000015
63922  -53.749  -32.055  11.750 0.1000000015
62817  -60.352  -34.114  7.854 0.1000000015
61673  -60.991  -34.261  8.782 0.1000000015
61669  -61.751  -34.733  9.492 0.1000000015
57385  -62.413  -38.756  11.304 0.1000000015
62828  -60.401  -34.087  6.758 0.1000000015
61685  -61.109  -34.456  7.276 0.1000000015
61675  -62.308  -34.967  8.428 0.1000000015
54097  -61.321  -41.615  13.720 0.1000000015
53106  -60.623  -42.320  14.674 0.1000000015
52103  -60.475  -42.646  14.406 0.1000000015
52084  -59.582  -43.627  15.555 0.1000000015
52101  -59.416  -43.418  14.962 0.1000000015
66226  -55.763  -30.861  9.795 0.1000000015
63936  -56.720  -31.981  8.482 0.1000000015
62800  -57.555  -33.401  8.902 0.1000000015
67199  -54.192  -30.245  11.536 0.1000000015
66218  -54.890  -30.990  10.731 0.1000000015
63937  -57.244  -31.981  7.897 0.1000000015
62808  -58.562  -33.521  8.090 0.1000000015
57384  -62.205  -38.857  12.029 0.1000000015
55164  -61.364  -40.946  13.512 0.1000000015
68151  -52.188  -29.236  12.460 0.1000000015
66213  -53.799  -30.694  11.622 0.1000000015
66214  -54.579  -30.654  11.140 0.1000000015
63943  -58.229  -32.485  6.666 0.1000000015
62815  -58.617  -33.112  6.830 0.1000000015
58329  -62.414  -38.244  11.215 0.1000000015
56370  -62.289  -39.322  11.372 0.1000000015
67194  -52.488  -29.824  12.178 0.1000000015
56379  -62.193  -39.603  11.025 0.1000000015
53126  -61.277  -41.912  13.463 0.1000000015
53125  -61.066  -42.289  13.883 0.1000000015
52102  -59.979  -43.106  14.683 0.1000000015
67206  -56.586  -29.305  10.097 0.1000000015
67213  -56.932  -29.662  9.433 0.1000000015
68159  -56.176  -28.808  11.105 0.1000000015
66220  -55.993  -29.925  10.017 0.1000000015
66239  -56.697  -30.751  8.696 0.1000000015
56348  -61.621  -39.987  12.926 0.1000000015
55186  -61.442  -40.731  13.059 0.1000000015
67197  -55.315  -28.868  11.665 0.1000000015
67205  -55.867  -29.750  10.380 0.1000000015
65150  -57.538  -31.159  7.504 0.1000000015
68153  -54.015  -28.555  12.350 0.1000000015
65177  -58.520  -31.266  6.202 0.1000000015
55210  -61.402  -40.560  12.665 0.1000000015
54117  -61.312  -41.427  13.121 0.1000000015
56368  -61.356  -39.986  12.223 0.1000000015
53150  -61.193  -42.052  13.337 0.1000000015
54141  -61.077  -41.317  12.841 0.1000000015
54140  -60.607  -41.477  12.944 0.1000000015
53148  -60.646  -42.166  13.443 0.1000000015
54114  -59.254  -41.697  13.770 0.1000000015
53124  -60.326  -42.508  13.906 0.1000000015
68164  -57.132  -28.706  10.160 0.1000000015
67207  -57.332  -28.874  9.843 0.1000000015
69169  -56.664  -27.602  12.208 0.1000000015
68160  -56.816  -28.359  10.815 0.1000000015
68165  -57.904  -28.358  9.995 0.1000000015
68155  -55.927  -28.400  11.617 0.1000000015
67215  -58.606  -28.750  8.753 0.1000000015
67214  -57.777  -29.148  9.178 0.1000000015
68154  -55.024  -28.494  12.153 0.1000000015
67250  -58.820  -29.384  7.178 0.1000000015
66259  -57.922  -30.226  7.296 0.1000000015
73777  -60.263  -23.997  13.245 0.1000000015
70263  -59.157  -25.906  13.522 0.1000000015
71476  -59.818  -25.467  13.311 0.1000000015
69163  -58.540  -26.460  13.232 0.1000000015
69176  -58.960  -26.764  11.603 0.1000000015
70267  -59.604  -25.933  12.798 0.1000000015
68166  -58.663  -28.055  9.836 0.1000000015
68192  -59.209  -28.583  8.307 0.1000000015
68173  -58.922  -28.288  9.230 0.1000000015
68225  -60.140  -29.017  6.730 0.1000000015
70271  -59.186  -26.303  12.441 0.1000000015
71481  -60.002  -25.673  12.771 0.1000000015
69177  -60.109  -26.524  11.355 0.1000000015
71482  -60.391  -25.531  12.679 0.1000000015
68174  -59.778  -27.843  9.004 0.1000000015
69194  -59.795  -27.625  9.547 0.1000000015
68193  -60.217  -28.080  8.408 0.1000000015
69214  -60.194  -27.730  8.955 0.1000000015
68226  -60.797  -28.898  6.707 0.1000000015
67264  -61.085  -28.961  5.855 0.1000000015
67279  -61.386  -28.950  5.068 0.1000000015
68241  -61.545  -28.311  5.381 0.1000000015
69272  -61.209  -27.921  4.706 0.1000000015
68263  -60.392  -28.743  3.638 0.1000000015
66303  -58.525  -29.659  3.896 0.1000000015
66302  -57.869  -30.119  4.112 0.1000000015
74879  -60.419  -22.929  12.475 0.1000000015
72662  -60.711  -24.520  12.827 0.1000000015
70273  -60.455  -26.091  11.794 0.1000000015
73780  -60.742  -23.711  12.646 0.1000000015
69182  -59.934  -27.139  10.594 0.1000000015
71483  -60.954  -25.214  12.304 0.1000000015
68194  -61.523  -27.950  8.207 0.1000000015
69195  -60.811  -27.240  9.704 0.1000000015
69183  -60.586  -26.481  10.585 0.1000000015
68212  -61.235  -28.513  7.546 0.1000000015
69196  -61.160  -26.648  9.608 0.1000000015
68195  -62.137  -27.717  8.061 0.1000000015
69216  -61.829  -27.298  8.586 0.1000000015
68227  -61.829  -28.212  6.503 0.1000000015
68228  -62.502  -27.983  7.051 0.1000000015
70300  -62.506  -26.858  8.231 0.1000000015
70334  -62.195  -26.886  6.744 0.1000000015
70335  -62.778  -27.159  6.979 0.1000000015
70352  -60.974  -26.854  5.653 0.1000000015
70333  -61.204  -26.464  6.321 0.1000000015
71529  -60.501  -26.027  6.756 0.1000000015
69260  -59.643  -27.813  4.958 0.1000000015
70332  -60.240  -26.465  6.109 0.1000000015
66301  -57.177  -30.536  4.298 0.1000000015
67276  -58.230  -29.287  4.847 0.1000000015
70350  -59.320  -27.319  5.569 0.1000000015
71528  -59.699  -26.081  6.622 0.1000000015
75993  -60.990  -22.216  12.165 0.1000000015
72665  -61.042  -24.123  12.481 0.1000000015
72666  -61.342  -24.432  12.249 0.1000000015
70277  -60.751  -25.827  10.814 0.1000000015
71522  -61.304  -25.807  7.948 0.1000000015
72703  -60.529  -25.244  8.038 0.1000000015
72702  -59.850  -25.303  7.943 0.1000000015
46772  -32.204  -49.107  17.419 0.1000000015
55113  -36.870  -40.153  16.600 0.1000000015
55115  -38.509  -40.120  16.959 0.1000000015
53117  -30.337  -42.255  14.839 0.1000000015
54106  -30.337  -41.791  14.125 0.1000000015
56257  -35.085  -39.665  15.475 0.1000000015
68152  -52.930  -28.994  12.378 0.1000000015
66210  -51.965  -30.702  12.404 0.1000000015
68148  -53.814  -28.008  12.626 0.1000000015
58277  -46.566  -37.601  16.698 0.1000000015
58290  -43.324  -37.286  15.536 0.1000000015
59236  -50.662  -36.367  18.750 0.1000000015
59235  -50.148  -36.095  19.204 0.1000000015
60398  -49.222  -35.499  19.478 0.1000000015
57300  -41.559  -38.130  15.953 0.1000000015
60378  -48.500  -35.540  19.929 0.1000000015
69162  -58.119  -26.763  13.362 0.1000000015
70266  -58.933  -26.221  13.072 0.1000000015
72652  -59.474  -25.140  13.794 0.1000000015
42391  -31.852  -52.898  18.992 0.1000000015
44489  -32.915  -50.242  19.079 0.1000000015
55060  -52.846  -40.537  20.538 0.1000000015
56206  -52.410  -39.843  22.032 0.1000000015
57261  -51.561  -38.617  21.814 0.1000000015
52096  -42.526  -43.875  13.865 0.1000000015
45665  -31.730  -49.293  14.856 0.1000000015
57215  -51.270  -38.357  24.113 0.1000000015
59240  -55.714  -36.736  18.585 0.1000000015
53968  -48.858  -41.400  22.418 0.1000000015
53027  -48.435  -42.638  19.494 0.1000000015
53991  -48.390  -41.361  20.540 0.1000000015
53062  -47.194  -42.577  17.347 0.1000000015
53042  -48.215  -42.857  18.727 0.1000000015
52055  -46.644  -43.574  16.260 0.1000000015
52039  -46.848  -43.163  16.711 0.1000000015
51047  -41.205  -44.090  13.780 0.1000000015
52116  -39.769  -43.631  13.421 0.1000000015
51045  -39.344  -44.412  13.947 0.1000000015
51048  -41.732  -43.964  13.875 0.1000000015
58182  -50.045  -37.911  23.304 0.1000000015
58200  -50.259  -37.476  22.837 0.1000000015
57214  -50.451  -38.627  23.917 0.1000000015
47866  -31.200  -48.095  14.835 0.1000000015
56188  -49.062  -38.830  23.098 0.1000000015
54002  -48.189  -41.467  19.071 0.1000000015
54016  -47.879  -41.530  18.471 0.1000000015
52120  -43.648  -42.776  13.650 0.1000000015
59184  -50.218  -37.043  22.397 0.1000000015
59183  -49.764  -36.852  22.364 0.1000000015
58198  -48.669  -37.493  22.453 0.1000000015
60416  -56.664  -35.475  18.463 0.1000000015
56186  -47.938  -38.672  22.191 0.1000000015
55047  -47.863  -39.854  21.258 0.1000000015
54053  -46.336  -41.650  16.180 0.1000000015
53119  -44.970  -42.500  14.427 0.1000000015
53163  -37.538  -42.521  12.830 0.1000000015
59221  -49.273  -35.923  20.128 0.1000000015
59212  -49.406  -36.061  20.677 0.1000000015
59197  -49.346  -36.282  21.517 0.1000000015
60357  -48.657  -35.850  20.936 0.1000000015
60379  -49.030  -35.741  20.407 0.1000000015
57231  -47.920  -38.164  22.133 0.1000000015
51056  -29.611  -44.153  12.589 0.1000000015
55096  -47.303  -40.573  17.336 0.1000000015
54125  -29.962  -41.923  13.588 0.1000000015
54148  -32.640  -41.882  11.695 0.1000000015
55095  -46.834  -41.098  16.837 0.1000000015
54149  -33.099  -41.936  11.656 0.1000000015
54052  -46.103  -41.410  15.791 0.1000000015
52143  -34.359  -43.687  11.742 0.1000000015
54133  -37.878  -41.575  12.521 0.1000000015
54039  -57.466  -41.264  17.961 0.1000000015
57259  -46.834  -37.697  20.708 0.1000000015
58225  -46.909  -37.554  21.032 0.1000000015
60431  -57.499  -35.893  16.640 0.1000000015
57287  -47.579  -38.432  18.035 0.1000000015
57277  -47.575  -38.581  19.200 0.1000000015
54105  -29.968  -42.010  13.871 0.1000000015
55134  -45.357  -40.534  15.218 0.1000000015
55118  -46.466  -40.511  16.295 0.1000000015
54135  -39.881  -41.257  12.441 0.1000000015
55153  -44.341  -40.598  14.387 0.1000000015
53166  -40.424  -41.874  12.593 0.1000000015
53167  -40.948  -41.546  12.631 0.1000000015
54108  -41.337  -41.341  12.708 0.1000000015
55101  -58.813  -40.569  17.465 0.1000000015
58233  -46.597  -37.678  19.749 0.1000000015
58247  -47.228  -37.872  18.991 0.1000000015
57286  -47.334  -38.062  17.571 0.1000000015
57301  -47.156  -38.357  17.043 0.1000000015
55196  -32.977  -40.708  12.437 0.1000000015
56287  -45.657  -39.482  15.561 0.1000000015
55194  -31.782  -40.630  12.969 0.1000000015
55171  -31.569  -40.712  13.319 0.1000000015
56356  -35.529  -40.042  12.777 0.1000000015
56355  -34.641  -40.166  12.815 0.1000000015
55201  -38.349  -40.629  12.500 0.1000000015
55133  -44.752  -40.230  14.776 0.1000000015
56301  -32.810  -40.212  13.650 0.1000000015
55172  -32.248  -40.397  13.399 0.1000000015
55202  -39.372  -40.552  12.544 0.1000000015
55175  -40.701  -40.141  12.808 0.1000000015
55203  -40.359  -40.399  12.640 0.1000000015
58280  -58.865  -37.613  16.287 0.1000000015
56268  -59.021  -39.152  16.739 0.1000000015
57321  -45.227  -38.457  15.368 0.1000000015
57337  -43.380  -38.864  14.497 0.1000000015
56302  -33.319  -39.943  13.865 0.1000000015
55174  -33.343  -40.374  12.905 0.1000000015
56336  -41.611  -39.382  13.526 0.1000000015
56335  -40.489  -39.627  13.042 0.1000000015
56309  -42.909  -39.275  14.131 0.1000000015
56338  -43.085  -39.715  13.907 0.1000000015
56311  -44.338  -39.860  14.566 0.1000000015
56303  -34.201  -39.620  14.132 0.1000000015
56360  -39.802  -39.881  12.721 0.1000000015
59264  -58.928  -37.036  15.922 0.1000000015
56248  -59.531  -40.419  16.635 0.1000000015
60442  -59.453  -35.599  15.448 0.1000000015
60433  -59.070  -34.904  15.911 0.1000000015
62717  -58.625  -33.558  16.570 0.1000000015
56305  -36.319  -39.065  14.297 0.1000000015
56332  -37.205  -39.152  13.485 0.1000000015
56333  -38.376  -39.144  13.216 0.1000000015
57353  -39.955  -38.820  13.772 0.1000000015
57355  -41.364  -38.912  13.832 0.1000000015
55120  -59.771  -40.918  16.338 0.1000000015
63876  -58.166  -32.926  16.648 0.1000000015
63875  -57.495  -32.843  16.589 0.1000000015
63902  -59.383  -32.765  15.211 0.1000000015
63903  -59.760  -33.220  14.940 0.1000000015
62729  -57.937  -33.004  15.275 0.1000000015
62727  -55.669  -33.126  15.305 0.1000000015
56283  -38.218  -39.037  15.662 0.1000000015
57314  -38.513  -38.886  15.309 0.1000000015
57315  -38.921  -38.900  15.405 0.1000000015
60459  -61.248  -35.474  13.562 0.1000000015
60451  -61.347  -36.408  13.519 0.1000000015
59286  -61.201  -36.905  13.661 0.1000000015
62762  -60.070  -33.631  13.447 0.1000000015
62747  -60.026  -33.740  14.274 0.1000000015
63901  -54.409  -33.120  15.052 0.1000000015
60460  -61.566  -36.007  13.219 0.1000000015
61657  -61.177  -34.615  12.551 0.1000000015
61648  -61.641  -35.571  12.842 0.1000000015
62756  -53.433  -33.187  13.467 0.1000000015
61663  -61.435  -34.938  11.550 0.1000000015
60476  -61.773  -35.964  11.647 0.1000000015
62782  -56.649  -33.498  10.995 0.1000000015
62794  -59.754  -33.916  10.523 0.1000000015
62784  -58.949  -33.931  11.424 0.1000000015
62786  -60.897  -34.072  11.512 0.1000000015
63924  -54.845  -32.505  10.735 0.1000000015
65116  -53.381  -31.448  11.891 0.1000000015
63918  -53.237  -32.257  12.380 0.1000000015
63923  -54.368  -32.269  11.246 0.1000000015
63917  -52.505  -32.201  12.838 0.1000000015
63912  -53.621  -32.888  12.803 0.1000000015
65114  -52.612  -31.512  12.369 0.1000000015
65120  -55.020  -31.412  10.457 0.1000000015
65122  -55.480  -31.366  9.988 0.1000000015
63929  -55.792  -32.425  9.749 0.1000000015
62799  -56.862  -32.704  8.688 0.1000000015
63933  -56.171  -32.121  9.181 0.1000000015
62802  -59.638  -33.843  9.544 0.1000000015
62804  -61.041  -34.352  9.691 0.1000000015
62803  -60.423  -34.040  9.731 0.1000000015
62796  -61.201  -34.508  10.410 0.1000000015
59326  -62.500  -36.906  10.596 0.1000000015
65117  -54.037  -31.427  11.397 0.1000000015
62810  -60.440  -34.083  8.851 0.1000000015
62816  -59.548  -33.670  7.362 0.1000000015
61674  -61.470  -34.465  8.794 0.1000000015
61678  -61.058  -34.372  8.232 0.1000000015
61670  -62.401  -35.318  9.306 0.1000000015
57395  -62.540  -38.578  10.653 0.1000000015
61699  -61.162  -34.459  6.262 0.1000000015
62827  -59.672  -33.478  6.034 0.1000000015
66219  -55.471  -30.484  10.420 0.1000000015
65123  -55.878  -31.300  9.419 0.1000000015
62806  -57.100  -32.411  8.222 0.1000000015
65130  -56.365  -31.277  8.844 0.1000000015
67200  -54.655  -29.890  11.426 0.1000000015
65131  -56.908  -31.220  8.250 0.1000000015
62807  -57.609  -32.859  7.796 0.1000000015
56369  -61.763  -39.653  11.957 0.1000000015
67195  -53.708  -29.743  11.875 0.1000000015
62814  -58.012  -32.686  7.096 0.1000000015
63964  -58.800  -32.378  5.853 0.1000000015
63942  -57.752  -32.120  7.155 0.1000000015
63963  -58.151  -31.975  6.479 0.1000000015
62826  -59.040  -33.035  6.060 0.1000000015
53149  -60.894  -42.199  13.501 0.1000000015
53123  -59.270  -42.787  14.501 0.1000000015
66228  -57.102  -29.861  9.118 0.1000000015
68156  -56.551  -28.044  11.516 0.1000000015
67202  -56.298  -28.980  10.789 0.1000000015
67201  -55.628  -29.404  11.072 0.1000000015
66227  -56.381  -30.354  9.410 0.1000000015
66240  -57.331  -30.210  8.370 0.1000000015
66215  -55.060  -30.092  11.002 0.1000000015
67196  -54.733  -29.180  11.797 0.1000000015
65151  -58.119  -30.901  6.918 0.1000000015
65176  -57.997  -31.496  6.861 0.1000000015
54142  -61.295  -41.036  12.835 0.1000000015
55209  -61.147  -40.708  12.610 0.1000000015
54116  -60.922  -41.909  13.113 0.1000000015
54115  -60.100  -41.828  13.391 0.1000000015
68161  -57.538  -27.996  10.599 0.1000000015
69180  -57.932  -27.846  10.505 0.1000000015
69170  -57.875  -27.113  12.490 0.1000000015
69174  -56.885  -27.860  11.423 0.1000000015
68172  -58.198  -28.601  9.468 0.1000000015
67233  -58.575  -29.017  8.242 0.1000000015
67232  -58.032  -29.461  8.133 0.1000000015
66260  -58.567  -30.298  6.546 0.1000000015
67262  -59.134  -29.832  6.307 0.1000000015
67251  -59.727  -29.100  6.823 0.1000000015
67249  -57.912  -29.736  7.697 0.1000000015
72661  -59.833  -24.654  13.604 0.1000000015
69171  -58.578  -26.550  12.695 0.1000000015
69175  -57.633  -27.564  11.213 0.1000000015
69181  -58.735  -27.620  10.352 0.1000000015
70268  -60.196  -25.861  12.397 0.1000000015
69193  -59.044  -27.899  9.743 0.1000000015
68211  -59.895  -28.678  7.381 0.1000000015
68210  -59.098  -28.865  7.773 0.1000000015
67263  -60.015  -29.471  6.055 0.1000000015
70272  -59.812  -26.262  12.090 0.1000000015
71477  -60.524  -25.123  13.003 0.1000000015
71478  -60.814  -24.955  12.700 0.1000000015
70269  -60.622  -25.722  12.211 0.1000000015
69215  -60.827  -27.736  8.957 0.1000000015
67277  -60.289  -29.887  5.290 0.1000000015
67265  -61.451  -28.554  5.700 0.1000000015
69273  -61.517  -28.068  4.983 0.1000000015
68253  -61.387  -28.614  4.429 0.1000000015
69247  -62.125  -27.555  6.539 0.1000000015
69262  -61.641  -27.549  5.678 0.1000000015
68252  -60.840  -28.335  4.103 0.1000000015
69261  -60.709  -27.448  5.091 0.1000000015
69271  -60.509  -27.911  4.536 0.1000000015
68262  -59.716  -28.824  3.786 0.1000000015
68251  -59.965  -28.328  4.183 0.1000000015
67302  -59.098  -29.292  3.721 0.1000000015
67292  -58.522  -29.354  4.349 0.1000000015
68250  -59.206  -28.756  4.210 0.1000000015
65208  -57.289  -30.762  3.832 0.1000000015
72663  -60.949  -24.823  12.527 0.1000000015
69178  -60.461  -26.250  11.259 0.1000000015
70274  -60.805  -25.731  11.681 0.1000000015
70276  -60.621  -26.056  11.250 0.1000000015
69184  -60.768  -26.257  10.172 0.1000000015
68213  -62.290  -27.993  7.553 0.1000000015
68214  -62.783  -27.920  7.304 0.1000000015
69217  -62.731  -27.318  8.126 0.1000000015
70299  -61.611  -26.343  8.773 0.1000000015
69248  -62.692  -27.595  6.987 0.1000000015
70315  -62.158  -26.599  7.745 0.1000000015
70316  -62.916  -27.070  7.477 0.1000000015
70353  -61.615  -26.867  6.014 0.1000000015
71531  -61.770  -26.431  7.380 0.1000000015
71530  -61.311  -26.170  7.057 0.1000000015
71521  -60.606  -25.592  7.416 0.1000000015
68240  -59.362  -28.348  4.532 0.1000000015
70351  -59.991  -27.080  5.560 0.1000000015
66286  -57.596  -29.864  4.795 0.1000000015
66285  -56.924  -30.259  5.053 0.1000000015
68239  -58.649  -28.634  4.927 0.1000000015
67291  -57.985  -29.637  4.699 0.1000000015
70331  -59.004  -26.688  6.153 0.1000000015
69259  -58.629  -27.690  5.605 0.1000000015
70286  -60.879  -26.013  9.852 0.1000000015
71511  -61.204  -25.718  8.749 0.1000000015
72704  -60.912  -25.205  8.203 0.1000000015
30205  -31.539  -64.286  30.414 0.1000000015
30266  -24.687  -63.072  27.012 0.1000000015
31386  -23.539  -62.713  27.245 0.1000000015
31388  -25.802  -62.942  27.133 0.1000000015
32460  -27.479  -61.041  26.958 0.1000000015
36668  -28.077  -57.405  36.224 0.4000000060
36775  -30.256  -56.963  28.231 0.1000000015
37865  -32.082  -56.192  32.329 0.1000000015
37941  -30.475  -56.819  28.711 0.1000000015
38913  -24.180  -54.600  35.871 0.4000000060
38914  -24.564  -55.030  35.849 0.4000000060
38936  -25.370  -55.032  33.781 0.4000000060
38965  -20.189  -55.386  31.506 0.1000000015
39989  -23.411  -53.771  37.313 0.4000000060
40023  -25.389  -54.975  34.016 0.4000000060
40050  -31.916  -55.435  31.594 0.2000000030
40053  -20.061  -54.383  31.029 0.1000000015
40067  -21.647  -55.234  30.029 0.1000000015
41039  -24.031  -53.983  38.824 0.6999999881
41092  -23.721  -53.475  32.608 0.3000000119
41110  -20.196  -54.230  30.864 0.1000000015
41122  -22.696  -54.354  29.702 0.1000000015
42195  -22.396  -51.421  35.187 0.3000000119
42223  -20.118  -52.098  32.600 0.3000000119
42238  -23.252  -52.996  32.314 0.3000000119
43193  -14.793  -51.189  41.761 0.1000000015
43194  -15.028  -51.083  41.841 0.1000000015
43204  -24.929  -50.602  40.875 0.6000000238
43205  -25.233  -50.514  40.654 0.6000000238
43213  -24.941  -50.755  40.691 0.6000000238
43243  -25.626  -50.823  37.660 0.8000000119
43260  -18.820  -51.388  36.758 0.2000000030
43262  -22.093  -50.750  36.336 0.4000000060
43277  -25.990  -52.053  34.877 0.6999999881
43320  -25.745  -51.749  31.938 0.5000000000
44226  -24.873  -50.453  40.716 0.6000000238
44227  -25.185  -50.318  40.645 0.6000000238
44274  -25.629  -50.361  37.374 0.8000000119
44281  -19.861  -50.434  36.789 0.3000000119
44299  -35.488  -50.170  34.755 0.8999999762
44341  -35.503  -50.242  32.994 0.8999999762
44347  -39.796  -50.007  32.160 0.8999999762
44365  -40.611  -49.943  31.727 1.0000000000
44373  -38.796  -50.367  31.246 1.0000000000
45275  -15.089  -50.712  41.932 0.1000000015
45294  -24.469  -49.789  40.581 0.6000000238
45307  -23.884  -50.425  40.420 0.6000000238
45343  -21.893  -50.032  37.389 0.4000000060
45345  -26.218  -49.257  37.406 0.8000000119
45353  -17.752  -49.496  35.433 0.1000000015
45529  -29.746  -48.812  25.592 0.8999999762
45678  -31.390  -49.133  14.380 0.1000000015
46356  -17.548  -48.909  42.434 0.1000000015
46417  -20.834  -48.807  40.132 0.3000000119
47483  -20.393  -47.567  41.807 0.1000000015
47579  -22.082  -47.609  33.716 0.1000000015
48531  -18.778  -47.267  41.948 0.1000000015
48532  -18.979  -47.124  42.172 0.2000000030
48540  -18.925  -46.951  41.849 0.1000000015
48547  -25.405  -47.332  40.046 0.4000000060
48554  -19.780  -46.607  41.038 0.1000000015
48555  -20.658  -46.390  40.781 0.1000000015
48572  -22.918  -46.972  39.423 0.1000000015
48573  -23.305  -46.950  39.286 0.1000000015
48638  -35.663  -45.956  33.350 0.1000000015
48647  -35.147  -46.109  32.232 0.1000000015
48656  -34.164  -46.217  31.308 0.1000000015
48670  -34.007  -46.215  30.988 0.1000000015
48687  -40.518  -45.974  29.997 0.8000000119
49562  -21.208  -46.455  40.990 0.1000000015
49569  -21.218  -46.273  40.621 0.1000000015
49571  -23.533  -46.900  39.248 0.1000000015
49631  -37.944  -45.562  35.630 0.3000000119
49640  -33.557  -45.772  35.234 0.2000000030
49684  -35.634  -45.677  31.943 0.1000000015
49729  -34.696  -45.501  30.021 0.1000000015
49734  -42.173  -45.655  30.518 0.8000000119
49748  -43.654  -45.438  28.778 1.0000000000
50636  -24.269  -46.438  37.422 0.1000000015
50648  -34.263  -45.126  36.712 0.3000000119
50688  -34.916  -45.133  36.230 0.3000000119
50709  -37.534  -44.498  34.588 0.2000000030
50754  -28.104  -45.079  32.289 0.1000000015
50777  -31.848  -44.736  29.703 0.1000000015
50792  -33.934  -45.042  29.117 0.1000000015
50799  -44.127  -44.548  29.177 1.0000000000
51769  -30.626  -45.068  33.447 0.2000000030
51781  -28.394  -44.995  32.413 0.1000000015
51785  -37.173  -42.916  31.948 0.1000000015
51798  -27.810  -45.065  31.721 0.1000000015
51967  -38.929  -43.739  21.841 0.6000000238
52798  -38.449  -43.557  33.370 0.3000000119
52828  -36.894  -42.417  31.215 0.1000000015
52955  -40.630  -42.201  23.789 0.8999999762
52994  -38.071  -42.796  20.809 0.5000000000
53136  -30.046  -42.286  14.362 0.1000000015
53145  -43.803  -42.370  13.662 0.1000000015
53843  -39.911  -41.590  29.854 0.2000000030
54894  -39.017  -40.414  31.404 0.1000000015
54923  -40.912  -41.486  29.736 0.3000000119
54940  -42.965  -40.773  28.220 0.8999999762
55006  -49.051  -39.477  23.187 0.1000000015
55173  -32.769  -40.398  13.008 0.1000000015
55204  -40.805  -40.757  12.622 0.1000000015
56168  -39.680  -40.470  23.036 0.8999999762
58121  -47.727  -36.804  30.106 0.6000000238
58154  -41.946  -38.273  26.481 0.8999999762
58245  -45.891  -37.158  18.863 0.2000000030
58310  -61.673  -38.563  13.199 0.1000000015
58343  -62.130  -37.267  11.530 0.1000000015
60383  -57.326  -34.944  20.816 0.2000000030
60389  -41.086  -36.573  19.138 0.4000000060
61345  -44.836  -34.672  35.031 0.1000000015
61610  -50.196  -34.463  18.034 0.2000000030
62482  -44.838  -33.424  35.467 0.1000000015
62625  -54.940  -33.373  22.605 0.3000000119
62755  -52.838  -32.993  13.592 0.1000000015
62780  -54.824  -32.751  11.092 0.1000000015
63884  -52.761  -31.967  15.480 0.2000000030
63898  -52.103  -31.962  14.862 0.1000000015
63932  -55.630  -31.904  9.645 0.1000000015
63965  -59.310  -32.939  5.696 0.1000000015
64945  -47.599  -31.664  24.226 0.6999999881
65064  -57.481  -33.097  17.264 0.1000000015
65073  -57.470  -32.972  16.997 0.1000000015
65074  -57.787  -33.040  16.900 0.1000000015
65103  -52.314  -31.814  15.282 0.2000000030
65110  -51.644  -31.889  13.788 0.2000000030
65119  -54.524  -31.443  10.878 0.1000000015
65899  -47.112  -29.841  34.465 0.1000000015
66000  -48.821  -30.492  28.987 0.6000000238
66135  -54.137  -29.987  20.477 0.3000000119
66960  -46.541  -29.858  34.594 0.1000000015
66978  -47.819  -29.379  33.822 0.2000000030
67997  -48.612  -29.237  28.683 0.6999999881
68058  -54.531  -28.281  22.765 0.8000000119
68067  -50.997  -29.183  23.319 0.6999999881
68140  -49.797  -27.766  13.920 0.3000000119
68144  -50.223  -27.421  13.660 0.3000000119
69055  -54.340  -27.144  22.957 0.8000000119
69128  -49.571  -27.257  15.486 0.3000000119
69140  -49.621  -27.333  14.714 0.4000000060
69149  -50.006  -26.967  13.944 0.3000000119
69150  -50.442  -26.679  13.887 0.3000000119
69235  -62.493  -27.661  8.045 0.1000000015
69236  -62.943  -27.719  7.649 0.1000000015
70234  -49.656  -26.818  15.311 0.3000000119
70243  -51.134  -26.054  14.007 0.5000000000
71464  -50.917  -25.875  14.424 0.4000000060
72496  -51.841  -24.094  23.544 0.6999999881
72616  -55.678  -23.987  16.772 0.4000000060
72649  -54.651  -24.509  15.173 0.5000000000
73521  -50.564  -23.266  31.603 0.3000000119
73560  -51.473  -23.502  30.263 0.5000000000
73663  -52.093  -23.748  24.134 0.6999999881
73710  -57.448  -22.558  18.089 0.4000000060
73748  -53.738  -23.890  15.746 0.5000000000
73750  -54.595  -23.686  16.299 0.5000000000
74587  -50.816  -22.936  31.459 0.4000000060
74693  -54.204  -22.929  25.366 0.6999999881
74694  -54.543  -23.256  25.319 0.6999999881
74705  -53.939  -23.208  25.020 0.6999999881
74716  -51.926  -22.318  23.996 0.6999999881
74800  -57.917  -22.238  18.462 0.4000000060
74815  -55.346  -22.744  18.142 0.5000000000
74833  -57.534  -23.114  16.741 0.4000000060
75671  -50.932  -22.665  31.297 0.4000000060
75684  -50.440  -22.615  30.492 0.2000000030
75741  -54.336  -22.652  26.538 0.6000000238
75779  -54.406  -22.837  25.682 0.6000000238
75801  -51.948  -22.002  23.500 0.6999999881
75883  -56.780  -21.681  19.772 0.3000000119
76000  -58.976  -21.323  11.822 0.2000000030
76804  -50.461  -22.464  30.180 0.2000000030
76805  -50.785  -22.378  30.298 0.2000000030
76816  -50.400  -22.189  29.878 0.2000000030
76817  -50.859  -22.140  29.967 0.2000000030
76833  -52.605  -21.644  28.543 0.4000000060
76877  -53.647  -21.612  26.750 0.5000000000
76892  -52.994  -21.136  25.745 0.6000000238
76950  -57.236  -20.526  20.002 0.3000000119
76951  -57.525  -20.787  19.697 0.3000000119
76999  -54.044  -20.538  17.240 0.2000000030
77941  -52.730  -21.127  27.595 0.4000000060
77992  -52.619  -20.440  25.753 0.2000000030
78062  -58.332  -20.285  19.598 0.3000000119
78063  -58.595  -20.426  19.382 0.3000000119
78243  -60.865  -19.844  6.270 0.1000000015
79233  -60.611  -18.527  16.989 0.1000000015
79341  -64.103  -18.098  7.029 0.1000000015
79342  -64.445  -17.854  7.185 0.1000000015
79347  -64.821  -17.855  7.229 0.1000000015
79360  -65.130  -18.098  6.660 0.1000000015
79361  -65.195  -17.878  6.964 0.1000000015
80391  -63.900  -17.932  6.896 0.1000000015
80392  -64.571  -17.635  7.154 0.1000000015
80396  -65.093  -17.377  7.048 0.1000000015
80399  -64.764  -18.135  6.444 0.1000000015
80400  -65.112  -17.651  6.541 0.1000000015
81363  -61.454  -15.883  13.594 0.1000000015
81383  -61.424  -16.400  13.472 0.1000000015
81384  -61.350  -16.079  13.529 0.1000000015
81394  -61.453  -16.151  13.262 0.1000000015
81430  -59.932  -15.446  9.321 0.2000000030
81434  -60.605  -16.472  8.355 0.1000000015
81442  -64.621  -17.229  7.008 0.1000000015
81447  -64.583  -17.452  6.637 0.1000000015
81451  -64.287  -18.072  6.558 0.1000000015
81452  -64.564  -17.784  6.463 0.1000000015
82404  -61.052  -15.845  13.600 0.1000000015
82405  -61.258  -15.789  13.482 0.1000000015
82406  -61.570  -15.874  13.745 0.1000000015
82426  -61.388  -15.739  13.048 0.1000000015
82427  -61.395  -15.927  13.335 0.1000000015
82443  -61.393  -15.922  12.664 0.1000000015
82444  -61.578  -15.979  12.722 0.1000000015
82468  -59.820  -15.027  9.575 0.1000000015
82470  -60.018  -15.072  10.764 0.1000000015
82486  -60.014  -15.089  9.305 0.1000000015
83451  -60.544  -15.155  13.284 0.1000000015
83454  -61.270  -15.584  13.214 0.1000000015
83467  -61.035  -14.872  12.673 0.1000000015
83468  -61.219  -15.415  12.978 0.1000000015
83513  -59.843  -14.627  9.695 0.1000000015
83522  -59.993  -14.855  9.397 0.1000000015
83523  -60.133  -14.835  9.161 0.1000000015
83536  -60.207  -15.142  8.742 0.1000000015
84693  -60.790  -13.305  7.427 0.1000000015
85851  -60.186  -13.585  12.481 0.1000000015
85852  -60.418  -13.658  12.414 0.1000000015
85874  -58.630  -12.508  11.014 0.1000000015
87036  -58.842  -12.016  10.524 0.1000000015
87037  -59.379  -12.221  10.515 0.1000000015
87046  -58.252  -11.874  10.351 0.1000000015
87047  -58.682  -11.636  10.240 0.1000000015
88139  -59.103  -11.604  10.126 0.1000000015
