#!ascii label  , from subject sub-01 vox2ras=TkReg
2991
43210  -16.486  -51.679  41.463 0.4444440007
43220  -16.923  -51.713  40.919 0.4444440007
43211  -17.295  -51.172  41.579 0.5555559993
42121  -17.037  -52.217  40.123 0.4444440007
42137  -17.867  -51.917  39.723 0.4444440007
43221  -17.567  -51.484  40.819 0.5555559993
41048  -16.893  -53.795  37.954 0.4444440007
42136  -17.243  -52.736  39.232 0.4444440007
42122  -17.737  -51.699  40.317 0.4444440007
41058  -17.373  -53.608  37.009 0.4444440007
42152  -17.278  -53.033  38.479 0.4444440007
39988  -17.089  -54.328  37.190 0.3333329856
39996  -17.143  -54.268  36.437 0.4444440007
42166  -17.552  -52.863  37.692 0.4444440007
40002  -16.783  -54.844  36.049 0.3333329856
41067  -17.414  -53.500  36.059 0.4444440007
40011  -16.716  -55.029  35.407 0.3333329856
38924  -17.067  -55.544  33.910 0.3333329856
38923  -16.625  -55.724  34.832 0.3333329856
43203  -16.762  -51.095  42.045 0.5555559993
45277  -16.472  -49.883  42.373 0.4444440007
44224  -17.313  -50.476  42.165 0.4444440007
43212  -17.914  -50.957  41.300 0.5555559993
43222  -18.293  -51.036  40.479 0.5555559993
44239  -18.911  -49.846  40.682 0.4444440007
42167  -18.222  -51.912  37.418 0.4444440007
43231  -18.456  -51.249  39.323 0.5555559993
44249  -18.887  -50.378  39.797 0.4444440007
42179  -17.738  -52.753  36.698 0.4444440007
43241  -18.540  -51.228  38.323 0.4444440007
44250  -19.426  -49.874  39.354 0.5555559993
44269  -19.074  -50.577  38.156 0.5555559993
44260  -19.691  -49.971  38.527 0.6666669846
40003  -17.067  -54.272  35.578 0.3333329856
42180  -18.230  -52.014  36.311 0.5555559993
43250  -19.319  -50.849  37.009 0.5555559993
44270  -19.642  -50.359  37.593 0.5555559993
40012  -16.982  -54.610  34.619 0.3333329856
41081  -17.365  -53.981  34.243 0.3333329856
42208  -17.959  -52.681  34.985 0.4444440007
43271  -18.794  -51.437  35.897 0.5555559993
44291  -19.901  -50.500  36.125 0.4444440007
40019  -17.340  -54.524  33.713 0.3333329856
41082  -17.823  -53.402  33.808 0.3333329856
42211  -22.271  -51.590  34.612 0.3333329856
44225  -17.917  -50.058  42.054 0.4444440007
44231  -17.775  -50.598  41.783 0.5555559993
45279  -17.815  -49.131  42.403 0.3333329856
44232  -18.323  -50.181  41.449 0.4444440007
45285  -19.160  -48.832  41.761 0.3333329856
45290  -18.935  -49.402  41.426 0.4444440007
45301  -19.246  -49.319  41.016 0.4444440007
45303  -20.314  -48.954  40.163 0.4444440007
45328  -20.049  -49.515  39.183 0.6666669846
44271  -20.594  -50.006  37.272 0.6666669846
45341  -20.907  -49.556  37.904 0.6666669846
47539  -35.426  -46.866  37.075 0.7777780294
47548  -35.718  -47.369  36.703 0.7777780294
44292  -20.429  -50.551  35.723 0.4444440007
44282  -20.583  -50.282  36.436 0.4444440007
44283  -21.229  -50.468  35.960 0.5555559993
47549  -36.751  -47.487  35.977 0.8888890147
43273  -20.428  -50.911  35.067 0.4444440007
43274  -21.680  -50.957  35.171 0.3333329856
46366  -19.223  -48.246  42.055 0.3333329856
46396  -19.959  -48.556  41.144 0.4444440007
46418  -21.146  -48.890  39.879 0.6666669846
45316  -20.632  -49.086  39.600 0.6666669846
47525  -31.915  -46.477  38.014 0.6666669846
45330  -21.572  -49.460  38.369 0.6666669846
47536  -32.260  -47.021  37.708 0.7777780294
45342  -21.460  -49.798  37.577 0.6666669846
46456  -32.836  -47.935  37.114 0.7777780294
46457  -33.874  -47.942  36.879 0.7777780294
47538  -34.735  -47.220  37.135 0.7777780294
44273  -22.306  -50.408  37.386 0.6666669846
48597  -35.381  -46.214  37.153 0.7777780294
48604  -35.721  -46.685  36.914 0.7777780294
48605  -36.330  -46.367  36.490 0.7777780294
49644  -38.396  -45.549  35.175 0.8888890147
48615  -38.567  -46.475  34.978 0.8888890147
43275  -22.443  -51.402  35.509 0.3333329856
43263  -22.552  -51.459  36.079 0.4444440007
42196  -22.749  -52.152  35.514 0.4444440007
41059  -23.214  -53.157  36.298 0.4444440007
47559  -37.461  -47.762  35.411 0.7777780294
47471  -19.892  -47.451  42.123 0.3333329856
46377  -20.460  -48.068  41.437 0.4444440007
46367  -19.990  -47.947  41.950 0.3333329856
46397  -20.569  -48.556  40.669 0.4444440007
45317  -21.602  -49.134  39.466 0.6666669846
47535  -31.228  -47.404  37.940 0.6666669846
45318  -22.366  -49.816  38.900 0.6666669846
44262  -22.621  -50.659  38.266 0.6666669846
46474  -31.244  -48.514  36.791 0.4444440007
46455  -31.741  -47.941  37.324 0.6666669846
47537  -33.510  -47.108  37.321 0.7777780294
48596  -34.181  -46.241  37.363 0.8888890147
43252  -22.747  -51.320  37.279 0.5555559993
45331  -22.176  -49.870  37.910 0.6666669846
41049  -23.269  -53.290  37.161 0.4444440007
41050  -23.503  -53.517  37.761 0.3333329856
45360  -31.888  -48.974  36.010 0.3333329856
49628  -35.216  -45.263  36.477 0.6666669846
49620  -35.496  -45.570  36.804 0.6666669846
48606  -37.629  -46.462  35.811 0.8888890147
49645  -38.738  -45.472  34.697 0.8888890147
40004  -23.434  -53.767  36.199 0.2222220004
39997  -23.344  -53.832  36.865 0.3333329856
50667  -34.596  -45.071  36.536 0.6666669846
49642  -35.276  -45.517  35.701 0.6666669846
49629  -36.168  -45.536  36.133 0.6666669846
48614  -37.945  -47.111  35.466 0.7777780294
48616  -38.866  -45.884  34.526 0.8888890147
38904  -24.108  -54.705  36.355 0.2222220004
38895  -24.093  -54.821  37.092 0.2222220004
46506  -37.937  -48.617  34.369 0.5555559993
47570  -38.820  -46.947  34.052 0.6666669846
47583  -38.857  -47.329  33.396 0.6666669846
38915  -25.199  -55.741  36.107 0.1111110002
47582  -38.679  -47.805  33.554 0.6666669846
46378  -21.285  -48.064  40.812 0.5555559993
46379  -22.348  -48.458  40.456 0.6666669846
44241  -23.182  -50.347  40.034 0.6666669846
47523  -30.510  -47.020  38.315 0.6666669846
47524  -31.435  -46.717  38.172 0.6666669846
48586  -31.609  -46.053  38.143 0.6666669846
46399  -22.128  -48.916  40.284 0.6666669846
44251  -22.976  -50.820  39.447 0.5555559993
46454  -30.591  -47.935  37.680 0.4444440007
43242  -22.913  -51.708  38.584 0.4444440007
42154  -23.169  -52.448  38.823 0.4444440007
46473  -30.216  -48.582  37.000 0.3333329856
48595  -33.055  -46.247  37.434 0.7777780294
41038  -23.706  -53.716  38.371 0.3333329856
45358  -29.820  -48.978  36.373 0.3333329856
49618  -33.534  -45.580  37.090 0.6666669846
50710  -38.830  -44.764  34.313 0.8888890147
49671  -39.215  -45.392  33.421 0.8888890147
39990  -23.693  -54.200  37.507 0.3333329856
39981  -24.126  -54.403  38.252 0.3333329856
45373  -30.404  -49.152  35.529 0.3333329856
50666  -33.959  -45.200  36.386 0.6666669846
49643  -36.359  -45.365  35.432 0.6666669846
50668  -36.623  -45.067  35.735 0.7777780294
50670  -37.683  -45.024  35.560 0.8888890147
50692  -38.449  -44.940  34.767 0.8888890147
49659  -39.084  -45.352  34.213 0.8888890147
49687  -39.281  -45.470  32.393 0.8888890147
38896  -24.638  -55.356  37.481 0.2222220004
50687  -34.418  -45.191  36.002 0.6666669846
48639  -39.039  -46.396  32.954 0.7777780294
38906  -25.244  -55.896  37.038 0.2222220004
38897  -25.323  -55.801  37.881 0.2222220004
47486  -22.937  -47.741  40.317 0.6666669846
46400  -24.030  -48.103  40.370 0.6666669846
46401  -24.612  -48.058  40.331 0.6666669846
47485  -21.958  -47.585  40.687 0.4444440007
45292  -22.968  -48.927  40.503 0.6666669846
46381  -24.209  -48.688  40.482 0.6666669846
47522  -29.592  -46.881  38.618 0.6666669846
45306  -23.545  -50.064  40.333 0.5555559993
44243  -23.826  -50.855  40.433 0.6666669846
46438  -29.666  -47.554  38.341 0.6666669846
48585  -30.891  -46.185  38.361 0.5555559993
44242  -23.506  -50.961  40.218 0.5555559993
46439  -30.376  -47.525  38.120 0.6666669846
41027  -24.315  -53.525  39.297 0.4444440007
42138  -23.333  -52.591  39.142 0.4444440007
46453  -29.528  -48.175  37.718 0.4444440007
48594  -32.197  -46.109  37.745 0.5555559993
41026  -23.726  -53.482  39.026 0.3333329856
46471  -28.412  -48.484  36.977 0.3333329856
46472  -29.290  -48.566  37.060 0.4444440007
39982  -24.695  -54.383  38.874 0.3333329856
45357  -29.030  -48.763  36.461 0.3333329856
50647  -33.757  -45.207  36.733 0.4444440007
50725  -39.104  -44.480  33.623 0.8888890147
50743  -39.291  -44.487  32.775 0.8888890147
38887  -24.633  -55.101  38.181 0.2222220004
46490  -28.323  -48.628  36.184 0.3333329856
45372  -29.210  -49.019  35.613 0.3333329856
50686  -33.377  -45.442  35.620 0.4444440007
50689  -36.878  -44.843  35.309 0.6666669846
37793  -25.936  -56.092  37.775 0.2222220004
49655  -33.570  -46.041  34.525 0.5555559993
48624  -35.317  -46.157  33.947 0.5555559993
49657  -36.007  -45.841  34.575 0.6666669846
49700  -39.457  -45.618  31.234 0.6666669846
37805  -25.868  -56.448  37.327 0.1111110002
37794  -26.502  -56.270  37.504 0.2222220004
45392  -28.890  -49.079  34.521 0.3333329856
37806  -26.803  -57.024  36.723 0.1111110002
37795  -27.254  -56.420  37.098 0.1111110002
47515  -28.893  -46.937  39.117 0.6666669846
45286  -24.886  -50.230  40.700 0.6666669846
46422  -29.249  -47.251  38.816 0.7777780294
43224  -24.838  -51.173  40.522 0.5555559993
46421  -28.735  -47.581  38.970 0.5555559993
43223  -24.099  -51.540  40.347 0.4444440007
42125  -25.128  -51.619  40.159 0.4444440007
46436  -27.987  -48.286  38.350 0.4444440007
46437  -28.743  -48.048  38.435 0.4444440007
42140  -24.498  -52.691  39.773 0.4444440007
42141  -25.258  -52.247  39.746 0.4444440007
46451  -27.701  -48.417  37.691 0.4444440007
46452  -28.625  -48.324  37.735 0.4444440007
39974  -24.787  -53.825  39.289 0.2222220004
39975  -25.226  -53.914  39.229 0.2222220004
41029  -25.549  -53.224  39.293 0.2222220004
46470  -27.382  -48.622  36.737 0.3333329856
51787  -39.075  -43.694  32.852 1.0000000000
39983  -25.507  -54.498  38.830 0.2222220004
39976  -25.780  -53.934  39.027 0.2222220004
45355  -26.415  -49.181  36.435 0.3333329856
51743  -38.467  -44.493  34.327 0.7777780294
51758  -38.671  -44.184  33.744 0.8888890147
50760  -39.450  -44.524  31.794 0.8888890147
38888  -25.321  -55.114  38.472 0.2222220004
38889  -25.800  -54.928  38.540 0.2222220004
39984  -26.204  -54.425  38.513 0.2222220004
45370  -26.879  -49.040  35.203 0.3333329856
46489  -27.740  -48.635  36.041 0.3333329856
51742  -38.043  -44.525  34.733 0.7777780294
38898  -26.154  -55.486  38.147 0.2222220004
39991  -26.821  -54.782  37.850 0.2222220004
45371  -28.019  -48.763  35.372 0.3333329856
50780  -39.619  -44.526  30.789 0.8888890147
38899  -27.023  -55.643  37.462 0.2222220004
45390  -26.876  -49.256  34.064 0.3333329856
45391  -27.817  -48.993  34.310 0.3333329856
48672  -39.854  -46.345  30.403 0.6666669846
39992  -27.317  -54.935  37.228 0.2222220004
48673  -40.768  -46.637  30.340 0.5555559993
47501  -24.279  -47.579  40.134 0.6666669846
47488  -25.327  -47.622  40.219 0.6666669846
45296  -26.341  -49.169  40.417 0.4444440007
46384  -26.860  -48.269  40.306 0.6666669846
44244  -26.047  -50.075  39.884 0.4444440007
45308  -26.564  -49.277  39.950 0.4444440007
45309  -27.077  -48.662  39.661 0.4444440007
46404  -28.083  -47.629  39.234 0.5555559993
43234  -25.702  -51.586  39.473 0.4444440007
44253  -25.921  -50.183  39.107 0.4444440007
45319  -26.531  -49.079  39.319 0.4444440007
46419  -27.157  -48.637  39.165 0.4444440007
43226  -25.817  -50.834  39.454 0.4444440007
46435  -27.098  -48.585  38.571 0.4444440007
42142  -25.817  -52.395  39.118 0.3333329856
45354  -25.797  -49.692  37.083 0.3333329856
46450  -26.776  -48.721  37.655 0.3333329856
52799  -38.689  -43.719  33.313 0.8888890147
51772  -39.147  -44.083  33.209 1.0000000000
42156  -26.107  -52.412  38.179 0.2222220004
41040  -26.116  -53.371  38.738 0.2222220004
46469  -26.670  -48.907  37.057 0.3333329856
51757  -38.230  -44.111  33.911 0.8888890147
51806  -39.331  -43.587  32.098 1.0000000000
44285  -26.035  -49.611  35.675 0.3333329856
41051  -26.723  -53.709  37.790 0.2222220004
50795  -39.974  -44.503  29.931 0.8888890147
41061  -27.139  -54.246  37.023 0.2222220004
42170  -26.441  -52.690  37.180 0.2222220004
49716  -39.752  -45.335  30.303 0.8888890147
48688  -41.169  -46.099  30.170 0.6666669846
48674  -41.678  -46.596  30.638 0.4444440007
48548  -25.676  -47.294  40.100 0.6666669846
48549  -26.204  -47.248  40.153 0.6666669846
47489  -25.865  -47.751  40.415 0.6666669846
47490  -26.567  -47.656  40.308 0.6666669846
43235  -25.826  -51.340  38.884 0.3333329856
45333  -26.085  -49.420  38.382 0.4444440007
43244  -25.697  -51.269  37.997 0.3333329856
45332  -25.757  -50.054  38.210 0.3333329856
45344  -25.778  -49.849  37.762 0.3333329856
43253  -25.687  -51.058  37.206 0.3333329856
52818  -39.006  -42.720  32.165 0.8888890147
43254  -26.065  -51.863  37.307 0.2222220004
44284  -25.717  -50.247  36.500 0.3333329856
52841  -39.546  -42.800  30.512 0.8888890147
43264  -25.864  -51.519  36.329 0.2222220004
44294  -25.772  -50.503  35.504 0.3333329856
51858  -39.777  -43.666  30.275 0.8888890147
43265  -26.217  -52.160  36.764 0.2222220004
42182  -25.919  -51.978  35.807 0.2222220004
50796  -40.842  -44.558  29.638 0.7777780294
42183  -26.267  -52.544  36.138 0.2222220004
49733  -41.743  -45.698  30.276 0.5555559993
52829  -39.253  -42.667  31.380 0.8888890147
52858  -40.001  -42.905  29.768 0.8888890147
51860  -41.611  -43.574  29.843 0.7777780294
51861  -42.222  -44.365  30.197 0.7777780294
49701  -43.335  -45.332  30.987 0.5555559993
49702  -44.025  -45.301  30.906 0.3333329856
53832  -38.952  -41.529  31.474 0.7777780294
53842  -39.375  -41.750  30.547 1.0000000000
53859  -39.720  -42.215  29.924 0.8888890147
54922  -40.499  -41.322  29.789 1.0000000000
52860  -41.292  -42.590  29.784 0.8888890147
53844  -42.034  -41.486  30.205 0.8888890147
52842  -42.062  -42.571  30.271 0.8888890147
51807  -43.117  -43.490  31.227 0.7777780294
50761  -43.208  -44.198  31.192 0.6666669846
49703  -44.599  -45.204  30.470 0.2222220004
49719  -44.612  -45.572  30.016 0.2222220004
49704  -45.036  -44.783  30.487 0.4444440007
50801  -44.962  -44.762  29.966 0.1111110002
50782  -45.284  -44.436  30.413 0.2222220004
50800  -44.595  -44.423  29.470 0.1111110002
54907  -39.975  -40.855  30.115 1.0000000000
54908  -41.168  -40.837  29.927 1.0000000000
51834  -42.556  -43.500  30.629 0.7777780294
53833  -43.217  -42.113  31.180 0.8888890147
51808  -43.642  -43.512  31.544 0.7777780294
52831  -43.891  -42.750  31.761 0.7777780294
51809  -44.553  -43.378  31.883 0.6666669846
51788  -44.852  -43.040  32.125 0.7777780294
50764  -45.259  -44.412  30.902 0.4444440007
51810  -45.471  -43.498  31.615 0.6666669846
51835  -45.839  -43.678  30.876 0.5555559993
51811  -46.125  -43.247  31.492 0.5555559993
51863  -45.402  -43.760  29.965 0.5555559993
51882  -44.411  -43.679  29.041 0.2222220004
51862  -44.921  -43.728  29.464 0.3333329856
54906  -39.305  -40.714  30.787 0.8888890147
56043  -41.374  -39.891  30.427 1.0000000000
54909  -42.425  -40.499  30.564 1.0000000000
56021  -42.501  -39.552  31.153 1.0000000000
54910  -43.053  -41.003  30.846 1.0000000000
54895  -42.775  -40.154  30.959 1.0000000000
53834  -43.545  -41.809  31.460 0.8888890147
55996  -43.657  -39.733  32.069 1.0000000000
53824  -44.470  -41.691  32.075 0.8888890147
51789  -45.122  -43.083  32.140 0.8888890147
53825  -45.164  -41.656  32.324 0.8888890147
52834  -46.345  -42.536  31.640 0.6666669846
52821  -45.716  -42.569  32.173 0.8888890147
52862  -45.626  -42.961  29.892 0.4444440007
52845  -46.396  -42.595  31.062 0.5555559993
52861  -45.120  -42.977  29.403 0.3333329856
56044  -42.026  -39.712  30.628 1.0000000000
55995  -42.923  -39.243  31.782 1.0000000000
56022  -43.082  -39.760  31.579 1.0000000000
54882  -44.578  -40.732  32.247 1.0000000000
54883  -45.424  -40.609  32.465 1.0000000000
52822  -46.208  -42.063  32.074 0.7777780294
53848  -46.326  -41.867  30.999 0.6666669846
53835  -46.373  -41.397  31.770 0.7777780294
53847  -45.993  -41.820  30.314 0.5555559993
57089  -42.852  -38.501  32.351 1.0000000000
57090  -43.811  -38.554  32.741 1.0000000000
55997  -44.725  -39.496  32.654 1.0000000000
54911  -45.988  -41.146  30.640 0.5555559993
54897  -46.619  -40.484  31.769 0.6666669846
56045  -46.028  -40.378  30.513 0.6666669846
57043  -43.951  -37.322  33.926 1.0000000000
58069  -43.366  -36.997  34.290 1.0000000000
54884  -46.262  -40.482  32.273 1.0000000000
55973  -45.223  -38.776  33.196 1.0000000000
54912  -46.497  -40.565  31.131 0.6666669846
56063  -45.868  -39.637  30.002 0.6666669846
58049  -43.495  -36.438  34.784 0.8888890147
57068  -44.705  -37.692  33.623 1.0000000000
55999  -46.516  -39.525  32.472 0.8888890147
57069  -45.883  -38.209  33.335 1.0000000000
54898  -47.054  -39.939  31.553 0.7777780294
57093  -46.714  -38.538  32.603 0.8888890147
57070  -46.496  -37.995  33.090 0.8888890147
54913  -47.137  -39.742  30.965 0.7777780294
56023  -47.462  -39.206  31.279 0.7777780294
56046  -46.627  -39.687  30.560 0.6666669846
56064  -46.721  -38.912  30.084 0.5555559993
57119  -46.127  -38.662  29.657 0.4444440007
60237  -47.272  -35.562  29.162 0.2222220004
61420  -47.736  -34.938  29.250 0.3333329856
60251  -46.898  -35.038  28.355 0.2222220004
61435  -47.577  -34.642  28.725 0.3333329856
58050  -43.966  -36.210  34.769 1.0000000000
59069  -44.340  -35.730  34.836 1.0000000000
59070  -44.812  -35.907  34.328 1.0000000000
58090  -45.280  -36.987  33.740 1.0000000000
59074  -45.297  -36.023  33.930 1.0000000000
58091  -46.374  -37.283  33.266 1.0000000000
59075  -46.002  -36.211  33.496 1.0000000000
58105  -46.771  -37.777  32.812 1.0000000000
58092  -46.969  -37.203  32.734 1.0000000000
56047  -47.361  -38.997  30.502 0.6666669846
57106  -47.720  -38.351  30.921 0.6666669846
58106  -47.066  -37.715  32.186 0.7777780294
58113  -47.562  -37.537  31.430 0.7777780294
61376  -48.392  -34.356  31.923 0.8888890147
62508  -48.089  -32.695  32.585 0.8888890147
57121  -47.373  -38.075  29.849 0.6666669846
61390  -48.462  -34.359  30.921 0.5555559993
61377  -48.624  -33.721  31.476 0.6666669846
62520  -48.445  -33.192  32.162 0.7777780294
57133  -45.711  -38.259  29.186 0.1111110002
57134  -46.248  -38.133  29.411 0.4444440007
57120  -46.839  -38.104  29.630 0.4444440007
60226  -48.228  -35.293  30.455 0.3333329856
58140  -46.221  -37.510  29.113 0.2222220004
60238  -47.980  -35.278  29.685 0.3333329856
61405  -48.545  -34.525  30.027 0.3333329856
61391  -48.700  -33.563  30.921 0.6666669846
62521  -48.796  -33.024  31.312 0.8888890147
59109  -46.742  -36.847  29.234 0.2222220004
60236  -46.852  -36.202  29.235 0.2222220004
62539  -48.725  -33.751  29.612 0.3333329856
62529  -48.825  -33.749  30.328 0.5555559993
61421  -48.160  -34.353  29.267 0.3333329856
61436  -48.031  -33.879  28.454 0.2222220004
60199  -45.216  -35.416  34.251 1.0000000000
59083  -47.316  -36.672  32.107 0.7777780294
62519  -48.072  -33.817  32.418 0.8888890147
57114  -47.656  -38.167  30.177 0.6666669846
59091  -47.697  -36.466  31.166 0.6666669846
60219  -48.048  -35.341  31.284 0.5555559993
58130  -47.426  -37.361  29.715 0.5555559993
58120  -47.743  -37.351  30.535 0.6666669846
59092  -47.885  -35.935  30.697 0.5555559993
63648  -48.372  -32.179  32.305 0.8888890147
58129  -46.852  -37.498  29.389 0.3333329856
58131  -47.597  -36.554  29.805 0.4444440007
59101  -47.837  -36.068  30.125 0.3333329856
59110  -47.263  -36.437  29.477 0.3333329856
59111  -47.580  -35.984  29.673 0.3333329856
63649  -48.740  -32.260  31.694 0.8888890147
64827  -48.651  -31.421  32.009 0.8888890147
62530  -49.091  -33.062  30.605 0.5555559993
63659  -49.072  -32.286  30.938 0.6666669846
62540  -49.227  -33.172  29.861 0.3333329856
62549  -48.519  -33.554  28.936 0.3333329856
62558  -48.710  -33.110  28.774 0.2222220004
62557  -48.456  -33.105  28.249 0.2222220004
60189  -44.586  -35.024  35.120 1.0000000000
61346  -45.237  -34.208  34.866 1.0000000000
60191  -45.389  -34.844  34.417 1.0000000000
60201  -46.567  -35.349  33.273 1.0000000000
59076  -46.868  -36.393  33.015 0.8888890147
60210  -47.938  -35.129  32.059 0.8888890147
60209  -47.325  -35.469  32.546 0.7777780294
60218  -47.646  -35.812  31.800 0.6666669846
61375  -47.735  -34.411  32.492 0.8888890147
64813  -47.337  -31.530  33.646 1.0000000000
63638  -47.854  -32.129  32.755 0.8888890147
64826  -48.275  -31.359  32.508 0.8888890147
64842  -48.982  -31.416  31.325 0.7777780294
65954  -48.577  -30.892  32.265 0.8888890147
63665  -49.413  -32.393  30.170 0.5555559993
65955  -48.893  -30.438  31.850 0.7777780294
67015  -49.048  -29.356  31.930 0.8888890147
65968  -49.242  -30.565  30.919 0.6666669846
67026  -49.217  -29.526  31.247 0.7777780294
63675  -49.205  -32.450  29.377 0.2222220004
64874  -49.370  -31.630  29.670 0.3333329856
67032  -49.272  -29.692  30.375 0.6666669846
67977  -49.242  -28.456  31.464 0.7777780294
64891  -48.955  -31.644  28.765 0.2222220004
63689  -48.823  -32.614  28.710 0.2222220004
66001  -49.119  -30.922  29.281 0.3333329856
61336  -44.592  -34.307  35.353 1.0000000000
62483  -45.522  -33.006  35.053 1.0000000000
62493  -45.760  -33.664  34.606 1.0000000000
61347  -45.859  -34.260  34.305 1.0000000000
62484  -46.134  -32.511  34.700 1.0000000000
61358  -46.440  -34.375  33.699 1.0000000000
62494  -46.491  -33.177  34.119 1.0000000000
63629  -46.515  -32.021  34.419 1.0000000000
61359  -47.103  -34.450  33.101 0.8888890147
62506  -46.896  -33.813  33.491 1.0000000000
62495  -47.082  -32.671  33.566 1.0000000000
63630  -46.942  -32.118  33.851 1.0000000000
62507  -47.559  -33.259  33.031 0.8888890147
63637  -47.375  -32.139  33.290 1.0000000000
64814  -47.774  -31.230  33.133 1.0000000000
65917  -47.884  -30.280  33.458 1.0000000000
66997  -48.324  -29.380  33.146 0.8888890147
67952  -48.189  -28.440  33.554 1.0000000000
65938  -48.801  -29.891  32.233 0.8888890147
67968  -48.996  -28.383  32.092 1.0000000000
68943  -48.904  -27.253  32.294 1.0000000000
70003  -48.599  -26.326  32.735 1.0000000000
65984  -49.386  -30.719  30.024 0.3333329856
67987  -49.342  -28.580  30.701 0.6666669846
68957  -49.267  -27.470  31.664 0.8888890147
70014  -49.228  -26.126  32.151 1.0000000000
67992  -49.120  -28.765  29.788 0.6666669846
68944  -49.334  -26.690  31.799 1.0000000000
70015  -49.643  -25.932  31.668 1.0000000000
66014  -48.931  -30.991  28.863 0.2222220004
68973  -49.771  -26.439  30.955 0.8888890147
66013  -48.668  -30.799  28.411 0.2222220004
67040  -48.766  -30.143  29.070 0.2222220004
67060  -48.341  -30.126  27.961 0.2222220004
62473  -45.342  -32.546  35.418 1.0000000000
63603  -45.607  -31.788  35.205 1.0000000000
63619  -46.021  -31.872  34.977 1.0000000000
65915  -46.940  -30.798  34.409 1.0000000000
64801  -47.536  -30.946  33.765 1.0000000000
66961  -46.920  -29.381  34.564 1.0000000000
65916  -47.357  -30.298  34.180 1.0000000000
66977  -47.367  -29.351  34.300 1.0000000000
67940  -47.682  -28.498  34.155 1.0000000000
68930  -48.409  -27.397  33.177 1.0000000000
67041  -48.919  -29.927  29.416 0.3333329856
68958  -49.558  -26.623  31.379 1.0000000000
67050  -48.740  -29.515  29.003 0.3333329856
70041  -49.735  -26.579  30.349 0.5555559993
71194  -49.894  -25.004  31.417 1.0000000000
67049  -48.584  -29.936  28.723 0.2222220004
67998  -48.837  -28.976  29.079 0.4444440007
68991  -48.986  -27.794  28.860 0.4444440007
70042  -50.055  -25.772  30.589 0.6666669846
69000  -48.626  -28.199  28.043 0.4444440007
70053  -49.648  -26.622  29.342 0.4444440007
70054  -50.213  -25.835  29.785 0.5555559993
71222  -50.515  -25.133  30.175 0.6666669846
69001  -49.290  -27.537  27.490 0.3333329856
70062  -49.732  -26.764  28.228 0.2222220004
70063  -50.659  -25.941  28.677 0.3333329856
69002  -50.235  -27.181  27.154 0.2222220004
63602  -45.223  -32.158  35.479 1.0000000000
64769  -45.827  -31.165  34.853 1.0000000000
64787  -46.231  -30.998  34.698 1.0000000000
65898  -46.726  -30.341  34.543 1.0000000000
65877  -46.214  -30.356  34.639 1.0000000000
67939  -47.316  -28.789  34.429 1.0000000000
67929  -47.441  -28.267  34.387 1.0000000000
68929  -47.997  -27.584  33.945 1.0000000000
71150  -47.548  -25.965  34.030 1.0000000000
70002  -48.110  -26.457  33.622 1.0000000000
71163  -47.918  -25.610  33.520 0.8888890147
71178  -49.132  -25.373  32.573 1.0000000000
72357  -48.180  -24.904  33.167 1.0000000000
72372  -49.576  -24.478  32.339 1.0000000000
73520  -49.996  -23.660  31.853 1.0000000000
73533  -50.469  -23.688  31.637 1.0000000000
71207  -50.239  -24.912  30.836 0.8888890147
72383  -50.579  -24.135  31.258 1.0000000000
71243  -50.782  -25.287  29.494 0.6666669846
71208  -50.721  -24.573  30.462 0.6666669846
72395  -50.657  -24.369  30.825 1.0000000000
73534  -50.872  -23.352  31.401 1.0000000000
70080  -50.499  -26.614  27.692 0.3333329856
71223  -51.108  -24.624  29.810 0.6666669846
72396  -51.109  -24.016  30.600 0.8888890147
73544  -51.250  -23.284  30.865 1.0000000000
71244  -51.405  -25.164  29.068 0.4444440007
71224  -51.702  -24.532  29.242 0.5555559993
73545  -51.521  -23.052  30.305 0.7777780294
69003  -51.095  -27.027  27.106 0.2222220004
70081  -51.384  -26.292  27.695 0.2222220004
70064  -51.700  -25.614  28.328 0.3333329856
71245  -52.123  -24.943  28.657 0.5555559993
65876  -45.726  -30.382  34.678 1.0000000000
66938  -46.387  -29.446  34.595 1.0000000000
67917  -47.200  -29.031  34.648 1.0000000000
68908  -47.117  -27.915  34.451 1.0000000000
69979  -47.335  -27.260  34.378 1.0000000000
71135  -47.182  -26.086  34.196 0.8888890147
72325  -47.084  -25.509  33.993 0.8888890147
72342  -47.446  -25.238  33.614 0.8888890147
73504  -47.889  -24.300  33.086 0.8888890147
72358  -48.916  -24.687  32.837 1.0000000000
73519  -49.242  -23.831  32.472 1.0000000000
75669  -50.442  -22.894  31.116 1.0000000000
75685  -50.772  -22.609  30.725 1.0000000000
74600  -51.043  -22.854  31.166 1.0000000000
75686  -51.099  -22.639  30.933 1.0000000000
74612  -51.287  -22.710  30.594 1.0000000000
72411  -52.215  -23.987  28.973 0.6666669846
73561  -51.841  -23.245  29.624 0.7777780294
69004  -51.947  -26.862  26.971 0.2222220004
71261  -52.343  -25.252  28.068 0.5555559993
72432  -52.844  -24.101  28.269 0.6666669846
73562  -52.522  -23.165  29.037 0.7777780294
73505  -48.581  -24.252  32.930 1.0000000000
73518  -48.541  -23.810  32.717 0.8888890147
74584  -48.766  -23.473  31.991 0.8888890147
74585  -49.806  -23.337  31.538 0.8888890147
74599  -50.005  -22.977  31.010 1.0000000000
75697  -49.889  -22.336  30.228 0.8888890147
76830  -50.938  -21.944  29.532 0.8888890147
76806  -51.135  -22.265  30.433 1.0000000000
74613  -51.622  -22.621  29.904 1.0000000000
74627  -52.854  -22.502  28.836 0.7777780294
74626  -52.192  -22.579  29.294 0.8888890147
72445  -53.401  -24.375  27.328 0.5555559993
73605  -53.491  -23.401  27.840 0.6666669846
71263  -53.528  -25.443  26.883 0.5555559993
76818  -51.090  -22.052  29.997 1.0000000000
76819  -51.467  -21.935  29.563 1.0000000000
73583  -53.086  -23.197  28.594 0.8888890147
75710  -52.482  -22.009  29.000 0.8888890147
73606  -53.985  -23.657  26.926 0.7777780294
74643  -53.391  -22.431  28.168 0.8888890147
73623  -54.494  -24.216  26.311 0.7777780294
76845  -51.868  -21.455  28.371 1.0000000000
76831  -51.401  -21.802  29.202 1.0000000000
76847  -52.935  -21.402  28.003 0.8888890147
73607  -54.496  -23.515  26.449 0.7777780294
74663  -54.322  -22.926  26.797 0.7777780294
76858  -53.229  -21.378  27.480 1.0000000000
74681  -54.665  -23.174  25.753 0.7777780294
77940  -52.315  -21.015  27.670 0.7777780294
77957  -52.697  -20.724  27.154 0.7777780294
75740  -53.957  -22.207  26.845 0.7777780294
76876  -53.335  -21.132  26.870 0.8888890147
75761  -54.344  -22.547  26.182 0.8888890147
75778  -53.996  -22.417  25.800 0.8888890147
77956  -52.196  -20.613  27.028 0.7777780294
77976  -53.013  -20.666  26.697 0.7777780294
77993  -52.984  -20.269  26.114 0.6666669846
75759  -53.471  -21.402  26.415 0.7777780294
76893  -53.056  -20.895  26.134 0.6666669846
75777  -53.329  -21.687  25.741 0.8888890147
75789  -52.700  -21.569  24.915 0.6666669846
75776  -52.929  -21.275  25.488 0.7777780294
75802  -52.166  -21.794  23.839 0.4444440007
75813  -52.436  -21.296  22.940 0.2222220004
75830  -52.820  -21.309  22.225 0.2222220004
74725  -52.493  -21.590  22.307 0.3333329856
74735  -52.756  -21.826  21.602 0.3333329856
74736  -53.513  -21.620  21.393 0.3333329856
74770  -53.305  -22.572  19.839 0.3333329856
77991  -52.025  -20.269  25.257 0.6666669846
77975  -52.645  -20.526  26.498 0.7777780294
78011  -52.773  -20.376  25.620 0.6666669846
78010  -52.486  -20.448  24.926 0.5555559993
76904  -52.892  -20.428  25.661 0.6666669846
76903  -52.674  -20.889  25.358 0.6666669846
76915  -52.627  -20.847  23.958 0.5555559993
78024  -52.839  -20.205  23.379 0.5555559993
76916  -52.965  -20.461  23.129 0.4444440007
76931  -52.862  -20.727  23.012 0.3333329856
76932  -53.176  -20.584  22.463 0.3333329856
75831  -53.445  -21.160  21.831 0.3333329856
75854  -53.990  -21.500  21.324 0.3333329856
74747  -53.781  -22.032  20.754 0.4444440007
77990  -51.375  -19.719  24.794 0.6666669846
78009  -52.214  -19.825  24.234 0.6666669846
78008  -51.544  -19.787  23.660 0.6666669846
78025  -53.129  -20.350  22.854 0.5555559993
76946  -53.755  -20.680  21.652 0.4444440007
75832  -54.362  -21.085  21.427 0.4444440007
75855  -54.708  -21.540  20.998 0.4444440007
74748  -55.040  -22.046  20.389 0.4444440007
78036  -52.378  -19.943  22.084 0.5555559993
78037  -53.083  -19.966  22.290 0.5555559993
78038  -53.196  -20.397  22.280 0.5555559993
78047  -53.969  -20.340  21.250 0.4444440007
76947  -54.782  -20.642  21.241 0.4444440007
74749  -56.018  -21.975  20.134 0.4444440007
74772  -55.508  -22.327  19.543 0.4444440007
78058  -54.956  -19.869  20.432 0.4444440007
78048  -55.375  -20.209  20.959 0.4444440007
74773  -56.582  -22.070  19.406 0.3333329856
73722  -57.400  -22.833  17.653 0.2222220004
74858  -57.584  -23.031  15.294 0.2222220004
74872  -57.969  -22.609  13.703 0.2222220004
73775  -58.353  -23.577  13.501 0.2222220004
78050  -57.026  -20.188  20.275 0.3333329856
75835  -56.831  -20.986  20.289 0.3333329856
75836  -57.119  -21.213  19.765 0.3333329856
75834  -56.195  -21.051  20.883 0.2222220004
75858  -57.040  -21.309  19.814 0.3333329856
75884  -57.288  -21.656  19.453 0.3333329856
74750  -56.491  -21.826  19.929 0.3333329856
74798  -56.825  -22.418  18.594 0.2222220004
74774  -57.409  -22.050  19.024 0.2222220004
73709  -57.035  -22.730  18.021 0.2222220004
74817  -57.691  -22.441  18.157 0.2222220004
74834  -57.888  -22.633  17.031 0.2222220004
74845  -57.959  -22.355  15.986 0.2222220004
75957  -58.533  -21.609  15.478 0.2222220004
74859  -57.823  -22.314  14.877 0.2222220004
75969  -58.248  -21.600  14.384 0.2222220004
74871  -57.642  -23.032  14.457 0.2222220004
78049  -56.411  -20.079  20.863 0.3333329856
75859  -57.612  -21.154  19.537 0.2222220004
75860  -58.066  -21.073  19.347 0.2222220004
75885  -57.913  -21.616  19.162 0.2222220004
75907  -58.281  -21.847  18.594 0.2222220004
74818  -58.005  -22.405  17.940 0.2222220004
75943  -58.863  -21.632  16.692 0.2222220004
75983  -58.434  -21.552  13.341 0.2222220004
74877  -58.640  -22.369  13.052 0.2222220004
78060  -56.990  -19.893  20.227 0.3333329856
78075  -56.725  -19.590  19.629 0.2222220004
76963  -57.567  -20.261  19.868 0.2222220004
78076  -57.654  -19.691  19.574 0.2222220004
78077  -58.420  -19.823  19.538 0.2222220004
76964  -57.841  -20.570  19.632 0.2222220004
76965  -58.372  -20.700  19.357 0.2222220004
75886  -58.421  -21.199  19.028 0.2222220004
76978  -58.889  -20.555  18.994 0.2222220004
75908  -58.947  -21.192  18.389 0.2222220004
75923  -58.621  -21.850  17.772 0.2222220004
75925  -60.315  -20.874  17.241 0.2222220004
75958  -59.624  -21.055  15.828 0.3333329856
75970  -59.003  -20.984  14.902 0.2222220004
76991  -59.839  -20.400  18.150 0.3333329856
77000  -60.214  -20.745  17.616 0.2222220004
75924  -59.657  -21.215  17.576 0.2222220004
75944  -60.024  -21.160  16.744 0.2222220004
77026  -59.776  -20.603  15.099 0.2222220004
77055  -58.872  -20.556  13.408 0.2222220004
75984  -58.691  -20.962  14.079 0.2222220004
77054  -58.605  -21.063  12.728 0.2222220004
77073  -58.797  -21.222  11.967 0.2222220004
77076  -61.219  -20.559  11.139 0.2222220004
78207  -60.863  -19.564  10.585 0.2222220004
79224  -58.837  -18.802  18.418 0.2222220004
78094  -59.135  -19.657  18.797 0.2222220004
79232  -60.094  -18.468  17.429 0.2222220004
78095  -59.951  -19.397  17.928 0.3333329856
78104  -60.607  -19.234  17.219 0.3333329856
80293  -60.386  -17.818  16.157 0.2222220004
78105  -60.806  -18.768  16.805 0.3333329856
78114  -60.916  -19.703  16.866 0.3333329856
79241  -60.763  -18.350  16.453 0.3333329856
78115  -60.997  -19.159  16.400 0.3333329856
77012  -60.895  -20.118  16.333 0.3333329856
78127  -61.033  -19.187  15.503 0.3333329856
77028  -60.899  -19.846  15.480 0.3333329856
77039  -60.211  -20.140  14.827 0.3333329856
78174  -59.292  -19.719  13.033 0.2222220004
78151  -59.521  -19.997  13.828 0.2222220004
78175  -59.844  -19.138  13.081 0.3333329856
77068  -58.841  -20.443  12.505 0.2222220004
77074  -59.041  -20.709  11.744 0.2222220004
78194  -59.110  -19.672  12.045 0.2222220004
79295  -59.351  -18.810  11.921 0.3333329856
77075  -60.015  -20.689  11.390 0.2222220004
78195  -59.545  -19.931  11.374 0.2222220004
78196  -60.282  -20.000  11.044 0.2222220004
79328  -60.091  -17.902  9.819 0.2222220004
79329  -60.810  -18.376  9.553 0.2222220004
80384  -60.445  -16.873  8.733 0.2222220004
80379  -60.265  -17.366  9.248 0.2222220004
82498  -60.689  -15.823  7.793 0.2222220004
79253  -60.949  -18.455  15.722 0.3333329856
78138  -60.685  -19.450  14.571 0.3333329856
78152  -60.061  -19.460  13.719 0.3333329856
78153  -60.564  -19.114  13.845 0.3333329856
79271  -60.356  -18.973  13.393 0.3333329856
79282  -59.452  -19.121  12.555 0.3333329856
78205  -59.349  -19.265  11.429 0.3333329856
79296  -59.700  -18.126  11.648 0.3333329856
79310  -59.415  -18.715  11.171 0.3333329856
79311  -59.968  -18.433  10.461 0.2222220004
80350  -59.951  -17.246  11.395 0.3333329856
80363  -59.636  -17.289  10.264 0.3333329856
81413  -59.739  -15.607  9.629 0.2222220004
82487  -60.136  -15.375  9.031 0.2222220004
85906  -61.449  -12.808  7.135 0.2222220004
84694  -61.267  -13.817  6.876 0.2222220004
79264  -60.974  -18.511  14.842 0.3333329856
80320  -61.076  -17.735  14.313 0.3333329856
79284  -60.901  -17.964  12.919 0.3333329856
79283  -60.069  -18.490  12.699 0.3333329856
81402  -59.925  -16.312  10.939 0.3333329856
82455  -59.879  -15.601  10.702 0.2222220004
83524  -60.163  -14.268  9.234 0.2222220004
83512  -59.959  -14.686  9.495 0.2222220004
84684  -60.317  -13.548  8.303 0.2222220004
84685  -60.523  -14.055  7.488 0.2222220004
85900  -61.043  -12.674  7.845 0.2222220004
79272  -60.829  -18.491  13.754 0.3333329856
80351  -60.771  -17.012  12.063 0.3333329856
84658  -58.642  -13.269  11.490 0.2222220004
85860  -59.140  -13.136  11.791 0.2222220004
85875  -59.298  -12.611  11.191 0.2222220004
81403  -60.651  -16.294  11.688 0.3333329856
85876  -59.931  -12.779  11.145 0.2222220004
87038  -59.799  -12.360  10.219 0.2222220004
82456  -60.448  -15.349  11.194 0.2222220004
84677  -60.227  -13.532  9.527 0.2222220004
83514  -60.084  -14.391  10.466 0.2222220004
87048  -60.009  -12.340  9.521 0.2222220004
88157  -60.088  -11.379  8.735 0.2222220004
81360  -60.595  -16.354  14.092 0.2222220004
81361  -61.269  -16.705  14.022 0.3333329856
81362  -61.140  -16.200  14.004 0.3333329856
81382  -61.463  -16.863  13.182 0.3333329856
80330  -61.224  -17.549  13.493 0.3333329856
82425  -61.262  -15.479  12.675 0.3333329856
81393  -61.499  -16.338  12.956 0.3333329856
80341  -61.156  -17.306  12.685 0.3333329856
82442  -61.212  -15.421  12.034 0.4444440007
85861  -59.806  -13.232  11.892 0.3333329856
84659  -60.928  -13.815  11.449 0.2222220004
83501  -60.905  -14.519  11.285 0.2222220004
85862  -60.477  -13.405  11.936 0.3333329856
85877  -60.456  -13.077  10.823 0.2222220004
84672  -60.490  -13.675  10.634 0.2222220004
85888  -60.281  -12.905  9.668 0.2222220004
84640  -61.199  -13.930  11.953 0.3333329856
83484  -61.129  -14.479  11.929 0.2222220004
74795  -53.732  -22.750  18.986 0.3333329856
74771  -54.384  -22.421  19.739 0.3333329856
74794  -52.919  -22.872  19.230 0.3333329856
75857  -56.475  -21.508  20.285 0.4444440007
75856  -55.652  -21.546  20.714 0.3333329856
76949  -56.595  -20.521  20.645 0.4444440007
44223  -16.563  -50.558  42.286 0.5555559993
42153  -17.923  -52.162  38.615 0.4444440007
41074  -17.541  -53.510  34.935 0.4444440007
44240  -19.306  -49.665  40.025 0.4444440007
45284  -18.415  -49.244  42.046 0.4444440007
44259  -18.963  -50.528  38.904 0.5555559993
43249  -18.876  -51.016  37.525 0.5555559993
42193  -17.806  -52.721  35.721 0.5555559993
44261  -20.278  -49.817  37.971 0.6666669846
41075  -17.889  -52.937  34.517 0.4444440007
42194  -18.319  -52.101  35.401 0.5555559993
43285  -18.901  -51.635  35.141 0.5555559993
43261  -19.345  -50.903  36.347 0.4444440007
42209  -18.444  -52.286  34.410 0.3333329856
43272  -19.571  -50.985  35.516 0.4444440007
43286  -19.508  -51.480  34.541 0.4444440007
40020  -17.858  -54.390  32.939 0.3333329856
42221  -18.616  -52.609  33.341 0.3333329856
44293  -20.943  -50.657  35.440 0.4444440007
45283  -17.629  -49.708  42.326 0.4444440007
45278  -17.235  -49.420  42.441 0.3333329856
45291  -19.453  -48.924  41.295 0.4444440007
46365  -18.273  -48.471  42.198 0.2222220004
45302  -19.673  -49.096  40.589 0.4444440007
45315  -19.867  -49.314  39.795 0.4444440007
45329  -20.658  -49.383  38.676 0.6666669846
44272  -21.561  -50.222  36.870 0.5555559993
46376  -19.716  -48.401  41.659 0.3333329856
43251  -22.273  -50.608  36.915 0.4444440007
49619  -34.604  -45.401  36.985 0.6666669846
48598  -35.921  -45.833  36.791 0.7777780294
50691  -38.095  -45.020  35.211 0.8888890147
48607  -38.233  -45.998  35.489 0.8888890147
48626  -38.773  -46.782  34.364 0.7777780294
42181  -23.040  -52.361  36.717 0.4444440007
49630  -37.217  -45.567  36.054 0.8888890147
47550  -37.486  -47.197  35.700 0.8888890147
46495  -37.665  -48.143  34.950 0.5555559993
47560  -38.076  -47.593  34.936 0.6666669846
46398  -21.494  -48.726  40.283 0.6666669846
45304  -22.004  -49.006  40.050 0.6666669846
47534  -30.697  -47.515  38.071 0.6666669846
42168  -23.213  -52.654  37.964 0.4444440007
46475  -32.298  -48.606  36.639 0.3333329856
42169  -23.466  -53.267  38.277 0.4444440007
39998  -23.636  -54.309  36.642 0.2222220004
47569  -38.566  -47.491  34.163 0.6666669846
48627  -39.006  -46.313  34.069 0.7777780294
38905  -24.620  -55.275  36.699 0.2222220004
38886  -24.208  -54.820  37.716 0.3333329856
49656  -34.811  -46.047  34.739 0.6666669846
46515  -38.746  -47.993  33.220 0.5555559993
47484  -20.959  -47.375  41.211 0.4444440007
45305  -22.679  -49.465  40.031 0.6666669846
44252  -23.325  -51.439  39.796 0.5555559993
43232  -23.269  -51.978  39.356 0.4444440007
42155  -23.385  -53.046  38.787 0.3333329856
45359  -30.824  -48.890  36.170 0.3333329856
50669  -37.100  -44.920  35.711 0.8888890147
45393  -30.002  -49.187  34.655 0.3333329856
49641  -34.175  -45.743  35.424 0.5555559993
48649  -39.246  -46.538  31.873 0.7777780294
47500  -23.645  -47.837  40.300 0.6666669846
46380  -23.380  -48.431  40.457 0.6666669846
45293  -23.532  -49.256  40.527 0.6666669846
46402  -25.020  -47.941  40.288 0.6666669846
44233  -24.664  -50.558  40.625 0.6666669846
43233  -23.628  -51.855  39.957 0.5555559993
42123  -24.099  -52.208  40.049 0.5555559993
41028  -24.958  -53.293  39.553 0.4444440007
42139  -23.733  -52.713  39.464 0.4444440007
50646  -32.854  -45.227  36.741 0.6666669846
50665  -33.072  -45.223  36.258 0.4444440007
50690  -37.353  -44.668  35.082 0.7777780294
48625  -35.777  -45.929  33.889 0.6666669846
47487  -23.611  -47.499  40.054 0.6666669846
46382  -25.162  -48.448  40.487 0.6666669846
45287  -25.184  -49.946  40.664 0.6666669846
47514  -28.478  -47.325  39.213 0.6666669846
42124  -24.664  -51.951  40.178 0.4444440007
43214  -25.251  -50.666  40.474 0.4444440007
46420  -27.739  -48.224  39.106 0.4444440007
43225  -25.585  -50.957  39.943 0.4444440007
45356  -27.264  -48.796  35.942 0.3333329856
44295  -26.098  -49.650  34.770 0.3333329856
51832  -39.494  -43.611  31.178 0.8888890147
41052  -27.025  -54.421  37.495 0.2222220004
45409  -26.871  -49.537  33.125 0.2222220004
48686  -40.003  -45.773  29.975 0.7777780294
45295  -25.523  -49.318  40.609 0.6666669846
44235  -26.157  -49.738  40.123 0.4444440007
46383  -26.094  -48.443  40.560 0.6666669846
44234  -25.856  -49.889  40.255 0.4444440007
45297  -26.922  -48.722  40.091 0.4444440007
44245  -26.057  -50.022  39.716 0.4444440007
45320  -27.151  -48.650  39.416 0.4444440007
46403  -27.515  -48.052  39.761 0.6666669846
51859  -40.438  -43.692  29.664 0.8888890147
49731  -40.316  -45.276  29.829 0.7777780294
41060  -26.847  -53.438  36.695 0.2222220004
49732  -41.067  -45.445  29.825 0.6666669846
49717  -42.119  -46.017  30.632 0.5555559993
44264  -25.758  -50.472  38.494 0.3333329856
44263  -25.643  -50.489  37.962 0.3333329856
52859  -40.773  -42.958  29.622 0.8888890147
42198  -26.332  -52.626  35.016 0.2222220004
50797  -41.681  -44.824  29.869 0.5555559993
53860  -40.547  -42.091  29.663 0.8888890147
51833  -42.074  -43.211  30.251 0.7777780294
50781  -42.708  -44.730  30.708 0.5555559993
50762  -43.940  -44.437  31.471 0.6666669846
53861  -41.370  -41.825  29.856 0.8888890147
52843  -42.669  -42.642  30.745 0.8888890147
53845  -42.889  -41.794  30.791 1.0000000000
52830  -43.169  -42.706  31.224 0.7777780294
50763  -44.702  -44.415  31.256 0.5555559993
49720  -44.890  -45.018  30.224 0.1111110002
49737  -44.763  -45.225  29.977 0.1111110002
50816  -44.217  -44.274  29.114 0.2222220004
53846  -43.262  -41.283  31.067 1.0000000000
52832  -44.370  -42.754  31.990 0.8888890147
52819  -44.199  -42.237  31.920 0.7777780294
52820  -44.810  -42.583  32.169 0.8888890147
52833  -46.048  -43.061  31.873 0.6666669846
51836  -46.342  -43.048  31.121 0.5555559993
57104  -41.603  -38.607  31.431 1.0000000000
54896  -43.209  -40.516  31.253 1.0000000000
54881  -43.975  -41.047  31.783 1.0000000000
53823  -44.061  -41.717  31.836 0.8888890147
53826  -45.935  -41.513  32.296 0.8888890147
52844  -46.051  -42.779  30.482 0.5555559993
53863  -45.592  -42.233  29.846 0.3333329856
55998  -45.754  -39.575  32.768 1.0000000000
57067  -43.806  -37.795  33.505 1.0000000000
57091  -44.463  -38.468  33.161 1.0000000000
57042  -43.559  -37.350  33.892 1.0000000000
54885  -46.851  -40.026  32.097 0.8888890147
55974  -45.780  -38.939  33.143 1.0000000000
54943  -45.245  -40.028  29.359 0.5555559993
58070  -44.345  -36.706  34.224 1.0000000000
58089  -44.750  -37.139  33.835 1.0000000000
57092  -46.187  -39.015  32.974 1.0000000000
56000  -47.179  -39.354  32.049 0.7777780294
57094  -47.379  -38.485  31.752 0.7777780294
56065  -47.270  -38.468  30.031 0.6666669846
58071  -44.912  -36.422  34.050 1.0000000000
60190  -44.895  -35.109  34.689 1.0000000000
60200  -45.776  -35.197  33.874 1.0000000000
59119  -46.231  -36.775  28.895 0.2222220004
59100  -47.753  -36.538  30.503 0.4444440007
62550  -48.908  -33.122  29.209 0.3333329856
61337  -45.061  -33.746  35.236 1.0000000000
64800  -47.061  -31.286  34.162 1.0000000000
65937  -48.448  -30.366  32.651 0.8888890147
64858  -49.371  -31.521  30.527 0.5555559993
64799  -46.553  -31.218  34.544 1.0000000000
66998  -48.730  -29.315  32.469 1.0000000000
67953  -48.600  -28.370  32.776 1.0000000000
71164  -48.442  -25.529  33.059 1.0000000000
68972  -49.513  -27.397  30.995 1.0000000000
68982  -49.335  -27.596  30.071 0.5555559993
71179  -49.637  -25.202  32.016 1.0000000000
70028  -49.872  -25.800  31.174 0.8888890147
64768  -45.404  -31.423  35.084 1.0000000000
68920  -47.656  -27.840  34.264 1.0000000000
72373  -50.044  -24.318  31.775 1.0000000000
68990  -48.653  -28.649  28.541 0.2222220004
70079  -49.916  -26.958  27.597 0.2222220004
69989  -47.352  -26.706  34.312 1.0000000000
74586  -50.448  -23.060  31.521 1.0000000000
72384  -51.005  -23.657  31.059 1.0000000000
75670  -50.772  -22.806  31.193 1.0000000000
72410  -51.561  -23.965  29.740 0.7777780294
70082  -52.288  -25.975  27.601 0.3333329856
70065  -52.127  -25.445  28.180 0.5555559993
71246  -52.475  -24.758  28.238 0.5555559993
72431  -52.419  -24.447  28.557 0.6666669846
71134  -46.762  -26.305  34.141 0.8888890147
75683  -49.997  -22.856  30.575 0.8888890147
76829  -50.582  -22.225  29.809 0.8888890147
75698  -51.306  -22.261  30.084 1.0000000000
72412  -52.691  -23.592  28.739 0.6666669846
74598  -49.489  -23.250  31.006 0.8888890147
75699  -51.825  -22.139  29.472 1.0000000000
72446  -53.983  -24.692  26.586 0.5555559993
76832  -52.012  -21.731  28.930 1.0000000000
76846  -52.434  -21.358  28.191 0.8888890147
75711  -53.019  -21.859  28.511 0.8888890147
74662  -53.846  -22.729  27.396 0.8888890147
75739  -53.538  -21.963  27.514 0.8888890147
75724  -53.264  -21.733  27.974 0.8888890147
77942  -52.962  -21.213  27.558 0.8888890147
73624  -55.000  -23.956  26.076 0.7777780294
74664  -54.593  -23.061  26.284 0.7777780294
76859  -53.555  -21.599  27.113 0.7777780294
77958  -53.002  -20.993  27.226 0.8888890147
77939  -51.783  -21.165  27.618 0.8888890147
75760  -53.827  -21.946  26.322 0.7777780294
74692  -53.671  -22.589  25.359 0.8888890147
77955  -51.690  -20.916  26.654 0.7777780294
74703  -52.368  -22.548  24.563 0.4444440007
75814  -52.954  -20.937  22.480 0.3333329856
74724  -51.993  -22.062  22.473 0.3333329856
78023  -52.364  -19.795  23.080 0.5555559993
75833  -55.296  -21.056  21.179 0.5555559993
78022  -51.758  -19.913  22.677 0.5555559993
78046  -53.106  -19.881  21.292 0.4444440007
74796  -54.876  -22.655  18.769 0.3333329856
76948  -55.833  -20.549  21.149 0.4444440007
74797  -55.932  -22.458  18.547 0.3333329856
73723  -57.672  -22.690  17.535 0.2222220004
73751  -57.316  -23.708  15.466 0.2222220004
78051  -57.390  -20.164  20.026 0.2222220004
74799  -57.513  -22.344  18.481 0.2222220004
74775  -57.868  -22.047  18.805 0.2222220004
73736  -57.246  -23.521  16.714 0.2222220004
74844  -57.540  -23.079  16.260 0.2222220004
78061  -57.831  -19.849  19.894 0.2222220004
75945  -60.530  -20.670  16.788 0.3333329856
77001  -60.585  -20.236  17.294 0.2222220004
77038  -59.444  -20.389  14.334 0.2222220004
76992  -60.307  -19.815  17.684 0.2222220004
75959  -60.386  -20.736  16.250 0.3333329856
77027  -60.438  -20.418  15.542 0.3333329856
78136  -59.644  -20.093  14.146 0.3333329856
77067  -58.702  -21.037  12.207 0.2222220004
77080  -61.557  -20.039  10.596 0.2222220004
79312  -61.320  -18.998  10.026 0.2222220004
79225  -59.508  -18.905  18.120 0.2222220004
80283  -59.566  -17.985  17.018 0.1111110002
80284  -60.150  -17.849  16.856 0.1111110002
79240  -60.460  -18.126  16.848 0.2222220004
77013  -61.045  -19.598  15.937 0.3333329856
77040  -60.659  -20.022  15.081 0.3333329856
78137  -59.950  -19.910  14.255 0.3333329856
78206  -59.838  -19.310  10.918 0.2222220004
81414  -59.585  -16.232  9.996 0.2222220004
81431  -60.036  -16.147  9.055 0.2222220004
83538  -60.871  -14.925  7.246 0.2222220004
83537  -60.200  -14.780  8.230 0.2222220004
82497  -60.269  -15.630  8.503 0.2222220004
80340  -60.410  -17.659  12.250 0.3333329856
82469  -59.656  -15.154  10.196 0.2222220004
85894  -60.497  -12.696  8.667 0.2222220004
81392  -61.266  -16.479  12.432 0.3333329856
85863  -60.826  -13.492  11.633 0.2222220004
87056  -60.442  -12.017  8.732 0.2222220004
46522  -38.789  -49.008  32.597 0.1111110002
46523  -38.979  -48.426  32.561 0.2222220004
47594  -39.141  -47.477  32.303 0.3333329856
44346  -39.370  -50.046  32.209 0.1111110002
45462  -40.144  -49.477  31.874 0.1111110002
46539  -39.568  -48.514  31.815 0.2222220004
47606  -39.727  -47.569  31.275 0.5555559993
47624  -39.789  -46.981  30.821 0.5555559993
45438  -39.984  -49.865  32.108 0.1111110002
46540  -40.454  -48.636  31.410 0.2222220004
45418  -38.207  -49.466  33.592 0.4444440007
46514  -38.536  -48.531  33.335 0.4444440007
44330  -38.279  -49.997  33.166 0.2222220004
45436  -38.629  -49.555  32.695 0.1111110002
44344  -37.857  -50.364  32.711 0.1111110002
44362  -38.535  -50.281  31.816 0.1111110002
44363  -39.416  -50.373  31.806 0.1111110002
44375  -40.188  -50.732  31.391 0.1111110002
44376  -40.732  -50.228  31.420 0.1111110002
45460  -38.012  -50.165  31.739 0.1111110002
45482  -38.230  -50.013  31.099 0.1111110002
44383  -40.161  -50.651  30.619 0.1111110002
45500  -36.561  -49.280  29.991 0.1111110002
45481  -37.151  -49.570  30.921 0.1111110002
45502  -38.929  -49.989  30.306 0.1111110002
44313  -37.526  -50.318  33.945 0.2222220004
44312  -36.776  -50.473  34.145 0.2222220004
44328  -37.286  -50.476  33.434 0.2222220004
44342  -36.111  -50.286  32.766 0.2222220004
44361  -37.669  -50.236  32.225 0.1111110002
44359  -36.321  -50.044  32.191 0.1111110002
45458  -36.613  -49.785  31.701 0.1111110002
45498  -34.615  -49.007  29.838 0.1111110002
45480  -36.115  -49.454  30.908 0.1111110002
41015  -15.263  -54.155  40.836 0.3333329856
47558  -36.915  -48.151  35.556 0.6666669846
46494  -37.145  -48.678  35.034 0.4444440007
45398  -36.272  -50.069  34.626 0.2222220004
44327  -36.444  -50.519  33.548 0.2222220004
44326  -35.431  -50.361  33.621 0.2222220004
51771  -37.720  -43.243  33.248 0.5555559993
52808  -38.281  -42.716  32.896 0.5555559993
53822  -38.626  -41.738  32.090 0.5555559993
45435  -35.549  -50.110  32.675 0.1111110002
52817  -37.297  -42.542  32.059 0.3333329856
52807  -37.933  -42.505  32.800 0.5555559993
53811  -37.725  -41.553  32.250 0.5555559993
53812  -38.112  -41.617  32.389 0.5555559993
45456  -34.378  -49.537  31.755 0.1111110002
45479  -35.066  -49.270  30.846 0.1111110002
41004  -13.868  -53.576  41.716 0.2222220004
41011  -14.729  -53.943  41.255 0.3333329856
43198  -12.413  -52.817  41.513 0.1111110002
43209  -12.543  -52.552  41.254 0.1111110002
44220  -12.999  -52.261  41.449 0.1111110002
46492  -35.078  -48.989  35.694 0.3333329856
46479  -36.070  -47.991  36.239 0.7777780294
45378  -34.605  -49.641  35.482 0.2222220004
46493  -36.202  -48.624  35.635 0.2222220004
44298  -34.926  -50.095  35.046 0.2222220004
44325  -34.626  -50.270  34.161 0.2222220004
44310  -35.148  -50.268  34.481 0.2222220004
50708  -37.194  -44.629  34.711 0.5555559993
51741  -37.690  -44.520  34.780 0.6666669846
56018  -39.507  -39.620  30.900 0.6666669846
45416  -34.116  -50.110  33.673 0.2222220004
50759  -36.829  -43.905  32.395 0.4444440007
51770  -37.361  -43.780  33.335 0.4444440007
54879  -38.551  -40.555  32.120 0.5555559993
45417  -34.769  -50.228  33.610 0.2222220004
51831  -36.664  -43.455  31.037 0.3333329856
51786  -37.147  -43.259  32.325 0.4444440007
53820  -37.304  -42.040  31.914 0.3333329856
54867  -37.290  -40.861  31.769 0.3333329856
54869  -37.887  -40.571  32.325 0.4444440007
55970  -38.062  -39.563  32.572 0.5555559993
55946  -37.854  -38.760  32.671 0.5555559993
45455  -33.052  -49.184  31.542 0.1111110002
45434  -34.879  -50.066  32.885 0.1111110002
50779  -36.114  -44.504  30.834 0.2222220004
51804  -37.003  -43.189  31.780 0.2222220004
53840  -36.756  -41.587  30.796 0.2222220004
53831  -37.010  -41.503  31.344 0.3333329856
54878  -37.128  -40.676  31.524 0.3333329856
57060  -37.306  -38.915  32.138 0.3333329856
57061  -37.506  -38.673  32.446 0.3333329856
45477  -33.173  -48.975  30.641 0.1111110002
53857  -36.751  -41.997  30.156 0.2222220004
53841  -36.818  -41.334  30.221 0.1111110002
56039  -36.829  -39.824  30.302 0.1111110002
55992  -37.032  -39.824  31.396 0.1111110002
58119  -36.953  -37.906  30.339 0.1111110002
41016  -15.952  -53.676  40.449 0.3333329856
41025  -16.662  -53.586  39.665 0.3333329856
41017  -16.473  -52.952  40.193 0.3333329856
42113  -14.943  -53.189  41.391 0.2222220004
41012  -15.255  -53.466  40.998 0.3333329856
41024  -16.396  -54.270  39.969 0.3333329856
39973  -16.786  -54.254  39.146 0.3333329856
41037  -16.936  -53.702  38.867 0.3333329856
42106  -13.671  -52.792  41.664 0.2222220004
41005  -14.468  -53.449  41.554 0.2222220004
43199  -13.312  -52.364  41.533 0.2222220004
44228  -13.125  -51.995  41.290 0.1111110002
43219  -12.931  -51.827  40.488 0.1111110002
46478  -35.420  -48.300  36.274 0.5555559993
45363  -34.186  -49.415  35.892 0.2222220004
44297  -34.214  -50.052  35.308 0.2222220004
57087  -40.483  -37.903  31.746 0.8888890147
57105  -42.379  -38.754  31.752 0.8888890147
45415  -32.975  -49.963  33.958 0.1111110002
44309  -34.416  -50.217  34.825 0.2222220004
49670  -36.581  -45.177  33.875 0.4444440007
56019  -40.564  -39.281  30.701 0.7777780294
44324  -33.816  -50.187  34.518 0.2222220004
50741  -36.446  -44.725  32.542 0.3333329856
57062  -38.859  -37.821  32.959 0.5555559993
57066  -43.003  -37.847  33.208 0.8888890147
45432  -32.474  -49.494  32.850 0.1111110002
50758  -36.567  -44.304  31.992 0.2222220004
55971  -38.589  -39.140  32.352 0.5555559993
55948  -38.465  -38.336  32.763 0.5555559993
45454  -31.984  -49.121  31.967 0.1111110002
45433  -33.643  -49.755  32.782 0.1111110002
51856  -36.273  -43.647  29.961 0.1111110002
58110  -37.050  -38.078  31.287 0.1111110002
59082  -37.428  -37.278  32.020 0.2222220004
59090  -37.566  -36.888  31.389 0.1111110002
53858  -37.092  -41.755  29.312 0.1111110002
54905  -36.876  -40.654  29.906 0.1111110002
57113  -36.948  -39.409  29.212 0.1111110002
60216  -36.968  -36.715  30.502 0.1111110002
52857  -36.789  -42.862  29.094 0.1111110002
54939  -37.343  -40.694  28.495 0.1111110002
57130  -36.592  -39.078  28.364 0.1111110002
58128  -36.381  -37.434  29.159 0.1111110002
59108  -36.130  -36.613  29.563 0.1111110002
53873  -37.315  -41.740  28.046 0.1111110002
54957  -37.283  -40.800  27.437 0.1111110002
56080  -36.870  -39.667  27.948 0.1111110002
57117  -36.676  -38.494  28.645 0.1111110002
58135  -35.822  -37.203  28.271 0.1111110002
46616  -28.679  -48.623  27.669 0.1111110002
42107  -14.661  -52.565  41.583 0.2222220004
42114  -15.622  -52.531  41.327 0.3333329856
42120  -16.409  -52.448  40.746 0.3333329856
44221  -13.723  -51.835  41.385 0.1111110002
44222  -14.472  -51.142  41.633 0.1111110002
44229  -13.749  -51.514  41.298 0.2222220004
44237  -13.643  -51.469  40.695 0.1111110002
43299  -19.823  -51.736  33.788 0.3333329856
43301  -21.317  -51.821  33.281 0.3333329856
46477  -34.373  -48.678  36.313 0.3333329856
47547  -34.967  -47.920  36.704 0.6666669846
41076  -22.953  -53.196  33.998 0.2222220004
45361  -32.804  -49.361  36.162 0.1111110002
45362  -33.636  -49.425  36.108 0.3333329856
41077  -23.546  -53.687  34.370 0.2222220004
41069  -23.662  -53.779  35.029 0.2222220004
45376  -33.323  -49.922  35.658 0.2222220004
40013  -24.012  -54.110  34.805 0.2222220004
38925  -24.688  -54.830  35.271 0.1111110002
45375  -32.475  -49.632  35.529 0.1111110002
44296  -33.771  -50.031  35.475 0.2222220004
57064  -40.915  -37.683  32.826 0.7777780294
57088  -41.740  -38.169  32.208 0.8888890147
38926  -25.150  -55.244  35.114 0.1111110002
45414  -31.798  -49.557  33.869 0.1111110002
49669  -36.084  -45.612  33.615 0.4444440007
57063  -39.470  -37.752  32.472 0.5555559993
49699  -35.887  -45.193  31.578 0.2222220004
45431  -31.388  -49.332  32.873 0.1111110002
59073  -37.527  -37.272  32.994 0.1111110002
41071  -27.379  -54.098  36.200 0.1111110002
41070  -26.908  -53.335  35.649 0.1111110002
45452  -30.059  -49.132  31.825 0.1111110002
45453  -31.024  -49.156  31.940 0.1111110002
60217  -37.412  -36.417  30.853 0.1111110002
41078  -26.883  -53.350  34.527 0.1111110002
46537  -31.621  -48.855  31.191 0.1111110002
51857  -36.491  -43.357  29.242 0.1111110002
61397  -36.283  -35.706  30.101 0.1111110002
42214  -26.255  -52.537  33.896 0.1111110002
46534  -29.100  -48.861  30.811 0.1111110002
52876  -36.795  -42.941  28.262 0.1111110002
53881  -37.220  -41.643  27.344 0.1111110002
57129  -36.290  -38.901  27.895 0.1111110002
59107  -35.570  -36.656  28.956 0.1111110002
60232  -35.706  -36.060  29.420 0.1111110002
41085  -26.818  -53.452  33.353 0.1111110002
46554  -29.435  -48.662  30.178 0.1111110002
54956  -36.845  -40.472  26.836 0.1111110002
56105  -36.921  -40.057  27.256 0.1111110002
56079  -36.525  -39.328  27.592 0.1111110002
58136  -36.250  -37.971  28.293 0.1111110002
59116  -35.203  -36.637  28.116 0.1111110002
60231  -35.309  -36.278  29.115 0.1111110002
42240  -26.278  -52.885  31.912 0.1111110002
46572  -28.013  -48.728  29.464 0.1111110002
57128  -35.830  -38.134  27.651 0.1111110002
42249  -26.038  -52.303  31.658 0.1111110002
46571  -27.348  -49.114  29.252 0.1111110002
46594  -28.399  -48.577  28.587 0.1111110002
42250  -26.605  -52.660  31.032 0.1111110002
43330  -26.909  -51.965  29.594 0.1111110002
44387  -26.646  -50.079  28.387 0.1111110002
45508  -26.914  -49.608  28.640 0.1111110002
42255  -26.953  -52.430  30.175 0.1111110002
46615  -27.950  -48.733  27.931 0.1111110002
42260  -27.208  -52.392  29.720 0.1111110002
43331  -27.228  -52.266  29.475 0.1111110002
44394  -26.826  -50.103  27.890 0.1111110002
43334  -27.269  -52.147  29.182 0.1111110002
44393  -26.575  -50.785  27.483 0.1111110002
42273  -26.944  -52.333  27.627 0.1111110002
43342  -26.618  -51.538  26.978 0.1111110002
43200  -14.424  -51.666  41.587 0.2222220004
44230  -14.264  -50.902  41.346 0.2222220004
45288  -14.748  -50.037  41.160 0.1111110002
44246  -13.959  -51.467  39.995 0.1111110002
44238  -14.309  -50.830  40.608 0.1111110002
43287  -20.543  -51.338  34.305 0.3333329856
42224  -22.011  -51.961  33.713 0.2222220004
46476  -33.298  -48.732  36.587 0.4444440007
42212  -22.690  -52.409  34.399 0.2222220004
40005  -23.823  -54.107  35.736 0.1111110002
45394  -31.109  -49.340  34.721 0.2222220004
58085  -40.310  -37.567  33.548 0.6666669846
58086  -41.318  -37.603  33.749 0.8888890147
57065  -42.039  -37.795  33.032 0.8888890147
45413  -30.721  -49.297  33.775 0.1111110002
48648  -35.531  -46.017  32.831 0.3333329856
58065  -39.907  -37.494  34.114 0.4444440007
58068  -42.455  -37.088  34.394 0.8888890147
45412  -29.671  -49.156  33.648 0.1111110002
48637  -35.095  -46.280  33.159 0.2222220004
49698  -35.280  -45.738  31.424 0.2222220004
59066  -38.743  -37.134  34.379 0.4444440007
60187  -37.791  -35.883  33.998 0.3333329856
45429  -29.377  -49.151  32.656 0.1111110002
45430  -30.371  -49.232  32.787 0.1111110002
48657  -34.660  -46.087  31.412 0.1111110002
49715  -35.454  -45.278  30.768 0.1111110002
61353  -38.069  -35.944  32.281 0.1111110002
61341  -37.999  -35.003  33.491 0.1111110002
43276  -25.825  -51.506  35.238 0.1111110002
43289  -25.811  -51.653  34.162 0.1111110002
49714  -34.807  -45.800  30.733 0.1111110002
50794  -35.492  -44.847  29.823 0.1111110002
61368  -38.136  -35.612  31.685 0.1111110002
61369  -38.373  -35.240  31.984 0.1111110002
43290  -26.080  -52.228  34.497 0.1111110002
42213  -25.864  -51.994  33.621 0.1111110002
43302  -25.744  -51.539  33.248 0.1111110002
45428  -28.415  -49.206  32.525 0.1111110002
49730  -35.121  -45.399  30.312 0.1111110002
51879  -35.892  -43.974  28.569 0.1111110002
61398  -36.897  -35.361  30.416 0.1111110002
61413  -36.806  -35.179  29.686 0.1111110002
42226  -25.873  -52.193  33.103 0.1111110002
44339  -25.717  -51.076  32.586 0.1111110002
45475  -27.883  -49.176  30.708 0.1111110002
45451  -29.072  -49.041  31.636 0.1111110002
46535  -29.791  -48.820  30.969 0.1111110002
52894  -36.990  -42.344  27.408 0.1111110002
61412  -36.019  -35.361  29.666 0.1111110002
42239  -25.898  -52.321  32.339 0.1111110002
44357  -25.707  -51.364  32.217 0.1111110002
44358  -25.814  -51.006  31.732 0.1111110002
46553  -28.565  -48.797  30.253 0.1111110002
60244  -35.503  -35.745  28.755 0.1111110002
44372  -26.067  -50.961  30.666 0.1111110002
45448  -26.449  -50.135  31.323 0.1111110002
45473  -26.441  -50.148  30.142 0.1111110002
45496  -27.494  -49.098  29.958 0.1111110002
46552  -27.988  -48.910  30.106 0.1111110002
56103  -35.951  -39.149  26.567 0.1111110002
60243  -35.038  -36.231  28.828 0.1111110002
43321  -25.983  -51.773  31.178 0.1111110002
43325  -26.397  -51.842  30.320 0.1111110002
53880  -36.766  -41.615  26.704 0.1111110002
57142  -35.706  -38.587  26.745 0.1111110002
58145  -35.236  -37.318  27.221 0.1111110002
59126  -35.018  -36.626  27.528 0.1111110002
44381  -26.425  -51.061  29.564 0.1111110002
45494  -26.495  -50.124  29.168 0.1111110002
45495  -26.858  -49.501  29.617 0.1111110002
56125  -36.109  -39.947  26.258 0.1111110002
45507  -26.575  -50.081  28.653 0.1111110002
43333  -26.946  -51.661  28.805 0.1111110002
42265  -26.899  -52.069  28.283 0.1111110002
43340  -26.614  -51.538  27.963 0.1111110002
42108  -15.323  -51.946  41.699 0.2222220004
43202  -15.898  -51.335  41.960 0.2222220004
43201  -15.134  -51.524  41.778 0.2222220004
43195  -15.444  -50.986  42.040 0.2222220004
44217  -14.871  -51.089  41.965 0.2222220004
44218  -15.339  -50.730  42.052 0.2222220004
44219  -15.855  -50.594  42.271 0.3333329856
45280  -14.889  -50.486  41.841 0.2222220004
45281  -15.254  -49.858  41.955 0.2222220004
45298  -14.888  -50.178  40.462 0.1111110002
45289  -15.334  -49.654  41.252 0.1111110002
44247  -14.673  -51.118  39.548 0.1111110002
59067  -39.558  -37.190  34.534 0.4444440007
58046  -40.928  -37.244  35.056 0.7777780294
58067  -41.589  -37.351  34.471 0.8888890147
59051  -38.512  -36.545  34.497 0.3333329856
59068  -40.237  -37.327  34.739 0.7777780294
58088  -43.089  -37.372  33.852 0.8888890147
49654  -32.862  -45.815  33.613 0.1111110002
49668  -33.546  -46.191  33.300 0.2222220004
60176  -38.890  -35.772  34.616 0.4444440007
44306  -25.754  -50.583  34.470 0.1111110002
45411  -28.644  -49.127  33.494 0.2222220004
48636  -34.321  -46.350  32.778 0.1111110002
61355  -38.511  -34.763  32.874 0.1111110002
61343  -39.673  -34.763  34.046 0.3333329856
62502  -40.553  -34.780  33.394 0.4444440007
44307  -26.156  -49.797  33.766 0.1111110002
45410  -27.693  -49.258  33.321 0.2222220004
49667  -32.789  -45.913  32.648 0.1111110002
49683  -33.538  -46.201  32.275 0.1111110002
48646  -34.238  -46.272  31.883 0.1111110002
61383  -37.876  -35.410  31.057 0.1111110002
61370  -38.922  -34.893  32.169 0.1111110002
62515  -40.503  -34.688  32.676 0.3333329856
44322  -25.780  -50.649  33.360 0.1111110002
44323  -26.297  -49.979  32.969 0.1111110002
45427  -27.542  -49.440  32.399 0.1111110002
49697  -33.659  -46.142  31.329 0.1111110002
49728  -34.004  -45.456  29.674 0.1111110002
50814  -35.245  -44.741  29.078 0.1111110002
61399  -37.614  -35.231  30.434 0.1111110002
61385  -39.163  -35.278  31.392 0.1111110002
61371  -39.852  -34.736  32.229 0.2222220004
44340  -26.105  -50.399  32.374 0.1111110002
45426  -26.767  -49.824  32.283 0.1111110002
45450  -28.136  -49.219  31.630 0.1111110002
50793  -34.698  -45.109  29.372 0.1111110002
51900  -35.375  -44.013  27.693 0.1111110002
45449  -27.283  -49.501  31.490 0.1111110002
51878  -34.760  -44.466  28.016 0.1111110002
52893  -35.917  -43.151  27.170 0.1111110002
45474  -26.985  -49.470  30.557 0.1111110002
60259  -35.540  -35.447  27.866 0.1111110002
58153  -35.244  -37.888  26.344 0.1111110002
45282  -17.043  -49.989  42.343 0.3333329856
45276  -15.578  -50.177  42.236 0.2222220004
46354  -16.188  -49.496  42.278 0.2222220004
46362  -15.825  -49.390  41.896 0.1111110002
48544  -21.818  -47.127  40.841 0.1111110002
59055  -42.030  -36.235  35.239 0.7777780294
58048  -42.672  -36.644  34.847 0.8888890147
50685  -32.292  -45.132  35.446 0.1111110002
50706  -32.477  -45.415  34.411 0.2222220004
60179  -41.385  -35.654  35.346 0.7777780294
59056  -42.924  -36.041  35.262 0.7777780294
59057  -43.688  -35.850  35.158 0.7777780294
60182  -44.054  -35.144  35.371 0.8888890147
50705  -31.402  -45.174  34.524 0.1111110002
61332  -40.674  -34.987  35.096 0.6666669846
50723  -32.062  -45.508  33.023 0.1111110002
62490  -41.059  -34.813  34.300 0.4444440007
62517  -42.414  -34.605  32.917 0.4444440007
46355  -16.913  -49.096  42.473 0.1111110002
47469  -18.403  -47.775  41.931 0.1111110002
46374  -15.914  -48.998  41.190 0.1111110002
47482  -18.690  -47.289  41.542 0.1111110002
47504  -28.080  -47.180  39.340 0.5555559993
49616  -31.620  -45.525  37.599 0.4444440007
50664  -32.118  -44.983  36.212 0.4444440007
49615  -30.935  -45.345  37.797 0.4444440007
50645  -31.889  -45.200  36.869 0.4444440007
50662  -30.228  -44.815  36.415 0.3333329856
50644  -30.899  -45.131  37.158 0.3333329856
50684  -31.185  -45.163  35.405 0.2222220004
60181  -43.245  -35.276  35.448 0.7777780294
61335  -43.688  -34.442  35.490 0.7777780294
50683  -30.368  -44.843  35.597 0.2222220004
61334  -42.772  -34.639  35.413 0.7777780294
63615  -43.541  -33.194  35.367 0.8888890147
51739  -30.272  -44.976  34.826 0.1111110002
62479  -42.322  -34.188  35.147 0.7777780294
62492  -42.786  -33.593  34.852 0.7777780294
48545  -22.532  -47.240  40.198 0.5555559993
48558  -23.214  -47.116  39.539 0.5555559993
47502  -24.888  -47.654  40.150 0.5555559993
49572  -23.865  -46.809  39.240 0.5555559993
49573  -24.664  -46.744  39.216 0.5555559993
48561  -25.983  -46.916  39.743 0.5555559993
49604  -28.870  -45.827  38.727 0.5555559993
50628  -28.750  -45.323  38.276 0.3333329856
49605  -29.506  -45.690  38.389 0.4444440007
48584  -30.017  -46.255  38.388 0.4444440007
62472  -45.046  -32.787  35.558 0.8888890147
50661  -29.326  -44.741  36.501 0.3333329856
50630  -30.416  -45.208  37.693 0.4444440007
49606  -30.404  -45.581  38.133 0.4444440007
64766  -44.421  -32.396  35.442 0.8888890147
50704  -29.323  -44.637  34.694 0.1111110002
50682  -29.500  -44.636  35.503 0.1111110002
51752  -29.541  -44.777  34.227 0.1111110002
49574  -25.579  -46.679  39.218 0.6666669846
49588  -25.121  -46.576  38.615 0.6666669846
49575  -26.437  -46.657  39.176 0.6666669846
48564  -28.204  -46.552  39.127 0.5555559993
50616  -28.552  -45.686  38.630 0.4444440007
64767  -44.815  -31.851  35.336 0.8888890147
64785  -44.268  -32.177  35.178 0.7777780294
63628  -43.705  -32.600  34.935 0.6666669846
65875  -45.164  -31.008  34.920 0.7777780294
64786  -44.655  -31.463  34.864 0.7777780294
65896  -44.965  -30.464  34.622 0.7777780294
64797  -44.169  -32.033  34.569 0.6666669846
64825  -44.552  -31.240  32.628 0.5555559993
65936  -44.596  -30.388  33.223 0.6666669846
64857  -45.082  -31.324  31.050 0.5555559993
66996  -44.885  -29.750  33.790 0.6666669846
66976  -44.895  -30.038  34.236 0.7777780294
66937  -46.169  -29.147  34.637 0.8888890147
67916  -46.381  -29.038  34.615 0.7777780294
67024  -45.262  -29.789  32.106 0.6666669846
65967  -45.205  -30.480  31.549 0.5555559993
67950  -45.248  -29.119  33.659 0.6666669846
67938  -45.558  -28.694  34.083 0.6666669846
68897  -46.884  -28.420  34.538 0.8888890147
67014  -45.384  -29.203  32.525 0.6666669846
67951  -45.604  -28.481  33.482 0.6666669846
67030  -45.447  -29.820  31.343 0.5555559993
70095  -54.149  -26.676  25.762 0.4444440007
70084  -53.695  -26.453  26.479 0.4444440007
69968  -45.912  -27.917  34.277 0.6666669846
68919  -45.843  -27.961  33.874 0.6666669846
67976  -45.796  -28.344  31.548 0.6666669846
67048  -45.902  -28.841  28.999 0.4444440007
67047  -45.547  -29.493  28.507 0.3333329856
67059  -44.971  -29.499  27.307 0.2222220004
67066  -44.342  -29.732  26.326 0.1111110002
71262  -52.803  -25.139  27.594 0.4444440007
71272  -54.510  -25.355  25.770 0.5555559993
71271  -54.146  -25.660  26.203 0.4444440007
70104  -54.527  -26.055  24.583 0.4444440007
69977  -46.505  -27.308  34.209 0.6666669846
68942  -45.696  -27.514  32.288 0.6666669846
68956  -45.736  -27.394  31.250 0.6666669846
67991  -45.958  -28.221  29.426 0.4444440007
67996  -45.799  -28.229  28.558 0.3333329856
67995  -45.460  -28.578  27.858 0.3333329856
68015  -44.443  -28.545  26.132 0.1111110002
67074  -44.095  -28.978  25.693 0.1111110002
70114  -54.531  -26.622  23.963 0.4444440007
71319  -54.081  -26.546  23.095 0.3333329856
73649  -52.611  -23.692  24.570 0.5555559993
71336  -53.473  -26.719  22.616 0.4444440007
71316  -52.526  -25.874  22.799 0.4444440007
72513  -52.365  -25.174  23.250 0.4444440007
70143  -53.164  -27.223  22.134 0.4444440007
71335  -52.827  -26.544  22.490 0.4444440007
71334  -51.974  -26.270  22.190 0.4444440007
71133  -46.385  -26.519  33.841 0.6666669846
69988  -46.021  -27.101  33.619 0.6666669846
70013  -45.438  -26.568  32.014 0.6666669846
70027  -45.399  -26.671  31.018 0.6666669846
68981  -45.760  -27.548  28.952 0.3333329856
68989  -45.673  -27.680  28.499 0.3333329856
68999  -44.734  -27.679  27.010 0.3333329856
69015  -44.528  -27.757  26.637 0.3333329856
69028  -43.981  -27.739  25.779 0.1111110002
68030  -44.089  -28.149  25.680 0.1111110002
72456  -54.439  -24.926  26.138 0.6666669846
71281  -54.639  -25.545  25.149 0.6666669846
72468  -54.822  -24.607  25.127 0.6666669846
71292  -54.493  -25.472  24.449 0.6666669846
71304  -54.168  -25.953  23.664 0.5555559993
72499  -53.935  -25.182  24.059 0.4444440007
72482  -53.787  -24.431  24.407 0.6666669846
73651  -54.172  -23.767  24.763 0.6666669846
71318  -53.769  -26.336  23.107 0.4444440007
71303  -53.633  -25.745  23.509 0.4444440007
72498  -53.191  -25.118  23.804 0.4444440007
72481  -53.027  -24.356  24.435 0.4444440007
73650  -53.539  -23.756  24.759 0.7777780294
74704  -53.242  -23.006  24.933 0.7777780294
75790  -53.104  -22.251  25.100 0.7777780294
71317  -53.232  -26.113  23.067 0.4444440007
72514  -52.955  -25.639  23.274 0.4444440007
72480  -52.634  -24.172  24.336 0.4444440007
72323  -46.625  -25.770  33.876 0.6666669846
72339  -46.221  -25.597  33.475 0.6666669846
72340  -46.665  -25.222  33.650 0.6666669846
71193  -45.137  -26.176  31.492 0.6666669846
70026  -45.079  -26.223  30.743 0.6666669846
70052  -45.019  -26.615  28.972 0.4444440007
70061  -44.745  -26.723  28.470 0.3333329856
68998  -44.504  -27.188  27.397 0.3333329856
69013  -43.782  -27.293  25.878 0.1111110002
69027  -43.702  -27.578  25.360 0.1111110002
72483  -54.445  -24.468  24.576 0.6666669846
73636  -54.748  -23.789  25.232 0.6666669846
77973  -51.424  -20.260  25.794 0.5555559993
77974  -52.136  -20.716  26.108 0.5555559993
72500  -54.278  -25.251  24.180 0.6666669846
73652  -54.531  -23.673  24.951 0.6666669846
74706  -54.204  -23.225  24.879 0.6666669846
76902  -50.644  -20.008  24.137 0.5555559993
75811  -49.842  -21.464  22.910 0.4444440007
76913  -50.238  -20.765  23.490 0.4444440007
74733  -49.449  -22.472  21.630 0.3333329856
75828  -49.907  -21.595  21.839 0.3333329856
76928  -50.476  -20.834  22.258 0.4444440007
76914  -50.962  -20.175  23.032 0.5555559993
74743  -49.051  -23.464  20.451 0.3333329856
74744  -49.526  -22.832  20.666 0.3333329856
75852  -49.984  -22.079  20.909 0.3333329856
76943  -50.428  -21.177  21.576 0.4444440007
75829  -50.430  -21.512  21.168 0.3333329856
76944  -50.965  -20.825  21.027 0.4444440007
74768  -49.505  -23.216  19.784 0.2222220004
75881  -49.999  -22.404  19.788 0.3333329856
76929  -51.436  -20.335  22.030 0.5555559993
75904  -50.170  -22.312  18.816 0.3333329856
75882  -50.621  -21.774  19.234 0.3333329856
74793  -50.099  -22.586  18.191 0.2222220004
72354  -45.604  -25.192  32.516 0.6666669846
73489  -46.926  -24.912  33.475 0.6666669846
71192  -45.142  -25.606  31.431 0.6666669846
73514  -45.633  -24.722  32.050 0.6666669846
71221  -44.906  -26.139  29.399 0.6666669846
70051  -44.559  -26.275  28.765 0.2222220004
73503  -47.222  -24.416  32.932 0.7777780294
70060  -44.296  -26.759  28.026 0.2222220004
70078  -43.976  -26.839  27.128 0.2222220004
76901  -50.109  -20.830  24.635 0.5555559993
76891  -50.601  -20.217  25.311 0.6666669846
74714  -49.577  -22.016  23.294 0.4444440007
75800  -49.774  -21.680  23.970 0.4444440007
74723  -49.464  -22.194  22.623 0.3333329856
74732  -48.927  -23.172  21.331 0.3333329856
78045  -52.395  -19.967  21.226 0.3333329856
76945  -51.865  -20.321  21.150 0.4444440007
76930  -51.992  -20.077  21.738 0.4444440007
75853  -50.599  -21.663  20.329 0.3333329856
76960  -51.024  -20.950  19.674 0.4444440007
75905  -50.631  -21.932  18.113 0.2222220004
73516  -46.752  -24.206  32.266 0.6666669846
72382  -45.313  -25.132  31.027 0.6666669846
73515  -45.910  -24.635  32.365 0.6666669846
73517  -47.330  -23.898  32.386 0.7777780294
71206  -45.087  -25.743  30.125 0.6666669846
73530  -45.635  -24.691  31.642 0.6666669846
73531  -46.180  -24.270  31.435 0.6666669846
74575  -48.124  -23.705  32.581 0.7777780294
71205  -44.938  -26.057  29.756 0.5555559993
72394  -45.359  -25.299  30.047 0.6666669846
73532  -46.891  -23.914  31.604 0.6666669846
74582  -47.192  -23.676  31.958 0.7777780294
71220  -44.844  -25.791  29.200 0.3333329856
71242  -43.985  -25.776  28.333 0.3333329856
76857  -51.209  -21.475  27.348 0.7777780294
76890  -50.280  -21.234  25.707 0.6666669846
76875  -51.039  -21.061  26.166 0.6666669846
73661  -48.517  -23.851  23.130 0.3333329856
74713  -49.099  -22.651  23.674 0.4444440007
75799  -49.485  -22.292  24.649 0.5555559993
74722  -48.869  -22.939  22.380 0.3333329856
76961  -51.854  -20.212  20.063 0.4444440007
78055  -52.194  -19.996  20.696 0.4444440007
76976  -51.711  -20.580  18.860 0.4444440007
76987  -51.116  -21.456  17.998 0.2222220004
73542  -45.659  -24.796  30.672 0.6666669846
73555  -45.586  -24.763  29.201 0.6666669846
74596  -47.509  -23.635  31.271 0.6666669846
74597  -48.480  -23.467  31.230 0.7777780294
73577  -44.592  -24.934  28.214 0.5555559993
72409  -45.234  -25.359  29.427 0.5555559993
74609  -47.477  -24.011  30.394 0.7777780294
74611  -49.203  -23.332  30.413 0.7777780294
75696  -49.865  -22.853  30.261 0.7777780294
72430  -44.247  -25.237  28.349 0.3333329856
75709  -50.192  -22.419  29.712 0.7777780294
73603  -48.157  -23.848  27.579 0.5555559993
76843  -50.612  -22.058  29.170 0.7777780294
76844  -51.236  -21.723  28.537 0.7777780294
74679  -49.222  -22.965  26.841 0.5555559993
74680  -49.623  -22.609  26.945 0.5555559993
76856  -50.674  -22.000  28.151 0.6666669846
74690  -49.205  -22.826  26.010 0.5555559993
76874  -50.460  -21.799  26.917 0.6666669846
73635  -48.504  -23.598  25.573 0.3333329856
73647  -48.566  -23.645  24.383 0.4444440007
74701  -49.074  -22.903  24.975 0.5555559993
75774  -49.463  -22.461  25.882 0.5555559993
73646  -48.069  -24.371  23.905 0.3333329856
75787  -49.471  -22.394  25.477 0.4444440007
78056  -52.783  -19.793  20.277 0.3333329856
76977  -52.342  -20.067  19.105 0.3333329856
78087  -52.778  -19.966  18.705 0.3333329856
73543  -46.185  -24.532  30.340 0.6666669846
74608  -46.830  -24.429  30.092 0.6666669846
73556  -46.229  -24.675  29.339 0.6666669846
74622  -46.779  -24.528  29.560 0.6666669846
73559  -48.369  -23.847  29.178 0.7777780294
74625  -49.026  -23.465  29.499 0.7777780294
73579  -46.221  -24.674  28.417 0.6666669846
74623  -47.287  -24.348  29.522 0.6666669846
75722  -49.523  -22.992  28.895 0.6666669846
73582  -48.691  -23.621  28.520 0.6666669846
74641  -49.444  -22.924  28.387 0.6666669846
75723  -49.967  -22.337  28.835 0.6666669846
73604  -48.945  -23.293  27.574 0.5555559993
74660  -49.413  -22.857  27.485 0.5555559993
75738  -50.144  -22.259  27.836 0.6666669846
75758  -49.965  -22.298  27.105 0.6666669846
75775  -49.741  -22.199  26.170 0.5555559993
78057  -53.864  -19.859  20.403 0.3333329856
78072  -53.643  -19.720  19.424 0.3333329856
78071  -52.872  -19.801  19.265 0.3333329856
48556  -21.028  -46.445  40.912 0.1111110002
48534  -20.234  -46.904  41.949 0.1111110002
48533  -19.622  -46.957  42.225 0.1111110002
48541  -19.415  -46.821  41.766 0.1111110002
48557  -22.419  -46.884  40.006 0.2222220004
48562  -26.777  -46.972  39.731 0.5555559993
48574  -28.704  -46.353  39.006 0.5555559993
48563  -27.584  -46.824  39.364 0.5555559993
43288  -21.397  -51.485  34.039 0.3333329856
46364  -17.538  -48.495  42.220 0.1111110002
41068  -23.308  -53.253  35.204 0.2222220004
47472  -20.494  -47.152  41.783 0.1111110002
47470  -19.073  -47.623  42.158 0.1111110002
46505  -37.364  -49.265  34.552 0.3333329856
49607  -31.137  -45.664  38.090 0.4444440007
49617  -32.532  -45.615  37.206 0.5555559993
45374  -31.508  -49.235  35.433 0.2222220004
51730  -37.627  -44.701  35.196 0.6666669846
51731  -37.876  -44.777  35.198 0.7777780294
48583  -29.262  -46.297  38.729 0.4444440007
50707  -33.182  -45.706  35.028 0.3333329856
49658  -36.715  -45.048  34.709 0.5555559993
48623  -34.434  -46.300  33.783 0.3333329856
48658  -39.535  -46.634  31.104 0.5555559993
48559  -24.000  -47.149  39.660 0.5555559993
47505  -28.502  -46.727  39.168 0.5555559993
51756  -37.776  -44.113  34.013 0.4444440007
51755  -37.452  -44.373  34.163 0.5555559993
47503  -27.251  -47.485  39.839 0.6666669846
52797  -37.775  -43.176  33.499 0.6666669846
52809  -38.704  -43.051  32.813 0.7777780294
48560  -25.116  -47.206  39.791 0.5555559993
42197  -26.027  -52.174  35.428 0.1111110002
56042  -40.396  -40.099  30.399 0.7777780294
56041  -39.768  -40.295  30.530 0.6666669846
62481  -44.161  -33.624  35.548 0.8888890147
63617  -44.538  -33.037  35.591 0.8888890147
66959  -45.473  -29.870  34.516 0.7777780294
67927  -45.641  -29.065  34.447 0.7777780294
74574  -47.668  -23.894  32.670 0.7777780294
78035  -51.885  -19.994  22.140 0.5555559993
48543  -20.843  -46.703  41.233 0.1111110002
48546  -23.223  -47.377  39.878 0.5555559993
65897  -45.344  -30.449  34.648 0.7777780294
45437  -39.375  -49.513  32.178 0.1111110002
45461  -39.460  -49.057  32.018 0.1111110002
44364  -40.143  -50.235  31.969 0.1111110002
45400  -37.738  -49.688  34.174 0.3333329856
44314  -38.012  -50.080  33.690 0.2222220004
44329  -37.945  -50.339  33.268 0.2222220004
44345  -38.532  -50.108  32.461 0.1111110002
44374  -39.332  -50.612  31.074 0.1111110002
45459  -37.467  -49.946  31.704 0.1111110002
45483  -38.841  -50.346  30.922 0.1111110002
44382  -39.602  -50.490  30.459 0.1111110002
45501  -37.691  -49.484  29.966 0.1111110002
46580  -38.350  -49.256  29.468 0.1111110002
45399  -37.042  -49.875  34.485 0.2222220004
44343  -37.061  -50.379  32.855 0.2222220004
44360  -36.891  -50.102  32.286 0.1111110002
45457  -35.637  -49.843  31.968 0.1111110002
45380  -36.513  -49.394  34.890 0.2222220004
45381  -36.992  -49.322  34.708 0.2222220004
45397  -35.819  -50.155  34.724 0.2222220004
44311  -35.917  -50.409  34.317 0.2222220004
52806  -37.507  -42.550  32.433 0.3333329856
53813  -38.401  -42.126  32.418 0.5555559993
53821  -38.369  -41.303  32.217 0.5555559993
52816  -37.160  -42.379  31.752 0.3333329856
53810  -37.366  -41.450  31.916 0.4444440007
46491  -34.528  -49.210  35.826 0.3333329856
45379  -35.603  -49.690  35.107 0.2222220004
50724  -37.016  -44.559  33.980 0.4444440007
57086  -39.432  -38.426  31.598 0.5555559993
51805  -36.900  -43.655  32.153 0.4444440007
50742  -36.698  -44.456  32.962 0.3333329856
54870  -38.252  -40.459  32.318 0.4444440007
54880  -38.776  -40.645  31.840 0.5555559993
55994  -39.008  -39.594  31.821 0.5555559993
53819  -37.211  -41.425  31.656 0.3333329856
54893  -36.868  -40.703  31.145 0.1111110002
54868  -37.510  -40.630  32.063 0.3333329856
55969  -37.681  -39.649  32.333 0.4444440007
55993  -38.754  -40.018  32.091 0.5555559993
55947  -38.183  -38.612  32.748 0.5555559993
58082  -37.639  -37.787  33.001 0.3333329856
58101  -37.156  -37.958  31.869 0.2222220004
52840  -36.657  -42.616  30.499 0.2222220004
54904  -36.749  -40.677  30.619 0.1111110002
55968  -37.307  -39.742  31.938 0.3333329856
56017  -36.806  -39.995  30.927 0.1111110002
57084  -37.110  -38.765  31.835 0.2222220004
57101  -36.870  -39.018  30.876 0.2222220004
46538  -32.288  -48.915  31.312 0.1111110002
52856  -36.602  -42.694  29.727 0.1111110002
56062  -37.072  -39.861  28.877 0.1111110002
46458  -34.495  -47.945  36.784 0.4444440007
45377  -33.927  -49.828  35.677 0.2222220004
45395  -32.149  -49.737  34.817 0.1111110002
45396  -33.045  -50.101  35.015 0.1111110002
44308  -33.751  -50.145  35.187 0.2222220004
49686  -36.368  -45.177  33.280 0.3333329856
49685  -36.034  -45.366  32.631 0.2222220004
55972  -38.977  -38.699  32.056 0.5555559993
58063  -38.296  -37.581  33.804 0.5555559993
58062  -37.837  -37.609  33.517 0.5555559993
58084  -39.468  -37.636  33.412 0.5555559993
59089  -37.326  -37.280  30.945 0.1111110002
59099  -36.649  -37.003  30.143 0.1111110002
60208  -37.759  -36.536  31.812 0.1111110002
57112  -36.920  -38.842  29.623 0.1111110002
60224  -36.499  -36.278  30.184 0.1111110002
45519  -28.026  -48.975  27.347 0.1111110002
40006  -24.323  -54.522  35.387 0.1111110002
58087  -42.252  -37.393  33.782 0.8888890147
60197  -37.756  -36.463  32.873 0.1111110002
46536  -30.691  -48.883  31.071 0.1111110002
61382  -37.585  -35.756  30.893 0.1111110002
41079  -27.417  -54.100  35.163 0.1111110002
45476  -28.574  -49.049  31.002 0.1111110002
42227  -26.170  -52.915  32.821 0.1111110002
60258  -34.872  -36.118  27.705 0.1111110002
41105  -26.720  -53.249  31.542 0.1111110002
43313  -25.731  -51.702  32.584 0.1111110002
46593  -27.616  -48.925  28.583 0.1111110002
45518  -27.442  -49.414  27.720 0.1111110002
44386  -26.550  -50.670  28.479 0.1111110002
58066  -40.721  -37.529  34.371 0.7777780294
59065  -37.940  -36.897  34.231 0.2222220004
61354  -38.113  -35.294  32.601 0.1111110002
60188  -38.374  -35.104  34.221 0.2222220004
48671  -34.318  -46.105  30.963 0.1111110002
61384  -38.373  -35.320  31.281 0.1111110002
60166  -39.536  -35.597  34.856 0.6666669846
58047  -41.813  -36.945  35.023 0.7777780294
59054  -41.104  -36.510  35.378 0.7777780294
61342  -38.780  -34.649  33.780 0.2222220004
61324  -39.880  -35.242  35.054 0.5555559993
61356  -39.517  -34.636  33.154 0.2222220004
61357  -40.097  -34.692  32.876 0.3333329856
62489  -40.306  -34.880  33.981 0.4444440007
61400  -38.393  -35.378  30.459 0.1111110002
60180  -42.354  -35.458  35.366 0.7777780294
62478  -41.565  -34.570  34.901 0.7777780294
61333  -41.837  -34.903  35.201 0.7777780294
62503  -41.758  -34.620  33.671 0.4444440007
62491  -42.103  -34.301  34.499 0.7777780294
50663  -31.134  -45.050  36.293 0.2222220004
50643  -29.984  -44.947  37.252 0.4444440007
62480  -43.318  -33.687  35.341 0.7777780294
51738  -29.801  -44.743  34.985 0.1111110002
63616  -43.990  -32.862  35.484 0.7777780294
62504  -42.909  -33.771  33.878 0.7777780294
49570  -21.784  -46.532  40.357 0.1111110002
49592  -28.319  -46.044  38.840 0.4444440007
50642  -29.091  -44.930  37.415 0.3333329856
50629  -29.729  -45.176  37.946 0.3333329856
63600  -44.348  -32.607  35.526 0.8888890147
49589  -26.076  -46.548  38.668 0.5555559993
49577  -27.834  -46.404  39.004 0.5555559993
65914  -44.620  -30.426  34.030 0.7777780294
64812  -44.332  -31.131  33.528 0.6666669846
64824  -44.272  -31.805  33.106 0.5555559993
64841  -44.889  -31.064  31.883 0.5555559993
67937  -45.278  -29.321  34.200 0.7777780294
68906  -45.944  -28.303  34.289 0.7777780294
67031  -45.729  -29.305  30.780 0.5555559993
67025  -45.566  -29.155  31.820 0.6666669846
65999  -45.595  -29.955  29.879 0.4444440007
67967  -45.637  -28.469  32.591 0.6666669846
68928  -45.787  -27.686  33.193 0.6666669846
67039  -45.815  -29.350  29.616 0.4444440007
67986  -45.956  -28.284  30.454 0.6666669846
67067  -44.817  -28.854  26.625 0.2222220004
72457  -54.757  -24.746  25.758 0.6666669846
71148  -45.994  -26.280  33.390 0.6666669846
68971  -45.741  -27.157  30.045 0.6666669846
72497  -52.310  -24.310  23.892 0.3333329856
70001  -45.750  -26.764  32.937 0.6666669846
70039  -45.276  -26.490  29.846 0.6666669846
71302  -53.296  -25.686  23.406 0.4444440007
72355  -45.952  -25.066  32.912 0.6666669846
71162  -45.623  -25.728  32.737 0.6666669846
73502  -46.504  -24.840  33.078 0.6666669846
74792  -49.622  -23.008  18.745 0.2222220004
75788  -49.860  -21.761  25.108 0.5555559993
76975  -51.077  -21.245  18.594 0.3333329856
74610  -48.278  -23.618  30.463 0.7777780294
74624  -48.017  -23.938  29.604 0.6666669846
74642  -49.806  -22.453  28.203 0.5555559993
76962  -52.430  -19.885  19.683 0.3333329856
73581  -47.916  -24.138  28.772 0.6666669846
48542  -20.096  -46.688  41.579 0.1111110002
47608  -41.742  -47.637  30.977 0.3333329856
48675  -42.358  -46.378  30.793 0.4444440007
48659  -42.321  -46.973  30.852 0.3333329856
50798  -42.228  -45.181  30.340 0.4444440007
49718  -42.572  -45.702  30.745 0.4444440007
47609  -42.637  -47.625  30.626 0.2222220004
47610  -43.418  -46.949  30.536 0.3333329856
48661  -43.639  -46.182  30.712 0.2222220004
47642  -43.553  -47.317  29.624 0.2222220004
47629  -43.855  -46.853  30.165 0.2222220004
48662  -44.055  -46.102  30.446 0.2222220004
54925  -45.377  -41.003  29.903 0.5555559993
62516  -41.281  -34.810  32.808 0.2222220004
61372  -40.773  -34.646  32.016 0.2222220004
61402  -40.439  -35.366  30.316 0.2222220004
61374  -42.787  -34.746  32.019 0.2222220004
62518  -43.487  -33.830  32.521 0.4444440007
63635  -43.244  -33.113  34.639 0.5555559993
62505  -43.537  -33.257  33.412 0.5555559993
63636  -43.721  -32.791  34.084 0.5555559993
63646  -44.030  -32.669  33.056 0.5555559993
63647  -44.419  -32.094  32.493 0.4444440007
63657  -44.390  -32.871  31.813 0.4444440007
63664  -44.770  -32.265  30.840 0.3333329856
73578  -45.421  -24.766  28.323 0.5555559993
73600  -45.527  -24.625  27.471 0.4444440007
73601  -46.413  -24.601  27.611 0.4444440007
73580  -47.062  -24.475  28.605 0.5555559993
73619  -45.789  -24.702  26.701 0.3333329856
73602  -47.284  -24.323  27.623 0.3333329856
72454  -46.608  -24.802  26.217 0.3333329856
73621  -47.534  -24.297  26.313 0.3333329856
73622  -48.574  -23.447  26.653 0.4444440007
73634  -47.878  -24.322  24.975 0.3333329856
76989  -52.627  -20.368  18.094 0.3333329856
76990  -53.248  -20.208  17.898 0.3333329856
76998  -53.498  -20.601  17.368 0.2222220004
77009  -53.403  -21.213  16.354 0.1111110002
78133  -54.878  -20.533  14.886 0.1111110002
78124  -55.189  -20.637  16.202 0.2222220004
77025  -54.644  -20.877  15.903 0.2222220004
77037  -54.428  -20.858  15.379 0.1111110002
78148  -55.308  -19.998  13.513 0.1111110002
78134  -56.146  -19.929  14.648 0.1111110002
78149  -56.516  -19.529  13.392 0.2222220004
78172  -55.660  -19.714  12.336 0.1111110002
78125  -55.945  -20.208  15.870 0.1111110002
78126  -56.859  -19.577  15.715 0.1111110002
78135  -57.196  -19.446  14.553 0.2222220004
79268  -57.168  -18.970  12.881 0.1111110002
78150  -57.437  -19.106  13.659 0.2222220004
79262  -57.983  -18.782  14.436 0.1111110002
79263  -58.584  -17.966  14.355 0.1111110002
79269  -57.874  -18.241  13.235 0.2222220004
80304  -59.258  -17.761  15.294 0.2222220004
80318  -59.258  -17.088  14.177 0.2222220004
79281  -57.636  -17.698  12.316 0.2222220004
79270  -58.541  -17.500  13.561 0.1111110002
80328  -58.149  -17.188  12.766 0.2222220004
80305  -59.946  -17.241  15.257 0.2222220004
80319  -59.873  -16.701  14.441 0.2222220004
80329  -58.694  -16.893  13.340 0.2222220004
81358  -59.591  -16.356  13.940 0.1111110002
80339  -57.698  -17.023  11.924 0.3333329856
81379  -58.471  -16.506  12.863 0.1111110002
81380  -59.060  -16.168  13.291 0.1111110002
82402  -60.349  -15.535  13.596 0.1111110002
80349  -57.268  -16.897  11.384 0.1111110002
81391  -58.484  -15.943  12.660 0.2222220004
82440  -58.143  -15.412  12.183 0.1111110002
83464  -59.663  -14.811  13.077 0.1111110002
83481  -58.483  -14.542  12.107 0.1111110002
83500  -57.801  -14.799  11.361 0.1111110002
83465  -60.122  -14.597  13.028 0.2222220004
83483  -59.659  -14.385  12.900 0.1111110002
84626  -60.404  -14.007  12.656 0.2222220004
84636  -58.555  -14.103  11.908 0.2222220004
84638  -59.630  -13.807  12.576 0.2222220004
84657  -58.380  -13.943  11.473 0.1111110002
85873  -58.183  -13.054  11.007 0.1111110002
48660  -42.953  -46.496  30.847 0.4444440007
84637  -58.853  -13.867  12.058 0.1111110002
82403  -60.760  -15.786  13.652 0.2222220004
84627  -60.741  -14.202  12.583 0.3333329856
84639  -60.618  -13.796  12.396 0.2222220004
65982  -45.473  -30.371  30.472 0.3333329856
63658  -44.713  -31.827  31.791 0.4444440007
47628  -43.177  -47.577  30.118 0.2222220004
47611  -43.772  -46.576  30.470 0.2222220004
63663  -44.315  -33.004  30.564 0.3333329856
73620  -46.642  -24.615  26.838 0.3333329856
77010  -54.208  -20.782  16.682 0.2222220004
81390  -58.023  -16.303  12.227 0.3333329856
81381  -59.616  -15.839  13.596 0.1111110002
81359  -60.058  -16.091  14.029 0.2222220004
82423  -59.381  -15.326  13.147 0.1111110002
82424  -59.887  -15.333  13.464 0.1111110002
82454  -57.734  -15.666  11.685 0.2222220004
82441  -58.781  -15.316  12.695 0.1111110002
83482  -59.174  -14.534  12.724 0.1111110002
83466  -60.601  -14.665  12.906 0.3333329856
84625  -59.835  -13.930  12.914 0.2222220004
46541  -41.322  -48.554  31.168 0.1111110002
46542  -42.007  -48.497  30.967 0.1111110002
42210  -19.116  -51.971  33.780 0.3333329856
42222  -19.510  -52.199  33.033 0.2222220004
49590  -26.935  -46.470  38.625 0.3333329856
50615  -28.119  -45.709  38.555 0.3333329856
43300  -20.506  -51.785  33.310 0.2222220004
49586  -23.383  -46.712  39.055 0.1111110002
68008  -48.716  -28.393  27.369 0.1111110002
68018  -49.210  -28.439  26.506 0.1111110002
67122  -49.402  -29.518  22.236 0.1111110002
67111  -50.000  -29.031  22.888 0.1111110002
67101  -51.951  -29.669  23.632 0.1111110002
67088  -52.128  -29.544  24.137 0.1111110002
67123  -50.249  -29.548  22.161 0.1111110002
67102  -52.426  -29.887  23.899 0.1111110002
69037  -54.539  -27.684  23.783 0.1111110002
68049  -54.581  -28.617  23.896 0.1111110002
68031  -49.610  -28.579  25.424 0.1111110002
67087  -49.059  -29.138  24.661 0.1111110002
69017  -50.710  -27.579  26.589 0.1111110002
67098  -48.560  -29.765  23.828 0.1111110002
68044  -49.938  -28.585  24.491 0.1111110002
68020  -51.115  -27.980  25.902 0.1111110002
67110  -48.953  -29.517  22.888 0.1111110002
67099  -49.384  -28.967  23.695 0.1111110002
68055  -50.365  -28.812  23.711 0.1111110002
68046  -51.858  -29.234  24.357 0.1111110002
69021  -53.688  -27.466  25.984 0.1111110002
68066  -50.727  -29.068  23.299 0.1111110002
68057  -51.671  -29.383  23.909 0.1111110002
68047  -52.325  -29.257  24.587 0.1111110002
67078  -52.967  -29.174  24.782 0.1111110002
68023  -53.326  -28.129  25.811 0.1111110002
69029  -54.214  -27.640  25.195 0.1111110002
71280  -54.383  -25.975  25.554 0.3333329856
67100  -51.417  -29.390  23.437 0.1111110002
67079  -53.444  -29.025  24.819 0.1111110002
69036  -54.487  -27.744  24.441 0.1111110002
66064  -53.734  -30.227  24.199 0.1111110002
67091  -53.916  -29.396  24.516 0.1111110002
70113  -54.558  -27.182  24.252 0.1111110002
66065  -54.199  -30.180  24.104 0.1111110002
69018  -51.587  -27.562  26.515 0.1111110002
68045  -50.921  -28.702  24.425 0.1111110002
68033  -51.497  -28.569  25.175 0.1111110002
68021  -52.001  -28.207  25.908 0.1111110002
69005  -52.735  -26.926  26.887 0.1111110002
69006  -53.301  -26.992  26.620 0.1111110002
68034  -52.452  -28.911  25.027 0.1111110002
68022  -52.768  -28.239  25.882 0.1111110002
68056  -51.224  -29.177  23.676 0.1111110002
68035  -53.154  -28.689  25.313 0.1111110002
72495  -48.210  -24.496  22.979 0.1111110002
73667  -48.544  -23.760  21.963 0.2222220004
73618  -44.924  -24.609  26.547 0.3333329856
72453  -46.214  -24.783  26.467 0.2222220004
72467  -47.155  -24.924  25.328 0.1111110002
72494  -47.803  -24.836  23.312 0.1111110002
78059  -56.060  -19.778  20.405 0.2222220004
76988  -51.729  -21.170  17.748 0.2222220004
78074  -55.691  -19.642  19.626 0.2222220004
76997  -52.664  -21.157  16.978 0.2222220004
78101  -54.973  -19.874  17.739 0.2222220004
78111  -54.736  -20.399  16.982 0.1111110002
78112  -55.511  -19.996  16.874 0.1111110002
77024  -54.062  -21.020  15.778 0.1111110002
77011  -54.726  -20.715  16.458 0.1111110002
78073  -54.642  -19.710  19.550 0.2222220004
78099  -53.550  -20.184  17.818 0.2222220004
78089  -54.333  -19.752  18.565 0.2222220004
78110  -54.295  -20.498  17.162 0.2222220004
78090  -55.322  -19.677  18.678 0.2222220004
78100  -54.096  -20.172  17.644 0.2222220004
47625  -40.311  -47.164  30.709 0.2222220004
47626  -41.076  -47.227  30.710 0.1111110002
69016  -49.890  -27.656  26.695 0.1111110002
69019  -52.396  -27.589  26.440 0.1111110002
47607  -40.796  -47.840  31.059 0.1111110002
49576  -27.227  -46.603  39.054 0.5555559993
70083  -53.117  -26.216  27.087 0.3333329856
70103  -54.454  -26.679  24.858 0.1111110002
78088  -53.370  -19.900  18.397 0.2222220004
49591  -27.689  -46.189  38.709 0.3333329856
46559  -42.313  -48.557  30.362 0.2222220004
67112  -51.063  -29.341  22.984 0.1111110002
67089  -52.586  -29.601  24.307 0.1111110002
66062  -52.821  -30.057  24.073 0.1111110002
67092  -54.476  -29.532  24.085 0.1111110002
68019  -50.160  -28.009  26.031 0.1111110002
68032  -50.541  -28.350  25.239 0.1111110002
68036  -53.763  -28.452  25.225 0.1111110002
67077  -52.688  -29.218  24.708 0.1111110002
67090  -53.326  -29.617  24.477 0.1111110002
68048  -54.294  -28.593  24.605 0.1111110002
66063  -53.137  -30.151  24.135 0.1111110002
69020  -53.078  -27.618  26.352 0.1111110002
53862  -44.914  -41.791  29.314 0.1111110002
54924  -44.944  -41.207  29.402 0.1111110002
63674  -44.536  -32.447  30.119 0.2222220004
64888  -44.308  -31.981  28.455 0.2222220004
63672  -43.702  -32.857  28.720 0.1111110002
64872  -44.512  -32.210  29.142 0.2222220004
63687  -43.917  -32.576  28.642 0.1111110002
64903  -43.772  -31.596  27.507 0.1111110002
64873  -44.878  -31.705  29.702 0.2222220004
64889  -44.984  -31.230  28.709 0.2222220004
64887  -43.840  -32.052  28.001 0.1111110002
64904  -44.192  -31.302  27.943 0.1111110002
66027  -45.015  -30.059  27.878 0.2222220004
67058  -44.521  -30.078  26.963 0.2222220004
73599  -44.631  -24.577  27.198 0.2222220004
69054  -54.276  -27.604  22.599 0.1111110002
70144  -53.663  -27.289  22.252 0.2222220004
70141  -51.665  -26.762  21.442 0.3333329856
71333  -51.258  -25.638  21.408 0.2222220004
74702  -51.797  -22.786  24.034 0.2222220004
75812  -52.003  -21.866  23.236 0.2222220004
73668  -51.477  -23.276  22.466 0.2222220004
72512  -51.646  -24.359  23.059 0.2222220004
73676  -51.349  -23.546  21.251 0.2222220004
74745  -51.754  -23.056  20.839 0.2222220004
74769  -52.648  -22.878  19.797 0.2222220004
72533  -51.119  -24.462  21.936 0.2222220004
73685  -51.649  -23.439  20.118 0.2222220004
73705  -52.766  -23.232  18.222 0.2222220004
71355  -51.034  -25.483  20.208 0.2222220004
72590  -52.019  -23.974  18.018 0.2222220004
74734  -51.821  -22.657  21.498 0.2222220004
74746  -52.453  -22.642  20.533 0.2222220004
74816  -55.796  -22.929  17.828 0.2222220004
73706  -54.238  -22.962  18.167 0.2222220004
73698  -52.325  -23.183  19.382 0.2222220004
74715  -51.800  -22.434  23.398 0.2222220004
73707  -54.896  -22.797  18.132 0.2222220004
67038  -45.643  -29.743  29.118 0.2222220004
70130  -53.949  -26.956  22.641 0.2222220004
70131  -54.207  -26.941  22.881 0.2222220004
73648  -51.999  -23.276  24.289 0.3333329856
71315  -51.664  -25.377  22.512 0.3333329856
70142  -52.424  -27.019  21.934 0.3333329856
69065  -52.838  -27.677  21.552 0.3333329856
65998  -45.453  -30.335  29.271 0.2222220004
73662  -51.720  -23.546  23.630 0.2222220004
54942  -44.549  -40.819  28.990 0.1111110002
66012  -45.080  -30.540  28.283 0.2222220004
66026  -44.406  -30.655  27.476 0.1111110002
72555  -51.067  -24.488  20.728 0.2222220004
73686  -52.252  -23.038  19.957 0.2222220004
73704  -51.996  -23.798  18.424 0.2222220004
60250  -46.274  -36.000  28.729 0.1111110002
61455  -47.888  -33.392  27.815 0.1111110002
62566  -46.713  -33.484  26.899 0.1111110002
61454  -47.197  -34.056  27.843 0.1111110002
62567  -47.398  -33.074  27.224 0.1111110002
62578  -47.112  -32.813  26.324 0.1111110002
62568  -48.017  -32.711  27.452 0.1111110002
62577  -46.481  -33.198  25.998 0.1111110002
62590  -47.013  -32.778  25.358 0.1111110002
67075  -48.355  -29.994  26.053 0.1111110002
68007  -48.339  -29.130  27.947 0.1111110002
63688  -48.546  -32.182  27.862 0.1111110002
62579  -47.626  -32.450  26.629 0.1111110002
63702  -47.996  -32.031  26.935 0.1111110002
62591  -47.516  -32.375  25.739 0.1111110002
63714  -47.815  -31.984  26.022 0.1111110002
64918  -48.063  -31.474  26.299 0.1111110002
67068  -48.393  -29.870  27.071 0.1111110002
66050  -48.136  -30.850  25.689 0.1111110002
64890  -48.595  -31.405  27.959 0.1111110002
64905  -48.286  -31.469  27.206 0.1111110002
66028  -48.412  -30.771  27.535 0.1111110002
66039  -48.285  -30.769  26.624 0.1111110002
60267  -46.657  -34.661  27.857 0.1111110002
62528  -43.767  -33.676  31.174 0.2222220004
50614  -27.411  -46.045  38.326 0.2222220004
50627  -27.771  -45.478  38.074 0.2222220004
50641  -28.133  -45.082  37.461 0.2222220004
50613  -26.584  -46.394  38.215 0.2222220004
50626  -26.981  -45.973  37.818 0.2222220004
50640  -27.211  -45.367  37.390 0.2222220004
50660  -28.403  -44.850  36.592 0.1111110002
50625  -26.136  -46.304  37.741 0.1111110002
49602  -24.467  -46.529  38.231 0.2222220004
50612  -25.737  -46.536  38.185 0.1111110002
48676  -44.345  -46.175  30.079 0.1111110002
46560  -42.718  -48.158  29.985 0.1111110002
73617  -44.334  -24.494  26.214 0.1111110002
73633  -45.133  -24.795  25.891 0.1111110002
75906  -51.183  -21.686  17.585 0.1111110002
74767  -49.123  -23.709  19.784 0.1111110002
76996  -52.082  -21.477  17.093 0.1111110002
80380  -61.360  -18.159  8.877 0.1111110002
80381  -62.019  -18.399  8.831 0.1111110002
81436  -62.105  -17.302  7.274 0.1111110002
78091  -56.343  -19.496  18.735 0.1111110002
78092  -57.445  -19.245  18.731 0.1111110002
78078  -58.738  -20.166  19.381 0.1111110002
81439  -62.220  -17.150  6.798 0.1111110002
81437  -62.699  -17.843  7.161 0.1111110002
81440  -62.886  -17.622  6.719 0.1111110002
78102  -55.901  -19.601  17.773 0.1111110002
78093  -58.305  -19.334  18.975 0.1111110002
80385  -60.993  -17.339  8.493 0.1111110002
82504  -62.265  -17.046  6.567 0.1111110002
79222  -57.730  -19.014  18.388 0.1111110002
79229  -57.653  -18.949  17.986 0.1111110002
78103  -56.880  -19.304  17.821 0.1111110002
82499  -61.456  -16.020  7.268 0.1111110002
82503  -61.819  -16.321  6.568 0.1111110002
79223  -58.077  -18.935  18.391 0.1111110002
80282  -58.943  -18.285  17.044 0.1111110002
83547  -61.691  -14.959  6.813 0.1111110002
83556  -61.927  -14.936  6.105 0.1111110002
82508  -61.761  -15.906  5.739 0.1111110002
83566  -61.919  -14.854  5.281 0.1111110002
80292  -59.800  -17.745  16.197 0.1111110002
85907  -62.037  -12.975  6.641 0.1111110002
85915  -62.233  -13.029  5.851 0.1111110002
84712  -62.186  -13.919  5.577 0.1111110002
83596  -61.964  -14.450  4.049 0.1111110002
81538  -61.212  -16.186  -0.468 0.1111110002
85928  -62.307  -13.035  5.019 0.1111110002
85945  -62.450  -13.001  4.091 0.1111110002
84742  -62.310  -13.830  3.694 0.1111110002
83610  -62.244  -14.702  2.677 0.1111110002
83633  -62.540  -14.747  0.652 0.1111110002
82571  -62.237  -15.268  0.155 0.1111110002
82588  -62.293  -15.022  -0.671 0.1111110002
81549  -60.857  -15.776  -1.208 0.1111110002
81550  -61.290  -15.589  -1.251 0.1111110002
82602  -60.531  -15.117  -1.700 0.1111110002
87078  -62.027  -12.181  6.032 0.1111110002
88181  -61.805  -11.492  6.009 0.1111110002
87106  -62.303  -12.278  4.606 0.1111110002
87119  -62.016  -12.304  3.670 0.1111110002
85957  -62.192  -13.180  3.048 0.1111110002
84757  -62.499  -14.122  2.055 0.1111110002
85972  -62.287  -13.562  1.842 0.1111110002
83621  -62.309  -14.731  1.689 0.1111110002
85988  -62.432  -13.764  1.235 0.1111110002
84785  -62.996  -14.192  0.180 0.1111110002
82605  -62.149  -14.803  -1.056 0.1111110002
82603  -61.167  -15.247  -1.710 0.1111110002
82614  -60.944  -14.814  -2.087 0.1111110002
83662  -60.616  -14.513  -2.187 0.1111110002
81345  -60.315  -16.849  14.625 0.1111110002
80307  -60.876  -17.792  15.044 0.2222220004
81347  -61.021  -17.352  14.553 0.2222220004
83452  -60.840  -15.255  13.261 0.1111110002
83453  -61.118  -15.407  13.256 0.2222220004
88164  -60.367  -10.593  8.515 0.1111110002
88172  -61.366  -11.037  7.373 0.1111110002
88206  -61.730  -11.610  4.773 0.1111110002
88214  -61.487  -11.826  4.237 0.1111110002
88215  -61.785  -11.922  4.134 0.1111110002
87132  -61.611  -12.659  2.844 0.1111110002
85971  -62.069  -13.213  2.160 0.1111110002
87148  -61.606  -13.085  1.900 0.1111110002
87149  -61.841  -13.183  1.785 0.1111110002
86005  -62.689  -13.827  0.568 0.1111110002
84784  -62.459  -13.917  -0.135 0.1111110002
84798  -62.134  -14.106  -0.787 0.1111110002
83680  -61.612  -14.348  -1.721 0.1111110002
82616  -61.479  -14.583  -1.867 0.1111110002
83661  -59.977  -14.304  -1.962 0.1111110002
88149  -59.700  -11.598  9.470 0.1111110002
89233  -61.356  -10.551  6.546 0.1111110002
88194  -61.547  -10.970  5.738 0.1111110002
88205  -61.366  -11.607  4.959 0.1111110002
87147  -61.369  -12.888  2.277 0.1111110002
87163  -61.813  -13.373  1.310 0.1111110002
86019  -61.810  -13.825  -0.657 0.1111110002
84813  -61.479  -13.759  -1.744 0.1111110002
84831  -61.557  -14.038  -1.748 0.1111110002
84830  -61.397  -13.766  -2.200 0.1111110002
84843  -61.047  -13.535  -2.612 0.1111110002
83679  -61.292  -14.232  -2.300 0.1111110002
83678  -60.891  -14.348  -2.460 0.1111110002
84811  -59.434  -13.379  -2.320 0.1111110002
84829  -60.160  -13.640  -2.646 0.1111110002
88140  -59.463  -11.746  9.991 0.1111110002
85986  -60.887  -13.256  1.691 0.1111110002
86002  -60.194  -13.730  0.802 0.1111110002
86004  -62.004  -13.633  0.572 0.1111110002
86033  -61.696  -13.915  -1.243 0.1111110002
86044  -61.279  -13.142  -2.156 0.1111110002
84810  -58.259  -13.235  -1.512 0.1111110002
86053  -60.083  -12.555  -2.711 0.1111110002
84841  -60.287  -12.906  -2.729 0.1111110002
84828  -60.007  -13.015  -2.774 0.1111110002
86003  -61.236  -13.575  0.727 0.1111110002
86017  -60.264  -13.368  -0.550 0.1111110002
86018  -61.139  -13.612  -0.596 0.1111110002
86032  -61.203  -13.335  -1.562 0.1111110002
86043  -60.613  -12.176  -2.227 0.1111110002
86054  -60.431  -12.678  -2.613 0.1111110002
86042  -60.082  -11.953  -2.613 0.1111110002
86029  -58.687  -12.199  -2.082 0.1111110002
86041  -59.539  -12.189  -2.586 0.1111110002
86031  -60.429  -12.524  -1.501 0.1111110002
80386  -62.012  -17.942  8.285 0.1111110002
87069  -61.775  -12.293  6.697 0.1111110002
88165  -60.943  -10.938  8.295 0.1111110002
89218  -60.746  -10.195  8.164 0.1111110002
87077  -61.745  -11.761  6.475 0.1111110002
89231  -60.350  -10.189  7.012 0.1111110002
79231  -59.259  -18.465  17.657 0.1111110002
80306  -60.486  -17.540  15.245 0.1111110002
80294  -60.742  -17.960  15.789 0.2222220004
87068  -61.513  -11.896  7.188 0.1111110002
88138  -58.880  -11.579  10.179 0.1111110002
47627  -42.714  -47.978  30.215 0.1111110002
50639  -26.395  -45.818  37.288 0.2222220004
81435  -61.374  -16.806  7.929 0.1111110002
84702  -62.099  -13.919  6.421 0.1111110002
87092  -62.257  -12.384  5.343 0.1111110002
84729  -62.147  -13.950  4.609 0.1111110002
83581  -61.793  -14.888  4.548 0.1111110002
85958  -62.316  -13.575  2.385 0.1111110002
84743  -62.553  -13.967  2.902 0.1111110002
83647  -62.752  -14.728  -0.255 0.1111110002
82604  -61.746  -15.095  -1.326 0.1111110002
83664  -62.306  -14.550  -0.852 0.1111110002
81537  -60.524  -16.441  -0.605 0.1111110002
88180  -61.636  -11.188  6.551 0.1111110002
88195  -62.089  -11.688  5.244 0.1111110002
88207  -62.031  -11.863  4.381 0.1111110002
87133  -61.845  -12.851  2.556 0.1111110002
85987  -62.047  -13.398  1.463 0.1111110002
84770  -62.886  -14.160  1.086 0.1111110002
84799  -62.555  -14.269  -0.485 0.1111110002
84814  -61.847  -14.236  -1.265 0.1111110002
84812  -59.762  -13.877  -2.414 0.1111110002
81346  -60.758  -17.133  14.605 0.2222220004
87062  -61.143  -11.837  8.110 0.1111110002
87118  -61.520  -12.167  3.596 0.1111110002
89246  -61.280  -10.427  6.100 0.1111110002
83688  -61.163  -13.979  -2.725 0.1111110002
86055  -61.065  -12.888  -2.457 0.1111110002
41002  -12.316  -53.653  41.954 0.1111110002
38880  -16.436  -55.805  39.897 0.2222220004
38934  -17.723  -55.424  33.237 0.2222220004
37843  -17.686  -56.214  33.619 0.2222220004
42104  -12.014  -53.167  42.051 0.1111110002
41003  -13.098  -53.594  41.837 0.2222220004
41010  -14.215  -53.986  41.601 0.2222220004
39967  -15.611  -54.842  40.675 0.2222220004
39972  -16.566  -54.808  39.524 0.2222220004
38885  -16.783  -55.844  39.146 0.2222220004
38894  -16.696  -55.820  38.212 0.2222220004
38903  -16.676  -55.830  37.194 0.2222220004
39968  -16.177  -54.889  40.169 0.2222220004
41089  -18.411  -53.491  32.789 0.2222220004
41090  -19.080  -53.572  32.061 0.2222220004
40029  -19.299  -54.557  31.746 0.2222220004
41099  -19.826  -53.737  31.124 0.2222220004
41100  -20.806  -53.262  30.852 0.2222220004
41112  -21.366  -53.807  30.320 0.2222220004
40056  -21.710  -54.249  29.956 0.2222220004
40069  -23.088  -54.855  29.563 0.2222220004
40070  -24.133  -54.648  29.532 0.2222220004
40071  -24.973  -54.949  29.872 0.2222220004
39003  -25.505  -55.665  30.047 0.1111110002
39979  -16.693  -54.806  38.716 0.2222220004
39987  -16.660  -54.830  37.741 0.2222220004
39995  -16.948  -55.029  36.766 0.2222220004
38912  -16.473  -55.808  36.017 0.2222220004
41111  -20.583  -54.076  30.608 0.2222220004
41124  -24.030  -53.867  30.015 0.2222220004
40057  -24.611  -54.389  30.330 0.2222220004
38983  -26.175  -55.769  31.028 0.2222220004
37896  -26.494  -56.894  30.798 0.1111110002
37880  -26.698  -57.045  31.659 0.1111110002
35647  -26.979  -58.673  31.702 0.1111110002
42233  -18.946  -52.808  32.562 0.2222220004
42245  -21.238  -52.603  31.512 0.2222220004
42244  -20.351  -52.765  31.389 0.2222220004
41102  -22.770  -53.038  30.936 0.2222220004
41103  -23.549  -53.373  31.503 0.2222220004
41113  -22.359  -53.765  30.047 0.2222220004
41114  -23.360  -53.597  30.467 0.2222220004
41115  -24.076  -53.946  30.904 0.2222220004
42246  -22.241  -52.613  31.641 0.2222220004
50659  -27.467  -44.997  36.664 0.1111110002
69066  -53.657  -27.955  21.574 0.1111110002
68087  -53.602  -28.818  20.702 0.1111110002
68088  -54.271  -28.906  20.972 0.1111110002
67134  -54.081  -29.600  20.571 0.1111110002
66160  -53.552  -30.623  19.352 0.1111110002
63861  -55.360  -32.334  17.838 0.1111110002
69077  -53.090  -28.255  21.089 0.1111110002
68098  -52.982  -29.256  20.158 0.1111110002
66169  -53.382  -30.927  18.119 0.1111110002
67143  -53.384  -29.804  19.992 0.1111110002
65071  -54.550  -31.829  17.867 0.1111110002
65072  -54.941  -31.870  17.211 0.1111110002
63873  -55.339  -32.143  16.831 0.1111110002
63862  -56.236  -32.580  17.477 0.1111110002
69064  -52.126  -27.477  21.403 0.1111110002
69076  -52.375  -28.131  21.050 0.1111110002
67142  -52.803  -29.667  19.572 0.1111110002
66168  -52.912  -30.698  17.688 0.1111110002
66180  -53.822  -31.220  17.387 0.1111110002
63874  -56.557  -32.681  16.682 0.1111110002
68085  -52.060  -28.547  20.444 0.1111110002
68110  -51.931  -29.302  19.073 0.1111110002
67163  -52.792  -30.339  18.270 0.1111110002
65081  -53.885  -31.314  16.812 0.1111110002
63872  -54.776  -31.967  16.600 0.1111110002
41036  -16.757  -54.170  38.583 0.2222220004
40028  -18.608  -54.426  32.352 0.2222220004
37830  -16.520  -56.705  35.217 0.2222220004
41101  -21.780  -53.077  30.797 0.2222220004
41123  -23.283  -54.077  29.746 0.2222220004
39001  -23.679  -55.651  29.405 0.1111110002
39002  -24.670  -55.662  29.563 0.1111110002
37920  -26.214  -57.188  29.934 0.1111110002
37895  -26.058  -56.370  30.168 0.1111110002
42234  -19.614  -52.587  31.957 0.2222220004
40058  -25.371  -54.924  30.650 0.2222220004
38984  -26.477  -56.486  31.339 0.1111110002
36718  -26.920  -57.835  32.131 0.1111110002
42235  -20.612  -52.209  32.151 0.2222220004
68077  -54.062  -28.499  21.191 0.1111110002
67126  -54.809  -29.219  21.544 0.1111110002
66149  -53.886  -30.219  20.219 0.1111110002
67152  -52.938  -30.286  19.053 0.1111110002
68086  -52.779  -28.704  20.547 0.1111110002
68097  -52.358  -29.167  19.786 0.1111110002
66161  -54.013  -31.355  18.722 0.1111110002
66170  -54.017  -31.338  17.724 0.1111110002
65083  -54.903  -31.811  16.935 0.1111110002
65082  -54.403  -31.553  16.895 0.1111110002
67151  -52.458  -29.756  18.823 0.1111110002
68096  -51.467  -28.681  19.750 0.1111110002
67162  -52.422  -30.050  17.845 0.1111110002
32390  -15.343  -61.790  36.490 0.1111110002
32391  -15.992  -61.441  36.195 0.1111110002
32392  -17.052  -61.570  35.290 0.1111110002
32386  -15.809  -60.881  36.817 0.1111110002
37751  -12.025  -55.592  40.910 0.1111110002
37752  -13.002  -55.693  41.051 0.1111110002
37764  -14.489  -56.053  40.344 0.1111110002
33496  -16.849  -60.579  35.674 0.1111110002
37763  -13.428  -55.808  40.324 0.1111110002
32385  -15.227  -61.341  37.027 0.1111110002
32384  -14.668  -61.656  37.112 0.1111110002
38869  -12.601  -55.172  41.403 0.1111110002
37753  -13.979  -55.901  41.140 0.1111110002
37754  -14.813  -56.076  41.102 0.1111110002
34527  -16.683  -59.642  35.903 0.1111110002
33490  -15.324  -60.718  37.430 0.1111110002
32379  -14.622  -61.196  37.444 0.1111110002
33495  -16.249  -60.405  36.518 0.1111110002
33486  -15.174  -60.299  37.730 0.1111110002
38870  -13.573  -55.079  41.536 0.1111110002
33491  -15.711  -60.303  37.284 0.1111110002
37775  -15.913  -57.176  40.057 0.1111110002
37774  -14.940  -56.851  39.423 0.1111110002
36644  -15.621  -57.624  39.498 0.1111110002
34518  -16.013  -59.323  37.726 0.1111110002
34521  -16.161  -59.471  36.801 0.1111110002
35590  -16.433  -58.726  36.097 0.1111110002
36643  -15.220  -57.655  39.170 0.1111110002
34514  -15.995  -58.995  38.318 0.1111110002
34517  -15.540  -59.464  38.053 0.1111110002
35583  -16.248  -58.381  37.195 0.1111110002
36676  -16.731  -58.260  35.622 0.1111110002
36687  -16.960  -57.731  35.047 0.1111110002
40054  -20.467  -54.821  30.917 0.1111110002
40042  -20.306  -55.166  31.284 0.1111110002
40055  -21.253  -54.769  30.295 0.1111110002
38871  -14.542  -55.397  41.366 0.1111110002
37766  -16.172  -56.456  40.222 0.1111110002
37776  -16.582  -56.851  39.574 0.1111110002
36645  -16.147  -57.645  39.416 0.1111110002
36652  -16.526  -57.658  38.843 0.1111110002
35575  -16.306  -58.417  38.205 0.1111110002
36665  -16.397  -57.420  37.182 0.1111110002
37804  -16.455  -56.712  36.710 0.1111110002
36686  -16.576  -57.247  35.586 0.1111110002
37831  -17.166  -56.703  34.253 0.1111110002
38947  -18.956  -55.319  32.184 0.1111110002
38948  -19.728  -55.524  31.826 0.1111110002
40041  -19.975  -54.786  31.349 0.1111110002
40043  -24.784  -54.435  31.323 0.1111110002
38969  -26.436  -56.323  31.913 0.1111110002
37863  -26.652  -57.046  32.551 0.1111110002
38860  -12.971  -54.664  41.696 0.1111110002
38861  -13.377  -54.563  41.679 0.1111110002
39963  -14.317  -54.603  41.515 0.1111110002
38877  -15.944  -55.717  40.498 0.1111110002
37784  -16.795  -56.792  38.619 0.1111110002
37817  -16.521  -56.829  35.946 0.1111110002
38935  -18.348  -55.318  32.663 0.1111110002
42248  -23.421  -53.131  32.046 0.1111110002
41104  -24.239  -53.919  31.898 0.1111110002
40032  -25.371  -55.252  32.330 0.1111110002
38952  -26.253  -56.210  32.802 0.1111110002
37848  -26.528  -56.920  33.623 0.1111110002
39964  -15.033  -54.784  41.222 0.1111110002
43311  -20.524  -52.004  32.705 0.1111110002
43312  -20.926  -51.913  32.773 0.1111110002
42247  -23.057  -52.851  31.794 0.1111110002
41093  -24.257  -53.995  32.488 0.1111110002
40031  -24.798  -54.631  32.625 0.1111110002
38938  -26.040  -56.073  33.571 0.1111110002
42237  -22.781  -52.659  32.501 0.1111110002
41084  -23.497  -53.496  33.556 0.1111110002
40014  -24.676  -54.590  34.633 0.1111110002
40022  -25.035  -54.690  33.771 0.1111110002
38937  -25.567  -55.493  34.091 0.1111110002
37834  -26.591  -56.973  34.741 0.1111110002
61387  -41.126  -34.779  31.101 0.1111110002
61388  -42.276  -34.612  31.014 0.1111110002
61401  -39.382  -35.580  30.468 0.1111110002
61373  -41.797  -34.948  32.008 0.1111110002
62527  -43.137  -34.156  30.549 0.1111110002
62538  -43.796  -33.610  30.107 0.1111110002
62548  -43.596  -33.444  29.483 0.1111110002
71260  -43.785  -26.304  27.566 0.1111110002
70077  -43.573  -26.400  26.812 0.1111110002
73576  -44.203  -24.952  27.776 0.1111110002
71241  -43.779  -25.511  27.840 0.1111110002
72444  -43.693  -25.212  26.802 0.1111110002
74878  -59.428  -22.804  12.781 0.1111110002
73776  -59.390  -23.674  13.410 0.1111110002
73779  -60.088  -23.443  12.963 0.1111110002
75992  -59.953  -22.153  12.115 0.1111110002
72651  -58.880  -24.899  14.026 0.1111110002
71473  -59.101  -25.458  13.898 0.1111110002
70263  -59.157  -25.906  13.522 0.1111110002
70260  -57.158  -26.603  14.299 0.1111110002
70261  -57.769  -26.545  14.054 0.1111110002
69151  -56.228  -26.739  14.095 0.1111110002
70258  -54.572  -26.788  13.788 0.1111110002
70254  -50.799  -26.504  13.838 0.1111110002
69102  -49.959  -27.728  17.974 0.1111110002
70204  -50.065  -26.757  17.348 0.1111110002
70220  -49.606  -26.920  15.650 0.1111110002
76001  -59.528  -21.407  11.724 0.1111110002
72660  -58.680  -24.264  13.734 0.1111110002
71472  -58.272  -25.353  14.120 0.1111110002
73774  -57.714  -23.570  13.948 0.1111110002
69152  -56.788  -26.723  14.239 0.1111110002
71471  -57.460  -25.474  14.594 0.1111110002
71453  -57.146  -24.992  14.882 0.1111110002
70248  -56.621  -26.275  14.707 0.1111110002
71452  -56.684  -25.442  15.148 0.1111110002
72634  -56.979  -24.472  15.550 0.1111110002
69075  -51.422  -27.621  20.671 0.1111110002
70175  -50.770  -26.591  19.701 0.1111110002
71396  -50.671  -25.978  17.763 0.1111110002
70247  -55.468  -26.129  14.666 0.1111110002
71451  -55.841  -25.484  15.411 0.1111110002
70192  -50.660  -26.040  18.692 0.1111110002
71449  -51.312  -25.287  15.318 0.1111110002
70245  -52.984  -26.083  14.012 0.1111110002
70174  -50.491  -26.688  18.952 0.1111110002
71414  -50.622  -25.968  16.753 0.1111110002
70235  -50.028  -26.215  15.179 0.1111110002
74879  -60.419  -22.929  12.475 0.1111110002
72633  -56.352  -24.741  15.863 0.1111110002
72662  -60.711  -24.520  12.827 0.1111110002
73780  -60.742  -23.711  12.646 0.1111110002
71377  -50.985  -25.335  19.148 0.1111110002
71468  -54.640  -25.276  14.749 0.1111110002
71450  -55.284  -24.874  15.339 0.1111110002
71483  -60.954  -25.214  12.304 0.1111110002
72602  -51.725  -24.617  17.675 0.1111110002
72647  -52.796  -24.755  14.827 0.1111110002
72648  -53.836  -24.596  14.867 0.1111110002
69183  -60.586  -26.481  10.585 0.1111110002
72613  -51.853  -24.621  16.745 0.1111110002
72628  -52.100  -24.678  15.674 0.1111110002
69196  -61.160  -26.648  9.608 0.1111110002
69216  -61.829  -27.298  8.586 0.1111110002
70300  -62.506  -26.858  8.231 0.1111110002
70335  -62.778  -27.159  6.979 0.1111110002
70333  -61.204  -26.464  6.321 0.1111110002
71529  -60.501  -26.027  6.756 0.1111110002
71528  -59.699  -26.081  6.622 0.1111110002
75993  -60.990  -22.216  12.165 0.1111110002
72575  -51.286  -24.466  19.598 0.1111110002
72589  -51.606  -24.470  18.571 0.1111110002
72632  -55.771  -24.587  16.023 0.1111110002
72617  -56.289  -24.221  16.668 0.1111110002
72665  -61.042  -24.123  12.481 0.1111110002
71397  -51.197  -25.300  18.177 0.1111110002
73731  -53.473  -23.775  16.171 0.1111110002
72631  -55.041  -24.018  15.963 0.1111110002
72666  -61.342  -24.432  12.249 0.1111110002
72614  -52.627  -24.054  16.367 0.1111110002
70277  -60.751  -25.827  10.814 0.1111110002
70286  -60.879  -26.013  9.852 0.1111110002
71501  -60.918  -25.615  9.496 0.1111110002
71522  -61.304  -25.807  7.948 0.1111110002
72683  -60.915  -25.441  9.043 0.1111110002
72703  -60.529  -25.244  8.038 0.1111110002
72682  -60.489  -25.024  9.420 0.1111110002
72702  -59.850  -25.303  7.943 0.1111110002
71520  -59.803  -25.672  7.250 0.1111110002
72615  -55.291  -23.860  16.496 0.1111110002
72605  -56.111  -23.954  17.108 0.1111110002
72603  -52.291  -23.939  17.306 0.1111110002
73717  -53.162  -23.534  16.965 0.1111110002
73732  -54.071  -23.550  16.572 0.1111110002
74880  -61.244  -22.998  12.316 0.1111110002
76002  -60.584  -21.433  11.721 0.1111110002
73782  -61.974  -23.667  11.917 0.1111110002
74881  -61.886  -23.027  12.089 0.1111110002
75994  -61.808  -22.376  12.035 0.1111110002
71488  -61.578  -24.697  11.226 0.1111110002
72667  -61.923  -24.285  11.602 0.1111110002
71487  -61.077  -25.240  11.436 0.1111110002
73785  -62.483  -23.534  11.282 0.1111110002
71491  -60.925  -25.071  10.622 0.1111110002
72670  -62.230  -24.268  11.043 0.1111110002
71500  -60.678  -25.121  10.107 0.1111110002
72674  -61.606  -24.299  10.652 0.1111110002
72675  -62.091  -24.243  10.739 0.1111110002
73786  -62.816  -23.067  10.790 0.1111110002
72673  -60.851  -24.483  10.297 0.1111110002
73793  -61.481  -23.728  10.483 0.1111110002
73794  -62.314  -23.611  10.618 0.1111110002
73801  -60.289  -23.828  9.866 0.1111110002
73792  -60.931  -23.594  10.323 0.1111110002
72681  -59.890  -24.484  9.203 0.1111110002
73718  -54.051  -23.278  17.354 0.1111110002
73734  -55.474  -23.591  17.107 0.1111110002
73733  -54.984  -23.544  16.720 0.1111110002
76003  -61.647  -21.561  11.746 0.1111110002
75995  -62.194  -22.556  11.898 0.1111110002
74883  -62.375  -22.892  11.701 0.1111110002
76004  -62.554  -21.968  11.671 0.1111110002
77078  -62.809  -21.324  11.174 0.1111110002
74884  -62.832  -22.604  11.176 0.1111110002
77081  -62.131  -20.335  10.646 0.1111110002
76005  -62.965  -21.717  10.903 0.1111110002
74890  -61.765  -23.046  10.338 0.1111110002
73720  -55.922  -23.592  17.372 0.1111110002
73721  -56.654  -23.524  17.307 0.1111110002
73735  -56.717  -23.931  16.809 0.1111110002
73737  -57.519  -22.936  17.289 0.1111110002
73764  -57.482  -23.586  14.653 0.1111110002
72659  -58.000  -24.038  13.724 0.1111110002
74873  -58.727  -23.046  13.242 0.1111110002
73708  -56.401  -22.903  17.878 0.1111110002
75991  -58.830  -21.757  12.288 0.1111110002
72618  -56.708  -24.230  16.372 0.1111110002
77077  -62.319  -21.023  11.248 0.1111110002
41083  -23.147  -53.021  33.129 0.1111110002
42225  -22.564  -52.531  33.395 0.1111110002
40021  -24.147  -54.119  33.644 0.1111110002
40015  -25.229  -54.940  34.347 0.1111110002
61386  -40.127  -35.046  31.272 0.1111110002
61389  -43.174  -34.315  31.452 0.1111110002
73697  -51.853  -23.704  19.012 0.1111110002
73719  -55.127  -23.083  17.529 0.1111110002
70157  -51.189  -26.415  20.698 0.1111110002
37792  -16.648  -56.715  37.676 0.1111110002
40044  -25.395  -55.104  31.655 0.1111110002
42236  -21.713  -52.242  32.607 0.1111110002
37765  -15.424  -56.353  40.479 0.1111110002
35568  -15.946  -58.254  38.816 0.1111110002
36675  -16.462  -57.673  36.166 0.1111110002
38949  -20.271  -55.853  31.703 0.1111110002
38876  -15.341  -55.607  41.059 0.1111110002
36658  -16.625  -57.614  37.987 0.1111110002
38968  -25.881  -55.669  32.109 0.1111110002
41091  -23.236  -53.011  32.644 0.1111110002
38951  -25.613  -55.458  32.993 0.1111110002
40030  -24.239  -54.035  32.841 0.1111110002
38950  -25.280  -55.057  33.437 0.1111110002
37847  -26.107  -56.363  34.276 0.1111110002
72652  -59.474  -25.140  13.794 0.1111110002
72661  -59.833  -24.654  13.604 0.1111110002
70251  -58.670  -25.825  14.008 0.1111110002
70262  -58.505  -26.288  13.706 0.1111110002
70249  -57.385  -26.157  14.540 0.1111110002
69162  -58.119  -26.763  13.362 0.1111110002
70259  -55.443  -26.798  13.794 0.1111110002
69160  -55.977  -27.180  13.235 0.1111110002
70257  -53.464  -26.805  13.660 0.1111110002
71465  -51.452  -25.533  14.474 0.1111110002
70244  -51.976  -25.956  13.821 0.1111110002
70191  -50.322  -26.745  18.316 0.1111110002
69088  -50.338  -27.524  19.010 0.1111110002
70221  -49.749  -26.728  16.090 0.1111110002
71431  -50.557  -25.782  15.768 0.1111110002
70250  -58.058  -25.965  14.272 0.1111110002
72650  -57.601  -24.485  14.279 0.1111110002
71470  -57.045  -25.859  14.786 0.1111110002
70237  -56.108  -25.986  15.171 0.1111110002
70236  -55.799  -25.920  15.144 0.1111110002
70246  -54.115  -26.097  14.229 0.1111110002
71469  -55.339  -25.462  15.042 0.1111110002
71448  -50.719  -25.736  14.900 0.1111110002
71432  -51.272  -25.250  16.252 0.1111110002
71466  -52.436  -25.417  14.347 0.1111110002
71467  -53.479  -25.372  14.461 0.1111110002
72663  -60.949  -24.823  12.527 0.1111110002
71415  -51.281  -25.323  17.232 0.1111110002
70269  -60.622  -25.722  12.211 0.1111110002
70274  -60.805  -25.731  11.681 0.1111110002
72646  -51.960  -25.027  14.863 0.1111110002
72630  -54.135  -24.038  15.432 0.1111110002
70276  -60.621  -26.056  11.250 0.1111110002
69184  -60.768  -26.257  10.172 0.1111110002
72629  -53.200  -24.154  15.509 0.1111110002
70299  -61.611  -26.343  8.773 0.1111110002
70315  -62.158  -26.599  7.745 0.1111110002
70316  -62.916  -27.070  7.477 0.1111110002
71531  -61.770  -26.431  7.380 0.1111110002
70334  -62.195  -26.886  6.744 0.1111110002
70352  -60.974  -26.854  5.653 0.1111110002
70353  -61.615  -26.867  6.014 0.1111110002
71530  -61.311  -26.170  7.057 0.1111110002
70332  -60.240  -26.465  6.109 0.1111110002
71521  -60.606  -25.592  7.416 0.1111110002
70331  -59.004  -26.688  6.153 0.1111110002
73749  -54.189  -23.738  15.986 0.1111110002
71484  -61.433  -24.821  11.784 0.1111110002
71511  -61.204  -25.718  8.749 0.1111110002
72704  -60.912  -25.205  8.203 0.1111110002
72692  -59.810  -24.859  8.544 0.1111110002
72693  -60.419  -25.075  8.616 0.1111110002
72604  -55.913  -23.928  17.129 0.1111110002
71490  -60.788  -24.948  10.390 0.1111110002
73800  -59.626  -23.672  9.506 0.1111110002
32380  -15.123  -60.907  37.479 0.1111110002
38913  -24.180  -54.600  35.871 0.1111110002
38914  -24.564  -55.030  35.849 0.1111110002
38936  -25.370  -55.032  33.781 0.1111110002
38965  -20.189  -55.386  31.506 0.1111110002
39959  -13.757  -54.340  41.683 0.1111110002
39980  -16.800  -54.242  38.866 0.3333329856
39989  -23.411  -53.771  37.313 0.3333329856
40023  -25.389  -54.975  34.016 0.1111110002
40053  -20.061  -54.383  31.029 0.1111110002
40067  -21.647  -55.234  30.029 0.1111110002
41039  -24.031  -53.983  38.824 0.3333329856
41047  -16.664  -54.380  38.271 0.2222220004
41092  -23.721  -53.475  32.608 0.1111110002
41110  -20.196  -54.230  30.864 0.2222220004
41122  -22.696  -54.354  29.702 0.2222220004
42105  -12.765  -53.020  41.783 0.1111110002
42195  -22.396  -51.421  35.187 0.2222220004
42223  -20.118  -52.098  32.600 0.1111110002
42238  -23.252  -52.996  32.314 0.1111110002
43193  -14.793  -51.189  41.761 0.2222220004
43194  -15.028  -51.083  41.841 0.2222220004
43204  -24.929  -50.602  40.875 0.6666669846
43205  -25.233  -50.514  40.654 0.6666669846
43213  -24.941  -50.755  40.691 0.5555559993
43243  -25.626  -50.823  37.660 0.3333329856
43260  -18.820  -51.388  36.758 0.5555559993
43262  -22.093  -50.750  36.336 0.4444440007
43277  -25.990  -52.053  34.877 0.1111110002
43320  -25.745  -51.749  31.938 0.1111110002
44226  -24.873  -50.453  40.716 0.6666669846
44227  -25.185  -50.318  40.645 0.6666669846
44236  -13.177  -51.740  41.005 0.1111110002
44274  -25.629  -50.361  37.374 0.3333329856
44281  -19.861  -50.434  36.789 0.5555559993
44299  -35.488  -50.170  34.755 0.2222220004
44341  -35.503  -50.242  32.994 0.1111110002
44347  -39.796  -50.007  32.160 0.1111110002
44365  -40.611  -49.943  31.727 0.1111110002
44373  -38.796  -50.367  31.246 0.1111110002
45275  -15.089  -50.712  41.932 0.2222220004
45294  -24.469  -49.789  40.581 0.6666669846
45307  -23.884  -50.425  40.420 0.5555559993
45343  -21.893  -50.032  37.389 0.6666669846
45345  -26.218  -49.257  37.406 0.3333329856
46353  -15.721  -49.743  42.189 0.1111110002
46356  -17.548  -48.909  42.434 0.3333329856
46417  -20.834  -48.807  40.132 0.5555559993
47483  -20.393  -47.567  41.807 0.1111110002
48531  -18.778  -47.267  41.948 0.1111110002
48532  -18.979  -47.124  42.172 0.1111110002
48540  -18.925  -46.951  41.849 0.1111110002
48547  -25.405  -47.332  40.046 0.6666669846
48553  -19.099  -46.856  41.291 0.1111110002
48555  -20.658  -46.390  40.781 0.1111110002
48572  -22.918  -46.972  39.423 0.2222220004
48573  -23.305  -46.950  39.286 0.2222220004
48638  -35.663  -45.956  33.350 0.4444440007
48647  -35.147  -46.109  32.232 0.3333329856
48656  -34.164  -46.217  31.308 0.1111110002
48670  -34.007  -46.215  30.988 0.1111110002
48687  -40.518  -45.974  29.997 0.7777780294
49562  -21.208  -46.455  40.990 0.1111110002
49571  -23.533  -46.900  39.248 0.4444440007
49631  -37.944  -45.562  35.630 0.8888890147
49640  -33.557  -45.772  35.234 0.3333329856
49684  -35.634  -45.677  31.943 0.2222220004
49713  -33.962  -45.953  30.475 0.1111110002
49729  -34.696  -45.501  30.021 0.1111110002
49734  -42.173  -45.655  30.518 0.5555559993
50648  -34.263  -45.126  36.712 0.6666669846
50688  -34.916  -45.133  36.230 0.6666669846
50709  -37.534  -44.498  34.588 0.5555559993
50813  -34.763  -44.785  28.710 0.1111110002
51785  -37.173  -42.916  31.948 0.4444440007
51880  -36.540  -43.329  28.787 0.1111110002
52798  -38.449  -43.557  33.370 0.7777780294
52828  -36.894  -42.417  31.215 0.3333329856
52875  -36.325  -43.466  27.920 0.1111110002
53809  -37.252  -41.188  31.718 0.3333329856
53843  -39.911  -41.590  29.854 0.8888890147
53890  -36.196  -41.423  26.219 0.1111110002
54894  -39.017  -40.414  31.404 0.5555559993
54921  -37.102  -40.545  29.249 0.1111110002
54923  -40.912  -41.486  29.736 1.0000000000
56020  -41.504  -39.201  30.841 0.8888890147
56040  -36.939  -39.833  29.538 0.1111110002
56104  -36.408  -39.464  26.915 0.1111110002
57039  -37.777  -38.106  32.930 0.3333329856
57040  -38.017  -38.050  33.147 0.3333329856
57041  -38.407  -37.897  33.166 0.5555559993
57085  -37.295  -38.579  32.225 0.3333329856
57102  -39.945  -38.661  31.105 0.7777780294
57103  -40.714  -38.559  31.133 0.8888890147
57118  -36.853  -39.202  28.788 0.1111110002
57143  -36.056  -38.754  27.302 0.1111110002
58064  -39.053  -37.569  33.760 0.5555559993
58083  -39.138  -37.644  33.391 0.5555559993
58102  -37.322  -38.049  32.404 0.2222220004
58103  -39.553  -38.192  31.620 0.5555559993
58104  -39.786  -38.053  31.560 0.6666669846
58111  -39.720  -38.274  31.471 0.5555559993
58112  -40.109  -38.221  31.392 0.6666669846
58121  -47.727  -36.804  30.106 0.4444440007
58127  -35.858  -37.067  28.828 0.1111110002
58144  -34.966  -37.028  26.846 0.1111110002
59050  -38.190  -36.576  34.424 0.4444440007
59052  -39.264  -36.578  34.695 0.4444440007
59053  -40.118  -36.760  35.150 0.7777780294
59064  -37.660  -37.263  33.553 0.5555559993
59081  -37.250  -37.664  31.558 0.1111110002
59125  -34.886  -36.572  26.944 0.1111110002
60165  -39.297  -35.565  34.707 0.6666669846
60167  -39.899  -35.604  35.187 0.5555559993
60175  -38.216  -36.324  34.422 0.3333329856
60177  -39.665  -36.038  35.042 0.6666669846
60178  -40.405  -35.848  35.359 0.7777780294
60186  -37.655  -36.746  33.604 0.1111110002
60198  -37.912  -35.653  33.092 0.1111110002
60225  -36.853  -35.845  30.523 0.1111110002
61323  -39.426  -35.337  34.720 0.6666669846
61325  -40.199  -35.387  35.236 0.5555559993
61330  -39.108  -34.976  34.443 0.2222220004
61331  -39.827  -34.965  34.674 0.5555559993
61344  -40.296  -34.850  34.448 0.4444440007
61345  -44.836  -34.672  35.031 1.0000000000
61367  -38.000  -36.105  31.422 0.1111110002
62482  -44.838  -33.424  35.467 1.0000000000
62501  -39.995  -34.771  33.659 0.3333329856
63601  -44.631  -32.524  35.540 0.8888890147
63618  -45.550  -32.268  35.307 1.0000000000
63627  -43.374  -33.117  35.184 0.7777780294
63673  -44.097  -32.748  29.370 0.1111110002
63686  -43.566  -32.631  28.052 0.1111110002
64798  -44.396  -31.197  34.307 0.7777780294
64811  -44.143  -31.928  33.795 0.6666669846
65899  -47.112  -29.841  34.465 1.0000000000
65953  -44.870  -30.417  32.382 0.6666669846
65983  -45.664  -29.751  30.182 0.4444440007
66000  -48.821  -30.492  28.987 0.2222220004
66011  -44.586  -31.163  28.148 0.2222220004
66179  -53.524  -31.114  17.125 0.1111110002
66939  -46.800  -29.026  34.581 1.0000000000
66958  -45.272  -29.735  34.431 0.7777780294
66960  -46.541  -29.858  34.594 1.0000000000
66978  -47.819  -29.379  33.822 1.0000000000
67013  -44.968  -29.605  32.956 0.6666669846
67915  -46.016  -28.697  34.505 0.7777780294
67926  -45.380  -29.504  34.405 0.7777780294
67928  -47.119  -28.546  34.516 1.0000000000
67966  -45.405  -28.990  33.080 0.6666669846
67997  -48.612  -29.237  28.683 0.2222220004
68006  -45.110  -28.320  27.173 0.3333329856
68016  -44.684  -28.091  26.604 0.3333329856
68029  -43.781  -28.668  25.091 0.1111110002
68067  -50.997  -29.183  23.319 0.1111110002
68895  -45.912  -28.268  34.546 0.7777780294
68896  -46.288  -28.152  34.380 0.8888890147
68907  -46.711  -27.747  34.371 0.8888890147
68909  -47.411  -27.782  34.397 1.0000000000
68970  -45.496  -26.855  29.722 0.6666669846
68980  -45.423  -26.991  29.279 0.4444440007
68987  -44.645  -27.107  27.847 0.3333329856
68988  -45.198  -27.368  28.105 0.3333329856
69014  -44.164  -27.517  26.322 0.1111110002
69055  -54.340  -27.144  22.957 0.2222220004
69128  -49.571  -27.257  15.486 0.1111110002
69178  -60.461  -26.250  11.259 0.1111110002
69969  -46.221  -27.907  34.242 0.6666669846
69976  -46.207  -27.619  34.082 0.6666669846
69978  -46.982  -26.974  34.358 0.8888890147
69990  -47.650  -26.968  34.264 1.0000000000
70040  -45.372  -26.603  30.428 0.6666669846
70094  -43.797  -26.870  26.556 0.2222220004
70234  -49.656  -26.818  15.311 0.1111110002
70243  -51.134  -26.054  14.007 0.1111110002
70255  -51.430  -26.604  13.633 0.1111110002
71136  -47.264  -25.747  34.080 0.8888890147
71149  -47.454  -26.403  34.225 1.0000000000
71161  -45.547  -25.402  32.516 0.6666669846
71176  -45.418  -25.423  32.254 0.6666669846
71177  -45.248  -25.858  32.037 0.6666669846
71492  -61.732  -24.516  10.873 0.1111110002
72324  -46.890  -25.596  34.010 0.8888890147
72326  -47.309  -25.560  33.945 0.8888890147
72341  -47.017  -25.184  33.787 0.8888890147
72356  -46.322  -25.153  33.354 0.6666669846
72370  -45.461  -24.980  32.031 0.6666669846
72371  -45.701  -24.946  32.494 0.6666669846
72393  -45.111  -25.556  29.540 0.5555559993
72408  -44.796  -25.339  28.881 0.5555559993
72429  -43.961  -25.206  27.776 0.1111110002
72455  -46.954  -24.854  25.907 0.3333329856
72496  -51.841  -24.094  23.544 0.3333329856
72616  -55.678  -23.987  16.772 0.1111110002
72649  -54.651  -24.509  15.173 0.1111110002
72694  -60.945  -25.325  8.610 0.1111110002
73488  -46.706  -25.024  33.471 0.6666669846
73490  -47.277  -24.821  33.409 0.8888890147
73501  -46.102  -24.838  32.806 0.6666669846
73521  -50.564  -23.266  31.603 1.0000000000
73554  -44.952  -25.100  28.784 0.5555559993
73557  -46.721  -24.570  29.115 0.6666669846
73558  -48.099  -23.997  29.240 0.7777780294
73560  -51.473  -23.502  30.263 0.7777780294
73598  -44.126  -24.858  27.333 0.1111110002
73660  -48.185  -24.416  23.342 0.1111110002
73663  -52.093  -23.748  24.134 0.3333329856
73710  -57.448  -22.558  18.089 0.2222220004
73748  -53.738  -23.890  15.746 0.1111110002
73750  -54.595  -23.686  16.299 0.1111110002
73781  -61.398  -23.679  12.299 0.1111110002
74583  -47.810  -23.510  32.068 0.7777780294
74587  -50.816  -22.936  31.459 1.0000000000
74595  -46.845  -24.108  30.923 0.6666669846
74639  -47.505  -24.322  29.082 0.6666669846
74640  -47.699  -24.202  29.293 0.6666669846
74661  -49.721  -22.527  27.673 0.5555559993
74691  -49.453  -22.646  26.477 0.5555559993
74693  -54.204  -22.929  25.366 0.7777780294
74694  -54.543  -23.256  25.319 0.6666669846
74705  -53.939  -23.208  25.020 0.6666669846
74716  -51.926  -22.318  23.996 0.4444440007
74800  -57.917  -22.238  18.462 0.2222220004
74815  -55.346  -22.744  18.142 0.2222220004
74833  -57.534  -23.114  16.741 0.2222220004
74889  -61.287  -23.260  10.351 0.1111110002
75671  -50.932  -22.665  31.297 1.0000000000
75684  -50.440  -22.615  30.492 0.8888890147
75708  -49.689  -22.840  29.695 0.6666669846
75741  -54.336  -22.652  26.538 0.7777780294
75779  -54.406  -22.837  25.682 0.7777780294
75801  -51.948  -22.002  23.500 0.4444440007
75883  -56.780  -21.681  19.772 0.3333329856
76000  -58.976  -21.323  11.822 0.2222220004
76804  -50.461  -22.464  30.180 1.0000000000
76805  -50.785  -22.378  30.298 1.0000000000
76816  -50.400  -22.189  29.878 0.8888890147
76817  -50.859  -22.140  29.967 1.0000000000
76833  -52.605  -21.644  28.543 0.8888890147
76877  -53.647  -21.612  26.750 0.7777780294
76892  -52.994  -21.136  25.745 0.6666669846
76950  -57.236  -20.526  20.002 0.3333329856
76951  -57.525  -20.787  19.697 0.2222220004
76999  -54.044  -20.538  17.240 0.2222220004
77941  -52.730  -21.127  27.595 0.8888890147
77992  -52.619  -20.440  25.753 0.6666669846
78062  -58.332  -20.285  19.598 0.1111110002
78063  -58.595  -20.426  19.382 0.2222220004
79233  -60.611  -18.527  16.989 0.2222220004
81363  -61.454  -15.883  13.594 0.3333329856
81383  -61.424  -16.400  13.472 0.3333329856
81384  -61.350  -16.079  13.529 0.3333329856
81394  -61.453  -16.151  13.262 0.3333329856
81430  -59.932  -15.446  9.321 0.2222220004
81434  -60.605  -16.472  8.355 0.1111110002
82404  -61.052  -15.845  13.600 0.1111110002
82405  -61.258  -15.789  13.482 0.2222220004
82406  -61.570  -15.874  13.745 0.3333329856
82426  -61.388  -15.739  13.048 0.2222220004
82427  -61.395  -15.927  13.335 0.2222220004
82443  -61.393  -15.922  12.664 0.3333329856
82444  -61.578  -15.979  12.722 0.3333329856
82468  -59.820  -15.027  9.575 0.2222220004
82470  -60.018  -15.072  10.764 0.2222220004
82486  -60.014  -15.089  9.305 0.2222220004
82615  -61.264  -14.725  -2.011 0.1111110002
83451  -60.544  -15.155  13.284 0.2222220004
83454  -61.270  -15.584  13.214 0.2222220004
83467  -61.035  -14.872  12.673 0.3333329856
83468  -61.219  -15.415  12.978 0.2222220004
83499  -57.248  -14.843  10.992 0.1111110002
83513  -59.843  -14.627  9.695 0.2222220004
83522  -59.993  -14.855  9.397 0.2222220004
83523  -60.133  -14.835  9.161 0.2222220004
83536  -60.207  -15.142  8.742 0.2222220004
83663  -61.958  -14.591  -1.234 0.1111110002
83677  -60.391  -14.095  -2.491 0.1111110002
83687  -60.620  -13.908  -2.677 0.1111110002
83689  -61.206  -13.815  -2.525 0.1111110002
84693  -60.790  -13.305  7.427 0.2222220004
84815  -62.232  -14.312  -0.848 0.1111110002
84842  -60.567  -13.360  -2.697 0.1111110002
84844  -61.223  -13.614  -2.475 0.1111110002
85851  -60.186  -13.585  12.481 0.2222220004
85852  -60.418  -13.658  12.414 0.2222220004
86056  -61.216  -13.386  -2.427 0.1111110002
87037  -59.379  -12.221  10.515 0.1111110002
87047  -58.682  -11.636  10.240 0.1111110002
87164  -62.261  -13.318  1.095 0.1111110002
88139  -59.103  -11.604  10.126 0.1111110002
88216  -61.961  -12.010  4.076 0.1111110002
89226  -61.103  -10.304  7.456 0.1111110002
89232  -60.939  -10.001  6.590 0.1111110002
89247  -61.457  -10.600  6.131 0.1111110002
