#!ascii label  , from subject sub-01 vox2ras=TkReg
4133
38869  -12.601  -55.172  41.403 0.2222220004
39958  -13.288  -54.185  41.787 0.3333329856
42107  -14.661  -52.565  41.583 0.4444440007
42108  -15.323  -51.946  41.699 0.5555559993
44217  -14.871  -51.089  41.965 0.5555559993
44218  -15.339  -50.730  42.052 0.5555559993
44219  -15.855  -50.594  42.271 0.4444440007
45276  -15.578  -50.177  42.236 0.5555559993
38859  -12.226  -54.720  41.650 0.4444440007
38860  -12.971  -54.664  41.696 0.3333329856
37748  -9.592  -55.671  40.691 0.3333329856
37749  -10.284  -55.690  40.745 0.3333329856
37750  -11.101  -55.635  40.833 0.3333329856
38868  -11.707  -55.216  41.342 0.3333329856
41002  -12.316  -53.653  41.954 0.4444440007
41004  -13.868  -53.576  41.716 0.4444440007
42106  -13.671  -52.792  41.664 0.4444440007
37759  -9.557  -56.292  40.110 0.1111110002
37760  -10.435  -56.117  40.188 0.3333329856
41003  -13.098  -53.594  41.837 0.5555559993
43200  -14.424  -51.666  41.587 0.5555559993
43199  -13.312  -52.364  41.533 0.5555559993
44220  -12.999  -52.261  41.449 0.5555559993
44228  -13.125  -51.995  41.290 0.5555559993
44237  -13.643  -51.469  40.695 0.6666669846
45280  -14.889  -50.486  41.841 0.5555559993
45281  -15.254  -49.858  41.955 0.6666669846
45282  -17.043  -49.989  42.343 0.4444440007
44246  -13.959  -51.467  39.995 0.6666669846
45288  -14.748  -50.037  41.160 0.6666669846
45289  -15.334  -49.654  41.252 0.7777780294
46374  -15.914  -48.998  41.190 0.7777780294
43230  -13.989  -51.868  39.310 0.7777780294
44247  -14.673  -51.118  39.548 0.7777780294
45298  -14.888  -50.178  40.462 0.7777780294
45299  -15.616  -49.600  40.305 0.7777780294
43239  -13.604  -52.483  38.624 0.7777780294
43240  -14.355  -51.941  38.516 0.7777780294
44248  -15.349  -50.786  39.066 0.7777780294
45312  -15.251  -50.322  39.723 0.7777780294
43247  -13.857  -52.436  37.561 0.7777780294
44257  -15.075  -51.422  38.415 0.7777780294
39957  -12.655  -54.209  41.854 0.4444440007
38866  -10.113  -55.333  41.265 0.3333329856
38867  -10.860  -55.297  41.327 0.3333329856
39955  -11.101  -54.328  41.853 0.4444440007
41001  -11.543  -53.738  41.999 0.4444440007
36635  -8.049  -56.708  39.640 0.4444440007
36636  -8.750  -56.715  39.762 0.1111110002
37747  -9.178  -55.510  40.692 0.4444440007
38865  -9.501  -55.237  41.070 0.4444440007
38857  -10.604  -54.879  41.626 0.3333329856
39954  -10.364  -54.387  41.603 0.4444440007
41000  -11.014  -54.111  41.951 0.4444440007
42104  -12.014  -53.167  42.051 0.5555559993
43198  -12.413  -52.817  41.513 0.5555559993
37758  -8.741  -56.019  40.247 0.5555559993
38875  -8.168  -55.597  40.220 0.4444440007
38864  -8.781  -55.121  40.747 0.4444440007
41008  -8.919  -53.761  41.137 0.4444440007
41009  -9.691  -53.466  41.099 0.5555559993
42112  -10.604  -53.304  41.313 0.5555559993
43197  -11.563  -53.133  41.646 0.5555559993
43208  -11.804  -53.084  41.312 0.5555559993
38862  -7.480  -55.136  40.049 0.5555559993
39961  -8.317  -54.442  40.834 0.4444440007
41007  -7.873  -53.931  40.687 0.5555559993
42110  -9.297  -53.173  40.901 0.5555559993
42117  -10.074  -52.885  40.597 0.5555559993
42132  -10.443  -52.853  39.708 0.5555559993
43217  -12.044  -52.996  40.833 0.5555559993
43227  -12.131  -52.680  40.449 0.5555559993
44229  -13.749  -51.514  41.298 0.5555559993
41006  -7.590  -54.360  40.226 0.4444440007
42129  -8.074  -53.267  39.876 0.5555559993
42116  -8.917  -52.874  40.335 0.5555559993
42131  -9.406  -52.804  39.664 0.6666669846
42119  -11.724  -52.937  40.434 0.6666669846
43228  -12.447  -52.311  40.137 0.7777780294
43219  -12.931  -51.827  40.488 0.7777780294
47468  -17.486  -48.164  41.659 0.7777780294
46365  -18.273  -48.471  42.198 0.4444440007
41021  -6.849  -54.258  39.048 0.5555559993
41022  -7.759  -53.608  39.411 0.4444440007
42160  -8.598  -53.543  38.511 0.5555559993
42148  -9.816  -53.144  38.861 0.6666669846
42133  -11.604  -52.850  39.801 0.7777780294
42150  -11.785  -52.914  38.714 0.7777780294
43229  -13.129  -52.077  39.628 0.7777780294
46375  -16.648  -48.651  40.974 0.7777780294
41034  -7.419  -54.041  38.438 0.3333329856
41045  -8.249  -53.899  37.762 0.4444440007
42161  -9.152  -53.431  38.051 0.6666669846
42162  -10.093  -53.188  37.866 0.6666669846
42149  -10.783  -52.881  38.767 0.7777780294
42164  -12.061  -52.973  37.676 0.7777780294
42151  -12.793  -52.996  38.824 0.7777780294
45313  -15.827  -50.056  39.184 0.7777780294
42163  -11.065  -53.084  37.731 0.6666669846
42165  -13.027  -52.865  37.638 0.7777780294
43248  -14.609  -51.953  37.486 0.7777780294
44258  -15.596  -50.757  38.239 0.7777780294
42175  -10.298  -53.320  36.761 0.5555559993
42177  -12.376  -53.113  36.582 0.6666669846
42178  -13.321  -52.834  36.559 0.6666669846
43259  -14.812  -51.910  36.458 0.7777780294
44267  -15.258  -51.382  37.375 0.6666669846
42189  -10.546  -53.252  35.566 0.5555559993
42176  -11.345  -53.210  36.633 0.5555559993
43258  -14.116  -52.409  36.534 0.7777780294
42190  -11.654  -53.150  35.506 0.5555559993
42191  -12.704  -52.969  35.493 0.5555559993
42192  -13.609  -52.698  35.567 0.5555559993
43269  -14.246  -52.253  35.558 0.6666669846
47481  -18.117  -47.730  41.142 0.6666669846
47470  -19.073  -47.623  42.158 0.4444440007
47480  -17.356  -48.220  40.759 0.7777780294
46394  -16.800  -48.645  39.871 0.7777780294
45314  -16.492  -49.400  38.910 0.7777780294
45326  -16.017  -49.993  38.051 0.7777780294
44279  -15.387  -51.275  36.348 0.6666669846
42206  -13.146  -52.667  34.409 0.6666669846
42207  -13.759  -52.394  34.991 0.6666669846
43270  -14.905  -51.773  35.431 0.5555559993
48541  -19.415  -46.821  41.766 0.5555559993
47472  -20.494  -47.152  41.783 0.4444440007
47499  -18.722  -47.236  40.695 0.8888890147
47497  -17.367  -48.174  40.024 0.8888890147
46416  -17.834  -48.020  38.834 0.8888890147
45327  -16.761  -49.491  37.818 0.7777780294
46433  -17.429  -48.961  37.410 0.8888890147
44280  -15.829  -50.561  36.190 0.6666669846
45340  -16.971  -49.589  36.748 0.7777780294
44289  -15.518  -51.164  35.379 0.5555559993
45351  -16.376  -49.935  35.951 0.7777780294
43284  -15.068  -51.567  34.464 0.5555559993
44303  -15.683  -51.085  34.569 0.4444440007
45367  -16.767  -50.284  34.893 0.6666669846
48544  -21.818  -47.127  40.841 0.4444440007
48569  -19.363  -46.847  40.526 0.8888890147
48543  -20.843  -46.703  41.233 0.5555559993
47523  -30.510  -47.020  38.315 0.3333329856
47512  -19.141  -47.123  39.544 0.8888890147
47520  -19.138  -47.497  38.393 0.8888890147
47511  -18.479  -47.628  38.976 0.8888890147
48585  -30.891  -46.185  38.361 0.4444440007
47519  -18.436  -47.928  38.173 0.8888890147
46434  -17.905  -48.376  37.924 0.8888890147
48594  -32.197  -46.109  37.745 0.5555559993
50645  -31.889  -45.200  36.869 0.5555559993
46447  -17.598  -49.151  36.395 0.8888890147
50646  -32.854  -45.227  36.741 0.6666669846
45352  -17.204  -49.631  35.738 0.7777780294
46465  -17.671  -49.318  35.831 0.7777780294
50706  -32.477  -45.415  34.411 0.8888890147
50685  -32.292  -45.132  35.446 0.7777780294
51741  -37.690  -44.520  34.780 0.3333329856
49654  -32.862  -45.815  33.613 0.8888890147
50707  -33.182  -45.706  35.028 0.6666669846
49658  -36.715  -45.048  34.709 0.4444440007
50708  -37.194  -44.629  34.711 0.4444440007
44304  -16.171  -50.704  34.199 0.5555559993
48623  -34.434  -46.300  33.783 0.6666669846
48637  -35.095  -46.280  33.159 0.6666669846
49669  -36.084  -45.612  33.615 0.5555559993
49686  -36.368  -45.177  33.280 0.6666669846
48648  -35.531  -46.017  32.831 0.6666669846
49570  -21.784  -46.532  40.357 0.6666669846
48545  -22.532  -47.240  40.198 0.2222220004
47486  -22.937  -47.741  40.317 0.1111110002
47522  -29.592  -46.881  38.618 0.2222220004
49568  -20.981  -46.112  40.444 0.7777780294
49563  -21.273  -46.518  40.797 0.7777780294
48570  -20.132  -46.588  39.918 0.7777780294
48584  -30.017  -46.255  38.388 0.5555559993
47513  -19.843  -46.889  39.259 0.8888890147
49606  -30.404  -45.581  38.133 0.5555559993
47530  -18.423  -48.239  37.606 0.8888890147
47521  -19.785  -47.082  38.670 0.8888890147
50644  -30.899  -45.131  37.158 0.5555559993
49615  -30.935  -45.345  37.797 0.5555559993
47531  -19.063  -48.014  37.343 0.8888890147
46448  -18.344  -48.606  36.925 0.7777780294
47544  -19.259  -48.178  36.659 0.8888890147
50684  -31.185  -45.163  35.405 0.7777780294
50664  -32.118  -44.983  36.212 0.5555559993
51756  -37.776  -44.113  34.013 0.5555559993
46466  -18.220  -49.026  35.681 0.7777780294
46467  -19.087  -48.367  36.036 0.7777780294
50705  -31.402  -45.174  34.524 0.8888890147
50724  -37.016  -44.559  33.980 0.5555559993
51755  -37.452  -44.373  34.163 0.4444440007
45386  -16.683  -50.489  34.175 0.6666669846
45368  -17.542  -49.866  34.833 0.7777780294
46486  -18.499  -49.195  34.849 0.6666669846
50723  -32.062  -45.508  33.023 0.8888890147
49655  -33.570  -46.041  34.525 0.7777780294
50741  -36.446  -44.725  32.542 0.6666669846
50742  -36.698  -44.456  32.962 0.6666669846
45387  -17.205  -50.264  33.823 0.6666669846
45388  -18.093  -49.666  33.975 0.6666669846
49667  -32.789  -45.913  32.648 0.8888890147
48636  -34.321  -46.350  32.778 0.8888890147
49699  -35.887  -45.193  31.578 0.7777780294
49685  -36.034  -45.366  32.631 0.7777780294
44321  -16.712  -50.461  33.011 0.5555559993
46502  -18.364  -49.376  34.465 0.6666669846
49682  -32.882  -45.901  31.670 1.0000000000
49683  -33.538  -46.201  32.275 0.8888890147
48657  -34.660  -46.087  31.412 0.8888890147
49698  -35.280  -45.738  31.424 0.8888890147
45406  -17.158  -50.122  32.850 0.6666669846
45408  -18.296  -49.533  33.007 0.6666669846
49697  -33.659  -46.142  31.329 0.8888890147
48671  -34.318  -46.105  30.963 0.8888890147
45424  -17.419  -49.947  32.179 0.5555559993
48546  -23.223  -47.377  39.878 0.1111110002
48559  -24.000  -47.149  39.660 0.1111110002
48583  -29.262  -46.297  38.729 0.3333329856
48558  -23.214  -47.116  39.539 0.5555559993
49583  -21.057  -45.966  40.076 0.7777780294
49585  -22.395  -46.661  39.527 0.7777780294
48571  -20.873  -46.112  40.046 0.7777780294
49599  -21.919  -46.348  39.162 0.7777780294
49605  -29.506  -45.690  38.389 0.4444440007
48591  -20.271  -46.969  38.300 0.7777780294
48581  -21.110  -46.325  39.074 0.7777780294
50630  -30.416  -45.208  37.693 0.5555559993
48592  -20.924  -46.717  37.981 0.7777780294
47532  -20.089  -47.341  37.676 0.7777780294
50683  -30.368  -44.843  35.597 0.8888890147
51770  -37.361  -43.780  33.335 0.5555559993
51757  -38.230  -44.111  33.911 0.4444440007
47545  -19.929  -47.852  36.422 0.8888890147
46468  -19.718  -48.122  35.727 0.8888890147
50758  -36.567  -44.304  31.992 0.5555559993
46487  -18.957  -48.791  35.001 0.6666669846
50739  -31.231  -45.364  32.118 1.0000000000
45389  -18.485  -49.364  33.531 0.6666669846
46503  -18.736  -49.085  34.039 0.6666669846
50740  -32.076  -45.630  31.903 1.0000000000
49714  -34.807  -45.800  30.733 0.8888890147
49715  -35.454  -45.278  30.768 0.8888890147
50779  -36.114  -44.504  30.834 0.8888890147
45407  -17.689  -49.849  33.022 0.6666669846
50757  -32.372  -45.527  31.092 1.0000000000
49713  -33.962  -45.953  30.475 1.0000000000
49728  -34.004  -45.456  29.674 0.8888890147
49730  -35.121  -45.399  30.312 0.8888890147
45446  -17.222  -50.274  31.227 0.4444440007
46520  -18.676  -49.481  32.179 0.6666669846
46521  -19.308  -49.134  32.220 0.7777780294
49696  -33.081  -45.724  30.781 1.0000000000
49712  -33.303  -45.418  29.940 1.0000000000
46531  -17.721  -49.925  30.824 0.4444440007
46532  -18.320  -49.678  31.224 0.6666669846
46533  -19.011  -49.304  31.241 0.6666669846
48560  -25.116  -47.206  39.791 0.1111110002
47502  -24.888  -47.654  40.150 0.1111110002
47515  -28.893  -46.937  39.117 0.2222220004
49572  -23.865  -46.809  39.240 0.2222220004
49592  -28.319  -46.044  38.840 0.3333329856
49586  -23.383  -46.712  39.055 0.5555559993
50628  -28.750  -45.323  38.276 0.4444440007
49600  -22.827  -46.478  38.731 0.7777780294
48593  -21.745  -46.247  38.198 0.7777780294
50661  -29.326  -44.741  36.501 0.6666669846
50643  -29.984  -44.947  37.252 0.6666669846
52807  -37.933  -42.505  32.800 0.4444440007
52799  -38.689  -43.719  33.313 0.3333329856
47533  -20.820  -47.144  37.410 0.7777780294
48602  -21.386  -46.995  37.068 0.7777780294
50662  -30.228  -44.815  36.415 0.6666669846
51771  -37.720  -43.243  33.248 0.4444440007
52797  -37.775  -43.176  33.499 0.3333329856
48603  -21.913  -46.519  37.384 0.7777780294
50682  -29.500  -44.636  35.503 0.8888890147
51739  -30.272  -44.976  34.826 0.8888890147
47555  -20.285  -47.930  35.315 0.7777780294
47556  -21.182  -47.420  35.748 0.7777780294
48612  -22.238  -46.763  36.186 0.7777780294
51754  -30.681  -45.100  33.839 1.0000000000
51804  -37.003  -43.189  31.780 0.7777780294
51805  -36.900  -43.655  32.153 0.5555559993
46488  -19.632  -48.330  35.105 0.8888890147
47567  -21.069  -47.710  34.549 0.7777780294
50722  -31.056  -45.126  33.299 1.0000000000
51831  -36.664  -43.455  31.037 0.6666669846
46512  -18.783  -49.164  33.034 0.6666669846
47566  -20.254  -48.136  34.312 0.8888890147
47568  -21.712  -47.204  34.761 0.7777780294
50794  -35.492  -44.847  29.823 0.8888890147
46513  -19.416  -48.847  33.191 0.7777780294
47578  -20.993  -48.008  33.432 0.7777780294
47579  -22.082  -47.609  33.716 0.7777780294
50755  -30.689  -45.156  31.369 0.8888890147
50756  -31.470  -45.187  30.846 1.0000000000
47589  -20.002  -48.775  32.291 0.7777780294
47590  -20.868  -48.608  32.422 0.7777780294
50778  -32.479  -45.219  30.245 1.0000000000
49727  -33.505  -45.225  29.437 1.0000000000
47591  -21.862  -48.378  32.556 0.7777780294
51830  -31.032  -44.400  30.000 0.8888890147
46551  -18.628  -49.367  30.469 0.5555559993
47600  -19.736  -49.053  31.227 0.5555559993
47601  -20.584  -48.911  31.312 0.6666669846
47618  -19.217  -49.150  30.032 0.4444440007
47619  -20.176  -49.006  30.102 0.5555559993
47621  -22.034  -48.407  30.279 0.6666669846
48561  -25.983  -46.916  39.743 0.1111110002
48549  -26.204  -47.248  40.153 0.1111110002
49573  -24.664  -46.744  39.216 0.1111110002
49574  -25.579  -46.679  39.218 0.1111110002
49575  -26.437  -46.657  39.176 0.1111110002
49577  -27.834  -46.404  39.004 0.3333329856
49601  -23.709  -46.452  38.322 0.6666669846
49589  -26.076  -46.548  38.668 0.2222220004
50614  -27.411  -46.045  38.326 0.6666669846
49591  -27.689  -46.189  38.709 0.5555559993
50613  -26.584  -46.394  38.215 0.6666669846
50626  -26.981  -45.973  37.818 0.6666669846
50615  -28.119  -45.709  38.555 0.5555559993
50616  -28.552  -45.686  38.630 0.4444440007
49613  -23.084  -46.283  38.057 0.7777780294
50640  -27.211  -45.367  37.390 0.7777780294
50641  -28.133  -45.082  37.461 0.7777780294
52808  -38.281  -42.716  32.896 0.4444440007
52809  -38.704  -43.051  32.813 0.2222220004
49625  -22.520  -46.253  37.762 0.7777780294
50660  -28.403  -44.850  36.592 1.0000000000
52806  -37.507  -42.550  32.433 0.6666669846
52818  -39.006  -42.720  32.165 0.2222220004
49636  -22.690  -46.499  37.116 0.7777780294
50702  -27.877  -44.792  34.864 1.0000000000
50681  -28.590  -44.674  35.646 1.0000000000
50703  -28.728  -44.632  34.632 1.0000000000
50704  -29.323  -44.637  34.694 0.8888890147
52816  -37.160  -42.379  31.752 0.6666669846
53820  -37.304  -42.040  31.914 0.5555559993
53810  -37.366  -41.450  31.916 0.5555559993
48620  -22.268  -46.802  34.958 0.7777780294
48621  -23.250  -46.522  35.102 0.7777780294
50720  -28.677  -44.728  33.716 1.0000000000
51751  -29.051  -44.602  34.155 1.0000000000
51753  -30.127  -45.001  33.993 1.0000000000
53840  -36.756  -41.587  30.796 0.7777780294
54893  -36.868  -40.703  31.145 0.8888890147
53811  -37.725  -41.553  32.250 0.5555559993
51782  -28.771  -44.810  32.689 1.0000000000
51766  -29.015  -44.656  33.551 1.0000000000
51783  -29.403  -44.825  32.424 1.0000000000
50721  -30.406  -45.023  32.739 1.0000000000
51856  -36.273  -43.647  29.961 0.8888890147
53857  -36.751  -41.997  30.156 0.7777780294
53831  -37.010  -41.503  31.344 0.6666669846
56017  -36.806  -39.995  30.927 0.8888890147
48633  -22.787  -46.954  34.152 0.7777780294
50738  -30.493  -45.117  32.174 1.0000000000
50793  -34.698  -45.109  29.372 0.8888890147
51879  -35.892  -43.974  28.569 0.8888890147
52857  -36.789  -42.862  29.094 0.8888890147
53858  -37.092  -41.755  29.312 0.8888890147
54904  -36.749  -40.677  30.619 0.8888890147
47592  -22.843  -47.898  32.508 0.8888890147
47581  -23.684  -47.151  32.972 0.8888890147
51802  -30.092  -44.843  31.173 1.0000000000
51803  -30.636  -44.858  30.638 0.8888890147
50811  -33.285  -44.722  28.273 1.0000000000
50814  -35.245  -44.741  29.078 0.8888890147
51857  -36.491  -43.357  29.242 0.8888890147
47602  -21.542  -48.714  31.392 0.7777780294
47603  -22.510  -48.219  31.406 0.7777780294
47593  -23.553  -47.451  32.450 0.8888890147
50777  -31.848  -44.736  29.703 1.0000000000
50791  -32.844  -44.994  29.017 0.8888890147
47604  -23.562  -47.665  31.432 0.8888890147
48654  -23.896  -47.323  31.960 0.8888890147
47638  -20.553  -48.553  29.110 0.5555559993
47622  -23.093  -47.963  30.234 0.6666669846
47623  -23.877  -47.627  30.490 0.6666669846
47639  -21.426  -48.400  29.193 0.5555559993
47640  -22.413  -48.182  29.156 0.6666669846
49587  -24.218  -46.540  38.786 0.5555559993
49602  -24.467  -46.529  38.231 0.6666669846
50612  -25.737  -46.536  38.185 0.6666669846
50622  -24.141  -46.474  37.872 0.6666669846
49603  -25.053  -46.548  38.102 0.6666669846
50624  -25.340  -46.452  37.714 0.7777780294
50639  -26.395  -45.818  37.288 0.7777780294
50637  -24.884  -46.406  37.274 0.7777780294
50638  -25.622  -46.220  37.237 0.7777780294
50658  -26.620  -45.377  36.680 1.0000000000
49614  -23.731  -46.408  37.695 0.7777780294
50623  -24.653  -46.510  37.758 0.6666669846
50656  -25.147  -46.260  36.736 0.7777780294
50657  -25.915  -45.970  36.656 1.0000000000
50680  -27.698  -44.841  35.783 1.0000000000
53813  -38.401  -42.126  32.418 0.4444440007
50655  -24.503  -46.357  36.882 0.7777780294
50678  -26.196  -45.677  35.991 1.0000000000
50701  -27.065  -44.997  35.070 1.0000000000
53812  -38.112  -41.617  32.389 0.4444440007
53821  -38.369  -41.303  32.217 0.4444440007
54879  -38.551  -40.555  32.120 0.4444440007
49650  -23.651  -46.445  35.912 0.7777780294
50677  -25.409  -46.106  36.026 0.7777780294
50700  -26.416  -45.415  35.270 1.0000000000
54869  -37.887  -40.571  32.325 0.5555559993
54870  -38.252  -40.459  32.318 0.5555559993
54880  -38.776  -40.645  31.840 0.4444440007
49651  -24.237  -46.362  35.385 0.7777780294
49652  -25.254  -46.115  35.006 0.8888890147
49653  -26.019  -45.697  34.834 1.0000000000
50719  -28.050  -44.911  33.911 1.0000000000
54878  -37.128  -40.676  31.524 0.6666669846
55993  -38.754  -40.018  32.091 0.4444440007
48622  -23.984  -46.473  34.685 0.7777780294
49664  -24.509  -46.350  34.519 0.8888890147
50735  -27.439  -45.183  33.136 1.0000000000
55992  -37.032  -39.824  31.396 0.8888890147
57101  -36.870  -39.018  30.876 0.7777780294
57061  -37.506  -38.673  32.446 0.6666669846
55970  -38.062  -39.563  32.572 0.4444440007
48634  -23.979  -46.696  33.665 0.8888890147
50736  -28.275  -44.995  32.922 1.0000000000
54905  -36.876  -40.654  29.906 0.8888890147
56039  -36.829  -39.824  30.302 0.8888890147
57084  -37.110  -38.765  31.835 0.8888890147
55946  -37.854  -38.760  32.671 0.4444440007
48644  -24.024  -47.055  32.502 0.8888890147
51799  -28.168  -45.003  31.869 0.8888890147
51800  -28.754  -44.862  31.682 0.8888890147
50812  -33.881  -44.832  28.446 1.0000000000
51878  -34.760  -44.466  28.016 1.0000000000
53873  -37.315  -41.740  28.046 0.8888890147
56062  -37.072  -39.861  28.877 0.8888890147
57113  -36.948  -39.409  29.212 0.8888890147
58110  -37.050  -38.078  31.287 0.8888890147
58101  -37.156  -37.958  31.869 0.7777780294
48655  -24.491  -47.149  31.498 0.8888890147
51801  -29.405  -44.805  31.417 0.8888890147
51854  -31.348  -44.280  28.974 0.8888890147
51899  -34.711  -44.189  27.197 1.0000000000
51900  -35.375  -44.013  27.693 0.8888890147
52894  -36.990  -42.344  27.408 0.8888890147
54957  -37.283  -40.800  27.437 0.8888890147
56080  -36.870  -39.667  27.948 0.8888890147
57117  -36.676  -38.494  28.645 0.8888890147
58128  -36.381  -37.434  29.159 0.8888890147
58119  -36.953  -37.906  30.339 0.8888890147
47605  -24.196  -47.521  30.916 0.8888890147
48669  -24.543  -47.166  30.235 0.8888890147
49711  -25.923  -46.184  30.785 0.8888890147
51828  -29.515  -44.634  30.401 0.8888890147
51829  -30.225  -44.470  30.150 0.8888890147
51855  -32.084  -44.398  28.583 0.8888890147
52912  -35.179  -42.564  26.001 0.8888890147
54956  -36.845  -40.472  26.836 0.8888890147
56079  -36.525  -39.328  27.592 0.8888890147
48668  -23.839  -47.475  29.672 0.6666669846
49726  -25.567  -46.109  30.090 0.8888890147
51874  -30.577  -44.153  28.283 0.8888890147
51897  -32.433  -43.840  27.174 0.8888890147
52892  -34.432  -43.529  26.449 0.7777780294
53880  -36.766  -41.615  26.704 0.7777780294
57129  -36.290  -38.901  27.895 0.8888890147
58135  -35.822  -37.203  28.271 0.7777780294
48684  -23.777  -47.171  28.628 0.6666669846
48685  -24.356  -46.913  29.306 0.6666669846
49724  -24.447  -46.545  28.661 0.6666669846
52874  -30.624  -43.886  27.503 0.8888890147
51896  -31.757  -43.703  27.106 0.8888890147
52891  -33.138  -43.473  26.448 0.7777780294
52911  -33.915  -42.813  25.640 0.7777780294
53889  -35.627  -41.362  25.754 0.8888890147
56125  -36.109  -39.947  26.258 0.8888890147
56103  -35.951  -39.149  26.567 0.8888890147
57128  -35.830  -38.134  27.651 0.8888890147
52888  -30.140  -43.612  26.902 0.7777780294
52890  -32.074  -43.448  26.558 0.7777780294
52938  -33.131  -42.362  25.128 0.7777780294
53888  -34.807  -41.984  25.261 0.7777780294
54977  -35.224  -40.454  25.367 0.8888890147
54964  -35.796  -40.360  25.943 0.8888890147
57159  -35.397  -38.560  25.805 1.0000000000
58153  -35.244  -37.888  26.344 0.8888890147
52907  -29.516  -43.380  26.117 0.7777780294
52908  -30.512  -42.968  26.100 0.7777780294
52909  -31.560  -42.995  25.971 0.7777780294
52910  -32.630  -42.968  25.820 0.7777780294
53908  -33.588  -41.750  24.521 0.7777780294
54976  -34.676  -40.205  24.791 0.7777780294
56144  -35.041  -39.311  25.191 0.7777780294
57158  -34.970  -37.938  25.612 0.7777780294
58152  -34.835  -37.223  26.371 0.8888890147
52935  -29.931  -42.943  24.958 0.6666669846
52936  -31.080  -42.890  25.087 0.6666669846
52937  -32.107  -42.636  25.139 0.7777780294
53907  -32.635  -41.953  24.532 0.6666669846
53928  -33.238  -41.240  23.824 0.7777780294
54991  -34.085  -40.450  24.188 0.7777780294
56143  -34.470  -39.552  24.558 0.6666669846
58169  -33.957  -37.573  24.301 0.6666669846
58160  -34.508  -37.343  25.369 0.7777780294
53905  -30.769  -42.608  24.187 0.6666669846
53926  -31.368  -41.938  23.710 0.5555559993
55003  -32.810  -40.544  22.978 0.6666669846
56158  -33.350  -39.576  23.432 0.5555559993
56159  -33.967  -39.327  23.981 0.5555559993
53943  -31.158  -41.694  22.874 0.5555559993
55002  -31.951  -41.122  22.461 0.5555559993
55024  -32.349  -40.527  22.333 0.3333329856
56167  -32.997  -39.187  22.911 0.4444440007
57210  -33.057  -38.221  22.991 0.5555559993
58168  -33.339  -37.690  23.464 0.5555559993
59154  -33.438  -36.731  23.662 0.5555559993
57228  -31.986  -38.392  21.693 0.4444440007
58194  -32.289  -37.714  22.393 0.5555559993
58178  -32.591  -37.345  22.833 0.5555559993
59167  -32.721  -36.575  23.233 0.5555559993
53832  -38.952  -41.529  31.474 0.3333329856
53822  -38.626  -41.738  32.090 0.4444440007
54906  -39.305  -40.714  30.787 0.4444440007
55994  -39.008  -39.594  31.821 0.4444440007
50699  -25.894  -45.885  35.415 1.0000000000
50717  -26.508  -45.289  34.487 1.0000000000
50718  -27.235  -45.059  34.171 1.0000000000
56018  -39.507  -39.620  30.900 0.4444440007
49666  -25.858  -45.610  34.105 1.0000000000
50734  -26.619  -45.367  33.540 1.0000000000
55971  -38.589  -39.140  32.352 0.4444440007
49665  -25.092  -46.163  33.745 1.0000000000
50752  -26.803  -45.437  32.252 1.0000000000
50753  -27.650  -45.079  32.058 0.8888890147
55948  -38.465  -38.336  32.763 0.4444440007
48635  -24.760  -46.455  33.162 1.0000000000
49680  -25.263  -46.207  32.671 1.0000000000
51825  -27.693  -45.015  31.331 0.8888890147
59082  -37.428  -37.278  32.020 0.7777780294
58082  -37.639  -37.787  33.001 0.6666669846
49695  -25.991  -45.953  31.906 1.0000000000
51826  -28.097  -44.936  31.004 0.8888890147
51827  -28.782  -44.824  30.691 0.8888890147
60216  -36.968  -36.715  30.502 0.8888890147
59099  -36.649  -37.003  30.143 0.8888890147
49694  -25.262  -46.454  31.672 0.8888890147
50776  -27.130  -45.082  31.166 0.8888890147
51849  -27.394  -44.989  30.453 0.8888890147
51852  -29.651  -44.428  29.433 0.8888890147
60224  -36.499  -36.278  30.184 0.8888890147
51851  -28.886  -44.713  29.671 0.8888890147
51873  -29.805  -44.333  28.508 0.8888890147
60231  -35.309  -36.278  29.115 0.8888890147
60232  -35.706  -36.060  29.420 0.8888890147
48700  -23.323  -47.177  27.581 0.4444440007
49725  -25.093  -46.181  29.371 0.6666669846
51872  -29.031  -44.652  28.519 0.8888890147
59116  -35.203  -36.637  28.116 0.7777780294
60243  -35.038  -36.231  28.828 0.8888890147
49746  -24.108  -46.368  27.695 0.5555559993
49747  -24.871  -46.135  28.317 0.6666669846
52871  -29.040  -44.616  27.962 0.7777780294
52872  -29.327  -44.455  27.842 0.7777780294
52873  -29.939  -44.128  27.653 0.7777780294
59126  -35.018  -36.626  27.528 0.7777780294
52906  -28.738  -44.273  26.133 0.7777780294
52887  -29.373  -44.061  27.015 0.7777780294
59135  -34.453  -36.624  26.131 0.7777780294
52934  -28.838  -43.474  25.087 0.5555559993
59145  -34.215  -36.656  25.115 0.7777780294
52953  -29.051  -42.878  23.889 0.5555559993
52954  -29.982  -42.749  23.819 0.5555559993
59155  -33.962  -36.746  24.374 0.7777780294
60300  -33.565  -36.127  23.740 0.7777780294
52967  -28.875  -42.059  23.299 0.4444440007
53941  -29.255  -41.654  22.788 0.5555559993
53942  -30.132  -41.533  22.621 0.5555559993
55001  -31.083  -41.218  22.120 0.4444440007
55023  -31.840  -40.471  21.921 0.3333329856
55020  -28.931  -40.776  21.550 0.3333329856
55044  -30.287  -40.385  21.282 0.3333329856
56201  -30.555  -39.444  20.977 0.3333329856
57245  -31.436  -38.443  21.277 0.2222220004
58193  -31.772  -37.435  22.064 0.4444440007
59178  -31.524  -36.572  22.397 0.4444440007
60316  -32.010  -35.511  22.895 0.5555559993
61501  -32.003  -35.153  22.727 0.5555559993
56214  -30.012  -39.273  20.367 0.1111110002
57257  -30.211  -38.377  20.179 0.1111110002
58221  -30.159  -37.080  20.409 0.1111110002
59191  -30.376  -36.564  21.087 0.2222220004
60333  -30.774  -35.443  22.028 0.3333329856
60334  -31.406  -35.883  22.541 0.4444440007
61549  -29.316  -34.964  20.272 0.1111110002
60348  -29.866  -35.300  20.894 0.2222220004
60332  -30.127  -35.007  21.549 0.2222220004
56041  -39.768  -40.295  30.530 0.3333329856
57086  -39.432  -38.426  31.598 0.4444440007
57063  -39.470  -37.752  32.472 0.4444440007
57062  -38.859  -37.821  32.959 0.4444440007
59090  -37.566  -36.888  31.389 0.8888890147
60197  -37.756  -36.463  32.873 0.8888890147
60217  -37.412  -36.417  30.853 0.8888890147
60208  -37.759  -36.536  31.812 0.8888890147
50789  -26.710  -45.107  30.120 0.8888890147
61397  -36.283  -35.706  30.101 0.8888890147
50810  -26.340  -45.090  29.419 0.7777780294
51870  -26.945  -45.095  29.120 0.8888890147
51850  -28.026  -45.086  30.027 0.8888890147
61398  -36.897  -35.361  30.416 0.8888890147
50809  -25.887  -45.087  28.733 0.6666669846
51871  -28.255  -45.269  28.984 0.8888890147
61412  -36.019  -35.361  29.666 0.8888890147
50807  -24.843  -45.797  27.667 0.6666669846
50808  -25.336  -45.556  28.348 0.6666669846
51894  -27.734  -45.412  27.847 0.7777780294
52886  -28.706  -44.832  27.439 0.7777780294
50829  -24.277  -45.559  27.005 0.4444440007
50842  -24.598  -45.188  26.716 0.4444440007
52905  -27.571  -45.141  26.419 0.6666669846
50841  -24.134  -45.262  26.221 0.4444440007
51891  -25.340  -44.991  26.927 0.4444440007
52933  -27.711  -44.062  25.189 0.6666669846
52952  -27.890  -43.064  24.287 0.5555559993
52966  -28.121  -42.366  23.403 0.5555559993
53940  -28.437  -41.690  22.751 0.4444440007
55019  -28.373  -40.658  21.327 0.1111110002
55042  -28.759  -40.276  20.768 0.1111110002
57256  -28.980  -38.447  19.853 0.1111110002
55055  -28.153  -40.071  20.590 0.1111110002
58219  -28.429  -37.563  20.021 0.1111110002
59203  -28.645  -36.626  20.031 0.1111110002
60364  -28.831  -35.702  20.117 0.1111110002
60365  -29.446  -35.668  20.501 0.1111110002
61514  -30.723  -34.880  21.476 0.3333329856
61515  -31.687  -35.005  22.217 0.4444440007
54907  -39.975  -40.855  30.115 0.1111110002
56042  -40.396  -40.099  30.399 0.2222220004
56019  -40.564  -39.281  30.701 0.2222220004
56043  -41.374  -39.891  30.427 0.1111110002
57087  -40.483  -37.903  31.746 0.3333329856
57104  -41.603  -38.607  31.431 0.1111110002
58084  -39.468  -37.636  33.412 0.5555559993
57064  -40.915  -37.683  32.826 0.2222220004
58065  -39.907  -37.494  34.114 0.5555559993
58086  -41.318  -37.603  33.749 0.1111110002
59065  -37.940  -36.897  34.231 0.7777780294
61382  -37.585  -35.756  30.893 0.8888890147
61354  -38.113  -35.294  32.601 0.8888890147
61383  -37.876  -35.410  31.057 0.8888890147
61369  -38.373  -35.240  31.984 0.8888890147
51869  -26.238  -45.078  28.361 0.6666669846
51893  -26.607  -45.230  27.833 0.7777780294
61413  -36.806  -35.179  29.686 0.8888890147
50831  -25.564  -45.244  27.996 0.6666669846
51892  -25.780  -45.032  27.573 0.5555559993
51915  -26.346  -45.087  26.629 0.6666669846
61428  -36.156  -35.363  28.883 0.8888890147
61399  -37.614  -35.231  30.434 0.8888890147
51929  -25.874  -44.692  26.111 0.5555559993
52904  -26.691  -45.127  26.076 0.5555559993
52965  -27.049  -42.596  23.476 0.3333329856
57105  -42.379  -38.754  31.752 0.1111110002
57065  -42.039  -37.795  33.032 0.1111110002
57089  -42.852  -38.501  32.351 0.1111110002
59067  -39.558  -37.190  34.534 0.5555559993
58067  -41.589  -37.351  34.471 0.1111110002
57066  -43.003  -37.847  33.208 0.1111110002
60188  -38.374  -35.104  34.221 0.7777780294
59068  -40.237  -37.327  34.739 0.2222220004
61342  -38.780  -34.649  33.780 0.7777780294
60166  -39.536  -35.597  34.856 0.3333329856
61370  -38.922  -34.893  32.169 0.8888890147
61384  -38.373  -35.320  31.281 0.8888890147
61429  -36.914  -35.152  28.920 0.8888890147
61400  -38.393  -35.378  30.459 1.0000000000
61446  -37.048  -35.201  28.234 1.0000000000
61415  -38.533  -35.652  29.369 1.0000000000
58069  -43.366  -36.997  34.290 0.1111110002
58068  -42.455  -37.088  34.394 0.2222220004
58088  -43.089  -37.372  33.852 0.1111110002
62489  -40.306  -34.880  33.981 0.4444440007
59054  -41.104  -36.510  35.378 0.2222220004
61357  -40.097  -34.692  32.876 0.5555559993
61343  -39.673  -34.763  34.046 0.6666669846
61371  -39.852  -34.736  32.229 0.6666669846
61356  -39.517  -34.636  33.154 0.6666669846
61401  -39.382  -35.580  30.468 1.0000000000
61416  -39.668  -35.764  29.563 1.0000000000
60233  -38.657  -35.821  28.926 1.0000000000
58049  -43.495  -36.438  34.784 0.1111110002
60181  -43.245  -35.276  35.448 0.2222220004
59056  -42.924  -36.041  35.262 0.2222220004
58048  -42.672  -36.644  34.847 0.1111110002
60180  -42.354  -35.458  35.366 0.2222220004
62490  -41.059  -34.813  34.300 0.2222220004
60179  -41.385  -35.654  35.346 0.2222220004
61333  -41.837  -34.903  35.201 0.2222220004
62502  -40.553  -34.780  33.394 0.5555559993
62491  -42.103  -34.301  34.499 0.2222220004
62515  -40.503  -34.688  32.676 0.5555559993
62516  -41.281  -34.810  32.808 0.6666669846
62503  -41.758  -34.620  33.671 0.5555559993
61402  -40.439  -35.366  30.316 0.8888890147
61387  -41.126  -34.779  31.101 0.8888890147
61373  -41.797  -34.948  32.008 0.7777780294
61403  -41.487  -35.010  30.060 1.0000000000
60235  -39.827  -35.839  28.874 1.0000000000
61417  -40.626  -35.545  29.183 1.0000000000
61432  -40.016  -35.840  27.536 1.0000000000
60248  -40.189  -35.782  28.531 1.0000000000
60292  -39.711  -35.346  25.652 1.0000000000
60263  -39.422  -35.828  27.076 1.0000000000
59057  -43.688  -35.850  35.158 0.2222220004
58050  -43.966  -36.210  34.769 0.1111110002
61334  -42.772  -34.639  35.413 0.2222220004
62480  -43.318  -33.687  35.341 0.2222220004
62492  -42.786  -33.593  34.852 0.3333329856
62479  -42.322  -34.188  35.147 0.2222220004
62504  -42.909  -33.771  33.878 0.2222220004
62517  -42.414  -34.605  32.917 0.5555559993
61374  -42.787  -34.746  32.019 0.6666669846
61388  -42.276  -34.612  31.014 0.7777780294
61404  -42.499  -34.590  29.862 1.0000000000
61433  -40.512  -35.248  28.020 1.0000000000
61449  -40.693  -34.540  26.937 1.0000000000
61418  -41.777  -34.883  28.843 1.0000000000
61464  -40.637  -34.435  25.850 1.0000000000
61448  -40.061  -35.387  26.999 1.0000000000
61477  -39.862  -34.833  25.115 1.0000000000
60182  -44.054  -35.144  35.371 0.2222220004
59069  -44.340  -35.730  34.836 0.1111110002
61335  -43.688  -34.442  35.490 0.2222220004
62505  -43.537  -33.257  33.412 0.4444440007
62518  -43.487  -33.830  32.521 0.5555559993
62527  -43.137  -34.156  30.549 0.7777780294
61389  -43.174  -34.315  31.452 0.7777780294
61419  -42.628  -34.186  29.098 1.0000000000
62537  -43.206  -33.967  29.641 0.8888890147
61450  -41.373  -33.834  27.105 1.0000000000
61434  -41.415  -34.276  27.834 1.0000000000
62564  -41.125  -33.816  26.346 1.0000000000
61478  -40.351  -34.099  25.230 1.0000000000
62575  -40.859  -33.684  25.551 1.0000000000
62586  -40.491  -33.478  24.800 1.0000000000
62585  -39.988  -34.071  24.755 1.0000000000
63745  -40.203  -32.764  22.587 0.7777780294
62611  -39.832  -33.338  23.290 0.8888890147
63758  -40.084  -32.784  21.668 0.4444440007
63615  -43.541  -33.194  35.367 0.1111110002
62481  -44.161  -33.624  35.548 0.1111110002
63616  -43.990  -32.862  35.484 0.2222220004
63636  -43.721  -32.791  34.084 0.4444440007
63628  -43.705  -32.600  34.935 0.2222220004
63657  -44.390  -32.871  31.813 0.7777780294
62528  -43.767  -33.676  31.174 0.6666669846
62538  -43.796  -33.610  30.107 0.7777780294
63663  -44.315  -33.004  30.564 0.6666669846
62548  -43.596  -33.444  29.483 0.7777780294
63672  -43.702  -32.857  28.720 0.8888890147
62546  -42.327  -33.936  28.356 1.0000000000
62556  -42.861  -33.362  28.026 1.0000000000
62555  -42.165  -33.546  27.496 1.0000000000
63685  -42.938  -33.074  27.487 1.0000000000
63701  -43.166  -32.414  27.140 1.0000000000
62576  -41.534  -33.203  25.788 1.0000000000
62565  -41.933  -33.419  26.585 1.0000000000
62599  -40.405  -32.993  24.027 0.8888890147
63722  -40.938  -32.706  24.612 1.0000000000
63723  -41.650  -32.460  25.107 1.0000000000
62612  -40.399  -32.643  23.354 0.8888890147
63746  -40.770  -32.077  22.896 0.7777780294
65001  -40.293  -31.707  20.833 0.3333329856
64981  -41.038  -31.375  22.285 0.3333329856
64960  -41.430  -31.415  23.225 0.7777780294
66128  -40.574  -30.446  20.596 0.2222220004
66111  -41.096  -30.490  21.614 0.4444440007
61336  -44.592  -34.307  35.353 0.1111110002
63617  -44.538  -33.037  35.591 0.1111110002
63646  -44.030  -32.669  33.056 0.3333329856
64797  -44.169  -32.033  34.569 0.3333329856
64824  -44.272  -31.805  33.106 0.4444440007
64825  -44.552  -31.240  32.628 0.4444440007
64873  -44.878  -31.705  29.702 0.7777780294
64889  -44.984  -31.230  28.709 0.7777780294
63687  -43.917  -32.576  28.642 0.8888890147
64872  -44.512  -32.210  29.142 0.7777780294
66012  -45.080  -30.540  28.283 0.7777780294
64903  -43.772  -31.596  27.507 0.8888890147
64904  -44.192  -31.302  27.943 0.8888890147
67058  -44.521  -30.078  26.963 0.7777780294
67047  -45.547  -29.493  28.507 0.6666669846
67995  -45.460  -28.578  27.858 0.6666669846
63713  -42.901  -32.457  26.553 1.0000000000
64917  -43.075  -31.753  26.410 1.0000000000
66037  -43.748  -30.753  26.712 1.0000000000
66038  -44.266  -30.333  26.842 1.0000000000
67059  -44.971  -29.499  27.307 0.8888890147
67067  -44.817  -28.854  26.625 0.7777780294
69015  -44.528  -27.757  26.637 0.7777780294
63712  -42.415  -32.525  26.031 1.0000000000
64930  -42.875  -31.546  25.810 0.8888890147
67065  -43.721  -30.316  25.990 1.0000000000
67066  -44.342  -29.732  26.326 0.8888890147
68015  -44.443  -28.545  26.132 0.8888890147
69028  -43.981  -27.739  25.779 0.8888890147
68999  -44.734  -27.679  27.010 0.7777780294
63733  -40.932  -32.088  23.897 0.8888890147
63734  -41.289  -32.216  24.505 1.0000000000
64929  -42.526  -31.683  25.317 0.8888890147
66060  -43.100  -30.198  24.855 1.0000000000
67074  -44.095  -28.978  25.693 0.8888890147
68030  -44.089  -28.149  25.680 1.0000000000
69013  -43.782  -27.293  25.878 1.0000000000
64943  -41.384  -31.599  23.821 0.8888890147
64944  -41.714  -31.620  24.348 0.8888890147
66059  -42.646  -30.971  24.661 0.8888890147
66049  -42.991  -30.844  25.660 0.8888890147
68029  -43.781  -28.668  25.091 1.0000000000
69027  -43.702  -27.578  25.360 1.0000000000
70093  -43.518  -26.829  25.965 1.0000000000
64961  -41.612  -31.351  23.740 0.8888890147
66077  -41.976  -30.732  23.537 0.8888890147
67084  -42.750  -29.963  24.087 0.8888890147
67085  -43.200  -29.291  24.622 1.0000000000
67073  -43.662  -29.756  25.403 1.0000000000
68043  -43.186  -28.255  24.510 1.0000000000
70102  -43.159  -26.872  25.098 1.0000000000
71279  -43.089  -26.365  25.451 1.0000000000
66095  -41.593  -30.696  22.619 0.6666669846
66096  -41.905  -29.948  22.788 0.7777780294
68042  -42.700  -28.879  23.920 0.8888890147
69034  -42.570  -27.848  23.840 1.0000000000
69035  -42.963  -27.366  24.557 1.0000000000
70112  -42.807  -26.880  24.606 1.0000000000
70101  -42.820  -26.492  24.769 1.0000000000
67121  -40.858  -29.285  20.964 0.2222220004
67108  -41.456  -29.678  22.077 0.4444440007
67109  -41.829  -29.036  22.628 0.6666669846
68054  -42.220  -28.435  23.166 0.8888890147
70111  -42.363  -26.934  24.054 0.8888890147
68064  -41.287  -28.598  21.971 0.4444440007
68065  -41.658  -28.070  22.578 0.5555559993
70121  -41.893  -26.883  23.463 0.8888890147
70110  -42.081  -26.550  23.578 0.8888890147
68075  -40.322  -28.381  20.847 0.4444440007
69062  -39.987  -27.493  21.088 0.5555559993
69063  -40.511  -27.566  21.650 0.5555559993
69052  -41.022  -27.511  22.296 0.6666669846
69042  -41.299  -27.104  22.791 0.6666669846
71297  -41.850  -26.295  23.154 0.8888890147
70140  -40.105  -26.750  21.449 0.5555559993
64766  -44.421  -32.396  35.442 0.1111110002
62472  -45.046  -32.787  35.558 0.1111110002
64785  -44.268  -32.177  35.178 0.3333329856
64812  -44.332  -31.131  33.528 0.3333329856
64786  -44.655  -31.463  34.864 0.2222220004
63658  -44.713  -31.827  31.791 0.4444440007
64857  -45.082  -31.324  31.050 0.4444440007
63664  -44.770  -32.265  30.840 0.6666669846
65982  -45.473  -30.371  30.472 0.6666669846
67038  -45.643  -29.743  29.118 0.7777780294
67048  -45.902  -28.841  28.999 0.6666669846
67996  -45.799  -28.229  28.558 0.6666669846
68989  -45.673  -27.680  28.499 0.5555559993
70061  -44.745  -26.723  28.470 0.6666669846
70060  -44.296  -26.759  28.026 0.7777780294
71242  -43.985  -25.776  28.333 0.7777780294
68998  -44.504  -27.188  27.397 0.6666669846
71241  -43.779  -25.511  27.840 0.7777780294
70078  -43.976  -26.839  27.128 0.8888890147
71270  -43.215  -25.857  26.130 0.8888890147
72444  -43.693  -25.212  26.802 0.8888890147
72452  -43.516  -25.290  25.989 0.8888890147
73616  -43.921  -24.751  26.168 0.8888890147
71269  -43.150  -25.821  25.618 0.8888890147
72464  -43.468  -25.235  25.323 0.8888890147
71278  -42.978  -25.971  25.226 0.8888890147
73629  -43.134  -25.253  24.476 0.7777780294
73630  -43.686  -24.838  25.044 0.7777780294
72475  -42.529  -25.787  23.743 0.7777780294
73641  -42.809  -25.227  23.713 0.7777780294
71287  -42.251  -26.224  23.602 0.8888890147
70120  -41.553  -26.737  23.055 0.6666669846
72488  -41.854  -25.887  22.937 0.8888890147
71327  -40.027  -26.064  21.466 0.5555559993
70128  -40.628  -26.587  21.997 0.6666669846
72505  -41.018  -25.439  22.258 0.7777780294
72525  -39.907  -25.356  21.588 0.6666669846
72504  -40.437  -25.395  21.949 0.7777780294
62473  -45.342  -32.546  35.418 0.1111110002
64767  -44.815  -31.851  35.336 0.1111110002
65875  -45.164  -31.008  34.920 0.2222220004
65896  -44.965  -30.464  34.622 0.2222220004
65936  -44.596  -30.388  33.223 0.3333329856
67024  -45.262  -29.789  32.106 0.3333329856
67014  -45.384  -29.203  32.525 0.3333329856
65967  -45.205  -30.480  31.549 0.5555559993
67025  -45.566  -29.155  31.820 0.3333329856
67976  -45.796  -28.344  31.548 0.3333329856
65999  -45.595  -29.955  29.879 0.5555559993
67031  -45.729  -29.305  30.780 0.4444440007
67986  -45.956  -28.284  30.454 0.4444440007
68956  -45.736  -27.394  31.250 0.3333329856
67039  -45.815  -29.350  29.616 0.6666669846
67991  -45.958  -28.221  29.426 0.6666669846
68971  -45.741  -27.157  30.045 0.3333329856
70026  -45.079  -26.223  30.743 0.3333329856
68981  -45.760  -27.548  28.952 0.5555559993
70051  -44.559  -26.275  28.765 0.6666669846
71221  -44.906  -26.139  29.399 0.3333329856
71205  -44.938  -26.057  29.756 0.3333329856
71220  -44.844  -25.791  29.200 0.5555559993
72430  -44.247  -25.237  28.349 0.6666669846
72409  -45.234  -25.359  29.427 0.4444440007
73576  -44.203  -24.952  27.776 0.7777780294
73577  -44.592  -24.934  28.214 0.6666669846
73555  -45.586  -24.763  29.201 0.3333329856
73578  -45.421  -24.766  28.323 0.5555559993
73617  -44.334  -24.494  26.214 0.7777780294
73618  -44.924  -24.609  26.547 0.7777780294
73631  -44.006  -24.369  25.444 0.8888890147
73642  -43.307  -24.882  24.238 0.7777780294
73659  -43.989  -24.627  24.262 0.7777780294
73632  -44.493  -24.571  25.741 0.8888890147
72489  -42.184  -25.412  22.986 0.8888890147
73656  -42.672  -25.177  23.273 0.7777780294
72506  -41.686  -25.011  22.349 0.6666669846
72524  -39.397  -25.487  21.176 0.6666669846
72526  -40.676  -24.927  21.669 0.7777780294
72527  -41.555  -24.915  21.615 0.6666669846
72548  -39.722  -24.979  20.897 0.5555559993
72549  -40.655  -24.896  20.868 0.6666669846
72571  -40.744  -25.221  20.076 0.6666669846
72550  -41.603  -25.213  20.739 0.6666669846
65897  -45.344  -30.449  34.648 0.2222220004
66976  -44.895  -30.038  34.236 0.2222220004
66959  -45.473  -29.870  34.516 0.2222220004
66937  -46.169  -29.147  34.637 0.1111110002
67950  -45.248  -29.119  33.659 0.3333329856
67937  -45.278  -29.321  34.200 0.3333329856
67967  -45.637  -28.469  32.591 0.3333329856
68928  -45.787  -27.686  33.193 0.3333329856
68942  -45.696  -27.514  32.288 0.3333329856
68897  -46.884  -28.420  34.538 0.2222220004
71193  -45.137  -26.176  31.492 0.3333329856
69977  -46.505  -27.308  34.209 0.2222220004
71192  -45.142  -25.606  31.431 0.3333329856
71206  -45.087  -25.743  30.125 0.3333329856
72354  -45.604  -25.192  32.516 0.3333329856
72382  -45.313  -25.132  31.027 0.3333329856
72394  -45.359  -25.299  30.047 0.3333329856
73530  -45.635  -24.691  31.642 0.3333329856
73543  -46.185  -24.532  30.340 0.3333329856
74608  -46.830  -24.429  30.092 0.3333329856
73600  -45.527  -24.625  27.471 0.6666669846
74622  -46.779  -24.528  29.560 0.3333329856
73580  -47.062  -24.475  28.605 0.5555559993
73645  -44.777  -24.740  25.339 0.7777780294
73633  -45.133  -24.795  25.891 0.8888890147
72453  -46.214  -24.783  26.467 0.7777780294
73658  -43.560  -24.729  23.928 0.7777780294
72476  -44.635  -24.881  24.449 0.7777780294
72477  -45.290  -25.073  24.799 0.7777780294
72465  -45.881  -24.894  25.969 0.8888890147
72466  -46.391  -25.073  25.538 0.7777780294
73657  -42.951  -24.884  23.560 0.7777780294
72491  -43.174  -24.906  23.161 0.7777780294
72492  -44.313  -25.003  23.687 0.7777780294
72493  -45.088  -25.242  23.986 0.7777780294
71289  -45.403  -25.383  24.073 0.7777780294
71290  -45.897  -25.588  24.092 0.7777780294
72490  -42.534  -25.067  22.934 0.7777780294
71298  -44.648  -25.474  22.933 0.7777780294
72478  -46.482  -25.377  24.731 0.8888890147
72507  -42.436  -24.951  22.361 0.7777780294
72509  -44.120  -25.433  22.415 0.7777780294
71299  -45.310  -25.545  23.358 0.7777780294
72508  -43.309  -25.100  22.457 0.7777780294
72551  -42.550  -25.530  20.854 0.7777780294
72530  -44.206  -25.766  21.656 0.7777780294
71311  -44.950  -25.739  22.192 0.7777780294
71348  -41.957  -25.768  20.221 0.6666669846
71328  -43.872  -26.007  20.982 0.7777780294
72552  -43.188  -25.835  20.801 0.7777780294
71350  -43.399  -26.304  20.425 0.7777780294
71329  -44.736  -26.194  21.208 0.7777780294
71373  -43.578  -26.778  19.980 0.5555559993
70155  -44.926  -27.155  20.058 0.7777780294
71352  -45.477  -26.798  20.472 0.7777780294
70186  -42.403  -27.667  18.592 0.5555559993
70187  -43.635  -27.880  18.865 0.5555559993
70188  -44.663  -27.778  18.800 0.6666669846
69098  -43.267  -28.155  17.899 0.5555559993
69099  -44.201  -28.014  18.057 0.5555559993
69112  -43.908  -27.978  17.216 0.3333329856
69113  -44.615  -27.737  17.425 0.5555559993
65876  -45.726  -30.382  34.678 0.2222220004
67927  -45.641  -29.065  34.447 0.2222220004
67916  -46.381  -29.038  34.615 0.2222220004
67938  -45.558  -28.694  34.083 0.3333329856
68906  -45.944  -28.303  34.289 0.3333329856
68919  -45.843  -27.961  33.874 0.3333329856
69968  -45.912  -27.917  34.277 0.3333329856
69988  -46.021  -27.101  33.619 0.3333329856
71148  -45.994  -26.280  33.390 0.3333329856
71133  -46.385  -26.519  33.841 0.3333329856
72323  -46.625  -25.770  33.876 0.3333329856
71162  -45.623  -25.728  32.737 0.3333329856
72339  -46.221  -25.597  33.475 0.3333329856
72340  -46.665  -25.222  33.650 0.3333329856
73502  -46.504  -24.840  33.078 0.3333329856
73489  -46.926  -24.912  33.475 0.3333329856
73503  -47.222  -24.416  32.932 0.2222220004
73514  -45.633  -24.722  32.050 0.3333329856
73515  -45.910  -24.635  32.365 0.3333329856
73517  -47.330  -23.898  32.386 0.2222220004
74575  -48.124  -23.705  32.581 0.2222220004
73531  -46.180  -24.270  31.435 0.3333329856
74596  -47.509  -23.635  31.271 0.3333329856
74609  -47.477  -24.011  30.394 0.3333329856
74610  -48.278  -23.618  30.463 0.2222220004
74584  -48.766  -23.473  31.991 0.2222220004
73581  -47.916  -24.138  28.772 0.3333329856
73559  -48.369  -23.847  29.178 0.2222220004
74611  -49.203  -23.332  30.413 0.2222220004
73620  -46.642  -24.615  26.838 0.6666669846
75722  -49.523  -22.992  28.895 0.3333329856
72454  -46.608  -24.802  26.217 0.8888890147
73603  -48.157  -23.848  27.579 0.6666669846
73582  -48.691  -23.621  28.520 0.3333329856
72455  -46.954  -24.854  25.907 0.8888890147
73621  -47.534  -24.297  26.313 0.6666669846
71300  -46.319  -25.651  23.303 0.7777780294
71291  -46.662  -25.494  23.966 0.7777780294
72467  -47.155  -24.924  25.328 0.7777780294
71312  -45.964  -25.771  22.411 0.7777780294
71330  -45.696  -26.006  21.388 0.7777780294
70156  -45.359  -27.092  19.956 0.6666669846
70172  -45.343  -27.364  19.435 0.6666669846
71374  -45.647  -27.023  19.823 0.6666669846
71353  -46.476  -26.152  20.615 0.6666669846
69111  -43.064  -28.299  16.872 0.5555559993
69100  -44.898  -27.682  18.021 0.6666669846
70189  -45.417  -27.482  18.452 0.6666669846
71394  -46.793  -26.688  18.113 0.6666669846
69139  -42.424  -27.775  15.421 0.1111110002
69125  -43.712  -27.834  16.312 0.3333329856
69126  -44.543  -27.656  16.735 0.5555559993
70218  -45.485  -27.227  16.692 0.5555559993
70203  -46.244  -26.970  17.441 0.6666669846
76843  -50.612  -22.058  29.170 0.2222220004
74641  -49.444  -22.924  28.387 0.3333329856
76830  -50.938  -21.944  29.532 0.1111110002
73622  -48.574  -23.447  26.653 0.5555559993
74660  -49.413  -22.857  27.485 0.4444440007
73635  -48.504  -23.598  25.573 0.6666669846
73634  -47.878  -24.322  24.975 0.7777780294
72479  -47.356  -25.035  24.244 0.8888890147
72494  -47.803  -24.836  23.312 0.7777780294
73646  -48.069  -24.371  23.905 0.7777780294
71301  -47.140  -25.393  23.351 0.7777780294
71313  -46.837  -25.530  22.529 0.7777780294
71314  -47.538  -25.164  22.631 0.7777780294
71331  -46.609  -25.714  21.607 0.7777780294
71332  -47.343  -25.294  21.825 0.7777780294
71354  -47.302  -25.604  20.913 0.7777780294
72553  -47.906  -25.049  21.226 0.7777780294
71375  -46.359  -26.856  19.416 0.6666669846
72573  -47.970  -25.291  20.291 0.7777780294
71395  -47.357  -26.122  18.729 0.6666669846
72587  -48.021  -25.452  19.241 0.7777780294
70217  -44.422  -27.258  15.823 0.3333329856
71427  -45.255  -26.496  15.694 0.5555559993
70219  -46.353  -26.665  16.730 0.5555559993
72600  -47.878  -25.392  18.098 0.7777780294
72588  -48.526  -24.742  18.700 0.7777780294
70233  -44.485  -26.476  15.219 0.3333329856
71428  -46.018  -26.301  16.196 0.5555559993
71430  -47.218  -26.009  16.954 0.6666669846
71413  -47.341  -26.047  17.621 0.6666669846
72601  -48.360  -24.626  17.582 0.7777780294
75723  -49.967  -22.337  28.835 0.2222220004
74680  -49.623  -22.609  26.945 0.4444440007
76856  -50.674  -22.000  28.151 0.3333329856
76844  -51.236  -21.723  28.537 0.2222220004
74679  -49.222  -22.965  26.841 0.4444440007
74690  -49.205  -22.826  26.010 0.4444440007
75774  -49.463  -22.461  25.882 0.4444440007
73647  -48.566  -23.645  24.383 0.5555559993
73661  -48.517  -23.851  23.130 0.5555559993
72510  -47.978  -24.782  22.679 0.7777780294
72532  -48.281  -24.430  21.554 0.7777780294
72554  -48.371  -24.600  20.670 0.7777780294
73675  -48.608  -23.890  21.011 0.7777780294
73684  -48.790  -24.105  20.168 0.7777780294
73696  -48.899  -24.132  19.310 0.7777780294
73702  -48.943  -23.790  18.285 0.7777780294
71445  -44.991  -25.609  14.977 0.3333329856
71446  -45.874  -25.751  15.595 0.4444440007
71447  -46.377  -25.788  15.963 0.5555559993
72611  -47.610  -25.396  16.723 0.7777780294
73715  -48.749  -23.939  17.137 0.7777780294
72623  -45.386  -25.050  14.720 0.4444440007
72625  -46.861  -25.277  15.550 0.5555559993
72626  -47.837  -24.708  15.846 0.7777780294
72612  -48.291  -24.483  16.577 0.7777780294
75758  -49.965  -22.298  27.105 0.3333329856
75775  -49.741  -22.199  26.170 0.4444440007
76874  -50.460  -21.799  26.917 0.3333329856
74701  -49.074  -22.903  24.975 0.5555559993
75787  -49.471  -22.394  25.477 0.4444440007
72495  -48.210  -24.496  22.979 0.8888890147
73667  -48.544  -23.760  21.963 0.6666669846
74732  -48.927  -23.172  21.331 0.5555559993
74743  -49.051  -23.464  20.451 0.6666669846
74768  -49.505  -23.216  19.784 0.6666669846
74791  -49.252  -23.584  19.182 0.7777780294
73703  -49.382  -23.300  18.080 0.7777780294
73716  -49.316  -23.502  17.475 0.7777780294
72645  -46.294  -24.842  14.917 0.4444440007
73744  -47.479  -24.482  15.176 0.5555559993
72627  -48.388  -24.294  15.897 0.7777780294
73761  -46.648  -24.211  14.585 0.5555559993
73745  -48.112  -24.205  15.352 0.7777780294
73729  -48.751  -24.021  16.284 0.7777780294
76857  -51.209  -21.475  27.348 0.3333329856
76890  -50.280  -21.234  25.707 0.4444440007
76875  -51.039  -21.061  26.166 0.3333329856
75788  -49.860  -21.761  25.108 0.4444440007
76891  -50.601  -20.217  25.311 0.3333329856
75799  -49.485  -22.292  24.649 0.4444440007
76901  -50.109  -20.830  24.635 0.4444440007
74713  -49.099  -22.651  23.674 0.5555559993
74723  -49.464  -22.194  22.623 0.5555559993
74722  -48.869  -22.939  22.380 0.5555559993
74733  -49.449  -22.472  21.630 0.5555559993
74744  -49.526  -22.832  20.666 0.5555559993
75852  -49.984  -22.079  20.909 0.5555559993
75881  -49.999  -22.404  19.788 0.5555559993
75882  -50.621  -21.774  19.234 0.5555559993
74792  -49.622  -23.008  18.745 0.7777780294
75904  -50.170  -22.312  18.816 0.5555559993
74793  -50.099  -22.586  18.191 0.7777780294
74830  -49.872  -23.330  16.927 0.7777780294
74813  -49.761  -23.050  17.813 0.7777780294
74853  -47.270  -23.190  14.071 0.2222220004
73763  -48.347  -23.902  15.024 0.7777780294
73747  -49.112  -23.861  15.998 0.7777780294
73730  -49.246  -23.724  16.587 0.7777780294
74852  -46.107  -23.368  13.915 0.2222220004
73762  -47.774  -23.918  14.765 0.6666669846
75966  -50.718  -21.835  13.849 0.7777780294
77032  -51.228  -21.400  13.639 0.7777780294
77051  -51.440  -20.976  13.352 0.7777780294
77974  -52.136  -20.716  26.108 0.4444440007
75800  -49.774  -21.680  23.970 0.4444440007
76902  -50.644  -20.008  24.137 0.4444440007
75811  -49.842  -21.464  22.910 0.4444440007
76913  -50.238  -20.765  23.490 0.4444440007
75828  -49.907  -21.595  21.839 0.4444440007
76928  -50.476  -20.834  22.258 0.4444440007
76944  -50.965  -20.825  21.027 0.4444440007
76943  -50.428  -21.177  21.576 0.4444440007
75829  -50.430  -21.512  21.168 0.4444440007
76960  -51.024  -20.950  19.674 0.4444440007
75853  -50.599  -21.663  20.329 0.5555559993
76975  -51.077  -21.245  18.594 0.5555559993
76976  -51.711  -20.580  18.860 0.4444440007
75905  -50.631  -21.932  18.113 0.7777780294
74814  -50.334  -22.683  17.449 0.7777780294
74841  -49.580  -23.566  15.651 0.7777780294
75963  -48.007  -22.424  13.861 0.4444440007
74854  -48.646  -23.413  14.631 0.7777780294
74842  -50.547  -23.006  15.317 0.7777780294
75978  -46.702  -21.835  12.983 0.2222220004
75979  -47.568  -21.791  13.177 0.2222220004
75964  -48.984  -22.406  13.947 0.7777780294
74856  -50.611  -22.595  14.430 0.7777780294
75967  -51.540  -21.815  14.112 0.7777780294
77046  -46.998  -21.096  12.827 0.2222220004
77033  -51.883  -21.363  13.883 0.7777780294
78188  -51.400  -20.196  11.359 0.6666669846
78201  -50.629  -19.755  10.505 0.5555559993
77990  -51.375  -19.719  24.794 0.4444440007
76914  -50.962  -20.175  23.032 0.4444440007
76929  -51.436  -20.335  22.030 0.4444440007
76945  -51.865  -20.321  21.150 0.4444440007
76961  -51.854  -20.212  20.063 0.4444440007
76977  -52.342  -20.067  19.105 0.4444440007
76987  -51.116  -21.456  17.998 0.7777780294
75920  -50.862  -22.143  17.117 0.7777780294
75906  -51.183  -21.686  17.585 0.7777780294
74831  -50.570  -22.900  16.426 0.7777780294
75921  -51.618  -21.825  16.938 0.7777780294
75939  -51.258  -22.394  16.470 0.7777780294
75940  -51.950  -22.255  15.911 0.7777780294
75922  -52.251  -21.696  16.625 0.7777780294
74832  -51.169  -22.700  15.864 0.7777780294
74843  -51.269  -22.553  15.111 0.7777780294
75955  -52.540  -21.787  15.092 0.7777780294
75941  -52.798  -21.608  16.110 0.7777780294
75954  -51.820  -22.111  14.808 0.7777780294
75968  -52.111  -21.708  14.394 0.7777780294
78132  -53.855  -20.809  14.125 0.7777780294
78147  -54.190  -20.438  13.424 0.7777780294
78146  -53.045  -20.656  13.451 0.7777780294
78169  -52.215  -20.386  12.293 0.7777780294
78189  -52.528  -20.191  11.283 0.7777780294
78202  -51.700  -19.822  10.391 0.5555559993
79304  -51.011  -19.093  9.765 0.4444440007
78035  -51.885  -19.994  22.140 0.4444440007
76930  -51.992  -20.077  21.738 0.4444440007
78036  -52.378  -19.943  22.084 0.4444440007
78055  -52.194  -19.996  20.696 0.4444440007
78046  -53.106  -19.881  21.292 0.4444440007
78056  -52.783  -19.793  20.277 0.4444440007
78087  -52.778  -19.966  18.705 0.4444440007
76988  -51.729  -21.170  17.748 0.6666669846
76989  -52.627  -20.368  18.094 0.5555559993
76996  -52.082  -21.477  17.093 0.7777780294
76997  -52.664  -21.157  16.978 0.7777780294
76998  -53.498  -20.601  17.368 0.6666669846
77008  -52.966  -21.327  16.488 0.7777780294
78133  -54.878  -20.533  14.886 0.7777780294
78170  -53.373  -20.242  12.343 0.7777780294
78190  -53.732  -19.907  11.117 0.7777780294
78203  -52.727  -19.773  10.226 0.7777780294
79305  -51.981  -19.077  9.674 0.5555559993
78057  -53.864  -19.859  20.403 0.4444440007
78072  -53.643  -19.720  19.424 0.5555559993
78071  -52.872  -19.801  19.265 0.4444440007
78099  -53.550  -20.184  17.818 0.5555559993
78088  -53.370  -19.900  18.397 0.5555559993
78110  -54.295  -20.498  17.162 0.5555559993
78148  -55.308  -19.998  13.513 0.7777780294
78171  -54.564  -20.125  12.316 0.7777780294
79326  -52.301  -18.248  9.240 0.4444440007
79306  -52.909  -18.955  9.552 0.5555559993
80374  -50.888  -17.420  9.141 0.4444440007
79325  -51.395  -18.273  9.329 0.4444440007
78058  -54.956  -19.869  20.432 0.3333329856
78073  -54.642  -19.710  19.550 0.5555559993
78089  -54.333  -19.752  18.565 0.5555559993
78101  -54.973  -19.874  17.739 0.5555559993
78100  -54.096  -20.172  17.644 0.5555559993
78111  -54.736  -20.399  16.982 0.6666669846
78112  -55.511  -19.996  16.874 0.6666669846
78125  -55.945  -20.208  15.870 0.6666669846
78134  -56.146  -19.929  14.648 0.6666669846
78172  -55.660  -19.714  12.336 0.7777780294
78191  -54.934  -19.626  11.325 0.7777780294
78204  -53.562  -19.449  10.051 0.7777780294
79291  -54.367  -19.235  10.409 0.7777780294
80375  -51.827  -17.467  9.038 0.4444440007
78102  -55.901  -19.601  17.773 0.6666669846
78126  -56.859  -19.577  15.715 0.6666669846
78149  -56.516  -19.529  13.392 0.7777780294
78192  -55.872  -19.197  11.402 0.7777780294
79307  -53.827  -18.540  9.696 0.6666669846
79292  -55.197  -18.864  10.711 0.7777780294
80376  -52.723  -17.433  9.192 0.6666669846
79327  -53.086  -18.142  9.327 0.6666669846
78059  -56.060  -19.778  20.405 0.3333329856
78074  -55.691  -19.642  19.626 0.4444440007
78075  -56.725  -19.590  19.629 0.3333329856
78091  -56.343  -19.496  18.735 0.5555559993
78092  -57.445  -19.245  18.731 0.5555559993
78113  -56.417  -19.576  16.809 0.6666669846
78150  -57.437  -19.106  13.659 0.6666669846
79262  -57.983  -18.782  14.436 0.6666669846
78173  -56.504  -19.134  12.249 0.7777780294
79268  -57.168  -18.970  12.881 0.6666669846
79280  -57.111  -18.357  12.131 0.7777780294
79293  -55.966  -18.341  10.845 0.7777780294
79294  -56.688  -17.999  11.254 0.7777780294
79308  -54.635  -18.366  10.158 0.7777780294
79309  -55.270  -18.129  10.415 0.7777780294
82480  -51.001  -15.968  8.600 0.4444440007
81425  -52.326  -16.703  8.990 0.5555559993
80377  -53.642  -17.496  9.423 0.6666669846
80359  -54.268  -17.841  9.764 0.6666669846
80378  -54.335  -17.242  9.645 0.7777780294
81424  -51.394  -16.688  8.907 0.4444440007
78077  -58.420  -19.823  19.538 0.4444440007
78103  -56.880  -19.304  17.821 0.5555559993
78076  -57.654  -19.691  19.574 0.4444440007
78078  -58.738  -20.166  19.381 0.4444440007
79229  -57.653  -18.949  17.986 0.5555559993
79238  -57.437  -18.982  16.842 0.6666669846
79251  -57.771  -19.009  15.563 0.6666669846
79239  -58.409  -18.614  16.457 0.6666669846
79252  -58.561  -18.414  15.393 0.6666669846
79269  -57.874  -18.241  13.235 0.6666669846
79281  -57.636  -17.698  12.316 0.7777780294
82493  -51.635  -15.441  8.136 0.5555559993
82482  -52.837  -15.973  8.982 0.5555559993
82481  -51.970  -16.065  8.664 0.5555559993
81427  -54.043  -16.609  9.450 0.7777780294
81428  -54.867  -16.724  9.610 0.7777780294
80360  -54.880  -17.525  10.034 0.7777780294
80347  -56.277  -17.644  10.756 0.7777780294
81426  -53.183  -16.667  9.261 0.6666669846
78093  -58.305  -19.334  18.975 0.4444440007
78094  -59.135  -19.657  18.797 0.4444440007
76978  -58.889  -20.555  18.994 0.4444440007
79224  -58.837  -18.802  18.418 0.4444440007
79230  -58.378  -18.633  17.579 0.6666669846
80282  -58.943  -18.285  17.044 0.5555559993
80291  -59.140  -18.160  16.254 0.6666669846
80304  -59.258  -17.761  15.294 0.5555559993
79263  -58.584  -17.966  14.355 0.6666669846
80338  -57.223  -17.548  11.633 0.7777780294
82494  -52.595  -15.500  8.353 0.5555559993
82483  -53.684  -15.936  9.148 0.6666669846
80348  -56.761  -17.165  10.970 0.7777780294
82485  -55.426  -16.153  9.572 0.7777780294
81411  -55.731  -16.638  10.140 0.7777780294
80362  -56.187  -17.096  10.527 0.7777780294
80292  -59.800  -17.745  16.197 0.5555559993
80305  -59.946  -17.241  15.257 0.5555559993
80329  -58.694  -16.893  13.340 0.6666669846
79253  -60.949  -18.455  15.722 0.3333329856
78127  -61.033  -19.187  15.503 0.3333329856
81390  -58.023  -16.303  12.227 0.6666669846
80349  -57.268  -16.897  11.384 0.7777780294
81401  -57.500  -16.299  11.546 0.7777780294
82467  -56.627  -15.704  10.718 0.7777780294
81400  -56.950  -16.339  11.065 0.7777780294
82453  -57.207  -15.469  11.145 0.7777780294
80306  -60.486  -17.540  15.245 0.4444440007
80294  -60.742  -17.960  15.789 0.3333329856
80307  -60.876  -17.792  15.044 0.3333329856
80319  -59.873  -16.701  14.441 0.6666669846
81379  -58.471  -16.506  12.863 0.6666669846
81391  -58.484  -15.943  12.660 0.6666669846
82440  -58.143  -15.412  12.183 0.7777780294
82454  -57.734  -15.666  11.685 0.6666669846
81346  -60.758  -17.133  14.605 0.4444440007
81358  -59.591  -16.356  13.940 0.6666669846
81347  -61.021  -17.352  14.553 0.3333329856
81381  -59.616  -15.839  13.596 0.6666669846
82423  -59.381  -15.326  13.147 0.6666669846
84637  -58.853  -13.867  12.058 0.6666669846
83482  -59.174  -14.534  12.724 0.6666669846
82441  -58.781  -15.316  12.695 0.6666669846
81360  -60.595  -16.354  14.092 0.4444440007
82424  -59.887  -15.333  13.464 0.6666669846
83483  -59.659  -14.385  12.900 0.6666669846
84638  -59.630  -13.807  12.576 0.6666669846
84625  -59.835  -13.930  12.914 0.5555559993
85861  -59.806  -13.232  11.892 0.5555559993
82402  -60.349  -15.535  13.596 0.5555559993
82403  -60.760  -15.786  13.652 0.4444440007
83452  -60.840  -15.255  13.261 0.4444440007
83465  -60.122  -14.597  13.028 0.5555559993
84626  -60.404  -14.007  12.656 0.5555559993
83466  -60.601  -14.665  12.906 0.5555559993
84639  -60.618  -13.796  12.396 0.3333329856
78145  -51.826  -20.590  13.007 0.7777780294
78144  -50.868  -20.617  12.888 0.7777780294
77052  -52.283  -20.968  13.636 0.7777780294
77053  -52.815  -20.960  13.930 0.7777780294
78168  -51.088  -20.453  12.238 0.7777780294
77034  -52.595  -21.345  14.277 0.7777780294
78131  -53.433  -20.862  13.937 0.7777780294
77022  -53.028  -21.433  14.889 0.7777780294
77035  -53.310  -21.047  14.342 0.7777780294
77036  -54.025  -20.934  14.967 0.7777780294
75942  -53.208  -21.439  15.829 0.7777780294
77023  -53.492  -21.299  15.365 0.7777780294
77024  -54.062  -21.020  15.778 0.7777780294
77037  -54.428  -20.858  15.379 0.7777780294
77009  -53.403  -21.213  16.354 0.7777780294
77010  -54.208  -20.782  16.682 0.6666669846
77025  -54.644  -20.877  15.903 0.6666669846
78124  -55.189  -20.637  16.202 0.6666669846
78090  -55.322  -19.677  18.678 0.5555559993
78049  -56.411  -20.079  20.863 0.3333329856
44222  -14.472  -51.142  41.633 0.5555559993
44223  -16.563  -50.558  42.286 0.5555559993
46354  -16.188  -49.496  42.278 0.5555559993
38858  -11.397  -54.799  41.651 0.3333329856
41005  -14.468  -53.449  41.554 0.4444440007
44221  -13.723  -51.835  41.385 0.5555559993
43209  -12.543  -52.552  41.254 0.5555559993
43218  -12.601  -52.203  40.844 0.7777780294
44230  -14.264  -50.902  41.346 0.6666669846
46362  -15.825  -49.390  41.896 0.6666669846
46355  -16.913  -49.096  42.473 0.5555559993
44238  -14.309  -50.830  40.608 0.6666669846
46363  -16.639  -48.745  41.895 0.7777780294
46393  -16.164  -48.954  40.430 0.7777780294
38855  -9.363  -54.829  41.235 0.4444440007
42103  -11.330  -53.447  42.136 0.4444440007
37757  -7.784  -56.190  39.866 0.5555559993
39962  -9.023  -54.421  41.179 0.4444440007
40998  -9.357  -54.086  41.294 0.4444440007
38874  -7.547  -55.650  39.979 0.5555559993
38863  -7.983  -55.041  40.360 0.5555559993
42109  -8.426  -53.259  40.706 0.5555559993
43215  -10.431  -53.014  41.023 0.5555559993
43216  -10.989  -52.948  40.745 0.5555559993
39971  -7.058  -54.607  39.441 0.5555559993
42118  -11.125  -53.017  40.451 0.5555559993
41013  -7.480  -54.169  39.903 0.5555559993
42130  -8.441  -53.077  39.572 0.5555559993
41035  -8.086  -53.624  38.719 0.5555559993
42147  -8.923  -53.047  38.881 0.6666669846
47467  -17.007  -48.394  41.400 0.7777780294
47469  -18.403  -47.775  41.931 0.4444440007
46364  -17.538  -48.495  42.220 0.5555559993
45300  -16.133  -49.282  39.740 0.7777780294
42174  -9.411  -53.511  37.087 0.3333329856
44268  -15.792  -50.719  37.220 0.6666669846
43283  -14.070  -52.051  34.423 0.5555559993
47482  -18.690  -47.289  41.542 0.5555559993
48533  -19.622  -46.957  42.225 0.4444440007
46415  -17.222  -48.730  38.617 0.8888890147
47498  -18.013  -47.742  39.943 0.8888890147
48534  -20.234  -46.904  41.949 0.4444440007
48542  -20.096  -46.688  41.579 0.6666669846
48553  -19.099  -46.856  41.291 0.8888890147
47484  -20.959  -47.375  41.211 0.3333329856
46395  -17.441  -48.263  39.471 0.8888890147
45339  -16.353  -50.118  37.021 0.7777780294
44290  -16.054  -50.616  35.214 0.5555559993
48556  -21.028  -46.445  40.912 0.5555559993
49607  -31.137  -45.664  38.090 0.5555559993
49616  -31.620  -45.525  37.599 0.5555559993
49617  -32.532  -45.615  37.206 0.4444440007
45369  -18.107  -49.495  34.910 0.6666669846
51730  -37.627  -44.701  35.196 0.3333329856
51731  -37.876  -44.777  35.198 0.2222220004
49670  -36.581  -45.177  33.875 0.5555559993
49668  -33.546  -46.191  33.300 0.7777780294
48646  -34.238  -46.272  31.883 0.8888890147
49584  -21.636  -46.276  39.980 0.7777780294
48557  -22.419  -46.884  40.006 0.6666669846
48580  -20.352  -46.785  38.880 0.7777780294
50629  -29.729  -45.176  37.946 0.5555559993
46449  -18.951  -48.345  36.766 0.8888890147
50663  -31.134  -45.050  36.293 0.7777780294
50759  -36.829  -43.905  32.395 0.5555559993
45423  -16.891  -50.356  32.151 0.5555559993
45425  -18.031  -49.720  32.207 0.6666669846
49604  -28.870  -45.827  38.727 0.3333329856
49598  -21.340  -46.126  39.709 0.7777780294
48582  -21.776  -46.250  38.709 0.7777780294
51738  -29.801  -44.743  34.985 0.8888890147
51740  -30.724  -45.169  34.542 1.0000000000
51786  -37.147  -43.259  32.325 0.6666669846
46504  -19.542  -48.636  34.178 0.7777780294
48564  -28.204  -46.552  39.127 0.2222220004
49612  -22.338  -46.228  38.433 0.7777780294
50642  -29.091  -44.930  37.415 0.6666669846
47546  -20.825  -47.376  36.818 0.7777780294
48611  -21.407  -47.137  36.457 0.7777780294
51752  -29.541  -44.777  34.227 0.8888890147
52817  -37.297  -42.542  32.059 0.6666669846
47557  -21.815  -46.993  35.399 0.7777780294
51768  -30.205  -44.977  33.169 1.0000000000
52840  -36.657  -42.616  30.499 0.7777780294
47577  -20.187  -48.509  33.322 0.7777780294
48632  -22.177  -47.099  34.371 0.7777780294
47580  -23.194  -47.380  33.285 0.8888890147
50790  -32.008  -44.578  29.075 0.8888890147
47620  -21.103  -48.802  30.225 0.6666669846
49588  -25.121  -46.576  38.615 0.1111110002
49590  -26.935  -46.470  38.625 0.4444440007
50625  -26.136  -46.304  37.741 0.6666669846
50627  -27.771  -45.478  38.074 0.6666669846
49626  -23.253  -46.403  37.422 0.7777780294
50659  -27.467  -44.997  36.664 0.8888890147
49637  -23.332  -46.477  36.616 0.7777780294
48613  -23.139  -46.555  35.972 0.7777780294
53819  -37.211  -41.425  31.656 0.6666669846
54867  -37.290  -40.861  31.769 0.6666669846
50737  -28.735  -44.769  33.208 1.0000000000
51767  -29.475  -44.803  33.345 1.0000000000
52856  -36.602  -42.694  29.727 0.8888890147
53841  -36.818  -41.334  30.221 0.8888890147
54868  -37.510  -40.630  32.063 0.6666669846
51784  -29.980  -44.896  32.195 1.0000000000
52876  -36.795  -42.941  28.262 0.8888890147
54939  -37.343  -40.694  28.495 0.8888890147
51876  -32.758  -44.359  27.966 1.0000000000
48645  -24.651  -46.689  32.536 0.8888890147
47641  -23.253  -47.776  29.196 0.5555559993
50679  -26.842  -45.079  35.918 1.0000000000
49627  -23.896  -46.378  37.093 0.7777780294
50676  -24.783  -46.284  36.399 0.7777780294
49638  -24.185  -46.343  36.351 0.7777780294
49639  -24.775  -46.252  35.880 0.7777780294
55969  -37.681  -39.649  32.333 0.5555559993
55968  -37.307  -39.742  31.938 0.6666669846
57060  -37.306  -38.915  32.138 0.6666669846
55947  -38.183  -38.612  32.748 0.4444440007
57112  -36.920  -38.842  29.623 0.8888890147
51877  -33.792  -44.538  27.772 1.0000000000
52893  -35.917  -43.151  27.170 0.8888890147
53881  -37.220  -41.643  27.344 0.8888890147
57130  -36.592  -39.078  28.364 0.8888890147
59089  -37.326  -37.280  30.945 0.8888890147
52913  -36.008  -42.078  26.274 0.7777780294
56105  -36.921  -40.057  27.256 0.8888890147
58136  -36.250  -37.971  28.293 0.8888890147
59108  -36.130  -36.613  29.563 0.8888890147
49710  -25.223  -46.602  30.591 0.7777780294
50788  -25.961  -45.546  29.771 0.8888890147
51853  -30.426  -44.198  29.257 0.8888890147
51875  -31.552  -43.991  27.816 0.8888890147
51898  -33.509  -44.086  27.099 0.7777780294
57142  -35.706  -38.587  26.745 0.8888890147
59107  -35.570  -36.656  28.956 0.8888890147
52889  -31.136  -43.483  26.883 0.8888890147
53910  -35.061  -41.269  25.254 0.7777780294
56124  -35.746  -39.450  26.060 1.0000000000
58145  -35.236  -37.318  27.221 0.7777780294
53909  -34.510  -41.233  24.712 0.7777780294
57179  -35.034  -38.536  25.275 0.7777780294
57178  -34.497  -38.486  24.776 0.6666669846
53906  -31.668  -42.246  24.460 0.6666669846
53945  -32.625  -41.324  23.418 0.5555559993
53944  -32.098  -41.577  23.121 0.5555559993
54990  -33.495  -40.237  23.660 0.6666669846
57196  -33.983  -38.476  24.149 0.6666669846
53924  -29.597  -42.119  23.315 0.5555559993
56183  -32.511  -39.776  22.224 0.4444440007
55000  -30.462  -41.124  21.981 0.5555559993
56182  -31.835  -39.386  21.515 0.4444440007
57229  -32.480  -38.410  22.266 0.4444440007
58209  -31.446  -37.783  21.480 0.4444440007
59166  -32.048  -36.514  22.878 0.5555559993
55972  -38.977  -38.699  32.056 0.4444440007
49681  -25.947  -45.764  33.044 1.0000000000
58062  -37.837  -37.609  33.517 0.4444440007
59073  -37.527  -37.272  32.994 0.8888890147
50775  -26.560  -45.605  30.951 0.8888890147
50787  -25.552  -45.515  29.049 0.6666669846
53964  -28.992  -41.231  22.249 0.4444440007
53965  -29.541  -41.354  22.399 0.5555559993
56202  -31.266  -39.232  21.250 0.2222220004
55021  -29.851  -40.928  21.862 0.3333329856
56200  -29.623  -39.824  20.533 0.1111110002
58208  -30.998  -37.511  21.173 0.2222220004
57244  -30.897  -38.448  20.806 0.2222220004
59177  -30.987  -36.542  21.894 0.4444440007
58220  -29.362  -37.392  19.912 0.1111110002
59190  -29.867  -36.033  20.860 0.1111110002
58063  -38.296  -37.581  33.804 0.4444440007
61353  -38.069  -35.944  32.281 0.8888890147
51895  -28.533  -45.124  28.214 0.7777780294
51916  -27.042  -45.371  27.163 0.7777780294
50828  -23.685  -45.638  26.400 0.3333329856
51913  -24.831  -44.868  26.273 0.4444440007
51914  -25.564  -44.868  26.556 0.5555559993
52951  -26.722  -43.355  24.388 0.5555559993
53939  -27.437  -41.850  22.706 0.3333329856
56199  -29.053  -39.766  20.357 0.1111110002
57255  -27.969  -38.465  20.110 0.1111110002
59202  -28.017  -36.874  20.281 0.1111110002
57088  -41.740  -38.169  32.208 0.2222220004
58085  -40.310  -37.567  33.548 0.3333329856
58066  -40.721  -37.529  34.371 0.2222220004
59051  -38.512  -36.545  34.497 0.6666669846
59066  -38.743  -37.134  34.379 0.5555559993
58046  -40.928  -37.244  35.056 0.2222220004
60187  -37.791  -35.883  33.998 0.6666669846
61368  -38.136  -35.612  31.685 0.8888890147
61341  -37.999  -35.003  33.491 0.8888890147
61445  -36.347  -35.163  28.309 0.8888890147
61414  -37.628  -35.252  29.619 1.0000000000
58087  -42.252  -37.393  33.782 0.1111110002
60176  -38.890  -35.772  34.616 0.5555559993
57090  -43.811  -38.554  32.741 0.1111110002
61355  -38.511  -34.763  32.874 0.7777780294
61324  -39.880  -35.242  35.054 0.4444440007
61385  -39.163  -35.278  31.392 0.8888890147
61430  -37.731  -35.396  28.755 1.0000000000
59055  -42.030  -36.235  35.239 0.2222220004
58047  -41.813  -36.945  35.023 0.2222220004
61332  -40.674  -34.987  35.096 0.3333329856
61386  -40.127  -35.046  31.272 0.8888890147
60234  -39.091  -35.950  28.909 1.0000000000
60262  -38.539  -35.764  27.348 1.0000000000
62478  -41.565  -34.570  34.901 0.2222220004
61372  -40.773  -34.646  32.016 0.6666669846
61463  -40.221  -35.157  26.104 1.0000000000
60277  -39.583  -35.634  26.210 1.0000000000
63635  -43.244  -33.113  34.639 0.3333329856
62547  -43.263  -33.419  28.825 1.0000000000
62598  -39.952  -33.720  24.125 1.0000000000
62621  -39.528  -33.577  22.299 0.8888890147
63600  -44.348  -32.607  35.526 0.1111110002
63700  -42.663  -33.003  26.844 1.0000000000
63759  -40.678  -32.174  21.966 0.5555559993
63776  -40.360  -32.106  21.293 0.4444440007
65002  -40.712  -31.394  21.295 0.2222220004
63647  -44.419  -32.094  32.493 0.4444440007
64841  -44.889  -31.064  31.883 0.4444440007
63674  -44.536  -32.447  30.119 0.7777780294
64888  -44.308  -31.981  28.455 0.7777780294
65998  -45.453  -30.335  29.271 0.7777780294
64887  -43.840  -32.052  28.001 0.8888890147
66026  -44.406  -30.655  27.476 0.8888890147
66027  -45.015  -30.059  27.878 0.7777780294
66025  -43.872  -30.944  27.288 1.0000000000
64916  -42.818  -31.923  25.860 1.0000000000
67097  -42.340  -29.515  23.283 0.8888890147
71288  -42.556  -26.220  24.260 0.8888890147
69053  -41.485  -27.640  22.639 0.8888890147
69074  -39.474  -27.604  20.587 0.2222220004
69051  -40.421  -27.179  21.717 0.6666669846
71310  -41.251  -26.204  22.507 0.7777780294
65914  -44.620  -30.426  34.030 0.2222220004
70052  -45.019  -26.615  28.972 0.5555559993
70077  -43.573  -26.400  26.812 0.8888890147
71260  -43.785  -26.304  27.566 0.7777780294
71259  -43.617  -25.716  27.356 0.8888890147
72451  -43.237  -25.620  25.503 0.8888890147
72463  -43.007  -25.689  24.757 0.7777780294
73643  -43.775  -24.585  24.641 0.7777780294
71309  -40.558  -25.754  21.912 0.7777780294
71347  -38.833  -26.059  20.920 0.4444440007
71326  -39.360  -25.777  21.217 0.6666669846
66996  -44.885  -29.750  33.790 0.3333329856
67030  -45.447  -29.820  31.343 0.4444440007
70027  -45.399  -26.671  31.018 0.3333329856
70039  -45.276  -26.490  29.846 0.3333329856
70013  -45.438  -26.568  32.014 0.3333329856
73542  -45.659  -24.796  30.672 0.3333329856
73599  -44.631  -24.577  27.198 0.7777780294
73556  -46.229  -24.675  29.339 0.3333329856
67951  -45.604  -28.481  33.482 0.3333329856
70001  -45.750  -26.764  32.937 0.3333329856
72355  -45.952  -25.066  32.912 0.3333329856
73532  -46.891  -23.914  31.604 0.3333329856
73601  -46.413  -24.601  27.611 0.6666669846
73579  -46.221  -24.674  28.417 0.4444440007
74623  -47.287  -24.348  29.522 0.3333329856
73619  -45.789  -24.702  26.701 0.7777780294
72528  -42.473  -25.102  21.583 0.7777780294
72529  -43.375  -25.535  21.542 0.7777780294
71349  -42.713  -25.962  20.283 0.7777780294
71351  -44.282  -26.701  20.454 0.7777780294
71371  -42.126  -26.332  19.869 0.7777780294
71372  -42.866  -26.564  19.926 0.7777780294
70170  -43.129  -27.234  19.496 0.5555559993
70171  -44.216  -27.273  19.610 0.7777780294
69124  -42.811  -27.939  15.818 0.2222220004
69127  -44.969  -27.579  17.063 0.5555559993
73516  -46.752  -24.206  32.266 0.3333329856
74574  -47.668  -23.894  32.670 0.2222220004
74582  -47.192  -23.676  31.958 0.2222220004
74597  -48.480  -23.467  31.230 0.2222220004
74624  -48.017  -23.938  29.604 0.3333329856
73602  -47.284  -24.323  27.623 0.6666669846
74625  -49.026  -23.465  29.499 0.3333329856
75696  -49.865  -22.853  30.261 0.2222220004
73604  -48.945  -23.293  27.574 0.4444440007
69110  -42.109  -28.254  16.573 0.1111110002
70202  -45.632  -27.334  17.709 0.5555559993
70190  -46.083  -27.142  18.340 0.6666669846
71376  -47.273  -25.918  19.867 0.6666669846
69123  -42.032  -27.946  15.668 0.1111110002
71412  -46.889  -26.485  17.171 0.6666669846
75709  -50.192  -22.419  29.712 0.2222220004
74642  -49.806  -22.453  28.203 0.4444440007
72574  -48.492  -24.755  19.737 0.7777780294
71444  -44.011  -26.038  14.615 0.3333329856
75738  -50.144  -22.259  27.836 0.3333329856
72511  -48.262  -24.377  22.395 0.7777780294
74767  -49.123  -23.709  19.784 0.7777780294
72624  -45.872  -25.213  15.026 0.3333329856
72610  -47.160  -25.593  16.179 0.5555559993
72644  -45.770  -24.651  14.584 0.3333329856
77939  -51.783  -21.165  27.618 0.2222220004
74714  -49.577  -22.016  23.294 0.4444440007
74840  -49.033  -23.693  15.197 0.7777780294
77050  -50.449  -20.890  13.292 0.7777780294
74857  -51.241  -22.261  14.402 0.7777780294
78143  -50.444  -20.499  12.977 0.7777780294
77973  -51.424  -20.260  25.794 0.3333329856
74855  -49.762  -23.073  14.480 0.7777780294
78022  -51.758  -19.913  22.677 0.4444440007
76962  -52.430  -19.885  19.683 0.4444440007
78045  -52.395  -19.967  21.226 0.4444440007
76990  -53.248  -20.208  17.898 0.5555559993
77011  -54.726  -20.715  16.458 0.6666669846
78135  -57.196  -19.446  14.553 0.6666669846
78193  -56.478  -18.665  11.527 0.7777780294
79222  -57.730  -19.014  18.388 0.5555559993
81410  -55.271  -16.981  10.015 0.7777780294
79223  -58.077  -18.935  18.391 0.5555559993
79231  -59.259  -18.465  17.657 0.5555559993
80318  -59.258  -17.088  14.177 0.5555559993
79270  -58.541  -17.500  13.561 0.6666669846
80328  -58.149  -17.188  12.766 0.6666669846
80339  -57.698  -17.023  11.924 0.7777780294
81412  -56.384  -16.444  10.584 0.7777780294
79264  -60.974  -18.511  14.842 0.2222220004
81380  -59.060  -16.168  13.291 0.6666669846
81345  -60.315  -16.849  14.625 0.6666669846
81359  -60.058  -16.091  14.029 0.6666669846
83464  -59.663  -14.811  13.077 0.6666669846
36639  -7.553  -57.203  39.295 0.2222220004
36634  -7.270  -56.781  39.615 0.4444440007
38873  -6.923  -55.652  39.793 0.4444440007
36633  -6.677  -56.777  39.682 0.3333329856
37756  -7.054  -56.299  39.826 0.4444440007
39966  -7.210  -54.855  39.808 0.4444440007
39965  -6.649  -55.306  39.602 0.4444440007
39970  -6.267  -54.890  39.224 0.4444440007
38879  -5.427  -55.375  39.339 0.3333329856
38872  -6.153  -55.653  39.626 0.3333329856
38878  -4.641  -55.200  39.138 0.3333329856
38881  -4.247  -55.260  38.356 0.2222220004
39969  -5.058  -54.509  39.138 0.3333329856
41033  -6.292  -54.172  38.023 0.3333329856
39978  -4.037  -54.274  38.945 0.3333329856
41020  -5.562  -53.861  38.757 0.3333329856
42128  -5.285  -53.097  38.563 0.2222220004
41032  -5.502  -53.343  38.024 0.1111110002
39986  -3.872  -54.523  37.863 0.3333329856
41044  -7.119  -53.795  37.444 0.3333329856
41019  -4.628  -53.512  39.068 0.2222220004
41043  -6.113  -53.124  37.218 0.1111110002
41055  -6.876  -53.401  36.507 0.1111110002
42126  -4.545  -52.754  38.933 0.2222220004
42127  -5.063  -52.830  38.955 0.2222220004
41042  -5.520  -52.770  37.619 0.2222220004
41031  -4.020  -53.481  39.004 0.2222220004
39985  -3.798  -53.727  38.212 0.2222220004
39993  -3.566  -53.817  37.349 0.2222220004
41056  -7.765  -53.701  36.694 0.1111110002
41065  -7.435  -53.456  35.756 0.1111110002
41054  -6.307  -52.865  36.266 0.2222220004
42145  -5.109  -52.457  37.979 0.2222220004
42158  -5.488  -52.056  37.079 0.1111110002
42173  -6.218  -52.160  35.962 0.1111110002
41046  -8.865  -53.617  37.408 0.3333329856
41057  -8.633  -53.630  36.767 0.1111110002
41066  -8.235  -53.593  35.974 0.1111110002
42188  -9.218  -53.360  35.725 0.3333329856
41064  -6.736  -53.002  35.722 0.2222220004
42186  -7.296  -52.664  35.070 0.1111110002
42187  -8.079  -53.240  35.113 0.1111110002
42159  -5.933  -52.447  36.583 0.1111110002
42185  -6.693  -52.305  35.465 0.1111110002
43267  -6.569  -51.533  35.466 0.1111110002
42201  -7.815  -52.664  34.423 0.1111110002
42202  -8.651  -52.829  34.274 0.2222220004
42203  -9.785  -52.943  34.475 0.3333329856
42172  -5.861  -51.852  36.420 0.1111110002
43268  -7.012  -51.743  34.907 0.1111110002
43257  -6.182  -51.339  36.001 0.1111110002
43280  -7.471  -51.983  34.369 0.1111110002
42216  -9.260  -52.557  33.604 0.1111110002
42204  -10.892  -52.888  34.458 0.4444440007
44288  -6.837  -50.765  34.904 0.1111110002
44302  -7.738  -51.444  34.009 0.1111110002
43293  -8.606  -52.007  33.415 0.1111110002
42218  -11.246  -52.687  33.445 0.3333329856
44318  -8.736  -51.153  32.892 0.1111110002
43294  -9.247  -52.022  32.823 0.1111110002
42230  -10.723  -52.415  32.687 0.1111110002
42231  -11.427  -52.497  32.567 0.1111110002
43305  -10.020  -51.963  32.338 0.1111110002
43306  -10.821  -51.910  32.086 0.1111110002
42232  -11.932  -52.594  32.449 0.2222220004
42220  -13.013  -52.618  33.564 0.5555559993
44333  -9.344  -51.144  32.303 0.1111110002
43295  -12.354  -52.596  32.429 0.1111110002
43308  -12.633  -52.425  32.033 0.1111110002
43316  -11.587  -51.663  31.162 0.1111110002
43297  -13.796  -52.264  33.244 0.5555559993
43298  -14.593  -51.833  33.431 0.5555559993
43296  -13.039  -52.561  32.940 0.2222220004
43309  -13.415  -52.353  32.378 0.3333329856
44336  -14.841  -51.561  32.414 0.3333329856
43318  -13.143  -52.213  31.550 0.2222220004
44354  -13.979  -51.817  31.307 0.2222220004
44371  -14.251  -51.254  30.425 0.2222220004
44370  -13.255  -51.059  30.271 0.1111110002
44319  -15.459  -51.246  33.536 0.3333329856
44320  -16.132  -50.795  33.203 0.4444440007
44356  -15.841  -50.932  31.629 0.3333329856
44337  -15.610  -51.090  32.408 0.3333329856
45444  -15.724  -50.854  30.840 0.3333329856
45470  -15.055  -50.930  29.921 0.2222220004
45445  -16.448  -50.645  31.248 0.3333329856
46549  -17.030  -49.743  30.172 0.3333329856
46570  -17.949  -48.915  29.337 0.3333329856
46592  -17.032  -48.374  28.284 0.2222220004
47636  -18.470  -48.571  28.905 0.3333329856
47637  -19.539  -48.475  28.821 0.3333329856
48681  -20.824  -48.075  28.411 0.3333329856
60260  -36.382  -35.313  27.583 0.7777780294
47650  -18.627  -47.635  28.123 0.3333329856
47651  -19.361  -47.573  28.083 0.3333329856
48680  -20.059  -47.845  28.280 0.3333329856
60271  -34.684  -36.199  26.758 0.6666669846
60272  -34.866  -35.928  26.837 0.6666669846
60286  -34.022  -36.016  25.997 0.6666669846
60261  -37.488  -35.450  27.647 0.8888890147
48682  -21.283  -48.220  28.495 0.3333329856
60259  -35.540  -35.447  27.866 0.6666669846
60246  -38.393  -35.691  28.468 0.8888890147
60273  -35.590  -35.627  26.751 0.6666669846
60275  -37.694  -35.630  26.463 0.8888890147
60289  -36.850  -35.780  25.527 0.7777780294
60287  -34.770  -35.742  25.753 0.6666669846
60288  -35.739  -35.616  25.651 0.7777780294
60274  -36.591  -35.527  26.613 0.7777780294
60302  -34.925  -35.676  24.543 0.6666669846
60304  -37.194  -35.820  24.447 0.7777780294
60301  -33.859  -36.045  24.500 0.6666669846
60303  -36.079  -35.662  24.527 0.7777780294
60305  -38.216  -35.745  24.346 0.7777780294
60318  -34.023  -35.580  23.221 0.6666669846
60319  -35.404  -35.596  23.439 0.6666669846
60320  -36.551  -35.690  23.466 0.7777780294
60337  -36.048  -35.677  22.457 0.6666669846
60336  -34.988  -35.477  22.326 0.6666669846
60351  -34.750  -35.481  21.275 0.5555559993
60335  -34.078  -35.190  22.030 0.5555559993
60247  -39.523  -35.953  28.107 0.8888890147
60290  -37.956  -35.897  25.394 0.7777780294
60291  -39.041  -35.500  25.239 0.8888890147
60321  -37.605  -35.699  23.429 0.7777780294
60322  -38.432  -35.425  23.453 0.7777780294
60338  -37.079  -35.601  22.488 0.7777780294
60339  -38.140  -35.245  22.479 0.5555559993
60352  -35.704  -35.629  21.448 0.5555559993
60354  -37.482  -35.328  21.579 0.4444440007
61516  -32.676  -34.849  22.351 0.5555559993
60368  -35.386  -35.536  20.556 0.4444440007
61535  -33.327  -34.891  21.637 0.4444440007
60369  -36.465  -35.433  20.535 0.4444440007
61533  -31.260  -34.468  20.766 0.3333329856
61552  -33.401  -34.936  20.393 0.4444440007
60367  -34.508  -35.422  20.271 0.4444440007
60387  -35.157  -35.448  19.935 0.4444440007
60388  -35.745  -35.343  19.980 0.4444440007
61476  -39.289  -35.110  24.744 0.8888890147
61489  -39.675  -34.401  24.272 0.8888890147
51912  -23.975  -44.940  25.346 0.3333329856
60323  -38.894  -35.044  23.379 0.7777780294
51927  -24.548  -44.469  25.077 0.3333329856
51928  -25.374  -44.597  25.709 0.3333329856
52931  -25.038  -44.012  24.760 0.3333329856
60340  -38.738  -35.207  22.920 0.6666669846
61519  -39.038  -34.505  22.597 0.7777780294
60353  -36.659  -35.601  21.571 0.4444440007
61536  -38.090  -34.871  21.530 0.4444440007
61555  -37.613  -34.795  20.546 0.4444440007
61554  -36.878  -34.949  20.057 0.2222220004
61505  -39.571  -34.128  23.480 0.7777780294
52932  -26.314  -44.505  25.412 0.3333329856
61520  -39.506  -33.911  22.914 0.7777780294
62636  -38.896  -33.853  21.833 0.4444440007
61537  -38.557  -34.425  21.594 0.4444440007
62654  -37.913  -34.183  20.337 0.2222220004
62655  -38.479  -33.844  20.616 0.2222220004
52950  -25.565  -43.481  24.219 0.3333329856
62637  -39.353  -33.250  21.275 0.3333329856
53982  -27.154  -40.919  21.325 0.1111110002
62656  -39.196  -32.935  20.487 0.3333329856
63775  -39.827  -32.348  20.808 0.2222220004
63797  -38.799  -32.882  19.821 0.2222220004
63798  -39.431  -32.250  19.966 0.2222220004
68092  -37.750  -28.440  18.797 0.1111110002
68094  -39.359  -28.765  19.672 0.1111110002
68083  -38.993  -28.213  19.817 0.1111110002
70185  -41.246  -26.711  18.741 0.4444440007
70200  -41.342  -27.804  17.501 0.4444440007
69061  -39.267  -27.172  20.736 0.2222220004
69097  -37.194  -28.119  18.748 0.1111110002
71393  -41.077  -26.026  19.087 0.4444440007
71370  -41.516  -26.019  19.494 0.4444440007
69087  -38.480  -27.847  19.670 0.1111110002
69073  -38.954  -27.553  20.230 0.1111110002
72569  -38.861  -25.262  19.985 0.3333329856
71368  -40.139  -25.595  19.467 0.4444440007
70139  -39.421  -26.549  21.095 0.2222220004
71346  -38.304  -25.967  20.450 0.1111110002
72547  -38.943  -25.530  20.763 0.3333329856
83509  -56.207  -14.964  9.797 0.6666669846
83521  -56.503  -14.470  9.447 0.6666669846
84676  -57.133  -13.831  9.718 0.6666669846
82466  -56.065  -15.666  10.085 0.6666669846
82484  -54.650  -15.802  9.109 0.6666669846
83519  -55.042  -15.295  8.692 0.6666669846
83520  -55.759  -15.283  9.124 0.6666669846
83535  -56.349  -14.580  8.644 0.6666669846
84683  -56.914  -13.731  9.058 0.6666669846
85904  -57.511  -12.975  8.274 0.6666669846
87066  -58.070  -12.173  8.403 0.6666669846
87067  -58.540  -11.762  7.957 0.6666669846
88177  -58.965  -11.005  6.979 0.6666669846
75981  -49.285  -21.680  13.432 0.5555559993
77049  -49.574  -20.993  13.245 0.5555559993
75982  -49.978  -21.491  13.540 0.5555559993
84671  -57.731  -13.877  10.631 0.6666669846
77066  -49.794  -20.584  13.057 0.5555559993
85885  -57.460  -13.247  10.035 0.6666669846
83534  -55.387  -14.940  8.361 0.6666669846
84691  -57.071  -13.980  8.337 0.6666669846
84692  -57.451  -13.676  7.811 0.6666669846
85905  -57.810  -12.931  7.696 0.6666669846
87074  -58.339  -12.342  7.715 0.6666669846
87075  -59.045  -12.026  7.323 0.6666669846
87076  -59.486  -11.552  6.783 0.6666669846
87090  -59.992  -11.844  6.009 0.6666669846
88179  -60.548  -10.496  6.442 0.6666669846
83545  -54.980  -15.044  7.705 0.6666669846
83546  -55.971  -14.738  7.785 0.6666669846
82495  -53.446  -15.431  8.696 0.4444440007
83533  -54.345  -15.114  8.416 0.5555559993
84699  -57.108  -14.724  7.641 0.6666669846
84700  -57.748  -13.957  7.122 0.6666669846
77065  -49.212  -20.575  12.791 0.5555559993
83500  -57.801  -14.799  11.361 0.6666669846
83499  -57.248  -14.843  10.992 0.6666669846
83511  -57.383  -14.547  10.854 0.6666669846
87062  -61.143  -11.837  8.110 0.3333329856
89218  -60.746  -10.195  8.164 0.5555559993
88192  -60.319  -10.918  6.009 0.6666669846
85913  -58.359  -12.983  7.147 0.6666669846
85914  -58.873  -12.902  6.484 0.6666669846
85926  -59.375  -12.823  5.825 0.6666669846
88193  -60.938  -10.696  5.639 0.6666669846
83532  -53.289  -15.003  8.035 0.4444440007
83544  -54.010  -14.923  7.477 0.5555559993
82502  -55.774  -15.065  7.429 0.6666669846
83553  -55.973  -15.306  6.965 0.6666669846
87105  -61.081  -11.900  5.036 0.6666669846
88205  -61.366  -11.607  4.959 0.6666669846
83530  -51.330  -14.647  7.669 0.4444440007
83552  -54.826  -15.145  6.839 0.6666669846
83554  -57.176  -15.032  6.620 0.6666669846
83531  -52.317  -14.881  7.754 0.4444440007
83543  -53.026  -14.581  7.261 0.4444440007
83551  -53.643  -14.705  6.581 0.4444440007
82506  -55.458  -15.204  7.124 0.6666669846
81382  -61.463  -16.863  13.182 0.1111110002
80330  -61.224  -17.549  13.493 0.1111110002
80320  -61.076  -17.735  14.313 0.1111110002
81361  -61.269  -16.705  14.022 0.1111110002
75908  -58.947  -21.192  18.389 0.2222220004
77001  -60.585  -20.236  17.294 0.2222220004
77012  -60.895  -20.118  16.333 0.2222220004
88138  -58.880  -11.579  10.179 0.5555559993
78186  -49.181  -19.847  11.507 0.3333329856
83555  -57.894  -14.610  6.330 0.6666669846
87091  -60.569  -11.411  5.540 0.6666669846
84710  -59.009  -13.758  5.849 0.6666669846
83542  -52.005  -14.148  6.999 0.4444440007
83550  -52.792  -14.292  6.465 0.4444440007
83559  -53.244  -14.293  5.852 0.4444440007
83560  -54.097  -14.720  5.634 0.6666669846
78095  -59.951  -19.397  17.928 0.2222220004
78104  -60.607  -19.234  17.219 0.2222220004
78114  -60.916  -19.703  16.866 0.2222220004
79225  -59.508  -18.905  18.120 0.3333329856
79241  -60.763  -18.350  16.453 0.2222220004
79232  -60.094  -18.468  17.429 0.4444440007
80293  -60.386  -17.818  16.157 0.3333329856
88214  -61.487  -11.826  4.237 0.6666669846
85927  -59.907  -12.806  5.155 0.6666669846
87116  -60.708  -12.299  4.355 0.6666669846
84698  -51.781  -13.469  6.249 0.3333329856
83558  -52.653  -14.025  5.880 0.4444440007
83562  -56.348  -15.253  5.729 0.5555559993
83563  -57.351  -15.053  5.570 0.6666669846
83564  -58.319  -14.607  5.529 0.6666669846
83565  -59.013  -14.344  5.166 0.6666669846
84711  -59.435  -13.624  5.174 0.6666669846
87104  -60.587  -12.248  5.164 0.6666669846
87117  -60.945  -12.039  3.791 0.5555559993
87118  -61.520  -12.167  3.596 0.4444440007
83577  -56.612  -15.021  4.797 0.4444440007
83579  -58.409  -14.690  4.509 0.6666669846
85944  -60.394  -12.902  4.415 0.6666669846
85955  -60.666  -12.832  3.655 0.6666669846
85971  -62.069  -13.213  2.160 0.4444440007
84726  -56.293  -13.977  4.171 0.4444440007
83578  -57.408  -14.828  4.477 0.6666669846
87132  -61.611  -12.659  2.844 0.4444440007
83595  -59.525  -14.265  3.731 0.6666669846
85970  -60.892  -12.914  2.977 0.5555559993
87147  -61.369  -12.888  2.277 0.4444440007
84727  -57.068  -14.111  3.842 0.6666669846
83594  -58.485  -14.696  3.572 0.6666669846
84741  -60.154  -13.578  3.676 0.6666669846
85969  -60.742  -12.993  3.243 0.5555559993
85985  -60.855  -13.106  2.087 0.5555559993
85986  -60.887  -13.256  1.691 0.4444440007
87149  -61.841  -13.183  1.785 0.4444440007
83593  -57.692  -14.547  3.827 0.6666669846
84740  -58.206  -14.333  2.720 0.6666669846
83609  -59.765  -14.224  3.048 0.6666669846
84755  -60.283  -13.587  2.743 0.5555559993
84769  -60.298  -13.641  1.836 0.5555559993
84782  -59.276  -13.780  1.009 0.5555559993
84783  -59.855  -13.796  1.325 0.5555559993
85943  -56.229  -13.147  3.748 0.4444440007
84738  -56.644  -13.510  3.618 0.5555559993
84739  -57.310  -13.814  3.128 0.6666669846
84753  -57.620  -13.572  1.977 0.5555559993
84754  -59.027  -14.403  2.181 0.5555559993
84768  -59.601  -14.028  1.682 0.5555559993
85952  -55.751  -12.050  3.464 0.5555559993
85953  -56.311  -12.583  3.165 0.5555559993
85954  -56.912  -12.932  2.487 0.5555559993
84767  -58.424  -13.668  1.308 0.5555559993
87115  -55.861  -11.439  3.273 0.4444440007
85967  -56.679  -12.128  2.477 0.5555559993
87129  -56.308  -11.388  2.719 0.5555559993
88223  -56.551  -10.392  2.392 0.3333329856
89269  -56.953  -9.481  2.163 0.4444440007
88213  -55.923  -10.384  3.079 0.4444440007
89263  -56.285  -9.380  2.738 0.3333329856
60317  -32.932  -35.821  23.468 0.5555559993
61502  -32.329  -35.077  22.930 0.5555559993
61503  -33.039  -34.997  23.134 0.5555559993
87048  -60.009  -12.340  9.521 0.4444440007
88178  -59.908  -10.860  6.861 0.6666669846
88170  -58.992  -11.088  7.936 0.6666669846
88164  -60.367  -10.593  8.515 0.4444440007
88162  -58.556  -10.726  8.722 0.6666669846
88157  -60.088  -11.379  8.735 0.5555559993
84672  -60.490  -13.675  10.634 0.3333329856
87054  -57.624  -11.987  9.746 0.6666669846
84636  -58.555  -14.103  11.908 0.5555559993
84658  -58.642  -13.269  11.490 0.6666669846
85899  -57.368  -13.036  8.836 0.6666669846
87053  -57.513  -12.373  9.484 0.6666669846
42205  -11.989  -52.867  34.421 0.3333329856
43282  -13.428  -52.419  33.719 0.5555559993
44338  -16.320  -50.778  32.285 0.3333329856
45472  -16.631  -50.174  30.579 0.3333329856
46550  -17.943  -49.465  30.094 0.3333329856
47617  -18.476  -49.131  29.746 0.3333329856
61488  -39.358  -34.825  24.433 0.8888890147
68084  -39.694  -28.272  20.327 0.1111110002
72570  -39.869  -25.144  20.121 0.5555559993
72572  -41.357  -25.511  19.969 0.4444440007
71369  -40.899  -25.659  19.460 0.4444440007
70168  -41.739  -26.514  19.422 0.4444440007
70201  -42.408  -28.126  17.528 0.4444440007
75965  -49.889  -22.218  13.861 0.6666669846
82492  -50.645  -15.189  8.170 0.4444440007
76964  -57.841  -20.570  19.632 0.2222220004
76965  -58.372  -20.700  19.357 0.2222220004
80283  -59.566  -17.985  17.018 0.5555559993
80284  -60.150  -17.849  16.856 0.5555559993
77013  -61.045  -19.598  15.937 0.2222220004
83481  -58.483  -14.542  12.107 0.6666669846
85860  -59.140  -13.136  11.791 0.6666669846
85875  -59.298  -12.611  11.191 0.5555559993
52964  -25.896  -42.757  23.453 0.1111110002
60276  -38.709  -35.708  26.296 0.7777780294
72546  -38.446  -25.703  20.373 0.1111110002
70169  -42.202  -26.927  19.443 0.4444440007
36638  -6.865  -57.351  39.242 0.2222220004
37777  -4.796  -55.937  38.735 0.2222220004
43238  -5.121  -51.244  37.413 0.1111110002
43281  -8.012  -52.044  33.918 0.1111110002
44301  -7.347  -51.133  34.313 0.1111110002
42217  -10.144  -52.632  33.328 0.1111110002
44317  -8.097  -51.147  33.494 0.1111110002
42219  -12.294  -52.772  33.253 0.2222220004
43307  -11.610  -52.084  31.794 0.1111110002
43310  -14.110  -52.073  32.454 0.3333329856
43319  -13.686  -52.153  31.930 0.2222220004
44355  -15.072  -51.242  31.291 0.3333329856
45471  -15.932  -50.212  30.232 0.3333329856
46548  -16.399  -49.837  30.104 0.3333329856
46569  -17.202  -49.202  29.018 0.2222220004
47635  -17.683  -48.596  28.658 0.2222220004
60350  -33.957  -35.290  21.008 0.4444440007
61517  -33.414  -34.975  22.545 0.5555559993
60306  -38.833  -35.110  24.226 0.7777780294
60370  -37.161  -35.528  20.976 0.4444440007
61534  -32.422  -34.728  21.296 0.4444440007
51926  -23.580  -44.058  24.862 0.3333329856
61556  -38.265  -34.566  21.018 0.2222220004
68093  -38.575  -28.591  19.120 0.1111110002
70154  -38.687  -26.673  20.507 0.1111110002
83510  -56.862  -14.681  10.404 0.6666669846
84670  -57.334  -13.921  10.157 0.6666669846
85892  -57.403  -12.867  9.488 0.6666669846
87060  -57.540  -12.402  9.214 0.6666669846
87065  -57.638  -12.464  8.742 0.6666669846
88153  -57.919  -11.630  9.307 0.6666669846
88169  -58.438  -11.402  8.405 0.6666669846
88171  -59.348  -10.664  7.454 0.6666669846
77048  -48.799  -21.126  13.010 0.4444440007
84657  -58.380  -13.943  11.473 0.6666669846
85873  -58.183  -13.054  11.007 0.6666669846
85886  -57.829  -12.604  10.330 0.6666669846
89225  -60.538  -10.008  7.573 0.6666669846
82496  -54.025  -15.466  8.932 0.5555559993
87089  -59.397  -12.236  6.516 0.6666669846
89231  -60.350  -10.189  7.012 0.6666669846
82501  -55.425  -15.099  7.390 0.6666669846
78166  -48.743  -20.048  12.240 0.3333329856
78167  -50.015  -20.262  12.578 0.4444440007
88172  -61.366  -11.037  7.373 0.3333329856
88165  -60.943  -10.938  8.295 0.3333329856
84701  -58.433  -13.851  6.472 0.6666669846
83561  -55.257  -15.159  5.781 0.4444440007
77000  -60.214  -20.745  17.616 0.2222220004
76991  -59.839  -20.400  18.150 0.2222220004
75924  -59.657  -21.215  17.576 0.2222220004
75945  -60.530  -20.670  16.788 0.2222220004
75925  -60.315  -20.874  17.241 0.2222220004
78115  -60.997  -19.159  16.400 0.2222220004
88140  -59.463  -11.746  9.991 0.5555559993
87038  -59.799  -12.360  10.219 0.5555559993
88146  -58.236  -11.379  9.956 0.6666669846
87035  -58.578  -12.138  10.617 0.6666669846
88147  -58.734  -11.170  9.872 0.6666669846
85876  -59.931  -12.779  11.145 0.5555559993
84690  -51.365  -13.656  6.789 0.4444440007
83549  -52.235  -13.973  6.224 0.4444440007
84709  -53.523  -14.002  5.340 0.4444440007
76992  -60.307  -19.815  17.684 0.2222220004
78105  -60.806  -18.768  16.805 0.2222220004
79240  -60.460  -18.126  16.848 0.3333329856
84728  -59.801  -13.577  4.441 0.6666669846
83576  -55.694  -14.782  4.836 0.4444440007
83580  -59.223  -14.306  4.464 0.6666669846
87131  -61.267  -12.622  2.951 0.5555559993
87148  -61.606  -13.085  1.900 0.4444440007
84756  -60.605  -13.285  2.401 0.5555559993
85968  -57.180  -12.341  2.018 0.5555559993
84766  -57.777  -13.264  1.415 0.5555559993
87130  -56.958  -11.356  2.232 0.4444440007
88149  -59.700  -11.598  9.470 0.5555559993
85888  -60.281  -12.905  9.668 0.3333329856
88163  -58.796  -10.269  9.004 0.6666669846
89216  -59.258  -10.262  8.599 0.6666669846
88156  -59.957  -10.807  9.201 0.6666669846
87056  -60.442  -12.017  8.732 0.2222220004
89204  -59.142  -10.617  9.533 0.6666669846
87045  -57.807  -12.067  10.224 0.6666669846
85887  -58.208  -12.468  10.705 0.6666669846
42113  -14.943  -53.189  41.391 0.3333329856
42114  -15.622  -52.531  41.327 0.2222220004
41012  -15.255  -53.466  40.998 0.2222220004
42120  -16.409  -52.448  40.746 0.2222220004
44232  -18.323  -50.181  41.449 0.1111110002
43201  -15.134  -51.524  41.778 0.4444440007
45284  -18.415  -49.244  42.046 0.3333329856
45278  -17.235  -49.420  42.441 0.3333329856
44239  -18.911  -49.846  40.682 0.2222220004
45290  -18.935  -49.402  41.426 0.2222220004
47535  -31.228  -47.404  37.940 0.2222220004
47536  -32.260  -47.021  37.708 0.2222220004
46455  -31.741  -47.941  37.324 0.1111110002
47525  -31.915  -46.477  38.014 0.3333329856
48586  -31.609  -46.053  38.143 0.3333329856
46456  -32.836  -47.935  37.114 0.2222220004
47537  -33.510  -47.108  37.321 0.2222220004
48596  -34.181  -46.241  37.363 0.2222220004
48595  -33.055  -46.247  37.434 0.3333329856
46457  -33.874  -47.942  36.879 0.2222220004
47538  -34.735  -47.220  37.135 0.2222220004
47548  -35.718  -47.369  36.703 0.2222220004
49629  -36.168  -45.536  36.133 0.3333329856
49630  -37.217  -45.567  36.054 0.2222220004
49643  -36.359  -45.365  35.432 0.3333329856
50689  -36.878  -44.843  35.309 0.3333329856
49657  -36.007  -45.841  34.575 0.3333329856
48625  -35.777  -45.929  33.889 0.3333329856
47539  -35.426  -46.866  37.075 0.2222220004
49618  -33.534  -45.580  37.090 0.3333329856
49619  -34.604  -45.401  36.985 0.3333329856
48597  -35.381  -46.214  37.153 0.2222220004
48604  -35.721  -46.685  36.914 0.2222220004
48605  -36.330  -46.367  36.490 0.2222220004
50647  -33.757  -45.207  36.733 0.3333329856
49628  -35.216  -45.263  36.477 0.3333329856
49620  -35.496  -45.570  36.804 0.3333329856
50666  -33.959  -45.200  36.386 0.3333329856
50667  -34.596  -45.071  36.536 0.3333329856
49642  -35.276  -45.517  35.701 0.3333329856
50665  -33.072  -45.223  36.258 0.5555559993
50686  -33.377  -45.442  35.620 0.5555559993
49641  -34.175  -45.743  35.424 0.3333329856
49656  -34.811  -46.047  34.739 0.3333329856
48624  -35.317  -46.157  33.947 0.4444440007
60258  -34.872  -36.118  27.705 0.6666669846
45291  -19.453  -48.924  41.295 0.2222220004
45285  -19.160  -48.832  41.761 0.2222220004
46366  -19.223  -48.246  42.055 0.2222220004
43195  -15.444  -50.986  42.040 0.4444440007
45277  -16.472  -49.883  42.373 0.3333329856
44225  -17.917  -50.058  42.054 0.3333329856
44224  -17.313  -50.476  42.165 0.3333329856
47524  -31.435  -46.717  38.172 0.3333329856
60244  -35.503  -35.745  28.755 0.7777780294
45279  -17.815  -49.131  42.403 0.4444440007
43202  -15.898  -51.335  41.960 0.3333329856
45283  -17.629  -49.708  42.326 0.3333329856
46458  -34.495  -47.945  36.784 0.2222220004
47547  -34.967  -47.920  36.704 0.2222220004
50668  -36.623  -45.067  35.735 0.2222220004
48598  -35.921  -45.833  36.791 0.2222220004
50687  -34.418  -45.191  36.002 0.3333329856
37769  -9.865  -56.589  39.661 0.1111110002
37761  -11.320  -55.973  40.229 0.1111110002
37751  -12.025  -55.592  40.910 0.2222220004
38871  -14.542  -55.397  41.366 0.1111110002
39964  -15.033  -54.784  41.222 0.1111110002
38861  -13.377  -54.563  41.679 0.1111110002
39963  -14.317  -54.603  41.515 0.1111110002
41011  -14.729  -53.943  41.255 0.1111110002
46396  -19.959  -48.556  41.144 0.1111110002
46397  -20.569  -48.556  40.669 0.1111110002
45303  -20.314  -48.954  40.163 0.1111110002
48683  -23.049  -47.942  28.296 0.3333329856
43220  -16.923  -51.713  40.919 0.1111110002
46376  -19.716  -48.401  41.659 0.1111110002
46367  -19.990  -47.947  41.950 0.1111110002
42137  -17.867  -51.917  39.723 0.1111110002
43222  -18.293  -51.036  40.479 0.1111110002
45301  -19.246  -49.319  41.016 0.1111110002
47471  -19.892  -47.451  42.123 0.2222220004
41016  -15.952  -53.676  40.449 0.1111110002
43210  -16.486  -51.679  41.463 0.1111110002
43203  -16.762  -51.095  42.045 0.1111110002
43212  -17.914  -50.957  41.300 0.2222220004
44231  -17.775  -50.598  41.783 0.2222220004
78187  -50.298  -20.018  11.489 0.4444440007
85984  -57.842  -13.036  1.139 0.5555559993
86004  -62.004  -13.633  0.572 0.3333329856
85907  -62.037  -12.975  6.641 0.2222220004
84702  -62.099  -13.919  6.421 0.1111110002
85928  -62.307  -13.035  5.019 0.3333329856
86001  -58.951  -13.358  0.342 0.4444440007
87163  -61.813  -13.373  1.310 0.3333329856
86002  -60.194  -13.730  0.802 0.4444440007
86003  -61.236  -13.575  0.727 0.3333329856
87175  -58.726  -11.510  -0.289 0.2222220004
86017  -60.264  -13.368  -0.550 0.2222220004
87068  -61.513  -11.896  7.188 0.2222220004
87077  -61.745  -11.761  6.475 0.2222220004
89246  -61.280  -10.427  6.100 0.4444440007
85915  -62.233  -13.029  5.851 0.2222220004
88215  -61.785  -11.922  4.134 0.3333329856
89233  -61.356  -10.551  6.546 0.3333329856
88180  -61.636  -11.188  6.551 0.3333329856
88181  -61.805  -11.492  6.009 0.3333329856
88194  -61.547  -10.970  5.738 0.4444440007
87078  -62.027  -12.181  6.032 0.4444440007
87106  -62.303  -12.278  4.606 0.4444440007
88206  -61.730  -11.610  4.773 0.4444440007
88207  -62.031  -11.863  4.381 0.3333329856
87119  -62.016  -12.304  3.670 0.3333329856
85945  -62.450  -13.001  4.091 0.3333329856
85957  -62.192  -13.180  3.048 0.3333329856
87133  -61.845  -12.851  2.556 0.3333329856
38870  -13.573  -55.079  41.536 0.1111110002
41010  -14.215  -53.986  41.601 0.1111110002
47485  -21.958  -47.585  40.687 0.2222220004
47652  -21.714  -48.290  28.565 0.4444440007
49761  -23.714  -46.028  26.857 0.3333329856
75980  -48.432  -21.780  13.357 0.3333329856
88195  -62.089  -11.688  5.244 0.4444440007
85987  -62.047  -13.398  1.463 0.3333329856
77047  -47.898  -21.169  12.820 0.2222220004
45302  -19.673  -49.096  40.589 0.1111110002
43221  -17.567  -51.484  40.819 0.1111110002
42122  -17.737  -51.699  40.317 0.1111110002
45315  -19.867  -49.314  39.795 0.1111110002
43211  -17.295  -51.172  41.579 0.1111110002
87092  -62.257  -12.384  5.343 0.4444440007
86015  -58.579  -12.420  0.093 0.4444440007
86016  -59.295  -12.704  -0.404 0.4444440007
44363  -39.416  -50.373  31.806 0.1111110002
44362  -38.535  -50.281  31.816 0.1111110002
46523  -38.979  -48.426  32.561 0.1111110002
45436  -38.629  -49.555  32.695 0.1111110002
46522  -38.789  -49.008  32.597 0.1111110002
45462  -40.144  -49.477  31.874 0.1111110002
44328  -37.286  -50.476  33.434 0.1111110002
44314  -38.012  -50.080  33.690 0.1111110002
44346  -39.370  -50.046  32.209 0.1111110002
44326  -35.431  -50.361  33.621 0.1111110002
44327  -36.444  -50.519  33.548 0.1111110002
44344  -37.857  -50.364  32.711 0.1111110002
45435  -35.549  -50.110  32.675 0.1111110002
44342  -36.111  -50.286  32.766 0.1111110002
45459  -37.467  -49.946  31.704 0.1111110002
45434  -34.879  -50.066  32.885 0.1111110002
45458  -36.613  -49.785  31.701 0.1111110002
48639  -39.039  -46.396  32.954 0.1111110002
46514  -38.536  -48.531  33.335 0.1111110002
46515  -38.746  -47.993  33.220 0.1111110002
45400  -37.738  -49.688  34.174 0.1111110002
46506  -37.937  -48.617  34.369 0.1111110002
45361  -32.804  -49.361  36.162 0.1111110002
44312  -36.776  -50.473  34.145 0.1111110002
45398  -36.272  -50.069  34.626 0.1111110002
46505  -37.364  -49.265  34.552 0.1111110002
44296  -33.771  -50.031  35.475 0.1111110002
44297  -34.214  -50.052  35.308 0.1111110002
44310  -35.148  -50.268  34.481 0.1111110002
45379  -35.603  -49.690  35.107 0.1111110002
45416  -34.116  -50.110  33.673 0.1111110002
45456  -34.378  -49.537  31.755 0.1111110002
49671  -39.215  -45.392  33.421 0.1111110002
49687  -39.281  -45.470  32.393 0.1111110002
48627  -39.006  -46.313  34.069 0.1111110002
47583  -38.857  -47.329  33.396 0.1111110002
48626  -38.773  -46.782  34.364 0.1111110002
47582  -38.679  -47.805  33.554 0.1111110002
48614  -37.945  -47.111  35.466 0.1111110002
46493  -36.202  -48.624  35.635 0.1111110002
47559  -37.461  -47.762  35.411 0.1111110002
46476  -33.298  -48.732  36.587 0.1111110002
46477  -34.373  -48.678  36.313 0.1111110002
46491  -34.528  -49.210  35.826 0.1111110002
50725  -39.104  -44.480  33.623 0.1111110002
49659  -39.084  -45.352  34.213 0.1111110002
50710  -38.830  -44.764  34.313 0.1111110002
48615  -38.567  -46.475  34.978 0.1111110002
50691  -38.095  -45.020  35.211 0.1111110002
50692  -38.449  -44.940  34.767 0.1111110002
47549  -36.751  -47.487  35.977 0.1111110002
48606  -37.629  -46.462  35.811 0.1111110002
51743  -38.467  -44.493  34.327 0.2222220004
50690  -37.353  -44.668  35.082 0.2222220004
61574  -34.220  -35.100  19.416 0.2222220004
61576  -36.320  -34.934  19.637 0.2222220004
51742  -38.043  -44.525  34.733 0.2222220004
50669  -37.100  -44.920  35.711 0.1111110002
50670  -37.683  -45.024  35.560 0.1111110002
60366  -33.950  -35.262  20.419 0.2222220004
46475  -32.298  -48.606  36.639 0.1111110002
46478  -35.420  -48.300  36.274 0.1111110002
46479  -36.070  -47.991  36.239 0.1111110002
44361  -37.669  -50.236  32.225 0.1111110002
45461  -39.460  -49.057  32.018 0.1111110002
45418  -38.207  -49.466  33.592 0.1111110002
44330  -38.279  -49.997  33.166 0.1111110002
45437  -39.375  -49.513  32.178 0.1111110002
45438  -39.984  -49.865  32.108 0.1111110002
44343  -37.061  -50.379  32.855 0.1111110002
44329  -37.945  -50.339  33.268 0.1111110002
44313  -37.526  -50.318  33.945 0.1111110002
44345  -38.532  -50.108  32.461 0.1111110002
44311  -35.917  -50.409  34.317 0.1111110002
45457  -35.637  -49.843  31.968 0.1111110002
44360  -36.891  -50.102  32.286 0.1111110002
44359  -36.321  -50.044  32.191 0.1111110002
45481  -37.151  -49.570  30.921 0.1111110002
45480  -36.115  -49.454  30.908 0.1111110002
47569  -38.566  -47.491  34.163 0.1111110002
45399  -37.042  -49.875  34.485 0.1111110002
46495  -37.665  -48.143  34.950 0.1111110002
45362  -33.636  -49.425  36.108 0.1111110002
45376  -33.323  -49.922  35.658 0.1111110002
45380  -36.513  -49.394  34.890 0.1111110002
45381  -36.992  -49.322  34.708 0.1111110002
46494  -37.145  -48.678  35.034 0.1111110002
44308  -33.751  -50.145  35.187 0.1111110002
45377  -33.927  -49.828  35.677 0.1111110002
44309  -34.416  -50.217  34.825 0.1111110002
44325  -34.626  -50.270  34.161 0.1111110002
44298  -34.926  -50.095  35.046 0.1111110002
45397  -35.819  -50.155  34.724 0.1111110002
46492  -35.078  -48.989  35.694 0.1111110002
45433  -33.643  -49.755  32.782 0.1111110002
45417  -34.769  -50.228  33.610 0.1111110002
48616  -38.866  -45.884  34.526 0.1111110002
47570  -38.820  -46.947  34.052 0.1111110002
48607  -38.233  -45.998  35.489 0.1111110002
47550  -37.486  -47.197  35.700 0.1111110002
47560  -38.076  -47.593  34.936 0.1111110002
47558  -36.915  -48.151  35.556 0.1111110002
45363  -34.186  -49.415  35.892 0.1111110002
45378  -34.605  -49.641  35.482 0.1111110002
51758  -38.671  -44.184  33.744 0.1111110002
49645  -38.738  -45.472  34.697 0.1111110002
49644  -38.396  -45.549  35.175 0.1111110002
49576  -27.227  -46.603  39.054 0.1111110002
48563  -27.584  -46.824  39.364 0.1111110002
47505  -28.502  -46.727  39.168 0.1111110002
48574  -28.704  -46.353  39.006 0.1111110002
71391  -39.616  -26.083  18.735 0.3333329856
70197  -38.881  -26.461  17.764 0.2222220004
70183  -39.665  -26.428  18.438 0.2222220004
70198  -39.344  -26.561  18.015 0.2222220004
70212  -39.363  -27.170  17.095 0.2222220004
70199  -40.264  -27.098  17.767 0.2222220004
70213  -40.201  -27.737  16.659 0.2222220004
71367  -39.303  -25.542  19.391 0.3333329856
71390  -38.874  -25.787  18.677 0.1111110002
71411  -39.099  -26.114  18.320 0.2222220004
71134  -46.762  -26.305  34.141 0.1111110002
71163  -47.918  -25.610  33.520 0.1111110002
73504  -47.889  -24.300  33.086 0.1111110002
78024  -52.839  -20.205  23.379 0.3333329856
72639  -40.605  -24.132  13.649 0.1111110002
72640  -41.891  -24.617  13.788 0.1111110002
71461  -42.405  -25.509  14.139 0.1111110002
71462  -43.388  -25.359  14.259 0.1111110002
75683  -49.997  -22.856  30.575 0.1111110002
74785  -40.372  -20.865  18.277 0.1111110002
74806  -39.044  -21.216  17.269 0.1111110002
74807  -39.562  -21.164  17.605 0.1111110002
73743  -38.322  -22.335  14.774 0.1111110002
74849  -39.280  -21.793  14.443 0.1111110002
73757  -40.235  -23.445  13.523 0.1111110002
72656  -41.617  -23.759  13.475 0.1111110002
72658  -43.119  -24.080  13.970 0.1111110002
73758  -44.010  -23.742  13.978 0.1111110002
74838  -38.442  -21.633  15.524 0.1111110002
74839  -39.103  -21.120  15.472 0.1111110002
73756  -39.669  -23.088  13.619 0.1111110002
74863  -40.171  -21.947  13.738 0.1111110002
74850  -39.750  -21.609  14.231 0.1111110002
73768  -40.463  -23.010  13.393 0.1111110002
74864  -40.889  -22.119  13.167 0.1111110002
73770  -42.286  -23.176  13.292 0.1111110002
73771  -43.385  -23.492  13.630 0.1111110002
73773  -44.901  -23.501  13.891 0.1111110002
74865  -41.869  -22.211  13.018 0.1111110002
74867  -44.046  -22.724  13.207 0.1111110002
74851  -45.605  -23.370  13.871 0.1111110002
74868  -45.250  -23.009  13.475 0.1111110002
75933  -40.295  -20.230  16.533 0.1111110002
74826  -40.287  -20.531  17.063 0.1111110002
75950  -39.653  -20.670  15.365 0.1111110002
75962  -39.943  -20.772  14.520 0.1111110002
75961  -39.654  -21.223  14.647 0.1111110002
75972  -40.511  -21.131  13.583 0.1111110002
74875  -42.365  -21.819  12.820 0.1111110002
75975  -43.665  -21.875  12.721 0.1111110002
75976  -44.653  -22.022  12.842 0.1111110002
75977  -45.650  -21.850  12.856 0.1111110002
74876  -42.869  -21.694  12.658 0.1111110002
77057  -41.878  -20.254  12.583 0.1111110002
75988  -43.199  -21.091  12.419 0.1111110002
75989  -44.252  -21.107  12.522 0.1111110002
77045  -46.205  -21.159  12.746 0.1111110002
77058  -42.645  -20.270  12.394 0.1111110002
78160  -42.978  -19.360  12.246 0.1111110002
77060  -44.362  -20.297  12.305 0.1111110002
77061  -45.280  -20.701  12.548 0.1111110002
77062  -46.351  -20.467  12.544 0.1111110002
77063  -47.292  -20.465  12.539 0.1111110002
78161  -43.904  -19.626  12.079 0.1111110002
78162  -44.757  -19.723  12.179 0.1111110002
78163  -45.679  -19.786  12.196 0.1111110002
78164  -46.657  -19.799  12.140 0.1111110002
78165  -47.676  -19.896  12.135 0.1111110002
78182  -45.056  -19.005  11.863 0.1111110002
78183  -45.958  -19.192  11.591 0.1111110002
78184  -47.012  -19.289  11.406 0.1111110002
78185  -48.088  -19.660  11.434 0.2222220004
78198  -47.566  -19.167  10.776 0.1111110002
78199  -48.426  -19.385  10.611 0.1111110002
78159  -42.078  -19.459  12.474 0.1111110002
79278  -42.229  -18.554  12.434 0.1111110002
78181  -44.216  -19.004  11.851 0.1111110002
79287  -44.399  -18.305  11.584 0.1111110002
79288  -45.239  -18.330  11.239 0.1111110002
79289  -46.211  -18.634  10.970 0.1111110002
79299  -45.701  -17.992  10.696 0.1111110002
79290  -46.964  -18.704  10.718 0.1111110002
79302  -48.830  -18.833  9.896 0.1111110002
79303  -49.953  -19.026  9.820 0.3333329856
79301  -47.547  -18.418  9.993 0.1111110002
79321  -47.707  -17.842  9.582 0.1111110002
79323  -49.353  -18.186  9.339 0.3333329856
79324  -50.418  -18.250  9.357 0.3333329856
79277  -41.505  -18.719  12.916 0.1111110002
80336  -42.422  -17.522  12.562 0.1111110002
79279  -42.932  -18.359  12.078 0.1111110002
80344  -43.827  -17.552  11.630 0.1111110002
80345  -44.457  -17.556  11.329 0.1111110002
80346  -45.041  -17.396  10.889 0.1111110002
80356  -45.728  -17.289  10.317 0.1111110002
80372  -48.819  -17.258  9.144 0.2222220004
80373  -49.890  -17.368  9.082 0.3333329856
80357  -46.734  -17.262  9.771 0.1111110002
80371  -47.676  -17.154  9.363 0.1111110002
81387  -42.899  -17.021  12.226 0.1111110002
81388  -43.529  -16.594  11.963 0.1111110002
82430  -44.366  -15.727  11.751 0.1111110002
81397  -44.028  -17.066  11.555 0.1111110002
81398  -44.403  -16.614  11.419 0.1111110002
82449  -44.773  -16.001  11.237 0.1111110002
81399  -45.055  -16.459  10.728 0.1111110002
81408  -45.764  -16.287  10.046 0.1111110002
81422  -49.431  -16.444  8.976 0.2222220004
81409  -46.586  -16.191  9.668 0.1111110002
81420  -47.292  -16.016  9.327 0.1111110002
82477  -47.934  -15.085  8.792 0.1111110002
82478  -49.046  -15.522  8.759 0.2222220004
82479  -50.048  -15.724  8.747 0.2222220004
82490  -48.826  -14.695  8.542 0.1111110002
83527  -48.601  -14.026  8.436 0.1111110002
82491  -49.706  -14.905  8.376 0.2222220004
83529  -50.314  -14.200  7.724 0.2222220004
83541  -51.095  -13.955  7.283 0.2222220004
80326  -43.860  -16.756  13.901 0.1111110002
81369  -43.520  -16.120  12.993 0.1111110002
81368  -42.919  -16.738  12.644 0.1111110002
82411  -43.824  -15.889  12.250 0.1111110002
82431  -45.169  -14.947  12.145 0.1111110002
82450  -45.127  -15.200  10.847 0.1111110002
83490  -45.476  -14.071  10.931 0.1111110002
84648  -45.617  -13.846  10.897 0.1111110002
82464  -46.073  -15.254  9.814 0.1111110002
83507  -45.845  -14.311  10.250 0.1111110002
82476  -46.852  -15.030  9.406 0.1111110002
83518  -47.338  -14.222  9.194 0.1111110002
83526  -47.990  -14.128  8.726 0.1111110002
84681  -48.949  -13.281  8.081 0.1111110002
84682  -49.653  -13.592  7.730 0.1111110002
84687  -49.513  -12.996  7.534 0.1111110002
83540  -50.613  -13.737  7.306 0.2222220004
84689  -50.837  -13.484  6.966 0.1111110002
85912  -52.061  -13.047  5.820 0.2222220004
84707  -52.332  -13.491  5.790 0.3333329856
84708  -52.992  -13.568  5.534 0.2222220004
83575  -54.806  -14.529  4.996 0.3333329856
84724  -53.954  -13.845  4.678 0.3333329856
84725  -55.097  -13.789  4.385 0.3333329856
82412  -44.419  -15.599  12.655 0.1111110002
82413  -45.446  -15.528  12.993 0.1111110002
83472  -45.993  -14.262  12.095 0.1111110002
83473  -46.911  -14.314  12.391 0.1111110002
84651  -47.387  -13.376  11.438 0.1111110002
84650  -46.441  -13.448  11.173 0.1111110002
84674  -46.555  -13.580  10.071 0.1111110002
84675  -47.177  -13.393  9.630 0.1111110002
85890  -47.806  -12.833  9.218 0.1111110002
84680  -48.223  -13.397  8.560 0.1111110002
85898  -49.114  -12.348  7.818 0.1111110002
85902  -49.734  -12.395  6.914 0.1111110002
84696  -50.593  -13.070  6.709 0.1111110002
85909  -50.095  -11.919  6.462 0.1111110002
84697  -51.148  -13.116  6.496 0.1111110002
85911  -51.651  -12.561  5.906 0.1111110002
85924  -52.545  -12.635  5.386 0.1111110002
85925  -53.136  -13.049  5.269 0.3333329856
85940  -53.398  -12.654  4.807 0.2222220004
82432  -46.178  -14.859  12.709 0.1111110002
84667  -48.038  -12.777  10.990 0.1111110002
85882  -48.647  -12.157  10.400 0.1111110002
85881  -47.804  -12.718  10.033 0.1111110002
87058  -48.593  -11.666  9.235 0.1111110002
87059  -49.072  -11.465  8.567 0.1111110002
88174  -49.667  -10.765  7.292 0.1111110002
87071  -49.781  -11.378  6.710 0.1111110002
87073  -51.204  -11.688  5.891 0.1111110002
85923  -52.063  -12.191  5.544 0.1111110002
87087  -52.250  -11.682  5.325 0.1111110002
85939  -52.871  -12.207  4.876 0.1111110002
87101  -53.082  -11.586  4.692 0.1111110002
85941  -54.350  -12.737  4.207 0.3333329856
85942  -55.485  -12.688  3.791 0.3333329856
85862  -60.477  -13.405  11.936 0.3333329856
87040  -48.796  -11.780  10.237 0.1111110002
87042  -49.958  -11.183  10.968 0.1111110002
85863  -60.826  -13.492  11.633 0.3333329856
87041  -49.098  -11.611  10.389 0.1111110002
88151  -49.535  -10.609  9.746 0.1111110002
88160  -50.022  -10.088  8.760 0.1111110002
87051  -49.123  -11.058  9.786 0.1111110002
88167  -49.646  -10.786  8.153 0.1111110002
88168  -50.053  -10.141  7.732 0.1111110002
88175  -50.249  -10.409  6.703 0.1111110002
87086  -51.783  -11.863  5.614 0.1111110002
88188  -51.710  -11.132  5.542 0.1111110002
87088  -52.647  -11.286  5.039 0.1111110002
88201  -53.547  -10.906  4.638 0.1111110002
87102  -53.866  -11.672  4.438 0.1111110002
87103  -54.617  -11.600  3.926 0.3333329856
87114  -55.322  -11.503  3.568 0.3333329856
84640  -61.199  -13.930  11.953 0.3333329856
87043  -51.016  -10.843  11.415 0.1111110002
89206  -50.747  -9.612  10.366 0.1111110002
89212  -50.628  -9.550  9.356 0.1111110002
89228  -50.575  -9.659  7.360 0.1111110002
89229  -51.175  -9.621  6.580 0.1111110002
88176  -51.016  -10.685  5.958 0.1111110002
89242  -51.739  -10.132  5.647 0.1111110002
88190  -53.018  -10.585  5.002 0.1111110002
88202  -54.187  -10.536  4.432 0.1111110002
85999  -57.780  -12.615  1.092 0.4444440007
87161  -57.744  -12.035  1.070 0.4444440007
89213  -51.310  -9.225  8.826 0.1111110002
89214  -51.867  -8.741  8.284 0.1111110002
90283  -52.417  -8.162  7.724 0.1111110002
89222  -51.850  -8.827  7.152 0.1111110002
90284  -53.160  -7.779  7.214 0.1111110002
89230  -52.048  -9.173  6.082 0.1111110002
90291  -52.565  -8.404  6.641 0.1111110002
90303  -52.840  -8.828  5.674 0.1111110002
89245  -53.977  -9.468  4.858 0.1111110002
89255  -54.600  -9.498  4.391 0.1111110002
88203  -54.928  -10.464  3.822 0.1111110002
88212  -55.498  -10.762  3.476 0.2222220004
87145  -57.479  -11.506  1.635 0.3333329856
87146  -57.795  -11.193  1.145 0.3333329856
86000  -58.155  -12.819  0.725 0.3333329856
90280  -53.095  -7.627  8.267 0.1111110002
90304  -53.696  -8.723  5.498 0.1111110002
89256  -55.097  -9.387  3.798 0.1111110002
88224  -57.318  -10.416  1.895 0.2222220004
88225  -57.832  -10.063  1.587 0.2222220004
88238  -57.698  -10.683  1.473 0.2222220004
88239  -58.114  -10.338  1.019 0.2222220004
87162  -58.207  -11.521  0.549 0.2222220004
87176  -59.261  -11.490  -1.003 0.2222220004
90281  -53.846  -7.419  7.732 0.1111110002
90293  -54.138  -8.017  6.041 0.1111110002
90305  -54.547  -8.434  5.113 0.1111110002
90312  -54.900  -8.721  4.308 0.1111110002
90313  -55.500  -8.389  3.932 0.1111110002
89257  -55.712  -9.309  3.367 0.2222220004
89270  -57.633  -9.482  1.844 0.1111110002
89271  -58.175  -9.390  1.428 0.2222220004
89297  -59.098  -9.659  -0.069 0.2222220004
88252  -58.577  -10.424  0.174 0.2222220004
88265  -59.108  -10.530  -0.525 0.2222220004
87187  -59.816  -11.378  -1.554 0.2222220004
84841  -60.287  -12.906  -2.729 0.2222220004
84828  -60.007  -13.015  -2.774 0.2222220004
84811  -59.434  -13.379  -2.320 0.2222220004
91284  -54.509  -7.498  6.530 0.1111110002
91295  -54.706  -7.629  5.902 0.1111110002
90306  -55.177  -8.126  4.647 0.1111110002
91303  -55.663  -7.698  4.582 0.1111110002
90314  -56.248  -8.317  3.255 0.1111110002
91305  -56.750  -7.354  3.509 0.1111110002
90321  -56.846  -8.622  2.554 0.1111110002
90330  -57.935  -8.698  1.839 0.1111110002
90331  -58.688  -8.471  1.451 0.1111110002
90342  -59.388  -8.479  0.893 0.2222220004
80448  -52.992  -16.797  2.696 0.1111110002
81487  -53.425  -16.557  2.292 0.1111110002
89283  -58.784  -9.357  0.751 0.2222220004
89284  -59.326  -9.006  0.309 0.2222220004
89298  -59.453  -9.143  -0.341 0.2222220004
81500  -54.358  -16.637  1.778 0.1111110002
89312  -59.609  -9.456  -1.107 0.2222220004
89326  -59.675  -9.473  -1.710 0.2222220004
81515  -54.997  -16.252  0.914 0.1111110002
89311  -59.468  -9.837  -0.624 0.2222220004
88277  -59.802  -10.327  -1.684 0.2222220004
88278  -59.991  -10.271  -1.969 0.2222220004
88266  -59.508  -10.463  -1.153 0.2222220004
88287  -59.935  -10.353  -2.214 0.2222220004
87197  -60.183  -10.975  -2.176 0.2222220004
87196  -60.050  -11.120  -2.429 0.2222220004
86054  -60.431  -12.678  -2.613 0.2222220004
86053  -60.083  -12.555  -2.711 0.2222220004
86041  -59.539  -12.189  -2.586 0.2222220004
83660  -58.973  -14.356  -1.632 0.1111110002
91296  -55.340  -7.520  5.382 0.1111110002
91297  -56.233  -7.077  5.005 0.1111110002
91304  -56.119  -7.563  4.051 0.1111110002
90322  -57.537  -8.078  2.407 0.1111110002
90323  -58.166  -7.961  1.907 0.1111110002
91332  -59.254  -7.850  1.388 0.1111110002
81498  -52.542  -15.546  1.802 0.1111110002
90343  -59.462  -8.392  0.092 0.2222220004
81499  -53.216  -15.822  1.524 0.1111110002
81513  -53.446  -15.530  0.847 0.1111110002
90357  -59.510  -8.626  -0.642 0.2222220004
81514  -53.995  -15.931  0.795 0.1111110002
82568  -54.680  -15.296  0.385 0.1111110002
83632  -54.902  -14.608  -0.026 0.1111110002
89327  -59.800  -9.684  -1.972 0.2222220004
82582  -55.390  -15.052  0.125 0.1111110002
83643  -55.564  -14.305  -0.267 0.1111110002
82583  -56.194  -15.356  -0.029 0.1111110002
83644  -56.681  -14.370  -0.449 0.1111110002
87195  -59.592  -11.151  -2.568 0.2222220004
88285  -59.225  -10.359  -2.568 0.2222220004
83645  -57.761  -14.480  -0.815 0.1111110002
83659  -58.282  -14.142  -1.246 0.1111110002
86029  -58.687  -12.199  -2.082 0.2222220004
84810  -58.259  -13.235  -1.512 0.1111110002
92325  -57.723  -6.769  3.302 0.1111110002
92326  -58.658  -6.407  3.116 0.1111110002
91298  -56.657  -6.974  4.265 0.1111110002
92324  -57.175  -6.969  3.373 0.1111110002
91313  -58.141  -7.251  2.511 0.1111110002
91320  -58.763  -7.575  1.853 0.1111110002
91321  -59.348  -7.117  1.719 0.1111110002
84779  -53.537  -13.414  0.198 0.1111110002
91348  -59.523  -7.654  -0.463 0.2222220004
82567  -53.730  -15.103  0.495 0.1111110002
86012  -54.575  -12.430  -0.207 0.1111110002
90368  -59.476  -8.564  -1.216 0.2222220004
84794  -55.058  -13.329  -0.525 0.1111110002
90381  -59.603  -9.472  -2.116 0.2222220004
89336  -59.042  -9.703  -2.448 0.2222220004
89325  -58.714  -9.517  -2.063 0.2222220004
84795  -56.046  -13.325  -0.510 0.1111110002
84796  -57.228  -13.278  -0.886 0.1111110002
88276  -58.847  -10.141  -2.424 0.2222220004
87186  -58.894  -11.051  -2.447 0.2222220004
84797  -57.902  -13.787  -1.091 0.1111110002
84809  -57.570  -12.699  -1.331 0.1111110002
92342  -59.509  -6.438  1.213 0.1111110002
91333  -59.585  -7.502  0.740 0.1111110002
91358  -59.362  -7.529  -1.263 0.2222220004
84780  -54.298  -13.350  -0.159 0.2222220004
90380  -59.270  -8.706  -1.697 0.2222220004
90393  -58.981  -9.142  -1.998 0.2222220004
86013  -55.412  -12.375  -0.478 0.2222220004
86014  -56.331  -12.295  -0.711 0.1111110002
88275  -58.427  -10.244  -1.975 0.2222220004
87184  -57.266  -11.247  -1.403 0.1111110002
87185  -58.126  -11.191  -1.817 0.2222220004
86027  -57.036  -12.178  -1.256 0.1111110002
86028  -57.791  -12.128  -1.622 0.1111110002
90379  -58.591  -8.596  -1.651 0.2222220004
90378  -57.644  -8.442  -1.262 0.2222220004
87173  -55.677  -11.399  -0.554 0.2222220004
88264  -56.810  -10.368  -0.960 0.2222220004
89324  -58.047  -9.392  -1.609 0.2222220004
87174  -56.510  -11.311  -0.897 0.1111110002
89323  -57.139  -9.319  -1.084 0.2222220004
77955  -51.690  -20.916  26.654 0.2222220004
77991  -52.025  -20.269  25.257 0.3333329856
77957  -52.697  -20.724  27.154 0.2222220004
78023  -52.364  -19.795  23.080 0.3333329856
84712  -62.186  -13.919  5.577 0.1111110002
84729  -62.147  -13.950  4.609 0.3333329856
72325  -47.084  -25.509  33.993 0.1111110002
72342  -47.446  -25.238  33.614 0.1111110002
73518  -48.541  -23.810  32.717 0.1111110002
74598  -49.489  -23.250  31.006 0.1111110002
74585  -49.806  -23.337  31.538 0.1111110002
73759  -44.560  -23.888  14.093 0.1111110002
72643  -44.888  -24.673  14.398 0.2222220004
74869  -46.394  -22.664  13.364 0.1111110002
77975  -52.645  -20.526  26.498 0.2222220004
74870  -47.230  -22.407  13.436 0.1111110002
78008  -51.544  -19.787  23.660 0.3333329856
78037  -53.083  -19.966  22.290 0.3333329856
81423  -50.435  -16.579  8.952 0.3333329856
71463  -44.215  -25.213  14.462 0.2222220004
73760  -45.462  -23.811  14.123 0.1111110002
77956  -52.196  -20.613  27.028 0.2222220004
78047  -53.969  -20.340  21.250 0.3333329856
71392  -40.511  -26.071  18.971 0.3333329856
72586  -38.602  -25.528  19.213 0.2222220004
77064  -48.274  -20.563  12.551 0.1111110002
88204  -55.478  -10.067  3.581 0.2222220004
90329  -57.394  -8.849  2.148 0.1111110002
70184  -40.090  -26.554  18.498 0.2222220004
85983  -57.537  -12.618  1.441 0.4444440007
78200  -49.532  -19.601  10.578 0.3333329856
47514  -28.478  -47.325  39.213 0.1111110002
71410  -38.589  -26.126  17.861 0.1111110002
71460  -41.285  -25.483  14.129 0.1111110002
72641  -42.847  -24.639  14.044 0.1111110002
72642  -43.788  -24.361  14.173 0.1111110002
74824  -38.624  -21.252  16.710 0.1111110002
73755  -38.608  -23.045  14.244 0.1111110002
74848  -38.699  -21.918  14.821 0.1111110002
72655  -41.011  -23.488  13.442 0.1111110002
73769  -41.355  -22.984  13.264 0.1111110002
72657  -42.529  -23.970  13.696 0.1111110002
73772  -44.359  -23.394  13.715 0.1111110002
74825  -39.409  -20.948  16.623 0.1111110002
74808  -40.333  -20.790  17.645 0.1111110002
75932  -39.662  -20.552  16.237 0.1111110002
74862  -39.740  -22.212  13.879 0.1111110002
75973  -41.322  -21.221  12.875 0.1111110002
74866  -42.928  -22.460  12.993 0.1111110002
75974  -41.942  -21.594  12.834 0.1111110002
75990  -44.962  -21.403  12.707 0.1111110002
75987  -42.221  -21.103  12.602 0.1111110002
77059  -43.559  -20.308  12.273 0.1111110002
78180  -43.528  -18.939  11.974 0.1111110002
79286  -43.652  -18.289  11.794 0.1111110002
79300  -46.456  -18.097  10.351 0.1111110002
80358  -47.399  -17.690  9.648 0.1111110002
79322  -48.295  -18.001  9.466 0.1111110002
80335  -41.828  -18.042  12.753 0.1111110002
80337  -43.128  -17.527  11.947 0.1111110002
81421  -48.335  -16.289  8.941 0.1111110002
80370  -47.060  -16.666  9.523 0.1111110002
81389  -43.992  -16.199  11.748 0.1111110002
82465  -46.685  -15.626  9.561 0.1111110002
82489  -48.330  -14.492  8.630 0.1111110002
83528  -49.344  -14.123  8.150 0.1111110002
83471  -45.402  -14.366  11.547 0.1111110002
83491  -45.883  -13.811  11.491 0.1111110002
84665  -46.199  -13.666  10.543 0.1111110002
82475  -46.362  -14.775  9.665 0.1111110002
83508  -46.232  -13.913  10.122 0.1111110002
83517  -46.503  -14.204  9.707 0.1111110002
84679  -47.712  -13.494  8.995 0.1111110002
84688  -50.166  -13.319  7.177 0.1111110002
84723  -53.444  -13.410  5.166 0.2222220004
82433  -47.214  -15.015  12.789 0.1111110002
83492  -46.683  -13.770  11.836 0.1111110002
84666  -46.996  -13.091  10.555 0.1111110002
85891  -48.241  -12.186  9.540 0.1111110002
85896  -47.941  -13.016  8.773 0.1111110002
85897  -48.367  -12.453  8.612 0.1111110002
87064  -49.377  -11.501  7.509 0.1111110002
85910  -50.619  -12.406  6.354 0.1111110002
87100  -52.615  -11.876  4.979 0.1111110002
82414  -46.556  -15.691  13.040 0.1111110002
84668  -49.055  -12.632  11.275 0.1111110002
85883  -49.404  -11.983  10.940 0.1111110002
87050  -48.685  -11.672  9.937 0.1111110002
87072  -50.471  -11.412  6.275 0.1111110002
85884  -49.854  -11.909  11.272 0.1111110002
87052  -49.600  -10.700  10.146 0.1111110002
88159  -49.545  -10.673  9.139 0.1111110002
88152  -49.959  -10.178  9.967 0.1111110002
89220  -50.596  -9.559  8.284 0.1111110002
88189  -52.343  -10.774  5.319 0.1111110002
88142  -50.678  -10.287  10.809 0.1111110002
89243  -52.546  -9.818  5.433 0.1111110002
89244  -53.287  -9.584  5.176 0.1111110002
88191  -53.604  -10.201  4.802 0.1111110002
89208  -51.960  -8.866  9.424 0.1111110002
89221  -51.184  -9.161  7.728 0.1111110002
90292  -53.386  -8.200  6.301 0.1111110002
90285  -53.918  -7.626  6.829 0.1111110002
86042  -60.082  -11.953  -2.613 0.2222220004
90315  -56.891  -7.900  2.892 0.1111110002
87188  -60.235  -11.212  -1.907 0.2222220004
88286  -59.685  -10.428  -2.445 0.2222220004
86043  -60.613  -12.176  -2.227 0.2222220004
91312  -57.309  -7.325  2.935 0.1111110002
82566  -52.968  -15.081  0.842 0.1111110002
83642  -54.751  -14.031  -0.321 0.1111110002
89338  -59.755  -9.958  -2.258 0.2222220004
91314  -58.900  -6.939  2.351 0.1111110002
83631  -54.169  -14.304  0.136 0.1111110002
83630  -53.242  -14.291  0.432 0.1111110002
90394  -59.349  -9.417  -2.200 0.2222220004
91368  -59.115  -7.321  -1.574 0.2222220004
87172  -54.851  -11.470  -0.249 0.2222220004
88274  -57.616  -10.291  -1.495 0.2222220004
88263  -55.907  -10.452  -0.685 0.2222220004
83566  -61.919  -14.854  5.281 0.1111110002
48698  -21.369  -47.883  27.769 0.2222220004
48699  -22.405  -47.629  27.498 0.2222220004
48712  -23.413  -46.536  27.004 0.2222220004
48696  -19.645  -47.099  27.651 0.2222220004
48710  -21.669  -46.928  27.078 0.2222220004
49744  -19.991  -46.590  27.176 0.2222220004
49758  -20.747  -46.170  26.766 0.2222220004
48711  -22.656  -46.779  26.901 0.2222220004
49760  -23.062  -46.091  26.311 0.2222220004
50826  -21.272  -45.237  26.206 0.2222220004
51911  -22.972  -44.576  25.164 0.2222220004
46567  -14.869  -49.326  28.784 0.1111110002
46590  -15.195  -48.489  28.438 0.1111110002
46591  -16.213  -48.504  28.380 0.1111110002
47649  -17.540  -47.677  28.061 0.1111110002
48693  -16.560  -46.273  27.521 0.1111110002
48694  -17.861  -46.532  27.563 0.1111110002
49742  -18.475  -46.081  27.306 0.1111110002
49743  -19.200  -46.307  27.189 0.1111110002
49757  -19.640  -45.628  26.811 0.1111110002
49768  -22.481  -45.548  25.970 0.2222220004
50840  -23.223  -45.383  25.695 0.2222220004
52930  -24.057  -43.456  24.740 0.1111110002
50848  -21.171  -44.069  25.430 0.1111110002
51923  -20.644  -43.414  25.429 0.1111110002
51924  -21.743  -43.664  25.134 0.1111110002
51925  -22.692  -43.695  25.053 0.1111110002
52929  -23.180  -43.034  24.943 0.1111110002
52949  -24.521  -42.906  24.206 0.1111110002
61531  -29.923  -34.578  20.695 0.1111110002
61532  -30.405  -34.491  20.876 0.1111110002
62635  -30.458  -34.129  20.314 0.1111110002
61551  -32.335  -34.429  20.173 0.1111110002
62634  -30.004  -34.135  20.345 0.1111110002
61550  -31.668  -33.966  19.832 0.1111110002
62653  -30.884  -33.568  19.805 0.1111110002
61572  -32.322  -33.939  19.499 0.1111110002
61577  -37.063  -34.537  19.605 0.1111110002
62668  -37.695  -33.951  19.820 0.1111110002
62669  -38.210  -33.313  19.668 0.1111110002
63841  -37.316  -32.567  18.762 0.1111110002
63818  -38.267  -32.555  19.058 0.1111110002
63819  -38.928  -32.157  19.379 0.1111110002
62687  -33.182  -33.587  18.796 0.1111110002
61575  -35.334  -35.084  19.414 0.1111110002
61595  -36.000  -34.431  19.015 0.1111110002
61594  -35.023  -34.494  18.759 0.1111110002
61596  -36.598  -34.449  19.210 0.1111110002
62691  -36.901  -33.775  18.873 0.1111110002
65042  -39.335  -31.552  19.469 0.1111110002
65022  -39.971  -31.327  20.178 0.1111110002
63817  -37.703  -33.247  19.175 0.1111110002
65041  -38.607  -31.436  18.781 0.1111110002
66143  -39.441  -30.499  19.264 0.1111110002
66127  -40.050  -30.448  19.999 0.1111110002
66142  -38.659  -30.563  18.674 0.1111110002
65053  -36.782  -32.124  18.755 0.1111110002
65055  -37.909  -31.400  18.423 0.1111110002
70232  -43.689  -26.877  15.076 0.2222220004
47653  -22.209  -48.193  28.191 0.2222220004
65023  -40.458  -31.254  20.684 0.1111110002
67133  -40.539  -29.743  20.510 0.1111110002
45493  -15.330  -50.091  29.359 0.1111110002
46568  -16.061  -49.510  29.226 0.1111110002
47648  -16.376  -47.471  28.024 0.1111110002
48695  -18.863  -46.891  27.606 0.1111110002
48697  -20.412  -47.393  27.629 0.2222220004
61573  -33.160  -34.364  19.252 0.1111110002
48709  -20.886  -47.126  27.169 0.2222220004
49745  -20.450  -46.858  27.126 0.2222220004
49759  -21.967  -46.000  26.318 0.2222220004
50827  -21.857  -45.345  26.072 0.2222220004
47647  -15.362  -47.479  28.132 0.1111110002
48708  -17.152  -45.760  27.310 0.1111110002
50838  -20.767  -44.294  25.799 0.1111110002
50825  -20.234  -44.943  26.392 0.1111110002
50839  -22.011  -44.769  25.683 0.1111110002
51910  -22.365  -44.188  25.246 0.1111110002
50837  -19.923  -44.004  26.165 0.1111110002
51922  -20.086  -42.763  25.563 0.1111110002
52928  -22.233  -42.718  24.762 0.1111110002
63811  -31.959  -32.631  19.384 0.1111110002
63793  -31.203  -32.582  19.458 0.1111110002
62690  -35.722  -33.680  18.689 0.1111110002
63842  -37.905  -31.960  18.545 0.1111110002
63840  -36.277  -32.696  18.822 0.1111110002
65054  -37.151  -31.544  18.557 0.1111110002
66155  -37.795  -30.586  18.443 0.1111110002
65040  -36.622  -31.232  18.884 0.1111110002
66154  -36.687  -30.663  18.796 0.1111110002
62792  -57.650  -33.569  10.086 0.1111110002
62793  -58.760  -33.898  10.341 0.1111110002
59339  -62.699  -36.953  9.691 0.1111110002
58357  -62.684  -37.851  10.193 0.1111110002
65120  -55.020  -31.412  10.457 0.1111110002
63924  -54.845  -32.505  10.735 0.1111110002
62791  -56.440  -33.003  9.785 0.1111110002
62801  -58.639  -33.674  9.248 0.1111110002
62802  -59.638  -33.843  9.544 0.1111110002
62811  -60.897  -34.214  9.180 0.1111110002
61669  -61.751  -34.733  9.492 0.1111110002
60483  -62.713  -36.059  9.352 0.1111110002
66218  -54.890  -30.990  10.731 0.1111110002
63928  -55.208  -32.224  10.158 0.1111110002
61675  -62.308  -34.967  8.428 0.1111110002
60487  -62.885  -35.779  8.426 0.1111110002
65122  -55.480  -31.366  9.988 0.1111110002
57385  -62.413  -38.756  11.304 0.1111110002
63922  -53.749  -32.055  11.750 0.1111110002
63923  -54.368  -32.269  11.246 0.1111110002
62781  -55.437  -33.047  10.750 0.1111110002
59314  -62.113  -36.799  11.284 0.1111110002
58329  -62.414  -38.244  11.215 0.1111110002
65116  -53.381  -31.448  11.891 0.1111110002
65117  -54.037  -31.427  11.397 0.1111110002
62782  -56.649  -33.498  10.995 0.1111110002
62794  -59.754  -33.916  10.523 0.1111110002
62795  -60.587  -34.026  10.558 0.1111110002
61665  -61.796  -35.184  10.311 0.1111110002
59326  -62.500  -36.906  10.596 0.1111110002
58344  -62.395  -37.653  11.050 0.1111110002
62796  -61.201  -34.508  10.410 0.1111110002
60480  -62.380  -36.044  10.254 0.1111110002
66214  -54.579  -30.654  11.140 0.1111110002
63927  -54.679  -31.986  10.614 0.1111110002
62790  -55.682  -32.720  10.087 0.1111110002
62804  -61.041  -34.352  9.691 0.1111110002
61666  -62.359  -35.617  9.797 0.1111110002
66219  -55.471  -30.484  10.420 0.1111110002
59313  -61.883  -36.801  11.890 0.1111110002
62770  -54.743  -33.057  11.656 0.1111110002
62783  -57.837  -33.782  11.231 0.1111110002
62784  -58.949  -33.931  11.424 0.1111110002
60470  -61.731  -36.063  12.455 0.1111110002
62785  -59.939  -33.783  11.492 0.1111110002
62787  -61.343  -34.627  10.944 0.1111110002
60479  -61.860  -35.669  10.933 0.1111110002
60477  -62.112  -36.263  10.943 0.1111110002
62786  -60.897  -34.072  11.512 0.1111110002
66213  -53.799  -30.694  11.622 0.1111110002
67199  -54.192  -30.245  11.536 0.1111110002
67200  -54.655  -29.890  11.426 0.1111110002
68192  -59.209  -28.583  8.307 0.1111110002
71521  -60.606  -25.592  7.416 0.1111110002
72703  -60.529  -25.244  8.038 0.1111110002
59293  -61.492  -36.916  13.186 0.1111110002
65114  -52.612  -31.512  12.369 0.1111110002
63918  -53.237  -32.257  12.380 0.1111110002
63919  -54.037  -32.670  12.140 0.1111110002
60460  -61.566  -36.007  13.219 0.1111110002
66210  -51.965  -30.702  12.404 0.1111110002
62757  -54.510  -33.429  12.965 0.1111110002
62772  -56.903  -33.820  12.177 0.1111110002
61647  -61.364  -35.103  13.172 0.1111110002
61648  -61.641  -35.571  12.842 0.1111110002
62771  -55.668  -33.563  11.943 0.1111110002
62773  -58.087  -33.651  12.342 0.1111110002
62774  -59.151  -33.621  12.447 0.1111110002
61657  -61.177  -34.615  12.551 0.1111110002
61658  -61.535  -35.338  12.387 0.1111110002
60476  -61.773  -35.964  11.647 0.1111110002
67194  -52.488  -29.824  12.178 0.1111110002
66211  -52.949  -30.666  11.953 0.1111110002
62775  -60.072  -33.595  12.487 0.1111110002
61663  -61.435  -34.938  11.550 0.1111110002
68151  -52.188  -29.236  12.460 0.1111110002
67195  -53.708  -29.743  11.875 0.1111110002
66215  -55.060  -30.092  11.002 0.1111110002
67205  -55.867  -29.750  10.380 0.1111110002
67202  -56.298  -28.980  10.789 0.1111110002
67206  -56.586  -29.305  10.097 0.1111110002
67213  -56.932  -29.662  9.433 0.1111110002
67215  -58.606  -28.750  8.753 0.1111110002
70299  -61.611  -26.343  8.773 0.1111110002
72683  -60.915  -25.441  9.043 0.1111110002
68194  -61.523  -27.950  8.207 0.1111110002
70300  -62.506  -26.858  8.231 0.1111110002
71511  -61.204  -25.718  8.749 0.1111110002
72704  -60.912  -25.205  8.203 0.1111110002
71522  -61.304  -25.807  7.948 0.1111110002
70335  -62.778  -27.159  6.979 0.1111110002
71531  -61.770  -26.431  7.380 0.1111110002
72692  -59.810  -24.859  8.544 0.1111110002
71135  -47.182  -26.086  34.196 0.1111110002
61590  -57.184  -34.689  19.854 0.1111110002
59264  -58.928  -37.036  15.922 0.1111110002
59276  -59.401  -36.740  15.614 0.1111110002
62680  -57.026  -33.762  19.887 0.1111110002
59285  -60.793  -36.869  14.331 0.1111110002
59286  -61.201  -36.905  13.661 0.1111110002
63917  -52.505  -32.201  12.838 0.1111110002
60451  -61.347  -36.408  13.519 0.1111110002
67192  -50.809  -29.992  12.961 0.1111110002
65113  -51.794  -31.635  13.008 0.1111110002
63911  -52.901  -32.804  13.047 0.1111110002
63912  -53.621  -32.888  12.803 0.1111110002
62758  -55.951  -33.853  13.219 0.1111110002
62759  -57.259  -33.863  13.364 0.1111110002
60459  -61.248  -35.474  13.562 0.1111110002
67193  -51.431  -29.662  12.643 0.1111110002
62776  -60.668  -34.054  12.586 0.1111110002
68146  -51.961  -28.474  12.773 0.1111110002
68152  -52.930  -28.994  12.378 0.1111110002
68153  -54.015  -28.555  12.350 0.1111110002
67196  -54.733  -29.180  11.797 0.1111110002
67197  -55.315  -28.868  11.665 0.1111110002
67201  -55.628  -29.404  11.072 0.1111110002
68159  -56.176  -28.808  11.105 0.1111110002
68164  -57.132  -28.706  10.160 0.1111110002
68165  -57.904  -28.358  9.995 0.1111110002
67207  -57.332  -28.874  9.843 0.1111110002
67214  -57.777  -29.148  9.178 0.1111110002
68166  -58.663  -28.055  9.836 0.1111110002
68173  -58.922  -28.288  9.230 0.1111110002
69195  -60.811  -27.240  9.704 0.1111110002
69196  -61.160  -26.648  9.608 0.1111110002
70286  -60.879  -26.013  9.852 0.1111110002
71501  -60.918  -25.615  9.496 0.1111110002
72673  -60.851  -24.483  10.297 0.1111110002
68174  -59.778  -27.843  9.004 0.1111110002
69214  -60.194  -27.730  8.955 0.1111110002
72682  -60.489  -25.024  9.420 0.1111110002
68193  -60.217  -28.080  8.408 0.1111110002
69215  -60.827  -27.736  8.957 0.1111110002
69216  -61.829  -27.298  8.586 0.1111110002
73801  -60.289  -23.828  9.866 0.1111110002
73800  -59.626  -23.672  9.506 0.1111110002
74896  -60.933  -22.668  10.138 0.1111110002
74895  -59.661  -22.690  9.804 0.1111110002
71280  -54.383  -25.975  25.554 0.1111110002
70113  -54.558  -27.182  24.252 0.1111110002
69037  -54.539  -27.684  23.783 0.1111110002
67114  -54.966  -29.569  22.556 0.1111110002
67127  -55.075  -29.535  21.797 0.1111110002
65009  -55.448  -31.263  21.596 0.1111110002
63805  -55.627  -31.937  21.080 0.1111110002
63828  -55.253  -32.237  20.059 0.1111110002
60432  -58.435  -35.334  16.341 0.1111110002
63806  -56.211  -32.692  21.042 0.1111110002
63829  -56.186  -33.082  19.726 0.1111110002
62681  -57.136  -33.515  18.841 0.1111110002
61611  -57.622  -34.258  17.555 0.1111110002
61612  -58.264  -34.238  16.889 0.1111110002
60441  -58.900  -35.999  15.644 0.1111110002
68124  -50.085  -28.754  16.209 0.1111110002
67179  -50.475  -29.631  15.459 0.1111110002
59277  -60.227  -36.748  15.155 0.1111110002
68132  -49.840  -28.674  15.104 0.1111110002
67187  -50.132  -29.565  14.369 0.1111110002
68131  -49.643  -28.083  14.577 0.1111110002
68141  -49.828  -28.682  13.999 0.1111110002
66205  -50.466  -30.235  13.729 0.1111110002
66206  -50.838  -30.949  14.019 0.1111110002
65112  -51.242  -31.404  13.587 0.1111110002
60443  -60.372  -35.827  14.759 0.1111110002
67189  -50.505  -29.429  13.307 0.1111110002
66209  -50.965  -30.688  13.029 0.1111110002
63910  -52.278  -32.474  13.717 0.1111110002
62756  -53.433  -33.187  13.467 0.1111110002
60450  -61.078  -35.913  13.978 0.1111110002
68145  -50.623  -28.138  13.308 0.1111110002
67190  -51.084  -28.926  12.937 0.1111110002
62763  -60.636  -34.339  13.442 0.1111110002
62760  -58.375  -33.548  13.428 0.1111110002
62761  -59.319  -33.407  13.451 0.1111110002
69156  -51.632  -27.409  13.294 0.1111110002
68147  -53.228  -28.141  12.670 0.1111110002
68148  -53.814  -28.008  12.626 0.1111110002
68154  -55.024  -28.494  12.153 0.1111110002
68155  -55.927  -28.400  11.617 0.1111110002
68156  -56.551  -28.044  11.516 0.1111110002
69174  -56.885  -27.860  11.423 0.1111110002
68160  -56.816  -28.359  10.815 0.1111110002
68161  -57.538  -27.996  10.599 0.1111110002
69182  -59.934  -27.139  10.594 0.1111110002
69178  -60.461  -26.250  11.259 0.1111110002
69183  -60.586  -26.481  10.585 0.1111110002
69193  -59.044  -27.899  9.743 0.1111110002
70277  -60.751  -25.827  10.814 0.1111110002
71491  -60.925  -25.071  10.622 0.1111110002
71490  -60.788  -24.948  10.390 0.1111110002
73793  -61.481  -23.728  10.483 0.1111110002
69194  -59.795  -27.625  9.547 0.1111110002
74889  -61.287  -23.260  10.351 0.1111110002
76015  -61.525  -21.666  9.465 0.1111110002
70114  -54.531  -26.622  23.963 0.1111110002
69045  -54.448  -27.455  23.182 0.1111110002
69054  -54.276  -27.604  22.599 0.1111110002
68078  -54.435  -28.522  21.733 0.1111110002
70191  -50.322  -26.745  18.316 0.1111110002
69044  -54.451  -28.031  22.808 0.1111110002
68079  -54.832  -29.026  21.793 0.1111110002
67135  -54.638  -29.439  21.095 0.1111110002
66136  -54.404  -30.178  20.540 0.1111110002
69102  -49.959  -27.728  17.974 0.1111110002
67136  -54.934  -29.601  21.383 0.1111110002
65048  -54.590  -31.706  19.615 0.1111110002
63850  -55.377  -32.674  18.934 0.1111110002
68117  -50.353  -28.801  17.329 0.1111110002
63849  -54.798  -32.293  19.243 0.1111110002
63830  -56.790  -33.197  18.893 0.1111110002
62699  -57.339  -33.501  18.070 0.1111110002
62709  -57.834  -33.600  17.285 0.1111110002
69115  -49.771  -27.808  16.871 0.1111110002
67171  -50.745  -29.498  16.497 0.1111110002
67180  -51.106  -30.088  15.984 0.1111110002
66188  -51.794  -30.856  15.849 0.1111110002
62717  -58.625  -33.558  16.570 0.1111110002
60433  -59.070  -34.904  15.911 0.1111110002
60442  -59.453  -35.599  15.448 0.1111110002
69129  -49.640  -27.879  15.859 0.1111110002
66187  -51.045  -30.363  15.364 0.1111110002
65102  -51.957  -31.606  15.116 0.1111110002
63899  -52.508  -32.216  15.002 0.1111110002
69141  -49.590  -27.865  15.162 0.1111110002
66199  -50.642  -30.309  14.640 0.1111110002
65109  -51.401  -31.524  14.313 0.1111110002
63909  -51.910  -32.020  14.475 0.1111110002
63900  -53.576  -32.786  15.087 0.1111110002
62741  -53.940  -33.402  14.240 0.1111110002
61629  -60.040  -34.882  15.050 0.1111110002
62740  -52.974  -33.076  14.236 0.1111110002
62742  -55.091  -33.600  14.417 0.1111110002
62728  -56.858  -33.177  15.317 0.1111110002
62745  -58.630  -33.207  14.407 0.1111110002
63903  -59.760  -33.220  14.940 0.1111110002
62731  -59.979  -33.925  15.121 0.1111110002
62732  -60.239  -34.537  14.736 0.1111110002
62743  -56.423  -33.640  14.403 0.1111110002
62744  -57.631  -33.506  14.434 0.1111110002
62746  -59.466  -33.131  14.415 0.1111110002
62748  -60.336  -34.420  14.287 0.1111110002
62747  -60.026  -33.740  14.274 0.1111110002
61638  -60.872  -35.021  13.818 0.1111110002
62762  -60.070  -33.631  13.447 0.1111110002
69157  -52.768  -27.481  13.124 0.1111110002
69167  -54.599  -27.961  12.674 0.1111110002
69168  -55.519  -27.832  12.539 0.1111110002
73795  -62.703  -22.959  10.515 0.1111110002
76010  -63.091  -21.408  10.114 0.1111110002
76017  -62.926  -21.630  9.307 0.1111110002
76033  -63.113  -21.326  8.946 0.1111110002
69175  -57.633  -27.564  11.213 0.1111110002
69176  -58.960  -26.764  11.603 0.1111110002
69177  -60.109  -26.524  11.355 0.1111110002
70273  -60.455  -26.091  11.794 0.1111110002
72670  -62.230  -24.268  11.043 0.1111110002
73794  -62.314  -23.611  10.618 0.1111110002
74898  -62.628  -22.041  9.880 0.1111110002
74899  -62.976  -21.748  9.803 0.1111110002
69180  -57.932  -27.846  10.505 0.1111110002
69181  -58.735  -27.620  10.352 0.1111110002
70276  -60.621  -26.056  11.250 0.1111110002
71488  -61.578  -24.697  11.226 0.1111110002
76032  -62.775  -21.270  8.807 0.1111110002
69184  -60.768  -26.257  10.172 0.1111110002
74897  -61.969  -22.270  9.979 0.1111110002
76016  -62.379  -21.692  9.353 0.1111110002
77101  -62.513  -20.649  8.137 0.1111110002
69088  -50.338  -27.524  19.010 0.1111110002
66150  -54.104  -30.898  19.873 0.1111110002
65062  -54.466  -31.963  18.743 0.1111110002
67172  -51.530  -30.038  16.725 0.1111110002
63851  -56.160  -32.820  18.458 0.1111110002
65063  -57.228  -32.980  17.444 0.1111110002
70204  -50.065  -26.757  17.348 0.1111110002
66177  -52.120  -30.623  16.708 0.1111110002
65090  -52.074  -31.374  15.581 0.1111110002
65091  -52.549  -31.591  15.670 0.1111110002
63875  -57.495  -32.843  16.589 0.1111110002
65085  -57.971  -32.947  16.725 0.1111110002
62718  -59.357  -33.670  15.987 0.1111110002
61620  -59.502  -34.513  15.654 0.1111110002
70221  -49.749  -26.728  16.090 0.1111110002
62726  -54.947  -33.057  15.233 0.1111110002
63889  -58.133  -32.589  15.944 0.1111110002
63877  -59.042  -33.021  16.248 0.1111110002
70220  -49.606  -26.920  15.650 0.1111110002
63901  -54.409  -33.120  15.052 0.1111110002
63890  -58.945  -32.584  15.868 0.1111110002
62727  -55.669  -33.126  15.305 0.1111110002
62730  -58.791  -32.711  15.182 0.1111110002
63902  -59.383  -32.765  15.211 0.1111110002
70241  -49.832  -26.657  14.672 0.1111110002
69154  -50.260  -27.152  13.701 0.1111110002
69155  -50.648  -27.089  13.595 0.1111110002
70256  -52.390  -26.715  13.562 0.1111110002
69158  -53.944  -27.515  13.014 0.1111110002
69166  -54.097  -27.970  12.625 0.1111110002
74883  -62.375  -22.892  11.701 0.1111110002
74884  -62.832  -22.604  11.176 0.1111110002
76018  -63.185  -21.294  9.362 0.1111110002
77102  -63.094  -20.694  8.553 0.1111110002
69169  -56.664  -27.602  12.208 0.1111110002
73785  -62.483  -23.534  11.282 0.1111110002
74892  -62.885  -22.308  10.436 0.1111110002
69170  -57.875  -27.113  12.490 0.1111110002
70272  -59.812  -26.262  12.090 0.1111110002
70269  -60.622  -25.722  12.211 0.1111110002
70274  -60.805  -25.731  11.681 0.1111110002
73786  -62.816  -23.067  10.790 0.1111110002
71487  -61.077  -25.240  11.436 0.1111110002
77112  -62.045  -20.114  7.238 0.1111110002
72533  -51.119  -24.462  21.936 0.1111110002
71355  -51.034  -25.483  20.208 0.1111110002
71333  -51.258  -25.638  21.408 0.1111110002
71377  -50.985  -25.335  19.148 0.1111110002
70175  -50.770  -26.591  19.701 0.1111110002
70157  -51.189  -26.415  20.698 0.1111110002
70192  -50.660  -26.040  18.692 0.1111110002
70174  -50.491  -26.688  18.952 0.1111110002
68108  -50.422  -28.634  18.443 0.1111110002
68118  -50.890  -29.294  17.915 0.1111110002
67160  -51.006  -29.539  17.251 0.1111110002
71396  -50.671  -25.978  17.763 0.1111110002
66189  -52.645  -31.105  16.478 0.1111110002
63874  -56.557  -32.681  16.682 0.1111110002
63885  -53.272  -32.039  15.635 0.1111110002
63863  -56.970  -32.816  17.179 0.1111110002
71414  -50.622  -25.968  16.753 0.1111110002
63887  -56.059  -32.684  16.045 0.1111110002
63888  -57.192  -32.843  15.982 0.1111110002
70235  -50.028  -26.215  15.179 0.1111110002
70242  -50.447  -26.293  14.339 0.1111110002
70254  -50.799  -26.504  13.838 0.1111110002
70244  -51.976  -25.956  13.821 0.1111110002
70255  -51.430  -26.604  13.633 0.1111110002
70257  -53.464  -26.805  13.660 0.1111110002
70258  -54.572  -26.788  13.788 0.1111110002
70259  -55.443  -26.798  13.794 0.1111110002
69151  -56.228  -26.739  14.095 0.1111110002
69160  -55.977  -27.180  13.235 0.1111110002
69152  -56.788  -26.723  14.239 0.1111110002
70260  -57.158  -26.603  14.299 0.1111110002
69159  -55.006  -27.396  13.246 0.1111110002
70261  -57.769  -26.545  14.054 0.1111110002
70262  -58.505  -26.288  13.706 0.1111110002
70263  -59.157  -25.906  13.522 0.1111110002
71476  -59.818  -25.467  13.311 0.1111110002
73782  -61.974  -23.667  11.917 0.1111110002
76004  -62.554  -21.968  11.671 0.1111110002
76005  -62.965  -21.717  10.903 0.1111110002
70266  -58.933  -26.221  13.072 0.1111110002
71481  -60.002  -25.673  12.771 0.1111110002
71478  -60.814  -24.955  12.700 0.1111110002
72666  -61.342  -24.432  12.249 0.1111110002
69171  -58.578  -26.550  12.695 0.1111110002
70271  -59.186  -26.303  12.441 0.1111110002
71482  -60.391  -25.531  12.679 0.1111110002
71483  -60.954  -25.214  12.304 0.1111110002
71484  -61.433  -24.821  11.784 0.1111110002
77113  -62.857  -20.226  7.146 0.1111110002
72575  -51.286  -24.466  19.598 0.1111110002
70141  -51.665  -26.762  21.442 0.1111110002
68095  -50.701  -28.504  19.271 0.1111110002
67161  -51.677  -29.627  17.683 0.1111110002
67173  -52.076  -30.228  17.234 0.1111110002
71397  -51.197  -25.300  18.177 0.1111110002
63886  -54.592  -32.279  15.966 0.1111110002
71431  -50.557  -25.782  15.768 0.1111110002
71448  -50.719  -25.736  14.900 0.1111110002
71465  -51.452  -25.533  14.474 0.1111110002
70245  -52.984  -26.083  14.012 0.1111110002
70246  -54.115  -26.097  14.229 0.1111110002
70247  -55.468  -26.129  14.666 0.1111110002
70248  -56.621  -26.275  14.707 0.1111110002
70249  -57.385  -26.157  14.540 0.1111110002
70251  -58.670  -25.825  14.008 0.1111110002
71473  -59.101  -25.458  13.898 0.1111110002
72661  -59.833  -24.654  13.604 0.1111110002
76003  -61.647  -21.561  11.746 0.1111110002
77078  -62.809  -21.324  11.174 0.1111110002
77082  -62.946  -20.703  10.573 0.1111110002
72652  -59.474  -25.140  13.794 0.1111110002
72665  -61.042  -24.123  12.481 0.1111110002
74880  -61.244  -22.998  12.316 0.1111110002
75995  -62.194  -22.556  11.898 0.1111110002
71477  -60.524  -25.123  13.003 0.1111110002
72663  -60.949  -24.823  12.527 0.1111110002
77993  -52.984  -20.269  26.114 0.2222220004
76893  -53.056  -20.895  26.134 0.2222220004
75777  -53.329  -21.687  25.741 0.1111110002
76904  -52.892  -20.428  25.661 0.2222220004
75789  -52.700  -21.569  24.915 0.2222220004
75812  -52.003  -21.866  23.236 0.1111110002
75802  -52.166  -21.794  23.839 0.1111110002
74703  -52.368  -22.548  24.563 0.1111110002
74715  -51.800  -22.434  23.398 0.1111110002
73668  -51.477  -23.276  22.466 0.1111110002
73662  -51.720  -23.546  23.630 0.1111110002
73676  -51.349  -23.546  21.251 0.1111110002
72512  -51.646  -24.359  23.059 0.1111110002
71315  -51.664  -25.377  22.512 0.1111110002
72555  -51.067  -24.488  20.728 0.1111110002
69075  -51.422  -27.621  20.671 0.1111110002
68096  -51.467  -28.681  19.750 0.1111110002
67150  -52.042  -29.479  18.362 0.1111110002
66168  -52.912  -30.698  17.688 0.1111110002
66179  -53.524  -31.114  17.125 0.1111110002
68109  -51.280  -29.199  18.683 0.1111110002
66178  -52.668  -30.770  17.156 0.1111110002
65081  -53.885  -31.314  16.812 0.1111110002
65082  -54.403  -31.553  16.895 0.1111110002
66190  -53.148  -31.131  16.815 0.1111110002
65092  -53.624  -31.467  16.426 0.1111110002
65093  -54.217  -31.714  16.433 0.1111110002
63873  -55.339  -32.143  16.831 0.1111110002
71432  -51.272  -25.250  16.252 0.1111110002
72613  -51.853  -24.621  16.745 0.1111110002
71449  -51.312  -25.287  15.318 0.1111110002
72628  -52.100  -24.678  15.674 0.1111110002
72629  -53.200  -24.154  15.509 0.1111110002
72646  -51.960  -25.027  14.863 0.1111110002
72630  -54.135  -24.038  15.432 0.1111110002
72631  -55.041  -24.018  15.963 0.1111110002
71450  -55.284  -24.874  15.339 0.1111110002
71466  -52.436  -25.417  14.347 0.1111110002
71467  -53.479  -25.372  14.461 0.1111110002
71468  -54.640  -25.276  14.749 0.1111110002
72633  -56.352  -24.741  15.863 0.1111110002
71451  -55.841  -25.484  15.411 0.1111110002
70236  -55.799  -25.920  15.144 0.1111110002
71453  -57.146  -24.992  14.882 0.1111110002
70237  -56.108  -25.986  15.171 0.1111110002
75992  -59.953  -22.153  12.115 0.1111110002
76002  -60.584  -21.433  11.721 0.1111110002
71470  -57.045  -25.859  14.786 0.1111110002
71471  -57.460  -25.474  14.594 0.1111110002
71472  -58.272  -25.353  14.120 0.1111110002
73776  -59.390  -23.674  13.410 0.1111110002
73779  -60.088  -23.443  12.963 0.1111110002
75993  -60.990  -22.216  12.165 0.1111110002
70250  -58.058  -25.965  14.272 0.1111110002
73777  -60.263  -23.997  13.245 0.1111110002
73780  -60.742  -23.711  12.646 0.1111110002
75994  -61.808  -22.376  12.035 0.1111110002
78217  -62.911  -19.758  9.763 0.1111110002
78011  -52.773  -20.376  25.620 0.2222220004
76903  -52.674  -20.889  25.358 0.2222220004
76915  -52.627  -20.847  23.958 0.2222220004
74724  -51.993  -22.062  22.473 0.1111110002
73685  -51.649  -23.439  20.118 0.1111110002
74734  -51.821  -22.657  21.498 0.1111110002
74745  -51.754  -23.056  20.839 0.1111110002
73686  -52.252  -23.038  19.957 0.1111110002
72590  -52.019  -23.974  18.018 0.1111110002
73704  -51.996  -23.798  18.424 0.1111110002
71415  -51.281  -25.323  17.232 0.1111110002
72603  -52.291  -23.939  17.306 0.1111110002
73717  -53.162  -23.534  16.965 0.1111110002
72614  -52.627  -24.054  16.367 0.1111110002
73732  -54.071  -23.550  16.572 0.1111110002
73733  -54.984  -23.544  16.720 0.1111110002
73749  -54.189  -23.738  15.986 0.1111110002
72632  -55.771  -24.587  16.023 0.1111110002
72634  -56.979  -24.472  15.550 0.1111110002
71452  -56.684  -25.442  15.148 0.1111110002
73751  -57.316  -23.708  15.466 0.1111110002
73764  -57.482  -23.586  14.653 0.1111110002
72650  -57.601  -24.485  14.279 0.1111110002
72659  -58.000  -24.038  13.724 0.1111110002
74877  -58.640  -22.369  13.052 0.1111110002
75991  -58.830  -21.757  12.288 0.1111110002
76001  -59.528  -21.407  11.724 0.1111110002
74873  -58.727  -23.046  13.242 0.1111110002
74878  -59.428  -22.804  12.781 0.1111110002
72660  -58.680  -24.264  13.734 0.1111110002
77077  -62.319  -21.023  11.248 0.1111110002
72651  -58.880  -24.899  14.026 0.1111110002
78009  -52.214  -19.825  24.234 0.2222220004
78010  -52.486  -20.448  24.926 0.2222220004
76931  -52.862  -20.727  23.012 0.2222220004
75814  -52.954  -20.937  22.480 0.2222220004
75813  -52.436  -21.296  22.940 0.2222220004
75830  -52.820  -21.309  22.225 0.2222220004
74725  -52.493  -21.590  22.307 0.1111110002
75831  -53.445  -21.160  21.831 0.2222220004
74735  -52.756  -21.826  21.602 0.1111110002
74746  -52.453  -22.642  20.533 0.1111110002
74770  -53.305  -22.572  19.839 0.1111110002
73697  -51.853  -23.704  19.012 0.1111110002
73698  -52.325  -23.183  19.382 0.1111110002
74771  -54.384  -22.421  19.739 0.1111110002
74795  -53.732  -22.750  18.986 0.1111110002
73707  -54.896  -22.797  18.132 0.1111110002
73705  -52.766  -23.232  18.222 0.1111110002
73706  -54.238  -22.962  18.167 0.1111110002
73718  -54.051  -23.278  17.354 0.1111110002
73719  -55.127  -23.083  17.529 0.1111110002
73734  -55.474  -23.591  17.107 0.1111110002
73721  -56.654  -23.524  17.307 0.1111110002
72604  -55.913  -23.928  17.129 0.1111110002
73735  -56.717  -23.931  16.809 0.1111110002
72615  -55.291  -23.860  16.496 0.1111110002
73736  -57.246  -23.521  16.714 0.1111110002
72618  -56.708  -24.230  16.372 0.1111110002
74858  -57.584  -23.031  15.294 0.1111110002
74871  -57.642  -23.032  14.457 0.1111110002
74872  -57.969  -22.609  13.703 0.1111110002
73774  -57.714  -23.570  13.948 0.1111110002
77075  -60.015  -20.689  11.390 0.1111110002
78025  -53.129  -20.350  22.854 0.2222220004
76932  -53.176  -20.584  22.463 0.2222220004
76946  -53.755  -20.680  21.652 0.2222220004
75832  -54.362  -21.085  21.427 0.2222220004
75855  -54.708  -21.540  20.998 0.1111110002
74748  -55.040  -22.046  20.389 0.1111110002
74772  -55.508  -22.327  19.543 0.1111110002
74796  -54.876  -22.655  18.769 0.1111110002
74797  -55.932  -22.458  18.547 0.1111110002
74816  -55.796  -22.929  17.828 0.1111110002
74798  -56.825  -22.418  18.594 0.1111110002
73708  -56.401  -22.903  17.878 0.1111110002
73720  -55.922  -23.592  17.372 0.1111110002
74818  -58.005  -22.405  17.940 0.1111110002
73723  -57.672  -22.690  17.535 0.1111110002
73722  -57.400  -22.833  17.653 0.1111110002
74834  -57.888  -22.633  17.031 0.1111110002
75943  -58.863  -21.632  16.692 0.1111110002
74845  -57.959  -22.355  15.986 0.1111110002
74844  -57.540  -23.079  16.260 0.1111110002
78038  -53.196  -20.397  22.280 0.2222220004
76947  -54.782  -20.642  21.241 0.2222220004
75856  -55.652  -21.546  20.714 0.2222220004
74749  -56.018  -21.975  20.134 0.1111110002
74750  -56.491  -21.826  19.929 0.1111110002
75858  -57.040  -21.309  19.814 0.1111110002
74773  -56.582  -22.070  19.406 0.1111110002
74774  -57.409  -22.050  19.024 0.1111110002
74799  -57.513  -22.344  18.481 0.1111110002
75907  -58.281  -21.847  18.594 0.1111110002
74817  -57.691  -22.441  18.157 0.1111110002
75923  -58.621  -21.850  17.772 0.1111110002
75958  -59.624  -21.055  15.828 0.1111110002
78048  -55.375  -20.209  20.959 0.2222220004
76949  -56.595  -20.521  20.645 0.2222220004
75836  -57.119  -21.213  19.765 0.1111110002
75857  -56.475  -21.508  20.285 0.1111110002
75885  -57.913  -21.616  19.162 0.1111110002
75886  -58.421  -21.199  19.028 0.1111110002
74775  -57.868  -22.047  18.805 0.1111110002
75944  -60.024  -21.160  16.744 0.1111110002
75959  -60.386  -20.736  16.250 0.1111110002
78050  -57.026  -20.188  20.275 0.2222220004
78051  -57.390  -20.164  20.026 0.2222220004
76963  -57.567  -20.261  19.868 0.1111110002
75859  -57.612  -21.154  19.537 0.1111110002
78060  -56.990  -19.893  20.227 0.2222220004
78061  -57.831  -19.849  19.894 0.2222220004
83514  -60.084  -14.391  10.466 0.1111110002
82469  -59.656  -15.154  10.196 0.1111110002
81402  -59.925  -16.312  10.939 0.2222220004
82455  -59.879  -15.601  10.702 0.1111110002
81414  -59.585  -16.232  9.996 0.1111110002
81413  -59.739  -15.607  9.629 0.1111110002
83512  -59.959  -14.686  9.495 0.1111110002
80384  -60.445  -16.873  8.733 0.1111110002
83537  -60.200  -14.780  8.230 0.1111110002
82498  -60.689  -15.823  7.793 0.1111110002
80385  -60.993  -17.339  8.493 0.1111110002
83538  -60.871  -14.925  7.246 0.1111110002
84743  -62.553  -13.967  2.902 0.2222220004
83610  -62.244  -14.702  2.677 0.1111110002
85972  -62.287  -13.562  1.842 0.2222220004
85988  -62.432  -13.764  1.235 0.2222220004
84785  -62.996  -14.192  0.180 0.2222220004
86005  -62.689  -13.827  0.568 0.2222220004
84799  -62.555  -14.269  -0.485 0.2222220004
86018  -61.139  -13.612  -0.596 0.2222220004
86019  -61.810  -13.825  -0.657 0.2222220004
84798  -62.134  -14.106  -0.787 0.2222220004
86032  -61.203  -13.335  -1.562 0.2222220004
86033  -61.696  -13.915  -1.243 0.2222220004
86044  -61.279  -13.142  -2.156 0.2222220004
83524  -60.163  -14.268  9.234 0.1111110002
85894  -60.497  -12.696  8.667 0.1111110002
84684  -60.317  -13.548  8.303 0.1111110002
84685  -60.523  -14.055  7.488 0.1111110002
85900  -61.043  -12.674  7.845 0.1111110002
87069  -61.775  -12.293  6.697 0.1111110002
84694  -61.267  -13.817  6.876 0.1111110002
84742  -62.310  -13.830  3.694 0.2222220004
84757  -62.499  -14.122  2.055 0.1111110002
85958  -62.316  -13.575  2.385 0.2222220004
84627  -60.741  -14.202  12.583 0.1111110002
76948  -55.833  -20.549  21.149 0.2222220004
37755  -6.417  -56.391  39.736 0.2222220004
85877  -60.456  -13.077  10.823 0.2222220004
75860  -58.066  -21.073  19.347 0.1111110002
84677  -60.227  -13.532  9.527 0.2222220004
86030  -59.779  -12.336  -1.159 0.2222220004
76916  -52.965  -20.461  23.129 0.2222220004
84659  -60.928  -13.815  11.449 0.2222220004
62800  -57.555  -33.401  8.902 0.1111110002
62803  -60.423  -34.040  9.731 0.1111110002
61670  -62.401  -35.318  9.306 0.1111110002
58328  -62.195  -37.816  11.836 0.1111110002
59302  -61.736  -36.914  12.572 0.1111110002
61662  -61.085  -34.349  12.060 0.1111110002
70315  -62.158  -26.599  7.745 0.1111110002
69217  -62.731  -27.318  8.126 0.1111110002
72693  -60.419  -25.075  8.616 0.1111110002
72681  -59.890  -24.484  9.203 0.1111110002
66208  -50.642  -30.100  13.233 0.1111110002
68172  -58.198  -28.601  9.468 0.1111110002
71500  -60.678  -25.121  10.107 0.1111110002
72674  -61.606  -24.299  10.652 0.1111110002
73792  -60.931  -23.594  10.323 0.1111110002
71272  -54.510  -25.355  25.770 0.1111110002
70104  -54.527  -26.055  24.583 0.1111110002
68069  -54.812  -28.887  22.212 0.1111110002
68059  -54.607  -28.499  23.001 0.1111110002
67103  -54.714  -29.570  23.341 0.1111110002
66119  -55.324  -30.406  22.101 0.1111110002
67126  -54.809  -29.219  21.544 0.1111110002
66137  -55.064  -30.301  21.165 0.1111110002
64987  -55.437  -31.431  22.485 0.1111110002
65030  -55.202  -31.366  20.741 0.1111110002
65049  -54.929  -31.573  20.206 0.1111110002
63827  -54.850  -32.123  19.635 0.1111110002
62679  -56.780  -33.344  20.697 0.1111110002
60423  -57.875  -34.646  17.039 0.1111110002
63831  -57.123  -33.218  18.336 0.1111110002
61619  -58.944  -34.334  16.290 0.1111110002
61630  -60.509  -35.071  14.448 0.1111110002
74890  -61.765  -23.046  10.338 0.1111110002
70122  -54.320  -26.733  23.259 0.1111110002
68068  -54.521  -28.305  22.507 0.1111110002
69067  -54.028  -27.617  22.127 0.1111110002
65029  -54.718  -30.988  20.365 0.1111110002
63860  -54.855  -32.307  18.464 0.1111110002
63853  -57.278  -33.163  17.747 0.1111110002
63864  -57.620  -33.227  17.292 0.1111110002
66200  -51.267  -30.930  14.876 0.1111110002
62729  -57.937  -33.004  15.275 0.1111110002
63891  -59.500  -33.085  15.607 0.1111110002
74891  -62.426  -22.709  10.335 0.1111110002
70268  -60.196  -25.861  12.397 0.1111110002
72675  -62.091  -24.243  10.739 0.1111110002
76031  -62.092  -21.153  8.764 0.1111110002
69089  -50.779  -27.830  19.824 0.1111110002
66161  -54.013  -31.355  18.722 0.1111110002
63852  -56.867  -32.900  17.974 0.1111110002
65084  -57.776  -32.938  16.733 0.1111110002
63876  -58.166  -32.926  16.648 0.1111110002
72667  -61.923  -24.285  11.602 0.1111110002
69163  -58.540  -26.460  13.232 0.1111110002
69161  -57.109  -27.063  13.600 0.1111110002
69162  -58.119  -26.763  13.362 0.1111110002
70267  -59.604  -25.933  12.798 0.1111110002
74881  -61.886  -23.027  12.089 0.1111110002
72662  -60.711  -24.520  12.827 0.1111110002
77127  -62.657  -19.600  6.055 0.1111110002
72602  -51.725  -24.617  17.675 0.1111110002
74702  -51.797  -22.786  24.034 0.1111110002
72497  -52.310  -24.310  23.892 0.1111110002
72589  -51.606  -24.470  18.571 0.1111110002
72647  -52.796  -24.755  14.827 0.1111110002
73731  -53.473  -23.775  16.171 0.1111110002
72648  -53.836  -24.596  14.867 0.1111110002
71469  -55.339  -25.462  15.042 0.1111110002
74879  -60.419  -22.929  12.475 0.1111110002
74769  -52.648  -22.878  19.797 0.1111110002
74794  -52.919  -22.872  19.230 0.1111110002
72617  -56.289  -24.221  16.668 0.1111110002
72605  -56.111  -23.954  17.108 0.1111110002
73775  -58.353  -23.577  13.501 0.1111110002
74736  -53.513  -21.620  21.393 0.1111110002
74747  -53.781  -22.032  20.754 0.1111110002
73709  -57.035  -22.730  18.021 0.1111110002
73737  -57.519  -22.936  17.289 0.1111110002
74859  -57.823  -22.314  14.877 0.1111110002
75854  -53.990  -21.500  21.324 0.2222220004
75833  -55.296  -21.056  21.179 0.2222220004
75834  -56.195  -21.051  20.883 0.2222220004
75884  -57.288  -21.656  19.453 0.1111110002
75835  -56.831  -20.986  20.289 0.2222220004
82456  -60.448  -15.349  11.194 0.1111110002
83501  -60.905  -14.519  11.285 0.1111110002
81431  -60.036  -16.147  9.055 0.1111110002
82487  -60.136  -15.375  9.031 0.1111110002
82497  -60.269  -15.630  8.503 0.1111110002
83547  -61.691  -14.959  6.813 0.1111110002
84770  -62.886  -14.160  1.086 0.1111110002
84784  -62.459  -13.917  -0.135 0.2222220004
86031  -60.429  -12.524  -1.501 0.2222220004
85906  -61.449  -12.808  7.135 0.1111110002
35565  -7.812  -57.656  38.874 0.1111110002
36653  -5.647  -57.486  37.556 0.1111110002
36659  -5.400  -57.461  36.428 0.1111110002
35576  -5.958  -58.176  35.855 0.1111110002
36640  -8.215  -57.229  39.289 0.1111110002
35558  -7.711  -57.432  39.086 0.1111110002
36637  -6.348  -56.874  39.479 0.1111110002
37768  -5.637  -56.303  39.209 0.1111110002
37778  -5.231  -56.736  38.233 0.1111110002
37797  -4.749  -56.759  36.425 0.1111110002
37810  -4.927  -56.879  35.618 0.1111110002
37785  -4.540  -56.092  37.822 0.1111110002
38900  -3.912  -55.441  36.379 0.1111110002
37822  -4.529  -56.127  34.998 0.1111110002
40001  -3.650  -54.621  35.847 0.1111110002
41053  -3.406  -53.026  36.874 0.1111110002
41041  -3.626  -53.027  37.742 0.1111110002
40000  -3.470  -53.853  36.393 0.1111110002
42184  -3.516  -52.154  36.398 0.1111110002
42157  -3.914  -52.294  37.933 0.1111110002
41072  -3.748  -53.157  34.924 0.1111110002
43255  -3.402  -51.220  36.939 0.1111110002
43245  -3.830  -51.298  37.557 0.1111110002
42199  -3.547  -52.169  35.316 0.1111110002
44265  -3.671  -50.227  37.415 0.1111110002
45321  -3.865  -49.188  38.117 0.1111110002
44255  -4.735  -50.133  37.724 0.1111110002
43266  -3.656  -51.176  35.916 0.1111110002
43236  -4.386  -51.511  37.856 0.1111110002
43278  -3.837  -51.128  34.602 0.1111110002
44254  -4.177  -50.209  37.844 0.1111110002
45322  -4.735  -48.764  38.195 0.1111110002
45334  -3.451  -49.164  37.347 0.1111110002
44286  -3.663  -50.076  35.440 0.1111110002
46405  -4.617  -47.396  38.613 0.1111110002
46424  -4.306  -48.386  38.429 0.1111110002
45310  -5.243  -48.003  38.674 0.1111110002
46423  -3.836  -47.922  38.282 0.1111110002
46440  -3.523  -48.155  36.955 0.1111110002
46459  -3.462  -48.115  35.827 0.1111110002
47506  -4.556  -47.029  38.509 0.1111110002
47516  -3.941  -46.995  38.141 0.1111110002
47540  -3.545  -47.307  36.433 0.1111110002
45323  -5.489  -48.736  37.865 0.1111110002
82555  -61.726  -15.974  0.862 0.1111110002
82571  -62.237  -15.268  0.155 0.1111110002
82570  -61.753  -15.866  0.509 0.1111110002
75759  -53.471  -21.402  26.415 0.1111110002
75776  -52.929  -21.275  25.488 0.1111110002
83633  -62.540  -14.747  0.652 0.1111110002
83664  -62.306  -14.550  -0.852 0.1111110002
81549  -60.857  -15.776  -1.208 0.1111110002
82604  -61.746  -15.095  -1.326 0.1111110002
82603  -61.167  -15.247  -1.710 0.1111110002
77940  -52.315  -21.015  27.670 0.1111110002
84831  -61.557  -14.038  -1.748 0.1111110002
82602  -60.531  -15.117  -1.700 0.1111110002
83680  -61.612  -14.348  -1.721 0.1111110002
84814  -61.847  -14.236  -1.265 0.1111110002
82616  -61.479  -14.583  -1.867 0.1111110002
82442  -61.212  -15.421  12.034 0.1111110002
84830  -61.397  -13.766  -2.200 0.1111110002
83662  -60.616  -14.513  -2.187 0.1111110002
83679  -61.292  -14.232  -2.300 0.1111110002
84843  -61.047  -13.535  -2.612 0.1111110002
83678  -60.891  -14.348  -2.460 0.1111110002
83688  -61.163  -13.979  -2.725 0.1111110002
86055  -61.065  -12.888  -2.457 0.1111110002
82565  -52.318  -14.940  1.030 0.1111110002
83629  -52.367  -14.300  0.665 0.1111110002
81485  -50.906  -16.116  2.696 0.1111110002
82542  -51.319  -15.572  2.258 0.1111110002
82553  -51.923  -15.125  1.690 0.1111110002
84778  -52.691  -13.443  0.417 0.1111110002
81470  -50.241  -16.479  3.238 0.1111110002
82552  -50.914  -15.077  1.843 0.1111110002
84777  -51.919  -13.427  0.661 0.1111110002
83628  -51.680  -14.073  0.824 0.1111110002
85996  -52.185  -12.583  0.578 0.1111110002
85997  -52.964  -12.541  0.322 0.1111110002
85998  -53.802  -12.486  0.158 0.1111110002
87159  -53.214  -11.576  0.406 0.1111110002
87160  -54.041  -11.508  0.091 0.1111110002
88251  -54.319  -10.575  -0.026 0.1111110002
88262  -55.094  -10.556  -0.380 0.1111110002
82541  -50.500  -15.542  2.415 0.1111110002
83619  -51.207  -14.371  1.322 0.1111110002
84765  -51.260  -13.461  1.072 0.1111110002
88249  -52.521  -10.665  0.677 0.1111110002
88250  -53.444  -10.473  0.445 0.1111110002
88237  -51.807  -10.341  0.987 0.1111110002
89293  -52.759  -9.898  0.724 0.1111110002
89295  -54.064  -9.586  0.486 0.1111110002
89308  -54.665  -9.898  -0.086 0.1111110002
89309  -55.360  -9.594  -0.278 0.1111110002
83618  -50.434  -14.393  1.883 0.1111110002
91367  -58.798  -7.504  -1.604 0.1111110002
91357  -57.448  -7.523  -0.808 0.1111110002
89294  -53.202  -9.441  0.773 0.1111110002
90366  -56.574  -8.552  -0.511 0.1111110002
90365  -55.876  -8.930  -0.219 0.1111110002
92386  -58.872  -6.474  -1.780 0.1111110002
92385  -58.323  -6.574  -1.554 0.1111110002
91366  -58.155  -7.527  -1.348 0.1111110002
91356  -56.814  -7.650  -0.393 0.1111110002
90356  -55.951  -8.293  0.059 0.1111110002
92375  -57.669  -6.608  -1.065 0.1111110002
51787  -39.075  -43.694  32.852 0.1111110002
52829  -39.253  -42.667  31.380 0.1111110002
53842  -39.375  -41.750  30.547 0.1111110002
70216  -43.425  -27.598  15.505 0.1111110002
46378  -21.285  -48.064  40.812 0.1111110002
39994  -3.622  -54.649  36.880 0.1111110002
38890  -4.001  -55.396  37.382 0.1111110002
83484  -61.129  -14.479  11.929 0.1111110002
84829  -60.160  -13.640  -2.646 0.1111110002
84812  -59.762  -13.877  -2.414 0.1111110002
89310  -56.257  -9.544  -0.647 0.1111110002
77976  -53.013  -20.666  26.697 0.1111110002
83647  -62.752  -14.728  -0.255 0.1111110002
84813  -61.479  -13.759  -1.744 0.1111110002
37786  -4.888  -56.883  37.246 0.1111110002
37796  -4.333  -56.175  36.873 0.1111110002
38909  -3.951  -55.417  35.362 0.1111110002
42171  -3.473  -52.175  37.321 0.1111110002
41062  -3.549  -53.045  35.907 0.1111110002
44275  -3.449  -50.186  36.591 0.1111110002
45346  -3.384  -49.118  36.215 0.1111110002
45311  -5.442  -48.162  38.488 0.1111110002
45364  -3.906  -48.874  34.990 0.1111110002
47526  -3.637  -47.223  37.440 0.1111110002
48599  -3.692  -46.546  36.890 0.1111110002
82588  -62.293  -15.022  -0.671 0.1111110002
82605  -62.149  -14.803  -1.056 0.1111110002
82614  -60.944  -14.814  -2.087 0.1111110002
83620  -51.860  -14.626  1.000 0.1111110002
81484  -49.967  -16.049  2.853 0.1111110002
87157  -51.716  -11.735  0.903 0.1111110002
87158  -52.422  -11.694  0.584 0.1111110002
82551  -50.235  -15.037  2.176 0.1111110002
85982  -50.794  -12.654  1.493 0.1111110002
88248  -51.942  -11.036  0.843 0.1111110002
89281  -52.057  -9.616  0.972 0.1111110002
89296  -54.759  -9.274  0.261 0.1111110002
90367  -57.150  -8.193  -0.773 0.1111110002
91347  -56.267  -7.687  -0.006 0.1111110002
90354  -54.365  -8.560  0.761 0.1111110002
90355  -55.265  -8.570  0.324 0.1111110002
35557  -7.349  -57.625  39.001 0.1111110002
36632  -6.438  -56.733  39.736 0.3333329856
37767  -5.055  -55.725  39.202 0.1111110002
38856  -9.902  -54.893  41.485 0.4444440007
39953  -9.645  -54.415  41.394 0.4444440007
39956  -11.883  -54.251  41.886 0.4444440007
39959  -13.757  -54.340  41.683 0.1111110002
39960  -7.733  -54.570  40.338 0.4444440007
39977  -3.857  -53.636  38.730 0.2222220004
40999  -10.007  -53.869  41.326 0.5555559993
41014  -7.936  -53.501  40.188 0.5555559993
41018  -4.146  -52.980  39.012 0.2222220004
41023  -8.153  -53.341  39.174 0.5555559993
41063  -6.443  -52.620  35.814 0.1111110002
42101  -10.272  -53.444  41.221 0.5555559993
42102  -10.806  -53.454  41.555 0.5555559993
42105  -12.765  -53.020  41.783 0.5555559993
42111  -10.038  -53.123  40.968 0.5555559993
42115  -8.283  -53.095  40.181 0.5555559993
42134  -12.436  -52.698  39.475 0.7777780294
42135  -12.820  -52.633  39.368 0.7777780294
42146  -8.404  -53.271  38.970 0.5555559993
43193  -14.793  -51.189  41.761 0.5555559993
43194  -15.028  -51.083  41.841 0.5555559993
43196  -11.140  -53.274  41.652 0.4444440007
43206  -10.387  -52.880  41.201 0.5555559993
43207  -11.000  -53.168  41.402 0.5555559993
43256  -5.730  -51.174  36.493 0.1111110002
44236  -13.177  -51.740  41.005 0.7777780294
44299  -35.488  -50.170  34.755 0.1111110002
44305  -16.573  -50.545  33.694 0.6666669846
44341  -35.503  -50.242  32.994 0.1111110002
44347  -39.796  -50.007  32.160 0.1111110002
45275  -15.089  -50.712  41.932 0.5555559993
45353  -17.752  -49.496  35.433 0.7777780294
45447  -17.757  -49.909  31.549 0.6666669846
46353  -15.721  -49.743  42.189 0.6666669846
46356  -17.548  -48.909  42.434 0.4444440007
47483  -20.393  -47.567  41.807 0.4444440007
47488  -25.327  -47.622  40.219 0.1111110002
48531  -18.778  -47.267  41.948 0.5555559993
48532  -18.979  -47.124  42.172 0.4444440007
48540  -18.925  -46.951  41.849 0.5555559993
48554  -19.780  -46.607  41.038 0.8888890147
48555  -20.658  -46.390  40.781 0.5555559993
48572  -22.918  -46.972  39.423 0.5555559993
48573  -23.305  -46.950  39.286 0.5555559993
48638  -35.663  -45.956  33.350 0.5555559993
48647  -35.147  -46.109  32.232 0.6666669846
48656  -34.164  -46.217  31.308 0.8888890147
48670  -34.007  -46.215  30.988 0.8888890147
49562  -21.208  -46.455  40.990 0.5555559993
49569  -21.218  -46.273  40.621 0.7777780294
49571  -23.533  -46.900  39.248 0.2222220004
49631  -37.944  -45.562  35.630 0.1111110002
49640  -33.557  -45.772  35.234 0.6666669846
49684  -35.634  -45.677  31.943 0.8888890147
49729  -34.696  -45.501  30.021 0.8888890147
49767  -22.106  -45.409  26.025 0.2222220004
50636  -24.269  -46.438  37.422 0.6666669846
50648  -34.263  -45.126  36.712 0.3333329856
50688  -34.916  -45.133  36.230 0.3333329856
50709  -37.534  -44.498  34.588 0.4444440007
50754  -28.104  -45.079  32.289 1.0000000000
50792  -33.934  -45.042  29.117 1.0000000000
50813  -34.763  -44.785  28.710 1.0000000000
50830  -25.105  -45.252  27.295 0.4444440007
50847  -20.832  -43.958  25.513 0.1111110002
51769  -30.626  -45.068  33.447 1.0000000000
51781  -28.394  -44.995  32.413 1.0000000000
51785  -37.173  -42.916  31.948 0.6666669846
51798  -27.810  -45.065  31.721 0.8888890147
51880  -36.540  -43.329  28.787 0.8888890147
52798  -38.449  -43.557  33.370 0.3333329856
52828  -36.894  -42.417  31.215 0.6666669846
52875  -36.325  -43.466  27.920 0.8888890147
52885  -28.100  -45.285  27.209 0.7777780294
52939  -34.008  -42.093  24.993 0.7777780294
53809  -37.252  -41.188  31.718 0.6666669846
53890  -36.196  -41.423  26.219 0.7777780294
53925  -30.475  -42.110  23.417 0.6666669846
53927  -32.244  -41.690  23.878 0.6666669846
53929  -33.895  -41.215  24.249 0.7777780294
54894  -39.017  -40.414  31.404 0.4444440007
54921  -37.102  -40.545  29.249 0.8888890147
54965  -36.315  -40.637  26.294 0.8888890147
55022  -30.930  -40.419  21.494 0.4444440007
55043  -29.702  -40.404  21.073 0.3333329856
56020  -41.504  -39.201  30.841 0.1111110002
56040  -36.939  -39.833  29.538 0.8888890147
56104  -36.408  -39.464  26.915 0.8888890147
56181  -31.154  -39.630  21.321 0.2222220004
56212  -28.417  -39.475  20.231 0.1111110002
56213  -29.404  -39.231  20.165 0.1111110002
57039  -37.777  -38.106  32.930 0.6666669846
57040  -38.017  -38.050  33.147 0.6666669846
57041  -38.407  -37.897  33.166 0.4444440007
57085  -37.295  -38.579  32.225 0.6666669846
57102  -39.945  -38.661  31.105 0.2222220004
57103  -40.714  -38.559  31.133 0.1111110002
57118  -36.853  -39.202  28.788 0.8888890147
57143  -36.056  -38.754  27.302 0.8888890147
57195  -33.502  -38.576  23.624 0.5555559993
58064  -39.053  -37.569  33.760 0.4444440007
58083  -39.138  -37.644  33.391 0.4444440007
58102  -37.322  -38.049  32.404 0.7777780294
58103  -39.553  -38.192  31.620 0.4444440007
58104  -39.786  -38.053  31.560 0.3333329856
58111  -39.720  -38.274  31.471 0.4444440007
58112  -40.109  -38.221  31.392 0.3333329856
58127  -35.858  -37.067  28.828 0.7777780294
58144  -34.966  -37.028  26.846 0.7777780294
58177  -32.077  -37.101  22.672 0.5555559993
58192  -31.214  -37.174  21.764 0.4444440007
58303  -61.427  -37.432  13.350 0.1111110002
58343  -62.130  -37.267  11.530 0.1111110002
59050  -38.190  -36.576  34.424 0.5555559993
59052  -39.264  -36.578  34.695 0.5555559993
59053  -40.118  -36.760  35.150 0.2222220004
59064  -37.660  -37.263  33.553 0.4444440007
59081  -37.250  -37.664  31.558 0.8888890147
59125  -34.886  -36.572  26.944 0.7777780294
59204  -29.460  -36.427  20.326 0.1111110002
59205  -29.953  -36.523  20.671 0.1111110002
60165  -39.297  -35.565  34.707 0.3333329856
60167  -39.899  -35.604  35.187 0.4444440007
60175  -38.216  -36.324  34.422 0.6666669846
60177  -39.665  -36.038  35.042 0.3333329856
60178  -40.405  -35.848  35.359 0.2222220004
60186  -37.655  -36.746  33.604 0.8888890147
60198  -37.912  -35.653  33.092 0.8888890147
60225  -36.853  -35.845  30.523 0.8888890147
60245  -37.774  -35.472  28.275 0.8888890147
60257  -34.815  -36.122  27.126 0.6666669846
60349  -30.314  -35.781  21.437 0.2222220004
60386  -34.795  -35.338  19.704 0.4444440007
61323  -39.426  -35.337  34.720 0.3333329856
61325  -40.199  -35.387  35.236 0.4444440007
61330  -39.108  -34.976  34.443 0.7777780294
61331  -39.827  -34.965  34.674 0.4444440007
61344  -40.296  -34.850  34.448 0.4444440007
61345  -44.836  -34.672  35.031 0.1111110002
61367  -38.000  -36.105  31.422 0.8888890147
61431  -38.203  -35.590  28.868 1.0000000000
61447  -37.497  -35.369  28.229 0.8888890147
61504  -39.233  -34.691  23.732 0.7777780294
61513  -30.304  -34.818  21.159 0.3333329856
61518  -38.440  -34.757  22.053 0.4444440007
61553  -33.995  -35.245  20.083 0.2222220004
61571  -31.958  -33.626  19.537 0.1111110002
62501  -39.995  -34.771  33.659 0.5555559993
62587  -41.006  -33.044  25.235 1.0000000000
62620  -39.091  -33.941  22.306 0.4444440007
62633  -29.854  -34.234  20.173 0.1111110002
62665  -31.629  -33.283  19.533 0.1111110002
62755  -52.838  -32.993  13.592 0.1111110002
62780  -54.824  -32.751  11.092 0.1111110002
63601  -44.631  -32.524  35.540 0.1111110002
63627  -43.374  -33.117  35.184 0.2222220004
63673  -44.097  -32.748  29.370 0.8888890147
63686  -43.566  -32.631  28.052 0.8888890147
63884  -52.761  -31.967  15.480 0.1111110002
63898  -52.103  -31.962  14.862 0.1111110002
63932  -55.630  -31.904  9.645 0.1111110002
64798  -44.396  -31.197  34.307 0.2222220004
64811  -44.143  -31.928  33.795 0.3333329856
65064  -57.481  -33.097  17.264 0.1111110002
65073  -57.470  -32.972  16.997 0.1111110002
65074  -57.787  -33.040  16.900 0.1111110002
65103  -52.314  -31.814  15.282 0.1111110002
65110  -51.644  -31.889  13.788 0.1111110002
65119  -54.524  -31.443  10.878 0.1111110002
65953  -44.870  -30.417  32.382 0.3333329856
65983  -45.664  -29.751  30.182 0.6666669846
66011  -44.586  -31.163  28.148 0.7777780294
66048  -42.791  -31.213  25.202 0.8888890147
66076  -41.773  -31.023  23.079 0.6666669846
66135  -54.137  -29.987  20.477 0.1111110002
66149  -53.886  -30.219  20.219 0.1111110002
66958  -45.272  -29.735  34.431 0.2222220004
67013  -44.968  -29.605  32.956 0.3333329856
67915  -46.016  -28.697  34.505 0.2222220004
67926  -45.380  -29.504  34.405 0.2222220004
67966  -45.405  -28.990  33.080 0.3333329856
68006  -45.110  -28.320  27.173 0.6666669846
68016  -44.684  -28.091  26.604 0.7777780294
68058  -54.531  -28.281  22.765 0.1111110002
68076  -40.696  -28.110  21.443 0.5555559993
68140  -49.797  -27.766  13.920 0.1111110002
68144  -50.223  -27.421  13.660 0.1111110002
68895  -45.912  -28.268  34.546 0.3333329856
68896  -46.288  -28.152  34.380 0.2222220004
68907  -46.711  -27.747  34.371 0.2222220004
68970  -45.496  -26.855  29.722 0.3333329856
68980  -45.423  -26.991  29.279 0.5555559993
68987  -44.645  -27.107  27.847 0.6666669846
68988  -45.198  -27.368  28.105 0.5555559993
69014  -44.164  -27.517  26.322 1.0000000000
69043  -41.777  -27.424  23.090 0.6666669846
69101  -45.280  -27.497  17.913 0.6666669846
69114  -45.164  -27.533  17.465 0.5555559993
69128  -49.571  -27.257  15.486 0.1111110002
69138  -42.167  -27.635  15.313 0.1111110002
69140  -49.621  -27.333  14.714 0.1111110002
69149  -50.006  -26.967  13.944 0.1111110002
69150  -50.442  -26.679  13.887 0.1111110002
69235  -62.493  -27.661  8.045 0.1111110002
69969  -46.221  -27.907  34.242 0.3333329856
69976  -46.207  -27.619  34.082 0.3333329856
69978  -46.982  -26.974  34.358 0.1111110002
70040  -45.372  -26.603  30.428 0.3333329856
70094  -43.797  -26.870  26.556 0.8888890147
70129  -41.086  -26.813  22.585 0.6666669846
70173  -45.862  -27.318  18.931 0.6666669846
70215  -42.976  -27.748  15.379 0.1111110002
70231  -42.679  -27.381  15.073 0.1111110002
70234  -49.656  -26.818  15.311 0.1111110002
70243  -51.134  -26.054  14.007 0.1111110002
71136  -47.264  -25.747  34.080 0.1111110002
71161  -45.547  -25.402  32.516 0.3333329856
71176  -45.418  -25.423  32.254 0.3333329856
71177  -45.248  -25.858  32.037 0.3333329856
71429  -46.831  -25.960  16.411 0.5555559993
71464  -50.917  -25.875  14.424 0.1111110002
71492  -61.732  -24.516  10.873 0.1111110002
72324  -46.890  -25.596  34.010 0.1111110002
72326  -47.309  -25.560  33.945 0.1111110002
72341  -47.017  -25.184  33.787 0.1111110002
72356  -46.322  -25.153  33.354 0.3333329856
72370  -45.461  -24.980  32.031 0.3333329856
72371  -45.701  -24.946  32.494 0.3333329856
72393  -45.111  -25.556  29.540 0.4444440007
72408  -44.796  -25.339  28.881 0.4444440007
72429  -43.961  -25.206  27.776 0.7777780294
72474  -42.144  -26.079  23.326 0.8888890147
72496  -51.841  -24.094  23.544 0.1111110002
72531  -47.907  -24.867  22.055 0.7777780294
72616  -55.678  -23.987  16.772 0.1111110002
72649  -54.651  -24.509  15.173 0.1111110002
72694  -60.945  -25.325  8.610 0.1111110002
73488  -46.706  -25.024  33.471 0.3333329856
73490  -47.277  -24.821  33.409 0.1111110002
73501  -46.102  -24.838  32.806 0.3333329856
73554  -44.952  -25.100  28.784 0.6666669846
73557  -46.721  -24.570  29.115 0.3333329856
73558  -48.099  -23.997  29.240 0.2222220004
73598  -44.126  -24.858  27.333 0.7777780294
73644  -44.367  -24.664  24.818 0.7777780294
73660  -48.185  -24.416  23.342 0.8888890147
73710  -57.448  -22.558  18.089 0.1111110002
73746  -48.763  -23.911  15.487 0.7777780294
73748  -53.738  -23.890  15.746 0.1111110002
73750  -54.595  -23.686  16.299 0.1111110002
73767  -39.991  -22.584  13.603 0.1111110002
73781  -61.398  -23.679  12.299 0.1111110002
74583  -47.810  -23.510  32.068 0.2222220004
74595  -46.845  -24.108  30.923 0.3333329856
74639  -47.505  -24.322  29.082 0.3333329856
74640  -47.699  -24.202  29.293 0.3333329856
74661  -49.721  -22.527  27.673 0.4444440007
74691  -49.453  -22.646  26.477 0.4444440007
74716  -51.926  -22.318  23.996 0.1111110002
74800  -57.917  -22.238  18.462 0.1111110002
74815  -55.346  -22.744  18.142 0.1111110002
74833  -57.534  -23.114  16.741 0.1111110002
75708  -49.689  -22.840  29.695 0.2222220004
75801  -51.948  -22.002  23.500 0.1111110002
75883  -56.780  -21.681  19.772 0.1111110002
75956  -53.031  -21.518  15.456 0.7777780294
76892  -52.994  -21.136  25.745 0.2222220004
76950  -57.236  -20.526  20.002 0.1111110002
76951  -57.525  -20.787  19.697 0.1111110002
76999  -54.044  -20.538  17.240 0.5555559993
77992  -52.619  -20.440  25.753 0.2222220004
78062  -58.332  -20.285  19.598 0.4444440007
78063  -58.595  -20.426  19.382 0.2222220004
79233  -60.611  -18.527  16.989 0.3333329856
80361  -55.661  -17.491  10.373 0.7777780294
81429  -55.315  -16.615  9.819 0.7777780294
81430  -59.932  -15.446  9.321 0.1111110002
81434  -60.605  -16.472  8.355 0.1111110002
82404  -61.052  -15.845  13.600 0.4444440007
82429  -43.839  -16.020  11.898 0.1111110002
82468  -59.820  -15.027  9.575 0.1111110002
82470  -60.018  -15.072  10.764 0.1111110002
82486  -60.014  -15.089  9.305 0.1111110002
82507  -55.656  -15.173  7.249 0.6666669846
82615  -61.264  -14.725  -2.011 0.1111110002
83451  -60.544  -15.155  13.284 0.5555559993
83467  -61.035  -14.872  12.673 0.1111110002
83513  -59.843  -14.627  9.695 0.1111110002
83516  -46.141  -14.624  9.817 0.1111110002
83522  -59.993  -14.855  9.397 0.1111110002
83523  -60.133  -14.835  9.161 0.1111110002
83536  -60.207  -15.142  8.742 0.1111110002
83608  -59.070  -14.696  3.002 0.6666669846
83663  -61.958  -14.591  -1.234 0.1111110002
83677  -60.391  -14.095  -2.491 0.1111110002
83687  -60.620  -13.908  -2.677 0.1111110002
83689  -61.206  -13.815  -2.525 0.1111110002
84649  -45.809  -13.679  10.953 0.1111110002
84664  -45.750  -13.884  10.697 0.1111110002
84693  -60.790  -13.305  7.427 0.1111110002
84781  -58.656  -13.490  0.811 0.5555559993
84815  -62.232  -14.312  -0.848 0.2222220004
84842  -60.567  -13.360  -2.697 0.1111110002
84844  -61.223  -13.614  -2.475 0.1111110002
85851  -60.186  -13.585  12.481 0.5555559993
85852  -60.418  -13.658  12.414 0.3333329856
85874  -58.630  -12.508  11.014 0.6666669846
85893  -57.508  -12.620  9.913 0.6666669846
85903  -50.238  -12.842  6.722 0.1111110002
85956  -60.832  -12.640  3.417 0.6666669846
86056  -61.216  -13.386  -2.427 0.2222220004
87036  -58.842  -12.016  10.524 0.6666669846
87037  -59.379  -12.221  10.515 0.5555559993
87046  -58.252  -11.874  10.351 0.6666669846
87047  -58.682  -11.636  10.240 0.5555559993
87055  -57.988  -11.501  9.955 0.6666669846
87061  -57.808  -11.984  9.057 0.6666669846
87164  -62.261  -13.318  1.095 0.3333329856
88139  -59.103  -11.604  10.126 0.5555559993
88148  -59.384  -11.042  9.631 0.6666669846
88154  -58.185  -11.246  9.498 0.6666669846
88155  -58.679  -10.646  9.337 0.6666669846
88161  -58.119  -11.467  8.907 0.6666669846
88216  -61.961  -12.010  4.076 0.3333329856
89199  -51.043  -9.895  10.807 0.1111110002
89203  -58.896  -10.610  9.542 0.6666669846
89209  -59.050  -10.321  9.247 0.6666669846
89210  -59.527  -10.314  9.195 0.6666669846
89215  -58.996  -10.572  8.308 0.6666669846
89217  -60.095  -10.037  8.508 0.6666669846
89223  -59.200  -10.498  7.793 0.6666669846
89224  -59.806  -10.223  7.697 0.6666669846
89226  -61.103  -10.304  7.456 0.3333329856
89232  -60.939  -10.001  6.590 0.3333329856
89247  -61.457  -10.600  6.131 0.3333329856
89337  -59.467  -9.887  -2.434 0.2222220004
90377  -57.134  -8.648  -0.926 0.1111110002
90395  -59.580  -9.657  -2.302 0.2222220004
