#!ascii label  , from subject sub-01 vox2ras=TkReg
3014
46442  -8.091  -47.827  36.935 0.6250000000
46428  -9.024  -47.992  38.132 0.6250000000
46443  -9.448  -47.485  37.230 0.5000000000
46460  -8.190  -48.108  35.673 0.6250000000
46461  -9.099  -47.519  36.056 0.6250000000
46429  -10.067  -47.634  38.183 0.5000000000
46462  -10.046  -47.311  36.342 0.6250000000
46444  -10.398  -47.281  37.336 0.5000000000
46498  -8.896  -48.847  33.921 0.5000000000
46445  -11.166  -47.101  37.361 0.5000000000
46430  -10.959  -47.468  38.104 0.5000000000
46463  -10.697  -47.046  36.562 0.5000000000
46446  -11.830  -46.993  37.294 0.5000000000
46464  -11.292  -46.771  36.656 0.5000000000
47541  -11.920  -46.458  36.679 0.6250000000
47553  -12.123  -45.913  35.915 0.6250000000
47528  -13.012  -46.098  37.595 0.5000000000
48589  -13.639  -45.346  37.867 0.1250000000
47529  -13.328  -45.531  37.337 0.3750000000
47554  -12.765  -45.489  35.980 0.6250000000
48579  -14.536  -44.633  38.422 0.1250000000
48609  -13.330  -44.960  36.082 0.5000000000
48619  -13.749  -44.409  35.235 0.6250000000
48631  -13.803  -44.701  34.101 0.6250000000
48578  -14.089  -45.069  38.831 0.1250000000
58015  -32.788  -36.974  39.026 0.3750000000
48590  -14.373  -44.681  38.006 0.1250000000
57008  -31.625  -37.612  37.453 0.3750000000
56996  -32.181  -37.281  38.047 0.3750000000
59019  -33.071  -36.639  38.990 0.3750000000
48610  -13.894  -44.381  36.397 0.3750000000
48601  -14.144  -44.559  37.318 0.2500000000
57009  -32.176  -37.127  37.462 0.3750000000
58030  -32.496  -36.710  37.782 0.3750000000
59027  -33.307  -35.782  38.593 0.3750000000
49647  -14.371  -43.871  35.640 0.6250000000
57038  -31.060  -37.005  35.511 0.7500000000
58036  -31.984  -37.082  36.877 0.5000000000
58037  -32.437  -36.699  37.113 0.5000000000
59041  -32.756  -36.064  37.418 0.5000000000
60149  -33.435  -34.933  38.417 0.5000000000
62420  -34.485  -33.163  39.693 0.3750000000
58045  -32.182  -36.672  36.674 0.7500000000
59049  -32.456  -36.076  36.576 0.7500000000
60156  -32.928  -35.381  37.729 0.6250000000
60157  -33.151  -34.832  37.929 0.5000000000
62432  -34.053  -33.422  38.681 0.5000000000
63552  -34.741  -32.439  39.281 0.3750000000
64725  -34.934  -31.564  38.919 0.3750000000
64716  -34.994  -31.447  39.584 0.3750000000
49677  -14.399  -44.454  32.948 0.7500000000
57059  -30.824  -36.812  34.407 0.8750000000
58061  -31.358  -36.479  34.968 0.8750000000
60173  -32.075  -35.539  35.958 0.8750000000
60163  -32.938  -35.219  37.142 0.7500000000
61322  -33.362  -34.396  37.173 0.7500000000
62463  -33.486  -33.625  37.600 0.5000000000
63564  -34.008  -32.588  38.381 0.5000000000
64735  -34.599  -31.652  38.610 0.3750000000
65845  -35.381  -30.319  39.110 0.3750000000
65837  -35.392  -30.431  39.971 0.3750000000
59063  -31.740  -35.991  35.432 0.8750000000
60174  -32.564  -35.060  36.491 0.7500000000
61328  -32.625  -34.153  36.387 0.7500000000
63582  -33.596  -32.640  37.983 0.6250000000
65853  -34.897  -30.664  38.380 0.5000000000
61339  -31.585  -34.136  35.162 1.0000000000
62477  -33.005  -33.648  36.510 0.7500000000
63599  -33.444  -32.541  36.929 0.8750000000
64746  -33.666  -31.826  37.566 0.7500000000
64734  -34.182  -31.722  38.219 0.6250000000
65852  -34.468  -30.852  37.970 0.5000000000
65861  -34.841  -30.187  37.614 0.5000000000
61352  -31.060  -34.151  34.278 1.0000000000
62488  -31.925  -33.272  35.426 1.0000000000
63613  -32.747  -32.168  36.296 0.8750000000
64783  -33.064  -31.202  36.195 0.7500000000
64765  -33.419  -31.236  36.873 0.7500000000
65860  -34.084  -30.780  37.491 0.6250000000
62487  -31.489  -33.080  34.843 1.0000000000
63625  -31.708  -32.451  34.892 1.0000000000
63626  -32.095  -32.148  35.239 1.0000000000
64796  -32.724  -31.050  35.505 0.7500000000
65891  -33.647  -29.563  35.835 0.6250000000
65874  -34.617  -29.803  37.065 0.6250000000
62500  -30.670  -33.286  34.163 1.0000000000
63634  -31.921  -31.396  34.784 1.0000000000
65890  -33.080  -30.263  35.756 0.8750000000
66971  -33.754  -29.118  34.958 0.7500000000
63633  -31.392  -32.032  34.513 1.0000000000
64809  -31.827  -30.880  34.339 1.0000000000
65928  -33.409  -29.333  33.847 0.8750000000
65929  -34.277  -29.186  33.436 0.8750000000
65927  -32.327  -29.897  33.713 1.0000000000
65946  -34.502  -29.208  32.693 0.8750000000
63644  -29.853  -32.181  32.639 1.0000000000
64818  -30.494  -31.118  32.919 1.0000000000
65944  -32.110  -29.522  32.573 1.0000000000
65961  -33.157  -29.226  31.609 1.0000000000
65963  -34.861  -29.489  31.951 1.0000000000
67007  -31.410  -29.747  32.460 1.0000000000
65960  -32.302  -29.444  31.476 1.0000000000
64850  -33.611  -29.660  30.159 1.0000000000
64851  -34.271  -29.467  30.433 1.0000000000
51923  -20.644  -43.414  25.429 0.1250000000
52927  -21.278  -42.522  25.097 0.1250000000
65958  -30.455  -30.132  31.166 1.0000000000
65994  -32.254  -30.098  29.923 1.0000000000
64865  -33.295  -29.889  29.471 1.0000000000
64862  -28.733  -31.393  29.514 1.0000000000
65992  -30.304  -29.890  29.212 1.0000000000
64897  -31.547  -30.833  27.527 1.0000000000
64880  -32.744  -30.812  28.341 1.0000000000
52947  -22.779  -42.391  24.433 0.1250000000
52948  -23.508  -42.571  24.304 0.1250000000
52949  -24.521  -42.906  24.206 0.1250000000
53923  -24.525  -42.440  23.530 0.1250000000
64878  -28.756  -30.802  28.687 1.0000000000
66007  -30.073  -30.078  28.263 1.0000000000
64896  -30.664  -30.703  27.186 1.0000000000
63717  -27.004  -32.502  25.564 0.8750000000
66031  -27.795  -30.914  27.130 1.0000000000
66034  -29.694  -30.259  26.117 1.0000000000
64922  -30.825  -30.807  24.715 1.0000000000
53981  -26.333  -40.911  21.414 0.3750000000
63741  -26.268  -32.835  23.530 0.8750000000
66043  -28.265  -30.423  25.907 0.8750000000
66071  -29.170  -30.146  23.463 0.8750000000
66073  -30.847  -30.413  22.631 0.8750000000
57243  -26.562  -38.260  21.141 0.6250000000
57254  -27.104  -38.447  20.609 0.6250000000
49633  -14.601  -44.013  36.717 0.5000000000
55932  -30.565  -38.017  36.531 0.5000000000
57023  -31.122  -37.736  36.894 0.5000000000
55945  -30.305  -38.007  35.447 0.5000000000
57037  -30.834  -37.588  35.970 0.5000000000
49661  -14.420  -43.942  34.311 0.7500000000
57024  -31.369  -37.277  36.527 0.6250000000
57058  -30.513  -37.371  34.718 0.6250000000
50746  -14.523  -43.986  31.914 0.8750000000
55967  -30.139  -38.019  34.246 0.6250000000
55991  -29.738  -37.887  33.345 0.7500000000
57083  -30.476  -37.004  33.911 0.8750000000
60185  -31.672  -35.155  35.219 0.8750000000
66895  -35.762  -29.512  38.380 0.3750000000
50747  -15.265  -43.264  31.964 0.8750000000
57082  -30.080  -37.217  33.269 0.8750000000
58100  -30.377  -36.581  33.208 0.8750000000
59072  -31.347  -35.696  34.395 0.8750000000
66906  -35.599  -29.585  37.688 0.3750000000
51817  -14.774  -42.959  30.557 0.7500000000
57099  -29.893  -37.004  31.817 0.8750000000
57100  -29.858  -36.631  31.576 0.8750000000
59080  -30.697  -35.830  33.313 1.0000000000
60196  -31.366  -34.842  34.499 1.0000000000
66918  -35.391  -29.291  37.023 0.3750000000
51842  -15.600  -42.550  29.466 0.7500000000
59088  -30.307  -36.091  32.082 0.8750000000
60207  -30.865  -35.029  33.698 1.0000000000
66951  -34.359  -29.056  35.303 0.5000000000
66931  -35.103  -29.184  36.221 0.6250000000
51868  -16.050  -43.169  28.312 0.5000000000
60223  -30.223  -35.707  31.709 1.0000000000
61366  -30.396  -34.373  33.270 1.0000000000
66952  -35.137  -29.017  35.223 0.5000000000
53878  -17.777  -42.063  27.675 0.6250000000
62514  -30.176  -33.531  33.434 1.0000000000
66992  -35.288  -29.311  33.568 0.7500000000
66973  -35.836  -29.127  34.217 0.6250000000
52884  -17.906  -42.482  27.308 0.6250000000
62513  -29.910  -33.424  32.756 1.0000000000
63645  -30.431  -32.311  33.559 1.0000000000
65948  -35.989  -30.021  32.239 1.0000000000
65930  -35.715  -29.720  32.850 0.8750000000
51907  -19.029  -43.130  26.497 0.5000000000
62536  -29.450  -33.965  31.259 1.0000000000
63656  -29.624  -33.071  32.144 1.0000000000
64837  -35.919  -29.825  31.014 1.0000000000
65947  -35.350  -29.726  32.170 1.0000000000
51908  -19.737  -43.142  25.944 0.3750000000
52925  -19.766  -42.160  25.765 0.5000000000
62535  -29.298  -33.785  30.702 1.0000000000
63643  -29.648  -31.688  32.176 1.0000000000
64834  -29.592  -31.026  31.661 1.0000000000
64867  -35.689  -30.082  29.194 1.0000000000
64852  -35.370  -29.767  30.194 1.0000000000
64836  -35.192  -29.536  31.342 1.0000000000
51922  -20.086  -42.763  25.563 0.5000000000
60284  -27.851  -35.603  26.495 1.0000000000
61462  -28.600  -35.403  27.643 1.0000000000
61460  -27.970  -34.122  28.057 1.0000000000
62554  -28.208  -33.806  29.067 1.0000000000
63662  -28.863  -32.208  30.453 1.0000000000
64849  -29.788  -30.427  30.816 1.0000000000
64881  -33.957  -30.820  28.478 1.0000000000
64866  -34.701  -30.227  29.192 1.0000000000
52928  -22.233  -42.718  24.762 0.1250000000
61474  -27.914  -35.175  27.014 1.0000000000
62553  -28.094  -33.455  28.674 1.0000000000
63667  -28.381  -32.184  29.063 1.0000000000
64848  -29.145  -31.225  30.762 1.0000000000
63679  -33.645  -31.296  27.639 1.0000000000
53921  -22.725  -41.499  23.861 0.2500000000
54999  -24.012  -40.851  22.517 0.1250000000
53937  -24.823  -41.804  22.743 0.1250000000
53960  -25.084  -41.158  21.995 0.1250000000
62584  -27.521  -34.542  27.012 1.0000000000
62583  -27.206  -34.283  26.336 1.0000000000
63677  -27.896  -32.138  27.919 1.0000000000
64938  -33.680  -31.994  24.585 0.8750000000
64910  -33.142  -31.482  26.233 1.0000000000
53980  -25.907  -40.885  21.533 0.1250000000
63705  -27.492  -32.508  26.445 1.0000000000
63692  -28.050  -32.235  27.151 1.0000000000
64954  -33.517  -31.725  23.437 0.8750000000
64953  -32.542  -31.305  23.127 0.7500000000
57242  -26.002  -38.667  21.423 0.6250000000
59176  -27.205  -36.576  21.814 0.6250000000
61499  -26.707  -34.713  23.611 0.7500000000
62609  -26.513  -33.903  24.368 0.7500000000
64975  -32.382  -31.162  21.907 0.7500000000
64995  -32.550  -31.503  20.897 0.7500000000
58207  -27.000  -37.549  21.254 0.7500000000
49634  -14.974  -43.592  36.036 0.5000000000
49648  -14.830  -43.421  35.002 0.6250000000
55931  -29.955  -38.454  36.127 0.5000000000
55944  -29.721  -38.427  35.034 0.6250000000
55964  -28.196  -38.131  33.264 0.6250000000
55942  -28.266  -38.520  34.336 0.6250000000
49678  -14.873  -43.590  33.378 0.8750000000
55966  -29.534  -38.378  33.939 0.6250000000
50730  -14.864  -43.719  32.606 0.8750000000
55990  -29.253  -38.099  32.925 0.7500000000
55989  -28.625  -38.227  32.511 0.7500000000
56014  -28.257  -38.240  31.375 0.7500000000
50770  -15.624  -42.720  31.231 0.7500000000
56016  -29.615  -37.668  32.329 0.8750000000
56015  -29.089  -38.158  31.747 0.7500000000
51819  -16.006  -42.221  30.469 0.7500000000
56038  -29.340  -37.549  30.949 0.8750000000
66919  -36.390  -29.038  36.968 0.3750000000
66932  -36.246  -29.109  36.160 0.3750000000
57110  -29.295  -36.864  30.922 0.8750000000
57116  -29.174  -36.696  29.918 0.8750000000
66933  -37.238  -29.008  36.186 0.3750000000
52848  -16.558  -42.332  28.770 0.7500000000
52866  -17.132  -42.195  28.331 0.7500000000
58117  -29.637  -36.792  30.904 1.0000000000
58126  -29.852  -36.198  30.638 1.0000000000
65892  -36.761  -28.944  34.361 0.3750000000
52865  -16.812  -42.730  28.164 0.7500000000
53865  -17.695  -41.710  28.138 0.7500000000
59105  -29.885  -36.091  30.127 1.0000000000
60214  -30.190  -35.087  32.023 1.0000000000
53879  -18.201  -41.492  27.399 0.6250000000
60230  -29.871  -35.429  30.368 1.0000000000
61396  -29.684  -34.519  30.896 1.0000000000
64822  -36.241  -29.968  31.607 1.0000000000
65931  -36.320  -29.795  32.841 0.8750000000
52902  -18.440  -42.293  26.752 0.6250000000
53887  -19.364  -41.257  26.030 0.6250000000
61444  -29.075  -35.569  28.956 1.0000000000
61411  -29.466  -34.995  29.838 1.0000000000
64838  -36.489  -29.967  30.859 1.0000000000
52903  -19.128  -42.202  26.251 0.5000000000
61443  -28.875  -35.180  28.466 1.0000000000
61426  -28.930  -34.730  29.268 1.0000000000
63671  -36.474  -30.590  28.704 1.0000000000
64853  -36.119  -30.068  30.122 1.0000000000
53901  -20.050  -41.330  25.499 0.5000000000
59143  -28.102  -36.329  26.579 1.0000000000
61442  -28.307  -34.265  28.564 1.0000000000
63669  -35.405  -30.940  28.677 1.0000000000
53902  -20.840  -41.494  25.116 0.5000000000
54975  -21.048  -40.849  24.714 0.3750000000
59142  -27.405  -35.843  26.023 1.0000000000
63695  -34.348  -31.544  27.030 1.0000000000
53920  -22.036  -40.975  24.191 0.2500000000
53936  -23.598  -41.287  23.100 0.2500000000
60283  -27.410  -35.311  25.992 1.0000000000
60299  -27.342  -35.432  25.240 1.0000000000
63718  -34.140  -32.176  25.221 0.8750000000
63708  -34.091  -31.671  26.094 1.0000000000
56196  -24.826  -39.446  21.691 0.6250000000
55038  -25.138  -39.944  21.546 0.3750000000
61500  -26.974  -34.771  24.709 0.8750000000
56197  -25.483  -39.433  21.421 0.7500000000
58191  -26.930  -37.520  22.483 0.7500000000
60314  -26.868  -35.443  23.128 0.7500000000
64996  -33.249  -31.843  21.304 0.7500000000
50674  -15.569  -42.974  35.873 0.6250000000
49649  -15.264  -43.082  34.521 0.6250000000
49663  -15.325  -43.109  33.791 0.6250000000
55962  -23.612  -37.739  31.464 0.8750000000
50731  -15.552  -43.063  32.999 0.8750000000
54876  -23.141  -38.496  30.826 1.0000000000
54877  -23.987  -38.123  30.473 1.0000000000
55986  -25.985  -37.517  31.114 0.8750000000
55987  -27.005  -37.662  31.771 0.8750000000
55988  -27.853  -38.110  32.133 0.7500000000
53829  -22.445  -39.892  30.612 1.0000000000
54891  -24.306  -38.216  30.118 0.8750000000
65846  -36.012  -29.171  38.955 0.2500000000
52826  -21.339  -40.590  30.191 1.0000000000
54890  -23.515  -38.388  30.246 1.0000000000
56010  -24.916  -38.057  30.174 0.8750000000
56012  -26.444  -37.804  30.585 0.8750000000
56013  -27.349  -38.081  31.026 0.8750000000
51820  -16.903  -41.703  30.431 1.0000000000
52855  -21.848  -40.464  29.449 1.0000000000
53855  -22.252  -39.981  29.344 1.0000000000
54901  -24.229  -38.287  29.710 1.0000000000
54902  -24.984  -38.134  29.589 0.8750000000
56058  -27.160  -38.581  29.412 0.8750000000
56037  -28.652  -38.197  30.563 0.8750000000
66896  -36.755  -28.817  38.481 0.2500000000
51843  -16.631  -41.933  29.625 1.0000000000
53854  -21.890  -40.281  29.067 1.0000000000
53856  -22.605  -38.804  29.440 1.0000000000
56033  -25.474  -38.019  29.698 0.8750000000
56057  -26.436  -38.414  29.507 0.8750000000
66920  -37.402  -28.947  37.049 0.2500000000
52849  -17.420  -41.707  28.830 0.8750000000
54917  -24.198  -38.241  29.269 1.0000000000
54918  -25.069  -38.205  29.102 0.8750000000
54920  -26.474  -38.723  29.018 0.8750000000
56075  -27.658  -38.538  28.818 0.8750000000
56060  -28.685  -37.719  29.761 0.8750000000
56061  -28.927  -37.068  30.023 0.8750000000
53851  -17.731  -41.638  28.516 0.8750000000
54938  -26.893  -38.791  28.479 0.8750000000
56076  -28.106  -37.987  28.846 0.8750000000
56077  -28.396  -37.324  29.026 0.8750000000
65910  -37.343  -29.141  33.618 0.3750000000
65894  -38.441  -28.737  34.536 0.3750000000
53866  -18.435  -40.944  28.165 0.7500000000
54929  -18.907  -40.423  28.078 0.7500000000
56101  -28.276  -38.001  28.068 1.0000000000
56102  -28.408  -37.362  28.132 1.0000000000
58134  -29.220  -36.404  29.577 1.0000000000
65932  -36.988  -29.563  32.799 0.5000000000
65911  -38.166  -28.890  33.760 0.3750000000
54962  -18.677  -40.697  27.114 0.6250000000
54946  -19.257  -40.083  27.495 0.7500000000
56122  -28.255  -37.713  27.316 1.0000000000
57141  -28.516  -36.682  28.608 1.0000000000
59115  -29.170  -36.059  29.097 1.0000000000
64823  -36.717  -29.879  31.445 1.0000000000
65950  -37.299  -29.657  31.754 0.8750000000
53886  -18.697  -41.319  26.601 0.6250000000
54963  -19.265  -40.365  26.594 0.6250000000
57156  -28.462  -37.374  27.048 1.0000000000
59124  -29.034  -35.913  28.146 1.0000000000
64839  -37.052  -30.013  30.805 1.0000000000
65964  -37.460  -29.902  30.979 0.8750000000
56134  -19.841  -39.647  26.308 0.7500000000
56135  -20.287  -39.318  25.528 0.8750000000
57176  -28.175  -37.217  26.700 1.0000000000
58159  -28.638  -36.784  26.953 1.0000000000
64870  -37.490  -30.539  29.175 1.0000000000
54973  -19.775  -40.351  25.798 0.5000000000
56153  -20.589  -39.684  24.837 0.6250000000
57193  -27.709  -37.539  25.732 1.0000000000
58167  -27.629  -36.922  26.136 1.0000000000
59144  -28.678  -36.351  26.922 1.0000000000
63682  -35.955  -31.250  28.140 1.0000000000
64884  -37.129  -30.836  28.543 1.0000000000
54987  -20.867  -40.202  24.581 0.5000000000
56155  -21.751  -39.604  24.056 0.7500000000
58166  -27.665  -37.184  25.009 1.0000000000
63721  -36.130  -31.710  25.887 1.0000000000
63697  -35.854  -31.738  27.468 1.0000000000
56165  -22.293  -39.468  23.609 0.5000000000
56166  -22.865  -39.518  23.058 0.5000000000
57209  -26.720  -38.080  23.350 0.7500000000
59152  -27.506  -36.297  25.101 1.0000000000
64979  -35.883  -31.336  23.246 0.8750000000
63744  -35.747  -31.932  24.648 0.8750000000
63709  -34.922  -31.871  26.386 1.0000000000
55016  -23.905  -40.119  22.339 0.5000000000
57240  -24.588  -38.812  22.031 0.6250000000
57225  -25.040  -38.330  22.559 0.7500000000
57226  -26.068  -38.329  22.398 0.7500000000
58176  -27.256  -37.387  23.690 0.7500000000
59165  -27.398  -36.265  24.147 0.8750000000
60315  -27.242  -35.589  24.133 0.7500000000
64956  -35.442  -31.859  23.671 0.8750000000
57241  -25.267  -38.716  21.785 0.7500000000
58206  -26.445  -37.988  21.798 0.7500000000
59164  -27.215  -36.394  23.208 0.7500000000
50696  -15.543  -42.728  34.939 0.6250000000
50697  -16.061  -42.301  34.356 0.7500000000
50715  -16.214  -42.540  33.432 0.8750000000
54866  -23.014  -38.216  31.396 1.0000000000
50732  -16.598  -42.629  32.530 0.8750000000
50749  -16.981  -42.239  31.656 1.0000000000
50748  -16.122  -42.771  31.920 0.8750000000
50750  -17.828  -41.648  31.306 1.0000000000
54875  -22.653  -39.201  31.122 1.0000000000
51796  -19.579  -40.702  30.726 1.0000000000
50771  -16.467  -42.197  31.169 1.0000000000
51822  -18.689  -40.934  30.416 1.0000000000
51846  -19.369  -40.462  29.587 1.0000000000
52853  -20.789  -40.327  29.082 1.0000000000
51844  -17.559  -41.457  29.677 1.0000000000
52852  -19.973  -40.157  29.049 1.0000000000
53872  -22.455  -38.530  29.289 1.0000000000
53853  -18.565  -40.891  28.701 1.0000000000
53867  -19.201  -40.402  28.624 0.8750000000
53868  -20.141  -40.137  28.633 1.0000000000
54933  -21.979  -38.988  28.634 1.0000000000
54934  -22.878  -37.980  29.089 1.0000000000
54935  -24.395  -38.057  28.693 1.0000000000
54936  -25.356  -38.242  28.537 1.0000000000
54954  -26.359  -38.461  27.917 1.0000000000
54931  -20.555  -40.042  28.221 1.0000000000
54949  -21.661  -38.961  28.003 1.0000000000
54950  -22.417  -38.035  28.225 1.0000000000
54951  -23.710  -37.797  28.163 1.0000000000
54953  -25.693  -38.137  27.931 1.0000000000
54955  -26.837  -38.698  27.917 1.0000000000
56100  -27.493  -38.558  27.935 1.0000000000
67965  -39.226  -28.177  32.641 0.5000000000
66995  -39.232  -28.371  33.007 0.5000000000
65934  -38.515  -29.000  33.142 0.3750000000
54928  -18.630  -40.685  27.980 0.7500000000
54930  -19.671  -40.081  28.232 1.0000000000
54948  -20.893  -39.566  27.790 1.0000000000
56095  -23.161  -37.894  27.478 1.0000000000
56096  -24.289  -37.874  27.404 1.0000000000
56117  -24.742  -37.992  26.686 1.0000000000
56119  -26.226  -38.178  26.776 1.0000000000
56120  -26.994  -38.464  26.941 1.0000000000
67022  -38.630  -28.424  32.100 0.6250000000
65951  -38.060  -29.195  32.138 0.7500000000
56092  -20.297  -39.332  27.379 1.0000000000
56093  -21.096  -38.816  27.423 1.0000000000
56114  -21.478  -38.268  26.721 1.0000000000
56115  -22.630  -38.079  26.745 1.0000000000
56118  -25.535  -37.964  26.752 1.0000000000
56121  -27.689  -38.125  27.190 1.0000000000
65981  -38.333  -29.134  30.235 0.8750000000
65965  -37.868  -29.615  30.804 0.8750000000
56113  -20.396  -38.890  26.622 1.0000000000
57151  -20.921  -38.391  25.786 1.0000000000
57153  -23.170  -38.102  25.963 1.0000000000
57155  -24.771  -38.056  26.171 1.0000000000
56138  -25.686  -38.091  26.054 1.0000000000
56139  -26.488  -38.302  26.028 1.0000000000
56140  -27.306  -38.267  26.332 1.0000000000
66024  -38.899  -29.610  27.847 1.0000000000
65997  -38.695  -29.460  29.224 1.0000000000
64840  -37.396  -29.916  30.465 1.0000000000
57152  -22.014  -38.042  25.857 1.0000000000
57170  -23.705  -38.145  25.252 1.0000000000
57171  -24.870  -38.134  25.573 1.0000000000
57190  -25.491  -38.291  24.689 1.0000000000
57173  -27.023  -38.402  25.386 1.0000000000
56142  -28.125  -37.577  26.817 1.0000000000
67072  -37.962  -29.120  26.857 1.0000000000
66036  -38.360  -29.971  26.927 1.0000000000
64885  -37.859  -30.915  28.407 1.0000000000
57168  -21.433  -38.582  24.889 0.8750000000
57169  -22.571  -38.064  25.018 1.0000000000
57188  -23.121  -38.169  24.290 1.0000000000
57189  -24.252  -38.096  24.477 1.0000000000
57174  -27.616  -38.004  25.837 1.0000000000
57175  -27.824  -37.610  26.389 1.0000000000
66075  -36.638  -30.042  25.131 1.0000000000
66047  -37.631  -29.564  26.607 1.0000000000
64913  -37.556  -30.802  26.943 1.0000000000
56154  -21.159  -39.502  24.469 0.7500000000
57187  -22.141  -38.735  24.106 0.7500000000
57191  -26.525  -38.446  24.407 1.0000000000
57192  -27.502  -37.989  24.637 1.0000000000
66094  -36.489  -29.611  24.542 1.0000000000
64941  -36.726  -30.853  25.534 1.0000000000
64927  -36.865  -30.640  26.382 1.0000000000
57223  -23.261  -38.835  22.980 0.6250000000
57207  -24.689  -38.089  23.509 0.7500000000
57208  -25.773  -38.336  23.462 0.7500000000
66093  -36.649  -30.188  24.174 1.0000000000
64940  -36.414  -31.340  25.212 1.0000000000
56179  -23.512  -39.439  22.561 0.5000000000
57224  -24.004  -38.552  22.592 0.7500000000
50714  -15.661  -42.811  33.990 0.6250000000
51763  -17.693  -41.796  32.751 1.0000000000
51794  -18.192  -41.672  31.661 1.0000000000
68979  -38.963  -27.935  30.067 0.6250000000
67985  -38.968  -27.910  31.449 0.6250000000
68996  -38.333  -28.142  28.134 1.0000000000
67990  -38.883  -28.423  29.896 0.8750000000
67984  -38.824  -28.085  30.771 0.7500000000
68013  -38.229  -28.653  27.450 1.0000000000
68005  -38.577  -28.665  28.189 1.0000000000
67037  -38.718  -28.894  29.661 0.8750000000
69011  -37.428  -27.964  26.523 1.0000000000
68028  -37.470  -28.390  26.543 1.0000000000
68014  -38.466  -28.741  27.746 1.0000000000
69033  -36.612  -27.827  25.542 1.0000000000
68040  -36.984  -28.402  25.939 1.0000000000
67083  -37.305  -28.858  26.399 1.0000000000
67096  -36.388  -29.113  24.955 1.0000000000
68985  -38.548  -27.756  29.323 0.7500000000
70050  -38.248  -27.309  29.757 0.6250000000
70076  -37.837  -27.697  27.666 1.0000000000
70059  -38.082  -27.541  28.674 0.7500000000
70049  -37.673  -27.116  29.127 0.6250000000
70091  -37.254  -27.682  26.580 1.0000000000
70075  -37.435  -27.452  27.289 1.0000000000
70074  -36.990  -27.141  26.871 1.0000000000
69040  -35.847  -28.168  24.996 1.0000000000
69032  -36.234  -27.845  25.354 1.0000000000
70099  -36.577  -27.017  26.009 1.0000000000
70108  -36.262  -27.505  25.499 1.0000000000
71277  -36.288  -26.976  25.816 1.0000000000
70037  -37.844  -26.804  30.218 0.6250000000
71219  -37.186  -26.457  29.532 0.6250000000
71240  -37.188  -26.799  28.411 0.8750000000
71268  -36.411  -26.807  26.435 1.0000000000
71258  -37.251  -27.021  27.593 1.0000000000
71285  -35.588  -26.725  25.336 1.0000000000
71204  -37.418  -26.026  30.692 0.6250000000
71256  -35.771  -25.947  27.909 0.8750000000
71239  -36.422  -26.231  28.747 0.7500000000
71267  -35.760  -26.308  26.824 1.0000000000
71276  -35.765  -26.414  25.919 1.0000000000
71295  -34.719  -26.284  24.399 1.0000000000
71203  -37.199  -25.203  31.069 0.5000000000
71218  -36.455  -25.414  29.974 0.6250000000
71189  -37.419  -25.111  31.544 0.3750000000
71217  -35.965  -25.103  29.585 0.6250000000
72392  -36.593  -24.573  30.750 0.6250000000
71275  -35.170  -25.682  26.258 0.8750000000
71255  -35.370  -25.088  28.169 0.6250000000
71238  -35.741  -25.188  28.959 0.5000000000
71266  -35.244  -25.426  27.253 0.7500000000
72443  -35.034  -24.428  27.672 0.6250000000
72462  -34.583  -24.941  25.762 0.7500000000
72450  -34.745  -24.724  26.771 0.7500000000
72472  -33.926  -24.805  25.097 1.0000000000
72461  -33.918  -23.977  25.701 0.8750000000
72485  -33.513  -24.362  24.352 1.0000000000
72428  -35.605  -24.517  29.121 0.6250000000
72427  -35.414  -24.357  28.569 0.6250000000
73597  -35.350  -23.451  27.928 0.6250000000
73615  -34.747  -23.492  27.099 0.6250000000
72460  -33.707  -23.854  25.350 0.8750000000
73640  -33.817  -22.870  25.042 0.8750000000
73655  -33.353  -23.515  23.661 0.8750000000
74657  -35.526  -22.583  27.286 0.6250000000
74636  -35.835  -22.587  28.090 0.6250000000
73614  -34.345  -23.225  26.296 0.7500000000
74676  -35.070  -22.404  26.480 0.7500000000
74658  -36.552  -22.084  27.258 0.3750000000
74686  -34.294  -22.369  25.270 0.8750000000
74698  -34.042  -22.323  24.424 0.8750000000
74687  -34.974  -21.977  25.626 0.8750000000
74688  -35.944  -22.041  25.742 0.8750000000
74712  -35.197  -21.534  24.481 0.8750000000
74700  -35.491  -21.671  25.027 0.8750000000
75794  -35.242  -21.413  23.801 0.8750000000
75734  -36.939  -21.893  27.317 0.5000000000
75755  -37.089  -21.684  26.360 0.6250000000
75736  -38.009  -21.185  27.480 0.6250000000
77900  -43.194  -18.859  31.156 0.1250000000
75783  -36.161  -21.694  25.184 0.8750000000
75772  -37.301  -21.208  25.603 0.6250000000
75756  -37.707  -21.133  26.488 0.6250000000
75784  -36.671  -21.260  24.874 0.8750000000
75773  -38.242  -20.640  25.480 0.7500000000
76871  -39.388  -20.197  27.263 0.3750000000
76854  -40.255  -19.785  27.876 0.2500000000
77952  -41.002  -19.420  27.926 0.2500000000
75795  -35.712  -21.325  24.179 0.8750000000
75785  -37.459  -20.761  24.605 1.0000000000
76888  -39.173  -20.071  26.031 0.5000000000
76872  -40.139  -19.465  26.612 0.3750000000
76873  -41.128  -19.373  26.599 0.2500000000
75807  -35.880  -21.119  23.069 0.8750000000
75796  -36.657  -20.828  23.860 1.0000000000
75797  -37.467  -20.399  23.552 0.8750000000
75786  -38.250  -20.338  24.182 0.8750000000
76899  -39.109  -20.121  24.741 0.7500000000
76889  -39.831  -19.318  25.342 0.6250000000
75809  -37.598  -20.367  22.532 0.8750000000
75798  -38.127  -20.181  23.217 0.8750000000
75810  -38.392  -20.140  22.361 0.8750000000
76909  -39.021  -20.058  23.381 0.8750000000
75896  -37.626  -20.831  18.594 0.8750000000
75914  -37.850  -21.062  17.595 0.8750000000
79058  -43.954  -18.677  31.702 0.1250000000
79086  -43.055  -18.592  29.615 0.1250000000
77916  -43.255  -18.655  30.356 0.1250000000
77938  -42.390  -18.654  28.162 0.2500000000
77927  -42.385  -18.984  29.182 0.1250000000
76855  -40.867  -19.505  27.261 0.2500000000
77953  -41.721  -19.068  27.333 0.2500000000
77968  -40.940  -19.305  25.714 0.2500000000
76900  -39.784  -19.392  24.117 0.5000000000
77985  -40.744  -19.052  24.638 0.5000000000
78001  -40.636  -18.894  23.504 0.8750000000
76920  -39.169  -19.651  22.161 0.8750000000
76921  -40.100  -19.200  21.828 0.8750000000
75823  -38.619  -20.007  21.304 1.0000000000
76935  -39.476  -19.520  21.022 0.8750000000
75843  -38.051  -20.265  20.462 0.8750000000
75872  -38.375  -20.667  19.485 0.8750000000
75844  -38.958  -20.161  20.256 0.8750000000
79048  -44.996  -18.654  33.141 0.1250000000
79070  -43.865  -18.543  30.756 0.1250000000
79071  -44.574  -18.371  31.194 0.1250000000
77969  -41.780  -18.914  26.134 0.2500000000
77970  -42.475  -18.539  26.627 0.2500000000
77986  -41.742  -18.905  25.025 0.5000000000
79165  -43.117  -18.305  26.376 0.3750000000
78002  -41.521  -18.649  23.924 0.5000000000
78016  -41.429  -18.747  22.817 0.8750000000
76910  -39.807  -19.239  22.926 0.8750000000
78015  -40.734  -18.980  22.420 0.8750000000
78028  -40.939  -19.141  21.594 0.8750000000
76955  -40.654  -19.744  19.897 1.0000000000
76954  -39.845  -19.721  19.981 0.8750000000
76972  -39.914  -20.004  19.477 0.8750000000
75845  -40.779  -19.884  19.595 1.0000000000
75846  -40.980  -19.778  19.787 1.0000000000
75873  -39.415  -20.528  19.383 0.8750000000
75897  -38.642  -21.058  18.535 0.8750000000
79105  -43.559  -18.167  29.125 0.1250000000
79087  -43.750  -18.404  29.903 0.1250000000
79121  -42.927  -18.135  28.138 0.2500000000
79122  -43.400  -17.894  28.358 0.1250000000
78040  -41.165  -19.250  21.246 0.8750000000
75875  -40.935  -19.890  19.280 1.0000000000
79123  -43.905  -17.734  28.674 0.1250000000
79136  -43.261  -17.906  27.586 0.2500000000
78003  -42.482  -18.530  24.230 0.5000000000
77987  -42.817  -18.484  25.507 0.3750000000
78017  -42.214  -18.546  23.108 0.5000000000
78030  -41.992  -18.673  22.073 0.8750000000
78029  -41.456  -18.954  21.749 0.8750000000
76923  -41.894  -19.064  21.398 0.8750000000
76924  -42.295  -18.980  21.492 0.8750000000
76956  -41.301  -19.533  20.379 0.8750000000
75847  -41.810  -19.484  20.183 0.8750000000
74762  -41.348  -19.669  19.230 1.0000000000
74786  -40.829  -20.251  18.587 0.8750000000
79150  -43.653  -18.220  26.752 0.2500000000
79137  -43.933  -17.741  27.694 0.1250000000
77988  -43.811  -18.381  25.286 0.3750000000
79166  -43.546  -18.401  25.986 0.3750000000
77971  -44.075  -18.418  25.991 0.3750000000
79151  -44.348  -18.159  26.578 0.2500000000
78031  -42.801  -18.691  22.169 0.6250000000
78018  -43.099  -18.367  23.332 0.3750000000
78019  -43.950  -18.321  23.499 0.5000000000
76938  -42.077  -19.403  20.893 0.8750000000
76939  -42.752  -19.179  21.267 0.7500000000
78043  -43.305  -18.783  21.998 0.7500000000
76925  -43.895  -18.651  22.152 0.6250000000
75825  -42.396  -19.464  20.550 0.8750000000
75826  -43.079  -19.547  20.663 0.8750000000
75827  -43.704  -19.701  20.769 0.7500000000
76941  -44.374  -19.306  21.172 0.7500000000
75876  -41.917  -19.516  19.666 0.8750000000
75848  -42.625  -19.676  20.062 0.8750000000
75877  -42.468  -19.653  19.778 0.8750000000
75849  -43.351  -20.121  20.241 0.7500000000
75850  -44.042  -20.239  20.456 0.7500000000
76958  -44.538  -19.940  20.618 0.7500000000
74763  -42.098  -19.546  19.499 0.8750000000
74741  -42.994  -20.034  19.878 0.8750000000
74765  -43.262  -20.420  19.646 0.7500000000
75879  -44.100  -20.842  19.765 0.7500000000
75851  -44.568  -20.284  20.261 0.7500000000
74787  -41.316  -19.718  18.874 0.8750000000
74788  -41.983  -19.482  19.269 1.0000000000
74789  -42.807  -19.950  19.170 1.0000000000
74790  -43.348  -20.438  19.210 0.8750000000
74829  -42.221  -19.581  18.129 0.8750000000
78005  -44.366  -18.162  24.401 0.3750000000
77989  -44.323  -18.230  25.406 0.3750000000
79182  -44.648  -18.000  25.081 0.3750000000
78020  -44.606  -18.329  23.241 0.6250000000
76926  -44.326  -18.553  22.364 0.7500000000
76911  -44.618  -18.414  22.853 0.6250000000
76927  -44.773  -18.587  22.109 0.6250000000
78034  -45.205  -18.317  22.003 0.5000000000
76959  -45.103  -19.604  20.590 0.6250000000
76942  -44.959  -18.914  21.394 0.6250000000
75902  -44.070  -20.386  18.901 0.7500000000
75880  -44.829  -20.236  19.695 0.7500000000
74812  -42.665  -19.790  18.787 1.0000000000
75903  -44.948  -19.897  19.069 0.7500000000
75936  -42.831  -19.542  17.955 0.8750000000
75918  -43.204  -19.925  18.568 1.0000000000
75919  -44.042  -19.711  18.361 0.8750000000
78053  -45.943  -18.854  20.258 0.5000000000
77004  -42.732  -19.321  17.269 0.8750000000
75938  -44.113  -19.336  18.072 0.8750000000
76985  -44.681  -19.587  18.562 0.7500000000
77005  -43.442  -19.239  17.543 0.7500000000
76974  -45.445  -19.560  19.613 0.6250000000
79206  -46.379  -18.150  20.534 0.3750000000
76986  -45.409  -19.260  18.754 0.7500000000
78069  -45.991  -19.032  19.281 0.6250000000
78070  -46.447  -18.584  19.633 0.5000000000
76994  -44.478  -19.199  18.168 0.7500000000
78085  -45.969  -18.895  18.615 0.5000000000
77021  -43.786  -18.951  17.280 0.7500000000
77007  -44.753  -18.790  17.956 0.8750000000
77019  -42.595  -19.147  16.705 0.8750000000
77020  -43.312  -19.015  17.016 0.8750000000
78121  -43.133  -18.695  16.379 0.7500000000
78122  -44.094  -18.564  16.842 0.6250000000
79247  -43.746  -18.086  15.911 0.7500000000
80298  -43.849  -17.584  15.271 0.8750000000
81350  -46.438  -17.143  14.016 0.8750000000
81372  -47.021  -16.391  13.580 0.7500000000
81373  -48.088  -16.398  13.624 0.6250000000
81374  -49.080  -16.331  13.640 0.6250000000
78086  -46.464  -18.647  18.877 0.5000000000
79220  -47.094  -18.176  19.268 0.5000000000
80266  -47.449  -17.556  19.933 0.2500000000
78108  -45.334  -18.339  17.567 0.5000000000
78109  -45.969  -18.452  17.799 0.5000000000
78098  -46.283  -18.568  18.173 0.5000000000
78107  -44.642  -18.436  17.292 0.7500000000
79248  -44.696  -17.930  16.250 0.7500000000
79249  -45.813  -17.858  16.549 0.7500000000
79260  -45.241  -17.941  15.467 0.7500000000
79259  -44.436  -17.789  15.521 0.7500000000
80313  -45.780  -17.755  14.605 0.7500000000
79261  -46.140  -17.915  15.469 0.7500000000
80314  -46.952  -17.549  15.004 0.7500000000
80312  -44.537  -17.390  14.659 0.7500000000
81352  -48.643  -16.928  14.230 0.6250000000
81349  -45.301  -16.981  13.999 0.8750000000
81351  -47.556  -16.938  14.272 0.7500000000
81353  -49.457  -16.615  14.308 0.6250000000
79227  -46.993  -18.280  18.382 0.3750000000
80274  -47.675  -17.579  19.274 0.2500000000
79236  -46.591  -17.972  17.451 0.6250000000
80275  -48.210  -17.250  18.805 0.1250000000
79221  -47.498  -17.787  18.745 0.2500000000
79237  -47.718  -17.583  17.413 0.2500000000
79228  -47.567  -17.670  18.096 0.2500000000
79250  -46.846  -17.647  16.553 0.3750000000
80287  -47.465  -17.562  16.857 0.3750000000
80299  -46.697  -17.691  15.906 0.6250000000
80300  -47.664  -17.443  16.005 0.6250000000
80301  -48.904  -17.523  15.878 0.5000000000
80315  -48.200  -17.372  15.024 0.7500000000
80316  -49.365  -17.127  15.020 0.6250000000
81340  -50.302  -16.663  15.611 0.2500000000
80279  -48.428  -17.270  17.843 0.1250000000
80268  -48.974  -16.753  19.537 0.1250000000
80288  -48.485  -17.528  16.874 0.1250000000
80276  -49.251  -16.789  18.531 0.1250000000
81320  -50.127  -16.511  18.742 0.1250000000
80280  -49.343  -17.182  17.547 0.2500000000
80277  -49.940  -16.769  18.070 0.1250000000
81309  -50.753  -16.308  19.440 0.1250000000
81310  -51.577  -16.175  19.335 0.1250000000
80289  -49.574  -17.368  16.700 0.2500000000
80281  -50.181  -16.988  17.452 0.2500000000
81329  -50.989  -16.648  17.484 0.1250000000
80290  -50.386  -16.992  16.700 0.2500000000
81322  -51.703  -16.250  18.376 0.1250000000
81312  -53.671  -15.990  19.524 0.1250000000
80303  -50.514  -16.705  16.134 0.2500000000
81335  -51.102  -16.460  16.667 0.2500000000
81331  -52.846  -15.773  17.357 0.1250000000
81324  -54.027  -15.869  18.380 0.1250000000
81325  -55.292  -15.862  18.770 0.1250000000
82373  -54.725  -15.533  17.787 0.1250000000
46482  -8.937  -47.850  34.879 0.6250000000
46483  -9.907  -47.556  35.290 0.6250000000
46431  -11.689  -47.335  37.910 0.5000000000
46485  -10.933  -46.901  35.962 0.5000000000
47527  -12.394  -46.672  37.360 0.5000000000
47542  -12.548  -46.022  36.766 0.6250000000
47543  -13.111  -45.547  36.811 0.6250000000
48600  -13.574  -45.054  37.001 0.3750000000
47565  -12.564  -45.652  35.257 0.6250000000
48643  -13.789  -44.938  33.429 0.7500000000
49622  -14.827  -44.260  37.504 0.1250000000
59026  -33.007  -36.479  38.733 0.3750000000
59034  -32.805  -36.073  38.160 0.3750000000
59035  -33.085  -35.395  38.176 0.5000000000
62433  -34.331  -33.328  39.037 0.3750000000
59048  -31.973  -36.112  36.057 0.7500000000
60164  -33.123  -34.831  37.527 0.6250000000
61311  -33.392  -34.177  38.147 0.6250000000
62448  -33.803  -33.263  38.416 0.6250000000
63565  -34.417  -32.501  38.670 0.3750000000
61321  -33.035  -34.615  36.789 0.7500000000
62471  -33.432  -33.613  36.851 0.7500000000
61327  -32.070  -34.647  35.871 0.8750000000
61340  -31.997  -33.845  35.875 0.8750000000
62476  -32.359  -33.164  36.165 0.8750000000
63614  -33.059  -33.067  36.527 0.8750000000
63598  -33.116  -32.253  36.612 0.8750000000
64784  -33.359  -30.439  36.279 0.7500000000
65873  -33.957  -29.925  36.625 0.7500000000
65908  -33.278  -29.595  35.465 0.7500000000
64810  -32.360  -30.561  34.725 1.0000000000
65907  -32.936  -29.651  35.016 0.8750000000
66972  -34.823  -29.044  34.508 0.7500000000
66991  -34.316  -29.204  33.992 0.8750000000
67009  -34.748  -29.280  33.298 0.8750000000
64819  -31.309  -30.732  33.586 1.0000000000
65945  -33.301  -29.197  32.671 1.0000000000
65962  -34.294  -29.124  31.576 1.0000000000
64817  -29.890  -31.226  32.455 1.0000000000
65943  -31.154  -29.917  32.610 1.0000000000
67008  -31.618  -29.648  32.416 1.0000000000
65979  -33.729  -29.125  30.962 1.0000000000
65978  -33.184  -29.553  30.591 1.0000000000
63655  -29.428  -32.256  31.728 1.0000000000
65959  -31.321  -29.680  31.576 1.0000000000
65977  -32.209  -29.728  30.669 1.0000000000
65995  -32.752  -29.835  30.153 1.0000000000
52926  -20.433  -42.283  25.415 0.3750000000
65976  -31.385  -29.967  30.491 1.0000000000
65975  -30.478  -29.956  30.211 1.0000000000
64864  -32.249  -30.275  29.129 1.0000000000
64863  -31.854  -30.288  29.061 1.0000000000
65991  -29.418  -30.426  28.991 1.0000000000
65974  -29.457  -30.280  29.995 1.0000000000
64861  -28.522  -31.723  28.994 1.0000000000
65993  -31.463  -30.037  29.378 1.0000000000
64898  -32.757  -31.406  27.195 1.0000000000
64879  -31.834  -30.412  28.646 1.0000000000
53904  -22.375  -42.033  24.446 0.1250000000
53922  -23.929  -42.091  23.638 0.1250000000
64894  -27.902  -31.504  27.631 1.0000000000
66006  -29.189  -30.312  28.137 1.0000000000
66005  -28.475  -30.689  28.063 1.0000000000
66020  -28.762  -30.261  27.403 1.0000000000
66022  -30.652  -30.368  27.703 1.0000000000
66008  -31.046  -30.079  28.403 1.0000000000
66021  -29.834  -30.364  27.199 1.0000000000
64908  -30.760  -30.845  26.183 1.0000000000
64934  -26.943  -31.570  24.909 0.8750000000
64921  -27.365  -31.622  25.907 1.0000000000
62596  -26.862  -33.492  25.367 1.0000000000
66042  -27.788  -30.933  26.320 0.8750000000
66032  -28.256  -30.478  26.797 1.0000000000
66045  -29.857  -30.513  25.187 1.0000000000
66033  -28.938  -30.062  26.501 1.0000000000
66044  -28.976  -30.103  25.516 1.0000000000
66055  -29.046  -30.226  24.501 1.0000000000
66056  -29.984  -30.489  24.106 0.8750000000
64935  -30.861  -30.658  23.645 0.8750000000
55039  -25.703  -40.401  21.434 0.5000000000
56198  -26.145  -39.482  20.991 0.6250000000
66054  -28.125  -30.192  24.924 0.8750000000
66053  -27.531  -30.800  25.400 0.8750000000
64951  -30.901  -30.500  23.084 0.8750000000
66091  -31.139  -30.517  21.895 0.8750000000
57253  -26.458  -38.808  20.852 0.6250000000
50634  -15.484  -43.792  37.536 0.2500000000
58108  -30.125  -36.827  32.654 0.8750000000
58081  -31.026  -36.336  34.015 0.8750000000
50769  -14.737  -43.188  31.022 0.7500000000
58109  -30.151  -36.615  32.022 1.0000000000
51818  -15.153  -42.698  30.515 0.7500000000
51866  -14.376  -43.550  29.263 0.7500000000
60215  -30.358  -35.229  32.471 1.0000000000
51888  -16.892  -43.273  27.781 0.5000000000
59097  -30.057  -35.762  30.693 1.0000000000
66953  -36.043  -28.887  35.252 0.3750000000
52883  -17.302  -42.551  27.800 0.7500000000
61365  -30.139  -34.019  32.929 1.0000000000
66993  -35.973  -29.618  33.429 0.6250000000
62526  -29.592  -33.906  31.864 1.0000000000
65949  -36.580  -29.859  32.126 1.0000000000
61395  -29.454  -34.198  30.523 1.0000000000
62524  -29.087  -32.833  30.996 1.0000000000
62534  -28.941  -33.160  30.317 1.0000000000
61409  -28.929  -34.011  29.685 1.0000000000
64833  -29.322  -31.648  31.331 1.0000000000
60285  -28.578  -35.872  26.934 1.0000000000
62573  -27.670  -33.903  27.357 1.0000000000
62543  -28.120  -33.087  29.204 1.0000000000
63680  -34.484  -31.573  27.926 1.0000000000
53903  -21.756  -41.569  24.585 0.2500000000
63693  -28.225  -32.946  27.610 1.0000000000
63678  -28.119  -32.728  28.430 1.0000000000
53935  -23.043  -40.889  23.261 0.2500000000
55017  -24.697  -40.482  21.910 0.5000000000
53961  -25.743  -41.284  21.830 0.1250000000
62582  -26.997  -33.242  26.167 1.0000000000
63706  -28.051  -33.026  26.874 1.0000000000
64925  -33.582  -31.709  25.585 1.0000000000
64924  -32.827  -31.488  25.344 0.8750000000
64937  -32.659  -31.516  24.272 0.8750000000
64939  -34.262  -32.284  24.369 0.8750000000
64909  -32.097  -31.333  26.293 1.0000000000
63694  -33.592  -31.475  26.768 1.0000000000
64976  -33.369  -31.700  22.302 0.7500000000
64936  -31.710  -31.033  23.970 0.8750000000
64952  -31.508  -30.817  22.811 0.8750000000
60331  -27.018  -35.599  22.172 0.7500000000
61512  -26.584  -34.771  22.503 0.7500000000
62610  -26.741  -34.392  24.788 0.8750000000
65017  -32.596  -31.633  20.081 0.7500000000
55965  -28.849  -38.380  33.611 0.6250000000
55943  -29.030  -38.652  34.676 0.6250000000
49679  -15.166  -43.247  33.526 0.8750000000
57127  -28.736  -36.625  29.179 1.0000000000
58125  -29.599  -36.442  30.462 1.0000000000
66954  -37.020  -28.834  35.319 0.3750000000
65893  -37.650  -28.795  34.482 0.3750000000
65909  -36.549  -29.428  33.534 0.5000000000
53852  -18.034  -41.401  28.571 0.8750000000
54945  -18.634  -40.699  27.690 0.7500000000
60242  -29.383  -35.664  29.476 1.0000000000
59133  -28.850  -36.281  27.414 1.0000000000
64854  -36.705  -30.272  30.076 1.0000000000
63681  -35.275  -31.656  28.126 1.0000000000
54974  -20.389  -40.462  25.071 0.5000000000
54988  -21.512  -40.456  24.326 0.6250000000
63696  -35.084  -31.938  27.310 1.0000000000
54989  -22.120  -40.407  23.864 0.5000000000
54997  -22.649  -40.374  23.345 0.3750000000
54998  -23.298  -40.372  22.803 0.3750000000
63731  -35.396  -32.159  24.982 0.8750000000
63720  -35.483  -31.993  25.735 1.0000000000
64955  -34.523  -32.009  23.738 0.8750000000
63742  -35.108  -32.285  23.996 0.8750000000
65018  -33.236  -31.800  20.462 0.7500000000
65019  -33.893  -32.107  20.713 0.5000000000
53818  -22.708  -39.370  30.811 1.0000000000
53830  -22.955  -39.129  30.298 1.0000000000
54900  -23.472  -38.448  29.956 1.0000000000
55985  -24.897  -37.841  30.742 0.8750000000
56011  -25.452  -37.890  30.133 0.8750000000
55963  -27.531  -37.939  32.871 0.7500000000
52815  -21.931  -40.156  30.814 1.0000000000
53838  -22.606  -40.015  30.030 1.0000000000
51824  -20.780  -40.545  29.837 1.0000000000
53839  -22.803  -39.096  29.811 1.0000000000
56034  -25.994  -38.014  29.736 0.8750000000
56035  -26.823  -38.180  30.072 0.8750000000
56036  -27.724  -38.322  30.320 0.8750000000
50772  -17.282  -41.656  31.000 1.0000000000
52870  -21.112  -40.329  28.866 1.0000000000
53870  -21.745  -40.049  28.801 1.0000000000
54916  -23.301  -38.248  29.644 1.0000000000
56059  -28.078  -38.339  29.563 0.8750000000
51821  -17.820  -41.358  30.347 1.0000000000
53869  -20.931  -40.204  28.596 1.0000000000
54937  -26.113  -38.486  28.462 1.0000000000
52850  -18.218  -41.229  29.072 1.0000000000
56123  -28.476  -37.281  27.524 1.0000000000
65933  -37.779  -29.298  32.889 0.6250000000
56112  -19.716  -39.567  26.979 0.7500000000
54947  -20.061  -39.774  27.830 1.0000000000
58142  -28.547  -36.630  28.037 1.0000000000
64871  -38.154  -30.423  29.070 1.0000000000
64856  -37.579  -29.931  29.743 1.0000000000
57167  -20.775  -38.765  25.246 0.8750000000
63699  -36.854  -31.070  27.913 1.0000000000
63710  -35.673  -31.947  26.602 1.0000000000
63732  -35.895  -31.794  25.098 1.0000000000
64926  -36.561  -31.155  26.084 1.0000000000
63711  -36.317  -31.522  26.763 1.0000000000
57227  -26.556  -37.975  22.611 0.7500000000
59151  -27.426  -36.826  24.240 1.0000000000
64957  -36.095  -31.568  24.271 1.0000000000
64980  -36.434  -30.904  23.656 1.0000000000
50733  -17.554  -42.158  32.141 1.0000000000
50773  -18.047  -41.387  30.747 1.0000000000
51797  -20.515  -40.609  30.455 1.0000000000
51823  -19.881  -40.473  30.071 1.0000000000
51845  -18.448  -40.987  29.672 1.0000000000
52851  -19.068  -40.537  29.019 1.0000000000
52869  -20.505  -40.207  28.824 1.0000000000
54932  -21.392  -39.814  28.233 1.0000000000
54952  -24.819  -38.080  28.007 1.0000000000
56098  -25.990  -38.079  27.365 1.0000000000
56094  -22.073  -38.303  27.492 1.0000000000
56097  -25.220  -38.006  27.352 1.0000000000
56099  -26.637  -38.475  27.467 1.0000000000
65935  -39.049  -28.762  33.345 0.5000000000
65952  -38.585  -28.748  32.595 0.5000000000
67028  -38.600  -28.481  30.875 0.6250000000
65966  -38.170  -29.135  31.498 0.7500000000
57154  -24.197  -38.191  26.087 1.0000000000
57172  -25.508  -38.213  25.459 1.0000000000
56156  -25.898  -38.308  25.491 1.0000000000
64902  -38.580  -30.386  27.395 1.0000000000
65996  -38.782  -30.130  28.841 1.0000000000
67046  -38.850  -29.115  28.724 1.0000000000
64914  -38.191  -30.474  26.873 1.0000000000
57186  -21.606  -39.092  24.362 0.8750000000
57205  -22.725  -38.771  23.551 0.7500000000
66074  -36.688  -30.361  24.618 1.0000000000
64958  -36.700  -30.781  24.672 1.0000000000
66057  -36.978  -29.914  26.356 1.0000000000
67082  -36.747  -29.223  25.930 1.0000000000
64928  -37.402  -30.415  26.576 1.0000000000
57206  -23.623  -38.293  23.525 0.7500000000
68986  -38.661  -28.280  29.007 0.7500000000
68968  -38.910  -27.754  31.262 0.6250000000
68978  -38.705  -27.498  30.417 0.6250000000
69012  -37.636  -28.080  26.940 1.0000000000
68027  -37.261  -28.230  26.243 1.0000000000
69025  -37.296  -27.993  26.242 1.0000000000
70100  -36.832  -27.540  25.971 1.0000000000
70038  -38.454  -27.032  30.815 0.6250000000
70058  -37.657  -27.236  28.101 0.8750000000
70090  -36.736  -27.255  26.223 1.0000000000
71257  -36.584  -26.645  27.499 1.0000000000
71284  -35.014  -25.917  25.326 1.0000000000
72473  -34.470  -25.437  25.049 1.0000000000
72487  -34.622  -25.765  24.764 1.0000000000
72449  -34.383  -24.093  26.392 0.8750000000
72486  -34.099  -25.385  24.328 1.0000000000
72502  -33.355  -24.792  23.334 0.8750000000
73628  -33.984  -23.041  25.657 0.8750000000
74697  -33.645  -22.755  23.867 0.8750000000
74677  -36.070  -22.212  26.527 0.7500000000
74699  -34.746  -21.777  24.817 0.8750000000
74678  -36.657  -22.016  26.429 0.7500000000
75735  -37.210  -21.686  27.160 0.5000000000
75757  -38.544  -20.659  26.775 0.5000000000
75808  -36.753  -20.621  22.804 0.8750000000
75822  -37.802  -20.292  21.531 1.0000000000
75929  -37.009  -21.345  16.686 0.8750000000
79047  -44.069  -18.789  32.714 0.1250000000
79104  -42.977  -18.436  28.764 0.1250000000
77954  -42.454  -18.510  27.372 0.2500000000
79135  -42.775  -18.215  27.664 0.2500000000
76936  -40.664  -19.336  20.843 0.8750000000
78004  -43.466  -18.395  24.392 0.3750000000
78032  -43.669  -18.520  22.511 0.6250000000
76940  -43.596  -19.010  21.593 0.7500000000
75878  -43.586  -20.628  20.088 0.7500000000
74764  -42.641  -19.796  19.631 1.0000000000
74811  -42.155  -19.523  18.693 1.0000000000
78021  -45.117  -18.247  23.009 0.5000000000
78044  -45.441  -18.624  21.125 0.5000000000
75937  -43.658  -19.486  18.034 0.8750000000
79205  -45.937  -18.235  20.933 0.3750000000
76995  -45.018  -18.923  18.235 0.6250000000
78097  -45.644  -18.751  18.163 0.5000000000
78123  -44.885  -18.088  16.964 0.7500000000
79235  -45.906  -17.976  17.209 0.7500000000
80302  -49.889  -17.181  15.885 0.3750000000
80317  -49.902  -16.833  15.368 0.3750000000
81321  -50.771  -16.620  18.412 0.1250000000
81330  -51.885  -16.247  17.429 0.2500000000
81323  -52.737  -15.854  18.376 0.1250000000
64923  -31.813  -31.164  25.143 1.0000000000
49691  -13.242  -45.431  30.760 0.6250000000
49692  -13.838  -44.494  31.471 0.6250000000
49708  -13.340  -45.621  29.571 0.5000000000
49723  -13.850  -45.283  28.846 0.5000000000
49740  -15.380  -45.290  27.665 0.2500000000
49741  -16.191  -45.062  27.445 0.3750000000
64707  -34.917  -31.446  40.364 0.2500000000
49693  -14.213  -44.487  32.137 0.7500000000
50745  -14.168  -44.087  31.509 0.6250000000
50785  -14.012  -43.845  29.697 0.6250000000
51840  -14.314  -43.497  29.644 0.6250000000
50804  -14.448  -44.304  28.388 0.6250000000
51867  -14.952  -43.325  28.774 0.6250000000
50805  -15.464  -44.125  27.861 0.3750000000
50822  -17.251  -44.212  27.357 0.3750000000
51890  -18.323  -43.290  26.905 0.3750000000
50729  -14.646  -44.080  32.480 0.7500000000
50768  -14.077  -43.855  30.973 0.6250000000
50786  -14.326  -43.460  30.455 0.6250000000
51889  -17.591  -43.326  27.347 0.6250000000
58218  -27.671  -37.605  20.489 0.5000000000
65015  -30.712  -31.657  19.491 0.7500000000
66125  -31.340  -31.054  19.971 0.6250000000
63837  -33.473  -32.889  18.940 0.1250000000
62688  -33.887  -33.593  18.769 0.1250000000
66907  -36.543  -29.026  37.716 0.2500000000
66908  -37.465  -28.593  37.846 0.2500000000
59202  -28.017  -36.874  20.281 0.5000000000
61547  -27.182  -34.532  20.529 0.6250000000
63788  -26.831  -32.969  20.743 0.7500000000
64992  -27.378  -31.373  21.172 0.7500000000
66122  -28.771  -30.578  20.841 0.7500000000
66124  -30.507  -30.775  20.109 0.7500000000
63814  -33.911  -32.353  19.531 0.3750000000
63838  -34.349  -33.027  19.085 0.2500000000
66106  -30.394  -30.345  21.097 0.7500000000
66107  -31.333  -30.734  20.867 0.7500000000
64994  -31.951  -31.271  20.427 0.7500000000
63794  -34.366  -32.177  20.183 0.2500000000
63795  -35.056  -32.229  20.492 0.2500000000
63816  -35.551  -32.226  19.670 0.2500000000
60160  -17.245  -35.933  36.262 0.3750000000
59044  -17.079  -36.566  35.782 0.3750000000
58040  -17.290  -37.335  35.330 0.3750000000
50698  -16.610  -42.238  33.771 0.6250000000
50716  -17.060  -42.380  33.103 0.7500000000
52795  -17.891  -41.144  33.570 0.7500000000
53802  -18.217  -40.516  33.258 0.7500000000
51777  -18.149  -41.726  32.132 0.8750000000
66955  -37.928  -28.804  35.336 0.2500000000
56210  -26.825  -39.325  20.604 0.5000000000
64978  -35.106  -31.462  22.846 0.7500000000
59189  -27.465  -36.698  20.798 0.5000000000
61546  -26.794  -33.853  20.708 0.6250000000
64949  -26.617  -31.762  22.661 0.7500000000
66088  -28.294  -30.260  22.773 0.7500000000
66072  -30.224  -30.267  23.096 0.7500000000
64977  -34.324  -31.834  22.553 0.7500000000
64998  -35.078  -31.842  21.499 0.6250000000
63796  -35.402  -31.986  20.336 0.3750000000
66090  -30.263  -30.149  22.093 0.7500000000
66092  -31.730  -30.821  21.577 0.7500000000
65053  -36.782  -32.124  18.755 0.2500000000
58032  -16.735  -37.510  36.038 0.3750000000
57014  -17.076  -38.258  35.644 0.3750000000
55924  -17.295  -38.702  35.344 0.5000000000
57015  -17.551  -38.164  35.035 0.5000000000
54845  -17.446  -40.264  34.842 0.5000000000
55925  -17.489  -39.151  34.863 0.5000000000
57029  -18.037  -38.126  34.244 0.5000000000
59045  -17.724  -36.197  35.165 0.5000000000
52790  -17.104  -41.367  34.943 0.5000000000
53798  -17.543  -40.911  34.663 0.5000000000
54853  -17.758  -39.648  34.192 0.5000000000
51748  -16.569  -42.037  34.194 0.6250000000
51737  -17.083  -41.586  34.485 0.5000000000
53801  -17.907  -40.777  33.983 0.7500000000
54854  -18.176  -39.982  33.587 0.6250000000
55939  -18.225  -38.987  33.651 0.7500000000
51749  -17.227  -41.806  33.805 0.6250000000
52796  -18.330  -40.841  32.832 0.7500000000
53805  -18.805  -40.282  32.649 0.7500000000
51764  -18.442  -41.259  32.383 0.7500000000
51778  -18.700  -41.291  31.748 0.8750000000
51765  -19.190  -40.902  31.895 0.8750000000
51795  -18.681  -41.198  31.132 0.8750000000
65912  -38.956  -28.917  34.009 0.2500000000
62619  -26.220  -33.702  22.785 0.7500000000
63740  -26.382  -32.317  22.779 0.7500000000
64999  -35.736  -31.105  22.189 0.7500000000
67106  -36.346  -29.349  24.076 0.8750000000
60347  -27.115  -35.710  21.052 0.6250000000
62618  -25.981  -33.386  22.232 0.6250000000
63756  -26.052  -32.852  22.193 0.6250000000
65021  -35.528  -31.528  20.570 0.5000000000
66140  -35.703  -30.894  19.946 0.3750000000
65039  -36.255  -31.658  19.234 0.3750000000
57048  -18.774  -38.017  33.667 0.7500000000
54855  -18.535  -40.094  32.999 0.6250000000
54861  -18.719  -39.547  33.059 0.6250000000
52803  -19.105  -40.633  32.269 0.7500000000
51779  -19.532  -40.785  31.351 0.8750000000
68063  -35.894  -28.718  23.771 0.8750000000
68074  -35.985  -28.975  23.220 0.8750000000
66110  -36.183  -30.274  22.987 0.8750000000
66126  -35.588  -30.723  21.277 0.5000000000
67131  -35.392  -30.273  20.764 0.5000000000
57049  -19.384  -38.078  33.237 0.7500000000
57050  -20.229  -38.105  32.739 0.7500000000
54862  -19.178  -39.667  32.683 0.7500000000
55958  -20.125  -38.894  32.499 0.7500000000
54863  -20.452  -39.437  32.265 0.8750000000
53806  -19.796  -40.105  32.276 0.8750000000
52804  -20.142  -40.487  31.728 0.8750000000
52813  -20.287  -40.619  31.280 0.8750000000
67936  -39.732  -28.093  34.821 0.2500000000
68905  -39.861  -27.368  36.014 0.2500000000
67949  -39.393  -28.267  33.273 0.3750000000
67948  -39.668  -28.242  33.952 0.2500000000
70127  -35.119  -27.823  23.851 0.7500000000
69041  -36.482  -28.247  25.088 0.8750000000
70138  -34.478  -27.713  22.139 0.6250000000
69060  -35.402  -28.310  23.077 0.6250000000
69050  -35.673  -28.416  24.199 0.8750000000
69058  -34.306  -28.449  21.293 0.6250000000
68071  -34.511  -28.892  21.013 0.6250000000
57036  -27.020  -38.097  34.100 0.5000000000
55959  -21.079  -38.584  32.251 0.7500000000
57081  -26.972  -37.840  32.687 0.6250000000
55941  -27.623  -38.243  33.864 0.5000000000
53807  -20.924  -39.979  31.987 0.8750000000
52814  -21.140  -40.470  31.047 0.8750000000
68954  -39.144  -27.294  32.202 0.5000000000
68941  -39.346  -27.877  32.844 0.3750000000
71307  -33.903  -26.042  23.282 0.7500000000
71308  -34.416  -26.894  23.599 0.6250000000
70117  -34.877  -27.271  24.178 0.8750000000
71325  -33.494  -26.345  21.941 0.6250000000
70125  -34.113  -27.032  22.608 0.6250000000
71324  -32.764  -25.589  21.241 0.5000000000
71345  -32.443  -25.920  19.888 0.5000000000
71362  -32.357  -25.705  18.731 0.2500000000
53808  -21.664  -39.591  31.624 0.8750000000
57080  -26.350  -37.606  32.225 0.7500000000
53816  -21.390  -40.067  31.510 0.8750000000
72503  -33.909  -25.518  23.740 0.7500000000
72523  -32.733  -24.493  21.908 0.6250000000
71306  -33.159  -25.495  22.399 0.6250000000
72545  -32.275  -24.526  20.272 0.6250000000
71344  -32.088  -25.073  19.456 0.6250000000
55960  -21.993  -37.995  32.097 0.8750000000
57055  -25.741  -37.569  32.972 0.6250000000
54865  -22.407  -38.832  31.535 0.8750000000
55984  -24.035  -37.837  30.917 0.7500000000
57078  -24.620  -37.444  31.682 0.7500000000
57079  -25.522  -37.412  31.771 0.7500000000
73666  -32.986  -23.240  22.641 0.6250000000
73674  -32.694  -23.231  21.273 0.6250000000
73683  -32.611  -23.245  20.014 0.6250000000
71384  -32.204  -24.638  18.272 0.3750000000
73695  -32.501  -23.207  18.953 0.3750000000
72583  -32.308  -24.048  18.265 0.3750000000
72597  -32.973  -24.149  17.619 0.3750000000
71405  -33.271  -24.698  17.332 0.3750000000
72608  -35.112  -24.225  16.363 0.5000000000
72609  -35.696  -24.536  16.024 0.5000000000
71437  -36.543  -24.749  15.446 0.5000000000
74760  -33.153  -22.571  19.525 0.5000000000
74803  -33.350  -22.796  18.158 0.5000000000
73713  -33.381  -23.352  17.553 0.5000000000
74804  -33.981  -22.503  17.723 0.5000000000
73714  -33.980  -23.255  16.978 0.5000000000
72620  -35.748  -23.955  15.961 0.5000000000
72622  -36.873  -24.135  15.084 0.5000000000
72636  -37.502  -24.469  14.512 0.3750000000
73540  -36.178  -23.311  30.284 0.3750000000
73574  -35.585  -23.351  28.800 0.2500000000
74709  -33.492  -22.593  23.250 0.7500000000
74710  -34.063  -22.126  23.570 0.7500000000
74719  -33.426  -22.228  22.702 0.7500000000
74721  -34.577  -21.749  23.113 0.7500000000
74729  -33.234  -22.049  21.945 0.7500000000
74731  -34.344  -21.661  22.732 0.7500000000
74739  -33.139  -21.996  20.724 0.6250000000
74761  -33.812  -21.860  19.891 0.6250000000
74783  -33.772  -22.223  18.814 0.6250000000
74820  -34.487  -22.575  17.033 0.6250000000
73726  -34.753  -23.189  16.544 0.5000000000
73727  -35.718  -23.084  16.084 0.6250000000
73741  -36.614  -22.991  15.519 0.5000000000
74810  -41.442  -19.796  18.407 0.8750000000
74837  -37.704  -21.720  15.869 0.5000000000
73742  -37.666  -22.939  14.809 0.5000000000
74826  -40.287  -20.531  17.063 0.6250000000
74827  -41.026  -20.298  17.478 0.7500000000
74828  -41.657  -19.826  17.882 0.8750000000
75935  -42.004  -19.622  17.333 0.7500000000
73743  -38.322  -22.335  14.774 0.5000000000
74839  -39.103  -21.120  15.472 0.5000000000
75932  -39.662  -20.552  16.237 0.6250000000
75951  -40.412  -19.967  15.885 0.6250000000
75953  -41.890  -19.599  16.812 0.7500000000
73754  -37.998  -23.730  14.311 0.2500000000
73755  -38.608  -23.045  14.244 0.3750000000
74849  -39.280  -21.793  14.443 0.5000000000
74850  -39.750  -21.609  14.231 0.3750000000
77031  -40.239  -20.200  14.082 0.6250000000
77017  -41.008  -19.520  15.835 0.6250000000
75806  -35.183  -21.419  23.374 0.7500000000
75839  -34.061  -21.350  21.235 0.6250000000
75819  -34.797  -21.401  22.337 0.7500000000
75868  -34.487  -21.437  20.389 0.6250000000
75911  -34.664  -21.744  18.357 0.6250000000
74805  -34.762  -22.018  17.499 0.6250000000
74821  -35.290  -22.171  16.785 0.6250000000
74822  -36.154  -22.038  16.313 0.6250000000
73728  -36.325  -22.519  15.941 0.6250000000
74836  -36.820  -21.908  15.924 0.6250000000
74809  -41.156  -20.250  17.793 0.7500000000
74838  -38.442  -21.633  15.524 0.5000000000
74825  -39.409  -20.948  16.623 0.6250000000
77003  -42.230  -19.456  16.917 0.7500000000
78117  -40.465  -19.512  14.901 0.6250000000
78119  -41.482  -19.094  15.744 0.7500000000
77018  -41.848  -19.383  16.408 0.7500000000
78141  -40.538  -19.734  13.873 0.5000000000
78129  -40.428  -19.575  14.534 0.6250000000
75986  -41.669  -20.725  12.708 0.3750000000
77058  -42.645  -20.270  12.394 0.2500000000
77059  -43.559  -20.308  12.273 0.1250000000
75840  -35.165  -21.182  21.166 0.6250000000
75820  -35.891  -20.744  22.035 0.8750000000
75869  -35.375  -21.120  20.125 0.6250000000
75841  -36.075  -20.579  20.927 0.7500000000
75821  -36.900  -20.448  21.767 0.8750000000
75894  -35.532  -21.259  19.052 0.6250000000
75870  -36.319  -20.725  19.839 0.8750000000
75842  -37.078  -20.245  20.679 0.8750000000
79198  -45.550  -17.835  22.659 0.2500000000
80247  -46.069  -17.443  22.456 0.2500000000
75912  -35.655  -21.501  17.864 0.6250000000
75895  -36.540  -20.928  18.756 0.7500000000
75871  -37.348  -20.444  19.581 0.7500000000
75913  -36.799  -21.152  17.735 0.7500000000
75928  -36.124  -21.533  17.014 0.6250000000
75915  -38.838  -21.192  17.508 0.7500000000
74784  -40.016  -21.113  18.298 0.7500000000
75900  -40.564  -20.393  18.707 0.7500000000
75948  -37.486  -21.552  16.231 0.6250000000
75930  -38.024  -21.363  16.663 0.7500000000
74807  -39.562  -21.164  17.605 0.7500000000
74808  -40.333  -20.790  17.645 0.7500000000
74823  -38.143  -21.436  16.386 0.7500000000
74824  -38.624  -21.252  16.710 0.6250000000
79244  -41.281  -18.864  15.310 0.7500000000
78120  -42.257  -18.885  16.090 0.7500000000
78142  -41.018  -19.473  13.383 0.5000000000
78130  -40.699  -19.112  14.220 0.6250000000
80309  -41.457  -17.895  14.296 0.6250000000
78159  -42.078  -19.459  12.474 0.3750000000
77057  -41.878  -20.254  12.583 0.3750000000
78006  -44.990  -18.078  23.819 0.3750000000
79195  -45.480  -17.776  23.421 0.2500000000
80243  -45.953  -17.390  23.135 0.2500000000
79200  -45.799  -17.836  21.717 0.2500000000
75899  -40.048  -20.675  18.945 0.8750000000
79246  -42.665  -18.242  15.633 0.7500000000
79267  -41.126  -18.506  13.800 0.5000000000
80324  -41.723  -17.717  13.426 0.6250000000
79277  -41.505  -18.719  12.916 0.3750000000
79278  -42.229  -18.554  12.434 0.5000000000
79279  -42.932  -18.359  12.078 0.5000000000
78160  -42.978  -19.360  12.246 0.3750000000
79290  -46.964  -18.704  10.718 0.2500000000
80371  -47.676  -17.154  9.363 0.1250000000
80372  -48.819  -17.258  9.144 0.1250000000
81421  -48.335  -16.289  8.941 0.1250000000
82477  -47.934  -15.085  8.792 0.2500000000
82478  -49.046  -15.522  8.759 0.1250000000
82490  -48.826  -14.695  8.542 0.2500000000
80311  -43.251  -17.254  14.640 0.7500000000
80310  -42.117  -17.336  14.394 0.7500000000
80325  -42.707  -16.898  13.532 0.5000000000
80335  -41.828  -18.042  12.753 0.5000000000
79286  -43.652  -18.289  11.794 0.5000000000
80344  -43.827  -17.552  11.630 0.5000000000
79287  -44.399  -18.305  11.584 0.3750000000
80345  -44.457  -17.556  11.329 0.5000000000
79299  -45.701  -17.992  10.696 0.3750000000
79300  -46.456  -18.097  10.351 0.2500000000
80357  -46.734  -17.262  9.771 0.2500000000
80370  -47.060  -16.666  9.523 0.1250000000
82489  -48.330  -14.492  8.630 0.3750000000
83528  -49.344  -14.123  8.150 0.2500000000
81387  -42.899  -17.021  12.226 0.5000000000
80337  -43.128  -17.527  11.947 0.5000000000
81388  -43.529  -16.594  11.963 0.5000000000
81397  -44.028  -17.066  11.555 0.3750000000
81398  -44.403  -16.614  11.419 0.3750000000
80346  -45.041  -17.396  10.889 0.3750000000
80356  -45.728  -17.289  10.317 0.3750000000
81409  -46.586  -16.191  9.668 0.3750000000
81408  -45.764  -16.287  10.046 0.3750000000
81420  -47.292  -16.016  9.327 0.3750000000
82476  -46.852  -15.030  9.406 0.3750000000
83526  -47.990  -14.128  8.726 0.3750000000
84680  -48.223  -13.397  8.560 0.3750000000
85897  -48.367  -12.453  8.612 0.5000000000
85898  -49.114  -12.348  7.818 0.3750000000
83527  -48.601  -14.026  8.436 0.3750000000
84687  -49.513  -12.996  7.534 0.3750000000
87071  -49.781  -11.378  6.710 0.3750000000
85902  -49.734  -12.395  6.914 0.2500000000
85909  -50.095  -11.919  6.462 0.2500000000
87073  -51.204  -11.688  5.891 0.2500000000
85923  -52.063  -12.191  5.544 0.1250000000
80326  -43.860  -16.756  13.901 0.6250000000
82411  -43.824  -15.889  12.250 0.6250000000
81389  -43.992  -16.199  11.748 0.6250000000
82449  -44.773  -16.001  11.237 0.3750000000
81399  -45.055  -16.459  10.728 0.3750000000
88136  -52.093  -10.591  12.085 0.5000000000
88137  -52.538  -10.099  12.183 0.1250000000
88132  -54.057  -9.855  13.028 0.1250000000
89193  -54.469  -9.191  12.731 0.1250000000
89200  -51.396  -9.656  10.779 0.6250000000
88145  -52.255  -9.600  11.496 0.2500000000
89196  -53.541  -9.251  12.074 0.1250000000
89192  -53.880  -9.653  12.685 0.1250000000
82464  -46.073  -15.254  9.814 0.3750000000
83517  -46.503  -14.204  9.707 0.5000000000
89212  -50.628  -9.550  9.356 0.7500000000
89206  -50.747  -9.612  10.366 0.7500000000
89202  -52.731  -9.189  11.352 0.2500000000
90264  -53.898  -8.630  11.660 0.3750000000
83518  -47.338  -14.222  9.194 0.3750000000
84679  -47.712  -13.494  8.995 0.3750000000
85896  -47.941  -13.016  8.773 0.5000000000
87058  -48.593  -11.666  9.235 0.5000000000
87059  -49.072  -11.465  8.567 0.5000000000
88160  -50.022  -10.088  8.760 0.6250000000
89220  -50.596  -9.559  8.284 0.7500000000
89213  -51.310  -9.225  8.826 0.7500000000
89201  -52.100  -9.231  10.667 0.3750000000
90269  -52.695  -8.791  10.729 0.3750000000
88175  -50.249  -10.409  6.703 0.6250000000
89221  -51.184  -9.161  7.728 0.7500000000
89208  -51.960  -8.866  9.424 0.5000000000
87072  -50.471  -11.412  6.275 0.2500000000
88176  -51.016  -10.685  5.958 0.3750000000
89229  -51.175  -9.621  6.580 0.6250000000
81376  -50.840  -15.906  14.014 0.3750000000
81377  -51.549  -15.637  14.226 0.2500000000
80327  -44.579  -16.810  14.024 0.7500000000
82418  -50.499  -15.407  13.525 0.5000000000
82419  -51.317  -15.116  13.454 0.3750000000
82438  -52.435  -14.506  13.863 0.2500000000
81369  -43.520  -16.120  12.993 0.6250000000
81370  -44.678  -16.194  13.520 0.7500000000
82416  -48.599  -15.778  13.134 0.6250000000
82417  -49.569  -15.476  13.331 0.5000000000
83461  -50.818  -14.934  13.317 0.3750000000
82437  -51.887  -14.605  13.206 0.2500000000
83480  -52.764  -14.096  14.020 0.2500000000
82435  -48.964  -15.097  12.941 0.7500000000
83460  -50.283  -14.814  13.185 0.5000000000
83477  -50.944  -14.527  12.980 0.7500000000
82436  -51.289  -14.624  12.873 0.3750000000
83498  -52.155  -13.977  12.783 0.2500000000
84656  -51.954  -13.837  12.771 0.3750000000
84635  -52.984  -13.432  13.831 0.2500000000
85849  -53.851  -12.783  14.145 0.1250000000
91235  -56.709  -7.457  16.323 0.1250000000
82412  -44.419  -15.599  12.655 0.7500000000
82433  -47.214  -15.015  12.789 0.7500000000
83459  -49.558  -14.728  12.962 0.7500000000
83476  -50.100  -14.101  12.582 0.7500000000
83496  -51.183  -14.042  12.381 0.7500000000
84655  -51.694  -13.218  12.454 0.6250000000
85858  -52.724  -12.597  13.281 0.2500000000
85859  -53.219  -12.766  13.731 0.1250000000
87015  -54.143  -11.518  13.969 0.1250000000
87011  -55.083  -11.465  14.503 0.1250000000
90244  -56.626  -8.280  14.819 0.1250000000
91239  -56.687  -7.550  15.316 0.1250000000
82430  -44.366  -15.727  11.751 0.6250000000
83474  -47.842  -14.407  12.510 0.7500000000
83475  -48.866  -14.293  12.487 0.7500000000
84631  -48.921  -13.866  12.199 0.7500000000
84654  -50.835  -13.098  12.151 0.7500000000
85871  -51.222  -12.305  12.059 0.6250000000
85857  -52.158  -12.414  12.590 0.5000000000
87014  -53.478  -11.243  13.370 0.1250000000
88121  -54.464  -10.332  13.692 0.1250000000
88123  -55.637  -9.559  13.905 0.1250000000
92193  -56.460  -6.539  15.665 0.1250000000
82450  -45.127  -15.200  10.847 0.3750000000
84652  -48.579  -13.478  11.931 0.7500000000
84653  -49.799  -13.049  12.112 0.7500000000
87033  -51.797  -11.353  12.078 0.6250000000
87034  -52.315  -10.890  12.234 0.5000000000
87025  -52.716  -11.451  12.691 0.2500000000
88131  -53.545  -10.338  12.912 0.1250000000
89183  -54.864  -9.582  13.470 0.1250000000
89184  -55.312  -9.077  13.357 0.1250000000
90253  -55.686  -8.564  13.440 0.1250000000
90254  -56.061  -8.050  13.750 0.1250000000
91248  -56.481  -7.223  14.086 0.1250000000
83490  -45.476  -14.071  10.931 0.5000000000
83507  -45.845  -14.311  10.250 0.5000000000
84668  -49.055  -12.632  11.275 0.7500000000
85883  -49.404  -11.983  10.940 0.7500000000
87042  -49.958  -11.183  10.968 0.7500000000
87043  -51.016  -10.843  11.415 0.6250000000
88144  -51.793  -10.081  11.620 0.3750000000
90261  -55.475  -8.018  12.611 0.1250000000
83508  -46.232  -13.913  10.122 0.5000000000
84675  -47.177  -13.393  9.630 0.5000000000
84666  -46.996  -13.091  10.555 0.5000000000
85882  -48.647  -12.157  10.400 0.7500000000
87041  -49.098  -11.611  10.389 0.7500000000
88152  -49.959  -10.178  9.967 0.7500000000
90270  -53.432  -8.257  10.874 0.3750000000
90265  -54.518  -8.127  11.691 0.3750000000
85890  -47.806  -12.833  9.218 0.5000000000
87050  -48.685  -11.672  9.937 0.6250000000
88151  -49.535  -10.609  9.746 0.7500000000
88159  -49.545  -10.673  9.139 0.6250000000
90279  -52.499  -8.244  8.865 0.5000000000
89230  -52.048  -9.173  6.082 0.6250000000
89214  -51.867  -8.741  8.284 0.6250000000
89242  -51.739  -10.132  5.647 0.5000000000
88189  -52.343  -10.774  5.319 0.3750000000
87101  -53.082  -11.586  4.692 0.2500000000
81354  -50.242  -16.412  14.838 0.3750000000
82415  -47.614  -15.790  13.074 0.6250000000
82413  -45.446  -15.528  12.993 0.7500000000
82414  -46.556  -15.691  13.040 0.7500000000
82431  -45.169  -14.947  12.145 0.7500000000
82432  -46.178  -14.859  12.709 0.7500000000
83473  -46.911  -14.314  12.391 0.7500000000
83472  -45.993  -14.262  12.095 0.7500000000
83494  -48.233  -14.002  12.260 0.7500000000
92204  -56.550  -6.412  14.577 0.1250000000
83492  -46.683  -13.770  11.836 0.7500000000
83493  -47.606  -13.854  12.091 0.7500000000
84651  -47.387  -13.376  11.438 0.7500000000
90262  -56.014  -7.433  12.936 0.1250000000
91253  -56.600  -6.800  12.794 0.1250000000
92221  -56.769  -6.190  13.342 0.1250000000
84665  -46.199  -13.666  10.543 0.5000000000
91252  -55.952  -7.007  12.429 0.1250000000
92234  -56.855  -6.409  12.885 0.1250000000
84674  -46.555  -13.580  10.071 0.5000000000
84667  -48.038  -12.777  10.990 0.5000000000
91267  -53.630  -7.561  10.071 0.3750000000
91262  -53.925  -7.500  10.418 0.3750000000
89243  -52.546  -9.818  5.433 0.5000000000
88190  -53.018  -10.585  5.002 0.2500000000
90303  -52.840  -8.828  5.674 0.6250000000
88201  -53.547  -10.906  4.638 0.2500000000
64950  -26.773  -31.683  23.543 0.7500000000
66070  -28.182  -30.242  23.847 0.7500000000
66089  -29.276  -29.947  22.399 0.7500000000
50806  -16.412  -44.115  27.597 0.3750000000
65038  -33.786  -31.936  20.093 0.5000000000
64997  -34.199  -32.112  21.489 0.6250000000
66934  -38.137  -28.768  36.225 0.2500000000
51780  -20.240  -40.700  30.967 0.8750000000
68955  -39.177  -27.891  32.103 0.5000000000
66994  -39.333  -28.529  33.523 0.2500000000
65913  -39.240  -28.713  33.791 0.2500000000
67095  -36.278  -29.100  24.478 0.8750000000
65000  -36.149  -30.930  22.990 0.8750000000
68967  -38.835  -27.241  31.390 0.5000000000
70118  -35.363  -27.715  24.686 0.8750000000
70107  -35.676  -27.124  25.266 0.8750000000
70023  -38.065  -26.477  31.326 0.5000000000
72406  -35.833  -24.539  29.696 0.3750000000
72405  -35.577  -23.916  29.202 0.3750000000
75874  -40.304  -20.108  19.288 0.8750000000
75898  -39.603  -21.065  18.446 0.7500000000
79258  -42.600  -17.649  15.057 0.7500000000
81371  -45.891  -16.383  13.431 0.7500000000
81375  -49.962  -16.071  13.914 0.5000000000
66069  -27.364  -30.728  24.302 0.7500000000
66087  -27.444  -30.713  23.175 0.7500000000
62632  -26.262  -34.221  21.893 0.6250000000
65016  -31.846  -31.796  19.627 0.6250000000
63773  -34.499  -32.239  20.792 0.3750000000
70024  -38.745  -26.839  31.888 0.5000000000
71296  -35.249  -27.016  24.849 0.8750000000
71294  -34.255  -25.771  23.901 0.8750000000
49675  -13.525  -45.142  31.598 0.6250000000
49709  -13.579  -44.654  30.222 0.6250000000
50823  -18.125  -44.283  27.125 0.3750000000
58219  -28.429  -37.563  20.021 0.3750000000
64991  -26.852  -31.982  21.348 0.7500000000
63789  -27.316  -32.549  20.609 0.6250000000
64973  -26.939  -31.251  22.428 0.7500000000
66103  -27.599  -30.682  22.203 0.7500000000
64993  -28.175  -30.796  20.865 0.7500000000
66104  -28.321  -30.341  21.599 0.7500000000
66105  -29.419  -30.177  21.367 0.7500000000
63815  -34.787  -32.525  19.636 0.2500000000
63840  -36.277  -32.696  18.822 0.1250000000
65020  -35.370  -31.950  20.726 0.5000000000
55906  -17.017  -39.087  35.831 0.5000000000
68062  -35.724  -28.580  23.454 0.8750000000
66153  -36.029  -30.550  19.278 0.3750000000
68926  -39.748  -27.544  34.260 0.2500000000
69049  -35.527  -28.278  23.846 0.8750000000
69048  -35.119  -27.990  23.280 0.6250000000
70126  -34.728  -27.615  23.186 0.6250000000
69059  -34.963  -28.314  22.467 0.6250000000
57056  -26.607  -37.917  33.226 0.5000000000
70136  -33.104  -26.577  20.765 0.5000000000
70137  -33.742  -27.417  21.327 0.6250000000
70151  -32.989  -26.811  19.810 0.5000000000
70163  -32.974  -26.663  18.750 0.2500000000
71361  -32.037  -24.959  18.652 0.3750000000
72544  -32.111  -24.714  19.723 0.6250000000
72566  -32.128  -23.943  19.282 0.5000000000
71385  -32.802  -25.213  17.794 0.2500000000
73701  -32.865  -23.358  18.168 0.3750000000
71406  -33.816  -25.089  17.084 0.2500000000
72598  -33.585  -24.183  16.973 0.5000000000
73740  -36.068  -23.579  15.786 0.5000000000
74782  -33.076  -22.793  18.710 0.6250000000
72607  -34.285  -23.917  16.616 0.5000000000
74720  -33.955  -21.945  22.986 0.7500000000
75838  -33.508  -21.631  21.553 0.7500000000
74740  -33.837  -21.567  20.535 0.6250000000
75893  -34.590  -21.553  19.421 0.6250000000
75933  -40.295  -20.230  16.533 0.6250000000
75934  -41.203  -20.123  16.922 0.7500000000
75952  -41.404  -19.743  16.550 0.6250000000
74848  -38.699  -21.918  14.821 0.3750000000
75961  -39.654  -21.223  14.647 0.5000000000
75950  -39.653  -20.670  15.365 0.6250000000
75962  -39.943  -20.772  14.520 0.6250000000
74862  -39.740  -22.212  13.879 0.3750000000
73756  -39.669  -23.088  13.619 0.3750000000
74863  -40.171  -21.947  13.738 0.5000000000
77016  -40.271  -19.728  15.025 0.6250000000
78118  -40.770  -19.204  15.096 0.6250000000
77043  -40.769  -20.355  13.396 0.5000000000
77044  -41.310  -20.282  12.893 0.3750000000
75973  -41.322  -21.221  12.875 0.3750000000
75987  -42.221  -21.103  12.602 0.2500000000
78158  -41.510  -19.632  12.801 0.5000000000
75916  -39.379  -21.229  17.847 0.7500000000
74785  -40.372  -20.865  18.277 0.8750000000
74806  -39.044  -21.216  17.269 0.7500000000
79256  -41.178  -18.526  14.788 0.6250000000
79245  -41.769  -18.588  15.478 0.7500000000
79257  -41.896  -17.972  15.003 0.6250000000
78161  -43.904  -19.626  12.079 0.2500000000
80336  -42.422  -17.522  12.562 0.5000000000
78180  -43.528  -18.939  11.974 0.3750000000
79301  -47.547  -18.418  9.993 0.1250000000
81368  -42.919  -16.738  12.644 0.5000000000
79288  -45.239  -18.330  11.239 0.2500000000
78182  -45.056  -19.005  11.863 0.3750000000
84681  -48.949  -13.281  8.081 0.2500000000
82465  -46.685  -15.626  9.561 0.3750000000
87064  -49.377  -11.501  7.509 0.3750000000
88174  -49.667  -10.765  7.292 0.6250000000
85910  -50.619  -12.406  6.354 0.2500000000
85911  -51.651  -12.561  5.906 0.2500000000
87087  -52.250  -11.682  5.325 0.1250000000
87086  -51.783  -11.863  5.614 0.2500000000
88188  -51.710  -11.132  5.542 0.2500000000
87044  -51.488  -10.608  11.601 0.6250000000
88122  -55.259  -9.861  13.892 0.1250000000
88143  -51.268  -10.211  11.181 0.6250000000
89197  -54.120  -8.833  12.014 0.2500000000
82475  -46.362  -14.775  9.665 0.3750000000
89207  -51.277  -9.122  9.957 0.7500000000
85891  -48.241  -12.186  9.540 0.5000000000
87051  -49.123  -11.058  9.786 0.5000000000
88167  -49.646  -10.786  8.153 0.6250000000
88168  -50.053  -10.141  7.732 0.6250000000
89228  -50.575  -9.659  7.360 0.7500000000
90274  -52.616  -8.497  10.011 0.3750000000
82420  -52.111  -15.067  14.006 0.2500000000
82434  -48.187  -15.047  12.898 0.7500000000
82451  -51.557  -14.310  12.568 0.5000000000
84634  -52.195  -13.276  13.002 0.3750000000
84632  -49.271  -13.770  12.253 0.7500000000
83495  -50.543  -13.608  12.292 0.7500000000
84633  -51.987  -13.009  12.688 0.6250000000
85848  -53.344  -12.085  13.555 0.1250000000
87010  -54.602  -11.019  14.201 0.1250000000
89178  -56.458  -9.282  14.869 0.1250000000
84669  -49.721  -12.365  11.414 0.7500000000
85872  -51.724  -12.343  12.318 0.6250000000
87024  -52.248  -11.759  12.434 0.5000000000
88120  -53.862  -10.842  13.537 0.1250000000
89185  -55.889  -9.127  13.949 0.1250000000
83471  -45.402  -14.366  11.547 0.7500000000
85870  -50.368  -12.163  11.594 0.7500000000
87032  -50.812  -11.570  11.622 0.7500000000
89194  -55.080  -8.734  12.761 0.1250000000
84648  -45.617  -13.846  10.897 0.5000000000
87040  -48.796  -11.780  10.237 0.6250000000
85884  -49.854  -11.909  11.272 0.7500000000
87031  -50.391  -11.627  11.429 0.7500000000
87052  -49.600  -10.700  10.146 0.7500000000
88142  -50.678  -10.287  10.809 0.6250000000
90260  -54.920  -8.547  12.426 0.1250000000
85881  -47.804  -12.718  10.033 0.5000000000
89222  -51.850  -8.827  7.152 0.6250000000
83491  -45.883  -13.811  11.491 0.6250000000
93261  -56.353  -5.465  15.159 0.1250000000
84650  -46.441  -13.448  11.173 0.6250000000
90266  -55.120  -7.526  11.848 0.1250000000
42171  -3.473  -52.175  37.321 0.1250000000
43245  -3.830  -51.298  37.557 0.2500000000
43236  -4.386  -51.511  37.856 0.2500000000
43255  -3.402  -51.220  36.939 0.2500000000
42157  -3.914  -52.294  37.933 0.1250000000
42184  -3.516  -52.154  36.398 0.1250000000
43238  -5.121  -51.244  37.413 0.2500000000
42199  -3.547  -52.169  35.316 0.1250000000
44254  -4.177  -50.209  37.844 0.2500000000
44265  -3.671  -50.227  37.415 0.3750000000
44255  -4.735  -50.133  37.724 0.2500000000
43237  -4.857  -51.352  37.785 0.2500000000
43266  -3.656  -51.176  35.916 0.3750000000
45322  -4.735  -48.764  38.195 0.3750000000
45334  -3.451  -49.164  37.347 0.3750000000
44275  -3.449  -50.186  36.591 0.3750000000
45346  -3.384  -49.118  36.215 0.3750000000
44256  -5.057  -50.162  37.469 0.2500000000
44286  -3.663  -50.076  35.440 0.3750000000
44266  -5.282  -50.239  37.078 0.2500000000
45347  -5.628  -49.514  36.793 0.2500000000
44276  -5.656  -50.292  36.592 0.2500000000
44277  -6.236  -50.391  36.032 0.2500000000
44288  -6.837  -50.765  34.904 0.2500000000
45365  -7.082  -49.608  34.793 0.2500000000
45383  -7.343  -50.344  34.244 0.2500000000
45384  -7.823  -49.601  33.999 0.2500000000
45404  -8.683  -49.990  33.324 0.2500000000
45421  -9.075  -50.577  32.715 0.1250000000
44370  -13.255  -51.059  30.271 0.1250000000
45321  -3.865  -49.188  38.117 0.3750000000
45311  -5.442  -48.162  38.488 0.3750000000
45323  -5.489  -48.736  37.865 0.3750000000
46440  -3.523  -48.155  36.955 0.3750000000
47526  -3.637  -47.223  37.440 0.2500000000
45335  -5.471  -49.178  37.239 0.2500000000
45348  -6.201  -49.416  36.369 0.3750000000
45349  -6.898  -49.364  35.822 0.2500000000
45366  -7.776  -49.066  34.592 0.2500000000
45385  -8.410  -49.321  33.819 0.2500000000
46509  -9.143  -49.315  33.338 0.2500000000
45405  -9.263  -49.543  33.011 0.1250000000
45422  -9.481  -50.019  32.312 0.2500000000
46510  -9.724  -48.905  33.067 0.2500000000
45466  -11.268  -49.761  30.780 0.1250000000
45467  -11.771  -49.843  30.418 0.1250000000
45468  -12.631  -49.752  30.011 0.1250000000
45491  -13.396  -49.480  29.425 0.1250000000
46424  -4.306  -48.386  38.429 0.2500000000
45310  -5.243  -48.003  38.674 0.3750000000
46423  -3.836  -47.922  38.282 0.2500000000
46406  -5.098  -47.601  38.865 0.2500000000
46425  -6.081  -48.032  38.693 0.3750000000
47516  -3.941  -46.995  38.141 0.2500000000
46426  -6.709  -48.092  38.523 0.5000000000
45336  -6.197  -48.710  36.945 0.3750000000
45337  -7.041  -48.571  36.656 0.3750000000
45338  -7.538  -48.546  36.097 0.5000000000
46497  -8.243  -49.040  34.203 0.2500000000
46519  -10.590  -48.378  32.372 0.2500000000
46528  -11.049  -48.922  31.244 0.2500000000
46545  -11.453  -49.374  30.723 0.1250000000
46546  -11.751  -49.057  30.523 0.1250000000
46547  -12.252  -48.299  30.266 0.2500000000
45490  -12.818  -48.981  29.741 0.1250000000
46565  -13.104  -48.363  29.449 0.1250000000
46566  -13.880  -49.018  28.892 0.1250000000
45493  -15.330  -50.091  29.359 0.1250000000
46568  -16.061  -49.510  29.226 0.1250000000
46569  -17.202  -49.202  29.018 0.1250000000
46589  -14.262  -48.392  28.528 0.1250000000
46590  -15.195  -48.489  28.438 0.1250000000
46591  -16.213  -48.504  28.380 0.1250000000
47648  -16.376  -47.471  28.024 0.1250000000
47493  -6.548  -47.096  40.076 0.1250000000
46387  -6.951  -47.394  40.154 0.1250000000
46388  -7.804  -47.574  40.228 0.2500000000
47474  -6.450  -46.811  40.059 0.1250000000
46385  -5.730  -47.139  39.510 0.2500000000
46408  -6.933  -47.756  39.333 0.2500000000
55824  -24.081  -39.621  40.991 0.1250000000
54754  -24.886  -39.685  41.284 0.1250000000
47491  -5.740  -46.732  39.537 0.2500000000
46386  -6.061  -47.291  39.607 0.1250000000
46409  -7.723  -47.760  39.305 0.2500000000
54769  -24.935  -39.735  40.457 0.1250000000
48565  -4.842  -46.738  38.462 0.2500000000
46407  -5.922  -47.756  39.179 0.3750000000
46427  -7.669  -48.131  38.099 0.5000000000
47506  -4.556  -47.029  38.509 0.2500000000
45324  -6.430  -48.501  37.703 0.5000000000
46441  -7.401  -48.179  37.299 0.5000000000
46511  -10.538  -47.990  33.496 0.3750000000
47586  -11.174  -47.930  31.843 0.2500000000
46529  -11.657  -48.308  30.919 0.1250000000
46588  -13.612  -48.180  28.837 0.1250000000
47645  -13.787  -47.690  28.604 0.1250000000
47647  -15.362  -47.479  28.132 0.1250000000
48707  -16.688  -45.541  27.360 0.2500000000
61548  -28.335  -34.745  20.024 0.5000000000
46369  -7.945  -47.337  41.022 0.1250000000
54772  -27.705  -40.047  41.071 0.2500000000
54790  -28.446  -40.075  40.253 0.2500000000
46389  -8.636  -47.817  40.186 0.2500000000
46410  -8.745  -47.888  39.156 0.2500000000
55838  -23.240  -38.572  40.360 0.1250000000
55839  -23.558  -38.907  40.521 0.1250000000
54755  -25.774  -39.623  41.459 0.1250000000
54771  -26.705  -40.086  41.005 0.1250000000
54791  -29.213  -39.915  40.131 0.2500000000
58014  -22.652  -37.980  39.191 0.1250000000
55869  -23.270  -38.616  39.406 0.1250000000
55840  -24.315  -39.371  40.103 0.1250000000
55855  -24.416  -39.385  39.187 0.1250000000
54770  -25.773  -39.844  40.705 0.1250000000
54788  -26.658  -40.086  40.110 0.1250000000
54805  -28.347  -40.070  39.601 0.2500000000
54806  -29.192  -39.898  39.539 0.2500000000
55876  -30.246  -39.112  38.647 0.2500000000
55877  -31.074  -38.673  38.567 0.2500000000
56982  -22.972  -38.309  38.871 0.1250000000
55854  -23.733  -38.968  39.668 0.1250000000
54801  -24.967  -39.669  39.099 0.1250000000
54787  -25.749  -39.882  39.844 0.1250000000
54818  -27.506  -39.796  38.710 0.2500000000
54819  -28.376  -39.796  38.837 0.2500000000
55875  -29.244  -39.583  38.823 0.2500000000
55897  -31.206  -38.163  38.030 0.2500000000
56992  -22.955  -37.765  38.129 0.1250000000
55870  -23.700  -38.820  38.822 0.1250000000
55871  -24.491  -39.100  38.370 0.1250000000
55872  -25.421  -39.227  38.179 0.1250000000
54817  -26.728  -39.525  38.328 0.1250000000
55894  -28.621  -39.354  37.992 0.2500000000
55895  -29.810  -39.018  37.910 0.2500000000
55896  -30.711  -38.685  37.913 0.2500000000
55915  -31.044  -38.054  37.377 0.2500000000
57007  -31.271  -37.797  37.272 0.3750000000
56983  -23.415  -38.272  38.337 0.2500000000
56994  -23.986  -38.044  37.382 0.2500000000
55890  -24.812  -38.483  37.448 0.1250000000
55873  -26.210  -39.169  37.999 0.1250000000
55892  -26.903  -39.047  37.416 0.2500000000
55893  -27.759  -39.168  37.433 0.2500000000
55912  -28.513  -38.975  36.644 0.2500000000
55914  -30.271  -38.457  37.159 0.2500000000
46484  -10.544  -47.224  35.653 0.3750000000
57005  -24.211  -37.778  36.665 0.3750000000
55909  -25.678  -38.045  36.495 0.2500000000
55910  -26.667  -38.666  36.379 0.2500000000
55911  -27.596  -38.966  36.366 0.2500000000
55929  -28.362  -38.795  35.469 0.3750000000
55930  -29.200  -38.739  35.787 0.3750000000
46500  -10.656  -47.458  34.610 0.5000000000
47562  -11.115  -47.348  33.748 0.5000000000
47573  -11.178  -47.653  32.836 0.5000000000
47598  -11.684  -47.736  31.394 0.5000000000
46530  -11.926  -47.808  30.911 0.2500000000
47616  -12.564  -47.237  29.998 0.2500000000
47633  -13.258  -47.317  29.158 0.1250000000
48678  -13.413  -46.428  29.094 0.2500000000
48691  -14.516  -46.436  28.118 0.1250000000
48692  -15.456  -46.438  27.828 0.1250000000
49754  -16.893  -45.005  27.315 0.2500000000
62650  -27.889  -33.614  20.253 0.5000000000
61549  -29.316  -34.964  20.272 0.2500000000
47461  -8.994  -47.002  41.913 0.1250000000
46357  -8.470  -47.156  41.515 0.1250000000
47459  -7.474  -46.643  41.130 0.1250000000
47460  -8.132  -46.872  41.469 0.1250000000
46358  -8.845  -47.358  41.565 0.1250000000
46359  -9.476  -47.453  41.541 0.1250000000
48537  -6.716  -46.551  40.310 0.1250000000
46368  -7.366  -47.195  40.758 0.1250000000
46370  -8.622  -47.786  41.051 0.1250000000
46371  -9.419  -47.854  40.894 0.1250000000
58012  -21.385  -36.804  39.109 0.1250000000
58002  -21.573  -37.033  40.129 0.1250000000
58003  -22.188  -37.590  40.467 0.1250000000
56956  -22.732  -38.274  41.419 0.1250000000
54743  -24.912  -39.400  42.025 0.1250000000
54757  -27.964  -39.582  41.588 0.2500000000
54774  -29.284  -39.472  40.471 0.2500000000
56975  -22.610  -37.905  40.194 0.1250000000
55823  -23.460  -38.929  41.454 0.1250000000
55807  -24.102  -39.454  41.846 0.1250000000
54756  -26.741  -39.658  41.844 0.2500000000
54792  -29.926  -39.713  40.158 0.2500000000
55859  -30.575  -39.064  39.382 0.2500000000
58021  -22.039  -37.112  38.478 0.1250000000
56976  -22.852  -38.201  39.670 0.1250000000
54807  -29.874  -39.759  39.743 0.2500000000
54808  -30.137  -39.501  39.788 0.2500000000
46411  -9.785  -47.862  39.050 0.3750000000
58027  -21.424  -36.319  37.024 0.2500000000
58022  -22.558  -37.698  38.682 0.1250000000
58033  -21.259  -36.323  36.038 0.3750000000
58035  -22.284  -37.082  37.313 0.2500000000
58029  -22.478  -37.247  37.896 0.1250000000
58055  -20.688  -36.414  34.038 0.3750000000
58043  -21.817  -36.694  35.792 0.3750000000
57016  -22.276  -37.092  36.397 0.3750000000
57017  -22.718  -37.281  36.222 0.3750000000
47552  -11.455  -46.489  35.702 0.5000000000
47564  -12.160  -46.146  34.945 0.5000000000
58056  -21.793  -36.530  34.620 0.3750000000
57030  -22.257  -36.940  35.706 0.3750000000
57018  -23.372  -37.390  35.898 0.3750000000
57006  -24.849  -37.669  36.280 0.2500000000
55928  -27.370  -38.466  35.129 0.3750000000
47563  -11.515  -46.806  34.485 0.5000000000
58077  -21.815  -36.794  33.316 0.3750000000
58078  -22.471  -36.832  33.417 0.5000000000
57032  -23.264  -37.005  34.632 0.3750000000
57033  -24.339  -36.962  34.174 0.5000000000
57034  -25.472  -37.348  34.090 0.3750000000
57022  -26.686  -38.073  34.801 0.3750000000
47574  -11.810  -47.022  33.303 0.5000000000
47575  -12.472  -46.234  33.828 0.5000000000
57053  -23.029  -36.999  33.089 0.6250000000
57054  -24.109  -37.165  32.575 0.6250000000
58060  -25.330  -37.312  33.342 0.3750000000
57035  -26.330  -37.755  34.060 0.2500000000
47587  -11.732  -47.268  32.191 0.5000000000
47599  -12.266  -47.081  31.235 0.2500000000
48641  -13.124  -45.811  31.894 0.5000000000
48653  -12.774  -46.344  30.734 0.3750000000
48667  -12.909  -46.320  29.794 0.2500000000
49722  -13.605  -45.928  29.009 0.2500000000
63790  -28.329  -32.633  20.131 0.3750000000
63791  -29.368  -32.474  19.706 0.3750000000
62635  -30.458  -34.129  20.314 0.1250000000
46372  -10.232  -47.719  40.608 0.1250000000
46390  -9.548  -47.949  39.992 0.1250000000
46391  -10.473  -47.944  39.772 0.2500000000
59015  -20.746  -36.261  39.847 0.1250000000
59004  -21.760  -37.246  40.906 0.1250000000
46412  -10.749  -47.932  38.888 0.3750000000
59024  -20.023  -35.623  38.442 0.1250000000
59025  -20.543  -35.875  38.693 0.1250000000
58020  -21.427  -36.438  38.072 0.1250000000
59033  -20.674  -35.824  37.502 0.2500000000
59047  -20.385  -35.838  35.289 0.2500000000
58042  -21.129  -36.189  35.048 0.2500000000
47576  -12.712  -45.690  34.549 0.5000000000
57075  -20.787  -37.724  32.673 0.5000000000
57052  -22.116  -37.139  32.658 0.3750000000
54864  -21.425  -39.107  31.918 0.7500000000
55961  -22.970  -37.741  31.924 0.6250000000
58098  -25.206  -37.289  32.305 0.5000000000
48630  -13.260  -45.403  33.825 0.6250000000
48642  -13.633  -45.252  32.890 0.5000000000
65013  -28.575  -31.430  20.296 0.6250000000
65033  -29.748  -31.861  19.456 0.5000000000
46360  -10.179  -47.397  41.408 0.1250000000
47462  -9.710  -47.044  42.027 0.1250000000
46413  -11.597  -47.579  38.735 0.1250000000
57979  -22.245  -37.642  42.201 0.1250000000
46392  -11.308  -47.817  39.556 0.1250000000
60143  -19.569  -35.434  38.702 0.1250000000
60131  -20.320  -35.850  39.405 0.1250000000
60162  -18.669  -35.209  36.689 0.2500000000
60172  -18.349  -35.318  36.153 0.2500000000
59061  -19.470  -36.157  34.532 0.1250000000
58053  -18.822  -37.220  34.098 0.5000000000
48629  -12.995  -45.820  33.016 0.6250000000
63793  -31.203  -32.582  19.458 0.1250000000
47464  -11.157  -47.256  42.017 0.1250000000
46373  -11.063  -47.667  40.386 0.1250000000
47494  -11.925  -47.450  40.100 0.1250000000
47495  -12.724  -46.898  40.103 0.1250000000
47508  -11.799  -47.537  39.368 0.1250000000
47509  -12.347  -47.083  39.049 0.1250000000
60128  -17.663  -34.905  39.150 0.1250000000
60129  -18.700  -35.091  39.471 0.1250000000
59014  -20.300  -36.080  40.681 0.1250000000
59003  -21.078  -36.604  41.000 0.1250000000
46414  -12.116  -47.278  38.283 0.1250000000
60153  -16.959  -35.826  37.280 0.1250000000
60154  -17.964  -35.113  37.399 0.2500000000
58987  -21.672  -37.129  41.710 0.1250000000
47517  -12.583  -46.887  38.049 0.2500000000
60161  -17.822  -35.446  36.581 0.1250000000
57001  -16.726  -38.514  36.470 0.3750000000
48618  -13.091  -45.102  34.976 0.5000000000
49676  -13.837  -44.940  32.171 0.6250000000
65035  -32.278  -32.246  19.386 0.2500000000
65036  -32.646  -32.023  19.507 0.3750000000
63813  -33.213  -32.281  19.281 0.3750000000
63817  -37.703  -33.247  19.175 0.1250000000
63841  -37.316  -32.567  18.762 0.1250000000
47479  -13.175  -46.701  40.917 0.1250000000
47510  -13.095  -46.447  39.351 0.1250000000
60152  -16.352  -36.220  37.734 0.1250000000
48588  -13.282  -45.972  38.128 0.2500000000
58026  -16.509  -37.653  36.927 0.2500000000
55887  -16.883  -39.574  36.880 0.3750000000
51729  -16.127  -42.336  36.222 0.3750000000
54838  -17.204  -40.586  35.903 0.3750000000
49635  -15.268  -43.183  35.456 0.5000000000
50675  -15.852  -42.437  35.433 0.5000000000
53797  -17.255  -41.016  35.456 0.3750000000
52786  -16.724  -41.591  35.796 0.3750000000
66154  -36.687  -30.663  18.796 0.1250000000
65055  -37.909  -31.400  18.423 0.1250000000
66155  -37.795  -30.586  18.443 0.1250000000
50654  -15.770  -42.788  36.208 0.3750000000
67148  -36.900  -29.762  18.651 0.1250000000
68106  -37.157  -28.875  18.600 0.1250000000
67147  -35.798  -29.872  18.855 0.1250000000
68105  -36.132  -29.026  18.413 0.1250000000
69095  -35.486  -28.283  18.455 0.1250000000
69096  -36.448  -28.180  18.441 0.1250000000
69097  -37.194  -28.119  18.748 0.1250000000
67119  -36.056  -29.311  23.086 0.7500000000
67118  -35.471  -29.917  22.012 0.5000000000
68082  -34.908  -29.368  20.226 0.3750000000
68091  -34.882  -29.189  19.485 0.2500000000
68104  -35.169  -28.940  18.744 0.2500000000
68090  -34.504  -28.634  19.282 0.2500000000
70152  -33.307  -27.336  20.276 0.3750000000
72599  -34.319  -24.615  16.679 0.3750000000
71438  -37.118  -25.266  15.172 0.2500000000
73575  -35.933  -22.608  28.857 0.3750000000
74620  -36.409  -22.333  29.254 0.3750000000
75719  -37.376  -21.567  28.132 0.2500000000
75737  -38.847  -20.843  27.859 0.3750000000
79213  -46.785  -18.078  20.036 0.2500000000
88213  -55.923  -10.384  3.079 0.1250000000
87129  -56.308  -11.388  2.719 0.1250000000
88223  -56.551  -10.392  2.392 0.1250000000
88204  -55.478  -10.067  3.581 0.2500000000
89244  -53.287  -9.584  5.176 0.3750000000
89245  -53.977  -9.468  4.858 0.3750000000
88191  -53.604  -10.201  4.802 0.3750000000
89255  -54.600  -9.498  4.391 0.3750000000
90312  -54.900  -8.721  4.308 0.3750000000
89256  -55.097  -9.387  3.798 0.2500000000
89257  -55.712  -9.309  3.367 0.2500000000
89263  -56.285  -9.380  2.738 0.2500000000
90284  -53.160  -7.779  7.214 0.5000000000
90291  -52.565  -8.404  6.641 0.5000000000
90304  -53.696  -8.723  5.498 0.3750000000
90305  -54.547  -8.434  5.113 0.3750000000
90313  -55.500  -8.389  3.932 0.3750000000
91304  -56.119  -7.563  4.051 0.2500000000
90314  -56.248  -8.317  3.255 0.2500000000
90315  -56.891  -7.900  2.892 0.2500000000
90321  -56.846  -8.622  2.554 0.2500000000
91313  -58.141  -7.251  2.511 0.2500000000
91321  -59.348  -7.117  1.719 0.2500000000
90283  -52.417  -8.162  7.724 0.5000000000
90281  -53.846  -7.419  7.732 0.5000000000
90293  -54.138  -8.017  6.041 0.5000000000
91295  -54.706  -7.629  5.902 0.5000000000
91296  -55.340  -7.520  5.382 0.5000000000
90306  -55.177  -8.126  4.647 0.5000000000
91297  -56.233  -7.077  5.005 0.3750000000
91298  -56.657  -6.974  4.265 0.3750000000
92313  -57.216  -6.742  3.909 0.3750000000
91305  -56.750  -7.354  3.509 0.3750000000
92325  -57.723  -6.769  3.302 0.3750000000
91312  -57.309  -7.325  2.935 0.3750000000
91314  -58.900  -6.939  2.351 0.3750000000
91320  -58.763  -7.575  1.853 0.2500000000
92342  -59.509  -6.438  1.213 0.2500000000
92301  -57.114  -6.300  4.874 0.2500000000
92302  -57.766  -5.941  4.774 0.3750000000
92315  -58.673  -5.789  3.749 0.3750000000
92326  -58.658  -6.407  3.116 0.3750000000
92316  -58.891  -5.286  3.679 0.3750000000
92334  -59.105  -6.001  2.955 0.2500000000
46481  -8.266  -48.575  34.749 0.2500000000
50836  -19.445  -43.642  26.316 0.2500000000
74637  -36.534  -22.010  28.303 0.3750000000
75720  -38.276  -21.275  28.454 0.3750000000
45350  -7.593  -48.833  35.313 0.2500000000
46499  -9.753  -48.010  34.176 0.5000000000
46501  -11.024  -47.040  35.283 0.3750000000
63836  -32.985  -33.069  18.781 0.1250000000
60363  -27.805  -35.858  20.126 0.3750000000
65012  -27.844  -31.949  20.460 0.5000000000
66123  -29.532  -30.683  20.477 0.6250000000
63839  -35.254  -32.927  18.944 0.1250000000
60171  -17.881  -35.566  35.846 0.1250000000
59038  -16.749  -36.670  36.557 0.2500000000
55907  -17.136  -39.934  35.975 0.3750000000
59060  -18.526  -36.329  34.622 0.2500000000
59046  -19.060  -35.391  35.573 0.1250000000
66109  -35.757  -30.520  22.124 0.5000000000
66141  -36.335  -31.006  19.235 0.2500000000
58074  -19.303  -37.522  33.672 0.5000000000
67130  -35.128  -29.812  20.454 0.2500000000
67117  -35.210  -29.826  21.156 0.3750000000
58075  -20.119  -37.288  33.362 0.6250000000
58094  -20.645  -37.435  32.926 0.6250000000
68073  -35.662  -28.795  22.859 0.5000000000
68081  -34.524  -28.872  20.374 0.3750000000
68072  -34.859  -29.214  21.365 0.3750000000
55983  -21.446  -38.159  32.261 0.5000000000
58079  -24.735  -37.157  32.809 0.5000000000
71424  -36.107  -25.189  15.999 0.2500000000
72621  -36.204  -24.204  15.642 0.5000000000
90292  -53.386  -8.200  6.301 0.3750000000
49739  -14.618  -45.537  27.983 0.1250000000
67139  -35.484  -30.243  19.746 0.2500000000
69070  -33.443  -27.399  19.343 0.3750000000
44287  -6.496  -50.848  35.575 0.2500000000
44278  -6.633  -50.177  35.406 0.2500000000
45403  -7.829  -50.427  33.781 0.2500000000
44318  -8.736  -51.153  32.892 0.2500000000
46459  -3.462  -48.115  35.827 0.3750000000
45325  -6.964  -48.373  37.384 0.3750000000
46518  -10.212  -49.251  31.909 0.2500000000
45443  -10.851  -49.887  31.084 0.1250000000
46405  -4.617  -47.396  38.613 0.2500000000
49593  -4.609  -46.375  37.965 0.1250000000
47597  -11.400  -48.205  31.349 0.1250000000
45492  -14.379  -49.978  29.223 0.1250000000
46567  -14.869  -49.326  28.784 0.1250000000
46548  -16.399  -49.837  30.104 0.1250000000
46592  -17.032  -48.374  28.284 0.1250000000
47646  -14.339  -47.444  28.289 0.1250000000
47475  -6.990  -46.960  40.670 0.1250000000
47507  -5.051  -47.053  38.887 0.2500000000
48679  -13.859  -46.419  28.610 0.2500000000
54789  -27.576  -40.182  40.280 0.2500000000
54758  -28.620  -39.198  40.893 0.2500000000
56957  -23.187  -38.579  40.902 0.1250000000
58013  -22.256  -37.545  39.499 0.1250000000
54803  -26.626  -39.942  39.214 0.1250000000
54804  -27.527  -40.062  39.465 0.2500000000
55857  -29.435  -39.719  39.238 0.2500000000
55874  -28.766  -39.632  38.550 0.2500000000
55889  -23.977  -38.469  38.034 0.1250000000
54802  -25.633  -39.766  38.884 0.1250000000
55856  -24.959  -39.505  38.752 0.1250000000
54816  -25.992  -39.487  38.362 0.1250000000
54829  -27.270  -39.334  37.877 0.2500000000
54831  -28.041  -39.689  38.400 0.2500000000
55891  -25.965  -38.766  37.363 0.2500000000
55913  -29.405  -38.763  36.938 0.2500000000
56993  -23.466  -37.823  37.717 0.2500000000
55908  -24.887  -37.992  36.822 0.3750000000
57004  -23.419  -37.526  36.881 0.3750000000
57019  -24.193  -37.396  35.563 0.3750000000
55926  -25.886  -37.876  35.657 0.2500000000
55927  -26.408  -38.209  35.588 0.2500000000
47588  -12.455  -46.556  32.597 0.5000000000
57988  -22.282  -37.747  41.294 0.1250000000
55822  -22.988  -38.624  42.008 0.1250000000
57980  -22.507  -38.037  41.917 0.1250000000
55794  -24.139  -39.085  42.581 0.1250000000
55809  -27.309  -39.089  42.233 0.2500000000
58034  -21.998  -36.936  36.728 0.2500000000
59040  -20.524  -35.746  36.366 0.3750000000
58028  -22.004  -36.846  37.570 0.2500000000
57003  -22.670  -37.260  37.118 0.2500000000
57002  -22.311  -37.132  36.713 0.3750000000
58076  -21.013  -36.805  33.398 0.3750000000
58057  -22.484  -36.715  34.220 0.3750000000
57031  -22.625  -37.025  35.258 0.3750000000
57020  -25.241  -37.498  35.396 0.3750000000
57021  -26.030  -37.812  34.964 0.2500000000
62652  -29.997  -33.535  19.802 0.2500000000
63792  -30.267  -32.584  19.468 0.5000000000
46361  -10.810  -47.363  41.097 0.1250000000
59032  -19.944  -35.540  37.973 0.2500000000
60155  -19.065  -35.164  37.657 0.2500000000
59039  -19.709  -35.380  36.942 0.2500000000
59062  -20.307  -36.148  34.497 0.3750000000
60130  -19.777  -35.640  39.875 0.1250000000
60142  -18.361  -35.003  38.410 0.1250000000
47477  -11.571  -47.298  41.121 0.1250000000
60141  -17.158  -35.047  38.250 0.1250000000
61304  -16.936  -34.918  39.000 0.1250000000
60118  -19.564  -35.769  41.062 0.1250000000
58986  -20.924  -36.609  42.132 0.1250000000
58976  -21.508  -37.039  42.700 0.1250000000
47518  -12.978  -46.424  38.451 0.2500000000
55888  -16.988  -40.063  36.660 0.3750000000
65040  -36.622  -31.232  18.884 0.1250000000
65054  -37.151  -31.544  18.557 0.1250000000
56991  -16.678  -38.642  37.577 0.2500000000
58025  -16.348  -37.641  37.786 0.2500000000
53794  -16.948  -41.137  36.352 0.3750000000
67149  -37.700  -29.579  18.491 0.1250000000
67138  -35.183  -29.713  19.562 0.3750000000
67146  -35.190  -29.482  19.044 0.3750000000
68103  -34.753  -28.428  18.785 0.1250000000
69083  -34.514  -27.768  18.705 0.1250000000
69071  -33.729  -28.234  20.044 0.3750000000
71425  -37.194  -25.859  16.361 0.2500000000
75721  -39.060  -20.968  28.868 0.2500000000
88212  -55.498  -10.762  3.476 0.1250000000
87115  -55.861  -11.439  3.273 0.1250000000
90280  -53.095  -7.627  8.267 0.5000000000
91303  -55.663  -7.698  4.582 0.3750000000
90322  -57.537  -8.078  2.407 0.2500000000
92324  -57.175  -6.969  3.373 0.3750000000
90323  -58.166  -7.961  1.907 0.2500000000
90285  -53.918  -7.626  6.829 0.5000000000
91284  -54.509  -7.498  6.530 0.5000000000
92300  -56.418  -6.280  5.725 0.3750000000
92314  -58.041  -6.248  4.144 0.3750000000
92333  -59.156  -6.174  2.317 0.3750000000
93392  -56.964  -5.820  5.851 0.2500000000
93409  -58.147  -5.671  4.687 0.3750000000
92327  -59.016  -5.833  3.241 0.2500000000
55040  -26.786  -40.239  20.770 0.2500000000
55041  -27.832  -40.459  21.029 0.2500000000
58220  -29.362  -37.392  19.912 0.1250000000
60364  -28.831  -35.702  20.117 0.2500000000
59190  -29.867  -36.033  20.860 0.1250000000
62651  -29.209  -33.894  19.968 0.2500000000
59203  -28.645  -36.626  20.031 0.2500000000
68858  -36.842  -26.928  40.450 0.1250000000
68847  -36.066  -26.743  40.926 0.1250000000
67874  -37.056  -27.731  40.136 0.1250000000
68872  -37.859  -27.146  39.692 0.1250000000
68873  -38.112  -26.840  39.598 0.1250000000
65838  -35.853  -29.356  39.606 0.1250000000
66888  -36.933  -28.453  39.382 0.1250000000
67885  -37.962  -27.540  39.358 0.1250000000
67886  -38.407  -27.592  38.875 0.1250000000
66909  -38.068  -28.210  37.992 0.1250000000
67864  -35.725  -27.755  40.859 0.1250000000
68884  -39.196  -26.916  38.479 0.1250000000
66881  -35.630  -28.752  40.754 0.1250000000
67897  -38.862  -27.478  38.268 0.1250000000
66921  -38.279  -28.471  37.214 0.1250000000
67906  -38.778  -27.957  37.411 0.1250000000
66922  -38.716  -28.212  36.944 0.1250000000
66935  -38.947  -28.412  36.346 0.1250000000
67914  -39.356  -27.834  36.621 0.1250000000
66956  -38.808  -28.658  35.163 0.1250000000
66957  -39.372  -28.334  35.410 0.1250000000
71055  -35.040  -25.511  41.733 0.1250000000
67856  -34.432  -28.323  42.017 0.1250000000
67857  -35.213  -28.103  41.234 0.1250000000
66877  -34.968  -29.191  41.466 0.1250000000
66876  -34.287  -29.504  42.018 0.1250000000
62408  -34.320  -33.434  40.953 0.1250000000
63540  -34.659  -32.474  40.716 0.1250000000
64706  -34.643  -31.554  41.107 0.1250000000
61286  -34.198  -34.542  39.440 0.1250000000
68918  -39.830  -27.575  35.202 0.1250000000
67925  -39.643  -27.916  35.694 0.1250000000
66974  -39.067  -28.653  34.474 0.1250000000
68833  -34.201  -27.261  42.075 0.1250000000
69903  -33.582  -26.548  42.011 0.1250000000
68823  -33.437  -27.415  42.346 0.1250000000
71052  -32.669  -26.073  41.534 0.1250000000
66875  -33.451  -29.719  42.273 0.1250000000
63539  -34.221  -32.528  41.377 0.1250000000
65818  -33.149  -30.599  42.270 0.1250000000
64695  -32.412  -31.173  42.228 0.1250000000
67854  -31.086  -28.245  41.663 0.1250000000
68940  -39.445  -27.365  33.282 0.2500000000
70011  -38.862  -26.486  32.874 0.2500000000
71191  -38.332  -26.254  32.251 0.2500000000
71190  -37.727  -25.514  31.950 0.2500000000
70200  -41.342  -27.804  17.501 0.1250000000
72367  -37.431  -24.339  32.460 0.2500000000
72380  -37.207  -24.587  31.627 0.2500000000
70211  -38.774  -26.677  17.381 0.1250000000
70198  -39.344  -26.561  18.015 0.1250000000
70227  -38.696  -26.854  16.533 0.1250000000
70212  -39.363  -27.170  17.095 0.1250000000
70214  -41.194  -28.093  16.079 0.1250000000
70230  -41.584  -27.433  15.146 0.1250000000
73541  -36.579  -23.393  30.967 0.2500000000
72391  -36.128  -23.966  30.320 0.2500000000
73553  -35.818  -23.291  29.604 0.2500000000
71439  -38.218  -26.326  15.467 0.1250000000
71440  -39.530  -26.593  14.813 0.1250000000
71459  -40.077  -25.443  14.307 0.1250000000
70229  -40.354  -27.519  15.349 0.1250000000
71441  -40.790  -26.545  14.613 0.1250000000
71457  -37.808  -25.365  14.528 0.1250000000
72638  -39.352  -24.312  14.042 0.1250000000
74864  -40.889  -22.119  13.167 0.3750000000
74876  -42.869  -21.694  12.658 0.1250000000
78162  -44.757  -19.723  12.179 0.1250000000
78181  -44.216  -19.004  11.851 0.1250000000
78163  -45.679  -19.786  12.196 0.1250000000
90271  -54.109  -7.777  10.892 0.2500000000
91256  -54.911  -7.156  11.357 0.1250000000
91257  -55.512  -6.875  11.685 0.1250000000
90275  -53.266  -7.741  9.461 0.2500000000
91263  -54.495  -7.168  10.620 0.2500000000
91264  -55.127  -6.497  10.677 0.2500000000
91268  -54.223  -7.170  9.445 0.2500000000
90276  -53.810  -7.408  8.617 0.2500000000
91269  -54.899  -6.456  9.665 0.2500000000
91277  -54.528  -7.248  7.256 0.3750000000
91285  -55.236  -7.055  6.578 0.3750000000
91286  -55.915  -6.852  5.910 0.3750000000
91273  -54.446  -7.053  8.199 0.3750000000
91278  -55.099  -6.819  7.589 0.3750000000
92287  -55.538  -6.610  7.168 0.3750000000
92288  -56.211  -6.200  6.749 0.3750000000
93410  -58.489  -5.610  4.252 0.2500000000
71066  -32.589  -25.521  41.022 0.1250000000
61287  -34.400  -33.868  39.618 0.2500000000
61299  -33.784  -34.076  38.821 0.3750000000
63546  -34.640  -32.367  39.968 0.1250000000
61271  -34.542  -33.699  39.997 0.2500000000
61300  -34.127  -33.943  39.244 0.2500000000
65829  -35.663  -29.496  40.254 0.1250000000
55053  -27.163  -39.691  20.509 0.3750000000
56211  -27.488  -39.231  20.331 0.2500000000
65828  -35.164  -30.275  40.915 0.1250000000
57255  -27.969  -38.465  20.110 0.3750000000
70025  -39.053  -26.852  32.466 0.2500000000
72637  -38.329  -24.450  14.192 0.1250000000
75972  -40.511  -21.131  13.583 0.3750000000
75974  -41.942  -21.594  12.834 0.2500000000
57256  -28.980  -38.447  19.853 0.2500000000
74865  -41.869  -22.211  13.018 0.1250000000
60365  -29.446  -35.668  20.501 0.1250000000
60348  -29.866  -35.300  20.894 0.1250000000
71426  -38.027  -26.511  16.880 0.1250000000
53982  -27.154  -40.919  21.325 0.2500000000
55055  -28.153  -40.071  20.590 0.2500000000
56214  -30.012  -39.273  20.367 0.1250000000
58221  -30.159  -37.080  20.409 0.1250000000
67865  -36.320  -27.764  40.575 0.1250000000
68835  -35.583  -26.611  41.287 0.1250000000
66882  -36.317  -28.631  40.143 0.1250000000
67875  -37.583  -27.589  39.676 0.1250000000
67887  -38.693  -27.325  38.779 0.1250000000
66889  -37.633  -27.947  39.302 0.1250000000
67896  -38.452  -27.929  38.125 0.1250000000
68846  -35.525  -27.441  41.100 0.1250000000
71054  -33.999  -25.554  41.765 0.1250000000
69904  -34.538  -26.389  41.764 0.1250000000
68834  -35.105  -27.150  41.466 0.1250000000
65820  -34.649  -30.108  41.617 0.1250000000
67848  -33.243  -28.500  42.446 0.1250000000
65819  -33.876  -30.542  41.868 0.1250000000
65827  -34.468  -30.822  41.407 0.1250000000
61270  -34.413  -34.400  40.359 0.1250000000
69902  -32.770  -26.494  41.996 0.1250000000
71053  -33.247  -25.865  41.755 0.1250000000
66869  -33.121  -29.238  42.467 0.1250000000
64697  -34.003  -31.582  41.634 0.1250000000
64696  -33.295  -31.474  42.150 0.1250000000
63532  -33.477  -32.469  41.850 0.1250000000
64694  -31.797  -31.330  41.762 0.1250000000
64673  -31.963  -30.155  41.997 0.1250000000
68831  -31.486  -27.427  41.825 0.1250000000
68845  -31.040  -27.741  41.156 0.1250000000
65808  -31.513  -29.405  41.730 0.1250000000
67853  -30.849  -28.609  41.352 0.1250000000
70228  -39.303  -27.202  15.925 0.1250000000
70213  -40.201  -27.737  16.659 0.1250000000
71458  -38.843  -25.560  14.341 0.1250000000
71442  -41.960  -26.439  14.603 0.1250000000
72639  -40.605  -24.132  13.649 0.2500000000
71460  -41.285  -25.483  14.129 0.1250000000
73768  -40.463  -23.010  13.393 0.2500000000
64683  -31.644  -30.605  41.585 0.1250000000
45442  -10.331  -50.151  31.465 0.1250000000
44351  -10.996  -50.915  31.166 0.1250000000
46527  -10.600  -49.520  31.412 0.1250000000
49623  -15.222  -43.759  36.978 0.3750000000
49742  -18.475  -46.081  27.306 0.1250000000
48708  -17.152  -45.760  27.310 0.1250000000
49756  -18.723  -45.313  27.081 0.1250000000
49757  -19.640  -45.628  26.811 0.1250000000
49755  -17.778  -45.313  27.298 0.1250000000
50824  -19.125  -44.301  26.578 0.1250000000
74606  -36.405  -22.678  30.088 0.2500000000
74638  -36.987  -21.824  28.881 0.2500000000
75704  -37.661  -21.591  29.060 0.2500000000
75705  -38.436  -21.275  29.396 0.2500000000
79183  -44.982  -17.887  24.537 0.2500000000
49624  -15.360  -43.370  36.262 0.3750000000
81341  -51.135  -16.220  15.666 0.2500000000
74621  -36.996  -21.973  29.630 0.2500000000
44334  -10.209  -51.063  31.673 0.1250000000
48694  -17.861  -46.532  27.563 0.1250000000
48695  -18.863  -46.891  27.606 0.1250000000
58997  -33.280  -36.410  40.532 0.2500000000
56961  -31.512  -38.035  40.518 0.1250000000
57996  -32.193  -37.406  40.918 0.1250000000
57997  -32.824  -37.160  40.200 0.1250000000
54759  -29.375  -39.044  40.593 0.1250000000
55825  -30.109  -38.751  40.471 0.1250000000
55826  -30.647  -38.540  40.304 0.1250000000
56969  -31.903  -38.175  39.892 0.1250000000
56970  -32.445  -37.776  39.698 0.1250000000
58006  -32.791  -37.268  39.489 0.2500000000
55811  -28.804  -38.654  40.804 0.1250000000
54793  -30.341  -39.265  39.930 0.1250000000
55842  -31.384  -38.459  39.556 0.1250000000
55841  -30.788  -38.787  39.839 0.1250000000
56984  -32.040  -37.935  38.881 0.1250000000
56978  -32.443  -37.651  39.188 0.1250000000
55860  -31.525  -38.402  39.052 0.1250000000
55898  -31.537  -37.827  38.020 0.1250000000
56985  -32.305  -37.442  38.695 0.2500000000
58995  -31.806  -36.555  41.341 0.1250000000
58996  -32.703  -36.602  41.118 0.1250000000
60108  -33.154  -35.834  41.335 0.2500000000
57995  -31.266  -37.404  41.105 0.1250000000
59010  -33.549  -36.280  39.946 0.2500000000
56950  -29.936  -38.244  40.685 0.1250000000
55813  -30.207  -38.452  40.583 0.1250000000
58016  -33.014  -36.888  39.335 0.2500000000
56948  -28.813  -38.202  40.832 0.1250000000
55808  -26.540  -39.148  42.209 0.1250000000
56939  -26.951  -38.445  42.137 0.1250000000
56947  -28.250  -38.373  41.308 0.1250000000
57984  -28.488  -37.897  40.987 0.1250000000
57972  -26.722  -37.849  42.035 0.1250000000
60109  -33.794  -35.527  40.639 0.2500000000
56958  -29.234  -37.915  40.728 0.1250000000
59020  -33.379  -36.350  39.205 0.2500000000
60124  -34.127  -35.524  39.747 0.2500000000
60137  -33.756  -35.231  39.019 0.2500000000
57991  -27.310  -37.080  41.330 0.1250000000
57992  -28.214  -37.264  40.906 0.1250000000
57982  -26.660  -37.042  41.896 0.1250000000
62653  -30.884  -33.568  19.805 0.1250000000
70000  -39.346  -26.556  33.879 0.1250000000
71147  -39.151  -26.040  34.773 0.1250000000
72338  -38.768  -25.495  34.938 0.1250000000
71160  -39.125  -26.184  34.240 0.1250000000
71146  -38.792  -25.704  34.581 0.1250000000
72321  -38.454  -24.859  35.311 0.1250000000
71159  -38.818  -25.886  34.067 0.1250000000
71175  -38.330  -25.730  33.064 0.1250000000
73478  -38.375  -23.657  35.649 0.1250000000
74547  -39.217  -22.250  37.115 0.1250000000
75626  -39.363  -21.255  36.598 0.1250000000
72353  -38.269  -25.281  33.861 0.1250000000
74555  -38.296  -22.770  35.295 0.1250000000
72336  -38.051  -24.539  34.235 0.1250000000
73477  -38.119  -23.453  34.968 0.1250000000
72320  -38.143  -24.293  34.878 0.1250000000
73487  -38.003  -23.759  34.492 0.1250000000
75617  -39.492  -21.140  37.566 0.1250000000
72352  -37.889  -24.729  33.615 0.1250000000
74556  -38.823  -22.269  36.036 0.1250000000
73500  -37.786  -23.668  33.794 0.1250000000
74564  -38.007  -22.754  34.514 0.1250000000
73513  -37.379  -23.606  32.805 0.1250000000
73499  -37.561  -23.679  33.279 0.1250000000
75636  -39.707  -20.599  36.259 0.1250000000
75634  -38.519  -21.800  35.104 0.1250000000
75635  -39.336  -20.853  35.632 0.1250000000
73529  -37.078  -23.512  32.017 0.1250000000
74572  -37.502  -23.184  33.225 0.1250000000
74573  -37.785  -22.370  33.461 0.1250000000
75645  -38.307  -21.573  34.119 0.1250000000
75646  -38.985  -20.911  34.614 0.1250000000
75657  -38.964  -20.815  33.651 0.1250000000
74581  -37.901  -21.803  32.614 0.1250000000
75656  -38.373  -21.314  33.091 0.1250000000
74607  -36.969  -22.187  30.530 0.1250000000
74594  -37.140  -22.466  31.482 0.1250000000
76765  -40.202  -19.985  34.984 0.1250000000
76750  -39.889  -20.247  35.354 0.1250000000
75667  -39.386  -20.774  32.556 0.1250000000
76793  -39.640  -20.407  33.432 0.1250000000
76764  -39.680  -20.386  34.821 0.1250000000
75681  -39.270  -21.048  31.523 0.1250000000
75680  -38.492  -21.307  31.212 0.1250000000
75665  -37.784  -21.772  31.812 0.1250000000
75666  -38.529  -21.288  32.123 0.1250000000
75679  -37.697  -21.671  30.882 0.1250000000
76766  -40.899  -19.614  34.727 0.1250000000
76780  -40.131  -19.987  34.065 0.1250000000
75668  -40.059  -20.610  32.273 0.1250000000
76781  -40.979  -19.772  33.560 0.1250000000
76795  -41.023  -19.996  32.529 0.1250000000
75682  -39.972  -20.868  31.743 0.1250000000
76802  -40.482  -20.489  32.023 0.1250000000
75695  -39.856  -21.061  30.928 0.1250000000
75707  -39.678  -21.033  30.387 0.1250000000
76814  -40.426  -20.700  31.176 0.1250000000
75706  -39.334  -21.005  29.856 0.1250000000
72640  -41.891  -24.617  13.788 0.1250000000
72656  -41.617  -23.759  13.475 0.1250000000
77881  -41.750  -19.633  33.119 0.1250000000
76803  -40.995  -20.175  31.557 0.1250000000
77898  -41.666  -19.654  32.055 0.1250000000
76815  -40.842  -20.344  30.713 0.1250000000
76826  -39.748  -20.823  29.781 0.1250000000
76827  -40.153  -20.749  30.113 0.1250000000
76840  -39.678  -20.647  29.364 0.1250000000
81226  -47.278  -16.378  26.938 0.1250000000
73769  -41.355  -22.984  13.264 0.1250000000
77914  -41.557  -19.727  30.833 0.1250000000
76828  -41.013  -20.160  29.899 0.1250000000
76841  -40.291  -20.073  29.097 0.1250000000
76853  -39.554  -20.395  28.394 0.1250000000
81238  -47.205  -16.518  25.784 0.1250000000
81239  -47.910  -16.354  26.024 0.1250000000
80212  -46.462  -16.750  24.880 0.1250000000
81249  -47.176  -16.593  24.739 0.1250000000
81250  -47.726  -16.282  24.478 0.1250000000
80234  -45.911  -17.343  23.779 0.1250000000
80222  -46.530  -16.946  24.178 0.1250000000
81262  -47.976  -16.292  23.800 0.1250000000
80244  -46.517  -17.162  22.815 0.1250000000
81272  -47.257  -16.749  23.002 0.1250000000
79201  -46.339  -17.764  21.146 0.1250000000
77926  -41.683  -19.530  29.666 0.1250000000
76842  -41.058  -19.747  29.167 0.1250000000
77936  -40.805  -19.647  28.542 0.1250000000
81237  -46.533  -16.650  26.466 0.1250000000
80211  -45.829  -16.935  25.528 0.1250000000
79169  -45.377  -17.509  24.732 0.1250000000
80221  -45.843  -17.172  24.449 0.1250000000
78007  -45.231  -17.956  23.605 0.1250000000
81277  -47.645  -16.679  22.178 0.1250000000
80248  -46.769  -17.243  21.930 0.1250000000
80249  -47.564  -16.891  21.428 0.1250000000
80255  -47.019  -17.491  20.781 0.1250000000
79184  -45.386  -17.713  24.024 0.1250000000
77937  -41.545  -19.263  28.586 0.1250000000
80199  -45.854  -16.945  26.754 0.1250000000
79168  -45.071  -17.710  25.444 0.1250000000
80210  -45.330  -17.377  26.232 0.1250000000
80267  -48.204  -17.170  19.733 0.1250000000
79167  -44.622  -18.114  25.782 0.1250000000
82491  -49.706  -14.905  8.376 0.1250000000
88225  -57.832  -10.063  1.587 0.1250000000
90329  -57.394  -8.849  2.148 0.1250000000
92279  -55.702  -6.454  7.702 0.2500000000
92289  -56.694  -5.868  7.295 0.2500000000
93370  -56.777  -5.845  6.375 0.2500000000
92280  -56.247  -6.121  7.781 0.2500000000
93391  -56.547  -5.951  6.170 0.2500000000
90330  -57.935  -8.698  1.839 0.1250000000
89271  -58.175  -9.390  1.428 0.1250000000
92274  -55.829  -6.347  8.211 0.2500000000
92281  -56.885  -5.702  7.887 0.2500000000
93371  -57.379  -5.555  6.679 0.2500000000
94487  -57.911  -5.047  7.081 0.2500000000
93372  -58.008  -5.029  5.955 0.1250000000
90331  -58.688  -8.471  1.451 0.1250000000
89284  -59.326  -9.006  0.309 0.1250000000
93394  -58.695  -5.148  4.304 0.1250000000
91332  -59.254  -7.850  1.388 0.1250000000
90342  -59.388  -8.479  0.893 0.1250000000
90343  -59.462  -8.392  0.092 0.1250000000
93411  -59.107  -4.965  3.996 0.1250000000
91333  -59.585  -7.502  0.740 0.1250000000
91348  -59.523  -7.654  -0.463 0.1250000000
55916  -31.361  -37.872  37.707 0.2500000000
72381  -37.580  -24.888  32.219 0.1250000000
80235  -46.561  -17.048  23.487 0.1250000000
84682  -49.653  -13.592  7.730 0.2500000000
55878  -31.597  -38.103  38.509 0.1250000000
55810  -28.190  -38.931  41.596 0.1250000000
89269  -56.953  -9.481  2.163 0.1250000000
93393  -57.790  -5.510  5.383 0.1250000000
92303  -58.776  -5.309  3.966 0.1250000000
93439  -59.067  -5.529  2.937 0.1250000000
56946  -27.623  -38.489  41.883 0.1250000000
94524  -58.320  -5.194  4.925 0.1250000000
71174  -37.967  -25.466  32.648 0.1250000000
72351  -37.602  -24.218  33.177 0.1250000000
91274  -55.230  -6.596  8.580 0.2500000000
73757  -40.235  -23.445  13.523 0.1250000000
72655  -41.011  -23.488  13.442 0.1250000000
75692  -37.687  -21.592  29.951 0.1250000000
55827  -31.275  -38.371  39.988 0.1250000000
56949  -29.359  -38.243  40.671 0.1250000000
56960  -30.575  -38.044  40.824 0.1250000000
56977  -32.020  -38.088  39.364 0.1250000000
57985  -28.956  -37.954  40.788 0.1250000000
57973  -27.218  -38.185  41.915 0.1250000000
57983  -27.553  -37.813  41.539 0.1250000000
72337  -38.418  -25.232  34.567 0.1250000000
72369  -38.079  -25.250  33.387 0.1250000000
74580  -37.396  -22.630  32.520 0.1250000000
76794  -40.261  -20.267  32.889 0.1250000000
75693  -38.478  -21.276  30.313 0.1250000000
75694  -39.214  -21.103  30.691 0.1250000000
81261  -47.249  -16.734  23.952 0.1250000000
89270  -57.633  -9.482  1.844 0.1250000000
88238  -57.698  -10.683  1.473 0.1250000000
88224  -57.318  -10.416  1.895 0.1250000000
92276  -56.625  -5.559  8.840 0.2500000000
93360  -57.575  -5.255  7.521 0.2500000000
89283  -58.784  -9.357  0.751 0.1250000000
92275  -56.028  -6.104  8.729 0.2500000000
94489  -58.841  -4.500  4.799 0.1250000000
94506  -58.619  -4.483  5.260 0.1250000000
45364  -3.906  -48.874  34.990 0.2500000000
43291  -4.363  -50.642  33.450 0.1250000000
45419  -5.166  -48.961  32.931 0.1250000000
46480  -3.841  -47.939  34.986 0.1250000000
46496  -3.782  -48.098  34.126 0.1250000000
46507  -4.283  -48.088  33.468 0.1250000000
46524  -4.963  -48.191  32.404 0.1250000000
47540  -3.545  -47.307  36.433 0.1250000000
47561  -3.835  -47.332  34.475 0.1250000000
48599  -3.692  -46.546  36.890 0.1250000000
49646  -4.359  -46.293  35.633 0.1250000000
49608  -4.367  -46.162  37.796 0.1250000000
54827  -16.935  -40.105  36.947 0.2500000000
51728  -15.841  -42.845  36.598 0.2500000000
70182  -33.338  -26.215  17.981 0.1250000000
70181  -32.778  -26.022  18.199 0.1250000000
71386  -34.248  -25.946  17.592 0.1250000000
71408  -36.391  -25.694  17.203 0.1250000000
71407  -35.075  -25.295  16.808 0.1250000000
71387  -35.642  -25.857  17.895 0.1250000000
71423  -35.461  -24.869  16.264 0.1250000000
69082  -33.741  -27.146  18.736 0.1250000000
43278  -3.837  -51.128  34.602 0.2500000000
48587  -3.859  -46.485  37.711 0.1250000000
44315  -4.444  -49.509  33.436 0.1250000000
45382  -3.923  -48.890  33.778 0.1250000000
46516  -4.912  -48.107  33.085 0.1250000000
47551  -3.710  -47.309  35.443 0.1250000000
48608  -3.826  -46.625  35.963 0.1250000000
50631  -4.380  -45.828  37.380 0.1250000000
41043  -6.113  -53.124  37.218 0.1250000000
42145  -5.109  -52.457  37.979 0.1250000000
41042  -5.520  -52.770  37.619 0.1250000000
42159  -5.933  -52.447  36.583 0.1250000000
42158  -5.488  -52.056  37.079 0.1250000000
42172  -5.861  -51.852  36.420 0.1250000000
43257  -6.182  -51.339  36.001 0.1250000000
44301  -7.347  -51.133  34.313 0.1250000000
43246  -5.333  -51.016  36.912 0.1250000000
43267  -6.569  -51.533  35.466 0.1250000000
44302  -7.738  -51.444  34.009 0.1250000000
43281  -8.012  -52.044  33.918 0.1250000000
44317  -8.097  -51.147  33.494 0.1250000000
43293  -8.606  -52.007  33.415 0.1250000000
53940  -28.437  -41.690  22.751 0.1250000000
55019  -28.373  -40.658  21.327 0.1250000000
56990  -16.467  -38.284  38.300 0.1250000000
55042  -28.759  -40.276  20.768 0.1250000000
62634  -30.004  -34.135  20.345 0.1250000000
56981  -16.730  -38.967  38.540 0.1250000000
54799  -16.736  -40.539  38.468 0.1250000000
53785  -16.392  -41.311  39.141 0.1250000000
55868  -16.941  -39.615  38.028 0.1250000000
51717  -15.797  -42.959  38.154 0.1250000000
52772  -16.277  -41.503  38.147 0.1250000000
54814  -16.930  -40.173  37.467 0.1250000000
50635  -15.678  -43.455  37.585 0.1250000000
53789  -16.518  -41.188  37.882 0.1250000000
51722  -15.951  -42.818  37.107 0.1250000000
51723  -16.153  -42.387  36.814 0.1250000000
78183  -45.958  -19.192  11.591 0.1250000000
79289  -46.211  -18.634  10.970 0.1250000000
81336  -52.039  -16.134  16.537 0.1250000000
81342  -52.205  -15.786  15.813 0.1250000000
81355  -51.132  -16.065  14.689 0.1250000000
81356  -51.711  -15.781  15.005 0.1250000000
81343  -53.099  -15.426  15.895 0.1250000000
82392  -53.004  -15.135  15.393 0.1250000000
82398  -52.549  -15.032  14.824 0.1250000000
82399  -53.229  -14.835  15.103 0.1250000000
82421  -52.749  -14.658  14.522 0.1250000000
84688  -50.166  -13.319  7.177 0.1250000000
87102  -53.866  -11.672  4.438 0.1250000000
88202  -54.187  -10.536  4.432 0.1250000000
91265  -55.876  -6.210  10.711 0.1250000000
92259  -56.516  -5.775  10.722 0.1250000000
93327  -56.532  -5.375  9.928 0.1250000000
93352  -57.291  -5.116  8.282 0.1250000000
93341  -56.880  -5.073  9.291 0.1250000000
94466  -57.615  -4.369  8.633 0.1250000000
94476  -57.946  -4.477  7.531 0.1250000000
94477  -58.176  -4.059  6.905 0.1250000000
95704  -58.310  -3.604  6.452 0.1250000000
95695  -57.838  -3.491  7.987 0.1250000000
94450  -57.330  -4.157  10.321 0.1250000000
94488  -58.223  -4.541  6.463 0.1250000000
84696  -50.593  -13.070  6.709 0.1250000000
84697  -51.148  -13.116  6.496 0.1250000000
81378  -51.997  -15.375  14.631 0.1250000000
56199  -29.053  -39.766  20.357 0.1250000000
42144  -4.699  -52.386  38.247 0.1250000000
53791  -16.692  -41.176  37.215 0.1250000000
88203  -54.928  -10.464  3.822 0.1250000000
53963  -27.999  -41.153  21.852 0.1250000000
60092  -33.357  -35.016  41.433 0.1250000000
91275  -55.443  -6.310  9.145 0.1250000000
91270  -55.523  -6.089  9.740 0.1250000000
52776  -16.029  -42.300  37.582 0.1250000000
54800  -16.631  -40.902  38.109 0.1250000000
52771  -15.974  -41.920  38.528 0.1250000000
78184  -47.012  -19.289  11.406 0.1250000000
92269  -56.178  -5.705  9.671 0.1250000000
93340  -56.491  -5.433  9.526 0.1250000000
43256  -5.730  -51.174  36.493 0.1250000000
44316  -7.711  -50.958  33.926 0.2500000000
45401  -4.583  -48.717  33.343 0.1250000000
45402  -7.557  -50.701  34.064 0.2500000000
45439  -5.052  -48.685  32.346 0.1250000000
46432  -12.184  -47.136  37.752 0.5000000000
46508  -4.181  -47.820  33.458 0.1250000000
46517  -4.412  -47.845  33.428 0.1250000000
47476  -7.581  -47.113  41.021 0.1250000000
47492  -6.036  -47.147  40.031 0.1250000000
47572  -4.258  -47.712  33.456 0.1250000000
47585  -4.417  -47.622  33.342 0.1250000000
47634  -13.694  -47.054  28.688 0.2500000000
48536  -6.467  -46.266  39.890 0.1250000000
48566  -5.270  -46.586  38.953 0.2500000000
48575  -4.484  -46.558  38.156 0.1250000000
48576  -4.972  -46.553  38.359 0.2500000000
48617  -4.069  -46.718  35.002 0.1250000000
49621  -3.894  -45.924  37.258 0.1250000000
49632  -3.974  -45.997  36.439 0.1250000000
49662  -14.954  -43.346  34.055 0.6250000000
50649  -4.306  -45.643  36.874 0.1250000000
50652  -15.523  -43.649  37.224 0.1250000000
50653  -15.646  -43.284  36.752 0.3750000000
50751  -18.312  -41.298  30.831 1.0000000000
50774  -18.350  -41.192  30.612 1.0000000000
51736  -16.510  -41.844  34.896 0.3750000000
51750  -17.868  -41.356  33.050 0.7500000000
51841  -14.600  -43.135  29.949 0.6250000000
51847  -20.341  -40.322  29.478 1.0000000000
51848  -21.007  -40.499  29.397 1.0000000000
52777  -16.286  -41.666  37.712 0.1250000000
52781  -16.143  -42.389  37.092 0.1250000000
52782  -16.412  -41.896  36.854 0.1250000000
52791  -17.506  -41.307  34.275 0.5000000000
52805  -20.940  -40.295  31.601 0.8750000000
52827  -21.957  -40.350  30.428 1.0000000000
52838  -21.442  -40.554  29.615 1.0000000000
52839  -21.986  -40.481  29.824 1.0000000000
52854  -21.538  -40.412  29.164 1.0000000000
52867  -19.359  -40.359  28.860 0.8750000000
52868  -19.708  -40.204  28.804 0.8750000000
52882  -17.003  -42.856  27.936 0.7500000000
52963  -25.037  -42.715  23.623 0.1250000000
53786  -16.430  -41.232  38.400 0.1250000000
53817  -22.094  -39.775  31.173 1.0000000000
53871  -22.258  -39.071  29.122 1.0000000000
54760  -29.837  -38.914  40.515 0.1250000000
54773  -28.520  -39.707  40.734 0.2500000000
54775  -30.057  -39.157  40.372 0.2500000000
54776  -30.473  -38.969  40.083 0.1250000000
54786  -24.980  -39.695  39.592 0.1250000000
54815  -16.754  -40.711  37.652 0.1250000000
54820  -28.819  -39.889  39.211 0.2500000000
54828  -16.953  -40.472  36.770 0.2500000000
54830  -27.658  -39.547  38.124 0.2500000000
54846  -17.733  -40.529  34.263 0.5000000000
54892  -24.817  -38.132  29.900 0.8750000000
54903  -25.480  -38.134  29.442 0.8750000000
54919  -25.857  -38.392  29.126 0.8750000000
55018  -25.279  -40.856  21.746 0.1250000000
55054  -27.627  -39.906  20.500 0.2500000000
55797  -26.575  -38.749  42.238 0.1250000000
55812  -29.658  -38.617  40.579 0.1250000000
55853  -23.263  -38.583  40.014 0.1250000000
55858  -29.773  -39.545  39.285 0.2500000000
55940  -18.542  -39.410  33.271 0.6250000000
55956  -18.866  -38.527  33.336 0.7500000000
55957  -19.119  -38.921  32.964 0.6250000000
55982  -21.239  -38.292  32.302 0.5000000000
56078  -28.663  -36.872  29.454 0.8750000000
56091  -19.784  -39.631  27.444 1.0000000000
56116  -23.738  -38.023  26.742 1.0000000000
56136  -20.763  -39.103  24.918 0.8750000000
56137  -25.153  -37.995  26.262 1.0000000000
56141  -27.793  -37.871  26.637 1.0000000000
56157  -26.291  -38.428  25.198 1.0000000000
56180  -24.164  -39.445  22.067 0.6250000000
56212  -28.417  -39.475  20.231 0.2500000000
56213  -29.404  -39.231  20.165 0.2500000000
56955  -22.532  -38.022  41.173 0.1250000000
56962  -32.251  -37.795  40.252 0.1250000000
56966  -22.551  -37.995  40.832 0.1250000000
56967  -22.949  -38.327  40.493 0.1250000000
56968  -23.221  -38.569  40.571 0.1250000000
56995  -31.893  -37.703  38.309 0.1250000000
57051  -20.658  -38.435  32.460 0.6250000000
57057  -27.181  -38.051  33.366 0.6250000000
57076  -21.101  -37.983  32.423 0.5000000000
57077  -21.664  -37.735  32.351 0.5000000000
57111  -29.696  -36.636  31.343 0.8750000000
57126  -28.248  -37.147  28.900 1.0000000000
57140  -28.440  -36.866  28.022 1.0000000000
57157  -28.559  -37.011  27.286 1.0000000000
57177  -28.525  -37.100  26.941 1.0000000000
57194  -27.772  -37.370  26.312 1.0000000000
57204  -22.338  -38.974  23.728 0.6250000000
57989  -22.449  -37.938  41.695 0.1250000000
57998  -33.190  -36.679  40.029 0.2500000000
58007  -33.120  -36.798  39.666 0.2500000000
58023  -32.586  -36.862  38.429 0.3750000000
58041  -17.910  -37.221  34.659 0.5000000000
58044  -31.717  -36.610  36.132 0.7500000000
58054  -19.765  -36.768  33.975 0.5000000000
58058  -22.846  -36.749  33.853 0.5000000000
58059  -24.884  -37.096  33.335 0.5000000000
58073  -18.980  -37.624  33.821 0.7500000000
58080  -25.129  -37.260  32.868 0.5000000000
58095  -21.148  -37.304  32.794 0.5000000000
58096  -21.573  -37.347  32.611 0.5000000000
58097  -24.782  -37.219  32.427 0.5000000000
58099  -30.146  -36.834  33.050 0.8750000000
58118  -29.771  -36.403  31.174 1.0000000000
58143  -28.723  -36.442  28.485 1.0000000000
58150  -28.625  -36.616  27.687 1.0000000000
58151  -28.771  -36.333  27.930 1.0000000000
58158  -28.184  -36.828  26.656 1.0000000000
58165  -27.514  -37.370  24.364 1.0000000000
58190  -26.522  -37.979  22.294 0.7500000000
59031  -16.380  -36.757  37.299 0.2500000000
59098  -30.047  -35.996  31.011 1.0000000000
59106  -30.116  -35.794  30.398 1.0000000000
59123  -29.016  -36.010  27.879 1.0000000000
59134  -28.889  -36.200  27.771 1.0000000000
59153  -27.487  -36.355  26.065 1.0000000000
59191  -30.376  -36.564  21.087 0.1250000000
59204  -29.460  -36.427  20.326 0.1250000000
59205  -29.953  -36.523  20.671 0.1250000000
60144  -20.072  -35.689  39.167 0.1250000000
60170  -17.420  -36.002  35.730 0.3750000000
60222  -30.119  -35.327  31.397 1.0000000000
60255  -29.018  -35.657  27.964 1.0000000000
60256  -29.083  -35.801  28.572 1.0000000000
60270  -28.877  -35.827  27.473 1.0000000000
60349  -30.314  -35.781  21.437 0.1250000000
61318  -33.305  -34.396  37.662 0.6250000000
61329  -33.221  -34.124  36.694 0.7500000000
61380  -30.043  -34.578  32.262 1.0000000000
61381  -30.294  -34.756  32.652 1.0000000000
61410  -29.267  -34.186  29.968 1.0000000000
61425  -28.715  -34.144  29.381 1.0000000000
61427  -29.126  -35.288  29.227 1.0000000000
61441  -28.018  -34.017  28.304 1.0000000000
61461  -28.083  -34.722  27.804 1.0000000000
61473  -27.565  -35.060  26.267 1.0000000000
61475  -28.546  -35.624  27.258 1.0000000000
61487  -27.234  -34.900  25.631 1.0000000000
61529  -26.460  -34.079  21.098 0.6250000000
61530  -26.603  -34.884  21.457 0.6250000000
62409  -34.516  -33.270  40.284 0.2500000000
62449  -34.184  -33.115  38.649 0.3750000000
62525  -29.378  -33.351  31.483 1.0000000000
62544  -28.744  -33.616  29.706 1.0000000000
62545  -29.141  -33.697  30.152 1.0000000000
62562  -28.078  -33.667  28.180 1.0000000000
62563  -28.084  -33.837  28.605 1.0000000000
62572  -27.510  -33.386  26.626 1.0000000000
62574  -27.686  -34.639  27.334 1.0000000000
62597  -26.841  -34.348  25.240 0.8750000000
62631  -26.197  -33.468  21.724 0.6250000000
62648  -26.584  -33.387  20.930 0.6250000000
62649  -27.070  -33.464  20.547 0.7500000000
62686  -32.732  -33.269  18.939 0.1250000000
63654  -29.151  -32.039  31.072 1.0000000000
63668  -28.506  -32.609  29.803 1.0000000000
63670  -36.059  -30.567  28.571 1.0000000000
63683  -36.600  -30.936  28.302 1.0000000000
63684  -36.970  -31.012  28.124 1.0000000000
63698  -36.559  -31.190  27.600 1.0000000000
63707  -33.608  -31.507  26.304 1.0000000000
63719  -34.791  -32.097  25.512 0.8750000000
63728  -26.744  -32.661  24.539 0.8750000000
63729  -34.180  -32.337  24.698 0.8750000000
63730  -34.752  -32.400  24.601 0.8750000000
63743  -35.485  -32.107  24.335 0.8750000000
63757  -26.079  -32.908  22.847 0.7500000000
63771  -26.600  -32.619  21.264 0.7500000000
63772  -27.028  -32.113  21.077 0.6250000000
63774  -34.781  -32.200  21.085 0.6250000000
63809  -29.555  -32.001  19.520 0.5000000000
63810  -29.771  -32.178  19.454 0.5000000000
63812  -32.668  -32.652  19.072 0.1250000000
63842  -37.905  -31.960  18.545 0.1250000000
64672  -31.763  -30.259  41.781 0.1250000000
64684  -31.913  -30.667  41.980 0.1250000000
64764  -33.117  -31.904  36.615 0.8750000000
64820  -35.456  -29.818  31.770 1.0000000000
64821  -35.710  -29.906  31.726 1.0000000000
64835  -34.681  -29.259  31.062 1.0000000000
64855  -37.180  -30.226  29.934 1.0000000000
64868  -36.428  -30.298  29.234 1.0000000000
64869  -36.943  -30.562  29.324 1.0000000000
64876  -27.935  -31.725  28.044 1.0000000000
64877  -28.263  -31.580  28.442 1.0000000000
64882  -34.775  -31.145  28.512 1.0000000000
64883  -36.730  -30.641  28.804 1.0000000000
64886  -38.499  -30.599  28.203 1.0000000000
64895  -28.105  -31.042  27.875 1.0000000000
64899  -36.891  -30.994  27.455 1.0000000000
64900  -37.241  -30.992  27.715 1.0000000000
64901  -38.137  -30.914  27.523 1.0000000000
64907  -27.692  -31.593  26.772 1.0000000000
64911  -33.607  -31.539  26.053 1.0000000000
64912  -36.839  -30.947  26.987 1.0000000000
64915  -38.433  -30.316  27.019 1.0000000000
64942  -36.699  -30.453  25.921 1.0000000000
64959  -36.700  -30.560  25.274 1.0000000000
64972  -26.459  -31.893  21.912 0.7500000000
64974  -31.740  -30.716  22.075 0.7500000000
65014  -29.697  -31.504  19.695 0.5000000000
65034  -30.026  -31.906  19.338 0.5000000000
65037  -33.256  -31.890  19.766 0.7500000000
65798  -31.717  -30.038  41.730 0.1250000000
65799  -31.740  -29.795  41.826 0.1250000000
65807  -31.560  -29.940  41.578 0.1250000000
65817  -32.736  -30.413  42.309 0.1250000000
65895  -38.846  -28.691  34.521 0.2500000000
65942  -30.306  -30.314  32.188 1.0000000000
65980  -38.111  -29.654  29.536 1.0000000000
66009  -38.836  -30.180  28.041 1.0000000000
66010  -38.957  -29.680  28.308 1.0000000000
66018  -27.940  -30.985  27.565 1.0000000000
66019  -28.199  -30.683  27.485 1.0000000000
66023  -38.832  -29.843  27.600 1.0000000000
66035  -38.204  -30.234  26.776 1.0000000000
66046  -37.872  -30.146  26.656 1.0000000000
66058  -37.144  -29.352  26.363 1.0000000000
66108  -31.974  -31.128  21.148 0.7500000000
66866  -31.267  -29.393  41.492 0.1250000000
66867  -31.311  -28.852  41.814 0.1250000000
66868  -32.959  -29.995  42.313 0.1250000000
66873  -31.013  -28.872  41.541 0.1250000000
66874  -33.085  -30.191  42.308 0.1250000000
66897  -37.728  -28.187  38.722 0.1250000000
66898  -38.170  -28.013  38.431 0.1250000000
66930  -34.418  -29.226  35.889 0.6250000000
66936  -39.398  -28.171  36.041 0.1250000000
66970  -33.390  -29.279  34.816 0.8750000000
66975  -39.335  -28.535  34.367 0.2500000000
66990  -33.588  -29.257  34.486 0.8750000000
67010  -35.170  -29.442  32.882 0.8750000000
67011  -39.041  -28.515  32.902 0.5000000000
67012  -39.030  -28.253  32.468 0.6250000000
67020  -31.427  -29.636  32.237 1.0000000000
67021  -31.757  -29.476  32.055 1.0000000000
67023  -38.794  -28.137  31.729 0.6250000000
67029  -38.737  -28.100  31.203 0.6250000000
67056  -38.796  -29.540  27.651 1.0000000000
67057  -38.798  -29.280  27.946 1.0000000000
67063  -38.549  -29.352  27.410 1.0000000000
67064  -38.552  -28.950  27.709 1.0000000000
67107  -36.385  -29.355  24.507 1.0000000000
67849  -33.881  -27.858  42.355 0.1250000000
67855  -33.904  -29.014  42.285 0.1250000000
67863  -30.867  -28.249  41.305 0.1250000000
67905  -38.396  -28.152  37.695 0.1250000000
67913  -38.928  -28.081  36.824 0.1250000000
67975  -39.046  -28.066  32.035 0.6250000000
67994  -38.776  -28.682  29.082 1.0000000000
68004  -38.403  -28.478  27.887 1.0000000000
68041  -37.267  -28.456  26.290 1.0000000000
68052  -36.133  -28.761  24.575 0.8750000000
68053  -36.351  -28.268  25.263 0.8750000000
68883  -38.868  -27.174  38.688 0.1250000000
68927  -39.551  -27.924  33.542 0.3750000000
68953  -38.967  -27.029  31.819 0.5000000000
68969  -39.033  -27.964  31.716 0.6250000000
68997  -38.523  -28.361  28.430 1.0000000000
69026  -37.461  -28.125  26.540 1.0000000000
69039  -35.499  -28.121  24.545 0.8750000000
69094  -34.966  -28.351  18.628 0.1250000000
69893  -32.958  -26.966  42.252 0.1250000000
69999  -38.864  -26.184  33.497 0.2500000000
70012  -39.215  -26.900  32.941 0.2500000000
70092  -37.541  -27.773  27.085 1.0000000000
70109  -36.606  -27.467  25.737 1.0000000000
70119  -35.783  -27.595  25.241 0.8750000000
71237  -35.465  -24.895  28.584 0.6250000000
71286  -36.078  -26.869  25.684 1.0000000000
71456  -37.404  -25.109  14.659 0.1250000000
72322  -39.013  -25.417  35.575 0.1250000000
72368  -37.805  -25.063  32.852 0.1250000000
72407  -36.207  -24.660  30.241 0.6250000000
72471  -33.593  -24.021  25.074 0.8750000000
72565  -32.024  -24.585  19.376 0.6250000000
72582  -31.999  -24.386  18.734 0.3750000000
73552  -35.640  -23.498  29.220 0.3750000000
73627  -33.711  -23.519  25.239 0.8750000000
73639  -33.579  -23.332  24.518 0.8750000000
73767  -39.991  -22.584  13.603 0.2500000000
74659  -36.926  -21.923  26.775 0.5000000000
74675  -34.498  -22.565  25.911 0.7500000000
74689  -36.376  -22.070  26.083 0.8750000000
74711  -34.828  -21.648  23.937 0.8750000000
74730  -33.905  -21.687  22.490 0.7500000000
74742  -43.281  -20.413  20.002 0.7500000000
74766  -43.612  -20.678  19.349 0.7500000000
75718  -36.926  -21.811  27.610 0.5000000000
75770  -36.272  -21.853  25.555 0.8750000000
75771  -36.587  -21.773  25.731 0.8750000000
75817  -33.506  -21.677  21.846 0.7500000000
75818  -33.821  -21.515  21.952 0.7500000000
75824  -42.098  -19.410  20.539 0.8750000000
75901  -43.284  -20.277  18.873 0.8750000000
75917  -42.583  -19.680  18.491 0.8750000000
75931  -38.518  -21.268  16.963 0.7500000000
75949  -37.770  -21.549  16.229 0.6250000000
76779  -39.459  -20.438  34.127 0.1250000000
76912  -44.808  -18.435  22.703 0.6250000000
76922  -41.660  -19.109  21.391 0.8750000000
76937  -41.537  -19.297  21.095 0.8750000000
76957  -41.747  -19.445  20.624 0.8750000000
76973  -40.212  -19.842  19.612 0.8750000000
77006  -44.259  -18.917  17.663 0.8750000000
77972  -44.367  -18.284  25.924 0.1250000000
78033  -44.198  -18.386  22.942 0.6250000000
78041  -41.322  -19.173  21.424 0.8750000000
78042  -43.116  -18.943  21.750 0.7500000000
78054  -46.398  -18.451  20.115 0.5000000000
79149  -42.935  -18.142  27.046 0.2500000000
80297  -43.227  -17.759  15.325 0.8750000000
81357  -52.370  -15.376  15.302 0.1250000000
82280  -47.867  -16.298  25.751 0.1250000000
82429  -43.839  -16.020  11.898 0.6250000000
82452  -51.686  -14.380  12.739 0.3750000000
83478  -51.835  -14.291  12.883 0.2500000000
83479  -52.217  -14.076  13.265 0.2500000000
83497  -51.727  -14.105  12.605 0.5000000000
83516  -46.141  -14.624  9.817 0.3750000000
84649  -45.809  -13.679  10.953 0.5000000000
84664  -45.750  -13.884  10.697 0.5000000000
85903  -50.238  -12.842  6.722 0.1250000000
88115  -54.837  -10.820  14.268 0.1250000000
89199  -51.043  -9.895  10.807 0.6250000000
92270  -56.515  -5.471  9.289 0.1250000000
92304  -58.892  -5.050  3.944 0.1250000000
93361  -58.982  -4.290  4.759 0.1250000000
93362  -59.026  -4.634  4.994 0.1250000000
93373  -58.842  -4.767  4.467 0.1250000000
93395  -59.099  -4.972  4.129 0.1250000000
94478  -59.233  -4.145  4.967 0.1250000000
94507  -58.607  -4.886  4.702 0.1250000000
94525  -58.444  -5.319  4.572 0.1250000000
