#!ascii label  , from subject sub-01 vox2ras=TkReg
2400
10774  -40.440  -83.173  -37.136 0.1000000015
9934  -39.891  -84.574  -37.284 0.1000000015
9180  -37.093  -85.344  -36.723 0.1000000015
9198  -38.809  -85.915  -37.625 0.1000000015
9197  -37.903  -86.154  -37.354 0.1000000015
8440  -38.555  -86.313  -38.545 0.1000000015
8427  -36.461  -87.002  -37.866 0.1000000015
7683  -36.804  -87.154  -39.254 0.1000000015
8465  -36.522  -86.663  -39.731 0.1000000015
7682  -35.756  -87.641  -39.219 0.1000000015
7698  -35.709  -87.186  -39.674 0.1000000015
8464  -35.634  -86.575  -40.165 0.1000000015
8463  -34.872  -86.566  -40.436 0.1000000015
7697  -34.836  -87.360  -39.973 0.1000000015
9231  -34.706  -85.892  -40.797 0.1000000015
10021  -33.679  -84.415  -42.701 0.1000000015
7696  -34.214  -87.222  -40.352 0.1000000015
9251  -33.294  -85.663  -40.993 0.1000000015
8461  -33.660  -86.385  -40.708 0.1000000015
12598  -38.660  -82.048  -37.386 0.1000000015
10773  -40.077  -83.720  -37.876 0.1000000015
11634  -39.539  -82.643  -37.741 0.1000000015
9945  -39.828  -84.791  -37.964 0.1000000015
11651  -38.353  -83.412  -38.662 0.1000000015
10789  -38.843  -84.403  -39.155 0.1000000015
9959  -39.533  -84.829  -38.763 0.1000000015
10788  -37.682  -83.991  -39.240 0.1000000015
8451  -37.722  -86.647  -39.093 0.1000000015
9972  -37.265  -85.265  -39.889 0.1000000015
9233  -36.292  -85.943  -40.309 0.1000000015
9232  -35.460  -85.666  -40.791 0.1000000015
13538  -34.182  -80.416  -44.034 0.1000000015
12674  -33.396  -81.385  -45.091 0.1000000015
12684  -33.889  -81.955  -45.357 0.1000000015
11717  -34.384  -82.583  -45.181 0.1000000015
10048  -33.940  -83.894  -44.114 0.1000000015
10034  -34.455  -84.127  -43.531 0.1000000015
10022  -34.524  -84.457  -42.593 0.1000000015
10008  -34.784  -84.796  -41.795 0.1000000015
10007  -33.975  -84.747  -41.738 0.1000000015
9252  -34.352  -85.348  -41.161 0.1000000015
13435  -38.129  -80.366  -35.721 0.1000000015
13452  -35.653  -80.930  -36.745 0.2000000030
13433  -36.060  -80.459  -35.912 0.2000000030
13454  -37.879  -80.990  -36.246 0.1000000015
12577  -35.937  -81.695  -37.139 0.1000000015
12579  -37.687  -81.639  -36.778 0.1000000015
12595  -35.638  -81.767  -37.721 0.1000000015
12596  -36.469  -82.173  -37.497 0.1000000015
19181  -36.290  -74.758  -37.471 0.1000000015
18117  -35.790  -75.425  -37.826 0.1000000015
11630  -35.611  -82.317  -38.420 0.1000000015
11649  -35.959  -83.019  -38.731 0.1000000015
18116  -34.901  -75.794  -37.808 0.1000000015
17076  -35.691  -76.238  -38.872 0.1000000015
17092  -36.096  -76.425  -39.571 0.1000000015
17123  -36.108  -77.116  -41.184 0.1000000015
16149  -36.461  -77.322  -41.958 0.1000000015
15241  -35.840  -77.879  -43.015 0.1000000015
10786  -35.700  -83.173  -39.358 0.1000000015
10802  -35.814  -83.654  -39.931 0.1000000015
9989  -36.061  -85.157  -40.652 0.1000000015
16130  -35.653  -77.213  -40.717 0.1000000015
16147  -35.116  -77.688  -41.544 0.1000000015
15222  -35.618  -77.602  -42.407 0.1000000015
15246  -35.347  -79.334  -43.552 0.1000000015
14404  -35.845  -79.864  -43.819 0.1000000015
13540  -36.535  -80.537  -43.634 0.1000000015
12661  -36.161  -81.654  -43.940 0.1000000015
10816  -35.806  -84.266  -40.603 0.1000000015
10009  -35.402  -84.647  -41.419 0.1000000015
15221  -34.959  -77.863  -42.080 0.1000000015
14403  -34.828  -79.837  -43.751 0.1000000015
13551  -34.897  -80.713  -44.395 0.1000000015
12677  -35.943  -81.245  -44.308 0.1000000015
10849  -35.153  -83.572  -43.458 0.1000000015
10035  -34.858  -84.153  -43.067 0.1000000015
12675  -34.405  -81.347  -45.011 0.1000000015
12685  -34.736  -81.888  -45.179 0.1000000015
11708  -35.150  -82.600  -44.661 0.1000000015
10848  -34.833  -83.804  -43.816 0.1000000015
10023  -35.092  -84.250  -42.504 0.1000000015
9253  -35.066  -85.279  -41.224 0.1000000015
14303  -35.564  -79.650  -35.900 0.1000000015
14305  -37.263  -79.904  -35.030 0.1000000015
14274  -36.809  -78.931  -33.848 0.2000000030
15111  -37.485  -78.510  -33.383 0.2000000030
14319  -35.402  -79.823  -37.006 0.1000000015
13471  -35.268  -80.784  -37.831 0.1000000015
20267  -36.003  -73.457  -35.802 0.1000000015
20293  -35.435  -73.975  -36.209 0.1000000015
12613  -35.295  -81.661  -38.606 0.1000000015
11648  -35.368  -82.484  -39.092 0.1000000015
12625  -35.277  -81.768  -39.770 0.1000000015
18134  -36.319  -75.581  -38.432 0.1000000015
17093  -36.767  -76.135  -39.817 0.1000000015
17110  -37.052  -76.315  -40.552 0.1000000015
11667  -35.344  -82.719  -39.894 0.1000000015
17134  -37.263  -77.150  -41.986 0.1000000015
14405  -36.533  -79.478  -43.488 0.1000000015
13524  -37.095  -80.285  -42.752 0.1000000015
11688  -36.453  -81.810  -42.521 0.1000000015
11687  -35.916  -82.494  -42.136 0.1000000015
11679  -35.446  -82.776  -40.879 0.1000000015
10840  -35.426  -83.543  -42.376 0.1000000015
17025  -37.564  -76.543  -36.171 0.1000000015
17023  -36.102  -76.864  -35.381 0.1000000015
16068  -36.878  -77.568  -36.908 0.1000000015
17036  -36.403  -77.103  -35.952 0.1000000015
16055  -35.584  -77.515  -35.315 0.1000000015
16042  -35.544  -77.598  -34.623 0.2000000030
16030  -35.674  -77.567  -33.999 0.2000000030
15143  -35.437  -78.453  -35.294 0.2000000030
15110  -36.325  -78.406  -33.644 0.2000000030
16032  -36.689  -77.934  -33.042 0.2000000030
15160  -35.704  -79.070  -37.238 0.1000000015
16077  -36.537  -78.044  -37.120 0.1000000015
14331  -36.435  -79.186  -38.319 0.1000000015
14340  -36.106  -80.189  -39.382 0.1000000015
20318  -37.518  -74.115  -37.397 0.1000000015
19183  -37.876  -74.317  -38.132 0.1000000015
19195  -38.542  -74.524  -38.795 0.1000000015
14330  -35.767  -79.701  -38.192 0.1000000015
13488  -35.937  -80.857  -40.118 0.1000000015
21368  -35.435  -72.769  -35.413 0.1000000015
21350  -35.800  -72.180  -34.811 0.1000000015
20317  -36.875  -74.363  -37.337 0.1000000015
19182  -37.136  -74.569  -37.854 0.1000000015
17111  -37.722  -76.075  -40.912 0.1000000015
18171  -38.735  -75.832  -41.375 0.1000000015
16160  -38.245  -77.436  -42.176 0.1000000015
15223  -38.902  -78.304  -41.504 0.1000000015
13508  -37.379  -80.263  -41.703 0.1000000015
14363  -37.210  -80.088  -40.770 0.1000000015
12633  -35.631  -81.659  -40.812 0.1000000015
23468  -35.464  -70.689  -35.291 0.1000000015
16159  -37.426  -77.519  -42.346 0.1000000015
14395  -37.760  -79.360  -42.126 0.1000000015
12652  -37.024  -80.814  -42.246 0.1000000015
13507  -36.920  -80.739  -41.691 0.1000000015
12642  -35.769  -82.029  -41.517 0.1000000015
24503  -35.660  -69.888  -35.726 0.1000000015
23487  -35.722  -70.018  -36.704 0.1000000015
24520  -36.373  -69.328  -36.521 0.1000000015
18119  -39.785  -76.385  -37.449 0.1000000015
17038  -37.792  -76.809  -36.719 0.1000000015
17057  -40.242  -76.682  -37.974 0.1000000015
17056  -39.164  -76.866  -37.654 0.1000000015
18090  -37.924  -76.075  -35.546 0.1000000015
17008  -36.049  -76.494  -34.670 0.1000000015
16995  -35.863  -76.726  -33.907 0.2000000030
17077  -39.857  -77.145  -38.410 0.1000000015
16079  -38.406  -77.583  -37.992 0.1000000015
16078  -37.344  -77.834  -37.575 0.1000000015
16031  -36.072  -77.500  -33.373 0.2000000030
17078  -40.779  -77.061  -38.905 0.1000000015
16080  -39.192  -77.452  -38.395 0.1000000015
23426  -36.795  -70.448  -33.433 0.1000000015
22386  -36.265  -71.415  -34.107 0.1000000015
21351  -36.910  -72.336  -34.632 0.1000000015
20268  -37.024  -73.348  -35.987 0.1000000015
20269  -37.605  -73.203  -36.111 0.1000000015
20296  -38.515  -73.407  -37.031 0.1000000015
17095  -41.524  -76.967  -39.600 0.1000000015
16113  -40.625  -77.644  -39.972 0.1000000015
16093  -37.879  -78.138  -38.304 0.1000000015
15170  -36.909  -78.912  -38.432 0.1000000015
21369  -36.458  -72.885  -35.292 0.1000000015
19202  -38.897  -74.920  -39.756 0.1000000015
19218  -39.426  -75.087  -40.417 0.1000000015
18160  -39.470  -75.419  -41.039 0.1000000015
15200  -38.539  -78.808  -40.626 0.1000000015
15183  -38.183  -78.816  -40.031 0.1000000015
24462  -36.626  -69.490  -33.445 0.1000000015
18145  -38.219  -75.316  -39.907 0.1000000015
18159  -38.687  -75.438  -40.599 0.1000000015
18172  -39.529  -75.957  -41.558 0.1000000015
15245  -39.222  -77.766  -41.662 0.1000000015
15201  -39.114  -78.483  -40.879 0.1000000015
14364  -37.821  -79.537  -40.812 0.1000000015
14351  -36.871  -80.026  -40.103 0.1000000015
23446  -36.139  -70.346  -33.971 0.1000000015
24480  -35.796  -70.054  -34.848 0.1000000015
24481  -36.212  -69.480  -34.432 0.1000000015
24504  -36.090  -69.366  -35.321 0.1000000015
25559  -36.528  -68.799  -35.553 0.1000000015
25560  -37.201  -68.308  -36.098 0.1000000015
25571  -37.592  -68.460  -36.916 0.1000000015
18103  -38.204  -76.412  -36.410 0.1000000015
17079  -41.803  -76.448  -38.659 0.1000000015
17058  -41.117  -76.415  -38.114 0.1000000015
18104  -39.218  -76.081  -36.675 0.1000000015
18075  -36.884  -75.877  -34.611 0.1000000015
17096  -42.141  -76.267  -39.190 0.1000000015
18138  -42.969  -75.005  -39.004 0.1000000015
18091  -39.220  -75.284  -35.407 0.1000000015
18074  -36.192  -76.133  -34.194 0.1000000015
19222  -41.925  -75.333  -39.879 0.1000000015
17114  -41.865  -76.300  -39.806 0.1000000015
18063  -36.410  -75.761  -33.560 0.2000000030
22374  -37.013  -71.145  -33.575 0.1000000015
21370  -37.669  -72.818  -35.595 0.1000000015
21393  -38.604  -72.990  -36.493 0.1000000015
19221  -41.481  -75.287  -40.174 0.1000000015
16132  -40.704  -77.437  -40.471 0.1000000015
19105  -36.824  -75.176  -33.411 0.1000000015
19087  -36.686  -75.086  -32.755 0.2000000030
22387  -37.391  -71.729  -34.081 0.1000000015
20319  -38.774  -73.780  -37.840 0.1000000015
20334  -39.973  -74.108  -38.979 0.1000000015
19219  -40.088  -75.046  -40.597 0.1000000015
18173  -40.297  -76.212  -41.470 0.1000000015
16151  -40.297  -77.375  -41.134 0.1000000015
25523  -36.779  -68.240  -34.024 0.1000000015
25544  -36.394  -68.919  -34.884 0.1000000015
25545  -36.796  -68.232  -34.898 0.1000000015
26619  -37.476  -67.511  -35.293 0.1000000015
26632  -37.894  -67.593  -36.047 0.1000000015
25561  -38.027  -67.953  -36.692 0.1000000015
19207  -43.046  -74.302  -39.261 0.1000000015
18123  -43.199  -74.784  -38.622 0.1000000015
18122  -42.853  -75.102  -38.372 0.1000000015
20337  -43.021  -73.222  -39.135 0.1000000015
18136  -42.153  -76.023  -38.479 0.1000000015
18121  -41.945  -75.583  -37.654 0.1000000015
18105  -40.492  -75.282  -36.418 0.1000000015
18147  -42.669  -74.882  -39.379 0.1000000015
18106  -41.423  -75.014  -36.768 0.1000000015
18076  -38.113  -75.309  -34.455 0.1000000015
20346  -40.895  -74.251  -39.525 0.1000000015
19206  -42.170  -74.718  -39.636 0.1000000015
18092  -39.980  -75.033  -35.631 0.1000000015
24463  -37.198  -70.050  -33.078 0.1000000015
23427  -37.553  -70.677  -33.275 0.1000000015
23428  -38.631  -70.853  -33.453 0.1000000015
21352  -37.967  -72.151  -34.786 0.1000000015
21371  -38.831  -72.252  -35.512 0.1000000015
21412  -39.428  -73.077  -37.306 0.1000000015
20320  -40.093  -73.374  -38.145 0.1000000015
20321  -40.734  -73.142  -38.202 0.1000000015
19205  -41.308  -74.710  -39.909 0.1000000015
18077  -38.844  -75.016  -34.701 0.1000000015
18064  -37.151  -75.253  -33.907 0.1000000015
24445  -36.833  -69.268  -33.023 0.1000000015
21411  -38.831  -73.305  -37.163 0.1000000015
20333  -39.155  -74.212  -38.721 0.1000000015
19220  -40.817  -75.169  -40.547 0.1000000015
19088  -37.507  -74.381  -32.556 0.1000000015
25505  -36.850  -68.109  -33.299 0.1000000015
26581  -37.318  -67.372  -32.973 0.1000000015
26601  -37.261  -67.425  -34.110 0.1000000015
27759  -38.000  -66.383  -33.955 0.1000000015
28914  -39.076  -65.311  -34.450 0.1000000015
27770  -38.302  -66.430  -34.903 0.1000000015
28923  -39.779  -65.321  -35.340 0.1000000015
21429  -43.446  -72.581  -38.763 0.1000000015
20338  -43.659  -73.505  -38.813 0.1000000015
19186  -43.336  -74.578  -38.252 0.1000000015
22461  -43.073  -72.128  -38.519 0.1000000015
19185  -42.872  -74.803  -37.774 0.1000000015
21428  -42.632  -72.609  -38.648 0.1000000015
22447  -42.514  -71.901  -37.836 0.1000000015
19184  -42.457  -74.802  -37.359 0.1000000015
20335  -41.110  -73.484  -38.809 0.1000000015
21427  -41.836  -72.877  -38.481 0.1000000015
19162  -42.023  -74.531  -36.670 0.1000000015
25488  -37.934  -68.559  -31.759 0.1000000015
21353  -38.527  -71.937  -34.865 0.1000000015
21413  -40.533  -72.802  -37.600 0.1000000015
21396  -41.521  -72.240  -37.191 0.1000000015
19141  -40.419  -74.687  -35.433 0.1000000015
19125  -38.667  -74.899  -34.342 0.1000000015
25487  -37.319  -68.385  -32.327 0.1000000015
24447  -38.305  -69.212  -32.058 0.1000000015
23409  -38.974  -70.085  -32.642 0.1000000015
23447  -38.930  -71.211  -34.103 0.1000000015
22389  -39.194  -71.422  -34.580 0.1000000015
21394  -39.806  -72.404  -36.503 0.1000000015
19126  -39.402  -74.663  -34.569 0.1000000015
27719  -37.717  -66.806  -32.444 0.1000000015
28886  -38.336  -65.451  -32.319 0.1000000015
30103  -38.610  -64.800  -32.649 0.1000000015
28897  -38.602  -65.403  -33.413 0.1000000015
28898  -39.068  -64.887  -33.778 0.1000000015
30118  -39.465  -64.390  -34.095 0.1000000015
22409  -42.527  -70.809  -35.803 0.1000000015
22429  -42.799  -71.166  -36.670 0.1000000015
22448  -43.399  -71.208  -37.603 0.1000000015
20339  -44.339  -73.270  -38.286 0.1000000015
22408  -41.861  -71.190  -35.790 0.1000000015
20322  -43.974  -73.967  -38.092 0.1000000015
22390  -39.890  -71.290  -34.774 0.1000000015
22407  -40.684  -71.483  -35.512 0.1000000015
22446  -41.841  -72.150  -37.368 0.1000000015
19163  -42.904  -74.298  -37.154 0.1000000015
25464  -37.821  -67.948  -31.610 0.1000000015
25465  -38.626  -68.426  -31.493 0.1000000015
22406  -39.577  -71.739  -35.284 0.1000000015
22426  -40.044  -71.946  -35.876 0.1000000015
20297  -42.056  -73.949  -36.031 0.1000000015
27694  -37.865  -66.919  -31.706 0.1000000015
19108  -39.446  -74.090  -33.261 0.1000000015
27720  -38.045  -66.213  -31.968 0.1000000015
30088  -38.474  -64.594  -31.821 0.1000000015
31240  -38.650  -63.870  -31.971 0.1000000015
31241  -38.904  -63.408  -32.560 0.1000000015
30104  -38.938  -64.338  -33.256 0.1000000015
33386  -39.631  -61.518  -31.980 0.1000000015
33406  -40.056  -61.745  -32.696 0.1000000015
31254  -39.601  -63.405  -33.652 0.1000000015
22462  -43.694  -71.707  -38.351 0.1000000015
21430  -44.335  -72.514  -38.431 0.1000000015
21431  -44.807  -71.969  -38.245 0.1000000015
21417  -45.148  -72.478  -37.836 0.1000000015
26537  -39.449  -67.622  -31.027 0.1000000015
24464  -39.979  -69.795  -32.712 0.1000000015
24465  -40.587  -69.710  -33.058 0.1000000015
23469  -41.329  -70.891  -35.059 0.1000000015
27695  -38.185  -66.418  -31.298 0.1000000015
27674  -38.666  -66.200  -30.581 0.1000000015
26512  -39.129  -66.946  -30.642 0.1000000015
24431  -38.967  -68.946  -31.774 0.1000000015
24448  -39.495  -69.391  -32.245 0.1000000015
23448  -39.506  -71.011  -34.090 0.1000000015
20298  -42.705  -73.802  -36.324 0.1000000015
30067  -38.474  -64.563  -30.866 0.1000000015
31217  -38.592  -63.831  -31.250 0.1000000015
32254  -38.804  -62.736  -30.742 0.1000000015
32275  -38.689  -63.158  -31.239 0.1000000015
33366  -39.108  -61.678  -30.762 0.1000000015
32276  -38.991  -62.583  -31.702 0.1000000015
35448  -39.667  -59.984  -30.669 0.1000000015
35468  -40.419  -59.702  -31.691 0.1000000015
23451  -42.426  -70.181  -34.679 0.1000000015
23489  -43.673  -70.546  -36.570 0.1000000015
23508  -43.938  -70.747  -37.384 0.1000000015
23525  -44.320  -71.248  -38.225 0.1000000015
23490  -44.533  -70.244  -36.921 0.1000000015
24482  -42.044  -69.831  -34.047 0.1000000015
23449  -40.516  -70.763  -34.427 0.1000000015
30018  -38.770  -64.383  -29.937 0.1000000015
28822  -39.033  -64.894  -29.731 0.1000000015
31191  -38.834  -63.251  -30.293 0.1000000015
33345  -39.505  -61.387  -29.615 0.1000000015
35449  -40.050  -59.343  -31.045 0.1000000015
36553  -40.601  -59.052  -31.458 0.1000000015
23488  -43.083  -70.611  -36.012 0.1000000015
23473  -44.210  -70.037  -36.154 0.1000000015
23431  -41.483  -69.904  -33.916 0.1000000015
28847  -39.288  -65.612  -29.959 0.1000000015
26513  -39.779  -66.994  -30.673 0.1000000015
25466  -39.817  -68.514  -31.741 0.1000000015
25489  -40.043  -69.007  -32.197 0.1000000015
23430  -40.888  -70.042  -33.784 0.1000000015
31170  -38.988  -63.670  -29.830 0.1000000015
32231  -39.210  -62.591  -29.831 0.1000000015
35430  -39.671  -60.098  -30.095 0.1000000015
36538  -40.514  -58.423  -30.776 0.1000000015
37658  -40.781  -57.487  -30.923 0.1000000015
24483  -42.871  -69.632  -34.337 0.1000000015
25468  -41.428  -67.949  -32.121 0.1000000015
25506  -42.132  -69.061  -33.200 0.1000000015
24467  -42.411  -69.312  -33.701 0.1000000015
28823  -39.823  -65.044  -29.525 0.1000000015
28848  -40.248  -65.816  -29.874 0.1000000015
26514  -40.077  -67.222  -30.896 0.1000000015
26538  -40.444  -67.543  -31.311 0.1000000015
25467  -40.880  -68.120  -31.977 0.1000000015
30019  -39.434  -64.287  -29.540 0.1000000015
35431  -40.045  -59.443  -29.951 0.1000000015
36524  -40.516  -58.382  -29.602 0.1000000015
38757  -40.550  -56.650  -29.735 0.1000000015
37657  -40.621  -57.519  -30.141 0.1000000015
26563  -41.832  -67.764  -32.086 0.1000000015
27676  -40.663  -66.658  -30.667 0.1000000015
27697  -41.599  -66.864  -31.183 0.1000000015
32232  -40.352  -62.197  -28.897 0.1000000015
33346  -40.122  -60.945  -28.902 0.1000000015
34387  -39.804  -60.415  -29.616 0.1000000015
37639  -40.555  -57.450  -29.231 0.1000000015
38741  -40.589  -56.600  -28.898 0.1000000015
30020  -40.389  -64.313  -29.358 0.1000000015
33319  -40.783  -60.503  -28.553 0.1000000015
34388  -40.344  -60.051  -29.094 0.1000000015
35412  -40.511  -59.185  -28.982 0.1000000015
37620  -40.735  -57.300  -28.556 0.1000000015
38742  -40.953  -56.660  -28.212 0.1000000015
37621  -41.057  -57.553  -27.988 0.1000000015
32209  -40.771  -61.254  -28.529 0.1000000015
35413  -41.053  -59.208  -28.317 0.1000000015
36510  -41.276  -58.475  -27.856 0.1000000015
9181  -38.436  -85.441  -36.936 0.1000000015
8430  -38.923  -86.116  -38.101 0.1000000015
8428  -37.471  -86.847  -37.755 0.1000000015
9974  -38.894  -85.057  -39.289 0.1000000015
7668  -37.362  -87.080  -38.749 0.1000000015
7667  -36.669  -87.319  -38.610 0.1000000015
9234  -37.012  -86.023  -39.916 0.1000000015
11633  -38.507  -82.656  -38.000 0.1000000015
12597  -37.534  -82.162  -37.429 0.1000000015
10790  -39.358  -83.906  -38.648 0.1000000015
11650  -36.996  -83.307  -38.620 0.1000000015
9973  -37.895  -85.321  -39.652 0.1000000015
10803  -36.922  -84.635  -39.795 0.1000000015
10817  -36.427  -84.888  -40.351 0.1000000015
13550  -33.875  -80.844  -44.573 0.1000000015
10874  -32.699  -83.405  -45.447 0.1000000015
10876  -34.249  -83.142  -44.831 0.1000000015
10859  -33.135  -83.610  -44.946 0.1000000015
13434  -36.978  -80.461  -35.726 0.1000000015
12578  -36.567  -81.697  -36.885 0.1000000015
14304  -36.173  -79.886  -35.247 0.2000000030
11631  -36.277  -82.573  -38.141 0.1000000015
20294  -36.587  -74.040  -36.662 0.1000000015
18143  -36.692  -75.828  -39.264 0.1000000015
15248  -36.607  -78.579  -43.322 0.1000000015
15240  -34.775  -78.766  -43.051 0.1000000015
13539  -36.061  -80.365  -43.961 0.1000000015
13552  -35.844  -80.744  -44.228 0.1000000015
13541  -36.912  -79.887  -43.263 0.1000000015
12651  -36.812  -81.242  -42.944 0.1000000015
10862  -35.186  -83.078  -44.122 0.1000000015
11699  -35.961  -82.236  -43.533 0.1000000015
10828  -35.470  -83.559  -41.512 0.1000000015
11695  -35.690  -82.709  -43.095 0.1000000015
15152  -35.559  -78.733  -36.366 0.1000000015
14287  -35.647  -79.197  -34.945 0.2000000030
15127  -36.153  -78.742  -34.048 0.2000000030
15153  -35.991  -78.434  -36.981 0.1000000015
13481  -35.445  -80.810  -38.972 0.1000000015
11678  -35.388  -82.163  -40.668 0.1000000015
18157  -37.162  -75.887  -39.903 0.1000000015
17135  -38.039  -76.866  -42.162 0.1000000015
15243  -37.664  -78.289  -42.438 0.1000000015
12643  -36.545  -81.382  -41.816 0.1000000015
15162  -37.245  -78.467  -38.196 0.1000000015
19194  -37.565  -74.902  -38.630 0.1000000015
13489  -36.447  -80.474  -40.285 0.1000000015
22385  -35.521  -71.348  -34.809 0.1000000015
17126  -38.743  -76.384  -41.848 0.1000000015
16161  -39.043  -77.330  -41.933 0.1000000015
15244  -38.572  -77.943  -41.945 0.1000000015
14377  -38.331  -78.984  -41.386 0.1000000015
12634  -36.196  -81.136  -41.165 0.1000000015
23486  -35.338  -70.499  -36.203 0.1000000015
18120  -40.491  -76.059  -37.400 0.1000000015
17055  -38.097  -77.136  -37.321 0.1000000015
16095  -39.765  -77.613  -39.111 0.1000000015
18053  -36.351  -75.837  -32.649 0.2000000030
15172  -38.604  -78.436  -39.528 0.1000000015
17113  -41.404  -76.753  -40.512 0.1000000015
15185  -39.639  -78.111  -40.401 0.1000000015
15184  -39.077  -78.390  -40.167 0.1000000015
14342  -37.309  -79.167  -39.226 0.1000000015
20345  -40.357  -74.445  -39.645 0.1000000015
17128  -40.459  -76.840  -41.535 0.1000000015
17129  -40.976  -76.613  -41.177 0.1000000015
19107  -38.314  -74.651  -33.647 0.1000000015
28913  -38.576  -65.777  -34.095 0.1000000015
26620  -38.298  -66.961  -35.597 0.1000000015
20347  -41.774  -73.983  -39.546 0.1000000015
27758  -37.552  -66.970  -33.552 0.1000000015
27771  -39.060  -66.157  -35.427 0.1000000015
21395  -40.960  -72.341  -36.989 0.1000000015
22428  -41.637  -71.878  -36.677 0.1000000015
32298  -39.521  -62.426  -32.808 0.1000000015
33387  -40.256  -61.208  -32.485 0.1000000015
25371  -50.761  -69.149  -25.161 0.5000000000
18916  -46.323  -74.205  -21.672 0.5000000000
18917  -47.268  -74.663  -21.583 0.5000000000
25370  -49.344  -68.779  -25.145 0.5000000000
24329  -51.104  -69.761  -25.603 0.5000000000
24330  -51.798  -70.151  -25.268 0.5000000000
20006  -46.691  -73.424  -21.393 0.5000000000
26443  -47.482  -68.112  -25.117 0.5000000000
26444  -48.362  -68.304  -24.897 0.5000000000
24328  -50.206  -69.604  -25.706 0.5000000000
22242  -46.890  -71.663  -21.649 0.5000000000
25369  -48.064  -68.569  -25.585 0.5000000000
25382  -49.340  -69.558  -25.958 0.5000000000
25381  -48.533  -69.187  -26.103 0.4000000060
24340  -49.841  -70.114  -26.208 0.4000000060
20014  -43.685  -73.296  -22.595 0.5000000000
20026  -42.872  -73.261  -23.163 0.5000000000
21173  -43.653  -72.310  -23.253 0.5000000000
21172  -42.740  -72.627  -23.839 0.5000000000
21206  -42.196  -72.549  -25.450 0.5000000000
21186  -42.534  -72.528  -24.676 0.5000000000
20065  -43.053  -73.108  -26.451 0.4000000060
18992  -43.995  -74.715  -27.502 0.4000000060
16819  -50.141  -76.847  -20.964 0.1000000015
18918  -48.273  -74.725  -21.342 0.5000000000
26433  -49.077  -68.411  -24.437 0.5000000000
25359  -50.525  -68.653  -24.450 0.5000000000
24322  -52.193  -69.549  -24.840 0.5000000000
22277  -52.392  -71.145  -24.357 0.4000000060
21159  -47.151  -72.436  -21.207 0.5000000000
26430  -46.848  -68.082  -24.462 0.5000000000
26432  -48.548  -68.343  -24.313 0.5000000000
27599  -46.241  -68.006  -24.109 0.5000000000
27580  -45.062  -67.477  -22.983 0.5000000000
27598  -45.478  -67.773  -24.077 0.5000000000
26429  -45.976  -67.875  -24.774 0.5000000000
27597  -44.259  -67.407  -24.221 0.4000000060
26428  -45.079  -67.634  -24.958 0.3000000119
26442  -46.555  -67.985  -25.339 0.5000000000
25368  -47.103  -68.295  -25.869 0.4000000060
26441  -45.613  -67.922  -25.693 0.3000000119
22294  -50.577  -71.602  -26.216 0.6999999881
21211  -50.532  -72.657  -25.531 0.5000000000
27607  -44.283  -67.493  -25.227 0.3000000119
25367  -46.181  -68.198  -26.016 0.3000000119
25380  -47.579  -68.900  -26.308 0.4000000060
23319  -49.480  -70.651  -26.512 0.5000000000
20070  -50.209  -72.889  -26.068 0.6000000238
21193  -48.957  -72.578  -24.416 0.6000000238
22263  -48.501  -71.261  -23.074 0.6000000238
21158  -46.161  -72.397  -21.501 0.5000000000
20015  -44.626  -73.362  -22.067 0.3000000119
26440  -44.771  -67.712  -25.693 0.3000000119
25379  -46.597  -68.723  -26.444 0.3000000119
24356  -47.559  -70.040  -26.976 0.4000000060
20085  -49.274  -72.830  -26.601 0.5000000000
20039  -49.342  -73.173  -25.109 0.6000000238
21191  -46.968  -72.241  -24.394 0.6000000238
22250  -44.946  -71.715  -22.781 0.5000000000
21174  -44.390  -72.032  -22.776 0.5000000000
25378  -45.426  -68.438  -26.494 0.4000000060
24355  -46.626  -70.025  -27.302 0.4000000060
21241  -48.754  -72.264  -26.800 0.5000000000
18981  -48.999  -73.722  -26.280 0.5000000000
20036  -46.707  -72.733  -24.818 0.5000000000
22272  -45.374  -71.797  -24.098 0.5000000000
22258  -44.060  -71.864  -23.927 0.5000000000
25394  -44.668  -68.833  -27.226 0.4000000060
24354  -45.677  -69.890  -27.664 0.4000000060
23326  -47.177  -70.879  -27.248 0.5000000000
18980  -48.401  -74.012  -26.576 0.5000000000
18961  -47.126  -74.284  -25.916 0.4000000060
21210  -45.743  -72.647  -25.004 0.5000000000
21188  -44.500  -72.232  -24.753 0.5000000000
23325  -46.066  -70.896  -27.903 0.4000000060
22299  -46.904  -72.049  -27.678 0.5000000000
18979  -47.485  -74.620  -26.621 0.5000000000
18978  -46.700  -74.890  -26.451 0.4000000060
20051  -45.039  -73.819  -25.888 0.4000000060
21208  -44.218  -72.779  -25.327 0.5000000000
21265  -46.331  -72.853  -28.424 0.5000000000
17966  -47.199  -75.181  -27.196 0.4000000060
20067  -44.870  -74.521  -26.407 0.4000000060
20066  -44.164  -74.228  -26.632 0.4000000060
20104  -46.745  -74.143  -28.368 0.3000000119
17965  -46.600  -75.696  -27.807 0.4000000060
17964  -45.915  -75.896  -27.632 0.3000000119
17983  -45.857  -76.086  -28.319 0.3000000119
19011  -44.522  -75.494  -28.451 0.3000000119
16800  -51.282  -76.566  -19.912 0.1000000015
16799  -50.710  -76.516  -20.564 0.1000000015
18903  -51.757  -75.004  -20.165 0.1000000015
17856  -51.334  -75.797  -20.343 0.1000000015
19995  -50.626  -74.296  -20.421 0.4000000060
19994  -49.694  -74.069  -20.686 0.4000000060
20009  -49.364  -74.614  -20.953 0.4000000060
20008  -48.832  -74.188  -21.020 0.5000000000
19993  -48.735  -73.257  -20.716 0.4000000060
21145  -48.554  -72.353  -20.587 0.5000000000
20007  -47.839  -73.473  -21.106 0.5000000000
25347  -50.321  -68.450  -23.619 0.5000000000
25348  -51.270  -68.586  -23.745 0.5000000000
25360  -51.645  -68.954  -24.600 0.5000000000
23315  -52.900  -70.058  -24.672 0.4000000060
22221  -48.274  -71.831  -20.697 0.5000000000
21160  -47.747  -72.423  -20.904 0.5000000000
26415  -47.225  -68.173  -23.554 0.5000000000
26416  -48.224  -68.285  -23.560 0.5000000000
26417  -49.021  -68.292  -23.755 0.5000000000
27581  -46.310  -67.948  -23.236 0.5000000000
22254  -48.743  -70.729  -22.018 0.6000000238
27579  -43.741  -66.853  -22.746 0.4000000060
27596  -42.979  -66.920  -24.150 0.2000000030
27595  -42.075  -66.190  -24.102 0.2000000030
27606  -43.374  -67.150  -25.310 0.3000000119
26439  -44.011  -67.533  -25.930 0.3000000119
26451  -44.567  -67.940  -26.300 0.4000000060
27605  -42.482  -66.387  -25.188 0.3000000119
27612  -43.316  -67.347  -26.218 0.3000000119
27611  -42.702  -66.731  -26.236 0.4000000060
26450  -43.770  -67.893  -26.730 0.4000000060
26449  -43.033  -67.366  -26.901 0.3000000119
25393  -43.929  -68.435  -27.291 0.4000000060
24374  -45.102  -70.088  -28.129 0.4000000060
23324  -45.474  -70.421  -28.105 0.4000000060
26464  -43.302  -67.930  -27.473 0.3000000119
24393  -43.830  -69.126  -28.690 0.3000000119
23336  -45.194  -70.726  -28.835 0.3000000119
22312  -46.142  -71.812  -28.293 0.4000000060
23355  -45.134  -70.962  -29.845 0.3000000119
21264  -45.894  -72.903  -29.154 0.3000000119
19012  -46.720  -75.168  -28.587 0.3000000119
23373  -45.540  -70.506  -30.513 0.2000000030
22340  -45.593  -71.563  -30.167 0.2000000030
20124  -46.228  -73.394  -29.661 0.3000000119
17984  -46.432  -75.813  -28.859 0.3000000119
23374  -46.771  -70.484  -30.983 0.1000000015
21301  -46.691  -72.548  -30.556 0.2000000030
19027  -46.673  -75.383  -29.334 0.4000000060
26545  -49.415  -67.688  -31.430 0.1000000015
19981  -51.828  -74.026  -19.746 0.1000000015
19996  -51.279  -74.452  -20.199 0.1000000015
19980  -50.953  -73.700  -19.968 0.2000000030
21129  -50.357  -72.737  -19.824 0.5000000000
21146  -49.457  -72.694  -20.254 0.4000000060
25327  -50.838  -68.451  -22.935 0.5000000000
25349  -52.343  -68.801  -23.756 0.4000000060
24318  -53.215  -69.683  -23.909 0.4000000060
23298  -51.485  -70.406  -22.205 0.4000000060
23297  -50.597  -70.532  -21.844 0.5000000000
23252  -49.373  -71.059  -20.501 0.5000000000
26394  -47.276  -68.051  -22.910 0.5000000000
26396  -49.065  -68.103  -22.514 0.5000000000
25326  -50.005  -68.423  -22.917 0.4000000060
23295  -49.079  -70.641  -21.300 0.4000000060
27560  -44.167  -66.646  -22.077 0.4000000060
27561  -44.862  -66.687  -21.716 0.4000000060
27582  -46.961  -68.046  -23.000 0.5000000000
28741  -43.385  -66.398  -22.207 0.4000000060
28726  -42.313  -65.581  -22.132 0.3000000119
28740  -42.800  -66.288  -22.524 0.3000000119
27577  -42.153  -66.230  -23.537 0.3000000119
28755  -41.452  -65.207  -24.074 0.2000000030
28766  -42.007  -65.426  -25.018 0.2000000030
31087  -41.773  -63.591  -24.547 0.1000000015
29939  -42.315  -64.432  -25.582 0.3000000119
28773  -42.485  -65.620  -26.145 0.3000000119
28778  -42.664  -66.184  -26.716 0.3000000119
29953  -42.778  -64.837  -26.310 0.2000000030
28779  -43.008  -65.672  -27.229 0.2000000030
26486  -43.101  -67.656  -28.263 0.2000000030
25426  -44.271  -68.524  -29.913 0.2000000030
28798  -44.152  -65.882  -28.546 0.2000000030
26499  -44.007  -67.627  -29.673 0.2000000030
27638  -44.207  -66.482  -29.069 0.2000000030
27679  -45.107  -67.288  -30.287 0.1000000015
24410  -45.403  -69.396  -30.689 0.2000000030
24411  -45.994  -69.826  -30.998 0.2000000030
27661  -46.373  -66.128  -30.097 0.1000000015
26517  -46.048  -67.537  -30.875 0.1000000015
24433  -46.596  -69.418  -31.185 0.1000000015
23394  -47.717  -70.009  -31.064 0.1000000015
27682  -47.293  -66.315  -30.947 0.1000000015
27702  -47.561  -66.890  -31.256 0.1000000015
25471  -47.871  -68.529  -31.412 0.1000000015
27703  -48.618  -66.787  -31.499 0.1000000015
27704  -49.765  -66.717  -31.602 0.1000000015
28876  -51.223  -65.671  -31.688 0.1000000015
21130  -51.347  -72.888  -19.575 0.3000000119
22202  -50.669  -71.775  -19.596 0.3000000119
24260  -53.618  -69.894  -19.925 0.3000000119
23257  -53.140  -70.167  -20.030 0.3000000119
23239  -51.384  -71.152  -19.648 0.3000000119
23254  -50.709  -70.739  -20.090 0.3000000119
22223  -49.754  -71.664  -20.032 0.4000000060
24283  -54.238  -68.861  -21.472 0.3000000119
24268  -52.662  -69.997  -20.610 0.3000000119
23278  -51.308  -70.216  -21.042 0.5000000000
23277  -50.268  -70.517  -20.972 0.5000000000
25312  -52.081  -68.105  -22.082 0.4000000060
25329  -52.800  -68.386  -22.634 0.5000000000
24303  -53.244  -69.554  -22.991 0.4000000060
23300  -53.019  -70.148  -23.045 0.4000000060
27537  -45.486  -66.299  -20.979 0.4000000060
27539  -46.767  -67.043  -21.463 0.4000000060
27564  -48.246  -67.570  -21.938 0.5000000000
29882  -43.479  -64.997  -20.784 0.4000000060
28704  -44.056  -65.794  -20.838 0.4000000060
27538  -46.040  -66.586  -21.244 0.5000000000
29881  -42.565  -64.603  -21.056 0.4000000060
29903  -42.791  -65.312  -21.429 0.4000000060
31031  -42.997  -64.026  -20.513 0.4000000060
31030  -42.232  -63.900  -21.140 0.3000000119
29902  -42.062  -64.545  -21.754 0.3000000119
31050  -41.722  -63.653  -22.303 0.3000000119
28725  -41.711  -64.967  -22.583 0.3000000119
32104  -41.567  -62.637  -22.549 0.3000000119
31064  -41.637  -63.323  -23.309 0.2000000030
32131  -41.999  -62.531  -23.995 0.1000000015
31074  -42.260  -62.865  -24.512 0.1000000015
31089  -43.348  -63.531  -25.752 0.1000000015
29954  -43.512  -64.689  -26.817 0.2000000030
31115  -44.168  -63.901  -26.420 0.1000000015
29974  -43.613  -65.171  -27.354 0.2000000030
29975  -44.273  -64.966  -27.466 0.2000000030
28799  -45.116  -65.616  -28.674 0.1000000015
28782  -45.551  -65.240  -28.193 0.1000000015
28827  -46.311  -65.731  -29.570 0.1000000015
28801  -46.633  -65.196  -29.091 0.1000000015
28852  -46.711  -65.903  -30.096 0.1000000015
28873  -47.873  -66.073  -31.161 0.1000000015
28854  -48.009  -65.280  -30.606 0.1000000015
30073  -49.350  -64.883  -31.204 0.1000000015
30049  -49.590  -64.259  -30.703 0.1000000015
30074  -50.409  -64.672  -31.405 0.1000000015
31200  -51.000  -63.465  -31.002 0.1000000015
32280  -52.078  -63.102  -31.672 0.1000000015
32281  -52.697  -62.676  -32.046 0.1000000015
33390  -53.221  -61.711  -32.076 0.1000000015
22205  -53.551  -71.059  -19.192 0.3000000119
22182  -53.257  -72.128  -18.587 0.2000000030
24261  -54.228  -69.459  -19.619 0.3000000119
26384  -53.534  -67.732  -21.490 0.4000000060
26363  -52.994  -67.217  -20.758 0.3000000119
28707  -47.019  -66.191  -20.819 0.3000000119
27540  -47.702  -66.965  -21.332 0.4000000060
27542  -50.266  -67.036  -20.885 0.4000000060
26362  -52.038  -67.244  -20.779 0.3000000119
29883  -44.547  -64.951  -20.521 0.3000000119
28706  -46.044  -65.787  -20.687 0.3000000119
27513  -49.986  -66.419  -20.536 0.4000000060
27543  -50.925  -66.997  -20.754 0.4000000060
27516  -52.393  -66.495  -20.323 0.3000000119
32068  -43.085  -62.965  -20.341 0.3000000119
31032  -43.929  -64.295  -20.301 0.3000000119
32089  -42.611  -63.406  -20.743 0.3000000119
33176  -42.268  -61.909  -20.615 0.3000000119
32088  -42.194  -62.776  -21.061 0.3000000119
33191  -42.052  -62.173  -21.047 0.3000000119
31029  -41.918  -63.408  -21.606 0.3000000119
33203  -41.333  -62.226  -22.113 0.3000000119
33220  -41.939  -61.636  -23.241 0.2000000030
32119  -42.128  -61.865  -23.669 0.1000000015
33221  -42.505  -61.266  -23.585 0.1000000015
34269  -43.882  -60.330  -23.679 0.1000000015
32132  -42.422  -62.269  -24.244 0.1000000015
33241  -43.896  -61.177  -24.394 0.1000000015
32133  -43.467  -61.994  -24.703 0.1000000015
32134  -44.417  -61.781  -24.942 0.1000000015
31090  -44.660  -63.156  -25.914 0.1000000015
29955  -44.721  -64.330  -27.094 0.2000000030
31116  -45.282  -63.666  -26.595 0.2000000030
29956  -45.885  -64.217  -27.266 0.2000000030
29977  -46.471  -64.913  -27.976 0.1000000015
29957  -46.992  -64.202  -27.374 0.1000000015
30001  -47.247  -64.818  -28.846 0.1000000015
29978  -47.736  -64.537  -27.784 0.1000000015
30024  -47.996  -64.720  -29.665 0.1000000015
30002  -48.266  -64.414  -28.578 0.1000000015
31198  -49.302  -63.829  -29.896 0.1000000015
32262  -51.449  -62.835  -30.945 0.1000000015
32242  -51.037  -62.427  -29.730 0.1000000015
32263  -52.112  -62.436  -31.316 0.1000000015
33370  -51.839  -61.882  -30.437 0.1000000015
33371  -52.519  -61.726  -31.297 0.1000000015
34415  -52.382  -60.893  -30.367 0.1000000015
35472  -53.358  -60.035  -31.476 0.1000000015
34437  -52.953  -60.822  -31.356 0.1000000015
35489  -54.118  -59.726  -32.713 0.1000000015
21080  -53.619  -72.348  -17.237 0.2000000030
21105  -53.327  -72.596  -18.126 0.2000000030
22163  -54.339  -70.807  -17.592 0.2000000030
23232  -54.370  -70.035  -18.797 0.3000000119
24223  -54.656  -69.138  -17.407 0.2000000030
24242  -54.607  -69.204  -18.445 0.3000000119
25286  -54.562  -68.225  -20.051 0.3000000119
28708  -48.088  -66.168  -20.745 0.3000000119
28709  -48.726  -66.114  -20.515 0.3000000119
27517  -53.299  -66.627  -20.220 0.3000000119
29884  -45.737  -64.722  -20.280 0.3000000119
29885  -46.836  -65.155  -20.447 0.3000000119
28683  -49.458  -65.825  -20.221 0.3000000119
28685  -51.198  -65.994  -20.265 0.3000000119
32069  -44.266  -62.896  -19.792 0.3000000119
31009  -44.975  -63.702  -19.789 0.3000000119
29863  -50.512  -64.935  -19.769 0.3000000119
29864  -51.048  -65.414  -20.038 0.3000000119
28663  -52.200  -65.542  -19.925 0.2000000030
27498  -52.887  -66.059  -19.884 0.2000000030
33177  -43.441  -61.819  -19.690 0.2000000030
33175  -41.623  -61.338  -21.011 0.3000000119
34241  -41.403  -60.830  -21.560 0.3000000119
33190  -41.544  -62.017  -21.458 0.3000000119
34250  -41.628  -60.555  -22.368 0.2000000030
34251  -42.444  -60.367  -22.870 0.1000000015
34252  -43.177  -60.036  -23.169 0.1000000015
35329  -45.336  -59.419  -23.505 0.1000000015
36429  -45.752  -58.652  -23.195 0.1000000015
37538  -47.284  -57.631  -23.136 0.1000000015
34270  -44.876  -60.112  -23.871 0.1000000015
34271  -45.761  -60.075  -23.905 0.1000000015
35330  -46.273  -59.341  -23.521 0.1000000015
36431  -47.687  -58.211  -23.426 0.1000000015
37540  -48.748  -57.208  -23.583 0.1000000015
38667  -49.372  -56.518  -23.482 0.1000000015
33242  -44.800  -61.259  -24.610 0.1000000015
34297  -46.144  -60.732  -24.336 0.1000000015
34273  -47.309  -60.041  -24.122 0.1000000015
35331  -47.397  -59.326  -23.677 0.1000000015
36453  -49.540  -58.306  -24.101 0.1000000015
37558  -50.083  -57.895  -24.228 0.1000000015
32154  -45.310  -62.184  -25.402 0.1000000015
33267  -45.688  -61.873  -25.106 0.1000000015
31092  -46.324  -62.990  -26.261 0.2000000030
31117  -46.469  -63.495  -26.664 0.1000000015
31118  -47.661  -63.732  -27.044 0.1000000015
29979  -48.764  -64.295  -27.832 0.1000000015
30003  -49.248  -64.068  -28.392 0.1000000015
31177  -49.733  -63.456  -29.478 0.1000000015
32241  -50.329  -63.107  -29.546 0.1000000015
32213  -50.673  -62.883  -28.711 0.1000000015
33354  -51.603  -61.623  -29.449 0.1000000015
34414  -51.943  -61.341  -29.923 0.1000000015
35435  -52.717  -60.209  -30.104 0.1000000015
27411  -52.718  -66.892  -16.360 0.2000000030
26326  -54.497  -67.231  -17.276 0.2000000030
26343  -54.499  -67.285  -19.426 0.3000000119
26364  -54.140  -67.200  -20.548 0.3000000119
27434  -52.367  -66.517  -16.758 0.2000000030
26313  -53.740  -67.369  -16.468 0.2000000030
27462  -54.083  -66.241  -17.761 0.2000000030
26334  -54.682  -67.218  -18.346 0.3000000119
27500  -54.021  -66.610  -19.648 0.3000000119
29860  -46.642  -64.387  -20.051 0.3000000119
29861  -47.801  -64.707  -20.029 0.3000000119
29862  -49.105  -64.926  -19.728 0.3000000119
32070  -45.295  -63.014  -19.600 0.3000000119
31011  -47.280  -63.631  -19.607 0.3000000119
31012  -48.661  -64.062  -19.498 0.3000000119
31013  -49.910  -64.240  -19.427 0.3000000119
29846  -51.014  -64.794  -19.712 0.3000000119
33166  -44.054  -61.460  -19.125 0.2000000030
33178  -44.583  -62.237  -19.352 0.3000000119
29847  -51.391  -64.936  -19.761 0.2000000030
28664  -53.027  -65.410  -19.342 0.2000000030
34233  -43.191  -61.021  -19.410 0.2000000030
34232  -42.591  -60.964  -19.885 0.2000000030
35293  -42.214  -60.148  -19.839 0.2000000030
34231  -41.750  -60.620  -20.552 0.3000000119
35292  -41.751  -59.598  -20.303 0.3000000119
35299  -41.534  -59.653  -21.238 0.3000000119
35309  -41.361  -60.072  -21.885 0.2000000030
36387  -41.620  -58.748  -21.188 0.2000000030
36388  -41.973  -58.595  -21.726 0.2000000030
36402  -42.577  -58.570  -22.306 0.2000000030
36404  -44.397  -58.208  -22.835 0.1000000015
33245  -47.474  -61.248  -24.692 0.1000000015
34299  -47.839  -60.399  -24.380 0.1000000015
35354  -48.245  -59.655  -24.097 0.1000000015
35355  -49.296  -59.288  -24.281 0.1000000015
33269  -47.035  -61.896  -25.223 0.1000000015
33246  -48.405  -61.135  -24.648 0.1000000015
34301  -49.658  -60.309  -24.613 0.1000000015
32155  -46.481  -62.520  -25.871 0.1000000015
33270  -48.006  -61.831  -25.180 0.1000000015
32157  -48.570  -62.392  -25.783 0.1000000015
33271  -48.993  -61.748  -25.114 0.1000000015
33272  -50.071  -61.479  -25.099 0.1000000015
32177  -46.603  -62.984  -26.327 0.1000000015
32179  -48.134  -63.045  -26.391 0.1000000015
32180  -49.125  -63.086  -26.300 0.1000000015
29959  -49.210  -63.946  -27.349 0.1000000015
30004  -49.800  -63.921  -28.006 0.1000000015
31156  -49.922  -63.561  -28.531 0.1000000015
27408  -50.863  -67.202  -15.206 0.3000000119
28630  -51.440  -66.014  -17.399 0.3000000119
28631  -52.097  -65.571  -17.613 0.3000000119
28632  -52.816  -65.492  -17.803 0.2000000030
28645  -53.034  -65.185  -18.537 0.2000000030
28646  -53.720  -65.710  -18.638 0.2000000030
29828  -51.549  -64.949  -17.985 0.3000000119
30974  -51.764  -64.539  -18.312 0.3000000119
29840  -52.454  -64.730  -18.453 0.3000000119
28665  -53.798  -65.992  -19.273 0.2000000030
32071  -46.239  -63.027  -19.532 0.3000000119
32056  -48.859  -63.717  -19.090 0.3000000119
32045  -50.528  -63.726  -18.804 0.3000000119
32059  -51.506  -63.077  -19.131 0.3000000119
29849  -52.422  -64.478  -18.994 0.2000000030
33167  -44.807  -61.878  -18.876 0.2000000030
33181  -46.563  -62.723  -19.321 0.3000000119
33169  -46.687  -62.621  -19.141 0.3000000119
34222  -44.291  -61.063  -18.670 0.2000000030
35286  -43.094  -60.139  -18.794 0.2000000030
35285  -42.410  -59.937  -19.251 0.2000000030
36376  -41.667  -58.824  -19.984 0.3000000119
37483  -41.595  -58.230  -20.580 0.2000000030
37493  -41.809  -58.039  -21.245 0.2000000030
31121  -50.552  -63.984  -26.632 0.1000000015
29960  -50.089  -64.095  -27.184 0.1000000015
29981  -50.481  -63.911  -27.609 0.1000000015
27372  -50.693  -67.369  -13.896 0.1000000015
27386  -49.787  -67.138  -14.283 0.2000000030
26311  -50.854  -67.039  -15.690 0.3000000119
27458  -50.016  -66.610  -17.115 0.3000000119
28629  -50.477  -65.801  -17.577 0.3000000119
32043  -48.438  -63.682  -18.821 0.3000000119
30984  -49.219  -64.149  -18.512 0.3000000119
33151  -45.996  -62.422  -18.481 0.3000000119
32042  -47.347  -63.217  -18.648 0.3000000119
30983  -48.058  -63.820  -18.534 0.3000000119
34224  -45.438  -62.000  -18.352 0.2000000030
35287  -43.876  -60.322  -18.533 0.2000000030
35270  -42.031  -59.559  -19.137 0.2000000030
36370  -43.004  -59.153  -17.974 0.1000000015
36368  -41.657  -58.940  -18.997 0.2000000030
37462  -41.771  -57.836  -18.494 0.2000000030
37475  -41.635  -57.720  -19.627 0.3000000119
27430  -49.402  -67.032  -16.142 0.3000000119
28628  -49.521  -65.663  -17.705 0.3000000119
29825  -49.043  -64.778  -18.255 0.3000000119
32034  -46.227  -63.038  -18.112 0.3000000119
30982  -47.334  -63.534  -18.434 0.3000000119
29836  -48.006  -64.062  -18.388 0.3000000119
33133  -46.003  -62.575  -18.259 0.2000000030
34187  -45.527  -62.130  -17.862 0.2000000030
34185  -44.392  -60.959  -17.672 0.1000000015
35251  -44.067  -60.127  -17.954 0.1000000015
36346  -43.040  -59.106  -17.641 0.1000000015
36369  -42.503  -58.825  -18.091 0.1000000015
27429  -48.450  -66.829  -16.566 0.3000000119
27428  -47.571  -66.811  -16.455 0.2000000030
28627  -48.471  -65.500  -17.840 0.3000000119
28626  -47.429  -65.316  -17.766 0.3000000119
30968  -46.246  -63.633  -17.929 0.2000000030
29824  -47.845  -64.471  -18.240 0.3000000119
32032  -45.191  -62.823  -17.638 0.2000000030
30967  -45.559  -63.575  -17.723 0.2000000030
32031  -44.340  -62.678  -17.376 0.1000000015
32021  -43.381  -62.625  -17.114 0.1000000015
33130  -43.878  -61.741  -17.264 0.1000000015
35250  -43.526  -59.852  -17.386 0.1000000015
34184  -43.476  -60.731  -16.902 0.1000000015
36331  -42.928  -59.020  -16.843 0.1000000015
27455  -46.987  -66.084  -17.254 0.2000000030
29822  -46.032  -64.339  -17.682 0.2000000030
28625  -46.502  -65.185  -17.600 0.2000000030
30966  -44.752  -63.538  -17.553 0.1000000015
30965  -43.767  -63.593  -17.351 0.1000000015
35239  -43.060  -59.779  -16.445 0.1000000015
36330  -42.775  -58.195  -16.547 0.1000000015
32020  -42.587  -62.732  -16.719 0.1000000015
33115  -42.895  -61.689  -16.543 0.1000000015
34172  -42.872  -60.548  -16.065 0.1000000015
33114  -42.415  -62.275  -16.389 0.1000000015
21212  -51.118  -72.141  -25.042 0.4000000060
24342  -51.272  -70.204  -25.786 0.5000000000
24341  -50.745  -70.155  -26.065 0.5000000000
22284  -51.576  -71.391  -25.231 0.4000000060
23320  -50.335  -70.773  -26.307 0.5000000000
22295  -51.125  -71.710  -25.864 0.6000000238
22264  -49.742  -71.004  -23.098 0.5000000000
22267  -52.689  -71.131  -23.974 0.4000000060
20005  -45.595  -73.412  -21.661 0.5000000000
22266  -52.118  -71.257  -23.892 0.4000000060
21194  -50.291  -72.339  -24.604 0.5000000000
21178  -50.118  -71.717  -23.828 0.6000000238
22241  -46.127  -71.652  -21.843 0.5000000000
20004  -45.053  -72.857  -21.766 0.3000000119
18939  -43.266  -74.269  -22.915 0.5000000000
22253  -47.626  -71.193  -22.222 0.5000000000
18930  -46.512  -74.940  -21.915 0.5000000000
24339  -48.853  -69.972  -26.601 0.4000000060
21164  -44.174  -72.583  -22.487 0.4000000060
21187  -43.574  -72.213  -24.468 0.5000000000
20049  -43.359  -72.943  -26.003 0.4000000060
21223  -42.628  -72.659  -25.954 0.4000000060
20050  -43.818  -73.254  -25.955 0.4000000060
18993  -44.633  -75.227  -27.355 0.3000000119
18976  -44.765  -74.842  -26.670 0.4000000060
18921  -50.476  -75.398  -20.729 0.2000000030
24323  -52.739  -69.619  -24.611 0.5000000000
22276  -51.600  -71.626  -24.537 0.4000000060
24338  -47.980  -69.555  -26.664 0.3000000119
21224  -49.386  -71.976  -26.575 0.4000000060
20040  -49.986  -73.092  -25.381 0.6000000238
24337  -47.096  -69.386  -26.830 0.4000000060
22292  -49.008  -71.278  -26.643 0.5000000000
20055  -49.423  -73.524  -25.788 0.6000000238
21192  -47.920  -72.519  -24.378 0.6000000238
21176  -48.283  -71.940  -23.813 0.6000000238
21177  -49.339  -71.846  -23.800 0.6000000238
22262  -47.396  -71.463  -23.225 0.5000000000
21165  -44.870  -72.217  -22.104 0.5000000000
22300  -47.887  -71.700  -27.089 0.4000000060
20084  -48.679  -73.420  -26.860 0.5000000000
20037  -47.353  -73.001  -24.853 0.6000000238
20054  -48.686  -73.675  -25.565 0.5000000000
22260  -45.495  -71.569  -23.321 0.5000000000
22274  -46.889  -71.692  -23.786 0.5000000000
22259  -44.608  -71.772  -23.465 0.5000000000
22261  -46.361  -71.453  -23.195 0.5000000000
25395  -45.361  -69.165  -27.255 0.4000000060
25377  -44.367  -68.298  -26.824 0.4000000060
18962  -48.098  -74.100  -26.040 0.5000000000
20052  -46.359  -73.336  -25.286 0.4000000060
20053  -47.703  -73.714  -25.384 0.5000000000
22271  -44.643  -71.863  -24.234 0.5000000000
24353  -44.867  -69.521  -27.716 0.4000000060
24352  -44.182  -69.093  -27.817 0.3000000119
21240  -47.926  -72.782  -27.335 0.5000000000
20083  -47.868  -73.747  -27.323 0.5000000000
18960  -46.172  -74.341  -25.987 0.4000000060
21209  -45.198  -72.796  -25.214 0.5000000000
21239  -47.155  -73.330  -27.781 0.5000000000
18996  -47.662  -74.429  -27.160 0.4000000060
20082  -47.321  -74.175  -27.686 0.4000000060
17948  -46.069  -75.706  -27.175 0.4000000060
25328  -51.796  -68.412  -22.919 0.5000000000
23306  -53.153  -70.226  -23.696 0.4000000060
27562  -45.985  -67.403  -22.051 0.5000000000
23302  -50.072  -70.691  -22.352 0.5000000000
27578  -42.576  -66.478  -23.354 0.3000000119
29927  -41.690  -64.636  -24.782 0.2000000030
27616  -42.738  -66.689  -27.232 0.3000000119
27636  -42.866  -67.029  -27.958 0.3000000119
25410  -43.563  -68.618  -28.112 0.3000000119
23335  -44.645  -69.990  -29.145 0.3000000119
24373  -44.453  -69.673  -28.496 0.3000000119
23337  -45.750  -71.340  -28.479 0.3000000119
24394  -44.220  -69.373  -29.373 0.3000000119
25425  -43.544  -68.421  -29.115 0.2000000030
23354  -44.794  -70.168  -29.804 0.3000000119
22325  -45.418  -71.541  -29.540 0.3000000119
23372  -45.040  -69.876  -30.342 0.2000000030
21287  -45.782  -72.396  -29.756 0.3000000119
20103  -46.199  -73.632  -28.981 0.4000000060
20125  -46.559  -74.472  -29.355 0.4000000060
22341  -46.261  -71.530  -30.604 0.2000000030
20147  -46.265  -72.920  -30.173 0.3000000119
20148  -46.955  -73.805  -30.356 0.2000000030
24432  -45.980  -69.196  -31.092 0.2000000030
22342  -47.270  -71.716  -30.778 0.2000000030
25472  -48.987  -68.600  -31.277 0.1000000015
26397  -50.347  -68.158  -22.196 0.4000000060
25350  -53.110  -69.053  -23.381 0.5000000000
23279  -52.027  -70.080  -21.694 0.4000000060
23304  -51.775  -70.792  -23.176 0.5000000000
27563  -47.114  -67.738  -22.272 0.5000000000
28728  -43.873  -66.348  -21.728 0.4000000060
28738  -41.436  -65.033  -23.286 0.3000000119
28754  -41.350  -64.639  -23.655 0.2000000030
29938  -41.756  -63.988  -24.867 0.2000000030
31088  -42.297  -63.343  -24.936 0.1000000015
31073  -41.859  -63.010  -24.188 0.1000000015
28774  -42.873  -65.196  -26.650 0.2000000030
31114  -43.507  -64.098  -26.302 0.2000000030
28797  -43.365  -65.949  -28.083 0.2000000030
28780  -43.798  -65.429  -27.840 0.2000000030
27658  -43.945  -66.988  -29.273 0.2000000030
27637  -43.416  -66.698  -28.581 0.2000000030
26515  -44.705  -67.725  -30.199 0.2000000030
28781  -44.712  -65.349  -28.039 0.2000000030
27659  -44.796  -66.765  -29.803 0.1000000015
25440  -45.022  -68.530  -30.455 0.2000000030
28826  -45.469  -65.934  -29.355 0.1000000015
27660  -45.871  -66.355  -29.992 0.1000000015
27680  -45.625  -67.026  -30.401 0.1000000015
26516  -45.371  -67.741  -30.580 0.2000000030
25441  -45.846  -68.451  -31.005 0.2000000030
27681  -46.612  -66.622  -30.703 0.1000000015
28828  -47.025  -65.372  -29.630 0.1000000015
26542  -46.657  -67.549  -31.175 0.1000000015
25442  -46.302  -67.982  -31.154 0.1000000015
26543  -47.354  -67.704  -31.356 0.1000000015
24435  -48.398  -69.390  -31.169 0.1000000015
28853  -47.277  -65.804  -30.453 0.1000000015
26544  -48.303  -67.699  -31.477 0.1000000015
28874  -48.852  -65.718  -31.420 0.1000000015
28875  -50.117  -65.719  -31.607 0.1000000015
31224  -50.955  -64.065  -31.319 0.1000000015
21131  -52.418  -73.032  -19.241 0.3000000119
22203  -51.832  -71.939  -19.466 0.3000000119
23241  -52.978  -70.773  -19.566 0.3000000119
24270  -54.384  -68.999  -20.841 0.3000000119
24269  -53.547  -69.715  -20.625 0.3000000119
23240  -52.185  -71.057  -19.604 0.3000000119
23256  -52.413  -70.380  -20.008 0.3000000119
24267  -52.007  -70.145  -20.524 0.3000000119
24282  -53.716  -69.302  -21.800 0.3000000119
25330  -53.506  -68.804  -22.507 0.3000000119
25315  -54.345  -68.492  -21.265 0.3000000119
26400  -53.443  -68.218  -22.134 0.3000000119
24281  -52.812  -69.851  -21.536 0.3000000119
26381  -49.818  -67.609  -21.563 0.4000000060
26382  -51.230  -67.550  -21.299 0.4000000060
26383  -52.534  -67.671  -21.514 0.4000000060
25313  -52.648  -67.975  -22.095 0.4000000060
28705  -45.016  -65.847  -20.708 0.4000000060
26380  -49.162  -67.550  -21.719 0.4000000060
29880  -42.242  -64.373  -21.299 0.3000000119
33189  -41.433  -62.413  -21.901 0.3000000119
32118  -41.832  -62.358  -23.482 0.2000000030
33240  -43.057  -61.477  -24.255 0.1000000015
32152  -42.985  -62.725  -24.980 0.1000000015
32153  -44.014  -62.521  -25.351 0.1000000015
29976  -45.294  -64.873  -27.638 0.1000000015
28800  -46.031  -65.346  -28.776 0.1000000015
30000  -46.615  -65.070  -28.633 0.1000000015
28829  -47.544  -65.234  -29.953 0.1000000015
30023  -47.439  -65.017  -29.505 0.1000000015
30047  -48.331  -64.852  -30.355 0.1000000015
31199  -50.210  -63.661  -30.526 0.1000000015
32261  -50.782  -63.069  -30.364 0.1000000015
22183  -53.780  -71.529  -18.320 0.2000000030
21104  -52.959  -72.650  -18.667 0.2000000030
25303  -54.481  -68.152  -20.827 0.3000000119
29886  -47.639  -65.510  -20.461 0.3000000119
27541  -49.012  -66.894  -21.086 0.4000000060
31033  -44.801  -64.275  -20.086 0.3000000119
31008  -44.090  -63.673  -19.984 0.3000000119
33204  -41.463  -61.646  -22.500 0.1000000015
33222  -43.238  -60.920  -23.933 0.1000000015
34268  -43.041  -60.588  -23.442 0.1000000015
34295  -44.537  -60.677  -24.244 0.1000000015
34296  -45.286  -60.710  -24.330 0.1000000015
32135  -45.038  -61.673  -24.954 0.1000000015
31091  -45.761  -63.010  -26.112 0.1000000015
29958  -47.580  -64.185  -27.436 0.1000000015
30025  -48.730  -64.116  -29.259 0.1000000015
23193  -54.538  -70.043  -16.970 0.2000000030
23215  -54.585  -70.002  -17.956 0.3000000119
25256  -54.765  -68.211  -17.858 0.2000000030
31010  -45.974  -63.899  -19.800 0.3000000119
28682  -48.444  -65.536  -20.239 0.3000000119
35310  -41.866  -59.475  -22.193 0.2000000030
35311  -42.839  -59.394  -22.779 0.1000000015
35327  -43.643  -59.420  -23.234 0.1000000015
35328  -44.461  -59.479  -23.464 0.1000000015
36428  -44.887  -58.757  -23.229 0.1000000015
36406  -46.032  -57.931  -22.887 0.1000000015
36430  -46.730  -58.344  -23.227 0.1000000015
34272  -46.647  -60.037  -23.976 0.1000000015
36432  -48.349  -57.897  -23.561 0.1000000015
35332  -48.457  -58.752  -23.723 0.1000000015
37541  -49.634  -57.352  -23.942 0.1000000015
33243  -45.621  -61.525  -24.748 0.1000000015
33244  -46.569  -61.382  -24.676 0.1000000015
35353  -47.691  -59.844  -24.097 0.1000000015
34298  -46.994  -60.639  -24.376 0.1000000015
35333  -49.089  -58.616  -23.909 0.1000000015
38683  -50.902  -57.182  -24.263 0.1000000015
33268  -46.121  -61.924  -25.144 0.1000000015
32178  -47.152  -63.001  -26.404 0.1000000015
31137  -48.328  -64.055  -27.437 0.1000000015
31155  -49.482  -63.820  -28.585 0.1000000015
27410  -52.176  -67.002  -15.990 0.2000000030
27435  -53.171  -66.437  -17.047 0.2000000030
27436  -53.914  -66.743  -17.064 0.2000000030
27433  -51.726  -66.645  -16.608 0.3000000119
27461  -53.399  -65.910  -17.635 0.2000000030
31014  -50.964  -64.086  -19.285 0.3000000119
30995  -47.647  -63.423  -19.384 0.3000000119
32073  -49.620  -63.867  -19.214 0.3000000119
30996  -48.013  -63.562  -19.348 0.3000000119
32074  -50.499  -63.754  -19.155 0.3000000119
30999  -51.871  -63.827  -19.181 0.3000000119
34221  -43.567  -60.782  -18.993 0.2000000030
33179  -45.563  -62.422  -19.294 0.3000000119
35300  -41.655  -59.090  -21.623 0.2000000030
36403  -43.481  -58.541  -22.786 0.1000000015
37514  -43.127  -57.886  -22.285 0.2000000030
36427  -44.146  -58.832  -23.226 0.1000000015
34300  -48.797  -60.312  -24.405 0.1000000015
36454  -50.179  -58.623  -24.477 0.1000000015
33247  -49.312  -61.023  -24.647 0.1000000015
32156  -47.563  -62.419  -25.836 0.1000000015
31119  -48.698  -63.609  -26.919 0.1000000015
31120  -49.647  -63.701  -26.790 0.1000000015
29980  -49.597  -64.000  -27.695 0.1000000015
27460  -51.347  -66.620  -16.774 0.3000000119
27409  -51.483  -67.203  -15.425 0.3000000119
27459  -50.881  -66.617  -16.921 0.3000000119
29827  -50.778  -64.911  -17.926 0.3000000119
32046  -51.256  -63.538  -18.860 0.3000000119
30973  -50.648  -64.269  -18.192 0.3000000119
32055  -47.574  -63.171  -19.144 0.3000000119
30985  -50.201  -63.995  -18.440 0.3000000119
33168  -45.904  -62.302  -19.140 0.3000000119
34223  -44.934  -61.564  -18.458 0.2000000030
33152  -46.717  -62.648  -18.778 0.3000000119
37484  -42.179  -57.284  -20.689 0.2000000030
37485  -42.985  -57.119  -21.229 0.2000000030
26268  -50.607  -67.499  -13.456 0.1000000015
27406  -49.221  -67.036  -15.044 0.2000000030
27407  -50.237  -67.147  -15.240 0.3000000119
30972  -50.107  -64.380  -18.190 0.3000000119
29826  -49.957  -64.946  -17.989 0.3000000119
32035  -46.753  -63.087  -18.342 0.3000000119
34205  -45.042  -61.460  -18.109 0.2000000030
34204  -44.480  -60.681  -18.257 0.2000000030
35271  -42.485  -59.540  -18.692 0.1000000015
35273  -44.016  -60.118  -18.256 0.1000000015
26309  -48.671  -67.030  -15.953 0.3000000119
27457  -48.983  -66.433  -17.244 0.3000000119
30969  -46.976  -63.686  -18.214 0.3000000119
33132  -45.593  -62.429  -17.927 0.2000000030
34186  -45.266  -61.765  -17.913 0.2000000030
33131  -44.850  -61.999  -17.589 0.1000000015
36345  -42.697  -58.402  -17.324 0.1000000015
27456  -47.970  -66.233  -17.289 0.3000000119
29823  -46.840  -64.400  -17.929 0.3000000119
27454  -46.053  -65.915  -17.247 0.2000000030
28624  -45.692  -65.139  -17.492 0.2000000030
29820  -44.324  -64.428  -17.505 0.1000000015
17910  -43.944  -75.330  -22.921 0.3000000119
15913  -44.149  -77.225  -23.865 0.3000000119
12461  -45.290  -81.539  -27.559 0.2000000030
11514  -43.239  -82.445  -28.573 0.2000000030
15929  -44.552  -78.072  -24.356 0.4000000060
15021  -44.430  -79.129  -25.877 0.3000000119
16861  -43.470  -76.259  -23.730 0.4000000060
15010  -44.031  -78.334  -25.103 0.3000000119
14185  -45.048  -79.724  -26.373 0.3000000119
17909  -43.002  -75.201  -23.433 0.4000000060
15941  -42.993  -77.908  -25.162 0.4000000060
14196  -45.044  -79.812  -27.091 0.3000000119
12477  -45.466  -81.498  -28.385 0.2000000030
16860  -42.794  -75.779  -23.853 0.4000000060
15927  -42.523  -77.055  -24.806 0.4000000060
15033  -43.673  -79.227  -26.850 0.4000000060
18938  -42.394  -74.253  -23.493 0.4000000060
15020  -43.159  -78.439  -25.690 0.4000000060
14195  -44.468  -79.608  -27.232 0.3000000119
13359  -45.325  -80.852  -28.663 0.3000000119
17922  -41.632  -75.460  -24.496 0.4000000060
15940  -42.300  -77.485  -25.412 0.4000000060
15032  -42.389  -78.458  -26.610 0.3000000119
14216  -44.363  -79.913  -28.190 0.4000000060
18937  -41.788  -73.928  -23.915 0.4000000060
15939  -41.656  -77.008  -25.717 0.4000000060
15043  -42.856  -79.204  -27.606 0.3000000119
21171  -42.074  -72.825  -24.190 0.4000000060
17936  -41.147  -75.587  -24.920 0.4000000060
16898  -41.480  -76.336  -25.182 0.4000000060
15031  -41.777  -78.148  -27.009 0.4000000060
20024  -41.558  -73.347  -24.246 0.4000000060
15949  -41.526  -77.434  -26.423 0.4000000060
15964  -41.359  -78.405  -28.123 0.3000000119
21185  -41.669  -72.773  -24.772 0.4000000060
17935  -40.621  -75.445  -25.378 0.4000000060
16897  -40.915  -76.038  -25.548 0.4000000060
15957  -41.375  -77.968  -27.442 0.4000000060
18947  -40.489  -74.291  -24.962 0.4000000060
17934  -39.948  -75.117  -25.808 0.4000000060
17947  -40.231  -75.579  -25.959 0.4000000060
15948  -40.864  -76.931  -26.731 0.4000000060
15974  -41.175  -78.406  -28.877 0.3000000119
20035  -40.788  -73.382  -24.865 0.4000000060
17946  -39.645  -75.490  -26.531 0.4000000060
16918  -40.386  -76.668  -27.066 0.4000000060
15963  -40.873  -77.837  -28.184 0.3000000119
15056  -41.131  -78.518  -29.648 0.2000000030
21205  -41.228  -72.670  -25.534 0.3000000119
20047  -39.988  -73.612  -25.512 0.4000000060
20048  -40.558  -73.057  -25.382 0.4000000060
20046  -39.489  -73.819  -25.897 0.4000000060
17962  -38.789  -75.390  -27.747 0.4000000060
16917  -39.671  -76.220  -27.405 0.4000000060
15973  -40.532  -77.779  -29.309 0.2000000030
15972  -39.881  -77.293  -29.749 0.2000000030
15081  -40.925  -78.330  -31.310 0.3000000119
20064  -42.469  -72.885  -26.709 0.3000000119
21221  -41.175  -72.566  -26.409 0.3000000119
20063  -39.887  -72.951  -26.159 0.3000000119
16926  -39.261  -76.308  -28.451 0.3000000119
16941  -39.871  -76.933  -29.044 0.2000000030
15987  -40.290  -77.859  -30.427 0.2000000030
15115  -41.405  -78.704  -32.960 0.2000000030
21220  -40.451  -72.622  -26.620 0.3000000119
18975  -38.826  -74.424  -26.913 0.4000000060
16940  -39.160  -76.718  -29.484 0.1000000015
20101  -42.761  -73.775  -28.298 0.3000000119
21236  -40.351  -72.589  -27.299 0.3000000119
20076  -38.747  -73.383  -27.323 0.2000000030
17980  -37.995  -75.250  -28.947 0.2000000030
16003  -40.083  -77.891  -31.276 0.1000000015
20098  -39.156  -72.809  -28.630 0.2000000030
20097  -38.623  -73.208  -28.464 0.2000000030
16953  -38.717  -76.902  -30.116 0.1000000015
16002  -39.277  -77.627  -31.256 0.1000000015
16019  -39.806  -77.979  -31.862 0.1000000015
19010  -43.967  -74.840  -28.000 0.2000000030
20100  -41.674  -73.215  -28.334 0.3000000119
21262  -40.639  -72.752  -28.153 0.3000000119
18004  -46.003  -76.183  -29.353 0.2000000030
19025  -43.898  -74.942  -28.891 0.1000000015
20120  -40.651  -73.113  -29.382 0.2000000030
20096  -38.053  -73.660  -29.127 0.1000000015
16952  -38.033  -76.752  -30.494 0.1000000015
16018  -39.081  -77.905  -31.943 0.1000000015
15097  -39.811  -78.171  -32.572 0.1000000015
19026  -44.548  -75.570  -29.452 0.2000000030
20122  -42.428  -73.765  -29.180 0.2000000030
20121  -41.534  -73.462  -29.338 0.2000000030
20119  -39.536  -72.931  -29.285 0.1000000015
20118  -38.586  -73.298  -29.640 0.1000000015
17979  -37.435  -74.787  -29.523 0.1000000015
18001  -37.200  -75.311  -30.034 0.1000000015
16001  -38.356  -77.370  -31.323 0.1000000015
15096  -38.941  -78.187  -32.679 0.1000000015
14291  -40.073  -78.989  -34.848 0.1000000015
20146  -43.038  -74.133  -29.839 0.1000000015
20144  -41.300  -73.572  -30.239 0.2000000030
20143  -40.326  -73.270  -30.318 0.1000000015
20140  -37.530  -73.778  -30.946 0.1000000015
18022  -36.695  -75.370  -31.060 0.1000000015
16000  -37.530  -77.319  -31.718 0.1000000015
16016  -37.314  -77.773  -32.488 0.1000000015
15129  -39.370  -78.672  -34.092 0.1000000015
14321  -40.541  -79.960  -35.993 0.1000000015
20141  -38.446  -73.488  -30.644 0.1000000015
18039  -36.470  -75.487  -31.874 0.1000000015
16965  -36.453  -76.460  -32.094 0.1000000015
14289  -37.683  -79.306  -34.254 0.1000000015
14306  -38.495  -79.783  -35.178 0.1000000015
16015  -36.536  -77.256  -32.631 0.1000000015
39671  -42.681  -56.355  -19.601 0.2000000030
18005  -46.585  -75.797  -29.781 0.2000000030
19047  -43.847  -74.799  -29.949 0.1000000015
20173  -43.283  -74.159  -30.810 0.1000000015
20170  -40.073  -73.498  -31.258 0.1000000015
20168  -38.387  -73.649  -31.578 0.1000000015
14290  -38.979  -79.213  -34.642 0.1000000015
15112  -38.675  -78.452  -33.378 0.1000000015
15999  -36.876  -77.176  -32.001 0.1000000015
19067  -37.205  -74.192  -31.635 0.1000000015
15912  -43.496  -76.950  -24.062 0.4000000060
14207  -45.272  -80.223  -27.500 0.3000000119
14206  -44.769  -79.962  -27.777 0.3000000119
16899  -42.160  -76.829  -24.922 0.4000000060
15044  -43.511  -79.395  -27.551 0.3000000119
18949  -41.876  -74.623  -24.048 0.4000000060
15042  -41.925  -78.666  -27.627 0.3000000119
18948  -41.248  -74.283  -24.406 0.4000000060
18958  -39.460  -74.385  -25.961 0.4000000060
16927  -40.208  -77.002  -28.109 0.2000000030
15068  -41.005  -78.422  -30.383 0.2000000030
20061  -38.795  -73.797  -26.903 0.3000000119
15098  -40.652  -78.241  -32.229 0.2000000030
20079  -42.234  -73.050  -27.293 0.3000000119
20077  -39.226  -72.889  -27.143 0.3000000119
16925  -38.630  -76.064  -28.984 0.2000000030
15986  -39.467  -77.359  -30.426 0.1000000015
18991  -38.539  -74.649  -27.566 0.4000000060
21234  -39.069  -72.774  -27.845 0.2000000030
19009  -37.992  -74.139  -28.499 0.2000000030
16939  -38.233  -76.241  -29.637 0.1000000015
15114  -40.548  -78.386  -33.230 0.1000000015
16938  -37.630  -76.067  -30.075 0.1000000015
15985  -38.765  -77.236  -30.706 0.1000000015
20117  -37.800  -73.685  -29.912 0.1000000015
16951  -37.218  -76.180  -30.772 0.1000000015
16017  -38.209  -77.836  -32.114 0.1000000015
15130  -40.346  -78.607  -34.075 0.1000000015
18023  -45.354  -76.001  -29.919 0.1000000015
20145  -42.270  -73.836  -30.094 0.1000000015
19024  -37.212  -74.323  -30.024 0.1000000015
16966  -37.005  -76.707  -31.472 0.1000000015
14307  -39.740  -79.655  -35.560 0.1000000015
19046  -36.856  -74.573  -30.924 0.1000000015
13456  -40.079  -80.393  -36.418 0.1000000015
20169  -39.193  -73.552  -31.376 0.1000000015
20172  -42.136  -73.785  -31.108 0.1000000015
14987  -47.881  -79.055  -22.501 0.3000000119
15916  -47.406  -78.581  -22.729 0.2000000030
14138  -47.204  -80.421  -22.649 0.3000000119
15002  -47.165  -79.224  -22.921 0.2000000030
17877  -48.644  -75.643  -21.377 0.4000000060
16840  -48.021  -76.739  -21.891 0.2000000030
17876  -47.943  -75.409  -21.552 0.4000000060
15898  -47.732  -77.887  -22.473 0.3000000119
13290  -46.511  -80.810  -22.958 0.2000000030
15915  -46.763  -78.067  -23.033 0.2000000030
15001  -46.346  -78.894  -23.558 0.2000000030
12389  -46.119  -81.390  -23.030 0.1000000015
13289  -45.759  -80.565  -23.629 0.2000000030
12388  -45.101  -81.547  -23.712 0.1000000015
16863  -46.046  -77.125  -23.004 0.3000000119
12387  -44.413  -82.092  -23.710 0.1000000015
14156  -45.761  -79.519  -23.908 0.2000000030
11459  -43.764  -82.421  -24.043 0.1000000015
12405  -44.030  -81.673  -24.618 0.1000000015
12406  -44.627  -81.257  -24.405 0.1000000015
13322  -44.510  -81.283  -25.751 0.1000000015
11489  -42.286  -82.480  -25.568 0.1000000015
11490  -42.941  -82.419  -25.655 0.1000000015
12424  -43.925  -81.799  -25.664 0.1000000015
12439  -41.713  -82.294  -26.201 0.1000000015
12440  -42.621  -82.302  -26.262 0.1000000015
16838  -45.689  -76.214  -22.672 0.3000000119
15000  -45.582  -78.741  -24.006 0.2000000030
14172  -45.438  -80.029  -24.899 0.2000000030
13306  -45.011  -80.778  -24.457 0.2000000030
13323  -44.926  -80.619  -25.457 0.2000000030
12458  -43.117  -82.114  -27.013 0.1000000015
12456  -41.138  -81.800  -26.956 0.1000000015
17895  -45.248  -75.332  -22.458 0.2000000030
15930  -45.189  -78.434  -24.189 0.2000000030
14186  -45.217  -80.176  -25.997 0.2000000030
12442  -44.371  -81.758  -26.460 0.1000000015
12472  -40.623  -81.759  -27.988 0.1000000015
12473  -41.717  -81.808  -27.910 0.1000000015
16862  -44.824  -76.443  -23.181 0.3000000119
15011  -45.182  -78.909  -24.842 0.3000000119
20016  -45.169  -73.932  -21.964 0.2000000030
13339  -45.194  -80.955  -26.573 0.2000000030
12443  -44.949  -81.521  -26.858 0.1000000015
12474  -42.726  -82.015  -27.847 0.1000000015
11503  -45.023  -82.123  -27.957 0.1000000015
11525  -40.803  -82.563  -29.530 0.1000000015
17911  -44.717  -75.619  -22.742 0.2000000030
11515  -44.293  -82.425  -28.508 0.1000000015
11516  -45.202  -82.017  -28.677 0.1000000015
11526  -41.760  -82.778  -29.348 0.1000000015
11527  -42.701  -82.907  -29.228 0.1000000015
17894  -44.558  -75.006  -22.537 0.2000000030
12489  -45.060  -81.640  -29.289 0.1000000015
11529  -44.427  -82.516  -29.586 0.1000000015
13363  -44.596  -80.924  -29.496 0.1000000015
10658  -40.034  -83.924  -30.117 0.1000000015
10647  -42.146  -83.604  -29.575 0.1000000015
11528  -43.612  -82.870  -29.321 0.1000000015
14215  -43.878  -79.910  -28.584 0.3000000119
9845  -43.331  -84.308  -30.664 0.1000000015
18929  -45.687  -74.544  -22.022 0.3000000119
17897  -47.129  -75.739  -21.903 0.3000000119
16839  -46.812  -76.788  -22.479 0.2000000030
12459  -43.980  -82.079  -27.066 0.1000000015
11513  -42.267  -82.237  -28.689 0.1000000015
15022  -45.152  -79.572  -25.635 0.2000000030
15914  -45.438  -77.887  -23.643 0.3000000119
13338  -44.790  -81.371  -26.426 0.1000000015
10645  -40.331  -83.227  -29.901 0.1000000015
9828  -41.285  -84.146  -29.914 0.1000000015
10649  -43.884  -83.635  -30.003 0.1000000015
11537  -39.427  -83.094  -30.139 0.1000000015
9831  -43.109  -84.165  -30.093 0.1000000015
13362  -44.041  -80.300  -29.196 0.2000000030
12503  -43.203  -81.875  -31.321 0.1000000015
11546  -42.252  -82.728  -31.683 0.1000000015
12502  -42.813  -81.787  -31.543 0.2000000030
10689  -41.451  -83.548  -31.922 0.1000000015
13371  -43.921  -81.055  -30.510 0.2000000030
13395  -43.238  -80.957  -31.357 0.2000000030
11566  -41.792  -82.373  -31.960 0.2000000030
12523  -42.942  -81.308  -31.551 0.1000000015
10688  -40.350  -83.609  -32.313 0.1000000015
12522  -42.354  -81.559  -31.930 0.2000000030
13394  -42.498  -80.398  -32.015 0.1000000015
13370  -43.642  -80.407  -30.159 0.2000000030
13380  -43.237  -80.426  -31.103 0.1000000015
11565  -40.770  -82.363  -32.375 0.1000000015
13393  -42.038  -80.837  -32.459 0.1000000015
14225  -43.247  -79.946  -29.497 0.2000000030
14236  -43.115  -79.948  -30.369 0.2000000030
13379  -42.718  -79.940  -31.598 0.1000000015
13408  -41.992  -79.901  -32.554 0.1000000015
14248  -42.673  -79.625  -31.086 0.1000000015
14276  -42.126  -79.744  -32.363 0.1000000015
14213  -42.288  -79.304  -28.784 0.2000000030
14235  -42.624  -79.667  -30.149 0.2000000030
14247  -42.146  -79.337  -30.533 0.2000000030
14275  -41.818  -79.395  -32.904 0.1000000015
15083  -42.205  -79.270  -31.571 0.1000000015
15057  -41.560  -78.942  -29.395 0.2000000030
15099  -41.638  -78.738  -32.054 0.1000000015
13407  -41.618  -80.210  -33.067 0.1000000015
12504  -43.769  -81.801  -30.913 0.1000000015
16817  -48.875  -76.653  -21.500 0.2000000030
14139  -47.533  -80.044  -22.572 0.1000000015
22204  -52.906  -71.774  -19.128 0.2000000030
18884  -52.532  -74.817  -18.839 0.1000000015
26296  -52.892  -67.540  -15.558 0.1000000015
21055  -53.686  -72.568  -16.111 0.1000000015
19939  -53.454  -73.427  -16.686 0.1000000015
25245  -54.587  -68.168  -16.816 0.1000000015
22162  -54.033  -71.489  -17.263 0.1000000015
25231  -52.443  -68.561  -14.369 0.2000000030
25232  -53.052  -68.464  -14.873 0.1000000015
21028  -53.470  -73.067  -14.057 0.1000000015
26295  -51.960  -67.385  -15.244 0.2000000030
24187  -53.541  -68.861  -14.902 0.1000000015
23141  -54.444  -70.141  -15.048 0.1000000015
22133  -54.441  -70.864  -15.819 0.1000000015
22132  -54.127  -71.584  -15.537 0.1000000015
17878  -49.409  -75.894  -21.184 0.2000000030
19982  -52.499  -74.114  -19.222 0.1000000015
22145  -54.354  -70.975  -16.530 0.1000000015
24206  -54.528  -69.155  -16.368 0.1000000015
25236  -54.151  -68.271  -15.939 0.1000000015
26280  -51.545  -67.562  -14.685 0.2000000030
19918  -53.478  -73.562  -15.619 0.1000000015
21035  -53.660  -72.771  -15.067 0.1000000015
24188  -54.142  -69.236  -15.240 0.1000000015
24182  -53.309  -69.460  -14.230 0.1000000015
15881  -49.327  -77.187  -21.462 0.1000000015
15899  -48.903  -77.589  -21.800 0.1000000015
27404  -47.110  -67.082  -15.661 0.1000000015
26278  -47.812  -67.051  -15.033 0.1000000015
26279  -48.273  -66.962  -14.811 0.1000000015
27385  -48.994  -67.049  -14.149 0.1000000015
26260  -49.694  -67.436  -12.484 0.1000000015
26290  -48.432  -67.019  -15.364 0.1000000015
27383  -47.070  -66.968  -14.439 0.1000000015
27368  -47.747  -66.737  -13.294 0.1000000015
27358  -48.315  -66.815  -12.436 0.1000000015
26252  -48.645  -67.120  -11.447 0.1000000015
27384  -48.188  -66.859  -14.240 0.1000000015
27369  -48.650  -66.955  -13.331 0.1000000015
27359  -49.156  -67.157  -12.584 0.1000000015
25200  -49.401  -68.128  -10.951 0.1000000015
27403  -46.094  -66.962  -15.537 0.1000000015
27339  -47.472  -66.752  -10.745 0.1000000015
27367  -46.679  -66.680  -13.211 0.1000000015
27357  -47.403  -66.562  -12.249 0.1000000015
27347  -48.059  -66.725  -11.484 0.1000000015
27348  -48.723  -67.040  -11.895 0.1000000015
25193  -48.830  -67.973  -10.550 0.1000000015
27426  -45.268  -66.412  -16.727 0.1000000015
27345  -46.060  -66.125  -11.078 0.1000000015
27346  -47.040  -66.420  -11.268 0.1000000015
27366  -45.545  -66.575  -13.097 0.1000000015
27382  -45.840  -66.824  -14.291 0.1000000015
27402  -44.989  -66.731  -15.379 0.1000000015
27453  -45.458  -65.736  -17.285 0.1000000015
37476  -42.023  -57.022  -19.905 0.1000000015
38610  -43.218  -56.498  -20.704 0.1000000015
38620  -44.292  -56.406  -21.393 0.1000000015
28623  -44.877  -65.353  -17.354 0.1000000015
29821  -45.217  -64.370  -17.590 0.1000000015
38578  -41.952  -57.189  -18.657 0.1000000015
37494  -42.538  -57.765  -21.662 0.1000000015
37495  -43.492  -57.238  -21.780 0.1000000015
39672  -43.187  -56.083  -19.185 0.1000000015
38621  -45.449  -56.015  -21.531 0.1000000015
37496  -44.191  -57.097  -22.042 0.1000000015
38643  -45.165  -56.670  -22.048 0.1000000015
27356  -46.364  -66.357  -12.101 0.1000000015
27338  -46.645  -66.534  -10.464 0.1000000015
37515  -43.881  -57.680  -22.430 0.1000000015
27371  -50.198  -67.305  -13.574 0.1000000015
26261  -50.420  -67.714  -12.730 0.1000000015
27427  -46.492  -66.651  -16.555 0.1000000015
38619  -43.496  -56.813  -21.287 0.1000000015
27370  -49.439  -67.177  -13.458 0.1000000015
26254  -50.187  -67.877  -11.968 0.1000000015
26253  -49.408  -67.522  -11.694 0.1000000015
38611  -43.873  -55.997  -20.706 0.1000000015
38642  -44.593  -56.873  -22.014 0.1000000015
19049  -46.942  -75.094  -30.071 0.1000000015
20149  -48.093  -73.749  -30.926 0.1000000015
13233  -46.732  -80.725  -21.044 0.1000000015
12336  -46.968  -81.310  -21.367 0.1000000015
14095  -46.170  -79.746  -20.701 0.1000000015
13232  -45.999  -80.314  -21.094 0.1000000015
14122  -45.000  -80.332  -21.518 0.1000000015
13234  -47.642  -80.751  -20.897 0.1000000015
14950  -45.380  -78.806  -20.555 0.1000000015
14096  -47.247  -79.637  -20.376 0.1000000015
14097  -48.231  -79.893  -20.547 0.1000000015
14949  -44.320  -78.857  -21.112 0.1000000015
15861  -45.277  -78.005  -20.263 0.1000000015
14952  -46.884  -78.949  -20.135 0.1000000015
16798  -44.319  -77.114  -20.090 0.1000000015
14934  -46.500  -78.376  -20.072 0.1000000015
17772  -41.149  -75.662  -15.884 0.1000000015
18826  -38.679  -74.641  -16.707 0.1000000015
18846  -38.047  -74.466  -17.320 0.1000000015
19932  -38.111  -73.781  -17.806 0.1000000015
19950  -37.764  -73.769  -18.595 0.1000000015
13259  -48.140  -80.797  -21.492 0.1000000015
18858  -36.918  -74.560  -18.492 0.1000000015
19970  -38.460  -73.503  -19.130 0.1000000015
15859  -43.441  -77.889  -20.719 0.1000000015
16797  -43.602  -77.116  -20.325 0.1000000015
11422  -46.445  -81.647  -22.324 0.1000000015
18872  -37.188  -74.007  -19.432 0.1000000015
18898  -38.372  -74.407  -20.488 0.1000000015
17853  -40.576  -75.634  -20.347 0.1000000015
16795  -41.874  -77.008  -20.679 0.1000000015
16773  -42.882  -76.336  -20.230 0.1000000015
16774  -43.823  -76.392  -20.003 0.1000000015
15839  -45.726  -77.594  -20.007 0.1000000015
12369  -46.824  -81.195  -22.560 0.1000000015
18896  -36.583  -74.313  -20.256 0.1000000015
17852  -39.399  -75.416  -20.788 0.1000000015
17854  -41.462  -76.321  -20.377 0.1000000015
18828  -40.490  -74.638  -16.126 0.1000000015
18827  -39.445  -74.758  -16.332 0.1000000015
19910  -39.136  -74.169  -16.642 0.1000000015
14098  -49.040  -79.340  -20.456 0.1000000015
14972  -49.700  -78.410  -21.134 0.1000000015
14123  -48.609  -80.008  -21.092 0.1000000015
19933  -38.861  -73.622  -17.199 0.1000000015
19951  -38.722  -73.222  -18.229 0.1000000015
21072  -39.030  -73.097  -17.705 0.1000000015
12371  -47.649  -81.246  -21.844 0.1000000015
18875  -40.188  -74.395  -19.877 0.1000000015
17825  -40.997  -75.006  -19.973 0.1000000015
17826  -41.864  -75.560  -19.984 0.1000000015
16775  -44.857  -76.668  -19.816 0.1000000015
18876  -41.393  -74.402  -19.760 0.1000000015
17827  -43.134  -75.508  -19.894 0.1000000015
18829  -41.867  -74.615  -16.054 0.1000000015
19912  -40.941  -73.448  -16.344 0.1000000015
19913  -42.278  -73.372  -16.363 0.1000000015
18830  -43.156  -74.280  -16.321 0.1000000015
14953  -49.767  -78.737  -20.496 0.1000000015
21048  -40.797  -72.621  -16.836 0.1000000015
14077  -47.927  -79.326  -19.983 0.1000000015
15883  -50.316  -77.271  -20.766 0.1000000015
21047  -40.070  -72.950  -16.827 0.1000000015
14935  -47.357  -78.751  -19.865 0.1000000015
15882  -49.708  -77.613  -21.304 0.1000000015
21073  -39.504  -72.895  -17.462 0.1000000015
19952  -39.295  -72.895  -18.384 0.1000000015
19971  -39.622  -73.120  -19.058 0.1000000015
18874  -38.981  -73.949  -19.787 0.1000000015
19972  -40.888  -73.386  -19.479 0.1000000015
18878  -43.594  -74.622  -19.694 0.1000000015
17828  -44.198  -75.604  -19.749 0.1000000015
18877  -42.498  -74.542  -19.726 0.1000000015
19914  -43.395  -73.176  -16.435 0.1000000015
14078  -48.643  -79.226  -19.979 0.1000000015
21050  -42.714  -72.273  -16.647 0.1000000015
21051  -43.715  -72.256  -16.317 0.1000000015
19915  -44.243  -73.050  -16.243 0.1000000015
15841  -47.639  -77.775  -19.446 0.1000000015
14936  -48.303  -78.649  -19.569 0.1000000015
14954  -50.342  -78.265  -19.845 0.1000000015
21075  -41.156  -72.165  -17.199 0.1000000015
21049  -41.611  -72.577  -16.686 0.1000000015
15840  -46.682  -77.674  -19.748 0.1000000015
14141  -48.905  -78.992  -21.737 0.1000000015
21074  -40.419  -72.349  -17.512 0.1000000015
22154  -40.937  -72.003  -17.533 0.1000000015
17829  -45.218  -75.712  -19.590 0.1000000015
16776  -45.929  -76.698  -19.681 0.1000000015
21097  -39.781  -72.622  -18.208 0.1000000015
21121  -40.619  -72.562  -19.021 0.1000000015
19973  -42.006  -73.504  -19.617 0.1000000015
16818  -49.654  -76.732  -21.236 0.1000000015
18879  -44.617  -74.715  -19.581 0.1000000015
17830  -46.205  -75.763  -19.464 0.1000000015
21123  -42.664  -72.701  -19.480 0.1000000015
21098  -40.591  -72.188  -18.350 0.1000000015
21120  -40.152  -72.625  -18.649 0.1000000015
21122  -41.612  -72.499  -19.297 0.1000000015
16778  -47.875  -76.795  -19.170 0.1000000015
15821  -49.953  -77.617  -18.079 0.1000000015
17831  -47.145  -75.778  -19.220 0.1000000015
21076  -41.931  -71.905  -17.146 0.1000000015
19976  -45.067  -73.817  -19.458 0.1000000015
18880  -45.580  -74.799  -19.440 0.1000000015
18881  -46.469  -74.849  -19.275 0.1000000015
22155  -41.389  -71.764  -17.607 0.1000000015
19974  -43.075  -73.644  -19.633 0.1000000015
19975  -44.093  -73.749  -19.584 0.1000000015
22173  -40.891  -71.890  -17.852 0.1000000015
22198  -43.302  -72.047  -19.267 0.1000000015
21124  -43.650  -72.841  -19.521 0.1000000015
22196  -41.743  -71.804  -18.879 0.1000000015
16779  -48.629  -76.842  -18.732 0.1000000015
15801  -50.802  -77.461  -17.442 0.1000000015
18882  -47.287  -74.737  -19.003 0.1000000015
17832  -48.117  -75.766  -18.813 0.1000000015
22157  -43.064  -71.033  -17.430 0.1000000015
21126  -45.594  -72.819  -19.267 0.1000000015
19978  -46.688  -74.090  -19.164 0.1000000015
21125  -44.583  -72.932  -19.466 0.1000000015
22175  -42.333  -71.410  -18.512 0.1000000015
15800  -50.290  -76.969  -17.457 0.1000000015
17811  -48.954  -75.651  -18.339 0.1000000015
19954  -47.617  -73.829  -18.824 0.1000000015
18860  -48.420  -74.584  -18.498 0.1000000015
22139  -43.522  -71.389  -16.742 0.1000000015
22199  -44.223  -72.167  -19.319 0.1000000015
23208  -42.854  -70.981  -18.090 0.1000000015
16743  -50.738  -76.665  -16.718 0.1000000015
21032  -44.108  -72.432  -15.356 0.1000000015
21052  -44.209  -72.301  -15.868 0.1000000015
19969  -37.831  -73.700  -19.241 0.1000000015
18873  -38.031  -73.799  -19.791 0.1000000015
18897  -37.513  -74.127  -20.342 0.1000000015
18900  -39.839  -75.059  -20.271 0.1000000015
15857  -41.578  -77.517  -21.147 0.1000000015
19911  -39.728  -73.791  -16.549 0.1000000015
15842  -48.655  -77.795  -19.051 0.1000000015
16777  -46.921  -76.753  -19.482 0.1000000015
17833  -48.731  -76.271  -18.559 0.1000000015
19977  -45.962  -73.954  -19.321 0.1000000015
22200  -44.875  -72.337  -19.350 0.1000000015
16758  -49.688  -76.530  -17.819 0.1000000015
19916  -44.674  -73.061  -15.756 0.1000000015
4786  -36.345  -90.972  -27.318 0.1000000015
4768  -37.055  -91.155  -26.362 0.1000000015
5395  -30.043  -89.975  -30.057 0.1000000015
5396  -30.653  -90.427  -29.677 0.1000000015
6055  -31.385  -90.030  -29.976 0.1000000015
5398  -32.670  -90.496  -29.711 0.1000000015
4784  -34.322  -91.330  -27.243 0.1000000015
6088  -29.475  -89.628  -31.355 0.1000000015
6111  -30.546  -89.489  -33.515 0.1000000015
4787  -37.193  -90.723  -27.403 0.1000000015
5359  -37.595  -90.816  -26.778 0.1000000015
5347  -38.762  -90.714  -25.642 0.1000000015
4803  -35.849  -91.103  -28.408 0.1000000015
5383  -33.143  -90.953  -28.883 0.1000000015
4802  -34.765  -91.127  -28.573 0.1000000015
4785  -35.360  -91.202  -27.319 0.1000000015
4752  -38.268  -91.168  -25.671 0.1000000015
6054  -30.642  -89.709  -30.102 0.1000000015
4801  -33.683  -91.127  -28.096 0.1000000015
4800  -32.685  -91.299  -28.068 0.1000000015
6816  -29.997  -88.515  -30.780 0.1000000015
6854  -30.170  -88.422  -33.240 0.1000000015
6873  -30.782  -88.730  -34.088 0.1000000015
6890  -31.034  -89.028  -34.738 0.1000000015
9799  -36.156  -84.873  -26.667 0.1000000015
9055  -37.332  -85.791  -25.703 0.1000000015
9809  -36.100  -84.997  -27.334 0.1000000015
5372  -37.974  -90.426  -27.443 0.1000000015
5362  -39.214  -89.745  -26.460 0.1000000015
6012  -39.391  -89.176  -25.889 0.1000000015
7472  -38.737  -87.426  -25.684 0.1000000015
8252  -38.279  -86.953  -25.296 0.1000000015
8274  -37.798  -86.231  -26.073 0.1000000015
4788  -37.560  -90.545  -27.574 0.1000000015
7459  -38.919  -88.211  -25.139 0.1000000015
4804  -36.689  -90.879  -28.325 0.1000000015
5328  -39.042  -90.228  -24.706 0.1000000015
5399  -33.719  -90.681  -29.662 0.1000000015
6831  -29.680  -88.405  -31.558 0.1000000015
9817  -35.403  -84.900  -28.432 0.1000000015
9054  -36.799  -85.343  -26.126 0.1000000015
9816  -34.870  -84.323  -28.391 0.1000000015
6772  -39.222  -88.552  -26.525 0.1000000015
6771  -38.893  -87.987  -26.587 0.1000000015
8288  -38.401  -87.088  -26.510 0.1000000015
6027  -39.227  -89.224  -26.819 0.1000000015
5373  -38.509  -90.023  -27.461 0.1000000015
5416  -32.967  -90.151  -30.372 0.1000000015
6071  -32.360  -89.639  -30.559 0.1000000015
6070  -31.240  -89.243  -30.350 0.1000000015
6817  -30.883  -88.418  -30.695 0.1000000015
7548  -30.285  -87.385  -31.675 0.1000000015
4815  -35.477  -91.072  -29.367 0.1000000015
9786  -36.142  -84.871  -25.654 0.1000000015
9067  -37.326  -85.913  -26.387 0.1000000015
5418  -34.523  -90.588  -30.554 0.1000000015
9041  -36.812  -85.304  -25.348 0.1000000015
4805  -37.377  -90.538  -28.207 0.1000000015
4817  -36.925  -90.719  -29.027 0.1000000015
9767  -35.886  -84.954  -25.069 0.1000000015
5453  -35.638  -90.284  -31.896 0.1000000015
5454  -36.145  -90.178  -32.007 0.1000000015
6857  -36.356  -89.083  -32.735 0.1000000015
8287  -37.800  -86.706  -26.920 0.1000000015
6793  -38.357  -89.210  -27.730 0.1000000015
5386  -38.299  -89.766  -27.805 0.1000000015
5401  -36.720  -90.553  -29.735 0.1000000015
6057  -37.650  -89.722  -29.045 0.1000000015
5420  -36.269  -90.710  -30.463 0.1000000015
5438  -36.606  -90.381  -31.162 0.1000000015
6041  -37.959  -89.513  -28.207 0.1000000015
7506  -37.810  -87.893  -27.544 0.1000000015
6792  -37.884  -88.776  -27.929 0.1000000015
6074  -37.466  -89.483  -30.268 0.1000000015
5402  -37.311  -90.225  -29.301 0.1000000015
6113  -35.731  -89.807  -32.382 0.1000000015
5421  -36.932  -90.227  -30.434 0.1000000015
4734  -38.347  -91.210  -24.756 0.1000000015
4769  -37.890  -91.137  -26.241 0.1000000015
4770  -38.408  -90.892  -26.223 0.1000000015
4814  -34.936  -91.047  -29.542 0.1000000015
4816  -36.261  -90.916  -29.372 0.1000000015
4826  -34.782  -90.879  -29.959 0.1000000015
4827  -35.170  -90.903  -30.060 0.1000000015
5329  -39.306  -89.681  -25.322 0.1000000015
5348  -39.203  -90.030  -25.788 0.1000000015
5360  -38.069  -90.733  -26.764 0.1000000015
5361  -38.702  -90.336  -26.626 0.1000000015
5371  -37.677  -90.592  -27.191 0.1000000015
5384  -33.947  -90.980  -28.961 0.1000000015
5385  -37.929  -90.101  -28.246 0.1000000015
5400  -34.446  -90.928  -29.571 0.1000000015
5415  -29.573  -90.276  -30.546 0.1000000015
5436  -35.118  -90.429  -31.375 0.1000000015
5437  -35.994  -90.573  -31.433 0.1000000015
5992  -39.267  -89.268  -24.956 0.1000000015
6026  -39.000  -89.795  -27.014 0.1000000015
6035  -38.770  -89.421  -27.432 0.1000000015
6036  -39.054  -89.012  -27.179 0.1000000015
6042  -38.356  -89.529  -27.778 0.1000000015
6053  -30.210  -89.538  -30.270 0.1000000015
6056  -31.973  -90.261  -29.872 0.1000000015
6068  -29.827  -89.401  -30.575 0.1000000015
6069  -30.439  -89.112  -30.411 0.1000000015
6093  -36.542  -90.202  -31.733 0.1000000015
6734  -38.877  -88.596  -24.650 0.1000000015
6735  -39.203  -88.575  -25.323 0.1000000015
6752  -39.300  -88.400  -25.865 0.1000000015
6784  -38.123  -88.454  -27.566 0.1000000015
6785  -38.631  -88.578  -27.248 0.1000000015
6786  -39.134  -88.829  -26.977 0.1000000015
6815  -29.567  -88.938  -30.988 0.1000000015
6818  -31.740  -88.768  -30.773 0.1000000015
6832  -29.991  -87.999  -31.189 0.1000000015
7473  -39.016  -88.007  -25.517 0.1000000015
7492  -38.727  -87.423  -26.278 0.1000000015
7493  -39.123  -87.897  -26.078 0.1000000015
7505  -37.387  -87.200  -27.508 0.1000000015
7507  -38.458  -87.575  -26.858 0.1000000015
7533  -30.364  -87.962  -31.029 0.1000000015
7534  -30.873  -87.738  -31.110 0.1000000015
7547  -29.748  -87.803  -31.901 0.1000000015
7611  -30.769  -88.183  -34.808 0.1000000015
7681  -35.264  -87.549  -39.552 0.1000000015
7684  -37.202  -87.153  -38.939 0.1000000015
7699  -36.220  -87.199  -39.470 0.1000000015
8231  -38.167  -87.144  -24.903 0.1000000015
8251  -37.802  -86.337  -25.488 0.1000000015
8275  -38.314  -86.816  -26.017 0.1000000015
8429  -38.351  -86.558  -37.911 0.1000000015
8438  -37.127  -87.135  -38.128 0.1000000015
8439  -37.670  -86.932  -38.385 0.1000000015
8441  -39.057  -85.938  -38.363 0.1000000015
8450  -37.109  -86.743  -39.433 0.1000000015
8452  -38.431  -86.236  -38.938 0.1000000015
8462  -34.211  -86.548  -40.541 0.1000000015
8466  -37.243  -86.423  -39.585 0.1000000015
9023  -36.490  -85.554  -24.889 0.1000000015
9042  -37.270  -85.837  -25.117 0.1000000015
9065  -35.934  -85.260  -27.863 0.1000000015
9182  -39.333  -85.281  -37.389 0.1000000015
9183  -39.695  -85.086  -37.691 0.1000000015
9199  -39.432  -85.547  -38.090 0.1000000015
9208  -38.718  -86.051  -38.883 0.1000000015
9209  -39.099  -85.699  -38.769 0.1000000015
9218  -37.705  -86.025  -39.656 0.1000000015
9219  -38.507  -85.842  -39.217 0.1000000015
9220  -39.008  -85.485  -39.105 0.1000000015
9229  -33.682  -86.002  -40.767 0.1000000015
9230  -34.018  -85.962  -40.761 0.1000000015
9254  -35.368  -85.209  -41.177 0.1000000015
9768  -36.403  -85.047  -25.124 0.1000000015
9808  -35.365  -84.452  -27.433 0.1000000015
9825  -35.013  -84.607  -28.891 0.1000000015
9830  -42.427  -84.219  -29.942 0.1000000015
9846  -43.876  -84.017  -30.900 0.1000000015
9958  -39.198  -84.768  -39.136 0.1000000015
9975  -39.246  -85.290  -39.040 0.1000000015
9990  -36.775  -85.388  -40.124 0.1000000015
9991  -37.343  -85.619  -39.838 0.1000000015
10047  -33.200  -83.889  -44.378 0.1000000015
10646  -41.208  -83.622  -29.781 0.1000000015
10648  -43.029  -83.647  -29.607 0.1000000015
10650  -44.187  -83.058  -30.202 0.1000000015
10659  -40.635  -83.846  -29.955 0.1000000015
10660  -43.926  -83.937  -30.551 0.1000000015
10668  -41.961  -83.048  -31.724 0.1000000015
10669  -42.319  -83.515  -31.631 0.1000000015
10787  -36.477  -83.706  -39.239 0.1000000015
10804  -38.211  -84.704  -39.428 0.1000000015
10805  -38.723  -84.733  -39.329 0.1000000015
10860  -33.802  -83.502  -44.601 0.1000000015
10861  -34.661  -83.471  -44.278 0.1000000015
10875  -33.620  -83.156  -45.131 0.1000000015
11413  -47.137  -81.558  -21.877 0.1000000015
11423  -46.999  -81.628  -22.073 0.1000000015
11440  -45.716  -81.903  -22.946 0.1000000015
11479  -42.837  -82.501  -25.057 0.1000000015
11502  -44.384  -82.204  -27.711 0.1000000015
11504  -45.370  -81.819  -28.219 0.1000000015
11517  -45.406  -81.788  -28.466 0.1000000015
11547  -42.749  -82.452  -31.527 0.2000000030
11567  -42.317  -82.258  -31.749 0.2000000030
11632  -37.358  -82.683  -38.091 0.1000000015
11652  -39.284  -83.249  -38.270 0.1000000015
11666  -35.333  -82.217  -40.337 0.1000000015
11696  -36.232  -82.034  -43.060 0.1000000015
11698  -35.586  -82.559  -43.916 0.1000000015
11707  -34.653  -82.971  -44.793 0.1000000015
11716  -33.331  -82.658  -45.485 0.1000000015
11718  -35.021  -82.113  -45.092 0.1000000015
12337  -47.243  -81.118  -21.191 0.1000000015
12352  -46.691  -81.578  -21.695 0.1000000015
12353  -47.426  -81.295  -21.559 0.1000000015
12354  -47.812  -81.136  -21.729 0.1000000015
12370  -47.280  -81.406  -22.096 0.1000000015
12423  -43.392  -82.139  -25.288 0.1000000015
12441  -43.513  -82.200  -26.186 0.1000000015
12457  -42.179  -81.935  -26.991 0.1000000015
12460  -44.715  -81.880  -27.277 0.1000000015
12475  -43.648  -82.243  -27.779 0.1000000015
12476  -45.376  -81.636  -28.828 0.1000000015
12490  -45.404  -81.363  -28.889 0.1000000015
12521  -41.365  -81.280  -32.679 0.1000000015
12524  -43.343  -81.418  -31.220 0.2000000030
12624  -35.338  -81.880  -40.297 0.1000000015
12632  -35.370  -81.960  -40.526 0.1000000015
12644  -36.996  -80.783  -41.932 0.1000000015
12660  -35.664  -82.125  -44.410 0.1000000015
12676  -35.370  -81.605  -44.747 0.1000000015
12683  -32.868  -82.030  -45.456 0.1000000015
12686  -35.092  -81.841  -45.097 0.1000000015
13235  -48.204  -80.613  -20.989 0.1000000015
13256  -45.703  -80.873  -21.499 0.1000000015
13257  -46.484  -81.323  -21.492 0.1000000015
13258  -47.932  -80.990  -21.188 0.1000000015
13274  -46.969  -80.679  -22.671 0.3000000119
13275  -47.349  -80.835  -22.460 0.1000000015
13276  -47.871  -80.877  -22.072 0.1000000015
13305  -44.509  -81.017  -24.917 0.1000000015
13348  -45.178  -80.403  -28.048 0.3000000119
13349  -45.521  -80.801  -27.661 0.3000000119
13357  -44.195  -80.172  -28.801 0.2000000030
13358  -44.595  -80.287  -28.608 0.4000000060
13364  -45.184  -81.185  -29.112 0.1000000015
13381  -43.576  -81.052  -31.006 0.1000000015
13396  -43.481  -81.275  -31.071 0.2000000030
13436  -39.194  -80.127  -35.926 0.1000000015
13437  -39.770  -80.049  -36.001 0.1000000015
13453  -36.719  -81.091  -36.304 0.2000000030
13496  -36.058  -81.028  -40.804 0.1000000015
13497  -36.695  -80.600  -40.988 0.1000000015
13498  -37.335  -80.149  -41.086 0.1000000015
13523  -36.904  -80.719  -43.136 0.1000000015
13553  -36.209  -81.031  -44.112 0.1000000015
14076  -47.553  -79.265  -20.063 0.1000000015
14094  -45.236  -79.763  -21.190 0.1000000015
14124  -49.161  -79.129  -21.232 0.1000000015
14157  -46.747  -80.010  -23.066 0.2000000030
14158  -47.178  -79.775  -22.821 0.3000000119
14197  -45.366  -80.255  -26.874 0.3000000119
14204  -43.450  -79.532  -28.011 0.3000000119
14205  -44.047  -79.619  -27.748 0.3000000119
14214  -42.922  -79.559  -28.569 0.3000000119
14223  -42.016  -79.221  -29.197 0.2000000030
14224  -42.519  -79.528  -29.351 0.2000000030
14234  -42.047  -79.325  -29.829 0.2000000030
14249  -43.213  -80.091  -30.727 0.2000000030
14263  -41.846  -79.007  -32.536 0.1000000015
14264  -42.242  -79.413  -32.029 0.1000000015
14273  -36.387  -78.832  -33.973 0.2000000030
14288  -36.381  -79.247  -34.363 0.2000000030
14320  -40.044  -80.019  -36.014 0.1000000015
14341  -36.780  -79.400  -39.031 0.1000000015
14350  -36.328  -80.407  -39.948 0.1000000015
14352  -37.440  -79.280  -39.709 0.1000000015
14365  -38.468  -78.948  -40.963 0.1000000015
14376  -37.875  -79.572  -41.521 0.1000000015
14396  -38.285  -78.602  -41.901 0.1000000015
14406  -37.174  -79.192  -42.992 0.1000000015
14407  -35.483  -80.327  -44.017 0.1000000015
14408  -35.819  -80.340  -44.004 0.1000000015
14933  -45.862  -78.341  -20.248 0.1000000015
14951  -46.350  -78.989  -20.302 0.1000000015
14973  -50.188  -77.996  -20.683 0.1000000015
14988  -48.614  -78.645  -22.088 0.1000000015
14989  -49.279  -78.363  -21.636 0.1000000015
15009  -43.361  -78.065  -25.114 0.4000000060
15019  -42.442  -78.141  -25.892 0.4000000060
15034  -44.579  -79.505  -26.684 0.3000000119
15050  -41.754  -78.923  -28.591 0.2000000030
15051  -42.317  -79.176  -28.218 0.2000000030
15069  -41.558  -78.984  -30.199 0.2000000030
15095  -38.116  -78.176  -32.782 0.1000000015
15100  -42.032  -79.063  -31.763 0.1000000015
15109  -35.839  -77.998  -33.761 0.2000000030
15113  -39.643  -78.378  -33.369 0.1000000015
15126  -35.701  -78.445  -34.263 0.2000000030
15128  -38.447  -78.851  -33.926 0.1000000015
15161  -36.435  -78.689  -37.748 0.1000000015
15171  -37.696  -78.779  -39.000 0.1000000015
15202  -39.794  -77.936  -40.650 0.1000000015
15203  -40.159  -77.673  -40.504 0.1000000015
15224  -39.640  -77.869  -41.183 0.1000000015
15225  -40.113  -77.649  -40.774 0.1000000015
15242  -36.901  -77.914  -42.949 0.1000000015
15247  -35.838  -78.933  -43.471 0.1000000015
15249  -37.111  -78.457  -43.017 0.1000000015
15820  -49.195  -77.465  -18.560 0.1000000015
15838  -44.923  -77.456  -20.094 0.1000000015
15860  -44.461  -77.890  -20.421 0.1000000015
15862  -50.712  -77.379  -20.099 0.1000000015
15897  -46.987  -77.559  -22.681 0.2000000030
15900  -49.363  -77.894  -21.624 0.1000000015
15928  -43.274  -77.465  -24.597 0.4000000060
15950  -42.099  -77.934  -26.042 0.4000000060
15956  -40.863  -77.310  -27.321 0.4000000060
16056  -35.914  -77.409  -35.794 0.1000000015
16066  -35.574  -77.944  -35.858 0.1000000015
16067  -36.153  -77.740  -36.450 0.1000000015
16094  -38.698  -78.027  -38.833 0.1000000015
16096  -40.467  -77.535  -39.567 0.1000000015
16110  -35.694  -76.879  -40.052 0.1000000015
16111  -39.249  -78.107  -39.533 0.1000000015
16112  -39.905  -77.915  -39.901 0.1000000015
16114  -41.104  -77.434  -39.958 0.1000000015
16131  -40.133  -77.763  -40.282 0.1000000015
16133  -41.274  -77.252  -40.135 0.1000000015
16148  -35.791  -77.402  -41.772 0.1000000015
16150  -39.760  -77.336  -41.615 0.1000000015
16157  -35.929  -77.504  -42.485 0.1000000015
16158  -36.543  -77.477  -42.385 0.1000000015
16724  -51.032  -76.560  -16.286 0.1000000015
16725  -51.339  -76.685  -16.270 0.1000000015
16757  -49.184  -76.770  -18.313 0.1000000015
16772  -42.149  -76.467  -20.351 0.1000000015
16796  -42.731  -77.085  -20.571 0.1000000015
16816  -48.233  -76.096  -21.545 0.4000000060
16837  -45.103  -75.919  -22.737 0.2000000030
16841  -48.623  -77.040  -21.713 0.2000000030
16864  -46.657  -77.393  -22.809 0.2000000030
16881  -41.812  -76.078  -24.648 0.4000000060
16882  -42.438  -76.352  -24.399 0.4000000060
16883  -43.157  -76.769  -24.178 0.4000000060
16905  -40.085  -76.179  -26.767 0.4000000060
16906  -40.720  -76.276  -26.149 0.4000000060
16907  -41.355  -76.753  -25.874 0.4000000060
16967  -37.607  -76.884  -31.126 0.1000000015
16981  -36.218  -76.572  -33.018 0.2000000030
16994  -35.650  -77.211  -34.239 0.2000000030
17007  -35.694  -76.991  -34.458 0.1000000015
17009  -36.575  -76.352  -35.136 0.1000000015
17022  -35.684  -77.040  -34.898 0.1000000015
17024  -36.924  -76.544  -35.715 0.1000000015
17037  -37.002  -77.046  -36.426 0.1000000015
17039  -38.489  -76.621  -36.970 0.1000000015
17054  -37.420  -77.260  -36.988 0.1000000015
17080  -42.196  -76.157  -38.775 0.1000000015
17094  -40.972  -77.392  -39.636 0.1000000015
17109  -36.222  -76.815  -40.620 0.1000000015
17112  -40.863  -77.059  -41.056 0.1000000015
17124  -36.706  -76.988  -41.493 0.1000000015
17125  -37.792  -76.352  -41.538 0.1000000015
17127  -39.544  -76.688  -41.806 0.1000000015
17133  -36.770  -77.327  -41.985 0.1000000015
17136  -38.734  -76.900  -42.050 0.1000000015
17810  -48.349  -75.204  -18.597 0.1000000015
17855  -50.785  -75.770  -20.639 0.1000000015
17875  -47.512  -75.430  -21.688 0.4000000060
17879  -50.188  -76.053  -20.916 0.1000000015
17896  -46.177  -75.589  -22.266 0.3000000119
17898  -47.741  -75.905  -21.666 0.4000000060
17921  -40.997  -75.020  -24.794 0.4000000060
17923  -42.334  -75.278  -23.931 0.4000000060
17949  -46.594  -75.429  -26.943 0.4000000060
17950  -47.036  -75.104  -26.816 0.4000000060
17961  -38.341  -74.690  -28.074 0.4000000060
17963  -45.404  -75.835  -27.714 0.3000000119
17981  -38.632  -75.766  -28.504 0.2000000030
17982  -45.111  -75.848  -28.132 0.3000000119
18002  -37.729  -75.722  -29.643 0.1000000015
18003  -45.211  -76.034  -28.927 0.2000000030
18021  -36.566  -75.096  -31.498 0.1000000015
18040  -36.663  -76.058  -31.395 0.1000000015
18065  -37.708  -74.995  -33.845 0.1000000015
18089  -37.065  -76.187  -35.252 0.1000000015
18118  -36.298  -75.225  -37.943 0.1000000015
18132  -35.164  -76.105  -38.266 0.1000000015
18133  -35.578  -75.986  -38.360 0.1000000015
18135  -36.965  -75.360  -38.781 0.1000000015
18137  -42.454  -75.724  -38.729 0.1000000015
18142  -36.086  -76.038  -38.874 0.1000000015
18144  -37.510  -75.440  -39.450 0.1000000015
18146  -42.321  -75.526  -39.523 0.1000000015
18158  -37.782  -75.733  -40.374 0.1000000015
18161  -40.243  -75.545  -41.149 0.1000000015
18162  -41.022  -75.950  -40.922 0.1000000015
18163  -41.738  -75.854  -40.198 0.1000000015
18170  -38.166  -75.886  -41.009 0.1000000015
18174  -40.740  -76.402  -41.359 0.1000000015
18859  -47.943  -74.820  -18.740 0.1000000015
18899  -39.261  -74.685  -20.312 0.1000000015
18901  -50.369  -74.820  -20.688 0.2000000030
18902  -51.019  -75.082  -20.554 0.1000000015
18919  -49.072  -75.039  -21.142 0.4000000060
18927  -44.129  -74.275  -22.510 0.3000000119
18928  -44.887  -74.406  -22.253 0.2000000030
18959  -40.022  -74.580  -25.438 0.4000000060
18963  -48.867  -73.851  -26.081 0.5000000000
18964  -49.224  -73.671  -26.120 0.5000000000
18974  -38.646  -73.904  -27.168 0.3000000119
18977  -45.576  -75.060  -26.575 0.4000000060
18990  -38.428  -74.037  -27.667 0.4000000060
18994  -45.507  -75.649  -27.244 0.3000000119
18995  -47.175  -74.925  -27.845 0.3000000119
18997  -48.266  -74.021  -27.048 0.5000000000
19008  -37.608  -74.263  -29.266 0.1000000015
19045  -36.634  -74.907  -31.300 0.1000000015
19066  -36.754  -74.746  -31.799 0.1000000015
19106  -37.318  -74.858  -33.369 0.1000000015
19140  -39.753  -74.895  -35.268 0.1000000015
19142  -41.442  -74.205  -35.558 0.1000000015
19161  -41.186  -74.756  -36.168 0.1000000015
19164  -43.419  -74.273  -37.666 0.1000000015
19193  -36.757  -75.061  -38.174 0.1000000015
19196  -39.296  -74.475  -39.241 0.1000000015
19197  -43.422  -74.381  -38.718 0.1000000015
19201  -38.161  -75.034  -39.299 0.1000000015
19203  -39.830  -74.662  -39.863 0.1000000015
19204  -40.583  -74.741  -40.044 0.1000000015
19894  -53.455  -73.763  -14.695 0.1000000015
19934  -39.501  -73.276  -16.981 0.1000000015
19953  -46.911  -73.599  -19.021 0.1000000015
19979  -47.125  -74.054  -19.030 0.1000000015
19992  -48.158  -72.723  -20.776 0.5000000000
20025  -42.154  -73.298  -23.713 0.4000000060
20034  -40.384  -73.740  -25.073 0.4000000060
20038  -48.362  -73.196  -24.931 0.6000000238
20056  -49.997  -73.205  -25.836 0.6000000238
20062  -39.269  -73.520  -26.446 0.4000000060
20068  -48.915  -73.670  -26.492 0.5000000000
20069  -49.460  -73.348  -26.292 0.5000000000
20078  -41.596  -72.909  -27.711 0.3000000119
20080  -43.437  -74.104  -27.463 0.4000000060
20081  -44.016  -74.610  -27.212 0.4000000060
20099  -41.020  -73.080  -28.806 0.3000000119
20102  -43.462  -74.386  -28.357 0.2000000030
20123  -43.287  -74.243  -29.101 0.2000000030
20142  -39.349  -73.324  -30.419 0.1000000015
20295  -37.831  -73.532  -36.685 0.1000000015
20336  -42.212  -73.325  -39.067 0.1000000015
20348  -42.631  -73.849  -39.426 0.1000000015
20349  -43.156  -73.716  -39.233 0.1000000015
21096  -39.208  -72.847  -17.991 0.1000000015
21099  -41.145  -72.048  -18.827 0.1000000015
21127  -46.382  -73.414  -19.148 0.1000000015
21128  -49.886  -72.301  -19.912 0.4000000060
21144  -48.058  -72.130  -20.740 0.5000000000
21147  -50.226  -73.514  -20.244 0.4000000060
21157  -45.413  -72.542  -21.701 0.5000000000
21166  -45.579  -71.983  -21.814 0.5000000000
21175  -47.508  -71.916  -23.967 0.5000000000
21189  -45.263  -72.223  -24.700 0.5000000000
21190  -46.097  -72.357  -24.644 0.5000000000
21195  -51.039  -72.020  -24.662 0.4000000060
21204  -40.485  -72.819  -25.874 0.4000000060
21207  -43.172  -72.651  -25.551 0.5000000000
21219  -39.762  -72.750  -26.829 0.3000000119
21222  -42.101  -72.608  -26.352 0.3000000119
21225  -49.892  -72.397  -26.373 0.4000000060
21226  -50.668  -72.307  -26.012 0.6999999881
21227  -51.090  -72.121  -25.588 0.5000000000
21235  -39.756  -72.640  -27.602 0.2000000030
21237  -41.190  -72.621  -27.298 0.3000000119
21238  -41.684  -72.629  -26.852 0.3000000119
21242  -49.357  -72.406  -26.591 0.5000000000
21260  -39.058  -72.776  -28.327 0.2000000030
21261  -39.616  -72.728  -28.378 0.2000000030
21263  -41.277  -72.847  -27.884 0.3000000119
21285  -40.204  -72.863  -28.801 0.2000000030
21286  -40.612  -72.976  -28.778 0.3000000119
21300  -46.032  -72.229  -30.324 0.3000000119
21372  -39.567  -72.097  -35.782 0.1000000015
21392  -37.926  -73.137  -36.209 0.1000000015
21414  -41.579  -72.467  -37.751 0.1000000015
21415  -42.153  -72.439  -38.226 0.1000000015
21416  -44.721  -72.933  -38.141 0.1000000015
21426  -41.171  -72.952  -38.186 0.1000000015
22138  -42.654  -71.531  -17.115 0.1000000015
22144  -53.930  -71.770  -16.540 0.1000000015
22156  -42.197  -71.388  -17.732 0.1000000015
22174  -41.427  -71.690  -18.265 0.1000000015
22184  -54.302  -70.641  -18.364 0.2000000030
22197  -42.420  -71.895  -19.152 0.1000000015
22201  -50.128  -72.112  -19.748 0.5000000000
22222  -48.807  -71.543  -20.574 0.5000000000
22224  -50.225  -71.220  -19.941 0.3000000119
22243  -47.868  -71.488  -21.124 0.5000000000
22244  -48.580  -70.856  -21.101 0.5000000000
22251  -45.658  -71.562  -22.442 0.5000000000
22252  -46.647  -71.395  -22.398 0.5000000000
22255  -49.548  -70.680  -22.303 0.5000000000
22265  -50.974  -71.483  -23.806 0.4000000060
22270  -44.166  -71.968  -24.347 0.5000000000
22273  -46.195  -71.759  -23.952 0.5000000000
22275  -51.007  -71.892  -24.435 0.4000000060
22285  -52.078  -71.231  -24.752 0.4000000060
22293  -49.820  -71.445  -26.485 0.4000000060
22301  -48.459  -71.476  -26.813 0.5000000000
22311  -45.721  -71.955  -28.929 0.3000000119
22373  -36.496  -70.862  -33.694 0.1000000015
22375  -37.799  -71.243  -33.671 0.1000000015
22388  -38.413  -71.547  -34.295 0.1000000015
22405  -38.900  -71.770  -34.909 0.1000000015
22427  -40.626  -72.027  -36.302 0.1000000015
22430  -43.485  -70.938  -37.074 0.1000000015
22449  -44.783  -71.272  -38.230 0.1000000015
22450  -45.111  -71.628  -38.074 0.1000000015
22463  -44.485  -71.686  -38.347 0.1000000015
22464  -44.820  -71.608  -38.277 0.1000000015
23165  -54.438  -70.726  -15.325 0.1000000015
23166  -54.624  -70.157  -15.887 0.1000000015
23231  -54.098  -70.690  -19.004 0.3000000119
23242  -53.695  -70.333  -19.556 0.3000000119
23243  -54.125  -70.145  -19.271 0.3000000119
23253  -49.936  -70.897  -20.356 0.5000000000
23255  -51.629  -70.498  -20.049 0.3000000119
23275  -49.007  -70.817  -20.803 0.5000000000
23276  -49.529  -70.649  -20.905 0.5000000000
23296  -49.682  -70.601  -21.672 0.4000000060
23299  -52.441  -70.240  -22.536 0.4000000060
23303  -50.780  -70.772  -22.786 0.5000000000
23305  -52.678  -70.713  -23.515 0.4000000060
23309  -52.967  -70.820  -24.160 0.4000000060
23310  -53.105  -70.221  -24.368 0.4000000060
23313  -51.800  -70.761  -25.291 0.4000000060
23314  -52.428  -70.630  -24.777 0.4000000060
23318  -48.909  -70.596  -26.657 0.5000000000
23321  -51.237  -70.845  -25.856 0.5000000000
23327  -48.240  -70.695  -26.824 0.5000000000
23393  -47.107  -69.800  -31.178 0.1000000015
23408  -37.956  -70.112  -32.783 0.1000000015
23410  -39.583  -69.954  -32.678 0.1000000015
23429  -39.854  -70.343  -33.308 0.1000000015
23445  -35.699  -70.754  -34.524 0.1000000015
23450  -41.528  -70.323  -34.438 0.1000000015
23470  -42.075  -70.638  -35.183 0.1000000015
23471  -42.812  -70.402  -35.363 0.1000000015
23509  -44.582  -70.807  -37.797 0.1000000015
23524  -43.971  -71.047  -37.974 0.1000000015
24280  -52.144  -69.986  -21.073 0.3000000119
24302  -53.077  -69.795  -22.414 0.4000000060
24317  -52.867  -69.361  -24.165 0.5000000000
24324  -53.027  -69.781  -24.482 0.5000000000
24331  -52.593  -69.945  -24.803 0.4000000060
24332  -52.864  -69.832  -24.645 0.4000000060
24336  -46.150  -69.238  -27.049 0.4000000060
24357  -48.177  -69.998  -26.828 0.4000000060
24372  -43.948  -69.167  -28.269 0.3000000119
24409  -44.728  -69.330  -30.141 0.2000000030
24430  -38.619  -68.876  -31.758 0.1000000015
24434  -47.404  -69.273  -31.277 0.1000000015
24446  -37.230  -69.382  -32.739 0.1000000015
24449  -40.284  -69.330  -32.519 0.1000000015
24450  -40.963  -69.176  -32.749 0.1000000015
24466  -41.532  -69.456  -33.371 0.1000000015
24519  -35.701  -69.878  -36.291 0.1000000015
24521  -37.144  -68.774  -36.766 0.1000000015
25235  -53.603  -68.322  -15.336 0.1000000015
25266  -54.745  -68.285  -18.969 0.3000000119
25314  -53.961  -68.464  -21.762 0.3000000119
25346  -49.594  -68.366  -23.402 0.4000000060
25358  -49.663  -68.404  -24.168 0.5000000000
25361  -52.430  -69.226  -24.461 0.5000000000
25366  -45.747  -68.118  -26.105 0.3000000119
25372  -51.536  -69.494  -25.129 0.5000000000
25376  -44.001  -68.198  -26.960 0.4000000060
25469  -46.279  -68.876  -31.184 0.2000000030
25470  -46.774  -68.465  -31.280 0.1000000015
25486  -36.803  -68.886  -33.007 0.1000000015
25490  -40.617  -68.777  -32.297 0.1000000015
25491  -41.781  -68.521  -32.587 0.1000000015
25504  -36.687  -68.706  -33.592 0.1000000015
25522  -36.509  -68.817  -34.203 0.1000000015
26281  -52.176  -67.847  -14.788 0.2000000030
26282  -52.621  -68.079  -14.880 0.1000000015
26289  -47.790  -67.092  -15.794 0.1000000015
26291  -48.942  -66.998  -15.612 0.3000000119
26292  -50.759  -67.117  -15.403 0.3000000119
26293  -50.948  -67.086  -15.539 0.3000000119
26294  -51.627  -67.401  -15.123 0.2000000030
26297  -53.630  -67.815  -15.786 0.1000000015
26307  -47.802  -67.029  -16.127 0.2000000030
26308  -48.114  -67.053  -16.066 0.1000000015
26310  -50.643  -67.093  -15.564 0.3000000119
26312  -53.103  -67.042  -16.371 0.2000000030
26361  -51.573  -67.224  -20.824 0.3000000119
26385  -54.226  -67.948  -21.262 0.3000000119
26395  -47.840  -68.029  -22.784 0.5000000000
26398  -51.268  -68.211  -22.255 0.4000000060
26399  -53.039  -67.916  -22.030 0.4000000060
26414  -46.650  -68.121  -23.868 0.5000000000
26431  -47.776  -68.254  -24.348 0.5000000000
26445  -48.825  -68.425  -24.712 0.5000000000
26452  -45.105  -67.932  -26.080 0.3000000119
26463  -42.926  -67.362  -27.628 0.3000000119
26485  -42.915  -67.364  -27.948 0.3000000119
26498  -43.494  -67.471  -29.043 0.2000000030
26535  -37.836  -67.401  -31.583 0.1000000015
26536  -38.340  -67.273  -31.104 0.1000000015
26539  -41.313  -67.495  -31.683 0.1000000015
26562  -37.545  -67.463  -32.064 0.1000000015
26602  -37.805  -66.889  -34.802 0.1000000015
27360  -49.790  -67.350  -12.957 0.1000000015
27387  -50.481  -67.242  -14.419 0.1000000015
27405  -48.627  -66.979  -14.696 0.1000000015
27431  -50.503  -67.017  -16.105 0.3000000119
27432  -51.106  -66.952  -16.021 0.3000000119
27480  -54.281  -66.416  -18.867 0.3000000119
27499  -53.467  -66.240  -19.702 0.2000000030
27514  -50.729  -66.503  -20.506 0.4000000060
27515  -51.486  -66.772  -20.569 0.4000000060
27518  -53.752  -66.673  -20.022 0.3000000119
27565  -48.850  -67.541  -21.794 0.4000000060
27617  -42.984  -66.391  -27.849 0.2000000030
27675  -39.611  -66.406  -30.328 0.1000000015
27696  -40.984  -67.115  -31.243 0.1000000015
27701  -47.019  -67.161  -31.200 0.1000000015
27737  -37.712  -66.736  -33.158 0.1000000015
27738  -38.083  -66.182  -32.869 0.1000000015
27760  -38.573  -65.983  -34.583 0.1000000015
28606  -51.751  -66.335  -17.104 0.3000000119
28607  -51.995  -66.198  -17.165 0.3000000119
28608  -52.483  -66.055  -17.320 0.2000000030
28633  -53.488  -65.593  -18.023 0.2000000030
28662  -51.546  -65.539  -20.091 0.2000000030
28684  -50.499  -65.829  -20.205 0.3000000119
28686  -51.788  -66.026  -20.276 0.3000000119
28727  -43.087  -65.998  -21.855 0.4000000060
28729  -44.415  -66.286  -21.140 0.4000000060
28739  -41.932  -65.851  -23.157 0.3000000119
28821  -38.759  -64.788  -29.933 0.1000000015
28825  -44.740  -66.107  -29.113 0.2000000030
28846  -38.637  -65.067  -30.268 0.1000000015
28868  -38.289  -65.492  -31.265 0.1000000015
29829  -52.147  -64.936  -18.108 0.3000000119
29837  -48.442  -64.224  -18.425 0.3000000119
29838  -51.086  -64.426  -18.127 0.3000000119
29839  -51.396  -64.365  -18.296 0.3000000119
29848  -52.083  -64.717  -19.413 0.2000000030
29859  -46.136  -64.358  -20.003 0.3000000119
29901  -41.752  -64.347  -22.443 0.3000000119
29904  -43.440  -65.739  -21.298 0.4000000060
29916  -41.526  -64.272  -23.100 0.3000000119
29926  -41.388  -64.052  -24.111 0.1000000015
29940  -43.047  -64.293  -26.189 0.2000000030
30042  -38.589  -64.486  -30.340 0.1000000015
30048  -48.788  -64.455  -30.306 0.1000000015
30072  -48.599  -64.967  -30.876 0.1000000015
30089  -38.676  -64.193  -32.462 0.1000000015
30133  -39.702  -64.718  -34.753 0.1000000015
30970  -47.643  -63.884  -18.372 0.3000000119
30971  -49.626  -64.506  -18.255 0.3000000119
30975  -52.020  -64.464  -18.500 0.3000000119
30986  -50.966  -64.003  -18.461 0.3000000119
30987  -51.600  -64.060  -18.655 0.3000000119
30988  -52.042  -64.081  -18.844 0.3000000119
30997  -51.089  -64.572  -19.579 0.3000000119
30998  -51.493  -64.248  -19.343 0.3000000119
31000  -52.079  -63.750  -19.061 0.3000000119
31007  -43.529  -63.740  -20.233 0.3000000119
31015  -51.657  -63.446  -19.483 0.3000000119
31016  -52.000  -63.338  -19.527 0.3000000119
31034  -45.388  -64.180  -19.936 0.3000000119
31051  -41.952  -63.888  -21.700 0.3000000119
31136  -47.844  -64.155  -27.458 0.1000000015
31169  -38.729  -63.976  -30.008 0.1000000015
31171  -39.848  -63.421  -29.339 0.1000000015
31176  -49.325  -63.736  -28.964 0.1000000015
31190  -38.658  -63.933  -30.388 0.1000000015
31218  -38.743  -63.363  -31.746 0.1000000015
32033  -45.778  -63.053  -17.879 0.2000000030
32044  -49.581  -63.828  -18.790 0.3000000119
32047  -51.793  -63.493  -18.890 0.3000000119
32048  -52.153  -63.516  -18.950 0.3000000119
32057  -50.037  -63.687  -19.025 0.3000000119
32058  -50.915  -63.490  -19.095 0.3000000119
32060  -52.128  -63.192  -19.213 0.3000000119
32061  -52.202  -63.439  -19.171 0.3000000119
32067  -42.515  -62.535  -20.694 0.3000000119
32072  -46.809  -62.885  -19.378 0.3000000119
32075  -51.268  -63.409  -19.311 0.3000000119
32076  -51.686  -62.953  -19.496 0.3000000119
32077  -52.050  -63.005  -19.743 0.3000000119
32086  -41.495  -62.639  -21.984 0.3000000119
32087  -41.632  -62.780  -21.859 0.3000000119
32103  -41.439  -62.473  -22.161 0.3000000119
32151  -42.491  -62.809  -24.667 0.1000000015
32253  -38.670  -63.372  -30.767 0.1000000015
32315  -39.980  -62.645  -33.487 0.1000000015
33134  -46.564  -62.766  -18.479 0.3000000119
33165  -43.569  -61.227  -19.284 0.2000000030
33180  -46.322  -62.586  -19.287 0.3000000119
33205  -41.959  -61.090  -22.913 0.1000000015
33248  -49.835  -60.867  -24.764 0.1000000015
34206  -45.561  -62.049  -18.137 0.2000000030
34220  -42.822  -60.494  -19.338 0.2000000030
34358  -40.816  -59.808  -28.613 0.1000000015
34392  -52.083  -61.043  -29.477 0.1000000015
34411  -39.433  -60.669  -30.299 0.1000000015
34432  -39.555  -60.680  -31.227 0.1000000015
34433  -40.275  -60.495  -32.074 0.1000000015
34434  -40.749  -59.957  -32.163 0.1000000015
34438  -53.528  -60.713  -32.023 0.1000000015
34444  -40.653  -60.854  -32.607 0.1000000015
35272  -43.368  -59.610  -18.180 0.1000000015
35284  -41.899  -59.517  -19.623 0.2000000030
35467  -39.911  -59.995  -31.382 0.1000000015
35473  -53.886  -59.799  -32.047 0.1000000015
36380  -41.621  -58.995  -20.653 0.3000000119
36433  -48.974  -58.031  -23.775 0.1000000015
36509  -40.712  -58.230  -28.593 0.1000000015
37542  -50.355  -57.305  -24.195 0.1000000015
37600  -41.574  -57.797  -27.518 0.1000000015
38595  -41.780  -57.325  -18.983 0.1000000015
38596  -42.216  -56.762  -19.170 0.1000000015
38609  -42.479  -56.602  -20.041 0.1000000015
39833  -41.328  -55.913  -27.960 0.1000000015
