#!ascii label  , from subject sub-01 vox2ras=TkReg
4683
6723  -15.343  -88.359  -24.456 0.0000000000
371  -24.227  -98.905  -23.792 0.0000000000
35343  -18.587  -59.863  -25.084 0.0000000000
14790  -13.652  -78.958  -10.011 0.0000000000
9771  -11.621  -86.462  -22.860 0.0000000000
14086  -9.700  -78.963  -20.456 0.0000000000
6821  -4.964  -87.921  -31.525 0.0000000000
2597  -16.530  -95.713  -27.087 0.0000000000
2729  -9.888  -95.318  -38.414 0.0000000000
24237  -18.040  -70.083  -18.614 0.0000000000
16630  -3.134  -76.865  -9.974 0.0000000000
6663  -3.977  -88.466  -20.651 0.0000000000
2439  -6.012  -95.673  -13.969 0.0000000000
20000  -18.207  -73.640  -22.195 0.0000000000
4201  -11.976  -91.990  -27.813 0.0000000000
9084  -11.236  -85.326  -29.645 0.0000000000
6099  -12.418  -89.065  -32.309 0.0000000000
874  -20.042  -99.850  -26.640 0.0000000000
416  -17.674  -100.134  -30.898 0.0000000000
41894  -21.546  -53.716  -24.043 0.0000000000
37503  -14.099  -57.288  -22.990 0.0000000000
22083  -15.224  -72.285  -13.349 0.0000000000
21069  -21.674  -73.359  -16.686 0.0000000000
14034  -18.281  -78.987  -16.592 0.0000000000
14990  -3.060  -78.091  -22.886 0.0000000000
19897  -5.268  -73.792  -17.126 0.0000000000
32101  -23.639  -62.317  -22.658 0.0000000000
9677  -10.209  -84.641  -16.018 0.0000000000
14049  -13.344  -79.437  -17.468 0.0000000000
13314  -14.667  -80.302  -25.750 0.0000000000
10590  -5.348  -82.944  -26.021 0.0000000000
14226  -3.464  -79.069  -30.756 0.0000000000
4702  -17.333  -90.861  -24.122 0.0000000000
5460  -15.340  -89.671  -33.193 0.0000000000
3099  -15.514  -94.482  -30.457 0.0000000000
954  -12.337  -99.738  -37.076 0.0000000000
23147  -8.824  -70.786  -16.118 0.0000000000
15687  -7.552  -77.372  -11.310 0.0000000000
11359  -6.343  -82.839  -17.340 0.0000000000
7476  -5.570  -87.853  -26.532 0.0000000000
2609  -7.759  -95.319  -27.752 0.0000000000
2982  -5.236  -94.841  -21.096 0.0000000000
2505  -10.874  -95.186  -19.892 0.0000000000
1133  -10.529  -98.821  -21.269 0.0000000000
221  -11.875  -101.737  -24.169 0.0000000000
77  -17.559  -102.597  -21.549 0.0000000000
25243  -24.955  -68.662  -16.452 0.0000000000
24277  -24.823  -69.602  -21.554 0.0000000000
26426  -17.711  -66.991  -24.207 0.0000000000
19905  -13.629  -73.401  -15.947 0.0000000000
23282  -9.567  -70.500  -22.612 0.0000000000
31040  -11.037  -63.566  -22.750 0.0000000000
5505  -7.965  -89.821  -38.457 0.0000000000
11636  -7.954  -82.146  -38.616 0.0000000000
4779  -15.474  -90.886  -27.078 0.0000000000
5412  -14.144  -90.284  -29.905 0.0000000000
7520  -15.571  -87.514  -29.276 0.0000000000
387  -22.045  -100.131  -25.216 0.0000000000
613  -23.769  -99.397  -28.937 0.0000000000
1669  -24.595  -97.420  -28.661 0.0000000000
37532  -22.597  -57.563  -23.344 0.0000000000
38637  -20.373  -56.497  -22.991 0.0000000000
39723  -17.840  -55.586  -22.568 0.0000000000
36442  -16.604  -58.605  -23.854 0.0000000000
18777  -14.330  -74.859  -11.610 0.0000000000
17729  -17.274  -75.938  -13.727 0.0000000000
15724  -16.237  -78.641  -12.069 0.0000000000
17859  -4.275  -75.079  -21.263 0.0000000000
31027  -25.803  -63.500  -21.603 0.0000000000
10534  -10.703  -84.713  -20.775 0.0000000000
11402  -13.809  -82.662  -21.348 0.0000000000
11466  -13.768  -83.051  -24.678 0.0000000000
7526  -7.463  -87.558  -30.538 0.0000000000
10627  -7.633  -83.550  -28.983 0.0000000000
9069  -4.537  -85.734  -28.446 0.0000000000
11505  -3.236  -82.506  -28.278 0.0000000000
10652  -4.043  -83.590  -31.554 0.0000000000
3036  -16.348  -93.833  -25.251 0.0000000000
4797  -18.812  -91.633  -28.420 0.0000000000
3077  -18.762  -94.025  -29.050 0.0000000000
657  -17.573  -100.185  -35.130 0.0000000000
439  -14.291  -100.067  -33.430 0.0000000000
24228  -9.366  -69.264  -18.519 0.0000000000
20988  -4.312  -71.658  -13.148 0.0000000000
17717  -4.245  -75.345  -12.514 0.0000000000
14853  -7.937  -79.529  -14.479 0.0000000000
15755  -4.319  -77.896  -14.786 0.0000000000
8938  -2.703  -85.406  -18.265 0.0000000000
9729  -2.817  -84.378  -21.535 0.0000000000
6718  -4.261  -88.066  -24.355 0.0000000000
4791  -6.221  -91.659  -28.363 0.0000000000
4736  -5.403  -91.988  -25.678 0.0000000000
2463  -5.567  -95.733  -17.625 0.0000000000
1531  -7.569  -97.447  -20.744 0.0000000000
1959  -8.020  -96.583  -16.340 0.0000000000
1500  -11.854  -97.520  -18.412 0.0000000000
751  -7.769  -98.834  -16.785 0.0000000000
165  -9.211  -102.088  -20.635 0.0000000000
209  -14.653  -101.623  -23.227 0.0000000000
25300  -19.299  -68.374  -20.085 0.0000000000
24220  -21.042  -68.839  -16.792 0.0000000000
18893  -21.102  -74.376  -20.446 0.0000000000
21143  -24.023  -71.785  -19.562 0.0000000000
23271  -21.465  -70.998  -22.045 0.0000000000
26390  -20.887  -68.028  -22.822 0.0000000000
24296  -17.628  -69.808  -22.829 0.0000000000
16808  -13.427  -76.846  -21.047 0.0000000000
16717  -13.382  -76.487  -17.337 0.0000000000
17784  -10.329  -75.511  -18.569 0.0000000000
24244  -4.303  -69.352  -19.062 0.0000000000
22187  -7.281  -71.301  -19.533 0.0000000000
25306  -6.800  -68.051  -20.827 0.0000000000
26404  -9.755  -67.403  -23.396 0.0000000000
29867  -6.997  -64.721  -21.349 0.0000000000
33209  -8.354  -62.207  -23.627 0.0000000000
4273  -11.989  -92.584  -35.468 0.0000000000
6185  -12.731  -89.931  -38.123 0.0000000000
4923  -10.494  -91.574  -39.942 0.0000000000
6720  -11.756  -88.909  -24.792 0.0000000000
9043  -13.470  -85.831  -26.216 0.0000000000
6777  -12.546  -88.507  -27.972 0.0000000000
6046  -10.970  -88.747  -30.115 0.0000000000
4830  -8.032  -91.260  -31.499 0.0000000000
1181  -18.323  -97.777  -26.824 0.0000000000
2157  -19.695  -96.228  -28.556 0.0000000000
882  -21.076  -99.200  -28.764 0.0000000000
634  -20.181  -99.915  -32.062 0.0000000000
40795  -16.225  -54.400  -23.762 0.0000000000
13930  -4.042  -79.709  -11.833 0.0000000000
23155  -16.874  -70.686  -15.582 0.0000000000
23158  -19.806  -70.733  -14.999 0.0000000000
19889  -18.835  -74.006  -14.816 0.0000000000
16738  -19.695  -75.951  -17.532 0.0000000000
16766  -18.938  -76.887  -20.095 0.0000000000
14101  -5.583  -79.540  -21.007 0.0000000000
15789  -7.482  -76.787  -18.334 0.0000000000
15804  -3.463  -77.042  -18.483 0.0000000000
21107  -3.036  -72.534  -19.310 0.0000000000
846  -26.677  -98.549  -22.627 0.0000000000
2575  -26.110  -95.626  -26.221 0.0000000000
36401  -24.459  -58.445  -22.345 0.0000000000
34289  -21.551  -60.845  -24.227 0.0000000000
11248  -11.293  -82.647  -10.919 0.0000000000
12224  -13.952  -82.254  -13.348 0.0000000000
11351  -12.939  -82.987  -16.400 0.0000000000
14109  -15.447  -79.522  -21.850 0.0000000000
14144  -11.934  -79.249  -23.653 0.0000000000
11510  -12.713  -82.777  -28.544 0.0000000000
13326  -9.614  -80.460  -26.750 0.0000000000
13278  -7.757  -79.951  -23.447 0.0000000000
12390  -3.481  -81.616  -24.225 0.0000000000
15035  -3.400  -77.876  -26.932 0.0000000000
5964  -16.697  -88.915  -23.124 0.0000000000
9064  -18.328  -85.809  -27.835 0.0000000000
6779  -19.367  -88.549  -27.797 0.0000000000
4834  -15.503  -91.791  -31.919 0.0000000000
2665  -11.468  -95.789  -33.819 0.0000000000
1689  -16.090  -97.350  -30.487 0.0000000000
1257  -12.547  -98.212  -33.442 0.0000000000
1293  -10.228  -98.166  -36.614 0.0000000000
25276  -14.055  -69.026  -20.132 0.0000000000
24214  -13.016  -69.761  -17.733 0.0000000000
22102  -12.029  -71.257  -14.548 0.0000000000
18774  -11.566  -74.216  -11.631 0.0000000000
24184  -5.023  -69.133  -15.484 0.0000000000
19844  -8.258  -73.665  -12.446 0.0000000000
15678  -10.368  -77.623  -9.331 0.0000000000
13106  -9.438  -80.883  -12.669 0.0000000000
9662  -7.316  -84.913  -15.767 0.0000000000
8166  -7.712  -86.497  -20.233 0.0000000000
13207  -4.078  -81.129  -18.147 0.0000000000
9747  -5.813  -85.012  -21.798 0.0000000000
8257  -8.083  -87.841  -24.882 0.0000000000
4738  -8.652  -91.020  -25.680 0.0000000000
3073  -10.562  -94.362  -27.158 0.0000000000
3567  -13.312  -93.489  -25.347 0.0000000000
4678  -5.581  -91.437  -22.505 0.0000000000
2077  -6.672  -96.023  -24.512 0.0000000000
2064  -9.814  -95.651  -24.006 0.0000000000
4681  -13.086  -91.894  -21.652 0.0000000000
3489  -14.198  -93.410  -20.314 0.0000000000
2053  -13.875  -96.017  -22.318 0.0000000000
1620  -13.851  -97.577  -24.881 0.0000000000
534  -7.031  -100.690  -19.073 0.0000000000
848  -10.128  -100.134  -24.190 0.0000000000
1207  -13.264  -99.481  -26.579 0.0000000000
258  -15.104  -101.516  -26.661 0.0000000000
240  -18.013  -101.145  -24.811 0.0000000000
201  -21.247  -101.423  -22.420 0.0000000000
59  -20.901  -102.347  -19.364 0.0000000000
340  -24.758  -100.579  -20.484 0.0000000000
27451  -27.172  -66.850  -17.654 0.0000000000
22137  -23.692  -71.750  -17.149 0.0000000000
24258  -26.803  -69.956  -19.250 0.0000000000
26379  -26.803  -67.336  -20.873 0.0000000000
27559  -23.959  -65.774  -22.265 0.0000000000
28753  -20.584  -64.989  -24.217 0.0000000000
29934  -18.018  -64.148  -25.644 0.0000000000
13164  -15.259  -80.681  -15.662 0.0000000000
16737  -16.271  -76.888  -17.499 0.0000000000
19944  -15.325  -73.329  -18.748 0.0000000000
19901  -9.667  -73.835  -17.043 0.0000000000
21111  -11.828  -72.156  -19.116 0.0000000000
22231  -14.622  -71.268  -21.398 0.0000000000
24311  -13.558  -69.214  -23.424 0.0000000000
28745  -13.462  -65.598  -24.582 0.0000000000
32126  -15.395  -61.949  -24.903 0.0000000000
34262  -12.747  -60.271  -24.169 0.0000000000
7583  -13.462  -87.034  -33.818 0.0000000000
5467  -9.476  -90.516  -34.680 0.0000000000
6130  -7.057  -89.421  -34.787 0.0000000000
6964  -11.693  -87.907  -41.111 0.0000000000
9184  -9.325  -85.611  -37.650 0.0000000000
9880  -6.754  -84.322  -34.716 0.0000000000
12557  -5.212  -81.284  -35.260 0.0000000000
5337  -14.892  -90.086  -25.537 0.0000000000
6778  -15.836  -88.611  -27.595 0.0000000000
7482  -16.094  -87.155  -26.652 0.0000000000
376  -23.023  -99.467  -24.387 0.0000000000
606  -24.337  -98.093  -27.124 0.0000000000
865  -25.045  -98.202  -26.102 0.0000000000
36421  -21.165  -58.809  -23.973 0.0000000000
38659  -21.033  -57.093  -23.103 0.0000000000
36419  -18.985  -58.299  -23.810 0.0000000000
37528  -18.589  -57.564  -23.227 0.0000000000
35342  -17.624  -59.572  -24.759 0.0000000000
16648  -13.407  -76.759  -10.632 0.0000000000
16662  -15.179  -76.934  -11.529 0.0000000000
14791  -14.487  -78.848  -10.698 0.0000000000
31005  -27.342  -63.439  -20.534 0.0000000000
10580  -11.350  -85.105  -22.282 0.0000000000
11430  -13.071  -83.684  -22.430 0.0000000000
10594  -13.190  -84.709  -23.602 0.0000000000
6044  -5.826  -88.889  -29.845 0.0000000000
8304  -6.254  -86.596  -29.471 0.0000000000
8302  -4.439  -86.949  -29.507 0.0000000000
9092  -3.621  -85.457  -30.077 0.0000000000
8332  -4.190  -86.172  -31.700 0.0000000000
3058  -16.618  -94.706  -26.774 0.0000000000
3592  -17.678  -93.438  -27.259 0.0000000000
3060  -18.110  -94.418  -28.028 0.0000000000
19820  -3.461  -73.591  -9.292 0.0000000000
19831  -2.941  -73.464  -11.085 0.0000000000
17715  -2.690  -75.762  -12.009 0.0000000000
16675  -4.155  -76.719  -13.448 0.0000000000
15686  -2.582  -77.608  -12.136 0.0000000000
7397  -2.899  -87.512  -19.560 0.0000000000
8175  -2.788  -86.744  -21.204 0.0000000000
6688  -3.651  -88.198  -22.193 0.0000000000
5308  -4.869  -90.248  -24.899 0.0000000000
5960  -5.568  -89.519  -23.215 0.0000000000
2906  -5.579  -94.929  -15.713 0.0000000000
1957  -6.202  -96.317  -16.342 0.0000000000
1946  -6.614  -96.553  -15.355 0.0000000000
1056  -8.585  -97.800  -15.821 0.0000000000
1464  -6.735  -97.410  -14.710 0.0000000000
24255  -18.620  -69.522  -19.196 0.0000000000
24257  -20.043  -68.552  -18.973 0.0000000000
24219  -20.184  -69.145  -17.091 0.0000000000
20002  -20.389  -73.942  -21.657 0.0000000000
21155  -21.238  -73.092  -21.269 0.0000000000
22236  -19.582  -71.951  -22.560 0.0000000000
23292  -19.300  -70.851  -22.612 0.0000000000
22248  -18.265  -71.403  -22.676 0.0000000000
14942  -11.266  -78.303  -20.843 0.0000000000
16763  -11.324  -76.343  -20.081 0.0000000000
15811  -9.802  -77.204  -19.446 0.0000000000
25269  -5.597  -68.736  -19.546 0.0000000000
26345  -4.765  -67.157  -20.016 0.0000000000
27521  -6.726  -66.570  -20.726 0.0000000000
3158  -10.069  -93.912  -35.963 0.0000000000
4299  -11.177  -92.421  -37.388 0.0000000000
3724  -10.132  -93.589  -39.069 0.0000000000
5352  -11.780  -90.551  -26.496 0.0000000000
6742  -12.348  -88.685  -25.976 0.0000000000
4777  -12.497  -90.592  -27.847 0.0000000000
6079  -13.529  -89.298  -31.288 0.0000000000
5388  -12.048  -89.464  -30.362 0.0000000000
5409  -11.877  -89.782  -31.113 0.0000000000
5407  -9.337  -90.127  -31.002 0.0000000000
5424  -10.287  -90.511  -32.157 0.0000000000
860  -19.397  -98.680  -26.630 0.0000000000
2111  -21.102  -96.896  -26.796 0.0000000000
1639  -22.259  -97.393  -26.665 0.0000000000
902  -22.768  -99.150  -30.723 0.0000000000
627  -22.166  -100.498  -30.848 0.0000000000
906  -20.794  -98.891  -31.752 0.0000000000
934  -19.761  -98.926  -34.094 0.0000000000
42978  -22.236  -53.227  -23.138 0.0000000000
38633  -16.040  -56.496  -22.519 0.0000000000
40770  -16.798  -55.039  -23.422 0.0000000000
39721  -15.375  -55.671  -22.855 0.0000000000
38655  -13.460  -56.752  -23.641 0.0000000000
22124  -16.273  -71.155  -14.884 0.0000000000
22125  -17.214  -71.255  -14.643 0.0000000000
21020  -16.916  -72.929  -13.864 0.0000000000
15762  -18.145  -77.628  -15.028 0.0000000000
17747  -18.533  -75.860  -15.174 0.0000000000
14881  -19.130  -77.769  -16.918 0.0000000000
15834  -20.011  -77.051  -19.297 0.0000000000
14929  -18.848  -78.112  -18.913 0.0000000000
14099  -3.662  -79.548  -21.338 0.0000000000
14918  -4.638  -78.461  -19.661 0.0000000000
15865  -2.981  -77.915  -21.091 0.0000000000
18886  -3.647  -74.225  -20.331 0.0000000000
34238  -25.228  -60.529  -21.858 0.0000000000
34248  -23.867  -60.463  -22.617 0.0000000000
34267  -23.254  -60.220  -23.096 0.0000000000
33218  -22.456  -61.485  -23.548 0.0000000000
10449  -10.775  -84.184  -13.879 0.0000000000
11287  -12.163  -83.233  -13.711 0.0000000000
10476  -11.375  -84.112  -16.342 0.0000000000
12381  -14.802  -81.396  -23.359 0.0000000000
12341  -15.225  -80.973  -21.573 0.0000000000
14148  -15.288  -79.554  -23.648 0.0000000000
14993  -14.127  -78.630  -23.416 0.0000000000
14162  -13.462  -79.228  -24.577 0.0000000000
9074  -12.587  -85.590  -28.179 0.0000000000
10633  -13.460  -84.103  -28.101 0.0000000000
9824  -11.380  -84.239  -29.513 0.0000000000
10619  -7.235  -82.833  -27.797 0.0000000000
11494  -9.281  -81.778  -27.986 0.0000000000
12426  -7.665  -81.088  -26.826 0.0000000000
13308  -8.496  -79.913  -25.661 0.0000000000
12392  -6.557  -80.623  -25.135 0.0000000000
12374  -5.200  -81.552  -23.496 0.0000000000
11461  -4.409  -82.840  -25.041 0.0000000000
13361  -3.743  -80.693  -29.083 0.0000000000
13341  -3.668  -80.162  -27.648 0.0000000000
14208  -3.486  -78.931  -29.258 0.0000000000
15958  -3.316  -76.570  -28.373 0.0000000000
15975  -3.576  -77.224  -30.517 0.0000000000
5299  -17.321  -90.126  -23.827 0.0000000000
6725  -18.416  -88.491  -24.898 0.0000000000
6002  -18.754  -89.612  -25.634 0.0000000000
4212  -16.837  -92.957  -29.946 0.0000000000
4824  -17.082  -91.487  -30.073 0.0000000000
3634  -15.008  -93.055  -31.181 0.0000000000
3640  -13.595  -93.777  -32.538 0.0000000000
2658  -13.155  -95.720  -32.456 0.0000000000
1225  -18.622  -98.623  -29.112 0.0000000000
1676  -17.484  -97.149  -29.663 0.0000000000
900  -16.829  -99.106  -30.551 0.0000000000
653  -13.764  -100.458  -35.221 0.0000000000
628  -13.331  -99.498  -33.438 0.0000000000
644  -11.992  -99.602  -34.369 0.0000000000
1278  -11.030  -98.129  -34.386 0.0000000000
958  -11.060  -98.835  -37.072 0.0000000000
1316  -12.129  -97.878  -39.451 0.0000000000
26370  -13.178  -67.053  -21.973 0.0000000000
25293  -12.445  -68.219  -20.702 0.0000000000
24233  -14.298  -69.852  -18.663 0.0000000000
25274  -11.967  -68.766  -20.059 0.0000000000
23197  -9.268  -70.048  -17.333 0.0000000000
23199  -10.730  -70.301  -16.865 0.0000000000
22119  -10.099  -71.290  -15.257 0.0000000000
20972  -11.234  -72.880  -12.848 0.0000000000
20994  -9.970  -72.656  -13.734 0.0000000000
19833  -5.790  -73.764  -11.583 0.0000000000
19859  -6.627  -72.978  -13.136 0.0000000000
18745  -7.711  -74.775  -10.252 0.0000000000
17689  -9.434  -75.502  -9.963 0.0000000000
15676  -8.567  -77.576  -10.247 0.0000000000
13955  -9.764  -79.581  -11.685 0.0000000000
14802  -9.301  -78.805  -11.987 0.0000000000
13181  -6.889  -81.381  -15.732 0.0000000000
12260  -7.863  -81.708  -15.029 0.0000000000
10493  -6.656  -83.453  -16.985 0.0000000000
8927  -7.167  -85.801  -17.679 0.0000000000
8939  -6.284  -85.137  -18.626 0.0000000000
13118  -4.028  -80.373  -13.823 0.0000000000
13158  -3.011  -80.191  -15.305 0.0000000000
12275  -2.517  -81.393  -16.572 0.0000000000
9008  -4.092  -85.487  -24.541 0.0000000000
10567  -4.654  -83.883  -22.339 0.0000000000
9010  -5.626  -85.990  -24.259 0.0000000000
8216  -6.965  -86.835  -23.880 0.0000000000
8256  -7.168  -87.436  -25.457 0.0000000000
6757  -8.479  -88.581  -25.359 0.0000000000
6776  -7.149  -88.915  -26.663 0.0000000000
3600  -7.091  -93.620  -28.500 0.0000000000
4200  -7.934  -93.128  -27.754 0.0000000000
2611  -9.304  -94.930  -27.514 0.0000000000
3055  -12.298  -94.859  -27.111 0.0000000000
2122  -10.540  -95.525  -26.824 0.0000000000
4645  -4.189  -91.698  -20.305 0.0000000000
4130  -4.990  -93.173  -22.762 0.0000000000
3538  -6.657  -93.200  -23.589 0.0000000000
2544  -6.284  -95.570  -22.656 0.0000000000
2021  -9.292  -96.444  -20.384 0.0000000000
1566  -8.574  -97.114  -22.597 0.0000000000
2522  -10.219  -95.250  -21.243 0.0000000000
3518  -11.753  -93.461  -22.310 0.0000000000
3486  -11.790  -93.928  -20.478 0.0000000000
4652  -13.843  -92.222  -20.510 0.0000000000
2953  -12.933  -94.380  -19.492 0.0000000000
1120  -10.974  -98.612  -20.375 0.0000000000
1534  -12.475  -97.355  -20.298 0.0000000000
1568  -12.479  -97.809  -22.345 0.0000000000
2066  -13.732  -96.676  -23.184 0.0000000000
1158  -12.323  -98.253  -23.271 0.0000000000
190  -10.590  -101.992  -22.462 0.0000000000
188  -8.799  -101.492  -22.314 0.0000000000
219  -10.516  -101.323  -24.243 0.0000000000
854  -11.425  -99.606  -25.521 0.0000000000
380  -11.616  -101.051  -26.007 0.0000000000
586  -13.986  -100.743  -26.926 0.0000000000
247  -13.691  -101.501  -25.904 0.0000000000
195  -16.118  -102.248  -22.223 0.0000000000
225  -16.488  -101.408  -24.122 0.0000000000
212  -18.070  -101.816  -23.165 0.0000000000
228  -19.685  -101.185  -23.802 0.0000000000
199  -19.472  -101.964  -22.256 0.0000000000
160  -22.617  -101.974  -19.948 0.0000000000
25253  -23.250  -67.742  -16.344 0.0000000000
26323  -24.984  -67.230  -16.494 0.0000000000
26324  -26.127  -67.872  -16.930 0.0000000000
21045  -21.292  -72.892  -15.857 0.0000000000
23182  -21.731  -70.718  -15.668 0.0000000000
22150  -22.758  -72.347  -17.046 0.0000000000
23249  -24.695  -70.937  -20.522 0.0000000000
22195  -25.223  -71.280  -19.487 0.0000000000
24265  -26.235  -70.521  -21.011 0.0000000000
25302  -26.810  -68.728  -20.016 0.0000000000
25310  -25.453  -68.759  -21.615 0.0000000000
27535  -25.567  -66.661  -21.858 0.0000000000
26376  -24.182  -67.452  -22.262 0.0000000000
26411  -19.361  -67.358  -23.435 0.0000000000
27575  -21.001  -66.348  -23.330 0.0000000000
27593  -19.211  -66.073  -24.386 0.0000000000
29936  -19.634  -64.474  -25.083 0.0000000000
28749  -17.848  -65.722  -25.254 0.0000000000
13140  -13.773  -81.556  -15.913 0.0000000000
13142  -14.652  -81.400  -15.058 0.0000000000
14003  -14.054  -79.829  -16.637 0.0000000000
18798  -13.552  -75.046  -16.045 0.0000000000
16702  -14.922  -76.814  -15.673 0.0000000000
18822  -15.612  -74.956  -16.467 0.0000000000
18854  -16.528  -75.413  -18.619 0.0000000000
19927  -14.821  -73.339  -17.667 0.0000000000
16712  -6.033  -75.426  -18.176 0.0000000000
17761  -8.587  -74.808  -18.107 0.0000000000
19899  -7.265  -73.663  -17.647 0.0000000000
23247  -8.313  -70.954  -20.865 0.0000000000
22189  -9.247  -72.246  -19.923 0.0000000000
22210  -10.602  -71.856  -20.661 0.0000000000
22213  -13.430  -71.717  -20.539 0.0000000000
23264  -12.269  -70.896  -21.914 0.0000000000
23286  -13.620  -70.393  -22.484 0.0000000000
24289  -11.170  -69.823  -23.120 0.0000000000
28732  -10.688  -65.560  -23.276 0.0000000000
27585  -11.817  -66.752  -24.040 0.0000000000
29919  -12.771  -65.036  -24.218 0.0000000000
29921  -14.508  -64.239  -24.855 0.0000000000
31055  -13.329  -63.231  -23.825 0.0000000000
32111  -13.874  -61.940  -24.235 0.0000000000
32109  -12.315  -62.338  -23.294 0.0000000000
34279  -9.314  -60.866  -24.254 0.0000000000
7543  -17.475  -87.113  -30.842 0.0000000000
8336  -16.747  -86.452  -31.350 0.0000000000
6867  -15.210  -88.351  -33.470 0.0000000000
5508  -10.385  -90.437  -38.244 0.0000000000
6158  -11.052  -89.041  -36.601 0.0000000000
4886  -8.478  -91.103  -36.816 0.0000000000
4863  -7.889  -91.761  -34.845 0.0000000000
6155  -7.170  -89.525  -36.514 0.0000000000
9948  -10.059  -84.804  -39.363 0.0000000000
10764  -8.473  -83.670  -38.572 0.0000000000
9157  -8.117  -85.259  -36.035 0.0000000000
10749  -6.889  -83.780  -36.806 0.0000000000
10728  -5.450  -82.864  -34.875 0.0000000000
12569  -6.365  -81.125  -36.950 0.0000000000
4211  -13.993  -92.505  -29.058 0.0000000000
4806  -13.311  -91.276  -29.089 0.0000000000
5392  -15.299  -90.210  -29.059 0.0000000000
6800  -15.128  -89.072  -29.838 0.0000000000
7529  -14.754  -87.625  -30.534 0.0000000000
400  -20.827  -100.464  -25.951 0.0000000000
876  -23.256  -97.874  -26.571 0.0000000000
595  -23.360  -97.963  -26.191 0.0000000000
614  -24.375  -98.971  -28.617 0.0000000000
1692  -23.241  -97.296  -29.998 0.0000000000
38641  -24.006  -56.522  -22.611 0.0000000000
39728  -22.711  -55.521  -23.192 0.0000000000
40776  -22.210  -54.627  -23.225 0.0000000000
40774  -20.359  -54.647  -23.354 0.0000000000
41883  -20.063  -54.331  -23.694 0.0000000000
39724  -18.894  -55.512  -22.657 0.0000000000
37507  -17.444  -57.313  -22.731 0.0000000000
36397  -15.184  -57.913  -22.635 0.0000000000
19864  -14.711  -73.576  -12.237 0.0000000000
19866  -16.360  -73.919  -13.088 0.0000000000
17721  -15.719  -76.030  -12.060 0.0000000000
16679  -16.700  -76.945  -13.279 0.0000000000
14825  -17.017  -78.643  -14.057 0.0000000000
16865  -2.969  -76.044  -24.546 0.0000000000
16821  -2.637  -76.299  -22.391 0.0000000000
17900  -4.378  -75.253  -23.361 0.0000000000
33187  -25.995  -61.336  -21.506 0.0000000000
32083  -25.268  -62.711  -21.934 0.0000000000
9704  -10.449  -84.480  -18.369 0.0000000000
10515  -12.370  -83.968  -19.529 0.0000000000
10536  -12.235  -83.944  -20.750 0.0000000000
12394  -13.861  -82.389  -23.736 0.0000000000
12412  -15.126  -81.401  -25.288 0.0000000000
8320  -9.455  -86.149  -30.624 0.0000000000
9822  -9.196  -84.627  -30.387 0.0000000000
9834  -7.836  -85.122  -30.364 0.0000000000
9811  -6.503  -84.397  -28.675 0.0000000000
9802  -5.450  -84.533  -27.345 0.0000000000
10608  -3.601  -83.665  -26.429 0.0000000000
9810  -3.527  -84.796  -28.503 0.0000000000
11518  -3.394  -82.607  -29.661 0.0000000000
12497  -4.282  -81.739  -31.504 0.0000000000
4154  -17.114  -92.301  -24.885 0.0000000000
4763  -18.688  -91.241  -26.284 0.0000000000
4192  -18.048  -92.485  -26.697 0.0000000000
4205  -18.607  -92.878  -28.734 0.0000000000
3088  -16.947  -94.084  -29.799 0.0000000000
443  -17.147  -100.341  -32.875 0.0000000000
423  -16.145  -99.496  -32.257 0.0000000000
451  -16.183  -100.519  -34.571 0.0000000000
668  -15.231  -100.429  -36.326 0.0000000000
678  -13.922  -99.965  -37.405 0.0000000000
25273  -10.603  -68.530  -20.016 0.0000000000
24208  -6.933  -69.212  -17.522 0.0000000000
24161  -3.746  -69.540  -12.821 0.0000000000
22053  -3.674  -71.243  -11.724 0.0000000000
19840  -4.248  -73.395  -12.352 0.0000000000
16643  -5.607  -76.127  -11.761 0.0000000000
14820  -7.746  -78.302  -13.135 0.0000000000
15721  -6.326  -77.175  -13.127 0.0000000000
14851  -6.324  -78.336  -15.120 0.0000000000
14048  -5.858  -80.482  -16.616 0.0000000000
10502  -2.803  -83.568  -18.475 0.0000000000
9722  -2.656  -84.784  -20.238 0.0000000000
8202  -2.961  -85.972  -22.874 0.0000000000
7474  -4.478  -88.003  -25.704 0.0000000000
6029  -5.661  -89.703  -27.553 0.0000000000
6013  -4.682  -89.891  -26.519 0.0000000000
4186  -4.806  -91.988  -26.986 0.0000000000
3051  -5.952  -94.098  -27.636 0.0000000000
2487  -5.350  -95.717  -20.024 0.0000000000
1562  -5.723  -96.432  -21.471 0.0000000000
1513  -5.733  -96.874  -19.273 0.0000000000
1985  -7.977  -96.888  -17.754 0.0000000000
1987  -9.902  -96.234  -18.193 0.0000000000
2465  -11.472  -96.288  -17.925 0.0000000000
1474  -10.515  -97.276  -16.832 0.0000000000
1090  -9.984  -98.653  -18.086 0.0000000000
792  -9.418  -99.021  -19.386 0.0000000000
166  -10.295  -102.063  -20.501 0.0000000000
191  -11.622  -102.129  -22.344 0.0000000000
222  -12.908  -101.591  -24.179 0.0000000000
192  -12.740  -102.394  -22.087 0.0000000000
65  -16.442  -102.866  -20.541 0.0000000000
26329  -20.706  -67.719  -18.952 0.0000000000
25263  -21.817  -67.693  -17.324 0.0000000000
25241  -22.499  -68.723  -16.103 0.0000000000
19947  -21.412  -73.748  -18.838 0.0000000000
19949  -22.643  -72.858  -18.643 0.0000000000
21117  -22.419  -72.970  -19.580 0.0000000000
22238  -22.245  -72.115  -21.131 0.0000000000
23272  -22.890  -70.857  -21.651 0.0000000000
25324  -22.464  -68.626  -22.593 0.0000000000
23294  -21.366  -70.078  -22.447 0.0000000000
25321  -19.347  -68.764  -22.975 0.0000000000
25343  -18.017  -68.600  -23.349 0.0000000000
15829  -13.767  -77.735  -19.701 0.0000000000
15812  -12.958  -77.885  -17.724 0.0000000000
17844  -13.488  -76.211  -19.702 0.0000000000
18853  -12.684  -75.384  -18.181 0.0000000000
18818  -11.526  -75.367  -16.310 0.0000000000
23195  -4.267  -71.034  -17.744 0.0000000000
21060  -6.137  -72.594  -17.661 0.0000000000
23218  -5.626  -70.323  -18.779 0.0000000000
23245  -6.960  -69.943  -20.051 0.0000000000
24274  -8.096  -69.753  -22.346 0.0000000000
24307  -9.711  -68.940  -23.531 0.0000000000
26387  -7.709  -67.487  -22.016 0.0000000000
28712  -8.693  -66.079  -22.051 0.0000000000
31020  -8.638  -64.289  -21.749 0.0000000000
32094  -10.178  -62.804  -22.791 0.0000000000
32091  -7.583  -63.126  -22.708 0.0000000000
31065  -7.382  -63.600  -24.147 0.0000000000
4853  -13.825  -91.525  -33.932 0.0000000000
5468  -13.885  -90.085  -35.001 0.0000000000
4888  -12.609  -91.716  -36.659 0.0000000000
4915  -11.077  -91.339  -38.703 0.0000000000
5519  -9.356  -90.078  -39.595 0.0000000000
8218  -12.025  -87.341  -23.787 0.0000000000
9032  -13.262  -85.836  -24.466 0.0000000000
7447  -12.767  -87.409  -25.075 0.0000000000
8277  -12.603  -86.710  -27.409 0.0000000000
7509  -12.030  -87.306  -28.860 0.0000000000
5389  -13.035  -90.014  -29.415 0.0000000000
6037  -12.197  -88.341  -29.327 0.0000000000
7519  -10.836  -87.110  -29.834 0.0000000000
6810  -9.351  -88.026  -30.474 0.0000000000
6062  -7.770  -89.431  -30.542 0.0000000000
5403  -5.345  -90.006  -30.873 0.0000000000
1654  -17.353  -97.098  -27.051 0.0000000000
2600  -18.968  -95.290  -27.976 0.0000000000
2109  -19.397  -96.573  -27.108 0.0000000000
1665  -19.983  -97.414  -28.357 0.0000000000
609  -19.413  -100.426  -29.585 0.0000000000
612  -22.573  -99.789  -28.956 0.0000000000
412  -20.935  -100.985  -29.756 0.0000000000
426  -18.688  -100.599  -31.409 0.0000000000
642  -18.480  -99.733  -33.385 0.0000000000
658  -18.736  -99.642  -35.046 0.0000000000
40798  -19.092  -54.500  -23.707 0.0000000000
14776  -3.039  -78.764  -10.931 0.0000000000
23202  -17.356  -70.260  -17.266 0.0000000000
23204  -18.823  -69.772  -16.845 0.0000000000
23157  -18.868  -70.515  -14.876 0.0000000000
22127  -19.532  -71.725  -14.652 0.0000000000
19908  -20.343  -74.028  -15.870 0.0000000000
19888  -18.310  -74.481  -14.616 0.0000000000
18823  -19.177  -75.134  -15.891 0.0000000000
18844  -20.487  -74.673  -17.591 0.0000000000
17822  -20.637  -75.507  -19.176 0.0000000000
17847  -19.761  -76.017  -21.067 0.0000000000
18892  -18.279  -75.113  -21.269 0.0000000000
14084  -7.586  -79.156  -20.669 0.0000000000
14922  -8.566  -78.108  -19.633 0.0000000000
14920  -6.768  -78.205  -19.624 0.0000000000
15805  -4.615  -77.110  -18.453 0.0000000000
17781  -3.878  -75.526  -17.734 0.0000000000
17857  -2.696  -75.437  -20.676 0.0000000000
18851  -2.908  -74.607  -18.373 0.0000000000
21057  -3.638  -73.036  -17.957 0.0000000000
22185  -3.375  -71.501  -19.635 0.0000000000
2740  -11.090  -95.678  -40.470 0.0000000000
3752  -11.868  -93.809  -41.180 0.0000000000
566  -25.934  -98.693  -22.825 0.0000000000
1188  -25.855  -97.829  -25.891 0.0000000000
36400  -23.819  -58.690  -22.840 0.0000000000
35323  -22.094  -59.664  -23.929 0.0000000000
35345  -20.584  -60.158  -24.737 0.0000000000
13088  -12.904  -80.959  -9.794 0.0000000000
13108  -14.599  -80.854  -10.887 0.0000000000
11250  -13.254  -82.451  -11.414 0.0000000000
12262  -12.986  -82.583  -15.435 0.0000000000
12296  -13.496  -81.548  -17.179 0.0000000000
10507  -13.328  -83.090  -18.324 0.0000000000
12317  -14.521  -81.079  -19.233 0.0000000000
14070  -14.059  -79.792  -19.697 0.0000000000
14959  -14.690  -77.993  -21.845 0.0000000000
14957  -12.524  -78.230  -21.860 0.0000000000
14126  -10.761  -79.560  -22.528 0.0000000000
10613  -14.008  -84.296  -26.217 0.0000000000
11499  -14.472  -82.728  -26.968 0.0000000000
12432  -13.165  -80.713  -27.326 0.0000000000
11508  -10.608  -82.410  -28.683 0.0000000000
12448  -11.373  -81.398  -27.962 0.0000000000
13329  -12.433  -80.168  -26.624 0.0000000000
13294  -10.953  -79.695  -24.949 0.0000000000
13280  -9.559  -79.897  -24.010 0.0000000000
13242  -9.156  -79.756  -22.263 0.0000000000
13263  -6.447  -80.202  -22.547 0.0000000000
13261  -4.655  -80.646  -21.906 0.0000000000
13277  -3.321  -80.431  -23.238 0.0000000000
12425  -3.111  -81.648  -26.385 0.0000000000
14173  -3.435  -79.573  -25.531 0.0000000000
15012  -3.219  -78.263  -24.942 0.0000000000
16884  -3.012  -76.033  -25.618 0.0000000000
7437  -15.808  -87.896  -23.804 0.0000000000
8242  -17.225  -86.326  -25.589 0.0000000000
8223  -18.122  -86.922  -24.747 0.0000000000
7512  -18.905  -87.328  -28.417 0.0000000000
6813  -18.020  -88.379  -29.981 0.0000000000
5380  -18.984  -90.259  -28.201 0.0000000000
5414  -17.060  -90.393  -30.683 0.0000000000
4842  -15.193  -91.224  -32.656 0.0000000000
4254  -13.398  -92.550  -33.635 0.0000000000
3132  -11.177  -94.121  -34.406 0.0000000000
2691  -9.853  -95.485  -35.510 0.0000000000
3091  -19.108  -94.940  -29.168 0.0000000000
2639  -17.284  -95.648  -29.639 0.0000000000
2167  -15.456  -96.457  -30.688 0.0000000000
616  -15.197  -99.063  -32.048 0.0000000000
1234  -14.271  -97.790  -32.177 0.0000000000
2177  -13.523  -96.503  -32.131 0.0000000000
2184  -11.912  -96.832  -33.339 0.0000000000
1730  -10.198  -96.888  -35.137 0.0000000000
2237  -9.575  -96.476  -37.319 0.0000000000
2132  -25.010  -96.288  -27.307 0.0000000000
25279  -17.138  -69.096  -20.046 0.0000000000
25296  -15.495  -68.469  -20.736 0.0000000000
24253  -16.655  -69.647  -19.448 0.0000000000
24217  -15.693  -70.089  -18.140 0.0000000000
24198  -14.459  -70.082  -17.208 0.0000000000
22122  -14.612  -70.764  -15.170 0.0000000000
24230  -11.401  -69.605  -18.438 0.0000000000
23151  -12.893  -70.528  -15.476 0.0000000000
22081  -13.433  -71.788  -13.666 0.0000000000
20974  -12.954  -72.906  -12.356 0.0000000000
18763  -12.621  -75.192  -11.138 0.0000000000
16647  -12.410  -76.655  -10.160 0.0000000000
26298  -5.771  -67.508  -16.676 0.0000000000
23167  -6.620  -70.147  -16.474 0.0000000000
23128  -4.427  -70.222  -14.123 0.0000000000
22096  -6.574  -71.129  -14.997 0.0000000000
21015  -7.888  -72.140  -14.435 0.0000000000
18772  -9.553  -74.104  -12.028 0.0000000000
17691  -10.813  -75.962  -10.030 0.0000000000
14780  -11.581  -78.683  -9.315 0.0000000000
13933  -10.468  -79.773  -10.254 0.0000000000
12204  -10.086  -81.753  -11.382 0.0000000000
10429  -9.200  -83.597  -13.156 0.0000000000
13985  -8.719  -79.884  -13.903 0.0000000000
11305  -8.077  -82.923  -14.245 0.0000000000
8899  -8.776  -85.282  -15.711 0.0000000000
8942  -8.813  -85.640  -18.226 0.0000000000
8965  -9.465  -85.617  -20.189 0.0000000000
9757  -10.003  -86.345  -22.407 0.0000000000
14800  -3.137  -78.733  -13.029 0.0000000000
14023  -3.836  -79.381  -16.459 0.0000000000
12316  -5.501  -82.332  -18.316 0.0000000000
11379  -3.154  -82.751  -20.105 0.0000000000
11381  -4.766  -82.713  -20.266 0.0000000000
10513  -6.009  -83.637  -19.558 0.0000000000
8177  -6.654  -86.057  -20.947 0.0000000000
8205  -7.976  -86.907  -22.906 0.0000000000
9029  -10.437  -87.233  -23.357 0.0000000000
7462  -9.686  -87.909  -24.282 0.0000000000
5312  -10.185  -90.256  -24.713 0.0000000000
4176  -10.355  -92.275  -25.869 0.0000000000
4774  -7.379  -91.634  -27.343 0.0000000000
3573  -9.169  -92.981  -26.550 0.0000000000
3605  -11.858  -93.334  -27.606 0.0000000000
3590  -14.320  -93.199  -27.557 0.0000000000
4179  -14.374  -92.677  -26.223 0.0000000000
4722  -14.247  -91.093  -24.892 0.0000000000
5927  -6.491  -89.349  -21.518 0.0000000000
5311  -7.378  -91.168  -24.018 0.0000000000
3565  -6.755  -93.344  -25.105 0.0000000000
2117  -6.914  -96.247  -27.039 0.0000000000
1583  -6.978  -96.882  -23.645 0.0000000000
1604  -8.006  -97.401  -24.504 0.0000000000
2102  -9.277  -96.013  -25.917 0.0000000000
2560  -11.169  -94.714  -24.527 0.0000000000
3542  -12.862  -92.692  -23.341 0.0000000000
5297  -14.353  -89.933  -23.287 0.0000000000
5929  -14.905  -89.881  -21.851 0.0000000000
4667  -15.403  -91.092  -21.382 0.0000000000
4114  -15.664  -92.000  -22.121 0.0000000000
2007  -13.335  -95.858  -19.675 0.0000000000
2524  -14.330  -94.759  -21.517 0.0000000000
3543  -15.680  -93.000  -23.313 0.0000000000
2550  -15.111  -94.651  -23.809 0.0000000000
2574  -15.573  -95.190  -25.297 0.0000000000
2106  -14.945  -96.964  -25.937 0.0000000000
743  -6.881  -98.952  -15.264 0.0000000000
776  -7.253  -99.899  -18.106 0.0000000000
804  -7.908  -99.797  -20.614 0.0000000000
163  -7.965  -101.813  -20.184 0.0000000000
560  -7.895  -100.497  -22.018 0.0000000000
843  -9.646  -99.617  -23.282 0.0000000000
1165  -10.986  -98.949  -24.248 0.0000000000
1631  -12.974  -98.435  -25.635 0.0000000000
1651  -14.929  -97.746  -26.326 0.0000000000
869  -15.352  -99.111  -26.603 0.0000000000
588  -16.422  -99.889  -26.885 0.0000000000
397  -17.907  -100.463  -26.478 0.0000000000
237  -14.989  -101.455  -25.289 0.0000000000
250  -16.616  -101.421  -25.773 0.0000000000
262  -19.147  -100.663  -25.870 0.0000000000
255  -20.626  -100.736  -25.071 0.0000000000
231  -21.960  -100.540  -24.330 0.0000000000
360  -22.781  -100.364  -23.234 0.0000000000
56  -18.133  -103.002  -19.667 0.0000000000
68  -19.452  -102.822  -20.414 0.0000000000
170  -21.869  -102.100  -20.752 0.0000000000
187  -23.225  -100.860  -21.100 0.0000000000
353  -24.140  -99.981  -22.171 0.0000000000
557  -26.254  -99.415  -21.186 0.0000000000
28661  -27.917  -65.578  -19.028 0.0000000000
24201  -21.002  -69.437  -15.940 0.0000000000
24202  -22.198  -69.746  -15.855 0.0000000000
24204  -24.594  -69.777  -16.299 0.0000000000
22171  -24.186  -71.842  -18.438 0.0000000000
23206  -25.452  -70.960  -17.618 0.0000000000
24222  -25.934  -69.820  -17.456 0.0000000000
25265  -27.092  -68.784  -18.521 0.0000000000
27496  -27.569  -66.830  -19.603 0.0000000000
28680  -27.626  -65.522  -20.024 0.0000000000
28702  -26.045  -65.610  -21.554 0.0000000000
29877  -24.741  -64.463  -21.971 0.0000000000
29900  -23.999  -64.351  -22.322 0.0000000000
26392  -22.681  -67.472  -22.649 0.0000000000
28722  -22.383  -65.218  -22.814 0.0000000000
31047  -22.576  -63.784  -23.023 0.0000000000
32130  -21.041  -62.818  -24.453 0.0000000000
32128  -19.585  -62.477  -25.080 0.0000000000
33261  -18.121  -61.714  -25.408 0.0000000000
13110  -15.506  -80.603  -12.065 0.0000000000
13126  -16.112  -80.436  -13.606 0.0000000000
14007  -16.903  -79.946  -16.135 0.0000000000
14855  -14.552  -78.526  -15.909 0.0000000000
14879  -15.727  -78.767  -17.026 0.0000000000
14893  -17.474  -78.854  -18.095 0.0000000000
16752  -17.185  -77.116  -19.032 0.0000000000
19965  -16.881  -74.865  -19.873 0.0000000000
19987  -16.484  -73.532  -21.205 0.0000000000
15791  -8.818  -76.710  -18.904 0.0000000000
17742  -10.488  -74.924  -16.682 0.0000000000
19903  -11.396  -73.378  -15.820 0.0000000000
19941  -8.145  -72.918  -18.281 0.0000000000
21087  -10.545  -72.602  -18.208 0.0000000000
21067  -13.242  -72.478  -17.536 0.0000000000
21091  -14.461  -72.563  -18.846 0.0000000000
21136  -14.836  -71.935  -20.300 0.0000000000
21151  -16.771  -72.558  -22.080 0.0000000000
23289  -16.291  -70.606  -22.517 0.0000000000
24313  -15.445  -69.179  -23.295 0.0000000000
26407  -15.610  -67.933  -23.959 0.0000000000
25336  -11.264  -68.237  -23.826 0.0000000000
26422  -13.788  -67.194  -24.465 0.0000000000
27590  -16.202  -66.337  -24.956 0.0000000000
28747  -15.560  -65.093  -25.228 0.0000000000
31082  -16.850  -62.987  -25.468 0.0000000000
33259  -16.836  -61.101  -25.310 0.0000000000
34282  -15.225  -60.381  -24.580 0.0000000000
34264  -14.577  -60.056  -24.329 0.0000000000
35319  -13.230  -59.181  -24.155 0.0000000000
33212  -10.407  -61.275  -23.502 0.0000000000
35317  -11.248  -59.438  -24.237 0.0000000000
9062  -16.875  -85.747  -28.118 0.0000000000
8322  -15.592  -86.251  -30.441 0.0000000000
7559  -12.423  -87.195  -32.931 0.0000000000
6895  -12.935  -88.207  -35.503 0.0000000000
7602  -11.429  -87.712  -34.605 0.0000000000
5458  -10.837  -89.474  -33.203 0.0000000000
4252  -8.842  -91.915  -33.372 0.0000000000
4850  -6.954  -91.068  -33.151 0.0000000000
6097  -6.427  -89.284  -32.973 0.0000000000
4931  -11.419  -91.508  -41.214 0.0000000000
5538  -10.913  -90.461  -40.954 0.0000000000
6961  -9.274  -88.893  -40.087 0.0000000000
9236  -12.315  -85.575  -41.353 0.0000000000
7671  -10.501  -86.886  -39.600 0.0000000000
7650  -8.842  -87.616  -38.361 0.0000000000
8396  -8.344  -87.029  -35.837 0.0000000000
8372  -7.797  -86.702  -33.839 0.0000000000
8348  -5.631  -86.274  -32.753 0.0000000000
9856  -5.159  -84.346  -32.685 0.0000000000
12506  -4.617  -82.244  -32.781 0.0000000000
13397  -4.067  -80.656  -33.313 0.0000000000
15116  -5.017  -78.520  -34.536 0.0000000000
16005  -4.335  -77.750  -32.622 0.0000000000
6001  -15.111  -89.283  -25.292 0.0000000000
6760  -15.843  -88.160  -26.809 0.0000000000
6743  -15.708  -88.076  -25.729 0.0000000000
378  -23.972  -98.877  -24.237 0.0000000000
582  -24.469  -98.346  -25.459 0.0000000000
855  -25.102  -98.281  -25.119 0.0000000000
36446  -20.300  -59.320  -24.503 0.0000000000
36420  -19.987  -58.463  -23.870 0.0000000000
36445  -19.320  -59.106  -24.523 0.0000000000
36444  -18.341  -58.942  -24.375 0.0000000000
15690  -13.134  -77.720  -9.978 0.0000000000
15691  -13.995  -77.798  -10.553 0.0000000000
29858  -27.855  -64.275  -19.744 0.0000000000
10592  -11.463  -85.772  -22.480 0.0000000000
10581  -11.935  -85.027  -22.546 0.0000000000
9772  -12.603  -85.837  -23.417 0.0000000000
6806  -5.024  -88.490  -30.428 0.0000000000
7516  -5.230  -87.713  -29.658 0.0000000000
7524  -4.504  -87.488  -30.666 0.0000000000
8316  -3.919  -86.479  -30.567 0.0000000000
7539  -4.430  -87.076  -31.333 0.0000000000
3059  -17.360  -94.488  -27.507 0.0000000000
17673  -3.996  -75.428  -9.025 0.0000000000
18729  -3.378  -74.778  -9.512 0.0000000000
18742  -2.777  -74.839  -10.375 0.0000000000
17683  -2.799  -76.136  -10.608 0.0000000000
16642  -2.615  -76.725  -11.636 0.0000000000
16629  -2.761  -76.689  -10.678 0.0000000000
7409  -3.278  -87.941  -20.134 0.0000000000
7419  -3.230  -87.809  -21.394 0.0000000000
6675  -3.884  -88.387  -21.550 0.0000000000
5940  -4.657  -88.926  -22.581 0.0000000000
6690  -5.190  -88.719  -21.902 0.0000000000
2438  -5.756  -95.246  -15.029 0.0000000000
1934  -5.853  -95.994  -14.983 0.0000000000
1935  -6.321  -96.611  -14.302 0.0000000000
24256  -19.465  -69.021  -19.002 0.0000000000
24238  -19.010  -69.517  -17.914 0.0000000000
20001  -19.049  -74.111  -22.060 0.0000000000
21154  -20.090  -73.101  -22.226 0.0000000000
21153  -18.848  -73.025  -22.534 0.0000000000
22235  -18.448  -72.151  -22.602 0.0000000000
14087  -10.711  -78.961  -20.873 0.0000000000
15848  -11.051  -77.867  -20.471 0.0000000000
14924  -9.819  -78.086  -19.730 0.0000000000
26344  -4.357  -67.242  -20.403 0.0000000000
3700  -9.705  -94.351  -36.972 0.0000000000
3701  -9.831  -93.860  -37.222 0.0000000000
3175  -10.016  -94.608  -38.696 0.0000000000
4776  -11.970  -91.046  -27.425 0.0000000000
5367  -11.995  -90.438  -27.082 0.0000000000
4793  -12.228  -91.413  -27.869 0.0000000000
6078  -12.922  -89.268  -31.795 0.0000000000
5426  -12.511  -89.689  -31.515 0.0000000000
5425  -11.364  -90.045  -31.788 0.0000000000
5443  -11.806  -89.735  -32.211 0.0000000000
873  -19.432  -99.568  -26.740 0.0000000000
1184  -21.108  -98.020  -26.227 0.0000000000
862  -21.635  -98.564  -25.982 0.0000000000
1249  -22.175  -98.568  -30.978 0.0000000000
1248  -21.509  -98.456  -31.351 0.0000000000
1702  -21.180  -97.850  -31.724 0.0000000000
1259  -20.520  -98.165  -32.333 0.0000000000
37504  -14.737  -57.256  -22.516 0.0000000000
38632  -14.999  -56.489  -22.361 0.0000000000
38631  -14.218  -56.584  -22.622 0.0000000000
39719  -13.816  -56.134  -22.788 0.0000000000
37526  -13.676  -57.186  -23.403 0.0000000000
22105  -15.589  -71.709  -14.005 0.0000000000
22106  -16.647  -71.850  -14.178 0.0000000000
21019  -16.298  -72.291  -13.833 0.0000000000
14858  -18.201  -78.305  -15.595 0.0000000000
15763  -18.541  -77.473  -15.654 0.0000000000
14880  -18.611  -78.176  -16.358 0.0000000000
14894  -18.896  -78.465  -17.395 0.0000000000
14974  -3.180  -78.563  -22.381 0.0000000000
14939  -3.407  -78.991  -20.664 0.0000000000
15885  -2.810  -77.541  -22.083 0.0000000000
33202  -24.532  -61.121  -22.253 0.0000000000
33201  -23.953  -61.492  -22.551 0.0000000000
33219  -23.288  -61.252  -23.044 0.0000000000
32117  -22.928  -62.319  -23.101 0.0000000000
9648  -10.120  -84.556  -14.201 0.0000000000
10464  -10.915  -84.347  -15.011 0.0000000000
13315  -15.285  -80.409  -25.048 0.0000000000
13282  -15.401  -80.410  -23.412 0.0000000000
14178  -14.883  -79.731  -24.964 0.0000000000
14163  -14.375  -79.274  -24.432 0.0000000000
14177  -14.105  -79.551  -25.238 0.0000000000
9073  -12.097  -85.527  -28.750 0.0000000000
9813  -12.223  -84.487  -28.982 0.0000000000
10611  -6.122  -83.056  -26.782 0.0000000000
11482  -7.114  -81.842  -26.953 0.0000000000
11481  -6.369  -82.184  -26.712 0.0000000000
12409  -7.073  -80.887  -26.180 0.0000000000
11463  -5.613  -81.981  -26.061 0.0000000000
11444  -5.163  -81.818  -25.013 0.0000000000
11462  -4.975  -82.546  -25.412 0.0000000000
14227  -3.711  -79.759  -30.677 0.0000000000
14218  -3.764  -79.767  -29.621 0.0000000000
14217  -3.472  -79.017  -30.159 0.0000000000
15052  -3.291  -78.115  -29.766 0.0000000000
15058  -3.504  -78.330  -30.874 0.0000000000
5983  -18.319  -89.639  -24.919 0.0000000000
5317  -17.918  -90.568  -24.787 0.0000000000
3626  -16.233  -93.628  -30.108 0.0000000000
3625  -15.246  -93.440  -30.763 0.0000000000
3098  -14.770  -94.228  -30.930 0.0000000000
3632  -13.943  -94.209  -31.827 0.0000000000
3108  -14.165  -94.780  -31.448 0.0000000000
889  -17.949  -99.408  -29.614 0.0000000000
888  -17.141  -98.871  -29.865 0.0000000000
619  -17.220  -99.610  -30.724 0.0000000000
665  -12.436  -100.079  -36.326 0.0000000000
645  -12.824  -100.217  -34.583 0.0000000000
664  -12.013  -99.974  -36.075 0.0000000000
953  -11.718  -99.547  -36.364 0.0000000000
959  -11.944  -99.100  -37.654 0.0000000000
25292  -11.477  -67.961  -20.612 0.0000000000
23169  -8.390  -70.269  -16.998 0.0000000000
23170  -9.475  -70.435  -16.644 0.0000000000
22100  -10.372  -71.703  -14.524 0.0000000000
22099  -9.464  -71.802  -14.841 0.0000000000
17686  -6.104  -75.390  -10.720 0.0000000000
18757  -6.233  -74.104  -10.976 0.0000000000
17687  -6.912  -75.567  -10.252 0.0000000000
16619  -7.948  -76.416  -9.736 0.0000000000
15675  -7.912  -77.341  -10.599 0.0000000000
15689  -8.928  -78.244  -11.035 0.0000000000
15688  -8.256  -77.808  -11.198 0.0000000000
12294  -6.439  -82.075  -16.641 0.0000000000
12276  -6.919  -82.089  -16.042 0.0000000000
10504  -6.482  -83.372  -17.612 0.0000000000
9690  -6.464  -84.468  -17.823 0.0000000000
10503  -6.266  -83.569  -18.290 0.0000000000
12238  -3.234  -81.181  -14.335 0.0000000000
13135  -2.805  -80.737  -15.243 0.0000000000
12259  -2.444  -81.370  -15.657 0.0000000000
8233  -4.524  -86.588  -25.381 0.0000000000
9009  -4.797  -85.615  -24.533 0.0000000000
8234  -5.580  -86.758  -25.330 0.0000000000
8215  -5.974  -86.600  -24.576 0.0000000000
8255  -6.140  -87.147  -25.909 0.0000000000
7496  -6.994  -88.297  -26.567 0.0000000000
7495  -6.226  -88.194  -26.929 0.0000000000
3085  -7.294  -94.443  -28.499 0.0000000000
3087  -8.189  -94.438  -28.250 0.0000000000
2610  -8.477  -95.091  -27.779 0.0000000000
2142  -9.863  -95.339  -27.171 0.0000000000
2141  -9.080  -95.407  -27.147 0.0000000000
2964  -5.265  -94.576  -20.734 0.0000000000
3498  -5.060  -93.858  -21.324 0.0000000000
4091  -4.705  -92.781  -21.640 0.0000000000
3516  -5.176  -93.688  -22.371 0.0000000000
3517  -5.610  -94.189  -22.737 0.0000000000
2998  -5.710  -94.743  -22.379 0.0000000000
2022  -10.041  -95.976  -19.847 0.0000000000
2504  -9.937  -95.841  -20.718 0.0000000000
2983  -10.839  -94.673  -21.060 0.0000000000
2966  -11.210  -94.610  -20.434 0.0000000000
2968  -12.334  -94.214  -19.635 0.0000000000
2506  -11.641  -94.808  -19.434 0.0000000000
807  -10.242  -98.873  -20.401 0.0000000000
1549  -11.998  -97.875  -21.177 0.0000000000
1134  -11.286  -98.469  -21.307 0.0000000000
1146  -11.749  -98.368  -22.274 0.0000000000
1145  -10.887  -98.785  -22.262 0.0000000000
206  -11.271  -101.960  -23.334 0.0000000000
205  -10.369  -101.674  -23.429 0.0000000000
220  -10.996  -101.848  -24.234 0.0000000000
373  -10.864  -101.054  -25.195 0.0000000000
245  -12.047  -101.321  -25.586 0.0000000000
381  -12.555  -101.156  -26.117 0.0000000000
234  -12.411  -101.540  -24.991 0.0000000000
196  -16.954  -102.297  -22.109 0.0000000000
211  -16.959  -101.808  -23.029 0.0000000000
197  -17.651  -102.126  -22.396 0.0000000000
213  -19.039  -101.705  -23.087 0.0000000000
181  -18.667  -102.365  -21.759 0.0000000000
313  -23.375  -101.284  -18.005 0.0000000000
26304  -24.492  -67.889  -16.352 0.0000000000
26322  -23.579  -67.143  -16.571 0.0000000000
26305  -25.235  -67.994  -16.501 0.0000000000
26306  -25.515  -68.331  -16.681 0.0000000000
21046  -21.908  -72.878  -16.433 0.0000000000
21070  -22.277  -72.971  -17.110 0.0000000000
23273  -24.343  -70.590  -21.088 0.0000000000
23250  -25.507  -70.758  -20.563 0.0000000000
23274  -25.529  -70.260  -20.978 0.0000000000
24278  -26.031  -69.764  -21.168 0.0000000000
26377  -25.009  -67.649  -21.958 0.0000000000
25309  -24.102  -68.434  -22.124 0.0000000000
26410  -18.365  -67.416  -23.745 0.0000000000
27573  -18.925  -66.753  -23.944 0.0000000000
27592  -18.307  -66.439  -24.489 0.0000000000
28750  -18.725  -65.606  -24.963 0.0000000000
27591  -17.291  -66.414  -24.848 0.0000000000
13161  -13.911  -80.849  -16.575 0.0000000000
13162  -14.173  -80.712  -16.323 0.0000000000
14029  -13.617  -79.333  -16.835 0.0000000000
19887  -13.984  -74.207  -15.776 0.0000000000
18799  -14.469  -74.843  -15.762 0.0000000000
18821  -15.088  -74.511  -16.037 0.0000000000
19907  -15.198  -74.381  -16.610 0.0000000000
21043  -14.408  -73.175  -17.208 0.0000000000
18813  -5.773  -74.316  -17.567 0.0000000000
18814  -6.776  -74.244  -17.737 0.0000000000
19898  -6.202  -73.657  -17.317 0.0000000000
23261  -9.143  -71.032  -21.572 0.0000000000
22209  -9.541  -71.758  -20.719 0.0000000000
23262  -10.285  -71.060  -21.933 0.0000000000
22228  -11.888  -71.382  -21.298 0.0000000000
23263  -11.298  -70.970  -21.949 0.0000000000
23284  -11.717  -70.477  -22.594 0.0000000000
23283  -10.685  -70.518  -22.645 0.0000000000
29908  -11.088  -64.622  -23.124 0.0000000000
28733  -11.493  -65.507  -23.629 0.0000000000
29909  -12.016  -64.652  -23.560 0.0000000000
29910  -12.791  -64.188  -23.785 0.0000000000
31054  -12.132  -63.512  -23.080 0.0000000000
31041  -11.544  -63.099  -22.788 0.0000000000
6825  -16.688  -88.298  -31.754 0.0000000000
6846  -16.247  -88.085  -32.247 0.0000000000
6122  -15.462  -88.893  -33.248 0.0000000000
5507  -9.446  -90.368  -38.595 0.0000000000
5494  -9.507  -90.549  -37.695 0.0000000000
4895  -8.118  -90.666  -37.511 0.0000000000
4885  -7.889  -90.763  -37.074 0.0000000000
6168  -7.473  -89.574  -37.376 0.0000000000
11653  -9.181  -83.307  -39.640 0.0000000000
11621  -7.987  -82.918  -38.443 0.0000000000
10763  -7.750  -83.652  -37.822 0.0000000000
11620  -7.147  -82.503  -37.904 0.0000000000
11608  -6.467  -82.781  -37.098 0.0000000000
12585  -7.792  -81.376  -38.331 0.0000000000
4796  -15.567  -91.038  -27.801 0.0000000000
5378  -15.250  -91.021  -28.927 0.0000000000
7511  -15.846  -87.955  -28.333 0.0000000000
6790  -15.689  -88.931  -28.407 0.0000000000
6812  -15.183  -87.951  -29.914 0.0000000000
7530  -15.252  -87.050  -30.037 0.0000000000
401  -21.800  -100.006  -25.735 0.0000000000
594  -22.294  -98.905  -25.715 0.0000000000
402  -22.507  -99.185  -25.427 0.0000000000
886  -24.599  -98.474  -27.951 0.0000000000
896  -24.628  -98.612  -28.840 0.0000000000
1228  -23.869  -97.924  -29.754 0.0000000000
1679  -23.837  -97.171  -29.402 0.0000000000
37511  -22.934  -56.992  -23.169 0.0000000000
39729  -23.633  -55.577  -22.940 0.0000000000
38640  -23.204  -56.429  -23.036 0.0000000000
38658  -20.550  -57.113  -23.049 0.0000000000
38638  -21.323  -56.349  -23.176 0.0000000000
39726  -20.765  -55.507  -23.298 0.0000000000
40775  -21.282  -54.587  -23.388 0.0000000000
39725  -19.828  -55.493  -23.010 0.0000000000
38636  -19.383  -56.415  -22.893 0.0000000000
36417  -17.261  -58.168  -23.275 0.0000000000
37527  -17.933  -57.731  -23.119 0.0000000000
36416  -16.389  -58.276  -23.137 0.0000000000
36398  -16.033  -57.998  -22.475 0.0000000000
36415  -15.584  -58.347  -23.291 0.0000000000
18778  -15.167  -74.936  -12.061 0.0000000000
15706  -15.800  -77.994  -11.652 0.0000000000
16663  -15.912  -77.019  -11.818 0.0000000000
15725  -16.382  -77.950  -12.638 0.0000000000
15726  -16.901  -77.905  -13.592 0.0000000000
14824  -16.699  -78.753  -13.375 0.0000000000
17899  -3.605  -75.516  -23.880 0.0000000000
32085  -26.805  -62.135  -21.004 0.0000000000
32084  -25.956  -62.438  -21.566 0.0000000000
9725  -10.814  -84.539  -20.313 0.0000000000
10514  -11.417  -84.262  -19.993 0.0000000000
10535  -11.311  -84.424  -20.738 0.0000000000
11431  -13.381  -83.315  -23.090 0.0000000000
12378  -13.381  -83.067  -22.396 0.0000000000
11449  -14.056  -82.582  -24.290 0.0000000000
12395  -14.564  -81.917  -24.179 0.0000000000
11467  -14.555  -82.468  -24.964 0.0000000000
8319  -8.654  -86.418  -30.737 0.0000000000
9094  -8.118  -85.729  -30.616 0.0000000000
8318  -7.662  -86.533  -30.543 0.0000000000
8292  -5.538  -86.254  -28.793 0.0000000000
9071  -6.041  -85.314  -28.542 0.0000000000
9059  -5.774  -84.808  -27.814 0.0000000000
9058  -5.315  -85.188  -27.733 0.0000000000
9800  -3.896  -84.683  -27.421 0.0000000000
9056  -4.040  -85.318  -28.131 0.0000000000
9833  -3.693  -84.470  -31.353 0.0000000000
10636  -3.072  -83.736  -29.978 0.0000000000
10651  -3.472  -83.683  -30.793 0.0000000000
11519  -3.756  -82.079  -30.214 0.0000000000
11531  -3.874  -82.644  -30.826 0.0000000000
4167  -16.964  -92.737  -25.289 0.0000000000
4181  -17.683  -92.285  -25.975 0.0000000000
3579  -17.485  -92.884  -26.379 0.0000000000
4194  -18.611  -93.241  -28.411 0.0000000000
3609  -18.533  -93.578  -29.122 0.0000000000
3620  -18.030  -93.532  -29.436 0.0000000000
3089  -17.693  -94.290  -29.569 0.0000000000
648  -16.916  -100.296  -34.170 0.0000000000
639  -16.353  -100.418  -33.433 0.0000000000
447  -16.418  -100.471  -34.468 0.0000000000
669  -16.148  -100.469  -36.218 0.0000000000
679  -14.924  -100.141  -37.211 0.0000000000
22051  -3.628  -71.390  -10.523 0.0000000000
18767  -3.051  -74.765  -12.074 0.0000000000
19839  -3.378  -73.546  -11.973 0.0000000000
18768  -3.759  -74.525  -12.431 0.0000000000
18769  -4.536  -74.432  -12.205 0.0000000000
16658  -5.246  -76.367  -12.489 0.0000000000
16659  -6.043  -76.761  -12.417 0.0000000000
16676  -4.876  -76.530  -13.251 0.0000000000
15740  -4.538  -77.482  -14.342 0.0000000000
15741  -5.249  -77.299  -14.353 0.0000000000
14850  -5.286  -78.141  -15.471 0.0000000000
14875  -6.510  -79.321  -15.830 0.0000000000
14874  -5.643  -78.812  -16.050 0.0000000000
9688  -3.065  -84.540  -17.123 0.0000000000
9701  -2.809  -84.462  -17.945 0.0000000000
8947  -2.609  -85.677  -19.327 0.0000000000
7427  -3.387  -87.618  -22.530 0.0000000000
8189  -2.914  -86.238  -22.114 0.0000000000
7436  -3.626  -87.341  -23.495 0.0000000000
7444  -3.817  -87.009  -24.432 0.0000000000
6736  -4.510  -88.593  -25.501 0.0000000000
6737  -4.585  -89.197  -26.042 0.0000000000
5993  -4.507  -89.020  -25.254 0.0000000000
5331  -5.279  -91.036  -25.265 0.0000000000
5330  -4.766  -90.665  -25.903 0.0000000000
4754  -4.932  -92.097  -26.197 0.0000000000
3584  -5.547  -93.247  -27.546 0.0000000000
4161  -5.572  -92.812  -25.947 0.0000000000
2929  -5.992  -94.566  -17.422 0.0000000000
2936  -5.703  -95.168  -18.279 0.0000000000
2488  -5.423  -95.714  -19.237 0.0000000000
2474  -5.479  -95.777  -18.340 0.0000000000
2002  -5.387  -96.357  -19.338 0.0000000000
1983  -5.567  -96.462  -18.300 0.0000000000
1958  -7.017  -96.579  -16.326 0.0000000000
1481  -6.869  -97.146  -17.717 0.0000000000
1968  -8.447  -96.617  -17.154 0.0000000000
1986  -8.679  -96.716  -18.346 0.0000000000
1969  -9.465  -96.442  -17.263 0.0000000000
1961  -9.978  -96.734  -16.645 0.0000000000
1949  -8.911  -96.882  -15.850 0.0000000000
1065  -8.352  -98.402  -16.295 0.0000000000
1073  -8.884  -98.598  -16.980 0.0000000000
752  -8.295  -98.664  -16.903 0.0000000000
779  -9.515  -98.767  -18.278 0.0000000000
761  -8.238  -98.929  -17.569 0.0000000000
176  -10.953  -102.108  -21.468 0.0000000000
26358  -20.459  -67.046  -20.371 0.0000000000
26339  -19.974  -67.909  -19.868 0.0000000000
25250  -20.814  -68.537  -17.648 0.0000000000
25262  -21.302  -67.863  -17.865 0.0000000000
25251  -21.614  -68.254  -16.924 0.0000000000
19966  -21.394  -73.829  -19.376 0.0000000000
19967  -21.986  -73.320  -19.417 0.0000000000
18894  -21.602  -73.741  -20.029 0.0000000000
22237  -20.816  -72.114  -21.957 0.0000000000
21156  -21.898  -72.795  -20.805 0.0000000000
24275  -22.235  -70.103  -22.298 0.0000000000
23291  -18.056  -70.555  -22.747 0.0000000000
24298  -19.824  -69.588  -22.755 0.0000000000
24297  -18.597  -69.512  -22.866 0.0000000000
25320  -18.724  -68.755  -23.102 0.0000000000
24316  -17.884  -69.278  -23.017 0.0000000000
15851  -14.123  -77.297  -20.545 0.0000000000
16764  -13.506  -76.639  -19.350 0.0000000000
16786  -13.736  -76.579  -20.125 0.0000000000
17816  -11.002  -75.877  -19.519 0.0000000000
17817  -11.800  -75.608  -19.648 0.0000000000
17802  -12.062  -75.248  -18.490 0.0000000000
18839  -12.405  -75.271  -17.283 0.0000000000
17785  -11.104  -75.259  -17.904 0.0000000000
23217  -4.460  -70.435  -18.137 0.0000000000
22166  -5.423  -71.007  -18.035 0.0000000000
24226  -4.726  -69.910  -18.810 0.0000000000
25290  -6.170  -68.317  -20.172 0.0000000000
25270  -6.152  -68.946  -19.842 0.0000000000
24272  -6.866  -68.845  -20.951 0.0000000000
23259  -7.421  -69.899  -21.251 0.0000000000
25318  -7.612  -68.528  -22.197 0.0000000000
25307  -7.212  -68.278  -21.527 0.0000000000
28690  -7.526  -65.520  -21.345 0.0000000000
27523  -7.858  -66.034  -21.637 0.0000000000
28691  -8.329  -65.560  -21.691 0.0000000000
28692  -8.772  -65.135  -21.747 0.0000000000
31019  -8.188  -64.107  -21.638 0.0000000000
31037  -7.888  -63.420  -22.003 0.0000000000
31036  -7.129  -63.472  -22.178 0.0000000000
31052  -6.913  -63.724  -23.546 0.0000000000
4265  -12.927  -92.288  -34.796 0.0000000000
4866  -13.118  -91.559  -35.529 0.0000000000
4274  -12.607  -91.968  -35.838 0.0000000000
4326  -10.750  -92.053  -38.705 0.0000000000
4905  -11.207  -91.926  -38.171 0.0000000000
4914  -10.558  -91.840  -39.282 0.0000000000
5520  -10.438  -90.719  -39.270 0.0000000000
5529  -10.234  -90.361  -40.128 0.0000000000
7445  -11.283  -88.271  -23.924 0.0000000000
7446  -12.254  -87.888  -24.443 0.0000000000
6721  -12.414  -88.125  -25.178 0.0000000000
6759  -12.553  -88.553  -27.135 0.0000000000
7481  -12.670  -87.720  -26.744 0.0000000000
7498  -12.443  -87.662  -27.764 0.0000000000
8276  -12.277  -87.063  -27.924 0.0000000000
7510  -12.291  -87.509  -28.337 0.0000000000
5390  -13.812  -90.631  -29.574 0.0000000000
5387  -11.164  -89.237  -30.462 0.0000000000
6047  -11.966  -88.823  -29.841 0.0000000000
6799  -11.594  -88.309  -29.798 0.0000000000
6787  -11.376  -87.620  -29.712 0.0000000000
6798  -10.946  -87.875  -29.999 0.0000000000
6797  -10.133  -87.990  -30.291 0.0000000000
6045  -10.109  -88.559  -30.378 0.0000000000
4820  -8.601  -90.883  -31.241 0.0000000000
5406  -8.290  -90.246  -30.780 0.0000000000
5405  -7.322  -90.377  -30.416 0.0000000000
5404  -6.383  -90.489  -30.551 0.0000000000
4818  -7.058  -91.029  -30.530 0.0000000000
1180  -17.811  -97.561  -26.997 0.0000000000
2108  -18.648  -96.488  -27.276 0.0000000000
1635  -18.796  -97.092  -26.893 0.0000000000
1667  -21.689  -97.378  -27.688 0.0000000000
2146  -20.847  -97.098  -27.738 0.0000000000
1212  -20.816  -98.379  -28.479 0.0000000000
1226  -19.514  -98.912  -28.901 0.0000000000
1227  -20.368  -99.069  -28.847 0.0000000000
604  -23.403  -98.376  -28.016 0.0000000000
885  -23.004  -98.105  -27.886 0.0000000000
626  -21.242  -100.046  -31.507 0.0000000000
420  -21.523  -101.049  -30.231 0.0000000000
419  -20.449  -100.984  -30.639 0.0000000000
418  -19.294  -100.956  -30.686 0.0000000000
427  -19.591  -100.660  -31.377 0.0000000000
437  -18.926  -100.488  -32.056 0.0000000000
633  -19.188  -99.783  -32.540 0.0000000000
946  -20.193  -99.278  -34.864 0.0000000000
945  -19.427  -99.377  -34.785 0.0000000000
672  -19.241  -99.833  -36.125 0.0000000000
40772  -18.507  -54.903  -22.886 0.0000000000
39750  -16.390  -55.073  -23.342 0.0000000000
40796  -17.168  -54.699  -23.882 0.0000000000
40803  -16.821  -54.062  -24.371 0.0000000000
23177  -16.591  -70.447  -16.622 0.0000000000
23178  -17.501  -70.272  -16.280 0.0000000000
23156  -17.773  -70.513  -15.126 0.0000000000
22108  -18.034  -72.473  -14.092 0.0000000000
22126  -18.324  -71.737  -14.330 0.0000000000
21029  -19.211  -72.935  -14.606 0.0000000000
21030  -20.285  -72.913  -15.188 0.0000000000
19890  -19.597  -73.933  -15.344 0.0000000000
18782  -16.835  -74.880  -13.225 0.0000000000
18785  -17.459  -74.831  -13.782 0.0000000000
17735  -17.715  -75.415  -14.031 0.0000000000
16719  -19.193  -76.425  -16.342 0.0000000000
17748  -19.033  -75.758  -15.766 0.0000000000
17768  -19.400  -75.641  -16.374 0.0000000000
18843  -20.140  -75.053  -17.030 0.0000000000
17790  -19.965  -75.369  -17.748 0.0000000000
17807  -20.218  -75.356  -18.305 0.0000000000
17806  -19.955  -75.566  -18.114 0.0000000000
16767  -19.818  -76.865  -19.832 0.0000000000
16789  -20.199  -76.455  -20.100 0.0000000000
16787  -19.207  -76.364  -20.792 0.0000000000
17865  -19.565  -75.452  -21.405 0.0000000000
17845  -18.278  -75.749  -20.858 0.0000000000
14083  -6.667  -79.127  -20.698 0.0000000000
14066  -7.196  -78.658  -20.161 0.0000000000
14065  -6.275  -78.753  -20.149 0.0000000000
15825  -3.729  -77.936  -19.104 0.0000000000
15826  -4.550  -77.915  -18.973 0.0000000000
16728  -4.301  -76.182  -17.895 0.0000000000
16747  -3.352  -76.198  -17.930 0.0000000000
16802  -2.871  -75.641  -21.913 0.0000000000
16801  -2.524  -76.117  -21.340 0.0000000000
17858  -3.217  -75.114  -21.224 0.0000000000
19960  -3.346  -73.286  -19.843 0.0000000000
18885  -2.859  -74.465  -20.036 0.0000000000
19959  -2.848  -73.486  -19.329 0.0000000000
19919  -3.182  -73.909  -18.133 0.0000000000
21106  -2.795  -73.104  -18.815 0.0000000000
22164  -3.235  -71.681  -18.653 0.0000000000
845  -26.271  -98.502  -22.936 0.0000000000
850  -26.226  -98.356  -23.438 0.0000000000
1169  -26.799  -98.038  -23.458 0.0000000000
36384  -25.164  -58.763  -21.845 0.0000000000
37513  -24.411  -57.366  -22.371 0.0000000000
34290  -22.087  -60.659  -23.915 0.0000000000
35324  -22.831  -59.471  -23.377 0.0000000000
35347  -21.706  -60.203  -24.186 0.0000000000
35346  -21.218  -60.226  -24.432 0.0000000000
34288  -20.942  -60.949  -24.559 0.0000000000
12186  -12.114  -81.918  -10.254 0.0000000000
11249  -12.605  -82.659  -11.191 0.0000000000
11307  -12.318  -83.149  -14.624 0.0000000000
11308  -12.670  -82.795  -14.352 0.0000000000
12278  -13.158  -82.374  -16.004 0.0000000000
12295  -13.364  -82.218  -16.521 0.0000000000
10537  -13.151  -83.626  -20.176 0.0000000000
10506  -12.609  -83.654  -18.129 0.0000000000
11385  -13.916  -82.935  -20.387 0.0000000000
13244  -15.400  -80.250  -21.449 0.0000000000
12323  -14.994  -81.243  -20.683 0.0000000000
13223  -14.843  -80.491  -20.260 0.0000000000
13216  -14.487  -80.477  -19.700 0.0000000000
14088  -14.918  -79.681  -20.565 0.0000000000
14926  -14.336  -79.100  -20.263 0.0000000000
14943  -14.949  -78.713  -21.057 0.0000000000
14145  -12.910  -78.979  -23.746 0.0000000000
14976  -13.238  -78.301  -22.631 0.0000000000
14128  -12.403  -79.026  -22.996 0.0000000000
14108  -12.154  -78.872  -22.347 0.0000000000
14127  -11.659  -79.294  -22.744 0.0000000000
9033  -13.500  -85.912  -25.289 0.0000000000
9774  -13.616  -85.034  -25.197 0.0000000000
9791  -13.730  -85.226  -26.009 0.0000000000
11511  -13.426  -83.406  -28.209 0.0000000000
10621  -13.943  -83.785  -27.413 0.0000000000
11498  -13.773  -82.587  -27.941 0.0000000000
12451  -14.268  -82.011  -27.478 0.0000000000
11497  -13.036  -81.958  -28.257 0.0000000000
10638  -8.427  -83.757  -29.773 0.0000000000
10639  -9.559  -83.621  -29.745 0.0000000000
10628  -8.660  -82.876  -28.877 0.0000000000
12428  -9.289  -80.816  -27.220 0.0000000000
12446  -9.738  -81.275  -27.616 0.0000000000
12429  -10.075  -80.797  -27.180 0.0000000000
12431  -11.946  -80.757  -27.282 0.0000000000
13328  -11.322  -80.237  -26.566 0.0000000000
13311  -11.817  -79.766  -25.627 0.0000000000
13310  -10.625  -79.963  -25.773 0.0000000000
12377  -8.033  -79.870  -24.553 0.0000000000
13292  -8.820  -79.913  -24.882 0.0000000000
13279  -8.451  -79.888  -23.856 0.0000000000
13266  -9.297  -79.908  -23.119 0.0000000000
13265  -8.393  -79.928  -22.911 0.0000000000
13241  -8.191  -79.783  -22.086 0.0000000000
13264  -7.404  -79.942  -22.830 0.0000000000
12373  -4.410  -81.667  -23.265 0.0000000000
12356  -4.980  -81.264  -22.629 0.0000000000
12372  -3.777  -81.457  -23.379 0.0000000000
11491  -3.008  -82.683  -27.009 0.0000000000
10587  -3.551  -83.112  -25.671 0.0000000000
14198  -3.732  -79.508  -27.510 0.0000000000
14187  -3.552  -80.129  -26.196 0.0000000000
14174  -3.682  -79.132  -26.080 0.0000000000
15013  -3.548  -78.706  -25.769 0.0000000000
15023  -3.337  -77.914  -25.931 0.0000000000
15931  -3.024  -77.033  -25.244 0.0000000000
15942  -3.051  -76.956  -26.283 0.0000000000
17951  -3.553  -75.154  -27.526 0.0000000000
6707  -16.221  -88.349  -23.202 0.0000000000
8207  -17.172  -86.913  -24.157 0.0000000000
7439  -17.427  -87.534  -23.874 0.0000000000
6761  -19.235  -88.518  -27.012 0.0000000000
7484  -18.901  -87.591  -26.621 0.0000000000
6791  -19.146  -88.164  -28.314 0.0000000000
6803  -18.722  -88.226  -29.179 0.0000000000
6802  -18.381  -88.867  -29.572 0.0000000000
4781  -19.001  -91.184  -27.290 0.0000000000
5370  -19.228  -90.149  -27.221 0.0000000000
5394  -18.437  -90.872  -29.092 0.0000000000
4232  -15.647  -92.159  -31.273 0.0000000000
4823  -16.601  -91.257  -30.751 0.0000000000
4835  -16.132  -91.372  -31.371 0.0000000000
5430  -16.762  -90.192  -31.236 0.0000000000
4841  -14.534  -91.785  -32.890 0.0000000000
4242  -14.034  -92.617  -32.680 0.0000000000
3112  -12.532  -94.979  -33.280 0.0000000000
3650  -12.682  -93.701  -33.639 0.0000000000
3120  -11.320  -94.828  -33.992 0.0000000000
3131  -10.535  -94.740  -34.688 0.0000000000
3119  -10.918  -95.440  -34.243 0.0000000000
2601  -19.589  -95.769  -28.115 0.0000000000
2615  -19.272  -95.211  -28.488 0.0000000000
2627  -19.483  -95.537  -28.854 0.0000000000
1675  -16.729  -97.594  -29.970 0.0000000000
2154  -17.628  -96.147  -29.574 0.0000000000
1690  -16.702  -96.963  -29.969 0.0000000000
2638  -16.649  -95.572  -29.893 0.0000000000
1688  -15.113  -97.417  -30.912 0.0000000000
433  -15.498  -100.033  -32.796 0.0000000000
624  -15.494  -99.121  -32.052 0.0000000000
630  -14.648  -99.449  -32.801 0.0000000000
912  -12.852  -98.777  -33.479 0.0000000000
905  -14.015  -98.716  -32.756 0.0000000000
1246  -13.594  -97.851  -32.689 0.0000000000
1686  -14.061  -97.376  -32.159 0.0000000000
1699  -12.957  -97.249  -32.971 0.0000000000
1712  -12.654  -96.792  -32.987 0.0000000000
1711  -12.234  -97.323  -33.280 0.0000000000
1288  -10.503  -98.224  -35.312 0.0000000000
1731  -10.551  -97.478  -34.714 0.0000000000
1287  -9.952  -97.692  -35.907 0.0000000000
2212  -9.770  -96.408  -35.798 0.0000000000
1757  -9.918  -97.598  -37.520 0.0000000000
1766  -10.182  -97.331  -38.664 0.0000000000
1314  -10.746  -97.648  -39.284 0.0000000000
1621  -26.020  -96.844  -25.827 0.0000000000
1641  -25.669  -97.318  -26.264 0.0000000000
2112  -25.504  -96.258  -26.508 0.0000000000
25298  -17.642  -68.478  -20.652 0.0000000000
25295  -14.463  -68.433  -20.755 0.0000000000
25278  -16.098  -69.115  -20.122 0.0000000000
24252  -15.659  -69.650  -19.480 0.0000000000
24235  -16.220  -70.034  -18.693 0.0000000000
24234  -15.245  -69.955  -18.740 0.0000000000
24232  -13.324  -69.714  -18.583 0.0000000000
24215  -13.945  -69.963  -17.850 0.0000000000
24197  -13.643  -69.917  -17.030 0.0000000000
23153  -14.930  -70.540  -15.787 0.0000000000
23174  -13.317  -70.097  -16.193 0.0000000000
25259  -9.749  -68.913  -19.282 0.0000000000
24247  -10.880  -69.265  -19.162 0.0000000000
24229  -10.391  -69.452  -18.572 0.0000000000
23150  -11.833  -70.766  -15.306 0.0000000000
23172  -11.294  -70.327  -16.458 0.0000000000
23132  -12.554  -70.964  -14.941 0.0000000000
23133  -13.336  -70.885  -14.944 0.0000000000
22103  -13.006  -71.282  -14.382 0.0000000000
20998  -13.709  -72.428  -12.886 0.0000000000
20997  -12.720  -72.303  -13.066 0.0000000000
19847  -11.324  -73.489  -12.267 0.0000000000
19848  -12.249  -73.560  -12.011 0.0000000000
17706  -12.114  -75.819  -10.851 0.0000000000
18762  -11.843  -75.004  -11.135 0.0000000000
26283  -5.004  -67.846  -15.392 0.0000000000
25238  -5.350  -68.155  -16.321 0.0000000000
25239  -5.842  -68.576  -16.948 0.0000000000
24185  -5.647  -69.726  -16.071 0.0000000000
23118  -3.672  -70.310  -13.133 0.0000000000
24171  -3.789  -69.596  -13.619 0.0000000000
22076  -4.655  -71.175  -13.675 0.0000000000
19843  -7.179  -73.393  -12.411 0.0000000000
20990  -6.049  -72.099  -13.717 0.0000000000
20991  -7.243  -72.487  -13.792 0.0000000000
20992  -8.256  -72.707  -13.848 0.0000000000
19861  -8.700  -73.268  -13.295 0.0000000000
18771  -8.879  -73.953  -12.175 0.0000000000
16622  -9.932  -76.527  -9.506 0.0000000000
17690  -10.126  -75.847  -9.897 0.0000000000
16634  -10.524  -76.547  -9.565 0.0000000000
16635  -11.388  -76.603  -9.761 0.0000000000
14779  -10.556  -78.769  -9.639 0.0000000000
13919  -10.993  -79.402  -9.529 0.0000000000
13107  -9.618  -80.510  -12.116 0.0000000000
13086  -10.362  -80.620  -10.967 0.0000000000
12203  -9.560  -81.357  -12.305 0.0000000000
11267  -9.602  -82.355  -12.350 0.0000000000
11286  -9.024  -82.561  -13.262 0.0000000000
14836  -8.101  -79.173  -13.953 0.0000000000
14837  -8.697  -79.440  -13.429 0.0000000000
13984  -8.224  -79.639  -14.288 0.0000000000
11321  -7.262  -83.334  -15.483 0.0000000000
12241  -8.070  -82.253  -14.695 0.0000000000
10447  -7.536  -83.960  -14.826 0.0000000000
9646  -8.317  -84.577  -14.342 0.0000000000
9663  -7.985  -85.016  -15.082 0.0000000000
8929  -8.801  -85.449  -17.161 0.0000000000
8915  -8.117  -85.599  -16.566 0.0000000000
8138  -7.699  -86.286  -19.181 0.0000000000
8950  -8.810  -85.922  -19.308 0.0000000000
8964  -8.680  -86.260  -20.268 0.0000000000
9732  -9.855  -85.675  -21.700 0.0000000000
8991  -9.290  -86.260  -21.905 0.0000000000
13914  -3.488  -79.379  -11.586 0.0000000000
14787  -2.967  -79.066  -12.095 0.0000000000
13951  -3.552  -79.345  -12.699 0.0000000000
14044  -3.271  -80.409  -17.177 0.0000000000
13998  -3.113  -79.647  -16.222 0.0000000000
13197  -4.216  -80.641  -17.595 0.0000000000
13198  -4.870  -80.739  -17.288 0.0000000000
13208  -4.713  -81.160  -17.957 0.0000000000
10529  -2.856  -83.569  -20.530 0.0000000000
11366  -2.976  -82.643  -19.122 0.0000000000
10550  -3.142  -83.534  -21.357 0.0000000000
10568  -5.066  -84.161  -22.313 0.0000000000
10532  -5.091  -83.217  -20.982 0.0000000000
10554  -5.605  -84.247  -21.275 0.0000000000
11382  -5.529  -83.038  -20.017 0.0000000000
9731  -5.955  -84.685  -21.104 0.0000000000
9723  -6.034  -84.511  -20.125 0.0000000000
8974  -6.217  -85.546  -21.447 0.0000000000
8236  -8.032  -87.352  -24.320 0.0000000000
8217  -8.248  -87.079  -23.610 0.0000000000
9012  -9.034  -87.012  -23.294 0.0000000000
8237  -9.169  -87.562  -24.133 0.0000000000
8238  -10.054  -87.574  -23.844 0.0000000000
8258  -8.999  -87.857  -24.557 0.0000000000
6015  -8.273  -89.289  -25.754 0.0000000000
6738  -8.949  -89.017  -25.242 0.0000000000
5332  -9.004  -90.482  -25.365 0.0000000000
4740  -10.460  -91.472  -25.296 0.0000000000
4163  -9.463  -91.876  -25.632 0.0000000000
5365  -6.283  -90.656  -28.037 0.0000000000
5366  -7.007  -90.282  -27.168 0.0000000000
4773  -6.721  -91.446  -28.096 0.0000000000
3603  -9.111  -93.768  -27.241 0.0000000000
3585  -8.828  -93.319  -27.016 0.0000000000
3586  -9.616  -93.713  -26.889 0.0000000000
3587  -10.717  -93.616  -26.814 0.0000000000
3604  -11.157  -93.963  -27.226 0.0000000000
3606  -12.918  -93.349  -28.227 0.0000000000
3075  -12.360  -94.175  -27.639 0.0000000000
3042  -13.065  -94.176  -26.003 0.0000000000
3576  -13.720  -93.530  -26.430 0.0000000000
4166  -14.081  -92.507  -25.379 0.0000000000
4743  -14.296  -91.762  -25.351 0.0000000000
4742  -13.879  -92.144  -24.850 0.0000000000
4659  -4.530  -91.745  -21.714 0.0000000000
5253  -4.753  -90.621  -21.045 0.0000000000
5914  -4.689  -90.126  -20.013 0.0000000000
5266  -6.322  -90.291  -21.636 0.0000000000
5279  -7.185  -90.080  -22.553 0.0000000000
4111  -6.941  -91.493  -22.984 0.0000000000
3012  -6.778  -94.220  -23.747 0.0000000000
3023  -6.901  -94.027  -24.706 0.0000000000
2558  -6.743  -94.980  -24.818 0.0000000000
3040  -6.161  -94.609  -26.359 0.0000000000
2088  -6.505  -95.803  -25.582 0.0000000000
1546  -6.265  -97.005  -21.404 0.0000000000
1564  -6.685  -96.914  -22.554 0.0000000000
1547  -7.121  -97.437  -21.600 0.0000000000
1567  -9.008  -96.752  -22.911 0.0000000000
1585  -8.254  -97.301  -23.541 0.0000000000
1605  -9.013  -96.958  -24.437 0.0000000000
1617  -8.519  -97.196  -25.378 0.0000000000
2078  -9.487  -96.093  -24.398 0.0000000000
2570  -10.696  -95.264  -25.085 0.0000000000
2559  -10.397  -95.184  -24.215 0.0000000000
3519  -12.169  -93.049  -22.187 0.0000000000
3541  -12.253  -93.155  -23.138 0.0000000000
4113  -12.984  -92.034  -22.345 0.0000000000
4700  -13.752  -91.088  -23.013 0.0000000000
5280  -14.027  -90.730  -22.143 0.0000000000
5281  -14.443  -90.109  -22.311 0.0000000000
5268  -14.033  -91.101  -21.470 0.0000000000
4083  -14.313  -92.641  -20.503 0.0000000000
4666  -14.567  -91.465  -21.076 0.0000000000
4096  -14.773  -92.293  -20.948 0.0000000000
4683  -16.018  -91.140  -21.868 0.0000000000
3502  -15.149  -92.525  -21.575 0.0000000000
1989  -12.104  -96.562  -18.362 0.0000000000
1990  -12.602  -96.322  -18.871 0.0000000000
1501  -12.333  -96.973  -18.872 0.0000000000
2037  -13.387  -96.457  -21.498 0.0000000000
2038  -13.856  -95.671  -21.392 0.0000000000
2536  -14.000  -95.567  -21.908 0.0000000000
3001  -14.696  -94.350  -22.231 0.0000000000
3016  -14.927  -94.346  -23.149 0.0000000000
3017  -15.396  -93.846  -23.538 0.0000000000
2549  -14.681  -95.137  -23.332 0.0000000000
1607  -13.764  -97.100  -24.075 0.0000000000
2081  -14.590  -96.010  -24.126 0.0000000000
2092  -14.361  -96.822  -24.812 0.0000000000
2573  -15.272  -95.784  -25.356 0.0000000000
2105  -14.288  -97.349  -25.414 0.0000000000
1447  -6.659  -97.570  -13.232 0.0000000000
508  -6.873  -100.474  -17.299 0.0000000000
503  -6.893  -100.093  -16.609 0.0000000000
520  -7.004  -100.496  -18.347 0.0000000000
790  -7.545  -99.913  -19.523 0.0000000000
547  -7.412  -100.500  -20.257 0.0000000000
140  -8.652  -102.018  -18.713 0.0000000000
155  -8.570  -102.052  -19.874 0.0000000000
356  -9.223  -100.877  -23.295 0.0000000000
349  -8.602  -101.055  -22.727 0.0000000000
564  -8.977  -100.538  -23.212 0.0000000000
842  -8.778  -99.944  -22.930 0.0000000000
844  -10.481  -99.066  -23.278 0.0000000000
849  -10.417  -99.482  -24.232 0.0000000000
1192  -12.304  -99.543  -26.064 0.0000000000
1178  -12.373  -98.927  -25.833 0.0000000000
1179  -13.117  -98.537  -26.087 0.0000000000
1633  -14.534  -97.694  -26.087 0.0000000000
1194  -13.757  -98.574  -26.356 0.0000000000
1196  -15.376  -98.414  -26.546 0.0000000000
1209  -14.287  -99.043  -26.519 0.0000000000
394  -14.324  -101.059  -26.949 0.0000000000
602  -15.839  -100.394  -26.826 0.0000000000
396  -16.541  -100.758  -26.938 0.0000000000
589  -17.481  -99.980  -27.013 0.0000000000
259  -16.168  -101.521  -26.620 0.0000000000
208  -13.453  -101.734  -23.170 0.0000000000
223  -14.119  -101.439  -24.391 0.0000000000
224  -15.364  -101.337  -24.239 0.0000000000
226  -17.549  -101.409  -24.030 0.0000000000
239  -17.077  -101.542  -24.959 0.0000000000
251  -17.463  -101.139  -25.439 0.0000000000
252  -18.288  -100.826  -25.457 0.0000000000
254  -19.771  -100.628  -25.165 0.0000000000
241  -19.073  -100.858  -24.776 0.0000000000
215  -20.528  -101.281  -23.125 0.0000000000
229  -20.693  -100.852  -23.929 0.0000000000
216  -21.411  -100.939  -23.299 0.0000000000
368  -22.246  -100.456  -23.920 0.0000000000
351  -22.579  -100.595  -22.774 0.0000000000
57  -19.355  -102.942  -19.708 0.0000000000
58  -20.252  -102.600  -19.496 0.0000000000
168  -20.173  -102.475  -20.691 0.0000000000
70  -20.731  -102.486  -19.856 0.0000000000
162  -23.821  -101.401  -20.087 0.0000000000
171  -22.749  -101.407  -20.779 0.0000000000
172  -23.649  -101.129  -20.511 0.0000000000
344  -23.251  -100.638  -21.573 0.0000000000
346  -24.820  -100.084  -21.369 0.0000000000
347  -25.476  -99.691  -21.451 0.0000000000
341  -25.545  -99.968  -20.742 0.0000000000
544  -26.789  -99.703  -19.672 0.0000000000
28644  -27.838  -65.592  -18.197 0.0000000000
27479  -27.695  -66.277  -18.438 0.0000000000
23180  -19.435  -69.903  -15.870 0.0000000000
24199  -19.643  -69.710  -16.319 0.0000000000
23181  -20.547  -70.450  -15.432 0.0000000000
23183  -22.820  -70.906  -16.171 0.0000000000
24203  -23.365  -69.820  -15.989 0.0000000000
23184  -24.161  -71.111  -16.681 0.0000000000
21118  -22.878  -72.723  -19.151 0.0000000000
21095  -23.476  -72.248  -18.584 0.0000000000
21119  -23.743  -72.032  -19.112 0.0000000000
23224  -25.890  -71.110  -18.973 0.0000000000
22172  -25.065  -71.480  -18.595 0.0000000000
23225  -26.386  -70.560  -18.567 0.0000000000
23207  -26.205  -70.351  -17.922 0.0000000000
24240  -26.653  -69.814  -18.237 0.0000000000
25254  -26.632  -68.885  -17.815 0.0000000000
24241  -26.901  -69.443  -18.620 0.0000000000
26360  -26.953  -67.924  -20.264 0.0000000000
27512  -27.146  -66.723  -20.523 0.0000000000
28703  -26.833  -65.840  -20.853 0.0000000000
27534  -24.381  -66.627  -22.228 0.0000000000
28701  -24.743  -65.406  -21.946 0.0000000000
28723  -23.404  -65.222  -22.399 0.0000000000
25323  -21.306  -68.607  -22.759 0.0000000000
25325  -23.216  -68.152  -22.441 0.0000000000
26391  -21.518  -67.561  -22.807 0.0000000000
28735  -20.436  -65.675  -23.977 0.0000000000
27576  -21.663  -65.658  -23.267 0.0000000000
28737  -21.686  -64.947  -23.301 0.0000000000
29898  -22.445  -64.394  -22.878 0.0000000000
29914  -21.487  -64.479  -23.732 0.0000000000
31061  -21.573  -63.655  -24.030 0.0000000000
29925  -20.963  -64.316  -24.257 0.0000000000
29935  -18.853  -64.311  -25.478 0.0000000000
31070  -19.789  -63.187  -25.124 0.0000000000
32147  -19.136  -62.882  -25.392 0.0000000000
33262  -18.994  -61.923  -25.218 0.0000000000
32146  -18.344  -62.594  -25.480 0.0000000000
12206  -14.297  -81.945  -11.845 0.0000000000
13109  -15.129  -80.912  -11.541 0.0000000000
12207  -14.983  -81.522  -12.132 0.0000000000
13143  -15.566  -81.142  -14.306 0.0000000000
13165  -16.211  -80.451  -15.424 0.0000000000
13166  -17.008  -80.114  -15.316 0.0000000000
15794  -13.093  -77.223  -17.621 0.0000000000
14878  -13.541  -78.486  -16.357 0.0000000000
15759  -13.733  -77.432  -16.124 0.0000000000
16736  -15.755  -76.902  -16.691 0.0000000000
15778  -15.427  -77.828  -16.560 0.0000000000
15795  -16.004  -77.814  -17.211 0.0000000000
14050  -16.491  -79.062  -17.447 0.0000000000
15796  -16.602  -77.815  -17.840 0.0000000000
15814  -17.168  -77.906  -18.445 0.0000000000
16751  -16.740  -76.994  -18.277 0.0000000000
19945  -16.125  -74.583  -18.693 0.0000000000
19946  -16.635  -75.064  -19.091 0.0000000000
19964  -15.986  -73.769  -20.232 0.0000000000
15808  -7.820  -77.251  -18.699 0.0000000000
15809  -8.551  -77.293  -18.938 0.0000000000
15790  -8.305  -76.862  -18.380 0.0000000000
18816  -9.326  -74.140  -17.599 0.0000000000
17762  -9.491  -75.038  -18.085 0.0000000000
18794  -10.068  -74.379  -16.829 0.0000000000
18795  -10.329  -74.846  -15.868 0.0000000000
19902  -10.390  -73.511  -16.422 0.0000000000
22168  -6.983  -71.627  -18.849 0.0000000000
21061  -7.140  -72.684  -18.066 0.0000000000
22169  -7.648  -71.946  -19.039 0.0000000000
21110  -10.890  -72.321  -19.084 0.0000000000
21109  -9.920  -72.566  -19.140 0.0000000000
21088  -11.535  -72.353  -18.224 0.0000000000
21065  -11.239  -72.657  -17.317 0.0000000000
21089  -12.509  -72.298  -18.343 0.0000000000
21090  -13.466  -72.384  -18.569 0.0000000000
21112  -12.732  -72.176  -19.270 0.0000000000
22230  -13.753  -71.308  -21.318 0.0000000000
21135  -14.162  -71.914  -20.171 0.0000000000
22215  -15.107  -71.635  -20.913 0.0000000000
22216  -15.771  -71.827  -21.168 0.0000000000
22232  -15.439  -71.341  -21.562 0.0000000000
22233  -16.364  -71.626  -22.079 0.0000000000
23267  -14.979  -70.825  -21.918 0.0000000000
24292  -14.046  -69.785  -22.909 0.0000000000
24293  -14.962  -69.753  -22.818 0.0000000000
24312  -14.498  -69.193  -23.385 0.0000000000
25341  -15.951  -68.515  -23.600 0.0000000000
25340  -14.980  -68.430  -23.783 0.0000000000
25334  -9.435  -68.217  -23.528 0.0000000000
24308  -10.685  -69.055  -23.552 0.0000000000
26405  -10.658  -67.344  -23.725 0.0000000000
28744  -12.802  -65.846  -24.375 0.0000000000
26421  -12.966  -67.233  -24.284 0.0000000000
27588  -14.088  -66.370  -24.735 0.0000000000
26423  -14.673  -67.139  -24.538 0.0000000000
27589  -15.090  -66.288  -24.875 0.0000000000
28748  -16.802  -65.557  -25.356 0.0000000000
31068  -14.424  -62.907  -24.627 0.0000000000
29922  -15.306  -63.851  -25.223 0.0000000000
31069  -15.547  -62.927  -25.153 0.0000000000
32144  -16.460  -61.960  -25.234 0.0000000000
32127  -15.920  -61.488  -25.007 0.0000000000
33232  -16.246  -60.984  -25.087 0.0000000000
33231  -15.579  -60.994  -24.839 0.0000000000
33215  -13.329  -61.168  -24.133 0.0000000000
33216  -14.121  -61.037  -24.357 0.0000000000
34263  -13.668  -60.135  -24.247 0.0000000000
35320  -14.118  -59.007  -24.109 0.0000000000
33194  -8.823  -62.420  -23.082 0.0000000000
33196  -10.274  -62.011  -23.103 0.0000000000
33211  -9.631  -61.539  -23.545 0.0000000000
34281  -10.321  -59.820  -24.323 0.0000000000
34260  -10.579  -60.252  -23.910 0.0000000000
8263  -17.792  -86.078  -26.290 0.0000000000
8262  -16.822  -86.203  -26.804 0.0000000000
9063  -17.615  -85.511  -28.069 0.0000000000
8353  -15.193  -86.432  -32.165 0.0000000000
8335  -15.833  -86.234  -31.346 0.0000000000
8352  -14.257  -86.521  -32.373 0.0000000000
8333  -13.804  -86.772  -31.842 0.0000000000
8374  -13.111  -86.772  -33.268 0.0000000000
5486  -13.417  -90.313  -36.632 0.0000000000
6134  -13.793  -89.128  -35.026 0.0000000000
6919  -13.155  -89.133  -36.787 0.0000000000
6145  -10.083  -89.571  -35.638 0.0000000000
6893  -11.313  -88.315  -35.713 0.0000000000
6133  -10.224  -88.924  -35.027 0.0000000000
6864  -10.990  -88.088  -33.864 0.0000000000
6118  -9.803  -89.996  -34.083 0.0000000000
4852  -9.765  -90.844  -33.148 0.0000000000
4865  -9.072  -91.218  -34.340 0.0000000000
5474  -7.010  -90.263  -35.036 0.0000000000
4260  -7.242  -91.672  -33.496 0.0000000000
5455  -6.885  -90.189  -33.484 0.0000000000
5440  -6.327  -90.254  -32.403 0.0000000000
6117  -6.887  -89.323  -33.841 0.0000000000
4348  -10.994  -92.655  -40.990 0.0000000000
4932  -12.122  -91.502  -41.832 0.0000000000
6218  -11.794  -89.428  -41.816 0.0000000000
6217  -11.136  -89.550  -41.308 0.0000000000
6206  -10.375  -89.489  -40.686 0.0000000000
6962  -9.924  -88.535  -40.171 0.0000000000
9200  -10.023  -85.490  -38.571 0.0000000000
8443  -10.522  -86.245  -39.215 0.0000000000
8431  -9.986  -86.487  -38.549 0.0000000000
7651  -9.414  -87.185  -38.538 0.0000000000
7632  -9.094  -87.094  -38.003 0.0000000000
7631  -8.545  -87.502  -37.594 0.0000000000
8401  -8.606  -86.743  -36.694 0.0000000000
9881  -7.474  -84.856  -34.818 0.0000000000
9146  -8.120  -85.782  -34.820 0.0000000000
9132  -7.524  -85.746  -33.768 0.0000000000
8371  -6.993  -86.386  -33.315 0.0000000000
9131  -6.592  -85.112  -33.462 0.0000000000
9130  -5.681  -84.964  -33.072 0.0000000000
9869  -6.263  -84.160  -33.929 0.0000000000
11593  -5.162  -82.078  -34.913 0.0000000000
11582  -5.144  -82.324  -34.197 0.0000000000
12543  -4.847  -81.491  -34.437 0.0000000000
12525  -4.122  -81.381  -32.873 0.0000000000
13409  -4.376  -80.179  -34.039 0.0000000000
13440  -7.928  -80.010  -37.171 0.0000000000
16020  -4.832  -77.786  -33.514 0.0000000000
5355  -15.206  -90.328  -26.300 0.0000000000
5369  -15.595  -90.281  -27.395 0.0000000000
6018  -15.615  -89.198  -26.712 0.0000000000
8279  -16.039  -87.106  -27.651 0.0000000000
388  -22.756  -99.496  -24.979 0.0000000000
403  -23.260  -98.675  -25.392 0.0000000000
581  -23.923  -98.530  -25.290 0.0000000000
597  -24.574  -98.136  -26.431 0.0000000000
1217  -24.885  -98.031  -27.659 0.0000000000
37531  -21.566  -57.767  -23.482 0.0000000000
38660  -21.758  -57.029  -23.293 0.0000000000
37530  -20.582  -57.683  -23.377 0.0000000000
37529  -19.566  -57.435  -23.221 0.0000000000
36418  -18.084  -58.191  -23.717 0.0000000000
35341  -16.714  -59.368  -24.481 0.0000000000
17719  -13.749  -75.728  -11.075 0.0000000000
17720  -14.729  -75.877  -11.552 0.0000000000
16661  -14.276  -76.829  -11.104 0.0000000000
15705  -14.773  -77.883  -11.153 0.0000000000
14804  -15.201  -78.930  -11.271 0.0000000000
31028  -26.527  -63.212  -21.150 0.0000000000
10569  -10.955  -84.824  -21.426 0.0000000000
11399  -12.028  -84.226  -21.528 0.0000000000
11428  -11.752  -84.575  -22.120 0.0000000000
11447  -13.175  -83.954  -23.168 0.0000000000
11465  -13.473  -83.706  -24.087 0.0000000000
7525  -6.619  -87.654  -30.060 0.0000000000
8317  -6.940  -86.909  -30.180 0.0000000000
7517  -5.902  -87.680  -29.626 0.0000000000
8303  -5.386  -87.053  -29.117 0.0000000000
8291  -4.881  -86.393  -28.749 0.0000000000
8289  -4.194  -85.905  -28.944 0.0000000000
8315  -3.906  -86.101  -29.691 0.0000000000
9093  -3.721  -85.406  -31.001 0.0000000000
9107  -3.951  -85.183  -31.774 0.0000000000
3044  -16.357  -94.309  -25.896 0.0000000000
3578  -16.840  -93.494  -26.125 0.0000000000
3591  -16.951  -93.943  -27.062 0.0000000000
3593  -18.426  -93.626  -28.123 0.0000000000
3594  -18.681  -93.794  -28.642 0.0000000000
671  -18.176  -100.040  -36.083 0.0000000000
670  -17.104  -100.209  -36.112 0.0000000000
20956  -3.589  -72.585  -8.864 0.0000000000
20958  -3.285  -72.670  -10.089 0.0000000000
19827  -2.843  -73.977  -10.222 0.0000000000
19830  -2.809  -74.269  -10.966 0.0000000000
17716  -3.459  -75.797  -12.569 0.0000000000
17726  -4.160  -76.052  -13.038 0.0000000000
16657  -3.289  -76.511  -13.003 0.0000000000
16674  -3.413  -77.153  -13.396 0.0000000000
15719  -2.994  -77.576  -13.305 0.0000000000
8135  -2.641  -86.451  -18.508 0.0000000000
8962  -2.615  -86.074  -20.355 0.0000000000
8163  -2.713  -86.871  -20.387 0.0000000000
6703  -3.918  -88.390  -23.156 0.0000000000
5958  -4.170  -88.873  -24.066 0.0000000000
5959  -4.552  -89.226  -23.345 0.0000000000
5976  -5.088  -89.946  -23.954 0.0000000000
5309  -5.799  -90.513  -24.409 0.0000000000
2919  -5.526  -95.166  -16.347 0.0000000000
1965  -5.770  -96.196  -17.092 0.0000000000
1956  -5.708  -96.031  -16.310 0.0000000000
1947  -7.583  -96.824  -15.712 0.0000000000
1466  -8.181  -97.302  -15.504 0.0000000000
1465  -7.280  -97.484  -15.343 0.0000000000
1054  -7.343  -98.222  -15.499 0.0000000000
1063  -7.130  -98.670  -15.645 0.0000000000
25281  -19.045  -68.882  -19.776 0.0000000000
25282  -19.779  -68.313  -19.615 0.0000000000
24239  -20.052  -68.876  -18.269 0.0000000000
18911  -20.700  -74.458  -21.241 0.0000000000
20003  -21.014  -73.892  -21.039 0.0000000000
23270  -20.262  -71.310  -22.474 0.0000000000
23269  -19.719  -71.367  -22.592 0.0000000000
22249  -18.907  -71.584  -22.648 0.0000000000
15868  -12.223  -77.694  -21.309 0.0000000000
15850  -12.413  -76.676  -20.912 0.0000000000
15849  -11.627  -77.236  -20.781 0.0000000000
15828  -11.027  -76.891  -20.144 0.0000000000
17800  -10.462  -75.800  -19.187 0.0000000000
25268  -4.690  -68.668  -19.442 0.0000000000
25289  -5.149  -67.943  -19.670 0.0000000000
26346  -5.666  -67.228  -19.981 0.0000000000
26367  -7.088  -67.382  -21.150 0.0000000000
28689  -6.594  -65.591  -20.893 0.0000000000
29866  -6.036  -64.680  -21.403 0.0000000000
29888  -5.941  -64.225  -22.266 0.0000000000
3672  -11.138  -93.120  -35.542 0.0000000000
4284  -11.345  -92.661  -36.387 0.0000000000
4283  -10.673  -92.922  -36.788 0.0000000000
4312  -10.129  -93.112  -38.379 0.0000000000
4337  -10.425  -92.658  -39.722 0.0000000000
5979  -11.417  -89.869  -25.134 0.0000000000
6741  -11.832  -89.399  -25.545 0.0000000000
6016  -11.935  -89.919  -26.408 0.0000000000
6017  -12.289  -89.448  -26.788 0.0000000000
6032  -12.604  -89.285  -27.703 0.0000000000
6065  -13.985  -89.652  -30.740 0.0000000000
5411  -13.613  -89.879  -30.336 0.0000000000
5410  -12.754  -89.631  -30.611 0.0000000000
6064  -10.197  -89.321  -30.655 0.0000000000
5408  -10.591  -89.967  -31.255 0.0000000000
4821  -9.328  -90.635  -31.631 0.0000000000
4218  -9.082  -90.892  -31.995 0.0000000000
859  -18.691  -98.341  -26.760 0.0000000000
1636  -19.787  -97.212  -26.677 0.0000000000
1183  -20.137  -98.024  -26.428 0.0000000000
1638  -21.532  -97.369  -26.540 0.0000000000
1668  -22.325  -97.559  -27.653 0.0000000000
621  -23.706  -99.448  -29.811 0.0000000000
620  -23.080  -99.942  -30.185 0.0000000000
908  -22.091  -99.460  -31.131 0.0000000000
635  -20.703  -99.778  -31.813 0.0000000000
914  -19.860  -99.316  -32.440 0.0000000000
1258  -20.079  -98.761  -32.638 0.0000000000
1281  -20.546  -98.572  -33.645 0.0000000000
38634  -17.139  -56.432  -22.567 0.0000000000
40771  -17.551  -55.134  -23.140 0.0000000000
39722  -16.669  -55.671  -23.036 0.0000000000
39749  -15.927  -55.142  -23.273 0.0000000000
40769  -14.772  -55.362  -23.019 0.0000000000
22107  -17.486  -72.159  -14.113 0.0000000000
21021  -17.835  -73.037  -14.008 0.0000000000
17730  -17.626  -76.492  -14.156 0.0000000000
17736  -17.952  -75.940  -14.471 0.0000000000
16703  -18.361  -76.749  -15.045 0.0000000000
15779  -18.935  -77.260  -16.322 0.0000000000
15780  -19.271  -77.000  -16.994 0.0000000000
15797  -19.562  -76.651  -17.671 0.0000000000
14895  -19.342  -77.548  -17.672 0.0000000000
15833  -19.379  -77.476  -19.263 0.0000000000
15832  -18.599  -77.705  -19.397 0.0000000000
13221  -4.379  -79.861  -21.021 0.0000000000
14063  -4.658  -79.108  -20.329 0.0000000000
14940  -4.079  -79.038  -20.206 0.0000000000
15847  -3.102  -78.022  -20.080 0.0000000000
15824  -2.855  -77.061  -19.432 0.0000000000
17838  -4.587  -74.792  -20.617 0.0000000000
18904  -3.798  -74.733  -20.871 0.0000000000
18887  -4.828  -74.359  -20.178 0.0000000000
19983  -3.873  -73.208  -20.335 0.0000000000
21132  -3.648  -72.337  -20.268 0.0000000000
21133  -4.338  -72.719  -20.739 0.0000000000
34239  -26.010  -60.337  -21.341 0.0000000000
35296  -24.823  -59.493  -22.037 0.0000000000
35308  -24.156  -59.472  -22.481 0.0000000000
34266  -22.682  -60.455  -23.490 0.0000000000
33236  -21.900  -61.331  -23.960 0.0000000000
10419  -10.785  -83.518  -12.498 0.0000000000
11269  -11.941  -83.237  -12.279 0.0000000000
10431  -11.281  -83.712  -13.244 0.0000000000
10465  -12.022  -83.578  -15.323 0.0000000000
10477  -12.295  -83.515  -16.128 0.0000000000
12362  -14.211  -81.698  -22.529 0.0000000000
12340  -14.532  -81.866  -21.523 0.0000000000
12363  -15.059  -81.177  -22.457 0.0000000000
13268  -15.445  -80.280  -22.261 0.0000000000
14130  -15.358  -79.269  -22.802 0.0000000000
14129  -14.905  -78.701  -22.953 0.0000000000
14147  -14.712  -78.946  -23.564 0.0000000000
14146  -13.868  -78.885  -23.869 0.0000000000
14161  -12.328  -79.351  -24.721 0.0000000000
9805  -13.225  -85.467  -27.509 0.0000000000
9806  -13.714  -85.064  -27.083 0.0000000000
9814  -13.018  -84.951  -28.134 0.0000000000
10632  -12.866  -83.857  -28.625 0.0000000000
10631  -11.888  -83.467  -29.049 0.0000000000
9804  -6.905  -83.785  -28.492 0.0000000000
11506  -8.798  -82.220  -28.283 0.0000000000
11493  -8.227  -81.793  -27.810 0.0000000000
11483  -7.750  -81.499  -27.285 0.0000000000
12411  -8.967  -80.490  -26.707 0.0000000000
13309  -9.379  -79.963  -26.009 0.0000000000
12410  -8.191  -80.381  -26.330 0.0000000000
12393  -7.686  -80.050  -25.322 0.0000000000
12376  -7.243  -80.149  -24.167 0.0000000000
12358  -6.613  -80.315  -23.379 0.0000000000
12375  -5.939  -81.011  -24.113 0.0000000000
11426  -5.259  -81.836  -24.237 0.0000000000
11441  -3.816  -82.182  -24.354 0.0000000000
12478  -3.519  -81.669  -28.922 0.0000000000
13350  -3.276  -81.076  -28.055 0.0000000000
13351  -3.531  -80.546  -28.239 0.0000000000
14209  -3.678  -79.586  -28.444 0.0000000000
15045  -3.396  -78.090  -28.304 0.0000000000
15951  -3.179  -76.871  -27.355 0.0000000000
15965  -3.408  -77.026  -29.385 0.0000000000
5965  -17.251  -89.114  -23.545 0.0000000000
6724  -17.719  -88.363  -23.990 0.0000000000
5982  -17.836  -89.375  -24.297 0.0000000000
6744  -18.908  -88.521  -26.036 0.0000000000
6019  -19.198  -89.431  -26.612 0.0000000000
4810  -18.379  -92.032  -29.209 0.0000000000
4809  -17.845  -91.438  -29.548 0.0000000000
4221  -16.894  -92.309  -29.992 0.0000000000
4220  -16.161  -92.331  -30.504 0.0000000000
4231  -15.064  -92.612  -31.607 0.0000000000
3641  -14.165  -93.202  -32.188 0.0000000000
3633  -14.535  -93.594  -31.546 0.0000000000
3113  -13.225  -95.066  -32.600 0.0000000000
2656  -12.061  -95.796  -33.400 0.0000000000
1677  -18.465  -97.477  -29.201 0.0000000000
2156  -19.247  -96.604  -28.838 0.0000000000
1224  -17.788  -98.279  -29.522 0.0000000000
1223  -17.106  -98.067  -29.823 0.0000000000
1237  -16.501  -98.335  -30.355 0.0000000000
646  -13.565  -100.375  -34.394 0.0000000000
629  -14.106  -99.689  -33.206 0.0000000000
637  -12.597  -99.504  -33.804 0.0000000000
921  -12.000  -98.999  -33.776 0.0000000000
1268  -11.527  -98.302  -33.952 0.0000000000
931  -11.022  -98.770  -34.734 0.0000000000
952  -10.859  -98.904  -35.957 0.0000000000
1297  -10.640  -98.236  -37.901 0.0000000000
1298  -11.275  -98.691  -37.815 0.0000000000
26351  -12.834  -67.695  -21.365 0.0000000000
25294  -13.443  -68.367  -20.755 0.0000000000
24251  -14.661  -69.590  -19.467 0.0000000000
25275  -13.044  -68.868  -20.056 0.0000000000
24249  -12.664  -69.349  -19.342 0.0000000000
24231  -12.355  -69.623  -18.506 0.0000000000
24211  -9.875  -69.813  -17.825 0.0000000000
23198  -10.140  -70.207  -17.093 0.0000000000
23149  -10.736  -70.791  -15.716 0.0000000000
22101  -11.199  -71.451  -14.428 0.0000000000
20996  -11.771  -72.301  -13.236 0.0000000000
22078  -10.813  -71.859  -13.999 0.0000000000
20995  -10.755  -72.475  -13.451 0.0000000000
19846  -10.325  -73.431  -12.794 0.0000000000
25233  -4.769  -68.333  -15.129 0.0000000000
19857  -4.823  -72.940  -12.688 0.0000000000
19858  -5.581  -72.885  -12.921 0.0000000000
19842  -6.159  -73.269  -12.264 0.0000000000
19834  -6.695  -73.668  -11.637 0.0000000000
19835  -7.583  -73.776  -11.762 0.0000000000
18759  -8.504  -74.177  -11.324 0.0000000000
18731  -8.256  -75.252  -9.851 0.0000000000
17676  -9.061  -76.022  -9.625 0.0000000000
15677  -9.393  -78.002  -10.002 0.0000000000
14789  -10.001  -79.080  -10.706 0.0000000000
14788  -9.523  -78.695  -10.881 0.0000000000
13954  -9.447  -79.330  -12.155 0.0000000000
13972  -9.180  -79.630  -12.667 0.0000000000
14000  -7.375  -80.046  -15.262 0.0000000000
13159  -8.036  -80.902  -14.820 0.0000000000
12277  -7.313  -81.685  -15.556 0.0000000000
11333  -7.017  -82.814  -16.019 0.0000000000
10475  -6.912  -83.859  -16.040 0.0000000000
8914  -7.340  -85.444  -16.789 0.0000000000
8913  -6.770  -85.332  -17.261 0.0000000000
8940  -6.822  -85.961  -18.448 0.0000000000
8151  -7.073  -86.291  -19.733 0.0000000000
13952  -4.301  -79.859  -12.670 0.0000000000
13970  -3.889  -79.540  -13.575 0.0000000000
13136  -3.467  -80.423  -14.584 0.0000000000
13157  -2.717  -80.340  -16.044 0.0000000000
13196  -3.514  -80.935  -17.645 0.0000000000
9753  -3.353  -84.875  -23.391 0.0000000000
10566  -3.922  -83.689  -22.323 0.0000000000
9754  -3.814  -84.585  -23.502 0.0000000000
9756  -5.132  -84.771  -22.987 0.0000000000
8989  -5.460  -85.073  -22.861 0.0000000000
8990  -5.968  -85.613  -22.516 0.0000000000
9011  -6.139  -86.439  -24.073 0.0000000000
8235  -6.654  -86.961  -24.984 0.0000000000
7479  -8.208  -88.171  -25.213 0.0000000000
7478  -7.457  -87.944  -25.811 0.0000000000
6756  -7.696  -88.629  -26.006 0.0000000000
6014  -7.518  -89.655  -26.433 0.0000000000
4198  -6.560  -92.607  -28.352 0.0000000000
4792  -6.908  -91.973  -28.185 0.0000000000
3601  -7.771  -93.531  -28.123 0.0000000000
3602  -8.474  -93.677  -27.600 0.0000000000
3072  -9.517  -94.240  -27.361 0.0000000000
2614  -11.733  -94.765  -27.418 0.0000000000
2613  -10.942  -95.015  -27.288 0.0000000000
2584  -11.976  -95.213  -26.493 0.0000000000
2572  -12.198  -95.051  -25.957 0.0000000000
4646  -4.348  -92.016  -20.971 0.0000000000
4109  -5.345  -92.151  -22.958 0.0000000000
4133  -7.001  -92.332  -23.526 0.0000000000
3537  -5.737  -93.648  -23.150 0.0000000000
2545  -6.669  -95.331  -23.624 0.0000000000
1532  -8.089  -97.329  -20.773 0.0000000000
1548  -8.162  -97.300  -21.533 0.0000000000
2035  -8.917  -96.798  -21.329 0.0000000000
2051  -9.167  -96.413  -22.211 0.0000000000
2546  -9.555  -95.820  -22.624 0.0000000000
3013  -10.704  -94.527  -22.848 0.0000000000
2999  -10.407  -94.818  -22.068 0.0000000000
3499  -11.694  -93.649  -21.135 0.0000000000
3500  -12.189  -93.112  -21.358 0.0000000000
4664  -13.038  -92.133  -21.108 0.0000000000
4094  -12.819  -92.687  -20.664 0.0000000000
3470  -13.042  -93.857  -19.639 0.0000000000
3471  -13.279  -94.033  -19.645 0.0000000000
1108  -11.561  -98.227  -19.488 0.0000000000
1517  -12.201  -97.519  -19.431 0.0000000000
1533  -11.961  -97.857  -20.173 0.0000000000
1550  -12.708  -97.189  -21.317 0.0000000000
2052  -13.474  -96.702  -22.449 0.0000000000
2067  -14.165  -95.910  -23.119 0.0000000000
2065  -13.250  -97.072  -22.935 0.0000000000
1588  -12.878  -97.668  -23.141 0.0000000000
1159  -12.858  -98.109  -23.664 0.0000000000
317  -7.354  -101.194  -18.407 0.0000000000
175  -9.871  -102.059  -21.543 0.0000000000
174  -8.765  -101.863  -21.546 0.0000000000
189  -9.590  -101.676  -22.495 0.0000000000
204  -9.716  -101.336  -23.263 0.0000000000
569  -10.184  -100.535  -24.125 0.0000000000
852  -10.446  -100.233  -24.802 0.0000000000
576  -10.941  -100.542  -25.584 0.0000000000
577  -11.448  -100.562  -25.884 0.0000000000
584  -12.817  -100.258  -26.682 0.0000000000
879  -13.533  -99.827  -26.656 0.0000000000
393  -13.245  -100.983  -26.607 0.0000000000
383  -13.940  -101.343  -26.453 0.0000000000
248  -14.566  -101.587  -26.136 0.0000000000
210  -15.801  -101.653  -23.180 0.0000000000
227  -18.582  -101.295  -23.960 0.0000000000
214  -19.819  -101.589  -22.928 0.0000000000
200  -20.367  -101.772  -22.280 0.0000000000
159  -21.550  -102.237  -19.742 0.0000000000
152  -23.301  -101.496  -19.274 0.0000000000
26321  -22.622  -67.000  -16.984 0.0000000000
27450  -25.852  -66.543  -16.862 0.0000000000
26325  -26.938  -68.036  -17.777 0.0000000000
22128  -20.405  -71.625  -15.041 0.0000000000
22134  -21.234  -71.696  -15.423 0.0000000000
22135  -22.243  -72.102  -16.192 0.0000000000
22136  -23.168  -71.766  -16.800 0.0000000000
22219  -24.396  -71.450  -20.131 0.0000000000
22194  -24.484  -71.675  -19.229 0.0000000000
22220  -25.285  -71.027  -20.070 0.0000000000
23237  -25.884  -70.859  -19.930 0.0000000000
23238  -26.495  -70.662  -19.701 0.0000000000
24266  -26.773  -70.088  -20.595 0.0000000000
25301  -26.544  -68.904  -20.567 0.0000000000
26378  -26.295  -67.934  -21.263 0.0000000000
27536  -26.556  -66.700  -21.274 0.0000000000
27533  -23.868  -67.012  -22.425 0.0000000000
25345  -19.674  -68.038  -23.076 0.0000000000
26413  -21.061  -67.013  -22.955 0.0000000000
26412  -20.443  -67.402  -23.060 0.0000000000
27574  -19.888  -66.477  -23.763 0.0000000000
29924  -20.263  -64.530  -24.661 0.0000000000
28751  -19.498  -65.289  -24.741 0.0000000000
28765  -19.031  -64.955  -25.191 0.0000000000
28763  -17.439  -64.849  -25.559 0.0000000000
12245  -13.997  -82.050  -14.541 0.0000000000
12246  -14.685  -81.802  -14.029 0.0000000000
13141  -14.037  -81.534  -15.527 0.0000000000
13163  -14.530  -80.635  -15.975 0.0000000000
17744  -13.688  -75.671  -17.013 0.0000000000
16701  -14.168  -76.601  -15.871 0.0000000000
17746  -14.711  -75.848  -15.644 0.0000000000
17767  -15.524  -76.071  -15.944 0.0000000000
17788  -16.032  -75.831  -17.045 0.0000000000
17789  -16.402  -76.071  -18.024 0.0000000000
18841  -16.004  -74.911  -17.243 0.0000000000
19928  -15.487  -74.233  -17.454 0.0000000000
16730  -6.209  -75.999  -18.314 0.0000000000
16732  -8.041  -76.263  -18.439 0.0000000000
16713  -6.762  -75.437  -18.278 0.0000000000
18815  -7.958  -74.170  -17.985 0.0000000000
19900  -8.570  -73.785  -17.776 0.0000000000
22207  -7.829  -71.170  -20.183 0.0000000000
22188  -8.222  -72.018  -19.648 0.0000000000
22208  -8.636  -71.653  -20.435 0.0000000000
22190  -10.247  -72.199  -19.929 0.0000000000
22191  -11.204  -72.029  -19.884 0.0000000000
22192  -12.100  -71.913  -19.907 0.0000000000
22211  -11.535  -71.753  -20.627 0.0000000000
22229  -12.828  -71.341  -21.282 0.0000000000
23265  -13.210  -70.857  -21.895 0.0000000000
23266  -14.120  -70.833  -21.900 0.0000000000
23285  -12.685  -70.423  -22.524 0.0000000000
24291  -13.116  -69.805  -22.961 0.0000000000
24310  -12.634  -69.200  -23.455 0.0000000000
27569  -10.194  -66.462  -23.242 0.0000000000
27570  -11.152  -66.442  -23.739 0.0000000000
28734  -12.210  -65.616  -24.025 0.0000000000
28746  -14.369  -65.357  -24.848 0.0000000000
29920  -13.603  -64.486  -24.370 0.0000000000
31067  -13.989  -63.727  -24.381 0.0000000000
32125  -14.507  -61.781  -24.578 0.0000000000
31056  -13.718  -62.551  -24.076 0.0000000000
32110  -13.222  -62.096  -23.766 0.0000000000
33214  -12.446  -61.310  -23.834 0.0000000000
7532  -18.098  -86.726  -29.914 0.0000000000
9087  -17.676  -85.815  -29.677 0.0000000000
8337  -17.249  -86.719  -31.026 0.0000000000
7561  -15.572  -86.971  -32.650 0.0000000000
7585  -15.084  -87.509  -33.328 0.0000000000
6184  -11.810  -89.720  -38.214 0.0000000000
6170  -11.320  -89.249  -37.287 0.0000000000
6169  -10.567  -89.840  -37.407 0.0000000000
5484  -9.537  -90.575  -36.645 0.0000000000
4887  -8.857  -91.180  -36.204 0.0000000000
4864  -8.538  -91.595  -34.735 0.0000000000
4876  -8.381  -91.508  -35.734 0.0000000000
5475  -6.981  -90.233  -35.859 0.0000000000
6144  -7.062  -89.335  -35.624 0.0000000000
7701  -12.759  -87.438  -42.182 0.0000000000
10793  -10.278  -83.525  -40.120 0.0000000000
9947  -9.614  -84.644  -39.042 0.0000000000
9937  -9.512  -84.967  -38.231 0.0000000000
9167  -8.648  -85.550  -36.849 0.0000000000
9917  -8.215  -84.789  -36.965 0.0000000000
9916  -7.733  -84.636  -36.544 0.0000000000
9898  -6.648  -84.140  -35.535 0.0000000000
10710  -5.970  -83.609  -34.518 0.0000000000
10729  -6.059  -83.503  -35.754 0.0000000000
11594  -5.463  -82.259  -35.639 0.0000000000
12558  -5.794  -81.192  -36.089 0.0000000000
4202  -12.914  -92.290  -28.589 0.0000000000
4209  -13.445  -91.854  -29.083 0.0000000000
4808  -14.335  -91.938  -29.122 0.0000000000
5391  -14.769  -90.689  -29.392 0.0000000000
6033  -15.697  -89.560  -27.917 0.0000000000
6050  -15.199  -89.797  -29.293 0.0000000000
6066  -14.392  -89.776  -30.218 0.0000000000
6080  -14.255  -89.231  -30.814 0.0000000000
6824  -14.187  -88.282  -31.132 0.0000000000
6100  -13.096  -88.688  -31.953 0.0000000000
592  -20.493  -100.128  -26.427 0.0000000000
579  -21.521  -99.253  -25.998 0.0000000000
605  -24.026  -98.411  -27.665 0.0000000000
903  -23.407  -99.085  -30.288 0.0000000000
1239  -23.410  -98.197  -30.210 0.0000000000
1691  -22.789  -97.550  -30.526 0.0000000000
40778  -24.140  -54.695  -22.842 0.0000000000
40777  -23.108  -54.686  -23.066 0.0000000000
38639  -22.322  -56.468  -23.247 0.0000000000
41864  -22.582  -53.986  -22.921 0.0000000000
42961  -22.316  -53.581  -22.963 0.0000000000
41863  -21.851  -53.854  -23.106 0.0000000000
41885  -21.588  -53.544  -23.313 0.0000000000
41884  -20.890  -53.989  -23.481 0.0000000000
41861  -20.392  -54.307  -23.224 0.0000000000
40773  -19.581  -54.734  -23.020 0.0000000000
38657  -18.863  -56.965  -22.966 0.0000000000
38635  -18.249  -56.461  -22.781 0.0000000000
37506  -16.510  -57.262  -22.410 0.0000000000
37505  -15.576  -57.294  -22.243 0.0000000000
36396  -14.502  -57.734  -23.022 0.0000000000
20999  -14.757  -72.841  -12.713 0.0000000000
21000  -15.935  -72.850  -13.331 0.0000000000
19865  -15.464  -73.828  -12.487 0.0000000000
18781  -16.056  -74.885  -12.573 0.0000000000
17728  -16.446  -75.914  -12.919 0.0000000000
16680  -17.309  -77.146  -14.019 0.0000000000
15744  -17.710  -77.803  -14.526 0.0000000000
14008  -17.711  -79.301  -15.521 0.0000000000
15901  -2.868  -77.183  -23.133 0.0000000000
16842  -2.910  -76.126  -23.445 0.0000000000
17880  -3.536  -75.506  -22.478 0.0000000000
34240  -26.460  -60.237  -21.022 0.0000000000
33186  -25.247  -61.733  -21.945 0.0000000000
32102  -24.480  -62.305  -22.252 0.0000000000
9693  -10.402  -84.535  -17.164 0.0000000000
10494  -11.353  -84.063  -17.651 0.0000000000
10505  -11.453  -84.247  -18.863 0.0000000000
11384  -13.072  -83.207  -20.998 0.0000000000
11400  -12.534  -83.796  -21.510 0.0000000000
12360  -13.424  -82.674  -22.308 0.0000000000
12339  -13.662  -82.160  -21.988 0.0000000000
12380  -13.971  -81.930  -23.270 0.0000000000
9083  -10.156  -85.570  -30.314 0.0000000000
9823  -10.404  -84.452  -30.013 0.0000000000
9096  -9.341  -85.426  -30.594 0.0000000000
9821  -8.110  -84.518  -30.199 0.0000000000
10637  -7.642  -84.085  -29.677 0.0000000000
8305  -6.941  -86.234  -30.045 0.0000000000
9819  -6.642  -84.817  -29.220 0.0000000000
9812  -7.030  -84.171  -29.208 0.0000000000
9790  -6.154  -83.662  -27.178 0.0000000000
9789  -5.806  -84.009  -26.878 0.0000000000
10609  -4.430  -84.022  -25.976 0.0000000000
9787  -4.261  -84.426  -26.646 0.0000000000
10617  -3.267  -83.731  -27.718 0.0000000000
9818  -3.299  -84.663  -29.523 0.0000000000
10626  -3.079  -83.698  -28.922 0.0000000000
12479  -3.781  -81.547  -29.756 0.0000000000
12491  -4.017  -81.573  -30.578 0.0000000000
13372  -3.980  -80.755  -31.129 0.0000000000
4724  -17.288  -91.656  -24.513 0.0000000000
5338  -18.106  -91.000  -25.422 0.0000000000
4744  -17.828  -91.546  -25.431 0.0000000000
4762  -18.174  -91.788  -26.155 0.0000000000
4193  -18.737  -92.612  -27.661 0.0000000000
4213  -17.605  -92.517  -29.660 0.0000000000
3618  -16.846  -93.533  -29.880 0.0000000000
3100  -16.371  -94.694  -29.989 0.0000000000
425  -17.867  -100.316  -31.542 0.0000000000
424  -17.071  -99.938  -31.848 0.0000000000
434  -16.386  -100.071  -32.560 0.0000000000
441  -15.839  -100.403  -33.246 0.0000000000
445  -15.281  -100.429  -34.026 0.0000000000
656  -16.471  -100.535  -35.107 0.0000000000
655  -15.539  -100.565  -35.443 0.0000000000
448  -14.410  -100.533  -34.905 0.0000000000
667  -14.305  -100.310  -36.346 0.0000000000
666  -13.365  -100.242  -36.352 0.0000000000
961  -13.342  -99.696  -37.577 0.0000000000
960  -12.835  -99.478  -37.626 0.0000000000
25249  -8.170  -68.930  -18.469 0.0000000000
24209  -8.077  -69.514  -17.885 0.0000000000
24193  -7.529  -69.871  -17.246 0.0000000000
23109  -3.702  -70.313  -12.216 0.0000000000
22065  -3.769  -70.998  -12.559 0.0000000000
20960  -3.369  -72.385  -11.360 0.0000000000
20970  -3.912  -72.141  -12.523 0.0000000000
20971  -4.460  -72.646  -12.663 0.0000000000
19841  -5.135  -73.588  -12.151 0.0000000000
17701  -5.594  -75.411  -11.270 0.0000000000
16644  -6.241  -76.513  -11.591 0.0000000000
15703  -7.961  -77.839  -12.154 0.0000000000
16660  -6.585  -76.965  -12.048 0.0000000000
15722  -6.967  -77.702  -13.251 0.0000000000
14835  -6.994  -78.284  -14.009 0.0000000000
16692  -5.442  -76.976  -13.786 0.0000000000
14834  -6.433  -77.967  -14.459 0.0000000000
14852  -7.343  -79.294  -14.950 0.0000000000
14876  -6.971  -79.867  -15.608 0.0000000000
13180  -6.471  -81.048  -15.926 0.0000000000
12293  -6.105  -81.994  -16.765 0.0000000000
10473  -2.674  -83.235  -16.093 0.0000000000
11349  -2.687  -82.410  -16.912 0.0000000000
10490  -2.903  -83.532  -17.299 0.0000000000
10512  -2.759  -83.700  -19.541 0.0000000000
8973  -2.699  -85.582  -21.319 0.0000000000
8988  -2.846  -85.296  -22.335 0.0000000000
8203  -3.314  -86.260  -23.683 0.0000000000
8232  -3.946  -86.806  -25.018 0.0000000000
7475  -4.625  -87.663  -26.062 0.0000000000
7494  -5.718  -88.243  -27.011 0.0000000000
6754  -4.850  -88.724  -26.635 0.0000000000
6028  -5.007  -89.700  -27.289 0.0000000000
5374  -4.938  -90.867  -27.967 0.0000000000
5994  -4.580  -89.488  -25.455 0.0000000000
5349  -4.606  -90.848  -26.774 0.0000000000
4772  -5.157  -91.796  -27.996 0.0000000000
4197  -5.677  -92.372  -28.186 0.0000000000
3069  -5.938  -93.813  -28.008 0.0000000000
3070  -6.536  -94.374  -28.131 0.0000000000
2948  -5.393  -95.181  -20.145 0.0000000000
2503  -5.350  -95.411  -20.644 0.0000000000
2532  -5.631  -95.699  -21.450 0.0000000000
2018  -5.404  -95.940  -20.294 0.0000000000
1529  -5.950  -96.858  -20.450 0.0000000000
1514  -6.492  -97.267  -19.533 0.0000000000
1984  -5.986  -97.069  -18.153 0.0000000000
1498  -7.291  -97.283  -18.440 0.0000000000
1515  -7.350  -97.441  -19.780 0.0000000000
2003  -8.731  -96.899  -19.658 0.0000000000
2004  -9.530  -96.374  -19.229 0.0000000000
2005  -10.377  -95.884  -18.983 0.0000000000
2489  -11.074  -95.557  -18.612 0.0000000000
1970  -10.623  -96.479  -17.375 0.0000000000
1482  -11.072  -97.197  -17.329 0.0000000000
1075  -10.906  -97.996  -17.403 0.0000000000
1066  -9.321  -98.056  -16.302 0.0000000000
1067  -10.188  -97.912  -16.681 0.0000000000
1091  -10.454  -98.532  -18.162 0.0000000000
1107  -10.515  -98.730  -19.323 0.0000000000
793  -9.936  -98.903  -19.890 0.0000000000
806  -9.584  -99.105  -20.438 0.0000000000
207  -12.303  -101.895  -23.208 0.0000000000
193  -14.077  -102.362  -22.278 0.0000000000
81  -13.484  -102.795  -21.562 0.0000000000
194  -15.164  -102.101  -22.409 0.0000000000
84  -15.479  -102.404  -21.941 0.0000000000
179  -16.300  -102.490  -21.740 0.0000000000
76  -16.789  -102.609  -21.465 0.0000000000
26330  -21.093  -67.421  -18.712 0.0000000000
25261  -20.573  -68.105  -18.641 0.0000000000
26331  -21.930  -67.081  -17.766 0.0000000000
25252  -22.552  -67.682  -16.649 0.0000000000
25242  -23.682  -68.415  -16.178 0.0000000000
19930  -21.500  -73.673  -17.698 0.0000000000
19931  -22.125  -73.123  -17.758 0.0000000000
19948  -22.189  -73.106  -18.400 0.0000000000
19968  -22.435  -72.990  -18.891 0.0000000000
21142  -23.422  -72.128  -19.763 0.0000000000
21140  -21.768  -73.078  -20.690 0.0000000000
21141  -22.390  -72.841  -20.211 0.0000000000
22218  -23.113  -72.075  -20.445 0.0000000000
22239  -23.561  -71.402  -20.850 0.0000000000
24276  -23.366  -69.606  -22.152 0.0000000000
24300  -21.787  -69.401  -22.607 0.0000000000
23293  -20.517  -70.398  -22.556 0.0000000000
25322  -20.333  -68.554  -22.868 0.0000000000
25344  -18.908  -68.141  -23.232 0.0000000000
26409  -17.371  -67.772  -23.892 0.0000000000
14907  -13.013  -78.670  -19.031 0.0000000000
14906  -13.057  -78.563  -18.020 0.0000000000
15813  -13.154  -77.395  -18.549 0.0000000000
16735  -13.220  -76.444  -18.018 0.0000000000
17842  -12.595  -75.765  -20.141 0.0000000000
17803  -13.023  -75.449  -18.715 0.0000000000
17766  -13.301  -75.750  -17.642 0.0000000000
18820  -12.957  -75.181  -16.994 0.0000000000
18797  -12.561  -74.866  -15.990 0.0000000000
19886  -13.113  -74.156  -15.609 0.0000000000
21059  -5.056  -72.487  -17.448 0.0000000000
21037  -5.619  -73.087  -17.096 0.0000000000
22148  -5.268  -71.756  -17.715 0.0000000000
22167  -6.209  -71.216  -18.604 0.0000000000
22186  -6.676  -71.029  -19.124 0.0000000000
24245  -5.294  -69.385  -19.068 0.0000000000
23235  -6.651  -70.266  -19.556 0.0000000000
23236  -7.293  -70.731  -19.939 0.0000000000
23246  -7.329  -70.270  -20.537 0.0000000000
23260  -7.978  -70.308  -21.591 0.0000000000
23281  -8.658  -70.297  -22.337 0.0000000000
24288  -10.088  -69.775  -23.199 0.0000000000
24287  -8.782  -69.438  -23.150 0.0000000000
25333  -8.800  -68.315  -23.272 0.0000000000
26388  -8.564  -67.441  -22.743 0.0000000000
27546  -7.792  -66.867  -21.816 0.0000000000
27547  -8.170  -66.568  -22.005 0.0000000000
27548  -9.004  -66.549  -22.512 0.0000000000
28713  -9.172  -65.553  -22.147 0.0000000000
29890  -9.717  -64.594  -22.314 0.0000000000
29891  -10.409  -64.215  -22.725 0.0000000000
31039  -9.925  -63.624  -22.495 0.0000000000
32092  -8.366  -62.884  -22.717 0.0000000000
32106  -7.974  -62.578  -23.410 0.0000000000
31035  -6.662  -63.680  -22.718 0.0000000000
32105  -7.286  -63.156  -23.261 0.0000000000
32124  -7.843  -62.775  -24.154 0.0000000000
4868  -14.070  -90.918  -34.143 0.0000000000
5469  -14.302  -90.074  -34.312 0.0000000000
4867  -13.682  -91.064  -34.881 0.0000000000
4879  -13.343  -90.940  -35.948 0.0000000000
5496  -13.079  -90.617  -37.521 0.0000000000
4300  -11.675  -92.331  -36.888 0.0000000000
4906  -12.026  -91.338  -38.145 0.0000000000
5510  -12.118  -90.450  -38.493 0.0000000000
5521  -11.075  -90.613  -38.642 0.0000000000
5518  -8.772  -89.773  -39.478 0.0000000000
9030  -11.763  -86.936  -23.405 0.0000000000
9031  -12.742  -86.043  -23.862 0.0000000000
9015  -12.560  -86.577  -24.014 0.0000000000
8220  -13.159  -86.702  -25.086 0.0000000000
8260  -13.126  -86.424  -26.277 0.0000000000
8259  -12.843  -86.984  -26.433 0.0000000000
8278  -12.882  -86.497  -26.748 0.0000000000
8295  -12.388  -86.046  -28.065 0.0000000000
8294  -12.096  -86.645  -28.454 0.0000000000
9072  -11.547  -86.162  -29.161 0.0000000000
4794  -12.668  -91.111  -28.283 0.0000000000
5377  -12.780  -90.032  -28.223 0.0000000000
6038  -12.635  -89.011  -28.806 0.0000000000
6048  -12.589  -89.231  -29.654 0.0000000000
6789  -12.320  -88.003  -28.599 0.0000000000
6788  -11.785  -87.766  -29.461 0.0000000000
7508  -11.420  -87.368  -29.545 0.0000000000
8307  -10.964  -86.333  -29.822 0.0000000000
8306  -10.158  -86.648  -30.228 0.0000000000
7528  -9.388  -87.036  -30.541 0.0000000000
6809  -8.199  -88.377  -30.642 0.0000000000
6063  -9.035  -89.213  -30.614 0.0000000000
6808  -7.116  -88.545  -30.454 0.0000000000
6061  -6.759  -89.530  -30.215 0.0000000000
6060  -5.796  -89.400  -30.157 0.0000000000
6077  -5.258  -89.119  -31.539 0.0000000000
2125  -16.499  -96.528  -26.968 0.0000000000
2598  -17.229  -95.386  -27.491 0.0000000000
2127  -18.020  -96.013  -27.474 0.0000000000
2128  -18.840  -95.985  -27.571 0.0000000000
2145  -20.090  -96.520  -28.106 0.0000000000
2110  -20.327  -96.697  -26.910 0.0000000000
2144  -19.771  -96.661  -28.455 0.0000000000
1678  -19.255  -97.903  -28.701 0.0000000000
890  -18.959  -99.631  -29.268 0.0000000000
608  -18.452  -100.306  -29.742 0.0000000000
1186  -22.740  -97.711  -26.423 0.0000000000
1215  -22.805  -97.811  -27.717 0.0000000000
894  -22.099  -99.400  -28.633 0.0000000000
421  -22.358  -100.744  -30.018 0.0000000000
611  -21.388  -100.308  -29.258 0.0000000000
892  -20.805  -99.808  -28.998 0.0000000000
610  -20.406  -100.428  -29.476 0.0000000000
410  -18.816  -101.054  -30.008 0.0000000000
417  -18.384  -100.688  -30.805 0.0000000000
436  -18.088  -100.433  -32.082 0.0000000000
641  -17.587  -100.197  -33.315 0.0000000000
649  -17.940  -99.880  -34.210 0.0000000000
923  -19.041  -99.286  -33.740 0.0000000000
650  -18.604  -99.507  -34.179 0.0000000000
41892  -19.582  -53.945  -24.859 0.0000000000
40797  -18.113  -54.683  -23.759 0.0000000000
40805  -18.579  -54.241  -24.432 0.0000000000
15674  -2.877  -77.689  -10.272 0.0000000000
14767  -3.396  -78.404  -9.812 0.0000000000
13915  -4.079  -79.469  -11.029 0.0000000000
13931  -4.967  -79.856  -11.828 0.0000000000
8912  -3.408  -85.220  -16.195 0.0000000000
8124  -3.024  -85.915  -16.756 0.0000000000
7382  -2.825  -87.943  -18.409 0.0000000000
23221  -17.315  -70.234  -18.110 0.0000000000
23223  -18.520  -69.833  -17.404 0.0000000000
23203  -18.115  -70.012  -16.954 0.0000000000
23179  -18.377  -69.975  -15.967 0.0000000000
21044  -20.764  -73.491  -15.801 0.0000000000
19909  -21.029  -73.939  -16.530 0.0000000000
21001  -16.566  -73.395  -13.491 0.0000000000
19874  -17.769  -73.963  -13.966 0.0000000000
19875  -18.268  -73.726  -14.310 0.0000000000
18801  -18.282  -75.224  -14.803 0.0000000000
18802  -18.717  -74.978  -15.308 0.0000000000
18803  -19.191  -74.588  -15.554 0.0000000000
18824  -19.755  -74.838  -16.201 0.0000000000
18825  -20.404  -74.585  -16.624 0.0000000000
18856  -20.786  -74.505  -18.560 0.0000000000
18868  -21.038  -74.504  -19.502 0.0000000000
16754  -20.232  -76.240  -18.808 0.0000000000
17848  -20.582  -75.707  -20.356 0.0000000000
17867  -20.624  -75.041  -21.066 0.0000000000
18910  -19.971  -74.833  -21.599 0.0000000000
18909  -19.015  -75.016  -21.637 0.0000000000
19989  -18.417  -74.622  -21.670 0.0000000000
14085  -8.565  -79.129  -20.628 0.0000000000
14068  -8.974  -78.522  -20.115 0.0000000000
14067  -8.119  -78.613  -20.151 0.0000000000
14921  -7.708  -78.161  -19.625 0.0000000000
15807  -6.914  -77.087  -18.778 0.0000000000
14919  -5.775  -78.291  -19.632 0.0000000000
14899  -5.290  -77.820  -19.019 0.0000000000
15806  -5.878  -77.129  -18.666 0.0000000000
15787  -5.585  -76.514  -18.307 0.0000000000
17783  -5.033  -75.237  -18.006 0.0000000000
18812  -4.806  -74.468  -17.510 0.0000000000
15864  -2.649  -77.101  -21.474 0.0000000000
15846  -2.726  -77.076  -20.610 0.0000000000
16761  -2.604  -76.052  -19.245 0.0000000000
17837  -2.923  -74.840  -20.486 0.0000000000
17836  -2.601  -75.204  -19.874 0.0000000000
16746  -2.699  -75.956  -18.477 0.0000000000
17780  -3.357  -75.042  -17.875 0.0000000000
19920  -3.785  -73.847  -17.707 0.0000000000
19921  -4.193  -73.313  -17.537 0.0000000000
22146  -3.610  -72.087  -17.942 0.0000000000
23194  -3.706  -71.119  -17.950 0.0000000000
24224  -3.852  -70.186  -19.063 0.0000000000
22206  -3.488  -71.330  -20.695 0.0000000000
23233  -3.536  -70.583  -20.004 0.0000000000
24262  -3.677  -69.741  -20.426 0.0000000000
2739  -10.498  -95.574  -39.804 0.0000000000
3184  -10.825  -94.687  -40.145 0.0000000000
3185  -11.466  -94.790  -40.821 0.0000000000
570  -24.735  -98.790  -23.620 0.0000000000
575  -25.188  -98.382  -24.486 0.0000000000
856  -25.719  -98.247  -24.578 0.0000000000
1173  -26.069  -97.796  -25.187 0.0000000000
37512  -23.538  -57.577  -22.919 0.0000000000
37533  -23.129  -57.838  -23.252 0.0000000000
35307  -23.522  -59.468  -22.939 0.0000000000
36423  -23.131  -58.454  -23.236 0.0000000000
36422  -22.252  -58.596  -23.608 0.0000000000
35344  -19.671  -60.060  -25.064 0.0000000000
13921  -12.780  -79.878  -9.582 0.0000000000
13935  -13.616  -80.097  -9.917 0.0000000000
13089  -13.906  -80.863  -10.390 0.0000000000
12205  -13.595  -82.281  -11.556 0.0000000000
11271  -13.767  -82.402  -12.616 0.0000000000
11288  -13.025  -82.687  -13.501 0.0000000000
12223  -13.521  -82.355  -14.099 0.0000000000
12244  -13.341  -82.355  -14.946 0.0000000000
12279  -13.603  -81.595  -16.488 0.0000000000
13202  -13.555  -80.402  -17.680 0.0000000000
10495  -12.284  -83.699  -16.945 0.0000000000
11360  -13.016  -83.184  -17.181 0.0000000000
11386  -14.531  -82.138  -20.495 0.0000000000
11372  -14.252  -82.190  -19.375 0.0000000000
11362  -13.791  -81.941  -18.420 0.0000000000
12307  -13.574  -81.280  -17.998 0.0000000000
13211  -13.708  -80.353  -18.339 0.0000000000
14056  -13.334  -79.512  -18.250 0.0000000000
14925  -13.742  -78.926  -19.674 0.0000000000
15852  -14.385  -78.130  -20.406 0.0000000000
15870  -13.991  -77.196  -21.315 0.0000000000
14977  -14.284  -78.298  -22.835 0.0000000000
14958  -13.610  -77.860  -21.965 0.0000000000
14956  -11.864  -78.128  -21.244 0.0000000000
14107  -11.432  -78.935  -21.706 0.0000000000
14106  -10.091  -79.344  -21.677 0.0000000000
9773  -13.298  -85.202  -24.212 0.0000000000
10595  -13.592  -83.970  -25.013 0.0000000000
10622  -14.315  -83.560  -26.698 0.0000000000
10596  -14.241  -83.042  -25.363 0.0000000000
11484  -14.744  -82.407  -25.949 0.0000000000
12433  -14.502  -81.223  -26.790 0.0000000000
13331  -14.194  -80.360  -26.343 0.0000000000
10640  -10.626  -83.594  -29.582 0.0000000000
10630  -11.015  -83.028  -29.163 0.0000000000
11509  -11.586  -82.479  -28.702 0.0000000000
11507  -9.613  -82.314  -28.525 0.0000000000
11496  -11.087  -81.981  -28.389 0.0000000000
12463  -11.555  -81.914  -28.408 0.0000000000
12449  -12.576  -81.274  -27.948 0.0000000000
13313  -13.797  -79.883  -25.935 0.0000000000
14175  -12.532  -79.561  -25.440 0.0000000000
13295  -11.583  -79.517  -24.924 0.0000000000
14160  -11.357  -79.443  -24.304 0.0000000000
13293  -9.997  -80.024  -24.910 0.0000000000
13281  -10.515  -79.724  -24.128 0.0000000000
14143  -11.086  -79.591  -23.419 0.0000000000
13267  -10.218  -79.877  -23.266 0.0000000000
13243  -9.923  -79.778  -22.543 0.0000000000
14105  -8.954  -79.468  -21.380 0.0000000000
14104  -7.933  -79.573  -21.298 0.0000000000
14103  -6.974  -79.476  -21.312 0.0000000000
13239  -6.296  -80.010  -21.721 0.0000000000
12357  -5.945  -81.077  -22.942 0.0000000000
13262  -5.620  -80.601  -22.149 0.0000000000
13238  -5.303  -80.015  -21.328 0.0000000000
13260  -3.791  -80.246  -21.933 0.0000000000
14125  -3.396  -79.440  -22.256 0.0000000000
14142  -3.221  -79.025  -23.101 0.0000000000
10588  -4.013  -83.358  -25.536 0.0000000000
11460  -3.703  -82.516  -25.031 0.0000000000
12407  -3.194  -81.669  -25.310 0.0000000000
13307  -3.296  -80.725  -25.814 0.0000000000
13291  -3.083  -80.598  -24.694 0.0000000000
14159  -3.277  -79.354  -24.195 0.0000000000
15003  -3.304  -78.130  -23.722 0.0000000000
15917  -2.973  -77.096  -24.173 0.0000000000
17912  -3.446  -75.202  -25.025 0.0000000000
17937  -3.311  -75.283  -26.912 0.0000000000
7448  -15.959  -87.495  -24.660 0.0000000000
7449  -16.689  -86.787  -24.834 0.0000000000
8222  -17.498  -86.623  -24.762 0.0000000000
9046  -18.276  -86.112  -26.959 0.0000000000
7451  -18.378  -87.390  -24.916 0.0000000000
8264  -18.526  -86.657  -26.165 0.0000000000
8281  -18.790  -86.705  -27.434 0.0000000000
7521  -18.519  -87.006  -29.277 0.0000000000
6826  -17.402  -88.150  -30.888 0.0000000000
6081  -16.500  -89.242  -31.900 0.0000000000
5339  -18.491  -90.626  -25.624 0.0000000000
6034  -19.404  -89.352  -27.559 0.0000000000
5393  -17.780  -90.330  -29.810 0.0000000000
6052  -18.573  -89.565  -29.206 0.0000000000
6067  -17.574  -89.331  -30.428 0.0000000000
5429  -16.375  -90.225  -31.769 0.0000000000
5444  -15.711  -90.193  -32.566 0.0000000000
4854  -14.509  -91.005  -33.498 0.0000000000
4266  -13.488  -91.874  -34.318 0.0000000000
3660  -12.505  -93.001  -34.384 0.0000000000
3651  -13.265  -93.240  -33.150 0.0000000000
3659  -11.773  -93.376  -34.638 0.0000000000
3658  -10.765  -93.739  -34.981 0.0000000000
3157  -9.800  -94.530  -36.212 0.0000000000
3168  -9.530  -94.988  -37.168 0.0000000000
2599  -18.086  -95.255  -27.731 0.0000000000
3061  -18.718  -94.475  -28.465 0.0000000000
3078  -19.079  -94.445  -28.900 0.0000000000
2155  -18.330  -96.355  -29.417 0.0000000000
2625  -17.965  -95.317  -29.505 0.0000000000
3090  -18.552  -94.439  -29.262 0.0000000000
3101  -17.166  -94.926  -29.715 0.0000000000
2637  -15.840  -95.503  -30.344 0.0000000000
2636  -14.775  -95.446  -30.887 0.0000000000
414  -16.201  -99.157  -31.903 0.0000000000
617  -15.818  -98.946  -31.910 0.0000000000
898  -15.457  -98.671  -31.650 0.0000000000
622  -14.389  -99.100  -32.764 0.0000000000
897  -14.924  -98.848  -32.195 0.0000000000
1235  -14.910  -98.170  -31.420 0.0000000000
1687  -14.530  -97.405  -31.564 0.0000000000
2166  -14.635  -96.587  -31.162 0.0000000000
2635  -14.219  -95.988  -31.409 0.0000000000
2648  -13.589  -95.761  -31.959 0.0000000000
2186  -12.810  -96.374  -32.835 0.0000000000
2195  -11.737  -96.235  -33.554 0.0000000000
1722  -11.102  -97.451  -34.062 0.0000000000
2203  -10.625  -96.649  -34.445 0.0000000000
2664  -10.972  -96.097  -34.192 0.0000000000
2202  -10.111  -96.131  -35.049 0.0000000000
2705  -9.566  -95.614  -36.415 0.0000000000
2251  -9.636  -96.183  -37.742 0.0000000000
2268  -10.226  -96.404  -39.355 0.0000000000
2282  -11.423  -96.578  -40.582 0.0000000000
1315  -11.261  -97.940  -39.354 0.0000000000
866  -25.577  -98.111  -25.581 0.0000000000
1660  -25.147  -97.288  -27.252 0.0000000000
1659  -24.799  -97.126  -28.093 0.0000000000
2618  -24.342  -95.715  -28.464 0.0000000000
2159  -24.200  -96.859  -28.965 0.0000000000
2171  -23.335  -96.336  -29.776 0.0000000000
25299  -18.694  -68.435  -20.421 0.0000000000
25280  -18.178  -69.176  -20.049 0.0000000000
24254  -17.650  -69.713  -19.431 0.0000000000
24236  -17.120  -70.086  -18.821 0.0000000000
23220  -16.771  -70.193  -18.355 0.0000000000
23201  -16.383  -70.253  -17.731 0.0000000000
23176  -15.405  -70.311  -16.895 0.0000000000
23154  -15.913  -70.684  -15.815 0.0000000000
22123  -15.283  -70.949  -15.005 0.0000000000
22104  -14.227  -71.152  -14.466 0.0000000000
24248  -11.638  -69.282  -19.302 0.0000000000
24213  -12.060  -69.768  -17.630 0.0000000000
24212  -11.034  -70.038  -17.435 0.0000000000
24195  -11.808  -70.007  -16.895 0.0000000000
24196  -12.700  -69.860  -16.905 0.0000000000
23152  -13.956  -70.552  -15.471 0.0000000000
22082  -14.498  -71.980  -13.488 0.0000000000
20975  -13.853  -73.116  -12.261 0.0000000000
19850  -14.089  -73.893  -11.910 0.0000000000
20973  -12.035  -72.855  -12.591 0.0000000000
19849  -13.167  -73.708  -11.844 0.0000000000
18776  -13.373  -74.695  -11.380 0.0000000000
17707  -12.869  -75.945  -10.905 0.0000000000
25247  -6.362  -68.226  -17.669 0.0000000000
24192  -6.929  -69.803  -16.946 0.0000000000
23146  -7.863  -70.741  -16.195 0.0000000000
24180  -4.285  -69.216  -14.390 0.0000000000
23142  -4.861  -69.791  -14.765 0.0000000000
22077  -5.277  -71.670  -13.719 0.0000000000
22095  -5.614  -71.156  -14.242 0.0000000000
23143  -5.432  -70.046  -15.304 0.0000000000
22115  -6.770  -70.845  -15.637 0.0000000000
22116  -7.330  -71.049  -15.600 0.0000000000
22098  -8.526  -71.797  -15.020 0.0000000000
20993  -9.183  -72.762  -13.847 0.0000000000
19862  -9.606  -73.197  -13.359 0.0000000000
18773  -10.586  -74.145  -11.822 0.0000000000
18760  -9.797  -74.721  -10.964 0.0000000000
18761  -10.948  -74.832  -11.097 0.0000000000
16646  -11.857  -76.142  -10.342 0.0000000000
16636  -11.900  -77.129  -9.608 0.0000000000
14781  -12.610  -78.759  -9.502 0.0000000000
13920  -11.803  -79.676  -9.428 0.0000000000
13087  -11.451  -80.708  -9.757 0.0000000000
12185  -10.910  -81.592  -10.466 0.0000000000
11268  -10.497  -83.030  -11.725 0.0000000000
10418  -9.898  -83.334  -12.460 0.0000000000
9629  -10.204  -84.307  -13.658 0.0000000000
9665  -9.783  -84.807  -15.047 0.0000000000
14801  -8.481  -78.431  -12.414 0.0000000000
13122  -9.218  -80.410  -13.023 0.0000000000
13160  -8.551  -81.046  -14.503 0.0000000000
12242  -8.586  -81.845  -14.205 0.0000000000
12222  -9.181  -81.431  -13.104 0.0000000000
11285  -8.590  -83.096  -13.568 0.0000000000
9647  -9.253  -84.734  -14.255 0.0000000000
9676  -9.331  -85.096  -15.795 0.0000000000
9692  -9.530  -85.042  -16.703 0.0000000000
9703  -9.588  -85.005  -17.799 0.0000000000
9709  -9.699  -85.141  -19.118 0.0000000000
8928  -8.004  -85.858  -17.445 0.0000000000
9733  -10.240  -85.077  -21.202 0.0000000000
9749  -10.349  -85.303  -21.724 0.0000000000
9758  -10.383  -85.654  -22.040 0.0000000000
9770  -10.576  -86.616  -22.702 0.0000000000
15673  -2.581  -77.661  -11.205 0.0000000000
14799  -2.799  -78.298  -12.925 0.0000000000
14848  -3.935  -78.450  -14.962 0.0000000000
13983  -3.710  -79.395  -14.348 0.0000000000
14833  -3.785  -78.719  -14.298 0.0000000000
14873  -4.664  -78.712  -15.983 0.0000000000
14047  -5.290  -80.162  -16.900 0.0000000000
13210  -5.618  -81.590  -16.973 0.0000000000
12305  -5.805  -82.253  -17.407 0.0000000000
11357  -2.974  -82.590  -17.908 0.0000000000
12301  -3.411  -81.831  -18.229 0.0000000000
12312  -3.522  -81.926  -18.990 0.0000000000
10551  -3.731  -83.240  -21.649 0.0000000000
11380  -3.932  -82.511  -20.331 0.0000000000
11368  -4.421  -82.245  -19.675 0.0000000000
11369  -5.154  -82.471  -19.453 0.0000000000
11370  -5.790  -82.765  -18.775 0.0000000000
9708  -6.107  -84.381  -19.122 0.0000000000
8948  -6.206  -85.237  -19.601 0.0000000000
8165  -6.952  -86.282  -20.400 0.0000000000
8204  -6.788  -86.624  -22.762 0.0000000000
8192  -7.589  -86.743  -21.969 0.0000000000
8193  -8.616  -86.663  -22.022 0.0000000000
8206  -8.840  -86.710  -22.615 0.0000000000
9769  -10.001  -86.954  -23.063 0.0000000000
8239  -10.756  -87.643  -23.673 0.0000000000
6719  -10.956  -89.022  -24.148 0.0000000000
6758  -8.991  -88.526  -25.079 0.0000000000
5997  -10.214  -89.238  -24.406 0.0000000000
5978  -10.848  -89.719  -24.566 0.0000000000
5313  -10.860  -90.675  -25.008 0.0000000000
4741  -11.115  -91.389  -25.593 0.0000000000
4190  -11.552  -91.889  -26.997 0.0000000000
6775  -6.611  -88.811  -27.089 0.0000000000
5350  -7.672  -90.835  -26.648 0.0000000000
4188  -7.603  -92.315  -27.507 0.0000000000
4775  -7.938  -91.955  -26.978 0.0000000000
4757  -8.963  -91.792  -25.890 0.0000000000
3574  -9.985  -93.032  -26.297 0.0000000000
3588  -11.358  -92.685  -26.979 0.0000000000
4203  -13.559  -92.889  -28.902 0.0000000000
3608  -14.270  -93.193  -27.982 0.0000000000
4191  -14.753  -92.576  -27.486 0.0000000000
3056  -13.088  -94.264  -27.063 0.0000000000
3577  -14.282  -93.206  -27.059 0.0000000000
4760  -14.889  -91.671  -26.363 0.0000000000
5336  -14.629  -90.774  -25.537 0.0000000000
6000  -14.673  -89.981  -24.992 0.0000000000
5981  -15.024  -88.954  -24.442 0.0000000000
6648  -4.077  -88.937  -19.356 0.0000000000
6649  -4.633  -89.553  -19.674 0.0000000000
6677  -5.646  -88.912  -20.979 0.0000000000
5942  -6.253  -89.173  -22.454 0.0000000000
5294  -6.573  -90.197  -23.768 0.0000000000
4737  -6.445  -91.981  -25.133 0.0000000000
4151  -7.374  -92.593  -24.037 0.0000000000
4150  -7.042  -92.479  -24.699 0.0000000000
4162  -6.236  -92.669  -25.416 0.0000000000
3030  -5.966  -93.944  -26.234 0.0000000000
3052  -6.294  -94.846  -27.224 0.0000000000
2139  -7.684  -95.752  -27.279 0.0000000000
2533  -5.818  -95.619  -21.936 0.0000000000
2062  -6.720  -96.265  -23.180 0.0000000000
1602  -6.879  -96.643  -24.274 0.0000000000
1565  -7.664  -97.382  -22.601 0.0000000000
1603  -7.240  -97.123  -24.500 0.0000000000
1615  -6.852  -96.767  -25.419 0.0000000000
1627  -6.961  -96.821  -26.185 0.0000000000
1648  -7.956  -96.640  -26.615 0.0000000000
2120  -8.805  -95.843  -26.489 0.0000000000
2103  -10.018  -95.672  -26.060 0.0000000000
2571  -11.478  -95.142  -25.646 0.0000000000
3025  -12.327  -93.987  -24.550 0.0000000000
3014  -11.447  -93.977  -23.342 0.0000000000
3015  -12.059  -93.766  -23.954 0.0000000000
3558  -13.084  -93.020  -24.138 0.0000000000
4721  -13.864  -91.417  -24.228 0.0000000000
5315  -14.086  -90.676  -23.544 0.0000000000
6722  -15.010  -88.800  -23.940 0.0000000000
6693  -15.241  -88.986  -22.927 0.0000000000
6694  -15.727  -88.772  -22.853 0.0000000000
5946  -16.200  -89.170  -22.659 0.0000000000
5270  -15.394  -90.238  -21.562 0.0000000000
5282  -16.302  -89.787  -22.281 0.0000000000
4684  -16.354  -90.532  -22.277 0.0000000000
4115  -16.240  -91.412  -22.569 0.0000000000
4701  -16.803  -91.077  -23.417 0.0000000000
2490  -11.805  -95.228  -18.841 0.0000000000
2491  -12.785  -95.421  -19.086 0.0000000000
2492  -13.524  -95.109  -19.711 0.0000000000
2023  -13.061  -96.556  -20.279 0.0000000000
2507  -14.026  -94.854  -20.661 0.0000000000
2970  -14.360  -94.075  -20.749 0.0000000000
3520  -14.926  -93.674  -22.170 0.0000000000
4136  -15.675  -92.582  -22.818 0.0000000000
4137  -16.210  -92.289  -23.381 0.0000000000
3544  -15.945  -92.918  -23.725 0.0000000000
3026  -15.933  -93.825  -24.488 0.0000000000
2561  -15.110  -95.370  -24.510 0.0000000000
3035  -15.940  -94.453  -25.257 0.0000000000
3043  -15.951  -94.969  -26.041 0.0000000000
2586  -15.577  -95.915  -26.028 0.0000000000
2596  -15.938  -96.130  -26.712 0.0000000000
1048  -6.744  -98.293  -14.470 0.0000000000
750  -7.200  -99.349  -16.321 0.0000000000
497  -6.977  -99.950  -15.527 0.0000000000
760  -7.504  -99.454  -17.445 0.0000000000
777  -7.779  -99.538  -18.505 0.0000000000
805  -8.777  -99.401  -20.476 0.0000000000
821  -9.233  -99.329  -21.331 0.0000000000
338  -7.453  -101.241  -19.928 0.0000000000
173  -7.867  -101.699  -20.961 0.0000000000
342  -7.445  -101.055  -21.196 0.0000000000
555  -7.810  -100.280  -21.508 0.0000000000
833  -9.001  -99.569  -22.264 0.0000000000
834  -9.887  -99.077  -22.142 0.0000000000
1166  -11.908  -98.783  -24.234 0.0000000000
1167  -12.726  -98.406  -24.232 0.0000000000
1171  -11.515  -99.169  -25.160 0.0000000000
1172  -12.453  -98.696  -25.071 0.0000000000
1619  -13.233  -98.213  -24.991 0.0000000000
1632  -13.877  -97.930  -25.788 0.0000000000
2124  -15.771  -96.878  -26.516 0.0000000000
1652  -15.658  -97.622  -26.518 0.0000000000
1653  -16.459  -97.386  -26.828 0.0000000000
1197  -16.297  -98.277  -26.793 0.0000000000
881  -14.879  -99.484  -26.522 0.0000000000
587  -15.618  -99.752  -26.638 0.0000000000
871  -16.977  -99.086  -27.021 0.0000000000
872  -18.293  -99.055  -26.915 0.0000000000
590  -18.620  -100.082  -26.814 0.0000000000
591  -19.531  -100.210  -26.533 0.0000000000
235  -13.356  -101.518  -25.133 0.0000000000
236  -14.146  -101.499  -25.422 0.0000000000
249  -15.597  -101.742  -26.027 0.0000000000
238  -16.040  -101.523  -25.128 0.0000000000
260  -17.339  -100.922  -26.097 0.0000000000
261  -18.645  -100.727  -25.990 0.0000000000
399  -19.633  -100.643  -26.010 0.0000000000
386  -21.177  -100.541  -25.430 0.0000000000
256  -21.498  -100.646  -24.955 0.0000000000
242  -20.120  -100.784  -24.587 0.0000000000
243  -21.035  -100.780  -24.584 0.0000000000
375  -22.253  -100.196  -24.547 0.0000000000
369  -22.889  -99.974  -23.845 0.0000000000
370  -23.598  -99.307  -23.785 0.0000000000
66  -17.587  -102.908  -20.714 0.0000000000
67  -18.715  -102.969  -20.496 0.0000000000
78  -18.417  -102.599  -21.426 0.0000000000
183  -19.999  -102.263  -21.338 0.0000000000
184  -21.090  -102.044  -21.560 0.0000000000
185  -21.985  -101.530  -21.659 0.0000000000
352  -23.175  -100.415  -22.271 0.0000000000
361  -23.512  -99.925  -23.077 0.0000000000
362  -24.429  -99.262  -22.984 0.0000000000
363  -25.397  -99.160  -22.501 0.0000000000
562  -26.089  -99.086  -22.088 0.0000000000
563  -26.713  -98.884  -21.774 0.0000000000
552  -26.275  -99.808  -20.231 0.0000000000
553  -26.926  -99.400  -20.335 0.0000000000
558  -27.073  -98.916  -20.942 0.0000000000
29835  -28.057  -64.941  -18.448 0.0000000000
28681  -27.897  -65.015  -19.425 0.0000000000
24218  -19.491  -69.565  -16.731 0.0000000000
25240  -21.636  -68.900  -16.206 0.0000000000
21071  -22.764  -72.590  -17.542 0.0000000000
22151  -23.294  -72.159  -17.506 0.0000000000
22152  -24.086  -71.781  -17.592 0.0000000000
22153  -24.739  -71.564  -17.902 0.0000000000
23205  -24.668  -71.434  -17.410 0.0000000000
23185  -24.918  -70.564  -16.783 0.0000000000
24221  -25.273  -70.151  -16.914 0.0000000000
24205  -25.307  -69.451  -16.784 0.0000000000
25244  -25.754  -68.841  -17.016 0.0000000000
25255  -27.088  -68.399  -18.083 0.0000000000
26333  -27.354  -67.947  -18.200 0.0000000000
25285  -27.012  -68.711  -19.460 0.0000000000
26342  -27.346  -67.915  -19.084 0.0000000000
27478  -27.562  -67.085  -18.661 0.0000000000
27497  -27.762  -66.379  -19.083 0.0000000000
28660  -27.774  -66.103  -19.438 0.0000000000
29857  -27.450  -64.460  -20.330 0.0000000000
29879  -26.710  -64.523  -21.029 0.0000000000
29878  -25.482  -64.517  -21.713 0.0000000000
31026  -24.832  -63.580  -22.065 0.0000000000
31049  -24.017  -63.181  -22.380 0.0000000000
31048  -23.239  -63.341  -22.729 0.0000000000
26393  -23.559  -67.500  -22.436 0.0000000000
27558  -23.290  -66.422  -22.551 0.0000000000
27556  -21.390  -66.846  -22.971 0.0000000000
27557  -22.012  -66.520  -22.970 0.0000000000
29899  -22.965  -64.374  -22.613 0.0000000000
31063  -22.680  -63.054  -23.212 0.0000000000
32116  -22.351  -62.464  -23.550 0.0000000000
32115  -21.808  -62.661  -24.004 0.0000000000
33235  -21.400  -61.756  -24.229 0.0000000000
31071  -20.447  -63.636  -24.772 0.0000000000
32129  -20.206  -62.616  -24.804 0.0000000000
33234  -20.586  -61.805  -24.605 0.0000000000
33233  -19.809  -61.791  -24.908 0.0000000000
34316  -19.402  -61.020  -25.178 0.0000000000
34315  -18.633  -60.992  -25.351 0.0000000000
13936  -14.285  -79.876  -10.413 0.0000000000
13957  -15.431  -79.922  -11.571 0.0000000000
14805  -15.944  -79.181  -11.850 0.0000000000
12226  -15.263  -81.301  -13.500 0.0000000000
13974  -16.125  -79.993  -12.826 0.0000000000
14823  -16.302  -79.103  -12.569 0.0000000000
13986  -16.736  -79.618  -14.136 0.0000000000
13145  -17.160  -79.829  -14.937 0.0000000000
14033  -17.597  -79.469  -16.771 0.0000000000
14030  -13.771  -79.211  -16.465 0.0000000000
14004  -14.144  -79.349  -16.249 0.0000000000
14005  -14.847  -79.620  -16.046 0.0000000000
15760  -14.381  -77.544  -15.757 0.0000000000
14856  -15.171  -78.734  -16.329 0.0000000000
14006  -15.829  -79.898  -16.547 0.0000000000
14032  -16.824  -79.645  -17.047 0.0000000000
14053  -18.171  -79.090  -17.503 0.0000000000
14059  -17.939  -79.016  -18.088 0.0000000000
15831  -18.079  -77.868  -19.211 0.0000000000
16765  -17.930  -77.190  -19.602 0.0000000000
17804  -16.800  -76.226  -18.821 0.0000000000
17805  -17.340  -76.310  -19.521 0.0000000000
17820  -18.010  -76.198  -20.221 0.0000000000
18891  -17.679  -75.291  -20.612 0.0000000000
19988  -17.448  -74.208  -21.429 0.0000000000
21139  -16.795  -73.252  -21.737 0.0000000000
14904  -9.418  -77.960  -19.225 0.0000000000
15792  -9.295  -76.676  -19.173 0.0000000000
16734  -9.466  -75.875  -18.769 0.0000000000
16715  -8.699  -75.591  -18.365 0.0000000000
16716  -9.412  -75.579  -18.425 0.0000000000
17763  -10.299  -75.107  -17.856 0.0000000000
17743  -10.681  -75.372  -16.036 0.0000000000
19885  -11.989  -74.177  -15.505 0.0000000000
19904  -12.531  -73.304  -15.718 0.0000000000
19922  -6.523  -73.261  -17.504 0.0000000000
19924  -7.935  -73.234  -17.986 0.0000000000
19925  -9.143  -73.445  -17.778 0.0000000000
21108  -9.004  -72.608  -19.215 0.0000000000
21086  -9.431  -72.936  -18.279 0.0000000000
19926  -9.811  -73.366  -17.161 0.0000000000
21039  -11.002  -72.977  -16.564 0.0000000000
21040  -11.890  -72.804  -16.447 0.0000000000
21041  -12.967  -72.675  -16.479 0.0000000000
21068  -14.181  -72.759  -17.829 0.0000000000
19943  -14.750  -72.921  -18.250 0.0000000000
21092  -15.034  -72.679  -19.379 0.0000000000
21113  -13.666  -72.146  -19.595 0.0000000000
21114  -14.554  -72.283  -19.718 0.0000000000
19963  -15.459  -72.993  -19.715 0.0000000000
21116  -15.625  -72.831  -20.349 0.0000000000
21138  -16.101  -72.699  -21.192 0.0000000000
22234  -17.461  -72.003  -22.458 0.0000000000
22246  -16.764  -71.033  -22.588 0.0000000000
23290  -17.147  -70.518  -22.735 0.0000000000
23287  -14.526  -70.359  -22.433 0.0000000000
24294  -15.882  -69.793  -22.774 0.0000000000
24295  -16.776  -69.846  -22.818 0.0000000000
24314  -16.377  -69.201  -23.205 0.0000000000
25342  -16.905  -68.549  -23.555 0.0000000000
26408  -16.387  -67.845  -23.954 0.0000000000
24309  -11.686  -69.143  -23.521 0.0000000000
25337  -12.205  -68.517  -23.833 0.0000000000
26406  -11.502  -67.336  -23.961 0.0000000000
25354  -12.633  -67.951  -24.176 0.0000000000
25355  -13.456  -67.942  -24.228 0.0000000000
25356  -14.324  -67.864  -24.221 0.0000000000
26424  -15.688  -67.211  -24.421 0.0000000000
26425  -16.781  -67.109  -24.392 0.0000000000
28762  -16.496  -64.576  -25.446 0.0000000000
28761  -15.883  -64.302  -25.354 0.0000000000
31083  -17.729  -63.248  -25.591 0.0000000000
32145  -17.474  -62.335  -25.454 0.0000000000
33260  -17.353  -61.483  -25.411 0.0000000000
34285  -17.779  -60.315  -25.214 0.0000000000
34284  -16.911  -60.302  -25.038 0.0000000000
35340  -15.830  -58.952  -24.202 0.0000000000
33230  -14.874  -61.041  -24.612 0.0000000000
34265  -15.271  -59.688  -24.409 0.0000000000
35321  -14.935  -58.876  -24.133 0.0000000000
36414  -14.707  -58.294  -23.369 0.0000000000
36413  -13.864  -57.997  -23.603 0.0000000000
32095  -11.065  -62.601  -22.884 0.0000000000
33197  -10.946  -61.866  -23.171 0.0000000000
33213  -11.425  -61.357  -23.491 0.0000000000
34259  -9.735  -60.805  -23.872 0.0000000000
34261  -11.748  -60.325  -23.930 0.0000000000
35318  -12.227  -59.392  -24.189 0.0000000000
36412  -12.745  -58.399  -24.234 0.0000000000
37525  -13.261  -57.480  -23.948 0.0000000000
7483  -16.406  -86.674  -26.180 0.0000000000
8261  -16.278  -86.648  -27.212 0.0000000000
8296  -15.928  -86.886  -28.537 0.0000000000
9086  -17.010  -85.675  -29.660 0.0000000000
8309  -16.305  -85.898  -29.647 0.0000000000
8308  -15.786  -86.542  -29.447 0.0000000000
8321  -14.880  -86.792  -30.699 0.0000000000
7560  -13.072  -87.239  -32.146 0.0000000000
6843  -12.650  -88.006  -32.351 0.0000000000
6135  -14.393  -88.989  -34.384 0.0000000000
6884  -14.027  -88.421  -34.484 0.0000000000
7605  -13.854  -87.681  -34.268 0.0000000000
6906  -12.397  -88.557  -36.360 0.0000000000
7615  -12.115  -87.702  -35.170 0.0000000000
7603  -12.224  -87.406  -34.476 0.0000000000
7581  -11.694  -87.509  -33.663 0.0000000000
6865  -11.368  -88.052  -33.419 0.0000000000
6098  -11.562  -89.273  -32.824 0.0000000000
5441  -10.164  -90.591  -32.720 0.0000000000
4840  -9.616  -91.047  -32.702 0.0000000000
4227  -8.459  -91.442  -32.178 0.0000000000
4262  -8.334  -92.032  -34.017 0.0000000000
3648  -7.926  -92.361  -32.855 0.0000000000
4225  -7.225  -91.828  -32.025 0.0000000000
5423  -5.997  -90.826  -31.469 0.0000000000
5439  -6.010  -89.848  -32.089 0.0000000000
6822  -5.466  -88.473  -31.972 0.0000000000
3739  -10.489  -93.711  -39.916 0.0000000000
4338  -10.629  -93.010  -40.344 0.0000000000
4347  -10.634  -92.269  -40.331 0.0000000000
5539  -11.612  -90.456  -41.681 0.0000000000
4930  -10.811  -91.472  -40.562 0.0000000000
6205  -9.517  -89.522  -40.095 0.0000000000
6191  -8.524  -89.298  -39.405 0.0000000000
8468  -12.545  -86.465  -41.729 0.0000000000
7687  -11.462  -87.344  -40.819 0.0000000000
9222  -11.242  -85.530  -40.023 0.0000000000
8454  -11.351  -86.471  -40.389 0.0000000000
7686  -10.644  -87.435  -40.105 0.0000000000
7685  -10.020  -87.850  -39.878 0.0000000000
6944  -9.118  -88.432  -39.619 0.0000000000
6928  -8.306  -88.522  -38.506 0.0000000000
6916  -7.917  -88.308  -37.373 0.0000000000
7623  -7.612  -88.074  -36.223 0.0000000000
7599  -7.778  -87.828  -35.066 0.0000000000
9158  -8.524  -86.114  -35.895 0.0000000000
8391  -8.268  -86.953  -35.130 0.0000000000
7579  -7.689  -87.682  -34.218 0.0000000000
7578  -7.210  -87.520  -33.504 0.0000000000
7557  -6.289  -87.151  -33.020 0.0000000000
7556  -5.478  -87.130  -32.505 0.0000000000
8347  -4.900  -86.259  -32.384 0.0000000000
9855  -4.727  -84.896  -32.494 0.0000000000
9848  -4.738  -83.831  -32.369 0.0000000000
10692  -5.844  -83.697  -33.790 0.0000000000
10691  -5.419  -83.451  -33.212 0.0000000000
11539  -4.588  -82.780  -31.985 0.0000000000
12505  -4.421  -81.899  -32.461 0.0000000000
13382  -3.945  -80.888  -32.240 0.0000000000
14238  -3.650  -79.902  -31.679 0.0000000000
13460  -7.506  -80.613  -37.679 0.0000000000
13439  -7.047  -80.239  -37.189 0.0000000000
13420  -5.532  -80.153  -35.590 0.0000000000
14294  -5.941  -78.993  -35.786 0.0000000000
14278  -5.165  -79.227  -35.119 0.0000000000
14277  -4.666  -79.400  -34.353 0.0000000000
15085  -4.313  -78.658  -33.112 0.0000000000
15070  -3.662  -78.421  -31.770 0.0000000000
47  -20.574  -102.320  -19.028 0.0000000000
69  -20.107  -102.714  -20.200 0.0000000000
79  -19.247  -102.651  -21.015 0.0000000000
80  -19.789  -102.577  -20.710 0.0000000000
85  -17.186  -102.476  -21.769 0.0000000000
86  -17.452  -102.372  -21.945 0.0000000000
87  -17.921  -102.359  -21.896 0.0000000000
138  -22.992  -101.506  -18.596 0.0000000000
153  -23.841  -101.391  -19.717 0.0000000000
154  -7.947  -101.716  -19.388 0.0000000000
161  -23.375  -101.559  -20.061 0.0000000000
164  -8.408  -102.014  -20.673 0.0000000000
169  -20.797  -102.354  -20.583 0.0000000000
180  -16.536  -102.420  -21.891 0.0000000000
182  -19.056  -102.340  -21.664 0.0000000000
186  -22.683  -100.864  -21.728 0.0000000000
198  -18.535  -102.130  -22.197 0.0000000000
202  -22.083  -100.932  -22.605 0.0000000000
203  -22.637  -100.693  -22.359 0.0000000000
217  -21.896  -100.809  -23.228 0.0000000000
218  -10.115  -101.319  -23.710 0.0000000000
230  -21.598  -100.676  -24.046 0.0000000000
232  -10.924  -101.441  -24.690 0.0000000000
233  -11.479  -101.471  -24.950 0.0000000000
244  -21.676  -100.623  -24.549 0.0000000000
246  -12.881  -101.431  -25.709 0.0000000000
253  -19.157  -100.672  -25.563 0.0000000000
257  -14.502  -101.405  -26.599 0.0000000000
306  -7.060  -101.047  -17.642 0.0000000000
316  -7.056  -100.961  -18.374 0.0000000000
329  -7.117  -101.013  -19.052 0.0000000000
330  -7.538  -101.320  -19.065 0.0000000000
334  -24.269  -101.176  -20.040 0.0000000000
337  -7.159  -101.055  -19.530 0.0000000000
339  -24.171  -100.917  -20.576 0.0000000000
343  -8.033  -101.479  -21.924 0.0000000000
345  -23.924  -100.608  -21.264 0.0000000000
348  -7.845  -100.818  -22.047 0.0000000000
350  -9.173  -101.337  -22.818 0.0000000000
354  -25.010  -99.621  -22.076 0.0000000000
355  -25.673  -99.404  -21.873 0.0000000000
357  -9.293  -101.106  -23.201 0.0000000000
358  -21.837  -100.753  -23.574 0.0000000000
359  -22.204  -100.642  -23.330 0.0000000000
364  -9.457  -100.730  -23.469 0.0000000000
365  -9.899  -100.933  -23.802 0.0000000000
366  -10.435  -101.002  -24.468 0.0000000000
367  -21.995  -100.664  -23.776 0.0000000000
372  -10.441  -100.719  -24.542 0.0000000000
374  -11.461  -101.265  -25.504 0.0000000000
377  -23.571  -99.039  -24.414 0.0000000000
379  -11.059  -100.869  -25.901 0.0000000000
382  -13.267  -101.307  -26.199 0.0000000000
384  -19.660  -100.595  -25.566 0.0000000000
385  -20.251  -100.588  -25.521 0.0000000000
389  -23.488  -99.004  -24.955 0.0000000000
390  -24.004  -98.733  -24.796 0.0000000000
391  -11.866  -100.678  -26.074 0.0000000000
392  -12.346  -100.743  -26.307 0.0000000000
395  -15.443  -101.171  -27.023 0.0000000000
398  -18.881  -100.485  -26.376 0.0000000000
404  -23.665  -98.551  -25.363 0.0000000000
405  -14.583  -100.728  -26.917 0.0000000000
406  -14.965  -100.864  -27.028 0.0000000000
407  -15.549  -100.777  -26.994 0.0000000000
408  -17.840  -100.318  -30.444 0.0000000000
409  -18.088  -100.575  -30.307 0.0000000000
411  -19.875  -101.084  -29.898 0.0000000000
413  -21.800  -100.681  -29.626 0.0000000000
415  -16.916  -99.543  -31.509 0.0000000000
422  -15.261  -99.439  -32.579 0.0000000000
428  -20.479  -100.500  -31.516 0.0000000000
429  -21.330  -100.761  -30.910 0.0000000000
430  -21.917  -100.906  -30.521 0.0000000000
431  -14.354  -99.901  -33.224 0.0000000000
432  -14.677  -99.913  -33.035 0.0000000000
435  -17.241  -100.235  -32.321 0.0000000000
438  -19.706  -100.425  -32.013 0.0000000000
440  -14.926  -100.320  -33.384 0.0000000000
442  -16.593  -100.360  -32.916 0.0000000000
444  -14.300  -100.462  -34.187 0.0000000000
446  -16.122  -100.358  -34.035 0.0000000000
449  -14.975  -100.522  -34.778 0.0000000000
450  -15.748  -100.540  -34.659 0.0000000000
521  -7.185  -99.974  -18.794 0.0000000000
535  -7.159  -100.400  -19.275 0.0000000000
543  -26.268  -99.924  -19.673 0.0000000000
546  -7.122  -100.828  -19.550 0.0000000000
556  -8.092  -100.012  -21.959 0.0000000000
561  -8.237  -100.386  -22.377 0.0000000000
565  -25.151  -98.843  -23.125 0.0000000000
567  -26.371  -98.809  -22.318 0.0000000000
568  -9.685  -100.496  -23.681 0.0000000000
571  -25.360  -98.537  -23.790 0.0000000000
572  -10.405  -100.391  -24.573 0.0000000000
573  -10.597  -100.481  -25.049 0.0000000000
574  -24.614  -98.575  -24.417 0.0000000000
578  -21.055  -99.695  -26.351 0.0000000000
580  -22.133  -98.708  -25.784 0.0000000000
583  -12.126  -100.386  -26.076 0.0000000000
585  -13.634  -100.635  -26.840 0.0000000000
593  -21.415  -99.875  -26.141 0.0000000000
596  -23.987  -98.269  -26.092 0.0000000000
598  -13.185  -99.948  -26.867 0.0000000000
599  -13.436  -100.205  -26.835 0.0000000000
600  -14.070  -100.436  -26.792 0.0000000000
601  -14.975  -100.366  -26.688 0.0000000000
603  -22.889  -98.810  -28.344 0.0000000000
607  -17.663  -100.169  -30.162 0.0000000000
615  -14.607  -98.961  -32.290 0.0000000000
618  -16.625  -99.123  -31.295 0.0000000000
623  -15.093  -99.096  -32.211 0.0000000000
625  -20.658  -100.098  -31.730 0.0000000000
631  -17.643  -100.326  -32.617 0.0000000000
632  -18.284  -100.168  -32.629 0.0000000000
636  -12.163  -99.410  -33.922 0.0000000000
638  -13.515  -100.073  -33.762 0.0000000000
640  -16.827  -100.357  -33.385 0.0000000000
643  -19.005  -99.427  -33.177 0.0000000000
647  -16.532  -100.365  -33.739 0.0000000000
651  -12.077  -100.005  -35.480 0.0000000000
652  -12.861  -100.288  -35.591 0.0000000000
654  -14.695  -100.481  -35.500 0.0000000000
677  -13.001  -99.989  -37.129 0.0000000000
759  -6.991  -99.942  -17.379 0.0000000000
762  -9.044  -98.738  -17.732 0.0000000000
778  -8.701  -99.056  -18.507 0.0000000000
791  -8.307  -99.423  -19.523 0.0000000000
819  -7.925  -99.876  -21.254 0.0000000000
820  -8.336  -99.719  -21.487 0.0000000000
822  -9.901  -99.071  -21.118 0.0000000000
829  -27.183  -98.729  -21.429 0.0000000000
832  -8.425  -99.896  -22.240 0.0000000000
847  -9.344  -100.137  -23.521 0.0000000000
851  -26.671  -98.308  -23.101 0.0000000000
853  -10.787  -99.885  -25.213 0.0000000000
857  -11.162  -100.268  -25.681 0.0000000000
858  -11.683  -99.985  -25.773 0.0000000000
861  -20.556  -99.145  -26.375 0.0000000000
863  -22.411  -98.206  -25.940 0.0000000000
864  -22.939  -97.988  -26.033 0.0000000000
867  -12.343  -99.982  -26.188 0.0000000000
868  -12.638  -99.720  -26.450 0.0000000000
870  -16.003  -99.092  -26.814 0.0000000000
875  -22.737  -98.401  -25.832 0.0000000000
877  -24.848  -98.104  -26.656 0.0000000000
878  -13.022  -99.693  -26.692 0.0000000000
880  -14.215  -99.751  -26.532 0.0000000000
883  -21.648  -98.949  -28.607 0.0000000000
884  -22.369  -98.767  -28.417 0.0000000000
887  -24.708  -98.148  -27.148 0.0000000000
891  -19.918  -99.744  -29.172 0.0000000000
893  -21.633  -99.687  -28.795 0.0000000000
895  -24.141  -98.844  -29.592 0.0000000000
899  -16.176  -98.751  -31.114 0.0000000000
901  -17.210  -99.595  -30.038 0.0000000000
904  -13.348  -98.365  -33.098 0.0000000000
907  -21.100  -99.140  -31.571 0.0000000000
911  -12.279  -98.656  -33.588 0.0000000000
913  -13.740  -99.199  -33.168 0.0000000000
915  -20.512  -99.107  -31.976 0.0000000000
916  -20.889  -99.542  -31.722 0.0000000000
922  -12.451  -99.121  -33.675 0.0000000000
924  -19.515  -99.006  -33.103 0.0000000000
932  -11.487  -99.115  -34.395 0.0000000000
933  -19.097  -99.363  -34.446 0.0000000000
942  -10.864  -98.850  -35.264 0.0000000000
943  -11.360  -99.316  -35.187 0.0000000000
944  -19.076  -99.462  -34.771 0.0000000000
967  -12.216  -98.705  -38.269 0.0000000000
1053  -6.898  -98.167  -15.193 0.0000000000
1055  -7.904  -98.000  -15.644 0.0000000000
1064  -7.587  -98.601  -16.006 0.0000000000
1074  -9.857  -98.517  -17.371 0.0000000000
1076  -11.426  -97.867  -17.911 0.0000000000
1092  -11.219  -98.271  -18.388 0.0000000000
1106  -9.997  -98.752  -18.635 0.0000000000
1121  -11.558  -98.225  -20.499 0.0000000000
1157  -11.395  -98.751  -23.275 0.0000000000
1164  -27.033  -98.255  -22.959 0.0000000000
1168  -26.376  -97.891  -24.222 0.0000000000
1170  -10.844  -99.315  -24.795 0.0000000000
1177  -11.867  -99.457  -25.680 0.0000000000
1182  -19.198  -97.840  -26.630 0.0000000000
1185  -21.995  -97.835  -26.188 0.0000000000
1187  -25.484  -97.924  -26.394 0.0000000000
1193  -12.948  -99.171  -26.402 0.0000000000
1195  -14.560  -98.411  -26.379 0.0000000000
1198  -17.451  -98.079  -26.933 0.0000000000
1199  -18.197  -98.323  -26.873 0.0000000000
1200  -22.620  -97.649  -27.588 0.0000000000
1201  -22.924  -97.626  -27.194 0.0000000000
1202  -25.067  -98.061  -26.906 0.0000000000
1208  -13.637  -99.290  -26.547 0.0000000000
1210  -14.871  -98.874  -26.506 0.0000000000
1211  -19.986  -98.350  -28.603 0.0000000000
1213  -21.673  -98.119  -28.268 0.0000000000
1214  -22.418  -97.866  -28.014 0.0000000000
1216  -24.799  -98.116  -28.458 0.0000000000
1229  -24.452  -97.962  -29.231 0.0000000000
1236  -15.639  -98.197  -30.904 0.0000000000
1238  -22.729  -98.346  -30.642 0.0000000000
1244  -12.434  -97.854  -33.379 0.0000000000
1245  -12.927  -97.983  -33.272 0.0000000000
1247  -20.843  -98.465  -31.748 0.0000000000
1255  -11.520  -97.844  -33.861 0.0000000000
1256  -12.072  -98.172  -33.552 0.0000000000
1267  -11.206  -98.087  -34.169 0.0000000000
1269  -19.964  -98.696  -33.046 0.0000000000
1270  -20.338  -98.423  -33.031 0.0000000000
1279  -11.373  -98.690  -34.206 0.0000000000
1280  -20.000  -98.681  -33.402 0.0000000000
1292  -9.863  -97.673  -36.412 0.0000000000
1304  -10.854  -97.943  -38.766 0.0000000000
1305  -11.614  -98.325  -38.461 0.0000000000
1329  -11.431  -97.891  -40.087 0.0000000000
1330  -11.915  -97.762  -40.193 0.0000000000
1467  -8.990  -97.228  -15.797 0.0000000000
1473  -9.771  -97.311  -16.257 0.0000000000
1480  -6.509  -97.198  -18.048 0.0000000000
1483  -11.422  -97.482  -17.703 0.0000000000
1496  -5.787  -96.996  -18.596 0.0000000000
1497  -6.239  -97.211  -18.674 0.0000000000
1499  -8.042  -97.208  -19.257 0.0000000000
1516  -8.060  -97.282  -20.141 0.0000000000
1518  -12.665  -96.855  -19.486 0.0000000000
1530  -6.742  -97.357  -20.593 0.0000000000
1544  -5.671  -96.411  -21.255 0.0000000000
1545  -5.797  -96.583  -21.266 0.0000000000
1563  -5.960  -96.551  -21.711 0.0000000000
1569  -13.010  -97.148  -22.292 0.0000000000
1584  -7.414  -97.274  -23.591 0.0000000000
1586  -8.857  -96.963  -23.391 0.0000000000
1587  -12.548  -97.909  -22.932 0.0000000000
1589  -13.381  -97.272  -23.486 0.0000000000
1606  -13.296  -97.813  -24.067 0.0000000000
1616  -7.657  -97.249  -25.389 0.0000000000
1618  -9.111  -96.706  -25.453 0.0000000000
1622  -26.179  -97.206  -25.325 0.0000000000
1628  -7.428  -97.047  -26.200 0.0000000000
1629  -8.195  -97.049  -26.148 0.0000000000
1630  -8.797  -96.616  -26.033 0.0000000000
1634  -18.085  -97.257  -27.032 0.0000000000
1637  -20.705  -97.321  -26.539 0.0000000000
1640  -22.681  -97.496  -26.871 0.0000000000
1642  -26.026  -97.461  -25.737 0.0000000000
1647  -7.534  -96.743  -26.602 0.0000000000
1649  -8.407  -96.371  -26.388 0.0000000000
1650  -14.297  -98.027  -26.245 0.0000000000
1655  -18.039  -96.705  -27.204 0.0000000000
1656  -21.756  -97.003  -27.031 0.0000000000
1657  -22.429  -97.410  -27.233 0.0000000000
1658  -22.725  -97.517  -27.101 0.0000000000
1666  -20.877  -97.469  -28.095 0.0000000000
1670  -24.915  -97.656  -28.064 0.0000000000
1680  -24.312  -97.361  -29.114 0.0000000000
1698  -12.601  -97.589  -33.261 0.0000000000
1700  -13.529  -97.011  -32.370 0.0000000000
1701  -20.732  -97.951  -31.892 0.0000000000
1710  -11.673  -97.397  -33.627 0.0000000000
1713  -20.901  -97.766  -32.113 0.0000000000
1737  -9.892  -97.143  -35.662 0.0000000000
1738  -10.170  -97.505  -35.310 0.0000000000
1746  -9.709  -97.150  -36.327 0.0000000000
1747  -9.805  -97.559  -36.802 0.0000000000
1756  -9.622  -97.035  -37.093 0.0000000000
1765  -9.718  -96.824  -37.830 0.0000000000
1775  -10.578  -97.200  -39.629 0.0000000000
1945  -5.893  -96.133  -15.727 0.0000000000
1948  -8.484  -96.837  -15.822 0.0000000000
1960  -9.041  -96.760  -16.309 0.0000000000
1966  -6.369  -96.768  -17.375 0.0000000000
1967  -7.425  -96.828  -17.251 0.0000000000
1971  -11.499  -96.701  -17.809 0.0000000000
1988  -10.738  -96.003  -18.170 0.0000000000
2001  -5.326  -96.069  -19.791 0.0000000000
2006  -13.006  -96.230  -19.377 0.0000000000
2019  -5.532  -96.367  -20.130 0.0000000000
2020  -8.566  -97.063  -20.639 0.0000000000
2024  -13.612  -95.788  -20.491 0.0000000000
2033  -5.593  -96.093  -21.020 0.0000000000
2034  -5.676  -96.489  -20.862 0.0000000000
2036  -9.352  -96.230  -21.254 0.0000000000
2047  -5.781  -96.257  -21.583 0.0000000000
2048  -6.290  -96.265  -22.233 0.0000000000
2049  -6.612  -96.451  -22.589 0.0000000000
2050  -8.778  -97.031  -21.924 0.0000000000
2054  -14.099  -95.760  -22.593 0.0000000000
2061  -6.540  -96.084  -22.577 0.0000000000
2063  -9.300  -96.219  -23.407 0.0000000000
2079  -10.023  -95.630  -24.771 0.0000000000
2080  -14.127  -96.515  -23.872 0.0000000000
2089  -9.569  -96.091  -25.240 0.0000000000
2090  -10.286  -95.537  -25.528 0.0000000000
2091  -10.816  -95.368  -25.631 0.0000000000
2093  -14.906  -96.182  -25.118 0.0000000000
2094  -26.134  -96.158  -25.850 0.0000000000
2100  -6.746  -96.323  -26.443 0.0000000000
2101  -7.171  -96.754  -26.555 0.0000000000
2104  -10.774  -95.515  -26.087 0.0000000000
2107  -15.591  -96.470  -26.336 0.0000000000
2118  -7.437  -96.398  -26.930 0.0000000000
2119  -8.130  -95.987  -26.740 0.0000000000
2121  -9.636  -95.665  -26.628 0.0000000000
2123  -15.312  -97.304  -26.369 0.0000000000
2126  -17.250  -96.224  -27.268 0.0000000000
2129  -19.757  -96.207  -27.579 0.0000000000
2130  -20.823  -96.823  -27.374 0.0000000000
2131  -24.738  -96.490  -27.888 0.0000000000
2138  -7.116  -96.031  -27.377 0.0000000000
2140  -8.317  -95.464  -27.122 0.0000000000
2143  -10.382  -95.242  -27.196 0.0000000000
2147  -24.127  -96.272  -28.799 0.0000000000
2148  -24.427  -96.656  -28.465 0.0000000000
2158  -23.817  -96.310  -29.180 0.0000000000
2165  -14.025  -96.660  -31.817 0.0000000000
2168  -16.294  -96.364  -30.189 0.0000000000
2169  -16.993  -96.306  -29.746 0.0000000000
2176  -13.137  -96.522  -32.502 0.0000000000
2185  -12.150  -96.532  -33.264 0.0000000000
2194  -11.400  -96.665  -33.751 0.0000000000
2224  -9.557  -96.431  -36.689 0.0000000000
2252  -9.851  -96.166  -38.454 0.0000000000
2281  -10.706  -96.496  -40.101 0.0000000000
2450  -5.597  -95.597  -15.802 0.0000000000
2458  -5.584  -95.644  -16.703 0.0000000000
2464  -11.224  -96.172  -17.859 0.0000000000
2475  -11.180  -95.859  -18.140 0.0000000000
2476  -11.621  -95.995  -18.196 0.0000000000
2477  -12.230  -95.872  -18.593 0.0000000000
2508  -14.326  -94.481  -21.042 0.0000000000
2520  -5.430  -95.392  -21.161 0.0000000000
2521  -9.640  -95.806  -21.622 0.0000000000
2523  -14.093  -95.244  -21.553 0.0000000000
2534  -9.512  -95.840  -22.157 0.0000000000
2535  -9.843  -95.414  -22.147 0.0000000000
2537  -14.238  -95.347  -22.328 0.0000000000
2547  -10.059  -95.259  -23.137 0.0000000000
2548  -10.742  -94.716  -23.633 0.0000000000
2562  -15.532  -94.579  -24.476 0.0000000000
2569  -6.475  -95.007  -25.765 0.0000000000
2582  -6.453  -95.401  -26.422 0.0000000000
2583  -11.277  -95.385  -26.557 0.0000000000
2585  -15.158  -96.200  -25.671 0.0000000000
2593  -6.686  -95.742  -27.064 0.0000000000
2594  -11.111  -95.351  -26.999 0.0000000000
2595  -11.587  -95.174  -27.045 0.0000000000
2608  -6.950  -95.432  -27.728 0.0000000000
2612  -10.106  -94.884  -27.318 0.0000000000
2616  -19.628  -95.789  -28.429 0.0000000000
2622  -7.217  -95.033  -28.254 0.0000000000
2623  -7.804  -94.921  -28.294 0.0000000000
2624  -8.221  -94.714  -28.242 0.0000000000
2626  -18.878  -95.508  -29.292 0.0000000000
2628  -19.749  -95.989  -28.499 0.0000000000
2647  -13.078  -96.045  -32.480 0.0000000000
2649  -14.170  -95.501  -31.400 0.0000000000
2657  -12.771  -95.837  -32.916 0.0000000000
2675  -10.061  -95.649  -35.011 0.0000000000
2676  -10.471  -95.727  -34.682 0.0000000000
2719  -9.521  -95.874  -37.202 0.0000000000
2728  -9.665  -95.553  -37.838 0.0000000000
2736  -10.134  -95.456  -39.055 0.0000000000
2892  -5.752  -94.779  -15.210 0.0000000000
2928  -5.641  -95.130  -17.122 0.0000000000
2952  -12.218  -94.671  -19.293 0.0000000000
2954  -13.620  -94.335  -19.784 0.0000000000
2965  -5.460  -94.710  -20.342 0.0000000000
2967  -11.709  -94.357  -19.962 0.0000000000
2969  -14.049  -94.069  -20.139 0.0000000000
2984  -11.336  -94.175  -20.807 0.0000000000
2985  -14.523  -94.216  -21.346 0.0000000000
2997  -5.435  -94.841  -21.646 0.0000000000
3000  -11.113  -94.128  -21.947 0.0000000000
3002  -14.989  -93.849  -22.724 0.0000000000
3011  -6.061  -94.641  -23.052 0.0000000000
3024  -11.825  -94.235  -24.497 0.0000000000
3027  -16.280  -93.518  -24.749 0.0000000000
3031  -6.523  -94.188  -25.582 0.0000000000
3032  -11.742  -94.691  -25.009 0.0000000000
3033  -12.343  -94.460  -25.369 0.0000000000
3034  -12.938  -94.045  -25.372 0.0000000000
3039  -5.792  -94.066  -26.956 0.0000000000
3041  -12.549  -94.742  -26.361 0.0000000000
3053  -9.739  -94.014  -27.173 0.0000000000
3054  -10.015  -94.080  -27.032 0.0000000000
3057  -16.142  -95.502  -26.553 0.0000000000
3071  -8.649  -94.465  -27.932 0.0000000000
3074  -11.445  -94.297  -27.354 0.0000000000
3076  -13.212  -93.857  -27.859 0.0000000000
3086  -7.825  -94.403  -28.461 0.0000000000
3107  -13.679  -94.722  -32.026 0.0000000000
3111  -11.856  -95.208  -33.622 0.0000000000
3121  -12.015  -94.575  -33.700 0.0000000000
3130  -10.044  -95.263  -34.953 0.0000000000
3145  -9.949  -94.795  -35.295 0.0000000000
3146  -10.164  -94.156  -35.430 0.0000000000
3174  -9.776  -94.788  -37.959 0.0000000000
3178  -10.341  -94.603  -39.462 0.0000000000
3487  -12.453  -93.607  -20.103 0.0000000000
3488  -13.454  -93.605  -19.837 0.0000000000
3501  -14.765  -93.377  -21.298 0.0000000000
3521  -15.282  -93.110  -22.431 0.0000000000
3536  -5.177  -93.365  -22.887 0.0000000000
3539  -7.062  -92.927  -23.768 0.0000000000
3540  -11.780  -93.496  -22.948 0.0000000000
3555  -7.195  -93.273  -24.170 0.0000000000
3556  -7.227  -92.780  -23.872 0.0000000000
3557  -12.456  -93.496  -24.165 0.0000000000
3559  -15.825  -93.347  -23.870 0.0000000000
3560  -16.227  -93.103  -24.237 0.0000000000
3564  -6.037  -93.414  -25.756 0.0000000000
3566  -12.778  -93.785  -24.815 0.0000000000
3568  -16.601  -93.228  -25.009 0.0000000000
3571  -5.609  -93.335  -26.529 0.0000000000
3572  -8.668  -92.885  -26.787 0.0000000000
3575  -10.749  -92.831  -26.390 0.0000000000
3589  -13.869  -93.634  -27.525 0.0000000000
3599  -6.173  -93.352  -28.226 0.0000000000
3607  -13.709  -93.345  -28.282 0.0000000000
3610  -18.708  -93.692  -28.877 0.0000000000
3615  -7.449  -94.129  -28.490 0.0000000000
3616  -7.640  -93.964  -28.415 0.0000000000
3617  -8.119  -94.076  -28.214 0.0000000000
3619  -17.350  -93.483  -29.735 0.0000000000
3624  -14.822  -93.742  -31.042 0.0000000000
3630  -8.157  -91.676  -32.222 0.0000000000
3631  -8.265  -91.831  -32.394 0.0000000000
3637  -7.927  -91.909  -32.219 0.0000000000
3638  -8.156  -92.182  -32.630 0.0000000000
3639  -13.039  -94.409  -33.020 0.0000000000
3647  -7.811  -92.276  -32.601 0.0000000000
3649  -11.744  -94.086  -34.010 0.0000000000
3671  -10.462  -93.569  -35.758 0.0000000000
3685  -9.816  -94.058  -36.732 0.0000000000
3686  -10.124  -93.579  -36.530 0.0000000000
3687  -10.706  -93.112  -36.183 0.0000000000
3710  -9.743  -94.375  -37.489 0.0000000000
3711  -9.874  -93.897  -38.072 0.0000000000
3740  -11.026  -93.765  -40.553 0.0000000000
4081  -13.042  -93.067  -20.015 0.0000000000
4082  -13.598  -92.765  -20.187 0.0000000000
4095  -13.378  -92.256  -20.626 0.0000000000
4097  -15.162  -91.862  -21.311 0.0000000000
4108  -4.835  -92.619  -22.486 0.0000000000
4110  -6.212  -91.794  -23.043 0.0000000000
4112  -12.569  -92.496  -21.897 0.0000000000
4131  -5.203  -92.940  -23.067 0.0000000000
4132  -5.998  -92.674  -23.291 0.0000000000
4134  -12.780  -92.485  -22.807 0.0000000000
4135  -13.221  -92.019  -23.301 0.0000000000
4152  -13.501  -92.258  -24.317 0.0000000000
4153  -16.766  -92.489  -24.449 0.0000000000
4164  -9.771  -91.920  -25.552 0.0000000000
4165  -13.657  -92.764  -24.937 0.0000000000
4168  -17.375  -92.237  -25.315 0.0000000000
4172  -4.831  -92.043  -26.698 0.0000000000
4173  -5.081  -92.423  -26.627 0.0000000000
4174  -8.664  -92.512  -26.499 0.0000000000
4175  -9.325  -92.191  -25.981 0.0000000000
4177  -11.144  -92.215  -26.324 0.0000000000
4178  -13.899  -93.048  -25.643 0.0000000000
4180  -17.258  -92.730  -25.830 0.0000000000
4187  -5.106  -92.226  -27.524 0.0000000000
4189  -8.107  -92.590  -27.186 0.0000000000
4199  -7.420  -92.671  -27.953 0.0000000000
4204  -14.335  -92.696  -28.613 0.0000000000
4206  -18.646  -93.403  -28.694 0.0000000000
4210  -13.685  -92.200  -29.076 0.0000000000
4214  -18.295  -92.907  -29.287 0.0000000000
4217  -8.799  -90.966  -31.843 0.0000000000
4219  -15.393  -92.696  -31.024 0.0000000000
4226  -7.822  -91.631  -31.961 0.0000000000
4228  -9.020  -91.176  -32.271 0.0000000000
4229  -9.250  -91.023  -32.330 0.0000000000
4230  -14.530  -92.834  -32.056 0.0000000000
4236  -7.104  -91.964  -32.527 0.0000000000
4237  -7.562  -92.058  -32.366 0.0000000000
4238  -8.447  -91.962  -32.601 0.0000000000
4239  -8.997  -91.733  -32.785 0.0000000000
4240  -9.238  -91.243  -32.569 0.0000000000
4241  -13.490  -92.997  -32.922 0.0000000000
4243  -14.873  -92.193  -32.351 0.0000000000
4249  -6.959  -91.686  -33.000 0.0000000000
4250  -7.448  -92.273  -33.029 0.0000000000
4251  -8.258  -92.284  -33.155 0.0000000000
4253  -12.856  -92.867  -34.089 0.0000000000
4255  -14.025  -91.871  -33.288 0.0000000000
4261  -7.675  -91.990  -33.859 0.0000000000
4263  -8.766  -91.699  -33.962 0.0000000000
4264  -12.291  -92.797  -34.810 0.0000000000
4285  -12.051  -92.202  -36.426 0.0000000000
4298  -10.231  -93.109  -37.501 0.0000000000
4313  -10.593  -92.522  -38.196 0.0000000000
4325  -10.349  -92.619  -38.929 0.0000000000
4349  -11.988  -92.575  -41.459 0.0000000000
4631  -4.129  -91.548  -19.573 0.0000000000
4653  -14.240  -92.012  -20.708 0.0000000000
4660  -4.976  -91.109  -22.039 0.0000000000
4661  -5.728  -90.866  -21.982 0.0000000000
4665  -13.646  -91.678  -21.006 0.0000000000
4668  -15.877  -90.574  -21.666 0.0000000000
4677  -4.912  -91.772  -22.448 0.0000000000
4679  -6.455  -91.014  -22.418 0.0000000000
4680  -7.158  -90.798  -22.791 0.0000000000
4682  -13.422  -91.397  -22.086 0.0000000000
4699  -7.347  -91.360  -23.434 0.0000000000
4716  -6.124  -91.343  -24.859 0.0000000000
4717  -7.019  -91.577  -24.600 0.0000000000
4718  -7.395  -91.924  -24.057 0.0000000000
4719  -10.144  -91.005  -24.881 0.0000000000
4720  -10.493  -91.062  -25.036 0.0000000000
4723  -16.802  -91.906  -23.909 0.0000000000
4735  -4.950  -91.379  -25.794 0.0000000000
4739  -9.312  -91.461  -25.436 0.0000000000
4745  -18.261  -91.257  -25.778 0.0000000000
4753  -4.793  -91.675  -26.454 0.0000000000
4755  -7.784  -91.372  -26.789 0.0000000000
4756  -8.324  -91.641  -26.353 0.0000000000
4758  -10.970  -91.827  -25.787 0.0000000000
4759  -11.467  -91.425  -26.295 0.0000000000
4761  -15.222  -91.099  -26.641 0.0000000000
4771  -4.756  -91.425  -27.465 0.0000000000
4778  -15.297  -91.549  -27.315 0.0000000000
4780  -18.686  -91.940  -26.724 0.0000000000
4789  -5.093  -91.320  -28.104 0.0000000000
4790  -5.566  -91.532  -28.273 0.0000000000
4795  -15.127  -91.617  -28.510 0.0000000000
4807  -13.890  -91.485  -29.295 0.0000000000
4819  -7.755  -91.027  -30.806 0.0000000000
4822  -9.800  -90.612  -31.910 0.0000000000
4829  -7.031  -91.507  -31.233 0.0000000000
4831  -8.462  -91.062  -31.691 0.0000000000
4832  -9.315  -90.868  -32.100 0.0000000000
4833  -9.557  -90.875  -32.316 0.0000000000
4838  -6.775  -91.340  -32.252 0.0000000000
4839  -9.194  -91.557  -32.920 0.0000000000
4851  -9.234  -91.358  -33.420 0.0000000000
4855  -15.137  -90.446  -33.107 0.0000000000
4862  -7.225  -91.053  -34.402 0.0000000000
4874  -7.065  -90.757  -35.346 0.0000000000
4875  -7.525  -91.122  -35.942 0.0000000000
4877  -9.082  -91.087  -35.450 0.0000000000
4878  -12.943  -91.455  -36.140 0.0000000000
4889  -13.083  -91.112  -36.735 0.0000000000
4896  -8.235  -90.831  -37.321 0.0000000000
4897  -11.619  -91.905  -37.761 0.0000000000
4898  -12.020  -91.943  -37.277 0.0000000000
4899  -12.660  -91.362  -37.416 0.0000000000
4907  -12.683  -91.059  -37.881 0.0000000000
4916  -11.624  -90.848  -38.608 0.0000000000
5264  -4.645  -90.956  -21.416 0.0000000000
5265  -5.310  -90.517  -21.384 0.0000000000
5267  -6.910  -89.906  -21.921 0.0000000000
5269  -14.663  -90.600  -21.573 0.0000000000
5271  -16.003  -89.978  -21.769 0.0000000000
5278  -6.882  -90.400  -22.222 0.0000000000
5293  -5.875  -90.013  -23.700 0.0000000000
5295  -7.213  -90.438  -23.429 0.0000000000
5296  -14.138  -90.496  -22.830 0.0000000000
5298  -16.750  -89.798  -22.953 0.0000000000
5310  -6.829  -90.777  -24.296 0.0000000000
5314  -11.380  -90.383  -25.343 0.0000000000
5316  -14.296  -90.445  -24.390 0.0000000000
5318  -18.419  -90.125  -25.209 0.0000000000
5333  -9.595  -90.592  -24.974 0.0000000000
5334  -10.997  -91.131  -25.306 0.0000000000
5335  -11.393  -90.836  -25.636 0.0000000000
5351  -8.310  -90.371  -25.961 0.0000000000
5353  -12.045  -90.083  -26.855 0.0000000000
5354  -15.017  -90.978  -26.199 0.0000000000
5356  -18.954  -90.390  -26.430 0.0000000000
5363  -4.763  -90.493  -27.389 0.0000000000
5364  -5.306  -90.338  -27.873 0.0000000000
5368  -12.388  -90.144  -27.402 0.0000000000
5375  -5.476  -90.938  -28.243 0.0000000000
5376  -5.884  -91.157  -28.397 0.0000000000
5379  -15.478  -90.553  -28.537 0.0000000000
5413  -16.601  -90.701  -31.172 0.0000000000
5422  -5.695  -89.955  -31.778 0.0000000000
5427  -13.116  -89.675  -30.943 0.0000000000
5428  -15.826  -90.989  -32.086 0.0000000000
5442  -10.931  -90.065  -32.588 0.0000000000
5445  -16.150  -89.523  -32.285 0.0000000000
5456  -9.499  -90.674  -33.786 0.0000000000
5457  -10.177  -90.125  -33.315 0.0000000000
5459  -14.862  -90.086  -33.591 0.0000000000
5466  -7.004  -90.074  -34.319 0.0000000000
5476  -9.656  -90.265  -35.570 0.0000000000
5477  -13.634  -90.029  -35.713 0.0000000000
5482  -7.380  -90.307  -36.814 0.0000000000
5483  -9.033  -90.840  -37.269 0.0000000000
5485  -10.176  -90.096  -37.039 0.0000000000
5492  -7.885  -90.217  -37.797 0.0000000000
5493  -8.611  -90.644  -37.761 0.0000000000
5495  -10.120  -90.310  -37.499 0.0000000000
5506  -8.460  -90.068  -38.844 0.0000000000
5509  -10.956  -90.262  -38.391 0.0000000000
5511  -12.614  -90.706  -38.135 0.0000000000
5522  -11.609  -90.453  -38.551 0.0000000000
5528  -9.643  -90.016  -39.991 0.0000000000
5900  -4.486  -90.061  -19.453 0.0000000000
5915  -5.062  -90.112  -20.632 0.0000000000
5926  -5.858  -89.798  -20.919 0.0000000000
5928  -6.894  -89.535  -22.230 0.0000000000
5930  -15.455  -89.646  -21.967 0.0000000000
5931  -15.949  -89.539  -22.141 0.0000000000
5941  -5.314  -89.084  -22.577 0.0000000000
5943  -6.986  -89.677  -22.913 0.0000000000
5944  -14.878  -89.391  -22.640 0.0000000000
5945  -15.578  -89.201  -22.456 0.0000000000
5961  -6.424  -89.680  -23.271 0.0000000000
5962  -6.932  -89.903  -23.409 0.0000000000
5963  -14.654  -89.405  -23.323 0.0000000000
5974  -4.422  -88.923  -24.863 0.0000000000
5975  -4.557  -89.432  -24.459 0.0000000000
5977  -10.182  -89.729  -24.590 0.0000000000
5980  -14.673  -89.428  -24.129 0.0000000000
5995  -8.799  -89.746  -25.447 0.0000000000
5996  -9.542  -89.686  -24.907 0.0000000000
5998  -11.682  -90.068  -25.791 0.0000000000
5999  -11.973  -89.482  -26.106 0.0000000000
6030  -6.374  -89.583  -27.403 0.0000000000
6031  -6.951  -89.414  -27.018 0.0000000000
6039  -15.496  -89.661  -28.785 0.0000000000
6040  -19.159  -89.033  -28.438 0.0000000000
6043  -5.324  -88.757  -30.068 0.0000000000
6049  -14.981  -89.519  -29.762 0.0000000000
6051  -18.072  -89.295  -29.804 0.0000000000
6058  -5.067  -88.487  -31.283 0.0000000000
6059  -5.080  -88.949  -30.685 0.0000000000
6076  -5.228  -88.478  -31.607 0.0000000000
6082  -16.961  -89.415  -31.278 0.0000000000
6096  -5.949  -89.303  -32.150 0.0000000000
6101  -15.806  -89.184  -32.761 0.0000000000
6102  -16.214  -88.730  -32.314 0.0000000000
6119  -10.307  -89.058  -33.946 0.0000000000
6120  -11.141  -88.677  -33.358 0.0000000000
6121  -14.938  -89.181  -33.792 0.0000000000
6131  -7.150  -88.967  -35.092 0.0000000000
6132  -9.896  -89.711  -34.820 0.0000000000
6143  -6.975  -89.834  -35.350 0.0000000000
6146  -10.459  -89.051  -35.741 0.0000000000
6147  -13.427  -89.108  -35.842 0.0000000000
6156  -9.925  -90.002  -36.110 0.0000000000
6157  -10.413  -89.543  -36.539 0.0000000000
6159  -13.377  -89.484  -36.444 0.0000000000
6171  -12.350  -89.180  -37.611 0.0000000000
6172  -13.168  -89.568  -37.255 0.0000000000
6180  -7.767  -89.434  -38.178 0.0000000000
6181  -8.031  -89.455  -38.798 0.0000000000
6182  -10.523  -90.142  -37.815 0.0000000000
6183  -10.991  -89.935  -38.005 0.0000000000
6192  -8.918  -89.604  -39.822 0.0000000000
6193  -11.368  -90.151  -38.444 0.0000000000
6194  -11.760  -90.152  -38.552 0.0000000000
6204  -8.919  -89.145  -39.988 0.0000000000
6219  -12.301  -88.963  -42.127 0.0000000000
6631  -3.250  -88.617  -18.314 0.0000000000
6664  -4.976  -89.115  -20.174 0.0000000000
6665  -5.461  -89.476  -20.562 0.0000000000
6676  -4.646  -88.657  -21.225 0.0000000000
6678  -5.963  -88.791  -21.729 0.0000000000
6689  -4.260  -88.598  -22.222 0.0000000000
6691  -5.730  -88.805  -22.155 0.0000000000
6692  -14.974  -89.092  -22.955 0.0000000000
6704  -4.252  -88.856  -22.835 0.0000000000
6705  -14.929  -89.040  -23.318 0.0000000000
6706  -15.412  -88.508  -23.435 0.0000000000
6708  -17.039  -88.217  -23.423 0.0000000000
6739  -9.579  -88.608  -24.630 0.0000000000
6740  -10.416  -88.634  -24.145 0.0000000000
6753  -4.544  -88.248  -25.997 0.0000000000
6755  -5.409  -88.346  -26.967 0.0000000000
6773  -5.291  -89.218  -27.212 0.0000000000
6774  -5.747  -88.812  -27.197 0.0000000000
6794  -4.913  -88.122  -30.467 0.0000000000
6795  -5.038  -88.243  -30.134 0.0000000000
6796  -5.624  -88.320  -29.813 0.0000000000
6801  -15.370  -88.812  -29.346 0.0000000000
6805  -4.922  -88.062  -30.840 0.0000000000
6807  -6.233  -88.610  -29.927 0.0000000000
6811  -14.872  -88.814  -30.278 0.0000000000
6814  -18.255  -87.517  -29.746 0.0000000000
6823  -13.557  -88.341  -31.635 0.0000000000
6839  -5.354  -87.772  -32.156 0.0000000000
6840  -6.019  -88.194  -32.550 0.0000000000
6841  -6.664  -88.347  -33.343 0.0000000000
6842  -11.869  -88.141  -32.970 0.0000000000
6844  -13.204  -87.920  -31.957 0.0000000000
6845  -15.797  -88.097  -32.823 0.0000000000
6862  -7.233  -88.525  -34.199 0.0000000000
6863  -7.520  -88.163  -34.562 0.0000000000
6866  -14.595  -88.155  -33.981 0.0000000000
6879  -7.187  -88.887  -34.732 0.0000000000
6880  -7.381  -88.533  -34.840 0.0000000000
6881  -10.746  -88.233  -34.603 0.0000000000
6882  -11.109  -88.050  -35.152 0.0000000000
6883  -13.564  -88.144  -34.817 0.0000000000
6891  -7.345  -88.602  -35.436 0.0000000000
6892  -10.737  -88.500  -35.407 0.0000000000
6894  -11.990  -88.122  -35.816 0.0000000000
6902  -7.311  -88.684  -36.195 0.0000000000
6903  -7.619  -88.312  -36.692 0.0000000000
6904  -10.928  -88.839  -36.074 0.0000000000
6905  -11.576  -88.643  -36.441 0.0000000000
6907  -13.041  -88.846  -36.348 0.0000000000
6915  -7.471  -88.889  -36.999 0.0000000000
6917  -12.086  -88.807  -36.987 0.0000000000
6918  -12.743  -88.908  -36.952 0.0000000000
6927  -7.705  -88.940  -37.726 0.0000000000
6945  -9.712  -88.053  -39.780 0.0000000000
6963  -11.050  -88.466  -40.925 0.0000000000
6979  -11.504  -88.998  -41.369 0.0000000000
6980  -12.049  -88.403  -41.568 0.0000000000
7367  -2.792  -88.113  -17.976 0.0000000000
7381  -2.717  -87.377  -18.829 0.0000000000
7398  -3.131  -88.081  -19.122 0.0000000000
7408  -2.868  -87.308  -20.076 0.0000000000
7418  -2.911  -87.379  -20.658 0.0000000000
7438  -16.568  -87.423  -23.801 0.0000000000
7450  -18.049  -87.581  -24.349 0.0000000000
7460  -4.312  -87.485  -25.269 0.0000000000
7461  -4.467  -87.178  -25.696 0.0000000000
7463  -10.269  -88.155  -24.063 0.0000000000
7464  -12.722  -87.653  -25.822 0.0000000000
7465  -16.199  -87.057  -25.601 0.0000000000
7466  -16.663  -86.562  -25.772 0.0000000000
7467  -18.680  -87.557  -25.596 0.0000000000
7477  -6.617  -87.731  -26.294 0.0000000000
7480  -8.971  -88.191  -24.893 0.0000000000
7497  -12.232  -87.232  -28.229 0.0000000000
7499  -15.932  -87.788  -27.401 0.0000000000
7500  -19.085  -87.787  -27.592 0.0000000000
7515  -4.801  -87.851  -30.177 0.0000000000
7518  -10.127  -87.460  -30.217 0.0000000000
7527  -8.457  -87.340  -30.692 0.0000000000
7531  -17.847  -87.333  -30.320 0.0000000000
7540  -13.624  -87.532  -31.602 0.0000000000
7541  -14.254  -87.119  -31.143 0.0000000000
7542  -17.053  -87.283  -31.405 0.0000000000
7555  -4.808  -87.103  -32.019 0.0000000000
7558  -11.958  -87.564  -33.165 0.0000000000
7562  -16.324  -87.317  -32.076 0.0000000000
7580  -11.240  -87.724  -34.091 0.0000000000
7582  -12.629  -87.054  -33.734 0.0000000000
7584  -14.301  -87.181  -33.669 0.0000000000
7600  -8.091  -87.389  -35.450 0.0000000000
7601  -11.056  -87.884  -34.281 0.0000000000
7604  -13.037  -87.508  -34.555 0.0000000000
7612  -7.540  -88.168  -35.752 0.0000000000
7613  -7.903  -87.700  -35.818 0.0000000000
7614  -11.579  -87.928  -35.310 0.0000000000
7616  -12.567  -87.684  -34.925 0.0000000000
7624  -8.090  -87.682  -36.603 0.0000000000
7669  -9.059  -87.807  -38.928 0.0000000000
7670  -9.940  -87.357  -39.303 0.0000000000
7700  -12.135  -87.339  -41.363 0.0000000000
8109  -2.962  -86.216  -16.674 0.0000000000
8110  -3.291  -85.972  -16.243 0.0000000000
8123  -2.800  -86.095  -17.319 0.0000000000
8136  -6.632  -85.864  -19.235 0.0000000000
8137  -7.254  -86.220  -19.103 0.0000000000
8149  -2.649  -86.766  -19.586 0.0000000000
8150  -6.587  -85.887  -19.985 0.0000000000
8152  -7.575  -86.361  -19.546 0.0000000000
8164  -6.603  -85.951  -20.462 0.0000000000
8176  -3.032  -87.068  -22.035 0.0000000000
8178  -7.292  -86.502  -21.082 0.0000000000
8179  -8.255  -86.616  -21.138 0.0000000000
8190  -3.181  -86.757  -22.809 0.0000000000
8191  -6.656  -86.342  -21.770 0.0000000000
8208  -17.704  -87.041  -24.286 0.0000000000
8213  -3.816  -86.163  -24.636 0.0000000000
8214  -4.326  -85.873  -24.939 0.0000000000
8219  -12.712  -87.055  -24.459 0.0000000000
8221  -13.339  -86.313  -25.266 0.0000000000
8224  -18.340  -87.055  -24.932 0.0000000000
8240  -13.000  -86.917  -25.700 0.0000000000
8241  -13.297  -86.350  -25.631 0.0000000000
8243  -17.993  -86.448  -25.392 0.0000000000
8244  -18.400  -86.945  -25.242 0.0000000000
8253  -4.592  -87.034  -25.915 0.0000000000
8254  -5.136  -86.998  -26.056 0.0000000000
8280  -16.336  -86.384  -27.833 0.0000000000
8290  -4.374  -86.114  -28.907 0.0000000000
8293  -11.503  -86.844  -29.291 0.0000000000
8297  -16.294  -86.100  -28.762 0.0000000000
8298  -18.594  -86.336  -28.604 0.0000000000
8301  -4.102  -86.031  -29.160 0.0000000000
8310  -17.844  -86.003  -29.912 0.0000000000
8311  -18.118  -86.142  -29.601 0.0000000000
8323  -16.643  -85.989  -30.443 0.0000000000
8324  -17.591  -86.292  -30.315 0.0000000000
8325  -17.963  -86.338  -29.970 0.0000000000
8334  -14.810  -86.470  -31.441 0.0000000000
8349  -6.264  -86.102  -33.043 0.0000000000
8350  -12.848  -86.798  -33.004 0.0000000000
8351  -13.294  -86.744  -32.653 0.0000000000
8354  -15.992  -86.495  -32.025 0.0000000000
8373  -12.710  -86.860  -33.233 0.0000000000
8375  -13.845  -86.668  -33.155 0.0000000000
8376  -14.745  -86.680  -32.985 0.0000000000
8390  -8.095  -87.029  -34.525 0.0000000000
8411  -9.027  -86.516  -37.449 0.0000000000
8412  -9.532  -86.496  -38.012 0.0000000000
8432  -10.325  -86.041  -38.767 0.0000000000
8442  -10.246  -86.596  -38.938 0.0000000000
8453  -10.882  -86.405  -39.787 0.0000000000
8467  -11.941  -86.459  -41.053 0.0000000000
8897  -7.698  -85.415  -16.182 0.0000000000
8898  -8.184  -85.349  -15.765 0.0000000000
8916  -8.794  -85.368  -16.269 0.0000000000
8924  -2.915  -85.179  -17.504 0.0000000000
8925  -3.133  -85.380  -16.811 0.0000000000
8926  -6.583  -85.347  -17.845 0.0000000000
8941  -7.844  -86.143  -18.576 0.0000000000
8949  -8.093  -86.329  -19.510 0.0000000000
8963  -6.292  -85.428  -20.526 0.0000000000
8975  -9.359  -85.993  -21.200 0.0000000000
8976  -9.796  -85.338  -20.780 0.0000000000
8999  -3.032  -85.296  -23.240 0.0000000000
9000  -3.507  -85.275  -24.004 0.0000000000
9001  -4.353  -84.935  -24.089 0.0000000000
9002  -5.289  -85.299  -23.557 0.0000000000
9003  -6.096  -86.182  -23.517 0.0000000000
9004  -8.722  -86.899  -23.092 0.0000000000
9005  -9.387  -86.660  -22.641 0.0000000000
9013  -9.665  -86.849  -22.896 0.0000000000
9014  -12.173  -86.874  -23.649 0.0000000000
9016  -13.155  -86.393  -24.662 0.0000000000
9017  -13.335  -86.329  -25.017 0.0000000000
9025  -4.708  -85.980  -25.038 0.0000000000
9026  -5.228  -86.158  -24.958 0.0000000000
9027  -8.695  -87.213  -23.732 0.0000000000
9028  -9.435  -87.174  -23.447 0.0000000000
9044  -17.259  -85.726  -27.534 0.0000000000
9045  -17.702  -85.739  -27.199 0.0000000000
9057  -4.570  -85.339  -27.793 0.0000000000
9060  -12.822  -85.792  -27.715 0.0000000000
9061  -13.075  -85.935  -26.965 0.0000000000
9068  -4.078  -85.614  -28.765 0.0000000000
9070  -5.151  -85.782  -28.254 0.0000000000
9075  -16.722  -85.623  -29.028 0.0000000000
9076  -17.339  -85.484  -28.930 0.0000000000
9077  -18.069  -85.656  -28.911 0.0000000000
9080  -3.745  -85.445  -29.278 0.0000000000
9081  -6.684  -85.545  -29.612 0.0000000000
9082  -7.360  -85.631  -30.256 0.0000000000
9085  -11.773  -84.896  -29.300 0.0000000000
9088  -18.006  -85.789  -29.435 0.0000000000
9095  -8.841  -85.663  -30.705 0.0000000000
9097  -17.324  -85.847  -30.074 0.0000000000
9098  -17.557  -85.920  -30.057 0.0000000000
9113  -4.459  -85.399  -32.277 0.0000000000
9114  -5.168  -85.398  -32.680 0.0000000000
9115  -5.853  -85.574  -32.966 0.0000000000
9145  -7.369  -85.091  -34.249 0.0000000000
9147  -8.391  -86.469  -35.388 0.0000000000
9166  -8.197  -85.037  -36.585 0.0000000000
9185  -9.840  -85.799  -38.116 0.0000000000
9201  -10.237  -85.356  -39.001 0.0000000000
9210  -10.506  -85.260  -39.350 0.0000000000
9211  -10.853  -85.131  -39.633 0.0000000000
9221  -10.852  -85.728  -39.537 0.0000000000
9235  -11.734  -85.604  -40.727 0.0000000000
9627  -8.887  -84.344  -13.652 0.0000000000
9628  -9.646  -84.331  -13.594 0.0000000000
9645  -7.683  -84.416  -14.922 0.0000000000
9664  -8.795  -85.061  -15.101 0.0000000000
9673  -3.376  -84.777  -15.918 0.0000000000
9674  -6.542  -84.973  -17.425 0.0000000000
9675  -6.701  -84.609  -16.883 0.0000000000
9689  -3.250  -84.683  -16.454 0.0000000000
9691  -6.602  -84.047  -17.358 0.0000000000
9702  -6.275  -84.362  -18.482 0.0000000000
9707  -2.701  -84.592  -18.975 0.0000000000
9710  -10.635  -84.558  -19.521 0.0000000000
9724  -10.158  -84.913  -20.319 0.0000000000
9730  -5.582  -84.514  -21.622 0.0000000000
9743  -3.318  -84.449  -22.703 0.0000000000
9744  -4.182  -84.158  -22.905 0.0000000000
9745  -4.852  -84.336  -22.735 0.0000000000
9746  -5.365  -84.689  -22.306 0.0000000000
9748  -9.920  -85.908  -21.955 0.0000000000
9755  -4.612  -84.617  -23.344 0.0000000000
9761  -10.155  -86.623  -22.630 0.0000000000
9762  -10.479  -86.106  -22.279 0.0000000000
9788  -5.010  -84.350  -26.629 0.0000000000
9801  -4.734  -84.882  -27.158 0.0000000000
9803  -6.207  -84.057  -27.801 0.0000000000
9815  -13.608  -84.488  -27.725 0.0000000000
9820  -7.248  -84.782  -29.888 0.0000000000
9832  -3.374  -84.590  -30.467 0.0000000000
9835  -8.502  -85.114  -30.534 0.0000000000
9836  -8.972  -85.187  -30.616 0.0000000000
9847  -4.297  -84.401  -32.172 0.0000000000
9868  -5.806  -84.303  -33.383 0.0000000000
9899  -7.318  -84.565  -35.640 0.0000000000
9935  -7.804  -84.297  -37.189 0.0000000000
9936  -8.594  -84.585  -37.739 0.0000000000
9946  -9.007  -84.343  -38.622 0.0000000000
9960  -9.767  -84.363  -39.521 0.0000000000
9961  -10.344  -84.459  -39.765 0.0000000000
9976  -10.913  -84.061  -40.155 0.0000000000
10417  -9.386  -82.982  -12.740 0.0000000000
10428  -8.369  -83.775  -13.754 0.0000000000
10430  -10.253  -83.939  -13.127 0.0000000000
10448  -7.795  -83.883  -14.380 0.0000000000
10450  -11.592  -83.705  -14.292 0.0000000000
10463  -7.285  -84.014  -15.270 0.0000000000
10492  -6.526  -83.739  -17.645 0.0000000000
10516  -13.417  -83.300  -19.157 0.0000000000
10517  -13.847  -82.976  -19.667 0.0000000000
10530  -3.433  -82.966  -20.899 0.0000000000
10531  -4.276  -82.863  -21.056 0.0000000000
10533  -5.676  -83.876  -20.705 0.0000000000
10538  -13.633  -83.317  -19.839 0.0000000000
10552  -4.526  -83.382  -21.747 0.0000000000
10553  -5.251  -83.958  -21.693 0.0000000000
10555  -10.879  -84.661  -20.832 0.0000000000
10556  -11.747  -84.317  -21.266 0.0000000000
10557  -12.323  -83.909  -21.266 0.0000000000
10565  -3.302  -83.789  -21.976 0.0000000000
10570  -11.455  -84.593  -21.569 0.0000000000
10574  -10.838  -85.022  -21.779 0.0000000000
10575  -11.367  -84.803  -22.201 0.0000000000
10579  -10.822  -85.358  -22.094 0.0000000000
10582  -12.662  -84.747  -22.842 0.0000000000
10589  -4.759  -83.285  -25.658 0.0000000000
10591  -10.932  -85.810  -22.278 0.0000000000
10593  -12.324  -85.464  -22.848 0.0000000000
10610  -5.253  -83.651  -26.283 0.0000000000
10612  -6.691  -82.479  -27.079 0.0000000000
10614  -14.394  -83.366  -26.040 0.0000000000
10618  -6.365  -83.385  -27.406 0.0000000000
10620  -8.182  -82.363  -28.258 0.0000000000
10629  -10.017  -82.925  -29.153 0.0000000000
10641  -11.249  -83.562  -29.378 0.0000000000
10662  -4.497  -83.596  -32.063 0.0000000000
10663  -4.762  -83.349  -32.272 0.0000000000
10672  -5.028  -83.462  -32.583 0.0000000000
10709  -5.543  -83.077  -34.014 0.0000000000
10730  -6.617  -84.097  -35.974 0.0000000000
10748  -6.241  -83.156  -36.618 0.0000000000
10775  -9.098  -83.780  -39.302 0.0000000000
10776  -9.482  -84.128  -39.434 0.0000000000
10791  -9.266  -83.594  -39.588 0.0000000000
10792  -9.576  -83.740  -39.728 0.0000000000
10806  -10.837  -83.429  -40.281 0.0000000000
11270  -13.269  -82.611  -12.178 0.0000000000
11289  -13.488  -82.536  -12.942 0.0000000000
11304  -7.573  -83.456  -14.879 0.0000000000
11306  -8.573  -82.607  -13.810 0.0000000000
11322  -7.618  -82.626  -15.165 0.0000000000
11323  -12.612  -83.006  -15.176 0.0000000000
11332  -2.363  -82.152  -16.139 0.0000000000
11334  -7.379  -82.135  -15.613 0.0000000000
11335  -12.702  -83.000  -15.705 0.0000000000
11350  -6.709  -82.610  -16.664 0.0000000000
11352  -13.325  -82.505  -16.954 0.0000000000
11358  -6.042  -82.881  -17.966 0.0000000000
11361  -13.391  -82.492  -17.792 0.0000000000
11367  -3.613  -82.199  -19.637 0.0000000000
11371  -13.639  -82.615  -18.578 0.0000000000
11373  -14.632  -81.719  -20.100 0.0000000000
11378  -2.834  -83.123  -19.842 0.0000000000
11383  -12.676  -83.584  -21.302 0.0000000000
11401  -13.309  -83.062  -21.795 0.0000000000
11403  -14.250  -82.447  -20.950 0.0000000000
11414  -12.068  -84.301  -21.932 0.0000000000
11415  -12.488  -83.967  -21.800 0.0000000000
11416  -13.135  -83.414  -21.975 0.0000000000
11424  -3.957  -82.074  -23.820 0.0000000000
11425  -4.655  -82.121  -23.904 0.0000000000
11427  -5.465  -81.473  -24.561 0.0000000000
11429  -12.293  -84.212  -22.036 0.0000000000
11442  -4.213  -82.368  -24.444 0.0000000000
11443  -4.771  -82.276  -24.658 0.0000000000
11445  -11.795  -84.774  -22.343 0.0000000000
11446  -12.386  -84.450  -22.441 0.0000000000
11448  -13.563  -83.059  -23.766 0.0000000000
11464  -6.448  -81.580  -26.410 0.0000000000
11480  -3.161  -82.633  -25.903 0.0000000000
11492  -7.536  -81.951  -27.501 0.0000000000
11495  -10.311  -81.765  -28.106 0.0000000000
11530  -3.377  -83.147  -30.333 0.0000000000
11540  -4.847  -83.081  -32.396 0.0000000000
11550  -4.652  -82.417  -32.493 0.0000000000
11551  -4.897  -82.737  -32.778 0.0000000000
11568  -5.161  -82.665  -33.504 0.0000000000
11607  -5.996  -82.320  -36.571 0.0000000000
11619  -6.513  -81.987  -37.302 0.0000000000
11637  -8.688  -82.689  -39.246 0.0000000000
11654  -9.543  -82.747  -39.963 0.0000000000
12187  -13.426  -81.914  -10.816 0.0000000000
12188  -14.146  -81.438  -10.931 0.0000000000
12217  -3.075  -81.510  -14.145 0.0000000000
12218  -3.710  -81.254  -13.853 0.0000000000
12225  -14.864  -81.571  -12.997 0.0000000000
12237  -2.784  -81.504  -14.685 0.0000000000
12243  -12.761  -82.770  -14.905 0.0000000000
12247  -15.086  -81.527  -13.716 0.0000000000
12261  -8.302  -81.332  -14.683 0.0000000000
12263  -13.474  -81.932  -15.885 0.0000000000
12292  -2.928  -81.608  -17.420 0.0000000000
12302  -3.877  -81.584  -18.543 0.0000000000
12303  -4.455  -81.612  -18.496 0.0000000000
12304  -5.155  -81.848  -18.233 0.0000000000
12306  -6.196  -82.445  -17.035 0.0000000000
12308  -14.094  -81.090  -18.633 0.0000000000
12313  -4.121  -81.802  -19.153 0.0000000000
12314  -4.830  -81.924  -19.050 0.0000000000
12315  -5.346  -82.229  -18.805 0.0000000000
12318  -14.692  -81.221  -19.859 0.0000000000
12324  -15.278  -80.728  -21.114 0.0000000000
12338  -13.449  -82.424  -22.209 0.0000000000
12355  -4.012  -81.150  -22.574 0.0000000000
12359  -7.233  -80.022  -23.471 0.0000000000
12361  -13.517  -82.113  -22.564 0.0000000000
12379  -13.482  -82.712  -22.966 0.0000000000
12391  -5.687  -81.215  -25.137 0.0000000000
12396  -15.246  -81.117  -24.243 0.0000000000
12408  -6.205  -81.163  -25.843 0.0000000000
12413  -15.365  -80.858  -24.766 0.0000000000
12427  -8.396  -80.972  -27.179 0.0000000000
12430  -10.927  -80.896  -27.123 0.0000000000
12444  -3.194  -81.542  -27.496 0.0000000000
12445  -8.976  -81.283  -27.615 0.0000000000
12447  -10.487  -81.237  -27.581 0.0000000000
12450  -13.663  -81.537  -27.777 0.0000000000
12462  -3.321  -81.576  -28.259 0.0000000000
12464  -12.161  -81.907  -28.411 0.0000000000
12526  -4.575  -81.846  -33.392 0.0000000000
12584  -6.975  -81.180  -37.670 0.0000000000
12601  -8.011  -81.740  -38.628 0.0000000000
12602  -8.359  -81.759  -38.818 0.0000000000
13070  -12.102  -80.212  -9.479 0.0000000000
13071  -12.339  -80.492  -9.555 0.0000000000
13123  -9.423  -80.069  -12.555 0.0000000000
13124  -15.269  -81.144  -12.321 0.0000000000
13125  -15.528  -80.782  -12.987 0.0000000000
13139  -8.881  -80.810  -13.939 0.0000000000
13144  -16.612  -80.192  -14.461 0.0000000000
13179  -2.872  -80.695  -17.033 0.0000000000
13182  -7.514  -81.235  -15.281 0.0000000000
13183  -13.669  -80.499  -17.022 0.0000000000
13199  -5.507  -80.961  -16.941 0.0000000000
13200  -6.095  -81.365  -16.595 0.0000000000
13201  -6.466  -81.533  -16.190 0.0000000000
13206  -3.730  -81.360  -18.138 0.0000000000
13209  -5.212  -81.488  -17.414 0.0000000000
13212  -13.935  -80.354  -18.725 0.0000000000
13215  -14.177  -80.386  -19.120 0.0000000000
13222  -4.654  -79.866  -20.990 0.0000000000
13224  -15.225  -80.342  -20.820 0.0000000000
13236  -3.913  -79.949  -21.409 0.0000000000
13237  -4.338  -80.039  -21.297 0.0000000000
13240  -7.217  -79.858  -21.957 0.0000000000
13296  -15.405  -80.437  -24.377 0.0000000000
13312  -12.881  -79.799  -25.967 0.0000000000
13324  -3.512  -80.577  -26.866 0.0000000000
13325  -3.736  -79.959  -27.161 0.0000000000
13327  -10.329  -80.351  -26.597 0.0000000000
13330  -13.548  -80.237  -26.616 0.0000000000
13340  -3.386  -80.754  -27.659 0.0000000000
13360  -3.481  -81.101  -28.517 0.0000000000
13365  -3.974  -80.671  -30.127 0.0000000000
13398  -4.513  -80.916  -33.992 0.0000000000
13410  -4.826  -80.378  -34.731 0.0000000000
13421  -6.312  -79.942  -36.445 0.0000000000
13459  -7.156  -80.671  -37.528 0.0000000000
13904  -4.486  -79.251  -10.261 0.0000000000
13916  -5.107  -79.443  -10.852 0.0000000000
13929  -3.624  -79.520  -12.170 0.0000000000
13934  -11.095  -79.947  -9.663 0.0000000000
13956  -14.903  -79.862  -10.979 0.0000000000
13958  -15.809  -80.047  -12.207 0.0000000000
13971  -4.265  -80.066  -13.394 0.0000000000
13973  -9.513  -79.907  -12.306 0.0000000000
13975  -16.531  -79.656  -13.541 0.0000000000
13976  -16.796  -79.211  -13.943 0.0000000000
13987  -17.111  -79.383  -14.511 0.0000000000
13999  -3.438  -79.444  -15.355 0.0000000000
14001  -7.986  -80.029  -14.690 0.0000000000
14002  -8.500  -80.502  -14.431 0.0000000000
14009  -18.211  -78.731  -16.020 0.0000000000
14022  -3.109  -79.977  -16.797 0.0000000000
14024  -4.950  -79.404  -16.546 0.0000000000
14025  -5.805  -79.726  -16.380 0.0000000000
14026  -6.401  -80.317  -16.094 0.0000000000
14027  -6.933  -80.529  -15.616 0.0000000000
14028  -7.448  -80.665  -15.211 0.0000000000
14031  -16.322  -79.276  -17.233 0.0000000000
14045  -3.687  -80.138  -17.214 0.0000000000
14046  -4.475  -79.962  -17.141 0.0000000000
14051  -16.759  -79.123  -17.522 0.0000000000
14052  -17.445  -79.177  -17.681 0.0000000000
14057  -13.632  -79.732  -18.998 0.0000000000
14058  -17.671  -78.958  -18.112 0.0000000000
14064  -5.379  -78.926  -20.174 0.0000000000
14069  -9.460  -78.413  -19.986 0.0000000000
14071  -14.483  -79.933  -20.135 0.0000000000
14079  -3.704  -79.434  -20.908 0.0000000000
14080  -4.170  -79.575  -20.836 0.0000000000
14081  -5.083  -79.467  -20.771 0.0000000000
14082  -5.843  -79.195  -20.692 0.0000000000
14089  -15.293  -79.589  -21.171 0.0000000000
14100  -3.972  -79.833  -21.175 0.0000000000
14102  -6.101  -79.495  -21.193 0.0000000000
14164  -15.035  -79.519  -24.243 0.0000000000
14165  -15.413  -79.921  -24.084 0.0000000000
14176  -13.184  -79.502  -25.348 0.0000000000
14179  -15.290  -79.948  -24.590 0.0000000000
14188  -3.705  -79.551  -26.629 0.0000000000
14237  -3.513  -79.104  -31.306 0.0000000000
14250  -3.584  -79.124  -31.998 0.0000000000
14251  -3.848  -79.621  -32.660 0.0000000000
14265  -4.260  -79.526  -33.590 0.0000000000
14775  -2.648  -78.330  -11.761 0.0000000000
14777  -3.774  -79.045  -10.244 0.0000000000
14778  -9.882  -78.582  -10.008 0.0000000000
14786  -2.728  -78.329  -12.495 0.0000000000
14803  -9.742  -78.996  -11.397 0.0000000000
14806  -16.086  -79.600  -12.309 0.0000000000
14818  -3.592  -78.860  -13.718 0.0000000000
14819  -7.264  -78.075  -13.494 0.0000000000
14821  -8.581  -79.039  -12.939 0.0000000000
14822  -16.220  -79.002  -12.098 0.0000000000
14838  -17.503  -78.615  -14.606 0.0000000000
14849  -4.476  -78.207  -15.352 0.0000000000
14854  -13.949  -78.248  -15.877 0.0000000000
14857  -17.909  -78.365  -15.024 0.0000000000
14872  -3.965  -78.729  -15.690 0.0000000000
14877  -13.175  -78.364  -16.781 0.0000000000
14890  -12.997  -78.495  -17.227 0.0000000000
14891  -16.422  -78.661  -17.487 0.0000000000
14892  -17.091  -78.589  -18.019 0.0000000000
14900  -6.321  -77.729  -19.097 0.0000000000
14901  -7.304  -77.654  -19.170 0.0000000000
14902  -8.191  -77.738  -19.149 0.0000000000
14903  -8.914  -77.964  -19.040 0.0000000000
14905  -9.616  -77.763  -19.250 0.0000000000
14908  -17.320  -78.356  -18.324 0.0000000000
14909  -17.700  -78.508  -18.470 0.0000000000
14910  -18.477  -78.573  -18.277 0.0000000000
14911  -19.218  -77.995  -18.385 0.0000000000
14917  -3.748  -78.554  -19.892 0.0000000000
14923  -9.233  -78.225  -19.549 0.0000000000
14927  -17.938  -78.131  -18.910 0.0000000000
14928  -18.285  -78.229  -18.916 0.0000000000
14941  -10.552  -78.318  -20.368 0.0000000000
14944  -15.285  -79.120  -21.503 0.0000000000
14955  -3.193  -78.701  -21.622 0.0000000000
14960  -15.285  -78.763  -21.926 0.0000000000
14975  -12.625  -78.597  -22.593 0.0000000000
14978  -15.000  -78.522  -22.497 0.0000000000
14991  -12.910  -78.642  -23.078 0.0000000000
14992  -13.558  -78.586  -23.280 0.0000000000
15024  -3.618  -78.662  -26.439 0.0000000000
15036  -3.667  -78.778  -27.285 0.0000000000
15046  -3.707  -78.985  -27.891 0.0000000000
15084  -3.886  -78.584  -32.412 0.0000000000
15101  -4.645  -78.658  -33.894 0.0000000000
15117  -5.666  -78.247  -35.080 0.0000000000
15665  -9.104  -77.285  -9.672 0.0000000000
15666  -9.706  -77.217  -9.416 0.0000000000
15667  -10.176  -76.971  -9.329 0.0000000000
15679  -11.351  -77.737  -9.265 0.0000000000
15680  -12.238  -77.733  -9.512 0.0000000000
15699  -2.740  -77.780  -12.963 0.0000000000
15700  -2.891  -78.250  -13.162 0.0000000000
15701  -6.631  -77.188  -12.628 0.0000000000
15702  -7.150  -77.406  -12.218 0.0000000000
15704  -8.685  -78.116  -11.823 0.0000000000
15707  -16.208  -77.450  -12.047 0.0000000000
15720  -3.220  -78.115  -13.521 0.0000000000
15723  -7.475  -77.804  -12.708 0.0000000000
15727  -17.303  -78.026  -14.148 0.0000000000
15739  -3.902  -77.873  -14.148 0.0000000000
15742  -6.143  -77.515  -13.938 0.0000000000
15743  -6.700  -77.850  -13.738 0.0000000000
15756  -4.898  -77.632  -14.967 0.0000000000
15757  -5.696  -77.723  -14.805 0.0000000000
15758  -6.166  -77.852  -14.618 0.0000000000
15761  -15.022  -77.755  -15.905 0.0000000000
15776  -12.927  -78.022  -16.941 0.0000000000
15777  -13.199  -77.487  -16.818 0.0000000000
15786  -4.947  -76.387  -18.168 0.0000000000
15788  -6.543  -76.648  -18.401 0.0000000000
15793  -12.920  -77.796  -17.243 0.0000000000
15803  -2.862  -76.543  -18.637 0.0000000000
15810  -9.210  -77.440  -19.131 0.0000000000
15815  -17.664  -77.812  -18.969 0.0000000000
15816  -19.787  -77.045  -18.559 0.0000000000
15817  -20.187  -76.776  -19.065 0.0000000000
15827  -10.604  -77.458  -20.099 0.0000000000
15830  -13.996  -78.460  -20.080 0.0000000000
15869  -12.866  -77.199  -21.303 0.0000000000
15871  -14.595  -77.750  -21.015 0.0000000000
15884  -2.622  -77.148  -21.821 0.0000000000
16004  -3.890  -78.028  -32.159 0.0000000000
16033  -4.932  -78.137  -34.106 0.0000000000
16607  -3.908  -75.679  -8.707 0.0000000000
16618  -3.981  -75.914  -8.966 0.0000000000
16620  -8.616  -76.722  -9.653 0.0000000000
16621  -9.342  -76.645  -9.551 0.0000000000
16631  -6.493  -76.222  -10.834 0.0000000000
16632  -7.324  -76.646  -10.382 0.0000000000
16633  -7.992  -77.059  -9.978 0.0000000000
16645  -6.879  -76.877  -11.387 0.0000000000
16656  -2.840  -76.792  -12.680 0.0000000000
16673  -2.914  -77.302  -13.143 0.0000000000
16677  -5.722  -76.869  -13.273 0.0000000000
16678  -16.251  -76.868  -12.450 0.0000000000
16690  -4.130  -77.213  -13.874 0.0000000000
16691  -4.723  -76.944  -13.922 0.0000000000
16693  -5.786  -77.097  -13.690 0.0000000000
16694  -17.890  -76.963  -14.499 0.0000000000
16700  -13.747  -76.539  -16.640 0.0000000000
16704  -18.840  -76.602  -15.669 0.0000000000
16711  -5.721  -75.207  -18.094 0.0000000000
16714  -7.755  -75.504  -18.333 0.0000000000
16718  -15.426  -77.087  -16.000 0.0000000000
16720  -19.484  -76.207  -16.989 0.0000000000
16727  -3.824  -76.003  -17.776 0.0000000000
16729  -5.303  -75.700  -18.126 0.0000000000
16731  -7.128  -76.155  -18.431 0.0000000000
16733  -8.784  -76.209  -18.579 0.0000000000
16748  -3.886  -76.751  -18.009 0.0000000000
16749  -9.841  -76.178  -19.191 0.0000000000
16750  -13.381  -76.207  -18.676 0.0000000000
16753  -19.859  -76.023  -18.156 0.0000000000
16762  -10.558  -76.534  -19.645 0.0000000000
16768  -20.321  -76.441  -19.547 0.0000000000
16781  -2.596  -76.150  -20.215 0.0000000000
16784  -12.082  -76.161  -20.562 0.0000000000
16785  -13.050  -76.372  -20.704 0.0000000000
16788  -19.799  -76.482  -20.452 0.0000000000
16809  -13.714  -76.791  -20.770 0.0000000000
16820  -2.557  -76.811  -21.855 0.0000000000
16900  -3.046  -76.002  -26.636 0.0000000000
16908  -3.344  -75.818  -27.590 0.0000000000
17661  -3.847  -75.261  -8.546 0.0000000000
17672  -3.639  -75.606  -9.381 0.0000000000
17674  -7.689  -75.709  -9.826 0.0000000000
17675  -8.434  -75.832  -9.673 0.0000000000
17677  -9.594  -76.088  -9.675 0.0000000000
17684  -2.975  -75.840  -10.129 0.0000000000
17685  -5.687  -75.020  -10.922 0.0000000000
17688  -8.893  -75.498  -9.820 0.0000000000
17699  -2.763  -75.904  -11.029 0.0000000000
17700  -2.765  -75.286  -10.740 0.0000000000
17702  -5.981  -75.947  -11.210 0.0000000000
17703  -9.888  -75.267  -10.326 0.0000000000
17704  -10.512  -75.327  -10.448 0.0000000000
17705  -11.389  -75.621  -10.497 0.0000000000
17718  -4.989  -75.349  -11.949 0.0000000000
17725  -3.678  -76.442  -13.109 0.0000000000
17727  -4.634  -75.998  -12.592 0.0000000000
17740  -9.521  -74.547  -17.825 0.0000000000
17741  -10.108  -74.637  -17.503 0.0000000000
17745  -14.020  -75.735  -16.158 0.0000000000
17757  -4.973  -75.142  -17.877 0.0000000000
17758  -5.382  -74.931  -17.914 0.0000000000
17759  -6.227  -74.855  -18.047 0.0000000000
17760  -7.319  -74.806  -18.139 0.0000000000
17764  -11.095  -75.247  -16.706 0.0000000000
17765  -11.609  -75.339  -16.645 0.0000000000
17769  -19.789  -75.533  -16.975 0.0000000000
17782  -4.625  -75.440  -17.880 0.0000000000
17786  -11.804  -75.259  -17.302 0.0000000000
17787  -13.114  -75.733  -18.174 0.0000000000
17791  -20.139  -75.081  -17.939 0.0000000000
17798  -2.912  -75.464  -18.124 0.0000000000
17799  -3.325  -75.577  -17.838 0.0000000000
17801  -11.088  -75.438  -18.880 0.0000000000
17815  -2.628  -75.278  -18.883 0.0000000000
17818  -12.715  -75.472  -19.429 0.0000000000
17819  -13.352  -75.876  -19.322 0.0000000000
17821  -18.645  -76.252  -20.704 0.0000000000
17843  -13.227  -75.929  -19.962 0.0000000000
17846  -18.927  -75.778  -21.225 0.0000000000
17866  -20.180  -75.501  -21.224 0.0000000000
17924  -3.331  -75.375  -26.082 0.0000000000
17967  -3.673  -75.319  -28.041 0.0000000000
18715  -3.952  -74.935  -9.035 0.0000000000
18730  -3.762  -75.184  -9.246 0.0000000000
18732  -8.619  -75.348  -9.845 0.0000000000
18741  -2.756  -74.674  -10.830 0.0000000000
18743  -5.950  -74.717  -10.762 0.0000000000
18744  -6.647  -74.706  -10.512 0.0000000000
18746  -8.853  -74.978  -10.256 0.0000000000
18747  -9.498  -75.100  -10.383 0.0000000000
18754  -2.768  -74.954  -11.299 0.0000000000
18755  -2.765  -74.928  -10.825 0.0000000000
18756  -5.480  -74.564  -11.283 0.0000000000
18758  -7.237  -74.067  -10.976 0.0000000000
18764  -13.136  -75.386  -11.121 0.0000000000
18770  -5.006  -74.366  -11.789 0.0000000000
18775  -12.467  -74.370  -11.496 0.0000000000
18786  -17.962  -74.964  -14.283 0.0000000000
18793  -9.814  -74.371  -17.444 0.0000000000
18796  -11.392  -75.087  -15.800 0.0000000000
18800  -15.156  -75.196  -15.765 0.0000000000
18811  -4.341  -74.226  -17.515 0.0000000000
18817  -9.791  -74.102  -16.994 0.0000000000
18819  -12.061  -75.262  -16.560 0.0000000000
18836  -3.397  -74.403  -17.883 0.0000000000
18837  -3.996  -74.588  -17.628 0.0000000000
18838  -4.423  -74.998  -17.713 0.0000000000
18840  -12.791  -75.448  -17.698 0.0000000000
18842  -16.184  -75.225  -17.881 0.0000000000
18852  -12.358  -75.261  -17.795 0.0000000000
18855  -16.936  -75.538  -19.285 0.0000000000
18863  -2.695  -74.374  -19.312 0.0000000000
18864  -3.007  -73.951  -19.805 0.0000000000
18867  -17.381  -75.609  -19.895 0.0000000000
18869  -21.374  -73.927  -19.742 0.0000000000
18905  -4.201  -74.611  -20.652 0.0000000000
19826  -2.738  -74.429  -10.604 0.0000000000
19832  -5.303  -74.024  -11.655 0.0000000000
19838  -2.866  -74.171  -11.567 0.0000000000
19845  -9.223  -73.727  -12.769 0.0000000000
19851  -14.760  -74.200  -12.048 0.0000000000
19860  -7.701  -73.148  -13.202 0.0000000000
19863  -10.186  -72.978  -13.382 0.0000000000
19873  -16.973  -73.958  -13.606 0.0000000000
19882  -9.895  -74.127  -16.690 0.0000000000
19883  -10.080  -74.156  -16.242 0.0000000000
19884  -10.827  -74.174  -15.603 0.0000000000
19895  -4.007  -73.965  -17.461 0.0000000000
19896  -4.446  -73.852  -17.324 0.0000000000
19906  -14.594  -73.853  -16.560 0.0000000000
19923  -6.987  -73.111  -17.739 0.0000000000
19929  -15.976  -74.717  -17.795 0.0000000000
19940  -2.828  -73.782  -18.707 0.0000000000
19942  -8.580  -73.062  -18.205 0.0000000000
19990  -21.563  -73.501  -20.522 0.0000000000
19991  -21.893  -73.380  -20.038 0.0000000000
20976  -14.364  -73.319  -12.252 0.0000000000
20989  -4.836  -72.197  -13.210 0.0000000000
21013  -6.321  -71.523  -14.297 0.0000000000
21014  -6.945  -71.825  -14.378 0.0000000000
21016  -8.836  -72.260  -14.384 0.0000000000
21017  -9.694  -72.226  -14.217 0.0000000000
21018  -10.313  -72.152  -13.956 0.0000000000
21022  -18.444  -73.013  -14.249 0.0000000000
21031  -20.819  -72.302  -15.295 0.0000000000
21036  -4.771  -73.171  -17.187 0.0000000000
21038  -6.152  -73.130  -17.264 0.0000000000
21042  -13.931  -72.910  -16.829 0.0000000000
21056  -3.408  -73.527  -18.022 0.0000000000
21058  -4.263  -72.627  -17.607 0.0000000000
21062  -7.771  -72.780  -18.323 0.0000000000
21063  -9.652  -73.163  -17.580 0.0000000000
21064  -10.258  -72.954  -17.286 0.0000000000
21066  -12.238  -72.514  -17.371 0.0000000000
21081  -3.100  -73.310  -18.333 0.0000000000
21082  -3.115  -72.592  -18.461 0.0000000000
21083  -6.629  -72.028  -18.289 0.0000000000
21084  -7.385  -72.320  -18.578 0.0000000000
21085  -8.257  -72.641  -18.731 0.0000000000
21093  -22.483  -72.860  -17.802 0.0000000000
21094  -22.954  -72.610  -18.199 0.0000000000
21115  -15.157  -72.498  -20.016 0.0000000000
21137  -15.508  -72.169  -20.574 0.0000000000
21152  -17.663  -73.000  -22.261 0.0000000000
22075  -3.940  -71.168  -13.175 0.0000000000
22079  -11.490  -71.786  -13.857 0.0000000000
22080  -12.412  -71.753  -13.774 0.0000000000
22094  -4.960  -70.738  -14.156 0.0000000000
22097  -7.562  -71.599  -15.055 0.0000000000
22117  -8.216  -71.228  -15.582 0.0000000000
22118  -9.163  -71.298  -15.459 0.0000000000
22120  -10.962  -71.157  -14.984 0.0000000000
22121  -11.517  -71.150  -14.811 0.0000000000
22147  -4.373  -71.715  -17.650 0.0000000000
22149  -5.945  -71.701  -18.018 0.0000000000
22165  -4.744  -71.125  -17.722 0.0000000000
22170  -23.601  -72.125  -18.072 0.0000000000
22193  -12.868  -71.933  -19.991 0.0000000000
22212  -12.437  -71.685  -20.611 0.0000000000
22214  -14.318  -71.624  -20.770 0.0000000000
22217  -22.612  -72.408  -20.628 0.0000000000
22226  -10.094  -71.531  -21.304 0.0000000000
22227  -10.955  -71.499  -21.336 0.0000000000
22240  -24.275  -71.107  -20.626 0.0000000000
22247  -17.336  -71.232  -22.670 0.0000000000
23119  -3.998  -70.619  -13.635 0.0000000000
23127  -3.851  -70.101  -13.751 0.0000000000
23129  -5.176  -70.431  -14.600 0.0000000000
23130  -5.801  -70.641  -14.992 0.0000000000
23131  -12.151  -71.004  -14.938 0.0000000000
23144  -6.197  -70.472  -15.800 0.0000000000
23145  -7.010  -70.657  -16.109 0.0000000000
23148  -9.790  -70.841  -15.931 0.0000000000
23168  -7.387  -70.286  -16.683 0.0000000000
23171  -10.377  -70.499  -16.452 0.0000000000
23173  -12.304  -70.135  -16.143 0.0000000000
23175  -14.297  -70.228  -16.422 0.0000000000
23196  -8.688  -69.886  -17.539 0.0000000000
23200  -15.618  -70.177  -17.662 0.0000000000
23216  -3.690  -70.644  -18.934 0.0000000000
23219  -6.318  -70.688  -18.986 0.0000000000
23222  -18.094  -70.056  -17.740 0.0000000000
23234  -5.963  -69.790  -19.140 0.0000000000
23248  -8.893  -71.376  -20.925 0.0000000000
23251  -26.352  -70.732  -20.533 0.0000000000
23268  -15.715  -70.930  -22.044 0.0000000000
23288  -15.399  -70.378  -22.403 0.0000000000
24179  -3.950  -69.774  -14.029 0.0000000000
24186  -6.127  -69.985  -16.322 0.0000000000
24189  -5.132  -68.661  -16.005 0.0000000000
24190  -5.461  -68.954  -16.314 0.0000000000
24191  -6.195  -69.427  -16.767 0.0000000000
24194  -11.402  -70.140  -16.926 0.0000000000
24200  -20.028  -69.637  -16.213 0.0000000000
24207  -6.265  -68.881  -17.291 0.0000000000
24210  -8.991  -69.637  -17.917 0.0000000000
24216  -14.960  -70.041  -17.874 0.0000000000
24225  -4.061  -70.002  -18.845 0.0000000000
24227  -8.630  -69.181  -18.383 0.0000000000
24243  -3.830  -69.911  -19.438 0.0000000000
24246  -6.115  -69.368  -19.484 0.0000000000
24250  -13.670  -69.462  -19.397 0.0000000000
24259  -26.963  -69.308  -19.122 0.0000000000
24263  -6.679  -69.431  -20.201 0.0000000000
24264  -7.121  -69.567  -20.967 0.0000000000
24273  -7.440  -69.325  -21.747 0.0000000000
24279  -26.483  -69.554  -20.934 0.0000000000
24286  -7.891  -69.136  -22.583 0.0000000000
24290  -12.169  -69.835  -23.052 0.0000000000
24299  -20.853  -69.442  -22.682 0.0000000000
24301  -22.481  -69.457  -22.501 0.0000000000
24306  -9.150  -68.748  -23.466 0.0000000000
24315  -17.273  -69.220  -23.128 0.0000000000
25223  -4.590  -68.289  -14.155 0.0000000000
25234  -4.990  -67.989  -15.715 0.0000000000
25237  -4.992  -68.433  -15.750 0.0000000000
25246  -5.798  -67.828  -17.058 0.0000000000
25260  -10.395  -69.100  -19.300 0.0000000000
25264  -26.875  -69.298  -18.298 0.0000000000
25277  -15.071  -69.129  -20.178 0.0000000000
25283  -20.202  -68.163  -19.179 0.0000000000
25284  -26.826  -69.370  -19.850 0.0000000000
25288  -4.199  -67.961  -20.194 0.0000000000
25308  -23.302  -68.715  -22.409 0.0000000000
25311  -26.111  -69.047  -21.016 0.0000000000
25319  -8.143  -68.383  -22.775 0.0000000000
25335  -10.232  -68.210  -23.685 0.0000000000
25338  -13.075  -68.570  -23.824 0.0000000000
25339  -13.981  -68.560  -23.840 0.0000000000
25353  -11.948  -67.895  -24.076 0.0000000000
25357  -15.056  -67.731  -24.200 0.0000000000
26270  -4.986  -67.718  -14.935 0.0000000000
26271  -5.757  -67.464  -14.859 0.0000000000
26314  -5.882  -67.488  -17.043 0.0000000000
26340  -20.484  -67.637  -19.526 0.0000000000
26352  -13.828  -67.813  -21.441 0.0000000000
26359  -26.623  -68.251  -20.717 0.0000000000
26366  -6.459  -67.350  -20.464 0.0000000000
26389  -9.225  -67.197  -22.948 0.0000000000
26403  -9.132  -67.705  -23.235 0.0000000000
26420  -12.211  -67.291  -24.172 0.0000000000
26427  -18.201  -66.910  -24.086 0.0000000000
27522  -7.461  -66.506  -21.425 0.0000000000
27549  -9.596  -66.184  -22.713 0.0000000000
27568  -9.576  -66.776  -22.944 0.0000000000
27571  -11.831  -66.170  -23.920 0.0000000000
27572  -18.446  -66.863  -24.035 0.0000000000
27586  -12.434  -66.491  -24.220 0.0000000000
27587  -13.252  -66.469  -24.475 0.0000000000
27594  -19.842  -65.761  -24.286 0.0000000000
28667  -6.326  -66.144  -20.596 0.0000000000
28714  -9.947  -65.528  -22.780 0.0000000000
28724  -24.002  -65.190  -22.189 0.0000000000
28736  -21.122  -65.205  -23.727 0.0000000000
28752  -20.098  -65.200  -24.452 0.0000000000
28764  -18.344  -64.975  -25.458 0.0000000000
29845  -28.087  -64.593  -19.024 0.0000000000
29865  -5.604  -64.910  -21.424 0.0000000000
29868  -7.824  -64.749  -21.428 0.0000000000
29869  -8.469  -64.736  -21.618 0.0000000000
29889  -8.992  -64.660  -21.827 0.0000000000
29907  -10.322  -64.858  -22.923 0.0000000000
29915  -22.035  -64.251  -23.313 0.0000000000
29923  -19.883  -64.881  -24.743 0.0000000000
29932  -16.190  -63.633  -25.395 0.0000000000
29933  -17.120  -63.920  -25.529 0.0000000000
29937  -20.095  -64.133  -24.959 0.0000000000
31017  -6.632  -64.020  -21.826 0.0000000000
31018  -7.407  -64.006  -21.616 0.0000000000
31038  -8.903  -63.730  -22.007 0.0000000000
31053  -11.605  -64.101  -23.041 0.0000000000
31062  -22.213  -63.324  -23.565 0.0000000000
31072  -21.045  -63.615  -24.424 0.0000000000
31081  -16.181  -62.793  -25.306 0.0000000000
31084  -18.585  -63.483  -25.573 0.0000000000
31085  -19.348  -63.701  -25.379 0.0000000000
31086  -19.892  -63.833  -25.116 0.0000000000
32090  -7.073  -63.250  -22.681 0.0000000000
32093  -9.262  -62.914  -22.658 0.0000000000
32096  -11.763  -62.739  -22.915 0.0000000000
32107  -8.441  -62.369  -23.314 0.0000000000
32108  -11.528  -62.188  -23.115 0.0000000000
32123  -7.429  -63.322  -23.726 0.0000000000
32143  -15.900  -62.419  -25.135 0.0000000000
33195  -9.474  -62.224  -23.104 0.0000000000
33210  -8.844  -61.892  -23.648 0.0000000000
33217  -21.976  -61.935  -23.844 0.0000000000
34249  -24.490  -60.217  -22.221 0.0000000000
34280  -9.815  -60.307  -24.515 0.0000000000
34283  -15.925  -60.067  -24.750 0.0000000000
34286  -18.311  -60.498  -25.321 0.0000000000
34287  -20.195  -60.956  -24.914 0.0000000000
34310  -9.109  -60.853  -24.690 0.0000000000
34313  -17.348  -60.819  -25.345 0.0000000000
34314  -17.923  -60.957  -25.434 0.0000000000
35322  -21.456  -59.673  -24.245 0.0000000000
35367  -18.635  -60.434  -25.303 0.0000000000
35368  -18.999  -60.451  -25.265 0.0000000000
36395  -14.182  -57.652  -23.230 0.0000000000
36399  -16.757  -57.867  -22.686 0.0000000000
36441  -16.077  -58.490  -23.615 0.0000000000
36443  -17.432  -58.767  -24.130 0.0000000000
36447  -20.958  -59.613  -24.415 0.0000000000
37508  -18.151  -57.227  -22.901 0.0000000000
37509  -19.887  -56.868  -22.974 0.0000000000
37510  -20.199  -57.131  -23.052 0.0000000000
38630  -13.693  -56.611  -23.016 0.0000000000
38656  -18.477  -57.053  -22.908 0.0000000000
39720  -14.322  -55.741  -22.733 0.0000000000
39727  -21.755  -55.495  -23.292 0.0000000000
40768  -14.483  -55.257  -23.176 0.0000000000
41862  -21.027  -54.032  -23.101 0.0000000000
41919  -22.047  -53.437  -24.514 0.0000000000
