#!ascii label  , from subject sub-01 vox2ras=TkReg
11316
155  -8.570  -102.052  -19.874 0.4000000060
165  -9.211  -102.088  -20.635 0.5000000000
156  -9.533  -102.081  -19.586 0.5000000000
157  -10.795  -102.157  -19.281 0.8000000119
166  -10.295  -102.063  -20.501 0.6999999881
158  -11.617  -102.589  -19.667 0.8000000119
49  -12.196  -103.079  -19.304 0.8000000119
60  -12.184  -102.714  -20.247 0.8000000119
61  -12.933  -103.081  -20.065 0.8000000119
56  -18.133  -103.002  -19.667 0.8000000119
66  -17.587  -102.908  -20.714 0.8000000119
67  -18.715  -102.969  -20.496 0.8000000119
77  -17.559  -102.597  -21.549 0.8000000119
78  -18.417  -102.599  -21.426 0.6999999881
68  -19.452  -102.822  -20.414 0.6999999881
181  -18.667  -102.365  -21.759 0.5000000000
183  -19.999  -102.263  -21.338 0.5000000000
163  -7.965  -101.813  -20.184 0.3000000119
140  -8.652  -102.018  -18.713 0.6000000238
142  -10.638  -102.241  -18.182 0.8000000119
37  -11.173  -102.550  -18.522 0.8000000119
38  -11.707  -103.015  -18.417 0.8000000119
39  -12.608  -103.313  -18.334 0.8000000119
4  -13.764  -103.372  -18.509 0.8000000119
3  -13.304  -103.403  -18.464 0.8000000119
5  -14.137  -103.257  -18.552 0.6999999881
51  -13.850  -103.337  -19.381 0.8000000119
52  -14.273  -103.268  -19.031 0.8000000119
53  -15.077  -103.117  -19.337 0.8000000119
321  -17.670  -101.785  -18.713 0.8999999762
523  -16.876  -100.857  -19.092 0.8999999762
44  -17.979  -102.701  -19.075 0.8000000119
147  -18.265  -102.266  -18.840 0.8000000119
57  -19.355  -102.942  -19.708 0.8000000119
45  -18.816  -102.798  -19.001 0.8000000119
168  -20.173  -102.475  -20.691 0.6999999881
199  -19.472  -101.964  -22.256 0.5000000000
200  -20.367  -101.772  -22.280 0.4000000060
214  -19.819  -101.589  -22.928 0.4000000060
503  -6.893  -100.093  -16.609 0.3000000119
508  -6.873  -100.474  -17.299 0.2000000030
776  -7.253  -99.899  -18.106 0.2000000030
520  -7.004  -100.496  -18.347 0.3000000119
317  -7.354  -101.194  -18.407 0.4000000060
139  -7.847  -101.580  -18.493 0.6000000238
130  -9.106  -101.945  -17.616 0.8000000119
338  -7.453  -101.241  -19.928 0.3000000119
131  -10.099  -102.043  -17.567 0.8000000119
547  -7.412  -100.500  -20.257 0.3000000119
34  -12.783  -103.408  -17.449 0.8000000119
1  -13.599  -103.410  -18.067 0.8999999762
2  -14.027  -103.288  -18.082 0.8000000119
40  -14.587  -102.923  -18.473 0.8000000119
320  -16.541  -101.511  -18.823 0.8999999762
146  -17.226  -102.365  -18.896 0.8000000119
43  -17.408  -102.767  -19.267 0.8000000119
322  -18.576  -101.603  -18.664 0.8000000119
46  -19.815  -102.574  -18.995 0.6999999881
148  -19.267  -102.118  -18.794 0.8000000119
65  -16.442  -102.866  -20.541 0.8000000119
150  -21.426  -102.148  -18.807 0.8000000119
149  -20.479  -101.891  -18.563 0.8000000119
59  -20.901  -102.347  -19.364 0.8000000119
170  -21.869  -102.100  -20.752 0.8000000119
70  -20.731  -102.486  -19.856 0.6999999881
185  -21.985  -101.530  -21.659 0.6999999881
171  -22.749  -101.407  -20.779 0.6999999881
228  -19.685  -101.185  -23.802 0.4000000060
201  -21.247  -101.423  -22.420 0.4000000060
352  -23.175  -100.415  -22.271 0.5000000000
229  -20.693  -100.852  -23.929 0.4000000060
216  -21.411  -100.939  -23.299 0.4000000060
351  -22.579  -100.595  -22.774 0.5000000000
360  -22.781  -100.364  -23.234 0.5000000000
497  -6.977  -99.950  -15.527 0.4000000060
294  -7.154  -100.464  -15.807 0.4000000060
295  -7.486  -100.810  -15.744 0.6000000238
122  -8.048  -101.730  -17.008 0.8000000119
115  -9.278  -101.227  -15.809 0.8000000119
124  -9.662  -101.771  -16.733 0.8000000119
750  -7.200  -99.349  -16.321 0.3000000119
301  -7.706  -101.432  -16.789 0.6000000238
125  -10.785  -102.098  -16.853 0.8000000119
117  -11.354  -102.489  -15.836 0.8000000119
751  -7.769  -98.834  -16.785 0.1000000015
760  -7.504  -99.454  -17.445 0.2000000030
32  -11.249  -102.550  -17.686 0.8000000119
20  -12.174  -103.064  -15.922 0.8000000119
26  -11.647  -102.763  -16.682 0.8000000119
28  -12.969  -103.439  -16.640 0.8000000119
22  -13.986  -103.313  -15.952 0.8999999762
30  -14.551  -103.137  -16.566 0.8999999762
29  -13.708  -103.403  -16.477 0.8999999762
33  -12.015  -103.095  -17.567 0.8000000119
35  -13.681  -103.470  -17.358 0.8999999762
36  -14.285  -103.095  -17.617 0.8999999762
133  -14.552  -102.402  -17.608 0.8000000119
143  -14.556  -102.376  -18.395 0.8000000119
144  -15.022  -102.372  -18.741 0.8999999762
41  -15.590  -102.858  -18.921 0.8000000119
54  -16.032  -102.909  -19.639 0.8000000119
55  -17.042  -102.852  -19.796 0.8000000119
526  -19.829  -100.684  -18.718 1.0000000000
135  -21.035  -101.400  -18.162 0.8000000119
323  -19.599  -101.406  -18.592 0.8000000119
136  -21.557  -101.667  -18.167 0.8000000119
151  -22.431  -102.016  -19.037 0.8000000119
159  -21.550  -102.237  -19.742 0.8000000119
553  -26.926  -99.400  -20.335 0.6999999881
557  -26.254  -99.415  -21.186 0.6000000238
563  -26.713  -98.884  -21.774 0.5000000000
160  -22.617  -101.974  -19.948 0.8000000119
172  -23.649  -101.129  -20.511 0.8000000119
346  -24.820  -100.084  -21.369 0.8000000119
341  -25.545  -99.968  -20.742 0.6999999881
344  -23.251  -100.638  -21.573 0.6000000238
353  -24.140  -99.981  -22.171 0.6999999881
347  -25.476  -99.691  -21.451 0.6999999881
562  -26.089  -99.086  -22.088 0.6000000238
845  -26.271  -98.502  -22.936 0.5000000000
362  -24.429  -99.262  -22.984 0.5000000000
363  -25.397  -99.160  -22.501 0.5000000000
566  -25.934  -98.693  -22.825 0.5000000000
375  -22.253  -100.196  -24.547 0.3000000119
369  -22.889  -99.974  -23.845 0.4000000060
123  -8.486  -101.661  -16.720 0.8000000119
296  -8.244  -101.237  -15.935 0.8999999762
743  -6.881  -98.952  -15.264 0.4000000060
289  -7.959  -100.945  -15.091 0.8000000119
116  -10.363  -101.705  -15.864 0.8000000119
1063  -7.130  -98.670  -15.645 0.3000000119
1054  -7.343  -98.222  -15.499 0.2000000030
19  -11.682  -102.844  -16.131 0.6999999881
13  -12.175  -102.717  -15.170 0.8000000119
1065  -8.352  -98.402  -16.295 0.2000000030
1056  -8.585  -97.800  -15.821 0.2000000030
21  -13.255  -103.264  -15.863 0.8999999762
134  -14.955  -101.833  -16.815 0.6999999881
509  -14.017  -100.504  -18.258 0.6999999881
318  -14.297  -101.587  -18.699 0.8000000119
522  -13.884  -100.705  -18.888 0.8000000119
319  -15.326  -101.767  -18.884 0.8000000119
42  -16.588  -102.833  -19.098 0.8000000119
145  -16.051  -102.350  -18.826 0.8000000119
527  -20.599  -100.250  -18.588 0.6999999881
311  -21.584  -101.059  -17.957 0.6999999881
324  -20.498  -101.089  -18.384 0.8000000119
312  -22.398  -101.157  -17.940 0.6999999881
313  -23.375  -101.284  -18.005 0.6999999881
152  -23.301  -101.496  -19.274 0.6999999881
162  -23.821  -101.401  -20.087 0.6999999881
340  -24.758  -100.579  -20.484 0.6999999881
552  -26.275  -99.808  -20.231 0.6999999881
558  -27.073  -98.916  -20.942 0.6000000238
335  -24.872  -100.825  -19.680 0.6999999881
846  -26.677  -98.549  -22.627 0.5000000000
850  -26.226  -98.356  -23.438 0.5000000000
1173  -26.069  -97.796  -25.187 0.5000000000
1621  -26.020  -96.844  -25.827 0.4000000060
2112  -25.504  -96.258  -26.508 0.4000000060
290  -8.864  -101.004  -14.901 0.8999999762
1028  -7.377  -98.662  -12.631 0.8999999762
736  -7.076  -99.742  -14.339 0.8000000119
490  -7.447  -100.273  -14.717 0.8000000119
109  -11.027  -101.720  -15.031 0.8000000119
730  -6.939  -99.083  -13.781 0.6999999881
110  -11.755  -102.287  -15.036 0.6999999881
1048  -6.744  -98.293  -14.470 0.5000000000
1465  -7.280  -97.484  -15.343 0.2000000030
14  -12.896  -102.939  -14.998 0.8999999762
23  -14.477  -103.126  -15.621 0.8999999762
783  -21.665  -99.229  -18.805 0.5000000000
798  -20.122  -99.647  -19.516 0.6000000238
542  -19.958  -100.164  -18.926 0.8999999762
513  -22.194  -100.256  -17.990 0.6999999881
769  -23.086  -99.734  -17.943 0.6999999881
770  -23.968  -99.689  -17.810 0.6000000238
515  -24.222  -100.537  -17.816 0.6999999881
314  -24.375  -101.085  -18.173 0.6999999881
516  -25.262  -100.475  -17.956 0.6999999881
328  -25.639  -100.262  -19.080 0.6999999881
518  -26.895  -99.535  -18.622 0.6999999881
326  -24.342  -101.141  -19.091 0.6999999881
774  -27.548  -98.984  -18.519 0.6999999881
532  -27.140  -99.569  -19.133 0.6999999881
801  -28.077  -98.839  -19.505 0.6000000238
559  -27.547  -98.763  -20.623 0.6000000238
1609  -26.980  -97.280  -23.886 0.6000000238
1154  -27.501  -98.253  -22.413 0.5000000000
1608  -26.426  -97.244  -24.688 0.6000000238
2095  -26.459  -96.528  -25.209 0.5000000000
2575  -26.110  -95.626  -26.221 0.5000000000
3062  -24.762  -95.276  -27.860 0.5000000000
2630  -24.295  -95.074  -28.892 0.6000000238
2629  -23.910  -95.450  -29.418 0.5000000000
480  -8.071  -100.341  -13.649 0.8000000119
719  -7.890  -99.473  -12.705 0.8000000119
1027  -7.011  -98.221  -12.728 0.8000000119
1447  -6.659  -97.570  -13.232 0.5000000000
1457  -6.555  -97.509  -13.863 0.5000000000
1910  -6.797  -96.844  -12.196 0.6000000238
1464  -6.735  -97.410  -14.710 0.5000000000
1947  -7.583  -96.824  -15.712 0.1000000015
2463  -5.567  -95.733  -17.625 0.5000000000
1983  -5.567  -96.462  -18.300 0.2000000030
1513  -5.733  -96.874  -19.273 0.1000000015
813  -19.553  -99.542  -20.641 0.6999999881
768  -22.550  -99.539  -18.212 0.6999999881
797  -19.010  -99.960  -19.937 0.8000000119
1099  -22.931  -98.597  -18.898 0.5000000000
786  -23.524  -99.298  -18.062 0.6000000238
1083  -24.731  -99.159  -17.871 0.6000000238
1084  -25.562  -99.109  -17.808 0.6000000238
771  -24.968  -99.831  -17.747 0.6999999881
772  -25.887  -99.693  -17.873 0.6999999881
802  -28.678  -98.612  -19.423 0.6999999881
1085  -26.411  -98.967  -17.894 0.6999999881
787  -28.088  -98.962  -19.029 0.6999999881
816  -28.056  -98.656  -20.131 0.6000000238
2752  -13.698  -95.413  -42.147 0.6999999881
1596  -28.225  -97.155  -23.049 0.6000000238
2746  -13.773  -96.150  -41.718 0.6999999881
2082  -26.871  -96.668  -24.499 0.6999999881
2293  -13.991  -96.375  -41.069 0.6999999881
2576  -26.747  -95.666  -25.679 0.6000000238
1786  -11.046  -97.268  -40.202 0.6999999881
2587  -25.763  -95.129  -26.828 0.5000000000
1314  -10.746  -97.648  -39.284 0.4000000060
1293  -10.228  -98.166  -36.614 0.4000000060
2652  -23.903  -95.787  -31.377 0.5000000000
3104  -25.047  -94.738  -30.234 0.3000000119
3080  -25.368  -94.328  -28.512 0.5000000000
958  -11.060  -98.835  -37.072 0.3000000119
2641  -23.486  -95.563  -30.516 0.5000000000
3103  -24.210  -94.967  -30.133 0.5000000000
1896  -7.941  -97.031  -11.575 0.8000000119
2428  -6.797  -95.780  -13.016 0.8000000119
1923  -6.562  -96.712  -13.143 0.6000000238
1935  -6.321  -96.611  -14.302 0.3000000119
3400  -9.012  -93.883  -13.595 0.8999999762
2881  -7.797  -94.788  -13.329 0.8999999762
2439  -6.012  -95.673  -13.969 0.6000000238
1946  -6.614  -96.553  -15.355 0.2000000030
2895  -8.155  -94.225  -14.198 0.8000000119
2438  -5.756  -95.246  -15.029 0.5000000000
1934  -5.853  -95.994  -14.983 0.3000000119
1957  -6.202  -96.317  -16.342 0.1000000015
1959  -8.020  -96.583  -16.340 0.1000000015
2909  -7.692  -94.174  -14.967 0.8000000119
3421  -7.674  -93.973  -15.563 0.8000000119
2893  -6.145  -94.694  -14.636 0.8000000119
2908  -6.918  -94.226  -15.451 0.6999999881
2907  -5.958  -94.437  -15.622 0.6000000238
2929  -5.992  -94.566  -17.422 0.4000000060
2919  -5.526  -95.166  -16.347 0.4000000060
1965  -5.770  -96.196  -17.092 0.2000000030
1984  -5.986  -97.069  -18.153 0.1000000015
2936  -5.703  -95.168  -18.279 0.5000000000
1113  -21.734  -98.487  -20.326 0.6000000238
799  -21.279  -98.904  -19.660 0.6999999881
800  -22.010  -98.820  -19.147 0.6000000238
1100  -23.968  -98.658  -18.434 0.5000000000
1506  -24.786  -97.905  -18.814 0.6000000238
1525  -25.126  -97.225  -19.047 0.6999999881
1101  -25.151  -98.446  -18.159 0.5000000000
1507  -25.745  -97.462  -18.452 0.6999999881
1102  -26.081  -98.320  -17.917 0.5000000000
1508  -26.761  -97.538  -17.910 0.6000000238
1490  -27.543  -97.885  -17.877 0.6999999881
1491  -28.455  -97.649  -17.919 0.6999999881
775  -28.410  -98.593  -18.575 0.6999999881
2753  -14.714  -94.978  -42.256 0.8000000119
2747  -14.507  -95.814  -41.576 0.6999999881
2742  -14.352  -95.724  -40.520 0.6999999881
2283  -13.428  -96.630  -40.411 0.6000000238
1315  -11.261  -97.940  -39.354 0.5000000000
1297  -10.640  -98.236  -37.901 0.5000000000
1298  -11.275  -98.691  -37.815 0.5000000000
952  -10.859  -98.904  -35.957 0.4000000060
2188  -23.476  -96.847  -32.155 0.6000000238
1009  -8.303  -98.413  -11.659 0.8999999762
2396  -8.521  -96.354  -11.930 0.8999999762
1412  -8.869  -97.037  -11.790 1.0000000000
1895  -7.373  -96.863  -11.704 0.8000000119
2858  -9.137  -95.139  -11.812 0.8999999762
2416  -8.098  -95.439  -12.178 0.6999999881
2867  -7.836  -95.229  -12.592 1.0000000000
2883  -9.358  -93.923  -12.987 1.0000000000
2880  -6.777  -95.076  -13.643 0.6999999881
1958  -7.017  -96.579  -16.326 0.1000000015
2906  -5.579  -94.929  -15.713 0.5000000000
3423  -9.596  -93.016  -15.520 0.8000000119
1956  -5.708  -96.031  -16.310 0.2000000030
1481  -6.869  -97.146  -17.717 0.1000000015
3451  -8.474  -93.426  -17.797 0.8999999762
3436  -7.636  -93.835  -16.623 0.6999999881
2921  -6.415  -94.198  -16.528 0.6000000238
3450  -7.617  -93.870  -18.202 0.8000000119
2938  -6.955  -94.208  -18.790 0.8000000119
2930  -6.789  -94.211  -17.681 0.6000000238
1114  -22.385  -98.446  -19.705 0.6999999881
1524  -24.390  -97.385  -19.514 0.6999999881
1115  -23.478  -97.978  -19.531 0.6000000238
2028  -24.670  -96.403  -19.970 0.6999999881
1995  -25.954  -96.929  -18.612 0.6000000238
3200  -15.324  -94.379  -42.521 0.8000000119
2497  -26.742  -95.869  -19.342 0.6000000238
2014  -26.885  -96.288  -18.629 0.6000000238
2749  -15.662  -94.953  -41.723 0.8999999762
3193  -16.086  -94.765  -41.486 0.8999999762
2743  -14.907  -95.445  -40.966 0.8000000119
3181  -15.678  -94.271  -39.841 0.8999999762
3186  -14.781  -95.187  -40.462 0.8999999762
2738  -13.958  -95.573  -39.843 0.6999999881
1316  -12.129  -97.878  -39.451 0.5000000000
1273  -23.255  -98.308  -33.392 0.6000000238
967  -12.216  -98.705  -38.269 0.5000000000
959  -11.944  -99.100  -37.654 0.6000000238
662  -22.054  -99.714  -35.860 0.8000000119
685  -20.694  -99.751  -37.116 0.6999999881
1010  -9.070  -98.157  -11.507 0.8999999762
704  -8.466  -98.981  -11.846 0.8000000119
2408  -9.625  -95.760  -11.852 1.0000000000
3389  -10.358  -93.825  -12.679 1.0000000000
2870  -10.551  -94.485  -12.169 1.0000000000
3403  -11.169  -93.497  -13.009 1.0000000000
3402  -10.151  -93.423  -13.550 1.0000000000
3410  -9.455  -93.485  -14.406 0.8999999762
3411  -10.141  -93.049  -14.563 0.8999999762
3979  -10.810  -92.919  -13.951 1.0000000000
3980  -11.599  -92.932  -13.694 1.0000000000
3993  -11.286  -92.482  -14.410 0.8999999762
4574  -12.287  -91.905  -14.704 1.0000000000
4004  -9.828  -92.604  -16.025 0.8000000119
4006  -11.011  -92.062  -15.339 0.8999999762
4583  -11.705  -91.565  -15.386 1.0000000000
5196  -13.032  -90.683  -15.701 0.8999999762
3452  -9.238  -92.798  -17.602 0.8000000119
3438  -9.544  -92.662  -16.567 0.8000000119
4020  -10.536  -91.867  -16.428 1.0000000000
4584  -12.511  -91.230  -15.395 1.0000000000
4594  -11.065  -91.370  -16.789 1.0000000000
4595  -11.746  -90.974  -16.441 1.0000000000
3468  -8.115  -93.636  -20.126 0.8999999762
3457  -9.043  -92.998  -18.774 0.8999999762
4038  -9.920  -92.119  -17.361 1.0000000000
1127  -22.245  -97.994  -20.687 0.6999999881
1128  -22.834  -97.876  -20.218 0.6999999881
2012  -24.992  -96.886  -19.416 0.6000000238
2496  -26.111  -95.832  -19.778 0.5000000000
2975  -26.551  -95.066  -20.777 0.5000000000
2514  -26.663  -95.479  -20.081 0.5000000000
3201  -16.213  -94.468  -42.369 0.8999999762
2270  -13.218  -96.745  -39.656 0.6999999881
1776  -12.830  -97.247  -39.652 0.6000000238
953  -11.718  -99.547  -36.364 0.4000000060
938  -23.138  -99.141  -34.473 0.6999999881
939  -23.870  -99.111  -34.584 0.8999999762
644  -11.992  -99.602  -34.369 0.3000000119
676  -22.781  -99.717  -36.596 0.8999999762
949  -22.937  -99.494  -35.295 0.8999999762
686  -21.689  -99.688  -37.321 0.6999999881
962  -21.588  -99.401  -38.080 0.8000000119
980  -23.940  -98.779  -38.319 0.8999999762
696  -20.084  -99.652  -37.805 0.6999999881
976  -20.386  -99.382  -38.378 0.6999999881
988  -21.231  -98.833  -39.281 0.8999999762
1421  -9.819  -97.259  -11.929 0.8999999762
1898  -9.398  -96.594  -11.912 1.0000000000
1911  -10.123  -96.519  -12.108 1.0000000000
2417  -10.405  -95.490  -12.033 1.0000000000
2430  -11.583  -94.880  -12.888 1.0000000000
2871  -11.250  -94.333  -12.587 0.8999999762
2896  -12.841  -94.031  -14.133 0.8000000119
2459  -15.064  -94.819  -16.213 0.8000000119
3404  -12.023  -93.462  -13.366 0.8999999762
3412  -12.572  -93.263  -13.844 0.8000000119
3425  -13.643  -93.604  -15.265 0.8000000119
2911  -14.031  -94.460  -15.900 0.8000000119
5237  -8.671  -90.352  -19.735 0.8999999762
5255  -9.422  -90.563  -20.394 0.8999999762
3995  -12.792  -92.533  -14.345 0.8999999762
4008  -14.044  -92.496  -15.453 0.8999999762
4586  -14.254  -91.491  -15.773 0.8000000119
5254  -8.770  -90.932  -20.576 1.0000000000
4585  -13.448  -91.508  -15.270 0.8999999762
5197  -13.710  -90.639  -15.820 0.8000000119
4635  -9.693  -91.583  -20.191 0.8999999762
4065  -8.700  -92.960  -20.535 0.8999999762
4619  -10.994  -90.956  -18.620 1.0000000000
5207  -13.052  -89.815  -16.481 0.8999999762
3483  -6.752  -93.314  -20.775 0.8999999762
4067  -9.830  -91.893  -19.162 1.0000000000
1539  -23.293  -97.340  -20.441 0.6999999881
2027  -23.684  -96.508  -20.605 0.6000000238
3206  -15.718  -93.890  -43.026 0.8999999762
3194  -17.341  -94.348  -41.456 0.8999999762
3188  -16.393  -94.508  -40.578 0.8999999762
3189  -17.215  -94.280  -40.234 0.8999999762
3777  -15.615  -92.697  -43.780 0.8999999762
3182  -16.583  -94.212  -39.731 0.8999999762
4368  -14.900  -92.078  -43.760 0.8000000119
3726  -16.146  -93.977  -39.051 0.8999999762
4940  -13.637  -90.820  -42.869 0.8000000119
4358  -14.277  -91.256  -43.379 0.8000000119
2731  -13.137  -95.839  -38.669 0.6999999881
3180  -14.456  -94.664  -39.585 0.8000000119
1306  -12.597  -98.178  -38.463 0.6999999881
968  -12.774  -98.877  -38.114 0.6000000238
664  -12.013  -99.974  -36.075 0.3000000119
989  -22.111  -98.645  -39.343 0.8999999762
963  -22.362  -99.343  -37.904 0.8999999762
964  -23.414  -99.342  -37.425 0.8999999762
979  -22.954  -98.887  -38.781 0.8999999762
5224  -8.635  -89.985  -18.703 0.8999999762
5902  -9.644  -89.458  -19.382 0.8999999762
5236  -8.047  -90.754  -19.327 1.0000000000
4022  -14.673  -92.451  -16.231 0.8000000119
3426  -14.326  -93.482  -16.007 0.8000000119
4633  -7.744  -91.244  -19.941 1.0000000000
5916  -9.951  -89.898  -20.219 0.8999999762
5209  -14.996  -90.176  -16.289 0.8000000119
4632  -6.890  -91.958  -20.049 1.0000000000
4092  -7.677  -92.265  -21.220 1.0000000000
5256  -10.141  -90.573  -20.194 0.8999999762
5240  -11.263  -89.962  -19.342 1.0000000000
4064  -6.280  -92.659  -20.244 0.8999999762
5226  -11.742  -90.103  -18.549 1.0000000000
5208  -14.073  -89.845  -16.088 0.8000000119
4608  -11.775  -90.560  -17.561 1.0000000000
5218  -12.480  -89.773  -17.542 0.8999999762
4607  -11.310  -91.049  -17.522 1.0000000000
2512  -24.988  -95.401  -20.667 0.5000000000
2991  -26.352  -94.697  -21.548 0.5000000000
3007  -26.962  -94.236  -22.062 0.5000000000
3754  -18.015  -94.155  -41.177 1.0000000000
3529  -27.665  -93.742  -22.482 0.4000000060
3202  -17.195  -94.011  -42.599 0.8999999762
3727  -16.973  -94.030  -39.081 0.8999999762
3508  -28.165  -93.993  -21.802 0.4000000060
5551  -13.530  -89.723  -43.191 0.6000000238
3779  -16.800  -92.611  -43.543 1.0000000000
3712  -14.798  -93.912  -38.286 0.8000000119
1767  -13.002  -97.397  -38.587 0.6999999881
954  -12.337  -99.738  -37.076 0.5000000000
665  -12.436  -100.079  -36.326 0.4000000060
666  -13.365  -100.242  -36.352 0.4000000060
990  -22.672  -98.429  -39.379 0.8999999762
987  -20.234  -98.959  -39.062 0.8000000119
1323  -21.486  -98.316  -39.831 0.8999999762
5889  -9.576  -89.020  -18.203 0.8999999762
6632  -10.391  -88.595  -18.719 0.8999999762
4597  -14.942  -91.353  -16.408 0.8000000119
4023  -15.603  -92.419  -16.861 0.8000000119
2924  -16.497  -94.049  -16.475 0.8000000119
4617  -6.979  -91.582  -19.029 1.0000000000
6651  -11.039  -88.688  -19.404 0.8999999762
4598  -15.884  -91.004  -16.799 0.8000000119
4025  -17.332  -91.733  -16.701 0.8000000119
4009  -17.770  -92.240  -16.301 0.6999999881
5904  -11.707  -89.297  -19.199 0.8999999762
5212  -17.012  -90.767  -16.632 0.8000000119
4577  -17.491  -91.356  -14.662 0.6999999881
4052  -6.386  -92.107  -19.323 0.8999999762
5891  -12.433  -89.348  -18.468 0.8999999762
5876  -15.248  -89.255  -16.376 0.8000000119
5875  -14.522  -89.242  -16.398 0.8000000119
5873  -13.325  -89.236  -17.028 0.8999999762
6601  -14.321  -88.747  -16.755 0.8000000119
2974  -25.719  -95.030  -21.036 0.5000000000
3528  -26.680  -93.804  -22.812 0.4000000060
7701  -12.759  -87.438  -42.182 0.6999999881
6231  -13.549  -88.655  -43.401 0.8000000119
3716  -18.178  -93.426  -38.994 1.0000000000
6230  -12.840  -89.044  -42.698 0.8000000119
3195  -18.003  -93.977  -42.290 1.0000000000
5552  -13.989  -89.790  -43.599 0.8000000119
3714  -16.666  -93.869  -38.242 1.0000000000
3551  -28.084  -93.213  -22.926 0.4000000060
3530  -28.639  -93.319  -22.452 0.4000000060
4959  -15.428  -91.170  -44.433 0.8999999762
2720  -12.767  -95.949  -37.977 0.6999999881
3176  -13.545  -94.908  -38.585 0.8000000119
1768  -13.218  -97.921  -38.454 0.6999999881
2238  -12.828  -96.572  -37.834 0.6999999881
1333  -18.733  -98.275  -40.058 0.8000000119
960  -12.835  -99.478  -37.626 0.6999999881
961  -13.342  -99.696  -37.577 0.6000000238
985  -18.200  -98.936  -39.490 0.6999999881
969  -13.689  -99.194  -38.015 0.6999999881
678  -13.922  -99.965  -37.405 0.5000000000
679  -14.924  -100.141  -37.211 0.4000000060
668  -15.231  -100.429  -36.326 0.2000000030
669  -16.148  -100.469  -36.218 0.5000000000
655  -15.539  -100.565  -35.443 0.2000000030
656  -16.471  -100.535  -35.107 0.3000000119
681  -16.701  -100.224  -37.039 0.5000000000
973  -17.593  -99.523  -38.690 0.6999999881
986  -19.202  -99.008  -39.192 0.6999999881
1334  -19.853  -97.997  -40.072 0.8000000119
1335  -20.845  -97.900  -40.186 0.8999999762
1795  -21.145  -97.326  -40.218 0.8999999762
1796  -22.085  -97.289  -39.896 0.8000000119
1797  -22.858  -97.506  -39.690 0.6999999881
694  -18.138  -99.731  -37.850 0.6000000238
974  -18.650  -99.416  -38.622 0.6999999881
5215  -8.391  -90.225  -17.915 0.8999999762
4605  -7.140  -91.319  -17.899 1.0000000000
6633  -11.324  -88.033  -18.789 0.8999999762
4037  -6.229  -91.894  -18.105 0.8999999762
6634  -12.198  -87.758  -18.841 0.8999999762
7369  -13.115  -87.113  -17.687 0.8999999762
6635  -12.794  -88.293  -18.564 0.8999999762
5200  -17.223  -90.685  -16.313 0.6999999881
5892  -13.101  -88.847  -18.086 0.8999999762
6618  -14.192  -88.169  -17.288 0.8000000119
5211  -16.582  -90.263  -16.428 0.8000000119
5199  -17.169  -90.175  -15.657 0.6999999881
4050  -5.059  -92.417  -18.964 0.8999999762
6603  -15.486  -88.419  -16.456 0.8000000119
7713  -13.384  -87.185  -42.951 0.6999999881
7714  -13.910  -87.370  -43.263 0.8000000119
7725  -14.683  -87.635  -43.292 0.8999999762
4145  -28.526  -92.476  -23.492 0.2000000030
3766  -19.163  -93.071  -41.785 1.0000000000
3742  -18.690  -93.418  -40.543 1.0000000000
4339  -18.968  -93.029  -39.959 0.8999999762
3715  -17.582  -93.636  -38.442 1.0000000000
4301  -17.968  -93.038  -37.469 1.0000000000
3705  -17.270  -93.460  -37.325 1.0000000000
3713  -15.720  -93.847  -38.251 0.8999999762
3704  -16.214  -93.766  -37.392 1.0000000000
3170  -14.468  -94.097  -37.401 0.8000000119
3171  -14.898  -94.033  -36.963 0.8000000119
2256  -16.783  -96.670  -38.633 0.8999999762
1770  -15.697  -97.332  -38.859 0.8999999762
1793  -19.205  -97.556  -40.247 0.8999999762
1307  -13.469  -98.348  -38.356 0.6999999881
993  -18.040  -98.526  -39.988 0.8000000119
970  -14.634  -99.123  -38.430 0.6000000238
690  -14.778  -99.599  -37.900 0.5000000000
680  -15.815  -100.257  -37.108 0.5000000000
692  -16.324  -99.960  -37.713 0.6999999881
693  -17.131  -99.855  -37.838 0.6000000238
5205  -8.669  -89.855  -17.228 0.8999999762
5882  -9.524  -89.040  -17.156 0.8999999762
6615  -10.121  -88.539  -17.509 0.8999999762
6600  -11.471  -87.601  -16.932 0.8999999762
4592  -6.700  -91.607  -16.804 1.0000000000
4018  -5.794  -92.101  -16.713 0.8999999762
6617  -11.828  -87.488  -18.048 0.8999999762
7352  -12.413  -87.163  -17.103 0.8000000119
7353  -13.377  -86.791  -16.767 0.8000000119
7385  -13.429  -87.702  -17.930 0.8000000119
8126  -14.933  -86.811  -16.936 0.8000000119
8112  -15.403  -86.742  -16.344 0.8000000119
4587  -17.290  -90.756  -14.984 0.6999999881
4036  -5.330  -92.296  -17.860 0.8999999762
4035  -4.607  -92.140  -17.704 0.8999999762
4017  -4.954  -92.353  -16.605 0.8999999762
6619  -15.026  -88.016  -16.852 0.8000000119
7356  -15.803  -87.688  -16.362 0.6999999881
6604  -16.187  -88.320  -16.092 0.8000000119
5867  -16.659  -89.238  -15.908 0.6999999881
4016  -4.335  -91.983  -16.480 0.8999999762
4049  -4.376  -91.998  -18.924 0.6999999881
4631  -4.129  -91.548  -19.573 0.6999999881
8482  -13.156  -86.391  -42.387 0.6999999881
8468  -12.545  -86.465  -41.729 0.6999999881
4730  -29.475  -91.334  -24.391 0.2000000030
6242  -14.262  -88.849  -43.781 0.8000000119
4327  -18.745  -92.839  -39.115 1.0000000000
6243  -15.152  -89.248  -44.002 0.8999999762
4359  -18.780  -92.627  -42.924 1.0000000000
4350  -19.547  -92.418  -41.310 1.0000000000
4908  -18.802  -91.992  -38.252 0.8999999762
4123  -29.340  -92.746  -22.670 0.2000000030
5572  -15.244  -90.108  -44.329 0.8999999762
3209  -17.587  -93.296  -43.093 1.0000000000
4960  -16.254  -91.368  -44.511 1.0000000000
3159  -13.962  -94.593  -36.591 0.8000000119
1758  -12.989  -97.213  -37.401 0.6999999881
1748  -12.961  -97.137  -36.667 0.8000000119
2692  -12.905  -95.942  -36.432 0.8000000119
2706  -12.753  -95.902  -37.244 0.6999999881
2241  -17.504  -96.273  -37.624 0.8999999762
1761  -15.680  -96.965  -37.570 0.8999999762
2271  -16.802  -96.911  -39.331 0.8999999762
1769  -14.809  -97.811  -38.614 0.8000000119
1318  -15.533  -98.288  -39.328 0.8000000119
1319  -16.307  -98.255  -39.747 0.8999999762
1791  -17.424  -97.695  -40.161 0.8000000119
2272  -17.388  -96.771  -39.460 0.8999999762
1308  -14.424  -98.433  -38.559 0.6999999881
1317  -14.989  -98.524  -38.931 0.8000000119
983  -15.997  -99.062  -39.457 0.8000000119
991  -16.743  -98.666  -39.795 0.6999999881
971  -15.416  -99.365  -38.588 0.6999999881
691  -15.602  -99.800  -37.866 0.8000000119
972  -16.425  -99.580  -38.567 0.8000000119
4593  -7.505  -91.006  -16.840 1.0000000000
6599  -10.676  -88.222  -16.638 0.8999999762
4581  -6.381  -91.859  -15.592 1.0000000000
6587  -11.411  -88.060  -15.689 0.8000000119
7337  -12.009  -87.438  -16.195 0.8000000119
4003  -5.446  -92.309  -15.386 1.0000000000
3990  -4.900  -92.458  -14.533 0.8999999762
7339  -13.714  -86.646  -15.729 0.8000000119
8111  -14.823  -86.520  -16.372 0.8000000119
4034  -3.942  -91.579  -17.436 0.8999999762
6589  -16.695  -88.381  -15.434 0.6999999881
5190  -16.967  -90.066  -14.563 0.6999999881
4576  -16.881  -90.877  -14.157 0.6999999881
5182  -16.319  -90.265  -13.564 0.6999999881
4616  -3.914  -91.267  -18.580 0.6999999881
6579  -16.830  -88.498  -14.678 0.6999999881
8484  -14.750  -86.413  -42.636 0.8000000119
5513  -19.114  -90.778  -38.281 0.6999999881
5512  -18.794  -91.297  -37.710 0.8000000119
5498  -18.955  -90.152  -37.519 0.6000000238
8485  -15.201  -86.759  -42.311 0.8000000119
7007  -15.480  -88.432  -43.409 1.0000000000
4924  -19.697  -91.594  -40.562 0.8000000119
5523  -19.426  -91.040  -39.542 0.6999999881
5497  -18.621  -90.733  -37.058 0.6999999881
5323  -29.305  -90.888  -25.070 0.2000000030
4933  -19.949  -91.603  -41.609 0.8999999762
4917  -19.061  -92.171  -39.129 0.8000000119
4900  -18.522  -91.700  -37.280 0.8000000119
4891  -18.143  -91.631  -36.335 0.8000000119
4954  -19.158  -91.585  -42.850 0.8999999762
4360  -19.403  -92.309  -42.388 1.0000000000
3689  -16.530  -93.587  -36.524 1.0000000000
4286  -17.834  -92.601  -36.669 0.8999999762
3690  -17.130  -93.140  -36.191 1.0000000000
4890  -17.799  -92.191  -36.035 0.8000000119
2708  -18.422  -95.753  -35.725 0.8999999762
5573  -15.975  -90.469  -44.616 1.0000000000
4376  -17.032  -92.082  -43.661 1.0000000000
4963  -17.906  -91.839  -43.326 1.0000000000
3688  -15.797  -93.853  -36.595 0.8999999762
3674  -16.611  -93.517  -35.654 1.0000000000
4275  -17.468  -92.579  -35.697 0.8999999762
3148  -14.400  -94.956  -35.597 0.8999999762
1759  -13.633  -97.691  -37.817 0.6999999881
2216  -16.649  -96.887  -36.012 0.8999999762
2228  -18.089  -95.893  -36.444 0.8999999762
1299  -14.100  -97.947  -38.296 0.8000000119
1760  -14.723  -97.536  -37.901 0.8000000119
1752  -16.008  -96.964  -36.638 0.8999999762
2226  -16.512  -96.717  -36.795 0.8999999762
2257  -17.950  -96.320  -38.711 0.8999999762
5204  -8.179  -90.410  -16.954 0.8999999762
4582  -7.223  -91.285  -15.743 0.8999999762
5194  -7.914  -90.580  -15.852 0.8999999762
6585  -10.060  -88.883  -15.843 0.8999999762
6586  -10.491  -88.779  -15.507 0.8000000119
3991  -5.508  -92.374  -14.305 1.0000000000
5866  -10.176  -89.146  -15.186 0.8000000119
7338  -12.756  -87.038  -15.808 0.8000000119
3977  -5.232  -92.519  -13.567 1.0000000000
3989  -4.292  -92.163  -14.702 1.0000000000
6588  -12.187  -87.669  -15.409 0.8000000119
3988  -3.821  -91.796  -14.896 0.8999999762
8072  -13.903  -87.011  -14.009 0.8000000119
4591  -3.490  -90.962  -16.555 0.8000000119
6196  -15.870  -89.472  -40.034 0.8999999762
5532  -16.630  -90.329  -41.062 0.8999999762
8456  -15.006  -86.790  -40.757 1.0000000000
6207  -15.631  -89.425  -40.849 0.8999999762
6982  -15.603  -88.427  -41.808 1.0000000000
5344  -29.992  -90.473  -25.591 0.2000000030
5542  -16.354  -90.144  -41.769 0.8999999762
6198  -19.726  -89.966  -39.252 0.6999999881
6186  -19.367  -89.558  -37.941 0.6000000238
6174  -18.856  -89.657  -36.736 0.6000000238
6232  -16.244  -89.185  -42.782 1.0000000000
5543  -17.231  -90.610  -41.665 0.8999999762
5544  -18.073  -90.615  -41.917 0.8999999762
4925  -20.169  -91.011  -41.040 0.8999999762
5324  -30.248  -90.889  -24.813 0.2000000030
7008  -16.129  -89.082  -43.642 1.0000000000
6233  -16.434  -89.543  -43.247 1.0000000000
5487  -18.299  -90.623  -36.026 0.6999999881
5565  -17.199  -90.919  -43.641 1.0000000000
4944  -19.805  -91.228  -42.314 0.8999999762
5574  -16.776  -90.759  -44.284 1.0000000000
3149  -15.476  -94.266  -35.698 0.8999999762
3150  -16.214  -93.927  -35.324 1.0000000000
2682  -19.427  -95.470  -34.480 0.8000000119
2678  -14.096  -95.982  -34.881 0.8999999762
3133  -14.545  -95.504  -34.836 0.8999999762
2681  -18.409  -95.598  -34.210 0.8999999762
1750  -14.301  -97.446  -36.794 0.8000000119
2217  -17.408  -96.393  -35.626 0.8999999762
1751  -15.230  -97.275  -36.711 0.8999999762
1743  -15.848  -97.295  -35.632 0.8999999762
5155  -7.002  -90.148  -10.658 0.8000000119
4544  -7.500  -91.312  -11.691 0.8999999762
5170  -7.878  -91.055  -11.901 0.8000000119
5815  -7.276  -89.484  -10.744 0.8999999762
4563  -8.090  -91.155  -12.882 0.8999999762
5178  -8.668  -90.656  -13.352 0.8000000119
5171  -8.334  -90.431  -12.257 0.8000000119
4571  -7.113  -91.619  -14.508 0.8999999762
4572  -7.978  -91.106  -13.938 0.8999999762
5180  -9.973  -89.764  -13.866 0.8000000119
5849  -10.643  -89.343  -13.678 0.8000000119
5859  -11.031  -89.138  -14.148 0.8000000119
7315  -12.617  -88.020  -14.100 0.8000000119
5193  -3.168  -90.219  -15.747 0.8000000119
6210  -18.075  -89.629  -41.181 0.8999999762
5343  -29.150  -90.531  -25.774 0.2000000030
9239  -15.112  -85.708  -41.766 0.8000000119
6920  -19.469  -88.814  -37.042 0.6000000238
6187  -20.033  -89.133  -38.645 0.5000000000
6933  -19.908  -88.757  -37.910 0.6000000238
6908  -19.289  -88.927  -35.912 0.6000000238
6897  -19.874  -88.495  -35.334 0.5000000000
5345  -30.989  -90.379  -25.362 0.2000000030
6211  -20.334  -89.865  -40.197 0.6999999881
6199  -20.515  -89.181  -39.561 0.6000000238
5566  -18.828  -90.966  -42.792 0.8999999762
6148  -18.681  -89.682  -35.280 0.6999999881
6896  -19.458  -88.871  -34.959 0.6000000238
4942  -18.035  -91.291  -42.981 0.8999999762
4945  -20.106  -90.480  -42.228 0.6999999881
5545  -20.428  -89.974  -41.738 0.6999999881
4880  -17.780  -91.985  -35.395 0.8000000119
4881  -17.990  -91.157  -35.259 0.8000000119
3662  -17.106  -93.206  -34.562 0.8999999762
2206  -14.938  -97.003  -34.336 0.8999999762
3134  -15.287  -95.053  -34.533 0.8999999762
3135  -16.073  -94.297  -34.602 0.8999999762
2670  -19.071  -95.285  -33.415 0.6999999881
1724  -16.183  -97.173  -34.290 0.8999999762
1733  -15.292  -97.355  -34.915 0.8999999762
2207  -16.699  -96.905  -34.747 0.8999999762
5142  -5.999  -90.698  -9.784 1.0000000000
5814  -6.582  -89.749  -10.100 0.8999999762
4535  -6.517  -91.478  -10.757 0.8999999762
6556  -8.799  -89.051  -12.253 0.8000000119
4551  -6.949  -92.054  -12.640 0.8999999762
5838  -9.609  -89.541  -12.859 0.8000000119
5850  -11.645  -89.050  -13.635 0.8000000119
3952  -5.154  -92.392  -11.369 1.0000000000
3963  -4.855  -92.458  -12.476 1.0000000000
4540  -3.907  -91.512  -11.653 1.0000000000
5177  -3.564  -90.637  -13.296 1.0000000000
4568  -3.610  -91.308  -14.268 0.8000000119
5185  -3.293  -90.374  -14.561 0.8999999762
5855  -2.905  -89.323  -14.949 0.8000000119
6197  -16.619  -89.484  -39.975 0.8000000119
6967  -18.014  -88.901  -40.823 0.6999999881
7704  -18.502  -87.936  -42.064 0.6999999881
8487  -19.394  -86.901  -42.623 0.6000000238
6965  -14.920  -87.670  -40.446 0.8999999762
6968  -18.382  -88.961  -41.536 0.8000000119
6006  -28.910  -90.144  -26.241 0.2000000030
7717  -19.899  -87.775  -42.768 0.6000000238
7626  -21.331  -87.566  -36.396 0.5000000000
6909  -19.904  -88.371  -36.277 0.5000000000
7618  -20.949  -87.831  -35.492 0.5000000000
6007  -29.609  -89.979  -26.196 0.2000000030
6223  -18.537  -89.869  -41.752 0.8999999762
6997  -18.991  -88.554  -42.469 0.8000000119
6934  -20.830  -88.358  -38.500 0.5000000000
6921  -20.224  -88.296  -37.262 0.5000000000
6236  -20.275  -89.277  -42.466 0.6999999881
6984  -20.887  -88.409  -41.770 0.6000000238
6970  -21.602  -87.971  -40.153 0.5000000000
6951  -21.733  -87.825  -39.342 0.5000000000
7607  -21.175  -87.675  -34.491 0.5000000000
6008  -30.573  -89.822  -26.086 0.2000000030
5556  -19.437  -90.533  -42.508 0.8999999762
6212  -20.889  -89.256  -40.891 0.6000000238
6869  -20.181  -88.341  -33.740 0.5000000000
6136  -18.817  -89.648  -34.457 0.6000000238
6868  -19.716  -88.720  -33.858 0.5000000000
4869  -17.798  -91.742  -34.441 0.8999999762
4870  -18.095  -90.916  -34.237 0.6999999881
6123  -18.863  -89.923  -33.415 0.6999999881
2666  -15.705  -96.253  -33.714 0.8999999762
3661  -16.689  -93.641  -34.706 0.8999999762
3653  -17.246  -93.474  -33.744 0.8999999762
5461  -18.498  -90.716  -33.338 0.6000000238
6847  -19.798  -88.714  -33.084 0.5000000000
3117  -19.827  -94.553  -32.880 0.6000000238
3123  -16.282  -94.939  -33.677 0.8999999762
3654  -17.688  -93.138  -33.348 0.8999999762
4856  -17.728  -92.279  -33.826 0.8000000119
5446  -18.879  -91.309  -32.578 0.6000000238
2198  -17.046  -96.259  -33.786 0.8999999762
2680  -17.716  -95.745  -33.798 0.8999999762
2669  -18.164  -95.425  -33.312 0.6999999881
2661  -18.533  -95.052  -32.812 0.6000000238
5799  -5.802  -89.805  -9.285 0.8999999762
6521  -7.025  -88.811  -10.241 0.6999999881
7264  -7.984  -87.600  -10.706 0.6999999881
6541  -9.720  -88.287  -12.024 0.6999999881
3942  -5.391  -92.253  -10.949 1.0000000000
4541  -4.466  -92.078  -11.453 1.0000000000
4532  -4.025  -91.507  -10.594 1.0000000000
5161  -3.665  -90.904  -11.108 1.0000000000
5836  -3.605  -89.611  -12.461 1.0000000000
5863  -2.806  -89.221  -16.057 0.8000000119
6947  -15.406  -88.828  -39.864 0.8999999762
7690  -18.094  -87.663  -40.881 0.6000000238
8471  -18.306  -86.553  -41.355 0.6000000238
9260  -19.912  -86.290  -42.250 0.6000000238
8488  -20.322  -87.037  -42.406 0.6000000238
6766  -29.402  -88.709  -27.099 0.2000000030
7638  -21.713  -87.432  -37.357 0.5000000000
8397  -22.626  -86.709  -35.564 0.5000000000
6023  -30.034  -89.281  -26.716 0.2000000030
8474  -20.749  -86.410  -41.844 0.6000000238
7705  -21.077  -87.357  -41.611 0.6000000238
6935  -21.526  -87.879  -38.556 0.5000000000
7658  -22.718  -86.712  -38.415 0.5000000000
8392  -22.466  -86.998  -34.430 0.5000000000
7693  -21.766  -87.298  -40.464 0.5000000000
7588  -22.098  -87.193  -33.431 0.4000000060
6024  -31.027  -89.064  -26.530 0.2000000030
7587  -21.358  -87.531  -33.574 0.4000000060
6848  -20.623  -88.168  -32.704 0.5000000000
6103  -19.023  -90.429  -32.650 0.6000000238
6083  -20.025  -89.361  -32.078 0.6000000238
2668  -17.264  -95.348  -33.297 0.8999999762
3124  -17.137  -94.429  -33.322 0.8999999762
3643  -17.898  -93.582  -32.844 0.6999999881
4843  -18.679  -92.282  -32.620 0.6999999881
5431  -20.058  -89.803  -31.901 0.6000000238
3126  -20.400  -94.625  -33.352 0.6000000238
3645  -19.862  -93.872  -32.623 0.6000000238
3655  -20.776  -93.445  -33.433 0.5000000000
4258  -20.674  -92.458  -33.169 0.5000000000
4872  -20.941  -90.920  -34.283 0.6000000238
4859  -21.290  -90.821  -33.257 0.5000000000
5480  -22.318  -89.724  -35.376 0.6000000238
6150  -23.004  -89.456  -35.584 0.6000000238
6177  -23.840  -89.417  -37.004 0.5000000000
6922  -24.766  -88.854  -37.081 0.6000000238
7225  -5.965  -87.035  -7.761 0.6999999881
6487  -5.795  -88.225  -8.547 0.6999999881
5798  -5.238  -89.910  -8.768 1.0000000000
4521  -5.452  -91.511  -9.906 1.0000000000
4520  -4.528  -91.392  -9.745 1.0000000000
5139  -3.523  -90.330  -9.357 1.0000000000
5153  -3.556  -90.599  -10.252 1.0000000000
5824  -3.566  -89.822  -11.127 1.0000000000
6520  -3.085  -88.596  -10.810 1.0000000000
6538  -3.625  -88.679  -11.754 1.0000000000
6575  -3.097  -88.537  -14.389 0.8999999762
6554  -3.925  -88.415  -12.893 0.8999999762
6614  -2.810  -88.397  -17.404 0.6999999881
6948  -16.215  -88.967  -39.425 0.8000000119
9241  -18.539  -85.683  -41.606 0.6000000238
6932  -17.307  -87.865  -39.026 0.8000000119
7652  -14.926  -87.595  -38.682 0.8000000119
9243  -20.405  -85.539  -41.558 0.6000000238
9226  -21.340  -85.474  -40.887 0.6000000238
8433  -14.535  -86.574  -38.721 0.8999999762
7653  -15.795  -87.815  -38.249 0.8000000119
7627  -22.130  -87.088  -36.470 0.5000000000
7634  -15.347  -87.269  -38.006 0.8000000119
7674  -22.429  -86.797  -39.405 0.5000000000
8435  -23.078  -86.108  -38.543 0.5000000000
8417  -23.138  -86.297  -37.644 0.5000000000
8398  -23.245  -86.051  -35.915 0.5000000000
6767  -30.470  -88.176  -27.110 0.2000000030
7489  -31.399  -87.307  -26.835 0.1000000015
9187  -15.374  -85.894  -37.017 0.8000000119
8458  -22.089  -86.248  -40.423 0.5000000000
9190  -23.402  -84.945  -37.562 0.4000000060
8393  -23.252  -86.253  -34.579 0.4000000060
7565  -22.707  -87.245  -32.481 0.3000000119
8355  -23.264  -86.730  -32.895 0.3000000119
6828  -21.166  -88.446  -31.943 0.5000000000
7564  -21.475  -87.603  -32.621 0.4000000060
2660  -17.892  -94.942  -32.867 0.6999999881
3644  -18.822  -93.778  -32.318 0.6999999881
4844  -19.546  -92.021  -32.231 0.6999999881
5432  -20.635  -90.078  -31.847 0.5000000000
6829  -22.115  -88.604  -31.839 0.5000000000
7546  -22.711  -87.930  -31.770 0.3000000119
7566  -23.673  -87.567  -32.079 0.3000000119
8356  -23.685  -86.768  -32.569 0.3000000119
4245  -19.270  -92.984  -32.339 0.6999999881
6106  -21.947  -89.735  -32.307 0.5000000000
4246  -20.122  -92.785  -32.643 0.6000000238
5471  -21.574  -90.306  -33.872 0.6000000238
7970  -5.343  -86.426  -6.516 0.6000000238
8802  -6.644  -86.080  -6.921 0.6000000238
8783  -5.803  -85.607  -5.664 0.5000000000
6475  -4.560  -88.049  -7.426 0.8999999762
5781  -4.071  -89.418  -7.995 1.0000000000
5125  -3.682  -90.051  -8.614 1.0000000000
5797  -3.052  -89.713  -8.848 1.0000000000
5812  -2.665  -88.989  -9.446 1.0000000000
7313  -3.869  -87.848  -13.797 0.8999999762
7282  -3.130  -87.787  -11.436 1.0000000000
6613  -2.612  -87.752  -16.805 0.6999999881
6584  -2.672  -88.095  -15.383 0.8000000119
7673  -17.711  -87.200  -39.477 0.6999999881
8457  -17.955  -86.456  -40.441 0.6000000238
9997  -18.728  -84.716  -41.654 0.6000000238
9998  -19.711  -84.667  -41.371 0.6999999881
9240  -17.937  -85.601  -41.083 0.6000000238
9984  -20.947  -84.526  -40.613 0.5000000000
6783  -29.522  -88.026  -27.338 0.2000000030
7636  -16.730  -87.063  -37.740 0.8000000119
9224  -17.793  -85.485  -40.114 0.6000000238
9985  -21.597  -84.768  -40.268 0.5000000000
8434  -17.653  -86.224  -38.492 0.8000000119
9968  -22.003  -84.347  -39.471 0.5000000000
9172  -23.483  -85.259  -36.510 0.4000000060
9905  -23.454  -84.547  -35.679 0.4000000060
9162  -23.500  -85.360  -35.220 0.4000000060
7488  -30.591  -86.975  -27.242 0.1000000015
9186  -14.671  -85.766  -37.720 0.8000000119
8403  -16.209  -86.158  -36.812 0.8000000119
9215  -22.569  -85.284  -39.435 0.5000000000
9954  -22.710  -84.236  -38.443 0.4000000060
9923  -23.266  -84.221  -36.837 0.5000000000
9148  -23.877  -85.516  -34.059 0.4000000060
9168  -15.100  -85.423  -36.800 0.8000000119
9169  -15.831  -85.580  -36.385 0.8000000119
10771  -22.453  -83.570  -37.517 0.5000000000
8378  -23.708  -86.230  -33.311 0.3000000119
9108  -24.874  -85.838  -32.078 0.2000000030
6830  -23.082  -88.626  -31.916 0.3000000119
5462  -21.723  -90.329  -33.083 0.5000000000
5450  -21.945  -89.972  -32.723 0.5000000000
6087  -22.899  -89.236  -32.152 0.5000000000
6851  -25.024  -88.349  -32.877 0.5000000000
5479  -21.433  -90.304  -35.135 0.6000000238
6138  -23.138  -89.446  -34.550 0.6000000238
6164  -24.211  -89.139  -36.097 0.6000000238
6936  -24.873  -88.512  -38.683 0.5000000000
6953  -25.459  -88.027  -39.635 0.3000000119
6937  -25.752  -87.919  -38.724 0.3000000119
7206  -4.650  -87.181  -6.614 0.8000000119
7951  -4.066  -86.107  -5.635 0.8999999762
5767  -3.551  -88.963  -7.704 1.0000000000
7205  -3.944  -87.352  -6.432 0.8999999762
7221  -2.783  -87.559  -7.231 1.0000000000
7990  -2.387  -86.306  -7.557 1.0000000000
5766  -2.970  -88.827  -7.789 1.0000000000
6500  -2.539  -88.484  -9.010 1.0000000000
8010  -2.209  -86.278  -8.584 1.0000000000
8025  -2.191  -86.608  -9.425 1.0000000000
7248  -2.355  -87.612  -9.686 1.0000000000
8036  -2.278  -86.781  -10.430 1.0000000000
8060  -4.066  -86.790  -13.005 0.8999999762
8044  -2.608  -86.875  -11.340 1.0000000000
7350  -2.800  -86.881  -16.392 0.6000000238
7327  -4.026  -86.875  -14.495 0.6999999881
10823  -19.072  -83.710  -41.533 0.6999999881
11683  -19.386  -82.925  -41.200 0.6999999881
11673  -19.171  -82.131  -40.893 0.5000000000
9996  -17.949  -84.731  -41.631 0.6000000238
11643  -20.078  -82.232  -38.480 0.5000000000
11626  -19.890  -81.915  -37.811 0.4000000060
10798  -20.954  -83.607  -39.774 0.6000000238
7504  -29.811  -87.375  -27.418 0.1000000015
9213  -17.720  -85.384  -39.048 0.8000000119
8445  -17.875  -86.159  -39.504 0.6000000238
10782  -21.043  -83.118  -38.826 0.5000000000
11644  -20.667  -82.664  -38.380 0.5000000000
11628  -21.192  -82.845  -37.429 0.5000000000
9888  -23.611  -84.693  -34.504 0.3000000119
9889  -24.066  -84.947  -33.745 0.2000000030
9939  -14.172  -84.852  -37.617 0.8999999762
9171  -17.296  -85.511  -36.674 0.8000000119
9940  -17.470  -84.815  -37.324 0.6999999881
10758  -23.104  -83.884  -35.856 0.4000000060
10741  -23.150  -84.073  -34.990 0.2000000030
9160  -17.093  -85.289  -35.803 0.8000000119
10757  -22.530  -83.528  -36.437 0.4000000060
10722  -22.604  -83.805  -34.293 0.1000000015
9117  -24.730  -85.067  -32.037 0.2000000030
9118  -26.447  -85.288  -31.884 0.2000000030
8358  -25.464  -86.715  -32.043 0.2000000030
8339  -25.725  -85.962  -31.834 0.2000000030
6126  -23.753  -89.270  -33.529 0.6000000238
6127  -24.503  -88.881  -33.569 0.5000000000
6871  -25.666  -88.272  -33.602 0.3000000119
7568  -25.866  -87.573  -32.635 0.3000000119
8360  -27.223  -86.024  -32.837 0.2000000030
9135  -27.508  -85.417  -33.593 0.2000000030
6898  -25.162  -88.729  -34.811 0.4000000060
6888  -25.670  -88.448  -34.395 0.3000000119
7609  -26.651  -87.937  -34.778 0.2000000030
7591  -27.259  -87.196  -34.004 0.2000000030
9150  -27.724  -85.472  -35.001 0.2000000030
9890  -27.383  -84.456  -34.550 0.2000000030
6152  -24.476  -88.919  -35.111 0.6000000238
6899  -25.702  -88.563  -35.209 0.3000000119
7620  -26.913  -87.810  -35.563 0.3000000119
8394  -27.618  -86.589  -34.534 0.2000000030
9163  -27.642  -85.391  -36.116 0.2000000030
6910  -25.035  -88.862  -35.760 0.5000000000
7628  -27.081  -87.562  -36.467 0.3000000119
7629  -27.544  -86.896  -36.576 0.3000000119
8399  -27.761  -86.305  -35.763 0.3000000119
6923  -25.922  -88.141  -37.541 0.4000000060
7659  -26.453  -87.490  -38.366 0.2000000030
8448  -26.974  -86.115  -39.212 0.1000000015
7676  -26.141  -87.545  -39.394 0.2000000030
9535  -5.674  -84.610  -4.057 0.4000000060
10302  -4.406  -83.307  -2.083 0.5000000000
8768  -5.336  -84.994  -4.771 0.5000000000
10328  -4.304  -83.965  -3.943 0.8000000119
10314  -4.473  -83.583  -3.101 0.5000000000
10313  -3.621  -82.897  -2.774 0.6000000238
8766  -3.902  -84.897  -4.847 0.8000000119
11137  -3.371  -82.076  -2.331 0.6999999881
7949  -3.045  -86.057  -6.074 1.0000000000
8781  -3.665  -85.245  -5.197 1.0000000000
8792  -2.600  -85.498  -6.721 1.0000000000
8801  -2.445  -85.277  -7.484 1.0000000000
8815  -2.308  -85.440  -8.283 1.0000000000
8842  -2.197  -85.928  -10.093 1.0000000000
9580  -2.360  -84.592  -8.952 1.0000000000
8058  -2.570  -86.278  -11.771 0.8999999762
8851  -2.190  -85.818  -11.131 1.0000000000
8093  -3.678  -86.221  -15.588 0.6999999881
8071  -4.188  -86.314  -13.771 0.6999999881
10831  -18.030  -82.788  -42.335 0.6999999881
12638  -18.690  -81.406  -41.294 0.6000000238
12628  -19.050  -81.258  -40.405 0.5000000000
10822  -18.146  -83.680  -42.050 0.6999999881
11660  -19.420  -81.956  -39.981 0.5000000000
12608  -19.283  -81.048  -38.863 0.5000000000
13467  -19.556  -80.557  -37.608 0.3000000119
12573  -19.857  -81.279  -36.922 0.3000000119
13448  -19.875  -80.932  -36.170 0.2000000030
9966  -17.357  -84.737  -39.661 0.6999999881
11627  -20.396  -82.283  -37.453 0.3000000119
11614  -20.380  -82.320  -36.418 0.3000000119
9952  -17.196  -84.506  -38.474 0.6000000238
11600  -20.869  -82.896  -36.246 0.4000000060
9872  -23.589  -84.426  -33.467 0.2000000030
9918  -13.774  -84.279  -36.625 0.8000000119
10739  -21.366  -83.245  -35.551 0.4000000060
10703  -22.963  -83.980  -33.571 0.1000000015
9858  -24.344  -84.649  -32.155 0.2000000030
9901  -14.904  -84.409  -35.688 0.8000000119
9903  -16.683  -84.761  -35.301 0.8000000119
9921  -17.457  -84.634  -36.316 0.6999999881
10681  -23.106  -83.675  -32.478 0.1000000015
10682  -23.841  -84.158  -32.201 0.2000000030
10702  -22.146  -83.689  -33.329 0.1000000015
11542  -23.663  -82.703  -31.555 0.1000000015
9173  -27.424  -85.367  -37.074 0.2000000030
6911  -25.753  -88.568  -36.256 0.4000000060
8407  -27.658  -86.105  -36.756 0.2000000030
6924  -26.654  -87.793  -37.119 0.4000000060
7642  -27.465  -86.587  -37.278 0.3000000119
8437  -27.278  -85.644  -38.213 0.1000000015
7660  -27.020  -86.800  -38.454 0.1000000015
8449  -27.160  -85.697  -38.665 0.1000000015
9228  -26.215  -85.361  -40.039 0.1000000015
9533  -3.814  -84.473  -4.589 0.8000000119
11158  -3.016  -82.521  -4.239 0.6999999881
10326  -2.964  -83.525  -4.777 0.8000000119
11157  -2.821  -82.798  -4.919 1.0000000000
9557  -2.671  -84.634  -6.104 1.0000000000
9563  -2.524  -84.534  -7.003 1.0000000000
11184  -2.676  -82.646  -6.254 1.0000000000
10360  -2.541  -83.616  -7.452 1.0000000000
11205  -2.689  -82.748  -7.899 1.0000000000
11212  -2.805  -82.705  -8.932 1.0000000000
10376  -2.509  -83.620  -9.564 1.0000000000
8881  -3.780  -85.128  -14.484 0.6000000238
8862  -3.182  -85.813  -12.850 0.8999999762
9609  -2.281  -84.412  -11.530 0.8999999762
13485  -19.036  -80.433  -39.934 0.5000000000
14337  -19.122  -79.766  -38.818 0.4000000060
14327  -19.378  -79.610  -38.103 0.3000000119
12648  -18.075  -81.538  -42.066 0.6000000238
13447  -19.816  -80.782  -36.823 0.3000000119
14316  -20.049  -80.115  -36.188 0.1000000015
13430  -20.077  -80.664  -35.416 0.1000000015
10821  -17.231  -83.873  -41.745 0.6999999881
10830  -17.447  -83.027  -42.327 0.6999999881
13415  -20.527  -80.353  -34.576 0.1000000015
13416  -21.313  -80.288  -33.767 0.1000000015
11599  -20.401  -82.622  -35.420 0.2000000030
12565  -19.957  -81.648  -35.756 0.2000000030
12536  -20.985  -81.377  -33.469 0.1000000015
10751  -11.458  -82.916  -36.849 0.8000000119
10752  -12.508  -83.634  -36.473 0.8999999762
9965  -16.803  -84.133  -39.296 0.6999999881
11659  -15.841  -82.947  -39.663 0.6999999881
12535  -20.572  -82.136  -33.987 0.2000000030
12514  -22.318  -81.331  -32.374 0.1000000015
10753  -13.304  -83.968  -36.134 0.8000000119
9900  -14.076  -84.144  -35.884 0.8000000119
10769  -17.117  -84.048  -37.519 0.6000000238
10780  -16.697  -83.832  -38.563 0.6999999881
10721  -21.433  -83.297  -34.264 0.3000000119
11558  -21.323  -82.340  -32.615 0.1000000015
9904  -17.256  -84.548  -35.577 0.6999999881
11613  -17.249  -83.338  -36.274 0.6999999881
11559  -22.278  -82.634  -32.052 0.1000000015
11544  -25.525  -82.721  -31.497 0.1000000015
10665  -24.161  -83.834  -31.656 0.1000000015
9884  -15.337  -84.043  -34.807 0.8000000119
12500  -24.267  -82.058  -31.499 0.1000000015
11198  -2.920  -82.106  -7.266 1.0000000000
12137  -3.555  -81.640  -7.363 1.0000000000
12123  -3.956  -81.247  -6.504 1.0000000000
12148  -3.960  -81.624  -8.284 1.0000000000
10389  -2.465  -83.564  -10.715 1.0000000000
11213  -3.532  -81.964  -9.287 1.0000000000
9644  -3.144  -84.497  -14.715 0.5000000000
9617  -2.501  -84.380  -12.667 0.6000000238
8870  -2.847  -85.131  -13.061 0.8000000119
14356  -18.470  -79.615  -40.857 0.5000000000
13501  -18.274  -80.498  -41.476 0.6000000238
15165  -19.162  -79.024  -39.532 0.4000000060
14315  -19.813  -79.580  -37.067 0.3000000119
15140  -20.000  -78.314  -35.320 0.1000000015
14300  -20.248  -79.657  -35.365 0.1000000015
14282  -20.680  -79.424  -34.379 0.1000000015
14269  -21.826  -79.143  -32.689 0.1000000015
12587  -9.719  -81.406  -38.044 0.8000000119
11681  -16.090  -82.372  -41.757 0.6000000238
12647  -17.259  -81.401  -42.354 0.6000000238
12537  -21.743  -81.013  -33.045 0.1000000015
14284  -21.958  -79.919  -33.182 0.1000000015
14270  -22.416  -79.772  -32.804 0.1000000015
11671  -15.487  -82.082  -41.160 0.6000000238
12637  -15.899  -81.712  -41.792 0.6000000238
12515  -23.112  -81.201  -31.982 0.1000000015
14271  -23.040  -79.985  -32.704 0.1000000015
14258  -23.610  -79.511  -32.172 0.1000000015
13389  -24.398  -80.542  -32.098 0.1000000015
10734  -12.795  -83.778  -35.501 0.8000000119
12618  -15.672  -82.115  -39.171 0.6999999881
12606  -15.238  -81.395  -38.619 0.6000000238
12499  -23.433  -81.781  -31.669 0.1000000015
12516  -23.918  -81.244  -31.889 0.1000000015
12572  -16.233  -82.027  -36.832 0.6999999881
12590  -16.099  -82.189  -37.657 0.6999999881
12517  -25.109  -81.619  -31.716 0.1000000015
11561  -25.803  -82.169  -31.843 0.1000000015
9886  -16.973  -84.114  -34.857 0.6999999881
11585  -16.939  -82.811  -35.149 0.6999999881
12564  -16.434  -81.782  -35.920 0.6999999881
12519  -26.842  -81.198  -32.679 0.1000000015
10406  -2.500  -83.501  -11.465 1.0000000000
11223  -2.926  -82.712  -10.078 1.0000000000
10462  -2.799  -83.966  -15.358 0.4000000060
10416  -2.574  -83.471  -12.157 0.6999999881
15166  -19.185  -78.768  -38.988 0.4000000060
16052  -19.910  -77.202  -35.178 0.1000000015
16039  -20.220  -77.239  -34.463 0.1000000015
16027  -20.894  -77.876  -32.682 0.1000000015
15995  -21.369  -78.129  -31.117 0.1000000015
15981  -21.896  -77.737  -30.213 0.1000000015
15189  -18.307  -78.707  -41.077 0.4000000060
15156  -19.416  -78.557  -37.791 0.3000000119
15121  -20.672  -78.441  -33.896 0.1000000015
15122  -21.214  -78.812  -33.188 0.1000000015
15090  -21.921  -78.696  -32.019 0.1000000015
15075  -22.242  -78.565  -31.041 0.1000000015
15982  -22.916  -77.760  -30.084 0.1000000015
13512  -17.651  -80.405  -42.034 0.6000000238
14369  -18.113  -79.550  -41.618 0.5000000000
13462  -9.115  -80.790  -37.454 0.8000000119
13442  -9.146  -80.834  -36.449 0.8000000119
14379  -16.436  -80.059  -41.859 0.5000000000
15091  -22.800  -78.954  -31.742 0.1000000015
15076  -23.079  -78.723  -31.116 0.1000000015
15983  -23.721  -77.406  -30.475 0.1000000015
16937  -23.319  -76.356  -29.908 0.1000000015
12570  -9.579  -81.370  -36.928 0.8000000119
15092  -23.378  -78.964  -31.649 0.1000000015
15066  -24.228  -78.113  -30.873 0.1000000015
16949  -23.811  -76.477  -30.709 0.1000000015
11596  -10.326  -82.607  -36.080 0.8000000119
14244  -24.517  -79.253  -31.680 0.1000000015
12627  -15.005  -81.612  -40.678 0.5000000000
11658  -15.429  -82.239  -40.202 0.6000000238
13391  -26.571  -80.487  -32.082 0.1000000015
14246  -26.435  -79.560  -31.717 0.1000000015
10735  -13.540  -83.778  -35.150 0.8000000119
10716  -14.816  -83.593  -34.011 0.8000000119
10717  -15.682  -83.622  -34.027 0.8000000119
14261  -27.191  -79.685  -32.287 0.1000000015
12571  -15.828  -81.431  -36.403 0.6000000238
15094  -27.472  -79.326  -33.544 0.1000000015
13392  -27.215  -80.542  -32.855 0.1000000015
13406  -27.460  -80.554  -33.741 0.1000000015
11584  -16.680  -82.527  -34.604 0.8000000119
15107  -27.050  -78.377  -33.994 0.1000000015
15125  -27.016  -78.868  -34.479 0.1000000015
11970  -7.307  -82.046  1.505 0.4000000060
11104  -7.641  -82.030  0.011 0.5000000000
12004  -8.321  -81.897  -0.663 0.6999999881
12002  -6.393  -81.733  -0.231 0.6000000238
12023  -7.729  -81.918  -1.492 0.6999999881
12042  -8.193  -81.801  -2.454 0.8000000119
12138  -4.481  -81.453  -7.434 1.0000000000
11224  -3.741  -82.208  -10.478 1.0000000000
10427  -2.624  -83.381  -13.194 0.5000000000
17004  -19.958  -76.486  -34.668 0.1000000015
16011  -20.686  -77.268  -32.292 0.1000000015
15994  -20.807  -77.343  -31.360 0.1000000015
16948  -21.168  -76.984  -30.065 0.1000000015
16103  -19.070  -77.458  -39.568 0.4000000060
16087  -19.342  -77.578  -38.543 0.4000000060
16051  -19.570  -77.329  -35.816 0.1000000015
16936  -22.639  -76.463  -29.533 0.1000000015
17100  -18.433  -76.595  -40.183 0.4000000060
17087  -18.852  -76.473  -39.200 0.4000000060
12560  -9.356  -81.571  -35.932 0.8000000119
15228  -17.255  -79.132  -41.830 0.5000000000
11595  -9.707  -82.591  -35.464 0.8999999762
13509  -15.594  -80.516  -41.763 0.5000000000
16950  -24.101  -77.098  -30.893 0.1000000015
10732  -10.660  -83.343  -35.440 0.8999999762
10713  -11.352  -84.102  -34.072 0.8000000119
13499  -14.579  -80.430  -41.226 0.5000000000
15079  -26.071  -78.729  -31.502 0.1000000015
16963  -24.477  -76.979  -31.470 0.1000000015
10714  -12.728  -83.854  -34.331 0.8000000119
10696  -12.256  -83.984  -33.136 0.8000000119
12616  -14.564  -81.115  -40.165 0.5000000000
15998  -26.408  -78.301  -31.759 0.1000000015
15997  -25.784  -77.769  -31.677 0.1000000015
16980  -25.200  -77.072  -32.129 0.1000000015
10715  -13.854  -83.600  -34.085 0.8000000119
10698  -14.278  -83.323  -33.113 0.8000000119
13484  -14.003  -80.835  -39.594 0.5000000000
16029  -26.669  -77.892  -33.285 0.1000000015
16013  -25.998  -77.383  -32.663 0.1000000015
12533  -15.492  -81.835  -33.688 0.8000000119
13428  -15.024  -81.025  -35.978 0.6999999881
16028  -25.915  -77.485  -33.711 0.1000000015
12549  -15.638  -81.418  -34.536 0.8000000119
17006  -25.134  -77.219  -34.408 0.1000000015
15124  -26.411  -78.510  -34.734 0.1000000015
18086  -23.557  -75.834  -35.288 0.1000000015
16054  -25.301  -77.663  -35.351 0.1000000015
19135  -23.331  -73.817  -35.649 0.1000000015
11971  -7.964  -81.886  0.951 0.4000000060
11956  -7.382  -81.937  2.408 0.4000000060
11986  -8.329  -81.786  0.266 0.6000000238
12918  -9.114  -81.231  -0.543 0.6999999881
12024  -8.580  -81.686  -1.582 0.8000000119
12060  -7.854  -81.975  -3.505 0.8999999762
12062  -9.066  -81.132  -2.705 0.8000000119
12081  -7.437  -82.078  -4.603 1.0000000000
12104  -6.875  -81.871  -5.630 1.0000000000
12139  -5.574  -81.550  -7.508 1.0000000000
12149  -4.930  -81.592  -8.325 1.0000000000
11214  -4.482  -81.882  -9.802 1.0000000000
11243  -3.016  -82.733  -11.431 0.8000000119
11225  -4.763  -82.275  -10.665 1.0000000000
11262  -2.991  -82.632  -12.671 0.6999999881
16976  -19.340  -76.309  -32.879 0.1000000015
16977  -20.129  -76.636  -32.659 0.1000000015
16961  -20.247  -76.650  -31.665 0.1000000015
17047  -18.880  -76.339  -37.425 0.2000000030
18097  -19.016  -76.300  -36.136 0.2000000030
17003  -19.380  -76.030  -34.669 0.1000000015
17032  -18.614  -76.219  -36.485 0.2000000030
18070  -18.762  -75.995  -35.339 0.2000000030
16990  -18.914  -76.112  -33.735 0.1000000015
13423  -8.707  -80.403  -35.641 0.8000000119
16137  -17.201  -77.834  -41.273 0.5000000000
16119  -17.775  -77.073  -40.937 0.4000000060
17086  -17.976  -76.036  -39.424 0.3000000119
18000  -22.992  -75.663  -29.445 0.1000000015
12545  -9.094  -81.917  -34.976 0.8999999762
15226  -16.074  -79.666  -41.797 0.5000000000
16962  -23.869  -76.188  -31.714 0.1000000015
15206  -15.520  -79.110  -41.634 0.5000000000
16134  -14.360  -78.048  -40.986 0.4000000060
16978  -23.748  -76.130  -32.242 0.1000000015
19061  -23.497  -74.537  -31.465 0.1000000015
10711  -9.770  -83.443  -33.843 0.8999999762
13491  -14.040  -80.420  -40.637 0.5000000000
14366  -13.734  -79.200  -41.074 0.5000000000
18052  -23.695  -76.152  -32.538 0.1000000015
10678  -13.591  -83.145  -32.701 0.8000000119
13483  -13.211  -80.288  -39.975 0.5000000000
16993  -25.017  -77.057  -33.184 0.1000000015
13465  -14.453  -80.933  -37.491 0.5000000000
13473  -13.453  -80.616  -38.866 0.5000000000
18061  -23.109  -75.356  -33.549 0.1000000015
12548  -14.709  -81.486  -34.173 0.8000000119
13463  -12.801  -80.504  -38.127 0.5000000000
18073  -23.674  -76.019  -34.262 0.1000000015
13444  -13.946  -80.872  -36.942 0.6000000238
18072  -23.042  -75.191  -34.599 0.1000000015
20261  -24.231  -73.411  -35.323 0.1000000015
20288  -26.061  -73.741  -35.891 0.1000000015
13762  -8.913  -79.711  1.364 0.4000000060
13785  -9.355  -80.337  -1.296 0.6999999881
13771  -9.171  -79.885  0.313 0.5000000000
12061  -8.806  -81.351  -3.323 1.0000000000
12106  -8.602  -81.872  -5.117 1.0000000000
12126  -7.359  -81.771  -6.637 1.0000000000
12140  -6.669  -81.726  -7.608 1.0000000000
12159  -5.229  -81.792  -9.178 1.0000000000
12160  -6.136  -82.040  -9.383 1.0000000000
11216  -6.174  -82.221  -10.149 0.8999999762
11227  -6.512  -82.251  -10.795 0.8000000119
11244  -4.179  -82.379  -11.501 0.8000000119
11264  -4.833  -82.281  -12.532 0.8000000119
18050  -18.876  -76.196  -32.275 0.1000000015
17031  -17.650  -76.293  -36.412 0.3000000119
14296  -7.966  -79.289  -35.379 0.8999999762
17085  -16.839  -76.129  -39.520 0.4000000060
17067  -17.396  -76.234  -38.459 0.3000000119
17045  -16.725  -76.529  -37.254 0.3000000119
17016  -17.461  -76.494  -35.454 0.2000000030
13411  -8.554  -80.601  -34.567 0.8999999762
16118  -16.775  -76.937  -40.922 0.4000000060
17084  -15.646  -76.564  -39.692 0.4000000060
16117  -15.637  -77.031  -40.595 0.4000000060
17083  -14.436  -76.844  -39.373 0.4000000060
18051  -23.348  -75.478  -32.315 0.1000000015
10694  -10.420  -83.835  -33.245 0.8000000119
10676  -11.848  -83.361  -32.708 0.8000000119
15187  -13.112  -78.357  -40.639 0.4000000060
16101  -13.975  -77.218  -39.975 0.4000000060
20220  -25.353  -73.240  -33.313 0.1000000015
20193  -26.224  -73.426  -32.587 0.1000000015
11556  -13.305  -82.514  -32.672 0.8000000119
14354  -13.232  -79.472  -40.601 0.5000000000
19100  -23.097  -74.446  -33.005 0.1000000015
20219  -24.422  -73.423  -32.956 0.1000000015
20221  -26.361  -73.361  -33.670 0.1000000015
12532  -14.379  -81.992  -33.074 0.8000000119
13472  -12.697  -80.230  -39.167 0.5000000000
14345  -12.258  -79.469  -39.604 0.4000000060
19119  -23.120  -74.350  -33.992 0.1000000015
20241  -24.422  -73.279  -33.968 0.1000000015
13427  -13.944  -81.014  -35.886 0.6999999881
20260  -23.645  -73.678  -34.355 0.1000000015
20242  -25.437  -73.210  -34.400 0.1000000015
20262  -25.666  -73.455  -35.339 0.1000000015
14326  -12.069  -80.389  -37.440 0.5000000000
19136  -26.563  -74.075  -35.837 0.1000000015
19153  -26.279  -74.070  -36.583 0.1000000015
18087  -27.750  -74.945  -36.331 0.1000000015
13799  -9.340  -79.881  -1.855 0.8000000119
13784  -9.330  -80.039  -0.795 0.5000000000
14648  -9.075  -78.880  -0.801 0.5000000000
12984  -9.090  -80.641  -3.555 1.0000000000
13001  -9.073  -80.891  -4.542 1.0000000000
13019  -8.769  -81.286  -5.740 1.0000000000
13855  -8.653  -80.406  -5.531 1.0000000000
12127  -8.202  -81.558  -6.626 1.0000000000
12151  -6.921  -81.976  -8.660 1.0000000000
13886  -8.391  -80.551  -6.770 1.0000000000
13048  -8.105  -80.904  -8.096 1.0000000000
12141  -7.665  -81.594  -7.713 1.0000000000
13058  -7.661  -80.695  -9.189 0.8999999762
12161  -6.912  -81.941  -9.847 0.8000000119
15133  -6.452  -78.188  -35.495 0.8000000119
15118  -6.454  -77.632  -34.499 1.0000000000
18049  -18.153  -76.125  -32.124 0.2000000030
18017  -18.314  -75.147  -30.844 0.1000000015
15135  -7.587  -78.781  -34.676 0.8000000119
17015  -16.418  -76.853  -35.297 0.2000000030
16989  -17.896  -76.359  -33.681 0.2000000030
13399  -8.663  -80.814  -33.500 0.8999999762
16072  -15.902  -77.155  -36.825 0.4000000060
12528  -9.088  -81.813  -33.745 0.8999999762
17043  -14.356  -77.122  -37.521 0.4000000060
17065  -15.001  -76.787  -38.572 0.4000000060
10673  -9.674  -83.005  -32.933 0.8999999762
11553  -10.654  -82.546  -32.563 0.8999999762
12510  -11.768  -82.285  -32.864 0.8000000119
17082  -13.414  -77.108  -39.198 0.4000000060
16100  -13.095  -77.517  -39.855 0.4000000060
15186  -12.535  -78.630  -39.957 0.4000000060
12547  -13.547  -81.661  -34.147 0.8000000119
16099  -12.218  -77.426  -39.338 0.4000000060
20222  -27.310  -73.782  -33.992 0.1000000015
20223  -27.893  -74.150  -33.927 0.1000000015
13414  -13.352  -81.093  -34.996 0.8000000119
14334  -10.994  -79.946  -38.978 0.5000000000
19101  -27.847  -74.305  -34.440 0.1000000015
13426  -12.636  -80.605  -35.636 0.6999999881
14335  -11.968  -80.176  -38.568 0.5000000000
20243  -26.505  -73.575  -34.706 0.1000000015
13798  -9.076  -79.184  -1.551 0.8000000119
13810  -8.552  -79.173  -2.537 0.8999999762
15531  -8.598  -77.773  -1.090 0.5000000000
14647  -8.372  -78.121  -1.360 0.6000000238
15548  -7.689  -77.617  -1.542 0.5000000000
13824  -8.703  -79.914  -3.679 1.0000000000
13870  -8.298  -80.077  -6.326 1.0000000000
13885  -8.047  -80.114  -7.316 0.8999999762
20156  -19.336  -73.424  -31.260 0.1000000015
16022  -6.154  -77.222  -33.593 1.0000000000
15102  -6.789  -77.789  -33.320 1.0000000000
18047  -16.900  -75.389  -32.752 0.1000000015
19060  -18.006  -74.661  -31.095 0.1000000015
16987  -16.198  -76.105  -33.660 0.1000000015
16988  -16.953  -76.447  -33.601 0.2000000030
14280  -8.271  -79.961  -34.312 0.8999999762
17014  -15.504  -76.693  -35.071 0.3000000119
16986  -15.818  -75.620  -33.809 0.1000000015
16059  -13.610  -77.000  -36.237 0.3000000119
13400  -9.118  -81.324  -33.101 0.8999999762
12508  -10.402  -81.759  -32.551 0.8000000119
17042  -13.195  -76.881  -37.451 0.4000000060
12509  -11.245  -81.934  -32.804 0.8000000119
12546  -12.620  -81.748  -33.880 0.8000000119
17081  -12.788  -77.235  -39.144 0.4000000060
17063  -12.301  -76.668  -38.297 0.3000000119
13413  -12.538  -81.122  -34.564 0.8000000119
16098  -11.335  -77.675  -39.313 0.3000000119
14343  -10.547  -78.818  -39.357 0.4000000060
19121  -27.614  -74.557  -35.195 0.1000000015
13823  -7.603  -79.105  -3.413 0.8999999762
14676  -7.875  -78.563  -2.391 0.8999999762
14660  -7.482  -78.156  -1.999 0.8999999762
13838  -7.830  -79.519  -4.462 0.8999999762
16511  -8.137  -76.529  -1.640 0.6999999881
17542  -8.606  -76.012  -2.032 0.6999999881
13853  -7.057  -79.136  -5.293 0.8999999762
16983  -4.922  -77.063  -33.256 0.8000000119
19082  -17.791  -74.399  -31.821 0.1000000015
20189  -18.814  -73.172  -32.456 0.1000000015
15119  -7.260  -78.447  -33.981 0.8999999762
15087  -7.170  -78.875  -32.526 0.8999999762
19099  -16.998  -74.405  -33.181 0.1000000015
20188  -17.789  -73.807  -32.530 0.1000000015
14267  -8.122  -79.944  -33.272 0.8999999762
14254  -7.998  -79.911  -32.227 0.8999999762
13373  -8.553  -80.311  -31.502 0.8999999762
18069  -15.483  -75.219  -34.244 0.1000000015
19118  -16.870  -74.087  -33.880 0.1000000015
13383  -8.609  -80.473  -32.418 0.8999999762
13384  -9.317  -80.991  -32.449 0.8999999762
13385  -10.181  -81.132  -32.244 0.8000000119
17013  -14.618  -76.223  -35.278 0.3000000119
14255  -11.699  -80.080  -32.485 0.8000000119
17028  -13.088  -76.411  -36.450 0.2000000030
13412  -11.868  -80.616  -34.181 0.8000000119
18128  -11.685  -75.959  -37.777 0.2000000030
13425  -12.160  -80.389  -34.895 0.6999999881
17062  -11.121  -76.544  -38.576 0.3000000119
14298  -11.814  -79.846  -35.627 0.6000000238
14324  -10.360  -79.674  -38.096 0.5000000000
16083  -9.936  -77.548  -38.932 0.3000000119
14325  -11.266  -79.935  -37.841 0.5000000000
15164  -9.663  -78.355  -38.765 0.4000000060
14323  -9.618  -79.182  -38.111 0.5000000000
14675  -7.178  -78.417  -2.910 0.8999999762
13837  -6.997  -79.044  -4.171 0.8000000119
16492  -7.158  -77.096  -1.864 0.8000000119
16510  -7.601  -76.604  -2.092 0.8000000119
17566  -8.235  -75.863  -3.426 0.8000000119
17567  -9.458  -75.787  -3.320 0.8000000119
18006  -3.903  -75.391  -29.758 0.8999999762
18007  -4.530  -74.875  -30.312 0.8999999762
16954  -3.946  -76.324  -31.118 0.8999999762
18029  -5.386  -75.656  -31.635 1.0000000000
19030  -6.365  -75.212  -30.495 1.0000000000
16956  -5.551  -76.183  -32.171 0.8999999762
18030  -5.822  -75.884  -31.736 1.0000000000
15990  -6.553  -77.384  -31.438 1.0000000000
20217  -18.917  -72.909  -33.266 0.1000000015
21320  -20.481  -72.553  -32.326 0.1000000015
15086  -6.772  -78.365  -32.145 1.0000000000
14252  -7.072  -78.992  -31.229 1.0000000000
20239  -18.014  -72.968  -34.462 0.1000000015
20216  -18.185  -73.111  -33.623 0.1000000015
14241  -8.022  -79.999  -31.238 0.8999999762
20237  -16.620  -73.766  -34.885 0.2000000030
14239  -6.924  -79.192  -30.418 1.0000000000
13375  -9.987  -80.817  -31.577 0.8999999762
14242  -11.393  -80.225  -31.673 0.8999999762
18080  -14.021  -75.646  -35.497 0.2000000030
18095  -13.419  -75.391  -35.994 0.2000000030
14268  -11.829  -79.865  -33.485 0.8000000119
15104  -11.997  -78.891  -33.844 0.8000000119
18094  -12.605  -75.593  -36.572 0.2000000030
19146  -12.246  -74.731  -36.729 0.2000000030
15138  -10.989  -78.821  -35.487 0.6000000238
18110  -11.371  -75.446  -37.527 0.2000000030
18126  -10.465  -75.947  -38.319 0.3000000119
14312  -10.690  -79.593  -37.136 0.6000000238
16070  -8.730  -77.865  -37.595 0.4000000060
17060  -9.305  -76.791  -38.652 0.3000000119
14688  -6.444  -78.547  -3.699 0.8999999762
14659  -6.869  -78.021  -2.490 0.8999999762
14701  -6.228  -78.770  -4.661 0.8000000119
16509  -6.672  -76.810  -2.746 0.8000000119
17541  -7.372  -76.229  -2.925 0.8000000119
17590  -10.243  -75.650  -4.577 0.6999999881
17610  -11.256  -75.462  -5.336 0.8000000119
17564  -6.528  -76.135  -3.603 0.8999999762
17589  -8.914  -75.696  -4.334 0.8000000119
18689  -13.342  -74.397  -6.281 0.5000000000
19754  -13.817  -73.692  -5.757 0.5000000000
19755  -14.083  -73.149  -6.067 0.5000000000
19014  -4.897  -74.379  -29.360 1.0000000000
19015  -5.867  -74.565  -29.575 1.0000000000
18008  -5.357  -74.888  -31.054 1.0000000000
17968  -6.833  -75.633  -29.289 1.0000000000
16929  -6.218  -76.997  -30.129 1.0000000000
21321  -21.151  -72.115  -32.672 0.1000000015
22356  -21.736  -71.715  -32.154 0.1000000015
15071  -6.803  -78.324  -30.911 1.0000000000
21347  -19.534  -72.531  -34.371 0.1000000015
22368  -21.048  -71.902  -33.620 0.1000000015
22369  -21.449  -71.691  -33.388 0.1000000015
22381  -20.904  -71.824  -34.137 0.1000000015
14229  -7.583  -79.635  -29.869 0.8999999762
14232  -10.564  -80.051  -30.350 0.8999999762
20259  -17.048  -73.237  -35.779 0.2000000030
15089  -11.932  -78.893  -32.499 0.8000000119
20257  -15.904  -74.024  -35.923 0.2000000030
16025  -11.487  -78.210  -33.145 0.8000000119
16038  -11.362  -78.112  -34.425 0.6999999881
19149  -15.030  -74.236  -36.428 0.2000000030
16045  -9.918  -77.794  -35.200 0.6000000238
16058  -8.726  -77.876  -36.579 0.6000000238
19147  -13.082  -74.513  -36.392 0.2000000030
20281  -13.776  -73.574  -36.783 0.2000000030
21400  -15.188  -72.635  -37.526 0.2000000030
21402  -16.668  -72.537  -38.062 0.2000000030
15145  -10.154  -79.028  -36.414 0.6000000238
16069  -8.156  -77.212  -37.104 0.4000000060
20304  -11.903  -74.161  -36.912 0.2000000030
20280  -12.625  -73.643  -36.698 0.2000000030
22436  -16.554  -71.790  -38.021 0.2000000030
23496  -17.415  -70.899  -37.903 0.2000000030
15154  -9.312  -78.680  -37.181 0.6000000238
18108  -9.830  -75.313  -38.063 0.3000000119
20279  -11.668  -73.426  -36.895 0.2000000030
22434  -14.868  -72.247  -37.315 0.2000000030
24527  -18.672  -70.130  -37.594 0.2000000030
21382  -13.418  -72.633  -36.733 0.2000000030
22416  -14.381  -71.754  -36.772 0.2000000030
23479  -16.895  -70.505  -37.077 0.2000000030
23494  -15.784  -71.064  -36.994 0.2000000030
14716  -5.476  -78.395  -5.179 0.8000000119
14700  -5.534  -78.312  -4.294 0.8999999762
15566  -5.855  -77.210  -3.385 0.8999999762
16529  -6.042  -76.587  -3.448 0.8999999762
17563  -5.549  -76.097  -3.943 0.8999999762
17586  -5.929  -75.641  -4.342 0.8999999762
17588  -7.832  -75.699  -4.332 0.8999999762
18636  -8.352  -75.319  -5.080 0.8999999762
18638  -10.123  -75.264  -5.324 0.6999999881
18663  -10.632  -74.993  -5.790 0.6000000238
18687  -11.885  -74.657  -6.264 0.6000000238
19780  -12.823  -74.118  -6.847 0.6000000238
19795  -13.228  -73.706  -7.168 0.5000000000
20928  -13.716  -73.100  -7.469 0.5000000000
20929  -14.521  -72.336  -7.454 0.5000000000
23027  -14.913  -70.335  -7.103 0.5000000000
16919  -3.583  -75.765  -28.374 0.8999999762
19000  -5.683  -74.242  -28.584 1.0000000000
19001  -6.704  -74.782  -28.778 1.0000000000
15954  -8.550  -77.014  -27.599 1.0000000000
16920  -6.831  -76.307  -28.446 1.0000000000
21348  -20.230  -72.241  -34.236 0.2000000030
14219  -6.886  -79.117  -28.983 1.0000000000
21362  -18.638  -72.648  -35.621 0.2000000030
21364  -19.941  -72.238  -34.876 0.2000000030
15055  -9.323  -79.458  -29.618 0.8999999762
15073  -11.282  -78.554  -31.302 0.8999999762
22399  -20.001  -72.121  -35.846 0.2000000030
22400  -20.444  -71.830  -35.450 0.2000000030
16009  -10.956  -77.905  -32.196 0.8000000119
20308  -17.238  -72.999  -37.039 0.2000000030
21385  -18.518  -72.565  -36.524 0.2000000030
21405  -19.133  -72.294  -36.995 0.2000000030
16024  -10.757  -77.611  -33.475 0.6999999881
20307  -16.658  -73.067  -37.343 0.2000000030
21404  -18.497  -72.359  -37.443 0.2000000030
16036  -9.633  -77.373  -34.727 0.6000000238
20282  -14.942  -73.516  -37.235 0.2000000030
22438  -18.410  -72.007  -38.232 0.2000000030
16043  -8.353  -77.196  -35.468 0.6000000238
22451  -18.147  -71.540  -38.609 0.2000000030
17026  -7.953  -76.386  -36.528 0.5000000000
18093  -8.083  -75.532  -37.053 0.4000000060
19166  -9.341  -74.905  -37.410 0.4000000060
20278  -10.581  -73.697  -36.788 0.2000000030
24512  -17.707  -69.733  -36.834 0.2000000030
24514  -19.574  -69.074  -36.968 0.2000000030
21381  -12.292  -72.549  -36.580 0.2000000030
22415  -12.991  -71.509  -36.224 0.2000000030
24511  -16.584  -69.957  -36.482 0.2000000030
26625  -19.938  -67.663  -36.353 0.2000000030
27766  -20.707  -66.473  -36.064 0.2000000030
23475  -13.836  -70.869  -36.084 0.2000000030
25552  -18.464  -68.857  -36.280 0.2000000030
26614  -19.362  -67.634  -35.722 0.2000000030
27751  -20.373  -66.600  -35.480 0.2000000030
23461  -14.082  -69.989  -35.772 0.3000000119
24494  -15.745  -69.480  -35.913 0.2000000030
25551  -17.784  -68.949  -36.067 0.2000000030
25538  -18.125  -68.453  -35.556 0.2000000030
26613  -18.709  -68.054  -35.221 0.2000000030
26597  -19.853  -67.010  -35.107 0.2000000030
14715  -4.865  -77.913  -4.820 0.8000000119
15585  -5.109  -77.068  -4.071 0.8999999762
14729  -4.699  -78.086  -5.793 0.8000000119
15596  -4.468  -76.705  -4.359 0.8000000119
17585  -5.108  -75.473  -4.327 0.8999999762
18635  -7.318  -75.232  -4.997 0.8999999762
18662  -9.798  -74.837  -5.754 0.6999999881
19752  -10.388  -74.285  -6.114 0.6999999881
19779  -11.466  -73.910  -6.665 0.6000000238
19794  -12.604  -73.443  -7.257 0.6000000238
20945  -14.230  -72.334  -8.138 0.5000000000
22030  -14.855  -71.653  -8.538 0.5000000000
23037  -15.392  -70.227  -8.019 0.5000000000
18982  -3.695  -74.765  -27.149 0.8999999762
18967  -4.988  -74.489  -26.594 1.0000000000
18952  -5.555  -74.925  -25.634 1.0000000000
17951  -3.553  -75.154  -27.526 0.8000000119
18999  -4.697  -74.221  -28.296 0.8999999762
18968  -6.094  -74.402  -26.694 1.0000000000
18985  -6.438  -74.453  -27.753 1.0000000000
17938  -7.682  -74.867  -26.342 1.0000000000
18970  -7.874  -74.908  -27.215 1.0000000000
17939  -8.294  -75.165  -26.644 1.0000000000
17969  -7.139  -75.382  -28.405 1.0000000000
17953  -8.196  -75.542  -27.426 1.0000000000
16910  -7.904  -76.248  -27.661 1.0000000000
16911  -8.805  -76.205  -27.604 1.0000000000
17955  -10.287  -75.809  -27.465 1.0000000000
15960  -7.175  -78.071  -28.056 1.0000000000
15037  -7.829  -78.112  -27.960 1.0000000000
15968  -9.148  -77.715  -29.344 1.0000000000
16931  -9.283  -76.949  -29.294 1.0000000000
15054  -9.141  -78.662  -29.472 0.8999999762
16945  -8.806  -76.824  -30.179 1.0000000000
18010  -9.008  -76.190  -29.764 1.0000000000
15992  -9.887  -77.714  -31.283 0.8999999762
15978  -9.055  -77.780  -30.471 0.8999999762
16958  -8.930  -76.642  -31.480 0.8999999762
16008  -10.088  -77.235  -32.695 0.8000000119
16959  -9.249  -77.184  -31.561 0.8999999762
18046  -8.441  -75.264  -32.617 0.8999999762
23499  -20.501  -70.717  -37.632 0.2000000030
16984  -8.671  -76.400  -33.700 0.6999999881
23513  -18.841  -71.484  -38.391 0.2000000030
23498  -19.148  -70.834  -38.076 0.2000000030
16996  -8.227  -76.329  -34.301 0.6999999881
18079  -7.956  -75.293  -35.787 0.5000000000
24529  -21.014  -69.403  -37.753 0.2000000030
25565  -21.511  -68.452  -37.695 0.2000000030
19143  -8.252  -74.681  -36.548 0.4000000060
21379  -10.004  -72.409  -36.162 0.3000000119
21359  -9.206  -71.954  -35.651 0.3000000119
24528  -19.841  -69.639  -37.484 0.2000000030
25554  -20.177  -68.141  -36.766 0.2000000030
19144  -8.963  -74.387  -36.775 0.4000000060
22413  -10.809  -71.588  -36.043 0.3000000119
22397  -11.304  -70.783  -35.699 0.3000000119
26626  -20.801  -67.328  -36.744 0.2000000030
21380  -11.198  -72.517  -36.520 0.3000000119
24493  -14.570  -69.124  -35.564 0.3000000119
27774  -21.765  -66.031  -36.596 0.2000000030
27767  -21.321  -65.920  -36.110 0.2000000030
25536  -16.258  -68.567  -35.357 0.3000000119
25537  -17.263  -68.650  -35.525 0.3000000119
25518  -18.211  -68.171  -35.032 0.2000000030
27752  -20.968  -66.083  -35.305 0.2000000030
15613  -4.187  -77.516  -5.317 0.8000000119
15630  -3.875  -77.755  -6.319 0.8999999762
16544  -4.021  -76.229  -4.486 0.8000000119
18634  -6.321  -75.111  -4.890 0.8999999762
18660  -7.818  -74.746  -5.647 0.8999999762
20944  -13.443  -72.317  -8.109 0.5000000000
22048  -15.382  -70.650  -9.201 0.6000000238
24102  -15.077  -69.337  -7.748 0.4000000060
24120  -15.655  -69.344  -9.744 0.5000000000
17912  -3.446  -75.202  -25.025 0.8999999762
18950  -3.794  -74.930  -25.852 1.0000000000
16884  -3.012  -76.033  -25.618 0.8000000119
18951  -4.534  -74.823  -25.799 1.0000000000
18953  -6.753  -74.823  -25.964 1.0000000000
17940  -9.595  -75.460  -26.448 1.0000000000
17941  -10.737  -75.750  -26.378 1.0000000000
15961  -9.151  -77.426  -28.330 1.0000000000
16912  -9.660  -76.229  -27.935 1.0000000000
17970  -10.463  -75.947  -28.271 1.0000000000
16933  -9.997  -76.409  -28.981 0.8999999762
17989  -9.622  -76.202  -29.396 0.8999999762
18031  -8.929  -75.658  -30.966 1.0000000000
16971  -8.809  -76.266  -32.802 0.6999999881
18058  -8.176  -75.827  -33.604 0.6999999881
18066  -7.630  -74.765  -34.891 0.6000000238
20255  -7.443  -73.383  -34.883 0.6000000238
19129  -7.464  -74.052  -35.259 0.4000000060
21358  -8.135  -72.270  -35.360 0.5000000000
28920  -22.384  -64.943  -35.857 0.2000000030
24492  -13.452  -68.945  -35.559 0.3000000119
25535  -15.182  -68.390  -35.247 0.3000000119
25516  -16.776  -67.904  -34.811 0.3000000119
15629  -3.661  -76.946  -5.796 0.8999999762
17607  -3.634  -75.221  -5.596 0.8999999762
18632  -4.856  -75.004  -4.603 0.8000000119
18659  -6.783  -74.575  -5.482 0.8999999762
19751  -9.392  -74.243  -6.189 0.8000000119
19778  -10.002  -73.630  -6.581 0.8000000119
20904  -10.460  -72.944  -7.042 0.6999999881
20926  -11.637  -72.285  -7.543 0.6000000238
18658  -5.759  -74.356  -5.254 0.8999999762
19750  -8.345  -74.245  -6.219 1.0000000000
19777  -8.890  -73.749  -6.778 0.8999999762
20903  -9.385  -73.054  -7.194 0.8999999762
20927  -12.591  -72.518  -7.722 0.6000000238
22028  -12.867  -71.606  -8.241 0.6000000238
23034  -11.781  -70.870  -7.936 0.6999999881
22029  -13.800  -71.693  -8.690 0.6000000238
22047  -15.096  -71.054  -9.274 0.6000000238
23049  -12.615  -70.626  -8.513 0.6999999881
23069  -13.556  -70.704  -9.199 0.6999999881
23070  -14.522  -70.674  -9.611 0.6000000238
23085  -15.266  -69.703  -10.322 0.6000000238
24129  -13.665  -69.507  -10.191 0.6000000238
24130  -14.760  -69.261  -10.851 0.6000000238
24148  -15.257  -68.964  -11.126 0.6000000238
25188  -15.765  -68.289  -10.339 0.5000000000
26243  -15.774  -67.368  -10.979 0.6000000238
17913  -4.213  -74.933  -24.362 0.8999999762
18941  -4.840  -74.839  -24.978 1.0000000000
17899  -3.605  -75.516  -23.880 0.8000000119
17900  -4.378  -75.253  -23.361 0.8000000119
17925  -5.587  -75.416  -25.046 1.0000000000
17926  -6.401  -75.781  -25.118 1.0000000000
17914  -5.290  -75.599  -24.285 0.8999999762
16886  -7.432  -76.050  -25.107 1.0000000000
16867  -6.608  -76.857  -24.342 1.0000000000
16868  -7.912  -76.814  -24.523 1.0000000000
17928  -8.812  -75.470  -25.635 1.0000000000
17918  -9.544  -76.408  -24.766 1.0000000000
17956  -11.284  -75.842  -27.122 1.0000000000
17971  -11.270  -75.859  -28.132 0.8999999762
18013  -11.970  -75.311  -30.334 0.8999999762
18012  -10.744  -75.217  -29.911 0.8999999762
17990  -10.464  -75.991  -29.115 0.8999999762
19033  -10.996  -75.026  -30.745 0.8000000119
19031  -9.550  -75.171  -30.667 1.0000000000
19053  -9.461  -74.888  -31.303 0.8000000119
20180  -9.432  -73.747  -32.871 0.6000000238
20178  -8.286  -74.031  -32.952 0.6999999881
20210  -8.888  -73.067  -33.205 0.6000000238
21326  -7.778  -72.684  -33.893 0.6000000238
21344  -7.953  -72.013  -34.332 0.5000000000
22362  -8.846  -71.472  -33.615 0.5000000000
22394  -8.822  -71.370  -35.178 0.4000000060
23457  -9.987  -70.194  -34.943 0.4000000060
23459  -11.790  -69.906  -35.403 0.3000000119
28929  -22.741  -65.226  -36.634 0.1000000015
24491  -12.305  -68.852  -35.381 0.3000000119
25534  -14.020  -67.952  -35.299 0.3000000119
18657  -4.663  -74.433  -5.106 1.0000000000
19748  -6.281  -73.774  -5.819 1.0000000000
15645  -3.760  -77.867  -7.060 0.8999999762
16573  -3.489  -76.081  -6.177 0.8999999762
19776  -7.785  -73.690  -6.735 1.0000000000
15644  -3.411  -77.037  -7.105 0.8999999762
20925  -10.799  -72.288  -7.576 0.6999999881
22010  -11.235  -71.559  -7.799 0.6999999881
24108  -12.315  -69.927  -8.803 0.8000000119
24118  -12.919  -69.820  -9.312 0.6999999881
25186  -12.951  -68.727  -10.820 0.8000000119
25187  -13.878  -68.865  -10.959 0.6999999881
25198  -14.483  -68.507  -11.470 0.6000000238
16821  -2.637  -76.299  -22.391 0.6000000238
17901  -5.102  -75.731  -23.015 0.8999999762
16843  -5.608  -76.389  -23.348 1.0000000000
16844  -6.081  -77.017  -23.547 1.0000000000
15918  -7.380  -77.309  -23.942 1.0000000000
17917  -8.942  -76.129  -24.890 1.0000000000
17930  -11.209  -76.160  -25.651 1.0000000000
17991  -11.627  -75.711  -29.241 1.0000000000
19076  -9.959  -74.247  -32.177 0.6000000238
20181  -10.378  -73.500  -32.977 0.6000000238
21329  -10.222  -72.344  -33.277 0.6000000238
23414  -9.965  -70.294  -33.550 0.5000000000
24472  -10.336  -69.450  -34.189 0.5000000000
24473  -11.004  -68.516  -34.142 0.4000000060
23436  -8.865  -70.860  -34.288 0.5000000000
24490  -11.208  -68.968  -34.824 0.3000000119
25532  -11.846  -67.713  -34.849 0.3000000119
25514  -14.796  -67.513  -34.952 0.3000000119
18686  -3.537  -74.432  -6.346 0.8999999762
19747  -5.174  -73.462  -5.761 0.8999999762
20902  -8.295  -73.181  -7.315 0.8999999762
16593  -3.455  -75.778  -7.105 0.8999999762
20923  -8.755  -72.556  -7.952 0.8999999762
22009  -10.299  -71.645  -8.107 0.8000000119
23033  -10.869  -70.895  -8.155 0.8000000119
23048  -11.473  -70.189  -8.553 0.8000000119
23067  -10.824  -69.908  -9.230 0.8999999762
24117  -11.710  -69.516  -9.410 0.8000000119
24128  -12.441  -69.075  -10.086 0.8000000119
25185  -11.958  -68.618  -10.803 0.8000000119
25197  -13.416  -68.320  -11.512 0.8000000119
26249  -13.924  -67.735  -11.993 0.6999999881
16801  -2.524  -76.117  -21.340 0.5000000000
16802  -2.871  -75.641  -21.913 0.5000000000
17880  -3.536  -75.506  -22.478 0.8000000119
16822  -5.553  -76.228  -22.589 1.0000000000
16846  -8.582  -77.246  -23.806 1.0000000000
16871  -10.841  -76.596  -24.327 1.0000000000
17957  -12.270  -76.065  -27.231 1.0000000000
17942  -11.812  -76.126  -26.345 1.0000000000
17972  -12.489  -75.887  -28.369 1.0000000000
19055  -11.777  -74.851  -31.430 0.8999999762
17992  -12.844  -75.623  -29.419 1.0000000000
20182  -11.556  -73.394  -32.997 0.6000000238
20900  -6.259  -72.693  -6.831 1.0000000000
16606  -3.749  -76.108  -8.221 0.6999999881
17660  -3.645  -75.114  -7.757 0.6999999881
20901  -7.247  -72.961  -7.093 1.0000000000
22007  -8.786  -72.126  -8.284 1.0000000000
22026  -9.619  -71.331  -8.832 1.0000000000
23047  -10.425  -70.637  -8.891 0.8999999762
24116  -10.740  -69.530  -9.963 0.8999999762
24127  -11.357  -68.949  -10.473 0.8000000119
25196  -12.304  -68.210  -11.579 0.8000000119
26248  -12.970  -67.605  -12.071 0.8000000119
26257  -13.504  -66.962  -12.463 0.8000000119
17858  -3.217  -75.114  -21.224 0.6000000238
17857  -2.696  -75.437  -20.676 0.4000000060
17859  -4.275  -75.079  -21.263 0.8000000119
15904  -8.860  -77.503  -23.063 1.0000000000
16870  -10.039  -76.649  -24.405 1.0000000000
16847  -9.624  -77.100  -23.442 1.0000000000
16848  -10.551  -76.739  -23.684 1.0000000000
16889  -11.840  -76.449  -25.202 1.0000000000
16902  -12.714  -76.334  -26.192 1.0000000000
19746  -4.237  -73.509  -5.844 0.8999999762
20899  -5.204  -72.496  -6.621 0.8999999762
20920  -5.775  -72.190  -7.232 0.8999999762
20941  -7.230  -72.233  -8.222 0.8999999762
22024  -7.467  -71.820  -8.709 1.0000000000
22044  -8.758  -71.234  -9.353 1.0000000000
22045  -9.304  -71.019  -9.341 1.0000000000
23066  -10.077  -70.235  -9.780 1.0000000000
24146  -10.910  -68.955  -11.006 0.8000000119
25195  -11.280  -68.664  -11.367 0.8000000119
25207  -10.801  -68.758  -12.132 0.8999999762
26255  -11.850  -67.349  -12.927 0.8000000119
26256  -12.581  -66.870  -12.793 0.8999999762
28549  -12.897  -65.678  -13.272 0.8999999762
29777  -14.032  -64.680  -13.395 0.8999999762
18904  -3.798  -74.733  -20.871 0.6999999881
17838  -4.587  -74.792  -20.617 0.8000000119
17839  -5.135  -75.054  -20.609 0.8000000119
16804  -6.481  -76.330  -21.419 1.0000000000
18887  -4.828  -74.359  -20.178 0.8000000119
16806  -8.764  -76.628  -21.700 1.0000000000
16826  -9.602  -76.785  -22.371 1.0000000000
17885  -10.425  -76.097  -22.602 1.0000000000
16850  -11.980  -76.302  -23.953 1.0000000000
16903  -13.582  -76.292  -26.330 1.0000000000
17958  -13.267  -76.165  -27.615 1.0000000000
17973  -13.637  -75.842  -28.524 1.0000000000
18033  -12.620  -75.055  -30.954 0.8999999762
19771  -3.658  -73.491  -6.735 0.8999999762
20897  -3.833  -72.981  -6.617 0.8999999762
22005  -4.969  -71.766  -7.429 0.8999999762
22003  -3.749  -72.232  -7.601 0.8999999762
19792  -3.583  -73.410  -7.643 0.8000000119
22023  -6.427  -71.759  -8.444 1.0000000000
23063  -7.089  -70.905  -9.825 1.0000000000
23064  -8.089  -70.882  -9.919 1.0000000000
23080  -8.372  -70.421  -10.582 1.0000000000
23081  -9.379  -70.107  -10.637 1.0000000000
24144  -9.711  -69.554  -11.836 1.0000000000
25220  -11.272  -67.723  -13.265 0.8999999762
26266  -11.590  -66.970  -13.717 0.8999999762
27362  -12.213  -66.206  -13.509 0.8999999762
28560  -11.694  -65.766  -14.211 0.8999999762
29776  -13.249  -64.817  -13.915 0.8999999762
29786  -12.684  -64.915  -14.695 0.8999999762
29787  -13.948  -64.414  -14.253 0.8999999762
18886  -3.647  -74.225  -20.331 0.6999999881
18888  -5.759  -74.437  -20.340 0.8000000119
17840  -6.176  -75.477  -20.775 0.8000000119
16783  -7.336  -75.933  -20.762 1.0000000000
17863  -8.449  -75.659  -21.305 1.0000000000
18935  -11.377  -75.258  -23.364 1.0000000000
17902  -11.781  -75.946  -23.537 1.0000000000
17903  -12.374  -75.803  -23.991 1.0000000000
17959  -14.334  -75.971  -27.561 0.8999999762
16874  -13.083  -76.173  -24.886 1.0000000000
17974  -14.707  -75.526  -28.583 0.8999999762
18015  -14.434  -74.962  -30.240 0.6999999881
22006  -5.815  -71.846  -7.809 0.8999999762
23093  -8.598  -70.033  -11.285 1.0000000000
24143  -8.890  -69.772  -11.950 1.0000000000
24166  -8.373  -69.418  -12.536 1.0000000000
24176  -9.595  -69.022  -13.033 1.0000000000
25228  -9.550  -68.064  -14.198 1.0000000000
25229  -10.264  -67.740  -14.186 1.0000000000
27375  -11.064  -66.404  -14.321 0.8999999762
28572  -10.861  -65.479  -14.899 0.8999999762
29785  -11.692  -64.987  -15.252 0.8999999762
29796  -11.676  -64.948  -16.018 0.8000000119
28599  -13.909  -65.743  -16.249 0.8999999762
27468  -14.450  -66.369  -18.519 1.0000000000
27443  -15.790  -66.934  -17.778 0.8000000119
28674  -17.643  -64.835  -20.131 0.4000000060
28655  -17.261  -65.498  -19.744 0.4000000060
28673  -16.637  -64.802  -20.551 0.6999999881
29850  -16.714  -64.507  -20.953 0.6999999881
29871  -16.417  -64.386  -21.511 0.6999999881
19983  -3.873  -73.208  -20.335 0.8000000119
18890  -7.410  -75.038  -20.734 0.8999999762
18908  -8.470  -75.069  -21.724 1.0000000000
17883  -9.034  -75.309  -21.907 1.0000000000
18924  -9.661  -74.875  -22.475 1.0000000000
18936  -12.038  -75.471  -23.759 1.0000000000
20033  -11.716  -74.092  -24.593 0.8000000119
18945  -12.453  -74.852  -24.331 0.8999999762
18971  -14.008  -74.374  -25.750 0.8000000119
17960  -15.179  -75.376  -27.721 0.8000000119
20059  -13.708  -73.873  -26.022 0.8000000119
18988  -14.779  -74.331  -27.011 0.6999999881
20073  -13.763  -73.460  -27.099 0.6000000238
18989  -15.313  -74.507  -27.696 0.6999999881
19036  -15.004  -74.287  -30.711 0.6000000238
19057  -14.108  -74.022  -31.618 0.6000000238
21271  -13.195  -72.377  -29.401 0.5000000000
23062  -6.107  -70.745  -9.620 1.0000000000
23078  -6.402  -70.474  -10.362 1.0000000000
23079  -7.370  -70.528  -10.508 1.0000000000
24142  -7.959  -69.785  -11.932 1.0000000000
27373  -9.682  -66.792  -15.127 0.8000000119
27374  -10.112  -66.403  -14.968 0.8999999762
27416  -9.927  -65.728  -16.030 0.8999999762
28583  -10.950  -65.211  -15.850 0.8000000119
28596  -11.118  -65.146  -16.722 0.8000000119
28613  -12.136  -65.722  -17.745 0.6999999881
28638  -12.148  -65.722  -18.947 0.8999999762
28598  -13.131  -65.451  -16.483 0.8999999762
27440  -12.855  -66.127  -18.334 1.0000000000
27466  -12.912  -65.675  -19.174 0.8999999762
21107  -3.036  -72.534  -19.310 0.6999999881
27467  -13.614  -66.036  -18.775 1.0000000000
27488  -14.304  -65.715  -19.242 1.0000000000
28653  -15.143  -65.369  -19.748 1.0000000000
29851  -17.134  -64.414  -20.811 0.6000000238
21134  -4.954  -73.063  -20.865 0.8999999762
28652  -14.100  -65.064  -19.992 0.8999999762
28671  -14.772  -64.803  -20.756 1.0000000000
28696  -15.555  -64.654  -21.523 0.6999999881
29892  -15.881  -64.507  -22.028 0.6999999881
29893  -16.362  -64.223  -22.616 0.6000000238
29872  -17.279  -63.857  -21.307 0.6000000238
19986  -6.232  -74.117  -20.628 0.8999999762
18907  -7.680  -74.725  -21.470 0.8999999762
28717  -15.420  -64.919  -22.432 0.8000000119
28718  -16.388  -64.946  -22.962 0.8000000119
28719  -17.253  -64.960  -23.262 0.6999999881
18923  -8.645  -74.668  -22.343 1.0000000000
18934  -10.395  -74.433  -23.401 1.0000000000
18944  -11.314  -74.385  -23.989 0.8999999762
20032  -11.010  -73.842  -24.471 0.8999999762
20045  -13.117  -74.007  -25.370 0.8000000119
20072  -12.735  -73.291  -26.764 0.6999999881
21233  -12.307  -73.102  -27.448 0.6000000238
21249  -13.063  -72.742  -28.558 0.6000000238
21248  -11.983  -72.942  -28.237 0.6000000238
21270  -12.162  -72.547  -29.256 0.5000000000
22331  -12.394  -71.446  -30.269 0.5000000000
22330  -11.420  -71.568  -30.068 0.5000000000
23360  -11.545  -71.028  -29.829 0.5000000000
22021  -4.315  -71.314  -8.333 0.8000000119
22022  -5.293  -71.330  -8.408 0.8999999762
26288  -9.083  -67.257  -15.128 0.8000000119
27392  -9.225  -66.706  -15.586 0.8000000119
28611  -10.268  -65.222  -17.578 0.8000000119
28612  -11.162  -65.277  -17.688 0.6999999881
28637  -11.270  -65.542  -18.670 0.6999999881
28610  -9.447  -65.369  -17.498 0.6000000238
28648  -10.548  -65.592  -19.352 0.6000000238
28649  -11.474  -65.594  -19.737 0.6000000238
28650  -12.426  -65.353  -19.871 0.6000000238
28651  -13.189  -65.060  -20.130 0.8999999762
21133  -4.338  -72.719  -20.739 0.8999999762
28693  -12.711  -65.590  -21.639 0.5000000000
28694  -13.450  -65.363  -22.011 0.6000000238
21149  -4.660  -72.740  -21.506 0.8999999762
21150  -5.211  -73.196  -21.434 0.8999999762
19999  -7.082  -74.271  -21.505 0.8999999762
27551  -14.213  -65.798  -22.497 0.6000000238
27528  -15.588  -66.453  -22.443 0.6999999881
27529  -16.565  -66.439  -22.498 0.6999999881
27555  -17.828  -65.588  -22.796 0.6000000238
20011  -5.296  -73.305  -22.202 0.8999999762
20012  -6.094  -73.609  -22.243 0.8999999762
20020  -7.458  -73.731  -23.255 1.0000000000
18933  -9.316  -74.305  -23.127 1.0000000000
20023  -9.673  -73.985  -23.797 0.8999999762
26374  -17.280  -67.002  -21.824 0.6999999881
26375  -18.112  -66.751  -21.745 0.6999999881
20022  -8.936  -73.886  -23.758 1.0000000000
20042  -10.539  -73.373  -24.944 0.8999999762
27509  -19.979  -66.453  -21.024 0.6000000238
20057  -11.884  -73.417  -25.662 0.8000000119
20071  -12.048  -73.248  -26.281 0.6999999881
26332  -22.768  -66.475  -17.360 0.4000000060
21232  -11.497  -73.026  -27.088 0.6999999881
21247  -10.735  -72.855  -28.211 0.6999999881
21268  -10.034  -72.598  -29.092 0.6999999881
21269  -11.081  -72.675  -29.158 0.6999999881
21290  -11.275  -72.180  -29.834 0.5000000000
21289  -10.243  -72.254  -29.770 0.6000000238
23359  -10.606  -70.923  -29.973 0.5000000000
23358  -9.610  -70.617  -30.485 0.6999999881
24397  -10.199  -69.854  -30.046 0.5000000000
26286  -7.464  -67.231  -15.365 0.6999999881
28595  -10.090  -65.469  -16.587 0.8000000119
22206  -3.488  -71.330  -20.695 0.8000000119
21148  -3.896  -72.073  -21.635 0.8999999762
20019  -6.489  -73.476  -23.213 0.8999999762
20027  -7.010  -73.260  -23.798 1.0000000000
21181  -6.835  -72.890  -24.649 0.8999999762
20028  -7.694  -73.291  -24.067 1.0000000000
20029  -8.568  -73.354  -24.254 1.0000000000
20021  -8.182  -73.755  -23.626 1.0000000000
20041  -9.913  -73.280  -24.779 0.8999999762
21203  -11.373  -73.337  -25.634 0.8000000119
27476  -23.122  -65.867  -17.633 0.4000000060
21216  -9.599  -72.383  -26.408 0.8000000119
21217  -10.538  -72.891  -26.339 0.6999999881
27448  -23.497  -66.232  -17.115 0.4000000060
28617  -24.569  -65.371  -17.170 0.4000000060
21230  -9.170  -72.297  -27.347 0.6999999881
21244  -7.742  -72.321  -28.341 0.6999999881
21246  -9.644  -72.555  -28.238 0.6999999881
21266  -8.242  -72.396  -28.900 0.6999999881
22316  -8.952  -72.202  -29.718 0.6999999881
22315  -8.138  -72.042  -29.615 0.6999999881
22327  -7.999  -71.292  -30.521 0.6999999881
25448  -9.973  -68.449  -31.426 0.6999999881
24396  -9.703  -70.027  -30.540 0.6999999881
25428  -10.689  -68.773  -30.170 0.5000000000
25414  -11.216  -68.276  -29.461 0.5000000000
26469  -12.718  -67.883  -28.304 0.5000000000
23244  -3.498  -70.459  -20.979 0.8000000119
22225  -3.566  -71.015  -21.642 0.8000000119
20018  -5.499  -73.316  -23.060 0.8999999762
21169  -5.894  -73.091  -23.951 0.8999999762
21180  -5.534  -72.729  -24.949 0.8999999762
21182  -8.105  -72.840  -24.815 0.8999999762
21214  -7.205  -72.268  -26.831 0.8000000119
21199  -7.646  -72.430  -25.681 0.8999999762
22282  -9.086  -72.169  -25.882 0.8000000119
29834  -23.763  -64.357  -17.732 0.6000000238
21215  -8.615  -72.162  -26.397 0.8999999762
21229  -8.134  -72.236  -27.477 0.6999999881
30963  -26.421  -63.908  -17.200 0.6999999881
29815  -25.942  -64.722  -17.147 0.5000000000
22298  -6.625  -72.237  -27.685 0.8000000119
21228  -7.368  -72.300  -27.702 0.8000000119
29816  -27.005  -64.810  -17.298 0.5000000000
22303  -6.972  -72.040  -28.843 0.8000000119
28681  -27.897  -65.015  -19.425 0.3000000119
29835  -28.057  -64.941  -18.448 0.4000000060
22302  -6.437  -71.033  -29.065 0.8000000119
23339  -6.808  -70.309  -30.003 0.8000000119
25447  -9.087  -68.470  -31.526 0.6000000238
29858  -27.855  -64.275  -19.744 0.3000000119
24375  -6.550  -69.582  -29.578 0.6000000238
23356  -7.583  -70.308  -30.864 0.6999999881
24415  -7.842  -69.203  -31.169 0.6999999881
26520  -9.608  -67.563  -31.547 0.6000000238
26521  -10.519  -67.565  -31.550 0.6000000238
27687  -12.050  -66.629  -31.272 0.6000000238
25449  -10.768  -68.269  -31.051 0.6000000238
27665  -12.465  -66.788  -30.568 0.5000000000
26490  -12.498  -67.371  -29.113 0.5000000000
23280  -3.698  -70.423  -22.264 0.8999999762
22256  -3.731  -71.557  -23.858 0.8999999762
22269  -4.066  -71.951  -24.637 0.8999999762
21196  -4.680  -72.090  -25.841 0.8999999762
22281  -5.542  -72.212  -26.285 0.8000000119
22280  -4.971  -72.008  -26.355 0.8000000119
21213  -6.442  -72.295  -26.700 0.8000000119
32027  -24.921  -63.022  -17.398 0.8999999762
30961  -24.778  -63.726  -17.360 0.8000000119
23322  -5.255  -70.624  -27.105 0.8000000119
22297  -5.895  -71.325  -27.913 0.8000000119
33127  -25.985  -62.351  -17.360 0.8000000119
30962  -25.436  -63.829  -17.235 0.6000000238
23328  -5.942  -70.466  -28.443 0.8000000119
32053  -28.053  -62.584  -19.009 0.5000000000
32040  -27.834  -62.809  -18.375 0.6000000238
24358  -6.201  -69.708  -28.731 0.8000000119
32084  -25.956  -62.438  -21.566 0.2000000030
32065  -27.502  -62.363  -20.336 0.3000000119
31006  -27.913  -63.035  -19.790 0.4000000060
29845  -28.087  -64.593  -19.024 0.4000000060
25412  -7.074  -68.628  -29.772 0.6000000238
26465  -7.528  -67.611  -29.069 0.6000000238
31027  -25.803  -63.500  -21.603 0.2000000030
31005  -27.342  -63.439  -20.534 0.2000000030
26487  -7.810  -67.641  -29.970 0.6000000238
27662  -8.218  -67.309  -30.229 0.6000000238
26519  -8.755  -67.605  -31.195 0.6000000238
28857  -10.768  -65.869  -31.549 0.6000000238
24284  -3.787  -69.479  -22.796 0.8999999762
23301  -3.656  -70.547  -23.338 0.8999999762
24305  -3.832  -69.012  -23.701 0.8999999762
23307  -3.689  -70.644  -24.362 1.0000000000
23312  -4.214  -70.632  -25.348 0.8000000119
23317  -4.915  -70.719  -26.532 0.8000000119
33146  -24.886  -61.870  -17.569 1.0000000000
33147  -26.094  -61.428  -17.582 0.8000000119
24344  -5.781  -69.831  -27.650 0.8000000119
23323  -5.544  -70.567  -27.675 0.8000000119
33148  -27.052  -61.297  -17.752 0.8999999762
25383  -6.549  -69.121  -27.097 0.8000000119
32066  -27.797  -61.920  -19.769 0.5000000000
33149  -27.756  -61.456  -18.385 0.6000000238
25396  -6.567  -69.105  -28.131 0.8000000119
25385  -8.219  -67.948  -27.422 0.6999999881
33187  -25.995  -61.336  -21.506 0.3000000119
33188  -26.589  -60.917  -21.006 0.5000000000
33174  -27.614  -61.044  -19.781 0.5000000000
35283  -28.032  -60.142  -19.122 0.5000000000
25384  -7.422  -68.529  -27.534 0.6999999881
26454  -8.705  -67.443  -27.764 0.6999999881
26466  -8.394  -66.874  -28.558 0.6999999881
28783  -8.666  -65.754  -29.104 0.6999999881
34240  -26.460  -60.237  -21.022 0.4000000060
35282  -28.010  -59.455  -19.295 0.6999999881
27641  -8.916  -65.697  -29.687 0.6999999881
28831  -9.791  -65.256  -30.347 0.6000000238
30026  -10.408  -64.997  -30.797 0.6000000238
34248  -23.867  -60.463  -22.617 0.3000000119
35296  -24.823  -59.493  -22.037 0.3000000119
34238  -25.228  -60.529  -21.858 0.4000000060
35298  -26.319  -59.512  -21.057 0.5000000000
26365  -4.054  -67.229  -20.909 0.8000000119
25331  -4.115  -68.221  -23.387 0.8999999762
25351  -4.141  -68.597  -24.052 0.8999999762
24321  -4.889  -68.869  -24.904 0.8000000119
24326  -5.301  -69.321  -25.568 0.8000000119
35266  -25.679  -59.477  -17.935 0.8999999762
24327  -5.906  -69.104  -25.886 0.8000000119
35267  -26.709  -59.397  -18.053 0.8999999762
25373  -6.467  -68.941  -26.133 0.6999999881
35268  -27.652  -59.318  -18.512 0.5000000000
25365  -7.818  -68.088  -25.986 0.6999999881
26437  -8.736  -67.417  -26.010 0.8000000119
26446  -8.943  -67.681  -26.970 0.6999999881
26467  -9.110  -67.001  -28.026 0.6999999881
27619  -9.439  -66.284  -27.998 0.6999999881
29987  -9.661  -64.834  -29.188 0.6999999881
30007  -11.214  -63.861  -29.712 0.6999999881
31201  -11.616  -63.967  -31.247 0.6000000238
35307  -23.522  -59.468  -22.939 0.4000000060
36401  -24.459  -58.445  -22.345 0.5000000000
36384  -25.164  -58.763  -21.845 0.6000000238
31158  -12.193  -63.324  -29.639 0.6000000238
37533  -23.129  -57.838  -23.252 0.4000000060
37512  -23.538  -57.577  -22.919 0.5000000000
27519  -4.214  -66.467  -21.426 0.6999999881
28710  -4.426  -66.085  -22.078 0.6999999881
26401  -4.176  -67.433  -22.784 0.8999999762
26402  -4.584  -67.524  -23.649 0.8000000119
25352  -4.721  -68.351  -24.330 0.8000000119
27567  -4.960  -66.381  -23.530 0.8000000119
26418  -5.363  -67.239  -24.554 0.8000000119
27583  -5.513  -66.102  -24.409 0.8000000119
26434  -5.741  -67.775  -25.080 0.8000000119
26435  -6.314  -67.142  -25.335 0.8000000119
26436  -7.517  -67.207  -25.743 0.8000000119
26438  -9.522  -67.091  -25.923 0.8000000119
27610  -10.982  -65.989  -26.765 0.8000000119
27615  -11.112  -65.928  -27.105 0.8000000119
28785  -10.142  -65.353  -28.226 0.6999999881
28772  -12.222  -64.891  -27.375 0.8000000119
29989  -11.499  -64.202  -28.840 0.6999999881
30008  -11.792  -63.782  -29.218 0.6000000238
37513  -24.411  -57.366  -22.371 0.5000000000
37489  -25.242  -57.709  -21.923 0.5000000000
31159  -13.047  -63.093  -29.386 0.6000000238
33334  -14.256  -61.874  -30.309 0.4000000060
37532  -22.597  -57.563  -23.344 0.3000000119
37511  -22.934  -56.992  -23.169 0.3000000119
38615  -24.870  -56.582  -22.194 0.6999999881
38616  -25.741  -56.591  -21.691 0.6999999881
27545  -4.565  -66.279  -22.680 0.8000000119
28711  -4.954  -65.501  -22.415 0.8999999762
27584  -5.813  -65.798  -24.853 0.8999999762
27600  -6.249  -65.913  -25.319 0.6999999881
28756  -6.799  -65.044  -25.602 0.8999999762
27601  -7.062  -66.088  -25.902 0.8000000119
28757  -7.842  -64.972  -26.123 0.8999999762
28758  -8.857  -65.346  -25.853 0.8000000119
29930  -8.868  -64.779  -26.071 0.8999999762
28759  -9.971  -65.435  -25.861 0.8000000119
29950  -10.999  -64.344  -26.437 0.8000000119
28770  -10.938  -65.421  -26.310 0.8000000119
31106  -11.872  -63.434  -26.874 0.8000000119
31108  -13.251  -63.451  -27.234 0.6000000238
31146  -13.057  -63.534  -28.624 0.6000000238
33310  -13.538  -61.707  -28.174 0.5000000000
32201  -13.582  -62.534  -29.144 0.5000000000
32202  -13.956  -62.092  -29.773 0.5000000000
39728  -22.711  -55.521  -23.192 0.4000000060
39729  -23.633  -55.577  -22.940 0.4000000060
39730  -24.493  -55.661  -22.513 0.8000000119
39700  -25.357  -55.631  -22.057 0.6999999881
39701  -26.272  -55.543  -21.440 0.8000000119
34348  -14.406  -60.764  -28.664 0.4000000060
34374  -14.896  -61.220  -30.136 0.3000000119
41865  -23.425  -53.913  -22.926 0.8000000119
40778  -24.140  -54.695  -22.842 0.8000000119
40779  -24.945  -54.269  -22.582 0.8999999762
40753  -24.933  -54.941  -22.376 0.8000000119
34349  -15.150  -60.220  -28.670 0.4000000060
28730  -5.609  -65.307  -23.724 0.8999999762
28742  -5.746  -65.581  -24.481 0.8000000119
28731  -6.116  -64.755  -24.009 0.8999999762
28743  -6.134  -65.104  -24.731 0.8999999762
29928  -6.791  -64.459  -24.995 0.8000000119
31079  -8.223  -63.051  -25.561 0.8000000119
31103  -8.608  -63.039  -26.151 0.8999999762
32166  -8.674  -62.154  -26.127 0.8000000119
32168  -9.919  -62.840  -26.968 0.8000000119
33288  -9.612  -61.687  -26.822 0.6999999881
32184  -10.479  -62.376  -27.254 0.8000000119
32169  -12.442  -62.835  -26.955 0.6000000238
33308  -12.034  -60.784  -27.594 0.4000000060
33291  -12.614  -61.879  -27.610 0.4000000060
34347  -13.118  -60.533  -28.110 0.4000000060
42978  -22.236  -53.227  -23.138 0.8000000119
42962  -22.846  -53.379  -22.994 0.8000000119
41866  -24.398  -53.707  -22.953 0.6000000238
41867  -25.400  -53.466  -22.586 0.8999999762
41848  -25.917  -53.584  -22.107 0.8999999762
40754  -25.795  -54.418  -21.987 0.6999999881
35402  -14.515  -59.801  -28.052 0.3000000119
36500  -15.746  -59.217  -27.777 0.3000000119
35423  -15.744  -59.944  -29.087 0.3000000119
41894  -21.546  -53.716  -24.043 0.6999999881
42998  -23.306  -52.754  -24.345 0.6999999881
36482  -16.207  -58.682  -27.151 0.2000000030
34325  -9.482  -60.792  -25.782 0.8000000119
34332  -10.450  -60.561  -26.528 0.6999999881
45044  -26.883  -50.781  -22.058 0.8000000119
36472  -10.671  -59.300  -25.897 0.6999999881
35385  -10.975  -60.146  -26.615 0.8000000119
35386  -11.623  -59.684  -26.914 0.4000000060
44013  -24.769  -51.404  -23.890 0.6000000238
45054  -26.265  -50.541  -22.866 0.8000000119
37606  -12.965  -58.321  -27.363 0.3000000119
35401  -13.558  -59.792  -27.949 0.3000000119
43029  -23.603  -52.313  -24.965 0.6000000238
42980  -24.093  -52.463  -23.921 0.6000000238
42981  -24.621  -52.093  -23.648 0.6000000238
42965  -25.776  -52.465  -22.678 0.6999999881
41868  -26.031  -53.079  -22.249 0.8000000119
41849  -26.520  -53.401  -21.698 0.8000000119
37608  -13.977  -58.507  -27.508 0.3000000119
37590  -15.398  -57.723  -26.730 0.3000000119
41917  -20.706  -53.580  -25.208 0.6000000238
43028  -22.662  -52.950  -25.148 0.6999999881
36483  -17.257  -58.507  -27.483 0.2000000030
43027  -21.423  -52.944  -25.774 0.6000000238
41918  -21.565  -53.601  -24.923 0.6999999881
35338  -10.558  -59.526  -24.822 0.8000000119
36464  -11.203  -58.527  -25.381 0.6000000238
37577  -11.709  -57.975  -25.702 0.5000000000
38693  -12.077  -57.535  -25.215 0.6000000238
37586  -11.836  -58.189  -26.275 0.5000000000
36480  -12.373  -58.952  -27.286 0.4000000060
45067  -25.534  -50.396  -23.544 0.6999999881
38704  -12.872  -57.087  -26.000 0.4000000060
38715  -13.180  -57.209  -26.650 0.4000000060
37607  -13.507  -58.312  -27.567 0.3000000119
44032  -24.197  -51.429  -24.840 0.6000000238
45066  -24.944  -50.444  -24.188 0.6000000238
46135  -25.986  -49.436  -23.427 0.6999999881
47251  -25.861  -48.762  -23.645 0.6999999881
39791  -13.332  -56.496  -25.943 0.3000000119
38705  -13.379  -56.697  -26.313 0.3000000119
38716  -13.782  -56.788  -26.759 0.3000000119
37589  -14.215  -57.898  -27.132 0.3000000119
44053  -19.809  -52.052  -25.777 0.6000000238
43026  -20.223  -52.907  -25.670 0.6999999881
45087  -23.610  -50.978  -25.479 0.6000000238
45088  -24.021  -50.529  -25.322 0.6000000238
45089  -24.566  -50.474  -24.691 0.6000000238
46134  -25.245  -49.487  -24.025 0.6000000238
38717  -14.752  -56.712  -26.793 0.3000000119
38718  -15.858  -56.607  -26.758 0.3000000119
37591  -16.638  -57.699  -26.719 0.3000000119
44030  -19.913  -51.279  -25.975 0.5000000000
44055  -22.290  -51.828  -26.040 0.6000000238
45107  -23.173  -50.628  -25.823 0.6000000238
45108  -23.716  -50.179  -25.568 0.6000000238
46175  -24.168  -49.579  -25.410 0.6000000238
46155  -24.658  -49.530  -24.898 0.6999999881
39806  -16.373  -55.490  -26.742 0.3000000119
46198  -20.567  -49.999  -26.315 0.4000000060
45106  -21.652  -50.523  -26.332 0.5000000000
46173  -22.725  -49.630  -26.164 0.6000000238
40856  -17.081  -54.348  -27.078 0.3000000119
40857  -18.001  -54.659  -27.034 0.3000000119
36439  -11.370  -58.758  -24.758 0.8000000119
36412  -12.745  -58.399  -24.234 0.6999999881
37525  -13.261  -57.480  -23.948 0.6999999881
37503  -14.099  -57.288  -22.990 0.6999999881
38631  -14.218  -56.584  -22.622 0.6000000238
38632  -14.999  -56.489  -22.361 0.6000000238
39749  -15.927  -55.142  -23.273 0.6000000238
40803  -16.821  -54.062  -24.371 0.5000000000
38694  -12.572  -56.932  -25.235 0.5000000000
39778  -13.203  -56.186  -25.360 0.5000000000
39779  -13.720  -55.253  -25.227 0.4000000060
39792  -13.811  -55.983  -25.997 0.3000000119
39804  -14.408  -55.936  -26.508 0.3000000119
48325  -24.772  -47.422  -24.893 0.6000000238
48309  -25.694  -47.408  -23.931 0.6000000238
39805  -15.306  -55.694  -26.693 0.3000000119
45086  -19.681  -50.552  -25.732 0.4000000060
46171  -20.293  -49.527  -26.064 0.4000000060
47279  -23.465  -48.808  -25.886 0.6000000238
48343  -24.149  -48.039  -25.458 0.6000000238
47267  -25.050  -48.675  -24.546 0.6000000238
41979  -17.265  -53.636  -27.251 0.3000000119
46172  -21.592  -49.446  -26.340 0.5000000000
47278  -22.491  -48.620  -26.202 0.6000000238
40879  -17.938  -53.948  -27.464 0.3000000119
47277  -21.369  -48.496  -26.181 0.6000000238
36463  -10.758  -59.101  -25.518 0.6999999881
37551  -12.006  -57.931  -24.771 0.8000000119
37526  -13.676  -57.186  -23.403 0.6999999881
38675  -11.996  -57.648  -24.955 0.6000000238
39719  -13.816  -56.134  -22.788 0.5000000000
38676  -12.452  -57.304  -24.759 0.5000000000
39763  -13.124  -56.468  -24.498 0.5000000000
40795  -16.225  -54.400  -23.762 0.5000000000
40802  -16.420  -53.809  -24.222 0.5000000000
41880  -15.436  -53.691  -23.966 0.5000000000
41882  -16.956  -52.680  -24.132 0.4000000060
40801  -14.048  -54.766  -24.642 0.4000000060
41942  -14.408  -54.323  -25.144 0.5000000000
40854  -14.905  -55.234  -26.160 0.3000000119
41943  -14.618  -54.340  -25.376 0.4000000060
40837  -15.106  -54.373  -25.701 0.2000000030
40855  -15.931  -54.490  -26.490 0.3000000119
46153  -19.575  -50.021  -25.450 0.4000000060
49374  -24.147  -46.788  -25.287 0.5000000000
43046  -16.396  -52.296  -26.457 0.2000000030
41960  -16.143  -53.361  -26.513 0.2000000030
41961  -16.728  -53.564  -26.966 0.3000000119
46170  -19.891  -48.913  -25.609 0.5000000000
48342  -23.340  -47.745  -25.938 0.5000000000
43025  -15.443  -52.039  -25.706 0.1000000015
44069  -16.040  -50.819  -26.081 0.2000000030
43059  -17.084  -52.844  -26.851 0.3000000119
48341  -22.268  -47.596  -26.085 0.5000000000
49373  -23.115  -46.608  -25.920 0.3000000119
45124  -16.840  -49.971  -26.426 0.2000000030
38654  -13.065  -57.026  -24.241 0.6999999881
38655  -13.460  -56.752  -23.641 0.6000000238
39747  -13.687  -55.853  -23.531 0.5000000000
39746  -13.348  -56.498  -23.966 0.5000000000
40794  -15.112  -54.792  -23.402 0.4000000060
40792  -14.145  -54.963  -24.144 0.5000000000
41879  -14.747  -54.064  -23.899 0.5000000000
39764  -13.577  -55.533  -24.527 0.5000000000
41878  -14.505  -54.206  -24.110 0.5000000000
42974  -15.695  -52.413  -24.188 0.4000000060
44009  -17.243  -51.394  -23.911 0.4000000060
41914  -14.475  -54.060  -24.670 0.5000000000
46151  -18.024  -49.342  -24.793 0.5000000000
41915  -14.791  -53.678  -25.170 0.3000000119
45084  -18.238  -50.164  -24.830 0.5000000000
47265  -18.677  -48.430  -24.965 0.6000000238
48338  -19.245  -47.434  -25.051 0.5000000000
43024  -14.935  -52.567  -25.067 0.3000000119
41916  -15.277  -53.043  -25.529 0.3000000119
47275  -19.631  -48.343  -25.370 0.5000000000
48339  -20.247  -47.449  -25.516 0.5000000000
49370  -19.855  -46.436  -25.313 0.5000000000
49371  -20.923  -46.518  -25.815 0.5000000000
47276  -20.430  -48.367  -25.810 0.6000000238
48340  -21.211  -47.507  -25.932 0.5000000000
49372  -22.006  -46.569  -26.003 0.5000000000
45123  -16.060  -49.653  -26.164 0.3000000119
46195  -16.436  -48.920  -26.460 0.3000000119
48359  -15.572  -47.045  -26.669 0.3000000119
46196  -17.521  -49.019  -26.713 0.1000000015
42992  -15.054  -52.547  -24.546 0.4000000060
44007  -15.633  -51.383  -24.205 0.5000000000
43023  -14.685  -53.225  -24.671 0.4000000060
42993  -15.372  -51.908  -24.395 0.4000000060
44026  -14.952  -52.034  -24.798 0.5000000000
45061  -15.555  -50.863  -24.363 0.5000000000
47264  -17.567  -48.456  -24.679 0.5000000000
48324  -18.144  -47.513  -24.816 0.5000000000
44051  -15.053  -51.753  -25.129 0.4000000060
44052  -15.468  -50.985  -25.269 0.5000000000
45081  -15.469  -50.203  -24.591 0.4000000060
46149  -15.848  -49.330  -24.154 0.4000000060
48323  -17.082  -47.545  -24.576 0.4000000060
49369  -18.554  -46.368  -24.873 0.5000000000
46148  -15.158  -48.869  -24.853 0.4000000060
48321  -15.057  -47.296  -24.476 0.3000000119
49368  -17.314  -45.921  -24.843 0.5000000000
46169  -15.435  -48.546  -25.460 0.4000000060
49366  -15.086  -45.845  -24.971 0.3000000119
20195  -27.911  -73.999  -33.404 0.1000000015
19123  -29.668  -74.485  -34.667 0.1000000015
58  -20.252  -102.600  -19.496 0.6999999881
184  -21.090  -102.044  -21.560 0.5000000000
215  -20.528  -101.281  -23.125 0.4000000060
534  -7.031  -100.690  -19.073 0.3000000119
187  -23.225  -100.860  -21.100 0.6999999881
361  -23.512  -99.925  -23.077 0.4000000060
368  -22.246  -100.456  -23.920 0.3000000119
370  -23.598  -99.307  -23.785 0.4000000060
544  -26.789  -99.703  -19.672 0.6999999881
1169  -26.799  -98.038  -23.458 0.6000000238
1466  -8.181  -97.302  -15.504 0.2000000030
308  -14.395  -101.335  -17.580 0.6999999881
841  -27.680  -98.376  -21.830 0.5000000000
315  -24.992  -100.827  -18.487 0.6999999881
1087  -28.062  -98.339  -18.224 0.6999999881
2415  -7.440  -95.694  -12.289 0.6999999881
3196  -12.460  -95.001  -41.882 0.6000000238
1788  -12.322  -97.345  -40.253 0.6999999881
3437  -8.829  -93.237  -16.554 0.6999999881
1789  -12.896  -97.093  -40.271 0.5000000000
1716  -23.599  -97.655  -32.649 0.6000000238
3456  -8.298  -93.562  -18.999 0.8999999762
1274  -24.007  -98.723  -33.247 0.6999999881
925  -22.778  -98.830  -33.979 0.5000000000
937  -22.407  -99.195  -34.575 0.6000000238
4575  -12.932  -91.864  -14.769 0.8999999762
2253  -13.011  -96.576  -38.597 0.6999999881
950  -24.039  -99.322  -35.485 1.0000000000
955  -23.331  -99.601  -36.313 0.8999999762
2431  -12.014  -95.007  -13.472 0.8999999762
2885  -12.375  -94.158  -13.634 0.8000000119
3413  -13.169  -93.370  -14.426 0.8000000119
3440  -15.854  -93.546  -16.725 0.8000000119
4007  -13.425  -92.524  -14.794 0.8999999762
653  -13.764  -100.458  -35.221 0.1000000015
3441  -16.525  -93.082  -16.902 0.8000000119
3169  -13.584  -94.574  -37.559 0.8000000119
682  -17.661  -100.049  -37.014 0.5000000000
3160  -14.725  -94.300  -36.465 0.8999999762
5864  -9.230  -89.455  -16.036 0.8999999762
2214  -13.525  -96.632  -35.478 0.8000000119
6578  -12.089  -88.253  -14.616 0.8000000119
5187  -8.647  -90.370  -14.680 0.8999999762
5856  -9.275  -89.689  -15.296 0.8999999762
3978  -5.943  -92.342  -13.609 1.0000000000
4559  -3.801  -91.526  -13.448 0.8999999762
1732  -14.517  -97.232  -35.051 0.8000000119
3954  -6.377  -92.313  -12.318 1.0000000000
6539  -8.132  -88.657  -11.592 0.6999999881
5172  -9.001  -90.100  -12.891 0.8000000119
6502  -6.390  -88.544  -9.429 0.6999999881
5847  -3.335  -89.316  -13.732 0.8999999762
3652  -16.673  -94.145  -33.960 0.8999999762
6501  -5.503  -89.126  -8.696 0.8999999762
6085  -21.420  -89.497  -31.964 0.5000000000
4846  -21.061  -91.163  -32.611 0.5000000000
7238  -6.589  -87.203  -8.617 0.6999999881
7224  -5.160  -87.436  -7.291 0.6999999881
5126  -4.410  -90.167  -8.595 1.0000000000
7301  -4.046  -87.489  -12.769 1.0000000000
7655  -17.226  -87.275  -38.365 0.8000000119
8379  -24.066  -86.313  -32.723 0.2000000030
5449  -21.439  -90.351  -32.412 0.5000000000
7567  -24.802  -87.539  -32.199 0.3000000119
8357  -24.541  -86.459  -32.282 0.2000000030
6108  -23.417  -89.186  -32.576 0.5000000000
7952  -4.855  -86.042  -5.847 0.6999999881
10812  -20.043  -83.611  -40.822 0.6000000238
9981  -16.961  -84.254  -40.190 0.6999999881
10783  -21.782  -83.620  -38.802 0.5000000000
9116  -24.632  -85.436  -32.335 0.2000000030
6109  -24.191  -88.869  -32.891 0.5000000000
7589  -25.948  -87.929  -33.196 0.3000000119
11661  -20.087  -82.589  -39.576 0.5000000000
10767  -13.260  -83.955  -37.215 0.8999999762
9119  -27.071  -85.375  -32.472 0.2000000030
8380  -26.745  -87.062  -32.980 0.2000000030
8381  -27.201  -86.696  -33.343 0.2000000030
7621  -27.484  -87.191  -35.591 0.2000000030
8871  -3.546  -85.415  -13.648 0.6999999881
11169  -2.707  -83.032  -5.720 1.0000000000
12552  -20.737  -80.834  -34.075 0.1000000015
10810  -16.329  -83.686  -40.218 0.6999999881
14283  -21.487  -79.523  -33.423 0.1000000015
11610  -10.589  -82.291  -36.872 0.8000000119
11625  -16.547  -82.736  -37.332 0.6999999881
15139  -19.598  -77.870  -36.121 0.1000000015
14259  -24.871  -79.874  -31.940 0.1000000015
13390  -25.550  -80.529  -31.897 0.1000000015
13475  -14.997  -81.048  -37.856 0.5000000000
16138  -17.987  -78.009  -41.399 0.5000000000
17048  -19.338  -76.895  -37.399 0.2000000030
15067  -24.653  -77.956  -31.077 0.1000000015
18038  -23.639  -75.463  -31.134 0.1000000015
17068  -18.429  -76.250  -38.403 0.3000000119
17005  -24.379  -76.655  -33.879 0.1000000015
17020  -24.421  -76.705  -35.087 0.1000000015
16136  -16.158  -77.901  -41.225 0.5000000000
17066  -16.207  -76.487  -38.551 0.3000000119
15175  -11.865  -78.385  -39.510 0.4000000060
14314  -12.174  -80.354  -36.371 0.6000000238
12152  -7.537  -81.469  -8.934 1.0000000000
16034  -5.454  -77.767  -34.250 0.8000000119
18048  -17.443  -75.654  -32.294 0.1000000015
16071  -15.096  -77.349  -36.972 0.4000000060
13401  -11.579  -80.895  -33.333 0.8000000119
16007  -6.321  -77.179  -32.606 1.0000000000
17041  -12.512  -76.293  -37.078 0.2000000030
13367  -9.031  -80.397  -30.765 0.8999999762
19133  -15.975  -74.282  -35.075 0.2000000030
17986  -4.240  -74.837  -29.415 0.8999999762
15967  -6.291  -77.873  -29.412 1.0000000000
19168  -11.016  -74.912  -37.170 0.2000000030
18107  -8.639  -75.591  -38.119 0.4000000060
18665  -12.142  -75.171  -5.841 0.6000000238
14212  -8.550  -78.958  -28.962 0.8999999762
15061  -10.210  -78.847  -30.186 0.8999999762
23495  -16.394  -71.116  -37.441 0.2000000030
23462  -14.936  -69.977  -35.947 0.3000000119
18998  -3.954  -74.742  -28.004 0.8999999762
24513  -18.975  -69.371  -36.895 0.2000000030
24496  -17.395  -69.132  -36.117 0.2000000030
25564  -20.659  -68.526  -37.343 0.2000000030
22414  -11.798  -71.617  -36.172 0.3000000119
17937  -3.311  -75.283  -26.912 0.8999999762
19052  -8.770  -74.901  -31.899 0.8999999762
26637  -21.847  -67.356  -37.436 0.2000000030
20276  -8.347  -73.636  -36.344 0.4000000060
22396  -10.448  -70.865  -35.506 0.3000000119
19096  -7.690  -74.131  -33.580 0.6000000238
17881  -4.627  -75.432  -22.292 0.8999999762
16823  -6.247  -76.961  -22.495 1.0000000000
15887  -7.279  -77.465  -22.271 1.0000000000
20942  -8.037  -72.251  -8.305 1.0000000000
17861  -5.947  -75.882  -21.350 0.8000000119
17993  -14.039  -75.425  -29.479 1.0000000000
24125  -9.947  -69.610  -11.087 1.0000000000
25208  -11.448  -68.119  -12.406 0.8000000119
27350  -13.210  -66.204  -12.868 0.8999999762
25219  -10.428  -68.429  -13.316 1.0000000000
28561  -12.509  -65.295  -13.917 0.8999999762
18889  -6.804  -74.659  -20.721 0.8999999762
16805  -7.574  -76.557  -21.197 1.0000000000
19984  -4.639  -73.540  -20.370 0.8000000119
17884  -9.698  -75.799  -22.184 1.0000000000
18925  -10.494  -75.317  -22.681 1.0000000000
17920  -13.433  -75.617  -25.016 1.0000000000
17933  -14.444  -75.496  -26.018 0.8000000119
17995  -15.591  -74.619  -29.153 0.5000000000
28614  -13.026  -66.057  -17.448 1.0000000000
27489  -15.019  -65.979  -18.981 1.0000000000
28672  -15.730  -64.910  -20.565 0.6999999881
28654  -16.226  -65.490  -19.844 0.6000000238
28697  -16.080  -64.711  -21.066 0.8000000119
20074  -14.674  -73.692  -27.552 0.6999999881
20087  -13.929  -73.057  -27.979 0.5000000000
20089  -15.539  -73.235  -29.059 0.5000000000
19018  -15.652  -74.114  -29.755 0.5000000000
28597  -11.915  -65.169  -16.891 0.8000000119
21132  -3.648  -72.337  -20.268 0.8000000119
28670  -13.719  -64.882  -20.973 0.8000000119
28695  -14.483  -64.810  -21.776 0.8999999762
20013  -7.015  -74.035  -22.227 0.8999999762
27553  -15.924  -65.695  -22.751 0.6999999881
27554  -16.875  -65.734  -23.012 0.6000000238
18943  -10.755  -74.085  -24.017 0.8999999762
23340  -10.858  -70.548  -29.548 0.5000000000
28647  -9.833  -65.419  -19.084 0.6000000238
28668  -11.857  -65.514  -20.471 0.5000000000
28716  -14.387  -65.320  -22.327 0.6000000238
21162  -4.542  -72.688  -22.451 0.8999999762
27530  -17.546  -66.314  -22.404 0.6999999881
27531  -18.538  -66.022  -22.077 0.6000000238
26356  -18.224  -67.644  -21.202 0.6000000238
26355  -16.984  -67.782  -21.286 0.5000000000
27508  -18.985  -66.792  -21.360 0.6999999881
21183  -9.047  -72.951  -24.859 0.8999999762
21201  -9.759  -72.814  -25.490 0.8999999762
21231  -10.205  -72.664  -27.275 0.6999999881
22328  -9.176  -71.712  -30.192 0.6999999881
24377  -10.805  -70.023  -29.063 0.5000000000
21161  -3.972  -72.143  -23.035 0.8999999762
21198  -6.276  -72.331  -25.965 0.8999999762
27477  -23.697  -65.856  -17.290 0.4000000060
28643  -23.772  -65.272  -17.529 0.6000000238
28618  -25.363  -65.514  -17.075 0.4000000060
23357  -8.660  -70.819  -30.943 0.6999999881
23379  -8.089  -69.725  -31.294 0.6999999881
23380  -8.545  -70.020  -31.175 0.6999999881
26502  -11.622  -67.696  -30.225 0.5000000000
21168  -4.614  -72.670  -23.813 0.8999999762
32028  -25.821  -63.106  -17.236 0.6999999881
30964  -27.365  -63.924  -17.460 0.6999999881
29814  -24.703  -64.543  -17.285 0.6000000238
28620  -27.403  -65.669  -17.647 0.4000000060
29817  -27.760  -64.835  -17.797 0.4000000060
30980  -27.939  -63.913  -18.292 0.5000000000
24395  -7.366  -69.229  -30.615 0.6000000238
27685  -10.202  -66.684  -31.504 0.6000000238
26522  -11.340  -67.575  -31.117 0.6000000238
27686  -11.125  -66.723  -31.710 0.6000000238
23311  -3.879  -70.812  -24.970 0.8999999762
22279  -4.336  -71.434  -25.749 0.8000000119
22288  -5.833  -72.074  -26.911 0.8000000119
33126  -25.407  -62.573  -17.387 0.8000000119
24334  -5.226  -70.168  -26.642 0.8000000119
32029  -26.733  -63.062  -17.244 0.6999999881
33150  -27.964  -60.866  -18.750 0.5000000000
30994  -28.036  -63.174  -18.904 0.5000000000
32030  -27.467  -63.012  -17.716 0.6999999881
33129  -27.515  -62.145  -17.848 0.6000000238
25397  -7.067  -68.379  -28.609 0.6999999881
32085  -26.805  -62.135  -21.004 0.3000000119
33173  -27.235  -61.290  -20.383 0.4000000060
26453  -7.863  -67.795  -28.164 0.6999999881
27639  -8.219  -67.028  -29.860 0.6000000238
27684  -9.282  -66.689  -30.920 0.6000000238
31028  -26.527  -63.212  -21.150 0.2000000030
27664  -8.912  -66.073  -30.197 0.6000000238
25316  -3.817  -68.777  -22.531 0.8999999762
24319  -3.913  -70.121  -24.429 0.8000000119
33145  -23.191  -61.915  -17.800 0.8999999762
34199  -25.284  -60.561  -17.789 0.8999999762
33128  -26.903  -62.180  -17.394 0.6999999881
34200  -26.352  -60.414  -17.875 0.8000000119
25374  -7.272  -68.620  -26.495 0.6999999881
33163  -27.963  -61.204  -19.171 0.5000000000
34201  -27.227  -60.340  -18.073 0.6000000238
34202  -27.807  -60.387  -18.532 0.5000000000
34239  -26.010  -60.337  -21.341 0.4000000060
35269  -27.983  -59.928  -18.822 0.6999999881
34203  -28.010  -60.449  -18.866 0.4000000060
30006  -10.113  -64.563  -29.951 0.6999999881
30027  -10.929  -64.227  -30.651 0.6000000238
35308  -24.156  -59.472  -22.481 0.3000000119
33202  -24.532  -61.121  -22.253 0.2000000030
35297  -25.532  -59.535  -21.562 0.5000000000
27544  -4.205  -66.685  -22.322 0.8000000119
25317  -3.919  -68.161  -22.407 0.8999999762
35265  -24.584  -59.549  -17.823 0.8999999762
25363  -6.034  -68.446  -25.409 0.8000000119
25364  -6.962  -68.188  -25.679 0.8000000119
26447  -9.778  -67.184  -26.530 0.8000000119
27614  -10.379  -66.411  -27.272 0.8000000119
28775  -10.413  -65.826  -27.650 0.6999999881
29988  -10.561  -64.472  -28.984 0.6999999881
31178  -11.518  -63.563  -30.384 0.6000000238
36400  -23.819  -58.690  -22.840 0.4000000060
36385  -25.832  -58.589  -21.442 0.6000000238
32220  -13.645  -62.277  -30.252 0.4000000060
38641  -24.006  -56.522  -22.611 0.6999999881
26419  -5.774  -66.406  -24.974 0.8999999762
27602  -8.211  -66.254  -25.764 0.8000000119
27604  -10.120  -66.269  -25.807 0.8000000119
29951  -11.865  -64.540  -26.718 0.8000000119
28777  -11.882  -65.054  -27.716 0.8000000119
31107  -12.857  -63.846  -26.916 0.8000000119
29968  -12.599  -64.384  -27.821 0.6000000238
38640  -23.204  -56.429  -23.036 0.4000000060
29929  -7.567  -64.128  -25.360 0.8000000119
28767  -8.301  -64.432  -26.128 0.8999999762
31104  -9.491  -63.333  -26.608 0.8999999762
31126  -11.074  -62.986  -27.294 0.8000000119
29969  -13.035  -63.986  -28.076 0.5000000000
32186  -12.884  -62.470  -27.144 0.4000000060
33292  -13.193  -62.234  -27.609 0.4000000060
33311  -14.189  -61.722  -29.369 0.4000000060
40777  -23.108  -54.686  -23.066 0.8000000119
42963  -23.741  -53.238  -23.354 0.6999999881
29917  -6.683  -64.308  -24.200 0.8000000119
31066  -7.778  -63.301  -24.804 0.8000000119
31102  -8.297  -63.311  -25.910 0.8000000119
32142  -8.346  -62.180  -25.672 0.8000000119
32167  -9.405  -62.290  -26.734 0.6999999881
33279  -9.290  -61.365  -26.206 0.8000000119
32183  -9.826  -61.885  -27.044 0.6999999881
34326  -9.957  -60.517  -26.079 0.8000000119
34345  -11.785  -60.433  -27.364 0.5000000000
34333  -11.093  -60.603  -26.908 0.6999999881
33290  -11.530  -61.339  -27.380 0.5000000000
35400  -12.572  -59.658  -27.824 0.4000000060
35399  -12.059  -59.897  -27.534 0.3000000119
42997  -22.377  -53.293  -23.959 0.8000000119
42979  -23.056  -53.028  -23.557 0.6000000238
42964  -24.815  -52.629  -23.278 0.6999999881
36499  -14.657  -58.992  -27.577 0.3000000119
41884  -20.890  -53.989  -23.481 0.8000000119
42999  -23.936  -52.180  -24.561 0.6000000238
35366  -10.224  -59.807  -25.648 0.8000000119
35378  -10.761  -59.705  -26.274 0.6000000238
35379  -11.275  -59.178  -26.498 0.6999999881
36479  -11.765  -58.749  -26.656 0.5000000000
45053  -25.631  -50.872  -23.241 0.8000000119
44001  -25.449  -51.538  -23.145 0.8000000119
37588  -13.318  -57.685  -27.138 0.3000000119
44056  -23.471  -51.683  -25.443 0.6999999881
44031  -23.842  -51.148  -25.312 0.6000000238
38703  -12.282  -57.440  -25.645 0.5000000000
37587  -12.561  -57.955  -26.730 0.5000000000
47250  -25.451  -48.442  -24.054 0.6999999881
40853  -14.337  -55.557  -26.089 0.3000000119
42996  -19.215  -52.698  -25.300 0.6000000238
44054  -20.815  -51.763  -26.173 0.6000000238
38719  -16.974  -56.541  -26.694 0.2000000030
46174  -23.650  -49.696  -25.693 0.6000000238
47266  -24.763  -48.440  -25.033 0.6000000238
39807  -17.370  -55.447  -26.738 0.3000000119
38720  -17.790  -56.393  -26.624 0.2000000030
40878  -17.491  -53.791  -27.350 0.3000000119
37504  -14.737  -57.256  -22.516 0.6000000238
39721  -15.375  -55.671  -22.855 0.6000000238
39750  -16.390  -55.073  -23.342 0.6000000238
40836  -14.326  -54.958  -25.607 0.3000000119
41962  -17.327  -53.197  -27.217 0.3000000119
40769  -14.772  -55.362  -23.019 0.5000000000
41881  -16.368  -53.212  -24.164 0.4000000060
42975  -16.687  -52.200  -23.945 0.4000000060
41888  -14.393  -54.273  -24.352 0.5000000000
40820  -15.503  -53.376  -25.784 0.3000000119
40838  -15.707  -53.752  -25.962 0.3000000119
46152  -19.208  -49.422  -25.206 0.4000000060
41944  -15.703  -52.980  -26.036 0.3000000119
44070  -17.102  -51.139  -26.550 0.2000000030
43047  -17.468  -52.069  -26.707 0.2000000030
40793  -14.397  -54.977  -23.666 0.5000000000
42991  -14.586  -53.546  -24.320 0.5000000000
42973  -14.898  -53.280  -24.131 0.5000000000
45104  -15.702  -49.686  -25.457 0.3000000119
46194  -15.739  -48.789  -26.036 0.3000000119
47293  -15.278  -47.849  -25.967 0.3000000119
47294  -15.942  -48.016  -26.475 0.3000000119
44027  -15.283  -51.432  -24.657 0.5000000000
47263  -16.498  -48.400  -24.390 0.4000000060
47262  -15.535  -48.199  -24.561 0.4000000060
48322  -16.027  -47.435  -24.431 0.4000000060
49347  -17.566  -46.798  -24.720 0.4000000060
47261  -14.729  -47.831  -24.783 0.4000000060
48337  -14.199  -47.355  -25.152 0.4000000060
49364  -13.948  -46.693  -24.985 0.3000000119
49346  -16.613  -46.650  -24.620 0.4000000060
49345  -15.546  -46.554  -24.582 0.3000000119
49367  -16.197  -45.755  -24.787 0.5000000000
50406  -18.099  -45.149  -24.879 0.4000000060
48358  -14.333  -47.047  -25.901 0.3000000119
49393  -15.284  -45.993  -25.929 0.2000000030
50403  -15.707  -45.339  -25.298 0.3000000119
49392  -14.416  -46.440  -25.394 0.3000000119
50424  -16.065  -45.269  -25.661 0.2000000030
188  -8.799  -101.492  -22.314 0.3000000119
189  -9.590  -101.676  -22.495 0.3000000119
175  -9.871  -102.059  -21.543 0.4000000060
176  -10.953  -102.108  -21.468 0.4000000060
190  -10.590  -101.992  -22.462 0.3000000119
178  -12.411  -102.455  -21.368 0.5000000000
73  -13.720  -103.083  -20.723 0.6999999881
177  -11.904  -102.242  -21.443 0.5000000000
81  -13.484  -102.795  -21.562 0.6999999881
191  -11.622  -102.129  -22.344 0.4000000060
192  -12.740  -102.394  -22.087 0.5000000000
63  -14.395  -103.255  -19.940 0.6999999881
174  -8.765  -101.863  -21.546 0.4000000060
167  -11.448  -102.224  -20.483 0.6999999881
74  -14.733  -103.003  -20.956 0.6999999881
83  -14.892  -102.579  -21.747 0.6999999881
64  -15.417  -103.020  -20.290 0.6999999881
193  -14.077  -102.362  -22.278 0.6000000238
75  -15.768  -102.685  -21.376 0.6999999881
84  -15.479  -102.404  -21.941 0.6000000238
194  -15.164  -102.101  -22.409 0.6000000238
179  -16.300  -102.490  -21.740 0.6999999881
76  -16.789  -102.609  -21.465 0.6999999881
195  -16.118  -102.248  -22.223 0.5000000000
196  -16.954  -102.297  -22.109 0.6999999881
208  -13.453  -101.734  -23.170 0.5000000000
107  -9.347  -101.034  -15.206 0.8000000119
333  -15.516  -101.261  -19.192 0.6999999881
538  -16.091  -100.748  -19.470 0.6999999881
524  -17.726  -101.011  -18.883 0.8000000119
539  -17.203  -100.397  -19.691 0.8000000119
282  -8.168  -100.765  -14.404 0.8000000119
98  -10.070  -100.940  -14.080 0.8000000119
99  -10.814  -101.227  -14.300 0.6999999881
108  -9.938  -101.075  -14.937 0.6999999881
332  -14.714  -101.311  -19.245 0.6999999881
550  -16.215  -100.239  -20.281 0.6000000238
525  -18.907  -100.868  -18.805 0.8999999762
540  -18.369  -100.401  -19.379 0.6000000238
541  -19.370  -100.280  -19.182 0.8000000119
570  -24.735  -98.790  -23.620 0.4000000060
371  -24.227  -98.905  -23.792 0.5000000000
720  -8.625  -99.496  -12.219 0.8000000119
482  -9.217  -100.473  -13.135 0.8000000119
284  -9.601  -100.601  -13.457 0.8000000119
100  -11.695  -101.770  -14.171 0.6999999881
274  -10.544  -100.446  -13.231 0.8000000119
111  -12.316  -102.444  -14.547 0.6999999881
9  -12.914  -102.670  -14.189 0.8000000119
537  -15.078  -100.881  -19.667 0.6999999881
811  -17.504  -99.837  -20.894 0.6000000238
796  -18.026  -100.117  -20.172 0.6999999881
1978  -29.558  -96.858  -17.662 0.6999999881
1493  -30.090  -97.263  -18.000 0.6000000238
1977  -28.729  -96.948  -17.606 0.6000000238
1103  -29.371  -98.107  -18.616 0.6000000238
1117  -30.165  -97.770  -19.377 0.6000000238
1509  -27.424  -97.324  -17.762 0.6000000238
2480  -27.755  -96.196  -18.272 0.5000000000
803  -29.418  -98.225  -19.316 0.6000000238
856  -25.719  -98.247  -24.578 0.4000000060
582  -24.469  -98.346  -25.459 0.4000000060
855  -25.102  -98.281  -25.119 0.4000000060
575  -25.188  -98.382  -24.486 0.4000000060
1188  -25.855  -97.829  -25.891 0.4000000060
706  -9.567  -98.767  -11.763 0.8000000119
721  -9.505  -99.465  -12.108 0.8000000119
470  -10.124  -99.932  -12.698 0.8000000119
285  -10.685  -100.894  -13.719 0.8000000119
286  -11.256  -101.256  -13.873 0.6999999881
1439  -10.655  -97.194  -12.590 0.8000000119
1030  -10.350  -97.848  -12.223 0.8000000119
471  -11.248  -100.079  -12.862 0.8000000119
1031  -11.259  -98.207  -12.968 0.8000000119
723  -11.837  -99.397  -12.834 0.6999999881
15  -13.827  -103.121  -15.249 0.8000000119
10  -13.777  -102.830  -14.311 0.8000000119
24  -15.200  -102.696  -15.464 0.8000000119
763  -13.960  -99.961  -18.410 0.6000000238
536  -14.248  -100.706  -19.496 0.6999999881
126  -14.992  -102.521  -16.633 0.6999999881
549  -15.450  -100.431  -20.088 0.6000000238
810  -16.479  -99.807  -21.022 0.6000000238
812  -18.578  -99.779  -20.850 0.6999999881
814  -20.410  -99.022  -20.632 0.6000000238
828  -19.835  -99.200  -21.192 0.6000000238
1980  -31.057  -96.194  -17.921 0.6999999881
1126  -21.501  -98.294  -20.986 0.6000000238
1140  -21.802  -97.818  -21.367 0.5000000000
1495  -31.629  -96.657  -18.552 0.6999999881
1555  -22.515  -97.186  -21.358 0.5000000000
2481  -28.538  -96.174  -18.054 0.5000000000
2470  -30.472  -95.833  -17.807 0.6000000238
1494  -31.011  -96.760  -18.197 0.6999999881
1105  -30.749  -97.427  -18.935 0.6000000238
1526  -31.306  -97.111  -19.127 0.6000000238
1538  -22.729  -97.602  -20.685 0.6000000238
1556  -23.128  -96.873  -20.887 0.6000000238
2499  -28.808  -95.414  -19.189 0.5000000000
1131  -30.803  -97.346  -20.146 0.6000000238
1130  -29.864  -97.670  -20.178 0.6000000238
2498  -27.685  -95.849  -18.858 0.5000000000
1129  -29.177  -97.817  -20.564 0.5000000000
2976  -27.259  -95.118  -20.404 0.4000000060
1155  -28.224  -97.978  -21.833 0.4000000060
865  -25.045  -98.202  -26.102 0.4000000060
866  -25.577  -98.111  -25.581 0.4000000060
1641  -25.669  -97.318  -26.264 0.3000000119
627  -22.166  -100.498  -30.848 0.1000000015
275  -11.814  -101.056  -13.392 0.6999999881
92  -12.767  -101.648  -13.450 0.6999999881
102  -13.314  -102.245  -13.700 0.8000000119
1448  -11.460  -97.079  -13.357 0.8000000119
472  -12.775  -100.309  -12.782 0.6999999881
276  -13.220  -101.026  -13.085 0.6999999881
11  -14.589  -102.636  -14.217 0.8000000119
1924  -11.499  -95.731  -13.130 0.8999999762
1041  -11.546  -97.787  -13.277 0.6999999881
1032  -12.450  -98.791  -13.004 0.8000000119
724  -12.956  -99.558  -12.604 0.6999999881
473  -13.428  -99.964  -12.436 0.6999999881
93  -13.662  -101.587  -13.264 0.6999999881
17  -15.218  -102.437  -14.516 0.6999999881
31  -15.131  -102.716  -16.159 0.6999999881
510  -14.540  -100.420  -17.411 0.6000000238
1093  -14.148  -99.348  -19.603 0.6999999881
309  -14.827  -101.043  -16.891 0.6999999881
808  -14.489  -100.076  -20.211 0.6999999881
809  -15.290  -99.871  -20.879 0.6000000238
825  -17.041  -99.653  -21.798 0.6999999881
1137  -19.435  -98.983  -22.136 0.5000000000
837  -17.638  -99.279  -22.446 0.6000000238
827  -19.194  -99.340  -21.649 0.6000000238
2933  -31.855  -94.911  -18.087 0.6000000238
1982  -32.374  -95.629  -18.365 0.6999999881
1138  -20.129  -98.828  -21.825 0.5000000000
1139  -21.086  -98.105  -21.798 0.5000000000
2483  -30.636  -95.112  -18.199 0.6000000238
1999  -32.167  -96.444  -18.837 0.6999999881
2482  -29.686  -95.530  -18.359 0.5000000000
1542  -31.537  -96.928  -20.491 0.6000000238
2511  -24.198  -95.809  -20.626 0.5000000000
2516  -28.041  -95.452  -19.505 0.4000000060
1143  -29.686  -97.494  -20.995 0.6000000238
1144  -30.466  -97.289  -20.855 0.6000000238
2992  -27.464  -94.630  -21.253 0.4000000060
1156  -28.999  -97.525  -21.891 0.5000000000
1578  -29.640  -97.080  -22.386 0.5000000000
1577  -28.712  -97.363  -22.473 0.5000000000
2990  -25.412  -94.611  -21.715 0.4000000060
2083  -27.619  -96.415  -24.174 0.5000000000
597  -24.574  -98.136  -26.431 0.4000000060
2588  -26.574  -95.134  -26.457 0.4000000060
3065  -27.104  -94.626  -27.759 0.3000000119
1660  -25.147  -97.288  -27.252 0.3000000119
3064  -26.059  -94.400  -27.793 0.3000000119
2132  -25.010  -96.288  -27.307 0.3000000119
419  -20.449  -100.984  -30.639 0.1000000015
626  -21.242  -100.046  -31.507 0.1000000015
1915  -18.431  -96.319  -12.367 0.6000000238
1899  -18.672  -97.118  -11.873 0.5000000000
1425  -18.101  -97.448  -11.885 0.5000000000
1444  -17.643  -96.903  -12.119 0.6000000238
94  -14.360  -101.377  -13.052 0.8000000119
103  -14.391  -102.154  -13.595 0.6999999881
1925  -12.054  -96.048  -13.940 0.8000000119
1449  -12.534  -97.225  -14.095 0.8000000119
1043  -13.036  -98.175  -13.434 0.8000000119
267  -14.192  -100.766  -12.679 0.6999999881
1936  -12.832  -96.149  -14.662 0.8000000119
1042  -11.975  -97.982  -13.496 0.6999999881
1033  -13.725  -98.961  -12.501 0.8000000119
458  -13.941  -100.303  -12.481 0.6000000238
278  -14.411  -101.014  -12.786 0.6999999881
25  -15.647  -102.332  -15.116 0.6999999881
707  -13.949  -99.756  -12.262 0.6999999881
303  -15.532  -101.232  -16.353 0.6999999881
2000  -32.678  -95.766  -18.740 0.6999999881
2943  -30.915  -94.509  -18.667 0.5000000000
2942  -30.140  -94.846  -18.831 0.4000000060
1543  -32.230  -96.635  -20.117 0.6999999881
1558  -30.182  -97.158  -21.634 0.6000000238
2973  -25.160  -94.940  -21.193 0.4000000060
2073  -28.392  -96.557  -23.720 0.5000000000
3507  -25.389  -94.183  -22.304 0.4000000060
606  -24.337  -98.093  -27.124 0.4000000060
2577  -27.636  -95.506  -25.425 0.5000000000
2589  -27.351  -95.144  -26.175 0.3000000119
886  -24.599  -98.474  -27.951 0.4000000060
1217  -24.885  -98.031  -27.659 0.3000000119
2604  -27.723  -95.189  -27.953 0.6000000238
1669  -24.595  -97.420  -28.661 0.3000000119
1659  -24.799  -97.126  -28.093 0.3000000119
3082  -26.949  -94.578  -28.682 0.5000000000
604  -23.403  -98.376  -28.016 0.1000000015
614  -24.375  -98.971  -28.617 0.3000000119
2618  -24.342  -95.715  -28.464 0.5000000000
613  -23.769  -99.397  -28.937 0.1000000015
1679  -23.837  -97.171  -29.402 0.4000000060
2159  -24.200  -96.859  -28.965 0.4000000060
3094  -25.638  -94.369  -29.415 0.4000000060
2644  -26.292  -95.559  -30.425 0.5000000000
908  -22.091  -99.460  -31.131 0.3000000119
1248  -21.509  -98.456  -31.351 0.3000000119
906  -20.794  -98.891  -31.752 0.4000000060
634  -20.181  -99.915  -32.062 0.1000000015
635  -20.703  -99.778  -31.813 0.2000000030
427  -19.591  -100.660  -31.377 0.1000000015
2419  -19.083  -95.732  -12.586 0.6000000238
1914  -17.386  -96.472  -12.617 0.6999999881
2432  -17.031  -95.852  -13.923 0.6999999881
1442  -16.320  -97.226  -12.515 0.6999999881
1423  -16.718  -97.691  -12.002 0.6000000238
1016  -17.352  -98.213  -11.867 0.6000000238
104  -15.439  -102.010  -13.827 0.6999999881
2440  -12.568  -94.996  -14.314 0.6999999881
113  -15.904  -102.107  -14.494 0.6999999881
459  -14.729  -100.389  -12.444 0.6000000238
127  -15.571  -102.143  -15.908 0.6999999881
1597  -29.160  -96.705  -23.298 0.6000000238
2084  -28.527  -95.969  -24.558 0.5000000000
2632  -27.332  -95.466  -29.062 0.6000000238
1218  -28.203  -97.070  -28.986 0.6999999881
1241  -27.151  -97.488  -30.438 0.6000000238
621  -23.706  -99.448  -29.811 0.3000000119
903  -23.407  -99.085  -30.288 0.3000000119
2643  -25.495  -95.557  -30.904 0.4000000060
2173  -26.144  -96.179  -30.712 0.6000000238
1694  -26.274  -97.094  -30.611 0.6000000238
1228  -23.869  -97.924  -29.754 0.4000000060
2171  -23.335  -96.336  -29.776 0.4000000060
2642  -24.450  -95.309  -30.810 0.4000000060
2181  -25.167  -96.372  -31.343 0.5000000000
1705  -25.415  -97.367  -31.362 0.5000000000
1692  -23.241  -97.296  -29.998 0.4000000060
2170  -22.851  -96.606  -30.641 0.4000000060
2180  -24.397  -96.692  -31.761 0.4000000060
1704  -24.804  -97.247  -31.720 0.4000000060
620  -23.080  -99.942  -30.185 0.1000000015
902  -22.768  -99.150  -30.723 0.3000000119
1239  -23.410  -98.197  -30.210 0.3000000119
1691  -22.789  -97.550  -30.526 0.4000000060
2650  -22.933  -96.112  -31.263 0.4000000060
2189  -24.006  -97.199  -32.163 0.5000000000
1262  -24.417  -98.360  -32.734 0.5000000000
1249  -22.175  -98.568  -30.978 0.3000000119
2178  -22.787  -96.432  -31.453 0.4000000060
1715  -22.536  -97.165  -32.216 0.4000000060
418  -19.294  -100.956  -30.686 0.1000000015
426  -18.688  -100.599  -31.409 0.1000000015
1702  -21.180  -97.850  -31.724 0.4000000060
1725  -21.444  -97.711  -32.710 0.4000000060
1726  -21.852  -97.681  -32.811 0.4000000060
1727  -22.654  -97.735  -32.980 0.4000000060
1258  -20.079  -98.761  -32.638 0.4000000060
1282  -21.359  -98.576  -33.886 0.4000000060
1272  -22.147  -98.199  -33.542 0.4000000060
633  -19.188  -99.783  -32.540 0.1000000015
914  -19.860  -99.316  -32.440 0.2000000030
1281  -20.546  -98.572  -33.645 0.4000000060
923  -19.041  -99.286  -33.740 0.4000000060
934  -19.761  -98.926  -34.094 0.4000000060
2443  -16.817  -95.659  -14.485 0.6999999881
2442  -16.234  -95.585  -15.117 0.6999999881
1929  -17.823  -95.874  -13.055 0.6000000238
1460  -14.734  -96.828  -14.282 0.6999999881
1452  -15.915  -96.911  -13.119 0.6999999881
2897  -13.160  -94.320  -14.771 0.6999999881
2441  -13.221  -95.281  -15.077 0.6999999881
95  -15.046  -101.505  -13.093 0.6999999881
120  -16.038  -102.025  -15.213 0.6999999881
1044  -14.006  -98.034  -13.156 0.8000000119
263  -15.249  -100.442  -12.454 0.6999999881
304  -16.415  -101.384  -15.599 0.6999999881
3526  -24.269  -93.277  -22.580 0.4000000060
2745  -12.359  -95.929  -41.671 0.6000000238
1708  -29.169  -97.176  -31.336 0.6000000238
1242  -28.134  -97.363  -30.493 0.6999999881
2740  -11.090  -95.678  -40.470 0.6000000238
1799  -12.134  -96.988  -40.811 0.6000000238
1252  -27.301  -98.092  -31.599 0.6999999881
2282  -11.423  -96.578  -40.582 0.6000000238
1240  -26.384  -97.753  -30.759 0.6000000238
920  -26.726  -98.287  -32.286 0.6000000238
1251  -26.233  -98.133  -31.455 0.6000000238
919  -26.029  -98.417  -32.469 0.6000000238
1263  -25.233  -98.353  -32.172 0.6000000238
918  -25.041  -98.636  -32.951 0.6000000238
927  -24.500  -98.779  -33.718 0.6000000238
642  -18.480  -99.733  -33.385 0.3000000119
936  -21.582  -99.082  -34.516 0.4000000060
946  -20.193  -99.278  -34.864 0.4000000060
935  -20.735  -98.924  -34.369 0.4000000060
1451  -14.876  -97.300  -13.510 0.6999999881
1938  -14.751  -96.419  -14.894 0.6999999881
1440  -15.072  -97.721  -12.901 0.6999999881
1937  -13.804  -96.179  -15.196 0.6999999881
114  -16.794  -101.647  -14.153 0.6999999881
1450  -13.661  -97.521  -13.950 0.8000000119
2474  -5.479  -95.777  -18.340 0.3000000119
2488  -5.423  -95.714  -19.237 0.4000000060
2503  -5.350  -95.411  -20.644 0.3000000119
2532  -5.631  -95.699  -21.450 0.2000000030
2998  -5.710  -94.743  -22.379 0.3000000119
2533  -5.818  -95.619  -21.936 0.1000000015
1729  -28.275  -97.037  -33.432 0.5000000000
1266  -27.969  -97.778  -32.559 0.6999999881
1728  -27.631  -97.389  -33.904 0.6999999881
1253  -28.358  -97.705  -31.432 0.6999999881
3191  -12.388  -94.405  -41.750 0.4000000060
3198  -13.987  -94.311  -42.570 0.6999999881
2246  -22.542  -96.330  -37.711 0.6000000238
2712  -23.769  -95.948  -36.852 0.6000000238
1265  -27.148  -98.223  -32.567 0.6999999881
3753  -12.586  -93.570  -41.840 0.5000000000
3763  -13.405  -93.440  -42.384 0.5000000000
2245  -21.605  -96.297  -37.672 0.6000000238
2262  -22.974  -96.407  -38.509 0.6000000238
4356  -12.884  -92.440  -41.966 0.5000000000
2261  -22.086  -96.395  -38.535 0.6999999881
929  -26.214  -98.397  -33.559 0.6999999881
2259  -20.177  -96.222  -38.673 0.6999999881
2260  -21.170  -96.277  -38.600 0.6999999881
2277  -22.505  -96.606  -39.184 0.6000000238
2278  -23.356  -96.621  -39.149 0.6000000238
1784  -24.596  -97.098  -39.265 0.6999999881
941  -25.664  -98.494  -34.153 0.6000000238
2275  -20.786  -96.480  -39.426 0.8000000119
2276  -21.688  -96.534  -39.290 0.6999999881
940  -24.918  -98.763  -34.671 0.6999999881
1794  -20.173  -97.440  -40.205 0.8000000119
948  -21.874  -99.506  -35.126 0.4000000060
650  -18.604  -99.507  -34.179 0.4000000060
945  -19.427  -99.377  -34.785 0.4000000060
2455  -17.218  -95.122  -15.089 0.6999999881
2912  -15.874  -94.899  -16.071 0.6999999881
1950  -14.195  -95.694  -15.586 0.6999999881
1013  -14.779  -99.104  -12.124 0.6000000238
1459  -14.196  -96.926  -14.459 0.6999999881
90  -15.827  -100.950  -12.640 0.6999999881
105  -16.308  -101.666  -13.736 0.6999999881
2949  -5.794  -94.652  -19.750 0.6000000238
2948  -5.393  -95.181  -20.145 0.3000000119
2698  -21.113  -95.848  -35.335 0.6000000238
2699  -22.262  -96.001  -35.127 0.6000000238
2683  -20.516  -95.320  -34.307 0.6000000238
2219  -21.843  -96.248  -35.934 0.6000000238
2220  -22.680  -96.251  -36.053 0.6000000238
1735  -27.409  -97.563  -34.628 0.6999999881
3764  -14.205  -93.341  -42.721 0.6000000238
2697  -20.087  -95.608  -35.258 0.6000000238
2231  -21.095  -96.201  -36.592 0.6000000238
2726  -27.594  -95.596  -37.152 0.5000000000
2735  -27.247  -96.263  -37.874 0.5000000000
1755  -28.054  -96.997  -36.254 0.6999999881
1276  -27.011  -98.010  -33.621 0.6999999881
4932  -12.122  -91.502  -41.832 0.5000000000
2696  -19.352  -95.615  -35.370 0.6999999881
2230  -20.102  -95.899  -36.822 0.6000000238
2248  -24.082  -95.831  -38.035 0.6000000238
2279  -24.261  -96.584  -39.072 0.6000000238
2266  -26.714  -96.585  -38.344 0.6000000238
1764  -27.380  -97.174  -37.565 0.6999999881
1754  -27.306  -97.631  -36.494 0.6999999881
1744  -27.198  -97.801  -35.394 0.6999999881
2229  -19.149  -95.749  -36.802 0.8000000119
2244  -20.628  -96.137  -37.700 0.6999999881
1785  -25.175  -97.222  -39.080 0.6000000238
1303  -26.254  -98.120  -37.221 0.6999999881
1290  -26.370  -98.132  -35.455 0.6999999881
1285  -26.249  -98.212  -34.497 0.6999999881
2243  -19.617  -95.988  -37.762 0.6999999881
2258  -19.094  -96.226  -38.739 0.8000000119
2274  -19.760  -96.560  -39.523 0.8000000119
1326  -24.310  -97.639  -39.247 0.6999999881
957  -25.079  -98.937  -36.512 0.8000000119
1325  -23.259  -98.045  -39.513 0.6000000238
956  -24.244  -99.288  -36.480 0.8000000119
951  -24.771  -98.969  -35.729 0.8000000119
975  -19.618  -99.347  -38.484 0.6000000238
658  -18.736  -99.642  -35.046 0.4000000060
672  -19.241  -99.833  -36.125 0.5000000000
673  -20.359  -99.746  -36.175 0.6000000238
659  -19.739  -99.560  -35.427 0.5000000000
660  -20.506  -99.528  -35.436 0.6000000238
2886  -19.234  -94.327  -13.893 0.6000000238
2444  -17.957  -95.033  -14.634 0.6000000238
2914  -17.405  -94.449  -15.742 0.6999999881
279  -16.474  -100.986  -12.694 0.6999999881
106  -16.794  -101.498  -13.696 0.6999999881
3466  -6.185  -93.719  -20.335 0.6999999881
2950  -6.516  -94.234  -19.512 0.6000000238
3482  -5.518  -94.180  -20.587 0.6000000238
2964  -5.265  -94.576  -20.734 0.4000000060
2982  -5.236  -94.841  -21.096 0.3000000119
3516  -5.176  -93.688  -22.371 0.3000000119
3517  -5.610  -94.189  -22.737 0.2000000030
3012  -6.778  -94.220  -23.747 0.2000000030
2684  -21.615  -95.362  -34.405 0.6000000238
2686  -23.863  -95.086  -34.498 0.5000000000
3172  -26.968  -94.908  -36.937 0.5000000000
2700  -23.543  -95.867  -35.508 0.5000000000
2713  -24.606  -95.538  -36.434 0.6000000238
2734  -26.663  -95.853  -38.037 0.5000000000
3772  -15.224  -93.187  -43.359 0.6000000238
4357  -13.950  -92.192  -42.716 0.6000000238
2723  -24.492  -95.622  -37.534 0.6000000238
2264  -24.823  -95.929  -38.462 0.6000000238
5549  -12.065  -90.059  -42.135 0.5000000000
4939  -12.971  -91.286  -42.218 0.5000000000
1313  -26.142  -97.782  -38.081 0.6000000238
2242  -18.552  -95.979  -37.710 0.6999999881
1312  -25.120  -97.800  -38.697 0.6999999881
1302  -25.435  -98.399  -37.680 0.6999999881
1294  -25.708  -98.538  -36.740 0.6999999881
1284  -25.578  -98.443  -34.679 0.6999999881
1301  -24.691  -98.472  -38.244 0.6999999881
2273  -18.544  -96.681  -39.752 0.8000000119
671  -18.176  -100.040  -36.083 0.3000000119
447  -16.418  -100.471  -34.468 0.2000000030
2899  -18.844  -94.297  -14.655 0.6999999881
3428  -18.779  -93.173  -15.422 0.6000000238
2915  -18.367  -94.018  -15.576 0.6999999881
3427  -17.965  -93.227  -16.136 0.6999999881
3442  -17.287  -92.659  -16.727 0.6999999881
1952  -15.094  -95.885  -15.445 0.6999999881
3464  -5.418  -93.464  -20.702 0.5000000000
3498  -5.060  -93.858  -21.324 0.4000000060
3137  -21.933  -94.563  -33.843 0.6000000238
2688  -25.489  -94.293  -34.690 0.5000000000
2714  -25.700  -94.959  -36.270 0.5000000000
3163  -26.722  -94.492  -36.195 0.5000000000
2701  -24.744  -95.290  -35.281 0.5000000000
2725  -26.368  -95.201  -37.319 0.5000000000
2724  -25.312  -95.320  -37.289 0.5000000000
2733  -25.716  -95.593  -38.044 0.5000000000
6218  -11.794  -89.428  -41.816 0.6000000238
6964  -11.693  -87.907  -41.111 0.5000000000
7686  -10.644  -87.435  -40.105 0.5000000000
670  -17.104  -100.209  -36.112 0.3000000119
4062  -5.130  -92.697  -20.155 0.4000000060
4091  -4.705  -92.781  -21.640 0.4000000060
7687  -11.462  -87.344  -40.819 0.5000000000
7671  -10.501  -86.886  -39.600 0.5000000000
8454  -11.351  -86.471  -40.389 0.5000000000
3537  -5.737  -93.648  -23.150 0.2000000030
3538  -6.657  -93.200  -23.589 0.2000000030
4871  -20.656  -91.770  -34.677 0.5000000000
4882  -20.619  -91.876  -35.501 0.5000000000
5488  -21.259  -90.919  -36.313 0.5000000000
6162  -22.620  -89.804  -36.318 0.5000000000
9236  -12.315  -85.575  -41.353 0.5000000000
9255  -12.852  -85.753  -41.925 0.6000000238
8431  -9.986  -86.487  -38.549 0.5000000000
9993  -12.416  -84.669  -41.142 0.6000000238
6189  -23.729  -89.329  -38.207 0.4000000060
9200  -10.023  -85.490  -38.571 0.5000000000
8443  -10.522  -86.245  -39.215 0.5000000000
9948  -10.059  -84.804  -39.363 0.5000000000
9222  -11.242  -85.530  -40.023 0.5000000000
4061  -4.447  -92.114  -20.059 0.6000000238
4109  -5.345  -92.151  -22.958 0.5000000000
4130  -4.990  -93.173  -22.762 0.5000000000
4133  -7.001  -92.332  -23.526 0.4000000060
4151  -7.374  -92.593  -24.037 0.3000000119
6175  -22.312  -90.207  -36.917 0.5000000000
9257  -14.486  -85.548  -42.138 0.6999999881
9937  -9.512  -84.967  -38.231 0.5000000000
9977  -11.644  -84.567  -40.504 0.5000000000
9947  -9.614  -84.644  -39.042 0.5000000000
4646  -4.348  -92.016  -20.971 0.6000000238
4678  -5.581  -91.437  -22.505 0.5000000000
9994  -13.374  -84.617  -41.429 0.6999999881
9995  -14.382  -84.806  -41.295 0.6999999881
9223  -14.891  -85.304  -40.787 0.8999999762
7672  -14.517  -87.022  -39.575 0.8000000119
10818  -12.498  -84.112  -40.853 0.6000000238
9979  -13.892  -84.246  -40.336 0.8000000119
9964  -14.306  -84.828  -39.529 0.8000000119
9202  -14.324  -85.661  -38.976 0.8000000119
6201  -24.007  -89.166  -39.599 0.3000000119
10764  -8.473  -83.670  -38.572 0.5000000000
10793  -10.278  -83.525  -40.120 0.5000000000
6952  -24.728  -88.540  -40.007 0.2000000030
9950  -14.182  -84.905  -38.480 0.8999999762
7694  -25.917  -87.400  -40.400 0.2000000030
4645  -4.189  -91.698  -20.305 0.6000000238
4659  -4.530  -91.745  -21.714 0.6000000238
4111  -6.941  -91.493  -22.984 0.3000000119
11636  -7.954  -82.146  -38.616 0.6999999881
11638  -9.218  -82.291  -39.574 0.6000000238
11655  -10.696  -82.699  -40.120 0.6000000238
10795  -13.102  -83.507  -39.649 0.6999999881
11621  -7.987  -82.918  -38.443 0.5000000000
11653  -9.181  -83.307  -39.640 0.6000000238
10778  -12.469  -82.971  -38.785 0.8000000119
9963  -13.894  -84.101  -39.065 0.8000000119
5251  -4.111  -91.310  -19.999 0.6000000238
5253  -4.753  -90.621  -21.045 0.6000000238
5266  -6.322  -90.291  -21.636 0.5000000000
11623  -10.525  -81.815  -37.942 0.8000000119
12604  -10.092  -81.708  -38.717 0.6999999881
11639  -10.903  -82.053  -39.029 0.6999999881
10765  -11.971  -82.694  -38.104 0.8000000119
10766  -12.478  -83.298  -37.639 0.8000000119
11620  -7.147  -82.503  -37.904 0.6000000238
10779  -13.241  -83.594  -38.381 0.8999999762
10749  -6.889  -83.780  -36.806 0.5000000000
7328  -12.719  -87.610  -14.715 0.6999999881
5234  -4.103  -90.849  -19.456 0.6000000238
5914  -4.689  -90.126  -20.013 0.6000000238
12586  -8.763  -81.143  -38.373 0.6999999881
12585  -7.792  -81.376  -38.331 0.6999999881
5851  -12.103  -88.939  -13.365 0.6999999881
4604  -3.592  -90.800  -17.614 0.6999999881
5899  -4.185  -90.026  -18.915 0.6000000238
5927  -6.491  -89.349  -21.518 0.6000000238
5942  -6.253  -89.173  -22.454 0.5000000000
13460  -7.506  -80.613  -37.679 0.6999999881
11608  -6.467  -82.781  -37.098 0.6000000238
5203  -3.206  -90.001  -16.898 0.6999999881
6649  -4.633  -89.553  -19.674 0.6000000238
6677  -5.646  -88.912  -20.979 0.5000000000
13440  -7.928  -80.010  -37.171 0.6999999881
11594  -5.463  -82.259  -35.639 0.6999999881
12569  -6.365  -81.125  -36.950 0.8000000119
5880  -3.244  -89.311  -17.597 0.6000000238
6648  -4.077  -88.937  -19.356 0.5000000000
14310  -6.962  -79.539  -36.671 0.6999999881
13422  -8.299  -79.695  -36.399 0.6999999881
13439  -7.047  -80.239  -37.189 0.6999999881
12558  -5.794  -81.192  -36.089 0.6999999881
14295  -6.968  -78.827  -36.164 0.8000000119
11593  -5.162  -82.078  -34.913 0.5000000000
7382  -2.825  -87.943  -18.409 0.5000000000
12557  -5.212  -81.284  -35.260 0.4000000060
13420  -5.532  -80.153  -35.590 0.6999999881
14294  -5.941  -78.993  -35.786 0.6000000238
7397  -2.899  -87.512  -19.560 0.4000000060
7366  -2.655  -87.380  -17.706 0.5000000000
14278  -5.165  -79.227  -35.119 0.6000000238
8109  -2.962  -86.216  -16.674 0.4000000060
8135  -2.641  -86.451  -18.508 0.4000000060
8124  -3.024  -85.915  -16.756 0.4000000060
12543  -4.847  -81.491  -34.437 0.4000000060
15116  -5.017  -78.520  -34.536 0.6999999881
13409  -4.376  -80.179  -34.039 0.6000000238
14277  -4.666  -79.400  -34.353 0.6999999881
16020  -4.832  -77.786  -33.514 0.6999999881
14238  -3.650  -79.902  -31.679 0.6000000238
15085  -4.313  -78.658  -33.112 0.6000000238
14226  -3.464  -79.069  -30.756 0.4000000060
16005  -4.335  -77.750  -32.622 0.6999999881
15070  -3.662  -78.421  -31.770 0.5000000000
11283  -3.688  -82.036  -13.170 0.4000000060
16955  -4.745  -76.476  -31.977 0.8000000119
12183  -7.067  -81.773  -11.827 0.6999999881
13084  -5.959  -80.063  -11.773 0.6000000238
13121  -6.104  -81.434  -13.017 0.5000000000
15988  -3.938  -77.432  -31.709 0.8000000119
12100  -2.895  -81.810  -5.571 0.8999999762
12122  -3.113  -81.682  -6.436 0.8999999762
12077  -3.074  -81.799  -4.550 0.8999999762
12184  -7.243  -81.208  -11.644 0.6000000238
15975  -3.576  -77.224  -30.517 0.8000000119
12101  -3.476  -81.289  -5.507 0.8999999762
13000  -4.742  -80.985  -3.962 0.8999999762
13069  -6.958  -80.158  -10.826 0.5000000000
12168  -7.100  -81.705  -10.946 0.6999999881
15045  -3.396  -78.090  -28.304 0.6000000238
12059  -6.736  -81.791  -3.665 0.8999999762
12103  -5.667  -81.469  -5.615 0.8999999762
12040  -6.213  -81.424  -3.017 0.8000000119
12079  -5.114  -81.169  -4.656 0.8999999762
12102  -4.495  -81.086  -5.550 0.8999999762
12124  -5.059  -81.346  -6.546 0.8999999762
13063  -7.290  -80.478  -10.079 0.8000000119
15958  -3.316  -76.570  -28.373 0.6000000238
15965  -3.408  -77.026  -29.385 0.6000000238
15951  -3.179  -76.871  -27.355 0.6000000238
13906  -6.345  -79.539  -9.613 0.8000000119
19035  -13.858  -74.673  -30.896 0.6999999881
19078  -12.266  -74.194  -32.337 0.6000000238
13907  -7.178  -79.928  -9.371 0.8000000119
13899  -7.626  -80.006  -8.409 0.8000000119
13905  -5.302  -79.308  -9.818 0.6000000238
16865  -2.969  -76.044  -24.546 0.6999999881
21273  -15.100  -72.457  -29.690 0.4000000060
13898  -6.676  -79.314  -8.586 0.8000000119
14769  -5.059  -78.943  -8.938 0.6999999881
13897  -5.814  -79.126  -9.033 0.8000000119
13915  -4.079  -79.469  -11.029 0.5000000000
13884  -7.247  -79.412  -7.615 0.8000000119
14768  -4.269  -78.840  -9.447 0.5000000000
13869  -7.497  -79.394  -6.494 0.8999999762
14747  -6.780  -78.998  -7.046 0.8000000119
14746  -5.945  -78.654  -7.078 0.8000000119
14761  -4.494  -78.434  -8.383 0.6999999881
14760  -3.673  -78.158  -8.829 0.6000000238
14767  -3.396  -78.404  -9.812 0.3000000119
14731  -6.536  -78.831  -6.265 0.8000000119
14730  -5.568  -78.459  -6.149 0.8000000119
14762  -5.609  -78.686  -8.154 0.8000000119
14745  -4.645  -78.272  -7.084 0.8000000119
15664  -3.330  -77.514  -9.417 0.5000000000
19959  -2.848  -73.486  -19.329 0.6999999881
29797  -12.368  -64.864  -15.605 0.8000000119
15658  -3.575  -77.250  -8.431 0.6000000238
16617  -3.619  -76.501  -9.275 0.5000000000
19960  -3.346  -73.286  -19.843 0.6999999881
14744  -3.846  -77.883  -7.800 0.6999999881
29798  -13.333  -64.894  -15.453 0.8000000119
29799  -14.458  -64.553  -15.084 0.8000000119
19820  -3.461  -73.591  -9.292 0.5000000000
20956  -3.589  -72.585  -8.864 0.4000000060
17673  -3.996  -75.428  -9.025 0.5000000000
28562  -13.237  -65.107  -13.473 0.8000000119
18714  -3.700  -74.308  -8.447 0.6000000238
19807  -3.589  -73.289  -8.437 0.6000000238
27394  -14.232  -65.849  -16.117 0.8999999762
24173  -7.544  -68.927  -12.957 0.8000000119
28550  -13.697  -65.416  -13.005 0.8000000119
29801  -16.000  -64.445  -14.723 0.5000000000
22020  -3.701  -71.926  -8.170 0.6000000238
25217  -8.256  -68.658  -13.555 0.8000000119
27419  -15.284  -66.577  -16.079 0.8000000119
27396  -15.739  -65.938  -15.479 0.5000000000
28587  -16.250  -65.052  -14.934 0.5000000000
23044  -4.427  -70.909  -8.917 0.6000000238
24141  -6.901  -69.705  -11.783 0.8000000119
27420  -16.262  -66.650  -15.932 0.6000000238
24164  -6.198  -69.165  -12.346 0.8000000119
27490  -15.798  -66.056  -19.141 0.6999999881
23091  -6.626  -70.191  -11.076 0.8000000119
24140  -5.670  -69.728  -11.522 0.6999999881
31057  -16.801  -63.410  -23.246 0.5000000000
24262  -3.677  -69.741  -20.426 0.6999999881
26319  -16.207  -67.178  -17.149 0.6000000238
23077  -5.416  -70.278  -10.306 0.8000000119
31058  -17.098  -62.901  -23.226 0.3000000119
29913  -17.513  -63.283  -23.581 0.6000000238
23061  -5.032  -70.677  -9.271 0.6999999881
32099  -18.363  -61.748  -23.180 0.4000000060
27444  -16.700  -66.952  -17.739 0.5000000000
32113  -17.659  -62.230  -23.144 0.4000000060
23076  -4.427  -70.271  -10.320 0.5000000000
33185  -20.810  -61.062  -21.706 0.6000000238
34228  -21.059  -60.738  -20.415 0.6000000238
33172  -21.239  -61.397  -21.038 0.5000000000
34215  -20.337  -60.539  -19.798 0.6000000238
34216  -21.323  -61.163  -19.061 0.6999999881
33182  -18.101  -61.131  -21.624 0.4000000060
32098  -17.719  -61.765  -22.446 0.4000000060
33198  -18.139  -60.947  -22.486 0.5000000000
35306  -19.815  -59.739  -22.196 0.4000000060
34227  -20.310  -59.731  -21.052 0.5000000000
33161  -22.129  -61.973  -18.536 0.6000000238
34194  -19.753  -60.153  -18.974 0.6000000238
34195  -20.639  -60.727  -18.532 0.6000000238
33144  -22.497  -61.530  -17.919 0.6999999881
34234  -18.179  -60.358  -22.045 0.5000000000
34226  -19.290  -59.587  -21.312 0.4000000060
34183  -21.482  -60.235  -17.275 0.6999999881
35263  -22.542  -59.620  -17.517 0.6999999881
34198  -24.066  -60.686  -17.797 0.8000000119
34196  -21.742  -60.620  -17.805 0.6000000238
34197  -22.837  -60.741  -17.772 0.6999999881
28688  -5.349  -65.328  -21.102 0.5000000000
29905  -5.556  -64.784  -22.716 0.6000000238
35262  -21.877  -59.911  -17.232 0.6999999881
35264  -23.514  -59.634  -17.775 0.8000000119
36363  -23.920  -58.504  -17.712 0.8000000119
29866  -6.036  -64.680  -21.403 0.5000000000
36365  -26.082  -58.465  -18.044 0.8000000119
29906  -6.116  -64.318  -23.328 0.6999999881
31052  -6.913  -63.724  -23.546 0.6999999881
36367  -27.840  -58.242  -18.383 0.6999999881
35249  -22.049  -59.250  -17.015 0.6999999881
36362  -23.118  -58.850  -17.624 0.8000000119
37435  -22.728  -57.409  -17.474 0.6999999881
37456  -24.499  -57.518  -17.707 0.8000000119
37457  -25.511  -57.549  -17.817 0.8000000119
38555  -26.329  -56.371  -17.587 0.8000000119
32094  -10.178  -62.804  -22.791 0.5000000000
38575  -26.848  -56.514  -17.657 0.8000000119
33209  -8.354  -62.207  -23.627 0.6000000238
37473  -28.582  -57.871  -19.083 0.6999999881
37461  -28.786  -57.011  -18.914 0.6999999881
33257  -8.580  -61.491  -25.201 0.6999999881
33228  -8.256  -61.965  -24.152 0.6999999881
33212  -10.407  -61.275  -23.502 0.6000000238
36377  -27.489  -58.558  -20.559 0.6999999881
38594  -28.775  -56.533  -19.258 0.6999999881
34262  -12.747  -60.271  -24.169 0.6000000238
38554  -23.054  -56.372  -17.597 0.6999999881
37436  -23.556  -57.405  -17.628 0.6999999881
38572  -24.015  -56.507  -17.658 0.6999999881
38573  -25.016  -56.640  -17.659 0.8000000119
39653  -25.576  -55.941  -17.593 0.8000000119
39635  -26.267  -55.930  -17.519 0.8000000119
38576  -28.040  -56.569  -17.876 0.8000000119
34279  -9.314  -60.866  -24.254 0.6999999881
34259  -9.735  -60.805  -23.872 0.6000000238
33213  -11.425  -61.357  -23.491 0.6000000238
38608  -28.391  -56.753  -20.017 0.6999999881
39670  -28.982  -55.724  -18.882 0.6999999881
34311  -9.397  -60.624  -25.291 0.6999999881
34261  -11.748  -60.325  -23.930 0.6000000238
34263  -13.668  -60.135  -24.247 0.6000000238
39703  -27.543  -56.131  -20.548 0.8000000119
40746  -28.379  -55.250  -19.822 0.8000000119
35320  -14.118  -59.007  -24.109 0.5000000000
34264  -14.577  -60.056  -24.329 0.6000000238
35337  -9.947  -60.101  -25.171 0.6999999881
37507  -17.444  -57.313  -22.731 0.6000000238
39651  -23.419  -55.474  -17.708 0.6999999881
39652  -24.601  -55.672  -17.701 0.8000000119
40728  -25.460  -54.874  -17.743 0.8000000119
40729  -26.742  -54.659  -17.663 0.6999999881
39654  -26.370  -55.697  -17.561 0.8000000119
40730  -27.985  -54.488  -17.892 0.8000000119
39656  -28.394  -55.626  -18.185 0.8000000119
34260  -10.579  -60.252  -23.910 0.6999999881
35317  -11.248  -59.438  -24.237 0.6999999881
40739  -28.480  -54.142  -18.837 0.6999999881
40740  -28.752  -55.000  -19.348 0.8000000119
34281  -10.321  -59.820  -24.323 0.6999999881
35319  -13.230  -59.181  -24.155 0.6000000238
40744  -27.462  -54.933  -20.549 0.6999999881
40745  -27.979  -54.490  -20.061 0.6000000238
36414  -14.707  -58.294  -23.369 0.5000000000
36397  -15.184  -57.913  -22.635 0.5000000000
41850  -27.216  -53.306  -20.903 0.8000000119
40756  -27.495  -53.872  -20.540 0.6999999881
36415  -15.584  -58.347  -23.291 0.6000000238
36398  -16.033  -57.998  -22.475 0.6000000238
37506  -16.510  -57.262  -22.410 0.5000000000
36416  -16.389  -58.276  -23.137 0.6000000238
41825  -25.975  -53.799  -17.772 0.6000000238
42924  -25.519  -52.731  -17.912 0.6000000238
42925  -26.247  -53.206  -17.664 0.6000000238
42910  -27.106  -52.367  -17.621 0.6000000238
41827  -27.900  -53.159  -18.078 0.6999999881
35316  -10.644  -59.596  -24.285 0.6999999881
36411  -11.903  -58.864  -24.415 0.6999999881
42926  -27.508  -52.292  -17.997 0.6000000238
42939  -27.787  -52.288  -18.717 0.6000000238
41836  -28.120  -53.238  -19.287 0.6000000238
36413  -13.864  -57.997  -23.603 0.6000000238
36396  -14.502  -57.734  -23.022 0.5000000000
42944  -27.788  -52.309  -19.704 0.5000000000
41840  -27.755  -53.261  -20.220 0.6999999881
37505  -15.576  -57.294  -22.243 0.6000000238
38633  -16.040  -56.496  -22.519 0.5000000000
38634  -17.139  -56.432  -22.567 0.5000000000
42950  -27.042  -52.468  -21.390 0.6999999881
41863  -21.851  -53.854  -23.106 0.6999999881
41892  -19.582  -53.945  -24.859 0.6000000238
41893  -20.733  -54.030  -24.389 0.6999999881
43960  -25.574  -51.591  -17.917 0.4000000060
45005  -25.576  -50.541  -18.115 0.4000000060
43961  -26.567  -51.132  -17.853 0.6000000238
43976  -27.006  -50.870  -18.490 0.5000000000
43977  -27.427  -51.344  -19.164 0.6000000238
43985  -27.508  -51.482  -20.153 0.6000000238
42951  -27.491  -52.397  -20.594 0.6999999881
43991  -27.330  -51.572  -21.023 0.6999999881
39722  -16.669  -55.671  -23.036 0.5000000000
44002  -26.347  -51.580  -22.494 0.6999999881
40770  -16.798  -55.039  -23.422 0.5000000000
40772  -18.507  -54.903  -22.886 0.5000000000
40796  -17.168  -54.699  -23.882 0.4000000060
40798  -19.092  -54.500  -23.707 0.6000000238
45006  -26.390  -50.285  -18.329 0.5000000000
45021  -26.863  -50.316  -19.120 0.6000000238
46086  -26.605  -49.276  -19.452 0.6000000238
45037  -27.346  -50.614  -20.592 0.6999999881
46119  -27.155  -50.373  -21.666 0.6999999881
45068  -26.097  -49.951  -23.181 0.6999999881
41890  -17.251  -53.211  -24.464 0.4000000060
41891  -18.359  -53.336  -24.805 0.4000000060
40804  -17.696  -54.171  -24.493 0.5000000000
46069  -25.585  -49.706  -18.394 0.5000000000
46085  -25.692  -48.930  -18.790 0.6000000238
46106  -27.086  -49.495  -20.571 0.6000000238
46107  -27.310  -50.183  -21.248 0.6999999881
47226  -26.800  -48.311  -20.996 0.6000000238
46118  -27.040  -49.662  -21.862 0.6999999881
47239  -26.779  -48.405  -22.194 0.6000000238
42994  -17.908  -52.625  -24.579 0.3000000119
42995  -18.374  -52.339  -25.022 0.4000000060
48310  -26.048  -47.896  -23.474 0.6000000238
42976  -17.532  -52.254  -24.056 0.3000000119
44028  -18.218  -51.729  -24.909 0.3000000119
44029  -19.024  -51.546  -25.408 0.4000000060
44008  -16.325  -51.369  -23.950 0.3000000119
44010  -18.046  -51.453  -24.309 0.3000000119
45065  -18.170  -50.838  -24.781 0.3000000119
49336  -26.187  -46.739  -23.393 0.5000000000
49335  -25.779  -46.686  -23.873 0.5000000000
45064  -17.736  -50.728  -24.290 0.4000000060
46132  -16.291  -49.900  -23.904 0.4000000060
50365  -26.229  -46.054  -23.070 0.5000000000
50377  -25.655  -45.819  -23.730 0.5000000000
46150  -16.987  -49.399  -24.190 0.4000000060
50410  -22.764  -45.465  -26.035 0.4000000060
50409  -21.673  -45.616  -25.987 0.4000000060
53543  -23.533  -42.498  -24.390 0.2000000030
50408  -20.547  -45.420  -25.743 0.4000000060
52571  -22.143  -43.326  -26.107 0.1000000015
52554  -23.212  -43.433  -25.431 0.2000000030
53556  -23.166  -42.590  -25.309 0.2000000030
50407  -19.300  -45.389  -25.304 0.4000000060
51504  -20.422  -44.088  -25.740 0.2000000030
51484  -18.764  -44.405  -25.279 0.2000000030
50405  -16.926  -44.917  -24.723 0.2000000030
47295  -16.699  -48.058  -26.741 0.1000000015
53555  -22.641  -42.588  -25.811 0.2000000030
52550  -18.319  -43.541  -25.352 0.1000000015
52569  -20.278  -43.351  -25.843 0.1000000015
51482  -16.591  -44.069  -24.894 0.2000000030
51483  -17.660  -44.084  -24.780 0.1000000015
49407  -16.157  -46.239  -26.609 0.1000000015
48375  -16.228  -46.695  -26.930 0.1000000015
206  -11.271  -101.960  -23.334 0.3000000119
197  -17.651  -102.126  -22.396 0.6999999881
611  -21.388  -100.308  -29.258 0.1000000015
412  -20.935  -100.985  -29.756 0.1000000015
420  -21.523  -101.049  -30.231 0.1000000015
2433  -17.518  -95.638  -13.826 0.6000000238
1927  -15.785  -96.551  -13.872 0.6999999881
1939  -15.731  -96.043  -14.757 0.6999999881
173  -7.867  -101.699  -20.961 0.4000000060
378  -23.972  -98.877  -24.237 0.4000000060
1141  -28.343  -98.133  -21.216 0.5000000000
3197  -12.968  -94.565  -42.222 0.6000000238
2937  -6.275  -94.561  -18.564 0.6000000238
1492  -29.274  -97.420  -17.906 0.5000000000
674  -21.375  -99.761  -36.451 0.6000000238
965  -24.642  -99.003  -37.449 0.8000000119
695  -19.145  -99.618  -37.803 0.6000000238
2528  -23.466  -95.614  -21.017 0.5000000000
4051  -5.740  -92.387  -19.104 0.8000000119
4063  -5.607  -92.786  -20.048 0.6999999881
1792  -18.272  -97.563  -40.327 0.8000000119
683  -18.668  -99.791  -36.985 0.4000000060
30930  -14.676  -64.261  -13.037 0.6999999881
30940  -14.360  -64.324  -13.555 0.8000000119
25227  -8.603  -68.193  -14.166 0.8000000119
26273  -7.978  -67.755  -14.738 0.8000000119
28584  -13.498  -65.119  -15.935 0.6999999881
28585  -14.032  -65.306  -15.788 0.6999999881
26317  -14.833  -66.930  -16.956 0.6999999881
26320  -16.892  -67.144  -17.125 0.3000000119
29807  -12.751  -64.912  -15.960 0.8000000119
27441  -13.721  -66.485  -17.764 0.8999999762
27491  -16.766  -66.099  -19.159 0.6000000238
36374  -28.240  -58.431  -19.017 0.6999999881
36364  -25.041  -58.506  -17.835 0.8000000119
38617  -26.620  -56.535  -21.179 0.6000000238
41864  -22.582  -53.986  -22.921 0.6999999881
40755  -26.946  -54.442  -20.932 0.8000000119
32124  -7.843  -62.775  -24.154 0.6999999881
32141  -8.037  -62.376  -25.051 0.6999999881
42961  -22.316  -53.581  -22.963 0.6999999881
42966  -26.490  -52.452  -22.102 0.6999999881
47244  -26.351  -48.567  -23.068 0.5000000000
48326  -25.220  -47.875  -24.485 0.5000000000
49349  -25.344  -46.851  -24.297 0.5000000000
49348  -24.861  -46.591  -24.678 0.4000000060
45083  -17.601  -50.026  -24.359 0.4000000060
45062  -15.906  -50.504  -24.020 0.4000000060
45082  -15.638  -49.990  -24.099 0.4000000060
50404  -16.012  -44.971  -24.900 0.3000000119
36366  -27.082  -58.407  -18.123 0.8000000119
31065  -7.382  -63.600  -24.147 0.6999999881
41883  -20.063  -54.331  -23.694 0.6999999881
46125  -26.482  -49.425  -22.794 0.6999999881
207  -12.303  -101.895  -23.208 0.4000000060
91  -12.179  -101.688  -13.678 0.6999999881
581  -23.923  -98.530  -25.290 0.4000000060
722  -10.455  -99.020  -12.307 0.8000000119
2977  -28.224  -94.991  -20.177 0.4000000060
1559  -31.074  -96.936  -21.512 0.6000000238
2605  -27.934  -95.122  -27.310 0.4000000060
896  -24.628  -98.612  -28.840 0.3000000119
2160  -26.676  -96.203  -30.215 0.6000000238
1259  -20.520  -98.165  -32.333 0.4000000060
1928  -16.764  -96.242  -13.457 0.6000000238
1441  -15.508  -97.651  -12.714 0.6999999881
1682  -27.325  -97.036  -29.752 0.6000000238
1230  -27.786  -97.050  -29.572 0.6999999881
1703  -22.097  -97.505  -31.279 0.4000000060
1707  -28.708  -97.627  -31.972 0.6999999881
2234  -27.743  -96.902  -36.872 0.5000000000
1772  -25.959  -97.106  -38.763 0.6000000238
11669  -11.462  -83.035  -40.238 0.5000000000
11657  -12.058  -82.698  -39.299 0.6999999881
29788  -14.960  -64.081  -14.387 0.6000000238
28574  -16.578  -64.873  -14.585 0.4000000060
27397  -16.814  -66.036  -15.218 0.5000000000
31059  -17.751  -62.670  -23.546 0.3000000119
31046  -19.948  -62.677  -22.703 0.6000000238
32100  -19.585  -61.715  -22.872 0.4000000060
33200  -19.680  -60.688  -22.498 0.5000000000
34236  -20.327  -60.212  -22.022 0.5000000000
34237  -20.834  -60.536  -21.293 0.6000000238
34214  -19.488  -59.977  -20.103 0.6000000238
33199  -18.870  -60.879  -22.706 0.5000000000
34235  -18.632  -59.743  -22.063 0.5000000000
34217  -22.015  -61.313  -18.082 0.6999999881
34182  -20.882  -60.449  -17.500 0.6000000238
29888  -5.941  -64.225  -22.266 0.6999999881
36344  -23.157  -58.121  -17.577 0.6999999881
31035  -6.662  -63.680  -22.718 0.6000000238
37458  -26.514  -57.514  -17.890 0.8000000119
38574  -25.978  -56.669  -17.664 0.8000000119
37459  -27.543  -57.502  -17.923 0.8000000119
33194  -8.823  -62.420  -23.082 0.6999999881
37460  -28.409  -57.482  -18.557 0.6999999881
33211  -9.631  -61.539  -23.545 0.6000000238
33229  -8.867  -61.340  -24.322 0.6999999881
37474  -28.649  -57.408  -19.411 0.8000000119
38577  -28.666  -56.495  -18.561 0.8000000119
33197  -10.946  -61.866  -23.171 0.5000000000
37481  -27.846  -57.561  -20.527 0.6999999881
37482  -28.407  -57.624  -20.007 0.8000000119
39655  -27.469  -55.584  -17.668 0.8000000119
39687  -28.607  -55.821  -19.616 0.6999999881
38607  -27.775  -56.620  -20.498 0.8000000119
40731  -28.696  -54.954  -18.554 0.6999999881
35318  -12.227  -59.392  -24.189 0.6000000238
39685  -27.664  -55.193  -20.405 0.8000000119
39702  -27.193  -55.631  -20.732 0.6999999881
37492  -27.504  -57.023  -20.718 0.6999999881
35321  -14.935  -58.876  -24.133 0.6000000238
41826  -27.011  -53.559  -17.615 0.6999999881
43944  -25.991  -52.319  -17.686 0.6000000238
42909  -26.464  -52.706  -17.609 0.6000000238
43945  -26.477  -51.970  -17.649 0.6000000238
40771  -17.551  -55.134  -23.140 0.5000000000
46068  -24.873  -49.983  -18.401 0.4000000060
45022  -27.288  -50.747  -19.784 0.6000000238
43990  -26.913  -51.625  -21.775 0.6999999881
40797  -18.113  -54.683  -23.759 0.5000000000
40805  -18.579  -54.241  -24.432 0.5000000000
45045  -27.190  -50.860  -21.411 0.6999999881
45063  -16.897  -50.456  -23.920 0.4000000060
50426  -22.282  -44.869  -26.055 0.3000000119
50425  -21.444  -44.764  -25.926 0.1000000015
51505  -21.123  -44.021  -25.851 0.1000000015
51486  -20.708  -44.572  -25.773 0.3000000119
51506  -22.233  -44.040  -26.030 0.2000000030
52553  -22.693  -43.348  -25.817 0.2000000030
51485  -19.884  -44.526  -25.630 0.2000000030
53571  -20.913  -42.488  -26.274 0.1000000015
52552  -20.004  -43.942  -25.698 0.1000000015
52551  -19.370  -43.788  -25.614 0.1000000015
752  -8.295  -98.664  -16.903 0.1000000015
793  -9.936  -98.903  -19.890 0.1000000015
1120  -10.974  -98.612  -20.375 0.1000000015
1549  -11.998  -97.875  -21.177 0.1000000015
1090  -9.984  -98.653  -18.086 0.1000000015
1073  -8.884  -98.598  -16.980 0.1000000015
1405  -18.915  -97.493  -7.176 0.4000000060
1406  -19.911  -97.555  -7.136 0.3000000119
1383  -20.728  -97.317  -5.987 0.3000000119
1404  -18.030  -97.534  -7.207 0.4000000060
1858  -17.536  -97.121  -7.571 0.4000000060
1859  -18.490  -97.129  -7.585 0.4000000060
1872  -16.907  -96.460  -8.033 0.4000000060
1107  -10.515  -98.730  -19.323 0.1000000015
1568  -12.479  -97.809  -22.345 0.1000000015
1108  -11.561  -98.227  -19.488 0.1000000015
1550  -12.708  -97.189  -21.317 0.1000000015
1067  -10.188  -97.912  -16.681 0.1000000015
1381  -18.640  -97.417  -6.166 0.3000000119
1382  -19.786  -97.356  -5.995 0.3000000119
1840  -21.257  -96.846  -5.687 0.3000000119
1396  -21.095  -97.370  -6.414 0.4000000060
1397  -21.606  -97.037  -6.230 0.4000000060
1860  -19.482  -97.187  -7.645 0.5000000000
1857  -16.603  -97.101  -7.599 0.4000000060
2363  -16.296  -95.556  -8.570 0.4000000060
1873  -17.973  -96.476  -7.979 0.5000000000
2848  -15.654  -94.288  -10.482 0.6000000238
2380  -16.933  -94.901  -9.141 0.6000000238
3945  -14.051  -92.326  -10.529 0.6000000238
3367  -14.212  -93.336  -11.053 0.6000000238
2847  -14.671  -94.118  -10.497 0.6000000238
5165  -14.707  -91.088  -11.278 0.6000000238
1533  -11.961  -97.857  -20.173 0.1000000015
1091  -10.454  -98.532  -18.162 0.1000000015
1403  -17.256  -97.542  -7.123 0.4000000060
996  -17.944  -97.549  -6.305 0.4000000060
1831  -20.760  -96.349  -5.366 0.3000000119
1832  -21.672  -96.246  -5.340 0.3000000119
1402  -16.399  -97.427  -7.024 0.4000000060
1871  -15.759  -96.479  -8.116 0.4000000060
1861  -20.477  -97.238  -7.633 0.4000000060
1862  -21.421  -97.125  -7.480 0.4000000060
1875  -20.026  -96.685  -8.205 0.5000000000
2397  -15.235  -94.531  -10.126 0.6000000238
1874  -19.003  -96.590  -8.116 0.5000000000
2381  -18.001  -95.001  -9.012 0.6000000238
2382  -19.041  -95.077  -9.020 0.5000000000
2834  -16.717  -94.436  -9.894 0.6000000238
2835  -17.612  -94.348  -9.674 0.6000000238
7317  -14.050  -87.092  -13.292 0.6000000238
8047  -15.282  -87.133  -12.115 0.6000000238
5819  -15.500  -89.364  -10.270 0.6000000238
8073  -14.664  -86.738  -13.722 0.6000000238
7288  -15.652  -87.693  -11.547 0.6000000238
5830  -15.717  -89.624  -11.389 0.6000000238
6546  -16.051  -88.590  -11.621 0.6000000238
213  -19.039  -101.705  -23.087 0.4000000060
231  -21.960  -100.540  -24.330 0.3000000119
388  -22.756  -99.496  -24.979 0.2000000030
402  -22.507  -99.185  -25.427 0.2000000030
1372  -19.275  -97.104  -5.694 0.3000000119
1838  -19.768  -97.016  -5.623 0.3000000119
999  -16.928  -97.613  -6.681 0.4000000060
1841  -22.092  -96.669  -5.835 0.4000000060
2799  -21.443  -95.130  -5.035 0.3000000119
2333  -22.055  -95.697  -5.088 0.4000000060
1849  -22.808  -96.536  -6.426 0.4000000060
2811  -22.851  -94.629  -5.188 0.4000000060
1834  -22.940  -95.954  -5.420 0.4000000060
2362  -15.233  -95.486  -8.756 0.5000000000
1863  -22.349  -96.795  -7.177 0.4000000060
1876  -21.048  -96.699  -8.173 0.5000000000
2383  -20.073  -95.149  -9.132 0.5000000000
2846  -14.167  -93.770  -10.402 0.6000000238
2836  -18.582  -94.349  -9.491 0.5000000000
5146  -15.034  -90.515  -10.041 0.6000000238
1034  -14.852  -98.167  -12.572 0.6000000238
708  -14.817  -99.822  -12.262 0.6000000238
4545  -14.738  -91.414  -11.817 0.6000000238
2861  -15.301  -93.815  -11.290 0.6000000238
657  -17.573  -100.185  -35.130 0.3000000119
3314  -20.736  -94.832  -5.042 0.3000000119
3325  -21.073  -94.119  -5.396 0.3000000119
1371  -18.556  -96.957  -5.566 0.4000000060
2810  -22.060  -94.644  -5.139 0.4000000060
3326  -22.300  -94.015  -5.454 0.4000000060
2812  -23.651  -94.676  -5.286 0.4000000060
2335  -23.495  -95.309  -5.227 0.4000000060
1842  -23.049  -96.248  -5.736 0.4000000060
1844  -24.406  -96.020  -5.802 0.4000000060
2378  -14.706  -94.750  -9.620 0.5000000000
1877  -22.063  -96.667  -8.084 0.4000000060
2367  -20.574  -95.987  -8.729 0.5000000000
3360  -18.202  -93.845  -10.059 0.6000000238
1014  -15.581  -98.604  -12.090 0.6000000238
7287  -14.655  -87.202  -11.730 0.6000000238
2862  -16.187  -93.796  -11.219 0.6000000238
2850  -17.258  -94.091  -10.176 0.6000000238
1422  -15.978  -97.922  -12.164 0.6000000238
699  -15.508  -99.775  -12.252 0.6000000238
3380  -16.747  -93.283  -11.694 0.6000000238
3394  -17.260  -92.776  -11.976 0.6000000238
265  -16.145  -100.186  -12.368 0.6000000238
3966  -14.973  -92.354  -12.340 0.6000000238
3392  -15.754  -92.811  -12.461 0.6000000238
3968  -16.473  -92.153  -13.044 0.6000000238
3982  -16.779  -91.683  -13.555 0.6000000238
463  -18.935  -99.856  -12.542 0.5000000000
712  -19.217  -99.219  -12.257 0.5000000000
7305  -16.135  -87.744  -12.570 0.6000000238
4566  -16.953  -91.423  -13.929 0.6000000238
474  -18.564  -100.562  -12.934 0.5000000000
1110  -14.498  -98.867  -20.059 0.6000000238
823  -15.574  -99.153  -21.702 0.6000000238
3336  -21.728  -93.370  -5.992 0.2000000030
3337  -22.720  -93.409  -6.040 0.3000000119
3921  -22.962  -92.248  -7.190 0.2000000030
4515  -26.769  -92.219  -9.519 0.2000000030
3935  -27.288  -92.959  -8.951 0.2000000030
4517  -28.253  -92.979  -10.058 0.2000000030
4518  -28.577  -93.216  -10.224 0.1000000015
2844  -28.950  -94.111  -10.210 0.2000000030
3911  -23.229  -92.965  -6.626 0.2000000030
3356  -28.281  -93.764  -9.501 0.2000000030
1410  -15.093  -96.997  -7.932 0.4000000060
2361  -14.460  -95.363  -8.770 0.5000000000
3328  -24.086  -94.161  -5.645 0.4000000060
2813  -24.531  -94.848  -5.278 0.4000000060
1864  -23.436  -96.404  -7.150 0.4000000060
2377  -14.053  -94.941  -9.087 0.5000000000
3329  -24.886  -94.208  -5.703 0.4000000060
2344  -25.173  -95.533  -5.774 0.4000000060
1878  -23.041  -96.492  -7.924 0.4000000060
3366  -13.886  -93.265  -10.091 0.6000000238
2837  -19.578  -94.353  -9.488 0.5000000000
2368  -21.621  -96.052  -8.764 0.4000000060
3939  -14.148  -92.049  -9.570 0.6000000238
1015  -16.428  -98.434  -11.966 0.6000000238
710  -16.122  -99.053  -12.027 0.6000000238
1004  -16.816  -98.989  -12.027 0.5000000000
464  -19.958  -99.589  -12.528 0.5000000000
5173  -15.514  -90.513  -12.255 0.6000000238
270  -16.359  -100.582  -12.505 0.6000000238
8074  -15.688  -86.746  -13.879 0.6000000238
4555  -15.359  -91.496  -12.612 0.6000000238
4565  -16.218  -91.333  -13.303 0.6000000238
3983  -17.610  -91.716  -13.819 0.6000000238
484  -19.369  -100.500  -13.366 0.4000000060
8083  -15.045  -86.461  -14.752 0.6000000238
288  -18.210  -100.921  -13.558 0.5000000000
483  -18.902  -100.742  -13.579 0.5000000000
299  -17.923  -100.945  -14.785 0.6000000238
491  -18.706  -100.863  -14.080 0.5000000000
504  -15.311  -100.433  -16.829 0.6000000238
753  -15.049  -99.829  -17.297 0.5000000000
1077  -15.144  -98.941  -18.254 0.5000000000
765  -15.456  -99.268  -17.612 0.5000000000
1094  -14.539  -98.956  -18.998 0.5000000000
4503  -23.462  -91.699  -7.823 0.3000000119
4512  -24.001  -91.293  -8.406 0.2000000030
4516  -27.631  -92.639  -9.790 0.2000000030
4513  -24.797  -91.574  -8.683 0.2000000030
3933  -25.813  -92.480  -8.256 0.3000000119
3936  -27.949  -93.303  -9.342 0.2000000030
1401  -15.151  -97.252  -7.204 0.4000000060
3912  -23.831  -93.270  -6.580 0.4000000060
4511  -14.628  -91.323  -8.908 0.6000000238
3922  -24.072  -92.787  -7.183 0.3000000119
3339  -24.449  -93.626  -6.322 0.4000000060
1865  -24.396  -96.250  -7.037 0.4000000060
3340  -25.532  -93.896  -6.217 0.4000000060
2814  -25.523  -94.726  -5.716 0.4000000060
1851  -24.982  -96.121  -6.360 0.4000000060
2353  -23.950  -96.143  -7.575 0.4000000060
7269  -14.947  -87.673  -10.695 0.6000000238
6509  -15.306  -88.721  -9.997 0.6000000238
1005  -17.660  -98.892  -12.057 0.5000000000
1017  -18.317  -98.337  -11.868 0.5000000000
4556  -15.841  -91.854  -12.978 0.6000000238
280  -16.969  -101.056  -12.773 0.5000000000
456  -17.816  -99.616  -12.421 0.5000000000
6562  -16.427  -88.384  -13.252 0.6000000238
5842  -15.897  -89.776  -12.298 0.6000000238
4578  -17.971  -91.789  -15.211 0.6000000238
4010  -18.173  -92.233  -15.662 0.6000000238
298  -17.192  -101.359  -14.805 0.6000000238
305  -17.199  -101.021  -15.402 0.6000000238
499  -17.780  -100.775  -15.248 0.6000000238
506  -17.307  -100.436  -15.949 0.6000000238
505  -16.230  -100.479  -16.381 0.6000000238
507  -18.206  -100.218  -15.679 0.5000000000
500  -18.789  -100.638  -14.966 0.5000000000
754  -15.882  -99.764  -16.974 0.6000000238
755  -16.925  -99.691  -16.715 0.6000000238
1078  -15.999  -98.683  -18.015 0.5000000000
1111  -15.634  -98.169  -19.857 0.6000000238
8085  -16.297  -87.044  -15.233 0.6000000238
4514  -25.730  -91.854  -9.000 0.2000000030
2360  -13.759  -95.503  -8.432 0.5000000000
2825  -13.498  -94.485  -8.606 0.5000000000
3938  -13.871  -92.724  -9.353 0.6000000238
5147  -15.256  -89.900  -9.781 0.6000000238
2350  -26.045  -95.433  -6.436 0.4000000060
7268  -14.140  -87.629  -10.833 0.6000000238
462  -17.813  -100.060  -12.542 0.5000000000
5181  -15.779  -90.848  -12.962 0.6000000238
292  -17.337  -101.396  -14.183 0.6000000238
281  -17.768  -100.946  -13.052 0.5000000000
5843  -16.184  -89.341  -12.934 0.6000000238
5174  -15.886  -90.151  -12.831 0.6000000238
3997  -18.677  -92.066  -14.749 0.6000000238
6571  -16.692  -88.195  -14.055 0.6000000238
5788  -14.698  -89.360  -8.732 0.6000000238
6508  -14.736  -88.476  -9.564 0.6000000238
7316  -13.261  -87.611  -13.566 0.6000000238
7286  -13.817  -87.592  -11.709 0.6000000238
767  -17.427  -99.046  -17.209 0.5000000000
3355  -13.523  -93.480  -8.269 0.5000000000
3919  -14.110  -92.272  -8.200 0.6000000238
4499  -14.333  -91.553  -7.933 0.6000000238
6544  -12.977  -88.343  -11.695 0.6000000238
6491  -14.047  -88.521  -8.940 0.6000000238
6560  -12.670  -88.548  -12.497 0.6000000238
6527  -13.414  -87.890  -11.085 0.6000000238
5841  -12.128  -88.940  -12.906 0.6000000238
5829  -12.248  -88.739  -11.803 0.6000000238
6526  -12.826  -88.368  -10.795 0.6000000238
5117  -13.937  -90.485  -7.415 0.6000000238
5772  -14.231  -89.758  -8.049 0.6000000238
5839  -10.414  -89.213  -12.917 0.6000000238
6543  -11.098  -88.669  -12.099 0.6000000238
5771  -13.513  -89.667  -7.778 0.6000000238
6489  -12.633  -88.872  -9.090 0.6000000238
6542  -10.663  -88.431  -11.737 0.6000000238
5828  -11.487  -88.685  -11.450 0.6000000238
6962  -9.924  -88.535  -40.171 0.2000000030
5116  -12.759  -90.049  -7.355 0.6000000238
5786  -12.661  -89.325  -8.352 0.6000000238
7249  -7.069  -87.607  -9.511 0.6000000238
7283  -8.706  -87.868  -11.536 0.6000000238
5818  -12.151  -88.830  -10.601 0.6000000238
6944  -9.118  -88.432  -39.619 0.2000000030
7685  -10.020  -87.850  -39.878 0.4000000060
7650  -8.842  -87.616  -38.361 0.2000000030
5106  -11.680  -91.104  -6.480 0.6000000238
5130  -11.861  -89.966  -8.200 0.6000000238
5803  -12.140  -89.196  -9.460 0.6000000238
7251  -8.954  -87.026  -10.042 0.6000000238
7285  -10.100  -87.878  -11.367 0.6000000238
5827  -11.116  -88.588  -10.914 0.6000000238
6688  -3.651  -88.198  -22.193 0.3000000119
5976  -5.088  -89.946  -23.954 0.3000000119
7631  -8.545  -87.502  -37.594 0.3000000119
7632  -9.094  -87.094  -38.003 0.3000000119
7651  -9.414  -87.185  -38.538 0.4000000060
4483  -10.500  -92.001  -6.232 0.6000000238
4496  -10.403  -91.962  -7.161 0.6000000238
4510  -11.184  -90.785  -8.227 0.6000000238
5145  -11.213  -90.509  -8.798 0.6000000238
5802  -11.450  -89.802  -9.250 0.6000000238
8012  -7.710  -86.569  -8.711 0.6000000238
8028  -9.138  -86.950  -9.091 0.6000000238
8027  -8.381  -86.756  -9.325 0.6000000238
7252  -9.640  -87.524  -9.632 0.6000000238
6525  -10.563  -88.144  -10.756 0.6000000238
5817  -11.452  -89.114  -10.267 0.6000000238
7427  -3.387  -87.618  -22.530 0.3000000119
8962  -2.615  -86.074  -20.355 0.3000000119
8175  -2.788  -86.744  -21.204 0.3000000119
5959  -4.552  -89.226  -23.345 0.3000000119
8396  -8.344  -87.029  -35.837 0.3000000119
8401  -8.606  -86.743  -36.694 0.3000000119
9184  -9.325  -85.611  -37.650 0.4000000060
3903  -9.288  -92.635  -6.779 0.4000000060
3902  -8.668  -92.751  -7.092 0.4000000060
3930  -9.800  -92.283  -8.043 0.5000000000
4509  -10.536  -91.537  -8.331 0.6000000238
4508  -9.516  -91.617  -8.844 0.5000000000
5144  -10.850  -90.435  -9.251 0.6000000238
5801  -10.820  -89.619  -9.742 0.6000000238
6505  -10.494  -88.792  -9.914 0.6000000238
8011  -7.197  -86.410  -8.141 0.5000000000
8013  -8.655  -86.509  -8.458 0.6000000238
6504  -9.857  -88.514  -9.258 0.6000000238
8938  -2.703  -85.406  -18.265 0.3000000119
8947  -2.609  -85.677  -19.327 0.3000000119
14198  -3.732  -79.508  -27.510 0.2000000030
3302  -6.160  -92.883  -4.717 0.3000000119
3331  -6.683  -92.674  -5.960 0.4000000060
3344  -7.470  -92.790  -7.042 0.4000000060
3929  -8.954  -92.376  -8.250 0.5000000000
4507  -8.467  -91.637  -8.310 0.5000000000
5129  -9.743  -90.534  -9.154 0.5000000000
5783  -8.750  -90.092  -8.433 0.5000000000
5800  -10.105  -89.606  -9.428 0.5000000000
7993  -7.967  -86.121  -7.430 0.5000000000
7995  -9.360  -87.200  -7.959 0.6000000238
7240  -9.449  -87.603  -8.647 0.6000000238
8912  -3.408  -85.220  -16.195 0.3000000119
9688  -3.065  -84.540  -17.123 0.3000000119
15035  -3.400  -77.876  -26.932 0.2000000030
14187  -3.552  -80.129  -26.196 0.2000000030
13307  -3.296  -80.725  -25.814 0.2000000030
8372  -7.797  -86.702  -33.839 0.3000000119
8391  -8.268  -86.953  -35.130 0.3000000119
9158  -8.524  -86.114  -35.895 0.3000000119
9157  -8.117  -85.259  -36.035 0.3000000119
9917  -8.215  -84.789  -36.965 0.3000000119
3254  -7.501  -92.728  -0.047 0.1000000015
3271  -7.977  -92.829  -0.931 0.1000000015
3283  -7.417  -93.027  -1.738 0.1000000015
3296  -5.978  -92.937  -3.511 0.2000000030
3900  -6.295  -92.316  -5.859 0.4000000060
3913  -6.962  -92.371  -7.072 0.4000000060
4506  -7.872  -92.033  -7.776 0.4000000060
5114  -8.269  -90.535  -7.945 0.5000000000
5769  -8.716  -89.518  -7.990 0.5000000000
6477  -8.990  -88.696  -7.732 0.6000000238
5770  -9.010  -89.056  -8.283 0.5000000000
7972  -8.205  -86.297  -6.110 0.5000000000
7973  -8.888  -86.900  -6.741 0.5000000000
8795  -7.438  -85.948  -6.321 0.5000000000
9701  -2.809  -84.462  -17.945 0.2000000030
9131  -6.592  -85.112  -33.462 0.2000000030
8371  -6.993  -86.386  -33.315 0.1000000015
9132  -7.524  -85.746  -33.768 0.3000000119
9916  -7.733  -84.636  -36.544 0.3000000119
9881  -7.474  -84.856  -34.818 0.3000000119
10763  -7.750  -83.652  -37.822 0.3000000119
3270  -7.146  -92.693  -0.739 0.1000000015
3859  -5.990  -92.663  -2.074 0.1000000015
3292  -6.560  -93.024  -2.512 0.1000000015
3291  -5.917  -92.789  -2.773 0.2000000030
3881  -5.415  -92.141  -4.331 0.4000000060
4481  -6.408  -91.739  -6.064 0.4000000060
4482  -6.899  -91.466  -6.577 0.4000000060
7207  -8.844  -87.862  -6.265 0.5000000000
5758  -8.404  -89.185  -6.497 0.5000000000
8769  -6.455  -85.462  -4.262 0.5000000000
8770  -7.303  -85.959  -4.951 0.5000000000
8784  -6.922  -85.733  -5.522 0.5000000000
10491  -3.048  -84.021  -16.598 0.3000000119
11539  -4.588  -82.780  -31.985 0.2000000030
9848  -4.738  -83.831  -32.369 0.2000000030
9856  -5.159  -84.346  -32.685 0.2000000030
9130  -5.681  -84.964  -33.072 0.2000000030
9880  -6.754  -84.322  -34.716 0.2000000030
3877  -5.298  -92.301  -3.456 0.3000000119
4471  -5.887  -91.457  -5.206 0.4000000060
5755  -6.127  -89.871  -4.808 0.4000000060
5103  -6.724  -91.065  -6.032 0.4000000060
5744  -5.399  -89.454  -4.413 0.4000000060
5757  -7.857  -89.660  -6.095 0.4000000060
5762  -7.871  -90.102  -6.759 0.5000000000
6428  -5.836  -88.277  -4.235 0.4000000060
5756  -6.975  -89.476  -5.174 0.5000000000
7170  -6.553  -87.366  -4.139 0.5000000000
6429  -6.994  -88.422  -4.682 0.5000000000
6449  -7.768  -88.639  -5.238 0.5000000000
7941  -6.594  -86.467  -3.961 0.5000000000
7171  -7.449  -87.415  -4.642 0.5000000000
7184  -8.030  -87.633  -5.121 0.5000000000
10461  -2.525  -83.215  -15.051 0.3000000119
13382  -3.945  -80.888  -32.240 0.4000000060
13397  -4.067  -80.656  -33.313 0.5000000000
12506  -4.617  -82.244  -32.781 0.2000000030
10691  -5.419  -83.451  -33.212 0.2000000030
11582  -5.144  -82.324  -34.197 0.3000000119
10692  -5.844  -83.697  -33.790 0.2000000030
10728  -5.450  -82.864  -34.875 0.4000000060
10710  -5.970  -83.609  -34.518 0.2000000030
10729  -6.059  -83.503  -35.754 0.4000000060
9898  -6.648  -84.140  -35.535 0.3000000119
5098  -5.703  -90.472  -4.642 0.4000000060
7159  -3.771  -87.865  -3.462 0.3000000119
6427  -4.885  -88.733  -4.179 0.3000000119
10473  -2.674  -83.235  -16.093 0.2000000030
10490  -2.903  -83.532  -17.299 0.2000000030
11349  -2.687  -82.410  -16.912 0.2000000030
12525  -4.122  -81.381  -32.873 0.5000000000
12277  -7.313  -81.685  -15.556 0.1000000015
11282  -2.882  -82.226  -13.779 0.3000000119
11320  -2.389  -82.323  -15.348 0.2000000030
12259  -2.444  -81.370  -15.657 0.2000000030
13196  -3.514  -80.935  -17.645 0.2000000030
12238  -3.234  -81.181  -14.335 0.2000000030
13197  -4.216  -80.641  -17.595 0.2000000030
13198  -4.870  -80.739  -17.288 0.1000000015
13210  -5.618  -81.590  -16.973 0.1000000015
15003  -3.304  -78.130  -23.722 0.4000000060
13160  -8.551  -81.046  -14.503 0.1000000015
12242  -8.586  -81.845  -14.205 0.1000000015
12260  -7.863  -81.708  -15.029 0.1000000015
12241  -8.070  -82.253  -14.695 0.1000000015
12239  -5.117  -81.561  -13.551 0.3000000119
13181  -6.889  -81.381  -15.732 0.1000000015
13157  -2.717  -80.340  -16.044 0.2000000030
14044  -3.271  -80.409  -17.177 0.2000000030
12294  -6.439  -82.075  -16.641 0.1000000015
13135  -2.805  -80.737  -15.243 0.2000000030
15901  -2.868  -77.183  -23.133 0.5000000000
12199  -5.194  -82.027  -13.136 0.3000000119
13159  -8.036  -80.902  -14.820 0.1000000015
15846  -2.726  -77.076  -20.610 0.3000000119
15865  -2.981  -77.915  -21.091 0.3000000119
15864  -2.649  -77.101  -21.474 0.3000000119
15885  -2.810  -77.541  -22.083 0.3000000119
16842  -2.910  -76.126  -23.445 0.4000000060
13158  -3.011  -80.191  -15.305 0.3000000119
13120  -5.619  -80.948  -13.261 0.2000000030
13118  -4.028  -80.373  -13.823 0.2000000030
13136  -3.467  -80.423  -14.584 0.2000000030
12056  -3.549  -81.307  -3.156 0.6999999881
15824  -2.855  -77.061  -19.432 0.3000000119
13083  -5.433  -80.103  -12.027 0.4000000060
13952  -4.301  -79.859  -12.670 0.2000000030
12965  -4.472  -80.598  -2.034 0.6999999881
12982  -4.264  -80.761  -2.983 0.6999999881
12966  -5.428  -80.889  -2.659 0.8000000119
16746  -2.699  -75.956  -18.477 0.2000000030
15804  -3.463  -77.042  -18.483 0.2000000030
17836  -2.601  -75.204  -19.874 0.4000000060
16761  -2.604  -76.052  -19.245 0.3000000119
15805  -4.615  -77.110  -18.453 0.2000000030
17837  -2.923  -74.840  -20.486 0.5000000000
18851  -2.908  -74.607  -18.373 0.4000000060
18885  -2.859  -74.465  -20.036 0.5000000000
24453  -10.496  -69.688  -33.582 0.4000000060
21106  -2.795  -73.104  -18.815 0.5000000000
21057  -3.638  -73.036  -17.957 0.3000000119
22146  -3.610  -72.087  -17.942 0.3000000119
22185  -3.375  -71.501  -19.635 0.5000000000
22164  -3.235  -71.681  -18.653 0.5000000000
21037  -5.619  -73.087  -17.096 0.3000000119
21086  -9.431  -72.936  -18.279 0.2000000030
24224  -3.852  -70.186  -19.063 0.6000000238
23217  -4.460  -70.435  -18.137 0.5000000000
22166  -5.423  -71.007  -18.035 0.3000000119
22148  -5.268  -71.756  -17.715 0.3000000119
22167  -6.209  -71.216  -18.604 0.3000000119
23194  -3.706  -71.119  -17.950 0.5000000000
23195  -4.267  -71.034  -17.744 0.4000000060
21060  -6.137  -72.594  -17.661 0.3000000119
21061  -7.140  -72.684  -18.066 0.3000000119
22169  -7.648  -71.946  -19.039 0.2000000030
19941  -8.145  -72.918  -18.281 0.3000000119
23233  -3.536  -70.583  -20.004 0.6000000238
21059  -5.056  -72.487  -17.448 0.3000000119
15674  -2.877  -77.689  -10.272 0.2000000030
16630  -3.134  -76.865  -9.974 0.3000000119
24244  -4.303  -69.352  -19.062 0.5000000000
24226  -4.726  -69.910  -18.810 0.4000000060
22168  -6.983  -71.627  -18.849 0.2000000030
22188  -8.222  -72.018  -19.648 0.2000000030
21108  -9.004  -72.608  -19.215 0.2000000030
17683  -2.799  -76.136  -10.608 0.3000000119
23218  -5.626  -70.323  -18.779 0.3000000119
22186  -6.676  -71.029  -19.124 0.3000000119
25267  -3.953  -69.021  -19.835 0.5000000000
24245  -5.294  -69.385  -19.068 0.5000000000
23235  -6.651  -70.266  -19.556 0.2000000030
22187  -7.281  -71.301  -19.533 0.2000000030
25287  -3.794  -68.860  -20.853 0.6000000238
23236  -7.293  -70.731  -19.939 0.2000000030
24271  -3.682  -69.733  -21.541 0.6999999881
17568  -10.725  -75.743  -3.367 0.6000000238
18729  -3.378  -74.778  -9.512 0.3000000119
18742  -2.777  -74.839  -10.375 0.3000000119
25269  -5.597  -68.736  -19.546 0.5000000000
25270  -6.152  -68.946  -19.842 0.2000000030
23245  -6.960  -69.943  -20.051 0.2000000030
24272  -6.866  -68.845  -20.951 0.2000000030
25288  -4.199  -67.961  -20.194 0.6000000238
25304  -3.769  -68.821  -21.906 0.6999999881
25268  -4.690  -68.668  -19.442 0.5000000000
25289  -5.149  -67.943  -19.670 0.6000000238
25290  -6.170  -68.317  -20.172 0.5000000000
25306  -6.800  -68.051  -20.827 0.5000000000
26344  -4.357  -67.242  -20.403 0.6000000238
26345  -4.765  -67.157  -20.016 0.6000000238
26367  -7.088  -67.382  -21.150 0.4000000060
27521  -6.726  -66.570  -20.726 0.3000000119
27520  -4.659  -66.010  -20.894 0.6000000238
27546  -7.792  -66.867  -21.816 0.3000000119
27523  -7.858  -66.034  -21.637 0.3000000119
27547  -8.170  -66.568  -22.005 0.3000000119
26404  -9.755  -67.403  -23.396 0.3000000119
28690  -7.526  -65.520  -21.345 0.4000000060
28689  -6.594  -65.591  -20.893 0.4000000060
28712  -8.693  -66.079  -22.051 0.3000000119
27548  -9.004  -66.549  -22.512 0.3000000119
26405  -10.658  -67.344  -23.725 0.3000000119
27570  -11.152  -66.442  -23.739 0.3000000119
26406  -11.502  -67.336  -23.961 0.2000000030
28691  -8.329  -65.560  -21.691 0.3000000119
28713  -9.172  -65.553  -22.147 0.3000000119
28732  -10.688  -65.560  -23.276 0.3000000119
28733  -11.493  -65.507  -23.629 0.3000000119
29867  -6.997  -64.721  -21.349 0.4000000060
28734  -12.210  -65.616  -24.025 0.3000000119
31019  -8.188  -64.107  -21.638 0.5000000000
28692  -8.772  -65.135  -21.747 0.3000000119
29890  -9.717  -64.594  -22.314 0.4000000060
31020  -8.638  -64.289  -21.749 0.5000000000
29908  -11.088  -64.622  -23.124 0.5000000000
29909  -12.016  -64.652  -23.560 0.3000000119
29919  -12.771  -65.036  -24.218 0.4000000060
29920  -13.603  -64.486  -24.370 0.3000000119
31036  -7.129  -63.472  -22.178 0.5000000000
31037  -7.888  -63.420  -22.003 0.5000000000
31039  -9.925  -63.624  -22.495 0.5000000000
31040  -11.037  -63.566  -22.750 0.5000000000
31054  -12.132  -63.512  -23.080 0.4000000060
29910  -12.791  -64.188  -23.785 0.3000000119
31055  -13.329  -63.231  -23.825 0.3000000119
32091  -7.583  -63.126  -22.708 0.5000000000
32092  -8.366  -62.884  -22.717 0.5000000000
31068  -14.424  -62.907  -24.627 0.3000000119
27351  -14.053  -66.251  -12.664 0.6999999881
29763  -14.263  -64.918  -12.913 0.6999999881
31041  -11.544  -63.099  -22.788 0.4000000060
33196  -10.274  -62.011  -23.103 0.5000000000
32109  -12.315  -62.338  -23.294 0.3000000119
31056  -13.718  -62.551  -24.076 0.4000000060
32126  -15.395  -61.949  -24.903 0.3000000119
31069  -15.547  -62.927  -25.153 0.3000000119
32144  -16.460  -61.960  -25.234 0.3000000119
32110  -13.222  -62.096  -23.766 0.5000000000
35341  -16.714  -59.368  -24.481 0.5000000000
29895  -17.705  -64.108  -23.484 0.6000000238
29896  -19.072  -64.264  -22.892 0.6000000238
31025  -21.186  -63.044  -21.350 0.6000000238
29856  -21.798  -64.685  -20.130 0.6999999881
32095  -11.065  -62.601  -22.884 0.3000000119
32125  -14.507  -61.781  -24.578 0.4000000060
32127  -15.920  -61.488  -25.007 0.4000000060
33214  -12.446  -61.310  -23.834 0.5000000000
32111  -13.874  -61.940  -24.235 0.5000000000
33231  -15.579  -60.994  -24.839 0.4000000060
33259  -16.836  -61.101  -25.310 0.3000000119
33215  -13.329  -61.168  -24.133 0.5000000000
33216  -14.121  -61.037  -24.357 0.5000000000
34282  -15.225  -60.381  -24.580 0.5000000000
33232  -16.246  -60.984  -25.087 0.4000000060
34284  -16.911  -60.302  -25.038 0.4000000060
34285  -17.779  -60.315  -25.214 0.3000000119
34265  -15.271  -59.688  -24.409 0.5000000000
35340  -15.830  -58.952  -24.202 0.5000000000
35344  -19.671  -60.060  -25.064 0.3000000119
36446  -20.300  -59.320  -24.503 0.2000000030
31023  -17.978  -62.890  -21.333 0.3000000119
32079  -18.074  -62.149  -21.598 0.3000000119
32082  -20.922  -62.082  -21.701 0.6000000238
30990  -21.757  -63.471  -20.067 0.6000000238
29844  -22.541  -64.145  -18.721 0.6000000238
29833  -23.044  -64.589  -18.066 0.6000000238
33160  -21.477  -61.922  -19.891 0.6000000238
30992  -22.593  -63.307  -18.688 0.6000000238
35342  -17.624  -59.572  -24.759 0.3000000119
36445  -19.320  -59.106  -24.523 0.3000000119
36421  -21.165  -58.809  -23.973 0.3000000119
35323  -22.094  -59.664  -23.929 0.2000000030
35324  -22.831  -59.471  -23.377 0.3000000119
36442  -16.604  -58.605  -23.854 0.5000000000
36444  -18.341  -58.942  -24.375 0.4000000060
36419  -18.985  -58.299  -23.810 0.4000000060
36420  -19.987  -58.463  -23.870 0.3000000119
37531  -21.566  -57.767  -23.482 0.2000000030
36422  -22.252  -58.596  -23.608 0.2000000030
37530  -20.582  -57.683  -23.377 0.3000000119
38659  -21.033  -57.093  -23.103 0.3000000119
34225  -18.574  -60.259  -21.407 0.3000000119
32038  -23.282  -62.951  -18.046 0.6000000238
34181  -20.081  -60.308  -18.004 0.3000000119
35246  -19.208  -59.621  -17.931 0.3000000119
35247  -20.131  -60.011  -17.084 0.4000000060
35245  -18.540  -58.908  -17.708 0.3000000119
34218  -27.767  -60.338  -19.519 0.4000000060
35291  -27.543  -59.530  -20.104 0.5000000000
36386  -26.725  -58.410  -20.978 0.4000000060
37480  -27.292  -57.983  -20.782 0.6000000238
36417  -17.261  -58.168  -23.275 0.5000000000
38660  -21.758  -57.029  -23.293 0.2000000030
37527  -17.933  -57.731  -23.119 0.5000000000
37528  -18.589  -57.564  -23.227 0.5000000000
37529  -19.566  -57.435  -23.221 0.5000000000
38658  -20.550  -57.113  -23.049 0.4000000060
38638  -21.323  -56.349  -23.176 0.4000000060
38635  -18.249  -56.461  -22.781 0.5000000000
38636  -19.383  -56.415  -22.893 0.5000000000
38637  -20.373  -56.497  -22.991 0.5000000000
39726  -20.765  -55.507  -23.298 0.4000000060
33171  -18.523  -61.416  -21.117 0.2000000030
34213  -18.863  -60.231  -20.209 0.3000000119
35261  -18.991  -59.622  -19.160 0.2000000030
35260  -18.460  -59.016  -18.556 0.3000000119
35237  -19.494  -59.278  -16.773 0.4000000060
35248  -21.222  -59.609  -16.830 0.5000000000
36378  -28.225  -58.455  -19.940 0.6000000238
40776  -22.210  -54.627  -23.225 0.4000000060
39724  -18.894  -55.512  -22.657 0.5000000000
39725  -19.828  -55.493  -23.010 0.5000000000
40775  -21.282  -54.587  -23.388 0.6000000238
40773  -19.581  -54.734  -23.020 0.5000000000
40774  -20.359  -54.647  -23.354 0.5000000000
33159  -18.932  -61.523  -20.403 0.2000000030
33158  -18.623  -60.987  -19.759 0.2000000030
34212  -17.806  -60.386  -19.418 0.2000000030
35281  -18.892  -59.780  -19.722 0.3000000119
36329  -20.845  -58.503  -16.528 0.5000000000
36343  -22.501  -58.465  -17.264 0.5000000000
37413  -21.268  -57.583  -16.599 0.5000000000
41861  -20.392  -54.307  -23.224 0.6000000238
41885  -21.588  -53.544  -23.313 0.6000000238
33157  -18.104  -60.991  -19.092 0.2000000030
35280  -18.178  -59.437  -19.375 0.2000000030
38553  -22.177  -56.545  -17.405 0.6000000238
39632  -22.510  -55.510  -17.580 0.6000000238
39633  -22.995  -55.779  -17.610 0.6000000238
39630  -21.015  -55.119  -16.987 0.6000000238
40727  -24.179  -54.658  -18.008 0.6000000238
7319  -16.365  -87.468  -13.678 0.6000000238
6675  -3.884  -88.387  -21.550 0.4000000060
7409  -3.278  -87.941  -20.134 0.4000000060
8163  -2.713  -86.871  -20.387 0.3000000119
6663  -3.977  -88.466  -20.651 0.4000000060
5940  -4.657  -88.926  -22.581 0.3000000119
6703  -3.918  -88.390  -23.156 0.2000000030
243  -21.035  -100.780  -24.584 0.3000000119
376  -23.023  -99.467  -24.387 0.3000000119
8084  -15.817  -86.634  -14.954 0.6000000238
29894  -16.780  -64.257  -23.321 0.4000000060
31021  -16.765  -63.593  -22.108 0.5000000000
30978  -23.180  -63.803  -18.113 0.6999999881
30979  -24.097  -63.567  -17.657 0.8000000119
34230  -27.364  -60.461  -20.115 0.4000000060
34229  -26.941  -60.178  -20.645 0.4000000060
34267  -23.254  -60.220  -23.096 0.3000000119
35290  -27.009  -59.253  -20.673 0.4000000060
36423  -23.131  -58.454  -23.236 0.3000000119
38639  -22.322  -56.468  -23.247 0.3000000119
32039  -24.079  -62.640  -17.670 0.6999999881
37490  -26.208  -57.545  -21.410 0.5000000000
37491  -27.071  -57.373  -20.940 0.6000000238
403  -23.260  -98.675  -25.392 0.2000000030
649  -17.940  -99.880  -34.210 0.3000000119
9167  -8.648  -85.550  -36.849 0.3000000119
6690  -5.190  -88.719  -21.902 0.4000000060
7419  -3.230  -87.809  -21.394 0.3000000119
32097  -17.429  -62.416  -22.085 0.3000000119
29897  -19.845  -63.500  -22.628 0.5000000000
31060  -18.301  -62.483  -23.537 0.3000000119
32064  -21.429  -62.489  -20.796 0.6000000238
33184  -20.346  -61.304  -22.264 0.4000000060
32051  -22.016  -62.746  -19.173 0.6000000238
32063  -18.776  -62.092  -20.930 0.3000000119
32052  -22.628  -62.536  -18.413 0.6000000238
33162  -22.597  -62.202  -18.184 0.6000000238
33170  -18.581  -60.877  -20.794 0.2000000030
32105  -7.286  -63.156  -23.261 0.5000000000
36342  -21.705  -58.499  -16.779 0.5000000000
32106  -7.974  -62.578  -23.410 0.5000000000
39723  -17.840  -55.586  -22.568 0.4000000060
32081  -20.359  -62.188  -22.403 0.6000000238
31024  -20.600  -63.144  -22.100 0.6000000238
37434  -21.997  -57.532  -17.063 0.5000000000
700  -16.214  -99.584  -12.196 0.6000000238
455  -17.311  -99.761  -12.391 0.6000000238
9146  -8.120  -85.782  -34.820 0.3000000119
9869  -6.263  -84.160  -33.929 0.2000000030
12505  -4.421  -81.899  -32.461 0.2000000030
9855  -4.727  -84.896  -32.494 0.1000000015
6414  -4.975  -88.061  -3.901 0.3000000119
14990  -3.060  -78.091  -22.886 0.3000000119
26346  -5.666  -67.228  -19.981 0.5000000000
25307  -7.212  -68.278  -21.527 0.3000000119
27503  -6.075  -66.563  -20.345 0.5000000000
26387  -7.709  -67.487  -22.016 0.3000000119
27569  -10.194  -66.462  -23.242 0.3000000119
29891  -10.409  -64.215  -22.725 0.6000000238
29874  -19.568  -64.677  -22.317 0.6000000238
31003  -21.551  -63.659  -20.514 0.6000000238
29876  -21.009  -63.824  -21.428 0.6000000238
31004  -21.813  -64.044  -20.129 0.6999999881
29843  -22.152  -64.723  -19.266 0.6000000238
28641  -22.219  -65.289  -18.777 0.6000000238
33230  -14.874  -61.041  -24.612 0.5000000000
35343  -18.587  -59.863  -25.084 0.3000000119
32050  -21.672  -62.997  -20.017 0.6000000238
30991  -21.980  -63.755  -19.644 0.6000000238
29832  -22.482  -64.783  -18.563 0.6000000238
36418  -18.084  -58.191  -23.717 0.5000000000
38657  -18.863  -56.965  -22.966 0.5000000000
33143  -19.072  -61.736  -19.575 0.2000000030
38552  -21.507  -56.699  -16.904 0.5000000000
39631  -21.483  -55.658  -17.188 0.6000000238
209  -14.653  -101.623  -23.227 0.5000000000
210  -15.801  -101.653  -23.180 0.5000000000
648  -16.916  -100.296  -34.170 0.1000000015
641  -17.587  -100.197  -33.315 0.2000000030
835  -15.955  -99.090  -22.228 0.5000000000
1149  -17.385  -98.562  -22.793 0.4000000060
1150  -18.185  -98.766  -22.823 0.4000000060
1151  -19.225  -98.602  -22.753 0.4000000060
1163  -19.598  -97.862  -23.371 0.4000000060
1593  -20.124  -97.187  -23.598 0.4000000060
1152  -20.473  -97.949  -22.827 0.4000000060
2096  -29.065  -95.785  -25.534 0.5000000000
1096  -16.528  -98.216  -18.701 0.5000000000
1123  -15.132  -98.773  -20.993 0.5000000000
1135  -15.617  -98.665  -21.808 0.5000000000
1148  -16.352  -98.406  -22.263 0.4000000060
1571  -17.483  -97.579  -22.604 0.4000000060
1590  -17.853  -98.078  -23.083 0.4000000060
1572  -18.083  -97.028  -22.997 0.3000000119
1591  -18.336  -97.537  -23.231 0.4000000060
2069  -19.538  -96.338  -23.683 0.4000000060
2070  -20.467  -96.238  -23.717 0.4000000060
1594  -20.808  -96.891  -23.447 0.4000000060
2057  -21.784  -96.396  -22.604 0.4000000060
2540  -21.694  -95.659  -23.004 0.3000000119
3004  -21.948  -94.626  -23.020 0.3000000119
2042  -22.571  -96.322  -21.622 0.5000000000
3524  -22.583  -93.464  -22.606 0.3000000119
3005  -22.583  -94.563  -22.195 0.3000000119
2987  -22.936  -95.038  -21.557 0.4000000060
1579  -30.592  -96.725  -22.481 0.5000000000
1598  -30.146  -96.496  -23.363 0.5000000000
2074  -29.067  -96.257  -24.072 0.5000000000
1599  -30.981  -96.322  -23.479 0.5000000000
2578  -28.328  -95.688  -25.210 0.3000000119
2097  -29.611  -95.949  -25.259 0.5000000000
2590  -28.333  -95.367  -26.296 0.5000000000
2134  -28.429  -95.946  -27.455 0.5000000000
1079  -17.045  -98.550  -17.816 0.5000000000
1112  -16.760  -97.917  -19.429 0.4000000060
1124  -15.665  -98.187  -20.838 0.5000000000
1519  -16.740  -97.799  -20.077 0.4000000060
1535  -16.361  -97.802  -20.896 0.5000000000
1552  -17.219  -97.387  -21.618 0.3000000119
1553  -17.997  -97.030  -20.998 0.2000000030
2039  -17.958  -96.925  -21.710 0.3000000119
2068  -18.663  -96.579  -23.249 0.3000000119
2552  -19.171  -95.487  -23.191 0.4000000060
2539  -18.846  -95.424  -22.318 0.2000000030
2553  -19.962  -95.328  -23.832 0.3000000119
3019  -20.432  -94.367  -23.729 0.3000000119
2554  -21.063  -95.268  -23.657 0.4000000060
3020  -21.228  -94.242  -23.599 0.3000000119
3523  -21.688  -93.458  -23.367 0.3000000119
3504  -23.181  -94.117  -21.845 0.4000000060
2988  -23.704  -94.728  -21.347 0.4000000060
3525  -23.466  -93.191  -22.296 0.4000000060
3505  -23.971  -94.048  -21.940 0.3000000119
1611  -30.520  -96.149  -24.435 0.5000000000
1623  -29.949  -95.938  -25.700 0.5000000000
2114  -29.563  -95.896  -26.125 0.5000000000
2149  -27.777  -95.907  -28.368 0.5000000000
1643  -29.141  -96.506  -27.152 0.6000000238
1900  -19.251  -97.010  -11.855 0.4000000060
1901  -20.167  -96.981  -11.897 0.4000000060
1426  -18.915  -97.736  -11.762 0.4000000060
1427  -19.787  -97.766  -11.779 0.4000000060
1428  -20.724  -97.736  -11.925 0.4000000060
1006  -18.455  -98.856  -12.105 0.4000000060
1018  -19.298  -98.556  -11.951 0.4000000060
713  -20.359  -98.982  -12.168 0.4000000060
1020  -21.140  -98.386  -12.160 0.4000000060
1021  -22.256  -98.333  -12.325 0.4000000060
465  -20.965  -99.416  -12.607 0.4000000060
714  -21.536  -98.950  -12.431 0.4000000060
715  -22.678  -98.965  -12.696 0.4000000060
726  -22.798  -99.240  -12.932 0.4000000060
476  -20.552  -99.854  -12.953 0.3000000119
477  -21.494  -99.666  -13.001 0.3000000119
478  -22.487  -99.453  -13.030 0.3000000119
727  -23.172  -99.165  -12.981 0.3000000119
486  -21.048  -99.953  -13.554 0.3000000119
487  -21.933  -99.718  -13.541 0.3000000119
495  -22.210  -99.700  -14.111 0.3000000119
740  -23.416  -99.204  -14.236 0.3000000119
732  -23.404  -99.194  -13.417 0.3000000119
742  -25.105  -98.486  -14.121 0.3000000119
492  -19.544  -100.604  -14.101 0.3000000119
739  -22.518  -99.532  -14.559 0.3000000119
749  -23.533  -98.972  -14.861 0.3000000119
1049  -24.085  -98.764  -14.747 0.3000000119
1051  -25.666  -98.149  -14.357 0.2000000030
1461  -25.851  -97.840  -14.695 0.1000000015
748  -22.945  -99.116  -15.043 0.3000000119
1060  -23.557  -98.484  -15.349 0.3000000119
1061  -24.507  -98.204  -15.183 0.2000000030
1955  -26.146  -96.985  -14.689 0.1000000015
1469  -24.052  -97.733  -15.766 0.3000000119
1470  -24.921  -97.403  -15.450 0.2000000030
1097  -17.503  -98.129  -18.315 0.4000000060
1502  -17.332  -97.922  -18.942 0.3000000119
1520  -17.622  -97.641  -19.634 0.2000000030
1536  -17.355  -97.478  -20.571 0.2000000030
2040  -18.514  -96.325  -21.329 0.2000000030
2526  -18.987  -95.624  -21.462 0.2000000030
3003  -19.221  -94.413  -22.593 0.2000000030
3018  -19.657  -94.440  -23.367 0.2000000030
4140  -21.179  -92.751  -23.494 0.4000000060
4704  -20.985  -92.062  -23.357 0.4000000060
4118  -21.925  -92.255  -23.181 0.3000000119
4119  -22.946  -92.180  -22.608 0.4000000060
2017  -32.681  -96.254  -19.587 0.6000000238
2031  -32.803  -96.206  -20.666 0.6000000238
4120  -23.794  -92.262  -22.727 0.3000000119
3506  -24.791  -94.113  -22.168 0.3000000119
2030  -32.243  -96.535  -20.845 0.5000000000
1561  -32.523  -96.136  -22.463 0.5000000000
1580  -31.423  -96.440  -22.609 0.5000000000
1624  -30.645  -96.048  -25.480 0.5000000000
1612  -31.252  -96.216  -24.552 0.5000000000
1644  -29.356  -96.327  -27.039 0.5000000000
1174  -30.142  -95.940  -26.305 0.5000000000
1219  -28.647  -97.080  -28.712 0.6000000238
1203  -28.897  -97.166  -28.045 0.6000000238
2150  -28.225  -96.663  -28.028 0.5000000000
1916  -19.521  -96.230  -12.163 0.5000000000
1918  -21.529  -96.055  -12.300 0.5000000000
1919  -22.581  -95.850  -12.194 0.5000000000
1902  -21.165  -96.930  -11.993 0.4000000060
1430  -22.969  -97.527  -12.100 0.4000000060
1022  -23.478  -98.187  -12.340 0.4000000060
716  -23.787  -98.668  -12.669 0.4000000060
485  -20.140  -100.253  -13.506 0.3000000119
728  -24.027  -98.863  -13.065 0.3000000119
493  -20.636  -100.274  -14.377 0.3000000119
494  -21.468  -99.945  -14.160 0.3000000119
738  -21.734  -99.868  -14.678 0.3000000119
729  -24.925  -98.551  -13.214 0.3000000119
1052  -26.218  -98.048  -13.956 0.2000000030
744  -18.880  -99.906  -15.770 0.4000000060
501  -20.050  -100.410  -14.896 0.3000000119
1462  -26.396  -97.520  -14.302 0.1000000015
757  -19.427  -99.353  -16.208 0.4000000060
1068  -18.589  -98.828  -16.956 0.3000000119
1069  -19.115  -98.776  -16.839 0.4000000060
1072  -22.088  -97.901  -16.337 0.3000000119
1468  -23.269  -97.877  -15.992 0.3000000119
1954  -25.432  -96.553  -15.172 0.2000000030
1080  -18.406  -98.397  -17.565 0.4000000060
1477  -22.668  -97.461  -16.559 0.3000000119
1478  -23.639  -97.185  -16.319 0.3000000119
1953  -24.727  -96.571  -15.732 0.2000000030
1503  -18.216  -97.734  -18.700 0.4000000060
1964  -24.123  -96.271  -16.277 0.2000000030
2008  -18.745  -96.997  -20.026 0.2000000030
2025  -18.638  -96.721  -20.494 0.2000000030
2986  -19.345  -94.724  -21.543 0.2000000030
4138  -19.757  -92.940  -23.059 0.3000000119
4685  -19.701  -92.000  -22.092 0.2000000030
4703  -20.458  -91.838  -23.013 0.2000000030
4687  -21.080  -91.165  -22.999 0.3000000119
4688  -22.264  -91.088  -22.850 0.3000000119
2934  -32.433  -94.808  -18.274 0.6000000238
2485  -33.176  -95.076  -18.785 0.5000000000
2032  -33.452  -95.758  -20.959 0.6000000238
5285  -22.478  -89.910  -22.750 0.2000000030
4689  -23.462  -91.012  -22.835 0.2000000030
4121  -24.600  -92.364  -23.304 0.3000000119
2945  -32.813  -94.291  -18.584 0.5000000000
2045  -32.984  -95.995  -21.748 0.6000000238
2060  -33.726  -95.514  -22.446 0.4000000060
3477  -32.312  -93.407  -19.755 0.5000000000
1581  -32.130  -96.263  -22.855 0.5000000000
1614  -32.597  -96.032  -24.226 0.5000000000
2555  -33.631  -95.458  -23.764 0.3000000119
1625  -31.248  -96.184  -25.776 0.5000000000
1613  -32.131  -96.139  -24.730 0.5000000000
1204  -29.413  -96.851  -27.573 0.6000000238
1191  -30.576  -96.434  -26.991 0.4000000060
1176  -30.863  -96.213  -26.443 0.4000000060
1231  -28.130  -97.073  -29.578 0.6000000238
2423  -22.891  -94.953  -12.347 0.5000000000
1917  -20.491  -96.148  -12.221 0.5000000000
2421  -20.795  -95.296  -12.597 0.5000000000
2434  -18.734  -95.159  -13.419 0.5000000000
2435  -19.608  -94.810  -13.024 0.5000000000
2420  -19.748  -95.403  -12.620 0.5000000000
2872  -20.182  -94.737  -12.846 0.5000000000
1429  -21.755  -97.681  -12.081 0.4000000060
2445  -18.514  -94.829  -14.242 0.5000000000
2887  -19.895  -94.033  -13.368 0.5000000000
717  -24.670  -98.456  -12.697 0.3000000119
718  -25.216  -98.353  -12.786 0.3000000119
1025  -26.320  -97.934  -12.468 0.3000000119
746  -20.848  -99.929  -15.265 0.3000000119
1036  -25.821  -98.258  -12.979 0.3000000119
745  -19.716  -99.990  -15.535 0.4000000060
1058  -21.286  -98.956  -15.829 0.4000000060
747  -22.000  -99.423  -15.249 0.4000000060
1070  -20.365  -98.581  -16.586 0.3000000119
1071  -21.505  -98.201  -16.343 0.4000000060
1059  -22.407  -98.425  -15.817 0.4000000060
1081  -19.669  -98.227  -17.277 0.4000000060
1082  -20.165  -98.141  -17.116 0.4000000060
1485  -19.429  -97.709  -17.932 0.3000000119
1488  -22.217  -97.159  -17.100 0.3000000119
1974  -22.373  -96.416  -17.668 0.2000000030
1963  -23.257  -96.546  -16.957 0.2000000030
1522  -19.101  -97.086  -19.411 0.2000000030
2461  -23.817  -95.525  -16.872 0.2000000030
2462  -24.250  -95.497  -16.272 0.2000000030
2466  -22.945  -95.370  -18.007 0.2000000030
1975  -23.212  -95.820  -17.441 0.2000000030
2927  -24.301  -94.648  -16.234 0.2000000030
2009  -19.370  -96.647  -19.824 0.2000000030
2931  -22.845  -94.738  -18.271 0.2000000030
2932  -23.188  -94.259  -17.675 0.2000000030
2041  -19.030  -95.884  -20.988 0.2000000030
2509  -19.691  -95.523  -20.597 0.2000000030
2971  -19.905  -94.575  -20.868 0.2000000030
4098  -19.669  -93.043  -21.328 0.2000000030
4686  -20.110  -91.260  -22.364 0.2000000030
5283  -20.674  -90.303  -22.249 0.2000000030
2993  -28.584  -94.341  -21.050 0.3000000119
2978  -29.224  -94.515  -20.348 0.3000000119
5284  -21.501  -90.185  -22.585 0.2000000030
3527  -25.414  -93.568  -22.994 0.3000000119
3509  -29.046  -93.736  -21.596 0.3000000119
3493  -30.654  -93.830  -20.326 0.4000000060
3476  -31.360  -93.847  -19.562 0.5000000000
2501  -33.464  -95.391  -19.509 0.6000000238
4690  -24.104  -91.655  -23.013 0.3000000119
4141  -24.790  -91.855  -23.765 0.2000000030
4122  -25.204  -92.860  -23.580 0.3000000119
3549  -26.489  -93.304  -23.538 0.3000000119
3510  -30.013  -93.653  -21.293 0.3000000119
3511  -31.122  -93.252  -21.349 0.3000000119
3463  -33.721  -94.023  -19.093 0.5000000000
2502  -34.096  -94.705  -19.714 0.5000000000
2530  -34.302  -95.189  -21.827 0.6000000238
2556  -34.224  -95.142  -23.374 0.2000000030
2566  -33.732  -95.313  -24.580 0.2000000030
4706  -24.488  -91.068  -23.642 0.2000000030
3494  -31.605  -93.423  -20.424 0.4000000060
3478  -33.194  -93.378  -19.398 0.5000000000
2087  -32.815  -95.891  -24.743 0.4000000060
3532  -30.424  -93.138  -21.884 0.1000000015
4125  -31.159  -92.722  -22.139 0.1000000015
3512  -31.958  -93.068  -21.031 0.1000000015
1626  -31.925  -96.193  -25.777 0.4000000060
2098  -32.535  -95.931  -25.475 0.2000000030
1664  -31.681  -96.320  -26.933 0.4000000060
1221  -29.768  -97.201  -28.434 0.6000000238
1222  -30.441  -96.927  -27.938 0.4000000060
1674  -30.956  -96.778  -28.348 0.3000000119
1232  -28.973  -97.168  -29.364 0.5000000000
1684  -30.217  -97.041  -29.292 0.5000000000
1696  -29.137  -97.185  -30.253 0.5000000000
1736  -28.080  -96.978  -34.562 0.4000000060
2875  -23.228  -94.129  -12.257 0.5000000000
2422  -21.840  -95.106  -12.525 0.5000000000
2874  -22.212  -94.184  -12.563 0.5000000000
3415  -19.795  -93.114  -13.939 0.5000000000
3406  -20.396  -93.387  -13.184 0.5000000000
2873  -20.980  -94.225  -12.804 0.5000000000
3396  -21.633  -93.411  -12.616 0.5000000000
3414  -19.340  -93.140  -14.643 0.5000000000
3985  -19.775  -92.365  -13.361 0.5000000000
3970  -19.088  -92.059  -12.541 0.5000000000
3984  -18.770  -91.910  -13.544 0.5000000000
1486  -20.453  -97.609  -17.469 0.3000000119
4028  -25.384  -92.706  -16.142 0.1000000015
1972  -20.586  -96.983  -18.052 0.2000000030
1973  -21.210  -96.750  -17.917 0.2000000030
3443  -23.827  -93.742  -16.727 0.2000000030
1991  -19.970  -96.834  -19.051 0.2000000030
1992  -20.687  -96.528  -18.636 0.2000000030
1993  -21.726  -95.892  -18.579 0.2000000030
3444  -24.639  -93.519  -16.028 0.2000000030
2010  -20.283  -96.237  -19.442 0.2000000030
2011  -20.970  -95.859  -19.180 0.2000000030
2479  -22.416  -95.154  -18.556 0.2000000030
3454  -23.345  -93.272  -17.204 0.2000000030
2926  -23.725  -94.674  -17.010 0.2000000030
2493  -19.996  -95.976  -19.958 0.2000000030
2494  -20.511  -95.401  -19.876 0.2000000030
2495  -21.524  -95.132  -19.283 0.2000000030
2939  -22.101  -94.773  -18.918 0.2000000030
2941  -22.868  -93.747  -18.024 0.2000000030
2510  -20.172  -95.254  -20.275 0.2000000030
2972  -20.305  -94.836  -20.365 0.2000000030
2955  -20.995  -94.307  -19.810 0.2000000030
2956  -21.866  -94.147  -19.134 0.2000000030
3474  -22.005  -93.298  -18.794 0.2000000030
3458  -22.602  -93.156  -18.058 0.2000000030
3491  -20.308  -93.865  -20.546 0.2000000030
3472  -20.812  -93.219  -19.879 0.2000000030
4070  -21.779  -92.577  -18.707 0.2000000030
4084  -19.920  -93.404  -20.875 0.2000000030
4085  -20.136  -92.819  -20.527 0.2000000030
4069  -21.285  -92.640  -19.126 0.2000000030
4670  -19.905  -91.503  -21.334 0.2000000030
4654  -20.159  -91.760  -20.450 0.2000000030
4068  -20.623  -92.204  -19.780 0.2000000030
5272  -20.166  -90.423  -21.446 0.2000000030
5932  -20.549  -89.460  -21.528 0.2000000030
5948  -21.565  -89.168  -22.361 0.2000000030
2557  -35.194  -94.417  -23.616 0.2000000030
5286  -23.346  -89.856  -23.000 0.1000000015
4143  -26.346  -92.724  -24.110 0.3000000119
4144  -27.263  -92.775  -23.869 0.2000000030
3531  -29.612  -93.228  -22.070 0.3000000119
2531  -34.724  -94.791  -21.451 0.3000000119
2542  -34.291  -95.155  -22.508 0.4000000060
2579  -33.702  -95.123  -25.734 0.2000000030
5300  -23.819  -89.639  -23.245 0.1000000015
4725  -24.989  -90.674  -24.193 0.1000000015
4142  -25.397  -92.230  -24.072 0.2000000030
4073  -33.705  -92.903  -19.797 0.3000000119
2963  -34.851  -93.853  -20.282 0.3000000119
2981  -34.839  -94.299  -20.537 0.3000000119
2606  -33.217  -95.076  -27.037 0.2000000030
4147  -30.811  -92.168  -22.831 0.1000000015
4102  -32.595  -92.560  -21.251 0.1000000015
4103  -33.483  -92.212  -20.995 0.2000000030
2115  -32.195  -96.054  -26.532 0.2000000030
4710  -30.539  -91.684  -23.431 0.1000000015
4691  -32.404  -91.603  -22.611 0.1000000015
4671  -33.092  -92.052  -21.550 0.1000000015
2152  -32.201  -95.551  -27.958 0.2000000030
2621  -32.640  -95.045  -27.805 0.2000000030
4711  -31.706  -91.452  -23.196 0.1000000015
1685  -30.708  -96.876  -28.868 0.3000000119
2633  -31.027  -95.274  -29.979 0.2000000030
2634  -31.601  -95.084  -29.364 0.2000000030
1697  -29.787  -96.848  -30.372 0.5000000000
2174  -30.244  -96.315  -30.810 0.2000000030
2175  -30.732  -95.682  -30.700 0.2000000030
2671  -19.845  -95.198  -33.704 0.5000000000
1709  -29.878  -96.538  -31.335 0.4000000060
2182  -30.359  -96.062  -31.528 0.2000000030
2190  -29.146  -96.663  -32.757 0.4000000060
2200  -29.643  -95.863  -33.455 0.3000000119
2222  -28.586  -96.511  -35.488 0.4000000060
2223  -29.306  -95.710  -34.949 0.4000000060
2235  -28.324  -96.284  -36.560 0.4000000060
2236  -29.070  -95.659  -35.793 0.4000000060
2250  -27.982  -96.102  -37.022 0.4000000060
2717  -28.708  -95.320  -36.293 0.4000000060
4893  -20.822  -91.795  -36.283 0.4000000060
4277  -20.938  -92.872  -35.833 0.4000000060
4289  -21.205  -92.657  -36.598 0.4000000060
5499  -21.227  -91.366  -36.923 0.4000000060
4901  -21.246  -91.916  -37.329 0.4000000060
5501  -22.597  -90.377  -37.996 0.4000000060
1390  -15.912  -97.439  -6.316 0.3000000119
1391  -16.494  -97.517  -6.587 0.3000000119
2384  -21.126  -95.226  -9.304 0.4000000060
2839  -21.748  -94.280  -9.897 0.4000000060
1409  -14.456  -97.013  -7.785 0.3000000119
1389  -14.586  -97.310  -6.377 0.3000000119
3948  -20.102  -92.486  -10.965 0.5000000000
3949  -20.981  -92.660  -11.041 0.5000000000
3960  -21.584  -92.676  -11.610 0.5000000000
3958  -19.595  -92.206  -11.692 0.5000000000
3959  -20.631  -92.289  -11.692 0.5000000000
3972  -21.069  -92.716  -12.412 0.5000000000
3957  -18.442  -92.472  -11.621 0.5000000000
3969  -17.730  -92.213  -12.575 0.5000000000
4027  -24.281  -92.756  -16.560 0.1000000015
4041  -23.638  -92.316  -17.150 0.2000000030
4040  -22.838  -92.113  -17.747 0.2000000030
4055  -21.684  -91.941  -18.637 0.2000000030
4056  -22.179  -92.413  -18.309 0.2000000030
4638  -21.066  -91.615  -19.130 0.2000000030
4637  -20.477  -91.201  -19.688 0.2000000030
5906  -20.474  -89.705  -19.925 0.2000000030
5257  -20.199  -90.636  -20.422 0.2000000030
5918  -20.337  -89.643  -20.689 0.2000000030
5933  -20.931  -89.000  -21.882 0.1000000015
5949  -22.242  -88.985  -22.686 0.1000000015
4156  -26.324  -92.089  -24.487 0.1000000015
2995  -35.325  -94.215  -21.453 0.2000000030
2592  -33.884  -94.606  -26.114 0.2000000030
2607  -33.503  -94.700  -26.672 0.2000000030
5966  -23.467  -89.164  -23.173 0.1000000015
5301  -24.276  -89.876  -23.614 0.1000000015
4726  -25.390  -91.215  -24.375 0.1000000015
4746  -26.927  -91.302  -25.036 0.1000000015
4158  -27.662  -92.199  -24.238 0.1000000015
4729  -28.379  -91.524  -24.690 0.1000000015
3480  -34.691  -93.481  -20.111 0.2000000030
3496  -35.323  -93.537  -20.767 0.2000000030
3084  -32.590  -94.599  -27.756 0.2000000030
4074  -34.414  -92.986  -19.916 0.2000000030
4105  -35.637  -92.398  -21.119 0.2000000030
3497  -35.891  -93.169  -21.286 0.1000000015
4709  -29.600  -91.744  -23.714 0.1000000015
4672  -33.720  -91.759  -21.497 0.2000000030
4657  -34.676  -92.170  -20.770 0.2000000030
2620  -32.118  -95.165  -28.500 0.2000000030
3083  -32.052  -94.682  -28.571 0.2000000030
4731  -30.358  -91.284  -24.061 0.1000000015
4732  -30.975  -91.293  -23.741 0.1000000015
4712  -32.830  -91.134  -22.849 0.1000000015
4692  -33.029  -91.649  -22.167 0.1000000015
2646  -31.017  -94.776  -30.182 0.2000000030
2183  -30.732  -95.529  -31.842 0.2000000030
2654  -30.919  -94.824  -31.386 0.2000000030
2193  -30.656  -95.471  -32.347 0.3000000119
2674  -30.794  -94.506  -33.033 0.2000000030
2192  -30.224  -95.864  -32.482 0.3000000119
2673  -30.418  -95.141  -33.234 0.3000000119
2718  -29.375  -95.063  -35.800 0.3000000119
4276  -20.733  -92.522  -35.260 0.4000000060
3663  -21.167  -93.208  -34.633 0.4000000060
3138  -23.050  -94.430  -34.127 0.4000000060
3664  -22.175  -93.703  -34.509 0.4000000060
4348  -10.994  -92.655  -40.990 0.2000000030
3677  -21.574  -93.277  -35.721 0.4000000060
3665  -23.347  -93.768  -34.669 0.4000000060
3666  -24.355  -93.515  -34.674 0.4000000060
3691  -21.707  -93.133  -36.695 0.4000000060
1378  -16.207  -97.356  -5.519 0.3000000119
1377  -15.191  -97.314  -5.529 0.3000000119
2385  -22.186  -95.289  -9.259 0.4000000060
3398  -23.284  -93.641  -11.852 0.5000000000
2876  -24.070  -94.121  -11.655 0.4000000060
2424  -23.904  -94.867  -11.970 0.5000000000
2838  -20.593  -94.387  -9.649 0.5000000000
2852  -22.475  -93.957  -10.233 0.4000000060
3374  -23.032  -93.591  -10.723 0.4000000060
3384  -22.647  -93.267  -11.531 0.5000000000
1376  -13.986  -97.290  -5.489 0.4000000060
3361  -19.106  -93.720  -9.977 0.5000000000
3362  -20.076  -93.684  -9.988 0.5000000000
3373  -21.829  -93.343  -10.716 0.4000000060
3961  -22.147  -92.915  -11.782 0.5000000000
1366  -13.439  -97.163  -4.463 0.4000000060
1388  -13.415  -97.219  -6.374 0.4000000060
1400  -13.896  -97.191  -7.234 0.4000000060
1855  -13.864  -96.774  -7.867 0.4000000060
3382  -18.166  -92.991  -11.033 0.5000000000
3947  -19.147  -92.597  -10.993 0.5000000000
3956  -17.730  -92.578  -11.882 0.5000000000
4042  -24.293  -92.118  -16.925 0.1000000015
4609  -22.909  -91.469  -17.866 0.2000000030
4621  -21.592  -91.043  -18.654 0.2000000030
4622  -22.396  -91.359  -18.163 0.2000000030
5241  -20.531  -90.363  -19.626 0.2000000030
5242  -20.990  -90.684  -19.153 0.2000000030
6696  -21.810  -88.211  -22.498 0.1000000015
6709  -22.357  -87.867  -22.926 0.1000000015
2580  -34.426  -94.591  -25.271 0.2000000030
3068  -33.676  -94.252  -26.475 0.2000000030
6710  -23.143  -88.232  -23.462 0.1000000015
5967  -23.975  -89.038  -23.519 0.1000000015
5984  -24.570  -89.158  -24.127 0.1000000015
5320  -25.387  -90.283  -24.552 0.1000000015
5321  -26.070  -90.517  -24.888 0.1000000015
3552  -35.930  -93.566  -23.075 0.1000000015
5340  -26.786  -90.771  -25.236 0.1000000015
4747  -27.465  -91.133  -25.143 0.1000000015
5322  -28.651  -90.853  -25.356 0.1000000015
5341  -27.468  -90.482  -25.754 0.1000000015
4673  -34.656  -91.668  -21.335 0.2000000030
3097  -31.457  -94.514  -29.422 0.2000000030
5302  -32.047  -90.812  -23.845 0.1000000015
3636  -30.946  -94.092  -31.015 0.2000000030
3629  -31.082  -94.144  -30.297 0.2000000030
3155  -30.560  -93.930  -35.342 0.2000000030
3143  -30.698  -94.161  -34.378 0.2000000030
3118  -31.003  -94.199  -32.345 0.2000000030
3697  -29.677  -93.528  -36.313 0.3000000119
3166  -29.824  -94.320  -35.767 0.3000000119
2703  -29.813  -94.853  -35.317 0.2000000030
2704  -30.291  -94.567  -34.717 0.2000000030
3682  -27.813  -93.128  -35.968 0.4000000060
3695  -28.114  -93.389  -36.089 0.4000000060
3136  -21.111  -94.864  -33.853 0.5000000000
4271  -26.445  -92.788  -35.332 0.4000000060
3165  -28.915  -94.322  -36.136 0.4000000060
3656  -21.442  -93.786  -33.925 0.4000000060
3667  -25.284  -93.142  -34.658 0.4000000060
4278  -25.331  -92.513  -35.797 0.4000000060
3152  -26.958  -93.732  -35.698 0.4000000060
3164  -27.908  -94.112  -36.150 0.4000000060
2716  -28.185  -94.878  -36.527 0.4000000060
3679  -23.784  -93.296  -35.368 0.4000000060
3141  -25.774  -93.737  -34.689 0.4000000060
3678  -22.728  -93.503  -35.490 0.4000000060
5500  -21.902  -90.945  -37.617 0.4000000060
5515  -22.586  -90.594  -38.668 0.4000000060
1379  -17.027  -97.286  -5.645 0.3000000119
1370  -17.626  -96.845  -5.376 0.3000000119
1368  -15.743  -97.098  -4.859 0.3000000119
1369  -16.699  -96.900  -5.082 0.3000000119
1828  -17.315  -96.366  -4.859 0.3000000119
2409  -24.116  -95.704  -11.804 0.4000000060
1374  -11.458  -96.743  -5.045 0.3000000119
1375  -12.665  -97.183  -5.465 0.4000000060
1387  -12.519  -96.952  -6.460 0.4000000060
1399  -12.977  -97.016  -7.007 0.4000000060
1869  -13.565  -96.221  -7.991 0.4000000060
1386  -11.888  -96.821  -5.822 0.4000000060
1853  -12.576  -96.476  -6.999 0.4000000060
2824  -13.337  -95.111  -8.151 0.4000000060
3381  -17.555  -93.032  -11.415 0.5000000000
4611  -24.619  -91.482  -17.532 0.1000000015
5220  -24.057  -91.049  -17.854 0.2000000030
4624  -24.884  -91.008  -18.236 0.1000000015
5219  -23.762  -90.860  -18.031 0.2000000030
5894  -22.049  -89.902  -18.807 0.2000000030
5230  -23.177  -90.495  -18.358 0.2000000030
6654  -20.788  -89.134  -19.706 0.2000000030
5893  -21.589  -89.805  -19.004 0.2000000030
6666  -20.616  -88.936  -20.166 0.2000000030
6679  -20.574  -88.900  -20.779 0.2000000030
7421  -20.809  -87.712  -21.049 0.1000000015
7428  -21.327  -87.415  -21.897 0.1000000015
7440  -22.480  -87.162  -23.182 0.1000000015
3028  -35.587  -93.806  -24.335 0.2000000030
3038  -35.117  -94.162  -25.020 0.2000000030
7441  -23.064  -87.004  -23.831 0.1000000015
6726  -23.764  -87.630  -24.336 0.1000000015
3010  -36.082  -93.469  -22.302 0.2000000030
6711  -24.032  -88.471  -24.096 0.1000000015
6727  -24.730  -88.265  -25.009 0.1000000015
5985  -25.221  -89.376  -24.743 0.1000000015
6004  -26.514  -89.701  -25.661 0.1000000015
3614  -32.856  -94.313  -27.405 0.2000000030
6728  -25.390  -88.823  -25.214 0.1000000015
6005  -27.349  -89.848  -26.236 0.1000000015
4674  -35.776  -91.600  -21.470 0.2000000030
3623  -31.553  -94.076  -29.175 0.2000000030
3613  -32.264  -94.164  -27.991 0.2000000030
6747  -26.520  -88.934  -26.164 0.1000000015
5304  -33.953  -90.525  -23.189 0.1000000015
3628  -30.944  -93.596  -30.263 0.2000000030
5357  -27.895  -90.124  -26.277 0.1000000015
4259  -31.243  -92.460  -33.629 0.2000000030
3646  -31.043  -93.323  -32.973 0.2000000030
3683  -30.859  -93.303  -35.649 0.2000000030
3670  -31.335  -92.990  -34.742 0.2000000030
4294  -29.324  -92.912  -36.865 0.3000000119
3698  -30.484  -93.400  -36.038 0.2000000030
3144  -31.019  -93.485  -34.690 0.2000000030
3657  -31.217  -93.055  -34.116 0.2000000030
3696  -28.756  -93.482  -36.290 0.3000000119
3167  -30.325  -93.888  -35.752 0.2000000030
4280  -27.108  -92.759  -35.850 0.4000000060
4293  -28.087  -92.855  -36.509 0.3000000119
3693  -23.341  -93.390  -36.417 0.4000000060
3717  -21.783  -92.980  -37.738 0.4000000060
4902  -21.597  -91.821  -37.896 0.4000000060
6188  -22.959  -90.005  -38.332 0.3000000119
1829  -18.375  -96.400  -5.083 0.3000000119
1822  -16.504  -96.187  -4.446 0.3000000119
2328  -17.455  -96.031  -4.660 0.3000000119
2785  -16.891  -94.841  -4.106 0.3000000119
2352  -12.659  -95.638  -7.243 0.4000000060
1846  -11.234  -96.402  -5.562 0.4000000060
2348  -12.002  -95.828  -6.444 0.4000000060
2816  -12.449  -94.925  -6.468 0.4000000060
2820  -12.998  -94.591  -7.559 0.4000000060
5231  -24.325  -90.759  -18.358 0.2000000030
5244  -23.974  -90.208  -19.062 0.2000000030
5245  -25.065  -90.457  -19.303 0.1000000015
5909  -22.701  -89.601  -19.082 0.2000000030
5243  -23.370  -89.967  -19.009 0.2000000030
5911  -24.342  -89.857  -19.595 0.2000000030
7399  -21.140  -88.310  -19.646 0.2000000030
6656  -22.061  -88.747  -19.386 0.2000000030
7411  -20.850  -88.118  -19.997 0.2000000030
8167  -21.211  -87.254  -20.388 0.1000000015
8194  -21.608  -86.542  -22.019 0.1000000015
8209  -22.639  -86.247  -23.314 0.1000000015
3553  -36.236  -93.321  -23.340 0.1000000015
3049  -34.383  -94.083  -25.794 0.2000000030
7453  -24.265  -87.044  -24.928 0.1000000015
3534  -36.612  -93.084  -22.501 0.1000000015
4106  -36.405  -92.526  -21.633 0.1000000015
6020  -27.074  -89.194  -26.474 0.1000000015
4693  -33.998  -91.159  -22.107 0.1000000015
4695  -35.662  -90.933  -22.066 0.1000000015
5325  -31.347  -90.846  -24.322 0.1000000015
5327  -33.148  -90.320  -23.857 0.1000000015
3635  -30.993  -93.675  -31.526 0.2000000030
4282  -31.500  -92.300  -35.796 0.2000000030
4297  -31.245  -92.198  -36.522 0.2000000030
4308  -28.878  -92.745  -37.626 0.3000000119
4291  -26.042  -92.209  -36.666 0.4000000060
4292  -27.066  -92.336  -36.589 0.3000000119
3694  -24.356  -92.934  -36.171 0.4000000060
3692  -22.311  -93.437  -36.533 0.4000000060
5514  -22.305  -91.376  -38.993 0.4000000060
6200  -23.180  -90.040  -39.379 0.2000000030
2323  -18.289  -95.421  -4.467 0.3000000119
2795  -17.355  -94.061  -4.310 0.2000000030
3886  -16.750  -92.566  -4.622 0.2000000030
3887  -17.563  -92.503  -4.958 0.2000000030
2340  -11.398  -95.508  -5.759 0.4000000060
2339  -10.569  -95.702  -5.207 0.4000000060
2808  -10.961  -94.770  -5.075 0.4000000060
2341  -11.937  -95.341  -6.085 0.4000000060
3334  -12.845  -93.944  -6.621 0.4000000060
3347  -13.287  -93.492  -7.480 0.4000000060
3321  -12.419  -93.940  -5.774 0.4000000060
3905  -12.902  -92.913  -6.049 0.4000000060
4498  -13.813  -91.630  -7.017 0.5000000000
5258  -25.238  -90.095  -19.773 0.1000000015
6657  -23.036  -88.649  -19.718 0.2000000030
5910  -23.627  -89.513  -19.457 0.2000000030
5920  -24.996  -89.604  -19.988 0.2000000030
7401  -22.184  -88.094  -19.603 0.2000000030
6668  -23.386  -88.027  -19.903 0.1000000015
7412  -21.665  -87.550  -19.818 0.1000000015
8180  -21.373  -86.717  -21.132 0.1000000015
8195  -22.109  -86.371  -22.681 0.1000000015
8210  -23.168  -86.075  -23.865 0.1000000015
3562  -36.125  -93.145  -24.221 0.2000000030
3583  -34.795  -93.399  -25.622 0.2000000030
7452  -23.652  -86.610  -24.364 0.1000000015
6745  -25.219  -87.845  -25.617 0.1000000015
3582  -34.022  -93.602  -26.113 0.2000000030
6746  -25.836  -88.419  -25.858 0.1000000015
5288  -35.084  -90.658  -22.544 0.1000000015
5276  -36.272  -91.035  -22.003 0.1000000015
3595  -32.220  -93.447  -27.538 0.2000000030
3580  -33.165  -93.551  -26.809 0.2000000030
8265  -25.846  -86.936  -26.168 0.1000000015
6762  -26.310  -87.928  -26.377 0.1000000015
5326  -32.546  -90.298  -24.367 0.1000000015
3627  -30.542  -93.073  -29.787 0.2000000030
3611  -30.903  -92.959  -28.569 0.2000000030
6021  -27.957  -89.513  -26.721 0.1000000015
4248  -30.884  -92.604  -32.428 0.2000000030
4224  -30.612  -93.089  -30.423 0.2000000030
4272  -31.606  -92.304  -34.785 0.2000000030
4295  -30.196  -92.853  -36.913 0.2000000030
4306  -26.765  -92.202  -37.530 0.4000000060
4290  -25.079  -92.585  -36.915 0.4000000060
3709  -24.117  -93.205  -37.583 0.3000000119
3708  -22.816  -93.458  -37.484 0.3000000119
3718  -22.217  -93.213  -38.289 0.3000000119
4911  -21.894  -92.116  -38.590 0.4000000060
5524  -22.527  -91.534  -39.794 0.3000000119
5536  -23.013  -90.752  -40.546 0.2000000030
6213  -23.570  -89.829  -40.583 0.2000000030
3888  -18.107  -92.828  -5.021 0.2000000030
1825  -9.685  -95.927  -4.404 0.3000000119
2338  -9.575  -95.404  -4.543 0.3000000119
2793  -10.316  -94.269  -4.660 0.3000000119
3884  -10.483  -93.000  -4.809 0.4000000060
3320  -11.688  -93.888  -5.079 0.4000000060
3894  -12.144  -92.939  -5.320 0.4000000060
4486  -13.105  -91.760  -6.352 0.5000000000
6658  -23.707  -89.042  -19.854 0.2000000030
6670  -25.508  -88.580  -20.514 0.1000000015
5921  -26.061  -89.508  -20.424 0.1000000015
7413  -22.695  -87.521  -19.829 0.2000000030
6669  -24.139  -88.545  -20.045 0.1000000015
6671  -26.104  -88.942  -20.749 0.1000000015
8168  -21.937  -86.669  -20.252 0.1000000015
6683  -26.979  -88.484  -21.257 0.1000000015
8181  -21.895  -86.063  -20.933 0.1000000015
8967  -23.230  -85.817  -20.590 0.1000000015
8978  -22.471  -85.430  -21.403 0.1000000015
8977  -21.783  -86.055  -21.517 0.1000000015
8993  -22.587  -85.436  -22.588 0.1000000015
9006  -22.935  -85.598  -23.354 0.1000000015
8225  -23.685  -85.740  -24.270 0.1000000015
3569  -35.570  -93.413  -25.006 0.2000000030
8226  -24.121  -86.118  -24.790 0.1000000015
4675  -36.793  -91.527  -21.980 0.1000000015
7468  -24.926  -87.224  -25.509 0.1000000015
4129  -37.491  -92.134  -22.862 0.1000000015
4185  -35.367  -92.516  -25.589 0.2000000030
3554  -36.878  -92.762  -23.450 0.1000000015
4159  -36.572  -92.735  -24.314 0.1000000015
4764  -33.407  -92.458  -26.578 0.2000000030
6764  -27.686  -88.555  -26.975 0.1000000015
5346  -31.902  -90.191  -25.068 0.1000000015
6010  -32.792  -89.560  -25.137 0.1000000015
5988  -33.501  -89.761  -24.361 0.1000000015
4247  -30.385  -92.226  -31.815 0.2000000030
4216  -30.278  -92.324  -29.413 0.2000000030
4208  -31.211  -92.546  -28.156 0.2000000030
4195  -31.822  -92.611  -27.609 0.2000000030
4782  -32.363  -91.920  -27.496 0.2000000030
4884  -31.727  -91.587  -35.611 0.2000000030
4222  -29.836  -91.886  -30.543 0.2000000030
4799  -31.601  -91.588  -28.361 0.1000000015
4310  -30.550  -92.243  -37.709 0.2000000030
4860  -30.876  -91.126  -33.271 0.2000000030
4848  -30.343  -91.488  -32.451 0.2000000030
4837  -29.972  -91.774  -31.723 0.2000000030
4811  -29.910  -90.810  -29.858 0.2000000030
4812  -30.604  -91.392  -29.241 0.2000000030
4307  -27.809  -92.517  -37.522 0.3000000119
4309  -29.803  -92.661  -37.767 0.3000000119
4894  -31.496  -91.738  -36.379 0.2000000030
4861  -31.408  -91.425  -33.997 0.2000000030
5451  -29.675  -90.476  -32.123 0.2000000030
5434  -29.456  -90.733  -31.269 0.2000000030
4305  -25.767  -92.311  -37.633 0.2000000030
4321  -27.388  -92.528  -38.418 0.3000000119
4322  -28.499  -92.916  -38.610 0.3000000119
4873  -31.774  -91.174  -34.869 0.2000000030
5452  -30.332  -90.394  -32.972 0.2000000030
4318  -24.762  -92.915  -38.405 0.3000000119
3719  -23.213  -93.346  -38.618 0.3000000119
3731  -23.634  -93.126  -39.759 0.2000000030
3730  -22.658  -93.057  -39.438 0.3000000119
4329  -22.309  -92.570  -39.311 0.3000000119
4341  -22.740  -92.536  -40.090 0.3000000119
5535  -22.717  -91.318  -40.263 0.3000000119
5546  -23.287  -90.493  -41.573 0.2000000030
6225  -23.736  -89.511  -41.666 0.2000000030
6226  -24.220  -88.761  -41.473 0.2000000030
6238  -23.913  -88.973  -42.024 0.2000000030
2337  -8.821  -94.723  -4.423 0.3000000119
1824  -9.263  -95.692  -4.243 0.3000000119
2792  -9.671  -94.116  -4.572 0.3000000119
4474  -11.243  -92.102  -5.530 0.5000000000
5107  -12.501  -90.938  -6.518 0.5000000000
7415  -24.720  -87.586  -20.298 0.1000000015
6681  -25.904  -88.250  -20.731 0.1000000015
8170  -24.075  -86.521  -20.270 0.1000000015
8171  -24.975  -86.839  -20.515 0.1000000015
7422  -25.762  -87.643  -20.687 0.1000000015
7423  -26.463  -87.778  -21.019 0.1000000015
8245  -24.687  -86.316  -25.263 0.1000000015
7486  -26.716  -87.457  -26.626 0.1000000015
5306  -35.770  -89.943  -22.920 0.1000000015
5277  -36.813  -90.798  -22.148 0.1000000015
4697  -38.105  -91.120  -22.866 0.1000000015
4169  -35.926  -92.781  -25.111 0.2000000030
4184  -34.476  -92.694  -25.995 0.2000000030
4783  -33.244  -91.670  -27.088 0.2000000030
6781  -28.203  -88.293  -27.184 0.1000000015
5969  -34.898  -89.821  -23.701 0.1000000015
4696  -37.419  -90.966  -22.334 0.1000000015
5382  -32.224  -91.040  -28.818 0.1000000015
5396  -30.653  -90.427  -29.677 0.2000000030
6088  -29.475  -89.628  -31.355 0.2000000030
5395  -30.043  -89.975  -30.057 0.2000000030
4333  -27.811  -92.909  -39.185 0.2000000030
4904  -31.149  -91.820  -37.193 0.2000000030
5504  -31.360  -91.356  -36.820 0.2000000030
5491  -31.592  -91.122  -36.173 0.2000000030
5473  -31.646  -90.448  -34.912 0.2000000030
6111  -30.546  -89.489  -33.515 0.2000000030
6110  -29.811  -89.267  -32.485 0.2000000030
4320  -26.388  -92.381  -38.455 0.2000000030
4903  -30.763  -91.759  -38.024 0.2000000030
5490  -31.189  -90.715  -36.690 0.2000000030
6167  -31.388  -90.429  -35.879 0.2000000030
6141  -31.267  -89.629  -35.014 0.2000000030
3732  -24.602  -93.015  -39.942 0.2000000030
5502  -30.141  -90.659  -38.118 0.2000000030
6166  -30.712  -89.811  -36.297 0.2000000030
3744  -23.291  -92.996  -40.701 0.3000000119
4351  -23.057  -92.426  -41.085 0.3000000119
3757  -23.468  -92.714  -41.723 0.2000000030
4935  -22.952  -91.900  -41.322 0.3000000119
4946  -23.088  -91.755  -41.877 0.2000000030
5558  -23.475  -90.211  -42.469 0.2000000030
7001  -24.122  -88.361  -42.154 0.1000000015
6214  -24.151  -89.030  -40.701 0.2000000030
2789  -7.800  -93.960  -4.097 0.2000000030
2325  -8.368  -94.569  -4.180 0.3000000119
3317  -7.937  -93.254  -5.413 0.3000000119
2805  -8.615  -93.798  -4.640 0.3000000119
3882  -9.389  -92.932  -5.117 0.3000000119
8182  -24.647  -86.133  -20.593 0.1000000015
8183  -25.597  -86.404  -20.712 0.1000000015
7430  -26.294  -87.221  -20.885 0.1000000015
7431  -26.877  -87.454  -21.269 0.1000000015
8968  -23.996  -85.748  -20.632 0.1000000015
8979  -23.488  -85.219  -21.040 0.1000000015
8980  -24.525  -85.328  -20.845 0.1000000015
9734  -23.116  -84.864  -21.637 0.1000000015
9751  -23.345  -84.525  -22.388 0.1000000015
9752  -23.963  -84.150  -21.828 0.1000000015
9759  -23.720  -84.458  -23.494 0.1000000015
9760  -24.166  -84.073  -23.726 0.1000000015
9763  -23.980  -84.766  -24.151 0.1000000015
8246  -25.513  -86.386  -25.843 0.1000000015
8266  -26.398  -86.531  -26.368 0.1000000015
4171  -37.111  -92.065  -24.843 0.1000000015
4749  -36.072  -92.206  -25.361 0.1000000015
4766  -34.901  -91.781  -26.373 0.2000000030
8282  -27.899  -87.473  -27.212 0.1000000015
6009  -31.718  -89.529  -25.907 0.1000000015
5968  -34.205  -89.868  -23.898 0.1000000015
4800  -32.685  -91.299  -28.068 0.2000000030
5955  -36.942  -89.796  -22.757 0.1000000015
5956  -37.658  -89.941  -22.802 0.1000000015
5398  -32.670  -90.496  -29.711 0.2000000030
6816  -29.997  -88.515  -30.780 0.2000000030
6055  -31.385  -90.030  -29.976 0.2000000030
3721  -29.180  -93.143  -38.948 0.3000000119
4330  -25.065  -92.820  -39.219 0.2000000030
4343  -26.063  -92.799  -40.039 0.2000000030
3734  -27.416  -92.993  -39.865 0.1000000015
4334  -28.385  -93.074  -39.261 0.3000000119
3723  -29.905  -92.853  -39.395 0.2000000030
4922  -30.056  -92.217  -39.491 0.2000000030
6153  -31.157  -89.832  -35.521 0.2000000030
3758  -24.010  -93.070  -41.610 0.2000000030
3746  -25.184  -93.051  -40.748 0.2000000030
3760  -25.764  -92.852  -41.387 0.1000000015
3762  -27.343  -92.726  -40.893 0.1000000015
3749  -27.829  -92.817  -40.416 0.1000000015
4346  -29.251  -92.488  -40.163 0.1000000015
5516  -29.924  -91.204  -39.064 0.2000000030
6190  -29.468  -89.846  -38.820 0.2000000030
6179  -30.491  -90.289  -37.232 0.2000000030
3768  -23.936  -92.729  -42.313 0.1000000015
4364  -25.518  -92.065  -42.357 0.1000000015
4353  -26.252  -92.378  -41.583 0.1000000015
4354  -27.300  -92.304  -41.268 0.1000000015
4928  -28.838  -91.847  -40.551 0.1000000015
6202  -28.660  -90.419  -40.374 0.2000000030
6203  -29.097  -89.399  -40.248 0.2000000030
4362  -23.810  -92.109  -42.868 0.1000000015
4955  -23.867  -91.308  -43.756 0.1000000015
4965  -24.480  -91.125  -44.194 0.1000000015
5569  -25.622  -90.842  -43.809 0.1000000015
5559  -26.458  -90.875  -43.030 0.1000000015
5547  -27.498  -91.146  -41.836 0.2000000030
5548  -27.948  -90.510  -41.771 0.2000000030
5568  -23.519  -90.230  -43.592 0.1000000015
6256  -23.213  -89.421  -44.682 0.1000000015
6248  -26.672  -89.749  -44.047 0.1000000015
6239  -27.823  -89.676  -42.983 0.1000000015
5561  -27.945  -89.899  -42.460 0.2000000030
6216  -28.934  -89.181  -41.480 0.2000000030
7000  -23.606  -88.445  -42.805 0.1000000015
6237  -23.568  -89.217  -42.805 0.2000000030
6260  -27.121  -89.239  -44.299 0.1000000015
6249  -27.244  -89.718  -43.546 0.1000000015
6251  -28.770  -88.867  -43.052 0.1000000015
7719  -23.677  -87.678  -42.775 0.1000000015
7017  -27.731  -88.426  -44.296 0.1000000015
7011  -28.336  -88.562  -43.811 0.1000000015
3316  -7.097  -93.107  -5.118 0.3000000119
3333  -8.109  -92.991  -6.476 0.3000000119
3318  -8.638  -93.078  -5.497 0.3000000119
8196  -26.477  -86.781  -20.955 0.1000000015
8184  -26.304  -86.136  -20.878 0.1000000015
9735  -23.775  -84.614  -21.421 0.1000000015
9736  -24.651  -84.376  -21.273 0.1000000015
8981  -25.574  -85.323  -20.848 0.1000000015
8982  -26.661  -85.520  -20.944 0.1000000015
10571  -23.686  -84.154  -22.842 0.1000000015
9764  -24.389  -84.388  -24.242 0.1000000015
9020  -24.641  -84.846  -24.759 0.1000000015
9035  -24.999  -85.362  -25.222 0.1000000015
9036  -25.889  -85.412  -25.776 0.1000000015
9048  -27.110  -85.782  -26.524 0.1000000015
8283  -28.422  -87.092  -27.319 0.1000000015
4698  -38.422  -90.628  -23.297 0.1000000015
4714  -37.999  -91.618  -23.711 0.1000000015
4750  -36.713  -91.798  -25.443 0.1000000015
4767  -35.945  -91.510  -26.152 0.2000000030
6769  -32.441  -88.305  -26.309 0.1000000015
4801  -33.683  -91.127  -28.096 0.2000000030
5383  -33.143  -90.953  -28.883 0.2000000030
6071  -32.360  -89.639  -30.559 0.2000000030
6831  -29.680  -88.405  -31.558 0.2000000030
6054  -30.642  -89.709  -30.102 0.2000000030
6070  -31.240  -89.243  -30.350 0.2000000030
6890  -31.034  -89.028  -34.738 0.2000000030
6854  -30.170  -88.422  -33.240 0.2000000030
6914  -30.065  -88.662  -36.735 0.2000000030
6901  -30.807  -88.977  -35.501 0.2000000030
6913  -29.777  -89.176  -37.319 0.2000000030
6925  -29.666  -88.920  -37.930 0.2000000030
6264  -23.643  -89.001  -45.352 0.1000000015
6257  -24.079  -89.816  -44.958 0.1000000015
5578  -25.318  -90.648  -44.218 0.1000000015
6938  -29.849  -88.587  -39.124 0.2000000030
7010  -23.096  -88.420  -43.501 0.1000000015
7727  -22.531  -87.994  -44.198 0.1000000015
6263  -22.844  -88.742  -45.223 0.1000000015
6265  -24.605  -89.157  -45.425 0.1000000015
6266  -25.403  -89.214  -45.281 0.1000000015
6259  -26.053  -89.663  -44.582 0.1000000015
6228  -28.984  -89.007  -42.275 0.2000000030
7002  -29.585  -88.681  -42.494 0.1000000015
6973  -29.681  -88.786  -41.214 0.1000000015
8489  -23.236  -86.589  -42.949 0.1000000015
7728  -22.877  -87.427  -43.516 0.1000000015
7022  -25.229  -88.385  -45.565 0.1000000015
7015  -25.925  -88.756  -45.231 0.1000000015
7012  -29.200  -88.434  -43.204 0.1000000015
8490  -24.264  -86.804  -42.317 0.1000000015
7016  -26.734  -88.603  -44.766 0.1000000015
7730  -28.413  -87.795  -43.978 0.1000000015
7721  -24.793  -87.537  -41.700 0.1000000015
6971  -24.646  -88.446  -40.859 0.1000000015
9737  -25.737  -84.389  -21.003 0.1000000015
10558  -24.360  -83.909  -21.807 0.1000000015
10573  -24.636  -83.469  -22.721 0.1000000015
9765  -25.044  -84.461  -24.809 0.1000000015
9792  -26.888  -85.225  -26.316 0.1000000015
8268  -28.578  -86.277  -27.164 0.1000000015
6011  -33.478  -89.175  -25.002 0.1000000015
4784  -34.322  -91.330  -27.243 0.2000000030
6749  -32.603  -88.884  -25.928 0.1000000015
5989  -34.511  -89.294  -24.290 0.1000000015
5970  -35.933  -89.546  -23.323 0.1000000015
5307  -38.697  -90.201  -23.634 0.1000000015
4733  -37.653  -91.915  -24.445 0.1000000015
4786  -36.345  -90.972  -27.318 0.2000000030
4802  -34.765  -91.127  -28.573 0.2000000030
5399  -33.719  -90.681  -29.662 0.2000000030
5416  -32.967  -90.151  -30.372 0.2000000030
7571  -30.115  -87.346  -32.814 0.2000000030
7548  -30.285  -87.385  -31.675 0.2000000030
6817  -30.883  -88.418  -30.695 0.2000000030
6873  -30.782  -88.730  -34.088 0.2000000030
7622  -30.580  -87.842  -35.812 0.2000000030
7739  -22.898  -87.479  -45.324 0.1000000015
7020  -23.256  -88.236  -45.528 0.1000000015
7740  -23.749  -87.458  -45.567 0.1000000015
6955  -31.018  -88.153  -39.877 0.1000000015
9271  -22.433  -86.183  -43.520 0.1000000015
7741  -24.891  -87.515  -45.520 0.1000000015
8508  -24.530  -86.241  -44.913 0.1000000015
9277  -25.359  -85.608  -44.313 0.1000000015
6988  -30.240  -88.658  -41.920 0.1000000015
6989  -31.291  -88.266  -41.769 0.1000000015
7735  -25.831  -87.771  -45.181 0.1000000015
8510  -26.355  -86.719  -44.238 0.1000000015
8506  -30.402  -87.434  -42.957 0.1000000015
7736  -27.332  -87.642  -44.341 0.1000000015
7708  -25.116  -87.625  -41.233 0.1000000015
8491  -24.936  -87.089  -41.779 0.1000000015
10560  -26.062  -83.403  -21.170 0.1000000015
10559  -24.963  -83.545  -21.797 0.1000000015
10578  -24.857  -83.458  -23.404 0.1000000015
9775  -25.705  -84.603  -25.309 0.1000000015
6751  -34.311  -88.315  -25.194 0.1000000015
4752  -38.268  -91.168  -25.671 0.1000000015
4803  -35.849  -91.103  -28.408 0.2000000030
5418  -34.523  -90.588  -30.554 0.2000000030
6072  -33.380  -89.973  -30.814 0.2000000030
6833  -31.624  -88.003  -31.133 0.2000000030
6818  -31.740  -88.768  -30.773 0.2000000030
6090  -33.162  -89.431  -31.271 0.1000000015
7592  -30.508  -87.691  -33.917 0.2000000030
8361  -30.789  -86.288  -32.622 0.2000000030
8341  -31.125  -86.608  -31.810 0.2000000030
7611  -30.769  -88.183  -34.808 0.2000000030
8395  -30.577  -86.980  -34.937 0.1000000015
8382  -30.542  -86.563  -33.694 0.2000000030
7630  -30.447  -87.573  -36.860 0.1000000015
6926  -30.110  -88.068  -37.855 0.1000000015
9282  -24.276  -85.514  -44.779 0.1000000015
10039  -25.159  -84.546  -44.440 0.1000000015
7678  -31.297  -87.739  -39.063 0.1000000015
9283  -24.790  -85.210  -44.556 0.1000000015
10040  -26.056  -84.434  -44.247 0.1000000015
9278  -26.165  -85.529  -43.830 0.1000000015
10026  -26.587  -84.719  -43.797 0.1000000015
9261  -22.238  -85.370  -43.546 0.1000000015
9272  -26.842  -85.514  -43.409 0.1000000015
8493  -28.793  -86.238  -42.767 0.1000000015
8494  -29.796  -86.627  -42.673 0.1000000015
8478  -31.209  -86.281  -41.644 0.1000000015
8502  -26.663  -86.171  -43.688 0.1000000015
8503  -27.614  -86.691  -43.561 0.1000000015
8504  -29.114  -87.078  -43.349 0.1000000015
4467  -5.391  -91.090  -4.178 0.2000000030
11417  -25.306  -82.961  -22.740 0.1000000015
11404  -25.628  -82.794  -21.833 0.1000000015
10584  -25.121  -83.717  -24.223 0.1000000015
10585  -25.772  -83.457  -24.596 0.1000000015
5347  -38.762  -90.714  -25.642 0.2000000030
5359  -37.595  -90.816  -26.778 0.2000000030
4815  -35.477  -91.072  -29.367 0.2000000030
5328  -39.042  -90.228  -24.706 0.2000000030
4804  -36.689  -90.879  -28.325 0.2000000030
5435  -34.681  -90.353  -31.175 0.1000000015
5372  -37.974  -90.426  -27.443 0.2000000030
6834  -32.581  -88.665  -31.347 0.1000000015
9120  -31.025  -85.801  -32.945 0.1000000015
8400  -30.680  -86.927  -36.115 0.2000000030
7643  -30.755  -87.319  -37.784 0.1000000015
7661  -31.159  -87.450  -38.479 0.1000000015
10041  -27.146  -84.070  -44.428 0.1000000015
10042  -28.153  -84.088  -44.338 0.1000000015
10028  -28.114  -84.179  -43.360 0.1000000015
10016  -28.494  -84.391  -42.652 0.1000000015
9267  -29.551  -85.668  -42.049 0.1000000015
4788  -37.560  -90.545  -27.574 0.2000000030
4817  -36.925  -90.719  -29.027 0.2000000030
10844  -29.372  -83.909  -43.514 0.1000000015
12039  -3.560  -81.286  -1.755 0.6000000238
12949  -3.740  -80.864  -0.942 0.5000000000
19784  -19.816  -74.043  -7.384 0.1000000015
19797  -20.145  -73.376  -7.876 0.1000000015
20947  -20.673  -72.306  -8.519 0.1000000015
12952  -6.174  -81.189  -1.897 0.6000000238
12041  -6.982  -81.750  -2.476 0.6999999881
15569  -15.703  -76.528  -2.728 0.2000000030
17594  -16.738  -75.153  -4.054 0.1000000015
18642  -17.614  -74.284  -4.994 0.1000000015
16497  -15.397  -76.314  -1.634 0.2000000030
16512  -15.664  -76.165  -2.295 0.1000000015
17572  -16.384  -75.181  -3.464 0.2000000030
18641  -17.095  -74.321  -4.190 0.1000000015
18667  -18.162  -74.132  -5.598 0.1000000015
19783  -19.294  -73.526  -6.891 0.1000000015
19796  -19.671  -72.631  -7.388 0.1000000015
20931  -20.026  -72.111  -7.816 0.1000000015
21314  -10.788  -72.913  -33.192 0.4000000060
15517  -12.406  -77.715  0.369 0.4000000060
15550  -14.866  -77.144  -1.251 0.2000000030
22033  -21.256  -71.328  -8.931 0.1000000015
16463  -12.638  -76.769  0.334 0.3000000119
15519  -13.812  -77.230  -0.209 0.3000000119
16480  -15.325  -75.945  -1.212 0.2000000030
18591  -16.088  -75.006  -1.993 0.2000000030
18604  -16.279  -74.508  -2.516 0.2000000030
19727  -17.145  -73.584  -3.534 0.2000000030
19728  -17.428  -73.416  -4.378 0.2000000030
19756  -17.908  -73.275  -5.188 0.1000000015
19757  -18.512  -73.294  -5.951 0.1000000015
20930  -19.588  -71.915  -7.406 0.1000000015
22032  -20.300  -71.089  -8.207 0.1000000015
23054  -21.949  -70.363  -9.142 0.1000000015
18577  -14.905  -74.925  -1.213 0.3000000119
19693  -16.220  -73.601  -2.418 0.3000000119
20845  -17.042  -73.022  -2.963 0.3000000119
20863  -17.267  -72.717  -3.788 0.2000000030
20884  -18.748  -72.274  -6.367 0.1000000015
22014  -19.370  -71.324  -7.139 0.1000000015
23038  -19.545  -70.854  -7.219 0.1000000015
21947  -16.840  -72.174  -3.414 0.3000000119
20864  -17.650  -72.458  -4.639 0.1000000015
19079  -13.247  -73.917  -32.194 0.4000000060
20213  -12.187  -72.789  -33.167 0.4000000060
21315  -12.844  -72.665  -33.050 0.4000000060
22365  -11.682  -71.102  -33.274 0.4000000060
22364  -10.579  -71.208  -33.245 0.4000000060
14600  -9.927  -78.573  2.429 0.4000000060
15498  -10.157  -77.479  1.749 0.4000000060
17478  -11.215  -76.729  1.373 0.4000000060
17480  -12.118  -76.431  0.585 0.3000000119
17499  -12.823  -75.691  0.273 0.3000000119
17501  -14.300  -75.736  -0.544 0.3000000119
23053  -20.898  -70.203  -8.724 0.1000000015
18574  -12.888  -74.904  -0.853 0.3000000119
18576  -14.190  -75.079  -0.862 0.3000000119
19678  -15.432  -73.932  -2.113 0.3000000119
21924  -16.408  -72.445  -2.814 0.3000000119
21980  -18.524  -71.258  -6.052 0.1000000015
23029  -19.340  -70.533  -6.858 0.1000000015
23039  -19.792  -70.303  -7.383 0.1000000015
18587  -12.483  -74.897  -1.979 0.3000000119
18589  -13.391  -74.502  -1.304 0.3000000119
19676  -13.928  -74.006  -1.590 0.4000000060
20802  -14.652  -73.349  -2.286 0.4000000060
20825  -15.942  -72.944  -2.367 0.3000000119
22983  -16.540  -71.401  -3.970 0.3000000119
21964  -17.739  -71.479  -4.930 0.3000000119
21979  -18.131  -71.141  -5.531 0.2000000030
20824  -15.252  -72.697  -2.529 0.3000000119
21923  -15.763  -72.180  -2.756 0.3000000119
23002  -17.175  -70.864  -4.590 0.3000000119
20127  -15.572  -72.837  -30.862 0.3000000119
20153  -15.241  -73.296  -31.837 0.4000000060
20184  -14.000  -73.258  -32.564 0.4000000060
14599  -9.361  -78.672  2.192 0.4000000060
14633  -9.201  -78.722  0.232 0.4000000060
14619  -9.120  -78.678  1.329 0.4000000060
16442  -9.686  -77.251  0.971 0.4000000060
15516  -9.271  -77.869  0.296 0.4000000060
16462  -10.346  -76.616  0.838 0.4000000060
17498  -11.681  -76.010  0.507 0.4000000060
24111  -20.670  -69.256  -8.244 0.1000000015
16495  -9.192  -76.547  -0.526 0.4000000060
17513  -9.950  -76.282  -0.322 0.4000000060
17515  -11.974  -75.476  -0.545 0.3000000119
23017  -18.866  -70.433  -6.343 0.3000000119
17528  -9.587  -76.133  -0.949 0.5000000000
17529  -10.882  -75.735  -1.290 0.5000000000
17530  -11.851  -75.328  -1.664 0.4000000060
18601  -13.048  -74.518  -2.462 0.4000000060
22981  -15.281  -71.058  -3.942 0.3000000119
23003  -17.851  -70.535  -5.312 0.3000000119
17545  -12.206  -75.328  -2.533 0.4000000060
19691  -13.615  -73.820  -2.492 0.4000000060
20822  -13.832  -72.998  -2.967 0.4000000060
20844  -14.098  -72.390  -3.372 0.3000000119
21962  -14.039  -71.683  -4.433 0.3000000119
19707  -13.461  -73.731  -3.390 0.4000000060
20843  -13.768  -72.807  -3.821 0.4000000060
21961  -13.816  -72.296  -4.283 0.3000000119
21977  -13.761  -72.309  -4.910 0.3000000119
22334  -15.288  -71.459  -31.095 0.3000000119
21317  -14.483  -71.968  -33.052 0.4000000060
21332  -13.586  -71.690  -33.287 0.3000000119
23417  -13.068  -69.895  -33.289 0.2000000030
22366  -12.827  -70.949  -33.378 0.3000000119
23416  -11.945  -70.008  -33.224 0.3000000119
24072  -16.109  -69.762  -4.883 0.3000000119
25120  -17.741  -69.280  -5.483 0.3000000119
25152  -19.069  -69.126  -6.278 0.3000000119
22999  -14.736  -70.568  -4.712 0.3000000119
24070  -14.939  -69.849  -4.959 0.3000000119
24088  -18.768  -69.616  -6.127 0.3000000119
23030  -19.534  -69.963  -6.881 0.1000000015
21978  -14.086  -71.630  -5.560 0.3000000119
23001  -16.355  -70.565  -4.448 0.3000000119
24073  -16.851  -69.844  -4.921 0.3000000119
17591  -11.499  -75.733  -4.325 0.5000000000
18617  -13.010  -74.884  -3.198 0.4000000060
17593  -13.067  -75.190  -4.565 0.4000000060
19726  -13.618  -73.676  -4.552 0.3000000119
21293  -14.382  -71.797  -30.123 0.3000000119
21318  -15.514  -72.164  -32.265 0.4000000060
22355  -15.175  -71.090  -32.621 0.3000000119
23418  -13.861  -69.860  -33.122 0.2000000030
24455  -12.201  -68.945  -33.133 0.2000000030
24454  -11.118  -69.192  -33.520 0.3000000119
25137  -16.429  -68.436  -5.608 0.3000000119
25118  -16.633  -69.029  -5.128 0.3000000119
25140  -18.830  -68.668  -6.107 0.3000000119
24086  -15.474  -69.188  -5.338 0.3000000119
21994  -14.676  -71.496  -6.795 0.4000000060
20907  -14.234  -72.678  -6.511 0.4000000060
23075  -3.911  -70.717  -10.236 0.4000000060
21292  -13.326  -71.904  -30.047 0.3000000119
22333  -14.551  -71.189  -30.717 0.3000000119
22347  -15.372  -71.182  -31.768 0.3000000119
23382  -13.795  -69.802  -31.079 0.3000000119
24456  -13.335  -68.874  -32.808 0.2000000030
26590  -13.195  -66.704  -34.036 0.2000000030
26548  -13.766  -67.592  -32.495 0.2000000030
26570  -13.353  -67.205  -32.922 0.2000000030
25151  -15.458  -68.473  -6.432 0.4000000060
29735  -16.781  -64.483  -10.296 0.3000000119
29736  -17.763  -64.728  -10.286 0.3000000119
24095  -14.875  -69.496  -6.360 0.4000000060
29734  -16.222  -64.660  -10.765 0.4000000060
29751  -17.250  -64.207  -11.544 0.3000000119
29765  -15.396  -64.894  -12.152 0.4000000060
29749  -15.851  -64.621  -11.595 0.4000000060
30906  -16.437  -63.889  -11.879 0.3000000119
22012  -15.026  -71.754  -7.713 0.4000000060
23015  -14.478  -70.414  -5.966 0.4000000060
28551  -14.497  -65.492  -12.681 0.6000000238
30931  -15.373  -63.859  -13.056 0.4000000060
30943  -16.150  -63.938  -13.984 0.4000000060
29780  -17.214  -64.446  -13.589 0.2000000030
28575  -17.001  -65.136  -14.348 0.3000000119
24123  -4.905  -69.922  -10.988 0.6000000238
22039  -3.790  -71.543  -9.267 0.3000000119
25399  -11.353  -68.958  -28.521 0.4000000060
23361  -12.506  -70.785  -29.992 0.3000000119
23362  -13.579  -70.321  -30.493 0.3000000119
24440  -13.906  -69.039  -32.216 0.2000000030
25451  -14.303  -68.163  -31.528 0.2000000030
25477  -14.008  -68.189  -32.091 0.2000000030
26592  -15.126  -66.895  -34.488 0.2000000030
26593  -16.360  -66.839  -34.212 0.2000000030
26594  -17.442  -67.466  -34.217 0.2000000030
27708  -15.052  -66.656  -32.589 0.2000000030
30858  -21.210  -63.800  -7.897 0.2000000030
29705  -19.084  -65.459  -8.369 0.3000000119
29706  -20.137  -64.971  -8.156 0.2000000030
29707  -20.890  -64.274  -8.399 0.2000000030
28508  -16.549  -65.034  -9.385 0.3000000119
29719  -17.335  -64.865  -9.122 0.4000000060
29721  -19.160  -65.585  -9.442 0.2000000030
28494  -20.542  -64.926  -8.858 0.2000000030
28522  -15.948  -65.362  -10.638 0.4000000060
29752  -18.203  -64.989  -11.356 0.2000000030
26259  -14.942  -67.150  -12.119 0.5000000000
27352  -15.043  -66.391  -12.268 0.5000000000
29767  -17.912  -64.740  -12.373 0.2000000030
28563  -17.654  -65.010  -13.679 0.2000000030
27377  -17.470  -65.924  -14.739 0.2000000030
27421  -17.269  -66.812  -16.154 0.3000000119
23342  -12.635  -70.310  -29.356 0.4000000060
23343  -13.065  -70.022  -29.621 0.3000000119
24361  -12.735  -69.956  -28.475 0.4000000060
24420  -13.767  -69.125  -31.195 0.3000000119
25452  -14.668  -67.926  -30.904 0.2000000030
26572  -16.597  -66.509  -33.572 0.2000000030
26574  -18.169  -67.588  -33.405 0.2000000030
26549  -14.359  -67.503  -32.213 0.2000000030
30843  -20.982  -63.928  -7.118 0.2000000030
29686  -19.701  -65.191  -7.490 0.2000000030
27313  -15.825  -66.074  -9.968 0.3000000119
28490  -16.258  -65.538  -8.928 0.3000000119
29703  -17.322  -65.060  -8.482 0.3000000119
26251  -15.305  -67.293  -11.719 0.5000000000
28524  -19.428  -65.935  -10.410 0.2000000030
27340  -15.602  -66.631  -11.534 0.5000000000
28553  -18.583  -65.423  -12.332 0.2000000030
28538  -18.956  -65.748  -11.367 0.2000000030
28576  -18.078  -65.657  -14.079 0.2000000030
27398  -17.809  -66.460  -15.409 0.2000000030
27378  -18.251  -66.212  -14.817 0.2000000030
27471  -17.280  -66.560  -18.409 0.3000000119
28676  -19.864  -65.687  -21.521 0.6000000238
28699  -19.345  -65.206  -22.124 0.6000000238
27510  -20.879  -66.325  -20.590 0.6000000238
28658  -21.616  -66.007  -19.985 0.6000000238
25401  -13.160  -68.274  -27.771 0.4000000060
24398  -13.381  -69.673  -29.919 0.3000000119
24345  -13.182  -69.457  -27.860 0.4000000060
24399  -13.768  -69.115  -30.198 0.3000000119
25430  -14.404  -68.494  -30.518 0.2000000030
26553  -17.853  -67.424  -32.712 0.2000000030
25499  -18.658  -67.836  -33.079 0.2000000030
26526  -16.090  -67.580  -31.227 0.2000000030
26551  -16.443  -67.019  -31.860 0.2000000030
26575  -19.117  -67.825  -33.455 0.2000000030
28565  -18.873  -65.695  -13.337 0.2000000030
28554  -19.393  -65.807  -12.405 0.2000000030
27422  -18.259  -66.636  -16.341 0.3000000119
27446  -18.686  -66.431  -17.280 0.3000000119
27472  -18.419  -66.200  -18.354 0.3000000119
29875  -20.239  -64.521  -21.936 0.5000000000
28677  -20.555  -65.443  -21.216 0.6000000238
28678  -21.413  -65.562  -20.359 0.5000000000
28659  -21.859  -65.605  -19.577 0.5000000000
27495  -21.745  -66.165  -19.137 0.5000000000
27475  -22.168  -66.028  -18.372 0.5000000000
28642  -22.744  -65.299  -18.074 0.5000000000
27643  -13.340  -66.775  -29.136 0.4000000060
24362  -13.591  -69.798  -28.387 0.3000000119
26457  -13.925  -68.177  -27.508 0.4000000060
26470  -13.501  -67.436  -28.247 0.4000000060
24381  -13.927  -69.521  -29.243 0.3000000119
25480  -19.324  -68.238  -32.598 0.2000000030
25415  -14.350  -68.969  -29.717 0.3000000119
26552  -17.308  -67.208  -32.202 0.2000000030
25479  -18.416  -67.996  -32.528 0.2000000030
25431  -15.357  -68.008  -30.491 0.2000000030
25453  -16.815  -67.939  -31.186 0.2000000030
28555  -20.163  -65.449  -12.438 0.2000000030
28578  -20.067  -65.595  -14.639 0.3000000119
28566  -19.736  -65.674  -13.487 0.2000000030
28600  -19.796  -65.733  -16.526 0.1000000015
28589  -19.637  -66.069  -15.546 0.2000000030
27399  -18.742  -66.424  -15.492 0.2000000030
28615  -19.829  -65.343  -17.376 0.1000000015
27447  -19.346  -65.968  -17.312 0.2000000030
29812  -19.888  -64.807  -17.950 0.1000000015
28657  -19.209  -65.021  -19.032 0.1000000015
28656  -18.472  -65.350  -19.355 0.2000000030
29831  -19.927  -64.205  -18.163 0.1000000015
29842  -19.075  -64.315  -19.515 0.1000000015
29852  -18.140  -64.180  -20.442 0.2000000030
29853  -18.823  -63.613  -20.195 0.1000000015
31001  -18.388  -63.309  -20.779 0.2000000030
31022  -17.380  -63.081  -21.723 0.2000000030
29855  -21.083  -64.668  -21.020 0.5000000000
27667  -13.688  -66.299  -29.845 0.4000000060
24364  -15.394  -69.593  -28.375 0.3000000119
25388  -14.412  -68.937  -27.375 0.3000000119
24382  -14.836  -69.325  -29.090 0.3000000119
25416  -15.076  -68.672  -29.734 0.2000000030
25455  -18.819  -68.833  -31.838 0.2000000030
25432  -16.568  -68.290  -30.572 0.2000000030
24423  -19.443  -69.335  -31.056 0.2000000030
30934  -20.653  -63.798  -13.187 0.1000000015
29782  -20.454  -64.906  -13.635 0.1000000015
30944  -20.634  -63.844  -14.355 0.1000000015
29792  -20.558  -64.731  -14.996 0.1000000015
28590  -20.252  -65.366  -15.753 0.1000000015
28616  -20.140  -64.753  -17.357 0.1000000015
28639  -18.791  -65.779  -18.740 0.1000000015
28832  -13.384  -66.006  -30.792 0.4000000060
27623  -14.876  -66.754  -28.425 0.4000000060
27644  -14.287  -66.298  -29.403 0.4000000060
25390  -16.368  -68.938  -27.387 0.3000000119
26459  -15.898  -68.207  -27.362 0.3000000119
26472  -15.396  -67.405  -27.723 0.4000000060
24384  -16.867  -69.410  -29.147 0.2000000030
24400  -16.509  -68.919  -29.731 0.2000000030
24402  -18.223  -69.477  -30.062 0.2000000030
24403  -19.144  -69.619  -30.180 0.2000000030
24421  -17.758  -69.102  -30.699 0.2000000030
31991  -20.376  -62.900  -13.858 0.1000000015
30951  -20.543  -63.734  -15.495 0.1000000015
30051  -11.122  -64.960  -31.375 0.5000000000
28858  -11.703  -65.794  -31.638 0.5000000000
28859  -12.998  -65.808  -31.396 0.5000000000
28833  -13.946  -65.816  -30.420 0.4000000060
28806  -14.763  -65.777  -29.865 0.4000000060
28807  -15.723  -65.552  -29.729 0.4000000060
26460  -16.851  -68.286  -27.438 0.3000000119
27646  -16.338  -66.154  -28.968 0.4000000060
24350  -17.646  -69.299  -27.858 0.3000000119
24385  -17.821  -69.596  -29.191 0.2000000030
24386  -18.807  -69.629  -29.270 0.2000000030
24404  -20.085  -69.466  -30.249 0.2000000030
31981  -20.496  -62.718  -12.829 0.1000000015
30052  -12.193  -64.783  -31.628 0.5000000000
30053  -13.303  -64.495  -31.880 0.5000000000
28860  -14.023  -65.123  -31.423 0.4000000060
28834  -14.982  -65.046  -30.753 0.4000000060
27626  -17.923  -66.990  -28.357 0.3000000119
28808  -16.764  -65.452  -29.535 0.4000000060
25391  -17.236  -68.953  -27.493 0.3000000119
26462  -18.128  -68.618  -27.680 0.3000000119
24367  -18.374  -69.437  -28.300 0.2000000030
24368  -19.420  -69.387  -28.650 0.2000000030
25405  -21.192  -68.565  -28.703 0.2000000030
31180  -12.691  -63.034  -31.340 0.5000000000
31203  -13.420  -63.363  -31.857 0.5000000000
30054  -14.239  -64.502  -31.971 0.5000000000
27627  -18.966  -67.094  -28.488 0.3000000119
26476  -19.584  -67.968  -28.265 0.3000000119
35238  -20.345  -59.219  -16.624 0.4000000060
32243  -12.616  -62.798  -30.774 0.5000000000
31204  -14.151  -63.076  -32.002 0.4000000060
30080  -15.935  -63.413  -32.119 0.4000000060
30030  -17.543  -64.514  -30.905 0.4000000060
31228  -14.763  -63.172  -32.314 0.4000000060
32283  -15.969  -62.543  -32.271 0.4000000060
36326  -18.386  -58.472  -17.184 0.3000000119
36328  -19.946  -58.459  -16.386 0.4000000060
32244  -13.238  -62.611  -31.078 0.4000000060
33358  -14.747  -61.727  -31.120 0.3000000119
31205  -16.503  -63.554  -31.919 0.4000000060
33372  -15.263  -61.997  -31.760 0.3000000119
27628  -19.970  -67.056  -28.638 0.3000000119
36327  -19.028  -58.448  -16.561 0.2000000030
37410  -18.463  -57.543  -16.587 0.2000000030
37411  -19.495  -57.548  -16.220 0.3000000119
37412  -20.440  -57.572  -16.307 0.3000000119
38533  -20.882  -56.706  -16.460 0.3000000119
39615  -21.150  -56.171  -16.752 0.3000000119
33394  -17.029  -61.910  -32.096 0.3000000119
32284  -16.774  -62.509  -32.238 0.4000000060
34400  -15.682  -60.545  -30.922 0.3000000119
33374  -16.472  -61.303  -31.801 0.3000000119
34419  -16.099  -60.873  -31.554 0.3000000119
34420  -16.587  -60.385  -31.487 0.3000000119
38532  -20.077  -56.601  -16.053 0.2000000030
39614  -20.671  -55.621  -16.508 0.3000000119
40712  -21.814  -54.904  -17.555 0.5000000000
40725  -22.265  -54.469  -17.870 0.4000000060
40711  -21.186  -54.610  -17.371 0.4000000060
40724  -21.569  -54.336  -17.768 0.4000000060
41808  -21.153  -54.071  -17.739 0.3000000119
41822  -22.527  -53.639  -18.415 0.3000000119
41823  -23.624  -53.645  -18.308 0.4000000060
41824  -24.829  -53.753  -18.114 0.4000000060
42923  -24.157  -52.748  -18.435 0.3000000119
42921  -21.844  -52.766  -18.758 0.2000000030
42937  -22.042  -51.900  -19.027 0.2000000030
43958  -23.510  -51.854  -18.793 0.3000000119
43959  -24.521  -51.809  -18.426 0.3000000119
45003  -23.778  -51.137  -18.752 0.3000000119
45004  -24.545  -50.735  -18.454 0.3000000119
42936  -21.370  -52.000  -18.831 0.2000000030
45019  -23.499  -50.256  -19.118 0.3000000119
45020  -24.190  -49.862  -18.752 0.3000000119
47205  -26.644  -48.585  -20.062 0.5000000000
48255  -25.168  -47.947  -19.498 0.4000000060
47225  -26.213  -47.848  -20.131 0.5000000000
48277  -25.571  -47.141  -20.204 0.5000000000
28809  -17.785  -65.526  -29.528 0.3000000119
30029  -16.620  -64.515  -31.008 0.4000000060
27648  -18.385  -66.228  -28.914 0.3000000119
27649  -19.362  -66.286  -29.001 0.3000000119
4146  -29.822  -92.221  -23.072 0.1000000015
4268  -20.790  -92.526  -34.123 0.4000000060
16476  -9.002  -76.984  -0.128 0.4000000060
17543  -10.066  -75.754  -2.210 0.5000000000
18666  -13.258  -74.950  -5.335 0.4000000060
26591  -13.950  -66.914  -34.749 0.2000000030
26610  -12.377  -67.045  -34.279 0.2000000030
28675  -18.179  -64.748  -19.910 0.1000000015
21251  -14.823  -72.668  -29.054 0.3000000119
24378  -11.328  -70.056  -28.672 0.4000000060
27532  -19.341  -66.032  -21.586 0.6000000238
31202  -12.489  -63.748  -31.611 0.5000000000
32245  -14.017  -62.243  -31.087 0.3000000119
34399  -15.187  -61.224  -30.900 0.3000000119
28698  -18.541  -65.344  -22.525 0.5000000000
1554  -21.623  -97.495  -21.989 0.4000000060
2944  -31.840  -94.279  -18.658 0.5000000000
2979  -29.961  -94.271  -20.062 0.4000000060
1720  -29.689  -96.626  -32.049 0.3000000119
2210  -28.857  -96.245  -34.203 0.4000000060
28588  -16.738  -65.490  -14.803 0.4000000060
28721  -18.787  -64.934  -22.626 0.5000000000
27445  -17.646  -66.855  -17.302 0.3000000119
46084  -24.653  -49.203  -18.767 0.3000000119
30905  -15.889  -64.008  -11.833 0.4000000060
30942  -15.522  -63.878  -13.804 0.4000000060
48256  -25.496  -47.709  -19.740 0.5000000000
48278  -26.310  -47.403  -20.708 0.5000000000
766  -16.456  -99.153  -17.373 0.5000000000
756  -18.245  -99.363  -16.504 0.4000000060
3998  -19.375  -92.427  -14.119 0.5000000000
17544  -11.262  -75.650  -2.401 0.5000000000
29873  -17.850  -63.479  -21.135 0.1000000015
32062  -18.465  -62.683  -21.042 0.2000000030
35235  -18.538  -58.815  -17.344 0.2000000030
40710  -20.657  -54.607  -16.876 0.4000000060
1592  -19.158  -97.252  -23.573 0.4000000060
2056  -18.226  -96.597  -22.398 0.3000000119
2541  -22.281  -95.617  -22.154 0.3000000119
2538  -18.633  -96.027  -22.397 0.2000000030
1019  -20.271  -98.337  -11.944 0.4000000060
466  -21.834  -99.319  -12.751 0.3000000119
488  -22.759  -99.500  -13.631 0.3000000119
741  -24.436  -98.749  -14.190 0.3000000119
4116  -19.503  -92.912  -22.297 0.2000000030
2059  -32.965  -95.935  -22.911 0.6000000238
1600  -31.744  -96.282  -23.638 0.5000000000
1903  -22.258  -96.799  -12.024 0.5000000000
758  -20.216  -99.447  -15.926 0.4000000060
1476  -21.844  -97.618  -16.739 0.3000000119
1962  -22.642  -96.926  -17.106 0.2000000030
4669  -19.689  -92.333  -21.616 0.2000000030
2518  -34.222  -95.141  -20.653 0.6000000238
4071  -32.537  -93.100  -20.177 0.4000000060
1505  -20.065  -97.165  -18.329 0.2000000030
1487  -21.536  -97.238  -17.297 0.2000000030
2467  -23.431  -95.141  -17.448 0.2000000030
3492  -29.837  -94.074  -20.620 0.3000000119
3479  -34.027  -93.594  -19.421 0.4000000060
4148  -31.444  -92.141  -22.609 0.1000000015
4126  -32.108  -92.177  -22.221 0.1000000015
2164  -31.800  -95.644  -28.680 0.2000000030
2162  -30.406  -96.415  -30.072 0.4000000060
3405  -20.189  -93.099  -13.476 0.5000000000
3971  -20.163  -92.191  -12.495 0.5000000000
3453  -23.043  -92.860  -17.520 0.2000000030
2957  -22.146  -93.858  -18.838 0.2000000030
3363  -20.971  -93.726  -10.130 0.5000000000
1367  -14.651  -97.116  -4.661 0.4000000060
3386  -24.299  -93.867  -11.024 0.4000000060
4235  -30.640  -92.878  -31.161 0.2000000030
2786  -17.822  -94.924  -4.240 0.2000000030
3310  -17.245  -93.185  -4.567 0.2000000030
4149  -37.487  -92.249  -23.727 0.1000000015
5464  -31.036  -90.445  -33.766 0.2000000030
4332  -26.941  -92.705  -39.222 0.2000000030
4947  -23.286  -91.298  -42.536 0.2000000030
3751  -29.227  -92.987  -39.977 0.1000000015
3747  -26.135  -92.908  -40.599 0.1000000015
4920  -29.231  -91.720  -40.272 0.2000000030
3769  -24.695  -92.866  -42.189 0.1000000015
4365  -26.586  -91.870  -41.835 0.1000000015
4345  -28.234  -92.399  -40.607 0.1000000015
5527  -29.200  -90.678  -39.731 0.2000000030
4372  -24.485  -91.878  -43.271 0.1000000015
4948  -25.805  -91.460  -42.876 0.1000000015
4957  -25.338  -91.366  -43.466 0.1000000015
4950  -27.032  -91.429  -41.992 0.1000000015
4938  -28.005  -91.401  -41.259 0.1000000015
6215  -28.413  -89.936  -41.097 0.2000000030
5576  -23.811  -90.469  -44.395 0.1000000015
5571  -26.878  -90.230  -43.317 0.1000000015
6247  -23.045  -89.221  -43.982 0.1000000015
6246  -22.668  -88.964  -44.615 0.1000000015
4768  -37.055  -91.155  -26.362 0.1000000015
4785  -35.360  -91.202  -27.319 0.2000000030
6089  -32.672  -89.266  -31.080 0.2000000030
6954  -29.925  -88.533  -40.338 0.1000000015
7018  -22.315  -88.298  -45.073 0.1000000015
7013  -30.107  -88.085  -43.099 0.1000000015
6974  -30.661  -88.457  -41.050 0.1000000015
7734  -25.271  -87.416  -45.303 0.1000000015
7731  -29.609  -87.768  -43.397 0.1000000015
4787  -37.193  -90.723  -27.403 0.2000000030
8513  -23.158  -86.536  -45.192 0.1000000015
8512  -22.509  -86.596  -44.982 0.1000000015
7722  -30.710  -87.926  -42.774 0.1000000015
9268  -30.342  -86.178  -41.951 0.1000000015
10053  -24.540  -84.632  -44.566 0.1000000015
9273  -27.471  -85.398  -42.982 0.1000000015
16479  -14.927  -76.266  -0.896 0.3000000119
15500  -11.409  -77.884  1.526 0.4000000060
16446  -11.900  -77.134  0.745 0.4000000060
17500  -13.741  -75.829  -0.145 0.3000000119
18603  -15.840  -74.145  -2.288 0.2000000030
19654  -14.490  -74.455  -1.324 0.3000000119
18553  -13.555  -75.337  -0.416 0.3000000119
21944  -14.629  -71.693  -3.595 0.3000000119
25498  -13.182  -67.965  -32.753 0.2000000030
22332  -13.435  -71.248  -30.421 0.3000000119
23383  -14.546  -70.196  -31.650 0.3000000119
26589  -12.588  -67.091  -33.518 0.3000000119
27727  -14.779  -66.343  -33.349 0.2000000030
29720  -18.294  -65.142  -9.256 0.2000000030
29750  -16.387  -64.209  -11.283 0.4000000060
29737  -18.634  -65.327  -10.330 0.2000000030
30919  -16.703  -63.852  -12.484 0.4000000060
29766  -17.373  -64.162  -12.721 0.3000000119
27710  -16.756  -66.655  -32.442 0.2000000030
29687  -20.533  -64.456  -7.540 0.2000000030
28509  -19.874  -65.825  -9.673 0.2000000030
24379  -12.944  -70.161  -29.099 0.4000000060
28577  -19.128  -66.134  -14.447 0.2000000030
29802  -20.492  -64.485  -16.090 0.1000000015
29813  -20.136  -64.218  -17.688 0.1000000015
24349  -16.822  -69.358  -27.813 0.3000000119
26473  -16.399  -67.489  -27.732 0.4000000060
24387  -19.723  -69.546  -29.389 0.2000000030
28835  -16.167  -64.922  -30.343 0.4000000060
26474  -17.391  -67.654  -27.802 0.3000000119
27647  -17.363  -66.144  -28.873 0.4000000060
30077  -13.905  -63.968  -32.152 0.5000000000
30055  -15.070  -64.398  -31.757 0.4000000060
30056  -16.018  -64.011  -31.721 0.4000000060
30078  -14.553  -63.893  -32.252 0.4000000060
32265  -14.573  -62.509  -31.811 0.5000000000
30057  -16.966  -64.027  -31.534 0.4000000060
33392  -15.719  -62.146  -32.069 0.3000000119
33359  -15.375  -61.427  -31.276 0.3000000119
33373  -15.832  -61.473  -31.684 0.3000000119
39650  -22.844  -54.947  -17.722 0.5000000000
40726  -23.144  -54.456  -17.993 0.3000000119
41821  -21.378  -53.651  -18.225 0.3000000119
42922  -22.934  -52.649  -18.823 0.2000000030
47204  -25.878  -48.283  -19.441 0.4000000060
47203  -24.764  -48.335  -19.262 0.4000000060
48295  -26.524  -47.103  -21.600 0.5000000000
605  -24.026  -98.411  -27.665 0.1000000015
876  -23.256  -97.874  -26.571 0.1000000015
594  -22.294  -98.905  -25.715 0.1000000015
401  -21.800  -100.006  -25.735 0.1000000015
256  -21.498  -100.646  -24.955 0.2000000030
387  -22.045  -100.131  -25.216 0.1000000015
221  -11.875  -101.737  -24.169 0.2000000030
222  -12.908  -101.591  -24.179 0.2000000030
235  -13.356  -101.518  -25.133 0.2000000030
236  -14.146  -101.499  -25.422 0.2000000030
223  -14.119  -101.439  -24.391 0.2000000030
400  -20.827  -100.464  -25.951 0.1000000015
237  -14.989  -101.455  -25.289 0.1000000015
224  -15.364  -101.337  -24.239 0.3000000119
249  -15.597  -101.742  -26.027 0.1000000015
579  -21.521  -99.253  -25.998 0.1000000015
386  -21.177  -100.541  -25.430 0.1000000015
220  -10.996  -101.848  -24.234 0.2000000030
205  -10.369  -101.674  -23.429 0.1000000015
219  -10.516  -101.323  -24.243 0.1000000015
238  -16.040  -101.523  -25.128 0.1000000015
250  -16.616  -101.421  -25.773 0.1000000015
260  -17.339  -100.922  -26.097 0.1000000015
211  -16.959  -101.808  -23.029 0.4000000060
397  -17.907  -100.463  -26.478 0.1000000015
261  -18.645  -100.727  -25.990 0.1000000015
255  -20.626  -100.736  -25.071 0.2000000030
569  -10.184  -100.535  -24.125 0.1000000015
204  -9.716  -101.336  -23.263 0.1000000015
239  -17.077  -101.542  -24.959 0.2000000030
225  -16.488  -101.408  -24.122 0.4000000060
251  -17.463  -101.139  -25.439 0.2000000030
226  -17.549  -101.409  -24.030 0.2000000030
252  -18.288  -100.826  -25.457 0.1000000015
240  -18.013  -101.145  -24.811 0.2000000030
241  -19.073  -100.858  -24.776 0.2000000030
227  -18.582  -101.295  -23.960 0.2000000030
262  -19.147  -100.663  -25.870 0.1000000015
242  -20.120  -100.784  -24.587 0.2000000030
790  -7.545  -99.913  -19.523 0.2000000030
555  -7.810  -100.280  -21.508 0.2000000030
342  -7.445  -101.055  -21.196 0.2000000030
912  -12.852  -98.777  -33.479 0.1000000015
637  -12.597  -99.504  -33.804 0.1000000015
628  -13.331  -99.498  -33.438 0.1000000015
921  -12.000  -98.999  -33.776 0.1000000015
905  -14.015  -98.716  -32.756 0.1000000015
1257  -12.547  -98.212  -33.442 0.1000000015
1246  -13.594  -97.851  -32.689 0.1000000015
931  -11.022  -98.770  -34.734 0.1000000015
2487  -5.350  -95.717  -20.024 0.2000000030
1268  -11.527  -98.302  -33.952 0.1000000015
2544  -6.284  -95.570  -22.656 0.1000000015
1766  -10.182  -97.331  -38.664 0.4000000060
2251  -9.636  -96.183  -37.742 0.3000000119
2268  -10.226  -96.404  -39.355 0.3000000119
2545  -6.669  -95.331  -23.624 0.1000000015
2729  -9.888  -95.318  -38.414 0.2000000030
2739  -10.498  -95.574  -39.804 0.3000000119
3157  -9.800  -94.530  -36.212 0.1000000015
3185  -11.466  -94.790  -40.821 0.4000000060
3700  -9.705  -94.351  -36.972 0.1000000015
3184  -10.825  -94.687  -40.145 0.3000000119
3175  -10.016  -94.608  -38.696 0.2000000030
3739  -10.489  -93.711  -39.916 0.2000000030
6217  -11.136  -89.550  -41.308 0.2000000030
3565  -6.755  -93.344  -25.105 0.1000000015
4931  -11.419  -91.508  -41.214 0.2000000030
3023  -6.901  -94.027  -24.706 0.1000000015
4150  -7.042  -92.479  -24.699 0.2000000030
3030  -5.966  -93.944  -26.234 0.1000000015
5279  -7.185  -90.080  -22.553 0.3000000119
5294  -6.573  -90.197  -23.768 0.2000000030
5311  -7.378  -91.168  -24.018 0.2000000030
5960  -5.568  -89.519  -23.215 0.2000000030
5309  -5.799  -90.513  -24.409 0.2000000030
4737  -6.445  -91.981  -25.133 0.2000000030
4162  -6.236  -92.669  -25.416 0.1000000015
5331  -5.279  -91.036  -25.265 0.2000000030
5308  -4.869  -90.248  -24.899 0.2000000030
4736  -5.403  -91.988  -25.678 0.1000000015
5958  -4.170  -88.873  -24.066 0.2000000030
6718  -4.261  -88.066  -24.355 0.1000000015
8189  -2.914  -86.238  -22.114 0.1000000015
8202  -2.961  -85.972  -22.874 0.1000000015
7436  -3.626  -87.341  -23.495 0.1000000015
7444  -3.817  -87.009  -24.432 0.1000000015
5993  -4.507  -89.020  -25.254 0.1000000015
6736  -4.510  -88.593  -25.501 0.1000000015
5994  -4.580  -89.488  -25.455 0.2000000030
13372  -3.980  -80.755  -31.129 0.2000000030
9722  -2.656  -84.784  -20.238 0.1000000015
8973  -2.699  -85.582  -21.319 0.1000000015
8988  -2.846  -85.296  -22.335 0.1000000015
8203  -3.314  -86.260  -23.683 0.1000000015
9008  -4.092  -85.487  -24.541 0.1000000015
7474  -4.478  -88.003  -25.704 0.1000000015
15058  -3.504  -78.330  -30.874 0.5000000000
9729  -2.817  -84.378  -21.535 0.1000000015
9753  -3.353  -84.875  -23.391 0.1000000015
9754  -3.814  -84.585  -23.502 0.1000000015
9009  -4.797  -85.615  -24.533 0.1000000015
8232  -3.946  -86.806  -25.018 0.1000000015
8233  -4.524  -86.588  -25.381 0.1000000015
5330  -4.766  -90.665  -25.903 0.2000000030
6013  -4.682  -89.891  -26.519 0.1000000015
10289  -4.120  -82.804  -1.121 0.4000000060
10502  -2.803  -83.568  -18.475 0.1000000015
10550  -3.142  -83.534  -21.357 0.1000000015
10566  -3.922  -83.689  -22.323 0.1000000015
10568  -5.066  -84.161  -22.313 0.1000000015
9747  -5.813  -85.012  -21.798 0.1000000015
10551  -3.731  -83.240  -21.649 0.1000000015
10567  -4.654  -83.883  -22.339 0.1000000015
9756  -5.132  -84.771  -22.987 0.1000000015
8989  -5.460  -85.073  -22.861 0.1000000015
15052  -3.291  -78.115  -29.766 0.4000000060
10239  -3.973  -83.658  1.224 0.4000000060
11966  -4.485  -82.686  1.036 0.4000000060
10253  -3.985  -83.435  0.449 0.4000000060
12000  -4.188  -81.728  -0.433 0.4000000060
11982  -4.829  -82.167  0.345 0.4000000060
10532  -5.091  -83.217  -20.982 0.1000000015
11953  -5.261  -82.659  1.737 0.4000000060
11968  -5.455  -82.227  1.199 0.4000000060
12001  -5.775  -81.729  0.325 0.5000000000
12934  -5.286  -81.102  -0.304 0.5000000000
12275  -2.517  -81.393  -16.572 0.1000000015
13932  -5.572  -79.691  -11.321 0.3000000119
13931  -4.967  -79.856  -11.828 0.3000000119
13930  -4.042  -79.709  -11.833 0.3000000119
14918  -4.638  -78.461  -19.661 0.2000000030
14063  -4.658  -79.108  -20.329 0.2000000030
15847  -3.102  -78.022  -20.080 0.2000000030
14099  -3.662  -79.548  -21.338 0.2000000030
14023  -3.836  -79.381  -16.459 0.1000000015
13998  -3.113  -79.647  -16.222 0.2000000030
14873  -4.664  -78.712  -15.983 0.2000000030
13983  -3.710  -79.395  -14.348 0.2000000030
13951  -3.552  -79.345  -12.699 0.3000000119
14848  -3.935  -78.450  -14.962 0.2000000030
13914  -3.488  -79.379  -11.586 0.2000000030
13970  -3.889  -79.540  -13.575 0.3000000119
15719  -2.994  -77.576  -13.305 0.1000000015
15740  -4.538  -77.482  -14.342 0.1000000015
14834  -6.433  -77.967  -14.459 0.1000000015
14835  -6.994  -78.284  -14.009 0.1000000015
14836  -8.101  -79.173  -13.953 0.1000000015
14799  -2.799  -78.298  -12.925 0.2000000030
16675  -4.155  -76.719  -13.448 0.1000000015
15721  -6.326  -77.175  -13.127 0.1000000015
14820  -7.746  -78.302  -13.135 0.1000000015
14801  -8.481  -78.431  -12.414 0.1000000015
14802  -9.301  -78.805  -11.987 0.1000000015
16660  -6.585  -76.965  -12.048 0.1000000015
15703  -7.961  -77.839  -12.154 0.1000000015
15689  -8.928  -78.244  -11.035 0.1000000015
14776  -3.039  -78.764  -10.931 0.2000000030
17717  -4.245  -75.345  -12.514 0.1000000015
15673  -2.581  -77.661  -11.205 0.2000000030
16676  -4.876  -76.530  -13.251 0.1000000015
16658  -5.246  -76.367  -12.489 0.1000000015
16644  -6.241  -76.513  -11.591 0.1000000015
15675  -7.912  -77.341  -10.599 0.1000000015
15676  -8.567  -77.576  -10.247 0.1000000015
16629  -2.761  -76.689  -10.678 0.1000000015
19830  -2.809  -74.269  -10.966 0.1000000015
18768  -3.759  -74.525  -12.431 0.1000000015
17701  -5.594  -75.411  -11.270 0.1000000015
17687  -6.912  -75.567  -10.252 0.1000000015
16619  -7.948  -76.416  -9.736 0.1000000015
22053  -3.674  -71.243  -11.724 0.1000000015
20960  -3.369  -72.385  -11.360 0.1000000015
20958  -3.285  -72.670  -10.089 0.3000000119
22065  -3.769  -70.998  -12.559 0.2000000030
19839  -3.378  -73.546  -11.973 0.1000000015
24101  -14.919  -69.374  -7.110 0.3000000119
20971  -4.460  -72.646  -12.663 0.1000000015
18745  -7.711  -74.775  -10.252 0.1000000015
18759  -8.504  -74.177  -11.324 0.1000000015
19924  -7.935  -73.234  -17.986 0.2000000030
19922  -6.523  -73.261  -17.504 0.2000000030
22051  -3.628  -71.390  -10.523 0.2000000030
23088  -3.827  -70.407  -11.133 0.2000000030
23118  -3.672  -70.310  -13.133 0.1000000015
25171  -15.273  -68.253  -8.268 0.3000000119
23109  -3.702  -70.313  -12.216 0.1000000015
20988  -4.312  -71.658  -13.148 0.1000000015
19834  -6.695  -73.668  -11.637 0.1000000015
19835  -7.583  -73.776  -11.762 0.1000000015
22076  -4.655  -71.175  -13.675 0.1000000015
22077  -5.277  -71.670  -13.719 0.1000000015
19859  -6.627  -72.978  -13.136 0.1000000015
23089  -4.276  -69.851  -11.182 0.3000000119
24161  -3.746  -69.540  -12.821 0.2000000030
20990  -6.049  -72.099  -13.717 0.1000000015
19843  -7.179  -73.393  -12.411 0.1000000015
24171  -3.789  -69.596  -13.619 0.1000000015
23128  -4.427  -70.222  -14.123 0.1000000015
22096  -6.574  -71.129  -14.997 0.1000000015
30059  -18.695  -64.023  -31.400 0.3000000119
28836  -17.182  -64.922  -30.212 0.3000000119
22095  -5.614  -71.156  -14.242 0.1000000015
25203  -4.480  -68.628  -12.927 0.2000000030
24180  -4.285  -69.216  -14.390 0.1000000015
23142  -4.861  -69.791  -14.765 0.1000000015
22115  -6.770  -70.845  -15.637 0.1000000015
24185  -5.647  -69.726  -16.071 0.1000000015
31207  -18.120  -63.496  -31.917 0.3000000119
32266  -20.227  -63.072  -32.075 0.3000000119
32289  -20.779  -62.190  -33.018 0.2000000030
24139  -4.642  -69.486  -11.755 0.4000000060
25214  -5.231  -68.189  -13.572 0.3000000119
25233  -4.769  -68.333  -15.129 0.2000000030
24184  -5.023  -69.133  -15.484 0.1000000015
26283  -5.004  -67.846  -15.392 0.3000000119
25238  -5.350  -68.155  -16.321 0.2000000030
26315  -6.149  -67.188  -17.351 0.3000000119
25248  -7.458  -68.479  -18.458 0.2000000030
27463  -7.526  -66.752  -19.115 0.4000000060
31232  -18.469  -63.009  -32.445 0.3000000119
32288  -20.039  -62.644  -32.683 0.3000000119
25205  -5.675  -68.619  -12.914 0.5000000000
26263  -5.925  -67.815  -14.120 0.3000000119
26284  -5.463  -67.501  -15.766 0.3000000119
26272  -6.812  -67.608  -14.545 0.4000000060
27412  -6.704  -66.816  -16.271 0.4000000060
27438  -7.312  -66.323  -17.739 0.5000000000
27464  -8.515  -65.822  -18.736 0.4000000060
27465  -9.316  -65.560  -19.052 0.5000000000
32285  -17.673  -62.463  -32.347 0.3000000119
32287  -19.196  -62.567  -32.689 0.3000000119
33398  -21.324  -61.554  -33.384 0.2000000030
33378  -21.238  -61.784  -32.056 0.2000000030
34440  -21.774  -60.899  -32.763 0.2000000030
25215  -6.274  -68.264  -13.524 0.4000000060
27414  -8.414  -66.124  -16.725 0.6000000238
28593  -8.679  -65.689  -17.181 0.6000000238
27483  -9.618  -66.156  -19.793 0.5000000000
27485  -11.412  -65.699  -20.419 0.4000000060
27524  -12.028  -66.378  -21.556 0.4000000060
25297  -16.548  -68.458  -20.681 0.4000000060
25298  -17.642  -68.478  -20.652 0.4000000060
24255  -18.620  -69.522  -19.196 0.3000000119
32305  -19.078  -62.111  -32.774 0.3000000119
32306  -19.690  -62.057  -33.154 0.2000000030
32308  -20.962  -62.045  -33.979 0.2000000030
27391  -8.004  -66.820  -15.952 0.6000000238
25225  -6.894  -68.094  -13.873 0.4000000060
27525  -12.573  -66.099  -21.880 0.4000000060
26371  -14.226  -67.181  -22.082 0.4000000060
26354  -15.904  -67.810  -21.323 0.4000000060
25299  -18.694  -68.435  -20.421 0.4000000060
25282  -19.779  -68.313  -19.615 0.3000000119
25261  -20.573  -68.105  -18.641 0.3000000119
25262  -21.302  -67.863  -17.865 0.3000000119
25226  -7.642  -68.161  -14.033 0.5000000000
26357  -19.573  -67.663  -20.411 0.5000000000
26341  -21.208  -67.024  -19.401 0.4000000060
26331  -21.930  -67.081  -17.766 0.3000000119
27511  -21.366  -66.273  -20.160 0.5000000000
40858  -18.587  -54.932  -27.138 0.1000000015
39824  -19.325  -54.677  -27.839 0.1000000015
39613  -19.631  -55.565  -15.979 0.2000000030
40880  -18.821  -54.335  -27.653 0.2000000030
40700  -20.068  -54.659  -16.371 0.1000000015
40699  -19.192  -54.554  -16.014 0.1000000015
41798  -20.265  -54.115  -16.777 0.1000000015
41806  -19.841  -53.202  -17.069 0.1000000015
46083  -23.608  -49.211  -19.347 0.2000000030
47202  -24.187  -48.743  -19.230 0.2000000030
48304  -26.559  -47.517  -22.737 0.4000000060
47224  -24.347  -48.044  -19.529 0.3000000119
48276  -24.529  -47.559  -19.751 0.3000000119
49296  -23.150  -47.012  -20.308 0.1000000015
49299  -25.432  -46.468  -20.613 0.4000000060
49314  -24.890  -45.868  -20.765 0.4000000060
49316  -26.294  -46.162  -21.917 0.4000000060
50354  -25.909  -45.411  -21.996 0.4000000060
3724  -10.132  -93.589  -39.069 0.1000000015
3752  -11.868  -93.809  -41.180 0.3000000119
4338  -10.629  -93.010  -40.344 0.2000000030
4923  -10.494  -91.574  -39.942 0.1000000015
13207  -4.078  -81.129  -18.147 0.1000000015
11379  -3.154  -82.751  -20.105 0.1000000015
11380  -3.932  -82.511  -20.331 0.1000000015
11357  -2.974  -82.590  -17.908 0.1000000015
14787  -2.967  -79.066  -12.095 0.3000000119
16642  -2.615  -76.725  -11.636 0.1000000015
17716  -3.459  -75.797  -12.569 0.1000000015
14800  -3.137  -78.733  -13.029 0.2000000030
16657  -3.289  -76.511  -13.003 0.1000000015
18767  -3.051  -74.765  -12.074 0.1000000015
20970  -3.912  -72.141  -12.523 0.1000000015
19827  -2.843  -73.977  -10.222 0.1000000015
19831  -2.941  -73.464  -11.085 0.1000000015
19840  -4.248  -73.395  -12.352 0.1000000015
14974  -3.180  -78.563  -22.381 0.2000000030
14939  -3.407  -78.991  -20.664 0.2000000030
14125  -3.396  -79.440  -22.256 0.2000000030
560  -7.895  -100.497  -22.018 0.2000000030
645  -12.824  -100.217  -34.583 0.1000000015
12935  -6.008  -81.211  -1.009 0.5000000000
26211  -15.297  -68.142  -7.189 0.3000000119
25181  -15.526  -68.257  -9.228 0.3000000119
26225  -15.496  -67.349  -8.518 0.3000000119
26235  -15.714  -67.118  -9.827 0.3000000119
27439  -8.368  -65.681  -17.628 0.6000000238
26372  -15.246  -67.126  -21.921 0.4000000060
26373  -16.261  -67.107  -21.890 0.4000000060
26358  -20.459  -67.046  -20.371 0.5000000000
27413  -7.338  -66.553  -16.602 0.5000000000
356  -9.223  -100.877  -23.295 0.2000000030
349  -8.602  -101.055  -22.727 0.2000000030
5539  -11.612  -90.456  -41.681 0.3000000119
49326  -26.455  -46.544  -22.516 0.4000000060
50364  -25.969  -45.494  -22.774 0.4000000060
212  -18.070  -101.816  -23.165 0.3000000119
10512  -2.759  -83.700  -19.541 0.1000000015
12301  -3.411  -81.831  -18.229 0.1000000015
17715  -2.690  -75.762  -12.009 0.1000000015
27474  -21.586  -66.668  -18.862 0.4000000060
41807  -20.520  -53.621  -17.396 0.2000000030
41820  -20.705  -53.115  -18.089 0.2000000030
49298  -24.660  -46.619  -20.292 0.3000000119
49297  -23.705  -46.840  -20.219 0.2000000030
49315  -25.890  -46.046  -21.189 0.4000000060
592  -20.493  -100.128  -26.427 0.1000000015
259  -16.168  -101.521  -26.620 0.1000000015
254  -19.771  -100.628  -25.165 0.1000000015
591  -19.531  -100.210  -26.533 0.1000000015
399  -19.633  -100.643  -26.010 0.1000000015
4347  -10.634  -92.269  -40.331 0.2000000030
10529  -2.856  -83.569  -20.530 0.1000000015
9010  -5.626  -85.990  -24.259 0.1000000015
11366  -2.976  -82.643  -19.122 0.1000000015
14940  -4.079  -79.038  -20.206 0.2000000030
14833  -3.785  -78.719  -14.298 0.2000000030
15686  -2.582  -77.608  -12.136 0.1000000015
16674  -3.413  -77.153  -13.396 0.1000000015
15741  -5.249  -77.299  -14.353 0.1000000015
16692  -5.442  -76.976  -13.786 0.1000000015
15722  -6.967  -77.702  -13.251 0.1000000015
17726  -4.160  -76.052  -13.038 0.1000000015
16659  -6.043  -76.761  -12.417 0.1000000015
15688  -8.256  -77.808  -11.198 0.1000000015
16643  -5.607  -76.127  -11.761 0.1000000015
15687  -7.552  -77.372  -11.310 0.1000000015
14788  -9.523  -78.695  -10.881 0.1000000015
18769  -4.536  -74.432  -12.205 0.1000000015
17686  -6.104  -75.390  -10.720 0.1000000015
17676  -9.061  -76.022  -9.625 0.1000000015
15677  -9.393  -78.002  -10.002 0.1000000015
19841  -5.135  -73.588  -12.151 0.1000000015
19833  -5.790  -73.764  -11.583 0.1000000015
18757  -6.233  -74.104  -10.976 0.1000000015
18731  -8.256  -75.252  -9.851 0.1000000015
19857  -4.823  -72.940  -12.688 0.1000000015
17689  -9.434  -75.502  -9.963 0.1000000015
26200  -16.389  -67.305  -6.792 0.3000000119
19858  -5.581  -72.885  -12.921 0.1000000015
19842  -6.159  -73.269  -12.264 0.1000000015
23143  -5.432  -70.046  -15.304 0.1000000015
31208  -19.023  -63.557  -31.899 0.3000000119
25239  -5.842  -68.576  -16.948 0.2000000030
26298  -5.771  -67.508  -16.676 0.3000000119
25247  -6.362  -68.226  -17.669 0.3000000119
26316  -6.776  -67.385  -18.439 0.3000000119
25279  -17.138  -69.096  -20.046 0.4000000060
25280  -18.178  -69.176  -20.049 0.4000000060
24256  -19.465  -69.021  -19.002 0.3000000119
25281  -19.045  -68.882  -19.776 0.3000000119
26353  -14.863  -67.803  -21.366 0.4000000060
25300  -19.299  -68.374  -20.085 0.4000000060
26339  -19.974  -67.909  -19.868 0.3000000119
26329  -20.706  -67.719  -18.952 0.4000000060
26330  -21.093  -67.421  -18.712 0.4000000060
41982  -19.318  -53.750  -28.341 0.1000000015
49313  -23.865  -46.012  -20.573 0.2000000030
1731  -10.551  -97.478  -34.714 0.1000000015
1722  -11.102  -97.451  -34.062 0.1000000015
1287  -9.952  -97.692  -35.907 0.2000000030
1288  -10.503  -98.224  -35.312 0.1000000015
2705  -9.566  -95.614  -36.415 0.2000000030
2237  -9.575  -96.476  -37.319 0.2000000030
1757  -9.918  -97.598  -37.520 0.2000000030
1920  -23.409  -95.579  -12.037 0.4000000060
1365  -12.269  -97.069  -4.286 0.3000000119
4930  -10.811  -91.472  -40.562 0.1000000015
5538  -10.913  -90.461  -40.954 0.1000000015
5529  -10.234  -90.361  -40.128 0.1000000015
1836  -10.671  -96.268  -5.037 0.3000000119
6206  -10.375  -89.489  -40.686 0.1000000015
6916  -7.917  -88.308  -37.373 0.1000000015
7623  -7.612  -88.074  -36.223 0.1000000015
9107  -3.951  -85.183  -31.774 0.1000000015
7579  -7.689  -87.682  -34.218 0.1000000015
10652  -4.043  -83.590  -31.554 0.1000000015
8348  -5.631  -86.274  -32.753 0.1000000015
11531  -3.874  -82.644  -30.826 0.1000000015
12479  -3.781  -81.547  -29.756 0.1000000015
11519  -3.756  -82.079  -30.214 0.1000000015
13361  -3.743  -80.693  -29.083 0.1000000015
12491  -4.017  -81.573  -30.578 0.1000000015
12497  -4.282  -81.739  -31.504 0.1000000015
14227  -3.711  -79.759  -30.677 0.1000000015
14217  -3.472  -79.017  -30.159 0.3000000119
13351  -3.531  -80.546  -28.239 0.1000000015
14218  -3.764  -79.767  -29.621 0.1000000015
14209  -3.678  -79.586  -28.444 0.1000000015
14208  -3.486  -78.931  -29.258 0.3000000119
12478  -3.519  -81.669  -28.922 0.1000000015
13341  -3.668  -80.162  -27.648 0.1000000015
12425  -3.111  -81.648  -26.385 0.1000000015
12407  -3.194  -81.669  -25.310 0.1000000015
14174  -3.682  -79.132  -26.080 0.1000000015
15942  -3.051  -76.956  -26.283 0.3000000119
12390  -3.481  -81.616  -24.225 0.1000000015
11441  -3.816  -82.182  -24.354 0.1000000015
11426  -5.259  -81.836  -24.237 0.1000000015
13277  -3.321  -80.431  -23.238 0.2000000030
13291  -3.083  -80.598  -24.694 0.1000000015
14173  -3.435  -79.573  -25.531 0.1000000015
15013  -3.548  -78.706  -25.769 0.1000000015
15931  -3.024  -77.033  -25.244 0.5000000000
12373  -4.410  -81.667  -23.265 0.1000000015
12374  -5.200  -81.552  -23.496 0.1000000015
12358  -6.613  -80.315  -23.379 0.1000000015
12372  -3.777  -81.457  -23.379 0.1000000015
12356  -4.980  -81.264  -22.629 0.1000000015
12376  -7.243  -80.149  -24.167 0.1000000015
14142  -3.221  -79.025  -23.101 0.2000000030
14159  -3.277  -79.354  -24.195 0.2000000030
15012  -3.219  -78.263  -24.942 0.3000000119
15917  -2.973  -77.096  -24.173 0.3000000119
13261  -4.655  -80.646  -21.906 0.1000000015
12357  -5.945  -81.077  -22.942 0.1000000015
13264  -7.404  -79.942  -22.830 0.1000000015
13265  -8.393  -79.928  -22.911 0.1000000015
13263  -6.447  -80.202  -22.547 0.1000000015
13241  -8.191  -79.783  -22.086 0.1000000015
13260  -3.791  -80.246  -21.933 0.1000000015
13221  -4.379  -79.861  -21.021 0.1000000015
14065  -6.275  -78.753  -20.149 0.1000000015
14920  -6.768  -78.205  -19.624 0.1000000015
14921  -7.708  -78.161  -19.625 0.1000000015
14919  -5.775  -78.291  -19.632 0.1000000015
15826  -4.550  -77.915  -18.973 0.1000000015
16747  -3.352  -76.198  -17.930 0.1000000015
15807  -6.914  -77.087  -18.778 0.1000000015
15808  -7.820  -77.251  -18.699 0.1000000015
15790  -8.305  -76.862  -18.380 0.1000000015
16728  -4.301  -76.182  -17.895 0.1000000015
17780  -3.357  -75.042  -17.875 0.1000000015
19919  -3.182  -73.909  -18.133 0.3000000119
15789  -7.482  -76.787  -18.334 0.1000000015
16732  -8.041  -76.263  -18.439 0.1000000015
17761  -8.587  -74.808  -18.107 0.1000000015
15787  -5.585  -76.514  -18.307 0.1000000015
17783  -5.033  -75.237  -18.006 0.1000000015
17781  -3.878  -75.526  -17.734 0.1000000015
19920  -3.785  -73.847  -17.707 0.2000000030
16730  -6.209  -75.999  -18.314 0.1000000015
16713  -6.762  -75.437  -18.278 0.1000000015
16712  -6.033  -75.426  -18.176 0.1000000015
18814  -6.776  -74.244  -17.737 0.1000000015
19899  -7.265  -73.663  -17.647 0.1000000015
18812  -4.806  -74.468  -17.510 0.1000000015
19898  -6.202  -73.657  -17.317 0.1000000015
19925  -9.143  -73.445  -17.778 0.1000000015
19921  -4.193  -73.313  -17.537 0.2000000030
22190  -10.247  -72.199  -19.929 0.1000000015
21113  -13.666  -72.146  -19.595 0.1000000015
21135  -14.162  -71.914  -20.171 0.1000000015
22207  -7.829  -71.170  -20.183 0.1000000015
22209  -9.541  -71.758  -20.719 0.1000000015
22211  -11.535  -71.753  -20.627 0.1000000015
22213  -13.430  -71.717  -20.539 0.1000000015
25334  -9.435  -68.217  -23.528 0.2000000030
26388  -8.564  -67.441  -22.743 0.2000000030
25318  -7.612  -68.528  -22.197 0.2000000030
23264  -12.269  -70.896  -21.914 0.1000000015
23265  -13.210  -70.857  -21.895 0.1000000015
24274  -8.096  -69.753  -22.346 0.1000000015
23260  -7.978  -70.308  -21.591 0.1000000015
23262  -10.285  -71.060  -21.933 0.1000000015
22228  -11.888  -71.382  -21.298 0.1000000015
22229  -12.828  -71.341  -21.282 0.1000000015
22230  -13.753  -71.308  -21.318 0.1000000015
22215  -15.107  -71.635  -20.913 0.1000000015
23259  -7.421  -69.899  -21.251 0.1000000015
28745  -13.462  -65.598  -24.582 0.2000000030
27585  -11.817  -66.752  -24.040 0.2000000030
28744  -12.802  -65.846  -24.375 0.2000000030
26421  -12.966  -67.233  -24.284 0.1000000015
28747  -15.560  -65.093  -25.228 0.2000000030
28746  -14.369  -65.357  -24.848 0.2000000030
29921  -14.508  -64.239  -24.855 0.2000000030
28761  -15.883  -64.302  -25.354 0.2000000030
29922  -15.306  -63.851  -25.223 0.2000000030
31082  -16.850  -62.987  -25.468 0.2000000030
34211  -16.651  -60.499  -19.234 0.1000000015
32145  -17.474  -62.335  -25.454 0.2000000030
31083  -17.729  -63.248  -25.591 0.1000000015
36373  -17.530  -59.046  -19.240 0.1000000015
36360  -16.789  -58.369  -18.765 0.1000000015
34288  -20.942  -60.949  -24.559 0.1000000015
35346  -21.218  -60.226  -24.432 0.1000000015
35345  -20.584  -60.158  -24.737 0.1000000015
33233  -19.809  -61.791  -24.908 0.1000000015
33234  -20.586  -61.805  -24.605 0.1000000015
34316  -19.402  -61.020  -25.178 0.1000000015
33262  -18.994  -61.923  -25.218 0.1000000015
33260  -17.353  -61.483  -25.411 0.2000000030
33261  -18.121  -61.714  -25.408 0.1000000015
36361  -17.638  -58.517  -18.791 0.1000000015
37454  -17.100  -57.768  -18.396 0.1000000015
37433  -17.869  -57.826  -17.393 0.1000000015
35347  -21.706  -60.203  -24.186 0.1000000015
34289  -21.551  -60.845  -24.227 0.1000000015
38551  -16.856  -56.912  -17.607 0.1000000015
37409  -17.714  -57.167  -16.966 0.1000000015
38530  -17.998  -56.571  -16.306 0.1000000015
38531  -19.024  -56.557  -16.088 0.1000000015
47223  -23.803  -48.239  -19.610 0.2000000030
46105  -23.121  -48.623  -19.762 0.2000000030
51427  -22.370  -44.408  -21.300 0.1000000015
50351  -23.093  -45.288  -20.922 0.1000000015
50352  -24.187  -45.142  -20.988 0.2000000030
50353  -25.200  -45.151  -21.331 0.2000000030
51428  -23.529  -44.329  -21.277 0.1000000015
51430  -25.268  -44.610  -22.192 0.3000000119
51458  -25.361  -45.058  -23.419 0.3000000119
51444  -25.153  -44.491  -23.112 0.3000000119
50386  -24.796  -45.696  -24.572 0.3000000119
15806  -5.878  -77.129  -18.666 0.1000000015
14899  -5.290  -77.820  -19.019 0.1000000015
25333  -8.800  -68.315  -23.272 0.2000000030
50387  -25.214  -46.224  -24.357 0.3000000119
15023  -3.337  -77.914  -25.931 0.2000000030
15825  -3.729  -77.936  -19.104 0.1000000015
19897  -5.268  -73.792  -17.126 0.1000000015
22189  -9.247  -72.246  -19.923 0.1000000015
22208  -8.636  -71.653  -20.435 0.1000000015
23246  -7.329  -70.270  -20.537 0.1000000015
31067  -13.989  -63.727  -24.381 0.2000000030
34315  -18.633  -60.992  -25.351 0.2000000030
36341  -18.083  -58.416  -17.991 0.1000000015
32049  -19.276  -62.304  -20.023 0.1000000015
34193  -17.693  -60.895  -19.033 0.1000000015
35279  -17.224  -59.594  -19.340 0.1000000015
31002  -18.896  -62.890  -20.449 0.1000000015
39612  -18.461  -55.455  -15.808 0.1000000015
49312  -22.785  -46.473  -20.679 0.1000000015
18813  -5.773  -74.316  -17.567 0.1000000015
22210  -10.602  -71.856  -20.661 0.1000000015
23247  -8.313  -70.954  -20.865 0.1000000015
23261  -9.143  -71.032  -21.572 0.1000000015
32146  -18.344  -62.594  -25.480 0.1000000015
36372  -17.001  -58.931  -19.104 0.1000000015
36359  -15.972  -58.669  -18.600 0.1000000015
37455  -17.619  -57.919  -18.102 0.1000000015
37431  -16.662  -57.225  -18.020 0.1000000015
37432  -17.298  -57.289  -17.686 0.1000000015
38529  -17.031  -56.568  -16.930 0.1000000015
50350  -22.058  -45.550  -21.345 0.1000000015
51429  -24.527  -44.448  -21.528 0.2000000030
51457  -25.025  -44.941  -23.932 0.3000000119
234  -12.411  -101.540  -24.991 0.1000000015
247  -13.691  -101.501  -25.904 0.1000000015
804  -7.908  -99.797  -20.614 0.1000000015
833  -9.001  -99.569  -22.264 0.1000000015
1431  -24.456  -97.317  -11.754 0.3000000119
1023  -24.569  -98.089  -12.232 0.3000000119
1904  -23.520  -96.490  -11.877 0.3000000119
1413  -25.076  -96.806  -11.226 0.3000000119
1889  -25.505  -96.364  -11.075 0.3000000119
1432  -25.416  -97.611  -11.681 0.3000000119
2399  -25.815  -95.539  -10.444 0.3000000119
1890  -26.319  -96.313  -10.659 0.3000000119
2865  -25.431  -94.909  -10.623 0.3000000119
2388  -26.089  -95.460  -9.271 0.3000000119
3920  -22.377  -92.063  -7.242 0.2000000030
2830  -28.499  -94.108  -9.698 0.2000000030
2376  -28.663  -94.411  -9.979 0.2000000030
3926  -27.560  -93.434  -8.542 0.2000000030
1883  -27.949  -95.599  -10.380 0.2000000030
1892  -28.264  -95.764  -11.021 0.2000000030
1891  -27.259  -96.407  -11.045 0.2000000030
1882  -27.169  -95.773  -10.111 0.3000000119
2389  -26.953  -95.423  -9.259 0.3000000119
2373  -26.542  -95.519  -8.155 0.3000000119
2374  -27.382  -95.079  -8.673 0.3000000119
2358  -27.579  -94.671  -8.369 0.3000000119
2357  -27.169  -95.072  -7.702 0.3000000119
2822  -27.486  -94.495  -7.857 0.3000000119
3342  -26.923  -94.131  -7.010 0.3000000119
3934  -26.516  -92.646  -8.583 0.2000000030
4505  -25.216  -92.141  -8.319 0.3000000119
2829  -28.114  -94.065  -9.154 0.2000000030
2375  -28.062  -94.570  -9.257 0.2000000030
4504  -24.475  -92.023  -7.994 0.3000000119
2390  -27.728  -95.228  -9.601 0.3000000119
2823  -27.759  -94.227  -8.523 0.2000000030
3925  -27.071  -93.188  -8.057 0.2000000030
3351  -27.444  -93.892  -7.803 0.2000000030
2854  -24.433  -94.334  -10.108 0.3000000119
2843  -25.453  -95.244  -8.995 0.3000000119
3924  -26.270  -92.961  -7.744 0.3000000119
2853  -23.425  -94.173  -10.090 0.3000000119
2371  -24.768  -95.587  -8.220 0.3000000119
2372  -25.558  -95.597  -8.282 0.3000000119
2818  -26.512  -94.671  -6.590 0.3000000119
2841  -23.817  -94.907  -9.223 0.3000000119
1866  -25.305  -95.945  -7.289 0.3000000119
3341  -26.377  -93.976  -6.585 0.3000000119
3349  -25.910  -93.394  -7.008 0.3000000119
2354  -24.561  -95.965  -7.715 0.3000000119
2840  -22.799  -94.635  -9.622 0.3000000119
2370  -23.762  -95.748  -8.359 0.3000000119
3348  -25.050  -93.341  -6.893 0.3000000119
3923  -25.262  -92.755  -7.639 0.2000000030
3350  -26.734  -93.559  -7.286 0.3000000119
2817  -26.051  -94.448  -6.167 0.3000000119
2386  -23.140  -95.330  -9.011 0.3000000119
7913  -5.601  -86.106  -2.722 0.3000000119
7929  -5.164  -86.743  -3.189 0.3000000119
2369  -22.658  -96.009  -8.620 0.3000000119
7914  -6.114  -85.853  -2.925 0.3000000119
8743  -5.304  -85.542  -2.004 0.3000000119
7866  -4.584  -86.119  1.658 0.2000000030
7852  -5.838  -85.730  2.129 0.2000000030
7853  -6.486  -85.590  2.328 0.2000000030
7126  -3.282  -87.463  -0.261 0.3000000119
7850  -4.530  -85.731  2.039 0.2000000030
7836  -5.547  -85.328  2.726 0.3000000119
8634  -6.694  -85.163  3.011 0.3000000119
9420  -8.046  -83.803  3.828 0.3000000119
10206  -7.156  -83.505  3.852 0.3000000119
10208  -8.535  -83.024  3.927 0.3000000119
8732  -4.750  -85.188  -1.363 0.3000000119
11065  -5.059  -83.292  2.282 0.3000000119
11056  -9.701  -82.414  3.463 0.3000000119
9502  -4.643  -84.482  -1.069 0.3000000119
9488  -3.998  -84.293  0.156 0.3000000119
11053  -5.937  -82.970  2.965 0.3000000119
11054  -6.908  -82.549  3.414 0.3000000119
7110  -5.252  -86.743  1.057 0.1000000015
7117  -4.960  -87.540  0.661 0.1000000015
8678  -7.790  -85.331  1.974 0.2000000030
7888  -3.309  -86.386  -0.695 0.3000000119
8677  -3.815  -85.215  1.407 0.3000000119
8658  -8.901  -84.668  2.032 0.3000000119
9428  -5.810  -84.737  3.198 0.3000000119
9430  -7.214  -84.623  3.486 0.3000000119
9432  -9.310  -83.830  2.883 0.3000000119
10230  -10.461  -83.271  2.235 0.3000000119
10219  -9.058  -83.259  3.547 0.3000000119
11958  -10.870  -81.697  2.177 0.3000000119
11057  -10.403  -82.439  2.961 0.3000000119
11944  -10.215  -81.567  2.995 0.3000000119
11969  -6.158  -82.077  1.480 0.3000000119
11924  -7.807  -81.816  3.745 0.3000000119
11957  -10.517  -81.136  2.536 0.3000000119
11939  -6.072  -82.503  2.523 0.3000000119
7879  -6.674  -86.585  0.766 0.1000000015
7868  -6.014  -86.193  1.423 0.1000000015
7869  -7.262  -85.860  1.461 0.2000000030
8679  -8.422  -85.265  1.371 0.1000000015
9451  -9.875  -84.112  1.629 0.2000000030
10240  -10.509  -83.491  1.734 0.2000000030
12907  -11.562  -81.186  0.945 0.3000000119
12919  -11.510  -80.325  0.948 0.3000000119
11940  -6.754  -82.343  2.803 0.3000000119
11943  -9.131  -81.565  3.609 0.3000000119
13752  -11.045  -79.796  1.962 0.3000000119
7880  -7.431  -86.513  0.311 0.1000000015
8680  -9.414  -84.576  1.393 0.1000000015
13773  -12.191  -79.820  0.290 0.3000000119
12877  -8.241  -80.998  2.727 0.3000000119
12879  -9.075  -80.537  3.058 0.3000000119
13763  -11.361  -79.786  1.275 0.3000000119
14635  -12.111  -78.811  0.449 0.2000000030
8701  -8.534  -85.685  0.255 0.1000000015
12893  -8.512  -80.501  2.237 0.3000000119
13733  -9.221  -79.604  2.543 0.3000000119
14601  -10.639  -78.959  2.371 0.3000000119
14602  -11.339  -78.844  1.627 0.3000000119
14636  -13.009  -78.378  -0.318 0.2000000030
14650  -13.805  -78.111  -0.769 0.2000000030
14580  -9.499  -79.114  2.509 0.3000000119
15518  -13.156  -77.363  0.023 0.2000000030
26213  -20.352  -67.592  -7.131 0.2000000030
26188  -19.280  -67.791  -6.314 0.2000000030
27269  -20.220  -66.626  -6.712 0.2000000030
27252  -19.720  -66.780  -6.596 0.2000000030
25139  -17.940  -68.646  -5.787 0.2000000030
27251  -19.123  -66.944  -6.437 0.2000000030
28458  -17.762  -66.333  -7.105 0.2000000030
26184  -16.289  -67.944  -6.278 0.2000000030
27249  -17.607  -67.186  -6.484 0.2000000030
28441  -19.047  -66.378  -6.645 0.2000000030
26186  -17.803  -67.804  -6.143 0.2000000030
27267  -17.421  -66.762  -6.776 0.2000000030
28457  -17.347  -66.152  -7.357 0.2000000030
27299  -16.180  -65.876  -8.367 0.2000000030
29685  -18.646  -65.716  -7.514 0.2000000030
27281  -15.936  -66.637  -8.076 0.2000000030
26212  -15.646  -67.474  -7.587 0.2000000030
28837  -18.139  -65.012  -30.221 0.2000000030
30060  -19.455  -63.955  -31.234 0.2000000030
31181  -19.932  -63.911  -31.052 0.2000000030
32267  -20.690  -62.687  -32.090 0.1000000015
28810  -18.753  -65.673  -29.648 0.2000000030
30032  -19.219  -64.485  -30.793 0.2000000030
32246  -21.021  -62.790  -30.878 0.1000000015
34424  -21.770  -60.829  -31.598 0.1000000015
30034  -20.339  -64.443  -30.266 0.2000000030
31182  -20.421  -63.816  -30.678 0.1000000015
28839  -19.665  -64.949  -30.314 0.2000000030
28811  -19.736  -65.608  -29.658 0.2000000030
34402  -21.991  -60.745  -30.728 0.1000000015
30009  -20.230  -64.981  -29.989 0.2000000030
31160  -20.982  -63.617  -29.653 0.2000000030
33360  -21.634  -61.607  -30.478 0.1000000015
30010  -20.650  -64.520  -29.675 0.2000000030
33335  -21.737  -61.905  -29.587 0.1000000015
33361  -22.045  -61.009  -30.165 0.1000000015
27650  -20.222  -66.255  -28.950 0.2000000030
28812  -20.618  -65.593  -29.007 0.2000000030
35463  -22.636  -59.865  -31.965 0.1000000015
34403  -22.565  -60.526  -30.268 0.1000000015
29992  -21.361  -64.625  -28.507 0.1000000015
27651  -20.581  -66.178  -28.775 0.1000000015
31147  -21.358  -63.398  -28.786 0.1000000015
32222  -21.788  -62.142  -29.033 0.1000000015
33336  -22.285  -61.382  -29.371 0.1000000015
28788  -21.385  -65.915  -28.276 0.1000000015
33414  -19.714  -61.289  -33.453 0.1000000015
33427  -20.092  -61.255  -34.174 0.1000000015
34468  -21.143  -60.940  -34.443 0.1000000015
34452  -22.307  -60.271  -33.108 0.1000000015
35479  -22.736  -59.740  -32.595 0.1000000015
34426  -22.988  -59.922  -30.803 0.1000000015
35445  -24.171  -59.072  -30.633 0.1000000015
34376  -22.911  -60.606  -29.504 0.1000000015
32203  -21.633  -62.743  -28.631 0.1000000015
33395  -17.898  -61.866  -32.107 0.2000000030
33396  -18.777  -61.701  -32.351 0.2000000030
35464  -23.224  -59.527  -31.616 0.1000000015
35426  -24.888  -58.769  -29.822 0.1000000015
34405  -23.881  -59.701  -29.634 0.1000000015
33337  -22.957  -60.926  -28.868 0.1000000015
32204  -22.200  -62.279  -28.237 0.1000000015
35494  -22.372  -59.404  -33.565 0.1000000015
33377  -18.908  -61.053  -31.996 0.2000000030
34439  -19.564  -60.441  -33.156 0.1000000015
34450  -19.812  -60.605  -34.035 0.1000000015
33376  -18.172  -61.199  -31.776 0.2000000030
35446  -24.880  -58.561  -30.355 0.1000000015
35510  -20.558  -60.243  -34.621 0.1000000015
35480  -23.281  -58.964  -32.717 0.1000000015
35462  -18.863  -59.735  -31.698 0.1000000015
35478  -19.440  -59.621  -32.618 0.1000000015
35491  -19.648  -59.670  -33.774 0.1000000015
35492  -20.248  -59.499  -34.338 0.1000000015
34421  -17.608  -60.460  -31.505 0.2000000030
35460  -17.208  -59.638  -31.267 0.2000000030
36548  -18.295  -59.259  -31.178 0.1000000015
34375  -15.299  -60.428  -29.592 0.2000000030
36561  -19.757  -58.799  -33.028 0.1000000015
35441  -15.770  -59.866  -29.985 0.2000000030
43975  -23.035  -51.045  -19.232 0.1000000015
42920  -20.903  -52.512  -18.491 0.1000000015
43974  -22.132  -51.069  -19.419 0.1000000015
45017  -21.339  -50.243  -19.674 0.1000000015
45018  -22.414  -50.089  -19.669 0.1000000015
46080  -20.486  -49.607  -19.760 0.1000000015
45035  -22.024  -49.501  -19.983 0.1000000015
46104  -22.493  -49.049  -19.921 0.1000000015
52508  -24.641  -43.902  -22.554 0.2000000030
52522  -24.594  -43.805  -23.668 0.2000000030
51468  -24.217  -44.409  -24.882 0.2000000030
52507  -23.823  -43.038  -22.710 0.2000000030
52535  -24.184  -43.648  -24.377 0.2000000030
52534  -23.714  -43.476  -24.928 0.2000000030
51488  -23.266  -44.282  -25.670 0.2000000030
50411  -23.803  -45.422  -25.468 0.2000000030
1881  -26.257  -95.634  -7.484 0.3000000119
2356  -26.479  -95.454  -7.263 0.3000000119
10303  -5.139  -83.833  -2.296 0.3000000119
9524  -6.175  -84.931  -3.344 0.3000000119
10272  -4.254  -83.875  -0.345 0.3000000119
10229  -4.549  -83.997  2.441 0.3000000119
10216  -5.827  -83.963  3.285 0.3000000119
7911  -3.505  -86.392  -2.046 0.3000000119
8654  -4.798  -85.232  2.670 0.3000000119
9450  -3.923  -84.347  1.563 0.3000000119
7878  -3.588  -86.152  0.469 0.3000000119
11941  -7.756  -81.686  3.097 0.3000000119
13750  -8.911  -79.553  2.188 0.3000000119
28619  -26.539  -65.703  -17.196 0.3000000119
50427  -22.794  -44.779  -26.041 0.2000000030
1867  -25.994  -95.760  -7.080 0.3000000119
2425  -24.453  -94.537  -11.578 0.3000000119
2864  -24.786  -94.378  -11.042 0.3000000119
2410  -24.792  -95.197  -11.533 0.3000000119
1905  -24.799  -96.320  -11.462 0.3000000119
27298  -15.847  -66.240  -9.019 0.2000000030
34401  -16.178  -59.900  -31.159 0.2000000030
42938  -22.737  -51.719  -19.110 0.1000000015
46082  -23.017  -49.671  -19.572 0.1000000015
842  -8.778  -99.944  -22.930 0.1000000015
1414  -25.513  -96.993  -11.189 0.3000000119
1906  -25.360  -95.708  -11.151 0.3000000119
1415  -26.250  -97.070  -11.274 0.3000000119
2400  -26.539  -95.618  -9.965 0.3000000119
2855  -25.440  -94.785  -9.937 0.3000000119
2826  -24.475  -95.265  -8.725 0.3000000119
2827  -25.115  -95.321  -8.666 0.3000000119
7865  -4.125  -86.230  1.530 0.2000000030
7115  -3.860  -87.239  0.854 0.2000000030
8635  -7.528  -84.893  3.035 0.3000000119
9489  -4.205  -84.617  -0.468 0.3000000119
12894  -10.295  -80.594  2.666 0.3000000119
13735  -10.089  -79.793  2.659 0.3000000119
45034  -21.679  -49.695  -19.912 0.1000000015
46102  -20.583  -48.998  -20.135 0.1000000015
52521  -23.987  -43.038  -23.934 0.2000000030
51467  -23.777  -44.040  -25.208 0.2000000030
1024  -25.451  -98.065  -12.354 0.2000000030
1434  -27.029  -97.544  -12.146 0.2000000030
1047  -26.938  -97.884  -13.131 0.2000000030
1455  -27.276  -97.368  -13.463 0.1000000015
1433  -26.205  -97.620  -11.848 0.2000000030
1416  -26.805  -97.168  -11.560 0.2000000030
1026  -26.836  -97.891  -12.645 0.2000000030
1907  -27.330  -97.008  -11.675 0.2000000030
1361  -15.291  -96.520  -4.150 0.2000000030
1355  -14.470  -96.362  -3.272 0.2000000030
1362  -16.205  -96.673  -4.652 0.2000000030
2331  -20.221  -95.880  -5.133 0.2000000030
3313  -20.028  -94.557  -5.025 0.2000000030
1816  -14.966  -96.017  -3.442 0.2000000030
1821  -15.671  -95.959  -3.957 0.2000000030
2321  -16.273  -95.478  -4.081 0.2000000030
1360  -14.101  -96.818  -3.673 0.2000000030
2330  -19.128  -95.730  -4.734 0.2000000030
2797  -19.226  -94.927  -4.476 0.2000000030
1353  -12.843  -96.774  -2.278 0.2000000030
1354  -13.638  -96.444  -2.423 0.2000000030
1812  -13.839  -95.649  -1.683 0.2000000030
1359  -12.936  -97.019  -3.251 0.2000000030
2313  -14.253  -95.263  -2.388 0.2000000030
2314  -14.672  -95.620  -3.055 0.2000000030
2320  -15.298  -95.394  -3.578 0.2000000030
2784  -15.905  -94.601  -3.915 0.2000000030
1350  -13.380  -96.114  -1.290 0.1000000015
2306  -13.824  -94.965  -0.803 0.1000000015
1349  -12.971  -96.522  -1.580 0.2000000030
2309  -13.994  -95.008  -1.555 0.2000000030
2778  -14.007  -94.485  -1.959 0.2000000030
1358  -11.888  -97.029  -3.347 0.2000000030
2782  -14.291  -94.539  -2.807 0.2000000030
2783  -14.920  -94.539  -3.506 0.2000000030
3300  -15.389  -93.585  -3.891 0.2000000030
1373  -10.854  -96.586  -4.438 0.2000000030
1804  -12.587  -95.563  -0.058 0.2000000030
1346  -13.159  -95.898  -0.682 0.1000000015
2305  -13.859  -94.795  -0.280 0.1000000015
1344  -12.474  -96.400  -1.164 0.2000000030
2768  -13.855  -94.383  -0.389 0.1000000015
2773  -13.874  -94.387  -1.092 0.1000000015
1348  -12.364  -96.650  -1.801 0.2000000030
3860  -14.164  -92.624  -0.968 0.1000000015
3287  -13.894  -93.612  -1.532 0.1000000015
3295  -14.030  -93.819  -2.405 0.1000000015
1357  -11.117  -96.792  -3.271 0.2000000030
4435  -14.563  -92.010  -1.620 0.1000000015
3299  -14.403  -93.668  -3.200 0.2000000030
4459  -14.571  -92.212  -2.923 0.1000000015
3878  -14.710  -92.736  -3.383 0.2000000030
3879  -15.381  -92.591  -3.947 0.2000000030
2761  -12.873  -94.745  1.234 0.1000000015
2762  -13.447  -94.505  1.200 0.1000000015
2301  -12.424  -95.425  0.155 0.2000000030
2298  -13.145  -95.199  0.649 0.1000000015
2303  -13.727  -94.662  0.083 0.1000000015
1807  -11.864  -95.954  -0.850 0.2000000030
3847  -14.280  -92.876  -0.041 0.1000000015
1811  -11.386  -96.040  -1.732 0.2000000030
1347  -11.732  -96.633  -2.100 0.2000000030
3848  -14.938  -92.366  -0.154 0.1000000015
1819  -10.294  -96.381  -3.247 0.2000000030
4426  -16.294  -91.728  -0.514 0.1000000015
3861  -14.882  -92.017  -0.953 0.1000000015
4436  -15.430  -91.312  -1.474 0.1000000015
4448  -14.685  -91.770  -2.408 0.1000000015
1826  -10.226  -96.424  -4.150 0.2000000030
2757  -13.351  -94.106  1.905 0.1000000015
3260  -15.007  -92.925  1.056 0.1000000015
3259  -14.233  -93.345  0.571 0.1000000015
3836  -14.731  -92.784  0.464 0.1000000015
2308  -11.122  -95.353  -1.645 0.2000000030
3849  -15.939  -92.274  0.077 0.1000000015
2771  -10.007  -94.614  -2.276 0.2000000030
2307  -10.565  -95.401  -2.203 0.2000000030
1818  -9.627  -96.136  -3.785 0.2000000030
2317  -9.255  -95.730  -3.456 0.2000000030
2316  -8.591  -95.120  -3.627 0.2000000030
3838  -16.516  -92.721  0.936 0.1000000015
3850  -16.955  -92.289  0.142 0.1000000015
2776  -8.818  -94.787  -2.807 0.2000000030
2781  -8.172  -94.482  -3.519 0.1000000015
2769  -8.635  -94.233  -2.621 0.1000000015
3303  -6.911  -93.364  -4.193 0.1000000015
7459  -38.919  -88.211  -25.139 0.1000000015
5991  -38.918  -89.451  -24.119 0.1000000015
5362  -39.214  -89.745  -26.460 0.1000000015
7458  -38.604  -87.707  -24.973 0.1000000015
6732  -37.417  -88.202  -24.092 0.1000000015
7457  -37.894  -87.520  -24.588 0.1000000015
6012  -39.391  -89.176  -25.889 0.1000000015
4805  -37.377  -90.538  -28.207 0.1000000015
5373  -38.509  -90.023  -27.461 0.1000000015
3869  -5.349  -92.340  -2.563 0.1000000015
4457  -4.981  -91.161  -3.437 0.1000000015
4434  -5.074  -91.885  -1.780 0.1000000015
9851  -26.001  -84.340  -31.562 0.1000000015
4433  -4.482  -91.184  -1.220 0.1000000015
5061  -4.031  -90.526  -2.017 0.1000000015
5077  -4.687  -90.413  -3.604 0.2000000030
10667  -25.882  -83.485  -31.512 0.1000000015
9860  -26.761  -84.491  -32.046 0.1000000015
5743  -4.448  -89.375  -4.091 0.2000000030
7147  -4.165  -86.927  -3.141 0.2000000030
10683  -26.416  -83.599  -31.851 0.1000000015
10705  -27.008  -83.438  -33.027 0.1000000015
9874  -27.251  -84.218  -33.613 0.1000000015
5046  -3.576  -89.859  -1.613 0.1000000015
5039  -4.136  -90.524  -0.442 0.1000000015
5718  -3.173  -89.177  -1.961 0.1000000015
5727  -3.782  -89.346  -3.503 0.2000000030
5038  -3.637  -89.871  -0.823 0.1000000015
6394  -3.052  -88.472  -1.151 0.1000000015
6403  -3.011  -88.279  -2.355 0.2000000030
7135  -3.068  -87.203  -1.576 0.2000000030
8730  -3.485  -85.869  -0.973 0.2000000030
9906  -27.415  -84.697  -35.524 0.1000000015
10743  -26.975  -83.654  -35.461 0.1000000015
11602  -27.223  -82.362  -35.011 0.1000000015
6368  -4.040  -88.326  0.600 0.1000000015
6367  -3.544  -88.125  0.287 0.1000000015
8700  -3.654  -85.050  0.535 0.2000000030
11601  -26.903  -82.755  -35.744 0.1000000015
12566  -27.032  -82.033  -35.822 0.1000000015
12567  -27.298  -81.187  -35.421 0.1000000015
10760  -26.820  -83.746  -36.321 0.1000000015
9925  -27.122  -84.479  -36.510 0.1000000015
11616  -26.780  -82.498  -36.406 0.1000000015
12575  -26.810  -81.296  -36.511 0.1000000015
11629  -26.460  -82.306  -37.380 0.1000000015
13469  -25.615  -80.212  -37.473 0.1000000015
13470  -26.248  -80.535  -36.931 0.1000000015
15159  -25.467  -78.955  -36.880 0.1000000015
27504  -10.016  -66.681  -20.328 0.3000000119
27505  -10.589  -66.478  -20.464 0.3000000119
25291  -10.865  -67.699  -20.545 0.3000000119
26336  -8.281  -67.533  -19.608 0.3000000119
26338  -9.765  -67.700  -20.227 0.3000000119
25273  -10.603  -68.530  -20.016 0.3000000119
25292  -11.477  -67.961  -20.612 0.3000000119
25257  -7.804  -68.130  -19.012 0.2000000030
25258  -8.538  -68.452  -19.075 0.3000000119
24247  -10.880  -69.265  -19.162 0.3000000119
25249  -8.170  -68.930  -18.469 0.2000000030
24228  -9.366  -69.264  -18.519 0.3000000119
27484  -10.834  -65.859  -20.199 0.3000000119
27482  -8.453  -66.732  -19.495 0.3000000119
26349  -11.127  -67.047  -20.973 0.3000000119
26368  -11.746  -66.707  -21.388 0.3000000119
26350  -11.968  -67.424  -21.156 0.3000000119
26351  -12.834  -67.695  -21.365 0.3000000119
25295  -14.463  -68.433  -20.755 0.3000000119
25278  -16.098  -69.115  -20.122 0.3000000119
24253  -16.655  -69.647  -19.448 0.3000000119
24236  -17.120  -70.086  -18.821 0.3000000119
26370  -13.178  -67.053  -21.973 0.3000000119
25296  -15.495  -68.469  -20.736 0.3000000119
10255  -11.698  -82.670  0.440 0.2000000030
10231  -10.708  -82.818  2.196 0.2000000030
11077  -11.588  -82.125  0.877 0.2000000030
2324  -18.815  -95.296  -4.414 0.2000000030
26369  -12.330  -66.898  -21.656 0.3000000119
24254  -17.650  -69.713  -19.431 0.3000000119
2302  -13.470  -95.155  0.168 0.1000000015
2299  -13.531  -94.770  0.636 0.1000000015
3245  -14.574  -93.318  1.366 0.1000000015
5075  -3.694  -89.599  -2.980 0.1000000015
25271  -8.734  -67.939  -19.758 0.3000000119
25259  -9.749  -68.913  -19.282 0.3000000119
24229  -10.391  -69.452  -18.572 0.2000000030
25293  -12.445  -68.219  -20.702 0.3000000119
2002  -5.387  -96.357  -19.338 0.1000000015
2018  -5.404  -95.940  -20.294 0.1000000015
24257  -20.043  -68.552  -18.973 0.2000000030
24239  -20.052  -68.876  -18.269 0.2000000030
25250  -20.814  -68.537  -17.648 0.2000000030
24219  -20.184  -69.145  -17.091 0.2000000030
24220  -21.042  -68.839  -16.792 0.2000000030
25251  -21.614  -68.254  -16.924 0.2000000030
25263  -21.817  -67.693  -17.324 0.2000000030
25240  -21.636  -68.900  -16.206 0.2000000030
25241  -22.499  -68.723  -16.103 0.2000000030
24231  -12.355  -69.623  -18.506 0.2000000030
24233  -14.298  -69.852  -18.663 0.2000000030
25276  -14.055  -69.026  -20.132 0.2000000030
24215  -13.945  -69.963  -17.850 0.2000000030
24217  -15.693  -70.089  -18.140 0.1000000015
24237  -18.040  -70.083  -18.614 0.2000000030
25252  -22.552  -67.682  -16.649 0.2000000030
26321  -22.622  -67.000  -16.984 0.2000000030
25253  -23.250  -67.742  -16.344 0.2000000030
24203  -23.365  -69.820  -15.989 0.2000000030
25242  -23.682  -68.415  -16.178 0.2000000030
23183  -22.820  -70.906  -16.171 0.2000000030
24202  -22.198  -69.746  -15.855 0.2000000030
26304  -24.492  -67.889  -16.352 0.2000000030
24204  -24.594  -69.777  -16.299 0.1000000015
22137  -23.692  -71.750  -17.149 0.1000000015
23184  -24.161  -71.111  -16.681 0.1000000015
24221  -25.273  -70.151  -16.914 0.1000000015
26322  -23.579  -67.143  -16.571 0.2000000030
25243  -24.955  -68.662  -16.452 0.2000000030
26305  -25.235  -67.994  -16.501 0.2000000030
24205  -25.307  -69.451  -16.784 0.2000000030
26306  -25.515  -68.331  -16.681 0.2000000030
22153  -24.739  -71.564  -17.902 0.1000000015
23206  -25.452  -70.960  -17.618 0.1000000015
23207  -26.205  -70.351  -17.922 0.1000000015
24222  -25.934  -69.820  -17.456 0.1000000015
26324  -26.127  -67.872  -16.930 0.2000000030
24258  -26.803  -69.956  -19.250 0.1000000015
24241  -26.901  -69.443  -18.620 0.1000000015
25254  -26.632  -68.885  -17.815 0.1000000015
23225  -26.386  -70.560  -18.567 0.1000000015
24240  -26.653  -69.814  -18.237 0.1000000015
27449  -24.421  -66.129  -16.930 0.2000000030
27450  -25.852  -66.543  -16.862 0.2000000030
23238  -26.495  -70.662  -19.701 0.1000000015
25265  -27.092  -68.784  -18.521 0.1000000015
25285  -27.012  -68.711  -19.460 0.1000000015
26325  -26.938  -68.036  -17.777 0.2000000030
24266  -26.773  -70.088  -20.595 0.1000000015
26342  -27.346  -67.915  -19.084 0.1000000015
26333  -27.354  -67.947  -18.200 0.1000000015
25301  -26.544  -68.904  -20.567 0.1000000015
26360  -26.953  -67.924  -20.264 0.1000000015
27451  -27.172  -66.850  -17.654 0.2000000030
27496  -27.569  -66.830  -19.603 0.1000000015
27478  -27.562  -67.085  -18.661 0.2000000030
28644  -27.838  -65.592  -18.197 0.2000000030
27452  -27.561  -66.097  -17.968 0.2000000030
27497  -27.762  -66.379  -19.083 0.2000000030
27479  -27.695  -66.277  -18.438 0.2000000030
27512  -27.146  -66.723  -20.523 0.1000000015
28703  -26.833  -65.840  -20.853 0.1000000015
28680  -27.626  -65.522  -20.024 0.2000000030
28661  -27.917  -65.578  -19.028 0.2000000030
28660  -27.774  -66.103  -19.438 0.2000000030
29879  -26.710  -64.523  -21.029 0.1000000015
29878  -25.482  -64.517  -21.713 0.1000000015
28702  -26.045  -65.610  -21.554 0.1000000015
31026  -24.832  -63.580  -22.065 0.1000000015
32102  -24.480  -62.305  -22.252 0.1000000015
33186  -25.247  -61.733  -21.945 0.1000000015
33201  -23.953  -61.492  -22.551 0.1000000015
29857  -27.450  -64.460  -20.330 0.1000000015
32083  -25.268  -62.711  -21.934 0.1000000015
33219  -23.288  -61.252  -23.044 0.1000000015
34266  -22.682  -60.455  -23.490 0.1000000015
26323  -24.984  -67.230  -16.494 0.2000000030
25274  -11.967  -68.766  -20.059 0.2000000030
24248  -11.638  -69.282  -19.302 0.2000000030
25294  -13.443  -68.367  -20.755 0.2000000030
24252  -15.659  -69.650  -19.480 0.2000000030
24235  -16.220  -70.034  -18.693 0.2000000030
25275  -13.044  -68.868  -20.056 0.2000000030
24249  -12.664  -69.349  -19.342 0.2000000030
24232  -13.324  -69.714  -18.583 0.2000000030
24251  -14.661  -69.590  -19.467 0.2000000030
24234  -15.245  -69.955  -18.740 0.2000000030
23176  -15.405  -70.311  -16.895 0.1000000015
23205  -24.668  -71.434  -17.410 0.1000000015
23185  -24.918  -70.564  -16.783 0.1000000015
25244  -25.754  -68.841  -17.016 0.1000000015
23224  -25.890  -71.110  -18.973 0.1000000015
25255  -27.088  -68.399  -18.083 0.1000000015
25302  -26.810  -68.728  -20.016 0.1000000015
32101  -23.639  -62.317  -22.658 0.1000000015
32117  -22.928  -62.319  -23.101 0.1000000015
2766  -10.585  -94.205  -1.684 0.1000000015
2304  -11.568  -95.377  -0.865 0.1000000015
2794  -16.530  -94.184  -4.101 0.1000000015
2796  -18.362  -94.437  -4.460 0.1000000015
2756  -12.599  -94.069  1.921 0.1000000015
3274  -11.304  -93.734  -0.298 0.1000000015
3258  -11.580  -93.753  0.677 0.1000000015
2760  -12.170  -94.686  0.871 0.1000000015
2764  -11.666  -94.631  -0.077 0.1000000015
3309  -16.382  -93.402  -4.286 0.1000000015
3312  -19.034  -94.103  -4.934 0.1000000015
3897  -19.348  -92.601  -5.852 0.1000000015
3324  -19.773  -93.675  -5.413 0.1000000015
3899  -21.048  -93.351  -5.934 0.1000000015
4468  -15.659  -91.939  -4.097 0.1000000015
4469  -16.346  -91.689  -4.628 0.1000000015
3885  -16.023  -92.539  -4.345 0.1000000015
4476  -16.576  -91.134  -4.929 0.1000000015
3895  -17.749  -92.059  -5.332 0.1000000015
3311  -18.116  -93.419  -4.797 0.1000000015
3896  -18.313  -92.494  -5.400 0.1000000015
1446  -27.708  -97.147  -12.532 0.1000000015
3323  -18.822  -93.223  -5.242 0.1000000015
4479  -18.654  -91.958  -5.926 0.1000000015
4489  -19.317  -91.724  -6.443 0.1000000015
5111  -19.704  -90.908  -7.003 0.1000000015
3908  -20.002  -92.320  -6.256 0.1000000015
4490  -20.389  -91.660  -6.803 0.1000000015
3898  -20.375  -93.136  -5.881 0.1000000015
3909  -21.001  -92.638  -6.415 0.1000000015
5149  -25.403  -90.914  -9.737 0.1000000015
5138  -25.056  -91.306  -9.182 0.1000000015
5137  -24.366  -90.781  -9.144 0.1000000015
5094  -16.351  -90.562  -4.424 0.1000000015
4477  -17.165  -91.514  -5.263 0.1000000015
4487  -17.630  -91.116  -5.921 0.1000000015
4488  -18.303  -91.310  -6.292 0.1000000015
2401  -28.619  -95.307  -10.752 0.1000000015
1893  -28.680  -95.432  -11.084 0.1000000015
5110  -18.721  -90.640  -6.852 0.1000000015
2392  -29.080  -94.436  -10.492 0.1000000015
2402  -28.996  -95.015  -10.987 0.1000000015
5119  -19.292  -90.237  -7.330 0.1000000015
2393  -29.356  -94.239  -10.738 0.1000000015
5120  -20.062  -90.361  -7.495 0.1000000015
5121  -20.939  -90.584  -7.553 0.1000000015
5778  -21.149  -90.069  -7.872 0.1000000015
4527  -26.161  -91.536  -9.726 0.1000000015
4491  -21.330  -91.877  -7.024 0.1000000015
5134  -21.985  -89.878  -8.409 0.1000000015
5793  -22.253  -89.365  -8.864 0.1000000015
3910  -22.164  -92.572  -6.749 0.1000000015
4501  -21.561  -91.251  -7.450 0.1000000015
5122  -21.829  -90.501  -8.002 0.1000000015
5806  -22.464  -88.912  -9.278 0.1000000015
5809  -25.028  -89.914  -10.152 0.1000000015
5135  -22.587  -90.203  -8.507 0.1000000015
5148  -24.690  -90.348  -9.675 0.1000000015
5123  -22.855  -90.960  -8.166 0.1000000015
5124  -23.441  -91.143  -8.261 0.1000000015
5136  -23.446  -90.648  -8.644 0.1000000015
5795  -23.726  -90.286  -9.091 0.1000000015
5095  -16.899  -90.159  -4.866 0.1000000015
6451  -17.783  -88.751  -5.703 0.1000000015
5102  -17.195  -90.413  -5.572 0.1000000015
5759  -17.458  -89.553  -6.045 0.1000000015
5764  -17.938  -89.602  -6.775 0.1000000015
5775  -18.555  -89.662  -7.272 0.1000000015
5776  -19.537  -89.534  -7.818 0.1000000015
5777  -20.516  -89.864  -7.865 0.1000000015
5792  -21.219  -89.512  -8.362 0.1000000015
5810  -26.062  -90.372  -10.407 0.1000000015
6495  -21.436  -88.731  -9.008 0.1000000015
6496  -22.077  -88.729  -9.262 0.1000000015
6512  -22.464  -88.492  -9.791 0.1000000015
5807  -22.971  -89.204  -9.384 0.1000000015
6513  -23.425  -88.879  -9.988 0.1000000015
6514  -24.275  -89.164  -10.366 0.1000000015
5794  -23.159  -89.914  -9.002 0.1000000015
5808  -23.947  -89.821  -9.615 0.1000000015
7186  -18.724  -87.593  -6.101 0.1000000015
6479  -18.206  -88.721  -7.156 0.1000000015
6466  -17.995  -88.408  -6.329 0.1000000015
7227  -18.643  -87.868  -7.363 0.1000000015
6480  -18.849  -89.018  -7.710 0.1000000015
6493  -19.464  -88.672  -8.205 0.1000000015
5791  -20.103  -89.244  -8.261 0.1000000015
6494  -20.406  -88.546  -8.807 0.1000000015
7241  -19.024  -87.924  -8.048 0.1000000015
7242  -19.662  -87.485  -8.804 0.1000000015
7243  -20.312  -87.888  -9.229 0.1000000015
6515  -24.984  -89.326  -10.727 0.1000000015
6510  -20.919  -88.108  -9.403 0.1000000015
6530  -22.999  -88.283  -10.379 0.1000000015
9470  -10.501  -83.940  0.511 0.1000000015
10254  -11.369  -83.450  0.198 0.1000000015
10274  -11.918  -82.972  -0.512 0.1000000015
22382  -21.546  -71.210  -34.846 0.1000000015
10273  -11.480  -83.671  -0.740 0.1000000015
11106  -12.280  -82.257  -0.271 0.1000000015
11126  -12.578  -82.340  -1.264 0.1000000015
11127  -13.277  -81.515  -1.362 0.1000000015
12045  -13.897  -81.081  -2.119 0.1000000015
22401  -21.154  -71.151  -36.127 0.1000000015
11138  -12.456  -82.742  -2.464 0.1000000015
11087  -12.401  -81.732  -0.088 0.1000000015
12006  -13.169  -80.968  -0.741 0.1000000015
12026  -13.593  -80.947  -1.355 0.1000000015
12064  -14.464  -80.552  -3.155 0.1000000015
12046  -14.318  -80.325  -2.173 0.1000000015
23463  -21.726  -70.831  -35.878 0.1000000015
23481  -21.417  -70.761  -36.917 0.1000000015
23480  -20.929  -70.973  -37.245 0.1000000015
22439  -19.330  -71.712  -37.826 0.1000000015
12921  -12.672  -80.436  -0.177 0.1000000015
23482  -22.354  -70.090  -37.174 0.1000000015
24532  -23.307  -69.047  -37.569 0.1000000015
23500  -21.599  -69.972  -37.682 0.1000000015
25566  -22.427  -68.285  -37.866 0.1000000015
12938  -13.187  -80.137  -0.696 0.1000000015
12939  -13.627  -79.878  -1.146 0.1000000015
13812  -14.561  -78.691  -2.003 0.1000000015
12970  -15.143  -79.385  -3.248 0.1000000015
12027  -13.884  -80.435  -1.576 0.1000000015
12954  -14.195  -79.590  -1.661 0.1000000015
13813  -15.055  -78.738  -2.794 0.1000000015
28907  -21.771  -65.508  -35.582 0.1000000015
30126  -22.851  -64.397  -35.323 0.1000000015
13787  -13.719  -79.065  -1.088 0.1000000015
14691  -15.879  -77.912  -3.912 0.1000000015
14662  -14.523  -77.939  -1.456 0.1000000015
14678  -14.966  -77.894  -2.123 0.1000000015
14690  -15.525  -77.820  -3.007 0.1000000015
33363  -27.418  -61.047  -31.183 0.1000000015
30112  -23.428  -63.984  -34.750 0.1000000015
31248  -23.967  -63.448  -34.232 0.1000000015
31261  -23.907  -63.300  -35.156 0.1000000015
27786  -22.613  -66.537  -37.335 0.1000000015
27785  -21.989  -66.462  -37.028 0.1000000015
34379  -28.063  -60.602  -30.696 0.1000000015
32290  -25.269  -62.483  -32.430 0.1000000015
33379  -26.166  -61.785  -32.088 0.1000000015
31235  -24.764  -63.119  -32.655 0.1000000015
32309  -25.153  -62.422  -33.293 0.1000000015
33338  -27.747  -61.266  -30.245 0.1000000015
27284  -22.104  -66.139  -7.917 0.1000000015
34380  -28.722  -60.839  -29.806 0.1000000015
32249  -27.125  -61.662  -30.630 0.1000000015
27753  -21.826  -65.804  -34.688 0.1000000015
30111  -23.000  -64.688  -34.416 0.1000000015
30097  -24.290  -63.643  -33.361 0.1000000015
32269  -25.724  -62.308  -31.633 0.1000000015
27732  -21.150  -66.571  -34.224 0.1000000015
30096  -23.675  -64.647  -33.543 0.1000000015
26596  -19.249  -67.601  -34.666 0.1000000015
27283  -21.445  -66.166  -7.361 0.1000000015
28463  -21.946  -64.963  -7.216 0.1000000015
29688  -22.343  -64.423  -7.331 0.1000000015
28462  -21.307  -65.330  -6.898 0.1000000015
28460  -19.541  -65.770  -6.792 0.1000000015
29672  -21.699  -64.459  -6.962 0.1000000015
33316  -29.320  -61.459  -27.781 0.1000000015
32268  -25.135  -62.873  -31.847 0.1000000015
26576  -20.170  -67.193  -33.868 0.1000000015
26577  -21.021  -67.086  -33.480 0.1000000015
26555  -19.882  -67.838  -32.917 0.1000000015
29670  -20.192  -64.910  -6.932 0.1000000015
30845  -22.062  -64.024  -7.101 0.1000000015
29668  -18.933  -65.784  -7.129 0.1000000015
30844  -21.704  -63.890  -7.040 0.1000000015
32225  -27.837  -62.323  -29.317 0.1000000015
33315  -28.916  -61.620  -28.545 0.1000000015
32223  -26.634  -62.723  -30.083 0.1000000015
30082  -24.316  -64.097  -32.433 0.1000000015
31211  -24.771  -63.605  -31.422 0.1000000015
32247  -25.808  -62.819  -30.779 0.1000000015
28893  -23.377  -65.440  -33.230 0.1000000015
30062  -24.359  -64.723  -31.323 0.1000000015
31184  -25.418  -63.606  -30.157 0.1000000015
30061  -24.046  -65.233  -31.757 0.1000000015
31183  -24.693  -64.184  -30.604 0.1000000015
27712  -21.691  -66.932  -33.308 0.1000000015
27714  -23.185  -66.343  -32.401 0.1000000015
28862  -24.111  -65.709  -31.057 0.1000000015
28841  -24.422  -65.725  -30.061 0.1000000015
30036  -24.860  -64.397  -29.940 0.1000000015
27690  -23.483  -66.537  -31.433 0.1000000015
27668  -24.038  -66.462  -30.266 0.1000000015
26507  -23.361  -67.205  -30.541 0.1000000015
26493  -23.567  -67.228  -29.568 0.1000000015
29684  -18.086  -65.694  -7.781 0.1000000015
30859  -21.958  -63.406  -7.871 0.1000000015
32206  -28.196  -62.409  -28.818 0.1000000015
33298  -29.367  -61.344  -27.075 0.1000000015
32205  -27.664  -62.765  -29.105 0.1000000015
32191  -27.910  -63.024  -28.479 0.1000000015
33297  -29.045  -62.129  -27.395 0.1000000015
31162  -26.636  -63.321  -29.503 0.1000000015
31151  -27.366  -63.339  -28.780 0.1000000015
26528  -21.561  -67.882  -31.801 0.1000000015
25458  -21.394  -68.237  -31.378 0.1000000015
26529  -22.152  -67.722  -31.542 0.1000000015
25436  -22.424  -68.116  -30.546 0.1000000015
27653  -24.348  -66.077  -29.460 0.1000000015
26492  -23.029  -67.848  -29.957 0.1000000015
31917  -22.403  -62.800  -8.259 0.1000000015
29722  -21.234  -64.233  -9.271 0.1000000015
28511  -20.914  -64.834  -9.492 0.1000000015
32176  -28.423  -62.977  -26.676 0.1000000015
31150  -26.776  -63.901  -28.365 0.1000000015
31161  -25.932  -64.152  -28.926 0.1000000015
25456  -19.796  -68.833  -31.750 0.1000000015
24424  -20.211  -69.124  -31.026 0.1000000015
30012  -25.134  -64.458  -29.169 0.1000000015
25481  -20.272  -68.293  -32.217 0.1000000015
25434  -20.958  -68.937  -30.482 0.1000000015
30011  -24.654  -64.993  -29.456 0.1000000015
25420  -22.359  -68.305  -29.647 0.1000000015
29739  -21.393  -63.876  -10.011 0.1000000015
28526  -20.919  -65.169  -10.339 0.1000000015
25418  -20.632  -69.230  -29.309 0.1000000015
26477  -20.623  -67.845  -28.413 0.1000000015
25406  -22.004  -68.308  -28.924 0.1000000015
26478  -21.656  -67.717  -28.478 0.1000000015
26479  -22.807  -67.659  -28.827 0.1000000015
29754  -21.306  -64.100  -10.489 0.1000000015
28539  -19.894  -65.990  -11.432 0.1000000015
29753  -21.175  -64.358  -11.128 0.1000000015
24208  -6.933  -69.212  -17.522 0.1000000015
24230  -11.401  -69.605  -18.438 0.1000000015
22134  -21.234  -71.696  -15.423 0.1000000015
24201  -21.002  -69.437  -15.940 0.1000000015
35442  -16.237  -59.439  -30.612 0.1000000015
36531  -16.748  -59.040  -30.635 0.1000000015
35424  -16.210  -59.404  -29.506 0.1000000015
36519  -17.803  -58.806  -29.643 0.1000000015
35404  -16.045  -59.538  -28.612 0.1000000015
36501  -16.785  -59.078  -28.558 0.1000000015
37631  -18.783  -58.588  -29.447 0.1000000015
36502  -17.669  -58.638  -28.471 0.1000000015
37610  -19.190  -58.216  -28.131 0.1000000015
37592  -18.088  -57.675  -26.986 0.1000000015
37593  -19.344  -57.354  -27.218 0.1000000015
39808  -18.314  -55.599  -26.767 0.1000000015
39794  -19.144  -56.142  -27.003 0.1000000015
41980  -17.841  -53.312  -27.488 0.1000000015
52490  -24.665  -44.118  -21.989 0.1000000015
53523  -23.350  -42.313  -23.488 0.1000000015
54489  -23.250  -41.968  -24.046 0.1000000015
2212  -9.770  -96.408  -35.798 0.1000000015
28892  -22.844  -65.503  -33.919 0.1000000015
27733  -22.063  -66.323  -33.908 0.1000000015
27713  -22.578  -66.488  -33.039 0.1000000015
26556  -21.102  -67.649  -32.481 0.1000000015
45125  -17.972  -50.260  -26.708 0.1000000015
54511  -23.224  -41.839  -24.628 0.1000000015
51487  -22.750  -43.897  -25.872 0.1000000015
54529  -23.051  -41.827  -25.230 0.1000000015
4528  -26.656  -91.603  -10.104 0.1000000015
30875  -21.750  -63.320  -8.695 0.1000000015
3168  -9.530  -94.988  -37.168 0.1000000015
24209  -8.077  -69.514  -17.885 0.1000000015
13786  -13.276  -79.296  -0.732 0.1000000015
36518  -16.733  -58.843  -30.003 0.1000000015
24211  -9.875  -69.813  -17.825 0.1000000015
23220  -16.771  -70.193  -18.355 0.1000000015
24238  -19.010  -69.517  -17.914 0.1000000015
24213  -12.060  -69.768  -17.630 0.1000000015
24197  -13.643  -69.917  -17.030 0.1000000015
23223  -18.520  -69.833  -17.404 0.1000000015
23182  -21.731  -70.718  -15.668 0.1000000015
5112  -20.419  -90.937  -7.201 0.1000000015
5109  -17.830  -90.429  -6.435 0.1000000015
5765  -18.233  -90.090  -6.867 0.1000000015
5790  -19.673  -89.149  -8.123 0.1000000015
5774  -18.119  -89.287  -7.075 0.1000000015
30081  -24.026  -64.869  -32.288 0.1000000015
34354  -29.895  -60.754  -28.121 0.1000000015
27689  -22.760  -66.943  -32.040 0.1000000015
31134  -27.650  -63.475  -27.753 0.1000000015
23198  -10.140  -70.207  -17.093 0.1000000015
37630  -18.097  -58.600  -29.002 0.1000000015
37609  -18.282  -58.463  -28.282 0.1000000015
37580  -18.650  -57.189  -26.818 0.1000000015
53508  -23.140  -42.458  -22.726 0.1000000015
53522  -22.834  -42.031  -22.997 0.1000000015
54488  -22.566  -41.445  -23.776 0.1000000015
0  -13.194  -103.450  -17.937 0.8999999762
6  -13.501  -103.378  -18.764 0.8000000119
7  -13.763  -103.362  -18.928 0.8000000119
8  -13.993  -103.344  -18.745 0.8000000119
12  -14.924  -102.393  -14.007 0.6999999881
16  -14.554  -102.898  -14.871 0.8999999762
18  -15.506  -102.363  -14.929 0.6999999881
27  -12.312  -103.162  -16.850 0.8000000119
47  -20.574  -102.320  -19.028 0.8000000119
48  -11.468  -102.736  -19.046 0.8000000119
50  -13.206  -103.332  -19.148 0.8000000119
62  -13.613  -103.254  -19.859 0.8000000119
69  -20.107  -102.714  -20.200 0.6999999881
71  -12.180  -102.417  -20.899 0.8000000119
72  -12.781  -102.785  -21.022 0.5000000000
79  -19.247  -102.651  -21.015 0.5000000000
80  -19.789  -102.577  -20.710 0.6999999881
82  -14.178  -102.871  -21.500 0.6999999881
85  -17.186  -102.476  -21.769 0.6999999881
86  -17.452  -102.372  -21.945 0.6999999881
87  -17.921  -102.359  -21.896 0.8000000119
88  -14.775  -101.128  -12.800 0.6999999881
89  -15.344  -101.047  -12.719 0.6999999881
96  -16.066  -101.286  -12.951 0.6999999881
97  -16.708  -101.373  -13.329 0.6999999881
101  -12.494  -102.145  -13.886 0.6999999881
112  -15.534  -102.218  -14.301 0.6999999881
118  -11.836  -102.684  -15.465 0.6999999881
119  -15.616  -102.348  -15.399 0.6999999881
121  -16.511  -101.803  -14.724 0.6999999881
128  -16.000  -101.890  -15.563 0.6999999881
129  -8.148  -101.773  -17.578 0.8000000119
132  -10.710  -102.180  -17.576 0.8000000119
137  -22.389  -101.768  -18.290 0.8000000119
138  -22.992  -101.506  -18.596 0.6999999881
141  -9.788  -102.074  -18.487 0.5000000000
153  -23.841  -101.391  -19.717 0.6999999881
154  -7.947  -101.716  -19.388 0.3000000119
161  -23.375  -101.559  -20.061 0.6999999881
164  -8.408  -102.014  -20.673 0.4000000060
169  -20.797  -102.354  -20.583 0.6999999881
180  -16.536  -102.420  -21.891 0.6999999881
182  -19.056  -102.340  -21.664 0.5000000000
186  -22.683  -100.864  -21.728 0.6999999881
198  -18.535  -102.130  -22.197 0.5000000000
202  -22.083  -100.932  -22.605 0.5000000000
203  -22.637  -100.693  -22.359 0.5000000000
217  -21.896  -100.809  -23.228 0.4000000060
218  -10.115  -101.319  -23.710 0.1000000015
230  -21.598  -100.676  -24.046 0.3000000119
232  -10.924  -101.441  -24.690 0.2000000030
244  -21.676  -100.623  -24.549 0.3000000119
253  -19.157  -100.672  -25.563 0.1000000015
264  -15.763  -100.304  -12.396 0.6000000238
266  -13.779  -100.896  -12.870 0.6999999881
268  -14.879  -100.790  -12.604 0.6999999881
269  -15.578  -100.722  -12.552 0.6999999881
271  -17.134  -100.504  -12.546 0.6000000238
272  -17.641  -100.640  -12.732 0.5000000000
273  -9.860  -100.297  -13.031 0.8000000119
277  -13.952  -101.102  -12.930 0.6999999881
283  -8.798  -100.758  -13.919 0.8999999762
287  -17.329  -101.285  -13.598 0.6000000238
291  -9.419  -100.889  -14.207 0.8000000119
293  -17.932  -101.066  -14.260 0.6000000238
297  -16.584  -101.718  -15.077 0.6999999881
300  -7.011  -100.685  -16.472 0.4000000060
302  -8.099  -101.506  -16.468 0.8000000119
306  -7.060  -101.047  -17.642 0.4000000060
307  -7.599  -101.409  -17.783 0.6000000238
310  -21.043  -101.004  -18.101 0.6999999881
316  -7.056  -100.961  -18.374 0.3000000119
325  -23.670  -101.274  -18.578 0.6999999881
327  -25.176  -100.628  -19.072 0.6999999881
329  -7.117  -101.013  -19.052 0.3000000119
330  -7.538  -101.320  -19.065 0.3000000119
331  -14.330  -101.231  -19.176 0.8000000119
334  -24.269  -101.176  -20.040 0.6999999881
336  -25.605  -100.243  -19.741 0.6999999881
337  -7.159  -101.055  -19.530 0.3000000119
339  -24.171  -100.917  -20.576 0.6999999881
343  -8.033  -101.479  -21.924 0.2000000030
345  -23.924  -100.608  -21.264 0.8000000119
348  -7.845  -100.818  -22.047 0.2000000030
350  -9.173  -101.337  -22.818 0.3000000119
354  -25.010  -99.621  -22.076 0.6999999881
355  -25.673  -99.404  -21.873 0.6000000238
357  -9.293  -101.106  -23.201 0.2000000030
358  -21.837  -100.753  -23.574 0.4000000060
359  -22.204  -100.642  -23.330 0.5000000000
364  -9.457  -100.730  -23.469 0.2000000030
365  -9.899  -100.933  -23.802 0.1000000015
366  -10.435  -101.002  -24.468 0.1000000015
367  -21.995  -100.664  -23.776 0.3000000119
372  -10.441  -100.719  -24.542 0.1000000015
377  -23.571  -99.039  -24.414 0.3000000119
384  -19.660  -100.595  -25.566 0.1000000015
385  -20.251  -100.588  -25.521 0.1000000015
389  -23.488  -99.004  -24.955 0.3000000119
390  -24.004  -98.733  -24.796 0.4000000060
398  -18.881  -100.485  -26.376 0.1000000015
404  -23.665  -98.551  -25.363 0.4000000060
413  -21.800  -100.681  -29.626 0.1000000015
428  -20.479  -100.500  -31.516 0.1000000015
429  -21.330  -100.761  -30.910 0.1000000015
430  -21.917  -100.906  -30.521 0.1000000015
438  -19.706  -100.425  -32.013 0.1000000015
452  -15.291  -99.989  -12.318 0.6000000238
453  -15.926  -99.943  -12.287 0.6000000238
454  -16.552  -100.011  -12.348 0.6000000238
457  -13.615  -100.682  -12.781 0.6999999881
460  -16.597  -100.244  -12.428 0.6000000238
461  -16.930  -100.178  -12.426 0.6000000238
467  -7.889  -99.877  -13.177 0.8000000119
468  -8.402  -100.061  -12.896 0.8000000119
469  -9.264  -100.182  -12.782 0.8000000119
475  -19.605  -100.137  -12.905 0.4000000060
479  -22.963  -99.365  -13.224 0.3000000119
481  -8.869  -100.494  -13.243 0.8000000119
489  -7.009  -99.844  -14.733 0.8000000119
496  -22.739  -99.520  -14.125 0.3000000119
498  -7.214  -100.404  -15.444 0.4000000060
502  -20.542  -100.298  -14.871 0.3000000119
511  -20.861  -100.743  -18.277 0.8000000119
512  -21.296  -100.553  -18.194 0.6999999881
514  -23.224  -100.491  -17.836 0.6999999881
517  -26.160  -99.984  -18.269 0.6999999881
519  -27.447  -99.278  -18.880 0.6999999881
521  -7.185  -99.974  -18.794 0.3000000119
528  -21.452  -99.877  -18.425 0.6999999881
529  -22.042  -99.576  -18.375 0.6999999881
530  -25.547  -100.308  -18.592 0.6999999881
531  -26.273  -99.927  -19.060 0.6999999881
533  -27.557  -99.274  -19.140 0.6999999881
535  -7.159  -100.400  -19.275 0.3000000119
543  -26.268  -99.924  -19.673 0.6999999881
545  -27.509  -99.203  -19.627 0.6000000238
546  -7.122  -100.828  -19.550 0.3000000119
548  -14.837  -100.419  -20.104 0.6999999881
551  -16.952  -100.049  -20.423 0.6000000238
554  -27.398  -98.984  -20.306 0.6999999881
556  -8.092  -100.012  -21.959 0.2000000030
561  -8.237  -100.386  -22.377 0.2000000030
565  -25.151  -98.843  -23.125 0.4000000060
567  -26.371  -98.809  -22.318 0.5000000000
571  -25.360  -98.537  -23.790 0.4000000060
572  -10.405  -100.391  -24.573 0.1000000015
574  -24.614  -98.575  -24.417 0.5000000000
578  -21.055  -99.695  -26.351 0.1000000015
580  -22.133  -98.708  -25.784 0.1000000015
593  -21.415  -99.875  -26.141 0.1000000015
596  -23.987  -98.269  -26.092 0.4000000060
625  -20.658  -100.098  -31.730 0.1000000015
631  -17.643  -100.326  -32.617 0.2000000030
636  -12.163  -99.410  -33.922 0.1000000015
643  -19.005  -99.427  -33.177 0.4000000060
651  -12.077  -100.005  -35.480 0.3000000119
652  -12.861  -100.288  -35.591 0.1000000015
661  -21.205  -99.621  -35.676 0.6000000238
663  -22.674  -99.721  -36.116 0.8999999762
667  -14.305  -100.310  -36.346 0.4000000060
675  -22.204  -99.763  -36.575 0.6999999881
677  -13.001  -99.989  -37.129 0.6000000238
684  -19.702  -99.689  -37.002 0.6999999881
687  -22.598  -99.650  -37.127 0.8999999762
688  -23.052  -99.651  -36.873 0.8999999762
689  -14.245  -99.460  -37.939 0.6999999881
697  -20.926  -99.612  -37.910 0.6999999881
698  -15.202  -99.699  -12.277 0.6000000238
701  -17.064  -99.449  -12.247 0.5000000000
702  -17.884  -99.297  -12.292 0.5000000000
703  -18.578  -99.134  -12.252 0.5000000000
705  -8.929  -98.927  -11.721 0.8000000119
709  -15.515  -99.398  -12.139 0.6000000238
711  -18.372  -99.500  -12.401 0.5000000000
725  -13.508  -99.610  -12.383 0.6999999881
731  -7.310  -99.439  -13.584 0.8000000119
733  -24.176  -98.861  -13.634 0.3000000119
734  -24.864  -98.589  -13.780 0.3000000119
735  -6.877  -99.245  -14.387 0.6999999881
737  -21.201  -100.086  -14.636 0.3000000119
759  -6.991  -99.942  -17.379 0.2000000030
762  -9.044  -98.738  -17.732 0.1000000015
764  -14.411  -99.610  -18.136 0.5000000000
773  -26.724  -99.382  -18.150 0.6999999881
780  -13.901  -99.860  -18.946 0.6000000238
781  -14.217  -99.453  -18.683 0.5000000000
782  -20.972  -99.491  -18.909 0.5000000000
784  -22.366  -99.033  -18.635 0.6999999881
785  -23.065  -99.120  -18.311 0.6000000238
788  -29.134  -98.417  -18.824 0.6000000238
789  -29.685  -98.148  -19.005 0.6000000238
794  -13.999  -99.817  -19.899 0.6999999881
795  -17.423  -100.103  -20.286 0.6000000238
815  -21.162  -98.651  -20.544 0.6000000238
817  -29.034  -98.153  -19.937 0.6000000238
818  -29.619  -97.947  -19.636 0.6000000238
819  -7.925  -99.876  -21.254 0.2000000030
820  -8.336  -99.719  -21.487 0.1000000015
824  -16.082  -99.556  -21.788 0.6000000238
826  -18.095  -99.606  -21.715 0.6000000238
829  -27.183  -98.729  -21.429 0.6000000238
830  -27.759  -98.512  -21.172 0.5000000000
831  -28.528  -98.182  -20.688 0.5000000000
832  -8.425  -99.896  -22.240 0.1000000015
836  -16.643  -99.220  -22.454 0.5000000000
838  -18.582  -99.161  -22.318 0.4000000060
839  -19.115  -99.036  -22.228 0.5000000000
840  -27.266  -98.611  -21.883 0.5000000000
851  -26.671  -98.308  -23.101 0.6000000238
864  -22.939  -97.988  -26.033 0.1000000015
875  -22.737  -98.401  -25.832 0.1000000015
877  -24.848  -98.104  -26.656 0.4000000060
887  -24.708  -98.148  -27.148 0.4000000060
895  -24.141  -98.844  -29.592 0.3000000119
904  -13.348  -98.365  -33.098 0.1000000015
907  -21.100  -99.140  -31.571 0.4000000060
909  -26.274  -98.258  -31.972 0.6000000238
910  -26.525  -98.255  -31.957 0.6000000238
911  -12.279  -98.656  -33.588 0.1000000015
913  -13.740  -99.199  -33.168 0.1000000015
915  -20.512  -99.107  -31.976 0.2000000030
916  -20.889  -99.542  -31.722 0.2000000030
917  -24.510  -98.744  -33.130 0.6000000238
922  -12.451  -99.121  -33.675 0.1000000015
924  -19.515  -99.006  -33.103 0.4000000060
926  -23.615  -98.874  -33.902 0.8999999762
928  -25.409  -98.612  -33.573 0.6000000238
930  -26.636  -98.347  -32.877 0.6999999881
932  -11.487  -99.115  -34.395 0.1000000015
933  -19.097  -99.363  -34.446 0.4000000060
942  -10.864  -98.850  -35.264 0.4000000060
943  -11.360  -99.316  -35.187 0.4000000060
944  -19.076  -99.462  -34.771 0.4000000060
947  -21.018  -99.384  -34.982 0.6000000238
966  -25.269  -98.816  -37.119 0.8000000119
977  -21.048  -99.232  -38.580 0.8999999762
978  -21.894  -99.086  -38.688 0.8999999762
981  -14.775  -98.784  -38.797 0.8000000119
982  -15.166  -98.919  -39.025 0.6999999881
984  -17.050  -99.112  -39.384 0.6999999881
992  -17.459  -98.613  -39.898 0.8000000119
994  -16.591  -97.506  -5.963 0.3000000119
995  -17.216  -97.563  -6.198 0.4000000060
997  -18.179  -97.592  -6.473 0.4000000060
998  -16.638  -97.545  -6.343 0.3000000119
1000  -17.575  -97.652  -6.701 0.4000000060
1001  -17.998  -97.672  -6.609 0.4000000060
1002  -16.935  -97.580  -6.991 0.4000000060
1003  -17.176  -97.641  -6.883 0.4000000060
1007  -18.908  -98.920  -12.154 0.5000000000
1008  -7.755  -98.493  -11.961 0.8999999762
1011  -9.777  -98.068  -11.757 0.8999999762
1012  -14.314  -99.470  -12.188 0.6000000238
1029  -8.018  -98.981  -12.065 0.8999999762
1035  -15.469  -98.083  -12.320 0.6000000238
1037  -26.580  -98.040  -12.936 0.2000000030
1038  -26.923  -97.945  -12.885 0.2000000030
1039  -6.886  -98.463  -13.433 0.6999999881
1040  -7.164  -98.864  -13.211 0.8999999762
1045  -25.616  -98.349  -13.704 0.2000000030
1046  -26.468  -97.991  -13.462 0.2000000030
1050  -24.883  -98.450  -14.595 0.3000000119
1053  -6.898  -98.167  -15.193 0.5000000000
1055  -7.904  -98.000  -15.644 0.2000000030
1057  -20.677  -99.237  -15.903 0.4000000060
1062  -25.338  -97.999  -14.940 0.1000000015
1064  -7.587  -98.601  -16.006 0.3000000119
1074  -9.857  -98.517  -17.371 0.1000000015
1086  -27.198  -98.679  -18.096 0.6999999881
1088  -29.052  -98.041  -18.348 0.6999999881
1089  -29.583  -97.638  -18.214 0.5000000000
1092  -11.219  -98.271  -18.388 0.1000000015
1095  -15.528  -98.512  -18.734 0.5000000000
1098  -22.416  -98.691  -19.071 0.6000000238
1104  -29.836  -97.807  -18.636 0.6000000238
1106  -9.997  -98.752  -18.635 0.1000000015
1109  -14.188  -99.346  -20.040 0.6999999881
1116  -24.157  -97.983  -19.070 0.6000000238
1118  -31.074  -97.265  -19.547 0.6000000238
1119  -31.410  -97.066  -19.867 0.6000000238
1121  -11.558  -98.225  -20.499 0.1000000015
1122  -14.527  -99.462  -20.393 0.6000000238
1125  -20.879  -98.608  -21.166 0.6000000238
1132  -31.221  -97.168  -19.990 0.6000000238
1136  -15.826  -98.213  -21.490 0.5000000000
1142  -28.895  -97.762  -21.231 0.5000000000
1147  -15.762  -98.832  -22.106 0.5000000000
1153  -21.141  -97.709  -22.386 0.4000000060
1160  -17.932  -98.450  -23.044 0.4000000060
1161  -18.392  -98.274  -23.171 0.4000000060
1162  -18.917  -97.972  -23.415 0.4000000060
1164  -27.033  -98.255  -22.959 0.6000000238
1168  -26.376  -97.891  -24.222 0.5000000000
1175  -30.579  -96.079  -26.357 0.4000000060
1187  -25.484  -97.924  -26.394 0.4000000060
1189  -29.686  -96.119  -26.857 0.5000000000
1190  -30.051  -96.372  -27.008 0.5000000000
1202  -25.067  -98.061  -26.906 0.3000000119
1205  -30.074  -96.828  -27.562 0.4000000060
1206  -30.508  -96.728  -27.455 0.4000000060
1216  -24.799  -98.116  -28.458 0.3000000119
1220  -29.122  -97.225  -28.371 0.6000000238
1229  -24.452  -97.962  -29.231 0.3000000119
1233  -29.620  -97.269  -29.140 0.5000000000
1238  -22.729  -98.346  -30.642 0.3000000119
1243  -28.695  -97.139  -30.194 0.5000000000
1244  -12.434  -97.854  -33.379 0.1000000015
1245  -12.927  -97.983  -33.272 0.1000000015
1247  -20.843  -98.465  -31.748 0.4000000060
1250  -25.568  -98.128  -31.685 0.6000000238
1254  -28.689  -97.361  -30.735 0.6000000238
1255  -11.520  -97.844  -33.861 0.1000000015
1256  -12.072  -98.172  -33.552 0.1000000015
1260  -20.951  -97.805  -32.451 0.4000000060
1261  -23.816  -98.321  -32.992 0.6999999881
1264  -25.792  -98.308  -31.950 0.6000000238
1267  -11.206  -98.087  -34.169 0.1000000015
1269  -19.964  -98.696  -33.046 0.4000000060
1270  -20.338  -98.423  -33.031 0.4000000060
1271  -21.134  -97.992  -33.013 0.4000000060
1275  -26.443  -98.214  -33.855 0.6999999881
1277  -27.709  -97.588  -33.356 0.6999999881
1279  -11.373  -98.690  -34.206 0.1000000015
1280  -20.000  -98.681  -33.402 0.4000000060
1283  -22.053  -98.846  -34.066 0.4000000060
1286  -26.899  -97.939  -34.667 0.6999999881
1289  -25.615  -98.491  -35.566 0.6999999881
1291  -26.718  -98.017  -35.164 0.6999999881
1292  -9.863  -97.673  -36.412 0.2000000030
1295  -26.434  -98.153  -36.313 0.6999999881
1296  -26.846  -98.006  -35.772 0.6999999881
1300  -14.441  -97.862  -38.453 0.8000000119
1304  -10.854  -97.943  -38.766 0.5000000000
1305  -11.614  -98.325  -38.461 0.5000000000
1309  -15.027  -98.062  -38.956 0.8000000119
1310  -23.606  -98.499  -38.916 0.6000000238
1311  -24.184  -98.228  -38.880 0.6999999881
1320  -18.922  -98.675  -39.613 0.8000000119
1321  -19.581  -98.529  -39.641 0.8000000119
1322  -20.549  -98.432  -39.754 0.8999999762
1324  -22.324  -98.158  -39.738 0.8999999762
1327  -24.818  -97.432  -39.124 0.6000000238
1328  -10.892  -97.755  -39.828 0.6999999881
1329  -11.431  -97.891  -40.087 0.5000000000
1330  -11.915  -97.762  -40.193 0.5000000000
1331  -17.017  -98.112  -40.123 0.8000000119
1332  -17.807  -98.172  -40.248 0.8000000119
1336  -21.767  -97.783  -40.087 0.8999999762
1337  -22.542  -97.731  -39.823 0.8999999762
1338  -22.870  -97.749  -39.696 0.8999999762
1339  -12.146  -96.187  -0.912 0.2000000030
1340  -12.532  -96.014  -0.679 0.2000000030
1341  -12.908  -95.829  -0.454 0.1000000015
1342  -13.036  -95.936  -0.249 0.1000000015
1343  -11.963  -96.387  -1.377 0.2000000030
1345  -12.933  -96.233  -0.902 0.1000000015
1351  -11.566  -96.875  -2.748 0.2000000030
1352  -12.213  -96.917  -2.550 0.2000000030
1356  -10.693  -96.643  -3.334 0.2000000030
1363  -10.711  -96.669  -3.756 0.2000000030
1364  -11.361  -96.828  -4.042 0.2000000030
1380  -17.829  -97.293  -5.872 0.3000000119
1384  -21.296  -97.166  -6.026 0.3000000119
1385  -21.580  -96.947  -5.938 0.3000000119
1392  -17.772  -97.698  -6.976 0.4000000060
1393  -18.291  -97.649  -6.767 0.4000000060
1394  -19.315  -97.566  -6.647 0.4000000060
1395  -20.312  -97.535  -6.533 0.3000000119
1398  -12.633  -96.820  -6.883 0.4000000060
1407  -20.844  -97.523  -7.011 0.4000000060
1408  -21.564  -97.169  -6.778 0.4000000060
1411  -8.640  -96.939  -11.786 1.0000000000
1417  -7.015  -97.203  -11.935 0.8000000119
1418  -7.518  -97.781  -11.866 0.8000000119
1419  -8.508  -97.400  -11.576 1.0000000000
1420  -9.208  -97.314  -11.702 0.8999999762
1424  -17.361  -97.456  -11.956 0.6000000238
1435  -27.535  -97.122  -12.008 0.2000000030
1436  -6.865  -97.615  -12.570 0.8000000119
1437  -7.137  -98.085  -12.398 0.8000000119
1438  -10.212  -97.214  -12.170 0.8999999762
1443  -17.007  -97.033  -12.243 0.6000000238
1445  -27.196  -97.732  -12.809 0.2000000030
1453  -16.420  -96.739  -12.917 0.6999999881
1454  -26.635  -97.794  -13.827 0.1000000015
1458  -13.372  -96.869  -14.556 0.6999999881
1471  -25.795  -97.440  -14.894 0.1000000015
1475  -21.130  -97.836  -16.875 0.3000000119
1479  -24.311  -97.045  -15.955 0.2000000030
1480  -6.509  -97.198  -18.048 0.1000000015
1484  -18.808  -97.745  -18.237 0.3000000119
1489  -26.820  -98.310  -17.885 0.6999999881
1496  -5.787  -96.996  -18.596 0.1000000015
1497  -6.239  -97.211  -18.674 0.1000000015
1504  -19.216  -97.288  -18.874 0.2000000030
1510  -30.595  -97.259  -18.470 0.6000000238
1511  -31.194  -97.005  -18.697 0.6000000238
1512  -31.709  -96.812  -18.972 0.6000000238
1521  -18.650  -97.240  -19.519 0.2000000030
1523  -23.775  -97.429  -19.891 0.6999999881
1527  -31.692  -96.886  -19.601 0.6000000238
1528  -32.194  -96.629  -19.624 0.6999999881
1537  -18.195  -97.225  -20.216 0.2000000030
1540  -23.955  -97.013  -20.079 0.6999999881
1541  -31.006  -97.165  -20.749 0.6000000238
1551  -16.434  -97.847  -21.743 0.4000000060
1557  -29.495  -97.411  -21.621 0.6000000238
1560  -32.058  -96.453  -21.726 0.5000000000
1570  -16.813  -97.768  -22.123 0.4000000060
1573  -20.698  -97.346  -23.245 0.4000000060
1574  -21.284  -97.193  -22.831 0.4000000060
1575  -21.903  -96.979  -22.177 0.4000000060
1576  -28.015  -97.721  -22.554 0.4000000060
1582  -32.519  -96.123  -22.980 0.5000000000
1595  -27.464  -97.719  -23.108 0.6000000238
1601  -32.449  -96.124  -23.604 0.5000000000
1610  -29.747  -96.150  -24.346 0.5000000000
1622  -26.179  -97.206  -25.325 0.4000000060
1642  -26.026  -97.461  -25.737 0.4000000060
1645  -31.067  -96.342  -26.608 0.4000000060
1646  -31.516  -96.291  -26.481 0.4000000060
1661  -28.936  -96.771  -27.484 0.6000000238
1662  -29.237  -96.731  -27.375 0.5000000000
1663  -31.177  -96.575  -27.358 0.4000000060
1670  -24.915  -97.656  -28.064 0.3000000119
1671  -27.860  -96.854  -28.894 0.6999999881
1672  -28.470  -97.053  -28.327 0.5000000000
1673  -30.419  -97.080  -28.556 0.4000000060
1680  -24.312  -97.361  -29.114 0.4000000060
1681  -26.889  -96.811  -30.027 0.6000000238
1683  -29.535  -97.147  -29.635 0.5000000000
1693  -25.738  -97.057  -30.904 0.5000000000
1695  -26.883  -97.211  -30.155 0.6000000238
1701  -20.732  -97.951  -31.892 0.4000000060
1706  -25.966  -97.746  -30.913 0.6000000238
1713  -20.901  -97.766  -32.113 0.4000000060
1714  -21.441  -97.579  -32.291 0.4000000060
1717  -24.620  -97.642  -32.024 0.4000000060
1718  -25.191  -97.953  -31.765 0.6000000238
1719  -28.941  -97.018  -32.485 0.6999999881
1721  -30.096  -96.322  -31.867 0.2000000030
1723  -15.659  -97.198  -34.216 0.8999999762
1734  -15.966  -97.313  -34.719 0.8999999762
1737  -9.892  -97.143  -35.662 0.2000000030
1738  -10.170  -97.505  -35.310 0.1000000015
1739  -12.876  -96.885  -36.366 0.8000000119
1740  -13.181  -97.112  -36.090 0.8000000119
1741  -13.938  -97.294  -35.826 0.8000000119
1742  -14.850  -97.435  -35.798 0.8999999762
1745  -27.826  -97.295  -35.516 0.6999999881
1746  -9.709  -97.150  -36.327 0.1000000015
1747  -9.805  -97.559  -36.802 0.2000000030
1749  -13.473  -97.359  -36.752 0.8000000119
1753  -26.764  -97.961  -36.908 0.6999999881
1756  -9.622  -97.035  -37.093 0.2000000030
1762  -16.175  -96.753  -37.209 0.8999999762
1763  -26.869  -97.729  -37.484 0.6999999881
1765  -9.718  -96.824  -37.830 0.2000000030
1771  -16.450  -97.017  -39.216 0.8999999762
1773  -26.910  -97.251  -38.196 0.6999999881
1774  -27.254  -97.107  -38.001 0.6999999881
1775  -10.578  -97.200  -39.629 0.4000000060
1777  -13.092  -96.959  -40.020 0.6000000238
1778  -16.009  -97.811  -39.530 0.8999999762
1779  -16.759  -97.467  -39.721 0.8999999762
1780  -17.740  -97.143  -40.069 0.8999999762
1781  -18.319  -97.094  -40.198 0.8000000119
1782  -22.781  -96.998  -39.583 0.6000000238
1783  -23.664  -97.191  -39.461 0.6999999881
1787  -11.707  -97.267  -40.417 0.6999999881
1790  -17.042  -97.751  -40.066 0.8000000119
1798  -11.785  -96.865  -40.707 0.6000000238
1800  -12.771  -96.995  -40.838 0.6999999881
1801  -12.659  -95.438  0.241 0.2000000030
1802  -12.863  -95.442  0.297 0.1000000015
1803  -12.236  -95.835  -0.513 0.2000000030
1805  -13.075  -95.568  -0.020 0.2000000030
1806  -13.198  -95.655  -0.419 0.1000000015
1808  -13.398  -95.383  -0.251 0.1000000015
1809  -13.514  -95.542  -0.762 0.1000000015
1810  -11.000  -95.721  -2.057 0.2000000030
1813  -10.701  -95.972  -2.483 0.2000000030
1814  -11.055  -96.528  -2.650 0.2000000030
1815  -14.332  -95.955  -2.682 0.2000000030
1817  -9.122  -95.778  -4.024 0.3000000119
1820  -10.756  -96.622  -3.110 0.2000000030
1823  -17.158  -96.079  -4.615 0.3000000119
1827  -16.692  -96.544  -4.761 0.3000000119
1830  -19.579  -96.548  -5.330 0.3000000119
1833  -22.467  -96.089  -5.367 0.4000000060
1835  -10.106  -95.856  -4.805 0.3000000119
1837  -11.110  -96.444  -5.259 0.4000000060
1839  -20.347  -96.933  -5.627 0.3000000119
1843  -23.748  -96.038  -5.691 0.4000000060
1845  -10.932  -96.249  -5.402 0.4000000060
1847  -11.859  -96.480  -6.263 0.4000000060
1848  -22.056  -96.837  -6.474 0.4000000060
1850  -23.872  -96.275  -6.284 0.4000000060
1852  -25.624  -95.890  -6.625 0.4000000060
1854  -13.256  -96.707  -7.535 0.4000000060
1856  -15.795  -97.087  -7.599 0.4000000060
1868  -13.001  -96.179  -7.610 0.4000000060
1870  -14.508  -96.271  -8.231 0.4000000060
1879  -23.560  -96.254  -7.752 0.4000000060
1880  -25.968  -95.738  -7.621 0.3000000119
1884  -28.397  -95.399  -10.569 0.2000000030
1885  -7.891  -96.507  -11.617 0.8000000119
1886  -8.362  -96.701  -11.748 0.8999999762
1887  -8.731  -96.626  -11.929 1.0000000000
1888  -25.139  -96.556  -11.180 0.3000000119
1894  -6.955  -96.858  -11.810 0.8000000119
1897  -9.016  -96.724  -11.868 1.0000000000
1908  -27.940  -96.566  -11.750 0.2000000030
1912  -10.869  -96.195  -12.592 1.0000000000
1913  -16.759  -96.704  -12.710 0.6999999881
1926  -15.166  -96.634  -14.261 0.6999999881
1930  -18.309  -95.746  -12.907 0.6000000238
1940  -16.276  -96.137  -14.146 0.6999999881
1945  -5.893  -96.133  -15.727 0.2000000030
1948  -8.484  -96.837  -15.822 0.1000000015
1951  -14.496  -95.940  -15.467 0.6999999881
1966  -6.369  -96.768  -17.375 0.1000000015
1967  -7.425  -96.828  -17.251 0.1000000015
1976  -27.956  -97.207  -17.678 0.6000000238
1979  -30.342  -96.564  -17.798 0.6999999881
1981  -31.880  -96.107  -18.252 0.6999999881
1994  -22.396  -95.737  -18.241 0.2000000030
1996  -26.400  -96.868  -18.384 0.6000000238
1997  -27.438  -96.664  -17.961 0.6000000238
1998  -28.154  -96.729  -17.727 0.6000000238
2001  -5.326  -96.069  -19.791 0.2000000030
2013  -25.765  -96.502  -19.090 0.6000000238
2015  -27.429  -96.227  -18.401 0.6000000238
2016  -32.109  -96.628  -19.292 0.6999999881
2019  -5.532  -96.367  -20.130 0.1000000015
2026  -19.049  -96.209  -20.642 0.2000000030
2029  -25.491  -95.899  -19.971 0.5000000000
2033  -5.593  -96.093  -21.020 0.1000000015
2034  -5.676  -96.489  -20.862 0.1000000015
2043  -22.994  -96.390  -21.113 0.6000000238
2044  -32.528  -96.307  -21.247 0.6000000238
2046  -33.773  -95.560  -21.525 0.6000000238
2048  -6.290  -96.265  -22.233 0.1000000015
2055  -17.712  -97.127  -22.112 0.3000000119
2058  -22.196  -96.513  -21.977 0.5000000000
2071  -21.253  -96.309  -23.325 0.3000000119
2072  -27.701  -96.992  -23.509 0.5000000000
2075  -33.081  -95.801  -23.867 0.3000000119
2076  -33.506  -95.566  -23.261 0.4000000060
2085  -29.278  -95.995  -24.714 0.5000000000
2086  -32.483  -96.005  -24.966 0.5000000000
2094  -26.134  -96.158  -25.850 0.5000000000
2099  -33.195  -95.590  -25.386 0.4000000060
2113  -29.165  -96.049  -26.821 0.6000000238
2116  -33.058  -95.498  -26.308 0.2000000030
2131  -24.738  -96.490  -27.888 0.3000000119
2133  -27.948  -95.575  -27.736 0.5000000000
2135  -31.563  -96.384  -27.623 0.3000000119
2136  -31.889  -96.147  -27.414 0.2000000030
2137  -32.586  -95.518  -27.293 0.2000000030
2147  -24.127  -96.272  -28.799 0.4000000060
2148  -24.427  -96.656  -28.465 0.4000000060
2151  -31.569  -96.228  -28.110 0.3000000119
2153  -32.514  -95.329  -27.717 0.2000000030
2158  -23.817  -96.310  -29.180 0.4000000060
2161  -27.286  -96.257  -29.458 0.6000000238
2163  -31.090  -96.171  -29.295 0.3000000119
2172  -25.698  -96.603  -30.965 0.6000000238
2179  -23.427  -96.294  -31.738 0.6000000238
2187  -23.015  -96.587  -31.933 0.4000000060
2191  -29.448  -96.419  -32.703 0.4000000060
2196  -15.453  -96.713  -33.927 0.8999999762
2197  -16.200  -96.786  -33.797 0.8999999762
2199  -29.022  -96.497  -33.140 0.4000000060
2201  -30.119  -95.602  -33.175 0.3000000119
2204  -13.942  -96.457  -35.069 0.8999999762
2205  -14.378  -96.623  -34.728 0.8999999762
2208  -17.650  -96.087  -34.589 0.8999999762
2209  -18.179  -95.757  -34.823 0.8999999762
2211  -29.437  -95.746  -34.233 0.3000000119
2213  -12.991  -96.489  -36.044 0.8000000119
2215  -14.024  -96.890  -35.178 0.8000000119
2218  -18.040  -95.857  -35.388 0.8999999762
2221  -23.261  -96.150  -36.304 0.6000000238
2224  -9.557  -96.431  -36.689 0.1000000015
2225  -12.743  -96.616  -36.832 0.6999999881
2227  -17.131  -96.459  -36.663 0.8999999762
2232  -22.123  -96.341  -36.804 0.6000000238
2233  -22.982  -96.245  -36.909 0.6000000238
2239  -16.140  -96.741  -37.586 0.8999999762
2240  -16.616  -96.593  -37.510 0.8999999762
2247  -23.453  -96.115  -37.752 0.6000000238
2249  -27.682  -96.472  -37.348 0.5000000000
2252  -9.851  -96.166  -38.454 0.3000000119
2254  -13.218  -96.448  -39.115 0.6999999881
2255  -16.132  -96.754  -38.059 0.8999999762
2263  -23.828  -96.201  -38.561 0.6000000238
2265  -25.876  -96.271  -38.533 0.6000000238
2267  -27.286  -96.814  -38.005 0.5000000000
2269  -13.112  -96.922  -39.122 0.6999999881
2280  -25.144  -96.681  -38.946 0.6000000238
2281  -10.706  -96.496  -40.101 0.6000000238
2284  -13.937  -96.247  -40.561 0.6999999881
2285  -18.750  -97.161  -40.215 0.8999999762
2286  -19.480  -97.007  -40.132 0.8999999762
2287  -20.468  -96.887  -40.039 0.8000000119
2288  -21.404  -96.823  -39.892 0.6999999881
2289  -22.096  -96.849  -39.631 0.6999999881
2290  -11.881  -96.573  -40.971 0.6000000238
2291  -12.398  -96.457  -41.286 0.6000000238
2292  -13.214  -96.485  -41.352 0.6999999881
2294  -12.786  -96.138  -41.715 0.6000000238
2295  -13.247  -96.058  -41.925 0.6999999881
2296  -12.275  -95.157  0.470 0.2000000030
2297  -12.555  -95.268  0.450 0.2000000030
2300  -12.146  -95.387  -0.003 0.2000000030
2310  -8.677  -94.976  -3.136 0.2000000030
2311  -8.992  -95.302  -3.046 0.2000000030
2312  -9.773  -95.650  -2.794 0.2000000030
2315  -8.135  -94.477  -3.835 0.1000000015
2318  -9.690  -96.030  -3.333 0.2000000030
2319  -14.654  -95.142  -3.089 0.2000000030
2322  -17.311  -95.633  -4.432 0.3000000119
2326  -8.958  -95.364  -4.253 0.3000000119
2327  -9.352  -95.628  -4.337 0.3000000119
2329  -17.988  -95.931  -4.722 0.3000000119
2332  -21.137  -95.747  -5.156 0.3000000119
2334  -22.973  -95.580  -5.256 0.4000000060
2336  -8.433  -94.240  -4.396 0.3000000119
2342  -23.325  -95.869  -5.489 0.4000000060
2343  -23.938  -95.523  -5.458 0.4000000060
2345  -25.760  -95.186  -5.919 0.4000000060
2346  -10.889  -96.140  -5.510 0.4000000060
2347  -11.235  -96.088  -5.901 0.4000000060
2349  -25.521  -95.818  -6.241 0.4000000060
2351  -26.726  -95.083  -6.980 0.3000000119
2355  -25.064  -95.766  -7.839 0.3000000119
2359  -13.193  -95.586  -7.882 0.4000000060
2364  -17.416  -95.668  -8.456 0.6000000238
2365  -18.492  -95.794  -8.512 0.6000000238
2366  -19.534  -95.905  -8.633 0.5000000000
2379  -15.790  -94.767  -9.664 0.6000000238
2387  -23.584  -95.334  -8.881 0.3000000119
2391  -28.538  -95.017  -10.188 0.2000000030
2394  -7.914  -96.188  -11.705 0.8000000119
2395  -8.234  -96.238  -11.823 0.8999999762
2398  -15.522  -94.547  -10.118 0.6000000238
2403  -29.323  -94.424  -10.887 0.1000000015
2404  -6.974  -96.566  -11.808 0.8000000119
2405  -7.438  -96.208  -11.727 0.8000000119
2406  -8.069  -95.876  -11.838 0.6999999881
2407  -8.816  -96.060  -11.836 0.8999999762
2411  -25.376  -95.085  -11.026 0.3000000119
2414  -6.810  -96.215  -12.232 0.6999999881
2418  -11.103  -95.175  -12.456 1.0000000000
2429  -7.315  -95.335  -12.960 0.8000000119
2450  -5.597  -95.597  -15.802 0.5000000000
2451  -13.852  -95.290  -15.613 0.6999999881
2452  -14.692  -95.272  -15.944 0.8000000119
2453  -15.732  -95.322  -15.766 0.6999999881
2454  -16.623  -95.179  -15.385 0.6999999881
2458  -5.584  -95.644  -16.703 0.4000000060
2460  -15.266  -95.017  -16.111 0.6999999881
2468  -29.131  -96.558  -17.693 0.6000000238
2469  -29.635  -96.236  -17.746 0.6000000238
2471  -31.380  -95.488  -17.956 0.6999999881
2472  -32.150  -95.386  -18.167 0.6999999881
2473  -32.665  -95.252  -18.405 0.6000000238
2478  -21.968  -95.253  -18.858 0.2000000030
2484  -31.319  -94.801  -18.195 0.6000000238
2486  -33.642  -94.762  -19.193 0.5000000000
2500  -29.565  -95.149  -18.978 0.4000000060
2513  -25.915  -95.460  -20.389 0.5000000000
2515  -27.433  -95.480  -19.743 0.4000000060
2517  -33.367  -95.789  -20.251 0.6000000238
2519  -34.816  -94.628  -20.999 0.3000000119
2520  -5.430  -95.392  -21.161 0.2000000030
2525  -18.624  -95.986  -22.000 0.2000000030
2527  -22.795  -95.796  -21.433 0.5000000000
2529  -24.174  -95.192  -20.937 0.5000000000
2543  -34.851  -94.729  -22.403 0.3000000119
2551  -18.709  -96.028  -22.762 0.2000000030
2563  -27.169  -96.049  -24.899 0.5000000000
2564  -27.926  -95.865  -24.798 0.5000000000
2565  -28.277  -95.842  -24.842 0.5000000000
2567  -34.638  -94.741  -24.383 0.2000000030
2568  -35.128  -94.356  -24.472 0.2000000030
2581  -34.857  -94.459  -24.818 0.2000000030
2591  -33.543  -95.156  -26.317 0.2000000030
2602  -24.729  -95.841  -27.722 0.5000000000
2603  -25.088  -95.541  -27.242 0.5000000000
2617  -24.002  -95.900  -28.956 0.5000000000
2619  -27.449  -95.018  -28.521 0.6000000238
2631  -26.806  -95.349  -29.733 0.5000000000
2640  -22.906  -96.007  -31.047 0.4000000060
2645  -30.916  -95.008  -30.614 0.2000000030
2651  -23.195  -95.966  -31.270 0.4000000060
2653  -24.700  -95.833  -31.368 0.4000000060
2655  -30.889  -94.680  -30.751 0.2000000030
2659  -17.475  -94.788  -33.013 0.8999999762
2662  -30.578  -95.389  -32.608 0.3000000119
2663  -30.824  -95.033  -32.412 0.3000000119
2667  -16.373  -95.912  -33.532 0.8999999762
2672  -30.046  -95.465  -33.519 0.3000000119
2677  -13.739  -96.183  -35.223 0.8000000119
2679  -14.923  -96.090  -34.186 0.8999999762
2685  -22.733  -95.324  -34.411 0.6000000238
2687  -24.817  -94.652  -34.575 0.4000000060
2689  -29.893  -95.222  -34.205 0.2000000030
2690  -30.372  -94.669  -34.049 0.2000000030
2693  -13.562  -95.728  -35.669 0.8000000119
2694  -14.144  -95.530  -35.226 0.8999999762
2695  -18.677  -95.665  -35.132 0.8999999762
2702  -25.519  -94.717  -35.201 0.5000000000
2707  -13.242  -95.211  -36.718 0.8000000119
2709  -18.890  -95.692  -35.925 0.6999999881
2710  -19.666  -95.736  -36.031 0.6000000238
2711  -20.406  -95.893  -35.996 0.6000000238
2715  -26.441  -94.837  -36.733 0.5000000000
2719  -9.521  -95.874  -37.202 0.3000000119
2721  -13.036  -95.315  -37.801 0.6999999881
2722  -23.943  -95.850  -37.562 0.6000000238
2727  -28.189  -95.877  -36.807 0.4000000060
2728  -9.665  -95.553  -37.838 0.3000000119
2730  -12.860  -96.234  -38.274 0.6999999881
2732  -25.085  -95.554  -37.890 0.6000000238
2736  -10.134  -95.456  -39.055 0.3000000119
2737  -13.536  -96.119  -39.577 0.6999999881
2741  -13.875  -96.093  -40.176 0.6999999881
2744  -11.803  -95.825  -41.208 0.6000000238
2748  -15.208  -95.198  -41.563 0.8999999762
2750  -12.262  -95.470  -41.701 0.6000000238
2751  -12.785  -95.545  -41.985 0.6999999881
2754  -15.499  -94.817  -42.080 0.8999999762
2755  -15.869  -94.786  -41.949 0.8999999762
2763  -13.873  -94.015  0.936 0.1000000015
2765  -13.904  -94.049  0.186 0.1000000015
2767  -11.194  -94.479  -1.122 0.1000000015
2772  -10.747  -94.834  -1.835 0.2000000030
2775  -8.365  -94.475  -3.050 0.1000000015
2777  -9.283  -95.010  -2.640 0.2000000030
2779  -7.410  -93.689  -3.905 0.1000000015
2787  -18.533  -95.024  -4.284 0.1000000015
2788  -7.397  -93.620  -4.152 0.1000000015
2790  -8.845  -93.718  -4.697 0.3000000119
2791  -9.087  -93.846  -4.620 0.3000000119
2798  -20.301  -95.278  -4.902 0.2000000030
2800  -22.462  -95.169  -5.012 0.4000000060
2801  -23.240  -95.102  -5.067 0.4000000060
2802  -23.810  -95.107  -5.162 0.4000000060
2803  -7.442  -93.535  -4.418 0.2000000030
2804  -7.979  -93.730  -4.550 0.3000000119
2806  -9.251  -94.532  -4.538 0.3000000119
2807  -10.031  -94.889  -4.718 0.3000000119
2809  -11.857  -94.807  -5.659 0.4000000060
2815  -26.026  -94.916  -6.094 0.3000000119
2819  -27.112  -94.573  -7.247 0.3000000119
2821  -13.265  -94.025  -8.014 0.5000000000
2828  -25.405  -95.429  -8.652 0.3000000119
2831  -14.087  -94.215  -9.745 0.5000000000
2832  -14.482  -94.341  -9.984 0.5000000000
2833  -16.177  -94.425  -10.173 0.6000000238
2842  -24.839  -94.872  -9.226 0.3000000119
2845  -29.302  -94.079  -10.610 0.1000000015
2849  -16.644  -94.051  -10.538 0.6000000238
2851  -22.015  -93.845  -10.295 0.4000000060
2856  -29.523  -94.094  -11.005 0.1000000015
2857  -8.558  -95.485  -11.993 0.6999999881
2859  -9.890  -94.933  -11.796 1.0000000000
2860  -14.736  -93.637  -11.239 0.6000000238
2863  -24.255  -93.957  -11.288 0.4000000060
2868  -8.515  -94.854  -12.397 1.0000000000
2869  -9.544  -94.286  -12.394 1.0000000000
2877  -24.452  -94.323  -11.444 0.4000000060
2882  -8.822  -94.159  -13.274 0.8999999762
2884  -11.887  -94.196  -12.985 0.8999999762
2888  -20.527  -93.741  -13.071 0.5000000000
2892  -5.752  -94.779  -15.210 0.5000000000
2894  -7.196  -94.509  -14.345 0.8000000119
2898  -18.198  -94.511  -15.211 0.6999999881
2900  -19.434  -93.783  -14.114 0.5000000000
2910  -13.533  -94.605  -15.380 0.8000000119
2913  -16.294  -94.770  -16.000 0.6999999881
2920  -5.742  -94.655  -16.447 0.6000000238
2922  -14.760  -94.369  -16.267 0.8000000119
2923  -15.598  -94.520  -16.331 0.6999999881
2925  -17.185  -93.548  -16.507 0.8000000119
2928  -5.641  -95.130  -17.122 0.5000000000
2935  -32.925  -94.774  -18.517 0.6000000238
2940  -22.507  -94.124  -18.532 0.2000000030
2946  -33.381  -94.434  -18.899 0.5000000000
2947  -33.951  -94.248  -19.276 0.5000000000
2951  -7.025  -94.132  -19.459 0.6000000238
2958  -28.978  -94.957  -19.842 0.4000000060
2959  -29.596  -94.761  -19.531 0.4000000060
2960  -30.558  -94.240  -19.461 0.4000000060
2961  -31.149  -94.160  -19.044 0.5000000000
2962  -34.473  -94.100  -19.857 0.3000000119
2965  -5.460  -94.710  -20.342 0.3000000119
2980  -34.460  -94.560  -20.145 0.5000000000
2989  -24.584  -94.714  -21.401 0.4000000060
2994  -29.334  -94.053  -20.984 0.3000000119
2996  -35.804  -93.687  -21.884 0.2000000030
2997  -5.435  -94.841  -21.646 0.3000000119
3006  -26.028  -94.276  -22.296 0.5000000000
3008  -27.564  -94.150  -21.907 0.5000000000
3009  -35.631  -93.898  -22.625 0.1000000015
3011  -6.061  -94.641  -23.052 0.1000000015
3021  -35.756  -93.690  -23.554 0.1000000015
3022  -35.975  -93.391  -23.786 0.2000000030
3029  -35.843  -93.500  -23.996 0.2000000030
3031  -6.523  -94.188  -25.582 0.1000000015
3037  -34.751  -94.185  -25.396 0.2000000030
3045  -25.869  -94.662  -27.319 0.5000000000
3046  -26.417  -94.707  -27.140 0.4000000060
3047  -27.116  -94.825  -26.873 0.3000000119
3048  -27.688  -94.965  -26.725 0.4000000060
3050  -34.955  -93.886  -25.393 0.2000000030
3063  -25.281  -94.731  -27.630 0.5000000000
3066  -27.483  -94.825  -27.152 0.3000000119
3067  -33.122  -94.589  -27.138 0.2000000030
3079  -24.656  -94.824  -28.399 0.6000000238
3081  -26.293  -94.327  -28.587 0.3000000119
3092  -24.102  -94.981  -29.728 0.5000000000
3093  -24.550  -94.629  -29.356 0.6000000238
3095  -26.533  -94.575  -29.343 0.5000000000
3096  -27.099  -94.914  -29.119 0.5000000000
3102  -23.855  -95.136  -29.958 0.5000000000
3105  -26.047  -94.820  -30.159 0.5000000000
3106  -31.123  -94.533  -29.935 0.2000000030
3109  -30.983  -94.238  -31.431 0.2000000030
3110  -30.936  -94.403  -30.736 0.2000000030
3114  -17.667  -94.362  -32.869 0.8999999762
3115  -18.300  -94.426  -32.555 0.6999999881
3116  -19.215  -94.673  -32.609 0.6000000238
3122  -15.660  -95.641  -33.763 0.8999999762
3125  -19.724  -94.970  -33.111 0.6000000238
3127  -21.095  -94.254  -33.694 0.5000000000
3128  -30.659  -94.436  -33.658 0.2000000030
3129  -30.928  -93.843  -33.604 0.2000000030
3139  -24.081  -94.224  -34.326 0.4000000060
3140  -24.987  -93.925  -34.415 0.4000000060
3142  -26.354  -93.609  -35.110 0.4000000060
3146  -10.164  -94.156  -35.430 0.1000000015
3147  -13.755  -95.077  -36.105 0.8999999762
3151  -26.166  -94.208  -35.226 0.4000000060
3153  -27.652  -93.507  -35.898 0.4000000060
3154  -30.109  -94.393  -35.425 0.2000000030
3156  -30.945  -93.473  -35.140 0.2000000030
3161  -15.225  -94.051  -36.622 0.8000000119
3162  -26.020  -94.581  -35.697 0.5000000000
3173  -27.528  -94.772  -36.695 0.4000000060
3174  -9.776  -94.788  -37.959 0.2000000030
3177  -14.062  -94.266  -38.330 0.8000000119
3178  -10.341  -94.603  -39.462 0.3000000119
3179  -13.682  -95.380  -39.272 0.6999999881
3183  -17.125  -94.182  -39.618 0.8999999762
3187  -15.417  -94.936  -40.725 0.8000000119
3190  -12.027  -94.907  -41.481 0.6000000238
3192  -15.615  -95.023  -41.392 0.8999999762
3199  -14.714  -94.264  -42.566 0.6999999881
3203  -17.815  -93.569  -42.873 1.0000000000
3204  -14.528  -93.809  -42.698 0.6999999881
3205  -15.069  -93.780  -42.802 0.6000000238
3207  -16.490  -93.805  -43.071 0.8999999762
3208  -17.163  -93.506  -43.038 0.8999999762
3275  -13.943  -93.622  -0.433 0.1000000015
3282  -6.519  -92.672  -1.399 0.1000000015
3294  -8.312  -94.005  -2.627 0.1000000015
3297  -7.149  -93.506  -3.403 0.1000000015
3301  -16.057  -93.954  -4.033 0.1000000015
3304  -8.907  -93.448  -4.849 0.3000000119
3305  -9.412  -93.382  -4.785 0.3000000119
3306  -10.081  -93.557  -4.652 0.3000000119
3307  -10.836  -93.745  -4.728 0.3000000119
3308  -15.771  -93.034  -4.164 0.2000000030
3315  -6.391  -92.647  -5.482 0.4000000060
3319  -9.104  -93.053  -5.164 0.3000000119
3322  -18.363  -92.972  -5.072 0.1000000015
3327  -23.229  -94.057  -5.540 0.4000000060
3330  -6.440  -92.527  -5.784 0.4000000060
3332  -7.331  -92.966  -6.152 0.4000000060
3335  -13.119  -93.365  -6.798 0.4000000060
3338  -23.600  -93.575  -6.100 0.4000000060
3343  -6.917  -92.714  -6.616 0.4000000060
3345  -8.108  -92.703  -7.380 0.4000000060
3346  -12.996  -93.841  -7.139 0.4000000060
3352  -27.859  -93.774  -8.797 0.2000000030
3353  -7.796  -92.601  -7.460 0.4000000060
3354  -8.043  -92.604  -7.620 0.4000000060
3357  -28.718  -93.797  -10.042 0.2000000030
3358  -13.705  -93.522  -9.147 0.5000000000
3359  -17.678  -93.972  -10.131 0.6000000238
3368  -16.953  -93.574  -11.110 0.6000000238
3369  -17.631  -93.585  -10.616 0.6000000238
3370  -18.626  -93.189  -10.558 0.5000000000
3371  -19.605  -93.074  -10.448 0.5000000000
3372  -20.600  -93.105  -10.508 0.5000000000
3375  -23.925  -93.857  -10.651 0.4000000060
3376  -24.418  -94.048  -10.716 0.4000000060
3378  -14.933  -93.190  -11.983 0.6000000238
3379  -15.903  -93.386  -11.912 0.6000000238
3383  -22.059  -93.024  -11.435 0.5000000000
3385  -23.705  -93.640  -11.283 0.5000000000
3388  -9.761  -93.786  -12.976 1.0000000000
3390  -10.882  -93.964  -12.500 1.0000000000
3391  -15.280  -92.684  -12.389 0.6000000238
3393  -16.627  -92.807  -12.313 0.6000000238
3395  -20.863  -93.347  -12.909 0.5000000000
3397  -22.531  -93.426  -12.231 0.5000000000
3401  -9.354  -93.760  -13.528 1.0000000000
3409  -8.882  -93.853  -14.032 0.8999999762
3422  -8.496  -93.728  -15.234 0.8000000119
3424  -10.154  -92.796  -15.143 0.8999999762
3429  -24.730  -94.082  -15.787 0.2000000030
3439  -15.091  -93.489  -16.531 0.8000000119
3455  -7.529  -93.922  -19.301 0.8000000119
3459  -23.014  -93.461  -17.699 0.2000000030
3460  -32.028  -93.796  -19.207 0.5000000000
3461  -32.614  -93.806  -19.025 0.5000000000
3462  -33.357  -93.891  -18.963 0.5000000000
3465  -5.715  -93.576  -20.576 0.6999999881
3467  -7.101  -93.924  -20.139 0.6000000238
3469  -8.793  -93.170  -19.705 0.8999999762
3473  -21.395  -93.524  -19.349 0.2000000030
3475  -30.849  -93.963  -19.786 0.5000000000
3481  -5.246  -93.567  -20.844 0.5000000000
3484  -7.605  -93.413  -20.889 0.8999999762
3485  -8.206  -93.258  -20.800 0.8999999762
3490  -19.776  -93.895  -21.196 0.2000000030
3495  -32.240  -93.142  -20.469 0.4000000060
3503  -19.428  -93.762  -21.905 0.2000000030
3513  -32.366  -92.932  -20.839 0.1000000015
3514  -35.714  -93.561  -21.401 0.2000000030
3515  -36.152  -93.275  -21.784 0.2000000030
3522  -19.390  -93.666  -22.463 0.2000000030
3533  -36.121  -93.463  -22.764 0.1000000015
3535  -37.025  -92.635  -22.759 0.1000000015
3536  -5.177  -93.365  -22.887 0.5000000000
3539  -7.062  -92.927  -23.768 0.2000000030
3545  -19.500  -93.623  -22.950 0.2000000030
3546  -20.022  -93.554  -23.456 0.3000000119
3547  -20.818  -93.483  -23.633 0.4000000060
3548  -25.725  -93.030  -23.748 0.3000000119
3550  -27.469  -93.264  -23.224 0.4000000060
3555  -7.195  -93.273  -24.170 0.1000000015
3556  -7.227  -92.780  -23.872 0.3000000119
3561  -35.746  -93.466  -24.532 0.2000000030
3563  -36.657  -92.775  -24.045 0.1000000015
3564  -6.037  -93.414  -25.756 0.1000000015
3570  -36.020  -92.992  -24.782 0.2000000030
3581  -33.570  -93.600  -26.514 0.2000000030
3596  -32.803  -93.820  -27.262 0.2000000030
3597  -33.237  -93.893  -26.978 0.2000000030
3598  -33.645  -93.935  -26.509 0.2000000030
3612  -31.519  -93.437  -28.243 0.2000000030
3621  -30.558  -92.870  -29.052 0.2000000030
3622  -30.994  -93.444  -29.181 0.2000000030
3642  -17.442  -93.949  -33.113 0.8999999762
3668  -26.137  -93.151  -34.861 0.4000000060
3669  -26.742  -93.190  -35.365 0.4000000060
3673  -16.136  -93.837  -35.959 0.8999999762
3675  -17.060  -93.104  -35.232 0.8999999762
3676  -20.995  -93.054  -35.388 0.4000000060
3680  -24.676  -92.901  -35.187 0.4000000060
3681  -27.344  -93.183  -35.721 0.4000000060
3684  -31.177  -93.090  -35.285 0.2000000030
3699  -31.074  -92.798  -35.986 0.2000000030
3702  -14.809  -93.898  -37.697 0.8999999762
3703  -15.231  -93.871  -37.401 0.8000000119
3706  -21.648  -92.917  -37.190 0.4000000060
3707  -22.021  -93.249  -37.348 0.4000000060
3710  -9.743  -94.375  -37.489 0.1000000015
3720  -24.197  -93.107  -38.936 0.2000000030
3722  -29.642  -93.081  -39.173 0.2000000030
3725  -15.304  -93.944  -39.072 0.8999999762
3728  -17.665  -93.903  -39.521 1.0000000000
3729  -18.375  -93.432  -39.788 1.0000000000
3733  -26.603  -92.906  -39.963 0.2000000030
3735  -28.200  -93.035  -39.754 0.3000000119
3736  -28.978  -93.134  -39.478 0.1000000015
3737  -29.677  -92.893  -39.695 0.2000000030
3738  -29.898  -92.799  -39.627 0.2000000030
3740  -11.026  -93.765  -40.553 0.2000000030
3741  -18.041  -94.018  -40.579 1.0000000000
3743  -19.075  -93.063  -40.461 1.0000000000
3745  -24.225  -93.116  -40.755 0.2000000030
3748  -27.038  -92.980  -40.535 0.1000000015
3750  -28.669  -92.896  -40.144 0.1000000015
3755  -18.475  -93.785  -41.448 1.0000000000
3756  -19.134  -93.119  -40.992 1.0000000000
3759  -24.868  -93.095  -41.501 0.2000000030
3761  -26.689  -92.805  -41.140 0.1000000015
3765  -18.640  -93.288  -42.521 1.0000000000
3767  -23.575  -92.503  -42.263 0.2000000030
3770  -25.349  -92.801  -41.930 0.1000000015
3771  -14.740  -93.373  -42.930 0.6000000238
3773  -15.973  -93.330  -43.524 0.8999999762
3774  -16.632  -93.201  -43.373 1.0000000000
3775  -17.275  -93.056  -43.253 1.0000000000
3776  -18.047  -92.954  -43.198 1.0000000000
3778  -16.197  -92.677  -43.773 1.0000000000
3780  -17.429  -92.568  -43.382 1.0000000000
3781  -17.903  -92.426  -43.314 1.0000000000
3829  -15.748  -92.858  1.154 0.1000000015
3837  -15.464  -92.627  0.622 0.1000000015
3868  -4.948  -91.984  -2.729 0.1000000015
3870  -5.919  -92.738  -2.483 0.2000000030
3871  -14.145  -92.732  -2.360 0.1000000015
3876  -4.985  -91.924  -3.085 0.1000000015
3880  -5.184  -91.845  -3.649 0.3000000119
3883  -9.811  -92.868  -4.965 0.3000000119
3889  -5.901  -92.286  -5.285 0.4000000060
3890  -8.792  -92.819  -6.342 0.3000000119
3891  -9.381  -92.686  -5.718 0.3000000119
3892  -10.389  -92.339  -5.478 0.6000000238
3893  -11.270  -92.835  -4.975 0.4000000060
3901  -6.606  -92.310  -6.450 0.4000000060
3904  -9.938  -92.325  -6.457 0.4000000060
3906  -13.406  -92.612  -6.841 0.4000000060
3907  -19.560  -92.203  -6.174 0.1000000015
3914  -7.510  -92.372  -7.447 0.4000000060
3915  -8.623  -92.608  -7.695 0.4000000060
3916  -9.188  -92.590  -7.581 0.5000000000
3917  -9.750  -92.436  -7.255 0.4000000060
3918  -13.794  -92.546  -7.723 0.6000000238
3927  -7.897  -92.437  -7.649 0.4000000060
3928  -8.249  -92.418  -7.901 0.5000000000
3931  -13.818  -92.765  -8.573 0.6000000238
3932  -14.203  -92.134  -8.733 0.6000000238
3937  -28.459  -93.447  -9.932 0.1000000015
3940  -28.855  -93.409  -10.396 0.1000000015
3943  -5.657  -92.293  -11.206 1.0000000000
3944  -13.903  -92.598  -9.913 0.6000000238
3946  -18.593  -92.781  -11.034 0.5000000000
3953  -5.829  -92.408  -11.811 1.0000000000
3955  -14.389  -92.317  -11.686 0.6000000238
3964  -5.765  -92.478  -12.784 1.0000000000
3965  -6.352  -92.283  -12.978 1.0000000000
3967  -15.566  -92.268  -12.688 0.6000000238
3973  -21.922  -92.939  -12.173 0.5000000000
3974  -22.378  -93.024  -11.996 0.5000000000
3976  -4.537  -92.315  -13.722 1.0000000000
3981  -12.116  -92.999  -13.673 0.8999999762
3986  -20.427  -92.804  -12.990 0.5000000000
3992  -10.606  -92.620  -14.834 0.8999999762
3994  -12.070  -92.550  -14.136 0.8999999762
3996  -17.950  -91.706  -14.631 0.6000000238
4000  -3.832  -91.668  -15.478 0.8999999762
4001  -4.100  -91.934  -15.528 0.8999999762
4002  -4.632  -92.246  -15.532 0.8999999762
4005  -10.247  -92.475  -15.666 0.8000000119
4015  -3.874  -91.575  -16.137 0.8999999762
4019  -10.001  -92.337  -16.402 1.0000000000
4021  -11.169  -91.521  -16.046 1.0000000000
4024  -16.600  -91.995  -17.055 0.8000000119
4026  -23.722  -92.999  -16.833 0.2000000030
4039  -10.680  -91.530  -17.546 1.0000000000
4053  -9.604  -92.298  -18.554 1.0000000000
4054  -10.209  -91.705  -18.499 1.0000000000
4066  -9.399  -92.265  -19.853 0.8999999762
4072  -32.940  -92.994  -19.973 0.4000000060
4075  -4.380  -92.122  -20.544 0.6000000238
4076  -4.808  -92.675  -20.820 0.6000000238
4077  -6.725  -92.792  -20.787 0.8999999762
4078  -7.254  -92.698  -21.067 1.0000000000
4079  -8.127  -92.626  -21.155 1.0000000000
4080  -8.883  -92.247  -20.854 0.8999999762
4086  -32.656  -92.890  -20.531 0.4000000060
4087  -33.260  -92.644  -20.468 0.3000000119
4088  -34.141  -92.464  -20.402 0.2000000030
4089  -35.030  -92.757  -20.570 0.2000000030
4090  -35.674  -92.897  -21.069 0.1000000015
4093  -7.982  -92.101  -21.266 1.0000000000
4099  -19.851  -92.276  -21.035 0.2000000030
4100  -31.344  -92.967  -21.746 0.1000000015
4101  -31.721  -92.822  -21.653 0.1000000015
4104  -34.135  -91.981  -20.932 0.2000000030
4107  -37.117  -92.080  -22.148 0.1000000015
4108  -4.835  -92.619  -22.486 0.5000000000
4110  -6.212  -91.794  -23.043 0.4000000060
4117  -19.914  -92.229  -22.754 0.2000000030
4124  -30.186  -92.683  -22.427 0.1000000015
4127  -32.700  -92.119  -21.813 0.1000000015
4128  -36.970  -92.497  -22.341 0.1000000015
4131  -5.203  -92.940  -23.067 0.5000000000
4132  -5.998  -92.674  -23.291 0.2000000030
4139  -20.400  -92.662  -23.336 0.4000000060
4155  -25.834  -91.756  -24.475 0.1000000015
4157  -26.962  -92.373  -24.351 0.1000000015
4160  -37.033  -92.496  -24.239 0.1000000015
4170  -36.470  -92.556  -24.790 0.1000000015
4182  -33.340  -93.092  -26.567 0.2000000030
4183  -33.805  -92.914  -26.289 0.2000000030
4196  -32.720  -92.810  -26.942 0.2000000030
4207  -30.781  -92.170  -28.697 0.2000000030
4215  -29.887  -91.733  -29.893 0.2000000030
4223  -30.168  -92.533  -30.335 0.2000000030
4233  -29.751  -91.698  -30.858 0.2000000030
4234  -30.028  -92.123  -31.119 0.2000000030
4244  -18.522  -93.058  -32.608 0.6999999881
4256  -17.591  -92.822  -33.708 0.8999999762
4257  -18.013  -92.680  -33.163 0.6999999881
4267  -17.425  -92.621  -34.570 0.8999999762
4269  -25.258  -92.731  -35.108 0.4000000060
4270  -25.804  -92.692  -35.152 0.4000000060
4279  -26.312  -92.452  -35.831 0.4000000060
4281  -27.609  -92.938  -35.977 0.4000000060
4287  -18.243  -92.102  -36.924 0.8000000119
4288  -20.809  -92.426  -35.976 0.4000000060
4296  -30.783  -92.519  -36.670 0.2000000030
4302  -18.311  -92.428  -37.456 0.8000000119
4303  -21.573  -92.571  -37.495 0.4000000060
4304  -25.033  -92.724  -37.792 0.4000000060
4311  -30.994  -92.150  -37.042 0.2000000030
4314  -17.810  -93.337  -37.847 1.0000000000
4315  -18.300  -93.042  -38.188 1.0000000000
4316  -21.777  -92.713  -38.185 0.4000000060
4317  -21.978  -92.850  -38.864 0.3000000119
4319  -25.477  -92.571  -38.487 0.2000000030
4323  -29.407  -92.898  -38.519 0.3000000119
4324  -30.017  -92.659  -38.790 0.2000000030
4328  -19.111  -92.507  -39.647 0.8999999762
4331  -25.996  -92.625  -39.387 0.2000000030
4335  -29.740  -92.521  -39.851 0.1000000015
4336  -29.975  -92.554  -39.497 0.2000000030
4340  -19.292  -92.530  -40.378 1.0000000000
4342  -25.502  -92.862  -40.029 0.2000000030
4344  -27.700  -92.574  -40.832 0.1000000015
4349  -11.988  -92.575  -41.459 0.5000000000
4352  -25.709  -92.536  -41.811 0.1000000015
4355  -28.006  -91.992  -41.076 0.1000000015
4361  -23.216  -92.209  -42.026 0.2000000030
4363  -24.522  -92.347  -42.723 0.1000000015
4366  -27.116  -91.863  -41.636 0.1000000015
4367  -14.603  -92.861  -43.145 0.8000000119
4369  -18.447  -92.177  -43.182 1.0000000000
4370  -19.040  -92.203  -42.950 0.8999999762
4371  -24.117  -91.761  -43.478 0.1000000015
4373  -24.922  -91.909  -42.959 0.1000000015
4374  -15.798  -92.061  -44.212 0.8999999762
4375  -16.468  -92.049  -44.011 1.0000000000
4377  -17.587  -92.140  -43.445 1.0000000000
4378  -17.969  -92.163  -43.331 1.0000000000
4425  -15.488  -91.931  -0.602 0.1000000015
4446  -4.727  -91.512  -2.484 0.1000000015
4447  -4.986  -91.966  -2.291 0.1000000015
4458  -5.079  -90.665  -3.765 0.2000000030
4466  -5.274  -91.578  -3.893 0.2000000030
4470  -16.942  -92.074  -4.892 0.2000000030
4472  -6.355  -91.273  -5.656 0.4000000060
4473  -10.807  -91.997  -5.856 0.6000000238
4475  -11.717  -92.418  -5.364 0.5000000000
4478  -17.964  -91.737  -5.695 0.1000000015
4480  -6.052  -91.968  -5.657 0.4000000060
4484  -11.071  -91.624  -6.251 0.6000000238
4485  -12.117  -91.877  -5.810 0.5000000000
4492  -21.958  -91.868  -7.268 0.1000000015
4493  -6.738  -91.936  -6.776 0.4000000060
4494  -7.316  -91.679  -7.262 0.4000000060
4495  -7.907  -91.393  -7.791 0.4000000060
4497  -11.061  -91.203  -7.266 0.6000000238
4500  -20.940  -91.232  -7.184 0.1000000015
4502  -22.421  -91.515  -7.611 0.2000000030
4519  -3.871  -91.036  -9.735 1.0000000000
4522  -6.134  -91.341  -10.287 0.8999999762
4523  -10.350  -91.019  -9.140 0.6000000238
4524  -10.901  -90.928  -8.832 0.6000000238
4525  -11.103  -90.785  -8.692 0.6000000238
4526  -14.571  -91.266  -9.998 0.6000000238
4533  -4.925  -92.115  -10.562 1.0000000000
4534  -5.899  -91.982  -10.737 1.0000000000
4536  -14.414  -91.508  -11.040 0.6000000238
4542  -6.066  -92.202  -11.276 1.0000000000
4543  -6.829  -91.867  -11.482 0.8999999762
4546  -15.084  -90.998  -12.091 0.6000000238
4549  -3.862  -91.438  -12.613 1.0000000000
4550  -4.214  -91.966  -12.237 1.0000000000
4552  -7.606  -91.534  -12.280 0.8999999762
4553  -8.034  -91.090  -12.299 0.8000000119
4554  -14.757  -91.911  -12.199 0.6000000238
4560  -4.142  -92.033  -13.072 0.8999999762
4561  -6.676  -92.043  -13.580 0.8999999762
4562  -7.442  -91.638  -13.297 0.8999999762
4564  -15.764  -91.242  -12.941 0.6000000238
4569  -3.934  -91.980  -14.010 0.8999999762
4570  -6.155  -92.092  -14.484 1.0000000000
4573  -11.658  -92.062  -14.739 1.0000000000
4580  -3.526  -91.204  -15.385 0.8000000119
4588  -17.668  -91.357  -15.821 0.6999999881
4589  -17.939  -91.816  -15.592 0.6000000238
4596  -12.501  -90.567  -16.140 0.8999999762
4599  -16.815  -91.115  -16.854 0.8000000119
4600  -17.286  -91.114  -16.565 0.6999999881
4606  -7.852  -90.759  -17.853 0.8999999762
4610  -23.475  -91.317  -17.719 0.2000000030
4618  -7.650  -91.017  -18.803 1.0000000000
4620  -11.494  -90.714  -18.093 1.0000000000
4623  -22.962  -91.118  -17.958 0.2000000030
4625  -25.496  -91.201  -18.540 0.1000000015
4634  -8.336  -91.010  -20.378 0.8999999762
4636  -10.156  -91.344  -19.638 0.8999999762
4647  -6.859  -92.397  -20.669 1.0000000000
4648  -7.421  -91.958  -20.828 1.0000000000
4649  -8.234  -91.634  -21.028 1.0000000000
4650  -9.244  -91.483  -20.627 0.8999999762
4651  -9.771  -91.109  -20.301 0.8999999762
4658  -35.217  -92.086  -20.949 0.2000000030
4660  -4.976  -91.109  -22.039 0.6000000238
4661  -5.728  -90.866  -21.982 0.5000000000
4662  -7.780  -91.928  -21.194 1.0000000000
4663  -8.010  -91.860  -21.242 1.0000000000
4676  -37.439  -91.578  -22.377 0.1000000015
4677  -4.912  -91.772  -22.448 0.5000000000
4679  -6.455  -91.014  -22.418 0.5000000000
4680  -7.158  -90.798  -22.791 0.3000000119
4694  -34.947  -91.112  -21.948 0.1000000015
4699  -7.347  -91.360  -23.434 0.3000000119
4705  -23.899  -90.280  -23.201 0.1000000015
4707  -24.945  -91.624  -24.016 0.2000000030
4708  -28.976  -91.724  -24.036 0.2000000030
4713  -33.423  -91.083  -22.558 0.1000000015
4715  -38.516  -90.859  -23.782 0.1000000015
4716  -6.124  -91.343  -24.859 0.2000000030
4717  -7.019  -91.577  -24.600 0.2000000030
4718  -7.395  -91.924  -24.057 0.3000000119
4727  -26.336  -91.376  -24.798 0.1000000015
4728  -27.156  -91.798  -24.782 0.1000000015
4734  -38.347  -91.210  -24.756 0.1000000015
4748  -28.067  -90.905  -25.379 0.1000000015
4751  -37.611  -91.531  -25.401 0.1000000015
4765  -34.015  -92.046  -26.489 0.2000000030
4769  -37.890  -91.137  -26.241 0.2000000030
4770  -38.408  -90.892  -26.223 0.2000000030
4798  -31.030  -91.633  -28.786 0.1000000015
4813  -31.173  -91.362  -28.880 0.1000000015
4814  -34.936  -91.047  -29.542 0.2000000030
4816  -36.261  -90.916  -29.372 0.2000000030
4825  -29.626  -91.241  -30.569 0.2000000030
4826  -34.782  -90.879  -29.959 0.2000000030
4827  -35.170  -90.903  -30.060 0.2000000030
4836  -29.684  -91.489  -31.222 0.2000000030
4845  -20.448  -91.726  -32.467 0.5000000000
4847  -29.707  -91.229  -31.805 0.2000000030
4849  -31.003  -91.854  -33.190 0.2000000030
4857  -18.144  -91.669  -33.395 0.8000000119
4858  -20.810  -91.640  -33.482 0.5000000000
4883  -20.786  -91.183  -35.395 0.5000000000
4892  -20.666  -92.165  -35.781 0.4000000060
4909  -19.129  -91.566  -38.989 0.8000000119
4910  -21.606  -92.247  -37.911 0.4000000060
4912  -30.051  -91.739  -39.368 0.2000000030
4913  -30.315  -92.016  -39.005 0.2000000030
4914  -10.558  -91.840  -39.282 0.1000000015
4918  -19.300  -91.899  -39.708 0.8000000119
4919  -22.352  -92.058  -39.570 0.3000000119
4921  -29.689  -91.901  -39.876 0.2000000030
4926  -22.691  -91.931  -40.449 0.3000000119
4927  -22.859  -91.463  -40.824 0.3000000119
4929  -29.343  -92.128  -40.258 0.1000000015
4934  -20.223  -90.775  -41.704 0.6999999881
4936  -23.032  -91.308  -41.474 0.3000000119
4937  -27.495  -91.730  -41.507 0.1000000015
4941  -14.107  -90.355  -43.495 0.8000000119
4943  -18.361  -91.125  -42.765 0.8999999762
4949  -26.369  -91.336  -42.550 0.1000000015
4951  -14.689  -90.802  -43.995 0.8000000119
4952  -17.637  -91.371  -43.314 1.0000000000
4953  -18.442  -91.460  -43.010 0.8999999762
4956  -24.491  -91.526  -43.772 0.1000000015
4958  -26.050  -91.116  -43.136 0.1000000015
4961  -16.827  -91.507  -44.052 1.0000000000
4962  -17.329  -91.678  -43.614 1.0000000000
4964  -24.100  -90.943  -44.303 0.1000000015
4966  -24.887  -91.232  -43.984 0.1000000015
5047  -3.888  -90.437  -1.210 0.1000000015
5060  -3.621  -89.755  -2.442 0.1000000015
5076  -4.208  -90.264  -3.050 0.1000000015
5091  -4.322  -89.932  -3.735 0.2000000030
5092  -5.006  -90.167  -4.017 0.4000000060
5093  -15.699  -91.165  -3.930 0.1000000015
5099  -6.397  -90.620  -5.324 0.4000000060
5100  -7.086  -90.360  -5.826 0.4000000060
5101  -16.785  -90.760  -5.067 0.1000000015
5104  -7.440  -90.747  -6.630 0.5000000000
5105  -7.900  -90.384  -7.191 0.5000000000
5108  -13.311  -90.888  -6.770 0.5000000000
5113  -7.745  -90.958  -7.397 0.5000000000
5115  -11.780  -90.541  -7.242 0.6000000238
5118  -14.624  -90.358  -8.261 0.6000000238
5127  -4.879  -90.134  -8.668 1.0000000000
5128  -8.916  -90.706  -8.746 0.5000000000
5131  -12.407  -89.725  -7.904 0.6000000238
5132  -15.025  -90.299  -9.210 0.6000000238
5133  -15.162  -89.770  -9.355 0.6000000238
5140  -4.120  -90.751  -9.075 1.0000000000
5141  -5.078  -90.676  -9.084 1.0000000000
5143  -10.387  -90.289  -9.349 0.6000000238
5154  -6.681  -90.768  -10.517 0.8000000119
5156  -14.811  -90.848  -10.732 0.6000000238
5157  -15.282  -90.168  -10.590 0.6000000238
5162  -6.932  -91.223  -10.949 0.8000000119
5163  -7.480  -90.588  -11.276 0.8000000119
5164  -7.998  -89.934  -11.716 0.8000000119
5166  -15.100  -90.661  -11.457 0.6000000238
5169  -3.685  -90.688  -12.029 1.0000000000
5179  -9.407  -90.095  -13.612 0.8000000119
5186  -7.761  -90.982  -14.932 0.8999999762
5188  -9.575  -89.877  -14.438 0.8000000119
5189  -10.144  -89.575  -14.303 0.8000000119
5195  -8.635  -89.896  -16.093 0.8999999762
5198  -14.410  -90.676  -16.010 0.8000000119
5206  -12.253  -90.287  -16.960 1.0000000000
5210  -15.751  -89.976  -16.464 0.8000000119
5214  -3.550  -90.091  -17.739 0.6000000238
5216  -8.739  -89.776  -18.017 0.8999999762
5217  -12.100  -90.138  -17.756 1.0000000000
5222  -3.837  -90.520  -18.419 0.6000000238
5223  -8.187  -90.491  -18.737 1.0000000000
5225  -11.212  -90.375  -19.091 1.0000000000
5227  -12.198  -89.855  -18.103 0.8999999762
5228  -21.557  -90.261  -18.874 0.2000000030
5229  -22.197  -90.493  -18.503 0.2000000030
5232  -24.947  -90.855  -18.630 0.2000000030
5235  -4.361  -90.578  -19.896 0.6000000238
5238  -9.372  -89.973  -20.060 0.8999999762
5239  -10.743  -90.418  -19.620 1.0000000000
5252  -4.323  -90.993  -20.599 0.6000000238
5264  -4.645  -90.956  -21.416 0.6000000238
5265  -5.310  -90.517  -21.384 0.6000000238
5267  -6.910  -89.906  -21.921 0.3000000119
5278  -6.882  -90.400  -22.222 0.5000000000
5287  -34.483  -90.845  -22.434 0.1000000015
5289  -36.138  -90.243  -22.528 0.1000000015
5290  -37.189  -90.332  -22.419 0.1000000015
5291  -37.841  -90.459  -22.655 0.1000000015
5292  -38.290  -90.358  -23.049 0.1000000015
5293  -5.875  -90.013  -23.700 0.2000000030
5295  -7.213  -90.438  -23.429 0.3000000119
5303  -32.684  -90.743  -23.545 0.1000000015
5305  -35.289  -90.126  -23.028 0.1000000015
5310  -6.829  -90.777  -24.296 0.2000000030
5319  -24.839  -90.069  -24.116 0.1000000015
5329  -39.306  -89.681  -25.322 0.2000000030
5342  -28.365  -90.491  -25.933 0.2000000030
5348  -39.203  -90.030  -25.788 0.1000000015
5358  -28.421  -89.996  -26.415 0.1000000015
5360  -38.069  -90.733  -26.764 0.2000000030
5361  -38.702  -90.336  -26.626 0.1000000015
5371  -37.677  -90.592  -27.191 0.2000000030
5381  -31.786  -91.173  -28.807 0.1000000015
5384  -33.947  -90.980  -28.961 0.2000000030
5397  -31.543  -90.834  -29.221 0.1000000015
5400  -34.446  -90.928  -29.571 0.2000000030
5415  -29.573  -90.276  -30.546 0.2000000030
5417  -33.553  -90.313  -30.307 0.2000000030
5433  -21.131  -90.233  -31.888 0.5000000000
5447  -19.827  -90.766  -32.039 0.6000000238
5448  -20.816  -90.818  -31.985 0.5000000000
5463  -22.152  -89.940  -33.312 0.5000000000
5465  -31.491  -90.551  -34.465 0.2000000030
5470  -18.486  -90.266  -34.086 0.6999999881
5472  -22.207  -89.806  -34.268 0.6000000238
5478  -18.350  -90.275  -35.038 0.6000000238
5481  -31.706  -90.810  -35.451 0.2000000030
5489  -21.910  -90.246  -36.312 0.5000000000
5503  -30.897  -91.188  -37.544 0.2000000030
5517  -30.479  -91.413  -38.387 0.2000000030
5525  -22.673  -90.908  -39.626 0.3000000119
5526  -28.979  -91.287  -40.266 0.2000000030
5530  -15.816  -89.833  -41.067 0.8999999762
5531  -16.035  -90.045  -41.066 0.8999999762
5533  -19.976  -90.622  -40.274 0.6999999881
5534  -20.457  -90.289  -40.985 0.8999999762
5537  -28.411  -90.925  -40.879 0.2000000030
5540  -12.245  -90.701  -42.110 0.5000000000
5541  -15.914  -89.829  -41.345 0.8999999762
5550  -12.790  -90.154  -42.464 0.6000000238
5553  -16.777  -90.274  -42.630 1.0000000000
5554  -17.635  -90.901  -42.778 0.8999999762
5555  -18.664  -90.616  -42.362 0.8999999762
5557  -20.203  -89.833  -42.384 0.6999999881
5560  -27.160  -90.550  -42.740 0.1000000015
5562  -13.922  -89.340  -43.659 0.8000000119
5563  -14.484  -89.767  -43.878 0.8999999762
5564  -16.772  -90.283  -43.595 1.0000000000
5567  -19.004  -91.145  -42.825 0.8999999762
5570  -26.241  -90.459  -43.661 0.1000000015
5575  -17.160  -91.226  -43.856 1.0000000000
5577  -24.427  -90.564  -44.578 0.1000000015
5579  -25.858  -90.247  -44.170 0.1000000015
5690  -3.401  -89.163  -0.527 0.1000000015
5707  -3.301  -89.329  -1.205 0.1000000015
5726  -3.295  -89.130  -2.825 0.2000000030
5745  -6.231  -89.109  -4.699 0.5000000000
5763  -8.323  -89.644  -7.096 0.5000000000
5768  -3.937  -88.980  -7.670 1.0000000000
5773  -14.568  -89.812  -8.306 0.6000000238
5779  -2.777  -89.078  -8.436 1.0000000000
5780  -3.274  -89.437  -8.144 1.0000000000
5782  -4.831  -89.596  -8.390 1.0000000000
5784  -9.272  -89.584  -8.788 0.5000000000
5785  -12.008  -89.572  -8.822 0.6000000238
5787  -13.758  -89.085  -8.320 0.6000000238
5789  -15.075  -89.658  -9.121 0.6000000238
5796  -2.723  -89.223  -9.085 1.0000000000
5804  -14.922  -88.975  -9.174 0.6000000238
5805  -15.163  -89.245  -9.433 0.6000000238
5813  -3.011  -89.537  -9.826 1.0000000000
5816  -10.950  -88.856  -10.321 0.6000000238
5825  -7.795  -89.365  -11.387 0.8999999762
5826  -8.343  -89.335  -11.996 0.6999999881
5831  -16.103  -89.188  -12.098 0.6000000238
5837  -8.879  -89.572  -12.476 0.8000000119
5840  -11.327  -88.941  -12.629 0.6000000238
5848  -10.011  -89.625  -13.379 0.8000000119
5852  -16.682  -89.142  -14.006 0.6999999881
5857  -9.913  -89.453  -14.919 0.8000000119
5858  -10.555  -89.185  -14.664 0.8000000119
5860  -16.963  -89.220  -15.078 0.6999999881
5865  -9.799  -89.153  -15.684 0.8999999762
5870  -2.934  -89.079  -16.884 0.8000000119
5871  -9.093  -89.470  -16.758 0.8999999762
5872  -9.504  -89.173  -16.398 0.8999999762
5874  -13.823  -89.073  -16.729 0.8000000119
5877  -15.997  -89.229  -16.292 0.8000000119
5881  -9.081  -89.422  -17.659 0.8999999762
5883  -12.987  -89.307  -17.525 0.8999999762
5884  -13.471  -88.805  -17.448 0.8999999762
5887  -3.756  -89.580  -18.342 0.6000000238
5888  -9.059  -89.518  -18.548 0.8999999762
5890  -11.988  -89.594  -18.807 0.8999999762
5895  -22.535  -90.111  -18.673 0.2000000030
5900  -4.486  -90.061  -19.453 0.6000000238
5901  -8.953  -89.761  -19.142 0.8999999762
5903  -10.655  -89.564  -19.684 0.8999999762
5905  -12.282  -88.719  -19.035 0.8999999762
5907  -21.025  -89.720  -19.264 0.2000000030
5908  -21.762  -89.388  -19.123 0.2000000030
5915  -5.062  -90.112  -20.632 0.6000000238
5917  -10.416  -90.087  -20.064 0.8999999762
5919  -24.143  -89.345  -19.850 0.2000000030
5926  -5.858  -89.798  -20.919 0.6000000238
5928  -6.894  -89.535  -22.230 0.3000000119
5934  -26.526  -89.161  -20.845 0.1000000015
5941  -5.314  -89.084  -22.577 0.4000000060
5943  -6.986  -89.677  -22.913 0.3000000119
5947  -20.992  -89.597  -22.177 0.2000000030
5950  -22.895  -89.100  -22.919 0.1000000015
5954  -36.429  -89.723  -22.912 0.1000000015
5957  -38.051  -90.104  -22.907 0.1000000015
5961  -6.424  -89.680  -23.271 0.5000000000
5962  -6.932  -89.903  -23.409 0.2000000030
5974  -4.422  -88.923  -24.863 0.1000000015
5975  -4.557  -89.432  -24.459 0.2000000030
5986  -25.834  -89.801  -24.970 0.1000000015
5987  -32.924  -89.863  -24.610 0.1000000015
5992  -39.267  -89.268  -24.956 0.1000000015
6003  -25.765  -89.225  -25.277 0.1000000015
6022  -28.985  -89.557  -26.729 0.2000000030
6025  -31.614  -88.974  -26.373 0.2000000030
6053  -30.210  -89.538  -30.270 0.2000000030
6056  -31.973  -90.261  -29.872 0.2000000030
6068  -29.827  -89.401  -30.575 0.2000000030
6069  -30.439  -89.112  -30.411 0.2000000030
6073  -33.950  -90.232  -30.820 0.2000000030
6084  -20.558  -89.243  -31.943 0.6000000238
6086  -22.361  -89.260  -32.006 0.5000000000
6104  -19.527  -89.589  -32.532 0.6000000238
6105  -20.106  -88.888  -32.308 0.6000000238
6107  -22.549  -89.611  -32.593 0.5000000000
6124  -19.310  -89.196  -33.720 0.5000000000
6125  -22.915  -89.631  -33.440 0.5000000000
6128  -31.183  -89.753  -34.416 0.2000000030
6129  -31.477  -90.179  -34.686 0.2000000030
6137  -19.219  -89.158  -34.524 0.6000000238
6139  -24.066  -89.100  -34.384 0.6000000238
6140  -24.771  -88.837  -34.269 0.4000000060
6142  -31.464  -90.034  -34.851 0.2000000030
6149  -19.022  -89.255  -35.161 0.6000000238
6151  -23.690  -89.177  -35.339 0.6000000238
6154  -31.487  -90.194  -35.229 0.2000000030
6160  -18.526  -89.936  -35.905 0.6999999881
6161  -18.836  -89.451  -35.810 0.6999999881
6163  -23.373  -89.459  -36.291 0.6000000238
6165  -30.077  -89.549  -36.997 0.2000000030
6173  -18.524  -90.202  -36.451 0.6000000238
6176  -22.899  -89.920  -37.348 0.5000000000
6178  -29.791  -89.747  -37.707 0.2000000030
6195  -15.603  -89.290  -40.222 0.8999999762
6208  -16.290  -89.985  -40.476 0.8999999762
6209  -17.358  -89.902  -40.631 0.8999999762
6219  -12.301  -88.963  -42.127 0.6000000238
6220  -15.963  -89.368  -42.001 1.0000000000
6221  -16.355  -89.731  -42.509 1.0000000000
6222  -17.887  -90.200  -41.390 0.8999999762
6224  -20.585  -89.245  -42.033 0.6999999881
6227  -28.414  -89.607  -42.002 0.2000000030
6229  -12.318  -89.527  -42.246 0.5000000000
6234  -19.137  -89.510  -42.386 0.8000000119
6235  -19.849  -89.398  -42.594 0.6999999881
6240  -28.483  -89.264  -42.740 0.1000000015
6241  -29.028  -88.818  -42.786 0.2000000030
6244  -15.913  -89.272  -44.027 1.0000000000
6245  -16.405  -89.547  -43.864 1.0000000000
6250  -28.264  -89.060  -43.352 0.1000000015
6252  -15.377  -89.688  -44.276 0.8999999762
6253  -15.684  -89.757  -44.335 1.0000000000
6254  -16.329  -89.945  -44.258 1.0000000000
6255  -22.449  -88.856  -45.004 0.1000000015
6258  -24.995  -89.936  -44.986 0.1000000015
6261  -27.775  -88.993  -43.897 0.1000000015
6262  -22.487  -88.551  -45.172 0.1000000015
6381  -3.304  -88.466  -0.257 0.1000000015
6412  -3.383  -88.387  -3.284 0.2000000030
6413  -4.103  -88.434  -3.887 0.3000000119
6430  -7.612  -88.036  -4.856 0.5000000000
6448  -7.264  -88.861  -5.003 0.5000000000
6450  -8.441  -88.703  -6.029 0.5000000000
6463  -8.835  -88.677  -6.883 0.6000000238
6464  -9.126  -88.250  -7.329 0.6000000238
6465  -17.768  -89.001  -6.530 0.1000000015
6472  -2.906  -88.289  -7.612 1.0000000000
6473  -3.263  -88.358  -7.427 1.0000000000
6474  -4.017  -88.477  -7.417 1.0000000000
6476  -8.724  -89.129  -7.418 0.6000000238
6478  -17.941  -89.150  -6.928 0.1000000015
6484  -2.700  -88.296  -8.072 1.0000000000
6485  -4.204  -88.896  -7.720 1.0000000000
6486  -4.861  -88.565  -7.929 0.8999999762
6488  -9.327  -88.538  -8.426 0.5000000000
6490  -13.201  -88.601  -8.962 0.6000000238
6492  -18.801  -88.436  -7.722 0.1000000015
6503  -7.184  -88.071  -10.051 0.6999999881
6506  -12.714  -88.584  -9.767 0.6000000238
6507  -13.649  -88.053  -9.913 0.6000000238
6519  -2.603  -88.543  -9.935 1.0000000000
6522  -7.708  -88.258  -10.872 0.6999999881
6523  -8.320  -88.077  -11.445 0.6000000238
6524  -10.224  -87.994  -10.015 0.6000000238
6528  -15.164  -88.199  -10.284 0.6000000238
6529  -15.663  -88.548  -10.760 0.6000000238
6540  -8.784  -88.436  -11.946 0.6000000238
6545  -13.374  -87.976  -11.815 0.6000000238
6547  -16.233  -88.536  -12.389 0.6000000238
6555  -4.135  -87.821  -13.158 0.8999999762
6557  -9.304  -88.937  -12.393 0.6999999881
6558  -10.085  -88.812  -12.484 0.6999999881
6559  -10.736  -88.798  -12.415 0.6000000238
6561  -13.131  -88.220  -12.250 0.6000000238
6566  -3.643  -88.312  -13.772 0.8999999762
6567  -4.008  -87.968  -13.443 0.8999999762
6568  -11.913  -88.783  -14.144 0.6999999881
6569  -12.412  -88.547  -13.520 0.6999999881
6570  -13.012  -88.194  -12.848 0.6000000238
6576  -10.748  -88.924  -14.933 0.8000000119
6577  -11.235  -88.793  -14.660 0.8000000119
6583  -2.629  -87.751  -15.737 0.6999999881
6596  -2.604  -87.716  -16.078 0.6999999881
6597  -2.641  -88.392  -16.441 0.6999999881
6598  -9.978  -88.782  -16.380 0.8999999762
6602  -14.779  -88.602  -16.643 0.8000000119
6616  -10.883  -87.943  -17.828 0.8999999762
6620  -15.424  -87.935  -16.637 0.8000000119
6631  -3.250  -88.617  -18.314 0.5000000000
6636  -13.413  -88.330  -17.922 0.8999999762
6650  -10.409  -88.999  -19.406 0.8999999762
6652  -11.833  -88.408  -19.205 0.8999999762
6653  -12.312  -88.265  -19.023 0.8999999762
6655  -21.209  -88.755  -19.513 0.2000000030
6664  -4.976  -89.115  -20.174 0.6000000238
6665  -5.461  -89.476  -20.562 0.6000000238
6667  -20.826  -88.702  -19.814 0.2000000030
6676  -4.646  -88.657  -21.225 0.4000000060
6678  -5.963  -88.791  -21.729 0.5000000000
6680  -20.718  -88.592  -21.295 0.2000000030
6682  -26.386  -88.461  -20.943 0.1000000015
6689  -4.260  -88.598  -22.222 0.4000000060
6691  -5.730  -88.805  -22.155 0.5000000000
6695  -21.111  -88.319  -21.865 0.1000000015
6697  -22.495  -88.484  -22.883 0.1000000015
6698  -26.822  -88.082  -21.239 0.1000000015
6704  -4.252  -88.856  -22.835 0.3000000119
6729  -34.064  -88.875  -24.865 0.1000000015
6734  -38.877  -88.596  -24.650 0.1000000015
6735  -39.203  -88.575  -25.323 0.1000000015
6748  -32.016  -88.832  -26.262 0.1000000015
6750  -33.554  -88.461  -25.602 0.1000000015
6753  -4.544  -88.248  -25.997 0.1000000015
6763  -26.757  -88.338  -26.541 0.1000000015
6765  -28.508  -88.835  -27.065 0.1000000015
6768  -31.627  -88.331  -26.611 0.1000000015
6780  -27.926  -88.296  -27.125 0.1000000015
6782  -28.843  -88.212  -27.275 0.1000000015
6815  -29.567  -88.938  -30.988 0.2000000030
6827  -20.568  -88.640  -32.136 0.5000000000
6832  -29.991  -87.999  -31.189 0.2000000030
6849  -21.115  -87.976  -32.263 0.5000000000
6850  -24.079  -88.408  -32.261 0.3000000119
6852  -25.639  -88.053  -33.034 0.3000000119
6853  -29.787  -88.109  -32.367 0.2000000030
6862  -7.233  -88.525  -34.199 0.1000000015
6863  -7.520  -88.163  -34.562 0.1000000015
6870  -25.072  -88.637  -33.662 0.3000000119
6872  -26.015  -88.175  -34.051 0.2000000030
6885  -19.506  -88.887  -34.308 0.5000000000
6886  -19.864  -88.574  -34.482 0.5000000000
6887  -25.280  -88.614  -34.138 0.3000000119
6889  -26.168  -88.221  -34.584 0.3000000119
6900  -26.327  -88.282  -35.465 0.3000000119
6902  -7.311  -88.684  -36.195 0.1000000015
6903  -7.619  -88.312  -36.692 0.1000000015
6912  -26.498  -88.111  -36.414 0.3000000119
6915  -7.471  -88.889  -36.999 0.1000000015
6927  -7.705  -88.940  -37.726 0.1000000015
6929  -15.106  -88.257  -39.278 0.8999999762
6930  -15.592  -88.418  -38.920 0.8000000119
6931  -16.608  -88.185  -38.725 0.8000000119
6939  -30.594  -87.796  -38.723 0.1000000015
6945  -9.712  -88.053  -39.780 0.4000000060
6946  -14.822  -87.909  -39.825 0.8999999762
6949  -17.354  -88.618  -39.758 0.8000000119
6950  -21.207  -88.481  -39.882 0.5000000000
6963  -11.050  -88.466  -40.925 0.5000000000
6966  -15.191  -88.178  -40.766 0.8999999762
6969  -21.309  -88.049  -40.841 0.5000000000
6972  -25.148  -88.035  -40.530 0.2000000030
6979  -11.504  -88.998  -41.369 0.6000000238
6980  -12.049  -88.403  -41.568 0.6000000238
6981  -12.624  -88.374  -42.289 0.8000000119
6983  -18.722  -88.967  -42.076 0.8000000119
6985  -24.620  -88.192  -41.408 0.1000000015
6986  -24.898  -88.080  -41.010 0.1000000015
6987  -29.511  -88.876  -41.939 0.1000000015
6993  -13.121  -88.055  -42.855 0.6999999881
6994  -13.595  -87.818  -43.271 0.8000000119
6995  -15.969  -88.564  -42.707 1.0000000000
6996  -16.169  -88.872  -43.249 1.0000000000
6998  -19.549  -88.596  -42.644 0.8000000119
6999  -20.294  -88.645  -42.513 0.6999999881
7003  -30.342  -88.346  -42.584 0.1000000015
7004  -30.974  -88.150  -42.427 0.1000000015
7005  -13.995  -88.048  -43.566 0.8000000119
7006  -14.605  -88.285  -43.577 0.8000000119
7009  -22.651  -88.681  -44.261 0.1000000015
7014  -22.354  -88.493  -44.713 0.1000000015
7019  -22.617  -88.202  -45.294 0.1000000015
7021  -24.226  -88.313  -45.664 0.1000000015
7107  -4.066  -86.732  1.196 0.2000000030
7108  -4.309  -86.759  1.200 0.2000000030
7109  -4.640  -86.756  1.156 0.2000000030
7116  -4.344  -87.514  0.809 0.1000000015
7119  -6.871  -87.145  0.247 0.1000000015
7146  -3.478  -87.244  -2.929 0.2000000030
7160  -4.448  -87.415  -3.484 0.2000000030
7161  -5.684  -87.324  -3.786 0.3000000119
7162  -6.266  -86.846  -3.825 0.5000000000
7169  -6.027  -87.642  -4.074 0.5000000000
7185  -8.414  -88.003  -5.601 0.5000000000
7203  -2.885  -87.162  -6.687 1.0000000000
7204  -3.193  -87.284  -6.530 1.0000000000
7208  -9.136  -87.779  -7.025 0.5000000000
7209  -18.381  -87.903  -6.556 0.1000000015
7222  -3.546  -87.869  -6.926 0.8999999762
7223  -4.313  -87.764  -6.982 0.8999999762
7226  -9.311  -87.876  -7.771 0.6000000238
7236  -2.417  -87.331  -8.497 1.0000000000
7237  -5.675  -87.695  -8.028 0.6999999881
7239  -7.424  -87.093  -9.257 0.6000000238
7250  -7.856  -87.302  -10.076 0.6000000238
7253  -14.474  -87.888  -10.161 0.6000000238
7254  -14.829  -88.043  -10.157 0.6000000238
7262  -2.633  -87.738  -10.778 1.0000000000
7263  -2.896  -88.070  -11.034 1.0000000000
7265  -8.543  -87.518  -10.955 0.6000000238
7266  -9.763  -87.534  -10.703 0.6000000238
7267  -10.212  -87.762  -10.982 0.6000000238
7270  -15.385  -87.981  -10.772 0.6000000238
7281  -2.803  -87.405  -11.289 1.0000000000
7284  -9.279  -87.762  -11.534 0.6000000238
7289  -16.160  -88.069  -11.962 0.6000000238
7300  -3.734  -87.814  -12.144 1.0000000000
7302  -13.437  -87.820  -12.439 0.6000000238
7303  -13.943  -87.332  -12.548 0.6000000238
7304  -15.668  -87.294  -12.396 0.6000000238
7314  -4.152  -87.376  -13.613 0.8999999762
7318  -15.842  -87.205  -13.057 0.6000000238
7326  -3.520  -87.710  -14.373 0.8999999762
7329  -13.396  -87.044  -14.756 0.8000000119
7330  -16.648  -87.660  -14.766 0.6000000238
7334  -2.748  -87.477  -15.772 0.6999999881
7335  -3.288  -87.009  -15.338 0.6000000238
7336  -3.947  -86.450  -15.069 0.6999999881
7340  -16.010  -87.273  -16.092 0.6999999881
7341  -16.301  -87.541  -15.761 0.6999999881
7351  -3.201  -86.501  -15.855 0.6999999881
7354  -14.180  -86.568  -16.514 0.8000000119
7355  -15.397  -87.193  -16.720 0.8000000119
7357  -16.127  -87.834  -16.100 0.6999999881
7367  -2.792  -88.113  -17.976 0.5000000000
7368  -12.481  -87.284  -17.968 0.8999999762
7370  -14.129  -87.007  -17.329 0.8000000119
7371  -14.874  -87.424  -17.100 0.8000000119
7372  -15.322  -87.644  -16.778 0.8000000119
7381  -2.717  -87.377  -18.829 0.4000000060
7383  -12.312  -87.463  -18.362 0.8999999762
7384  -12.757  -87.529  -18.338 0.8999999762
7398  -3.131  -88.081  -19.122 0.5000000000
7400  -21.490  -88.216  -19.607 0.2000000030
7408  -2.868  -87.308  -20.076 0.4000000060
7410  -20.630  -88.539  -20.388 0.2000000030
7414  -23.700  -87.430  -19.961 0.1000000015
7418  -2.911  -87.379  -20.658 0.3000000119
7420  -20.628  -88.328  -20.684 0.2000000030
7429  -21.895  -87.247  -22.571 0.1000000015
7460  -4.312  -87.485  -25.269 0.1000000015
7461  -4.467  -87.178  -25.696 0.1000000015
7469  -25.529  -87.387  -25.938 0.1000000015
7485  -26.071  -87.450  -26.280 0.1000000015
7487  -27.374  -87.765  -26.986 0.1000000015
7501  -27.895  -88.030  -27.181 0.1000000015
7502  -28.380  -87.777  -27.295 0.1000000015
7503  -29.032  -87.553  -27.382 0.1000000015
7533  -30.364  -87.962  -31.029 0.2000000030
7534  -30.873  -87.738  -31.110 0.2000000030
7544  -21.383  -87.922  -32.103 0.5000000000
7545  -21.892  -87.862  -31.919 0.3000000119
7547  -29.748  -87.803  -31.901 0.2000000030
7549  -31.344  -87.217  -31.408 0.2000000030
7563  -21.013  -87.733  -33.114 0.4000000060
7569  -26.463  -87.234  -32.834 0.2000000030
7570  -29.830  -87.565  -32.171 0.2000000030
7586  -20.761  -87.879  -33.701 0.4000000060
7590  -26.540  -87.701  -33.650 0.3000000119
7600  -8.091  -87.389  -35.450 0.3000000119
7606  -20.468  -88.170  -34.696 0.5000000000
7608  -21.782  -87.357  -34.232 0.5000000000
7610  -27.177  -87.485  -34.667 0.2000000030
7613  -7.903  -87.700  -35.818 0.3000000119
7617  -20.349  -88.173  -35.648 0.5000000000
7619  -21.792  -87.342  -35.296 0.5000000000
7624  -8.090  -87.682  -36.603 0.3000000119
7625  -20.593  -87.993  -36.407 0.5000000000
7633  -15.037  -87.275  -38.237 0.8000000119
7635  -16.059  -87.223  -37.702 0.8000000119
7637  -20.973  -87.861  -37.334 0.5000000000
7639  -22.489  -86.969  -37.498 0.5000000000
7640  -26.535  -87.685  -37.633 0.4000000060
7641  -27.063  -87.225  -37.487 0.3000000119
7654  -16.510  -87.571  -38.090 0.8000000119
7656  -21.407  -87.789  -38.025 0.5000000000
7657  -22.044  -87.389  -38.379 0.5000000000
7669  -9.059  -87.807  -38.928 0.4000000060
7670  -9.940  -87.357  -39.303 0.5000000000
7675  -22.728  -86.404  -38.876 0.5000000000
7677  -26.686  -87.021  -39.289 0.2000000030
7679  -32.021  -87.967  -39.403 0.1000000015
7688  -14.753  -87.187  -40.342 0.8000000119
7689  -15.098  -87.281  -40.888 1.0000000000
7691  -18.250  -88.371  -41.348 0.8000000119
7692  -21.395  -87.467  -40.994 0.6000000238
7695  -26.386  -87.200  -39.863 0.2000000030
7700  -12.135  -87.339  -41.363 0.5000000000
7702  -15.326  -87.428  -41.674 1.0000000000
7703  -18.404  -87.197  -41.675 0.6000000238
7706  -21.419  -87.167  -41.060 0.5000000000
7707  -24.647  -87.868  -41.725 0.1000000015
7715  -15.493  -87.638  -42.645 1.0000000000
7716  -19.139  -87.820  -42.713 0.6000000238
7718  -20.546  -87.828  -42.305 0.6000000238
7720  -24.444  -87.569  -42.095 0.1000000015
7723  -31.280  -87.749  -42.207 0.1000000015
7724  -14.244  -87.680  -43.383 0.8000000119
7726  -15.089  -87.465  -43.121 0.8999999762
7729  -27.821  -87.423  -44.021 0.1000000015
7732  -30.308  -87.666  -43.037 0.1000000015
7737  -27.904  -87.984  -44.331 0.1000000015
7738  -22.446  -87.559  -45.051 0.1000000015
7742  -25.346  -87.904  -45.532 0.1000000015
7835  -5.280  -85.303  2.710 0.3000000119
7837  -6.136  -85.374  2.740 0.3000000119
7849  -4.295  -85.882  1.880 0.2000000030
7851  -5.086  -85.516  2.414 0.2000000030
7867  -5.136  -86.104  1.679 0.2000000030
7870  -7.946  -85.893  0.670 0.1000000015
7899  -3.312  -86.354  -1.365 0.3000000119
7912  -4.478  -86.453  -2.619 0.3000000119
7928  -4.544  -86.852  -3.157 0.2000000030
7930  -6.102  -86.287  -3.434 0.3000000119
7942  -7.150  -86.492  -4.437 0.5000000000
7950  -3.316  -86.075  -5.845 1.0000000000
7953  -7.884  -86.630  -5.142 0.5000000000
7954  -8.497  -87.163  -5.760 0.5000000000
7967  -2.871  -86.523  -6.440 1.0000000000
7968  -3.572  -86.776  -6.009 0.8999999762
7969  -4.422  -86.717  -6.083 0.8999999762
7971  -6.183  -86.180  -6.837 0.6000000238
7974  -9.229  -87.240  -7.410 0.6000000238
7991  -5.849  -86.652  -7.207 0.6000000238
7992  -6.649  -86.336  -7.541 0.5000000000
7994  -9.036  -86.678  -7.696 0.6000000238
8014  -9.233  -86.904  -8.366 0.6000000238
8026  -7.838  -86.861  -9.370 0.6000000238
8045  -2.940  -87.215  -11.573 1.0000000000
8046  -14.955  -86.966  -12.315 0.6000000238
8059  -3.273  -86.777  -12.215 1.0000000000
8061  -14.581  -86.999  -12.720 0.6000000238
8062  -15.265  -86.927  -12.854 0.6000000238
8070  -3.724  -86.191  -13.063 0.8999999762
8075  -16.278  -86.979  -14.475 0.6000000238
8081  -4.290  -86.140  -14.619 0.6999999881
8082  -14.197  -86.671  -14.763 0.6000000238
8094  -4.147  -85.884  -15.203 0.6999999881
8095  -14.537  -86.474  -15.647 0.8000000119
8096  -15.288  -86.517  -15.652 0.6000000238
8097  -15.954  -86.894  -15.772 0.8000000119
8098  -16.205  -87.131  -15.597 0.6000000238
8110  -3.291  -85.972  -16.243 0.4000000060
8113  -15.765  -87.115  -16.304 0.8000000119
8123  -2.800  -86.095  -17.319 0.4000000060
8125  -14.521  -86.636  -16.856 0.8000000119
8149  -2.649  -86.766  -19.586 0.3000000119
8169  -23.006  -86.575  -20.121 0.1000000015
8176  -3.032  -87.068  -22.035 0.3000000119
8190  -3.181  -86.757  -22.809 0.1000000015
8213  -3.816  -86.163  -24.636 0.1000000015
8214  -4.326  -85.873  -24.939 0.1000000015
8247  -26.051  -85.966  -26.085 0.1000000015
8267  -27.514  -86.729  -26.981 0.1000000015
8338  -25.164  -86.074  -31.990 0.2000000030
8340  -26.170  -85.757  -31.816 0.2000000030
8349  -6.264  -86.102  -33.043 0.1000000015
8359  -26.529  -86.431  -32.327 0.2000000030
8377  -22.926  -86.762  -33.488 0.3000000119
8390  -8.095  -87.029  -34.525 0.3000000119
8402  -15.762  -86.044  -36.902 0.8000000119
8404  -16.845  -86.185  -36.829 0.8000000119
8405  -22.815  -86.510  -36.669 0.5000000000
8406  -23.263  -85.978  -36.833 0.5000000000
8408  -30.859  -86.874  -36.964 0.1000000015
8411  -9.027  -86.516  -37.449 0.3000000119
8412  -9.532  -86.496  -38.012 0.3000000119
8413  -14.970  -86.864  -38.103 0.8999999762
8414  -15.573  -86.535  -37.382 0.8000000119
8415  -16.461  -86.651  -37.268 0.8000000119
8416  -17.200  -86.409  -37.514 0.8000000119
8418  -23.354  -85.629  -37.341 0.5000000000
8419  -27.291  -86.569  -37.857 0.1000000015
8420  -27.492  -85.986  -37.644 0.1000000015
8432  -10.325  -86.041  -38.767 0.5000000000
8436  -27.277  -86.152  -38.370 0.1000000015
8442  -10.246  -86.596  -38.938 0.5000000000
8444  -14.468  -86.224  -39.529 0.8000000119
8446  -22.531  -85.944  -39.789 0.5000000000
8447  -22.781  -85.999  -39.165 0.5000000000
8453  -10.882  -86.405  -39.787 0.5000000000
8455  -14.812  -86.269  -40.447 0.8999999762
8459  -26.074  -86.808  -40.646 0.1000000015
8467  -11.941  -86.459  -41.053 0.5000000000
8469  -15.090  -85.750  -41.196 0.8000000119
8470  -15.171  -86.463  -41.420 1.0000000000
8472  -18.755  -86.697  -42.147 0.6000000238
8473  -19.175  -86.431  -42.358 0.6000000238
8475  -21.394  -86.552  -41.143 0.5000000000
8483  -13.991  -86.427  -42.935 0.6999999881
8486  -18.895  -87.301  -42.521 0.6999999881
8492  -28.057  -85.803  -42.762 0.1000000015
8495  -30.705  -87.164  -42.561 0.1000000015
8497  -14.263  -87.194  -43.202 0.8000000119
8498  -14.646  -86.965  -43.071 0.8000000119
8499  -15.099  -86.959  -42.863 0.8000000119
8501  -22.664  -86.805  -43.523 0.1000000015
8505  -30.042  -87.335  -43.062 0.1000000015
8509  -25.057  -86.821  -44.985 0.1000000015
8511  -27.106  -87.066  -44.074 0.1000000015
8514  -24.225  -86.590  -45.247 0.1000000015
8515  -24.705  -87.012  -45.355 0.1000000015
8631  -4.918  -84.926  3.051 0.3000000119
8632  -5.307  -85.152  2.902 0.3000000119
8633  -5.961  -85.122  3.007 0.3000000119
8653  -4.258  -85.570  2.066 0.3000000119
8655  -5.093  -85.324  2.707 0.3000000119
8656  -7.320  -85.326  2.459 0.2000000030
8657  -8.165  -84.888  2.451 0.2000000030
8681  -9.888  -84.210  1.243 0.2000000030
8703  -9.929  -84.382  0.623 0.1000000015
8717  -3.650  -85.346  -0.321 0.2000000030
8718  -3.938  -85.140  -0.531 0.3000000119
8731  -4.011  -85.319  -0.964 0.3000000119
8741  -3.632  -85.958  -1.423 0.3000000119
8742  -4.239  -85.821  -1.726 0.3000000119
8744  -5.990  -85.448  -2.644 0.3000000119
8754  -6.247  -85.488  -3.225 0.3000000119
8767  -4.340  -84.928  -4.812 0.8000000119
8780  -2.963  -85.569  -5.920 1.0000000000
8782  -4.681  -85.481  -5.295 0.8000000119
8785  -7.630  -86.009  -5.589 0.5000000000
8793  -5.980  -85.924  -6.393 0.5000000000
8794  -6.603  -85.897  -6.369 0.6000000238
8803  -7.080  -86.023  -6.923 0.5000000000
8830  -2.205  -85.611  -9.253 1.0000000000
8861  -2.562  -85.542  -12.230 0.8999999762
8872  -4.112  -85.674  -14.246 0.6999999881
8882  -4.155  -85.568  -14.866 0.6000000238
8895  -3.787  -85.271  -15.454 0.6000000238
8896  -4.083  -85.565  -15.186 0.6000000238
8924  -2.915  -85.179  -17.504 0.3000000119
8925  -3.133  -85.380  -16.811 0.3000000119
8966  -22.461  -86.008  -20.589 0.1000000015
8992  -21.940  -85.835  -22.095 0.1000000015
8994  -23.133  -85.021  -23.139 0.1000000015
8999  -3.032  -85.296  -23.240 0.1000000015
9000  -3.507  -85.275  -24.004 0.1000000015
9001  -4.353  -84.935  -24.089 0.1000000015
9002  -5.289  -85.299  -23.557 0.1000000015
9007  -23.393  -85.328  -23.706 0.1000000015
9018  -23.766  -85.093  -24.077 0.1000000015
9019  -24.218  -85.241  -24.616 0.1000000015
9025  -4.708  -85.980  -25.038 0.1000000015
9034  -24.482  -85.754  -25.009 0.1000000015
9047  -26.474  -85.577  -26.202 0.1000000015
9109  -25.102  -85.378  -31.873 0.2000000030
9110  -25.784  -85.221  -31.695 0.2000000030
9113  -4.459  -85.399  -32.277 0.1000000015
9114  -5.168  -85.398  -32.680 0.2000000030
9115  -5.853  -85.574  -32.966 0.2000000030
9121  -31.407  -85.642  -32.847 0.1000000015
9133  -24.079  -85.730  -33.442 0.3000000119
9134  -24.202  -85.772  -32.889 0.2000000030
9145  -7.369  -85.091  -34.249 0.3000000119
9147  -8.391  -86.469  -35.388 0.3000000119
9149  -24.142  -85.373  -33.439 0.2000000030
9159  -16.453  -85.259  -35.831 0.8000000119
9161  -17.374  -85.028  -36.048 0.8000000119
9166  -8.197  -85.037  -36.585 0.3000000119
9170  -16.675  -85.763  -36.295 0.8000000119
9174  -31.012  -86.359  -36.501 0.2000000030
9185  -9.840  -85.799  -38.116 0.4000000060
9188  -17.468  -85.661  -37.615 0.6999999881
9189  -23.336  -85.567  -38.059 0.5000000000
9201  -10.237  -85.356  -39.001 0.5000000000
9203  -17.548  -85.327  -38.169 0.8000000119
9204  -23.041  -85.273  -38.784 0.5000000000
9205  -23.236  -84.923  -38.222 0.4000000060
9210  -10.506  -85.260  -39.350 0.5000000000
9211  -10.853  -85.131  -39.633 0.5000000000
9212  -14.552  -85.505  -39.952 0.8999999762
9214  -22.132  -85.308  -40.141 0.5000000000
9221  -10.852  -85.728  -39.537 0.5000000000
9225  -20.781  -85.082  -41.065 0.5000000000
9235  -11.734  -85.604  -40.727 0.5000000000
9237  -12.842  -85.134  -41.699 0.6000000238
9238  -14.892  -85.315  -41.496 0.8000000119
9242  -19.293  -85.792  -41.988 0.6000000238
9244  -21.043  -85.949  -41.456 0.6000000238
9248  -30.166  -85.557  -41.715 0.1000000015
9256  -13.507  -85.417  -42.111 0.6999999881
9258  -15.089  -86.060  -42.178 0.8000000119
9259  -19.414  -86.362  -42.340 0.6000000238
9262  -22.914  -85.509  -42.958 0.1000000015
9264  -24.975  -86.261  -41.877 0.1000000015
9265  -28.049  -85.104  -42.680 0.1000000015
9266  -28.675  -85.298  -42.404 0.1000000015
9276  -24.751  -85.902  -44.669 0.1000000015
9417  -6.238  -84.308  3.439 0.3000000119
9418  -6.808  -84.204  3.677 0.3000000119
9419  -7.566  -83.990  3.798 0.3000000119
9427  -5.205  -84.750  3.003 0.3000000119
9429  -6.424  -84.731  3.327 0.3000000119
9431  -8.260  -84.188  3.345 0.3000000119
9433  -9.944  -83.677  2.477 0.3000000119
9439  -4.199  -84.714  2.238 0.3000000119
9440  -4.718  -84.578  2.741 0.3000000119
9441  -8.855  -84.373  2.606 0.3000000119
9442  -9.533  -84.184  2.173 0.2000000030
9443  -10.156  -83.791  1.950 0.2000000030
9452  -10.338  -83.807  1.242 0.2000000030
9453  -10.837  -83.595  0.699 0.2000000030
9469  -3.746  -84.310  0.920 0.3000000119
9471  -10.906  -83.827  0.190 0.1000000015
9503  -5.227  -84.535  -1.694 0.3000000119
9512  -5.815  -84.631  -2.579 0.3000000119
9513  -6.163  -85.087  -2.912 0.3000000119
9522  -5.114  -84.084  -3.653 0.4000000060
9523  -5.795  -84.417  -3.401 0.3000000119
9532  -3.150  -84.105  -4.825 0.8000000119
9534  -4.773  -84.475  -4.308 0.8000000119
9536  -6.093  -84.800  -3.763 0.3000000119
9546  -3.029  -84.692  -5.364 1.0000000000
9547  -3.373  -84.638  -4.982 0.8000000119
9569  -2.478  -84.518  -7.939 1.0000000000
9595  -2.238  -84.779  -10.186 1.0000000000
9625  -2.847  -84.395  -13.753 0.5000000000
9626  -3.323  -84.858  -14.144 0.6000000238
9643  -2.743  -84.045  -14.351 0.5000000000
9661  -3.249  -84.536  -15.486 0.4000000060
9673  -3.376  -84.777  -15.918 0.3000000119
9689  -3.250  -84.683  -16.454 0.3000000119
9707  -2.701  -84.592  -18.975 0.2000000030
9730  -5.582  -84.514  -21.622 0.1000000015
9743  -3.318  -84.449  -22.703 0.1000000015
9744  -4.182  -84.158  -22.905 0.1000000015
9745  -4.852  -84.336  -22.735 0.1000000015
9746  -5.365  -84.689  -22.306 0.1000000015
9750  -22.807  -84.989  -22.019 0.1000000015
9755  -4.612  -84.617  -23.344 0.1000000015
9847  -4.297  -84.401  -32.172 0.1000000015
9857  -23.857  -84.357  -32.667 0.2000000030
9859  -24.778  -84.826  -31.852 0.2000000030
9861  -27.176  -84.463  -32.801 0.1000000015
9868  -5.806  -84.303  -33.383 0.2000000030
9870  -10.919  -84.152  -33.399 0.8000000119
9871  -11.181  -84.188  -33.499 0.8000000119
9873  -24.238  -84.953  -32.993 0.2000000030
9882  -10.786  -84.107  -33.712 0.8000000119
9883  -11.033  -84.198  -33.683 0.8000000119
9885  -16.201  -84.181  -34.698 0.6999999881
9887  -17.259  -83.979  -35.263 0.6999999881
9899  -7.318  -84.565  -35.640 0.3000000119
9902  -15.828  -84.753  -35.544 0.8000000119
9919  -14.458  -84.798  -36.714 0.8000000119
9920  -15.234  -84.984  -36.229 0.8000000119
9922  -22.883  -83.761  -37.113 0.5000000000
9935  -7.804  -84.297  -37.189 0.3000000119
9936  -8.594  -84.585  -37.739 0.3000000119
9938  -13.861  -84.463  -37.223 0.8999999762
9941  -22.991  -83.966  -37.568 0.5000000000
9942  -23.181  -84.376  -37.718 0.4000000060
9946  -9.007  -84.343  -38.622 0.5000000000
9949  -13.808  -84.272  -37.994 0.8999999762
9951  -16.898  -84.175  -38.765 0.6000000238
9953  -22.219  -84.018  -38.954 0.5000000000
9955  -23.205  -84.608  -38.022 0.4000000060
9960  -9.767  -84.363  -39.521 0.5000000000
9961  -10.344  -84.459  -39.765 0.5000000000
9962  -11.056  -84.735  -39.925 0.5000000000
9967  -21.392  -84.297  -40.050 0.5000000000
9969  -22.649  -84.767  -39.086 0.4000000060
9976  -10.913  -84.061  -40.155 0.5000000000
9978  -12.109  -84.174  -40.825 0.6000000238
9980  -14.506  -84.848  -40.388 0.8000000119
9982  -17.511  -84.624  -40.789 0.6000000238
9983  -20.327  -84.335  -40.901 0.5000000000
9992  -11.936  -85.070  -41.022 0.6000000238
9999  -20.411  -84.844  -41.095 0.5000000000
10010  -13.585  -84.940  -41.881 0.6999999881
10011  -13.899  -84.937  -41.896 0.6999999881
10015  -27.789  -84.653  -42.945 0.1000000015
10017  -29.348  -84.529  -42.002 0.1000000015
10027  -27.306  -84.516  -43.514 0.1000000015
10054  -27.778  -84.017  -45.064 0.1000000015
10204  -6.175  -84.060  3.460 0.3000000119
10205  -6.465  -83.794  3.588 0.3000000119
10207  -7.921  -83.303  4.038 0.3000000119
10215  -5.072  -84.018  2.889 0.3000000119
10217  -6.367  -83.273  3.433 0.3000000119
10218  -8.377  -83.547  3.797 0.3000000119
10220  -10.030  -83.157  2.984 0.3000000119
10221  -10.531  -82.839  2.632 0.3000000119
10228  -4.201  -83.906  1.891 0.4000000060
10241  -10.990  -83.061  1.361 0.2000000030
10242  -11.391  -82.563  1.056 0.2000000030
10271  -4.115  -83.154  -0.429 0.3000000119
10290  -4.400  -83.509  -1.047 0.3000000119
10291  -4.858  -83.828  -1.570 0.3000000119
10293  -11.867  -83.307  -1.614 0.1000000015
10301  -3.944  -82.714  -1.780 0.6000000238
10315  -5.371  -83.966  -2.994 0.3000000119
10327  -3.389  -83.355  -4.047 0.6999999881
10338  -2.771  -83.783  -5.415 0.8000000119
10350  -2.585  -83.577  -6.408 1.0000000000
10367  -2.523  -83.605  -8.465 1.0000000000
10445  -2.621  -83.363  -14.198 0.3000000119
10446  -2.675  -83.846  -14.736 0.4000000060
10474  -3.086  -84.199  -15.985 0.4000000060
10530  -3.433  -82.966  -20.899 0.1000000015
10531  -4.276  -82.863  -21.056 0.1000000015
10552  -4.526  -83.382  -21.747 0.1000000015
10553  -5.251  -83.958  -21.693 0.1000000015
10565  -3.302  -83.789  -21.976 0.1000000015
10572  -24.083  -83.883  -22.452 0.1000000015
10576  -23.840  -83.974  -23.025 0.1000000015
10577  -24.200  -83.794  -23.251 0.1000000015
10583  -24.522  -83.845  -23.791 0.1000000015
10597  -25.519  -83.972  -24.885 0.1000000015
10662  -4.497  -83.596  -32.063 0.2000000030
10663  -4.762  -83.349  -32.272 0.2000000030
10664  -23.447  -83.316  -31.784 0.1000000015
10666  -25.230  -83.642  -31.406 0.1000000015
10672  -5.028  -83.462  -32.583 0.2000000030
10674  -10.143  -83.162  -32.723 0.8999999762
10675  -10.948  -83.363  -32.591 0.8999999762
10677  -12.782  -83.250  -32.753 0.8000000119
10679  -21.346  -82.985  -32.617 0.1000000015
10680  -21.844  -83.180  -32.576 0.1000000015
10684  -26.874  -83.842  -32.363 0.1000000015
10693  -9.809  -83.350  -33.175 0.8999999762
10695  -11.267  -84.070  -33.055 0.8000000119
10697  -13.297  -83.672  -33.186 0.8000000119
10699  -15.147  -83.148  -33.417 0.8000000119
10700  -15.846  -83.066  -33.589 0.8000000119
10701  -21.247  -83.231  -33.063 0.1000000015
10704  -26.686  -83.229  -32.343 0.1000000015
10709  -5.543  -83.077  -34.014 0.3000000119
10712  -10.407  -83.828  -34.190 0.8000000119
10718  -16.500  -83.375  -34.212 0.6999999881
10719  -17.059  -83.371  -35.025 0.6999999881
10720  -20.997  -83.206  -34.791 0.3000000119
10723  -23.208  -84.200  -34.201 0.2000000030
10730  -6.617  -84.097  -35.974 0.3000000119
10731  -9.915  -83.270  -34.685 0.8999999762
10733  -11.901  -83.655  -35.453 0.8000000119
10736  -14.443  -83.843  -34.947 0.8000000119
10737  -17.379  -83.836  -35.791 0.6999999881
10738  -20.751  -83.085  -35.042 0.2000000030
10740  -22.416  -83.626  -35.247 0.4000000060
10742  -26.794  -83.209  -36.143 0.1000000015
10748  -6.241  -83.156  -36.618 0.6000000238
10750  -10.771  -82.764  -36.281 0.8000000119
10754  -17.007  -83.364  -36.971 0.6999999881
10755  -17.386  -83.995  -36.684 0.6999999881
10756  -21.632  -83.090  -36.846 0.5000000000
10768  -16.729  -83.483  -37.791 0.6000000238
10770  -21.801  -83.204  -37.840 0.5000000000
10775  -9.098  -83.780  -39.302 0.6000000238
10776  -9.482  -84.128  -39.434 0.5000000000
10777  -12.096  -82.653  -38.649 0.8000000119
10781  -16.875  -84.018  -38.049 0.6000000238
10784  -22.230  -83.613  -38.179 0.5000000000
10791  -9.266  -83.594  -39.588 0.6000000238
10792  -9.576  -83.740  -39.728 0.6000000238
10794  -12.415  -83.039  -39.652 0.6999999881
10796  -16.326  -83.524  -39.226 0.6999999881
10797  -20.245  -83.100  -40.197 0.5000000000
10799  -21.596  -83.843  -39.366 0.5000000000
10806  -10.837  -83.429  -40.281 0.5000000000
10807  -11.336  -83.652  -40.370 0.5000000000
10808  -12.177  -83.587  -40.386 0.5000000000
10809  -13.013  -83.929  -40.705 0.6000000238
10811  -16.996  -83.869  -40.844 0.6999999881
10813  -20.575  -84.014  -40.546 0.5000000000
10819  -12.818  -84.311  -41.063 0.6000000238
10820  -16.495  -83.328  -41.289 0.6999999881
10829  -16.764  -83.046  -42.043 0.6999999881
10835  -28.742  -84.047  -42.774 0.1000000015
10843  -28.697  -83.968  -43.087 0.1000000015
10857  -28.611  -84.025  -43.690 0.1000000015
11042  -6.838  -83.122  3.709 0.3000000119
11043  -7.527  -82.561  3.930 0.3000000119
11044  -8.316  -82.529  4.062 0.3000000119
11045  -8.908  -82.459  3.838 0.3000000119
11052  -5.459  -83.555  2.890 0.3000000119
11055  -7.449  -82.105  3.609 0.3000000119
11058  -10.678  -82.422  2.504 0.3000000119
11064  -4.531  -83.603  2.055 0.3000000119
11066  -5.612  -82.769  2.327 0.4000000060
11067  -10.872  -82.478  1.980 0.2000000030
11074  -4.400  -83.238  1.564 0.4000000060
11075  -4.793  -82.832  1.537 0.4000000060
11076  -11.250  -82.283  1.505 0.3000000119
11083  -4.129  -82.879  0.764 0.4000000060
11084  -7.608  -82.008  0.226 0.5000000000
11085  -7.826  -82.023  0.176 0.5000000000
11086  -12.017  -81.978  0.301 0.2000000030
11103  -4.183  -82.409  -0.245 0.4000000060
11105  -7.943  -82.047  -0.122 0.5000000000
11107  -12.744  -81.678  -0.632 0.1000000015
11125  -3.894  -82.180  -1.240 0.4000000060
11147  -3.146  -82.284  -3.496 0.6999999881
11185  -2.769  -82.201  -6.626 1.0000000000
11197  -2.645  -82.778  -6.993 1.0000000000
11206  -3.168  -82.047  -8.194 1.0000000000
11215  -5.423  -82.072  -10.004 1.0000000000
11226  -5.704  -82.387  -10.757 0.8000000119
11245  -5.215  -82.459  -11.529 0.8000000119
11246  -6.076  -82.456  -11.482 0.8000000119
11247  -6.705  -82.205  -11.606 0.6999999881
11263  -3.776  -82.355  -12.386 0.6999999881
11265  -5.802  -82.428  -12.208 0.8000000119
11266  -6.344  -82.396  -11.991 0.6999999881
11284  -4.241  -82.137  -12.933 0.3000000119
11303  -2.552  -82.506  -14.592 0.3000000119
11332  -2.363  -82.152  -16.139 0.2000000030
11367  -3.613  -82.199  -19.637 0.1000000015
11378  -2.834  -83.123  -19.842 0.1000000015
11405  -26.370  -82.183  -21.332 0.1000000015
11424  -3.957  -82.074  -23.820 0.1000000015
11425  -4.655  -82.121  -23.904 0.1000000015
11432  -25.452  -83.102  -23.694 0.1000000015
11442  -4.213  -82.368  -24.444 0.1000000015
11450  -25.585  -83.298  -24.174 0.1000000015
11540  -4.847  -83.081  -32.396 0.2000000030
11541  -22.856  -82.130  -31.727 0.1000000015
11543  -24.614  -82.880  -31.352 0.1000000015
11550  -4.652  -82.417  -32.493 0.2000000030
11551  -4.897  -82.737  -32.778 0.2000000030
11552  -9.746  -82.415  -32.817 0.8999999762
11554  -11.465  -82.679  -32.657 0.8999999762
11555  -12.295  -82.572  -32.797 0.8000000119
11557  -14.092  -82.670  -32.655 0.8000000119
11560  -23.011  -82.929  -31.797 0.1000000015
11568  -5.161  -82.665  -33.504 0.3000000119
11569  -9.447  -82.852  -33.438 0.8999999762
11570  -12.350  -82.249  -32.948 0.8000000119
11571  -12.663  -82.265  -32.949 0.8000000119
11572  -14.709  -82.738  -32.955 0.8000000119
11573  -15.362  -82.522  -33.263 0.8000000119
11574  -16.158  -82.479  -33.751 0.8000000119
11575  -20.651  -82.485  -34.008 0.2000000030
11576  -20.761  -82.630  -33.648 0.1000000015
11583  -9.399  -82.717  -34.368 0.8999999762
11586  -20.645  -82.716  -34.398 0.2000000030
11587  -20.882  -82.969  -34.080 0.3000000119
11597  -16.802  -82.374  -35.410 0.6999999881
11598  -17.167  -83.013  -35.638 0.6999999881
11607  -5.996  -82.320  -36.571 0.6999999881
11609  -9.914  -82.053  -36.425 0.8000000119
11611  -10.986  -82.293  -37.403 0.8000000119
11612  -16.869  -82.607  -36.341 0.6999999881
11615  -20.901  -82.691  -36.879 0.3000000119
11619  -6.513  -81.987  -37.302 0.8000000119
11622  -10.077  -81.755  -37.240 0.8000000119
11624  -11.331  -82.253  -37.997 0.8000000119
11637  -8.688  -82.689  -39.246 0.5000000000
11640  -11.750  -82.425  -38.806 0.8000000119
11641  -12.115  -82.652  -38.899 0.6999999881
11642  -16.218  -82.840  -38.452 0.6999999881
11645  -21.183  -82.916  -38.132 0.5000000000
11654  -9.543  -82.747  -39.963 0.6000000238
11656  -11.473  -82.595  -39.595 0.6999999881
11662  -20.578  -82.824  -39.015 0.5000000000
11668  -11.077  -83.201  -40.313 0.5000000000
11670  -11.962  -82.872  -39.925 0.6999999881
11672  -15.758  -82.903  -40.785 0.6000000238
11674  -19.764  -82.695  -40.481 0.5000000000
11680  -15.750  -81.842  -41.583 0.6000000238
11682  -18.577  -82.575  -41.769 0.6999999881
11689  -16.899  -82.270  -42.337 0.6999999881
11690  -17.671  -82.225  -42.468 0.6999999881
11691  -18.099  -82.295  -42.248 0.6999999881
11925  -8.284  -81.890  3.986 0.3000000119
11926  -8.663  -82.080  3.960 0.3000000119
11942  -8.419  -81.310  3.467 0.3000000119
11945  -10.606  -82.071  2.730 0.3000000119
11954  -5.804  -82.393  1.967 0.3000000119
11955  -6.537  -82.221  2.180 0.3000000119
11967  -4.917  -82.370  0.941 0.4000000060
11972  -11.407  -81.617  1.294 0.3000000119
11973  -11.773  -81.534  0.667 0.3000000119
11981  -4.514  -82.251  0.191 0.4000000060
11983  -5.759  -81.929  0.892 0.4000000060
11984  -6.417  -81.966  0.751 0.5000000000
11985  -7.420  -82.024  0.381 0.5000000000
11987  -8.839  -81.526  -0.353 0.6999999881
11988  -12.184  -81.457  0.248 0.1000000015
11989  -12.578  -81.205  -0.127 0.1000000015
12003  -7.447  -81.985  -0.483 0.5000000000
12005  -9.005  -81.519  -0.932 0.6999999881
12007  -13.501  -80.519  -1.108 0.1000000015
12021  -3.852  -81.533  -0.836 0.4000000060
12022  -6.757  -81.716  -1.266 0.6999999881
12025  -9.134  -81.235  -1.620 0.8000000119
12043  -8.855  -81.384  -2.324 0.8000000119
12044  -9.250  -80.967  -2.266 0.8000000119
12057  -3.954  -80.858  -3.542 0.6999999881
12058  -5.625  -81.252  -3.729 0.8000000119
12076  -2.801  -82.136  -5.167 0.8999999762
12078  -3.964  -80.919  -4.344 0.8999999762
12080  -6.241  -81.684  -4.655 0.8999999762
12082  -8.542  -81.782  -4.574 1.0000000000
12083  -8.775  -81.764  -4.983 1.0000000000
12099  -2.704  -82.374  -5.624 0.8999999762
12105  -8.185  -82.017  -5.584 1.0000000000
12121  -2.728  -82.063  -6.115 1.0000000000
12125  -6.240  -81.587  -6.600 1.0000000000
12142  -8.290  -81.251  -7.314 1.0000000000
12150  -5.943  -81.786  -8.455 1.0000000000
12158  -4.400  -81.690  -8.992 1.0000000000
12162  -7.431  -81.257  -9.999 0.8999999762
12169  -7.374  -80.886  -10.892 0.6000000238
12200  -5.678  -82.120  -12.859 0.3000000119
12201  -6.520  -81.945  -12.524 0.6999999881
12202  -6.966  -81.349  -12.204 0.6999999881
12217  -3.075  -81.510  -14.145 0.2000000030
12218  -3.710  -81.254  -13.853 0.2000000030
12219  -4.752  -81.679  -13.394 0.3000000119
12220  -5.548  -81.644  -13.275 0.5000000000
12221  -6.002  -81.822  -12.990 0.5000000000
12237  -2.784  -81.504  -14.685 0.2000000030
12240  -5.309  -81.671  -13.420 0.3000000119
12261  -8.302  -81.332  -14.683 0.1000000015
12292  -2.928  -81.608  -17.420 0.1000000015
12302  -3.877  -81.584  -18.543 0.1000000015
12355  -4.012  -81.150  -22.574 0.1000000015
12498  -22.886  -81.559  -31.853 0.1000000015
12501  -24.892  -82.302  -31.425 0.1000000015
12507  -9.562  -81.616  -32.732 0.8999999762
12511  -13.723  -82.152  -32.802 0.8000000119
12512  -13.919  -82.299  -32.642 0.8000000119
12513  -21.534  -81.459  -32.824 0.1000000015
12518  -26.234  -81.642  -32.205 0.1000000015
12526  -4.575  -81.846  -33.392 0.2000000030
12527  -8.749  -81.122  -34.146 0.8999999762
12529  -11.428  -81.432  -33.024 0.8000000119
12530  -12.071  -81.938  -33.230 0.8000000119
12531  -13.203  -82.009  -33.184 0.8000000119
12534  -16.226  -81.850  -34.174 0.8000000119
12544  -8.827  -81.193  -34.759 0.8999999762
12550  -16.393  -81.727  -34.975 0.6999999881
12551  -20.302  -81.527  -34.570 0.2000000030
12559  -9.020  -81.210  -35.430 0.8000000119
12561  -14.099  -81.286  -34.852 0.6999999881
12562  -14.888  -81.164  -35.122 0.6999999881
12563  -15.741  -81.255  -35.548 0.6999999881
12574  -19.961  -81.593  -36.730 0.3000000119
12584  -6.975  -81.180  -37.670 0.6999999881
12588  -10.104  -81.627  -38.253 0.8000000119
12589  -15.600  -81.488  -37.429 0.6999999881
12591  -19.837  -81.481  -37.294 0.3000000119
12592  -20.049  -81.820  -37.139 0.3000000119
12601  -8.011  -81.740  -38.628 0.6999999881
12602  -8.359  -81.759  -38.818 0.6999999881
12603  -9.255  -81.758  -39.146 0.6999999881
12605  -14.655  -81.180  -39.313 0.5000000000
12607  -15.825  -81.952  -38.273 0.6999999881
12609  -19.550  -81.393  -38.188 0.4000000060
12614  -9.475  -82.146  -39.657 0.6000000238
12615  -10.010  -82.015  -39.614 0.6000000238
12617  -15.087  -81.612  -39.695 0.6000000238
12619  -19.210  -81.146  -39.555 0.5000000000
12620  -19.585  -81.733  -39.094 0.5000000000
12626  -14.740  -80.927  -40.974 0.5000000000
12635  -14.937  -80.730  -41.363 0.5000000000
12636  -15.454  -81.218  -41.533 0.6000000238
12645  -15.899  -80.937  -41.861 0.6000000238
12646  -16.314  -81.400  -42.052 0.6000000238
12878  -8.608  -80.584  2.814 0.3000000119
12880  -9.687  -80.624  2.943 0.3000000119
12892  -8.047  -81.318  2.397 0.3000000119
12895  -10.745  -80.645  2.209 0.3000000119
12902  -5.036  -82.123  0.475 0.4000000060
12903  -5.174  -82.200  0.756 0.4000000060
12904  -7.870  -81.704  2.016 0.4000000060
12905  -8.535  -81.185  1.359 0.3000000119
12906  -11.260  -80.747  1.406 0.3000000119
12914  -4.348  -81.553  -0.344 0.4000000060
12915  -4.771  -81.704  0.031 0.4000000060
12916  -5.313  -81.917  0.441 0.4000000060
12917  -9.147  -80.943  -0.067 0.6999999881
12920  -11.946  -80.763  0.516 0.1000000015
12932  -3.960  -81.258  -0.522 0.5000000000
12933  -4.282  -80.987  -0.360 0.5000000000
12936  -9.270  -80.604  -0.563 0.6999999881
12937  -9.307  -80.843  -0.916 0.6999999881
12950  -4.435  -80.619  -1.082 0.6999999881
12951  -5.326  -80.758  -1.481 0.5000000000
12953  -9.343  -80.622  -1.701 0.6999999881
12964  -3.869  -80.711  -1.624 0.6999999881
12967  -6.217  -81.315  -2.519 0.6000000238
12968  -9.331  -80.415  -2.305 0.8000000119
12969  -14.726  -79.657  -2.598 0.1000000015
12981  -3.821  -80.851  -2.305 0.6000000238
12983  -4.848  -80.887  -3.414 0.8999999762
12985  -9.226  -80.700  -2.902 1.0000000000
12999  -4.304  -80.860  -3.647 0.8999999762
13002  -8.905  -81.552  -5.032 1.0000000000
13020  -8.702  -81.733  -5.307 1.0000000000
13036  -8.521  -81.057  -6.679 1.0000000000
13049  -8.346  -80.796  -7.255 1.0000000000
13068  -6.548  -80.028  -11.277 0.6000000238
13085  -6.923  -80.487  -11.654 0.6000000238
13102  -4.804  -80.215  -12.749 0.4000000060
13103  -5.371  -80.288  -12.530 0.4000000060
13104  -6.430  -80.838  -12.533 0.5000000000
13105  -7.023  -80.923  -12.102 0.6000000238
13119  -4.730  -80.594  -13.381 0.2000000030
13137  -5.082  -81.150  -13.707 0.2000000030
13138  -5.414  -81.325  -13.577 0.3000000119
13139  -8.881  -80.810  -13.939 0.1000000015
13179  -2.872  -80.695  -17.033 0.2000000030
13182  -7.514  -81.235  -15.281 0.1000000015
13199  -5.507  -80.961  -16.941 0.1000000015
13206  -3.730  -81.360  -18.138 0.1000000015
13209  -5.212  -81.488  -17.414 0.1000000015
13222  -4.654  -79.866  -20.990 0.1000000015
13236  -3.913  -79.949  -21.409 0.1000000015
13237  -4.338  -80.039  -21.297 0.1000000015
13324  -3.512  -80.577  -26.866 0.2000000030
13325  -3.736  -79.959  -27.161 0.2000000030
13340  -3.386  -80.754  -27.659 0.1000000015
13365  -3.974  -80.671  -30.127 0.1000000015
13366  -8.510  -80.252  -30.896 0.8999999762
13368  -9.848  -80.521  -30.786 0.8999999762
13369  -10.514  -80.501  -30.991 0.8999999762
13374  -9.212  -80.648  -31.557 0.8999999762
13376  -10.744  -80.646  -31.643 0.8000000119
13377  -25.649  -80.017  -31.743 0.1000000015
13378  -25.984  -80.047  -31.695 0.1000000015
13386  -11.031  -80.950  -32.529 0.8000000119
13387  -22.545  -80.670  -32.632 0.1000000015
13388  -23.110  -80.522  -32.456 0.1000000015
13398  -4.513  -80.916  -33.992 0.6000000238
13402  -12.019  -81.357  -33.919 0.8000000119
13403  -21.567  -80.695  -33.339 0.1000000015
13404  -22.148  -80.368  -32.983 0.1000000015
13405  -22.717  -80.155  -32.803 0.1000000015
13410  -4.826  -80.378  -34.731 0.4000000060
13417  -21.807  -80.001  -33.405 0.1000000015
13421  -6.312  -79.942  -36.445 0.6999999881
13424  -9.093  -80.979  -35.855 0.8000000119
13429  -15.497  -81.167  -36.123 0.6999999881
13441  -8.666  -80.257  -36.860 0.8000000119
13443  -12.995  -80.786  -36.893 0.5000000000
13445  -14.623  -80.996  -36.679 0.5000000000
13446  -15.285  -81.154  -36.626 0.6000000238
13449  -25.969  -79.984  -36.827 0.1000000015
13459  -7.156  -80.671  -37.528 0.6999999881
13461  -8.323  -80.526  -37.778 0.8000000119
13464  -13.671  -80.788  -37.801 0.5000000000
13466  -15.028  -81.047  -37.207 0.5000000000
13474  -14.372  -80.942  -38.503 0.5000000000
13476  -19.091  -80.413  -39.163 0.5000000000
13477  -19.313  -80.468  -38.445 0.4000000060
13482  -12.718  -79.979  -39.707 0.4000000060
13490  -13.542  -80.010  -40.542 0.5000000000
13492  -18.718  -80.493  -40.717 0.5000000000
13500  -14.990  -80.417  -41.557 0.5000000000
13510  -16.174  -80.609  -41.893 0.5000000000
13511  -16.838  -80.636  -42.074 0.5000000000
13734  -9.534  -79.769  2.675 0.3000000119
13751  -10.576  -79.924  2.430 0.3000000119
13772  -11.698  -79.893  0.717 0.3000000119
13774  -12.732  -79.494  -0.245 0.1000000015
13800  -14.164  -78.706  -1.366 0.1000000015
13809  -7.780  -78.820  -2.784 0.8999999762
13811  -9.238  -79.956  -2.797 0.8000000119
13822  -7.005  -78.867  -3.656 0.8999999762
13825  -9.144  -80.283  -3.256 1.0000000000
13839  -8.523  -80.062  -4.748 1.0000000000
13854  -8.071  -79.664  -5.488 1.0000000000
13871  -8.567  -80.676  -6.219 1.0000000000
13904  -4.486  -79.251  -10.261 0.5000000000
13916  -5.107  -79.443  -10.852 0.3000000119
13917  -6.145  -79.635  -10.736 0.3000000119
13918  -6.835  -79.909  -10.139 0.5000000000
13929  -3.624  -79.520  -12.170 0.3000000119
13953  -4.836  -80.114  -12.418 0.4000000060
13971  -4.265  -80.066  -13.394 0.2000000030
13999  -3.438  -79.444  -15.355 0.2000000030
14001  -7.986  -80.029  -14.690 0.1000000015
14002  -8.500  -80.502  -14.431 0.1000000015
14022  -3.109  -79.977  -16.797 0.2000000030
14027  -6.933  -80.529  -15.616 0.1000000015
14045  -3.687  -80.138  -17.214 0.2000000030
14046  -4.475  -79.962  -17.141 0.1000000015
14064  -5.379  -78.926  -20.174 0.2000000030
14079  -3.704  -79.434  -20.908 0.2000000030
14080  -4.170  -79.575  -20.836 0.1000000015
14100  -3.972  -79.833  -21.175 0.1000000015
14188  -3.705  -79.551  -26.629 0.1000000015
14210  -7.318  -79.011  -28.702 1.0000000000
14211  -8.001  -79.066  -28.743 0.8999999762
14220  -7.490  -79.391  -29.137 1.0000000000
14221  -8.464  -79.514  -29.345 0.8999999762
14222  -8.988  -79.902  -29.665 0.8999999762
14228  -6.847  -79.270  -29.592 1.0000000000
14230  -8.448  -80.070  -30.233 0.8999999762
14231  -9.567  -80.028  -30.046 0.8999999762
14233  -11.124  -80.204  -30.968 0.8999999762
14237  -3.513  -79.104  -31.306 0.4000000060
14240  -7.548  -79.589  -30.795 0.8999999762
14243  -24.065  -79.152  -31.821 0.1000000015
14245  -25.515  -79.508  -31.601 0.1000000015
14250  -3.584  -79.124  -31.998 0.6000000238
14251  -3.848  -79.621  -32.660 0.6000000238
14253  -7.337  -79.371  -31.897 1.0000000000
14256  -22.098  -79.038  -32.387 0.1000000015
14257  -22.461  -79.219  -32.338 0.1000000015
14260  -25.411  -79.981  -31.806 0.1000000015
14262  -27.468  -79.771  -33.207 0.1000000015
14265  -4.260  -79.526  -33.590 0.6999999881
14266  -7.527  -79.195  -33.013 0.8999999762
14272  -27.522  -79.755  -33.993 0.1000000015
14279  -7.828  -79.227  -34.116 0.8999999762
14281  -11.886  -79.788  -34.485 0.6999999881
14285  -26.805  -79.026  -34.817 0.1000000015
14286  -27.168  -79.507  -34.758 0.1000000015
14297  -8.390  -80.032  -34.986 0.8999999762
14299  -12.220  -80.258  -35.887 0.6000000238
14311  -7.573  -79.437  -36.609 0.6999999881
14313  -11.486  -79.965  -36.776 0.6000000238
14329  -25.611  -79.578  -37.036 0.1000000015
14332  -9.640  -78.826  -38.534 0.4000000060
14333  -10.151  -79.157  -38.946 0.5000000000
14336  -19.082  -79.560  -39.525 0.4000000060
14344  -11.077  -79.094  -39.415 0.4000000060
14346  -12.808  -79.829  -40.013 0.5000000000
14347  -18.881  -79.761  -40.235 0.5000000000
14353  -12.716  -78.970  -40.278 0.4000000060
14355  -13.746  -79.897  -40.830 0.5000000000
14367  -14.247  -79.753  -41.355 0.5000000000
14368  -15.176  -79.970  -41.812 0.5000000000
14378  -15.815  -80.002  -41.831 0.5000000000
14380  -17.095  -79.861  -41.901 0.5000000000
14381  -17.693  -79.424  -41.990 0.5000000000
14579  -9.313  -79.127  2.420 0.3000000119
14581  -9.905  -79.175  2.615 0.3000000119
14603  -11.477  -78.382  1.368 0.3000000119
14620  -11.578  -79.203  0.935 0.3000000119
14621  -11.568  -78.610  1.090 0.3000000119
14632  -9.066  -78.219  -0.785 0.5000000000
14634  -11.873  -79.423  0.574 0.2000000030
14637  -13.452  -77.738  -0.325 0.2000000030
14649  -13.451  -78.717  -0.734 0.1000000015
14661  -8.448  -78.538  -1.785 0.6000000238
14663  -14.890  -77.545  -1.619 0.1000000015
14672  -5.514  -77.340  -3.898 0.8999999762
14673  -5.732  -77.463  -3.675 0.8999999762
14674  -6.390  -77.778  -3.166 0.8999999762
14677  -14.679  -78.194  -1.856 0.1000000015
14686  -5.342  -77.521  -3.921 0.8999999762
14687  -5.675  -77.983  -3.748 0.8999999762
14689  -7.038  -78.734  -3.414 0.8999999762
14699  -5.047  -77.765  -4.085 0.8999999762
14717  -6.166  -78.722  -5.504 0.8000000119
14763  -6.497  -78.934  -7.718 0.8000000119
14775  -2.648  -78.330  -11.761 0.3000000119
14777  -3.774  -79.045  -10.244 0.3000000119
14786  -2.728  -78.329  -12.495 0.2000000030
14818  -3.592  -78.860  -13.718 0.2000000030
14819  -7.264  -78.075  -13.494 0.1000000015
14821  -8.581  -79.039  -12.939 0.1000000015
14872  -3.965  -78.729  -15.690 0.2000000030
14900  -6.321  -77.729  -19.097 0.1000000015
14901  -7.304  -77.654  -19.170 0.1000000015
14902  -8.191  -77.738  -19.149 0.1000000015
14917  -3.748  -78.554  -19.892 0.2000000030
14955  -3.193  -78.701  -21.622 0.2000000030
15024  -3.618  -78.662  -26.439 0.2000000030
15036  -3.667  -78.778  -27.285 0.2000000030
15038  -8.339  -77.723  -27.900 1.0000000000
15046  -3.707  -78.985  -27.891 0.2000000030
15047  -6.755  -78.510  -28.609 1.0000000000
15048  -7.582  -78.607  -28.342 1.0000000000
15049  -8.480  -78.332  -28.574 1.0000000000
15053  -6.500  -78.754  -29.285 1.0000000000
15059  -6.442  -78.581  -30.019 1.0000000000
15060  -9.488  -78.386  -30.096 0.8999999762
15062  -11.250  -79.499  -30.720 0.8999999762
15063  -11.512  -79.880  -31.133 0.8999999762
15064  -22.698  -78.299  -30.530 0.1000000015
15065  -23.447  -78.254  -30.652 0.1000000015
15072  -10.538  -78.273  -30.976 0.8999999762
15074  -11.748  -79.513  -31.539 0.8000000119
15077  -23.930  -78.821  -31.395 0.1000000015
15078  -24.994  -78.492  -31.293 0.1000000015
15080  -26.869  -78.808  -31.893 0.1000000015
15084  -3.886  -78.584  -32.412 0.6000000238
15088  -11.500  -78.346  -32.081 0.8000000119
15093  -27.268  -78.798  -33.014 0.1000000015
15101  -4.645  -78.658  -33.894 0.6999999881
15103  -7.223  -78.456  -32.979 0.8999999762
15105  -20.902  -78.225  -33.153 0.1000000015
15106  -21.305  -78.484  -32.638 0.1000000015
15108  -27.401  -79.049  -33.994 0.1000000015
15117  -5.666  -78.247  -35.080 0.6999999881
15120  -11.668  -79.059  -34.799 0.6000000238
15123  -26.019  -78.247  -34.809 0.1000000015
15134  -7.276  -78.302  -35.123 0.8000000119
15136  -9.601  -78.028  -35.596 0.6000000238
15137  -10.105  -78.369  -35.629 0.6000000238
15141  -25.856  -78.261  -35.148 0.1000000015
15144  -9.420  -78.335  -36.105 0.6000000238
15146  -11.043  -79.428  -36.294 0.6000000238
15147  -19.721  -78.344  -36.675 0.1000000015
15148  -20.026  -79.196  -36.153 0.1000000015
15155  -9.956  -79.336  -37.383 0.5000000000
15163  -9.269  -78.454  -38.142 0.4000000060
15173  -10.233  -78.385  -39.246 0.4000000060
15174  -10.929  -78.383  -39.420 0.4000000060
15176  -12.580  -78.038  -39.859 0.4000000060
15177  -19.023  -78.740  -40.060 0.4000000060
15178  -19.212  -78.222  -39.469 0.4000000060
15188  -13.915  -78.039  -40.829 0.4000000060
15204  -13.460  -78.919  -41.012 0.4000000060
15205  -14.142  -78.677  -41.126 0.4000000060
15207  -16.731  -78.661  -41.555 0.5000000000
15208  -17.538  -78.546  -41.661 0.5000000000
15209  -18.043  -78.786  -41.823 0.5000000000
15227  -16.533  -79.421  -41.790 0.5000000000
15229  -17.682  -78.928  -41.944 0.5000000000
15475  -9.536  -78.161  1.906 0.4000000060
15476  -9.792  -78.029  2.046 0.4000000060
15477  -10.533  -77.906  2.075 0.4000000060
15478  -11.184  -78.071  1.906 0.4000000060
15479  -11.404  -78.202  1.531 0.4000000060
15497  -9.581  -77.841  1.365 0.4000000060
15499  -10.564  -77.399  1.856 0.4000000060
15501  -11.657  -77.990  1.056 0.4000000060
15515  -9.134  -77.971  -0.441 0.4000000060
15532  -8.896  -77.462  -0.665 0.5000000000
15533  -14.388  -77.189  -0.749 0.2000000030
15547  -6.844  -77.581  -2.300 0.8999999762
15549  -8.320  -77.367  -1.224 0.5000000000
15551  -15.158  -77.125  -1.711 0.2000000030
15565  -5.500  -77.105  -3.732 0.8999999762
15567  -6.326  -77.289  -2.988 0.8000000119
15568  -15.482  -77.008  -2.467 0.2000000030
15584  -4.823  -76.655  -4.182 0.8000000119
15586  -15.625  -77.261  -2.924 0.2000000030
15587  -15.815  -76.890  -3.301 0.2000000030
15597  -4.578  -77.295  -4.540 0.8000000119
15612  -4.003  -76.833  -4.870 0.8000000119
15665  -9.104  -77.285  -9.672 0.1000000015
15699  -2.740  -77.780  -12.963 0.2000000030
15700  -2.891  -78.250  -13.162 0.2000000030
15701  -6.631  -77.188  -12.628 0.1000000015
15702  -7.150  -77.406  -12.218 0.1000000015
15704  -8.685  -78.116  -11.823 0.1000000015
15720  -3.220  -78.115  -13.521 0.2000000030
15723  -7.475  -77.804  -12.708 0.1000000015
15739  -3.902  -77.873  -14.148 0.1000000015
15742  -6.143  -77.515  -13.938 0.1000000015
15743  -6.700  -77.850  -13.738 0.1000000015
15757  -5.696  -77.723  -14.805 0.1000000015
15758  -6.166  -77.852  -14.618 0.1000000015
15786  -4.947  -76.387  -18.168 0.1000000015
15788  -6.543  -76.648  -18.401 0.1000000015
15803  -2.862  -76.543  -18.637 0.2000000030
15866  -8.144  -77.168  -21.793 1.0000000000
15867  -8.599  -77.179  -21.919 1.0000000000
15884  -2.622  -77.148  -21.821 0.3000000119
15886  -6.709  -77.457  -22.669 1.0000000000
15888  -8.420  -77.505  -22.378 1.0000000000
15889  -9.083  -77.352  -22.496 1.0000000000
15902  -6.793  -77.518  -23.287 1.0000000000
15903  -7.894  -77.623  -23.378 1.0000000000
15905  -9.363  -77.306  -22.815 1.0000000000
15919  -7.797  -77.285  -23.958 1.0000000000
15952  -6.879  -76.884  -27.913 1.0000000000
15953  -7.503  -77.306  -27.680 1.0000000000
15955  -9.232  -76.770  -27.825 1.0000000000
15959  -6.605  -77.412  -28.381 1.0000000000
15962  -9.576  -76.841  -28.214 1.0000000000
15966  -6.209  -77.295  -29.914 1.0000000000
15969  -22.458  -77.178  -29.772 0.1000000015
15970  -23.136  -77.043  -29.880 0.1000000015
15971  -23.538  -76.835  -30.186 0.1000000015
15976  -6.276  -77.251  -30.150 1.0000000000
15977  -6.407  -77.559  -30.352 1.0000000000
15979  -9.641  -78.172  -30.458 0.8999999762
15980  -21.108  -77.379  -30.621 0.1000000015
15984  -24.373  -77.532  -30.983 0.1000000015
15989  -4.445  -77.173  -32.272 0.8000000119
15991  -9.129  -77.388  -31.232 0.8999999762
15993  -10.668  -78.093  -31.419 0.8999999762
15996  -24.905  -77.682  -31.361 0.1000000015
16004  -3.890  -78.028  -32.159 0.6999999881
16006  -5.847  -76.805  -33.135 1.0000000000
16010  -11.505  -78.295  -32.477 0.8000000119
16012  -21.157  -77.974  -32.022 0.1000000015
16014  -26.651  -78.039  -32.290 0.1000000015
16021  -5.447  -77.056  -33.663 0.8000000119
16023  -9.873  -77.191  -33.874 0.6999999881
16026  -20.558  -77.397  -33.299 0.1000000015
16033  -4.932  -78.137  -34.106 0.6999999881
16035  -5.881  -77.280  -34.101 0.8000000119
16037  -10.424  -77.571  -34.507 0.6999999881
16040  -25.877  -77.895  -34.609 0.1000000015
16041  -26.462  -77.940  -34.105 0.1000000015
16044  -9.002  -77.566  -35.475 0.6000000238
16046  -10.656  -78.014  -35.142 0.6000000238
16047  -13.500  -76.691  -35.973 0.3000000119
16048  -14.000  -76.886  -35.745 0.3000000119
16049  -14.846  -77.086  -35.619 0.3000000119
16050  -15.629  -77.087  -35.650 0.3000000119
16053  -24.872  -77.226  -35.399 0.1000000015
16057  -8.217  -77.225  -36.065 0.6000000238
16060  -14.353  -77.289  -36.430 0.4000000060
16061  -15.320  -77.358  -36.241 0.4000000060
16062  -16.097  -77.124  -36.116 0.2000000030
16063  -19.485  -77.420  -36.675 0.2000000030
16073  -16.379  -76.893  -36.588 0.3000000119
16074  -19.436  -77.603  -37.510 0.2000000030
16081  -8.237  -77.220  -37.984 0.4000000060
16082  -9.036  -77.567  -38.415 0.4000000060
16084  -10.788  -77.180  -39.025 0.3000000119
16085  -11.569  -76.991  -39.019 0.3000000119
16086  -19.253  -76.931  -38.950 0.4000000060
16097  -10.617  -77.828  -39.287 0.3000000119
16102  -14.823  -76.968  -40.089 0.4000000060
16104  -19.331  -77.980  -39.173 0.4000000060
16115  -13.693  -77.708  -40.426 0.4000000060
16116  -14.487  -77.581  -40.582 0.4000000060
16120  -18.462  -77.703  -40.588 0.4000000060
16135  -15.030  -78.022  -41.111 0.5000000000
16425  -10.865  -77.378  1.874 0.4000000060
16426  -11.027  -77.623  1.930 0.4000000060
16443  -9.989  -77.113  1.233 0.4000000060
16444  -10.675  -76.920  1.560 0.4000000060
16445  -11.340  -77.340  1.497 0.4000000060
16460  -9.435  -77.208  0.564 0.4000000060
16461  -9.842  -76.856  0.697 0.4000000060
16464  -13.463  -76.520  0.153 0.3000000119
16465  -14.146  -76.431  -0.325 0.3000000119
16477  -9.681  -76.554  -0.006 0.4000000060
16478  -10.109  -76.537  0.396 0.4000000060
16493  -7.854  -76.987  -1.511 0.6999999881
16494  -8.709  -76.707  -1.120 0.4000000060
16496  -15.136  -76.725  -1.325 0.2000000030
16507  -5.341  -76.981  -3.433 0.8999999762
16508  -5.827  -76.954  -3.219 0.8999999762
16513  -15.853  -76.025  -2.833 0.1000000015
16527  -4.533  -76.328  -4.205 0.8000000119
16528  -5.257  -76.664  -3.896 0.8999999762
16530  -6.499  -76.488  -3.209 0.8999999762
16557  -3.715  -76.150  -5.224 0.8999999762
16607  -3.908  -75.679  -8.707 0.5000000000
16618  -3.981  -75.914  -8.966 0.5000000000
16620  -8.616  -76.722  -9.653 0.1000000015
16631  -6.493  -76.222  -10.834 0.1000000015
16632  -7.324  -76.646  -10.382 0.1000000015
16633  -7.992  -77.059  -9.978 0.1000000015
16645  -6.879  -76.877  -11.387 0.1000000015
16656  -2.840  -76.792  -12.680 0.1000000015
16673  -2.914  -77.302  -13.143 0.1000000015
16677  -5.722  -76.869  -13.273 0.1000000015
16690  -4.130  -77.213  -13.874 0.1000000015
16691  -4.723  -76.944  -13.922 0.1000000015
16693  -5.786  -77.097  -13.690 0.1000000015
16711  -5.721  -75.207  -18.094 0.1000000015
16714  -7.755  -75.504  -18.333 0.1000000015
16727  -3.824  -76.003  -17.776 0.1000000015
16729  -5.303  -75.700  -18.126 0.1000000015
16731  -7.128  -76.155  -18.431 0.1000000015
16748  -3.886  -76.751  -18.009 0.2000000030
16781  -2.596  -76.150  -20.215 0.4000000060
16782  -6.915  -76.020  -20.826 0.8000000119
16803  -5.801  -76.124  -21.909 1.0000000000
16807  -9.311  -76.295  -21.961 1.0000000000
16820  -2.557  -76.811  -21.855 0.3000000119
16824  -6.866  -76.898  -21.796 1.0000000000
16825  -8.947  -77.167  -22.086 1.0000000000
16827  -10.462  -76.697  -22.970 1.0000000000
16828  -10.887  -76.539  -23.319 1.0000000000
16845  -8.043  -77.270  -23.930 1.0000000000
16849  -11.298  -76.464  -23.710 1.0000000000
16866  -5.801  -76.521  -24.065 1.0000000000
16869  -9.116  -76.791  -24.356 1.0000000000
16872  -11.589  -76.493  -24.432 1.0000000000
16873  -12.416  -76.292  -24.549 1.0000000000
16885  -7.066  -76.451  -24.866 1.0000000000
16887  -10.487  -76.464  -24.767 1.0000000000
16888  -11.003  -76.448  -24.968 1.0000000000
16890  -12.643  -76.378  -25.330 1.0000000000
16891  -13.428  -76.176  -25.542 1.0000000000
16892  -14.061  -76.046  -25.909 1.0000000000
16900  -3.046  -76.002  -26.636 0.6000000238
16901  -12.163  -76.356  -25.760 1.0000000000
16904  -14.277  -76.034  -26.577 1.0000000000
16908  -3.344  -75.818  -27.590 0.8000000119
16909  -7.216  -76.493  -27.806 1.0000000000
16913  -10.112  -75.952  -28.086 1.0000000000
16914  -12.600  -76.231  -26.730 1.0000000000
16915  -13.038  -76.304  -26.858 1.0000000000
16916  -13.744  -76.276  -26.996 1.0000000000
16921  -7.244  -76.068  -28.103 1.0000000000
16922  -9.574  -76.983  -28.709 1.0000000000
16923  -9.841  -76.603  -28.568 0.8999999762
16924  -10.149  -76.238  -28.475 0.8999999762
16928  -3.713  -76.029  -29.122 0.8999999762
16930  -6.376  -76.715  -29.539 1.0000000000
16932  -9.652  -76.666  -29.113 1.0000000000
16942  -3.697  -76.230  -30.105 0.8999999762
16943  -6.346  -77.106  -30.311 1.0000000000
16944  -6.456  -76.654  -30.654 1.0000000000
16957  -6.120  -76.433  -31.803 1.0000000000
16964  -25.097  -77.385  -31.681 0.1000000015
16968  -4.743  -77.050  -32.701 0.8000000119
16969  -5.281  -76.621  -32.871 0.8999999762
16970  -5.830  -76.586  -32.566 0.8999999762
16972  -9.408  -76.897  -32.158 0.8999999762
16973  -16.844  -75.977  -32.999 0.2000000030
16974  -17.574  -76.287  -32.855 0.2000000030
16975  -18.452  -76.358  -32.888 0.1000000015
16979  -24.269  -76.553  -32.443 0.1000000015
16982  -4.717  -77.385  -33.035 0.8000000119
16985  -9.303  -76.777  -33.290 0.6999999881
16991  -19.970  -76.388  -33.767 0.1000000015
16992  -24.309  -76.688  -33.167 0.1000000015
16997  -8.890  -76.924  -34.476 0.6000000238
16998  -14.972  -75.765  -34.915 0.3000000119
16999  -15.456  -76.006  -34.455 0.3000000119
17000  -16.242  -76.564  -34.362 0.1000000015
17001  -17.217  -76.589  -34.482 0.2000000030
17002  -18.358  -76.147  -34.742 0.2000000030
17010  -8.024  -76.606  -35.264 0.6000000238
17011  -8.494  -77.136  -35.140 0.6000000238
17012  -13.659  -76.245  -35.708 0.2000000030
17017  -18.307  -76.180  -35.706 0.2000000030
17018  -19.608  -76.558  -35.361 0.1000000015
17019  -19.977  -76.805  -34.928 0.1000000015
17021  -24.949  -77.187  -35.068 0.1000000015
17027  -12.640  -76.115  -36.670 0.2000000030
17029  -13.628  -77.080  -36.825 0.3000000119
17030  -16.787  -76.700  -36.178 0.3000000119
17033  -19.243  -76.643  -36.400 0.2000000030
17040  -7.907  -76.406  -37.686 0.4000000060
17044  -15.560  -76.935  -37.644 0.4000000060
17046  -17.989  -76.163  -37.420 0.3000000119
17059  -8.528  -76.636  -38.394 0.4000000060
17061  -10.187  -76.693  -38.633 0.3000000119
17064  -13.783  -76.939  -38.447 0.4000000060
17069  -19.191  -76.653  -38.299 0.2000000030
17070  -19.355  -77.117  -37.951 0.4000000060
17097  -15.892  -76.593  -40.234 0.4000000060
17098  -16.360  -76.412  -40.312 0.4000000060
17099  -17.417  -76.191  -40.412 0.4000000060
17479  -11.561  -76.656  0.967 0.3000000119
17497  -11.002  -76.273  1.049 0.4000000060
17514  -10.585  -76.192  -0.029 0.4000000060
17516  -12.732  -75.291  -0.347 0.3000000119
17517  -14.737  -75.475  -0.886 0.3000000119
17518  -15.209  -75.495  -1.209 0.2000000030
17527  -8.916  -76.208  -1.321 0.6999999881
17531  -15.570  -75.599  -1.525 0.2000000030
17532  -15.869  -75.335  -1.794 0.2000000030
17540  -6.747  -76.388  -3.092 0.8000000119
17546  -12.724  -75.047  -2.753 0.4000000060
17547  -15.707  -75.752  -1.868 0.2000000030
17548  -15.972  -75.442  -2.272 0.2000000030
17561  -4.253  -75.861  -4.340 0.8000000119
17562  -4.757  -75.940  -4.117 0.8999999762
17565  -7.346  -75.889  -3.689 0.8999999762
17569  -11.831  -75.683  -3.337 0.4000000060
17570  -12.573  -75.327  -3.259 0.4000000060
17571  -16.164  -75.305  -2.911 0.2000000030
17583  -3.920  -75.581  -4.776 0.8000000119
17584  -4.445  -75.308  -4.566 0.8000000119
17587  -6.865  -75.664  -4.323 0.8999999762
17592  -12.578  -75.446  -4.124 0.4000000060
17595  -17.227  -75.249  -4.818 0.1000000015
17608  -3.990  -74.900  -5.014 0.8999999762
17609  -10.565  -75.391  -5.279 0.6999999881
17611  -12.310  -75.538  -5.023 0.6000000238
17612  -12.858  -75.377  -4.795 0.4000000060
17628  -3.474  -75.290  -6.416 0.8999999762
17646  -3.480  -74.968  -6.975 0.8999999762
17661  -3.847  -75.261  -8.546 0.5000000000
17672  -3.639  -75.606  -9.381 0.5000000000
17674  -7.689  -75.709  -9.826 0.1000000015
17675  -8.434  -75.832  -9.673 0.1000000015
17684  -2.975  -75.840  -10.129 0.3000000119
17685  -5.687  -75.020  -10.922 0.1000000015
17688  -8.893  -75.498  -9.820 0.1000000015
17699  -2.763  -75.904  -11.029 0.3000000119
17700  -2.765  -75.286  -10.740 0.1000000015
17702  -5.981  -75.947  -11.210 0.1000000015
17718  -4.989  -75.349  -11.949 0.1000000015
17725  -3.678  -76.442  -13.109 0.1000000015
17727  -4.634  -75.998  -12.592 0.1000000015
17757  -4.973  -75.142  -17.877 0.1000000015
17758  -5.382  -74.931  -17.914 0.1000000015
17759  -6.227  -74.855  -18.047 0.1000000015
17760  -7.319  -74.806  -18.139 0.1000000015
17782  -4.625  -75.440  -17.880 0.1000000015
17798  -2.912  -75.464  -18.124 0.1000000015
17799  -3.325  -75.577  -17.838 0.1000000015
17815  -2.628  -75.278  -18.883 0.4000000060
17841  -7.075  -75.454  -20.639 0.8000000119
17860  -5.312  -75.553  -21.445 0.8000000119
17862  -7.692  -75.557  -20.839 1.0000000000
17864  -9.105  -75.944  -21.718 1.0000000000
17882  -5.279  -75.775  -22.235 1.0000000000
17886  -11.125  -76.152  -23.061 1.0000000000
17915  -5.955  -76.252  -24.523 1.0000000000
17916  -8.152  -75.917  -25.181 1.0000000000
17919  -12.905  -75.697  -24.494 1.0000000000
17924  -3.331  -75.375  -26.082 0.8999999762
17927  -7.628  -75.293  -25.757 1.0000000000
17929  -10.070  -75.964  -25.267 1.0000000000
17931  -11.760  -76.292  -25.741 1.0000000000
17932  -13.915  -75.540  -25.528 1.0000000000
17943  -12.353  -76.194  -26.629 1.0000000000
17944  -14.877  -75.412  -26.806 0.8000000119
17945  -15.251  -75.043  -27.229 0.8000000119
17952  -7.620  -75.490  -27.847 1.0000000000
17954  -9.142  -75.712  -27.239 1.0000000000
17967  -3.673  -75.319  -28.041 0.8000000119
17975  -15.475  -74.989  -28.565 0.5000000000
17985  -3.830  -75.175  -28.807 0.8999999762
17987  -6.526  -75.751  -30.218 1.0000000000
17988  -9.349  -76.515  -29.396 1.0000000000
17994  -15.188  -75.038  -29.560 0.5000000000
18009  -6.133  -75.538  -31.138 1.0000000000
18011  -9.558  -75.439  -30.032 1.0000000000
18014  -13.271  -75.176  -30.429 1.0000000000
18016  -15.054  -74.797  -30.186 0.6999999881
18027  -4.031  -75.584  -30.572 0.8999999762
18028  -4.580  -75.490  -31.255 1.0000000000
18032  -9.323  -75.292  -30.728 1.0000000000
18034  -13.050  -74.963  -30.954 0.8999999762
18035  -17.574  -75.227  -31.894 0.1000000015
18036  -18.065  -75.452  -31.432 0.2000000030
18037  -18.863  -75.977  -31.548 0.1000000015
18045  -7.926  -74.646  -33.228 0.6999999881
18057  -7.666  -74.955  -33.785 0.6000000238
18059  -15.911  -75.131  -33.733 0.1000000015
18060  -16.363  -75.433  -33.319 0.1000000015
18062  -23.721  -76.220  -33.169 0.1000000015
18067  -7.797  -75.665  -34.590 0.6999999881
18068  -15.182  -75.477  -34.742 0.1000000015
18071  -18.957  -75.891  -35.025 0.2000000030
18078  -7.684  -74.561  -35.486 0.4000000060
18081  -14.731  -75.293  -35.269 0.2000000030
18082  -15.242  -74.993  -34.847 0.2000000030
18083  -18.878  -76.158  -35.807 0.2000000030
18084  -19.205  -76.046  -35.364 0.1000000015
18088  -28.079  -74.963  -36.508 0.1000000015
18096  -14.149  -75.090  -35.784 0.2000000030
18098  -19.188  -76.359  -35.802 0.2000000030
18101  -27.515  -74.795  -36.510 0.1000000015
18102  -27.812  -74.870  -36.701 0.1000000015
18109  -10.753  -75.319  -37.827 0.3000000119
18111  -11.903  -75.723  -37.184 0.2000000030
18124  -8.922  -76.246  -38.542 0.3000000119
18125  -9.531  -76.069  -38.478 0.3000000119
18127  -11.315  -75.924  -38.104 0.3000000119
18552  -13.130  -75.167  -0.405 0.3000000119
18554  -13.936  -75.502  -0.487 0.3000000119
18573  -12.407  -74.963  -1.289 0.3000000119
18575  -13.589  -74.761  -0.907 0.3000000119
18588  -12.978  -74.534  -1.566 0.3000000119
18590  -15.640  -74.810  -1.719 0.2000000030
18600  -12.619  -74.954  -2.412 0.4000000060
18602  -13.311  -74.075  -2.869 0.4000000060
18605  -16.759  -74.044  -2.783 0.2000000030
18618  -13.208  -74.360  -3.172 0.4000000060
18619  -16.420  -74.836  -3.027 0.2000000030
18620  -16.754  -74.398  -3.281 0.2000000030
18633  -5.411  -74.973  -4.708 0.8999999762
18637  -9.382  -75.340  -5.176 0.8999999762
18639  -12.903  -75.144  -3.642 0.4000000060
18640  -13.231  -74.711  -3.990 0.4000000060
18656  -3.857  -74.310  -5.588 0.8999999762
18661  -8.850  -74.860  -5.774 0.8999999762
18664  -11.379  -74.821  -6.067 0.6000000238
18688  -12.533  -74.649  -6.305 0.6000000238
18703  -3.533  -74.266  -7.304 0.6999999881
18715  -3.952  -74.935  -9.035 0.5000000000
18730  -3.762  -75.184  -9.246 0.3000000119
18732  -8.619  -75.348  -9.845 0.1000000015
18741  -2.756  -74.674  -10.830 0.1000000015
18743  -5.950  -74.717  -10.762 0.1000000015
18744  -6.647  -74.706  -10.512 0.1000000015
18746  -8.853  -74.978  -10.256 0.1000000015
18747  -9.498  -75.100  -10.383 0.1000000015
18754  -2.768  -74.954  -11.299 0.1000000015
18755  -2.765  -74.928  -10.825 0.3000000119
18756  -5.480  -74.564  -11.283 0.1000000015
18758  -7.237  -74.067  -10.976 0.1000000015
18770  -5.006  -74.366  -11.789 0.1000000015
18811  -4.341  -74.226  -17.515 0.1000000015
18836  -3.397  -74.403  -17.883 0.2000000030
18837  -3.996  -74.588  -17.628 0.2000000030
18838  -4.423  -74.998  -17.713 0.1000000015
18863  -2.695  -74.374  -19.312 0.5000000000
18864  -3.007  -73.951  -19.805 0.5000000000
18865  -5.134  -74.149  -20.030 0.8000000119
18866  -5.361  -74.188  -20.119 0.8000000119
18905  -4.201  -74.611  -20.652 0.8000000119
18906  -7.058  -74.376  -21.170 0.8999999762
18922  -7.879  -74.210  -22.593 1.0000000000
18926  -10.902  -75.709  -22.864 1.0000000000
18931  -8.002  -73.948  -23.146 1.0000000000
18932  -8.499  -74.117  -23.095 1.0000000000
18940  -4.087  -74.724  -25.160 1.0000000000
18942  -5.281  -75.185  -24.996 1.0000000000
18946  -13.159  -75.227  -24.728 0.8999999762
18954  -7.372  -74.786  -26.191 1.0000000000
18955  -12.938  -74.323  -24.952 0.8000000119
18956  -13.610  -74.732  -25.291 0.8000000119
18957  -14.214  -75.088  -25.660 0.8000000119
18965  -3.557  -74.951  -26.500 0.8999999762
18966  -4.116  -74.697  -26.547 0.8999999762
18969  -7.286  -74.640  -26.861 1.0000000000
18972  -14.490  -74.626  -26.142 0.6999999881
18973  -15.016  -74.778  -26.935 0.6999999881
18983  -4.405  -74.393  -27.359 1.0000000000
18984  -5.379  -74.155  -27.543 1.0000000000
18986  -7.293  -74.935  -27.924 1.0000000000
18987  -7.721  -75.247  -27.627 1.0000000000
19002  -7.062  -74.973  -28.376 1.0000000000
19003  -15.673  -74.210  -28.720 0.6999999881
19013  -4.285  -74.615  -28.783 0.8999999762
19016  -6.471  -75.042  -29.865 1.0000000000
19017  -15.311  -74.602  -30.073 0.5000000000
19028  -5.334  -74.610  -30.200 1.0000000000
19029  -6.002  -74.820  -30.487 1.0000000000
19032  -10.086  -75.031  -30.649 1.0000000000
19034  -13.293  -74.873  -30.933 0.6999999881
19037  -15.549  -73.561  -30.519 0.3000000119
19038  -18.504  -74.818  -30.577 0.1000000015
19054  -10.529  -74.754  -31.449 0.8000000119
19056  -13.035  -74.633  -31.454 0.6999999881
19058  -14.891  -73.723  -31.468 0.6000000238
19059  -17.682  -74.920  -31.662 0.1000000015
19073  -8.078  -74.314  -33.006 0.6999999881
19074  -8.569  -74.498  -32.678 0.8999999762
19075  -9.094  -74.392  -32.297 0.6000000238
19077  -11.062  -74.318  -32.363 0.6000000238
19080  -16.741  -74.936  -32.999 0.1000000015
19081  -17.260  -74.752  -32.356 0.1000000015
19083  -23.290  -74.395  -32.223 0.1000000015
19097  -15.887  -74.717  -34.095 0.1000000015
19098  -16.397  -74.671  -33.626 0.1000000015
19102  -28.547  -74.433  -33.956 0.1000000015
19115  -7.463  -74.114  -34.399 0.6000000238
19116  -15.714  -74.640  -34.702 0.1000000015
19117  -16.352  -74.153  -34.531 0.2000000030
19120  -26.906  -74.124  -35.303 0.1000000015
19122  -28.502  -74.738  -34.955 0.1000000015
19130  -7.726  -74.240  -35.958 0.4000000060
19131  -14.694  -74.743  -35.929 0.2000000030
19132  -15.489  -74.440  -35.594 0.2000000030
19134  -23.115  -74.147  -35.037 0.1000000015
19137  -27.221  -74.609  -36.061 0.1000000015
19138  -28.143  -75.003  -35.940 0.1000000015
19145  -9.753  -74.322  -36.858 0.4000000060
19148  -14.143  -74.464  -36.421 0.2000000030
19165  -8.596  -74.988  -37.247 0.4000000060
19167  -10.314  -74.785  -37.224 0.2000000030
19169  -11.574  -74.893  -36.952 0.2000000030
19653  -14.054  -74.515  -1.106 0.3000000119
19655  -15.072  -74.389  -1.567 0.3000000119
19675  -13.448  -74.305  -1.539 0.3000000119
19677  -14.797  -73.947  -1.857 0.3000000119
19679  -15.830  -73.491  -2.350 0.3000000119
19690  -13.417  -74.223  -1.874 0.4000000060
19692  -15.818  -73.767  -2.342 0.3000000119
19694  -16.722  -73.623  -2.648 0.3000000119
19708  -17.006  -73.737  -2.939 0.2000000030
19745  -3.721  -73.733  -6.097 0.8999999762
19749  -7.323  -73.998  -5.986 1.0000000000
19753  -10.963  -74.478  -6.149 0.6999999881
19772  -3.873  -73.242  -6.313 0.8999999762
19773  -5.275  -72.925  -6.128 0.8999999762
19774  -5.842  -73.065  -6.209 0.8999999762
19775  -6.768  -73.399  -6.477 1.0000000000
19781  -13.664  -73.767  -6.718 0.5000000000
19782  -14.020  -73.350  -6.376 0.5000000000
19793  -11.900  -72.997  -7.263 0.6000000238
19826  -2.738  -74.429  -10.604 0.3000000119
19832  -5.303  -74.024  -11.655 0.1000000015
19838  -2.866  -74.171  -11.567 0.1000000015
19895  -4.007  -73.965  -17.461 0.2000000030
19896  -4.446  -73.852  -17.324 0.2000000030
19923  -6.987  -73.111  -17.739 0.2000000030
19940  -2.828  -73.782  -18.707 0.3000000119
19942  -8.580  -73.062  -18.205 0.3000000119
19961  -5.199  -73.915  -20.154 0.8000000119
19962  -5.537  -74.007  -20.217 0.8000000119
19985  -5.608  -73.642  -20.647 0.8999999762
19997  -5.778  -73.493  -21.526 0.8999999762
19998  -6.526  -73.946  -21.255 0.8999999762
20010  -4.871  -73.085  -22.361 0.8999999762
20017  -4.878  -73.133  -22.789 0.8999999762
20030  -9.426  -73.463  -24.370 0.8999999762
20031  -10.259  -73.749  -24.239 0.8999999762
20043  -11.394  -73.574  -25.140 0.8999999762
20044  -12.345  -73.906  -25.077 0.8000000119
20058  -12.675  -73.552  -25.830 0.6999999881
20060  -14.343  -73.969  -26.730 0.8000000119
20075  -15.306  -73.721  -28.248 0.6999999881
20086  -12.977  -73.102  -27.684 0.6000000238
20088  -14.826  -73.066  -28.375 0.5000000000
20105  -15.640  -73.027  -30.053 0.4000000060
20126  -15.338  -73.425  -31.157 0.4000000060
20152  -14.680  -73.511  -32.020 0.4000000060
20154  -15.556  -72.808  -31.601 0.3000000119
20155  -18.332  -73.868  -31.594 0.1000000015
20179  -8.678  -73.880  -32.900 0.6999999881
20183  -12.773  -73.222  -32.832 0.4000000060
20185  -15.004  -72.956  -32.447 0.4000000060
20186  -15.447  -72.871  -32.090 0.4000000060
20187  -17.313  -74.154  -32.843 0.1000000015
20194  -27.179  -73.637  -32.998 0.1000000015
20209  -8.035  -73.406  -33.258 0.6999999881
20211  -9.706  -72.984  -33.197 0.6000000238
20212  -10.168  -72.961  -33.211 0.6000000238
20214  -12.603  -72.722  -33.088 0.4000000060
20215  -17.382  -73.806  -33.439 0.1000000015
20236  -7.530  -73.383  -34.055 0.6000000238
20238  -17.224  -73.405  -34.671 0.2000000030
20240  -23.646  -73.711  -33.475 0.1000000015
20244  -27.239  -74.059  -34.718 0.1000000015
20256  -7.606  -73.263  -35.717 0.4000000060
20258  -16.342  -73.809  -35.503 0.2000000030
20263  -26.364  -73.746  -35.418 0.1000000015
20277  -9.413  -73.520  -36.539 0.4000000060
20283  -15.862  -73.710  -36.578 0.2000000030
20284  -16.740  -73.324  -36.482 0.2000000030
20285  -17.318  -73.028  -36.424 0.2000000030
20302  -10.826  -74.421  -36.996 0.2000000030
20303  -11.287  -74.232  -36.988 0.2000000030
20305  -15.473  -72.920  -37.611 0.2000000030
20306  -15.888  -73.102  -37.622 0.2000000030
20801  -14.107  -73.319  -2.399 0.4000000060
20803  -15.288  -73.354  -2.274 0.3000000119
20804  -15.611  -73.391  -2.315 0.3000000119
20823  -14.526  -72.608  -2.826 0.3000000119
20826  -16.617  -72.998  -2.570 0.3000000119
20862  -13.683  -72.783  -4.521 0.3000000119
20879  -4.598  -73.068  -5.978 0.8999999762
20880  -4.882  -72.873  -6.135 0.8999999762
20881  -13.668  -73.016  -5.091 0.3000000119
20882  -13.941  -72.745  -5.643 0.3000000119
20883  -18.140  -72.150  -5.538 0.1000000015
20898  -4.274  -72.727  -6.511 0.8999999762
20905  -11.254  -72.852  -7.173 0.6999999881
20906  -14.049  -73.295  -6.801 0.5000000000
20908  -19.210  -72.169  -7.031 0.1000000015
20918  -3.760  -72.652  -7.097 0.8999999762
20919  -4.037  -72.343  -6.897 0.8999999762
20921  -6.616  -72.372  -7.649 0.8999999762
20922  -7.680  -72.694  -7.814 1.0000000000
20924  -9.864  -72.460  -7.737 0.8999999762
20940  -3.615  -72.637  -7.945 0.8999999762
20943  -8.531  -72.177  -8.291 1.0000000000
20946  -14.766  -72.148  -8.016 0.5000000000
20989  -4.836  -72.197  -13.210 0.1000000015
21013  -6.321  -71.523  -14.297 0.1000000015
21014  -6.945  -71.825  -14.378 0.1000000015
21036  -4.771  -73.171  -17.187 0.1000000015
21038  -6.152  -73.130  -17.264 0.3000000119
21056  -3.408  -73.527  -18.022 0.3000000119
21058  -4.263  -72.627  -17.607 0.3000000119
21062  -7.771  -72.780  -18.323 0.3000000119
21081  -3.100  -73.310  -18.333 0.3000000119
21082  -3.115  -72.592  -18.461 0.5000000000
21083  -6.629  -72.028  -18.289 0.2000000030
21084  -7.385  -72.320  -18.578 0.2000000030
21085  -8.257  -72.641  -18.731 0.2000000030
21163  -4.888  -73.033  -21.989 0.8999999762
21167  -4.034  -72.146  -23.704 0.8999999762
21170  -6.550  -73.157  -23.897 1.0000000000
21179  -4.651  -72.269  -25.181 0.8999999762
21184  -9.542  -73.107  -24.872 0.8999999762
21197  -5.227  -72.335  -25.804 0.8999999762
21200  -8.801  -72.460  -25.510 0.8000000119
21202  -10.829  -73.193  -25.614 0.8000000119
21218  -11.365  -73.188  -26.108 0.8000000119
21243  -7.150  -72.290  -28.169 0.8000000119
21245  -8.666  -72.340  -28.256 0.6999999881
21250  -14.042  -72.650  -28.799 0.5000000000
21267  -9.013  -72.448  -29.128 0.6999999881
21272  -14.186  -72.278  -29.522 0.3000000119
21288  -9.483  -72.299  -29.648 0.6999999881
21291  -12.304  -72.094  -29.980 0.5000000000
21294  -15.327  -72.072  -30.516 0.3000000119
21306  -15.622  -72.080  -31.344 0.3000000119
21313  -10.417  -72.948  -33.214 0.6000000238
21316  -13.399  -72.524  -33.050 0.4000000060
21319  -19.725  -72.956  -31.952 0.1000000015
21327  -8.361  -72.163  -33.533 0.5000000000
21328  -9.240  -72.194  -33.305 0.6000000238
21330  -11.366  -72.279  -33.290 0.4000000060
21331  -12.574  -72.113  -33.257 0.4000000060
21333  -14.061  -71.540  -33.278 0.3000000119
21334  -19.010  -72.795  -33.815 0.1000000015
21335  -19.713  -72.729  -33.232 0.1000000015
21336  -20.789  -72.176  -33.350 0.1000000015
21337  -21.147  -72.023  -33.140 0.1000000015
21343  -7.617  -72.713  -34.614 0.6000000238
21345  -18.049  -72.865  -35.026 0.2000000030
21346  -18.713  -72.751  -34.618 0.1000000015
21357  -7.572  -72.850  -35.184 0.5000000000
21360  -9.763  -71.775  -35.730 0.3000000119
21361  -17.773  -72.854  -35.840 0.2000000030
21363  -19.556  -72.344  -35.458 0.2000000030
21377  -8.109  -72.875  -36.046 0.4000000060
21378  -8.828  -72.709  -36.137 0.4000000060
21383  -14.416  -72.732  -37.164 0.2000000030
21384  -17.830  -72.758  -36.877 0.2000000030
21386  -19.175  -72.421  -36.257 0.2000000030
21401  -15.867  -72.485  -37.828 0.2000000030
21403  -17.551  -72.504  -37.727 0.2000000030
21922  -15.162  -72.099  -2.929 0.3000000119
21925  -16.747  -72.666  -2.892 0.3000000119
21943  -13.992  -72.110  -3.859 0.3000000119
21945  -15.495  -71.569  -3.270 0.3000000119
21946  -16.189  -71.765  -3.240 0.3000000119
21963  -17.284  -71.872  -4.211 0.3000000119
21992  -4.241  -72.269  -6.902 0.8999999762
21993  -4.494  -72.183  -6.894 0.8999999762
21995  -15.161  -71.147  -7.425 0.4000000060
21996  -18.973  -71.308  -6.656 0.1000000015
22004  -4.038  -71.927  -7.315 0.8999999762
22008  -9.318  -71.987  -8.257 1.0000000000
22011  -12.086  -71.619  -7.795 0.6999999881
22013  -15.380  -71.162  -8.018 0.5000000000
22015  -19.754  -71.271  -7.526 0.1000000015
22025  -8.545  -71.815  -8.682 1.0000000000
22027  -10.326  -71.126  -8.481 0.8000000119
22031  -15.395  -70.882  -8.708 0.5000000000
22040  -4.081  -71.032  -8.945 0.6000000238
22041  -5.934  -71.111  -8.946 0.8999999762
22042  -6.790  -71.321  -9.169 1.0000000000
22043  -7.792  -71.373  -9.307 1.0000000000
22046  -14.396  -71.271  -9.169 0.6000000238
22075  -3.940  -71.168  -13.175 0.1000000015
22094  -4.960  -70.738  -14.156 0.1000000015
22147  -4.373  -71.715  -17.650 0.4000000060
22149  -5.945  -71.701  -18.018 0.3000000119
22165  -4.744  -71.125  -17.722 0.4000000060
22212  -12.437  -71.685  -20.611 0.1000000015
22214  -14.318  -71.624  -20.770 0.1000000015
22226  -10.094  -71.531  -21.304 0.1000000015
22227  -10.955  -71.499  -21.336 0.1000000015
22245  -3.707  -71.307  -22.643 0.8000000119
22257  -4.031  -72.123  -24.027 0.8999999762
22268  -3.833  -71.248  -24.864 0.8999999762
22278  -3.920  -71.036  -25.302 0.8999999762
22283  -9.280  -72.406  -25.689 0.8000000119
22286  -4.647  -71.007  -26.324 0.8000000119
22287  -5.111  -71.216  -26.803 0.8000000119
22289  -6.508  -72.269  -27.045 0.8000000119
22290  -9.212  -72.153  -26.141 0.8000000119
22291  -9.425  -72.317  -25.903 0.8000000119
22296  -5.431  -70.887  -27.395 0.8000000119
22304  -7.739  -72.297  -28.974 0.6999999881
22313  -6.669  -70.717  -29.612 0.8000000119
22314  -7.243  -71.123  -29.933 0.8000000119
22326  -7.599  -70.937  -30.487 0.6999999881
22329  -10.383  -71.575  -30.077 0.6000000238
22346  -14.997  -70.858  -31.208 0.3000000119
22354  -14.665  -71.038  -33.089 0.2000000030
22361  -8.519  -71.646  -33.692 0.5000000000
22363  -9.628  -71.332  -33.394 0.5000000000
22367  -13.966  -70.894  -33.312 0.2000000030
22379  -8.459  -71.415  -34.032 0.5000000000
22380  -8.770  -71.057  -33.886 0.5000000000
22383  -22.328  -70.734  -34.681 0.1000000015
22393  -8.368  -71.476  -34.707 0.5000000000
22395  -9.634  -71.169  -35.402 0.4000000060
22398  -12.165  -70.787  -35.841 0.3000000119
22412  -10.146  -71.560  -35.758 0.3000000119
22417  -15.183  -71.192  -36.805 0.2000000030
22418  -19.905  -72.055  -36.586 0.2000000030
22419  -20.765  -71.326  -36.858 0.1000000015
22420  -21.119  -71.093  -36.694 0.1000000015
22435  -15.502  -71.795  -37.459 0.2000000030
22437  -17.612  -71.834  -38.536 0.2000000030
22440  -20.203  -71.531  -37.378 0.1000000015
22452  -18.423  -71.675  -38.614 0.2000000030
22453  -18.791  -71.740  -38.393 0.2000000030
22982  -15.889  -71.126  -3.847 0.3000000119
22984  -16.932  -71.632  -4.096 0.3000000119
23000  -15.599  -70.413  -4.403 0.3000000119
23016  -18.412  -70.398  -5.826 0.3000000119
23028  -15.293  -70.750  -7.630 0.5000000000
23035  -12.367  -71.128  -8.028 0.6999999881
23036  -15.046  -69.816  -7.487 0.3000000119
23045  -4.725  -71.003  -8.700 0.8999999762
23046  -9.718  -70.796  -9.341 1.0000000000
23050  -13.231  -71.175  -8.666 0.6999999881
23051  -15.578  -70.143  -9.018 0.6000000238
23052  -20.252  -70.024  -8.097 0.1000000015
23059  -3.805  -71.042  -9.860 0.4000000060
23060  -4.137  -70.790  -9.501 0.4000000060
23065  -9.123  -70.725  -9.884 1.0000000000
23068  -13.002  -70.274  -8.906 0.8000000119
23071  -15.259  -70.314  -9.694 0.6000000238
23082  -10.147  -69.753  -10.434 0.8999999762
23083  -14.000  -70.250  -9.803 0.6000000238
23084  -14.622  -70.034  -10.160 0.6000000238
23090  -5.865  -70.216  -10.868 0.8000000119
23092  -7.639  -70.132  -11.204 1.0000000000
23094  -9.313  -69.829  -11.360 1.0000000000
23119  -3.998  -70.619  -13.635 0.1000000015
23127  -3.851  -70.101  -13.751 0.1000000015
23129  -5.176  -70.431  -14.600 0.1000000015
23130  -5.801  -70.641  -14.992 0.1000000015
23144  -6.197  -70.472  -15.800 0.1000000015
23175  -14.297  -70.228  -16.422 0.1000000015
23200  -15.618  -70.177  -17.662 0.1000000015
23216  -3.690  -70.644  -18.934 0.6000000238
23219  -6.318  -70.688  -18.986 0.3000000119
23222  -18.094  -70.056  -17.740 0.1000000015
23234  -5.963  -69.790  -19.140 0.2000000030
23248  -8.893  -71.376  -20.925 0.1000000015
23258  -3.600  -70.411  -21.601 0.8999999762
23308  -4.017  -70.398  -24.762 0.8000000119
23316  -4.537  -70.756  -26.061 0.8000000119
23329  -11.680  -70.176  -28.669 0.4000000060
23330  -12.083  -70.228  -28.726 0.4000000060
23338  -6.351  -70.318  -29.293 0.8000000119
23341  -11.634  -70.519  -29.151 0.4000000060
23363  -14.475  -70.618  -31.029 0.3000000119
23381  -9.033  -70.270  -30.927 0.6999999881
23384  -15.218  -70.679  -32.136 0.3000000119
23399  -14.509  -70.226  -32.757 0.3000000119
23400  -15.041  -70.453  -32.377 0.3000000119
23413  -9.199  -70.803  -33.783 0.5000000000
23415  -10.886  -70.166  -33.244 0.3000000119
23435  -8.572  -71.159  -34.448 0.5000000000
23437  -9.554  -70.348  -34.266 0.5000000000
23438  -22.161  -70.722  -35.333 0.1000000015
23455  -8.715  -71.053  -34.724 0.5000000000
23456  -9.178  -70.717  -34.852 0.5000000000
23458  -10.851  -70.009  -35.201 0.3000000119
23460  -12.944  -70.121  -35.723 0.3000000119
23476  -14.684  -70.751  -36.253 0.2000000030
23477  -15.511  -70.442  -36.461 0.3000000119
23478  -16.204  -70.539  -36.820 0.2000000030
23497  -18.278  -70.748  -38.197 0.2000000030
23501  -22.292  -69.524  -37.630 0.1000000015
23511  -17.990  -71.260  -38.479 0.2000000030
23512  -18.480  -71.287  -38.495 0.2000000030
24071  -15.359  -69.725  -4.978 0.3000000119
24074  -17.498  -69.859  -5.236 0.3000000119
24085  -15.062  -69.538  -5.461 0.3000000119
24087  -18.174  -69.557  -5.689 0.3000000119
24096  -19.248  -69.651  -6.524 0.1000000015
24097  -19.708  -69.379  -6.935 0.1000000015
24109  -12.734  -70.113  -8.829 0.8000000119
24110  -15.391  -69.199  -8.579 0.4000000060
24119  -13.563  -70.073  -9.619 0.6999999881
24124  -5.404  -70.075  -10.936 0.6000000238
24126  -10.593  -69.298  -10.737 1.0000000000
24131  -15.502  -69.079  -10.708 0.6000000238
24138  -3.962  -69.655  -11.918 0.3000000119
24145  -10.536  -69.120  -11.536 0.8000000119
24147  -15.030  -68.832  -11.281 0.6000000238
24162  -4.290  -68.918  -12.624 0.2000000030
24163  -5.160  -69.023  -12.320 0.5000000000
24165  -7.350  -69.180  -12.600 0.8000000119
24167  -9.267  -69.407  -12.512 1.0000000000
24168  -10.103  -69.132  -12.428 1.0000000000
24172  -3.955  -68.865  -13.482 0.2000000030
24174  -7.943  -69.002  -13.011 0.8000000119
24175  -8.788  -69.091  -13.079 1.0000000000
24179  -3.950  -69.774  -14.029 0.1000000015
24186  -6.127  -69.985  -16.322 0.1000000015
24189  -5.132  -68.661  -16.005 0.1000000015
24190  -5.461  -68.954  -16.314 0.1000000015
24191  -6.195  -69.427  -16.767 0.2000000030
24198  -14.459  -70.082  -17.208 0.2000000030
24207  -6.265  -68.881  -17.291 0.3000000119
24216  -14.960  -70.041  -17.874 0.1000000015
24225  -4.061  -70.002  -18.845 0.5000000000
24227  -8.630  -69.181  -18.383 0.2000000030
24243  -3.830  -69.911  -19.438 0.5000000000
24246  -6.115  -69.368  -19.484 0.2000000030
24250  -13.670  -69.462  -19.397 0.2000000030
24259  -26.963  -69.308  -19.122 0.1000000015
24263  -6.679  -69.431  -20.201 0.2000000030
24264  -7.121  -69.567  -20.967 0.1000000015
24273  -7.440  -69.325  -21.747 0.1000000015
24285  -3.898  -68.713  -22.987 0.8999999762
24286  -7.891  -69.136  -22.583 0.2000000030
24304  -3.697  -69.855  -23.939 1.0000000000
24320  -4.343  -69.544  -24.670 0.8000000119
24325  -4.753  -70.223  -25.760 0.8000000119
24333  -4.865  -70.537  -26.244 0.8000000119
24335  -5.844  -69.458  -26.528 0.8000000119
24343  -5.427  -70.327  -27.309 0.8000000119
24346  -13.981  -69.514  -27.733 0.4000000060
24347  -14.925  -69.479  -27.698 0.3000000119
24348  -15.892  -69.418  -27.739 0.3000000119
24351  -18.105  -69.204  -27.836 0.3000000119
24359  -11.103  -69.534  -28.647 0.5000000000
24360  -11.785  -69.734  -28.405 0.4000000060
24363  -14.440  -69.629  -28.372 0.3000000119
24365  -16.367  -69.541  -28.406 0.3000000119
24366  -17.330  -69.531  -28.412 0.3000000119
24369  -20.039  -69.353  -28.878 0.2000000030
24376  -6.986  -69.610  -30.248 0.6000000238
24380  -13.281  -69.944  -29.099 0.3000000119
24383  -15.847  -69.198  -29.175 0.2000000030
24401  -17.317  -69.088  -30.006 0.2000000030
24416  -8.533  -69.236  -31.389 0.6999999881
24417  -9.445  -69.578  -31.028 0.6999999881
24418  -10.233  -69.007  -30.819 0.6000000238
24419  -13.598  -69.584  -30.623 0.3000000119
24422  -18.475  -69.280  -30.960 0.2000000030
24439  -13.642  -68.684  -32.517 0.2000000030
24457  -13.969  -69.492  -32.803 0.2000000030
24489  -10.563  -69.609  -34.777 0.3000000119
24495  -16.833  -69.254  -36.024 0.2000000030
24510  -16.004  -70.080  -36.446 0.2000000030
24515  -22.965  -69.489  -37.378 0.1000000015
24526  -18.011  -70.349  -37.722 0.2000000030
24530  -21.911  -69.098  -37.773 0.1000000015
24531  -22.751  -68.988  -37.750 0.1000000015
25117  -15.897  -69.047  -5.216 0.3000000119
25119  -17.320  -69.134  -5.278 0.3000000119
25135  -15.249  -68.944  -6.135 0.4000000060
25136  -15.697  -68.595  -5.883 0.4000000060
25138  -17.178  -68.438  -5.587 0.3000000119
25141  -19.204  -68.348  -6.231 0.3000000119
25150  -15.025  -68.928  -6.873 0.3000000119
25153  -19.430  -68.609  -6.462 0.3000000119
25159  -15.028  -68.721  -7.367 0.3000000119
25160  -15.094  -68.734  -7.920 0.3000000119
25170  -15.178  -68.308  -7.675 0.3000000119
25184  -11.518  -68.710  -10.862 0.8000000119
25194  -10.857  -68.831  -11.669 0.8000000119
25199  -15.372  -68.323  -11.305 0.6000000238
25204  -4.822  -68.561  -12.901 0.2000000030
25206  -6.557  -68.747  -12.920 0.4000000060
25209  -12.206  -67.609  -12.310 0.8000000119
25213  -4.512  -68.553  -13.273 0.2000000030
25216  -7.312  -68.616  -13.296 0.8000000119
25218  -9.229  -68.673  -13.626 0.8000000119
25223  -4.590  -68.289  -14.155 0.2000000030
25224  -5.249  -67.859  -14.332 0.3000000119
25234  -4.990  -67.989  -15.715 0.3000000119
25237  -4.992  -68.433  -15.750 0.1000000015
25246  -5.798  -67.828  -17.058 0.3000000119
25260  -10.395  -69.100  -19.300 0.3000000119
25264  -26.875  -69.298  -18.298 0.1000000015
25272  -9.357  -68.218  -19.840 0.3000000119
25277  -15.071  -69.129  -20.178 0.2000000030
25283  -20.202  -68.163  -19.179 0.3000000119
25284  -26.826  -69.370  -19.850 0.1000000015
25305  -3.860  -68.025  -21.334 0.6999999881
25311  -26.111  -69.047  -21.016 0.1000000015
25319  -8.143  -68.383  -22.775 0.2000000030
25332  -4.326  -68.167  -23.883 0.8000000119
25362  -5.361  -68.352  -24.922 0.8000000119
25375  -8.114  -68.131  -26.725 0.6999999881
25386  -13.023  -69.154  -27.718 0.4000000060
25387  -13.421  -68.972  -27.559 0.4000000060
25389  -15.404  -68.928  -27.343 0.3000000119
25392  -17.896  -68.960  -27.617 0.3000000119
25398  -11.000  -69.211  -28.676 0.5000000000
25400  -12.489  -68.977  -27.913 0.4000000060
25402  -18.412  -68.921  -27.769 0.3000000119
25403  -19.132  -68.835  -28.086 0.3000000119
25404  -20.149  -68.809  -28.497 0.2000000030
25411  -6.588  -69.035  -29.001 0.6999999881
25413  -10.753  -69.188  -29.125 0.5000000000
25417  -15.884  -68.546  -29.869 0.2000000030
25419  -21.550  -68.713  -29.529 0.1000000015
25427  -7.687  -68.408  -30.671 0.6000000238
25429  -11.150  -68.124  -30.534 0.5000000000
25433  -17.313  -68.754  -30.716 0.2000000030
25435  -21.831  -68.494  -30.413 0.1000000015
25446  -8.277  -68.307  -31.310 0.6999999881
25450  -11.143  -68.039  -30.979 0.6000000238
25454  -17.599  -68.349  -31.496 0.2000000030
25457  -20.586  -68.626  -31.456 0.1000000015
25459  -21.994  -68.205  -30.979 0.1000000015
25476  -13.681  -68.128  -32.488 0.2000000030
25478  -17.812  -67.763  -32.237 0.2000000030
25482  -20.833  -68.196  -31.872 0.1000000015
25496  -11.542  -68.166  -33.566 0.3000000119
25497  -12.495  -67.774  -33.074 0.3000000119
25500  -18.882  -67.984  -32.921 0.2000000030
25512  -11.432  -67.907  -34.219 0.2000000030
25513  -11.857  -67.400  -33.888 0.2000000030
25515  -15.747  -67.648  -34.861 0.3000000119
25517  -17.678  -68.136  -34.903 0.2000000030
25531  -11.307  -68.199  -34.537 0.4000000060
25533  -12.909  -67.856  -35.405 0.3000000119
25539  -18.801  -68.263  -35.866 0.2000000030
25553  -19.402  -68.447  -36.484 0.2000000030
25563  -19.969  -68.772  -37.028 0.2000000030
26183  -16.080  -68.006  -6.153 0.4000000060
26185  -17.032  -67.872  -6.125 0.2000000030
26187  -18.600  -67.759  -6.161 0.2000000030
26198  -15.392  -68.287  -6.745 0.3000000119
26199  -15.758  -67.902  -6.694 0.3000000119
26201  -19.926  -67.527  -6.692 0.2000000030
26202  -20.418  -66.999  -6.945 0.2000000030
26224  -15.359  -67.879  -7.808 0.3000000119
26250  -14.794  -67.746  -11.916 0.6999999881
26258  -14.386  -67.059  -12.292 0.5000000000
26264  -6.458  -67.921  -14.011 0.4000000060
26265  -10.892  -67.539  -13.871 1.0000000000
26267  -12.060  -66.843  -13.222 0.8999999762
26270  -4.986  -67.718  -14.935 0.3000000119
26271  -5.757  -67.464  -14.859 0.3000000119
26274  -8.912  -67.691  -14.765 0.8000000119
26275  -9.691  -67.248  -14.825 0.8000000119
26276  -10.548  -67.089  -14.436 1.0000000000
26277  -11.068  -67.029  -14.139 0.8999999762
26285  -6.471  -67.060  -15.627 0.3000000119
26287  -8.459  -67.302  -15.304 0.8000000119
26299  -6.094  -66.991  -16.454 0.4000000060
26300  -15.088  -66.901  -16.614 0.6999999881
26301  -15.805  -67.031  -16.525 0.6000000238
26302  -16.611  -67.060  -16.584 0.3000000119
26303  -17.149  -67.065  -16.779 0.3000000119
26314  -5.882  -67.488  -17.043 0.3000000119
26318  -15.398  -67.112  -17.099 0.6000000238
26327  -7.443  -67.670  -19.050 0.2000000030
26328  -7.904  -67.862  -19.317 0.2000000030
26335  -7.728  -67.364  -19.431 0.3000000119
26337  -9.062  -67.307  -19.978 0.3000000119
26340  -20.484  -67.637  -19.526 0.4000000060
26347  -9.697  -66.995  -20.272 0.3000000119
26348  -10.338  -67.293  -20.476 0.3000000119
26352  -13.828  -67.813  -21.441 0.3000000119
26359  -26.623  -68.251  -20.717 0.1000000015
26366  -6.459  -67.350  -20.464 0.4000000060
26386  -3.956  -67.290  -21.860 0.8000000119
26389  -9.225  -67.197  -22.948 0.2000000030
26403  -9.132  -67.705  -23.235 0.2000000030
26420  -12.211  -67.291  -24.172 0.1000000015
26448  -10.268  -66.853  -26.771 0.8000000119
26455  -9.634  -67.097  -27.438 0.6999999881
26456  -10.120  -67.039  -27.010 0.8000000119
26458  -14.901  -68.171  -27.365 0.4000000060
26461  -17.681  -68.435  -27.586 0.3000000119
26468  -11.922  -68.116  -28.659 0.5000000000
26471  -14.411  -67.406  -27.856 0.4000000060
26475  -18.438  -68.063  -27.926 0.3000000119
26488  -8.014  -67.036  -29.392 0.6000000238
26489  -11.845  -67.698  -29.459 0.5000000000
26491  -13.001  -67.337  -28.667 0.5000000000
26500  -8.268  -67.659  -30.745 0.6000000238
26501  -8.611  -67.346  -30.784 0.6000000238
26503  -12.169  -67.246  -29.984 0.5000000000
26504  -15.576  -67.670  -30.917 0.2000000030
26505  -15.911  -67.830  -30.761 0.2000000030
26506  -22.817  -67.663  -30.768 0.1000000015
26518  -8.416  -67.850  -31.142 0.6000000238
26523  -11.951  -67.206  -30.688 0.5000000000
26524  -14.547  -67.720  -31.688 0.2000000030
26525  -14.983  -67.550  -31.297 0.2000000030
26527  -16.885  -67.598  -31.552 0.2000000030
26530  -22.940  -67.238  -31.268 0.1000000015
26550  -15.478  -67.131  -31.927 0.2000000030
26554  -19.414  -67.927  -32.963 0.1000000015
26557  -22.094  -67.202  -32.512 0.1000000015
26569  -12.740  -67.256  -33.109 0.2000000030
26571  -14.231  -66.685  -32.832 0.2000000030
26573  -17.255  -66.810  -33.242 0.2000000030
26595  -18.358  -67.885  -34.426 0.2000000030
26611  -12.851  -67.044  -34.911 0.2000000030
26612  -13.399  -67.362  -35.167 0.2000000030
26615  -20.108  -67.043  -35.955 0.2000000030
26627  -21.486  -66.673  -36.860 0.2000000030
26636  -21.206  -67.933  -37.360 0.2000000030
27248  -16.925  -67.232  -6.574 0.2000000030
27250  -18.471  -66.888  -6.506 0.2000000030
27265  -16.179  -66.998  -7.348 0.2000000030
27266  -16.895  -66.521  -7.092 0.2000000030
27268  -17.997  -66.664  -6.753 0.2000000030
27270  -20.783  -66.293  -6.913 0.1000000015
27282  -16.458  -66.121  -7.748 0.2000000030
27328  -15.828  -66.360  -10.773 0.5000000000
27349  -12.709  -66.210  -13.086 0.8999999762
27361  -11.661  -66.319  -13.966 0.8999999762
27376  -16.976  -65.678  -14.742 0.2000000030
27389  -6.731  -66.868  -15.958 0.4000000060
27390  -7.102  -66.845  -15.960 0.4000000060
27393  -9.864  -66.003  -15.610 0.8999999762
27395  -14.735  -65.937  -15.817 0.8999999762
27415  -9.442  -65.941  -16.252 0.8999999762
27417  -13.514  -66.139  -17.056 1.0000000000
27418  -14.272  -66.385  -16.623 0.8999999762
27423  -19.145  -66.313  -16.425 0.3000000119
27437  -6.655  -66.693  -16.909 0.3000000119
27442  -14.783  -66.854  -17.623 0.6999999881
27469  -15.347  -66.563  -18.473 0.8000000119
27470  -16.287  -66.595  -18.487 0.5000000000
27473  -18.991  -66.107  -17.847 0.2000000030
27481  -7.929  -67.047  -19.527 0.3000000119
27486  -12.991  -65.320  -19.639 0.8999999762
27487  -13.511  -65.463  -19.481 1.0000000000
27492  -17.680  -66.039  -19.078 0.4000000060
27493  -21.105  -66.879  -20.046 0.4000000060
27494  -21.521  -66.392  -19.637 0.5000000000
27501  -4.487  -66.699  -20.609 0.6999999881
27502  -5.251  -66.378  -20.423 0.5000000000
27506  -11.573  -65.954  -21.163 0.5000000000
27507  -12.338  -65.703  -21.475 0.5000000000
27522  -7.461  -66.506  -21.425 0.3000000119
27526  -13.646  -66.243  -22.419 0.4000000060
27527  -14.641  -66.452  -22.455 0.6000000238
27549  -9.596  -66.184  -22.713 0.3000000119
27550  -13.781  -65.692  -22.410 0.6000000238
27552  -15.001  -65.746  -22.528 0.6000000238
27566  -4.451  -66.835  -23.013 0.8999999762
27568  -9.576  -66.776  -22.944 0.3000000119
27571  -11.831  -66.170  -23.920 0.2000000030
27586  -12.434  -66.491  -24.220 0.2000000030
27587  -13.252  -66.469  -24.475 0.2000000030
27603  -9.352  -66.414  -25.716 0.8000000119
27608  -9.966  -66.819  -25.918 0.8000000119
27609  -10.403  -66.415  -26.389 0.8000000119
27613  -9.848  -66.638  -27.568 0.8000000119
27618  -8.718  -66.050  -28.776 0.6999999881
27620  -10.077  -65.952  -27.741 0.6999999881
27621  -13.596  -66.990  -28.612 0.4000000060
27622  -13.981  -66.864  -28.546 0.4000000060
27624  -15.878  -66.737  -28.293 0.4000000060
27625  -16.895  -66.838  -28.301 0.4000000060
27640  -8.504  -66.265  -29.487 0.6999999881
27642  -12.698  -66.849  -29.828 0.5000000000
27645  -15.330  -66.242  -29.134 0.4000000060
27663  -8.582  -66.918  -30.383 0.6000000238
27666  -13.168  -66.359  -30.409 0.4000000060
27669  -24.289  -66.241  -29.731 0.1000000015
27683  -8.825  -67.153  -30.824 0.6000000238
27688  -12.674  -66.397  -30.978 0.4000000060
27709  -15.980  -66.594  -32.442 0.2000000030
27711  -17.141  -66.718  -32.645 0.2000000030
27726  -13.927  -66.468  -33.545 0.2000000030
27728  -15.649  -66.340  -33.154 0.2000000030
27729  -16.502  -66.438  -33.041 0.2000000030
27730  -16.957  -66.557  -32.829 0.2000000030
27731  -20.428  -66.603  -34.803 0.2000000030
27747  -13.854  -66.473  -34.160 0.2000000030
27748  -14.501  -66.406  -34.102 0.2000000030
27749  -15.435  -66.381  -33.888 0.2000000030
27750  -16.126  -66.410  -33.611 0.2000000030
27773  -21.185  -66.430  -36.477 0.2000000030
27775  -22.378  -65.923  -36.865 0.1000000015
28440  -18.769  -66.457  -6.667 0.2000000030
28442  -19.550  -66.273  -6.638 0.2000000030
28459  -18.697  -66.141  -6.912 0.2000000030
28461  -20.288  -65.737  -6.719 0.1000000015
28474  -17.078  -65.850  -7.609 0.2000000030
28475  -17.776  -65.875  -7.607 0.2000000030
28476  -18.233  -66.060  -7.292 0.2000000030
28491  -16.855  -65.310  -8.319 0.3000000119
28492  -17.363  -65.518  -7.867 0.1000000015
28493  -19.882  -65.416  -8.934 0.2000000030
28495  -20.918  -64.576  -8.955 0.1000000015
28507  -16.069  -65.477  -9.657 0.3000000119
28510  -20.455  -65.414  -9.572 0.2000000030
28523  -16.244  -64.917  -10.117 0.3000000119
28525  -20.304  -65.828  -10.440 0.1000000015
28537  -15.655  -65.664  -11.677 0.5000000000
28540  -20.643  -65.374  -11.370 0.1000000015
28552  -15.135  -65.420  -12.356 0.6000000238
28564  -18.195  -65.167  -13.180 0.2000000030
28571  -10.258  -65.815  -15.266 0.8999999762
28573  -11.863  -65.227  -14.587 0.8999999762
28582  -10.323  -65.585  -15.696 0.8999999762
28586  -15.105  -65.183  -15.307 0.5000000000
28594  -9.142  -65.637  -16.945 0.6000000238
28601  -20.250  -65.046  -16.705 0.1000000015
28609  -8.885  -65.507  -17.448 0.6000000238
28634  -8.877  -65.385  -17.951 0.6000000238
28635  -9.487  -65.312  -18.373 0.6000000238
28636  -10.402  -65.300  -18.484 0.6000000238
28640  -19.287  -65.555  -18.348 0.1000000015
28666  -5.921  -65.924  -20.535 0.5000000000
28667  -6.326  -66.144  -20.596 0.3000000119
28669  -12.609  -65.327  -21.012 0.5000000000
28679  -21.788  -65.311  -20.081 0.5000000000
28687  -4.620  -65.783  -21.551 0.6999999881
28700  -20.018  -65.227  -21.691 0.6000000238
28714  -9.947  -65.528  -22.780 0.3000000119
28715  -13.944  -65.509  -22.357 0.6000000238
28720  -18.210  -64.912  -23.026 0.5000000000
28760  -10.447  -65.939  -25.976 0.8000000119
28768  -8.517  -64.744  -26.123 0.8999999762
28769  -10.503  -64.904  -26.141 0.8000000119
28771  -11.701  -65.371  -26.992 0.8000000119
28776  -11.026  -65.593  -27.565 0.8000000119
28784  -9.107  -65.475  -28.845 0.6999999881
28786  -11.206  -64.904  -28.276 0.8000000119
28787  -11.964  -64.559  -28.296 0.6999999881
28802  -8.815  -65.629  -29.336 0.6999999881
28803  -9.230  -65.252  -29.532 0.6999999881
28804  -9.591  -65.058  -29.868 0.6999999881
28805  -14.335  -65.945  -29.891 0.4000000060
28830  -9.297  -65.511  -29.991 0.6000000238
28838  -19.016  -65.101  -30.308 0.2000000030
28840  -24.230  -65.985  -30.470 0.1000000015
28855  -9.452  -65.846  -30.480 0.6000000238
28856  -10.041  -65.784  -31.034 0.6000000238
28861  -14.578  -64.773  -31.532 0.4000000060
28863  -24.380  -65.260  -30.702 0.1000000015
28879  -23.195  -65.927  -33.027 0.1000000015
28880  -23.674  -65.611  -32.357 0.1000000015
28908  -22.313  -64.996  -34.947 0.1000000015
28919  -22.007  -65.515  -36.266 0.2000000030
28928  -22.207  -65.643  -36.581 0.1000000015
29669  -19.317  -65.542  -7.058 0.2000000030
29671  -21.018  -64.597  -6.781 0.1000000015
29704  -17.842  -65.361  -8.217 0.1000000015
29708  -21.389  -63.852  -8.767 0.1000000015
29738  -21.207  -64.465  -10.118 0.1000000015
29764  -14.846  -64.728  -12.656 0.5000000000
29778  -14.430  -64.606  -12.998 0.6999999881
29779  -16.681  -64.077  -13.794 0.2000000030
29781  -17.719  -64.658  -13.128 0.2000000030
29789  -15.770  -64.086  -14.431 0.5000000000
29790  -16.431  -64.483  -14.390 0.5000000000
29791  -16.860  -64.506  -14.059 0.4000000060
29800  -15.433  -64.481  -14.857 0.6000000238
29805  -11.744  -65.003  -16.458 0.8000000119
29806  -12.253  -64.917  -16.253 0.8000000119
29808  -20.350  -64.260  -17.009 0.1000000015
29830  -19.639  -64.607  -18.640 0.1000000015
29841  -18.466  -64.646  -19.787 0.1000000015
29854  -20.645  -64.889  -21.389 0.5000000000
29865  -5.604  -64.910  -21.424 0.5000000000
29868  -7.824  -64.749  -21.428 0.3000000119
29869  -8.469  -64.736  -21.618 0.5000000000
29870  -15.920  -64.510  -21.733 0.6999999881
29887  -5.474  -64.804  -21.845 0.6000000238
29889  -8.992  -64.660  -21.827 0.3000000119
29907  -10.322  -64.858  -22.923 0.5000000000
29911  -16.641  -63.744  -23.191 0.4000000060
29912  -16.976  -63.588  -23.509 0.5000000000
29918  -7.251  -63.991  -24.691 0.8000000119
29931  -9.300  -64.822  -26.029 0.8999999762
29932  -16.190  -63.633  -25.395 0.2000000030
29933  -17.120  -63.920  -25.529 0.1000000015
29947  -8.143  -63.842  -25.992 0.8999999762
29948  -8.854  -64.171  -26.232 0.8999999762
29949  -9.951  -64.353  -26.311 0.8000000119
29952  -12.419  -64.568  -27.136 0.8000000119
29990  -12.352  -63.941  -28.722 0.6000000238
29991  -12.837  -63.997  -28.303 0.6000000238
30005  -9.625  -64.913  -29.654 0.6999999881
30028  -15.771  -64.563  -31.134 0.4000000060
30031  -18.427  -64.519  -30.855 0.3000000119
30033  -19.924  -64.379  -30.633 0.2000000030
30035  -24.573  -64.872  -30.351 0.1000000015
30050  -10.598  -65.405  -31.210 0.6000000238
30058  -17.840  -64.028  -31.468 0.3000000119
30079  -15.299  -63.658  -32.204 0.4000000060
30095  -23.185  -64.942  -33.986 0.1000000015
30874  -21.325  -63.792  -8.350 0.1000000015
30904  -15.707  -64.235  -11.933 0.4000000060
30916  -14.992  -64.357  -12.679 0.6999999881
30917  -15.419  -64.269  -12.377 0.4000000060
30918  -15.969  -63.806  -12.439 0.4000000060
30929  -14.397  -64.437  -13.372 0.8999999762
30932  -16.189  -63.803  -13.249 0.4000000060
30933  -16.895  -63.923  -13.189 0.3000000119
30941  -14.759  -64.015  -13.665 0.8000000119
30981  -27.984  -63.338  -18.679 0.5000000000
30993  -28.112  -63.590  -19.074 0.5000000000
31017  -6.632  -64.020  -21.826 0.6999999881
31018  -7.407  -64.006  -21.616 0.5000000000
31038  -8.903  -63.730  -22.007 0.5000000000
31042  -16.695  -63.422  -22.871 0.5000000000
31043  -16.985  -62.889  -22.470 0.3000000119
31044  -18.262  -63.266  -23.533 0.5000000000
31045  -19.136  -62.794  -23.256 0.5000000000
31053  -11.605  -64.101  -23.041 0.3000000119
31080  -8.404  -62.527  -25.908 0.8000000119
31081  -16.181  -62.793  -25.306 0.2000000030
31105  -10.537  -63.357  -26.936 0.8000000119
31113  -27.997  -63.401  -27.132 0.1000000015
31125  -10.651  -62.930  -27.253 0.8000000119
31127  -12.816  -64.160  -27.333 0.6000000238
31128  -13.137  -63.791  -27.618 0.6000000238
31135  -28.181  -63.250  -27.349 0.1000000015
31145  -12.584  -63.621  -29.008 0.6000000238
31157  -11.584  -63.488  -29.923 0.6999999881
31163  -27.270  -62.994  -29.337 0.1000000015
31179  -12.022  -63.088  -30.881 0.5000000000
31185  -26.177  -62.947  -30.250 0.1000000015
31206  -17.219  -63.476  -31.893 0.4000000060
31209  -19.896  -63.524  -31.681 0.3000000119
31210  -20.502  -63.230  -31.518 0.1000000015
31212  -25.347  -63.024  -31.157 0.1000000015
31227  -14.161  -63.499  -32.155 0.5000000000
31229  -15.586  -63.050  -32.332 0.4000000060
31230  -16.460  -63.051  -32.214 0.4000000060
31231  -17.446  -63.014  -32.266 0.4000000060
31233  -19.427  -63.087  -32.315 0.3000000119
31234  -19.902  -63.094  -32.217 0.3000000119
31249  -24.548  -62.888  -33.787 0.1000000015
32041  -27.970  -63.014  -18.754 0.5000000000
32054  -28.029  -62.939  -18.942 0.5000000000
32078  -17.680  -62.612  -21.672 0.3000000119
32080  -18.362  -61.620  -21.369 0.2000000030
32090  -7.073  -63.250  -22.681 0.5000000000
32093  -9.262  -62.914  -22.658 0.5000000000
32096  -11.763  -62.739  -22.915 0.4000000060
32107  -8.441  -62.369  -23.314 0.6999999881
32108  -11.528  -62.188  -23.115 0.3000000119
32112  -17.334  -62.400  -22.709 0.3000000119
32114  -17.971  -62.203  -23.460 0.4000000060
32123  -7.429  -63.322  -23.726 0.6999999881
32143  -15.900  -62.419  -25.135 0.3000000119
32170  -12.941  -63.055  -26.837 0.4000000060
32171  -13.263  -63.261  -26.984 0.6000000238
32185  -11.851  -62.485  -27.281 0.6000000238
32187  -13.388  -62.895  -27.639 0.5000000000
32192  -28.424  -62.789  -27.874 0.1000000015
32218  -12.382  -62.880  -30.349 0.5000000000
32219  -12.939  -62.723  -30.081 0.4000000060
32221  -21.406  -62.587  -29.556 0.1000000015
32224  -27.290  -62.344  -29.839 0.1000000015
32248  -26.454  -62.247  -30.717 0.1000000015
32264  -13.845  -62.733  -31.642 0.5000000000
32270  -26.356  -61.836  -31.507 0.1000000015
32282  -15.309  -62.590  -32.174 0.4000000060
32286  -18.500  -62.324  -32.503 0.3000000119
32307  -20.336  -62.156  -33.545 0.2000000030
32321  -20.062  -61.736  -33.751 0.1000000015
32322  -20.474  -61.650  -34.052 0.1000000015
32323  -20.796  -61.500  -34.252 0.1000000015
33164  -28.025  -60.799  -19.005 0.4000000060
33183  -18.279  -61.371  -21.378 0.3000000119
33195  -9.474  -62.224  -23.104 0.6999999881
33210  -8.844  -61.892  -23.648 0.6000000238
33256  -8.052  -62.067  -24.684 0.6999999881
33258  -9.125  -61.026  -25.647 0.8000000119
33278  -8.658  -61.795  -25.834 0.8000000119
33280  -9.911  -60.925  -26.483 0.6999999881
33289  -10.172  -61.300  -26.938 0.6999999881
33309  -12.498  -61.071  -27.846 0.4000000060
33339  -28.127  -61.761  -29.441 0.1000000015
33362  -26.810  -61.614  -31.194 0.1000000015
33375  -17.271  -61.213  -31.764 0.3000000119
33393  -16.251  -61.956  -32.164 0.3000000119
33397  -19.322  -61.124  -32.669 0.2000000030
33413  -19.327  -61.694  -32.906 0.1000000015
33415  -21.181  -61.373  -34.167 0.1000000015
33428  -20.521  -61.197  -34.418 0.1000000015
33429  -20.880  -61.201  -34.466 0.1000000015
34219  -27.984  -60.581  -19.130 0.5000000000
34245  -18.532  -60.358  -22.380 0.5000000000
34246  -19.157  -60.098  -22.419 0.5000000000
34247  -19.715  -60.075  -22.347 0.4000000060
34249  -24.490  -60.217  -22.221 0.3000000119
34258  -9.248  -61.229  -23.942 0.6999999881
34280  -9.815  -60.307  -24.515 0.6999999881
34283  -15.925  -60.067  -24.750 0.5000000000
34286  -18.311  -60.498  -25.321 0.2000000030
34287  -20.195  -60.956  -24.914 0.1000000015
34310  -9.109  -60.853  -24.690 0.6999999881
34312  -9.762  -60.393  -25.655 0.8000000119
34313  -17.348  -60.819  -25.345 0.3000000119
34314  -17.923  -60.957  -25.434 0.2000000030
34346  -12.285  -60.361  -27.808 0.4000000060
34404  -23.364  -59.973  -30.093 0.1000000015
34422  -18.503  -60.469  -31.637 0.1000000015
34423  -19.204  -60.406  -32.241 0.2000000030
34425  -22.430  -60.163  -31.307 0.1000000015
34441  -22.255  -60.260  -32.258 0.1000000015
34451  -21.642  -60.622  -33.885 0.1000000015
34466  -20.143  -60.776  -34.688 0.1000000015
34467  -20.736  -60.846  -34.706 0.1000000015
35236  -18.763  -59.027  -17.162 0.2000000030
35288  -19.606  -59.341  -21.742 0.4000000060
35289  -19.803  -59.368  -21.532 0.4000000060
35294  -19.394  -59.498  -22.098 0.4000000060
35295  -19.960  -59.464  -21.857 0.4000000060
35305  -19.515  -59.816  -22.300 0.4000000060
35322  -21.456  -59.673  -24.245 0.1000000015
35339  -10.894  -59.288  -24.462 0.6999999881
35365  -9.822  -60.227  -25.483 0.6999999881
35367  -18.635  -60.434  -25.303 0.2000000030
35368  -18.999  -60.451  -25.265 0.3000000119
35387  -12.129  -59.526  -27.454 0.3000000119
35403  -15.376  -59.718  -28.215 0.3000000119
35425  -24.387  -59.344  -29.448 0.1000000015
35443  -16.771  -59.228  -30.980 0.2000000030
35444  -23.441  -59.604  -30.788 0.1000000015
35459  -16.548  -59.641  -31.176 0.2000000030
35461  -18.021  -59.820  -31.322 0.2000000030
35493  -21.200  -59.664  -34.235 0.1000000015
35509  -19.958  -60.141  -34.467 0.1000000015
35511  -21.119  -60.481  -34.537 0.1000000015
36371  -16.533  -58.871  -18.860 0.1000000015
36375  -28.517  -58.043  -19.462 0.8000000119
36379  -28.490  -57.887  -19.743 0.8000000119
36395  -14.182  -57.652  -23.230 0.6999999881
36399  -16.757  -57.867  -22.686 0.6000000238
36438  -10.936  -58.922  -25.117 0.6999999881
36440  -12.119  -58.341  -24.574 0.6999999881
36441  -16.077  -58.490  -23.615 0.5000000000
36443  -17.432  -58.767  -24.130 0.5000000000
36447  -20.958  -59.613  -24.415 0.1000000015
36473  -11.157  -58.763  -26.074 0.6999999881
36481  -15.187  -58.560  -27.169 0.3000000119
36484  -17.842  -58.386  -27.770 0.1000000015
36497  -13.080  -58.941  -27.707 0.3000000119
36498  -13.831  -59.027  -27.678 0.3000000119
36532  -17.435  -59.019  -30.743 0.1000000015
36536  -25.247  -58.285  -30.131 0.1000000015
36575  -19.837  -58.871  -33.952 0.1000000015
36576  -20.615  -58.652  -34.015 0.1000000015
37508  -18.151  -57.227  -22.901 0.5000000000
37509  -19.887  -56.868  -22.974 0.5000000000
37510  -20.199  -57.131  -23.052 0.5000000000
37552  -12.578  -57.709  -24.421 0.8000000119
37569  -11.665  -58.011  -25.119 0.6000000238
37578  -12.220  -57.705  -26.095 0.5000000000
37579  -18.360  -57.237  -26.766 0.1000000015
38556  -26.395  -56.138  -17.542 0.8000000119
38618  -27.273  -56.549  -20.769 0.6999999881
38630  -13.693  -56.611  -23.016 0.6999999881
38656  -18.477  -57.053  -22.908 0.5000000000
38706  -18.416  -56.710  -26.710 0.1000000015
38707  -19.013  -56.678  -26.837 0.1000000015
38721  -19.490  -56.412  -27.195 0.1000000015
39634  -26.129  -56.135  -17.556 0.8000000119
39686  -27.974  -55.729  -20.239 0.8000000119
39720  -14.322  -55.741  -22.733 0.5000000000
39727  -21.755  -55.495  -23.292 0.4000000060
39748  -14.132  -55.411  -23.196 0.5000000000
39793  -18.825  -56.088  -26.842 0.1000000015
39809  -19.221  -55.419  -27.351 0.1000000015
40768  -14.483  -55.257  -23.176 0.5000000000
40818  -14.090  -54.615  -25.059 0.5000000000
40819  -15.299  -53.669  -25.586 0.3000000119
40881  -19.525  -54.294  -28.345 0.1000000015
41809  -27.267  -52.899  -17.621 0.6000000238
41810  -27.491  -52.668  -17.789 0.6000000238
41862  -21.027  -54.032  -23.101 0.5000000000
41889  -16.677  -53.555  -24.333 0.5000000000
41919  -22.047  -53.437  -24.514 0.6999999881
42908  -25.981  -52.598  -17.699 0.6000000238
42972  -14.637  -53.723  -24.160 0.5000000000
42977  -18.112  -52.082  -24.445 0.3000000119
43030  -23.955  -51.982  -24.873 0.6000000238
43058  -16.565  -53.041  -26.744 0.2000000030
43946  -27.085  -51.810  -17.745 0.6000000238
43962  -27.327  -51.573  -18.269 0.6000000238
44000  -24.889  -51.903  -23.479 0.6000000238
44011  -18.313  -51.214  -25.046 0.3000000119
44012  -24.228  -51.870  -24.307 0.6000000238
44014  -25.323  -51.039  -23.434 0.8000000119
44033  -24.615  -50.930  -24.402 0.6000000238
44057  -23.863  -51.876  -25.082 0.6000000238
45036  -27.066  -50.077  -19.900 0.6000000238
45085  -18.865  -50.536  -25.235 0.4000000060
45105  -20.523  -50.518  -26.279 0.4000000060
45127  -20.730  -50.184  -26.370 0.4000000060
45128  -20.961  -50.304  -26.402 0.5000000000
46070  -26.307  -49.631  -18.716 0.6000000238
46081  -21.117  -49.539  -19.969 0.1000000015
46131  -15.859  -49.916  -23.915 0.4000000060
46133  -24.863  -49.984  -24.446 0.6000000238
46154  -24.057  -49.921  -25.423 0.6000000238
46156  -25.062  -49.021  -24.327 0.6999999881
46199  -20.954  -49.968  -26.398 0.4000000060
47274  -14.850  -47.857  -25.321 0.3000000119
47280  -24.213  -49.036  -25.496 0.6000000238
48294  -26.038  -46.782  -20.799 0.4000000060
48319  -13.945  -46.988  -24.909 0.3000000119
48320  -14.377  -47.139  -24.752 0.4000000060
48336  -13.909  -46.899  -25.291 0.3000000119
48357  -14.062  -46.720  -25.458 0.3000000119
48360  -16.195  -47.504  -26.747 0.1000000015
49342  -14.023  -46.784  -24.826 0.3000000119
49343  -14.176  -46.749  -24.834 0.3000000119
49344  -14.676  -46.627  -24.701 0.3000000119
49365  -14.289  -46.429  -24.981 0.3000000119
49391  -14.038  -46.616  -25.219 0.3000000119
50355  -26.246  -45.894  -22.437 0.4000000060
50376  -25.178  -45.469  -24.085 0.3000000119
50378  -26.086  -46.176  -23.414 0.5000000000
51431  -25.692  -45.123  -22.458 0.4000000060
51445  -25.580  -45.043  -22.948 0.3000000119
51489  -23.803  -44.701  -25.377 0.2000000030
51507  -22.675  -44.489  -26.013 0.2000000030
52489  -24.079  -43.737  -21.852 0.1000000015
