#!ascii label  , from subject sub-01 vox2ras=TkReg
4860
3985  -19.775  -92.365  -13.361 0.0000000000
16886  -7.432  -76.050  -25.107 0.0000000000
29858  -27.855  -64.275  -19.744 0.0000000000
986  -19.202  -99.008  -39.192 0.0000000000
40853  -14.337  -55.557  -26.089 0.0000000000
28560  -11.694  -65.766  -14.211 0.0000000000
5827  -11.116  -88.588  -10.914 0.0000000000
29  -13.708  -103.403  -16.477 0.0000000000
9886  -16.973  -84.114  -34.857 0.0000000000
36344  -23.157  -58.121  -17.577 0.0000000000
32039  -24.079  -62.640  -17.670 0.0000000000
39700  -25.357  -55.631  -22.057 0.0000000000
44010  -18.046  -51.453  -24.309 0.0000000000
19751  -9.392  -74.243  -6.189 0.0000000000
13853  -7.057  -79.136  -5.293 0.0000000000
11320  -2.389  -82.323  -15.348 0.0000000000
11212  -2.805  -82.705  -8.932 0.0000000000
6562  -16.427  -88.384  -13.252 0.0000000000
5916  -9.951  -89.898  -20.219 0.0000000000
3413  -13.169  -93.370  -14.426 0.0000000000
290  -8.864  -101.004  -14.901 0.0000000000
1014  -15.581  -98.604  -12.090 0.0000000000
1973  -21.210  -96.750  -17.917 0.0000000000
20012  -6.094  -73.609  -22.243 0.0000000000
25397  -7.067  -68.379  -28.609 0.0000000000
20071  -12.048  -73.248  -26.281 0.0000000000
3182  -16.583  -94.212  -39.731 0.0000000000
7725  -14.683  -87.635  -43.292 0.0000000000
8487  -19.394  -86.901  -42.623 0.0000000000
1130  -29.864  -97.670  -20.178 0.0000000000
2149  -27.777  -95.907  -28.368 0.0000000000
2607  -33.503  -94.700  -26.672 0.0000000000
37461  -28.786  -57.011  -18.914 0.0000000000
2198  -17.046  -96.259  -33.786 0.0000000000
1303  -26.254  -98.120  -37.221 0.0000000000
28676  -19.864  -65.687  -21.521 0.0000000000
28672  -15.730  -64.910  -20.565 0.0000000000
26349  -11.127  -67.047  -20.973 0.0000000000
24140  -5.670  -69.728  -11.522 0.0000000000
9535  -5.674  -84.610  -4.057 0.0000000000
3952  -5.154  -92.392  -11.369 0.0000000000
808  -14.489  -100.076  -20.211 0.0000000000
769  -23.086  -99.734  -17.943 0.0000000000
32166  -8.674  -62.154  -26.127 0.0000000000
13373  -8.553  -80.311  -31.502 0.0000000000
16069  -8.156  -77.212  -37.104 0.0000000000
19055  -11.777  -74.851  -31.430 0.0000000000
33160  -21.477  -61.922  -19.891 0.0000000000
15548  -7.689  -77.617  -1.542 0.0000000000
12062  -9.066  -81.132  -2.705 0.0000000000
12140  -6.669  -81.726  -7.608 0.0000000000
12079  -5.114  -81.169  -4.656 0.0000000000
3360  -18.202  -93.845  -10.059 0.0000000000
3367  -14.212  -93.336  -11.053 0.0000000000
4566  -16.953  -91.423  -13.929 0.0000000000
5876  -15.248  -89.255  -16.376 0.0000000000
2924  -16.497  -94.049  -16.475 0.0000000000
1459  -14.196  -96.926  -14.459 0.0000000000
2433  -17.518  -95.638  -13.826 0.0000000000
17913  -4.213  -74.933  -24.362 0.0000000000
16805  -7.574  -76.557  -21.197 0.0000000000
20022  -8.936  -73.886  -23.758 0.0000000000
17902  -11.781  -75.946  -23.537 0.0000000000
4900  -18.522  -91.700  -37.280 0.0000000000
4933  -19.949  -91.603  -41.609 0.0000000000
6951  -21.733  -87.825  -39.342 0.0000000000
2000  -32.678  -95.766  -18.740 0.0000000000
1581  -32.130  -96.263  -22.855 0.0000000000
2557  -35.194  -94.417  -23.616 0.0000000000
34200  -26.352  -60.414  -17.875 0.0000000000
37457  -25.511  -57.549  -17.817 0.0000000000
35283  -28.032  -60.142  -19.122 0.0000000000
35298  -26.319  -59.512  -21.057 0.0000000000
691  -15.602  -99.800  -37.866 0.0000000000
1760  -14.723  -97.536  -37.901 0.0000000000
2257  -17.950  -96.320  -38.711 0.0000000000
1709  -29.878  -96.538  -31.335 0.0000000000
920  -26.726  -98.287  -32.286 0.0000000000
2223  -29.306  -95.710  -34.949 0.0000000000
42992  -15.054  -52.547  -24.546 0.0000000000
45082  -15.638  -49.990  -24.099 0.0000000000
43025  -15.443  -52.039  -25.706 0.0000000000
29787  -13.948  -64.414  -14.253 0.0000000000
28614  -13.026  -66.057  -17.448 0.0000000000
28611  -10.268  -65.222  -17.578 0.0000000000
27438  -7.312  -66.323  -17.739 0.0000000000
19746  -4.237  -73.509  -5.844 0.0000000000
22024  -7.467  -71.820  -8.709 0.0000000000
22039  -3.790  -71.543  -9.267 0.0000000000
6428  -5.836  -88.277  -4.235 0.0000000000
8013  -8.655  -86.509  -8.458 0.0000000000
6501  -5.503  -89.126  -8.696 0.0000000000
5171  -8.334  -90.431  -12.257 0.0000000000
3437  -8.829  -93.237  -16.554 0.0000000000
3483  -6.752  -93.314  -20.775 0.0000000000
117  -11.354  -102.489  -15.836 0.0000000000
740  -23.416  -99.204  -14.236 0.0000000000
2041  -19.030  -95.884  -20.988 0.0000000000
1502  -17.332  -97.922  -18.942 0.0000000000
1149  -17.385  -98.562  -22.793 0.0000000000
541  -19.370  -100.280  -19.182 0.0000000000
1126  -21.501  -98.294  -20.986 0.0000000000
1525  -25.126  -97.225  -19.047 0.0000000000
2987  -22.936  -95.038  -21.557 0.0000000000
26331  -21.930  -67.081  -17.766 0.0000000000
28743  -6.134  -65.104  -24.731 0.0000000000
26519  -8.755  -67.605  -31.195 0.0000000000
28785  -10.142  -65.353  -28.226 0.0000000000
8433  -14.535  -86.574  -38.721 0.0000000000
10818  -12.498  -84.112  -40.853 0.0000000000
10752  -12.508  -83.634  -36.473 0.0000000000
13423  -8.707  -80.403  -35.641 0.0000000000
10676  -11.848  -83.361  -32.708 0.0000000000
19096  -7.690  -74.131  -33.580 0.0000000000
24453  -10.496  -69.688  -33.582 0.0000000000
21317  -14.483  -71.968  -33.052 0.0000000000
34198  -24.066  -60.686  -17.797 0.0000000000
30964  -27.365  -63.924  -17.460 0.0000000000
42944  -27.788  -52.309  -19.704 0.0000000000
43990  -26.913  -51.625  -21.775 0.0000000000
45067  -25.534  -50.396  -23.544 0.0000000000
45108  -23.716  -50.179  -25.568 0.0000000000
46172  -21.592  -49.446  -26.340 0.0000000000
39763  -13.124  -56.468  -24.498 0.0000000000
17568  -10.725  -75.743  -3.367 0.0000000000
17563  -5.549  -76.097  -3.943 0.0000000000
15645  -3.760  -77.867  -7.060 0.0000000000
13063  -7.290  -80.478  -10.079 0.0000000000
11243  -3.016  -82.733  -11.431 0.0000000000
8060  -4.066  -86.790  -13.005 0.0000000000
4499  -14.333  -91.553  -7.933 0.0000000000
7286  -13.817  -87.592  -11.709 0.0000000000
6586  -10.491  -88.779  -15.507 0.0000000000
7353  -13.377  -86.791  -16.767 0.0000000000
4595  -11.746  -90.974  -16.441 0.0000000000
3389  -10.358  -93.825  -12.679 0.0000000000
1439  -10.655  -97.194  -12.590 0.0000000000
472  -12.775  -100.309  -12.782 0.0000000000
94  -14.360  -101.377  -13.052 0.0000000000
1469  -24.052  -97.733  -15.766 0.0000000000
2957  -22.146  -93.858  -18.838 0.0000000000
23301  -3.656  -70.547  -23.338 0.0000000000
24326  -5.301  -69.321  -25.568 0.0000000000
22281  -5.542  -72.212  -26.285 0.0000000000
21244  -7.742  -72.321  -28.341 0.0000000000
23358  -9.610  -70.617  -30.485 0.0000000000
2746  -13.773  -96.150  -41.718 0.0000000000
4356  -12.884  -92.440  -41.966 0.0000000000
3779  -16.800  -92.611  -43.543 0.0000000000
5532  -16.630  -90.329  -41.062 0.0000000000
9213  -17.720  -85.384  -39.048 0.0000000000
2074  -29.067  -96.257  -24.072 0.0000000000
1191  -30.576  -96.434  -26.991 0.0000000000
3629  -31.082  -94.144  -30.297 0.0000000000
41826  -27.011  -53.559  -17.615 0.0000000000
39703  -27.543  -56.131  -20.548 0.0000000000
2839  -21.748  -94.280  -9.897 0.0000000000
2874  -22.212  -94.184  -12.563 0.0000000000
2854  -24.433  -94.334  -10.108 0.0000000000
17986  -4.240  -74.837  -29.415 0.0000000000
2253  -13.011  -96.576  -38.597 0.0000000000
3160  -14.725  -94.300  -36.465 0.0000000000
4869  -17.798  -91.742  -34.441 0.0000000000
2642  -24.450  -95.309  -30.810 0.0000000000
939  -23.870  -99.111  -34.584 0.0000000000
979  -22.954  -98.887  -38.781 0.0000000000
3164  -27.908  -94.112  -36.150 0.0000000000
2723  -24.492  -95.622  -37.534 0.0000000000
2260  -21.170  -96.277  -38.600 0.0000000000
2682  -19.427  -95.470  -34.480 0.0000000000
32081  -20.359  -62.188  -22.403 0.0000000000
32097  -17.429  -62.416  -22.085 0.0000000000
28719  -17.253  -64.960  -23.262 0.0000000000
26373  -16.261  -67.107  -21.890 0.0000000000
26320  -16.892  -67.144  -17.125 0.0000000000
28670  -13.719  -64.882  -20.973 0.0000000000
25197  -13.416  -68.320  -11.512 0.0000000000
24116  -10.740  -69.530  -9.963 0.0000000000
25227  -8.603  -68.193  -14.166 0.0000000000
8730  -3.485  -85.869  -0.973 0.0000000000
11137  -3.371  -82.076  -2.331 0.0000000000
9557  -2.671  -84.634  -6.104 0.0000000000
5812  -2.665  -88.989  -9.446 0.0000000000
5193  -3.168  -90.219  -15.747 0.0000000000
4593  -7.505  -91.006  -16.840 0.0000000000
4035  -4.607  -92.140  -17.704 0.0000000000
1900  -19.251  -97.010  -11.855 0.0000000000
462  -17.813  -100.060  -12.542 0.0000000000
120  -16.038  -102.025  -15.213 0.0000000000
755  -16.925  -99.691  -16.715 0.0000000000
133  -14.552  -102.402  -17.608 0.0000000000
146  -17.226  -102.365  -18.896 0.0000000000
774  -27.548  -98.984  -18.519 0.0000000000
2481  -28.538  -96.174  -18.054 0.0000000000
29843  -22.152  -64.723  -19.266 0.0000000000
28617  -24.569  -65.371  -17.170 0.0000000000
36479  -11.765  -58.749  -26.656 0.0000000000
26438  -9.522  -67.091  -25.923 0.0000000000
32169  -12.442  -62.835  -26.955 0.0000000000
16022  -6.154  -77.222  -33.593 0.0000000000
16920  -6.831  -76.307  -28.446 0.0000000000
12606  -15.238  -81.395  -38.619 0.0000000000
15175  -11.865  -78.385  -39.510 0.0000000000
13426  -12.636  -80.605  -35.636 0.0000000000
16025  -11.487  -78.210  -33.145 0.0000000000
16945  -8.806  -76.824  -30.179 0.0000000000
17956  -11.284  -75.842  -27.122 0.0000000000
17960  -15.179  -75.376  -27.721 0.0000000000
21292  -13.326  -71.904  -30.047 0.0000000000
34215  -20.337  -60.539  -19.798 0.0000000000
34237  -20.834  -60.536  -21.293 0.0000000000
12060  -7.854  -81.975  -3.505 0.0000000000
3957  -18.442  -92.472  -11.621 0.0000000000
3394  -17.260  -92.776  -11.976 0.0000000000
3997  -18.677  -92.066  -14.749 0.0000000000
4009  -17.770  -92.240  -16.301 0.0000000000
3428  -18.779  -93.173  -15.422 0.0000000000
2455  -17.218  -95.122  -15.089 0.0000000000
2886  -19.234  -94.327  -13.893 0.0000000000
17925  -5.587  -75.416  -25.046 0.0000000000
16843  -5.608  -76.389  -23.348 0.0000000000
15918  -7.380  -77.309  -23.942 0.0000000000
16826  -9.602  -76.785  -22.371 0.0000000000
16870  -10.039  -76.649  -24.405 0.0000000000
6174  -18.856  -89.657  -36.736 0.0000000000
6186  -19.367  -89.558  -37.941 0.0000000000
6921  -20.224  -88.296  -37.262 0.0000000000
32040  -27.834  -62.809  -18.375 0.0000000000
34202  -27.807  -60.387  -18.532 0.0000000000
32066  -27.797  -61.920  -19.769 0.0000000000
32065  -27.502  -62.363  -20.336 0.0000000000
681  -16.701  -100.224  -37.039 0.0000000000
973  -17.593  -99.523  -38.690 0.0000000000
1319  -16.307  -98.255  -39.747 0.0000000000
1792  -18.272  -97.563  -40.327 0.0000000000
2193  -30.656  -95.471  -32.347 0.0000000000
2190  -29.146  -96.663  -32.757 0.0000000000
2704  -30.291  -94.567  -34.717 0.0000000000
41942  -14.408  -54.323  -25.144 0.0000000000
43024  -14.935  -52.567  -25.067 0.0000000000
40837  -15.106  -54.373  -25.701 0.0000000000
40855  -15.931  -54.490  -26.490 0.0000000000
39805  -15.306  -55.694  -26.693 0.0000000000
29776  -13.249  -64.817  -13.915 0.0000000000
29797  -12.368  -64.864  -15.605 0.0000000000
28583  -10.950  -65.211  -15.850 0.0000000000
27439  -8.368  -65.681  -17.628 0.0000000000
27392  -9.225  -66.706  -15.586 0.0000000000
17660  -3.645  -75.114  -7.757 0.0000000000
22003  -3.749  -72.232  -7.601 0.0000000000
5802  -11.450  -89.802  -9.250 0.0000000000
6477  -8.990  -88.696  -7.732 0.0000000000
7252  -9.640  -87.524  -9.632 0.0000000000
7264  -7.984  -87.600  -10.706 0.0000000000
6541  -9.720  -88.287  -12.024 0.0000000000
2909  -7.692  -94.174  -14.967 0.0000000000
20  -12.174  -103.064  -15.922 0.0000000000
37  -11.173  -102.550  -18.522 0.0000000000
39  -12.608  -103.313  -18.334 0.0000000000
4  -13.764  -103.372  -18.509 0.0000000000
742  -25.105  -98.486  -14.121 0.0000000000
2538  -18.633  -96.027  -22.397 0.0000000000
2039  -17.958  -96.925  -21.710 0.0000000000
1591  -18.336  -97.537  -23.231 0.0000000000
1137  -19.435  -98.983  -22.136 0.0000000000
1152  -20.473  -97.949  -22.827 0.0000000000
1555  -22.515  -97.186  -21.358 0.0000000000
25288  -4.199  -67.961  -20.194 0.0000000000
29906  -6.116  -64.318  -23.328 0.0000000000
27567  -4.960  -66.381  -23.530 0.0000000000
9169  -15.831  -85.580  -36.385 0.0000000000
9939  -14.172  -84.852  -37.617 0.0000000000
9900  -14.076  -84.144  -35.884 0.0000000000
10714  -12.728  -83.854  -34.331 0.0000000000
10698  -14.278  -83.323  -33.113 0.0000000000
33144  -22.497  -61.530  -17.919 0.0000000000
34197  -22.837  -60.741  -17.772 0.0000000000
33145  -23.191  -61.915  -17.800 0.0000000000
33127  -25.985  -62.351  -17.360 0.0000000000
32027  -24.921  -63.022  -17.398 0.0000000000
1282  -21.359  -98.576  -33.886 0.0000000000
41850  -27.216  -53.306  -20.903 0.0000000000
43991  -27.330  -51.572  -21.023 0.0000000000
41849  -26.520  -53.401  -21.698 0.0000000000
42981  -24.621  -52.093  -23.648 0.0000000000
42999  -23.936  -52.180  -24.561 0.0000000000
45089  -24.566  -50.474  -24.691 0.0000000000
44056  -23.471  -51.683  -25.443 0.0000000000
44055  -22.290  -51.828  -26.040 0.0000000000
14675  -7.178  -78.417  -2.910 0.0000000000
16509  -6.672  -76.810  -2.746 0.0000000000
14700  -5.534  -78.312  -4.294 0.0000000000
15613  -4.187  -77.516  -5.317 0.0000000000
14730  -5.568  -78.459  -6.149 0.0000000000
13897  -5.814  -79.126  -9.033 0.0000000000
13884  -7.247  -79.412  -7.615 0.0000000000
12149  -4.930  -81.592  -8.325 0.0000000000
12160  -6.136  -82.040  -9.383 0.0000000000
11223  -2.926  -82.712  -10.078 0.0000000000
8870  -2.847  -85.131  -13.061 0.0000000000
8851  -2.190  -85.818  -11.131 0.0000000000
1410  -15.093  -96.997  -7.932 0.0000000000
5173  -15.514  -90.513  -12.255 0.0000000000
3939  -14.148  -92.049  -9.570 0.0000000000
5819  -15.500  -89.364  -10.270 0.0000000000
6508  -14.736  -88.476  -9.564 0.0000000000
8047  -15.282  -87.133  -12.115 0.0000000000
8072  -13.903  -87.011  -14.009 0.0000000000
8084  -15.817  -86.634  -14.954 0.0000000000
4586  -14.254  -91.491  -15.773 0.0000000000
5208  -14.073  -89.845  -16.088 0.0000000000
4575  -12.932  -91.864  -14.769 0.0000000000
3993  -11.286  -92.482  -14.410 0.0000000000
3404  -12.023  -93.462  -13.366 0.0000000000
2417  -10.405  -95.490  -12.033 0.0000000000
2431  -12.014  -95.007  -13.472 0.0000000000
1440  -15.072  -97.721  -12.901 0.0000000000
1043  -13.036  -98.175  -13.434 0.0000000000
707  -13.949  -99.756  -12.262 0.0000000000
276  -13.220  -101.026  -13.085 0.0000000000
459  -14.729  -100.389  -12.444 0.0000000000
2901  -25.974  -94.636  -14.817 0.0000000000
18888  -5.759  -74.437  -20.340 0.0000000000
21134  -4.954  -73.063  -20.865 0.0000000000
22206  -3.488  -71.330  -20.695 0.0000000000
21162  -4.542  -72.688  -22.451 0.0000000000
22269  -4.066  -71.951  -24.637 0.0000000000
21169  -5.894  -73.091  -23.951 0.0000000000
20042  -10.539  -73.373  -24.944 0.0000000000
22282  -9.086  -72.169  -25.882 0.0000000000
21231  -10.205  -72.664  -27.275 0.0000000000
22316  -8.952  -72.202  -29.718 0.0000000000
21269  -11.081  -72.675  -29.158 0.0000000000
2743  -14.907  -95.445  -40.966 0.0000000000
3200  -15.324  -94.379  -42.521 0.0000000000
3194  -17.341  -94.348  -41.456 0.0000000000
5566  -18.828  -90.966  -42.792 0.0000000000
6932  -17.307  -87.865  -39.026 0.0000000000
8457  -17.955  -86.456  -40.441 0.0000000000
1141  -28.343  -98.133  -21.216 0.0000000000
1596  -28.225  -97.155  -23.049 0.0000000000
1578  -29.640  -97.080  -22.386 0.0000000000
2087  -32.815  -95.891  -24.743 0.0000000000
1625  -31.248  -96.184  -25.776 0.0000000000
2115  -32.195  -96.054  -26.532 0.0000000000
2164  -31.800  -95.644  -28.680 0.0000000000
37459  -27.543  -57.502  -17.923 0.0000000000
39653  -25.576  -55.941  -17.593 0.0000000000
39654  -26.370  -55.697  -17.561 0.0000000000
39656  -28.394  -55.626  -18.185 0.0000000000
40740  -28.752  -55.000  -19.348 0.0000000000
38608  -28.391  -56.753  -20.017 0.0000000000
2853  -23.425  -94.173  -10.090 0.0000000000
1306  -12.597  -98.178  -38.463 0.0000000000
1733  -15.292  -97.355  -34.915 0.0000000000
2214  -13.525  -96.632  -35.478 0.0000000000
3134  -15.287  -95.053  -34.533 0.0000000000
3150  -16.214  -93.927  -35.324 0.0000000000
3652  -16.673  -94.145  -33.960 0.0000000000
2644  -26.292  -95.559  -30.425 0.0000000000
1285  -26.249  -98.212  -34.497 0.0000000000
918  -25.041  -98.636  -32.951 0.0000000000
951  -24.771  -98.969  -35.729 0.0000000000
955  -23.331  -99.601  -36.313 0.0000000000
1301  -24.691  -98.472  -38.244 0.0000000000
2688  -25.489  -94.293  -34.690 0.0000000000
2700  -23.543  -95.867  -35.508 0.0000000000
2262  -22.974  -96.407  -38.509 0.0000000000
2219  -21.843  -96.248  -35.934 0.0000000000
2230  -20.102  -95.899  -36.822 0.0000000000
2684  -21.615  -95.362  -34.405 0.0000000000
46153  -19.575  -50.021  -25.450 0.0000000000
47262  -15.535  -48.199  -24.561 0.0000000000
32063  -18.776  -62.092  -20.930 0.0000000000
28674  -17.643  -64.835  -20.131 0.0000000000
29872  -17.279  -63.857  -21.307 0.0000000000
29892  -15.881  -64.507  -22.028 0.0000000000
27529  -16.565  -66.439  -22.498 0.0000000000
28717  -15.420  -64.919  -22.432 0.0000000000
27397  -16.814  -66.036  -15.218 0.0000000000
28649  -11.474  -65.594  -19.737 0.0000000000
27466  -12.912  -65.675  -19.174 0.0000000000
27524  -12.028  -66.378  -21.556 0.0000000000
20904  -10.460  -72.944  -7.042 0.0000000000
23078  -6.402  -70.474  -10.362 0.0000000000
22045  -9.304  -71.019  -9.341 0.0000000000
23093  -8.598  -70.033  -11.285 0.0000000000
24144  -9.711  -69.554  -11.836 0.0000000000
24173  -7.544  -68.927  -12.957 0.0000000000
26272  -6.812  -67.608  -14.545 0.0000000000
25214  -5.231  -68.189  -13.572 0.0000000000
7941  -6.594  -86.467  -3.961 0.0000000000
7147  -4.165  -86.927  -3.141 0.0000000000
8743  -5.304  -85.542  -2.004 0.0000000000
10272  -4.254  -83.875  -0.345 0.0000000000
10314  -4.473  -83.583  -3.101 0.0000000000
11158  -3.016  -82.521  -4.239 0.0000000000
8766  -3.902  -84.897  -4.847 0.0000000000
4521  -5.452  -91.511  -9.906 0.0000000000
5125  -3.682  -90.051  -8.614 0.0000000000
4532  -4.025  -91.507  -10.594 0.0000000000
5836  -3.605  -89.611  -12.461 0.0000000000
4559  -3.801  -91.526  -13.448 0.0000000000
6615  -10.121  -88.539  -17.509 0.0000000000
5864  -9.230  -89.455  -16.036 0.0000000000
5224  -8.635  -89.985  -18.703 0.0000000000
3482  -5.518  -94.180  -20.587 0.0000000000
4051  -5.740  -92.387  -19.104 0.0000000000
4062  -5.130  -92.697  -20.155 0.0000000000
301  -7.706  -101.432  -16.789 0.0000000000
2423  -22.891  -94.953  -12.347 0.0000000000
1917  -20.491  -96.148  -12.221 0.0000000000
464  -19.958  -99.589  -12.528 0.0000000000
474  -18.564  -100.562  -12.934 0.0000000000
106  -16.794  -101.498  -13.696 0.0000000000
299  -17.923  -100.945  -14.785 0.0000000000
1962  -22.642  -96.926  -17.106 0.0000000000
1072  -22.088  -97.901  -16.337 0.0000000000
1486  -20.453  -97.609  -17.469 0.0000000000
1111  -15.634  -98.169  -19.857 0.0000000000
1079  -17.045  -98.550  -17.816 0.0000000000
1077  -15.144  -98.941  -18.254 0.0000000000
510  -14.540  -100.420  -17.411 0.0000000000
522  -13.884  -100.705  -18.888 0.0000000000
144  -15.022  -102.372  -18.741 0.0000000000
333  -15.516  -101.261  -19.192 0.0000000000
527  -20.599  -100.250  -18.588 0.0000000000
323  -19.599  -101.406  -18.592 0.0000000000
136  -21.557  -101.667  -18.167 0.0000000000
328  -25.639  -100.262  -19.080 0.0000000000
771  -24.968  -99.831  -17.747 0.0000000000
2496  -26.111  -95.832  -19.778 0.0000000000
2014  -26.885  -96.288  -18.629 0.0000000000
2516  -28.041  -95.452  -19.505 0.0000000000
2942  -30.140  -94.846  -18.831 0.0000000000
29875  -20.239  -64.521  -21.936 0.0000000000
31003  -21.551  -63.659  -20.514 0.0000000000
28678  -21.413  -65.562  -20.359 0.0000000000
27448  -23.497  -66.232  -17.115 0.0000000000
27450  -25.852  -66.543  -16.862 0.0000000000
32141  -8.037  -62.376  -25.051 0.0000000000
34325  -9.482  -60.792  -25.782 0.0000000000
36472  -10.671  -59.300  -25.897 0.0000000000
34332  -10.450  -60.561  -26.528 0.0000000000
25383  -6.549  -69.121  -27.097 0.0000000000
25364  -6.962  -68.188  -25.679 0.0000000000
25385  -8.219  -67.948  -27.422 0.0000000000
28772  -12.222  -64.891  -27.375 0.0000000000
33310  -13.538  -61.707  -28.174 0.0000000000
34347  -13.118  -60.533  -28.110 0.0000000000
5552  -13.989  -89.790  -43.599 0.0000000000
5549  -12.065  -90.059  -42.135 0.0000000000
7713  -13.384  -87.185  -42.951 0.0000000000
13399  -8.663  -80.814  -33.500 0.0000000000
15135  -7.587  -78.781  -34.676 0.0000000000
15087  -7.170  -78.875  -32.526 0.0000000000
15990  -6.553  -77.384  -31.438 0.0000000000
14239  -6.924  -79.192  -30.418 0.0000000000
15164  -9.663  -78.355  -38.765 0.0000000000
14335  -11.968  -80.176  -38.568 0.0000000000
14312  -10.690  -79.593  -37.136 0.0000000000
13425  -12.160  -80.389  -34.895 0.0000000000
16045  -9.918  -77.794  -35.200 0.0000000000
20180  -9.432  -73.747  -32.871 0.0000000000
18046  -8.441  -75.264  -32.617 0.0000000000
19031  -9.550  -75.171  -30.667 0.0000000000
16933  -9.997  -76.409  -28.981 0.0000000000
17991  -11.627  -75.711  -29.241 0.0000000000
17958  -13.267  -76.165  -27.615 0.0000000000
17993  -14.039  -75.425  -29.479 0.0000000000
22334  -15.288  -71.459  -31.095 0.0000000000
23362  -13.579  -70.321  -30.493 0.0000000000
34216  -21.323  -61.163  -19.061 0.0000000000
32052  -22.628  -62.536  -18.413 0.0000000000
13798  -9.076  -79.184  -1.551 0.0000000000
13824  -8.703  -79.914  -3.679 0.0000000000
13886  -8.391  -80.551  -6.770 0.0000000000
12106  -8.602  -81.872  -5.117 0.0000000000
12104  -6.875  -81.871  -5.630 0.0000000000
12123  -3.956  -81.247  -6.504 0.0000000000
2380  -16.933  -94.901  -9.141 0.0000000000
2397  -15.235  -94.531  -10.126 0.0000000000
2862  -16.187  -93.796  -11.219 0.0000000000
4556  -15.841  -91.854  -12.978 0.0000000000
5182  -16.319  -90.265  -13.564 0.0000000000
6589  -16.695  -88.381  -15.434 0.0000000000
5199  -17.169  -90.175  -15.657 0.0000000000
4598  -15.884  -91.004  -16.799 0.0000000000
3426  -14.326  -93.482  -16.007 0.0000000000
2441  -13.221  -95.281  -15.077 0.0000000000
1952  -15.094  -95.885  -15.445 0.0000000000
1927  -15.785  -96.551  -13.872 0.0000000000
1442  -16.320  -97.226  -12.515 0.0000000000
17861  -5.947  -75.882  -21.350 0.0000000000
18890  -7.410  -75.038  -20.734 0.0000000000
20020  -7.458  -73.731  -23.255 0.0000000000
17883  -9.034  -75.309  -21.907 0.0000000000
18934  -10.395  -74.433  -23.401 0.0000000000
20033  -11.716  -74.092  -24.593 0.0000000000
3715  -17.582  -93.636  -38.442 0.0000000000
3742  -18.690  -93.418  -40.543 0.0000000000
4917  -19.061  -92.171  -39.129 0.0000000000
6211  -20.334  -89.865  -40.197 0.0000000000
7705  -21.077  -87.357  -41.611 0.0000000000
1526  -31.306  -97.111  -19.127 0.0000000000
1559  -31.074  -96.936  -21.512 0.0000000000
2031  -32.803  -96.206  -20.666 0.0000000000
2060  -33.726  -95.514  -22.446 0.0000000000
2580  -34.426  -94.591  -25.271 0.0000000000
35266  -25.679  -59.477  -17.935 0.0000000000
37456  -24.499  -57.518  -17.707 0.0000000000
35267  -26.709  -59.397  -18.053 0.0000000000
35268  -27.652  -59.318  -18.512 0.0000000000
36374  -28.240  -58.431  -19.017 0.0000000000
36378  -28.225  -58.455  -19.940 0.0000000000
34230  -27.364  -60.461  -20.115 0.0000000000
1307  -13.469  -98.348  -38.356 0.0000000000
1317  -14.989  -98.524  -38.931 0.0000000000
1761  -15.680  -96.965  -37.570 0.0000000000
2216  -16.649  -96.887  -36.012 0.0000000000
1231  -28.130  -97.073  -29.578 0.0000000000
1241  -27.151  -97.488  -30.438 0.0000000000
1253  -28.358  -97.705  -31.432 0.0000000000
1728  -27.631  -97.389  -33.904 0.0000000000
1755  -28.054  -96.997  -36.254 0.0000000000
42974  -15.695  -52.413  -24.188 0.0000000000
45063  -16.897  -50.456  -23.920 0.0000000000
44007  -15.633  -51.383  -24.205 0.0000000000
44052  -15.468  -50.985  -25.269 0.0000000000
44069  -16.040  -50.819  -26.081 0.0000000000
29801  -16.000  -64.445  -14.723 0.0000000000
27396  -15.739  -65.938  -15.479 0.0000000000
28584  -13.498  -65.119  -15.935 0.0000000000
28613  -12.136  -65.722  -17.745 0.0000000000
28648  -10.548  -65.592  -19.352 0.0000000000
27482  -8.453  -66.732  -19.495 0.0000000000
25257  -7.804  -68.130  -19.012 0.0000000000
19748  -6.281  -73.774  -5.819 0.0000000000
20902  -8.295  -73.181  -7.315 0.0000000000
20920  -5.775  -72.190  -7.232 0.0000000000
22022  -5.293  -71.330  -8.408 0.0000000000
23076  -4.427  -70.271  -10.320 0.0000000000
5757  -7.857  -89.660  -6.095 0.0000000000
7184  -8.030  -87.633  -5.121 0.0000000000
8795  -7.438  -85.948  -6.321 0.0000000000
7970  -5.343  -86.426  -6.516 0.0000000000
7238  -6.589  -87.203  -8.617 0.0000000000
5814  -6.582  -89.749  -10.100 0.0000000000
4544  -7.500  -91.312  -11.691 0.0000000000
4067  -9.830  -91.893  -19.162 0.0000000000
5254  -8.770  -90.932  -20.576 0.0000000000
3456  -8.298  -93.562  -18.999 0.0000000000
108  -9.938  -101.075  -14.937 0.0000000000
130  -9.106  -101.945  -17.616 0.0000000000
131  -10.099  -102.043  -17.567 0.0000000000
478  -22.487  -99.453  -13.030 0.0000000000
2010  -20.283  -96.237  -19.442 0.0000000000
1505  -20.065  -97.165  -18.329 0.0000000000
2008  -18.745  -96.997  -20.026 0.0000000000
1535  -16.361  -97.802  -20.896 0.0000000000
823  -15.574  -99.153  -21.702 0.0000000000
550  -16.215  -100.239  -20.281 0.0000000000
812  -18.578  -99.779  -20.850 0.0000000000
813  -19.553  -99.542  -20.641 0.0000000000
800  -22.010  -98.820  -19.147 0.0000000000
1100  -23.968  -98.658  -18.434 0.0000000000
1128  -22.834  -97.876  -20.218 0.0000000000
2027  -23.684  -96.508  -20.605 0.0000000000
2973  -25.160  -94.940  -21.193 0.0000000000
27511  -21.366  -66.273  -20.160 0.0000000000
29929  -7.567  -64.128  -25.360 0.0000000000
26487  -7.810  -67.641  -29.970 0.0000000000
26466  -8.394  -66.874  -28.558 0.0000000000
27641  -8.916  -65.697  -29.687 0.0000000000
8456  -15.006  -86.790  -40.757 0.0000000000
9257  -14.486  -85.548  -42.138 0.0000000000
9964  -14.306  -84.828  -39.529 0.0000000000
10778  -12.469  -82.971  -38.785 0.0000000000
11623  -10.525  -81.815  -37.942 0.0000000000
13462  -9.115  -80.790  -37.454 0.0000000000
11596  -10.326  -82.607  -36.080 0.0000000000
10711  -9.770  -83.443  -33.843 0.0000000000
12508  -10.402  -81.759  -32.551 0.0000000000
21381  -12.292  -72.549  -36.580 0.0000000000
19144  -8.963  -74.387  -36.775 0.0000000000
18079  -7.956  -75.293  -35.787 0.0000000000
21358  -8.135  -72.270  -35.360 0.0000000000
22362  -8.846  -71.472  -33.615 0.0000000000
21314  -10.788  -72.913  -33.192 0.0000000000
19079  -13.247  -73.917  -32.194 0.0000000000
22366  -12.827  -70.949  -33.378 0.0000000000
36343  -22.501  -58.465  -17.264 0.0000000000
35263  -22.542  -59.620  -17.517 0.0000000000
35264  -23.514  -59.634  -17.775 0.0000000000
34199  -25.284  -60.561  -17.789 0.0000000000
33128  -26.903  -62.180  -17.394 0.0000000000
30980  -27.939  -63.913  -18.292 0.0000000000
696  -20.084  -99.652  -37.805 0.0000000000
45021  -26.863  -50.316  -19.120 0.0000000000
45037  -27.346  -50.614  -20.592 0.0000000000
46118  -27.040  -49.662  -21.862 0.0000000000
45054  -26.265  -50.541  -22.866 0.0000000000
46125  -26.482  -49.425  -22.794 0.0000000000
47251  -25.861  -48.762  -23.645 0.0000000000
47267  -25.050  -48.675  -24.546 0.0000000000
46173  -22.725  -49.630  -26.164 0.0000000000
44030  -19.913  -51.279  -25.975 0.0000000000
42995  -18.374  -52.339  -25.022 0.0000000000
41880  -15.436  -53.691  -23.966 0.0000000000
41888  -14.393  -54.273  -24.352 0.0000000000
39779  -13.720  -55.253  -25.227 0.0000000000
28550  -13.697  -65.416  -13.005 0.0000000000
18638  -10.123  -75.264  -5.324 0.0000000000
17542  -8.606  -76.012  -2.032 0.0000000000
17566  -8.235  -75.863  -3.426 0.0000000000
18635  -7.318  -75.232  -4.997 0.0000000000
18632  -4.856  -75.004  -4.603 0.0000000000
16573  -3.489  -76.081  -6.177 0.0000000000
15658  -3.575  -77.250  -8.431 0.0000000000
14768  -4.269  -78.840  -9.447 0.0000000000
13932  -5.572  -79.691  -11.321 0.0000000000
13121  -6.104  -81.434  -13.017 0.0000000000
12152  -7.537  -81.469  -8.934 0.0000000000
11227  -6.512  -82.251  -10.795 0.0000000000
11283  -3.688  -82.036  -13.170 0.0000000000
9644  -3.144  -84.497  -14.715 0.0000000000
8093  -3.678  -86.221  -15.588 0.0000000000
6613  -2.612  -87.752  -16.805 0.0000000000
2377  -14.053  -94.941  -9.087 0.0000000000
3355  -13.523  -93.480  -8.269 0.0000000000
6489  -12.633  -88.872  -9.090 0.0000000000
5829  -12.248  -88.739  -11.803 0.0000000000
5850  -11.645  -89.050  -13.635 0.0000000000
7315  -12.617  -88.020  -14.100 0.0000000000
7337  -12.009  -87.438  -16.195 0.0000000000
6634  -12.198  -87.758  -18.841 0.0000000000
6619  -15.026  -88.016  -16.852 0.0000000000
5892  -13.101  -88.847  -18.086 0.0000000000
5226  -11.742  -90.103  -18.549 0.0000000000
4020  -10.536  -91.867  -16.428 0.0000000000
3410  -9.455  -93.485  -14.406 0.0000000000
2867  -7.836  -95.229  -12.592 0.0000000000
2396  -8.521  -96.354  -11.930 0.0000000000
1010  -9.070  -98.157  -11.507 0.0000000000
721  -9.505  -99.465  -12.108 0.0000000000
1449  -12.534  -97.225  -14.095 0.0000000000
1031  -11.259  -98.207  -12.968 0.0000000000
274  -10.544  -100.446  -13.231 0.0000000000
286  -11.256  -101.256  -13.873 0.0000000000
111  -12.316  -102.444  -14.547 0.0000000000
15  -13.827  -103.121  -15.249 0.0000000000
1461  -25.851  -97.840  -14.695 0.0000000000
1941  -26.113  -96.100  -14.673 0.0000000000
1964  -24.123  -96.271  -16.277 0.0000000000
1975  -23.212  -95.820  -17.441 0.0000000000
4028  -25.384  -92.706  -16.142 0.0000000000
2932  -23.188  -94.259  -17.675 0.0000000000
2479  -22.416  -95.154  -18.556 0.0000000000
2955  -20.995  -94.307  -19.810 0.0000000000
25316  -3.817  -68.777  -22.531 0.0000000000
26402  -4.584  -67.524  -23.649 0.0000000000
24319  -3.913  -70.121  -24.429 0.0000000000
23317  -4.915  -70.719  -26.532 0.0000000000
23323  -5.544  -70.567  -27.675 0.0000000000
21182  -8.105  -72.840  -24.815 0.0000000000
21214  -7.205  -72.268  -26.831 0.0000000000
22302  -6.437  -71.033  -29.065 0.0000000000
23356  -7.583  -70.308  -30.864 0.0000000000
23380  -8.545  -70.020  -31.175 0.0000000000
25449  -10.768  -68.269  -31.051 0.0000000000
3197  -12.968  -94.565  -42.222 0.0000000000
4368  -14.900  -92.078  -43.760 0.0000000000
5573  -15.975  -90.469  -44.616 0.0000000000
4359  -18.780  -92.627  -42.924 0.0000000000
5565  -17.199  -90.919  -43.641 0.0000000000
6232  -16.244  -89.185  -42.782 0.0000000000
6947  -15.406  -88.828  -39.864 0.0000000000
7636  -16.730  -87.063  -37.740 0.0000000000
9921  -17.457  -84.634  -36.316 0.0000000000
1608  -26.426  -97.244  -24.688 0.0000000000
2577  -27.636  -95.506  -25.425 0.0000000000
2590  -28.333  -95.367  -26.296 0.0000000000
1599  -30.981  -96.322  -23.479 0.0000000000
1623  -29.949  -95.938  -25.700 0.0000000000
1203  -28.897  -97.166  -28.045 0.0000000000
1684  -30.217  -97.041  -29.292 0.0000000000
2175  -30.732  -95.682  -30.700 0.0000000000
3118  -31.003  -94.199  -32.345 0.0000000000
3553  -36.236  -93.321  -23.340 0.0000000000
3569  -35.570  -93.413  -25.006 0.0000000000
3582  -34.022  -93.602  -26.113 0.0000000000
38572  -24.015  -56.507  -17.658 0.0000000000
41827  -27.900  -53.159  -18.078 0.0000000000
40745  -27.979  -54.490  -20.061 0.0000000000
37480  -27.292  -57.983  -20.782 0.0000000000
3362  -20.076  -93.684  -9.988 0.0000000000
3959  -20.631  -92.289  -11.692 0.0000000000
3406  -20.396  -93.387  -13.184 0.0000000000
3961  -22.147  -92.915  -11.782 0.0000000000
3398  -23.284  -93.641  -11.852 0.0000000000
2425  -24.453  -94.537  -11.578 0.0000000000
18982  -3.695  -74.765  -27.149 0.0000000000
18968  -6.094  -74.402  -26.694 0.0000000000
2283  -13.428  -96.630  -40.411 0.0000000000
3180  -14.456  -94.664  -39.585 0.0000000000
1758  -12.989  -97.213  -37.401 0.0000000000
3169  -13.584  -94.574  -37.559 0.0000000000
3713  -15.720  -93.847  -38.251 0.0000000000
3689  -16.530  -93.587  -36.524 0.0000000000
4890  -17.799  -92.191  -36.035 0.0000000000
1705  -25.415  -97.367  -31.362 0.0000000000
2189  -24.006  -97.199  -32.163 0.0000000000
1727  -22.654  -97.735  -32.980 0.0000000000
937  -22.407  -99.195  -34.575 0.0000000000
686  -21.689  -99.688  -37.321 0.0000000000
988  -21.231  -98.833  -39.281 0.0000000000
3166  -29.824  -94.320  -35.767 0.0000000000
2717  -28.708  -95.320  -36.293 0.0000000000
2735  -27.247  -96.263  -37.874 0.0000000000
2725  -26.368  -95.201  -37.319 0.0000000000
1772  -25.959  -97.106  -38.763 0.0000000000
1784  -24.596  -97.098  -39.265 0.0000000000
1796  -22.085  -97.289  -39.896 0.0000000000
1794  -20.173  -97.440  -40.205 0.0000000000
2258  -19.094  -96.226  -38.739 0.0000000000
2228  -18.089  -95.893  -36.444 0.0000000000
2681  -18.409  -95.598  -34.210 0.0000000000
2660  -17.892  -94.942  -32.867 0.0000000000
33200  -19.680  -60.688  -22.498 0.0000000000
32099  -18.363  -61.748  -23.180 0.0000000000
29896  -19.072  -64.264  -22.892 0.0000000000
31057  -16.801  -63.410  -23.246 0.0000000000
28698  -18.541  -65.344  -22.525 0.0000000000
26375  -18.112  -66.751  -21.745 0.0000000000
26356  -18.224  -67.644  -21.202 0.0000000000
27491  -16.766  -66.099  -19.159 0.0000000000
26317  -14.833  -66.930  -16.956 0.0000000000
27489  -15.019  -65.979  -18.981 0.0000000000
28671  -14.772  -64.803  -20.756 0.0000000000
27551  -14.213  -65.798  -22.497 0.0000000000
26259  -14.942  -67.150  -12.119 0.0000000000
26256  -12.581  -66.870  -12.793 0.0000000000
22009  -10.299  -71.645  -8.107 0.0000000000
23048  -11.473  -70.189  -8.553 0.0000000000
25185  -11.958  -68.618  -10.803 0.0000000000
25208  -11.448  -68.119  -12.406 0.0000000000
25229  -10.264  -67.740  -14.186 0.0000000000
26286  -7.464  -67.231  -15.365 0.0000000000
12982  -4.264  -80.761  -2.983 0.0000000000
12100  -2.895  -81.810  -5.571 0.0000000000
10360  -2.541  -83.616  -7.452 0.0000000000
7205  -3.944  -87.352  -6.432 0.0000000000
7990  -2.387  -86.306  -7.557 0.0000000000
8025  -2.191  -86.608  -9.425 0.0000000000
7282  -3.130  -87.787  -11.436 0.0000000000
6575  -3.097  -88.537  -14.389 0.0000000000
5880  -3.244  -89.311  -17.597 0.0000000000
5180  -9.973  -89.764  -13.866 0.0000000000
4572  -7.978  -91.106  -13.938 0.0000000000
4571  -7.113  -91.619  -14.508 0.0000000000
4617  -6.979  -91.582  -19.029 0.0000000000
4018  -5.794  -92.101  -16.713 0.0000000000
3990  -4.900  -92.458  -14.533 0.0000000000
4034  -3.942  -91.579  -17.436 0.0000000000
5234  -4.103  -90.849  -19.456 0.0000000000
2435  -19.608  -94.810  -13.024 0.0000000000
1915  -18.431  -96.319  -12.367 0.0000000000
1016  -17.352  -98.213  -11.867 0.0000000000
1006  -18.455  -98.856  -12.105 0.0000000000
700  -16.214  -99.584  -12.196 0.0000000000
90  -15.827  -100.950  -12.640 0.0000000000
104  -15.439  -102.010  -13.827 0.0000000000
24  -15.200  -102.696  -15.464 0.0000000000
1060  -23.557  -98.484  -15.349 0.0000000000
747  -22.000  -99.423  -15.249 0.0000000000
1081  -19.669  -98.227  -17.277 0.0000000000
507  -18.206  -100.218  -15.679 0.0000000000
304  -16.415  -101.384  -15.599 0.0000000000
134  -14.955  -101.833  -16.815 0.0000000000
36  -14.285  -103.095  -17.617 0.0000000000
40  -14.587  -102.923  -18.473 0.0000000000
524  -17.726  -101.011  -18.883 0.0000000000
553  -26.926  -99.400  -20.335 0.0000000000
802  -28.678  -98.612  -19.423 0.0000000000
1102  -26.081  -98.320  -17.917 0.0000000000
1491  -28.455  -97.649  -17.919 0.0000000000
1493  -30.090  -97.263  -18.000 0.0000000000
1980  -31.057  -96.194  -17.921 0.0000000000
32064  -21.429  -62.489  -20.796 0.0000000000
32050  -21.672  -62.997  -20.017 0.0000000000
30978  -23.180  -63.803  -18.113 0.0000000000
27475  -22.168  -66.028  -18.372 0.0000000000
29833  -23.044  -64.589  -18.066 0.0000000000
29814  -24.703  -64.543  -17.285 0.0000000000
29815  -25.942  -64.722  -17.147 0.0000000000
28620  -27.403  -65.669  -17.647 0.0000000000
38675  -11.996  -57.648  -24.955 0.0000000000
38703  -12.282  -57.440  -25.645 0.0000000000
38715  -13.180  -57.209  -26.650 0.0000000000
26419  -5.774  -66.406  -24.974 0.0000000000
27601  -7.062  -66.088  -25.902 0.0000000000
29930  -8.868  -64.779  -26.071 0.0000000000
27614  -10.379  -66.411  -27.272 0.0000000000
28770  -10.938  -65.421  -26.310 0.0000000000
32168  -9.919  -62.840  -26.968 0.0000000000
34345  -11.785  -60.433  -27.364 0.0000000000
37606  -12.965  -58.321  -27.363 0.0000000000
38716  -13.782  -56.788  -26.759 0.0000000000
14310  -6.962  -79.539  -36.671 0.0000000000
18029  -5.386  -75.656  -31.635 0.0000000000
19015  -5.867  -74.565  -29.575 0.0000000000
18970  -7.874  -74.908  -27.215 0.0000000000
9981  -16.961  -84.254  -40.190 0.0000000000
10780  -16.697  -83.832  -38.563 0.0000000000
12572  -16.233  -82.027  -36.832 0.0000000000
13483  -13.211  -80.288  -39.975 0.0000000000
13465  -14.453  -80.933  -37.491 0.0000000000
12549  -15.638  -81.418  -34.536 0.0000000000
12547  -13.547  -81.661  -34.147 0.0000000000
13401  -11.579  -80.895  -33.333 0.0000000000
14242  -11.393  -80.225  -31.673 0.0000000000
16984  -8.671  -76.400  -33.700 0.0000000000
15992  -9.887  -77.714  -31.283 0.0000000000
15055  -9.323  -79.458  -29.618 0.0000000000
15037  -7.829  -78.112  -27.960 0.0000000000
16911  -8.805  -76.205  -27.604 0.0000000000
17940  -9.595  -75.460  -26.448 0.0000000000
16889  -11.840  -76.449  -25.202 0.0000000000
17920  -13.433  -75.617  -25.016 0.0000000000
20059  -13.708  -73.873  -26.022 0.0000000000
19036  -15.004  -74.287  -30.711 0.0000000000
20089  -15.539  -73.235  -29.059 0.0000000000
21249  -13.063  -72.742  -28.558 0.0000000000
34227  -20.310  -59.731  -21.052 0.0000000000
3970  -19.088  -92.059  -12.541 0.0000000000
3984  -18.770  -91.910  -13.544 0.0000000000
3998  -19.375  -92.427  -14.119 0.0000000000
3414  -19.340  -93.140  -14.643 0.0000000000
2899  -18.844  -94.297  -14.655 0.0000000000
3415  -19.795  -93.114  -13.939 0.0000000000
17926  -6.401  -75.781  -25.118 0.0000000000
16867  -6.608  -76.857  -24.342 0.0000000000
16868  -7.912  -76.814  -24.523 0.0000000000
16846  -8.582  -77.246  -23.806 0.0000000000
17917  -8.942  -76.129  -24.890 0.0000000000
6908  -19.289  -88.927  -35.912 0.0000000000
6920  -19.469  -88.814  -37.042 0.0000000000
6909  -19.904  -88.371  -36.277 0.0000000000
30994  -28.036  -63.174  -18.904 0.0000000000
32053  -28.053  -62.584  -19.009 0.0000000000
31006  -27.913  -63.035  -19.790 0.0000000000
974  -18.650  -99.416  -38.622 0.0000000000
694  -18.138  -99.731  -37.850 0.0000000000
985  -18.200  -98.936  -39.490 0.0000000000
993  -18.040  -98.526  -39.988 0.0000000000
1333  -18.733  -98.275  -40.058 0.0000000000
2674  -30.794  -94.506  -33.033 0.0000000000
2673  -30.418  -95.141  -33.234 0.0000000000
3143  -30.698  -94.161  -34.378 0.0000000000
40836  -14.326  -54.958  -25.607 0.0000000000
41943  -14.618  -54.340  -25.376 0.0000000000
40854  -14.905  -55.234  -26.160 0.0000000000
39804  -14.408  -55.936  -26.508 0.0000000000
28561  -12.509  -65.295  -13.917 0.0000000000
29785  -11.692  -64.987  -15.252 0.0000000000
28572  -10.861  -65.479  -14.899 0.0000000000
27416  -9.927  -65.728  -16.030 0.0000000000
27374  -10.112  -66.403  -14.968 0.0000000000
18714  -3.700  -74.308  -8.447 0.0000000000
5817  -11.452  -89.114  -10.267 0.0000000000
6505  -10.494  -88.792  -9.914 0.0000000000
6504  -9.857  -88.514  -9.258 0.0000000000
6525  -10.563  -88.144  -10.756 0.0000000000
7285  -10.100  -87.878  -11.367 0.0000000000
6542  -10.663  -88.431  -11.737 0.0000000000
2880  -6.777  -95.076  -13.643 0.0000000000
2893  -6.145  -94.694  -14.636 0.0000000000
28  -12.969  -103.439  -16.640 0.0000000000
33  -12.015  -103.095  -17.567 0.0000000000
34  -12.783  -103.408  -17.449 0.0000000000
3  -13.304  -103.403  -18.464 0.0000000000
1  -13.599  -103.410  -18.067 0.0000000000
1052  -26.218  -98.048  -13.956 0.0000000000
2552  -19.171  -95.487  -23.191 0.0000000000
2068  -18.663  -96.579  -23.249 0.0000000000
1592  -19.158  -97.252  -23.573 0.0000000000
1163  -19.598  -97.862  -23.371 0.0000000000
1593  -20.124  -97.187  -23.598 0.0000000000
1594  -20.808  -96.891  -23.447 0.0000000000
2070  -20.467  -96.238  -23.717 0.0000000000
26365  -4.054  -67.229  -20.909 0.0000000000
28710  -4.426  -66.085  -22.078 0.0000000000
28711  -4.954  -65.501  -22.415 0.0000000000
27545  -4.565  -66.279  -22.680 0.0000000000
9903  -16.683  -84.761  -35.301 0.0000000000
9901  -14.904  -84.409  -35.688 0.0000000000
9884  -15.337  -84.043  -34.807 0.0000000000
10716  -14.816  -83.593  -34.011 0.0000000000
10717  -15.682  -83.622  -34.027 0.0000000000
40755  -26.946  -54.442  -20.932 0.0000000000
40754  -25.795  -54.418  -21.987 0.0000000000
42997  -22.377  -53.293  -23.959 0.0000000000
42979  -23.056  -53.028  -23.557 0.0000000000
42998  -23.306  -52.754  -24.345 0.0000000000
43029  -23.603  -52.313  -24.965 0.0000000000
43028  -22.662  -52.950  -25.148 0.0000000000
13837  -6.997  -79.044  -4.171 0.0000000000
14688  -6.444  -78.547  -3.699 0.0000000000
14701  -6.228  -78.770  -4.661 0.0000000000
14716  -5.476  -78.395  -5.179 0.0000000000
14731  -6.536  -78.831  -6.265 0.0000000000
14747  -6.780  -78.998  -7.046 0.0000000000
13869  -7.497  -79.394  -6.494 0.0000000000
12148  -3.960  -81.624  -8.284 0.0000000000
11213  -3.532  -81.964  -9.287 0.0000000000
10389  -2.465  -83.564  -10.715 0.0000000000
10376  -2.509  -83.620  -9.564 0.0000000000
1871  -15.759  -96.479  -8.116 0.0000000000
5842  -15.897  -89.776  -12.298 0.0000000000
5830  -15.717  -89.624  -11.389 0.0000000000
6546  -16.051  -88.590  -11.621 0.0000000000
7288  -15.652  -87.693  -11.547 0.0000000000
7305  -16.135  -87.744  -12.570 0.0000000000
8074  -15.688  -86.746  -13.879 0.0000000000
7319  -16.365  -87.468  -13.678 0.0000000000
4008  -14.044  -92.496  -15.453 0.0000000000
4585  -13.448  -91.508  -15.270 0.0000000000
4007  -13.425  -92.524  -14.794 0.0000000000
3995  -12.792  -92.533  -14.345 0.0000000000
3412  -12.572  -93.263  -13.844 0.0000000000
2885  -12.375  -94.158  -13.634 0.0000000000
2896  -12.841  -94.031  -14.133 0.0000000000
1034  -14.852  -98.167  -12.572 0.0000000000
1033  -13.725  -98.961  -12.501 0.0000000000
1013  -14.779  -99.104  -12.124 0.0000000000
458  -13.941  -100.303  -12.481 0.0000000000
708  -14.817  -99.822  -12.262 0.0000000000
19986  -6.232  -74.117  -20.628 0.0000000000
19984  -4.639  -73.540  -20.370 0.0000000000
21150  -5.211  -73.196  -21.434 0.0000000000
21149  -4.660  -72.740  -21.506 0.0000000000
20011  -5.296  -73.305  -22.202 0.0000000000
20018  -5.499  -73.316  -23.060 0.0000000000
20019  -6.489  -73.476  -23.213 0.0000000000
21203  -11.373  -73.337  -25.634 0.0000000000
21217  -10.538  -72.891  -26.339 0.0000000000
21247  -10.735  -72.855  -28.211 0.0000000000
21232  -11.497  -73.026  -27.088 0.0000000000
3181  -15.678  -94.271  -39.841 0.0000000000
3193  -16.086  -94.765  -41.486 0.0000000000
3188  -16.393  -94.508  -40.578 0.0000000000
7717  -19.899  -87.775  -42.768 0.0000000000
6997  -18.991  -88.554  -42.469 0.0000000000
7704  -18.502  -87.936  -42.064 0.0000000000
7690  -18.094  -87.663  -40.881 0.0000000000
8471  -18.306  -86.553  -41.355 0.0000000000
1129  -29.177  -97.817  -20.564 0.0000000000
1156  -28.999  -97.525  -21.891 0.0000000000
1143  -29.686  -97.494  -20.995 0.0000000000
2579  -33.702  -95.123  -25.734 0.0000000000
2098  -32.535  -95.931  -25.475 0.0000000000
2606  -33.217  -95.076  -27.037 0.0000000000
2621  -32.640  -95.045  -27.805 0.0000000000
3084  -32.590  -94.599  -27.756 0.0000000000
37435  -22.728  -57.409  -17.474 0.0000000000
37460  -28.409  -57.482  -18.557 0.0000000000
38575  -26.848  -56.514  -17.657 0.0000000000
38576  -28.040  -56.569  -17.876 0.0000000000
39655  -27.469  -55.584  -17.668 0.0000000000
38577  -28.666  -56.495  -18.561 0.0000000000
39670  -28.982  -55.724  -18.882 0.0000000000
38594  -28.775  -56.533  -19.258 0.0000000000
1724  -16.183  -97.173  -34.290 0.0000000000
2206  -14.938  -97.003  -34.336 0.0000000000
2666  -15.705  -96.253  -33.714 0.0000000000
3123  -16.282  -94.939  -33.677 0.0000000000
2604  -27.723  -95.189  -27.953 0.0000000000
3082  -26.949  -94.578  -28.682 0.0000000000
2632  -27.332  -95.466  -29.062 0.0000000000
1290  -26.370  -98.132  -35.455 0.0000000000
1284  -25.578  -98.443  -34.679 0.0000000000
1294  -25.708  -98.538  -36.740 0.0000000000
957  -25.079  -98.937  -36.512 0.0000000000
1302  -25.435  -98.399  -37.680 0.0000000000
2220  -22.680  -96.251  -36.053 0.0000000000
2698  -21.113  -95.848  -35.335 0.0000000000
45065  -18.170  -50.838  -24.781 0.0000000000
46152  -19.208  -49.422  -25.206 0.0000000000
45084  -18.238  -50.164  -24.830 0.0000000000
28673  -16.637  -64.802  -20.551 0.0000000000
29850  -16.714  -64.507  -20.953 0.0000000000
28697  -16.080  -64.711  -21.066 0.0000000000
28696  -15.555  -64.654  -21.523 0.0000000000
27485  -11.412  -65.699  -20.419 0.0000000000
28668  -11.857  -65.514  -20.471 0.0000000000
26368  -11.746  -66.707  -21.388 0.0000000000
26369  -12.330  -66.898  -21.656 0.0000000000
26350  -11.968  -67.424  -21.156 0.0000000000
19752  -10.388  -74.285  -6.114 0.0000000000
19779  -11.466  -73.910  -6.665 0.0000000000
19778  -10.002  -73.630  -6.581 0.0000000000
23091  -6.626  -70.191  -11.076 0.0000000000
23079  -7.370  -70.528  -10.508 0.0000000000
24141  -6.901  -69.705  -11.783 0.0000000000
24142  -7.959  -69.785  -11.932 0.0000000000
24164  -6.198  -69.165  -12.346 0.0000000000
25215  -6.274  -68.264  -13.524 0.0000000000
25205  -5.675  -68.619  -12.914 0.0000000000
8769  -6.455  -85.462  -4.262 0.0000000000
7914  -6.114  -85.853  -2.925 0.0000000000
9524  -6.175  -84.931  -3.344 0.0000000000
10303  -5.139  -83.833  -2.296 0.0000000000
10328  -4.304  -83.965  -3.943 0.0000000000
8768  -5.336  -84.994  -4.771 0.0000000000
3942  -5.391  -92.253  -10.949 0.0000000000
4520  -4.528  -91.392  -9.745 0.0000000000
4541  -4.466  -92.078  -11.453 0.0000000000
4540  -3.907  -91.512  -11.653 0.0000000000
3963  -4.855  -92.458  -12.476 0.0000000000
6632  -10.391  -88.595  -18.719 0.0000000000
5889  -9.576  -89.020  -18.203 0.0000000000
5902  -9.644  -89.458  -19.382 0.0000000000
282  -8.168  -100.765  -14.404 0.0000000000
289  -7.959  -100.945  -15.091 0.0000000000
296  -8.244  -101.237  -15.935 0.0000000000
485  -20.140  -100.253  -13.506 0.0000000000
484  -19.369  -100.500  -13.366 0.0000000000
483  -18.902  -100.742  -13.579 0.0000000000
288  -18.210  -100.921  -13.558 0.0000000000
491  -18.706  -100.863  -14.080 0.0000000000
1974  -22.373  -96.416  -17.668 0.0000000000
1488  -22.217  -97.159  -17.100 0.0000000000
1487  -21.536  -97.238  -17.297 0.0000000000
1110  -14.498  -98.867  -20.059 0.0000000000
1094  -14.539  -98.956  -18.998 0.0000000000
1093  -14.148  -99.348  -19.603 0.0000000000
763  -13.960  -99.961  -18.410 0.0000000000
536  -14.248  -100.706  -19.496 0.0000000000
332  -14.714  -101.311  -19.245 0.0000000000
537  -15.078  -100.881  -19.667 0.0000000000
513  -22.194  -100.256  -17.990 0.0000000000
311  -21.584  -101.059  -17.957 0.0000000000
515  -24.222  -100.537  -17.816 0.0000000000
516  -25.262  -100.475  -17.956 0.0000000000
770  -23.968  -99.689  -17.810 0.0000000000
2975  -26.551  -95.066  -20.777 0.0000000000
2514  -26.663  -95.479  -20.081 0.0000000000
2976  -27.259  -95.118  -20.404 0.0000000000
29855  -21.083  -64.668  -21.020 0.0000000000
28677  -20.555  -65.443  -21.216 0.0000000000
32142  -8.346  -62.180  -25.672 0.0000000000
33257  -8.580  -61.491  -25.201 0.0000000000
33279  -9.290  -61.365  -26.206 0.0000000000
34326  -9.957  -60.517  -26.079 0.0000000000
33288  -9.612  -61.687  -26.822 0.0000000000
25396  -6.567  -69.105  -28.131 0.0000000000
25374  -7.272  -68.620  -26.495 0.0000000000
25384  -7.422  -68.529  -27.534 0.0000000000
6242  -14.262  -88.849  -43.781 0.0000000000
6231  -13.549  -88.655  -43.401 0.0000000000
7714  -13.910  -87.370  -43.263 0.0000000000
13383  -8.609  -80.473  -32.418 0.0000000000
14267  -8.122  -79.944  -33.272 0.0000000000
14254  -7.998  -79.911  -32.227 0.0000000000
14252  -7.072  -78.992  -31.229 0.0000000000
14241  -8.022  -79.999  -31.238 0.0000000000
18107  -8.639  -75.591  -38.119 0.0000000000
16070  -8.730  -77.865  -37.595 0.0000000000
14323  -9.618  -79.182  -38.111 0.0000000000
15154  -9.312  -78.680  -37.181 0.0000000000
15145  -10.154  -79.028  -36.414 0.0000000000
16058  -8.726  -77.876  -36.579 0.0000000000
19076  -9.959  -74.247  -32.177 0.0000000000
19053  -9.461  -74.888  -31.303 0.0000000000
19033  -10.996  -75.026  -30.745 0.0000000000
18012  -10.744  -75.217  -29.911 0.0000000000
18013  -11.970  -75.311  -30.334 0.0000000000
17992  -12.844  -75.623  -29.419 0.0000000000
18033  -12.620  -75.055  -30.954 0.0000000000
34228  -21.059  -60.738  -20.415 0.0000000000
33161  -22.129  -61.973  -18.536 0.0000000000
32051  -22.016  -62.746  -19.173 0.0000000000
13799  -9.340  -79.881  -1.855 0.0000000000
13810  -8.552  -79.173  -2.537 0.0000000000
12984  -9.090  -80.641  -3.555 0.0000000000
13001  -9.073  -80.891  -4.542 0.0000000000
12061  -8.806  -81.351  -3.323 0.0000000000
12059  -6.736  -81.791  -3.665 0.0000000000
12081  -7.437  -82.078  -4.603 0.0000000000
12103  -5.667  -81.469  -5.615 0.0000000000
12124  -5.059  -81.346  -6.546 0.0000000000
12102  -4.495  -81.086  -5.550 0.0000000000
2835  -17.612  -94.348  -9.674 0.0000000000
2834  -16.717  -94.436  -9.894 0.0000000000
2850  -17.258  -94.091  -10.176 0.0000000000
3982  -16.779  -91.683  -13.555 0.0000000000
3968  -16.473  -92.153  -13.044 0.0000000000
4565  -16.218  -91.333  -13.303 0.0000000000
5181  -15.779  -90.848  -12.962 0.0000000000
4576  -16.881  -90.877  -14.157 0.0000000000
5190  -16.967  -90.066  -14.563 0.0000000000
4587  -17.290  -90.756  -14.984 0.0000000000
3442  -17.287  -92.659  -16.727 0.0000000000
4025  -17.332  -91.733  -16.701 0.0000000000
3441  -16.525  -93.082  -16.902 0.0000000000
4023  -15.603  -92.419  -16.861 0.0000000000
3440  -15.854  -93.546  -16.725 0.0000000000
2459  -15.064  -94.819  -16.213 0.0000000000
2912  -15.874  -94.899  -16.071 0.0000000000
2443  -16.817  -95.659  -14.485 0.0000000000
2442  -16.234  -95.585  -15.117 0.0000000000
2432  -17.031  -95.852  -13.923 0.0000000000
1452  -15.915  -96.911  -13.119 0.0000000000
1928  -16.764  -96.242  -13.457 0.0000000000
17900  -4.378  -75.253  -23.361 0.0000000000
16823  -6.247  -76.961  -22.495 0.0000000000
16822  -5.553  -76.228  -22.589 0.0000000000
16804  -6.481  -76.330  -21.419 0.0000000000
17840  -6.176  -75.477  -20.775 0.0000000000
16783  -7.336  -75.933  -20.762 0.0000000000
18908  -8.470  -75.069  -21.724 0.0000000000
17863  -8.449  -75.659  -21.305 0.0000000000
17885  -10.425  -76.097  -22.602 0.0000000000
18925  -10.494  -75.317  -22.681 0.0000000000
18935  -11.377  -75.258  -23.364 0.0000000000
18944  -11.314  -74.385  -23.989 0.0000000000
18936  -12.038  -75.471  -23.759 0.0000000000
4301  -17.968  -93.038  -37.469 0.0000000000
4327  -18.745  -92.839  -39.115 0.0000000000
4908  -18.802  -91.992  -38.252 0.0000000000
6187  -20.033  -89.133  -38.645 0.0000000000
6198  -19.726  -89.966  -39.252 0.0000000000
6970  -21.602  -87.971  -40.153 0.0000000000
1999  -32.167  -96.444  -18.837 0.0000000000
1543  -32.230  -96.635  -20.117 0.0000000000
2017  -32.681  -96.254  -19.587 0.0000000000
2531  -34.724  -94.791  -21.451 0.0000000000
2530  -34.302  -95.189  -21.827 0.0000000000
2542  -34.291  -95.155  -22.508 0.0000000000
2556  -34.224  -95.142  -23.374 0.0000000000
34203  -28.010  -60.449  -18.866 0.0000000000
35269  -27.983  -59.928  -18.822 0.0000000000
36367  -27.840  -58.242  -18.383 0.0000000000
35282  -28.010  -59.455  -19.295 0.0000000000
35291  -27.543  -59.530  -20.104 0.0000000000
34218  -27.767  -60.338  -19.519 0.0000000000
692  -16.324  -99.960  -37.713 0.0000000000
680  -15.815  -100.257  -37.108 0.0000000000
690  -14.778  -99.599  -37.900 0.0000000000
970  -14.634  -99.123  -38.430 0.0000000000
971  -15.416  -99.365  -38.588 0.0000000000
2271  -16.802  -96.911  -39.331 0.0000000000
1770  -15.697  -97.332  -38.859 0.0000000000
2256  -16.783  -96.670  -38.633 0.0000000000
2226  -16.512  -96.717  -36.795 0.0000000000
2241  -17.504  -96.273  -37.624 0.0000000000
1696  -29.137  -97.185  -30.253 0.0000000000
1242  -28.134  -97.363  -30.493 0.0000000000
1708  -29.169  -97.176  -31.336 0.0000000000
2210  -28.857  -96.245  -34.203 0.0000000000
1729  -28.275  -97.037  -33.432 0.0000000000
1736  -28.080  -96.978  -34.562 0.0000000000
1735  -27.409  -97.563  -34.628 0.0000000000
2222  -28.586  -96.511  -35.488 0.0000000000
42993  -15.372  -51.908  -24.395 0.0000000000
41916  -15.277  -53.043  -25.529 0.0000000000
44051  -15.053  -51.753  -25.129 0.0000000000
43046  -16.396  -52.296  -26.457 0.0000000000
29799  -14.458  -64.553  -15.084 0.0000000000
28596  -11.118  -65.146  -16.722 0.0000000000
28597  -11.915  -65.169  -16.891 0.0000000000
28612  -11.162  -65.277  -17.688 0.0000000000
28647  -9.833  -65.419  -19.084 0.0000000000
27483  -9.618  -66.156  -19.793 0.0000000000
27465  -9.316  -65.560  -19.052 0.0000000000
27463  -7.526  -66.752  -19.115 0.0000000000
26316  -6.776  -67.385  -18.439 0.0000000000
25248  -7.458  -68.479  -18.458 0.0000000000
19747  -5.174  -73.462  -5.761 0.0000000000
20900  -6.259  -72.693  -6.831 0.0000000000
20899  -5.204  -72.496  -6.621 0.0000000000
22020  -3.701  -71.926  -8.170 0.0000000000
22021  -4.315  -71.314  -8.333 0.0000000000
23044  -4.427  -70.909  -8.917 0.0000000000
23061  -5.032  -70.677  -9.271 0.0000000000
23075  -3.911  -70.717  -10.236 0.0000000000
5103  -6.724  -91.065  -6.032 0.0000000000
5762  -7.871  -90.102  -6.759 0.0000000000
7995  -9.360  -87.200  -7.959 0.0000000000
7207  -8.844  -87.862  -6.265 0.0000000000
7973  -8.888  -86.900  -6.741 0.0000000000
7972  -8.205  -86.297  -6.110 0.0000000000
7993  -7.967  -86.121  -7.430 0.0000000000
8011  -7.197  -86.410  -8.141 0.0000000000
8012  -7.710  -86.569  -8.711 0.0000000000
6539  -8.132  -88.657  -11.592 0.0000000000
6521  -7.025  -88.811  -10.241 0.0000000000
5815  -7.276  -89.484  -10.744 0.0000000000
5155  -7.002  -90.148  -10.658 0.0000000000
5170  -7.878  -91.055  -11.901 0.0000000000
3452  -9.238  -92.798  -17.602 0.0000000000
3457  -9.043  -92.998  -18.774 0.0000000000
3451  -8.474  -93.426  -17.797 0.0000000000
116  -10.363  -101.705  -15.864 0.0000000000
124  -9.662  -101.771  -16.733 0.0000000000
125  -10.785  -102.098  -16.853 0.0000000000
158  -11.617  -102.589  -19.667 0.0000000000
157  -10.795  -102.157  -19.281 0.0000000000
63  -14.395  -103.255  -19.940 0.0000000000
732  -23.404  -99.194  -13.417 0.0000000000
727  -23.172  -99.165  -12.981 0.0000000000
488  -22.759  -99.500  -13.631 0.0000000000
487  -21.933  -99.718  -13.541 0.0000000000
495  -22.210  -99.700  -14.111 0.0000000000
2493  -19.996  -95.976  -19.958 0.0000000000
2009  -19.370  -96.647  -19.824 0.0000000000
2025  -18.638  -96.721  -20.494 0.0000000000
1571  -17.483  -97.579  -22.604 0.0000000000
1552  -17.219  -97.387  -21.618 0.0000000000
1148  -16.352  -98.406  -22.263 0.0000000000
1135  -15.617  -98.665  -21.808 0.0000000000
835  -15.955  -99.090  -22.228 0.0000000000
825  -17.041  -99.653  -21.798 0.0000000000
837  -17.638  -99.279  -22.446 0.0000000000
1138  -20.129  -98.828  -21.825 0.0000000000
828  -19.835  -99.200  -21.192 0.0000000000
814  -20.410  -99.022  -20.632 0.0000000000
799  -21.279  -98.904  -19.660 0.0000000000
1113  -21.734  -98.487  -20.326 0.0000000000
1114  -22.385  -98.446  -19.705 0.0000000000
1127  -22.245  -97.994  -20.687 0.0000000000
2042  -22.571  -96.322  -21.622 0.0000000000
1556  -23.128  -96.873  -20.887 0.0000000000
2528  -23.466  -95.614  -21.017 0.0000000000
2511  -24.198  -95.809  -20.626 0.0000000000
2988  -23.704  -94.728  -21.347 0.0000000000
26357  -19.573  -67.663  -20.411 0.0000000000
28731  -6.116  -64.755  -24.009 0.0000000000
31066  -7.778  -63.301  -24.804 0.0000000000
29928  -6.791  -64.459  -24.995 0.0000000000
27662  -8.218  -67.309  -30.229 0.0000000000
27639  -8.219  -67.028  -29.860 0.0000000000
27664  -8.912  -66.073  -30.197 0.0000000000
7672  -14.517  -87.022  -39.575 0.0000000000
9223  -14.891  -85.304  -40.787 0.0000000000
9202  -14.324  -85.661  -38.976 0.0000000000
10767  -13.260  -83.955  -37.215 0.0000000000
10779  -13.241  -83.594  -38.381 0.0000000000
10766  -12.478  -83.298  -37.639 0.0000000000
10765  -11.971  -82.694  -38.104 0.0000000000
10751  -11.458  -82.916  -36.849 0.0000000000
11610  -10.589  -82.291  -36.872 0.0000000000
10696  -12.256  -83.984  -33.136 0.0000000000
10713  -11.352  -84.102  -34.072 0.0000000000
10694  -10.420  -83.835  -33.245 0.0000000000
10673  -9.674  -83.005  -32.933 0.0000000000
11553  -10.654  -82.546  -32.563 0.0000000000
21380  -11.198  -72.517  -36.520 0.0000000000
20278  -10.581  -73.697  -36.788 0.0000000000
21379  -10.004  -72.409  -36.162 0.0000000000
20276  -8.347  -73.636  -36.344 0.0000000000
21359  -9.206  -71.954  -35.651 0.0000000000
24472  -10.336  -69.450  -34.189 0.0000000000
23436  -8.865  -70.860  -34.288 0.0000000000
23414  -9.965  -70.294  -33.550 0.0000000000
21329  -10.222  -72.344  -33.277 0.0000000000
22364  -10.579  -71.208  -33.245 0.0000000000
22365  -11.682  -71.102  -33.274 0.0000000000
23416  -11.945  -70.008  -33.224 0.0000000000
35265  -24.584  -59.549  -17.823 0.0000000000
32029  -26.733  -63.062  -17.244 0.0000000000
32030  -27.467  -63.012  -17.716 0.0000000000
673  -20.359  -99.746  -36.175 0.0000000000
42939  -27.787  -52.288  -18.717 0.0000000000
43976  -27.006  -50.870  -18.490 0.0000000000
43977  -27.427  -51.344  -19.164 0.0000000000
45045  -27.190  -50.860  -21.411 0.0000000000
46107  -27.310  -50.183  -21.248 0.0000000000
46119  -27.155  -50.373  -21.666 0.0000000000
41867  -25.400  -53.466  -22.586 0.0000000000
41866  -24.398  -53.707  -22.953 0.0000000000
44013  -24.769  -51.404  -23.890 0.0000000000
45053  -25.631  -50.872  -23.241 0.0000000000
45068  -26.097  -49.951  -23.181 0.0000000000
46135  -25.986  -49.436  -23.427 0.0000000000
45088  -24.021  -50.529  -25.322 0.0000000000
46155  -24.658  -49.530  -24.898 0.0000000000
46175  -24.168  -49.579  -25.410 0.0000000000
44054  -20.815  -51.763  -26.173 0.0000000000
44053  -19.809  -52.052  -25.777 0.0000000000
44029  -19.024  -51.546  -25.408 0.0000000000
39747  -13.687  -55.853  -23.531 0.0000000000
39764  -13.577  -55.533  -24.527 0.0000000000
40801  -14.048  -54.766  -24.642 0.0000000000
39778  -13.203  -56.186  -25.360 0.0000000000
29763  -14.263  -64.918  -12.913 0.0000000000
17591  -11.499  -75.733  -4.325 0.0000000000
17610  -11.256  -75.462  -5.336 0.0000000000
17590  -10.243  -75.650  -4.577 0.0000000000
16495  -9.192  -76.547  -0.526 0.0000000000
17528  -9.587  -76.133  -0.949 0.0000000000
16511  -8.137  -76.529  -1.640 0.0000000000
16529  -6.042  -76.587  -3.448 0.0000000000
17541  -7.372  -76.229  -2.925 0.0000000000
17564  -6.528  -76.135  -3.603 0.0000000000
17588  -7.832  -75.699  -4.332 0.0000000000
17586  -5.929  -75.641  -4.342 0.0000000000
18634  -6.321  -75.111  -4.890 0.0000000000
17585  -5.108  -75.473  -4.327 0.0000000000
15630  -3.875  -77.755  -6.319 0.0000000000
15629  -3.661  -76.946  -5.796 0.0000000000
15644  -3.411  -77.037  -7.105 0.0000000000
14744  -3.846  -77.883  -7.800 0.0000000000
14760  -3.673  -78.158  -8.829 0.0000000000
14761  -4.494  -78.434  -8.383 0.0000000000
13906  -6.345  -79.539  -9.613 0.0000000000
13069  -6.958  -80.158  -10.826 0.0000000000
13084  -5.959  -80.063  -11.773 0.0000000000
12184  -7.243  -81.208  -11.644 0.0000000000
12127  -8.202  -81.558  -6.626 0.0000000000
13048  -8.105  -80.904  -8.096 0.0000000000
12141  -7.665  -81.594  -7.713 0.0000000000
11225  -4.763  -82.275  -10.665 0.0000000000
11216  -6.174  -82.221  -10.149 0.0000000000
11244  -4.179  -82.379  -11.501 0.0000000000
11264  -4.833  -82.281  -12.532 0.0000000000
11262  -2.991  -82.632  -12.671 0.0000000000
10427  -2.624  -83.381  -13.194 0.0000000000
8862  -3.182  -85.813  -12.850 0.0000000000
8871  -3.546  -85.415  -13.648 0.0000000000
8071  -4.188  -86.314  -13.771 0.0000000000
7350  -2.800  -86.881  -16.392 0.0000000000
7327  -4.026  -86.875  -14.495 0.0000000000
2847  -14.671  -94.118  -10.497 0.0000000000
2378  -14.706  -94.750  -9.620 0.0000000000
2846  -14.167  -93.770  -10.402 0.0000000000
4511  -14.628  -91.323  -8.908 0.0000000000
3938  -13.871  -92.724  -9.353 0.0000000000
3919  -14.110  -92.272  -8.200 0.0000000000
7268  -14.140  -87.629  -10.833 0.0000000000
6491  -14.047  -88.521  -8.940 0.0000000000
6527  -13.414  -87.890  -11.085 0.0000000000
6526  -12.826  -88.368  -10.795 0.0000000000
6544  -12.977  -88.343  -11.695 0.0000000000
6560  -12.670  -88.548  -12.497 0.0000000000
7316  -13.261  -87.611  -13.566 0.0000000000
7339  -13.714  -86.646  -15.729 0.0000000000
7338  -12.756  -87.038  -15.808 0.0000000000
7352  -12.413  -87.163  -17.103 0.0000000000
6617  -11.828  -87.488  -18.048 0.0000000000
7369  -13.115  -87.113  -17.687 0.0000000000
6604  -16.187  -88.320  -16.092 0.0000000000
7356  -15.803  -87.688  -16.362 0.0000000000
6603  -15.486  -88.419  -16.456 0.0000000000
5207  -13.052  -89.815  -16.481 0.0000000000
5873  -13.325  -89.236  -17.028 0.0000000000
5218  -12.480  -89.773  -17.542 0.0000000000
5891  -12.433  -89.348  -18.468 0.0000000000
4608  -11.775  -90.560  -17.561 0.0000000000
4607  -11.310  -91.049  -17.522 0.0000000000
4594  -11.065  -91.370  -16.789 0.0000000000
3979  -10.810  -92.919  -13.951 0.0000000000
3411  -10.141  -93.049  -14.563 0.0000000000
3402  -10.151  -93.423  -13.550 0.0000000000
3400  -9.012  -93.883  -13.595 0.0000000000
2883  -9.358  -93.923  -12.987 0.0000000000
2416  -8.098  -95.439  -12.178 0.0000000000
2858  -9.137  -95.139  -11.812 0.0000000000
1911  -10.123  -96.519  -12.108 0.0000000000
1898  -9.398  -96.594  -11.912 0.0000000000
1421  -9.819  -97.259  -11.929 0.0000000000
706  -9.567  -98.767  -11.763 0.0000000000
1030  -10.350  -97.848  -12.223 0.0000000000
1937  -13.804  -96.179  -15.196 0.0000000000
1936  -12.832  -96.149  -14.662 0.0000000000
1032  -12.450  -98.791  -13.004 0.0000000000
723  -11.837  -99.397  -12.834 0.0000000000
471  -11.248  -100.079  -12.862 0.0000000000
285  -10.685  -100.894  -13.719 0.0000000000
275  -11.814  -101.056  -13.392 0.0000000000
93  -13.662  -101.587  -13.264 0.0000000000
92  -12.767  -101.648  -13.450 0.0000000000
102  -13.314  -102.245  -13.700 0.0000000000
9  -12.914  -102.670  -14.189 0.0000000000
10  -13.777  -102.830  -14.311 0.0000000000
1942  -26.832  -96.548  -14.180 0.0000000000
2447  -26.726  -95.481  -14.324 0.0000000000
2916  -24.877  -94.535  -15.629 0.0000000000
2456  -24.824  -95.559  -15.694 0.0000000000
2462  -24.250  -95.497  -16.272 0.0000000000
2461  -23.817  -95.525  -16.872 0.0000000000
3453  -23.043  -92.860  -17.520 0.0000000000
2941  -22.868  -93.747  -18.024 0.0000000000
2931  -22.845  -94.738  -18.271 0.0000000000
2939  -22.101  -94.773  -18.918 0.0000000000
2495  -21.524  -95.132  -19.283 0.0000000000
2956  -21.866  -94.147  -19.134 0.0000000000
22225  -3.566  -71.015  -21.642 0.0000000000
23244  -3.498  -70.459  -20.979 0.0000000000
23280  -3.698  -70.423  -22.264 0.0000000000
24271  -3.682  -69.733  -21.541 0.0000000000
24284  -3.787  -69.479  -22.796 0.0000000000
24305  -3.832  -69.012  -23.701 0.0000000000
23307  -3.689  -70.644  -24.362 0.0000000000
21196  -4.680  -72.090  -25.841 0.0000000000
22279  -4.336  -71.434  -25.749 0.0000000000
22280  -4.971  -72.008  -26.355 0.0000000000
23322  -5.255  -70.624  -27.105 0.0000000000
22288  -5.833  -72.074  -26.911 0.0000000000
20021  -8.182  -73.755  -23.626 0.0000000000
20028  -7.694  -73.291  -24.067 0.0000000000
20029  -8.568  -73.354  -24.254 0.0000000000
21229  -8.134  -72.236  -27.477 0.0000000000
21215  -8.615  -72.162  -26.397 0.0000000000
21228  -7.368  -72.300  -27.702 0.0000000000
22298  -6.625  -72.237  -27.685 0.0000000000
22303  -6.972  -72.040  -28.843 0.0000000000
23339  -6.808  -70.309  -30.003 0.0000000000
22315  -8.138  -72.042  -29.615 0.0000000000
22328  -9.176  -71.712  -30.192 0.0000000000
23357  -8.660  -70.819  -30.943 0.0000000000
25448  -9.973  -68.449  -31.426 0.0000000000
24396  -9.703  -70.027  -30.540 0.0000000000
2745  -12.359  -95.929  -41.671 0.0000000000
3196  -12.460  -95.001  -41.882 0.0000000000
2752  -13.698  -95.413  -42.147 0.0000000000
3206  -15.718  -93.890  -43.026 0.0000000000
3772  -15.224  -93.187  -43.359 0.0000000000
3777  -15.615  -92.697  -43.780 0.0000000000
4959  -15.428  -91.170  -44.433 0.0000000000
4960  -16.254  -91.368  -44.511 0.0000000000
4350  -19.547  -92.418  -41.310 0.0000000000
3766  -19.163  -93.071  -41.785 0.0000000000
4360  -19.403  -92.309  -42.388 0.0000000000
5544  -18.073  -90.615  -41.917 0.0000000000
4942  -18.035  -91.291  -42.981 0.0000000000
5543  -17.231  -90.610  -41.665 0.0000000000
6233  -16.434  -89.543  -43.247 0.0000000000
5542  -16.354  -90.144  -41.769 0.0000000000
6207  -15.631  -89.425  -40.849 0.0000000000
6196  -15.870  -89.472  -40.034 0.0000000000
7673  -17.711  -87.200  -39.477 0.0000000000
7655  -17.226  -87.275  -38.365 0.0000000000
8434  -17.653  -86.224  -38.492 0.0000000000
9171  -17.296  -85.511  -36.674 0.0000000000
9940  -17.470  -84.815  -37.324 0.0000000000
2073  -28.392  -96.557  -23.720 0.0000000000
2083  -27.619  -96.415  -24.174 0.0000000000
2084  -28.527  -95.969  -24.558 0.0000000000
2578  -28.328  -95.688  -25.210 0.0000000000
2096  -29.065  -95.785  -25.534 0.0000000000
1580  -31.423  -96.440  -22.609 0.0000000000
1579  -30.592  -96.725  -22.481 0.0000000000
1176  -30.863  -96.213  -26.443 0.0000000000
1624  -30.645  -96.048  -25.480 0.0000000000
1174  -30.142  -95.940  -26.305 0.0000000000
1644  -29.356  -96.327  -27.039 0.0000000000
1204  -29.413  -96.851  -27.573 0.0000000000
1221  -29.768  -97.201  -28.434 0.0000000000
1222  -30.441  -96.927  -27.938 0.0000000000
2634  -31.601  -95.084  -29.364 0.0000000000
2633  -31.027  -95.274  -29.979 0.0000000000
2646  -31.017  -94.776  -30.182 0.0000000000
2654  -30.919  -94.824  -31.386 0.0000000000
3636  -30.946  -94.092  -31.015 0.0000000000
3583  -34.795  -93.399  -25.622 0.0000000000
38573  -25.016  -56.640  -17.659 0.0000000000
41825  -25.975  -53.799  -17.772 0.0000000000
42910  -27.106  -52.367  -17.621 0.0000000000
40746  -28.379  -55.250  -19.822 0.0000000000
39685  -27.664  -55.193  -20.405 0.0000000000
40744  -27.462  -54.933  -20.549 0.0000000000
39702  -27.193  -55.631  -20.732 0.0000000000
35290  -27.009  -59.253  -20.673 0.0000000000
36377  -27.489  -58.558  -20.559 0.0000000000
38616  -25.741  -56.591  -21.691 0.0000000000
2384  -21.126  -95.226  -9.304 0.0000000000
2838  -20.593  -94.387  -9.649 0.0000000000
3363  -20.971  -93.726  -10.130 0.0000000000
3948  -20.102  -92.486  -10.965 0.0000000000
3949  -20.981  -92.660  -11.041 0.0000000000
3960  -21.584  -92.676  -11.610 0.0000000000
3373  -21.829  -93.343  -10.716 0.0000000000
3374  -23.032  -93.591  -10.723 0.0000000000
3386  -24.299  -93.867  -11.024 0.0000000000
2876  -24.070  -94.121  -11.655 0.0000000000
2864  -24.786  -94.378  -11.042 0.0000000000
16919  -3.583  -75.765  -28.374 0.0000000000
18998  -3.954  -74.742  -28.004 0.0000000000
18967  -4.988  -74.489  -26.594 0.0000000000
18999  -4.697  -74.221  -28.296 0.0000000000
1776  -12.830  -97.247  -39.652 0.0000000000
1789  -12.896  -97.093  -40.271 0.0000000000
2738  -13.958  -95.573  -39.843 0.0000000000
1299  -14.100  -97.947  -38.296 0.0000000000
1759  -13.633  -97.691  -37.817 0.0000000000
3148  -14.400  -94.956  -35.597 0.0000000000
2692  -12.905  -95.942  -36.432 0.0000000000
3159  -13.962  -94.593  -36.591 0.0000000000
3170  -14.468  -94.097  -37.401 0.0000000000
3171  -14.898  -94.033  -36.963 0.0000000000
3704  -16.214  -93.766  -37.392 0.0000000000
3688  -15.797  -93.853  -36.595 0.0000000000
3662  -17.106  -93.206  -34.562 0.0000000000
4881  -17.990  -91.157  -35.259 0.0000000000
3103  -24.210  -94.967  -30.133 0.0000000000
2641  -23.486  -95.563  -30.516 0.0000000000
2652  -23.903  -95.787  -31.377 0.0000000000
1240  -26.384  -97.753  -30.759 0.0000000000
1694  -26.274  -97.094  -30.611 0.0000000000
1251  -26.233  -98.133  -31.455 0.0000000000
927  -24.500  -98.779  -33.718 0.0000000000
1262  -24.417  -98.360  -32.734 0.0000000000
1274  -24.007  -98.723  -33.247 0.0000000000
1716  -23.599  -97.655  -32.649 0.0000000000
1273  -23.255  -98.308  -33.392 0.0000000000
925  -22.778  -98.830  -33.979 0.0000000000
938  -23.138  -99.141  -34.473 0.0000000000
964  -23.414  -99.342  -37.425 0.0000000000
676  -22.781  -99.717  -36.596 0.0000000000
963  -22.362  -99.343  -37.904 0.0000000000
962  -21.588  -99.401  -38.080 0.0000000000
3165  -28.915  -94.322  -36.136 0.0000000000
2716  -28.185  -94.878  -36.527 0.0000000000
2250  -27.982  -96.102  -37.022 0.0000000000
2726  -27.594  -95.596  -37.152 0.0000000000
2713  -24.606  -95.538  -36.434 0.0000000000
2714  -25.700  -94.959  -36.270 0.0000000000
2724  -25.312  -95.320  -37.289 0.0000000000
2733  -25.716  -95.593  -38.044 0.0000000000
2264  -24.823  -95.929  -38.462 0.0000000000
1785  -25.175  -97.222  -39.080 0.0000000000
2279  -24.261  -96.584  -39.072 0.0000000000
2261  -22.086  -96.395  -38.535 0.0000000000
2277  -22.505  -96.606  -39.184 0.0000000000
2276  -21.688  -96.534  -39.290 0.0000000000
1795  -21.145  -97.326  -40.218 0.0000000000
2275  -20.786  -96.480  -39.426 0.0000000000
2274  -19.760  -96.560  -39.523 0.0000000000
2259  -20.177  -96.222  -38.673 0.0000000000
2697  -20.087  -95.608  -35.258 0.0000000000
2229  -19.149  -95.749  -36.802 0.0000000000
2696  -19.352  -95.615  -35.370 0.0000000000
2708  -18.422  -95.753  -35.725 0.0000000000
47277  -21.369  -48.496  -26.181 0.0000000000
46132  -16.291  -49.900  -23.904 0.0000000000
46150  -16.987  -49.399  -24.190 0.0000000000
32098  -17.719  -61.765  -22.446 0.0000000000
32113  -17.659  -62.230  -23.144 0.0000000000
31060  -18.301  -62.483  -23.537 0.0000000000
31059  -17.751  -62.670  -23.546 0.0000000000
29893  -16.362  -64.223  -22.616 0.0000000000
31021  -16.765  -63.593  -22.108 0.0000000000
29894  -16.780  -64.257  -23.321 0.0000000000
29895  -17.705  -64.108  -23.484 0.0000000000
27531  -18.538  -66.022  -22.077 0.0000000000
27555  -17.828  -65.588  -22.796 0.0000000000
26374  -17.280  -67.002  -21.824 0.0000000000
26355  -16.984  -67.782  -21.286 0.0000000000
25297  -16.548  -68.458  -20.681 0.0000000000
27444  -16.700  -66.952  -17.739 0.0000000000
27394  -14.232  -65.849  -16.117 0.0000000000
27419  -15.284  -66.577  -16.079 0.0000000000
27441  -13.721  -66.485  -17.764 0.0000000000
28651  -13.189  -65.060  -20.130 0.0000000000
27488  -14.304  -65.715  -19.242 0.0000000000
28652  -14.100  -65.064  -19.992 0.0000000000
28653  -15.143  -65.369  -19.748 0.0000000000
28695  -14.483  -64.810  -21.776 0.0000000000
28694  -13.450  -65.363  -22.011 0.0000000000
26353  -14.863  -67.803  -21.366 0.0000000000
25295  -14.463  -68.433  -20.755 0.0000000000
26249  -13.924  -67.735  -11.993 0.0000000000
26257  -13.504  -66.962  -12.463 0.0000000000
26248  -12.970  -67.605  -12.071 0.0000000000
20942  -8.037  -72.251  -8.305 0.0000000000
20923  -8.755  -72.556  -7.952 0.0000000000
22007  -8.786  -72.126  -8.284 0.0000000000
23066  -10.077  -70.235  -9.780 0.0000000000
23047  -10.425  -70.637  -8.891 0.0000000000
23067  -10.824  -69.908  -9.230 0.0000000000
24117  -11.710  -69.516  -9.410 0.0000000000
24127  -11.357  -68.949  -10.473 0.0000000000
24176  -9.595  -69.022  -13.033 0.0000000000
25207  -10.801  -68.758  -12.132 0.0000000000
25219  -10.428  -68.429  -13.316 0.0000000000
25220  -11.272  -67.723  -13.265 0.0000000000
25228  -9.550  -68.064  -14.198 0.0000000000
26288  -9.083  -67.257  -15.128 0.0000000000
26273  -7.978  -67.755  -14.738 0.0000000000
26284  -5.463  -67.501  -15.766 0.0000000000
5744  -5.399  -89.454  -4.413 0.0000000000
6427  -4.885  -88.733  -4.179 0.0000000000
7911  -3.505  -86.392  -2.046 0.0000000000
7135  -3.068  -87.203  -1.576 0.0000000000
7888  -3.309  -86.386  -0.695 0.0000000000
10289  -4.120  -82.804  -1.121 0.0000000000
12039  -3.560  -81.286  -1.755 0.0000000000
10326  -2.964  -83.525  -4.777 0.0000000000
11157  -2.821  -82.798  -4.919 0.0000000000
11169  -2.707  -83.032  -5.720 0.0000000000
11184  -2.676  -82.646  -6.254 0.0000000000
9563  -2.524  -84.534  -7.003 0.0000000000
7224  -5.160  -87.436  -7.291 0.0000000000
7206  -4.650  -87.181  -6.614 0.0000000000
6475  -4.560  -88.049  -7.426 0.0000000000
5797  -3.052  -89.713  -8.848 0.0000000000
5766  -2.970  -88.827  -7.789 0.0000000000
6500  -2.539  -88.484  -9.010 0.0000000000
8010  -2.209  -86.278  -8.584 0.0000000000
7248  -2.355  -87.612  -9.686 0.0000000000
8036  -2.278  -86.781  -10.430 0.0000000000
6520  -3.085  -88.596  -10.810 0.0000000000
5185  -3.293  -90.374  -14.561 0.0000000000
5847  -3.335  -89.316  -13.732 0.0000000000
5855  -2.905  -89.323  -14.949 0.0000000000
5863  -2.806  -89.221  -16.057 0.0000000000
5203  -3.206  -90.001  -16.898 0.0000000000
5859  -11.031  -89.138  -14.148 0.0000000000
5849  -10.643  -89.343  -13.678 0.0000000000
5866  -10.176  -89.146  -15.186 0.0000000000
5204  -8.179  -90.410  -16.954 0.0000000000
5187  -8.647  -90.370  -14.680 0.0000000000
5194  -7.914  -90.580  -15.852 0.0000000000
4582  -7.223  -91.285  -15.743 0.0000000000
4092  -7.677  -92.265  -21.220 0.0000000000
4633  -7.744  -91.244  -19.941 0.0000000000
4632  -6.890  -91.958  -20.049 0.0000000000
4050  -5.059  -92.417  -18.964 0.0000000000
4037  -6.229  -91.894  -18.105 0.0000000000
4036  -5.330  -92.296  -17.860 0.0000000000
4003  -5.446  -92.309  -15.386 0.0000000000
4017  -4.954  -92.353  -16.605 0.0000000000
4016  -4.335  -91.983  -16.480 0.0000000000
5251  -4.111  -91.310  -19.999 0.0000000000
2873  -20.980  -94.225  -12.804 0.0000000000
2887  -19.895  -94.033  -13.368 0.0000000000
2872  -20.182  -94.737  -12.846 0.0000000000
1901  -20.167  -96.981  -11.897 0.0000000000
1916  -19.521  -96.230  -12.163 0.0000000000
1899  -18.672  -97.118  -11.873 0.0000000000
1444  -17.643  -96.903  -12.119 0.0000000000
1425  -18.101  -97.448  -11.885 0.0000000000
463  -18.935  -99.856  -12.542 0.0000000000
456  -17.816  -99.616  -12.421 0.0000000000
1005  -17.660  -98.892  -12.057 0.0000000000
455  -17.311  -99.761  -12.391 0.0000000000
265  -16.145  -100.186  -12.368 0.0000000000
270  -16.359  -100.582  -12.505 0.0000000000
114  -16.794  -101.647  -14.153 0.0000000000
105  -16.308  -101.666  -13.736 0.0000000000
113  -15.904  -102.107  -14.494 0.0000000000
17  -15.218  -102.437  -14.516 0.0000000000
25  -15.647  -102.332  -15.116 0.0000000000
1470  -24.921  -97.403  -15.450 0.0000000000
1061  -24.507  -98.204  -15.183 0.0000000000
1071  -21.505  -98.201  -16.343 0.0000000000
1059  -22.407  -98.425  -15.817 0.0000000000
1058  -21.286  -98.956  -15.829 0.0000000000
1503  -18.216  -97.734  -18.700 0.0000000000
1485  -19.429  -97.709  -17.932 0.0000000000
766  -16.456  -99.153  -17.373 0.0000000000
767  -17.427  -99.046  -17.209 0.0000000000
506  -17.307  -100.436  -15.949 0.0000000000
505  -16.230  -100.479  -16.381 0.0000000000
308  -14.395  -101.335  -17.580 0.0000000000
309  -14.827  -101.043  -16.891 0.0000000000
126  -14.992  -102.521  -16.633 0.0000000000
143  -14.556  -102.376  -18.395 0.0000000000
145  -16.051  -102.350  -18.826 0.0000000000
41  -15.590  -102.858  -18.921 0.0000000000
42  -16.588  -102.833  -19.098 0.0000000000
540  -18.369  -100.401  -19.379 0.0000000000
539  -17.203  -100.397  -19.691 0.0000000000
525  -18.907  -100.868  -18.805 0.0000000000
149  -20.479  -101.891  -18.563 0.0000000000
518  -26.895  -99.535  -18.622 0.0000000000
532  -27.140  -99.569  -19.133 0.0000000000
801  -28.077  -98.839  -19.505 0.0000000000
787  -28.088  -98.962  -19.029 0.0000000000
1101  -25.151  -98.446  -18.159 0.0000000000
2480  -27.755  -96.196  -18.272 0.0000000000
1509  -27.424  -97.324  -17.762 0.0000000000
1977  -28.729  -96.948  -17.606 0.0000000000
1492  -29.274  -97.420  -17.906 0.0000000000
1978  -29.558  -96.858  -17.662 0.0000000000
1494  -31.011  -96.760  -18.197 0.0000000000
2470  -30.472  -95.833  -17.807 0.0000000000
2943  -30.915  -94.509  -18.667 0.0000000000
33184  -20.346  -61.304  -22.264 0.0000000000
33185  -20.810  -61.062  -21.706 0.0000000000
32082  -20.922  -62.082  -21.701 0.0000000000
31004  -21.813  -64.044  -20.129 0.0000000000
30990  -21.757  -63.471  -20.067 0.0000000000
30991  -21.980  -63.755  -19.644 0.0000000000
30992  -22.593  -63.307  -18.688 0.0000000000
29844  -22.541  -64.145  -18.721 0.0000000000
27474  -21.586  -66.668  -18.862 0.0000000000
27495  -21.745  -66.165  -19.137 0.0000000000
27477  -23.697  -65.856  -17.290 0.0000000000
27476  -23.122  -65.867  -17.633 0.0000000000
28643  -23.772  -65.272  -17.529 0.0000000000
29834  -23.763  -64.357  -17.732 0.0000000000
28618  -25.363  -65.514  -17.075 0.0000000000
28619  -26.539  -65.703  -17.196 0.0000000000
27452  -27.561  -66.097  -17.968 0.0000000000
37551  -12.006  -57.931  -24.771 0.0000000000
36439  -11.370  -58.758  -24.758 0.0000000000
35379  -11.275  -59.178  -26.498 0.0000000000
37577  -11.709  -57.975  -25.702 0.0000000000
37586  -11.836  -58.189  -26.275 0.0000000000
38704  -12.872  -57.087  -26.000 0.0000000000
37587  -12.561  -57.955  -26.730 0.0000000000
25352  -4.721  -68.351  -24.330 0.0000000000
26418  -5.363  -67.239  -24.554 0.0000000000
26434  -5.741  -67.775  -25.080 0.0000000000
26436  -7.517  -67.207  -25.743 0.0000000000
27602  -8.211  -66.254  -25.764 0.0000000000
28757  -7.842  -64.972  -26.123 0.0000000000
28758  -8.857  -65.346  -25.853 0.0000000000
27619  -9.439  -66.284  -27.998 0.0000000000
26467  -9.110  -67.001  -28.026 0.0000000000
28775  -10.413  -65.826  -27.650 0.0000000000
31107  -12.857  -63.846  -26.916 0.0000000000
29951  -11.865  -64.540  -26.718 0.0000000000
31106  -11.872  -63.434  -26.874 0.0000000000
29950  -10.999  -64.344  -26.437 0.0000000000
31126  -11.074  -62.986  -27.294 0.0000000000
32184  -10.479  -62.376  -27.254 0.0000000000
33290  -11.530  -61.339  -27.380 0.0000000000
35401  -13.558  -59.792  -27.949 0.0000000000
35400  -12.572  -59.658  -27.824 0.0000000000
37607  -13.507  -58.312  -27.567 0.0000000000
37588  -13.318  -57.685  -27.138 0.0000000000
37589  -14.215  -57.898  -27.132 0.0000000000
38717  -14.752  -56.712  -26.793 0.0000000000
3753  -12.586  -93.570  -41.840 0.0000000000
9994  -13.374  -84.617  -41.429 0.0000000000
9255  -12.852  -85.753  -41.925 0.0000000000
9993  -12.416  -84.669  -41.142 0.0000000000
13442  -9.146  -80.834  -36.449 0.0000000000
13422  -8.299  -79.695  -36.399 0.0000000000
15118  -6.454  -77.632  -34.499 0.0000000000
15133  -6.452  -78.188  -35.495 0.0000000000
16034  -5.454  -77.767  -34.250 0.0000000000
16983  -4.922  -77.063  -33.256 0.0000000000
16955  -4.745  -76.476  -31.977 0.0000000000
16956  -5.551  -76.183  -32.171 0.0000000000
16929  -6.218  -76.997  -30.129 0.0000000000
19030  -6.365  -75.212  -30.495 0.0000000000
17968  -6.833  -75.633  -29.289 0.0000000000
19001  -6.704  -74.782  -28.778 0.0000000000
17969  -7.139  -75.382  -28.405 0.0000000000
9996  -17.949  -84.731  -41.631 0.0000000000
11659  -15.841  -82.947  -39.663 0.0000000000
12618  -15.672  -82.115  -39.171 0.0000000000
11625  -16.547  -82.736  -37.332 0.0000000000
12590  -16.099  -82.189  -37.657 0.0000000000
16098  -11.335  -77.675  -39.313 0.0000000000
17063  -12.301  -76.668  -38.297 0.0000000000
14345  -12.258  -79.469  -39.604 0.0000000000
14326  -12.069  -80.389  -37.440 0.0000000000
13463  -12.801  -80.504  -38.127 0.0000000000
13444  -13.946  -80.872  -36.942 0.0000000000
13428  -15.024  -81.025  -35.978 0.0000000000
13427  -13.944  -81.014  -35.886 0.0000000000
12548  -14.709  -81.486  -34.173 0.0000000000
13414  -13.352  -81.093  -34.996 0.0000000000
15104  -11.997  -78.891  -33.844 0.0000000000
13412  -11.868  -80.616  -34.181 0.0000000000
14268  -11.829  -79.865  -33.485 0.0000000000
14255  -11.699  -80.080  -32.485 0.0000000000
15089  -11.932  -78.893  -32.499 0.0000000000
18066  -7.630  -74.765  -34.891 0.0000000000
16996  -8.227  -76.329  -34.301 0.0000000000
18058  -8.176  -75.827  -33.604 0.0000000000
16958  -8.930  -76.642  -31.480 0.0000000000
16959  -9.249  -77.184  -31.561 0.0000000000
15978  -9.055  -77.780  -30.471 0.0000000000
15061  -10.210  -78.847  -30.186 0.0000000000
15054  -9.141  -78.662  -29.472 0.0000000000
14212  -8.550  -78.958  -28.962 0.0000000000
15968  -9.148  -77.715  -29.344 0.0000000000
17970  -10.463  -75.947  -28.271 0.0000000000
16912  -9.660  -76.229  -27.935 0.0000000000
17955  -10.287  -75.809  -27.465 0.0000000000
17941  -10.737  -75.750  -26.378 0.0000000000
17930  -11.209  -76.160  -25.651 0.0000000000
17942  -11.812  -76.126  -26.345 0.0000000000
17959  -14.334  -75.971  -27.561 0.0000000000
16903  -13.582  -76.292  -26.330 0.0000000000
17933  -14.444  -75.496  -26.018 0.0000000000
18971  -14.008  -74.374  -25.750 0.0000000000
18988  -14.779  -74.331  -27.011 0.0000000000
20184  -14.000  -73.258  -32.564 0.0000000000
19057  -14.108  -74.022  -31.618 0.0000000000
20153  -15.241  -73.296  -31.837 0.0000000000
21293  -14.382  -71.797  -30.123 0.0000000000
21273  -15.100  -72.457  -29.690 0.0000000000
21251  -14.823  -72.668  -29.054 0.0000000000
20087  -13.929  -73.057  -27.979 0.0000000000
21271  -13.195  -72.377  -29.401 0.0000000000
12024  -8.580  -81.686  -1.582 0.0000000000
12042  -8.193  -81.801  -2.454 0.0000000000
12041  -6.982  -81.750  -2.476 0.0000000000
3382  -18.166  -92.991  -11.033 0.0000000000
3381  -17.555  -93.032  -11.415 0.0000000000
3956  -17.730  -92.578  -11.882 0.0000000000
3969  -17.730  -92.213  -12.575 0.0000000000
3983  -17.610  -91.716  -13.819 0.0000000000
4577  -17.491  -91.356  -14.662 0.0000000000
4578  -17.971  -91.789  -15.211 0.0000000000
4010  -18.173  -92.233  -15.662 0.0000000000
3427  -17.965  -93.227  -16.136 0.0000000000
2914  -17.405  -94.449  -15.742 0.0000000000
2915  -18.367  -94.018  -15.576 0.0000000000
2444  -17.957  -95.033  -14.634 0.0000000000
2445  -18.514  -94.829  -14.242 0.0000000000
18941  -4.840  -74.839  -24.978 0.0000000000
17914  -5.290  -75.599  -24.285 0.0000000000
16844  -6.081  -77.017  -23.547 0.0000000000
15887  -7.279  -77.465  -22.271 0.0000000000
16806  -8.764  -76.628  -21.700 0.0000000000
15904  -8.860  -77.503  -23.063 0.0000000000
16847  -9.624  -77.100  -23.442 0.0000000000
16848  -10.551  -76.739  -23.684 0.0000000000
5497  -18.621  -90.733  -37.058 0.0000000000
5512  -18.794  -91.297  -37.710 0.0000000000
5498  -18.955  -90.152  -37.519 0.0000000000
6933  -19.908  -88.757  -37.910 0.0000000000
6934  -20.830  -88.358  -38.500 0.0000000000
2995  -35.325  -94.215  -21.453 0.0000000000
33148  -27.052  -61.297  -17.752 0.0000000000
34201  -27.227  -60.340  -18.073 0.0000000000
33149  -27.756  -61.456  -18.385 0.0000000000
33150  -27.964  -60.866  -18.750 0.0000000000
33163  -27.963  -61.204  -19.171 0.0000000000
33174  -27.614  -61.044  -19.781 0.0000000000
682  -17.661  -100.049  -37.014 0.0000000000
693  -17.131  -99.855  -37.838 0.0000000000
972  -16.425  -99.580  -38.567 0.0000000000
983  -15.997  -99.062  -39.457 0.0000000000
991  -16.743  -98.666  -39.795 0.0000000000
1791  -17.424  -97.695  -40.161 0.0000000000
2272  -17.388  -96.771  -39.460 0.0000000000
2182  -30.359  -96.062  -31.528 0.0000000000
1720  -29.689  -96.626  -32.049 0.0000000000
2192  -30.224  -95.864  -32.482 0.0000000000
2200  -29.643  -95.863  -33.455 0.0000000000
41914  -14.475  -54.060  -24.670 0.0000000000
43023  -14.685  -53.225  -24.671 0.0000000000
41915  -14.791  -53.678  -25.170 0.0000000000
40820  -15.503  -53.376  -25.784 0.0000000000
41944  -15.703  -52.980  -26.036 0.0000000000
40838  -15.707  -53.752  -25.962 0.0000000000
39806  -16.373  -55.490  -26.742 0.0000000000
29798  -13.333  -64.894  -15.453 0.0000000000
29786  -12.684  -64.915  -14.695 0.0000000000
29796  -11.676  -64.948  -16.018 0.0000000000
28610  -9.447  -65.369  -17.498 0.0000000000
28595  -10.090  -65.469  -16.587 0.0000000000
28593  -8.679  -65.689  -17.181 0.0000000000
27414  -8.414  -66.124  -16.725 0.0000000000
19771  -3.658  -73.491  -6.735 0.0000000000
20897  -3.833  -72.981  -6.617 0.0000000000
19792  -3.583  -73.410  -7.643 0.0000000000
19807  -3.589  -73.289  -8.437 0.0000000000
5783  -8.750  -90.092  -8.433 0.0000000000
5769  -8.716  -89.518  -7.990 0.0000000000
5770  -9.010  -89.056  -8.283 0.0000000000
7240  -9.449  -87.603  -8.647 0.0000000000
8028  -9.138  -86.950  -9.091 0.0000000000
8027  -8.381  -86.756  -9.325 0.0000000000
7251  -8.954  -87.026  -10.042 0.0000000000
7283  -8.706  -87.868  -11.536 0.0000000000
6556  -8.799  -89.051  -12.253 0.0000000000
3421  -7.674  -93.973  -15.563 0.0000000000
3436  -7.636  -93.835  -16.623 0.0000000000
2908  -6.918  -94.226  -15.451 0.0000000000
19  -11.682  -102.844  -16.131 0.0000000000
32  -11.249  -102.550  -17.686 0.0000000000
26  -11.647  -102.763  -16.682 0.0000000000
38  -11.707  -103.015  -18.417 0.0000000000
49  -12.196  -103.079  -19.304 0.0000000000
61  -12.933  -103.081  -20.065 0.0000000000
51  -13.850  -103.337  -19.381 0.0000000000
52  -14.273  -103.268  -19.031 0.0000000000
729  -24.925  -98.551  -13.214 0.0000000000
741  -24.436  -98.749  -14.190 0.0000000000
2526  -18.987  -95.624  -21.462 0.0000000000
2040  -18.514  -96.325  -21.329 0.0000000000
2056  -18.226  -96.597  -22.398 0.0000000000
1572  -18.083  -97.028  -22.997 0.0000000000
1590  -17.853  -98.078  -23.083 0.0000000000
1150  -18.185  -98.766  -22.823 0.0000000000
1151  -19.225  -98.602  -22.753 0.0000000000
1139  -21.086  -98.105  -21.798 0.0000000000
1140  -21.802  -97.818  -21.367 0.0000000000
1554  -21.623  -97.495  -21.989 0.0000000000
2057  -21.784  -96.396  -22.604 0.0000000000
28730  -5.609  -65.307  -23.724 0.0000000000
28742  -5.746  -65.581  -24.481 0.0000000000
26520  -9.608  -67.563  -31.547 0.0000000000
27684  -9.282  -66.689  -30.920 0.0000000000
28857  -10.768  -65.869  -31.549 0.0000000000
9187  -15.374  -85.894  -37.017 0.0000000000
9186  -14.671  -85.766  -37.720 0.0000000000
9168  -15.100  -85.423  -36.800 0.0000000000
9918  -13.774  -84.279  -36.625 0.0000000000
10753  -13.304  -83.968  -36.134 0.0000000000
10734  -12.795  -83.778  -35.501 0.0000000000
10735  -13.540  -83.778  -35.150 0.0000000000
10715  -13.854  -83.600  -34.085 0.0000000000
10678  -13.591  -83.145  -32.701 0.0000000000
24454  -11.118  -69.192  -33.520 0.0000000000
34217  -22.015  -61.313  -18.082 0.0000000000
33146  -24.886  -61.870  -17.569 0.0000000000
33126  -25.407  -62.573  -17.387 0.0000000000
32028  -25.821  -63.106  -17.236 0.0000000000
935  -20.735  -98.924  -34.369 0.0000000000
41840  -27.755  -53.261  -20.220 0.0000000000
42951  -27.491  -52.397  -20.594 0.0000000000
42950  -27.042  -52.468  -21.390 0.0000000000
42966  -26.490  -52.452  -22.102 0.0000000000
42963  -23.741  -53.238  -23.354 0.0000000000
45066  -24.944  -50.444  -24.188 0.0000000000
44032  -24.197  -51.429  -24.840 0.0000000000
44031  -23.842  -51.148  -25.312 0.0000000000
45087  -23.610  -50.978  -25.479 0.0000000000
45107  -23.173  -50.628  -25.823 0.0000000000
39746  -13.348  -56.498  -23.966 0.0000000000
14660  -7.482  -78.156  -1.999 0.0000000000
16492  -7.158  -77.096  -1.864 0.0000000000
14659  -6.869  -78.021  -2.490 0.0000000000
15566  -5.855  -77.210  -3.385 0.0000000000
15585  -5.109  -77.068  -4.071 0.0000000000
15596  -4.468  -76.705  -4.359 0.0000000000
14715  -4.865  -77.913  -4.820 0.0000000000
14729  -4.699  -78.086  -5.793 0.0000000000
14745  -4.645  -78.272  -7.084 0.0000000000
14762  -5.609  -78.686  -8.154 0.0000000000
14746  -5.945  -78.654  -7.078 0.0000000000
13898  -6.676  -79.314  -8.586 0.0000000000
13907  -7.178  -79.928  -9.371 0.0000000000
12151  -6.921  -81.976  -8.660 0.0000000000
12159  -5.229  -81.792  -9.178 0.0000000000
11214  -4.482  -81.882  -9.802 0.0000000000
11224  -3.741  -82.208  -10.478 0.0000000000
10416  -2.574  -83.471  -12.157 0.0000000000
10406  -2.500  -83.501  -11.465 0.0000000000
9609  -2.281  -84.412  -11.530 0.0000000000
8058  -2.570  -86.278  -11.771 0.0000000000
4545  -14.738  -91.414  -11.817 0.0000000000
3945  -14.051  -92.326  -10.529 0.0000000000
5165  -14.707  -91.088  -11.278 0.0000000000
5146  -15.034  -90.515  -10.041 0.0000000000
5147  -15.256  -89.900  -9.781 0.0000000000
6509  -15.306  -88.721  -9.997 0.0000000000
7269  -14.947  -87.673  -10.695 0.0000000000
7287  -14.655  -87.202  -11.730 0.0000000000
7317  -14.050  -87.092  -13.292 0.0000000000
8073  -14.664  -86.738  -13.722 0.0000000000
8083  -15.045  -86.461  -14.752 0.0000000000
8111  -14.823  -86.520  -16.372 0.0000000000
5209  -14.996  -90.176  -16.289 0.0000000000
5875  -14.522  -89.242  -16.398 0.0000000000
5197  -13.710  -90.639  -15.820 0.0000000000
5196  -13.032  -90.683  -15.701 0.0000000000
4584  -12.511  -91.230  -15.395 0.0000000000
4583  -11.705  -91.565  -15.386 0.0000000000
4574  -12.287  -91.905  -14.704 0.0000000000
3980  -11.599  -92.932  -13.694 0.0000000000
3403  -11.169  -93.497  -13.009 0.0000000000
2870  -10.551  -94.485  -12.169 0.0000000000
2871  -11.250  -94.333  -12.587 0.0000000000
2430  -11.583  -94.880  -12.888 0.0000000000
1924  -11.499  -95.731  -13.130 0.0000000000
1450  -13.661  -97.521  -13.950 0.0000000000
1044  -14.006  -98.034  -13.156 0.0000000000
724  -12.956  -99.558  -12.604 0.0000000000
473  -13.428  -99.964  -12.436 0.0000000000
267  -14.192  -100.766  -12.679 0.0000000000
278  -14.411  -101.014  -12.786 0.0000000000
2902  -26.522  -94.560  -14.637 0.0000000000
3416  -26.504  -93.948  -14.874 0.0000000000
21148  -3.896  -72.073  -21.635 0.0000000000
21161  -3.972  -72.143  -23.035 0.0000000000
22256  -3.731  -71.557  -23.858 0.0000000000
21168  -4.614  -72.670  -23.813 0.0000000000
21180  -5.534  -72.729  -24.949 0.0000000000
20041  -9.913  -73.280  -24.779 0.0000000000
21183  -9.047  -72.951  -24.859 0.0000000000
21201  -9.759  -72.814  -25.490 0.0000000000
21216  -9.599  -72.383  -26.408 0.0000000000
21230  -9.170  -72.297  -27.347 0.0000000000
21266  -8.242  -72.396  -28.900 0.0000000000
21246  -9.644  -72.555  -28.238 0.0000000000
21268  -10.034  -72.598  -29.092 0.0000000000
21289  -10.243  -72.254  -29.770 0.0000000000
2747  -14.507  -95.814  -41.576 0.0000000000
2753  -14.714  -94.978  -42.256 0.0000000000
2749  -15.662  -94.953  -41.723 0.0000000000
3201  -16.213  -94.468  -42.369 0.0000000000
3202  -17.195  -94.011  -42.599 0.0000000000
4945  -20.106  -90.480  -42.228 0.0000000000
4944  -19.805  -91.228  -42.314 0.0000000000
6223  -18.537  -89.869  -41.752 0.0000000000
6210  -18.075  -89.629  -41.181 0.0000000000
6197  -16.619  -89.484  -39.975 0.0000000000
6967  -18.014  -88.901  -40.823 0.0000000000
8445  -17.875  -86.159  -39.504 0.0000000000
841  -27.680  -98.376  -21.830 0.0000000000
1154  -27.501  -98.253  -22.413 0.0000000000
1155  -28.224  -97.978  -21.833 0.0000000000
1577  -28.712  -97.363  -22.473 0.0000000000
1597  -29.160  -96.705  -23.298 0.0000000000
1614  -32.597  -96.032  -24.226 0.0000000000
1600  -31.744  -96.282  -23.638 0.0000000000
1613  -32.131  -96.139  -24.730 0.0000000000
1626  -31.925  -96.193  -25.777 0.0000000000
1664  -31.681  -96.320  -26.933 0.0000000000
1674  -30.956  -96.778  -28.348 0.0000000000
2152  -32.201  -95.551  -27.958 0.0000000000
2620  -32.118  -95.165  -28.500 0.0000000000
3097  -31.457  -94.514  -29.422 0.0000000000
37458  -26.514  -57.514  -17.890 0.0000000000
38574  -25.978  -56.669  -17.664 0.0000000000
38555  -26.329  -56.371  -17.587 0.0000000000
39635  -26.267  -55.930  -17.519 0.0000000000
40728  -25.460  -54.874  -17.743 0.0000000000
40729  -26.742  -54.659  -17.663 0.0000000000
40730  -27.985  -54.488  -17.892 0.0000000000
40739  -28.480  -54.142  -18.837 0.0000000000
40731  -28.696  -54.954  -18.554 0.0000000000
39687  -28.607  -55.821  -19.616 0.0000000000
38607  -27.775  -56.620  -20.498 0.0000000000
2368  -21.621  -96.052  -8.764 0.0000000000
2852  -22.475  -93.957  -10.233 0.0000000000
18006  -3.903  -75.391  -29.758 0.0000000000
967  -12.216  -98.705  -38.269 0.0000000000
1767  -13.002  -97.397  -38.587 0.0000000000
1751  -15.230  -97.275  -36.711 0.0000000000
1750  -14.301  -97.446  -36.794 0.0000000000
1732  -14.517  -97.232  -35.051 0.0000000000
2678  -14.096  -95.982  -34.881 0.0000000000
3133  -14.545  -95.504  -34.836 0.0000000000
3149  -15.476  -94.266  -35.698 0.0000000000
3135  -16.073  -94.297  -34.602 0.0000000000
3661  -16.689  -93.641  -34.706 0.0000000000
3653  -17.246  -93.474  -33.744 0.0000000000
3094  -25.638  -94.369  -29.415 0.0000000000
2643  -25.495  -95.557  -30.904 0.0000000000
929  -26.214  -98.397  -33.559 0.0000000000
919  -26.029  -98.417  -32.469 0.0000000000
941  -25.664  -98.494  -34.153 0.0000000000
940  -24.918  -98.763  -34.671 0.0000000000
950  -24.039  -99.322  -35.485 0.0000000000
956  -24.244  -99.288  -36.480 0.0000000000
965  -24.642  -99.003  -37.449 0.0000000000
980  -23.940  -98.779  -38.319 0.0000000000
2701  -24.744  -95.290  -35.281 0.0000000000
2248  -24.082  -95.831  -38.035 0.0000000000
2712  -23.769  -95.948  -36.852 0.0000000000
2246  -22.542  -96.330  -37.711 0.0000000000
2245  -21.605  -96.297  -37.672 0.0000000000
2244  -20.628  -96.137  -37.700 0.0000000000
2231  -21.095  -96.201  -36.592 0.0000000000
2683  -20.516  -95.320  -34.307 0.0000000000
46171  -20.293  -49.527  -26.064 0.0000000000
45081  -15.469  -50.203  -24.591 0.0000000000
46149  -15.848  -49.330  -24.154 0.0000000000
29852  -18.140  -64.180  -20.442 0.0000000000
29851  -17.134  -64.414  -20.811 0.0000000000
29871  -16.417  -64.386  -21.511 0.0000000000
27554  -16.875  -65.734  -23.012 0.0000000000
28718  -16.388  -64.946  -22.962 0.0000000000
27553  -15.924  -65.695  -22.751 0.0000000000
27528  -15.588  -66.453  -22.443 0.0000000000
27421  -17.269  -66.812  -16.154 0.0000000000
28638  -12.148  -65.722  -18.947 0.0000000000
27440  -12.855  -66.127  -18.334 0.0000000000
28650  -12.426  -65.353  -19.871 0.0000000000
28693  -12.711  -65.590  -21.639 0.0000000000
27525  -12.573  -66.099  -21.880 0.0000000000
20926  -11.637  -72.285  -7.543 0.0000000000
23063  -7.089  -70.905  -9.825 0.0000000000
22044  -8.758  -71.234  -9.353 0.0000000000
23064  -8.089  -70.882  -9.919 0.0000000000
23080  -8.372  -70.421  -10.582 0.0000000000
23081  -9.379  -70.107  -10.637 0.0000000000
24125  -9.947  -69.610  -11.087 0.0000000000
24143  -8.890  -69.772  -11.950 0.0000000000
24166  -8.373  -69.418  -12.536 0.0000000000
25217  -8.256  -68.658  -13.555 0.0000000000
25226  -7.642  -68.161  -14.033 0.0000000000
25225  -6.894  -68.094  -13.873 0.0000000000
26263  -5.925  -67.815  -14.120 0.0000000000
7170  -6.553  -87.366  -4.139 0.0000000000
6414  -4.975  -88.061  -3.901 0.0000000000
7929  -5.164  -86.743  -3.189 0.0000000000
7913  -5.601  -86.106  -2.722 0.0000000000
8732  -4.750  -85.188  -1.363 0.0000000000
9489  -4.205  -84.617  -0.468 0.0000000000
9502  -4.643  -84.482  -1.069 0.0000000000
10302  -4.406  -83.307  -2.083 0.0000000000
10313  -3.621  -82.897  -2.774 0.0000000000
9533  -3.814  -84.473  -4.589 0.0000000000
8781  -3.665  -85.245  -5.197 0.0000000000
5798  -5.238  -89.910  -8.768 0.0000000000
5781  -4.071  -89.418  -7.995 0.0000000000
5126  -4.410  -90.167  -8.595 0.0000000000
5139  -3.523  -90.330  -9.357 0.0000000000
5153  -3.556  -90.599  -10.252 0.0000000000
5824  -3.566  -89.822  -11.127 0.0000000000
5161  -3.665  -90.904  -11.108 0.0000000000
5177  -3.564  -90.637  -13.296 0.0000000000
4568  -3.610  -91.308  -14.268 0.0000000000
6599  -10.676  -88.222  -16.638 0.0000000000
6585  -10.060  -88.883  -15.843 0.0000000000
5882  -9.524  -89.040  -17.156 0.0000000000
5205  -8.669  -89.855  -17.228 0.0000000000
5215  -8.391  -90.225  -17.915 0.0000000000
3466  -6.185  -93.719  -20.335 0.0000000000
4064  -6.280  -92.659  -20.244 0.0000000000
4063  -5.607  -92.786  -20.048 0.0000000000
4049  -4.376  -91.998  -18.924 0.0000000000
4061  -4.447  -92.114  -20.059 0.0000000000
2422  -21.840  -95.106  -12.525 0.0000000000
2421  -20.795  -95.296  -12.597 0.0000000000
1918  -21.529  -96.055  -12.300 0.0000000000
465  -20.965  -99.416  -12.607 0.0000000000
280  -16.969  -101.056  -12.773 0.0000000000
281  -17.768  -100.946  -13.052 0.0000000000
292  -17.337  -101.396  -14.183 0.0000000000
298  -17.192  -101.359  -14.805 0.0000000000
1478  -23.639  -97.185  -16.319 0.0000000000
1468  -23.269  -97.877  -15.992 0.0000000000
1477  -22.668  -97.461  -16.559 0.0000000000
1476  -21.844  -97.618  -16.739 0.0000000000
1082  -20.165  -98.141  -17.116 0.0000000000
1112  -16.760  -97.917  -19.429 0.0000000000
1097  -17.503  -98.129  -18.315 0.0000000000
1096  -16.528  -98.216  -18.701 0.0000000000
1078  -15.999  -98.683  -18.015 0.0000000000
765  -15.456  -99.268  -17.612 0.0000000000
754  -15.882  -99.764  -16.974 0.0000000000
753  -15.049  -99.829  -17.297 0.0000000000
509  -14.017  -100.504  -18.258 0.0000000000
318  -14.297  -101.587  -18.699 0.0000000000
319  -15.326  -101.767  -18.884 0.0000000000
320  -16.541  -101.511  -18.823 0.0000000000
542  -19.958  -100.164  -18.926 0.0000000000
526  -19.829  -100.684  -18.718 0.0000000000
324  -20.498  -101.089  -18.384 0.0000000000
135  -21.035  -101.400  -18.162 0.0000000000
335  -24.872  -100.825  -19.680 0.0000000000
315  -24.992  -100.827  -18.487 0.0000000000
772  -25.887  -99.693  -17.873 0.0000000000
2012  -24.992  -96.886  -19.416 0.0000000000
2497  -26.742  -95.869  -19.342 0.0000000000
2498  -27.685  -95.849  -18.858 0.0000000000
2499  -28.808  -95.414  -19.189 0.0000000000
2482  -29.686  -95.530  -18.359 0.0000000000
31024  -20.600  -63.144  -22.100 0.0000000000
31025  -21.186  -63.044  -21.350 0.0000000000
29876  -21.009  -63.824  -21.428 0.0000000000
29856  -21.798  -64.685  -20.130 0.0000000000
26332  -22.768  -66.475  -17.360 0.0000000000
27449  -24.421  -66.129  -16.930 0.0000000000
33228  -8.256  -61.965  -24.152 0.0000000000
33229  -8.867  -61.340  -24.322 0.0000000000
34311  -9.397  -60.624  -25.291 0.0000000000
36463  -10.758  -59.101  -25.518 0.0000000000
35366  -10.224  -59.807  -25.648 0.0000000000
35378  -10.761  -59.705  -26.274 0.0000000000
35385  -10.975  -60.146  -26.615 0.0000000000
24327  -5.906  -69.104  -25.886 0.0000000000
25363  -6.034  -68.446  -25.409 0.0000000000
25373  -6.467  -68.941  -26.133 0.0000000000
25365  -7.818  -68.088  -25.986 0.0000000000
26437  -8.736  -67.417  -26.010 0.0000000000
28777  -11.882  -65.054  -27.716 0.0000000000
29968  -12.599  -64.384  -27.821 0.0000000000
32186  -12.884  -62.470  -27.144 0.0000000000
33291  -12.614  -61.879  -27.610 0.0000000000
33292  -13.193  -62.234  -27.609 0.0000000000
35402  -14.515  -59.801  -28.052 0.0000000000
4940  -13.637  -90.820  -42.869 0.0000000000
4939  -12.971  -91.286  -42.218 0.0000000000
5551  -13.530  -89.723  -43.191 0.0000000000
11669  -11.462  -83.035  -40.238 0.0000000000
13411  -8.554  -80.601  -34.567 0.0000000000
14296  -7.966  -79.289  -35.379 0.0000000000
14280  -8.271  -79.961  -34.312 0.0000000000
15119  -7.260  -78.447  -33.981 0.0000000000
15102  -6.789  -77.789  -33.320 0.0000000000
16007  -6.321  -77.179  -32.606 0.0000000000
15086  -6.772  -78.365  -32.145 0.0000000000
15071  -6.803  -78.324  -30.911 0.0000000000
15967  -6.291  -77.873  -29.412 0.0000000000
16083  -9.936  -77.548  -38.932 0.0000000000
14343  -10.547  -78.818  -39.357 0.0000000000
14334  -10.994  -79.946  -38.978 0.0000000000
14324  -10.360  -79.674  -38.096 0.0000000000
14325  -11.266  -79.935  -37.841 0.0000000000
14314  -12.174  -80.354  -36.371 0.0000000000
14298  -11.814  -79.846  -35.627 0.0000000000
15138  -10.989  -78.821  -35.487 0.0000000000
16038  -11.362  -78.112  -34.425 0.0000000000
20178  -8.286  -74.031  -32.952 0.0000000000
19052  -8.770  -74.901  -31.899 0.0000000000
18031  -8.929  -75.658  -30.966 0.0000000000
18010  -9.008  -76.190  -29.764 0.0000000000
16931  -9.283  -76.949  -29.294 0.0000000000
17989  -9.622  -76.202  -29.396 0.0000000000
17990  -10.464  -75.991  -29.115 0.0000000000
17971  -11.270  -75.859  -28.132 0.0000000000
17957  -12.270  -76.065  -27.231 0.0000000000
17972  -12.489  -75.887  -28.369 0.0000000000
17973  -13.637  -75.842  -28.524 0.0000000000
17974  -14.707  -75.526  -28.583 0.0000000000
22355  -15.175  -71.090  -32.621 0.0000000000
21318  -15.514  -72.164  -32.265 0.0000000000
22347  -15.372  -71.182  -31.768 0.0000000000
22332  -13.435  -71.248  -30.421 0.0000000000
23361  -12.506  -70.785  -29.992 0.0000000000
23343  -13.065  -70.022  -29.621 0.0000000000
34195  -20.639  -60.727  -18.532 0.0000000000
33162  -22.597  -62.202  -18.184 0.0000000000
32038  -23.282  -62.951  -18.046 0.0000000000
15531  -8.598  -77.773  -1.090 0.0000000000
14648  -9.075  -78.880  -0.801 0.0000000000
14647  -8.372  -78.121  -1.360 0.0000000000
14676  -7.875  -78.563  -2.391 0.0000000000
13823  -7.603  -79.105  -3.413 0.0000000000
13838  -7.830  -79.519  -4.462 0.0000000000
13870  -8.298  -80.077  -6.326 0.0000000000
13855  -8.653  -80.406  -5.531 0.0000000000
13019  -8.769  -81.286  -5.740 0.0000000000
12126  -7.359  -81.771  -6.637 0.0000000000
12139  -5.574  -81.550  -7.508 0.0000000000
12138  -4.481  -81.453  -7.434 0.0000000000
12137  -3.555  -81.640  -7.363 0.0000000000
1872  -16.907  -96.460  -8.033 0.0000000000
2363  -16.296  -95.556  -8.570 0.0000000000
2848  -15.654  -94.288  -10.482 0.0000000000
2861  -15.301  -93.815  -11.290 0.0000000000
3380  -16.747  -93.283  -11.694 0.0000000000
3392  -15.754  -92.811  -12.461 0.0000000000
3966  -14.973  -92.354  -12.340 0.0000000000
4555  -15.359  -91.496  -12.612 0.0000000000
5174  -15.886  -90.151  -12.831 0.0000000000
5843  -16.184  -89.341  -12.934 0.0000000000
6571  -16.692  -88.195  -14.055 0.0000000000
6579  -16.830  -88.498  -14.678 0.0000000000
5867  -16.659  -89.238  -15.908 0.0000000000
5211  -16.582  -90.263  -16.428 0.0000000000
5200  -17.223  -90.685  -16.313 0.0000000000
5212  -17.012  -90.767  -16.632 0.0000000000
4597  -14.942  -91.353  -16.408 0.0000000000
4022  -14.673  -92.451  -16.231 0.0000000000
3425  -13.643  -93.604  -15.265 0.0000000000
2897  -13.160  -94.320  -14.771 0.0000000000
2911  -14.031  -94.460  -15.900 0.0000000000
1950  -14.195  -95.694  -15.586 0.0000000000
1938  -14.751  -96.419  -14.894 0.0000000000
1939  -15.731  -96.043  -14.757 0.0000000000
1460  -14.734  -96.828  -14.282 0.0000000000
1451  -14.876  -97.300  -13.510 0.0000000000
1441  -15.508  -97.651  -12.714 0.0000000000
1422  -15.978  -97.922  -12.164 0.0000000000
17901  -5.102  -75.731  -23.015 0.0000000000
17881  -4.627  -75.432  -22.292 0.0000000000
17859  -4.275  -75.079  -21.263 0.0000000000
17839  -5.135  -75.054  -20.609 0.0000000000
18889  -6.804  -74.659  -20.721 0.0000000000
19999  -7.082  -74.271  -21.505 0.0000000000
20013  -7.015  -74.035  -22.227 0.0000000000
18907  -7.680  -74.725  -21.470 0.0000000000
18923  -8.645  -74.668  -22.343 0.0000000000
18933  -9.316  -74.305  -23.127 0.0000000000
17884  -9.698  -75.799  -22.184 0.0000000000
18924  -9.661  -74.875  -22.475 0.0000000000
20023  -9.673  -73.985  -23.797 0.0000000000
18943  -10.755  -74.085  -24.017 0.0000000000
20032  -11.010  -73.842  -24.471 0.0000000000
20057  -11.884  -73.417  -25.662 0.0000000000
3727  -16.973  -94.030  -39.081 0.0000000000
3189  -17.215  -94.280  -40.234 0.0000000000
3716  -18.178  -93.426  -38.994 0.0000000000
4339  -18.968  -93.029  -39.959 0.0000000000
4924  -19.697  -91.594  -40.562 0.0000000000
5513  -19.114  -90.778  -38.281 0.0000000000
5523  -19.426  -91.040  -39.542 0.0000000000
4925  -20.169  -91.011  -41.040 0.0000000000
6984  -20.887  -88.409  -41.770 0.0000000000
1131  -30.803  -97.346  -20.146 0.0000000000
1144  -30.466  -97.289  -20.855 0.0000000000
1542  -31.537  -96.928  -20.491 0.0000000000
2030  -32.243  -96.535  -20.845 0.0000000000
1561  -32.523  -96.136  -22.463 0.0000000000
2032  -33.452  -95.758  -20.959 0.0000000000
2045  -32.984  -95.995  -21.748 0.0000000000
2059  -32.965  -95.935  -22.911 0.0000000000
2555  -33.631  -95.458  -23.764 0.0000000000
2566  -33.732  -95.313  -24.580 0.0000000000
2592  -33.884  -94.606  -26.114 0.0000000000
36363  -23.920  -58.504  -17.712 0.0000000000
37436  -23.556  -57.405  -17.628 0.0000000000
36364  -25.041  -58.506  -17.835 0.0000000000
36365  -26.082  -58.465  -18.044 0.0000000000
36366  -27.082  -58.407  -18.123 0.0000000000
37473  -28.582  -57.871  -19.083 0.0000000000
37474  -28.649  -57.408  -19.411 0.0000000000
34229  -26.941  -60.178  -20.645 0.0000000000
33173  -27.235  -61.290  -20.383 0.0000000000
33188  -26.589  -60.917  -21.006 0.0000000000
969  -13.689  -99.194  -38.015 0.0000000000
1308  -14.424  -98.433  -38.559 0.0000000000
1769  -14.809  -97.811  -38.614 0.0000000000
1318  -15.533  -98.288  -39.328 0.0000000000
1752  -16.008  -96.964  -36.638 0.0000000000
1743  -15.848  -97.295  -35.632 0.0000000000
2207  -16.699  -96.905  -34.747 0.0000000000
1218  -28.203  -97.070  -28.986 0.0000000000
1682  -27.325  -97.036  -29.752 0.0000000000
1230  -27.786  -97.050  -29.572 0.0000000000
1252  -27.301  -98.092  -31.599 0.0000000000
1707  -28.708  -97.627  -31.972 0.0000000000
1266  -27.969  -97.778  -32.559 0.0000000000
1265  -27.148  -98.223  -32.567 0.0000000000
1276  -27.011  -98.010  -33.621 0.0000000000
1744  -27.198  -97.801  -35.394 0.0000000000
1754  -27.306  -97.631  -36.494 0.0000000000
44009  -17.243  -51.394  -23.911 0.0000000000
45064  -17.736  -50.728  -24.290 0.0000000000
44008  -16.325  -51.369  -23.950 0.0000000000
45062  -15.906  -50.504  -24.020 0.0000000000
45061  -15.555  -50.863  -24.363 0.0000000000
44026  -14.952  -52.034  -24.798 0.0000000000
44027  -15.283  -51.432  -24.657 0.0000000000
45104  -15.702  -49.686  -25.457 0.0000000000
28655  -17.261  -65.498  -19.744 0.0000000000
28574  -16.578  -64.873  -14.585 0.0000000000
28587  -16.250  -65.052  -14.934 0.0000000000
28585  -14.032  -65.306  -15.788 0.0000000000
28599  -13.909  -65.743  -16.249 0.0000000000
29807  -12.751  -64.912  -15.960 0.0000000000
28598  -13.131  -65.451  -16.483 0.0000000000
28637  -11.270  -65.542  -18.670 0.0000000000
27484  -10.834  -65.859  -20.199 0.0000000000
27505  -10.589  -66.478  -20.464 0.0000000000
25291  -10.865  -67.699  -20.545 0.0000000000
27504  -10.016  -66.681  -20.328 0.0000000000
26338  -9.765  -67.700  -20.227 0.0000000000
25271  -8.734  -67.939  -19.758 0.0000000000
27464  -8.515  -65.822  -18.736 0.0000000000
26336  -8.281  -67.533  -19.608 0.0000000000
25258  -8.538  -68.452  -19.075 0.0000000000
19750  -8.345  -74.245  -6.219 0.0000000000
19777  -8.890  -73.749  -6.778 0.0000000000
19776  -7.785  -73.690  -6.735 0.0000000000
20901  -7.247  -72.961  -7.093 0.0000000000
20941  -7.230  -72.233  -8.222 0.0000000000
22005  -4.969  -71.766  -7.429 0.0000000000
22006  -5.815  -71.846  -7.809 0.0000000000
22023  -6.427  -71.759  -8.444 0.0000000000
23062  -6.107  -70.745  -9.620 0.0000000000
23077  -5.416  -70.278  -10.306 0.0000000000
24123  -4.905  -69.922  -10.988 0.0000000000
24139  -4.642  -69.486  -11.755 0.0000000000
4471  -5.887  -91.457  -5.206 0.0000000000
5755  -6.127  -89.871  -4.808 0.0000000000
5756  -6.975  -89.476  -5.174 0.0000000000
5758  -8.404  -89.185  -6.497 0.0000000000
6449  -7.768  -88.639  -5.238 0.0000000000
6429  -6.994  -88.422  -4.682 0.0000000000
7171  -7.449  -87.415  -4.642 0.0000000000
8770  -7.303  -85.959  -4.951 0.0000000000
8784  -6.922  -85.733  -5.522 0.0000000000
8783  -5.803  -85.607  -5.664 0.0000000000
8802  -6.644  -86.080  -6.921 0.0000000000
7225  -5.965  -87.035  -7.761 0.0000000000
6487  -5.795  -88.225  -8.547 0.0000000000
7249  -7.069  -87.607  -9.511 0.0000000000
6502  -6.390  -88.544  -9.429 0.0000000000
5799  -5.802  -89.805  -9.285 0.0000000000
5142  -5.999  -90.698  -9.784 0.0000000000
4535  -6.517  -91.478  -10.757 0.0000000000
3954  -6.377  -92.313  -12.318 0.0000000000
5256  -10.141  -90.573  -20.194 0.0000000000
5255  -9.422  -90.563  -20.394 0.0000000000
4635  -9.693  -91.583  -20.191 0.0000000000
4065  -8.700  -92.960  -20.535 0.0000000000
3468  -8.115  -93.636  -20.126 0.0000000000
3450  -7.617  -93.870  -18.202 0.0000000000
2938  -6.955  -94.208  -18.790 0.0000000000
2950  -6.516  -94.234  -19.512 0.0000000000
107  -9.347  -101.034  -15.206 0.0000000000
123  -8.486  -101.661  -16.720 0.0000000000
115  -9.278  -101.227  -15.809 0.0000000000
156  -9.533  -102.081  -19.586 0.0000000000
142  -10.638  -102.241  -18.182 0.0000000000
1992  -20.687  -96.528  -18.636 0.0000000000
1972  -20.586  -96.983  -18.052 0.0000000000
1991  -19.970  -96.834  -19.051 0.0000000000
1522  -19.101  -97.086  -19.411 0.0000000000
1520  -17.622  -97.641  -19.634 0.0000000000
1553  -17.997  -97.030  -20.998 0.0000000000
1536  -17.355  -97.478  -20.571 0.0000000000
1519  -16.740  -97.799  -20.077 0.0000000000
1124  -15.665  -98.187  -20.838 0.0000000000
1123  -15.132  -98.773  -20.993 0.0000000000
809  -15.290  -99.871  -20.879 0.0000000000
549  -15.450  -100.431  -20.088 0.0000000000
810  -16.479  -99.807  -21.022 0.0000000000
811  -17.504  -99.837  -20.894 0.0000000000
796  -18.026  -100.117  -20.172 0.0000000000
827  -19.194  -99.340  -21.649 0.0000000000
797  -19.010  -99.960  -19.937 0.0000000000
798  -20.122  -99.647  -19.516 0.0000000000
783  -21.665  -99.229  -18.805 0.0000000000
768  -22.550  -99.539  -18.212 0.0000000000
786  -23.524  -99.298  -18.062 0.0000000000
1099  -22.931  -98.597  -18.898 0.0000000000
1115  -23.478  -97.978  -19.531 0.0000000000
1524  -24.390  -97.385  -19.514 0.0000000000
1538  -22.729  -97.602  -20.685 0.0000000000
1539  -23.293  -97.340  -20.441 0.0000000000
2028  -24.670  -96.403  -19.970 0.0000000000
2512  -24.988  -95.401  -20.667 0.0000000000
2974  -25.719  -95.030  -21.036 0.0000000000
27509  -19.979  -66.453  -21.024 0.0000000000
27510  -20.879  -66.325  -20.590 0.0000000000
26358  -20.459  -67.046  -20.371 0.0000000000
26341  -21.208  -67.024  -19.401 0.0000000000
32124  -7.843  -62.775  -24.154 0.0000000000
31079  -8.223  -63.051  -25.561 0.0000000000
31102  -8.297  -63.311  -25.910 0.0000000000
25412  -7.074  -68.628  -29.772 0.0000000000
26453  -7.863  -67.795  -28.164 0.0000000000
26465  -7.528  -67.611  -29.069 0.0000000000
28783  -8.666  -65.754  -29.104 0.0000000000
29987  -9.661  -64.834  -29.188 0.0000000000
28831  -9.791  -65.256  -30.347 0.0000000000
30006  -10.113  -64.563  -29.951 0.0000000000
8485  -15.201  -86.759  -42.311 0.0000000000
8484  -14.750  -86.413  -42.636 0.0000000000
9239  -15.112  -85.708  -41.766 0.0000000000
9995  -14.382  -84.806  -41.295 0.0000000000
9979  -13.892  -84.246  -40.336 0.0000000000
9950  -14.182  -84.905  -38.480 0.0000000000
9963  -13.894  -84.101  -39.065 0.0000000000
10795  -13.102  -83.507  -39.649 0.0000000000
11657  -12.058  -82.698  -39.299 0.0000000000
11639  -10.903  -82.053  -39.029 0.0000000000
12604  -10.092  -81.708  -38.717 0.0000000000
12586  -8.763  -81.143  -38.373 0.0000000000
12587  -9.719  -81.406  -38.044 0.0000000000
12570  -9.579  -81.370  -36.928 0.0000000000
12560  -9.356  -81.571  -35.932 0.0000000000
10732  -10.660  -83.343  -35.440 0.0000000000
11595  -9.707  -82.591  -35.464 0.0000000000
12545  -9.094  -81.917  -34.976 0.0000000000
12528  -9.088  -81.813  -33.745 0.0000000000
13400  -9.118  -81.324  -33.101 0.0000000000
13384  -9.317  -80.991  -32.449 0.0000000000
20279  -11.668  -73.426  -36.895 0.0000000000
19166  -9.341  -74.905  -37.410 0.0000000000
18093  -8.083  -75.532  -37.053 0.0000000000
17026  -7.953  -76.386  -36.528 0.0000000000
19143  -8.252  -74.681  -36.548 0.0000000000
19129  -7.464  -74.052  -35.259 0.0000000000
20255  -7.443  -73.383  -34.883 0.0000000000
22394  -8.822  -71.370  -35.178 0.0000000000
21344  -7.953  -72.013  -34.332 0.0000000000
21326  -7.778  -72.684  -33.893 0.0000000000
20210  -8.888  -73.067  -33.205 0.0000000000
20181  -10.378  -73.500  -32.977 0.0000000000
20182  -11.556  -73.394  -32.997 0.0000000000
19078  -12.266  -74.194  -32.337 0.0000000000
20213  -12.187  -72.789  -33.167 0.0000000000
21315  -12.844  -72.665  -33.050 0.0000000000
21332  -13.586  -71.690  -33.287 0.0000000000
24455  -12.201  -68.945  -33.133 0.0000000000
35249  -22.049  -59.250  -17.015 0.0000000000
36362  -23.118  -58.850  -17.624 0.0000000000
33147  -26.094  -61.428  -17.582 0.0000000000
33129  -27.515  -62.145  -17.848 0.0000000000
29845  -28.087  -64.593  -19.024 0.0000000000
43985  -27.508  -51.482  -20.153 0.0000000000
45022  -27.288  -50.747  -19.784 0.0000000000
46106  -27.086  -49.495  -20.571 0.0000000000
41848  -25.917  -53.584  -22.107 0.0000000000
42964  -24.815  -52.629  -23.278 0.0000000000
42965  -25.776  -52.465  -22.678 0.0000000000
44002  -26.347  -51.580  -22.494 0.0000000000
45044  -26.883  -50.781  -22.058 0.0000000000
46134  -25.245  -49.487  -24.025 0.0000000000
45106  -21.652  -50.523  -26.332 0.0000000000
46198  -20.567  -49.999  -26.315 0.0000000000
44028  -18.218  -51.729  -24.909 0.0000000000
42976  -17.532  -52.254  -24.056 0.0000000000
42973  -14.898  -53.280  -24.131 0.0000000000
41878  -14.505  -54.206  -24.110 0.0000000000
42991  -14.586  -53.546  -24.320 0.0000000000
39792  -13.811  -55.983  -25.997 0.0000000000
30940  -14.360  -64.324  -13.555 0.0000000000
29777  -14.032  -64.680  -13.395 0.0000000000
28562  -13.237  -65.107  -13.473 0.0000000000
28549  -12.897  -65.678  -13.272 0.0000000000
18663  -10.632  -74.993  -5.790 0.0000000000
18662  -9.798  -74.837  -5.754 0.0000000000
17529  -10.882  -75.735  -1.290 0.0000000000
17543  -10.066  -75.754  -2.210 0.0000000000
16510  -7.601  -76.604  -2.092 0.0000000000
17567  -9.458  -75.787  -3.320 0.0000000000
17589  -8.914  -75.696  -4.334 0.0000000000
18636  -8.352  -75.319  -5.080 0.0000000000
18660  -7.818  -74.746  -5.647 0.0000000000
18659  -6.783  -74.575  -5.482 0.0000000000
18658  -5.759  -74.356  -5.254 0.0000000000
18657  -4.663  -74.433  -5.106 0.0000000000
16544  -4.021  -76.229  -4.486 0.0000000000
17607  -3.634  -75.221  -5.596 0.0000000000
18686  -3.537  -74.432  -6.346 0.0000000000
16593  -3.455  -75.778  -7.105 0.0000000000
16606  -3.749  -76.108  -8.221 0.0000000000
16617  -3.619  -76.501  -9.275 0.0000000000
15664  -3.330  -77.514  -9.417 0.0000000000
14769  -5.059  -78.943  -8.938 0.0000000000
13905  -5.302  -79.308  -9.818 0.0000000000
13083  -5.433  -80.103  -12.027 0.0000000000
13120  -5.619  -80.948  -13.261 0.0000000000
12239  -5.117  -81.561  -13.551 0.0000000000
13885  -8.047  -80.114  -7.316 0.0000000000
13899  -7.626  -80.006  -8.409 0.0000000000
13058  -7.661  -80.695  -9.189 0.0000000000
12161  -6.912  -81.941  -9.847 0.0000000000
12168  -7.100  -81.705  -10.946 0.0000000000
12183  -7.067  -81.773  -11.827 0.0000000000
12199  -5.194  -82.027  -13.136 0.0000000000
11282  -2.882  -82.226  -13.779 0.0000000000
10461  -2.525  -83.215  -15.051 0.0000000000
10462  -2.799  -83.966  -15.358 0.0000000000
9617  -2.501  -84.380  -12.667 0.0000000000
8881  -3.780  -85.128  -14.484 0.0000000000
8109  -2.962  -86.216  -16.674 0.0000000000
7366  -2.655  -87.380  -17.706 0.0000000000
2362  -15.233  -95.486  -8.756 0.0000000000
2361  -14.460  -95.363  -8.770 0.0000000000
3366  -13.886  -93.265  -10.091 0.0000000000
2825  -13.498  -94.485  -8.606 0.0000000000
5818  -12.151  -88.830  -10.601 0.0000000000
5828  -11.487  -88.685  -11.450 0.0000000000
6543  -11.098  -88.669  -12.099 0.0000000000
5841  -12.128  -88.940  -12.906 0.0000000000
5851  -12.103  -88.939  -13.365 0.0000000000
6578  -12.089  -88.253  -14.616 0.0000000000
7328  -12.719  -87.610  -14.715 0.0000000000
6588  -12.187  -87.669  -15.409 0.0000000000
6587  -11.411  -88.060  -15.689 0.0000000000
6600  -11.471  -87.601  -16.932 0.0000000000
6633  -11.324  -88.033  -18.789 0.0000000000
6651  -11.039  -88.688  -19.404 0.0000000000
8085  -16.297  -87.044  -15.233 0.0000000000
8112  -15.403  -86.742  -16.344 0.0000000000
8126  -14.933  -86.811  -16.936 0.0000000000
6601  -14.321  -88.747  -16.755 0.0000000000
6618  -14.192  -88.169  -17.288 0.0000000000
7385  -13.429  -87.702  -17.930 0.0000000000
6635  -12.794  -88.293  -18.564 0.0000000000
5904  -11.707  -89.297  -19.199 0.0000000000
5240  -11.263  -89.962  -19.342 0.0000000000
4619  -10.994  -90.956  -18.620 0.0000000000
4038  -9.920  -92.119  -17.361 0.0000000000
3438  -9.544  -92.662  -16.567 0.0000000000
4006  -11.011  -92.062  -15.339 0.0000000000
4004  -9.828  -92.604  -16.025 0.0000000000
3423  -9.596  -93.016  -15.520 0.0000000000
2895  -8.155  -94.225  -14.198 0.0000000000
2881  -7.797  -94.788  -13.329 0.0000000000
2428  -6.797  -95.780  -13.016 0.0000000000
2415  -7.440  -95.694  -12.289 0.0000000000
1895  -7.373  -96.863  -11.704 0.0000000000
2408  -9.625  -95.760  -11.852 0.0000000000
1412  -8.869  -97.037  -11.790 0.0000000000
720  -8.625  -99.496  -12.219 0.0000000000
482  -9.217  -100.473  -13.135 0.0000000000
2440  -12.568  -94.996  -14.314 0.0000000000
1925  -12.054  -96.048  -13.940 0.0000000000
1448  -11.460  -97.079  -13.357 0.0000000000
1042  -11.975  -97.982  -13.496 0.0000000000
1041  -11.546  -97.787  -13.277 0.0000000000
722  -10.455  -99.020  -12.307 0.0000000000
470  -10.124  -99.932  -12.698 0.0000000000
284  -9.601  -100.601  -13.457 0.0000000000
98  -10.070  -100.940  -14.080 0.0000000000
99  -10.814  -101.227  -14.300 0.0000000000
109  -11.027  -101.720  -15.031 0.0000000000
91  -12.179  -101.688  -13.678 0.0000000000
100  -11.695  -101.770  -14.171 0.0000000000
110  -11.755  -102.287  -15.036 0.0000000000
13  -12.175  -102.717  -15.170 0.0000000000
14  -12.896  -102.939  -14.998 0.0000000000
21  -13.255  -103.264  -15.863 0.0000000000
1462  -26.396  -97.520  -14.302 0.0000000000
1955  -26.146  -96.985  -14.689 0.0000000000
1954  -25.432  -96.553  -15.172 0.0000000000
2457  -25.524  -95.638  -15.040 0.0000000000
1953  -24.727  -96.571  -15.732 0.0000000000
1963  -23.257  -96.546  -16.957 0.0000000000
3444  -24.639  -93.519  -16.028 0.0000000000
3443  -23.827  -93.742  -16.727 0.0000000000
2926  -23.725  -94.674  -17.010 0.0000000000
2467  -23.431  -95.141  -17.448 0.0000000000
2466  -22.945  -95.370  -18.007 0.0000000000
1993  -21.726  -95.892  -18.579 0.0000000000
2011  -20.970  -95.859  -19.180 0.0000000000
2494  -20.511  -95.401  -19.876 0.0000000000
2510  -20.172  -95.254  -20.275 0.0000000000
2972  -20.305  -94.836  -20.365 0.0000000000
2509  -19.691  -95.523  -20.597 0.0000000000
25304  -3.769  -68.821  -21.906 0.0000000000
25317  -3.919  -68.161  -22.407 0.0000000000
26401  -4.176  -67.433  -22.784 0.0000000000
25331  -4.115  -68.221  -23.387 0.0000000000
25351  -4.141  -68.597  -24.052 0.0000000000
24321  -4.889  -68.869  -24.904 0.0000000000
23311  -3.879  -70.812  -24.970 0.0000000000
23312  -4.214  -70.632  -25.348 0.0000000000
24334  -5.226  -70.168  -26.642 0.0000000000
24344  -5.781  -69.831  -27.650 0.0000000000
24358  -6.201  -69.708  -28.731 0.0000000000
20027  -7.010  -73.260  -23.798 0.0000000000
21181  -6.835  -72.890  -24.649 0.0000000000
21198  -6.276  -72.331  -25.965 0.0000000000
21199  -7.646  -72.430  -25.681 0.0000000000
21213  -6.442  -72.295  -26.700 0.0000000000
22297  -5.895  -71.325  -27.913 0.0000000000
23328  -5.942  -70.466  -28.443 0.0000000000
24375  -6.550  -69.582  -29.578 0.0000000000
24395  -7.366  -69.229  -30.615 0.0000000000
24415  -7.842  -69.203  -31.169 0.0000000000
22327  -7.999  -71.292  -30.521 0.0000000000
23379  -8.089  -69.725  -31.294 0.0000000000
25447  -9.087  -68.470  -31.526 0.0000000000
26521  -10.519  -67.565  -31.550 0.0000000000
3191  -12.388  -94.405  -41.750 0.0000000000
3763  -13.405  -93.440  -42.384 0.0000000000
3198  -13.987  -94.311  -42.570 0.0000000000
3764  -14.205  -93.341  -42.721 0.0000000000
4357  -13.950  -92.192  -42.716 0.0000000000
4358  -14.277  -91.256  -43.379 0.0000000000
5572  -15.244  -90.108  -44.329 0.0000000000
6243  -15.152  -89.248  -44.002 0.0000000000
3754  -18.015  -94.155  -41.177 0.0000000000
3195  -18.003  -93.977  -42.290 0.0000000000
3209  -17.587  -93.296  -43.093 0.0000000000
4954  -19.158  -91.585  -42.850 0.0000000000
4963  -17.906  -91.839  -43.326 0.0000000000
4376  -17.032  -92.082  -43.661 0.0000000000
5574  -16.776  -90.759  -44.284 0.0000000000
7008  -16.129  -89.082  -43.642 0.0000000000
7007  -15.480  -88.432  -43.409 0.0000000000
6982  -15.603  -88.427  -41.808 0.0000000000
6965  -14.920  -87.670  -40.446 0.0000000000
7652  -14.926  -87.595  -38.682 0.0000000000
6948  -16.215  -88.967  -39.425 0.0000000000
7653  -15.795  -87.815  -38.249 0.0000000000
7634  -15.347  -87.269  -38.006 0.0000000000
8403  -16.209  -86.158  -36.812 0.0000000000
9160  -17.093  -85.289  -35.803 0.0000000000
9904  -17.256  -84.548  -35.577 0.0000000000
2095  -26.459  -96.528  -25.209 0.0000000000
1609  -26.980  -97.280  -23.886 0.0000000000
2082  -26.871  -96.668  -24.499 0.0000000000
2576  -26.747  -95.666  -25.679 0.0000000000
2589  -27.351  -95.144  -26.175 0.0000000000
2605  -27.934  -95.122  -27.310 0.0000000000
2134  -28.429  -95.946  -27.455 0.0000000000
1558  -30.182  -97.158  -21.634 0.0000000000
1598  -30.146  -96.496  -23.363 0.0000000000
1612  -31.252  -96.216  -24.552 0.0000000000
1611  -30.520  -96.149  -24.435 0.0000000000
2097  -29.611  -95.949  -25.259 0.0000000000
2114  -29.563  -95.896  -26.125 0.0000000000
1643  -29.141  -96.506  -27.152 0.0000000000
2150  -28.225  -96.663  -28.028 0.0000000000
1219  -28.647  -97.080  -28.712 0.0000000000
1232  -28.973  -97.168  -29.364 0.0000000000
1697  -29.787  -96.848  -30.372 0.0000000000
1685  -30.708  -96.876  -28.868 0.0000000000
2162  -30.406  -96.415  -30.072 0.0000000000
2174  -30.244  -96.315  -30.810 0.0000000000
2183  -30.732  -95.529  -31.842 0.0000000000
3646  -31.043  -93.323  -32.973 0.0000000000
3552  -35.930  -93.566  -23.075 0.0000000000
3562  -36.125  -93.145  -24.221 0.0000000000
3028  -35.587  -93.806  -24.335 0.0000000000
3038  -35.117  -94.162  -25.020 0.0000000000
3049  -34.383  -94.083  -25.794 0.0000000000
3068  -33.676  -94.252  -26.475 0.0000000000
38554  -23.054  -56.372  -17.597 0.0000000000
42926  -27.508  -52.292  -17.997 0.0000000000
41836  -28.120  -53.238  -19.287 0.0000000000
40756  -27.495  -53.872  -20.540 0.0000000000
39701  -26.272  -55.543  -21.440 0.0000000000
37482  -28.407  -57.624  -20.007 0.0000000000
37481  -27.846  -57.561  -20.527 0.0000000000
37492  -27.504  -57.023  -20.718 0.0000000000
37491  -27.071  -57.373  -20.940 0.0000000000
38617  -26.620  -56.535  -21.179 0.0000000000
1873  -17.973  -96.476  -7.979 0.0000000000
2381  -18.001  -95.001  -9.012 0.0000000000
2836  -18.582  -94.349  -9.491 0.0000000000
2837  -19.578  -94.353  -9.488 0.0000000000
3361  -19.106  -93.720  -9.977 0.0000000000
3947  -19.147  -92.597  -10.993 0.0000000000
3958  -19.595  -92.206  -11.692 0.0000000000
3971  -20.163  -92.191  -12.495 0.0000000000
3405  -20.189  -93.099  -13.476 0.0000000000
3972  -21.069  -92.716  -12.412 0.0000000000
3396  -21.633  -93.411  -12.616 0.0000000000
3384  -22.647  -93.267  -11.531 0.0000000000
2409  -24.116  -95.704  -11.804 0.0000000000
2865  -25.431  -94.909  -10.623 0.0000000000
1905  -24.799  -96.320  -11.462 0.0000000000
18950  -3.794  -74.930  -25.852 0.0000000000
18951  -4.534  -74.823  -25.799 0.0000000000
18952  -5.555  -74.925  -25.634 0.0000000000
18953  -6.753  -74.823  -25.964 0.0000000000
1799  -12.134  -96.988  -40.811 0.0000000000
1788  -12.322  -97.345  -40.253 0.0000000000
2293  -13.991  -96.375  -41.069 0.0000000000
2742  -14.352  -95.724  -40.520 0.0000000000
3186  -14.781  -95.187  -40.462 0.0000000000
968  -12.774  -98.877  -38.114 0.0000000000
1768  -13.218  -97.921  -38.454 0.0000000000
2238  -12.828  -96.572  -37.834 0.0000000000
1748  -12.961  -97.137  -36.667 0.0000000000
2706  -12.753  -95.902  -37.244 0.0000000000
2720  -12.767  -95.949  -37.977 0.0000000000
3176  -13.545  -94.908  -38.585 0.0000000000
3712  -14.798  -93.912  -38.286 0.0000000000
3726  -16.146  -93.977  -39.051 0.0000000000
3714  -16.666  -93.869  -38.242 0.0000000000
3705  -17.270  -93.460  -37.325 0.0000000000
4286  -17.834  -92.601  -36.669 0.0000000000
3674  -16.611  -93.517  -35.654 0.0000000000
5487  -18.299  -90.623  -36.026 0.0000000000
6148  -18.681  -89.682  -35.280 0.0000000000
2160  -26.676  -96.203  -30.215 0.0000000000
2173  -26.144  -96.179  -30.712 0.0000000000
2181  -25.167  -96.372  -31.343 0.0000000000
1704  -24.804  -97.247  -31.720 0.0000000000
2180  -24.397  -96.692  -31.761 0.0000000000
2188  -23.476  -96.847  -32.155 0.0000000000
1715  -22.536  -97.165  -32.216 0.0000000000
1726  -21.852  -97.681  -32.811 0.0000000000
1272  -22.147  -98.199  -33.542 0.0000000000
936  -21.582  -99.082  -34.516 0.0000000000
948  -21.874  -99.506  -35.126 0.0000000000
949  -22.937  -99.494  -35.295 0.0000000000
662  -22.054  -99.714  -35.860 0.0000000000
674  -21.375  -99.761  -36.451 0.0000000000
976  -20.386  -99.382  -38.378 0.0000000000
987  -20.234  -98.959  -39.062 0.0000000000
3155  -30.560  -93.930  -35.342 0.0000000000
2703  -29.813  -94.853  -35.317 0.0000000000
2718  -29.375  -95.063  -35.800 0.0000000000
2236  -29.070  -95.659  -35.793 0.0000000000
2235  -28.324  -96.284  -36.560 0.0000000000
2234  -27.743  -96.902  -36.872 0.0000000000
1764  -27.380  -97.174  -37.565 0.0000000000
3152  -26.958  -93.732  -35.698 0.0000000000
3141  -25.774  -93.737  -34.689 0.0000000000
3163  -26.722  -94.492  -36.195 0.0000000000
3172  -26.968  -94.908  -36.937 0.0000000000
2734  -26.663  -95.853  -38.037 0.0000000000
2266  -26.714  -96.585  -38.344 0.0000000000
1313  -26.142  -97.782  -38.081 0.0000000000
1312  -25.120  -97.800  -38.697 0.0000000000
1326  -24.310  -97.639  -39.247 0.0000000000
1325  -23.259  -98.045  -39.513 0.0000000000
2278  -23.356  -96.621  -39.149 0.0000000000
1797  -22.858  -97.506  -39.690 0.0000000000
990  -22.672  -98.429  -39.379 0.0000000000
1323  -21.486  -98.316  -39.831 0.0000000000
1335  -20.845  -97.900  -40.186 0.0000000000
1334  -19.853  -97.997  -40.072 0.0000000000
1793  -19.205  -97.556  -40.247 0.0000000000
2273  -18.544  -96.681  -39.752 0.0000000000
2243  -19.617  -95.988  -37.762 0.0000000000
2242  -18.552  -95.979  -37.710 0.0000000000
2217  -17.408  -96.393  -35.626 0.0000000000
2680  -17.716  -95.745  -33.798 0.0000000000
3126  -20.400  -94.625  -33.352 0.0000000000
2671  -19.845  -95.198  -33.704 0.0000000000
2670  -19.071  -95.285  -33.415 0.0000000000
2669  -18.164  -95.425  -33.312 0.0000000000
2668  -17.264  -95.348  -33.297 0.0000000000
3124  -17.137  -94.429  -33.322 0.0000000000
3654  -17.688  -93.138  -33.348 0.0000000000
45083  -17.601  -50.026  -24.359 0.0000000000
47263  -16.498  -48.400  -24.390 0.0000000000
35306  -19.815  -59.739  -22.196 0.0000000000
33199  -18.870  -60.879  -22.706 0.0000000000
32100  -19.585  -61.715  -22.872 0.0000000000
31046  -19.948  -62.677  -22.703 0.0000000000
29897  -19.845  -63.500  -22.628 0.0000000000
29874  -19.568  -64.677  -22.317 0.0000000000
31022  -17.380  -63.081  -21.723 0.0000000000
31058  -17.098  -62.901  -23.226 0.0000000000
29913  -17.513  -63.283  -23.581 0.0000000000
28721  -18.787  -64.934  -22.626 0.0000000000
28699  -19.345  -65.206  -22.124 0.0000000000
27532  -19.341  -66.032  -21.586 0.0000000000
27530  -17.546  -66.314  -22.404 0.0000000000
28654  -16.226  -65.490  -19.844 0.0000000000
27420  -16.262  -66.650  -15.932 0.0000000000
26319  -16.207  -67.178  -17.149 0.0000000000
27467  -13.614  -66.036  -18.775 0.0000000000
27468  -14.450  -66.369  -18.519 0.0000000000
27443  -15.790  -66.934  -17.778 0.0000000000
27490  -15.798  -66.056  -19.141 0.0000000000
28716  -14.387  -65.320  -22.327 0.0000000000
26372  -15.246  -67.126  -21.921 0.0000000000
26371  -14.226  -67.181  -22.082 0.0000000000
26354  -15.904  -67.810  -21.323 0.0000000000
27351  -14.053  -66.251  -12.664 0.0000000000
27350  -13.210  -66.204  -12.868 0.0000000000
27362  -12.213  -66.206  -13.509 0.0000000000
20903  -9.385  -73.054  -7.194 0.0000000000
20925  -10.799  -72.288  -7.576 0.0000000000
22010  -11.235  -71.559  -7.799 0.0000000000
22026  -9.619  -71.331  -8.832 0.0000000000
23033  -10.869  -70.895  -8.155 0.0000000000
25186  -12.951  -68.727  -10.820 0.0000000000
24146  -10.910  -68.955  -11.006 0.0000000000
25195  -11.280  -68.664  -11.367 0.0000000000
25196  -12.304  -68.210  -11.579 0.0000000000
26255  -11.850  -67.349  -12.927 0.0000000000
26266  -11.590  -66.970  -13.717 0.0000000000
27375  -11.064  -66.404  -14.321 0.0000000000
27373  -9.682  -66.792  -15.127 0.0000000000
27391  -8.004  -66.820  -15.952 0.0000000000
27413  -7.338  -66.553  -16.602 0.0000000000
27412  -6.704  -66.816  -16.271 0.0000000000
26315  -6.149  -67.188  -17.351 0.0000000000
7159  -3.771  -87.865  -3.462 0.0000000000
13000  -4.742  -80.985  -3.962 0.0000000000
12056  -3.549  -81.307  -3.156 0.0000000000
12077  -3.074  -81.799  -4.550 0.0000000000
12101  -3.476  -81.289  -5.507 0.0000000000
12122  -3.113  -81.682  -6.436 0.0000000000
11198  -2.920  -82.106  -7.266 0.0000000000
11205  -2.689  -82.748  -7.899 0.0000000000
7952  -4.855  -86.042  -5.847 0.0000000000
7951  -4.066  -86.107  -5.635 0.0000000000
7949  -3.045  -86.057  -6.074 0.0000000000
5767  -3.551  -88.963  -7.704 0.0000000000
7221  -2.783  -87.559  -7.231 0.0000000000
8792  -2.600  -85.498  -6.721 0.0000000000
8801  -2.445  -85.277  -7.484 0.0000000000
8815  -2.308  -85.440  -8.283 0.0000000000
9580  -2.360  -84.592  -8.952 0.0000000000
8842  -2.197  -85.928  -10.093 0.0000000000
8044  -2.608  -86.875  -11.340 0.0000000000
7301  -4.046  -87.489  -12.769 0.0000000000
6538  -3.625  -88.679  -11.754 0.0000000000
6554  -3.925  -88.415  -12.893 0.0000000000
7313  -3.869  -87.848  -13.797 0.0000000000
6584  -2.672  -88.095  -15.383 0.0000000000
6614  -2.810  -88.397  -17.404 0.0000000000
5839  -10.414  -89.213  -12.917 0.0000000000
5838  -9.609  -89.541  -12.859 0.0000000000
5172  -9.001  -90.100  -12.891 0.0000000000
5856  -9.275  -89.689  -15.296 0.0000000000
5178  -8.668  -90.656  -13.352 0.0000000000
4563  -8.090  -91.155  -12.882 0.0000000000
4551  -6.949  -92.054  -12.640 0.0000000000
3978  -5.943  -92.342  -13.609 0.0000000000
5237  -8.671  -90.352  -19.735 0.0000000000
5236  -8.047  -90.754  -19.327 0.0000000000
4605  -7.140  -91.319  -17.899 0.0000000000
4052  -6.386  -92.107  -19.323 0.0000000000
4592  -6.700  -91.607  -16.804 0.0000000000
4581  -6.381  -91.859  -15.592 0.0000000000
3991  -5.508  -92.374  -14.305 0.0000000000
3977  -5.232  -92.519  -13.567 0.0000000000
3989  -4.292  -92.163  -14.702 0.0000000000
3988  -3.821  -91.796  -14.896 0.0000000000
4591  -3.490  -90.962  -16.555 0.0000000000
4631  -4.129  -91.548  -19.573 0.0000000000
4616  -3.914  -91.267  -18.580 0.0000000000
4604  -3.592  -90.800  -17.614 0.0000000000
5899  -4.185  -90.026  -18.915 0.0000000000
122  -8.048  -101.730  -17.008 0.0000000000
2434  -18.734  -95.159  -13.419 0.0000000000
2420  -19.748  -95.403  -12.620 0.0000000000
2419  -19.083  -95.732  -12.586 0.0000000000
1929  -17.823  -95.874  -13.055 0.0000000000
1914  -17.386  -96.472  -12.617 0.0000000000
1423  -16.718  -97.691  -12.002 0.0000000000
1015  -16.428  -98.434  -11.966 0.0000000000
1427  -19.787  -97.766  -11.779 0.0000000000
1426  -18.915  -97.736  -11.762 0.0000000000
1017  -18.317  -98.337  -11.868 0.0000000000
1004  -16.816  -98.989  -12.027 0.0000000000
710  -16.122  -99.053  -12.027 0.0000000000
699  -15.508  -99.775  -12.252 0.0000000000
95  -15.046  -101.505  -13.093 0.0000000000
279  -16.474  -100.986  -12.694 0.0000000000
103  -14.391  -102.154  -13.595 0.0000000000
11  -14.589  -102.636  -14.217 0.0000000000
23  -14.477  -103.126  -15.621 0.0000000000
22  -13.986  -103.313  -15.952 0.0000000000
1051  -25.666  -98.149  -14.357 0.0000000000
1049  -24.085  -98.764  -14.747 0.0000000000
749  -23.533  -98.972  -14.861 0.0000000000
748  -22.945  -99.116  -15.043 0.0000000000
739  -22.518  -99.532  -14.559 0.0000000000
738  -21.734  -99.868  -14.678 0.0000000000
1080  -18.406  -98.397  -17.565 0.0000000000
1068  -18.589  -98.828  -16.956 0.0000000000
499  -17.780  -100.775  -15.248 0.0000000000
305  -17.199  -101.021  -15.402 0.0000000000
504  -15.311  -100.433  -16.829 0.0000000000
303  -15.532  -101.232  -16.353 0.0000000000
127  -15.571  -102.143  -15.908 0.0000000000
31  -15.131  -102.716  -16.159 0.0000000000
30  -14.551  -103.137  -16.566 0.0000000000
35  -13.681  -103.470  -17.358 0.0000000000
2  -14.027  -103.288  -18.082 0.0000000000
5  -14.137  -103.257  -18.552 0.0000000000
538  -16.091  -100.748  -19.470 0.0000000000
523  -16.876  -100.857  -19.092 0.0000000000
321  -17.670  -101.785  -18.713 0.0000000000
322  -18.576  -101.603  -18.664 0.0000000000
147  -18.265  -102.266  -18.840 0.0000000000
559  -27.547  -98.763  -20.623 0.0000000000
816  -28.056  -98.656  -20.131 0.0000000000
803  -29.418  -98.225  -19.316 0.0000000000
1083  -24.731  -99.159  -17.871 0.0000000000
1084  -25.562  -99.109  -17.808 0.0000000000
1085  -26.411  -98.967  -17.894 0.0000000000
1508  -26.761  -97.538  -17.910 0.0000000000
1490  -27.543  -97.885  -17.877 0.0000000000
1087  -28.062  -98.339  -18.224 0.0000000000
775  -28.410  -98.593  -18.575 0.0000000000
1103  -29.371  -98.107  -18.616 0.0000000000
1117  -30.165  -97.770  -19.377 0.0000000000
1105  -30.749  -97.427  -18.935 0.0000000000
1495  -31.629  -96.657  -18.552 0.0000000000
1982  -32.374  -95.629  -18.365 0.0000000000
2483  -30.636  -95.112  -18.199 0.0000000000
2933  -31.855  -94.911  -18.087 0.0000000000
2990  -25.412  -94.611  -21.715 0.0000000000
34236  -20.327  -60.212  -22.022 0.0000000000
33172  -21.239  -61.397  -21.038 0.0000000000
28658  -21.616  -66.007  -19.985 0.0000000000
28659  -21.859  -65.605  -19.577 0.0000000000
28641  -22.219  -65.289  -18.777 0.0000000000
28642  -22.744  -65.299  -18.074 0.0000000000
29832  -22.482  -64.783  -18.563 0.0000000000
30979  -24.097  -63.567  -17.657 0.0000000000
30961  -24.778  -63.726  -17.360 0.0000000000
30962  -25.436  -63.829  -17.235 0.0000000000
30963  -26.421  -63.908  -17.200 0.0000000000
29816  -27.005  -64.810  -17.298 0.0000000000
29817  -27.760  -64.835  -17.797 0.0000000000
38654  -13.065  -57.026  -24.241 0.0000000000
38676  -12.452  -57.304  -24.759 0.0000000000
36464  -11.203  -58.527  -25.381 0.0000000000
38693  -12.077  -57.535  -25.215 0.0000000000
38694  -12.572  -56.932  -25.235 0.0000000000
39791  -13.332  -56.496  -25.943 0.0000000000
38705  -13.379  -56.697  -26.313 0.0000000000
27583  -5.513  -66.102  -24.409 0.0000000000
27584  -5.813  -65.798  -24.853 0.0000000000
26435  -6.314  -67.142  -25.335 0.0000000000
27600  -6.249  -65.913  -25.319 0.0000000000
28756  -6.799  -65.044  -25.602 0.0000000000
28767  -8.301  -64.432  -26.128 0.0000000000
31103  -8.608  -63.039  -26.151 0.0000000000
26454  -8.705  -67.443  -27.764 0.0000000000
26446  -8.943  -67.681  -26.970 0.0000000000
26447  -9.778  -67.184  -26.530 0.0000000000
27615  -11.112  -65.928  -27.105 0.0000000000
27610  -10.982  -65.989  -26.765 0.0000000000
27604  -10.120  -66.269  -25.807 0.0000000000
28759  -9.971  -65.435  -25.861 0.0000000000
31104  -9.491  -63.333  -26.608 0.0000000000
32167  -9.405  -62.290  -26.734 0.0000000000
32183  -9.826  -61.885  -27.044 0.0000000000
34333  -11.093  -60.603  -26.908 0.0000000000
35386  -11.623  -59.684  -26.914 0.0000000000
33308  -12.034  -60.784  -27.594 0.0000000000
35399  -12.059  -59.897  -27.534 0.0000000000
36480  -12.373  -58.952  -27.286 0.0000000000
8482  -13.156  -86.391  -42.387 0.0000000000
14295  -6.968  -78.827  -36.164 0.0000000000
15988  -3.938  -77.432  -31.709 0.0000000000
16954  -3.946  -76.324  -31.118 0.0000000000
18007  -4.530  -74.875  -30.312 0.0000000000
18030  -5.822  -75.884  -31.736 0.0000000000
18008  -5.357  -74.888  -31.054 0.0000000000
19014  -4.897  -74.379  -29.360 0.0000000000
19000  -5.683  -74.242  -28.584 0.0000000000
18985  -6.438  -74.453  -27.753 0.0000000000
17938  -7.682  -74.867  -26.342 0.0000000000
8474  -20.749  -86.410  -41.844 0.0000000000
9260  -19.912  -86.290  -42.250 0.0000000000
9241  -18.539  -85.683  -41.606 0.0000000000
9240  -17.937  -85.601  -41.083 0.0000000000
9224  -17.793  -85.485  -40.114 0.0000000000
9966  -17.357  -84.737  -39.661 0.0000000000
10810  -16.329  -83.686  -40.218 0.0000000000
9965  -16.803  -84.133  -39.296 0.0000000000
9952  -17.196  -84.506  -38.474 0.0000000000
10769  -17.117  -84.048  -37.519 0.0000000000
11613  -17.249  -83.338  -36.274 0.0000000000
11585  -16.939  -82.811  -35.149 0.0000000000
13484  -14.003  -80.835  -39.594 0.0000000000
13472  -12.697  -80.230  -39.167 0.0000000000
13473  -13.453  -80.616  -38.866 0.0000000000
13475  -14.997  -81.048  -37.856 0.0000000000
12571  -15.828  -81.431  -36.403 0.0000000000
12564  -16.434  -81.782  -35.920 0.0000000000
11584  -16.680  -82.527  -34.604 0.0000000000
12533  -15.492  -81.835  -33.688 0.0000000000
12532  -14.379  -81.992  -33.074 0.0000000000
11556  -13.305  -82.514  -32.672 0.0000000000
13413  -12.538  -81.122  -34.564 0.0000000000
12546  -12.620  -81.748  -33.880 0.0000000000
12510  -11.768  -82.285  -32.864 0.0000000000
12509  -11.245  -81.934  -32.804 0.0000000000
13385  -10.181  -81.132  -32.244 0.0000000000
13375  -9.987  -80.817  -31.577 0.0000000000
16043  -8.353  -77.196  -35.468 0.0000000000
16036  -9.633  -77.373  -34.727 0.0000000000
16024  -10.757  -77.611  -33.475 0.0000000000
16971  -8.809  -76.266  -32.802 0.0000000000
16008  -10.088  -77.235  -32.695 0.0000000000
16009  -10.956  -77.905  -32.196 0.0000000000
15073  -11.282  -78.554  -31.302 0.0000000000
14232  -10.564  -80.051  -30.350 0.0000000000
13367  -9.031  -80.397  -30.765 0.0000000000
14229  -7.583  -79.635  -29.869 0.0000000000
14219  -6.886  -79.117  -28.983 0.0000000000
15960  -7.175  -78.071  -28.056 0.0000000000
15961  -9.151  -77.426  -28.330 0.0000000000
15954  -8.550  -77.014  -27.599 0.0000000000
16910  -7.904  -76.248  -27.661 0.0000000000
17953  -8.196  -75.542  -27.426 0.0000000000
17939  -8.294  -75.165  -26.644 0.0000000000
17928  -8.812  -75.470  -25.635 0.0000000000
17918  -9.544  -76.408  -24.766 0.0000000000
16871  -10.841  -76.596  -24.327 0.0000000000
16850  -11.980  -76.302  -23.953 0.0000000000
16902  -12.714  -76.334  -26.192 0.0000000000
16874  -13.083  -76.173  -24.886 0.0000000000
17903  -12.374  -75.803  -23.991 0.0000000000
18945  -12.453  -74.852  -24.331 0.0000000000
20045  -13.117  -74.007  -25.370 0.0000000000
20072  -12.735  -73.291  -26.764 0.0000000000
19035  -13.858  -74.673  -30.896 0.0000000000
18015  -14.434  -74.962  -30.240 0.0000000000
17995  -15.591  -74.619  -29.153 0.0000000000
20127  -15.572  -72.837  -30.862 0.0000000000
19018  -15.652  -74.114  -29.755 0.0000000000
18989  -15.313  -74.507  -27.696 0.0000000000
20074  -14.674  -73.692  -27.552 0.0000000000
20073  -13.763  -73.460  -27.099 0.0000000000
21233  -12.307  -73.102  -27.448 0.0000000000
21248  -11.983  -72.942  -28.237 0.0000000000
21290  -11.275  -72.180  -29.834 0.0000000000
23359  -10.606  -70.923  -29.973 0.0000000000
24397  -10.199  -69.854  -30.046 0.0000000000
25428  -10.689  -68.773  -30.170 0.0000000000
26502  -11.622  -67.696  -30.225 0.0000000000
27665  -12.465  -66.788  -30.568 0.0000000000
0  -13.194  -103.450  -17.937 0.0000000000
6  -13.501  -103.378  -18.764 0.0000000000
7  -13.763  -103.362  -18.928 0.0000000000
8  -13.993  -103.344  -18.745 0.0000000000
12  -14.924  -102.393  -14.007 0.0000000000
16  -14.554  -102.898  -14.871 0.0000000000
18  -15.506  -102.363  -14.929 0.0000000000
27  -12.312  -103.162  -16.850 0.0000000000
48  -11.468  -102.736  -19.046 0.0000000000
50  -13.206  -103.332  -19.148 0.0000000000
62  -13.613  -103.254  -19.859 0.0000000000
88  -14.775  -101.128  -12.800 0.0000000000
89  -15.344  -101.047  -12.719 0.0000000000
96  -16.066  -101.286  -12.951 0.0000000000
97  -16.708  -101.373  -13.329 0.0000000000
101  -12.494  -102.145  -13.886 0.0000000000
112  -15.534  -102.218  -14.301 0.0000000000
118  -11.836  -102.684  -15.465 0.0000000000
119  -15.616  -102.348  -15.399 0.0000000000
121  -16.511  -101.803  -14.724 0.0000000000
128  -16.000  -101.890  -15.563 0.0000000000
129  -8.148  -101.773  -17.578 0.0000000000
132  -10.710  -102.180  -17.576 0.0000000000
141  -9.788  -102.074  -18.487 0.0000000000
264  -15.763  -100.304  -12.396 0.0000000000
266  -13.779  -100.896  -12.870 0.0000000000
271  -17.134  -100.504  -12.546 0.0000000000
272  -17.641  -100.640  -12.732 0.0000000000
273  -9.860  -100.297  -13.031 0.0000000000
277  -13.952  -101.102  -12.930 0.0000000000
283  -8.798  -100.758  -13.919 0.0000000000
287  -17.329  -101.285  -13.598 0.0000000000
291  -9.419  -100.889  -14.207 0.0000000000
293  -17.932  -101.066  -14.260 0.0000000000
297  -16.584  -101.718  -15.077 0.0000000000
302  -8.099  -101.506  -16.468 0.0000000000
310  -21.043  -101.004  -18.101 0.0000000000
327  -25.176  -100.628  -19.072 0.0000000000
331  -14.330  -101.231  -19.176 0.0000000000
336  -25.605  -100.243  -19.741 0.0000000000
452  -15.291  -99.989  -12.318 0.0000000000
453  -15.926  -99.943  -12.287 0.0000000000
454  -16.552  -100.011  -12.348 0.0000000000
457  -13.615  -100.682  -12.781 0.0000000000
460  -16.597  -100.244  -12.428 0.0000000000
461  -16.930  -100.178  -12.426 0.0000000000
469  -9.264  -100.182  -12.782 0.0000000000
475  -19.605  -100.137  -12.905 0.0000000000
479  -22.963  -99.365  -13.224 0.0000000000
481  -8.869  -100.494  -13.243 0.0000000000
496  -22.739  -99.520  -14.125 0.0000000000
511  -20.861  -100.743  -18.277 0.0000000000
512  -21.296  -100.553  -18.194 0.0000000000
514  -23.224  -100.491  -17.836 0.0000000000
517  -26.160  -99.984  -18.269 0.0000000000
519  -27.447  -99.278  -18.880 0.0000000000
528  -21.452  -99.877  -18.425 0.0000000000
529  -22.042  -99.576  -18.375 0.0000000000
530  -25.547  -100.308  -18.592 0.0000000000
531  -26.273  -99.927  -19.060 0.0000000000
533  -27.557  -99.274  -19.140 0.0000000000
545  -27.509  -99.203  -19.627 0.0000000000
548  -14.837  -100.419  -20.104 0.0000000000
551  -16.952  -100.049  -20.423 0.0000000000
554  -27.398  -98.984  -20.306 0.0000000000
661  -21.205  -99.621  -35.676 0.0000000000
663  -22.674  -99.721  -36.116 0.0000000000
675  -22.204  -99.763  -36.575 0.0000000000
684  -19.702  -99.689  -37.002 0.0000000000
687  -22.598  -99.650  -37.127 0.0000000000
688  -23.052  -99.651  -36.873 0.0000000000
689  -14.245  -99.460  -37.939 0.0000000000
697  -20.926  -99.612  -37.910 0.0000000000
698  -15.202  -99.699  -12.277 0.0000000000
701  -17.064  -99.449  -12.247 0.0000000000
702  -17.884  -99.297  -12.292 0.0000000000
709  -15.515  -99.398  -12.139 0.0000000000
711  -18.372  -99.500  -12.401 0.0000000000
725  -13.508  -99.610  -12.383 0.0000000000
733  -24.176  -98.861  -13.634 0.0000000000
734  -24.864  -98.589  -13.780 0.0000000000
764  -14.411  -99.610  -18.136 0.0000000000
773  -26.724  -99.382  -18.150 0.0000000000
780  -13.901  -99.860  -18.946 0.0000000000
781  -14.217  -99.453  -18.683 0.0000000000
782  -20.972  -99.491  -18.909 0.0000000000
784  -22.366  -99.033  -18.635 0.0000000000
785  -23.065  -99.120  -18.311 0.0000000000
788  -29.134  -98.417  -18.824 0.0000000000
789  -29.685  -98.148  -19.005 0.0000000000
794  -13.999  -99.817  -19.899 0.0000000000
795  -17.423  -100.103  -20.286 0.0000000000
815  -21.162  -98.651  -20.544 0.0000000000
817  -29.034  -98.153  -19.937 0.0000000000
818  -29.619  -97.947  -19.636 0.0000000000
824  -16.082  -99.556  -21.788 0.0000000000
826  -18.095  -99.606  -21.715 0.0000000000
830  -27.759  -98.512  -21.172 0.0000000000
831  -28.528  -98.182  -20.688 0.0000000000
836  -16.643  -99.220  -22.454 0.0000000000
838  -18.582  -99.161  -22.318 0.0000000000
839  -19.115  -99.036  -22.228 0.0000000000
840  -27.266  -98.611  -21.883 0.0000000000
909  -26.274  -98.258  -31.972 0.0000000000
910  -26.525  -98.255  -31.957 0.0000000000
917  -24.510  -98.744  -33.130 0.0000000000
926  -23.615  -98.874  -33.902 0.0000000000
928  -25.409  -98.612  -33.573 0.0000000000
930  -26.636  -98.347  -32.877 0.0000000000
966  -25.269  -98.816  -37.119 0.0000000000
977  -21.048  -99.232  -38.580 0.0000000000
981  -14.775  -98.784  -38.797 0.0000000000
982  -15.166  -98.919  -39.025 0.0000000000
984  -17.050  -99.112  -39.384 0.0000000000
992  -17.459  -98.613  -39.898 0.0000000000
1011  -9.777  -98.068  -11.757 0.0000000000
1012  -14.314  -99.470  -12.188 0.0000000000
1035  -15.469  -98.083  -12.320 0.0000000000
1045  -25.616  -98.349  -13.704 0.0000000000
1050  -24.883  -98.450  -14.595 0.0000000000
1062  -25.338  -97.999  -14.940 0.0000000000
1086  -27.198  -98.679  -18.096 0.0000000000
1088  -29.052  -98.041  -18.348 0.0000000000
1089  -29.583  -97.638  -18.214 0.0000000000
1095  -15.528  -98.512  -18.734 0.0000000000
1098  -22.416  -98.691  -19.071 0.0000000000
1104  -29.836  -97.807  -18.636 0.0000000000
1109  -14.188  -99.346  -20.040 0.0000000000
1118  -31.074  -97.265  -19.547 0.0000000000
1119  -31.410  -97.066  -19.867 0.0000000000
1122  -14.527  -99.462  -20.393 0.0000000000
1125  -20.879  -98.608  -21.166 0.0000000000
1132  -31.221  -97.168  -19.990 0.0000000000
1136  -15.826  -98.213  -21.490 0.0000000000
1142  -28.895  -97.762  -21.231 0.0000000000
1147  -15.762  -98.832  -22.106 0.0000000000
1153  -21.141  -97.709  -22.386 0.0000000000
1160  -17.932  -98.450  -23.044 0.0000000000
1161  -18.392  -98.274  -23.171 0.0000000000
1162  -18.917  -97.972  -23.415 0.0000000000
1175  -30.579  -96.079  -26.357 0.0000000000
1189  -29.686  -96.119  -26.857 0.0000000000
1190  -30.051  -96.372  -27.008 0.0000000000
1205  -30.074  -96.828  -27.562 0.0000000000
1206  -30.508  -96.728  -27.455 0.0000000000
1220  -29.122  -97.225  -28.371 0.0000000000
1233  -29.620  -97.269  -29.140 0.0000000000
1243  -28.695  -97.139  -30.194 0.0000000000
1254  -28.689  -97.361  -30.735 0.0000000000
1261  -23.816  -98.321  -32.992 0.0000000000
1264  -25.792  -98.308  -31.950 0.0000000000
1275  -26.443  -98.214  -33.855 0.0000000000
1277  -27.709  -97.588  -33.356 0.0000000000
1283  -22.053  -98.846  -34.066 0.0000000000
1286  -26.899  -97.939  -34.667 0.0000000000
1289  -25.615  -98.491  -35.566 0.0000000000
1291  -26.718  -98.017  -35.164 0.0000000000
1295  -26.434  -98.153  -36.313 0.0000000000
1296  -26.846  -98.006  -35.772 0.0000000000
1300  -14.441  -97.862  -38.453 0.0000000000
1309  -15.027  -98.062  -38.956 0.0000000000
1310  -23.606  -98.499  -38.916 0.0000000000
1311  -24.184  -98.228  -38.880 0.0000000000
1320  -18.922  -98.675  -39.613 0.0000000000
1321  -19.581  -98.529  -39.641 0.0000000000
1322  -20.549  -98.432  -39.754 0.0000000000
1324  -22.324  -98.158  -39.738 0.0000000000
1327  -24.818  -97.432  -39.124 0.0000000000
1331  -17.017  -98.112  -40.123 0.0000000000
1332  -17.807  -98.172  -40.248 0.0000000000
1336  -21.767  -97.783  -40.087 0.0000000000
1337  -22.542  -97.731  -39.823 0.0000000000
1338  -22.870  -97.749  -39.696 0.0000000000
1411  -8.640  -96.939  -11.786 0.0000000000
1417  -7.015  -97.203  -11.935 0.0000000000
1419  -8.508  -97.400  -11.576 0.0000000000
1420  -9.208  -97.314  -11.702 0.0000000000
1424  -17.361  -97.456  -11.956 0.0000000000
1438  -10.212  -97.214  -12.170 0.0000000000
1443  -17.007  -97.033  -12.243 0.0000000000
1453  -16.420  -96.739  -12.917 0.0000000000
1458  -13.372  -96.869  -14.556 0.0000000000
1471  -25.795  -97.440  -14.894 0.0000000000
1475  -21.130  -97.836  -16.875 0.0000000000
1479  -24.311  -97.045  -15.955 0.0000000000
1484  -18.808  -97.745  -18.237 0.0000000000
1489  -26.820  -98.310  -17.885 0.0000000000
1504  -19.216  -97.288  -18.874 0.0000000000
1510  -30.595  -97.259  -18.470 0.0000000000
1511  -31.194  -97.005  -18.697 0.0000000000
1512  -31.709  -96.812  -18.972 0.0000000000
1521  -18.650  -97.240  -19.519 0.0000000000
1523  -23.775  -97.429  -19.891 0.0000000000
1527  -31.692  -96.886  -19.601 0.0000000000
1528  -32.194  -96.629  -19.624 0.0000000000
1537  -18.195  -97.225  -20.216 0.0000000000
1540  -23.955  -97.013  -20.079 0.0000000000
1541  -31.006  -97.165  -20.749 0.0000000000
1551  -16.434  -97.847  -21.743 0.0000000000
1557  -29.495  -97.411  -21.621 0.0000000000
1560  -32.058  -96.453  -21.726 0.0000000000
1570  -16.813  -97.768  -22.123 0.0000000000
1573  -20.698  -97.346  -23.245 0.0000000000
1574  -21.284  -97.193  -22.831 0.0000000000
1575  -21.903  -96.979  -22.177 0.0000000000
1576  -28.015  -97.721  -22.554 0.0000000000
1582  -32.519  -96.123  -22.980 0.0000000000
1595  -27.464  -97.719  -23.108 0.0000000000
1601  -32.449  -96.124  -23.604 0.0000000000
1610  -29.747  -96.150  -24.346 0.0000000000
1645  -31.067  -96.342  -26.608 0.0000000000
1646  -31.516  -96.291  -26.481 0.0000000000
1661  -28.936  -96.771  -27.484 0.0000000000
1662  -29.237  -96.731  -27.375 0.0000000000
1663  -31.177  -96.575  -27.358 0.0000000000
1671  -27.860  -96.854  -28.894 0.0000000000
1672  -28.470  -97.053  -28.327 0.0000000000
1673  -30.419  -97.080  -28.556 0.0000000000
1681  -26.889  -96.811  -30.027 0.0000000000
1683  -29.535  -97.147  -29.635 0.0000000000
1693  -25.738  -97.057  -30.904 0.0000000000
1695  -26.883  -97.211  -30.155 0.0000000000
1706  -25.966  -97.746  -30.913 0.0000000000
1717  -24.620  -97.642  -32.024 0.0000000000
1719  -28.941  -97.018  -32.485 0.0000000000
1721  -30.096  -96.322  -31.867 0.0000000000
1723  -15.659  -97.198  -34.216 0.0000000000
1734  -15.966  -97.313  -34.719 0.0000000000
1739  -12.876  -96.885  -36.366 0.0000000000
1740  -13.181  -97.112  -36.090 0.0000000000
1741  -13.938  -97.294  -35.826 0.0000000000
1742  -14.850  -97.435  -35.798 0.0000000000
1745  -27.826  -97.295  -35.516 0.0000000000
1749  -13.473  -97.359  -36.752 0.0000000000
1753  -26.764  -97.961  -36.908 0.0000000000
1762  -16.175  -96.753  -37.209 0.0000000000
1763  -26.869  -97.729  -37.484 0.0000000000
1771  -16.450  -97.017  -39.216 0.0000000000
1773  -26.910  -97.251  -38.196 0.0000000000
1774  -27.254  -97.107  -38.001 0.0000000000
1777  -13.092  -96.959  -40.020 0.0000000000
1778  -16.009  -97.811  -39.530 0.0000000000
1779  -16.759  -97.467  -39.721 0.0000000000
1780  -17.740  -97.143  -40.069 0.0000000000
1781  -18.319  -97.094  -40.198 0.0000000000
1782  -22.781  -96.998  -39.583 0.0000000000
1783  -23.664  -97.191  -39.461 0.0000000000
1790  -17.042  -97.751  -40.066 0.0000000000
1798  -11.785  -96.865  -40.707 0.0000000000
1800  -12.771  -96.995  -40.838 0.0000000000
1870  -14.508  -96.271  -8.231 0.0000000000
1885  -7.891  -96.507  -11.617 0.0000000000
1886  -8.362  -96.701  -11.748 0.0000000000
1887  -8.731  -96.626  -11.929 0.0000000000
1894  -6.955  -96.858  -11.810 0.0000000000
1897  -9.016  -96.724  -11.868 0.0000000000
1912  -10.869  -96.195  -12.592 0.0000000000
1913  -16.759  -96.704  -12.710 0.0000000000
1926  -15.166  -96.634  -14.261 0.0000000000
1930  -18.309  -95.746  -12.907 0.0000000000
1940  -16.276  -96.137  -14.146 0.0000000000
1951  -14.496  -95.940  -15.467 0.0000000000
1976  -27.956  -97.207  -17.678 0.0000000000
1979  -30.342  -96.564  -17.798 0.0000000000
1981  -31.880  -96.107  -18.252 0.0000000000
1994  -22.396  -95.737  -18.241 0.0000000000
1996  -26.400  -96.868  -18.384 0.0000000000
1997  -27.438  -96.664  -17.961 0.0000000000
1998  -28.154  -96.729  -17.727 0.0000000000
2013  -25.765  -96.502  -19.090 0.0000000000
2015  -27.429  -96.227  -18.401 0.0000000000
2016  -32.109  -96.628  -19.292 0.0000000000
2026  -19.049  -96.209  -20.642 0.0000000000
2029  -25.491  -95.899  -19.971 0.0000000000
2043  -22.994  -96.390  -21.113 0.0000000000
2044  -32.528  -96.307  -21.247 0.0000000000
2046  -33.773  -95.560  -21.525 0.0000000000
2055  -17.712  -97.127  -22.112 0.0000000000
2058  -22.196  -96.513  -21.977 0.0000000000
2072  -27.701  -96.992  -23.509 0.0000000000
2075  -33.081  -95.801  -23.867 0.0000000000
2076  -33.506  -95.566  -23.261 0.0000000000
2085  -29.278  -95.995  -24.714 0.0000000000
2086  -32.483  -96.005  -24.966 0.0000000000
2099  -33.195  -95.590  -25.386 0.0000000000
2113  -29.165  -96.049  -26.821 0.0000000000
2116  -33.058  -95.498  -26.308 0.0000000000
2133  -27.948  -95.575  -27.736 0.0000000000
2135  -31.563  -96.384  -27.623 0.0000000000
2136  -31.889  -96.147  -27.414 0.0000000000
2137  -32.586  -95.518  -27.293 0.0000000000
2151  -31.569  -96.228  -28.110 0.0000000000
2153  -32.514  -95.329  -27.717 0.0000000000
2161  -27.286  -96.257  -29.458 0.0000000000
2163  -31.090  -96.171  -29.295 0.0000000000
2172  -25.698  -96.603  -30.965 0.0000000000
2179  -23.427  -96.294  -31.738 0.0000000000
2187  -23.015  -96.587  -31.933 0.0000000000
2191  -29.448  -96.419  -32.703 0.0000000000
2196  -15.453  -96.713  -33.927 0.0000000000
2197  -16.200  -96.786  -33.797 0.0000000000
2199  -29.022  -96.497  -33.140 0.0000000000
2201  -30.119  -95.602  -33.175 0.0000000000
2204  -13.942  -96.457  -35.069 0.0000000000
2205  -14.378  -96.623  -34.728 0.0000000000
2208  -17.650  -96.087  -34.589 0.0000000000
2209  -18.179  -95.757  -34.823 0.0000000000
2211  -29.437  -95.746  -34.233 0.0000000000
2213  -12.991  -96.489  -36.044 0.0000000000
2215  -14.024  -96.890  -35.178 0.0000000000
2218  -18.040  -95.857  -35.388 0.0000000000
2221  -23.261  -96.150  -36.304 0.0000000000
2225  -12.743  -96.616  -36.832 0.0000000000
2227  -17.131  -96.459  -36.663 0.0000000000
2232  -22.123  -96.341  -36.804 0.0000000000
2233  -22.982  -96.245  -36.909 0.0000000000
2239  -16.140  -96.741  -37.586 0.0000000000
2240  -16.616  -96.593  -37.510 0.0000000000
2247  -23.453  -96.115  -37.752 0.0000000000
2249  -27.682  -96.472  -37.348 0.0000000000
2254  -13.218  -96.448  -39.115 0.0000000000
2255  -16.132  -96.754  -38.059 0.0000000000
2263  -23.828  -96.201  -38.561 0.0000000000
2265  -25.876  -96.271  -38.533 0.0000000000
2267  -27.286  -96.814  -38.005 0.0000000000
2269  -13.112  -96.922  -39.122 0.0000000000
2280  -25.144  -96.681  -38.946 0.0000000000
2284  -13.937  -96.247  -40.561 0.0000000000
2285  -18.750  -97.161  -40.215 0.0000000000
2286  -19.480  -97.007  -40.132 0.0000000000
2287  -20.468  -96.887  -40.039 0.0000000000
2288  -21.404  -96.823  -39.892 0.0000000000
2289  -22.096  -96.849  -39.631 0.0000000000
2290  -11.881  -96.573  -40.971 0.0000000000
2291  -12.398  -96.457  -41.286 0.0000000000
2292  -13.214  -96.485  -41.352 0.0000000000
2294  -12.786  -96.138  -41.715 0.0000000000
2295  -13.247  -96.058  -41.925 0.0000000000
2364  -17.416  -95.668  -8.456 0.0000000000
2365  -18.492  -95.794  -8.512 0.0000000000
2379  -15.790  -94.767  -9.664 0.0000000000
2394  -7.914  -96.188  -11.705 0.0000000000
2395  -8.234  -96.238  -11.823 0.0000000000
2398  -15.522  -94.547  -10.118 0.0000000000
2404  -6.974  -96.566  -11.808 0.0000000000
2405  -7.438  -96.208  -11.727 0.0000000000
2406  -8.069  -95.876  -11.838 0.0000000000
2407  -8.816  -96.060  -11.836 0.0000000000
2411  -25.376  -95.085  -11.026 0.0000000000
2414  -6.810  -96.215  -12.232 0.0000000000
2418  -11.103  -95.175  -12.456 0.0000000000
2429  -7.315  -95.335  -12.960 0.0000000000
2446  -26.022  -95.195  -14.712 0.0000000000
2451  -13.852  -95.290  -15.613 0.0000000000
2452  -14.692  -95.272  -15.944 0.0000000000
2453  -15.732  -95.322  -15.766 0.0000000000
2454  -16.623  -95.179  -15.385 0.0000000000
2460  -15.266  -95.017  -16.111 0.0000000000
2468  -29.131  -96.558  -17.693 0.0000000000
2469  -29.635  -96.236  -17.746 0.0000000000
2471  -31.380  -95.488  -17.956 0.0000000000
2472  -32.150  -95.386  -18.167 0.0000000000
2478  -21.968  -95.253  -18.858 0.0000000000
2484  -31.319  -94.801  -18.195 0.0000000000
2500  -29.565  -95.149  -18.978 0.0000000000
2513  -25.915  -95.460  -20.389 0.0000000000
2515  -27.433  -95.480  -19.743 0.0000000000
2517  -33.367  -95.789  -20.251 0.0000000000
2525  -18.624  -95.986  -22.000 0.0000000000
2527  -22.795  -95.796  -21.433 0.0000000000
2529  -24.174  -95.192  -20.937 0.0000000000
2539  -18.846  -95.424  -22.318 0.0000000000
2543  -34.851  -94.729  -22.403 0.0000000000
2551  -18.709  -96.028  -22.762 0.0000000000
2563  -27.169  -96.049  -24.899 0.0000000000
2564  -27.926  -95.865  -24.798 0.0000000000
2565  -28.277  -95.842  -24.842 0.0000000000
2567  -34.638  -94.741  -24.383 0.0000000000
2568  -35.128  -94.356  -24.472 0.0000000000
2581  -34.857  -94.459  -24.818 0.0000000000
2591  -33.543  -95.156  -26.317 0.0000000000
2619  -27.449  -95.018  -28.521 0.0000000000
2631  -26.806  -95.349  -29.733 0.0000000000
2645  -30.916  -95.008  -30.614 0.0000000000
2653  -24.700  -95.833  -31.368 0.0000000000
2655  -30.889  -94.680  -30.751 0.0000000000
2659  -17.475  -94.788  -33.013 0.0000000000
2662  -30.578  -95.389  -32.608 0.0000000000
2663  -30.824  -95.033  -32.412 0.0000000000
2667  -16.373  -95.912  -33.532 0.0000000000
2672  -30.046  -95.465  -33.519 0.0000000000
2677  -13.739  -96.183  -35.223 0.0000000000
2679  -14.923  -96.090  -34.186 0.0000000000
2689  -29.893  -95.222  -34.205 0.0000000000
2690  -30.372  -94.669  -34.049 0.0000000000
2693  -13.562  -95.728  -35.669 0.0000000000
2694  -14.144  -95.530  -35.226 0.0000000000
2695  -18.677  -95.665  -35.132 0.0000000000
2702  -25.519  -94.717  -35.201 0.0000000000
2707  -13.242  -95.211  -36.718 0.0000000000
2709  -18.890  -95.692  -35.925 0.0000000000
2710  -19.666  -95.736  -36.031 0.0000000000
2711  -20.406  -95.893  -35.996 0.0000000000
2715  -26.441  -94.837  -36.733 0.0000000000
2721  -13.036  -95.315  -37.801 0.0000000000
2722  -23.943  -95.850  -37.562 0.0000000000
2727  -28.189  -95.877  -36.807 0.0000000000
2730  -12.860  -96.234  -38.274 0.0000000000
2732  -25.085  -95.554  -37.890 0.0000000000
2737  -13.536  -96.119  -39.577 0.0000000000
2741  -13.875  -96.093  -40.176 0.0000000000
2744  -11.803  -95.825  -41.208 0.0000000000
2748  -15.208  -95.198  -41.563 0.0000000000
2750  -12.262  -95.470  -41.701 0.0000000000
2751  -12.785  -95.545  -41.985 0.0000000000
2754  -15.499  -94.817  -42.080 0.0000000000
2755  -15.869  -94.786  -41.949 0.0000000000
2821  -13.265  -94.025  -8.014 0.0000000000
2831  -14.087  -94.215  -9.745 0.0000000000
2832  -14.482  -94.341  -9.984 0.0000000000
2833  -16.177  -94.425  -10.173 0.0000000000
2849  -16.644  -94.051  -10.538 0.0000000000
2851  -22.015  -93.845  -10.295 0.0000000000
2857  -8.558  -95.485  -11.993 0.0000000000
2859  -9.890  -94.933  -11.796 0.0000000000
2860  -14.736  -93.637  -11.239 0.0000000000
2863  -24.255  -93.957  -11.288 0.0000000000
2868  -8.515  -94.854  -12.397 0.0000000000
2869  -9.544  -94.286  -12.394 0.0000000000
2877  -24.452  -94.323  -11.444 0.0000000000
2882  -8.822  -94.159  -13.274 0.0000000000
2884  -11.887  -94.196  -12.985 0.0000000000
2888  -20.527  -93.741  -13.071 0.0000000000
2894  -7.196  -94.509  -14.345 0.0000000000
2898  -18.198  -94.511  -15.211 0.0000000000
2900  -19.434  -93.783  -14.114 0.0000000000
2910  -13.533  -94.605  -15.380 0.0000000000
2913  -16.294  -94.770  -16.000 0.0000000000
2917  -25.439  -94.745  -15.127 0.0000000000
2922  -14.760  -94.369  -16.267 0.0000000000
2923  -15.598  -94.520  -16.331 0.0000000000
2925  -17.185  -93.548  -16.507 0.0000000000
2940  -22.507  -94.124  -18.532 0.0000000000
2951  -7.025  -94.132  -19.459 0.0000000000
2958  -28.978  -94.957  -19.842 0.0000000000
2959  -29.596  -94.761  -19.531 0.0000000000
2961  -31.149  -94.160  -19.044 0.0000000000
2989  -24.584  -94.714  -21.401 0.0000000000
3009  -35.631  -93.898  -22.625 0.0000000000
3021  -35.756  -93.690  -23.554 0.0000000000
3022  -35.975  -93.391  -23.786 0.0000000000
3029  -35.843  -93.500  -23.996 0.0000000000
3037  -34.751  -94.185  -25.396 0.0000000000
3048  -27.688  -94.965  -26.725 0.0000000000
3050  -34.955  -93.886  -25.393 0.0000000000
3067  -33.122  -94.589  -27.138 0.0000000000
3092  -24.102  -94.981  -29.728 0.0000000000
3095  -26.533  -94.575  -29.343 0.0000000000
3096  -27.099  -94.914  -29.119 0.0000000000
3102  -23.855  -95.136  -29.958 0.0000000000
3105  -26.047  -94.820  -30.159 0.0000000000
3106  -31.123  -94.533  -29.935 0.0000000000
3109  -30.983  -94.238  -31.431 0.0000000000
3110  -30.936  -94.403  -30.736 0.0000000000
3114  -17.667  -94.362  -32.869 0.0000000000
3115  -18.300  -94.426  -32.555 0.0000000000
3122  -15.660  -95.641  -33.763 0.0000000000
3128  -30.659  -94.436  -33.658 0.0000000000
3147  -13.755  -95.077  -36.105 0.0000000000
3151  -26.166  -94.208  -35.226 0.0000000000
3154  -30.109  -94.393  -35.425 0.0000000000
3161  -15.225  -94.051  -36.622 0.0000000000
3162  -26.020  -94.581  -35.697 0.0000000000
3173  -27.528  -94.772  -36.695 0.0000000000
3177  -14.062  -94.266  -38.330 0.0000000000
3183  -17.125  -94.182  -39.618 0.0000000000
3187  -15.417  -94.936  -40.725 0.0000000000
3190  -12.027  -94.907  -41.481 0.0000000000
3192  -15.615  -95.023  -41.392 0.0000000000
3199  -14.714  -94.264  -42.566 0.0000000000
3203  -17.815  -93.569  -42.873 0.0000000000
3204  -14.528  -93.809  -42.698 0.0000000000
3205  -15.069  -93.780  -42.802 0.0000000000
3207  -16.490  -93.805  -43.071 0.0000000000
3208  -17.163  -93.506  -43.038 0.0000000000
3358  -13.705  -93.522  -9.147 0.0000000000
3359  -17.678  -93.972  -10.131 0.0000000000
3368  -16.953  -93.574  -11.110 0.0000000000
3369  -17.631  -93.585  -10.616 0.0000000000
3370  -18.626  -93.189  -10.558 0.0000000000
3371  -19.605  -93.074  -10.448 0.0000000000
3372  -20.600  -93.105  -10.508 0.0000000000
3375  -23.925  -93.857  -10.651 0.0000000000
3376  -24.418  -94.048  -10.716 0.0000000000
3378  -14.933  -93.190  -11.983 0.0000000000
3379  -15.903  -93.386  -11.912 0.0000000000
3383  -22.059  -93.024  -11.435 0.0000000000
3385  -23.705  -93.640  -11.283 0.0000000000
3388  -9.761  -93.786  -12.976 0.0000000000
3390  -10.882  -93.964  -12.500 0.0000000000
3391  -15.280  -92.684  -12.389 0.0000000000
3393  -16.627  -92.807  -12.313 0.0000000000
3395  -20.863  -93.347  -12.909 0.0000000000
3397  -22.531  -93.426  -12.231 0.0000000000
3401  -9.354  -93.760  -13.528 0.0000000000
3409  -8.882  -93.853  -14.032 0.0000000000
3417  -27.040  -93.919  -14.735 0.0000000000
3422  -8.496  -93.728  -15.234 0.0000000000
3424  -10.154  -92.796  -15.143 0.0000000000
3439  -15.091  -93.489  -16.531 0.0000000000
3455  -7.529  -93.922  -19.301 0.0000000000
3458  -22.602  -93.156  -18.058 0.0000000000
3459  -23.014  -93.461  -17.699 0.0000000000
3465  -5.715  -93.576  -20.576 0.0000000000
3467  -7.101  -93.924  -20.139 0.0000000000
3469  -8.793  -93.170  -19.705 0.0000000000
3484  -7.605  -93.413  -20.889 0.0000000000
3485  -8.206  -93.258  -20.800 0.0000000000
3533  -36.121  -93.463  -22.764 0.0000000000
3561  -35.746  -93.466  -24.532 0.0000000000
3581  -33.570  -93.600  -26.514 0.0000000000
3598  -33.645  -93.935  -26.509 0.0000000000
3635  -30.993  -93.675  -31.526 0.0000000000
3642  -17.442  -93.949  -33.113 0.0000000000
3673  -16.136  -93.837  -35.959 0.0000000000
3702  -14.809  -93.898  -37.697 0.0000000000
3703  -15.231  -93.871  -37.401 0.0000000000
3725  -15.304  -93.944  -39.072 0.0000000000
3728  -17.665  -93.903  -39.521 0.0000000000
3729  -18.375  -93.432  -39.788 0.0000000000
3741  -18.041  -94.018  -40.579 0.0000000000
3743  -19.075  -93.063  -40.461 0.0000000000
3755  -18.475  -93.785  -41.448 0.0000000000
3756  -19.134  -93.119  -40.992 0.0000000000
3765  -18.640  -93.288  -42.521 0.0000000000
3771  -14.740  -93.373  -42.930 0.0000000000
3773  -15.973  -93.330  -43.524 0.0000000000
3774  -16.632  -93.201  -43.373 0.0000000000
3775  -17.275  -93.056  -43.253 0.0000000000
3776  -18.047  -92.954  -43.198 0.0000000000
3778  -16.197  -92.677  -43.773 0.0000000000
3780  -17.429  -92.568  -43.382 0.0000000000
3781  -17.903  -92.426  -43.314 0.0000000000
3918  -13.794  -92.546  -7.723 0.0000000000
3931  -13.818  -92.765  -8.573 0.0000000000
3932  -14.203  -92.134  -8.733 0.0000000000
3943  -5.657  -92.293  -11.206 0.0000000000
3944  -13.903  -92.598  -9.913 0.0000000000
3946  -18.593  -92.781  -11.034 0.0000000000
3953  -5.829  -92.408  -11.811 0.0000000000
3955  -14.389  -92.317  -11.686 0.0000000000
3964  -5.765  -92.478  -12.784 0.0000000000
3965  -6.352  -92.283  -12.978 0.0000000000
3967  -15.566  -92.268  -12.688 0.0000000000
3973  -21.922  -92.939  -12.173 0.0000000000
3974  -22.378  -93.024  -11.996 0.0000000000
3976  -4.537  -92.315  -13.722 0.0000000000
3981  -12.116  -92.999  -13.673 0.0000000000
3986  -20.427  -92.804  -12.990 0.0000000000
3992  -10.606  -92.620  -14.834 0.0000000000
3994  -12.070  -92.550  -14.136 0.0000000000
3996  -17.950  -91.706  -14.631 0.0000000000
4000  -3.832  -91.668  -15.478 0.0000000000
4001  -4.100  -91.934  -15.528 0.0000000000
4002  -4.632  -92.246  -15.532 0.0000000000
4005  -10.247  -92.475  -15.666 0.0000000000
4015  -3.874  -91.575  -16.137 0.0000000000
4019  -10.001  -92.337  -16.402 0.0000000000
4021  -11.169  -91.521  -16.046 0.0000000000
4024  -16.600  -91.995  -17.055 0.0000000000
4039  -10.680  -91.530  -17.546 0.0000000000
4053  -9.604  -92.298  -18.554 0.0000000000
4054  -10.209  -91.705  -18.499 0.0000000000
4066  -9.399  -92.265  -19.853 0.0000000000
4075  -4.380  -92.122  -20.544 0.0000000000
4076  -4.808  -92.675  -20.820 0.0000000000
4077  -6.725  -92.792  -20.787 0.0000000000
4078  -7.254  -92.698  -21.067 0.0000000000
4079  -8.127  -92.626  -21.155 0.0000000000
4080  -8.883  -92.247  -20.854 0.0000000000
4093  -7.982  -92.101  -21.266 0.0000000000
4183  -33.805  -92.914  -26.289 0.0000000000
4256  -17.591  -92.822  -33.708 0.0000000000
4267  -17.425  -92.621  -34.570 0.0000000000
4302  -18.311  -92.428  -37.456 0.0000000000
4314  -17.810  -93.337  -37.847 0.0000000000
4315  -18.300  -93.042  -38.188 0.0000000000
4328  -19.111  -92.507  -39.647 0.0000000000
4340  -19.292  -92.530  -40.378 0.0000000000
4367  -14.603  -92.861  -43.145 0.0000000000
4369  -18.447  -92.177  -43.182 0.0000000000
4370  -19.040  -92.203  -42.950 0.0000000000
4374  -15.798  -92.061  -44.212 0.0000000000
4375  -16.468  -92.049  -44.011 0.0000000000
4377  -17.587  -92.140  -43.445 0.0000000000
4378  -17.969  -92.163  -43.331 0.0000000000
4519  -3.871  -91.036  -9.735 0.0000000000
4522  -6.134  -91.341  -10.287 0.0000000000
4526  -14.571  -91.266  -9.998 0.0000000000
4533  -4.925  -92.115  -10.562 0.0000000000
4534  -5.899  -91.982  -10.737 0.0000000000
4536  -14.414  -91.508  -11.040 0.0000000000
4542  -6.066  -92.202  -11.276 0.0000000000
4543  -6.829  -91.867  -11.482 0.0000000000
4546  -15.084  -90.998  -12.091 0.0000000000
4549  -3.862  -91.438  -12.613 0.0000000000
4550  -4.214  -91.966  -12.237 0.0000000000
4552  -7.606  -91.534  -12.280 0.0000000000
4553  -8.034  -91.090  -12.299 0.0000000000
4554  -14.757  -91.911  -12.199 0.0000000000
4560  -4.142  -92.033  -13.072 0.0000000000
4561  -6.676  -92.043  -13.580 0.0000000000
4562  -7.442  -91.638  -13.297 0.0000000000
4564  -15.764  -91.242  -12.941 0.0000000000
4569  -3.934  -91.980  -14.010 0.0000000000
4570  -6.155  -92.092  -14.484 0.0000000000
4573  -11.658  -92.062  -14.739 0.0000000000
4580  -3.526  -91.204  -15.385 0.0000000000
4588  -17.668  -91.357  -15.821 0.0000000000
4589  -17.939  -91.816  -15.592 0.0000000000
4596  -12.501  -90.567  -16.140 0.0000000000
4599  -16.815  -91.115  -16.854 0.0000000000
4600  -17.286  -91.114  -16.565 0.0000000000
4606  -7.852  -90.759  -17.853 0.0000000000
4618  -7.650  -91.017  -18.803 0.0000000000
4620  -11.494  -90.714  -18.093 0.0000000000
4634  -8.336  -91.010  -20.378 0.0000000000
4636  -10.156  -91.344  -19.638 0.0000000000
4647  -6.859  -92.397  -20.669 0.0000000000
4648  -7.421  -91.958  -20.828 0.0000000000
4649  -8.234  -91.634  -21.028 0.0000000000
4650  -9.244  -91.483  -20.627 0.0000000000
4651  -9.771  -91.109  -20.301 0.0000000000
4662  -7.780  -91.928  -21.194 0.0000000000
4663  -8.010  -91.860  -21.242 0.0000000000
4909  -19.129  -91.566  -38.989 0.0000000000
4918  -19.300  -91.899  -39.708 0.0000000000
4934  -20.223  -90.775  -41.704 0.0000000000
4941  -14.107  -90.355  -43.495 0.0000000000
4943  -18.361  -91.125  -42.765 0.0000000000
4951  -14.689  -90.802  -43.995 0.0000000000
4952  -17.637  -91.371  -43.314 0.0000000000
4953  -18.442  -91.460  -43.010 0.0000000000
4961  -16.827  -91.507  -44.052 0.0000000000
4962  -17.329  -91.678  -43.614 0.0000000000
5099  -6.397  -90.620  -5.324 0.0000000000
5100  -7.086  -90.360  -5.826 0.0000000000
5104  -7.440  -90.747  -6.630 0.0000000000
5105  -7.900  -90.384  -7.191 0.0000000000
5118  -14.624  -90.358  -8.261 0.0000000000
5127  -4.879  -90.134  -8.668 0.0000000000
5128  -8.916  -90.706  -8.746 0.0000000000
5132  -15.025  -90.299  -9.210 0.0000000000
5133  -15.162  -89.770  -9.355 0.0000000000
5140  -4.120  -90.751  -9.075 0.0000000000
5141  -5.078  -90.676  -9.084 0.0000000000
5154  -6.681  -90.768  -10.517 0.0000000000
5156  -14.811  -90.848  -10.732 0.0000000000
5157  -15.282  -90.168  -10.590 0.0000000000
5162  -6.932  -91.223  -10.949 0.0000000000
5163  -7.480  -90.588  -11.276 0.0000000000
5164  -7.998  -89.934  -11.716 0.0000000000
5166  -15.100  -90.661  -11.457 0.0000000000
5169  -3.685  -90.688  -12.029 0.0000000000
5179  -9.407  -90.095  -13.612 0.0000000000
5186  -7.761  -90.982  -14.932 0.0000000000
5188  -9.575  -89.877  -14.438 0.0000000000
5189  -10.144  -89.575  -14.303 0.0000000000
5195  -8.635  -89.896  -16.093 0.0000000000
5198  -14.410  -90.676  -16.010 0.0000000000
5206  -12.253  -90.287  -16.960 0.0000000000
5210  -15.751  -89.976  -16.464 0.0000000000
5214  -3.550  -90.091  -17.739 0.0000000000
5216  -8.739  -89.776  -18.017 0.0000000000
5217  -12.100  -90.138  -17.756 0.0000000000
5222  -3.837  -90.520  -18.419 0.0000000000
5223  -8.187  -90.491  -18.737 0.0000000000
5225  -11.212  -90.375  -19.091 0.0000000000
5227  -12.198  -89.855  -18.103 0.0000000000
5235  -4.361  -90.578  -19.896 0.0000000000
5238  -9.372  -89.973  -20.060 0.0000000000
5239  -10.743  -90.418  -19.620 0.0000000000
5252  -4.323  -90.993  -20.599 0.0000000000
5530  -15.816  -89.833  -41.067 0.0000000000
5531  -16.035  -90.045  -41.066 0.0000000000
5533  -19.976  -90.622  -40.274 0.0000000000
5534  -20.457  -90.289  -40.985 0.0000000000
5540  -12.245  -90.701  -42.110 0.0000000000
5541  -15.914  -89.829  -41.345 0.0000000000
5550  -12.790  -90.154  -42.464 0.0000000000
5553  -16.777  -90.274  -42.630 0.0000000000
5554  -17.635  -90.901  -42.778 0.0000000000
5555  -18.664  -90.616  -42.362 0.0000000000
5562  -13.922  -89.340  -43.659 0.0000000000
5563  -14.484  -89.767  -43.878 0.0000000000
5564  -16.772  -90.283  -43.595 0.0000000000
5567  -19.004  -91.145  -42.825 0.0000000000
5575  -17.160  -91.226  -43.856 0.0000000000
5745  -6.231  -89.109  -4.699 0.0000000000
5763  -8.323  -89.644  -7.096 0.0000000000
5768  -3.937  -88.980  -7.670 0.0000000000
5779  -2.777  -89.078  -8.436 0.0000000000
5780  -3.274  -89.437  -8.144 0.0000000000
5782  -4.831  -89.596  -8.390 0.0000000000
5784  -9.272  -89.584  -8.788 0.0000000000
5796  -2.723  -89.223  -9.085 0.0000000000
5805  -15.163  -89.245  -9.433 0.0000000000
5813  -3.011  -89.537  -9.826 0.0000000000
5816  -10.950  -88.856  -10.321 0.0000000000
5825  -7.795  -89.365  -11.387 0.0000000000
5826  -8.343  -89.335  -11.996 0.0000000000
5831  -16.103  -89.188  -12.098 0.0000000000
5837  -8.879  -89.572  -12.476 0.0000000000
5840  -11.327  -88.941  -12.629 0.0000000000
5848  -10.011  -89.625  -13.379 0.0000000000
5852  -16.682  -89.142  -14.006 0.0000000000
5857  -9.913  -89.453  -14.919 0.0000000000
5858  -10.555  -89.185  -14.664 0.0000000000
5860  -16.963  -89.220  -15.078 0.0000000000
5865  -9.799  -89.153  -15.684 0.0000000000
5870  -2.934  -89.079  -16.884 0.0000000000
5871  -9.093  -89.470  -16.758 0.0000000000
5872  -9.504  -89.173  -16.398 0.0000000000
5874  -13.823  -89.073  -16.729 0.0000000000
5877  -15.997  -89.229  -16.292 0.0000000000
5881  -9.081  -89.422  -17.659 0.0000000000
5883  -12.987  -89.307  -17.525 0.0000000000
5884  -13.471  -88.805  -17.448 0.0000000000
5887  -3.756  -89.580  -18.342 0.0000000000
5888  -9.059  -89.518  -18.548 0.0000000000
5890  -11.988  -89.594  -18.807 0.0000000000
5901  -8.953  -89.761  -19.142 0.0000000000
5903  -10.655  -89.564  -19.684 0.0000000000
5905  -12.282  -88.719  -19.035 0.0000000000
5917  -10.416  -90.087  -20.064 0.0000000000
6160  -18.526  -89.936  -35.905 0.0000000000
6161  -18.836  -89.451  -35.810 0.0000000000
6173  -18.524  -90.202  -36.451 0.0000000000
6195  -15.603  -89.290  -40.222 0.0000000000
6208  -16.290  -89.985  -40.476 0.0000000000
6209  -17.358  -89.902  -40.631 0.0000000000
6220  -15.963  -89.368  -42.001 0.0000000000
6221  -16.355  -89.731  -42.509 0.0000000000
6222  -17.887  -90.200  -41.390 0.0000000000
6229  -12.318  -89.527  -42.246 0.0000000000
6234  -19.137  -89.510  -42.386 0.0000000000
6244  -15.913  -89.272  -44.027 0.0000000000
6245  -16.405  -89.547  -43.864 0.0000000000
6252  -15.377  -89.688  -44.276 0.0000000000
6253  -15.684  -89.757  -44.335 0.0000000000
6254  -16.329  -89.945  -44.258 0.0000000000
6413  -4.103  -88.434  -3.887 0.0000000000
6430  -7.612  -88.036  -4.856 0.0000000000
6448  -7.264  -88.861  -5.003 0.0000000000
6450  -8.441  -88.703  -6.029 0.0000000000
6463  -8.835  -88.677  -6.883 0.0000000000
6464  -9.126  -88.250  -7.329 0.0000000000
6472  -2.906  -88.289  -7.612 0.0000000000
6473  -3.263  -88.358  -7.427 0.0000000000
6474  -4.017  -88.477  -7.417 0.0000000000
6476  -8.724  -89.129  -7.418 0.0000000000
6484  -2.700  -88.296  -8.072 0.0000000000
6485  -4.204  -88.896  -7.720 0.0000000000
6486  -4.861  -88.565  -7.929 0.0000000000
6488  -9.327  -88.538  -8.426 0.0000000000
6490  -13.201  -88.601  -8.962 0.0000000000
6503  -7.184  -88.071  -10.051 0.0000000000
6506  -12.714  -88.584  -9.767 0.0000000000
6507  -13.649  -88.053  -9.913 0.0000000000
6519  -2.603  -88.543  -9.935 0.0000000000
6522  -7.708  -88.258  -10.872 0.0000000000
6523  -8.320  -88.077  -11.445 0.0000000000
6524  -10.224  -87.994  -10.015 0.0000000000
6528  -15.164  -88.199  -10.284 0.0000000000
6529  -15.663  -88.548  -10.760 0.0000000000
6540  -8.784  -88.436  -11.946 0.0000000000
6545  -13.374  -87.976  -11.815 0.0000000000
6547  -16.233  -88.536  -12.389 0.0000000000
6555  -4.135  -87.821  -13.158 0.0000000000
6557  -9.304  -88.937  -12.393 0.0000000000
6558  -10.085  -88.812  -12.484 0.0000000000
6559  -10.736  -88.798  -12.415 0.0000000000
6561  -13.131  -88.220  -12.250 0.0000000000
6566  -3.643  -88.312  -13.772 0.0000000000
6567  -4.008  -87.968  -13.443 0.0000000000
6568  -11.913  -88.783  -14.144 0.0000000000
6569  -12.412  -88.547  -13.520 0.0000000000
6570  -13.012  -88.194  -12.848 0.0000000000
6576  -10.748  -88.924  -14.933 0.0000000000
6577  -11.235  -88.793  -14.660 0.0000000000
6583  -2.629  -87.751  -15.737 0.0000000000
6596  -2.604  -87.716  -16.078 0.0000000000
6597  -2.641  -88.392  -16.441 0.0000000000
6598  -9.978  -88.782  -16.380 0.0000000000
6602  -14.779  -88.602  -16.643 0.0000000000
6616  -10.883  -87.943  -17.828 0.0000000000
6620  -15.424  -87.935  -16.637 0.0000000000
6636  -13.413  -88.330  -17.922 0.0000000000
6650  -10.409  -88.999  -19.406 0.0000000000
6652  -11.833  -88.408  -19.205 0.0000000000
6653  -12.312  -88.265  -19.023 0.0000000000
6929  -15.106  -88.257  -39.278 0.0000000000
6930  -15.592  -88.418  -38.920 0.0000000000
6931  -16.608  -88.185  -38.725 0.0000000000
6946  -14.822  -87.909  -39.825 0.0000000000
6949  -17.354  -88.618  -39.758 0.0000000000
6950  -21.207  -88.481  -39.882 0.0000000000
6966  -15.191  -88.178  -40.766 0.0000000000
6969  -21.309  -88.049  -40.841 0.0000000000
6993  -13.121  -88.055  -42.855 0.0000000000
6994  -13.595  -87.818  -43.271 0.0000000000
6995  -15.969  -88.564  -42.707 0.0000000000
6996  -16.169  -88.872  -43.249 0.0000000000
6998  -19.549  -88.596  -42.644 0.0000000000
7005  -13.995  -88.048  -43.566 0.0000000000
7006  -14.605  -88.285  -43.577 0.0000000000
7146  -3.478  -87.244  -2.929 0.0000000000
7160  -4.448  -87.415  -3.484 0.0000000000
7161  -5.684  -87.324  -3.786 0.0000000000
7162  -6.266  -86.846  -3.825 0.0000000000
7169  -6.027  -87.642  -4.074 0.0000000000
7185  -8.414  -88.003  -5.601 0.0000000000
7203  -2.885  -87.162  -6.687 0.0000000000
7204  -3.193  -87.284  -6.530 0.0000000000
7208  -9.136  -87.779  -7.025 0.0000000000
7222  -3.546  -87.869  -6.926 0.0000000000
7223  -4.313  -87.764  -6.982 0.0000000000
7226  -9.311  -87.876  -7.771 0.0000000000
7236  -2.417  -87.331  -8.497 0.0000000000
7237  -5.675  -87.695  -8.028 0.0000000000
7239  -7.424  -87.093  -9.257 0.0000000000
7250  -7.856  -87.302  -10.076 0.0000000000
7253  -14.474  -87.888  -10.161 0.0000000000
7254  -14.829  -88.043  -10.157 0.0000000000
7262  -2.633  -87.738  -10.778 0.0000000000
7263  -2.896  -88.070  -11.034 0.0000000000
7265  -8.543  -87.518  -10.955 0.0000000000
7266  -9.763  -87.534  -10.703 0.0000000000
7267  -10.212  -87.762  -10.982 0.0000000000
7270  -15.385  -87.981  -10.772 0.0000000000
7281  -2.803  -87.405  -11.289 0.0000000000
7284  -9.279  -87.762  -11.534 0.0000000000
7289  -16.160  -88.069  -11.962 0.0000000000
7300  -3.734  -87.814  -12.144 0.0000000000
7302  -13.437  -87.820  -12.439 0.0000000000
7303  -13.943  -87.332  -12.548 0.0000000000
7304  -15.668  -87.294  -12.396 0.0000000000
7314  -4.152  -87.376  -13.613 0.0000000000
7318  -15.842  -87.205  -13.057 0.0000000000
7326  -3.520  -87.710  -14.373 0.0000000000
7329  -13.396  -87.044  -14.756 0.0000000000
7330  -16.648  -87.660  -14.766 0.0000000000
7334  -2.748  -87.477  -15.772 0.0000000000
7335  -3.288  -87.009  -15.338 0.0000000000
7336  -3.947  -86.450  -15.069 0.0000000000
7340  -16.010  -87.273  -16.092 0.0000000000
7341  -16.301  -87.541  -15.761 0.0000000000
7351  -3.201  -86.501  -15.855 0.0000000000
7354  -14.180  -86.568  -16.514 0.0000000000
7355  -15.397  -87.193  -16.720 0.0000000000
7357  -16.127  -87.834  -16.100 0.0000000000
7368  -12.481  -87.284  -17.968 0.0000000000
7370  -14.129  -87.007  -17.329 0.0000000000
7371  -14.874  -87.424  -17.100 0.0000000000
7372  -15.322  -87.644  -16.778 0.0000000000
7383  -12.312  -87.463  -18.362 0.0000000000
7384  -12.757  -87.529  -18.338 0.0000000000
7617  -20.349  -88.173  -35.648 0.0000000000
7625  -20.593  -87.993  -36.407 0.0000000000
7633  -15.037  -87.275  -38.237 0.0000000000
7635  -16.059  -87.223  -37.702 0.0000000000
7637  -20.973  -87.861  -37.334 0.0000000000
7654  -16.510  -87.571  -38.090 0.0000000000
7688  -14.753  -87.187  -40.342 0.0000000000
7689  -15.098  -87.281  -40.888 0.0000000000
7692  -21.395  -87.467  -40.994 0.0000000000
7702  -15.326  -87.428  -41.674 0.0000000000
7703  -18.404  -87.197  -41.675 0.0000000000
7715  -15.493  -87.638  -42.645 0.0000000000
7716  -19.139  -87.820  -42.713 0.0000000000
7724  -14.244  -87.680  -43.383 0.0000000000
7726  -15.089  -87.465  -43.121 0.0000000000
7899  -3.312  -86.354  -1.365 0.0000000000
7912  -4.478  -86.453  -2.619 0.0000000000
7928  -4.544  -86.852  -3.157 0.0000000000
7930  -6.102  -86.287  -3.434 0.0000000000
7942  -7.150  -86.492  -4.437 0.0000000000
7950  -3.316  -86.075  -5.845 0.0000000000
7953  -7.884  -86.630  -5.142 0.0000000000
7954  -8.497  -87.163  -5.760 0.0000000000
7967  -2.871  -86.523  -6.440 0.0000000000
7968  -3.572  -86.776  -6.009 0.0000000000
7969  -4.422  -86.717  -6.083 0.0000000000
7971  -6.183  -86.180  -6.837 0.0000000000
7974  -9.229  -87.240  -7.410 0.0000000000
7991  -5.849  -86.652  -7.207 0.0000000000
7992  -6.649  -86.336  -7.541 0.0000000000
7994  -9.036  -86.678  -7.696 0.0000000000
8014  -9.233  -86.904  -8.366 0.0000000000
8026  -7.838  -86.861  -9.370 0.0000000000
8045  -2.940  -87.215  -11.573 0.0000000000
8046  -14.955  -86.966  -12.315 0.0000000000
8059  -3.273  -86.777  -12.215 0.0000000000
8061  -14.581  -86.999  -12.720 0.0000000000
8062  -15.265  -86.927  -12.854 0.0000000000
8070  -3.724  -86.191  -13.063 0.0000000000
8075  -16.278  -86.979  -14.475 0.0000000000
8081  -4.290  -86.140  -14.619 0.0000000000
8082  -14.197  -86.671  -14.763 0.0000000000
8094  -4.147  -85.884  -15.203 0.0000000000
8095  -14.537  -86.474  -15.647 0.0000000000
8096  -15.288  -86.517  -15.652 0.0000000000
8097  -15.954  -86.894  -15.772 0.0000000000
8098  -16.205  -87.131  -15.597 0.0000000000
8113  -15.765  -87.115  -16.304 0.0000000000
8125  -14.521  -86.636  -16.856 0.0000000000
8402  -15.762  -86.044  -36.902 0.0000000000
8404  -16.845  -86.185  -36.829 0.0000000000
8413  -14.970  -86.864  -38.103 0.0000000000
8414  -15.573  -86.535  -37.382 0.0000000000
8415  -16.461  -86.651  -37.268 0.0000000000
8416  -17.200  -86.409  -37.514 0.0000000000
8444  -14.468  -86.224  -39.529 0.0000000000
8455  -14.812  -86.269  -40.447 0.0000000000
8469  -15.090  -85.750  -41.196 0.0000000000
8470  -15.171  -86.463  -41.420 0.0000000000
8472  -18.755  -86.697  -42.147 0.0000000000
8473  -19.175  -86.431  -42.358 0.0000000000
8483  -13.991  -86.427  -42.935 0.0000000000
8486  -18.895  -87.301  -42.521 0.0000000000
8497  -14.263  -87.194  -43.202 0.0000000000
8498  -14.646  -86.965  -43.071 0.0000000000
8499  -15.099  -86.959  -42.863 0.0000000000
8717  -3.650  -85.346  -0.321 0.0000000000
8718  -3.938  -85.140  -0.531 0.0000000000
8731  -4.011  -85.319  -0.964 0.0000000000
8741  -3.632  -85.958  -1.423 0.0000000000
8742  -4.239  -85.821  -1.726 0.0000000000
8744  -5.990  -85.448  -2.644 0.0000000000
8754  -6.247  -85.488  -3.225 0.0000000000
8767  -4.340  -84.928  -4.812 0.0000000000
8780  -2.963  -85.569  -5.920 0.0000000000
8782  -4.681  -85.481  -5.295 0.0000000000
8785  -7.630  -86.009  -5.589 0.0000000000
8793  -5.980  -85.924  -6.393 0.0000000000
8794  -6.603  -85.897  -6.369 0.0000000000
8803  -7.080  -86.023  -6.923 0.0000000000
8830  -2.205  -85.611  -9.253 0.0000000000
8861  -2.562  -85.542  -12.230 0.0000000000
8872  -4.112  -85.674  -14.246 0.0000000000
8882  -4.155  -85.568  -14.866 0.0000000000
8895  -3.787  -85.271  -15.454 0.0000000000
8896  -4.083  -85.565  -15.186 0.0000000000
9159  -16.453  -85.259  -35.831 0.0000000000
9161  -17.374  -85.028  -36.048 0.0000000000
9170  -16.675  -85.763  -36.295 0.0000000000
9188  -17.468  -85.661  -37.615 0.0000000000
9203  -17.548  -85.327  -38.169 0.0000000000
9212  -14.552  -85.505  -39.952 0.0000000000
9237  -12.842  -85.134  -41.699 0.0000000000
9238  -14.892  -85.315  -41.496 0.0000000000
9242  -19.293  -85.792  -41.988 0.0000000000
9244  -21.043  -85.949  -41.456 0.0000000000
9256  -13.507  -85.417  -42.111 0.0000000000
9258  -15.089  -86.060  -42.178 0.0000000000
9259  -19.414  -86.362  -42.340 0.0000000000
9503  -5.227  -84.535  -1.694 0.0000000000
9512  -5.815  -84.631  -2.579 0.0000000000
9513  -6.163  -85.087  -2.912 0.0000000000
9522  -5.114  -84.084  -3.653 0.0000000000
9523  -5.795  -84.417  -3.401 0.0000000000
9532  -3.150  -84.105  -4.825 0.0000000000
9534  -4.773  -84.475  -4.308 0.0000000000
9536  -6.093  -84.800  -3.763 0.0000000000
9546  -3.029  -84.692  -5.364 0.0000000000
9547  -3.373  -84.638  -4.982 0.0000000000
9569  -2.478  -84.518  -7.939 0.0000000000
9595  -2.238  -84.779  -10.186 0.0000000000
9625  -2.847  -84.395  -13.753 0.0000000000
9626  -3.323  -84.858  -14.144 0.0000000000
9643  -2.743  -84.045  -14.351 0.0000000000
9661  -3.249  -84.536  -15.486 0.0000000000
9870  -10.919  -84.152  -33.399 0.0000000000
9871  -11.181  -84.188  -33.499 0.0000000000
9882  -10.786  -84.107  -33.712 0.0000000000
9883  -11.033  -84.198  -33.683 0.0000000000
9885  -16.201  -84.181  -34.698 0.0000000000
9887  -17.259  -83.979  -35.263 0.0000000000
9902  -15.828  -84.753  -35.544 0.0000000000
9919  -14.458  -84.798  -36.714 0.0000000000
9920  -15.234  -84.984  -36.229 0.0000000000
9938  -13.861  -84.463  -37.223 0.0000000000
9949  -13.808  -84.272  -37.994 0.0000000000
9951  -16.898  -84.175  -38.765 0.0000000000
9978  -12.109  -84.174  -40.825 0.0000000000
9980  -14.506  -84.848  -40.388 0.0000000000
9982  -17.511  -84.624  -40.789 0.0000000000
9992  -11.936  -85.070  -41.022 0.0000000000
10010  -13.585  -84.940  -41.881 0.0000000000
10011  -13.899  -84.937  -41.896 0.0000000000
10271  -4.115  -83.154  -0.429 0.0000000000
10290  -4.400  -83.509  -1.047 0.0000000000
10291  -4.858  -83.828  -1.570 0.0000000000
10301  -3.944  -82.714  -1.780 0.0000000000
10315  -5.371  -83.966  -2.994 0.0000000000
10327  -3.389  -83.355  -4.047 0.0000000000
10338  -2.771  -83.783  -5.415 0.0000000000
10350  -2.585  -83.577  -6.408 0.0000000000
10367  -2.523  -83.605  -8.465 0.0000000000
10445  -2.621  -83.363  -14.198 0.0000000000
10446  -2.675  -83.846  -14.736 0.0000000000
10474  -3.086  -84.199  -15.985 0.0000000000
10674  -10.143  -83.162  -32.723 0.0000000000
10675  -10.948  -83.363  -32.591 0.0000000000
10677  -12.782  -83.250  -32.753 0.0000000000
10693  -9.809  -83.350  -33.175 0.0000000000
10695  -11.267  -84.070  -33.055 0.0000000000
10697  -13.297  -83.672  -33.186 0.0000000000
10699  -15.147  -83.148  -33.417 0.0000000000
10700  -15.846  -83.066  -33.589 0.0000000000
10712  -10.407  -83.828  -34.190 0.0000000000
10718  -16.500  -83.375  -34.212 0.0000000000
10719  -17.059  -83.371  -35.025 0.0000000000
10731  -9.915  -83.270  -34.685 0.0000000000
10733  -11.901  -83.655  -35.453 0.0000000000
10736  -14.443  -83.843  -34.947 0.0000000000
10737  -17.379  -83.836  -35.791 0.0000000000
10750  -10.771  -82.764  -36.281 0.0000000000
10754  -17.007  -83.364  -36.971 0.0000000000
10755  -17.386  -83.995  -36.684 0.0000000000
10768  -16.729  -83.483  -37.791 0.0000000000
10777  -12.096  -82.653  -38.649 0.0000000000
10781  -16.875  -84.018  -38.049 0.0000000000
10794  -12.415  -83.039  -39.652 0.0000000000
10796  -16.326  -83.524  -39.226 0.0000000000
10807  -11.336  -83.652  -40.370 0.0000000000
10808  -12.177  -83.587  -40.386 0.0000000000
10809  -13.013  -83.929  -40.705 0.0000000000
10811  -16.996  -83.869  -40.844 0.0000000000
10819  -12.818  -84.311  -41.063 0.0000000000
11125  -3.894  -82.180  -1.240 0.0000000000
11147  -3.146  -82.284  -3.496 0.0000000000
11185  -2.769  -82.201  -6.626 0.0000000000
11197  -2.645  -82.778  -6.993 0.0000000000
11206  -3.168  -82.047  -8.194 0.0000000000
11215  -5.423  -82.072  -10.004 0.0000000000
11226  -5.704  -82.387  -10.757 0.0000000000
11245  -5.215  -82.459  -11.529 0.0000000000
11246  -6.076  -82.456  -11.482 0.0000000000
11247  -6.705  -82.205  -11.606 0.0000000000
11263  -3.776  -82.355  -12.386 0.0000000000
11265  -5.802  -82.428  -12.208 0.0000000000
11266  -6.344  -82.396  -11.991 0.0000000000
11284  -4.241  -82.137  -12.933 0.0000000000
11303  -2.552  -82.506  -14.592 0.0000000000
11552  -9.746  -82.415  -32.817 0.0000000000
11554  -11.465  -82.679  -32.657 0.0000000000
11555  -12.295  -82.572  -32.797 0.0000000000
11557  -14.092  -82.670  -32.655 0.0000000000
11569  -9.447  -82.852  -33.438 0.0000000000
11570  -12.350  -82.249  -32.948 0.0000000000
11571  -12.663  -82.265  -32.949 0.0000000000
11572  -14.709  -82.738  -32.955 0.0000000000
11573  -15.362  -82.522  -33.263 0.0000000000
11574  -16.158  -82.479  -33.751 0.0000000000
11583  -9.399  -82.717  -34.368 0.0000000000
11597  -16.802  -82.374  -35.410 0.0000000000
11598  -17.167  -83.013  -35.638 0.0000000000
11609  -9.914  -82.053  -36.425 0.0000000000
11611  -10.986  -82.293  -37.403 0.0000000000
11612  -16.869  -82.607  -36.341 0.0000000000
11622  -10.077  -81.755  -37.240 0.0000000000
11624  -11.331  -82.253  -37.997 0.0000000000
11640  -11.750  -82.425  -38.806 0.0000000000
11641  -12.115  -82.652  -38.899 0.0000000000
11642  -16.218  -82.840  -38.452 0.0000000000
11656  -11.473  -82.595  -39.595 0.0000000000
11668  -11.077  -83.201  -40.313 0.0000000000
11670  -11.962  -82.872  -39.925 0.0000000000
12025  -9.134  -81.235  -1.620 0.0000000000
12043  -8.855  -81.384  -2.324 0.0000000000
12044  -9.250  -80.967  -2.266 0.0000000000
12057  -3.954  -80.858  -3.542 0.0000000000
12076  -2.801  -82.136  -5.167 0.0000000000
12078  -3.964  -80.919  -4.344 0.0000000000
12080  -6.241  -81.684  -4.655 0.0000000000
12082  -8.542  -81.782  -4.574 0.0000000000
12083  -8.775  -81.764  -4.983 0.0000000000
12099  -2.704  -82.374  -5.624 0.0000000000
12105  -8.185  -82.017  -5.584 0.0000000000
12121  -2.728  -82.063  -6.115 0.0000000000
12125  -6.240  -81.587  -6.600 0.0000000000
12142  -8.290  -81.251  -7.314 0.0000000000
12150  -5.943  -81.786  -8.455 0.0000000000
12158  -4.400  -81.690  -8.992 0.0000000000
12162  -7.431  -81.257  -9.999 0.0000000000
12169  -7.374  -80.886  -10.892 0.0000000000
12200  -5.678  -82.120  -12.859 0.0000000000
12201  -6.520  -81.945  -12.524 0.0000000000
12202  -6.966  -81.349  -12.204 0.0000000000
12219  -4.752  -81.679  -13.394 0.0000000000
12220  -5.548  -81.644  -13.275 0.0000000000
12221  -6.002  -81.822  -12.990 0.0000000000
12240  -5.309  -81.671  -13.420 0.0000000000
12507  -9.562  -81.616  -32.732 0.0000000000
12511  -13.723  -82.152  -32.802 0.0000000000
12512  -13.919  -82.299  -32.642 0.0000000000
12527  -8.749  -81.122  -34.146 0.0000000000
12529  -11.428  -81.432  -33.024 0.0000000000
12530  -12.071  -81.938  -33.230 0.0000000000
12531  -13.203  -82.009  -33.184 0.0000000000
12534  -16.226  -81.850  -34.174 0.0000000000
12544  -8.827  -81.193  -34.759 0.0000000000
12550  -16.393  -81.727  -34.975 0.0000000000
12559  -9.020  -81.210  -35.430 0.0000000000
12561  -14.099  -81.286  -34.852 0.0000000000
12562  -14.888  -81.164  -35.122 0.0000000000
12563  -15.741  -81.255  -35.548 0.0000000000
12588  -10.104  -81.627  -38.253 0.0000000000
12589  -15.600  -81.488  -37.429 0.0000000000
12603  -9.255  -81.758  -39.146 0.0000000000
12605  -14.655  -81.180  -39.313 0.0000000000
12607  -15.825  -81.952  -38.273 0.0000000000
12968  -9.331  -80.415  -2.305 0.0000000000
12981  -3.821  -80.851  -2.305 0.0000000000
12983  -4.848  -80.887  -3.414 0.0000000000
12985  -9.226  -80.700  -2.902 0.0000000000
12999  -4.304  -80.860  -3.647 0.0000000000
13002  -8.905  -81.552  -5.032 0.0000000000
13020  -8.702  -81.733  -5.307 0.0000000000
13036  -8.521  -81.057  -6.679 0.0000000000
13049  -8.346  -80.796  -7.255 0.0000000000
13068  -6.548  -80.028  -11.277 0.0000000000
13085  -6.923  -80.487  -11.654 0.0000000000
13102  -4.804  -80.215  -12.749 0.0000000000
13103  -5.371  -80.288  -12.530 0.0000000000
13104  -6.430  -80.838  -12.533 0.0000000000
13105  -7.023  -80.923  -12.102 0.0000000000
13119  -4.730  -80.594  -13.381 0.0000000000
13137  -5.082  -81.150  -13.707 0.0000000000
13138  -5.414  -81.325  -13.577 0.0000000000
13366  -8.510  -80.252  -30.896 0.0000000000
13368  -9.848  -80.521  -30.786 0.0000000000
13369  -10.514  -80.501  -30.991 0.0000000000
13374  -9.212  -80.648  -31.557 0.0000000000
13376  -10.744  -80.646  -31.643 0.0000000000
13386  -11.031  -80.950  -32.529 0.0000000000
13402  -12.019  -81.357  -33.919 0.0000000000
13424  -9.093  -80.979  -35.855 0.0000000000
13429  -15.497  -81.167  -36.123 0.0000000000
13441  -8.666  -80.257  -36.860 0.0000000000
13443  -12.995  -80.786  -36.893 0.0000000000
13445  -14.623  -80.996  -36.679 0.0000000000
13446  -15.285  -81.154  -36.626 0.0000000000
13461  -8.323  -80.526  -37.778 0.0000000000
13464  -13.671  -80.788  -37.801 0.0000000000
13466  -15.028  -81.047  -37.207 0.0000000000
13474  -14.372  -80.942  -38.503 0.0000000000
13482  -12.718  -79.979  -39.707 0.0000000000
13809  -7.780  -78.820  -2.784 0.0000000000
13811  -9.238  -79.956  -2.797 0.0000000000
13822  -7.005  -78.867  -3.656 0.0000000000
13825  -9.144  -80.283  -3.256 0.0000000000
13839  -8.523  -80.062  -4.748 0.0000000000
13854  -8.071  -79.664  -5.488 0.0000000000
13871  -8.567  -80.676  -6.219 0.0000000000
13917  -6.145  -79.635  -10.736 0.0000000000
13918  -6.835  -79.909  -10.139 0.0000000000
13953  -4.836  -80.114  -12.418 0.0000000000
14210  -7.318  -79.011  -28.702 0.0000000000
14211  -8.001  -79.066  -28.743 0.0000000000
14220  -7.490  -79.391  -29.137 0.0000000000
14221  -8.464  -79.514  -29.345 0.0000000000
14222  -8.988  -79.902  -29.665 0.0000000000
14228  -6.847  -79.270  -29.592 0.0000000000
14230  -8.448  -80.070  -30.233 0.0000000000
14231  -9.567  -80.028  -30.046 0.0000000000
14233  -11.124  -80.204  -30.968 0.0000000000
14240  -7.548  -79.589  -30.795 0.0000000000
14253  -7.337  -79.371  -31.897 0.0000000000
14266  -7.527  -79.195  -33.013 0.0000000000
14279  -7.828  -79.227  -34.116 0.0000000000
14281  -11.886  -79.788  -34.485 0.0000000000
14297  -8.390  -80.032  -34.986 0.0000000000
14299  -12.220  -80.258  -35.887 0.0000000000
14311  -7.573  -79.437  -36.609 0.0000000000
14313  -11.486  -79.965  -36.776 0.0000000000
14332  -9.640  -78.826  -38.534 0.0000000000
14333  -10.151  -79.157  -38.946 0.0000000000
14344  -11.077  -79.094  -39.415 0.0000000000
14632  -9.066  -78.219  -0.785 0.0000000000
14661  -8.448  -78.538  -1.785 0.0000000000
14672  -5.514  -77.340  -3.898 0.0000000000
14673  -5.732  -77.463  -3.675 0.0000000000
14674  -6.390  -77.778  -3.166 0.0000000000
14686  -5.342  -77.521  -3.921 0.0000000000
14687  -5.675  -77.983  -3.748 0.0000000000
14689  -7.038  -78.734  -3.414 0.0000000000
14699  -5.047  -77.765  -4.085 0.0000000000
14717  -6.166  -78.722  -5.504 0.0000000000
14763  -6.497  -78.934  -7.718 0.0000000000
15038  -8.339  -77.723  -27.900 0.0000000000
15047  -6.755  -78.510  -28.609 0.0000000000
15048  -7.582  -78.607  -28.342 0.0000000000
15049  -8.480  -78.332  -28.574 0.0000000000
15053  -6.500  -78.754  -29.285 0.0000000000
15059  -6.442  -78.581  -30.019 0.0000000000
15060  -9.488  -78.386  -30.096 0.0000000000
15062  -11.250  -79.499  -30.720 0.0000000000
15063  -11.512  -79.880  -31.133 0.0000000000
15072  -10.538  -78.273  -30.976 0.0000000000
15074  -11.748  -79.513  -31.539 0.0000000000
15088  -11.500  -78.346  -32.081 0.0000000000
15103  -7.223  -78.456  -32.979 0.0000000000
15120  -11.668  -79.059  -34.799 0.0000000000
15134  -7.276  -78.302  -35.123 0.0000000000
15136  -9.601  -78.028  -35.596 0.0000000000
15137  -10.105  -78.369  -35.629 0.0000000000
15144  -9.420  -78.335  -36.105 0.0000000000
15146  -11.043  -79.428  -36.294 0.0000000000
15155  -9.956  -79.336  -37.383 0.0000000000
15163  -9.269  -78.454  -38.142 0.0000000000
15173  -10.233  -78.385  -39.246 0.0000000000
15174  -10.929  -78.383  -39.420 0.0000000000
15532  -8.896  -77.462  -0.665 0.0000000000
15547  -6.844  -77.581  -2.300 0.0000000000
15549  -8.320  -77.367  -1.224 0.0000000000
15565  -5.500  -77.105  -3.732 0.0000000000
15567  -6.326  -77.289  -2.988 0.0000000000
15584  -4.823  -76.655  -4.182 0.0000000000
15597  -4.578  -77.295  -4.540 0.0000000000
15612  -4.003  -76.833  -4.870 0.0000000000
15866  -8.144  -77.168  -21.793 0.0000000000
15867  -8.599  -77.179  -21.919 0.0000000000
15886  -6.709  -77.457  -22.669 0.0000000000
15888  -8.420  -77.505  -22.378 0.0000000000
15889  -9.083  -77.352  -22.496 0.0000000000
15902  -6.793  -77.518  -23.287 0.0000000000
15903  -7.894  -77.623  -23.378 0.0000000000
15905  -9.363  -77.306  -22.815 0.0000000000
15919  -7.797  -77.285  -23.958 0.0000000000
15952  -6.879  -76.884  -27.913 0.0000000000
15953  -7.503  -77.306  -27.680 0.0000000000
15955  -9.232  -76.770  -27.825 0.0000000000
15959  -6.605  -77.412  -28.381 0.0000000000
15962  -9.576  -76.841  -28.214 0.0000000000
15966  -6.209  -77.295  -29.914 0.0000000000
15976  -6.276  -77.251  -30.150 0.0000000000
15977  -6.407  -77.559  -30.352 0.0000000000
15979  -9.641  -78.172  -30.458 0.0000000000
15989  -4.445  -77.173  -32.272 0.0000000000
15991  -9.129  -77.388  -31.232 0.0000000000
15993  -10.668  -78.093  -31.419 0.0000000000
16006  -5.847  -76.805  -33.135 0.0000000000
16010  -11.505  -78.295  -32.477 0.0000000000
16021  -5.447  -77.056  -33.663 0.0000000000
16023  -9.873  -77.191  -33.874 0.0000000000
16035  -5.881  -77.280  -34.101 0.0000000000
16037  -10.424  -77.571  -34.507 0.0000000000
16044  -9.002  -77.566  -35.475 0.0000000000
16046  -10.656  -78.014  -35.142 0.0000000000
16057  -8.217  -77.225  -36.065 0.0000000000
16081  -8.237  -77.220  -37.984 0.0000000000
16082  -9.036  -77.567  -38.415 0.0000000000
16084  -10.788  -77.180  -39.025 0.0000000000
16085  -11.569  -76.991  -39.019 0.0000000000
16097  -10.617  -77.828  -39.287 0.0000000000
16493  -7.854  -76.987  -1.511 0.0000000000
16494  -8.709  -76.707  -1.120 0.0000000000
16507  -5.341  -76.981  -3.433 0.0000000000
16508  -5.827  -76.954  -3.219 0.0000000000
16527  -4.533  -76.328  -4.205 0.0000000000
16528  -5.257  -76.664  -3.896 0.0000000000
16530  -6.499  -76.488  -3.209 0.0000000000
16557  -3.715  -76.150  -5.224 0.0000000000
16782  -6.915  -76.020  -20.826 0.0000000000
16803  -5.801  -76.124  -21.909 0.0000000000
16807  -9.311  -76.295  -21.961 0.0000000000
16824  -6.866  -76.898  -21.796 0.0000000000
16825  -8.947  -77.167  -22.086 0.0000000000
16827  -10.462  -76.697  -22.970 0.0000000000
16828  -10.887  -76.539  -23.319 0.0000000000
16845  -8.043  -77.270  -23.930 0.0000000000
16849  -11.298  -76.464  -23.710 0.0000000000
16866  -5.801  -76.521  -24.065 0.0000000000
16869  -9.116  -76.791  -24.356 0.0000000000
16872  -11.589  -76.493  -24.432 0.0000000000
16873  -12.416  -76.292  -24.549 0.0000000000
16885  -7.066  -76.451  -24.866 0.0000000000
16887  -10.487  -76.464  -24.767 0.0000000000
16888  -11.003  -76.448  -24.968 0.0000000000
16890  -12.643  -76.378  -25.330 0.0000000000
16891  -13.428  -76.176  -25.542 0.0000000000
16892  -14.061  -76.046  -25.909 0.0000000000
16901  -12.163  -76.356  -25.760 0.0000000000
16904  -14.277  -76.034  -26.577 0.0000000000
16909  -7.216  -76.493  -27.806 0.0000000000
16913  -10.112  -75.952  -28.086 0.0000000000
16914  -12.600  -76.231  -26.730 0.0000000000
16915  -13.038  -76.304  -26.858 0.0000000000
16916  -13.744  -76.276  -26.996 0.0000000000
16921  -7.244  -76.068  -28.103 0.0000000000
16922  -9.574  -76.983  -28.709 0.0000000000
16923  -9.841  -76.603  -28.568 0.0000000000
16924  -10.149  -76.238  -28.475 0.0000000000
16928  -3.713  -76.029  -29.122 0.0000000000
16930  -6.376  -76.715  -29.539 0.0000000000
16932  -9.652  -76.666  -29.113 0.0000000000
16942  -3.697  -76.230  -30.105 0.0000000000
16943  -6.346  -77.106  -30.311 0.0000000000
16944  -6.456  -76.654  -30.654 0.0000000000
16957  -6.120  -76.433  -31.803 0.0000000000
16968  -4.743  -77.050  -32.701 0.0000000000
16969  -5.281  -76.621  -32.871 0.0000000000
16970  -5.830  -76.586  -32.566 0.0000000000
16972  -9.408  -76.897  -32.158 0.0000000000
16982  -4.717  -77.385  -33.035 0.0000000000
16985  -9.303  -76.777  -33.290 0.0000000000
16997  -8.890  -76.924  -34.476 0.0000000000
17010  -8.024  -76.606  -35.264 0.0000000000
17011  -8.494  -77.136  -35.140 0.0000000000
17040  -7.907  -76.406  -37.686 0.0000000000
17059  -8.528  -76.636  -38.394 0.0000000000
17061  -10.187  -76.693  -38.633 0.0000000000
17527  -8.916  -76.208  -1.321 0.0000000000
17540  -6.747  -76.388  -3.092 0.0000000000
17561  -4.253  -75.861  -4.340 0.0000000000
17562  -4.757  -75.940  -4.117 0.0000000000
17565  -7.346  -75.889  -3.689 0.0000000000
17583  -3.920  -75.581  -4.776 0.0000000000
17584  -4.445  -75.308  -4.566 0.0000000000
17587  -6.865  -75.664  -4.323 0.0000000000
17608  -3.990  -74.900  -5.014 0.0000000000
17609  -10.565  -75.391  -5.279 0.0000000000
17628  -3.474  -75.290  -6.416 0.0000000000
17646  -3.480  -74.968  -6.975 0.0000000000
17841  -7.075  -75.454  -20.639 0.0000000000
17860  -5.312  -75.553  -21.445 0.0000000000
17862  -7.692  -75.557  -20.839 0.0000000000
17864  -9.105  -75.944  -21.718 0.0000000000
17882  -5.279  -75.775  -22.235 0.0000000000
17886  -11.125  -76.152  -23.061 0.0000000000
17915  -5.955  -76.252  -24.523 0.0000000000
17916  -8.152  -75.917  -25.181 0.0000000000
17919  -12.905  -75.697  -24.494 0.0000000000
17927  -7.628  -75.293  -25.757 0.0000000000
17929  -10.070  -75.964  -25.267 0.0000000000
17931  -11.760  -76.292  -25.741 0.0000000000
17932  -13.915  -75.540  -25.528 0.0000000000
17943  -12.353  -76.194  -26.629 0.0000000000
17944  -14.877  -75.412  -26.806 0.0000000000
17945  -15.251  -75.043  -27.229 0.0000000000
17952  -7.620  -75.490  -27.847 0.0000000000
17954  -9.142  -75.712  -27.239 0.0000000000
17975  -15.475  -74.989  -28.565 0.0000000000
17985  -3.830  -75.175  -28.807 0.0000000000
17987  -6.526  -75.751  -30.218 0.0000000000
17988  -9.349  -76.515  -29.396 0.0000000000
17994  -15.188  -75.038  -29.560 0.0000000000
18009  -6.133  -75.538  -31.138 0.0000000000
18011  -9.558  -75.439  -30.032 0.0000000000
18014  -13.271  -75.176  -30.429 0.0000000000
18016  -15.054  -74.797  -30.186 0.0000000000
18027  -4.031  -75.584  -30.572 0.0000000000
18028  -4.580  -75.490  -31.255 0.0000000000
18032  -9.323  -75.292  -30.728 0.0000000000
18034  -13.050  -74.963  -30.954 0.0000000000
18045  -7.926  -74.646  -33.228 0.0000000000
18057  -7.666  -74.955  -33.785 0.0000000000
18067  -7.797  -75.665  -34.590 0.0000000000
18078  -7.684  -74.561  -35.486 0.0000000000
18633  -5.411  -74.973  -4.708 0.0000000000
18637  -9.382  -75.340  -5.176 0.0000000000
18656  -3.857  -74.310  -5.588 0.0000000000
18661  -8.850  -74.860  -5.774 0.0000000000
18703  -3.533  -74.266  -7.304 0.0000000000
18865  -5.134  -74.149  -20.030 0.0000000000
18866  -5.361  -74.188  -20.119 0.0000000000
18906  -7.058  -74.376  -21.170 0.0000000000
18922  -7.879  -74.210  -22.593 0.0000000000
18926  -10.902  -75.709  -22.864 0.0000000000
18931  -8.002  -73.948  -23.146 0.0000000000
18932  -8.499  -74.117  -23.095 0.0000000000
18940  -4.087  -74.724  -25.160 0.0000000000
18942  -5.281  -75.185  -24.996 0.0000000000
18946  -13.159  -75.227  -24.728 0.0000000000
18954  -7.372  -74.786  -26.191 0.0000000000
18955  -12.938  -74.323  -24.952 0.0000000000
18956  -13.610  -74.732  -25.291 0.0000000000
18957  -14.214  -75.088  -25.660 0.0000000000
18965  -3.557  -74.951  -26.500 0.0000000000
18966  -4.116  -74.697  -26.547 0.0000000000
18969  -7.286  -74.640  -26.861 0.0000000000
18972  -14.490  -74.626  -26.142 0.0000000000
18973  -15.016  -74.778  -26.935 0.0000000000
18983  -4.405  -74.393  -27.359 0.0000000000
18984  -5.379  -74.155  -27.543 0.0000000000
18986  -7.293  -74.935  -27.924 0.0000000000
18987  -7.721  -75.247  -27.627 0.0000000000
19002  -7.062  -74.973  -28.376 0.0000000000
19003  -15.673  -74.210  -28.720 0.0000000000
19013  -4.285  -74.615  -28.783 0.0000000000
19016  -6.471  -75.042  -29.865 0.0000000000
19017  -15.311  -74.602  -30.073 0.0000000000
19028  -5.334  -74.610  -30.200 0.0000000000
19029  -6.002  -74.820  -30.487 0.0000000000
19032  -10.086  -75.031  -30.649 0.0000000000
19034  -13.293  -74.873  -30.933 0.0000000000
19037  -15.549  -73.561  -30.519 0.0000000000
19054  -10.529  -74.754  -31.449 0.0000000000
19056  -13.035  -74.633  -31.454 0.0000000000
19058  -14.891  -73.723  -31.468 0.0000000000
19073  -8.078  -74.314  -33.006 0.0000000000
19074  -8.569  -74.498  -32.678 0.0000000000
19075  -9.094  -74.392  -32.297 0.0000000000
19077  -11.062  -74.318  -32.363 0.0000000000
19115  -7.463  -74.114  -34.399 0.0000000000
19130  -7.726  -74.240  -35.958 0.0000000000
19145  -9.753  -74.322  -36.858 0.0000000000
19165  -8.596  -74.988  -37.247 0.0000000000
19167  -10.314  -74.785  -37.224 0.0000000000
19745  -3.721  -73.733  -6.097 0.0000000000
19749  -7.323  -73.998  -5.986 0.0000000000
19753  -10.963  -74.478  -6.149 0.0000000000
19772  -3.873  -73.242  -6.313 0.0000000000
19773  -5.275  -72.925  -6.128 0.0000000000
19774  -5.842  -73.065  -6.209 0.0000000000
19775  -6.768  -73.399  -6.477 0.0000000000
19793  -11.900  -72.997  -7.263 0.0000000000
19961  -5.199  -73.915  -20.154 0.0000000000
19962  -5.537  -74.007  -20.217 0.0000000000
19985  -5.608  -73.642  -20.647 0.0000000000
19997  -5.778  -73.493  -21.526 0.0000000000
19998  -6.526  -73.946  -21.255 0.0000000000
20010  -4.871  -73.085  -22.361 0.0000000000
20017  -4.878  -73.133  -22.789 0.0000000000
20030  -9.426  -73.463  -24.370 0.0000000000
20031  -10.259  -73.749  -24.239 0.0000000000
20043  -11.394  -73.574  -25.140 0.0000000000
20044  -12.345  -73.906  -25.077 0.0000000000
20058  -12.675  -73.552  -25.830 0.0000000000
20060  -14.343  -73.969  -26.730 0.0000000000
20075  -15.306  -73.721  -28.248 0.0000000000
20086  -12.977  -73.102  -27.684 0.0000000000
20088  -14.826  -73.066  -28.375 0.0000000000
20105  -15.640  -73.027  -30.053 0.0000000000
20126  -15.338  -73.425  -31.157 0.0000000000
20152  -14.680  -73.511  -32.020 0.0000000000
20154  -15.556  -72.808  -31.601 0.0000000000
20179  -8.678  -73.880  -32.900 0.0000000000
20183  -12.773  -73.222  -32.832 0.0000000000
20185  -15.004  -72.956  -32.447 0.0000000000
20186  -15.447  -72.871  -32.090 0.0000000000
20209  -8.035  -73.406  -33.258 0.0000000000
20211  -9.706  -72.984  -33.197 0.0000000000
20212  -10.168  -72.961  -33.211 0.0000000000
20214  -12.603  -72.722  -33.088 0.0000000000
20236  -7.530  -73.383  -34.055 0.0000000000
20256  -7.606  -73.263  -35.717 0.0000000000
20277  -9.413  -73.520  -36.539 0.0000000000
20879  -4.598  -73.068  -5.978 0.0000000000
20880  -4.882  -72.873  -6.135 0.0000000000
20898  -4.274  -72.727  -6.511 0.0000000000
20905  -11.254  -72.852  -7.173 0.0000000000
20918  -3.760  -72.652  -7.097 0.0000000000
20919  -4.037  -72.343  -6.897 0.0000000000
20921  -6.616  -72.372  -7.649 0.0000000000
20922  -7.680  -72.694  -7.814 0.0000000000
20924  -9.864  -72.460  -7.737 0.0000000000
20940  -3.615  -72.637  -7.945 0.0000000000
20943  -8.531  -72.177  -8.291 0.0000000000
20956  -3.589  -72.585  -8.864 0.0000000000
21133  -4.338  -72.719  -20.739 0.0000000000
21163  -4.888  -73.033  -21.989 0.0000000000
21167  -4.034  -72.146  -23.704 0.0000000000
21170  -6.550  -73.157  -23.897 0.0000000000
21179  -4.651  -72.269  -25.181 0.0000000000
21184  -9.542  -73.107  -24.872 0.0000000000
21197  -5.227  -72.335  -25.804 0.0000000000
21200  -8.801  -72.460  -25.510 0.0000000000
21202  -10.829  -73.193  -25.614 0.0000000000
21218  -11.365  -73.188  -26.108 0.0000000000
21243  -7.150  -72.290  -28.169 0.0000000000
21245  -8.666  -72.340  -28.256 0.0000000000
21250  -14.042  -72.650  -28.799 0.0000000000
21267  -9.013  -72.448  -29.128 0.0000000000
21272  -14.186  -72.278  -29.522 0.0000000000
21288  -9.483  -72.299  -29.648 0.0000000000
21294  -15.327  -72.072  -30.516 0.0000000000
21306  -15.622  -72.080  -31.344 0.0000000000
21313  -10.417  -72.948  -33.214 0.0000000000
21316  -13.399  -72.524  -33.050 0.0000000000
21327  -8.361  -72.163  -33.533 0.0000000000
21328  -9.240  -72.194  -33.305 0.0000000000
21330  -11.366  -72.279  -33.290 0.0000000000
21331  -12.574  -72.113  -33.257 0.0000000000
21333  -14.061  -71.540  -33.278 0.0000000000
21343  -7.617  -72.713  -34.614 0.0000000000
21357  -7.572  -72.850  -35.184 0.0000000000
21360  -9.763  -71.775  -35.730 0.0000000000
21377  -8.109  -72.875  -36.046 0.0000000000
21378  -8.828  -72.709  -36.137 0.0000000000
21992  -4.241  -72.269  -6.902 0.0000000000
21993  -4.494  -72.183  -6.894 0.0000000000
22004  -4.038  -71.927  -7.315 0.0000000000
22008  -9.318  -71.987  -8.257 0.0000000000
22025  -8.545  -71.815  -8.682 0.0000000000
22027  -10.326  -71.126  -8.481 0.0000000000
22040  -4.081  -71.032  -8.945 0.0000000000
22041  -5.934  -71.111  -8.946 0.0000000000
22042  -6.790  -71.321  -9.169 0.0000000000
22043  -7.792  -71.373  -9.307 0.0000000000
22245  -3.707  -71.307  -22.643 0.0000000000
22257  -4.031  -72.123  -24.027 0.0000000000
22268  -3.833  -71.248  -24.864 0.0000000000
22278  -3.920  -71.036  -25.302 0.0000000000
22283  -9.280  -72.406  -25.689 0.0000000000
22286  -4.647  -71.007  -26.324 0.0000000000
22287  -5.111  -71.216  -26.803 0.0000000000
22289  -6.508  -72.269  -27.045 0.0000000000
22290  -9.212  -72.153  -26.141 0.0000000000
22291  -9.425  -72.317  -25.903 0.0000000000
22296  -5.431  -70.887  -27.395 0.0000000000
22304  -7.739  -72.297  -28.974 0.0000000000
22313  -6.669  -70.717  -29.612 0.0000000000
22314  -7.243  -71.123  -29.933 0.0000000000
22326  -7.599  -70.937  -30.487 0.0000000000
22329  -10.383  -71.575  -30.077 0.0000000000
22346  -14.997  -70.858  -31.208 0.0000000000
22361  -8.519  -71.646  -33.692 0.0000000000
22363  -9.628  -71.332  -33.394 0.0000000000
22379  -8.459  -71.415  -34.032 0.0000000000
22380  -8.770  -71.057  -33.886 0.0000000000
22393  -8.368  -71.476  -34.707 0.0000000000
22395  -9.634  -71.169  -35.402 0.0000000000
22412  -10.146  -71.560  -35.758 0.0000000000
23045  -4.725  -71.003  -8.700 0.0000000000
23046  -9.718  -70.796  -9.341 0.0000000000
23059  -3.805  -71.042  -9.860 0.0000000000
23060  -4.137  -70.790  -9.501 0.0000000000
23065  -9.123  -70.725  -9.884 0.0000000000
23082  -10.147  -69.753  -10.434 0.0000000000
23090  -5.865  -70.216  -10.868 0.0000000000
23092  -7.639  -70.132  -11.204 0.0000000000
23094  -9.313  -69.829  -11.360 0.0000000000
23258  -3.600  -70.411  -21.601 0.0000000000
23308  -4.017  -70.398  -24.762 0.0000000000
23316  -4.537  -70.756  -26.061 0.0000000000
23338  -6.351  -70.318  -29.293 0.0000000000
23381  -9.033  -70.270  -30.927 0.0000000000
23383  -14.546  -70.196  -31.650 0.0000000000
23384  -15.218  -70.679  -32.136 0.0000000000
23399  -14.509  -70.226  -32.757 0.0000000000
23400  -15.041  -70.453  -32.377 0.0000000000
23413  -9.199  -70.803  -33.783 0.0000000000
23415  -10.886  -70.166  -33.244 0.0000000000
23435  -8.572  -71.159  -34.448 0.0000000000
23437  -9.554  -70.348  -34.266 0.0000000000
23455  -8.715  -71.053  -34.724 0.0000000000
23456  -9.178  -70.717  -34.852 0.0000000000
24124  -5.404  -70.075  -10.936 0.0000000000
24126  -10.593  -69.298  -10.737 0.0000000000
24145  -10.536  -69.120  -11.536 0.0000000000
24163  -5.160  -69.023  -12.320 0.0000000000
24165  -7.350  -69.180  -12.600 0.0000000000
24167  -9.267  -69.407  -12.512 0.0000000000
24168  -10.103  -69.132  -12.428 0.0000000000
24174  -7.943  -69.002  -13.011 0.0000000000
24175  -8.788  -69.091  -13.079 0.0000000000
24285  -3.898  -68.713  -22.987 0.0000000000
24304  -3.697  -69.855  -23.939 0.0000000000
24320  -4.343  -69.544  -24.670 0.0000000000
24325  -4.753  -70.223  -25.760 0.0000000000
24333  -4.865  -70.537  -26.244 0.0000000000
24335  -5.844  -69.458  -26.528 0.0000000000
24343  -5.427  -70.327  -27.309 0.0000000000
24376  -6.986  -69.610  -30.248 0.0000000000
24416  -8.533  -69.236  -31.389 0.0000000000
24417  -9.445  -69.578  -31.028 0.0000000000
24418  -10.233  -69.007  -30.819 0.0000000000
25184  -11.518  -68.710  -10.862 0.0000000000
25194  -10.857  -68.831  -11.669 0.0000000000
25206  -6.557  -68.747  -12.920 0.0000000000
25209  -12.206  -67.609  -12.310 0.0000000000
25216  -7.312  -68.616  -13.296 0.0000000000
25218  -9.229  -68.673  -13.626 0.0000000000
25224  -5.249  -67.859  -14.332 0.0000000000
25272  -9.357  -68.218  -19.840 0.0000000000
25305  -3.860  -68.025  -21.334 0.0000000000
25332  -4.326  -68.167  -23.883 0.0000000000
25362  -5.361  -68.352  -24.922 0.0000000000
25375  -8.114  -68.131  -26.725 0.0000000000
25411  -6.588  -69.035  -29.001 0.0000000000
25427  -7.687  -68.408  -30.671 0.0000000000
25429  -11.150  -68.124  -30.534 0.0000000000
25446  -8.277  -68.307  -31.310 0.0000000000
25496  -11.542  -68.166  -33.566 0.0000000000
26250  -14.794  -67.746  -11.916 0.0000000000
26258  -14.386  -67.059  -12.292 0.0000000000
26264  -6.458  -67.921  -14.011 0.0000000000
26265  -10.892  -67.539  -13.871 0.0000000000
26267  -12.060  -66.843  -13.222 0.0000000000
26274  -8.912  -67.691  -14.765 0.0000000000
26275  -9.691  -67.248  -14.825 0.0000000000
26276  -10.548  -67.089  -14.436 0.0000000000
26277  -11.068  -67.029  -14.139 0.0000000000
26285  -6.471  -67.060  -15.627 0.0000000000
26287  -8.459  -67.302  -15.304 0.0000000000
26299  -6.094  -66.991  -16.454 0.0000000000
26300  -15.088  -66.901  -16.614 0.0000000000
26301  -15.805  -67.031  -16.525 0.0000000000
26302  -16.611  -67.060  -16.584 0.0000000000
26303  -17.149  -67.065  -16.779 0.0000000000
26318  -15.398  -67.112  -17.099 0.0000000000
26327  -7.443  -67.670  -19.050 0.0000000000
26328  -7.904  -67.862  -19.317 0.0000000000
26335  -7.728  -67.364  -19.431 0.0000000000
26337  -9.062  -67.307  -19.978 0.0000000000
26347  -9.697  -66.995  -20.272 0.0000000000
26348  -10.338  -67.293  -20.476 0.0000000000
26448  -10.268  -66.853  -26.771 0.0000000000
26455  -9.634  -67.097  -27.438 0.0000000000
26456  -10.120  -67.039  -27.010 0.0000000000
26488  -8.014  -67.036  -29.392 0.0000000000
26500  -8.268  -67.659  -30.745 0.0000000000
26501  -8.611  -67.346  -30.784 0.0000000000
26518  -8.416  -67.850  -31.142 0.0000000000
26523  -11.951  -67.206  -30.688 0.0000000000
27349  -12.709  -66.210  -13.086 0.0000000000
27361  -11.661  -66.319  -13.966 0.0000000000
27389  -6.731  -66.868  -15.958 0.0000000000
27390  -7.102  -66.845  -15.960 0.0000000000
27393  -9.864  -66.003  -15.610 0.0000000000
27395  -14.735  -65.937  -15.817 0.0000000000
27415  -9.442  -65.941  -16.252 0.0000000000
27417  -13.514  -66.139  -17.056 0.0000000000
27418  -14.272  -66.385  -16.623 0.0000000000
27437  -6.655  -66.693  -16.909 0.0000000000
27442  -14.783  -66.854  -17.623 0.0000000000
27469  -15.347  -66.563  -18.473 0.0000000000
27470  -16.287  -66.595  -18.487 0.0000000000
27481  -7.929  -67.047  -19.527 0.0000000000
27486  -12.991  -65.320  -19.639 0.0000000000
27487  -13.511  -65.463  -19.481 0.0000000000
27492  -17.680  -66.039  -19.078 0.0000000000
27493  -21.105  -66.879  -20.046 0.0000000000
27494  -21.521  -66.392  -19.637 0.0000000000
27506  -11.573  -65.954  -21.163 0.0000000000
27507  -12.338  -65.703  -21.475 0.0000000000
27526  -13.646  -66.243  -22.419 0.0000000000
27527  -14.641  -66.452  -22.455 0.0000000000
27550  -13.781  -65.692  -22.410 0.0000000000
27552  -15.001  -65.746  -22.528 0.0000000000
27566  -4.451  -66.835  -23.013 0.0000000000
27603  -9.352  -66.414  -25.716 0.0000000000
27608  -9.966  -66.819  -25.918 0.0000000000
27609  -10.403  -66.415  -26.389 0.0000000000
27613  -9.848  -66.638  -27.568 0.0000000000
27618  -8.718  -66.050  -28.776 0.0000000000
27620  -10.077  -65.952  -27.741 0.0000000000
27640  -8.504  -66.265  -29.487 0.0000000000
27663  -8.582  -66.918  -30.383 0.0000000000
27683  -8.825  -67.153  -30.824 0.0000000000
28571  -10.258  -65.815  -15.266 0.0000000000
28573  -11.863  -65.227  -14.587 0.0000000000
28575  -17.001  -65.136  -14.348 0.0000000000
28582  -10.323  -65.585  -15.696 0.0000000000
28586  -15.105  -65.183  -15.307 0.0000000000
28594  -9.142  -65.637  -16.945 0.0000000000
28609  -8.885  -65.507  -17.448 0.0000000000
28634  -8.877  -65.385  -17.951 0.0000000000
28635  -9.487  -65.312  -18.373 0.0000000000
28636  -10.402  -65.300  -18.484 0.0000000000
28669  -12.609  -65.327  -21.012 0.0000000000
28679  -21.788  -65.311  -20.081 0.0000000000
28687  -4.620  -65.783  -21.551 0.0000000000
28700  -20.018  -65.227  -21.691 0.0000000000
28715  -13.944  -65.509  -22.357 0.0000000000
28720  -18.210  -64.912  -23.026 0.0000000000
28760  -10.447  -65.939  -25.976 0.0000000000
28768  -8.517  -64.744  -26.123 0.0000000000
28769  -10.503  -64.904  -26.141 0.0000000000
28771  -11.701  -65.371  -26.992 0.0000000000
28776  -11.026  -65.593  -27.565 0.0000000000
28784  -9.107  -65.475  -28.845 0.0000000000
28786  -11.206  -64.904  -28.276 0.0000000000
28802  -8.815  -65.629  -29.336 0.0000000000
28803  -9.230  -65.252  -29.532 0.0000000000
28804  -9.591  -65.058  -29.868 0.0000000000
28830  -9.297  -65.511  -29.991 0.0000000000
28855  -9.452  -65.846  -30.480 0.0000000000
28856  -10.041  -65.784  -31.034 0.0000000000
29778  -14.430  -64.606  -12.998 0.0000000000
29789  -15.770  -64.086  -14.431 0.0000000000
29790  -16.431  -64.483  -14.390 0.0000000000
29791  -16.860  -64.506  -14.059 0.0000000000
29800  -15.433  -64.481  -14.857 0.0000000000
29805  -11.744  -65.003  -16.458 0.0000000000
29806  -12.253  -64.917  -16.253 0.0000000000
29854  -20.645  -64.889  -21.389 0.0000000000
29870  -15.920  -64.510  -21.733 0.0000000000
29911  -16.641  -63.744  -23.191 0.0000000000
29912  -16.976  -63.588  -23.509 0.0000000000
29918  -7.251  -63.991  -24.691 0.0000000000
29931  -9.300  -64.822  -26.029 0.0000000000
29947  -8.143  -63.842  -25.992 0.0000000000
29948  -8.854  -64.171  -26.232 0.0000000000
29949  -9.951  -64.353  -26.311 0.0000000000
29952  -12.419  -64.568  -27.136 0.0000000000
29969  -13.035  -63.986  -28.076 0.0000000000
29991  -12.837  -63.997  -28.303 0.0000000000
30005  -9.625  -64.913  -29.654 0.0000000000
30929  -14.397  -64.437  -13.372 0.0000000000
30941  -14.759  -64.015  -13.665 0.0000000000
30981  -27.984  -63.338  -18.679 0.0000000000
30993  -28.112  -63.590  -19.074 0.0000000000
31042  -16.695  -63.422  -22.871 0.0000000000
31043  -16.985  -62.889  -22.470 0.0000000000
31044  -18.262  -63.266  -23.533 0.0000000000
31045  -19.136  -62.794  -23.256 0.0000000000
31080  -8.404  -62.527  -25.908 0.0000000000
31105  -10.537  -63.357  -26.936 0.0000000000
31125  -10.651  -62.930  -27.253 0.0000000000
32041  -27.970  -63.014  -18.754 0.0000000000
32054  -28.029  -62.939  -18.942 0.0000000000
32112  -17.334  -62.400  -22.709 0.0000000000
32114  -17.971  -62.203  -23.460 0.0000000000
32170  -12.941  -63.055  -26.837 0.0000000000
32185  -11.851  -62.485  -27.281 0.0000000000
32187  -13.388  -62.895  -27.639 0.0000000000
33164  -28.025  -60.799  -19.005 0.0000000000
33256  -8.052  -62.067  -24.684 0.0000000000
33258  -9.125  -61.026  -25.647 0.0000000000
33278  -8.658  -61.795  -25.834 0.0000000000
33280  -9.911  -60.925  -26.483 0.0000000000
33289  -10.172  -61.300  -26.938 0.0000000000
33309  -12.498  -61.071  -27.846 0.0000000000
34219  -27.984  -60.581  -19.130 0.0000000000
34245  -18.532  -60.358  -22.380 0.0000000000
34247  -19.715  -60.075  -22.347 0.0000000000
34258  -9.248  -61.229  -23.942 0.0000000000
34312  -9.762  -60.393  -25.655 0.0000000000
34346  -12.285  -60.361  -27.808 0.0000000000
35294  -19.394  -59.498  -22.098 0.0000000000
35305  -19.515  -59.816  -22.300 0.0000000000
35387  -12.129  -59.526  -27.454 0.0000000000
36375  -28.517  -58.043  -19.462 0.0000000000
36379  -28.490  -57.887  -19.743 0.0000000000
36438  -10.936  -58.922  -25.117 0.0000000000
36473  -11.157  -58.763  -26.074 0.0000000000
36497  -13.080  -58.941  -27.707 0.0000000000
37552  -12.578  -57.709  -24.421 0.0000000000
37569  -11.665  -58.011  -25.119 0.0000000000
37578  -12.220  -57.705  -26.095 0.0000000000
38556  -26.395  -56.138  -17.542 0.0000000000
38618  -27.273  -56.549  -20.769 0.0000000000
39634  -26.129  -56.135  -17.556 0.0000000000
39686  -27.974  -55.729  -20.239 0.0000000000
40818  -14.090  -54.615  -25.059 0.0000000000
40819  -15.299  -53.669  -25.586 0.0000000000
41810  -27.491  -52.668  -17.789 0.0000000000
42972  -14.637  -53.723  -24.160 0.0000000000
43030  -23.955  -51.982  -24.873 0.0000000000
44000  -24.889  -51.903  -23.479 0.0000000000
44011  -18.313  -51.214  -25.046 0.0000000000
44012  -24.228  -51.870  -24.307 0.0000000000
44014  -25.323  -51.039  -23.434 0.0000000000
44033  -24.615  -50.930  -24.402 0.0000000000
44057  -23.863  -51.876  -25.082 0.0000000000
45085  -18.865  -50.536  -25.235 0.0000000000
45105  -20.523  -50.518  -26.279 0.0000000000
45127  -20.730  -50.184  -26.370 0.0000000000
45128  -20.961  -50.304  -26.402 0.0000000000
46131  -15.859  -49.916  -23.915 0.0000000000
46133  -24.863  -49.984  -24.446 0.0000000000
46154  -24.057  -49.921  -25.423 0.0000000000
46199  -20.954  -49.968  -26.398 0.0000000000
