#!ascii label  , from subject sub-01 vox2ras=TkReg
3086
30158  12.895  -62.840  38.794 0.2222220004
29058  13.444  -63.385  38.099 0.2222220004
30164  13.655  -63.118  38.514 0.2222220004
30165  12.554  -62.955  38.175 0.2222220004
30162  15.498  -63.543  38.052 0.1111110002
31273  15.246  -62.701  38.261 0.2222220004
30163  14.686  -63.344  38.272 0.2222220004
31275  13.758  -62.672  38.844 0.2222220004
32344  15.080  -61.772  38.422 0.2222220004
33366  14.977  -60.891  38.619 0.1111110002
32345  14.457  -61.631  38.731 0.1111110002
31274  14.410  -62.542  38.604 0.2222220004
33367  14.372  -60.793  38.824 0.1111110002
32331  13.830  -61.532  38.984 0.1111110002
33353  13.620  -60.660  38.935 0.2222220004
32332  13.040  -61.492  39.104 0.2222220004
31261  13.979  -62.187  38.893 0.2222220004
31262  13.353  -62.331  39.039 0.2222220004
31263  12.491  -62.242  39.018 0.2222220004
30159  12.048  -62.603  38.495 0.2222220004
33373  17.519  -61.136  36.964 0.1111110002
33369  16.953  -61.092  37.492 0.1111110002
32343  15.765  -61.886  38.080 0.1111110002
33365  15.572  -60.946  38.277 0.1111110002
34387  14.833  -60.232  38.744 0.1111110002
34378  13.358  -59.687  38.938 0.3333329856
34377  14.280  -59.848  38.783 0.2222220004
33354  12.744  -60.570  39.090 0.3333329856
33355  11.831  -60.499  39.254 0.4444440007
32333  12.143  -61.419  39.145 0.3333329856
32334  11.177  -61.256  38.868 0.4444440007
31264  11.598  -62.035  38.680 0.4444440007
30166  11.362  -62.599  38.003 0.2222220004
32335  10.126  -61.056  38.771 0.4444440007
30160  11.174  -62.337  38.229 0.2222220004
31265  10.337  -61.944  38.406 0.2222220004
30167  10.234  -62.516  38.030 0.2222220004
34389  17.263  -60.432  37.119 0.1111110002
35479  15.950  -59.261  37.723 0.1111110002
34390  16.702  -60.063  37.529 0.1111110002
35475  15.626  -59.628  38.187 0.1111110002
34386  15.351  -60.063  38.507 0.1111110002
34376  14.916  -59.647  38.698 0.1111110002
35466  13.106  -58.694  39.252 0.3333329856
36657  12.409  -57.944  39.683 0.4444440007
34379  12.467  -59.574  39.256 0.3333329856
35468  11.103  -58.771  39.568 0.4444440007
33356  10.860  -60.372  39.111 0.4444440007
32336  9.180  -60.904  39.041 0.4444440007
31276  9.789  -62.328  38.217 0.2222220004
30168  9.410  -62.502  38.073 0.2222220004
40044  17.263  -54.048  34.117 0.4444440007
40064  16.901  -54.658  33.186 0.2222220004
40078  17.741  -55.057  32.683 0.2222220004
35476  15.215  -59.068  38.364 0.2222220004
36654  14.514  -58.398  38.652 0.2222220004
36656  12.791  -57.911  39.497 0.3333329856
35465  13.959  -58.887  38.882 0.3333329856
36650  10.084  -57.653  40.615 0.6666669846
35456  11.532  -58.032  39.900 0.5555559993
35458  9.373  -58.227  40.622 0.6666669846
34369  10.168  -59.188  39.880 0.6666669846
34382  9.852  -59.737  39.829 0.4444440007
33358  8.992  -60.088  39.720 0.5555559993
33357  9.930  -60.331  39.375 0.4444440007
31266  9.330  -61.646  38.600 0.4444440007
31279  7.993  -61.673  38.438 0.4444440007
29063  7.539  -62.488  37.438 0.2222220004
30192  7.773  -62.494  36.531 0.2222220004
38985  15.573  -55.567  33.616 0.3333329856
34394  17.206  -59.799  36.942 0.1111110002
38984  16.398  -55.563  33.211 0.2222220004
36669  16.030  -58.402  37.397 0.1111110002
35484  16.803  -58.970  36.877 0.1111110002
38996  17.263  -55.673  32.738 0.2222220004
37882  16.934  -56.424  33.164 0.1111110002
36670  15.387  -57.699  37.559 0.2222220004
35480  15.555  -58.475  37.898 0.1111110002
40025  16.736  -53.745  34.823 0.4444440007
40045  16.208  -53.964  34.085 0.3333329856
38995  18.165  -55.804  32.262 0.2222220004
37818  14.418  -57.656  38.619 0.2222220004
37813  12.857  -56.628  40.027 0.5555559993
36647  13.094  -57.273  39.554 0.5555559993
37807  11.174  -56.441  40.727 0.6666669846
36648  12.272  -57.558  39.977 0.5555559993
36651  9.631  -57.761  40.741 0.5555559993
35453  8.208  -58.276  40.371 0.5555559993
33348  8.339  -59.654  39.958 0.5555559993
32330  7.149  -60.444  39.530 0.4444440007
31280  7.158  -61.629  38.474 0.4444440007
31281  6.309  -61.717  38.132 0.3333329856
35488  17.609  -59.099  35.754 0.1111110002
37883  16.144  -56.387  33.765 0.2222220004
35489  16.817  -58.256  35.995 0.1111110002
40065  15.863  -54.748  33.485 0.3333329856
40066  15.076  -54.905  33.745 0.4444440007
36685  16.950  -58.089  35.053 0.1111110002
36675  16.109  -57.795  36.617 0.3333329856
37826  14.636  -57.318  38.143 0.4444440007
40024  17.510  -53.728  35.200 0.4444440007
41245  16.000  -53.538  35.125 0.5555559993
37819  13.984  -56.890  38.739 0.3333329856
41230  16.235  -53.247  35.845 0.5555559993
41231  15.488  -53.308  35.831 0.4444440007
41246  15.079  -53.525  35.097 0.4444440007
41232  14.611  -53.372  35.683 0.4444440007
38909  13.184  -55.734  39.774 0.5555559993
38910  12.773  -55.967  40.456 0.5555559993
41229  17.138  -53.039  35.965 0.5555559993
41216  16.307  -52.904  36.151 0.6666669846
43448  15.324  -52.087  36.553 0.4444440007
43449  14.550  -51.946  36.657 0.5555559993
44568  13.754  -50.790  36.236 0.5555559993
39961  11.938  -54.908  40.441 0.5555559993
39963  10.605  -55.122  40.439 0.6666669846
42342  16.450  -52.509  36.309 0.6666669846
43447  15.971  -52.183  36.500 0.6666669846
44554  15.165  -51.575  36.619 0.6666669846
44555  14.559  -51.335  36.783 0.5555559993
44580  13.714  -50.798  35.171 0.5555559993
38906  10.042  -55.813  40.602 0.5555559993
36644  8.753  -57.440  40.652 0.5555559993
36645  8.317  -57.706  40.318 0.5555559993
35460  7.921  -58.367  40.138 0.5555559993
35454  7.803  -58.751  40.121 0.6666669846
33349  7.539  -60.023  39.701 0.5555559993
32340  6.070  -60.825  38.723 0.5555559993
32339  6.847  -60.857  39.034 0.4444440007
32346  6.673  -61.401  38.544 0.4444440007
37884  15.395  -56.170  34.082 0.3333329856
36698  15.725  -57.080  34.991 0.2222220004
36676  15.161  -57.196  36.707 0.4444440007
37827  14.093  -56.645  37.958 0.5555559993
38987  14.562  -55.121  34.188 0.3333329856
38971  14.595  -55.840  34.617 0.4444440007
37845  14.460  -56.841  36.719 0.4444440007
37832  14.662  -57.006  37.418 0.4444440007
38908  13.508  -56.187  39.079 0.5555559993
40047  14.585  -54.598  34.358 0.5555559993
40027  13.630  -54.656  35.547 0.4444440007
41215  16.688  -52.752  36.104 0.5555559993
42345  13.783  -52.615  36.498 0.5555559993
38905  10.799  -55.710  40.664 0.5555559993
43458  16.593  -51.918  36.296 0.6666669846
43459  15.812  -51.686  36.490 0.5555559993
44566  15.534  -51.153  36.328 0.5555559993
44567  14.620  -50.834  36.352 0.6666669846
44556  13.629  -51.234  37.257 0.5555559993
39965  9.598  -55.648  40.008 0.5555559993
44565  16.224  -51.483  36.174 0.5555559993
44578  15.544  -50.811  35.527 0.5555559993
38911  9.063  -56.099  40.057 0.5555559993
37816  8.596  -56.758  39.908 0.5555559993
37811  8.325  -57.344  40.153 0.5555559993
36652  7.775  -58.029  39.961 0.5555559993
34373  7.504  -59.233  40.009 0.5555559993
35461  7.290  -58.899  39.813 0.5555559993
34374  6.730  -59.552  39.570 0.6666669846
37873  14.966  -56.422  34.913 0.2222220004
38972  14.357  -55.344  34.580 0.4444440007
37860  14.217  -56.180  35.524 0.4444440007
38915  13.608  -56.098  38.409 0.5555559993
41233  13.560  -53.713  35.971 0.5555559993
38957  13.645  -55.305  35.675 0.4444440007
38944  13.735  -55.779  35.856 0.4444440007
37847  13.485  -55.887  36.372 0.4444440007
42341  16.991  -52.612  36.146 0.5555559993
42356  17.028  -52.344  36.215 0.5555559993
43450  13.707  -51.815  36.986 0.4444440007
42331  13.153  -52.568  37.415 0.4444440007
39998  12.733  -54.454  37.252 0.4444440007
43467  16.646  -51.547  36.033 0.6666669846
44544  13.182  -51.530  38.039 0.4444440007
43441  13.130  -51.642  38.579 0.4444440007
41181  10.847  -54.115  39.794 0.5555559993
39967  9.917  -55.158  39.573 0.5555559993
44577  16.601  -51.256  35.607 0.5555559993
44579  14.572  -50.666  35.396 0.6666669846
41182  10.403  -54.645  39.653 0.5555559993
44590  15.376  -50.780  34.482 0.6666669846
44591  14.428  -50.829  34.332 0.6666669846
44557  12.949  -50.958  37.006 0.5555559993
44592  13.664  -51.184  34.167 0.6666669846
44581  13.045  -51.216  34.869 0.6666669846
44570  12.546  -51.591  35.421 0.6666669846
44582  12.680  -51.777  34.594 0.6666669846
42354  18.315  -52.504  37.211 0.4444440007
37833  13.880  -56.584  37.145 0.5555559993
41170  12.601  -54.693  39.931 0.5555559993
42355  17.588  -52.537  36.539 0.5555559993
43457  17.472  -52.016  36.263 0.5555559993
39972  13.076  -54.748  39.334 0.4444440007
39960  12.512  -54.956  40.270 0.4444440007
41218  13.025  -53.463  36.813 0.4444440007
38932  13.379  -56.221  37.122 0.4444440007
43466  17.190  -51.639  35.917 0.7777780294
41205  12.686  -53.501  37.886 0.4444440007
39984  12.872  -54.546  38.421 0.4444440007
41180  11.251  -54.017  39.862 0.4444440007
42318  12.740  -52.802  38.959 0.4444440007
42294  12.003  -53.830  39.637 0.4444440007
44589  16.414  -51.021  34.596 0.5555559993
44558  12.415  -51.429  36.469 0.5555559993
41192  12.617  -53.352  39.157 0.4444440007
44603  15.119  -50.985  33.381 0.6666669846
43433  11.797  -52.132  38.922 0.5555559993
42319  11.488  -53.002  39.048 0.4444440007
44605  13.691  -51.839  33.259 0.6666669846
44593  13.144  -51.764  34.021 0.6666669846
42320  11.110  -53.572  39.379 0.5555559993
37821  7.999  -57.581  38.865 0.5555559993
36658  7.534  -58.130  39.310 0.5555559993
44604  14.285  -51.296  33.327 0.6666669846
44616  14.071  -51.774  32.278 0.6666669846
43446  18.628  -51.682  37.632 0.4444440007
43456  18.288  -51.806  36.711 0.5555559993
43465  18.048  -51.507  35.994 0.5555559993
44588  17.509  -51.247  34.604 0.6666669846
43431  13.137  -52.151  38.785 0.5555559993
44602  16.135  -51.161  33.514 0.6666669846
44546  12.281  -51.427  37.540 0.5555559993
44615  14.755  -51.268  32.327 0.6666669846
42332  11.561  -52.795  38.366 0.5555559993
44606  13.206  -52.516  33.132 0.6666669846
44617  13.304  -52.145  32.177 0.6666669846
44575  18.616  -50.914  35.503 0.6666669846
44576  17.787  -51.368  35.357 0.6666669846
44601  17.257  -51.274  33.608 0.5555559993
44613  16.851  -51.494  32.533 0.6666669846
43442  11.862  -52.046  37.962 0.5555559993
44614  15.832  -51.406  32.317 0.6666669846
43451  11.804  -51.933  36.942 0.5555559993
44594  12.705  -52.424  33.925 0.6666669846
43468  12.241  -52.371  34.757 0.6666669846
44628  15.153  -51.424  31.309 0.6666669846
44629  14.266  -51.425  31.296 0.6666669846
43474  12.124  -53.168  33.762 0.6666669846
44643  14.578  -51.388  30.346 0.6666669846
44630  13.432  -51.662  31.247 0.5555559993
44600  18.347  -50.912  33.739 0.5555559993
44612  18.146  -51.115  32.484 0.5555559993
44626  17.223  -51.679  31.473 0.6666669846
44627  16.128  -51.668  31.313 0.6666669846
44631  12.537  -51.974  31.207 0.6666669846
44642  15.522  -51.410  30.156 0.6666669846
44645  12.760  -51.484  30.314 0.5555559993
45745  14.064  -51.374  29.505 0.5555559993
45724  18.931  -50.006  34.050 0.7777780294
45729  19.039  -50.121  32.987 0.5555559993
44641  16.618  -51.556  30.288 0.6666669846
45758  15.382  -51.076  28.863 0.5555559993
45744  14.805  -51.329  29.512 0.4444440007
44644  13.643  -51.398  30.176 0.5555559993
46807  19.059  -48.973  34.478 0.7777780294
46825  19.109  -48.982  33.423 0.6666669846
45735  19.026  -50.079  31.787 0.6666669846
44625  18.364  -50.973  31.119 0.6666669846
44640  17.717  -51.470  30.254 0.5555559993
44657  17.053  -51.394  29.183 0.5555559993
44658  16.152  -51.229  29.463 0.6666669846
45759  14.349  -51.249  28.590 0.4444440007
46846  19.130  -48.753  31.263 0.6666669846
46839  19.187  -48.983  32.391 0.6666669846
44639  18.537  -50.968  30.159 0.6666669846
45757  16.249  -50.938  28.745 0.5555559993
45777  16.899  -50.815  28.044 0.4444440007
45779  14.680  -50.394  27.756 0.4444440007
47992  18.947  -48.020  32.831 0.6666669846
48020  19.109  -48.096  32.041 0.6666669846
46853  19.307  -48.818  30.037 0.7777780294
45756  19.098  -49.749  29.396 0.6666669846
46861  19.347  -48.919  28.944 0.6666669846
44655  18.797  -50.547  29.519 0.6666669846
45775  18.793  -49.832  28.404 0.5555559993
45778  15.784  -50.498  28.018 0.3333329856
45793  18.363  -49.859  27.471 0.5555559993
52645  23.278  -44.254  35.918 0.5555559993
52675  23.663  -43.978  34.415 0.7777780294
52676  22.756  -43.997  34.379 0.8888890147
53717  24.020  -43.352  32.965 0.7777780294
52692  23.409  -43.832  33.604 0.8888890147
52693  22.529  -43.800  33.509 0.8888890147
53718  23.155  -43.527  32.901 0.8888890147
52704  22.225  -43.626  32.977 0.7777780294
52678  21.130  -44.413  34.258 0.7777780294
53737  22.750  -43.723  32.206 0.8888890147
52705  21.760  -43.893  32.676 0.7777780294
52696  20.552  -44.713  33.251 0.7777780294
52706  21.143  -44.297  32.332 0.7777780294
51639  20.056  -45.394  33.311 0.7777780294
51640  19.590  -45.959  33.653 0.7777780294
49279  19.053  -47.029  34.145 0.7777780294
52714  20.951  -44.407  31.493 0.7777780294
51648  20.039  -45.313  32.379 0.7777780294
50532  19.124  -46.386  32.596 0.7777780294
49291  18.905  -47.110  33.166 0.7777780294
51649  19.547  -45.842  32.919 0.7777780294
49305  18.948  -47.200  32.154 0.6666669846
48048  19.172  -47.724  31.489 0.7777780294
48105  19.583  -48.167  28.387 0.7777780294
52673  25.492  -43.890  34.529 0.5555559993
52674  24.570  -43.930  34.461 0.6666669846
52690  25.253  -43.695  33.736 0.5555559993
52691  24.320  -43.751  33.671 0.6666669846
53716  24.969  -43.234  33.051 0.7777780294
53736  23.686  -43.123  32.185 0.8888890147
53735  24.660  -42.916  32.272 0.8888890147
53754  24.377  -42.844  31.382 0.8888890147
53756  22.691  -43.579  31.155 0.7777780294
54750  24.167  -42.892  30.504 0.8888890147
53755  23.448  -43.151  31.234 0.7777780294
53769  23.201  -43.282  30.648 0.7777780294
53757  22.131  -43.922  30.923 0.6666669846
53739  21.541  -44.293  31.368 0.7777780294
52707  20.500  -44.777  32.436 0.7777780294
54766  24.795  -42.173  29.525 0.7777780294
54767  23.645  -43.041  29.863 0.7777780294
52715  20.410  -44.842  31.819 0.7777780294
50544  19.229  -46.373  31.745 0.6666669846
54775  24.708  -41.770  28.811 0.7777780294
53770  22.752  -43.525  30.360 0.6666669846
53779  22.587  -43.562  29.638 0.6666669846
53758  21.607  -44.091  30.820 0.6666669846
51656  20.059  -45.279  31.598 0.8888890147
50531  19.549  -45.789  32.100 0.7777780294
53771  22.068  -43.731  30.310 0.7777780294
52726  21.207  -44.276  30.512 0.7777780294
51670  20.199  -45.368  30.776 0.8888890147
50543  19.657  -45.832  31.293 0.7777780294
49327  19.244  -47.003  31.285 0.6666669846
56985  25.947  -41.113  27.328 0.7777780294
55805  25.322  -41.262  27.686 0.7777780294
55806  24.603  -41.564  27.653 0.7777780294
54777  23.233  -43.099  29.093 0.7777780294
53788  22.548  -43.515  28.664 0.7777780294
53789  22.023  -43.799  28.997 0.7777780294
53772  21.684  -43.938  30.290 0.7777780294
49356  19.621  -46.643  29.837 0.7777780294
49357  19.485  -46.814  30.553 0.7777780294
57006  25.578  -41.027  26.757 0.6666669846
55815  24.420  -41.358  26.781 0.6666669846
54784  23.348  -42.740  28.075 0.7777780294
53795  22.769  -43.105  27.504 0.6666669846
49377  19.601  -47.496  28.630 0.7777780294
48071  19.491  -47.197  30.008 0.7777780294
57026  25.742  -40.832  25.943 0.5555559993
55823  24.688  -40.801  26.290 0.5555559993
55824  24.237  -40.927  25.823 0.5555559993
54792  23.298  -42.364  27.057 0.6666669846
57027  25.194  -40.630  25.949 0.5555559993
52672  26.437  -43.867  34.627 0.4444440007
52689  26.215  -43.710  33.803 0.5555559993
53714  26.943  -43.306  33.158 0.4444440007
53715  25.948  -43.326  33.056 0.5555559993
53734  25.650  -42.901  32.331 0.7777780294
53753  25.362  -42.670  31.499 0.7777780294
55770  25.724  -41.800  29.191 0.8888890147
54749  25.116  -42.554  30.576 0.8888890147
55788  25.359  -41.570  28.616 0.7777780294
55787  26.230  -41.446  28.639 0.8888890147
56984  26.485  -40.910  27.418 0.7777780294
55789  24.793  -41.607  28.309 0.7777780294
57004  26.787  -40.529  26.685 0.8888890147
57005  26.193  -40.934  26.635 0.7777780294
57024  27.180  -40.295  25.756 0.8888890147
57025  26.327  -40.629  25.556 0.8888890147
58231  25.711  -40.664  25.184 0.5555559993
58246  25.237  -40.456  24.875 0.5555559993
57028  24.735  -40.595  25.664 0.5555559993
54802  23.684  -41.414  25.506 0.5555559993
57044  26.689  -40.285  24.490 0.5555559993
58244  26.048  -40.256  24.067 0.5555559993
58266  25.209  -40.107  23.951 0.5555559993
59460  24.940  -39.810  23.664 0.5555559993
57047  24.589  -40.526  24.885 0.5555559993
58265  25.564  -39.858  23.609 0.4444440007
59459  25.142  -39.568  23.351 0.4444440007
52656  26.621  -44.143  35.437 0.2222220004
52688  27.192  -43.743  33.891 0.4444440007
53713  27.950  -43.581  33.141 0.4444440007
53731  28.717  -43.296  32.417 0.5555559993
53732  27.665  -43.030  32.428 0.4444440007
53733  26.645  -42.854  32.426 0.5555559993
53749  29.501  -42.877  31.748 0.5555559993
53751  27.339  -42.545  31.694 0.6666669846
53750  28.385  -42.763  31.685 0.5555559993
53752  26.323  -42.477  31.648 0.7777780294
54746  28.023  -42.353  30.929 0.7777780294
54747  26.991  -42.260  30.868 0.7777780294
54763  27.673  -42.165  30.069 0.7777780294
54764  26.678  -42.038  30.034 0.8888890147
55769  26.461  -41.749  29.273 0.8888890147
55768  27.327  -41.759  29.315 0.7777780294
56965  27.234  -41.094  28.051 0.7777780294
56982  27.854  -40.884  27.763 0.7777780294
55803  26.719  -41.115  28.064 0.8888890147
57003  27.560  -40.253  26.855 0.7777780294
56983  27.095  -40.680  27.540 0.8888890147
57023  28.125  -40.069  25.919 0.8888890147
57042  28.699  -40.409  24.986 0.8888890147
57061  28.252  -40.346  23.859 0.6666669846
57043  27.668  -40.237  24.782 0.6666669846
57063  26.610  -40.095  23.658 0.5555559993
58264  25.853  -39.534  22.957 0.4444440007
57084  28.881  -39.942  23.091 0.3333329856
57062  27.111  -40.124  23.486 0.4444440007
58263  26.330  -39.770  23.024 0.4444440007
59457  25.654  -39.171  22.439 0.4444440007
52655  27.613  -44.133  35.534 0.2222220004
52671  27.411  -43.920  34.725 0.3333329856
52654  28.603  -43.999  35.613 0.3333329856
52687  28.206  -43.888  33.984 0.4444440007
52686  29.230  -43.858  34.181 0.3333329856
53730  29.797  -43.309  32.572 0.6666669846
53712  29.054  -43.624  33.295 0.4444440007
54745  29.121  -42.181  31.144 0.6666669846
54762  28.640  -41.821  30.363 0.7777780294
55767  28.298  -41.703  29.502 0.7777780294
55784  28.836  -41.383  29.006 0.7777780294
55800  29.337  -40.902  28.488 0.7777780294
55801  28.435  -41.096  28.367 0.7777780294
56980  29.926  -40.622  27.763 0.8888890147
57021  30.179  -40.356  26.055 0.8888890147
57002  28.505  -40.424  26.904 0.7777780294
57022  29.136  -40.291  26.007 0.8888890147
57040  30.831  -40.300  25.150 0.8888890147
57041  29.766  -40.368  25.090 0.8888890147
57059  30.380  -40.192  24.177 0.8888890147
57060  29.323  -40.248  24.080 0.6666669846
57083  29.891  -40.257  23.188 0.4444440007
52669  29.317  -44.119  34.963 0.2222220004
52685  30.033  -44.139  34.369 0.5555559993
53748  30.337  -42.937  31.985 0.7777780294
55750  31.652  -41.651  30.836 0.6666669846
54744  30.630  -42.207  31.226 0.7777780294
55763  32.089  -41.091  30.333 0.8888890147
55764  31.055  -41.486  30.179 0.7777780294
54760  30.340  -41.670  30.471 0.7777780294
54761  29.653  -41.688  30.533 0.8888890147
55781  31.765  -40.669  29.481 0.8888890147
55782  30.715  -41.093  29.316 0.7777780294
55766  29.158  -41.296  29.864 0.8888890147
56963  32.027  -40.142  28.696 0.8888890147
55799  30.316  -40.817  28.546 0.8888890147
55783  29.726  -41.149  29.222 0.7777780294
55798  31.281  -40.584  28.620 0.8888890147
56979  30.913  -40.418  27.813 0.8888890147
57000  30.547  -40.308  26.967 0.8888890147
57020  31.218  -40.176  26.104 0.8888890147
57039  31.881  -40.030  25.169 0.8888890147
57058  31.457  -40.322  24.212 0.8888890147
57081  32.063  -40.378  23.206 0.6666669846
57082  30.946  -40.423  23.233 0.5555559993
52668  30.219  -44.373  35.001 0.2222220004
53703  31.576  -43.259  34.052 0.3333329856
53696  31.039  -44.132  34.897 0.4444440007
53711  30.379  -43.549  33.577 0.5555559993
54730  31.664  -42.514  32.213 0.6666669846
54731  30.932  -42.759  32.075 0.7777780294
54743  32.024  -42.001  31.482 0.6666669846
55780  32.584  -40.584  29.854 0.8888890147
56962  32.745  -39.990  29.159 0.8888890147
56978  31.821  -40.073  27.926 0.8888890147
56998  32.536  -39.742  27.153 0.8888890147
56999  31.527  -40.009  27.033 0.8888890147
57018  33.311  -39.686  26.233 0.8888890147
57019  32.232  -39.827  26.151 0.8888890147
57037  34.051  -39.808  25.275 0.8888890147
57038  32.999  -40.009  25.211 0.7777780294
57055  34.658  -39.757  24.523 0.7777780294
57056  33.812  -39.958  24.089 0.7777780294
57057  32.595  -40.327  24.194 0.7777780294
53695  31.952  -43.436  34.694 0.3333329856
54711  32.325  -43.069  34.361 0.3333329856
54718  32.241  -42.486  32.914 0.5555559993
56950  33.243  -40.292  29.793 0.8888890147
56976  33.482  -39.597  28.436 0.8888890147
58221  33.931  -39.380  28.055 0.8888890147
56997  33.683  -39.456  27.383 0.8888890147
56996  34.803  -39.307  26.991 0.8888890147
57017  34.369  -39.537  26.215 0.8888890147
57036  35.082  -39.635  25.246 0.8888890147
53694  32.591  -43.088  34.775 0.3333329856
53702  32.286  -42.866  33.807 0.3333329856
54729  32.891  -42.036  32.326 0.7777780294
55747  34.289  -40.863  31.718 0.7777780294
55748  33.361  -41.342  31.478 0.8888890147
56960  34.457  -39.575  29.685 1.0000000000
56949  34.003  -40.203  30.230 1.0000000000
55762  33.097  -40.853  30.502 0.8888890147
56961  33.760  -39.705  29.297 0.8888890147
58195  34.443  -39.276  29.095 1.0000000000
58209  34.124  -39.304  28.542 0.8888890147
58220  34.443  -39.197  27.842 0.8888890147
56995  35.703  -39.481  26.807 1.0000000000
57016  35.294  -39.543  26.148 0.8888890147
56994  36.230  -39.487  26.587 0.8888890147
57015  36.051  -39.577  26.046 0.8888890147
58242  35.733  -39.409  24.962 0.8888890147
54710  33.003  -42.688  34.266 0.3333329856
55722  33.778  -41.716  33.261 0.5555559993
55707  33.741  -41.883  33.864 0.3333329856
55736  33.986  -41.288  32.433 0.7777780294
56948  34.985  -39.715  30.396 0.7777780294
56938  34.580  -40.384  31.073 0.7777780294
58194  35.175  -39.090  29.404 1.0000000000
58207  35.842  -38.941  28.414 1.0000000000
58219  35.344  -39.125  27.617 1.0000000000
58218  36.493  -39.296  27.204 1.0000000000
58229  36.533  -39.279  26.186 1.0000000000
58240  36.973  -38.439  25.238 1.0000000000
58241  36.399  -38.964  25.093 0.8888890147
59435  37.349  -37.728  25.029 1.0000000000
55691  33.618  -42.337  34.440 0.3333329856
56923  34.859  -40.389  31.860 0.6666669846
58179  35.711  -39.255  30.095 0.8888890147
58193  36.346  -38.953  29.422 1.0000000000
58206  37.007  -38.840  28.360 1.0000000000
58217  37.501  -38.706  27.183 1.0000000000
58228  37.146  -38.705  26.002 1.0000000000
59418  37.934  -37.759  26.287 1.0000000000
54702  34.041  -42.367  34.739 0.3333329856
55706  34.356  -41.413  33.910 0.3333329856
55735  34.694  -40.513  32.528 0.5555559993
55721  34.519  -40.887  33.234 0.4444440007
56937  35.275  -40.066  31.429 0.6666669846
56922  35.220  -39.978  32.415 0.6666669846
58163  35.847  -39.614  30.890 0.6666669846
58192  36.956  -38.864  29.118 1.0000000000
58205  37.706  -38.642  27.887 1.0000000000
60587  37.884  -36.626  25.433 1.0000000000
55689  34.987  -41.359  34.831 0.3333329856
56843  34.737  -41.254  34.235 0.3333329856
56898  34.992  -40.328  33.365 0.4444440007
55734  34.969  -40.060  32.791 0.5555559993
55720  34.860  -40.253  33.021 0.3333329856
58162  36.698  -39.303  31.285 0.6666669846
59352  37.008  -38.885  30.500 0.8888890147
58178  36.382  -39.182  30.348 0.7777780294
59370  37.242  -38.735  29.638 0.8888890147
59387  37.306  -38.807  28.950 0.8888890147
59401  38.200  -38.228  27.393 1.0000000000
59417  38.615  -37.424  26.865 1.0000000000
60568  38.400  -36.618  26.291 1.0000000000
61768  37.855  -35.563  24.835 1.0000000000
61752  38.306  -35.585  25.738 1.0000000000
62954  38.287  -34.892  25.102 1.0000000000
56842  35.237  -40.973  34.399 0.4444440007
56870  35.618  -40.114  33.580 0.4444440007
56841  35.889  -40.218  33.877 0.2222220004
58111  35.752  -39.452  33.157 0.3333329856
56897  35.184  -39.800  33.047 0.4444440007
58123  36.194  -39.028  33.004 0.4444440007
58124  35.699  -39.474  32.751 0.5555559993
58143  36.469  -39.281  32.404 0.6666669846
59351  37.429  -38.325  30.519 0.8888890147
59337  37.164  -38.639  31.086 0.7777780294
59386  38.054  -38.562  28.590 0.8888890147
59400  38.900  -37.649  27.736 0.8888890147
61738  38.620  -35.826  26.461 1.0000000000
61751  38.668  -35.142  26.287 1.0000000000
62953  38.640  -34.500  25.720 1.0000000000
64049  38.625  -33.656  24.231 0.8888890147
59312  37.419  -38.449  32.975 0.5555559993
59336  37.462  -38.191  31.334 0.7777780294
59313  36.895  -38.779  32.689 0.6666669846
59369  38.155  -38.224  29.772 0.8888890147
59385  39.272  -37.838  28.898 0.8888890147
60549  39.452  -36.664  27.996 0.8888890147
60567  38.993  -36.458  27.048 0.8888890147
65132  39.119  -32.693  24.839 1.0000000000
64037  38.798  -33.595  25.270 0.8888890147
65145  39.073  -32.526  23.826 0.8888890147
66213  39.084  -31.554  23.381 1.0000000000
59323  37.497  -38.316  32.182 0.6666669846
59350  38.090  -37.900  30.737 0.8888890147
59368  38.985  -37.734  30.088 0.8888890147
61737  38.856  -35.341  26.925 0.8888890147
62938  38.874  -34.454  26.639 1.0000000000
65122  38.977  -32.847  25.676 1.0000000000
66201  39.276  -31.496  24.404 1.0000000000
67329  38.903  -30.848  22.964 0.8888890147
59334  38.863  -37.589  32.014 0.7777780294
59384  39.652  -37.242  29.544 0.8888890147
61722  39.274  -35.531  27.616 0.8888890147
62921  39.003  -34.663  27.383 0.8888890147
64026  38.899  -33.580  26.188 1.0000000000
67281  39.318  -30.817  25.130 1.0000000000
67311  39.024  -30.595  23.656 1.0000000000
67330  38.472  -30.499  22.322 1.0000000000
68468  37.010  -28.844  22.106 0.7777780294
59367  39.797  -37.117  30.428 0.7777780294
61706  39.704  -35.647  28.313 0.8888890147
64013  38.929  -33.486  27.363 0.8888890147
65113  38.951  -32.584  26.460 1.0000000000
66188  39.198  -31.809  25.608 1.0000000000
67272  39.242  -30.650  26.013 1.0000000000
69499  37.990  -28.408  24.988 1.0000000000
68428  39.046  -29.743  25.170 1.0000000000
69505  37.564  -28.769  23.895 1.0000000000
68439  38.259  -29.208  24.438 1.0000000000
68438  38.724  -29.863  24.038 1.0000000000
68450  38.658  -29.975  23.449 1.0000000000
70580  36.313  -27.785  23.057 1.0000000000
69512  37.410  -28.854  23.276 1.0000000000
68451  38.003  -29.439  23.120 1.0000000000
67312  38.663  -30.222  23.071 1.0000000000
71712  36.083  -27.489  22.711 1.0000000000
69513  36.856  -28.418  23.103 1.0000000000
68452  37.313  -28.863  22.912 1.0000000000
69530  36.685  -28.546  22.515 0.8888890147
68467  37.709  -29.819  21.809 1.0000000000
71732  36.267  -26.801  22.190 0.7777780294
71733  35.757  -27.298  22.145 0.7777780294
60511  40.434  -36.219  30.241 0.8888890147
61705  39.975  -35.606  29.003 0.8888890147
62905  39.397  -34.494  28.230 0.8888890147
65103  38.930  -32.280  27.254 0.8888890147
66179  39.107  -31.540  26.679 1.0000000000
68429  38.495  -28.989  25.317 1.0000000000
69506  37.313  -28.150  24.233 1.0000000000
70579  36.876  -27.680  23.751 1.0000000000
70571  37.505  -27.600  24.558 1.0000000000
71694  37.259  -27.053  24.160 1.0000000000
71711  36.482  -27.097  23.125 1.0000000000
72883  36.854  -26.603  22.868 1.0000000000
62889  39.407  -33.915  28.814 0.7777780294
63990  39.311  -33.424  29.243 0.7777780294
61690  40.347  -35.497  29.630 0.7777780294
65091  38.882  -32.391  28.122 0.7777780294
64001  38.993  -33.390  28.543 0.8888890147
66167  38.982  -31.413  27.638 0.8888890147
67262  39.141  -30.500  27.060 1.0000000000
68417  39.075  -29.563  26.391 1.0000000000
70566  38.088  -27.732  25.263 1.0000000000
70565  38.340  -28.020  25.735 1.0000000000
71670  38.626  -27.491  25.658 1.0000000000
69493  38.590  -28.472  26.044 1.0000000000
71681  38.863  -27.312  25.721 1.0000000000
72847  37.874  -26.575  24.539 1.0000000000
71682  38.118  -27.202  24.987 1.0000000000
72865  38.017  -26.117  23.919 1.0000000000
72882  37.544  -26.418  23.079 1.0000000000
72866  37.199  -26.480  23.671 1.0000000000
71731  37.055  -26.715  22.240 1.0000000000
71749  37.303  -26.930  21.388 1.0000000000
63989  39.677  -33.370  29.794 0.7777780294
65080  38.967  -32.400  29.255 0.7777780294
66157  38.925  -31.371  28.624 0.7777780294
70539  38.398  -27.542  27.224 0.8888890147
69475  38.414  -28.128  27.004 1.0000000000
68418  38.859  -29.096  25.830 1.0000000000
71669  38.817  -27.412  26.618 1.0000000000
70555  38.580  -27.716  25.951 1.0000000000
69492  38.872  -28.936  26.284 1.0000000000
72846  38.582  -26.828  24.577 1.0000000000
72881  38.171  -26.379  23.335 1.0000000000
71730  38.117  -26.757  22.590 1.0000000000
71748  38.340  -27.372  21.570 1.0000000000
65079  39.253  -32.932  29.653 0.5555559993
63982  39.952  -33.326  30.580 0.4444440007
65072  39.370  -32.415  30.201 0.5555559993
65073  39.072  -31.850  29.863 0.5555559993
67254  38.958  -30.412  28.069 1.0000000000
70527  38.330  -27.950  28.530 0.8888890147
69446  38.485  -28.467  28.945 0.7777780294
68388  38.799  -29.387  28.509 1.0000000000
68401  38.908  -29.490  27.474 1.0000000000
69460  38.324  -27.863  27.572 0.8888890147
69474  38.763  -28.792  26.859 1.0000000000
70528  38.421  -27.514  28.135 0.8888890147
71657  38.696  -27.175  27.655 0.8888890147
72787  38.996  -26.962  27.468 0.8888890147
72808  39.239  -27.231  26.615 0.8888890147
72786  39.389  -26.757  27.442 0.8888890147
72807  39.638  -27.085  26.599 1.0000000000
72845  39.269  -27.022  24.814 1.0000000000
72864  38.692  -26.626  23.927 1.0000000000
71709  38.965  -26.869  23.343 1.0000000000
71710  38.484  -26.580  23.292 1.0000000000
70662  35.651  -28.093  16.831 0.5555559993
70684  34.975  -28.214  15.818 0.3333329856
65062  39.736  -32.367  31.130 0.5555559993
66141  39.359  -31.733  30.908 0.5555559993
66148  38.958  -31.267  29.556 0.6666669846
68374  38.720  -29.337  29.539 0.6666669846
67243  38.928  -30.340  29.071 0.5555559993
69459  38.499  -28.430  27.886 0.8888890147
70517  38.485  -27.516  29.112 0.7777780294
71640  38.674  -27.006  28.939 0.7777780294
71648  38.719  -26.978  28.397 0.8888890147
71647  38.870  -26.731  28.944 0.7777780294
72768  39.111  -26.602  28.371 0.7777780294
72767  39.660  -26.246  28.122 0.7777780294
72785  39.889  -26.577  27.318 0.8888890147
72806  40.119  -26.860  26.564 0.8888890147
72827  39.765  -27.129  25.754 1.0000000000
72863  39.511  -26.883  24.157 1.0000000000
71729  39.200  -27.098  22.496 1.0000000000
71747  39.466  -27.740  21.668 1.0000000000
71769  38.699  -27.885  20.577 1.0000000000
71790  37.892  -28.231  19.271 0.7777780294
70628  38.903  -28.356  18.767 0.7777780294
71808  37.501  -28.389  18.379 0.5555559993
70661  36.709  -28.320  16.786 0.5555559993
70644  38.188  -28.553  18.029 0.5555559993
70645  37.207  -28.423  17.687 0.5555559993
70660  37.796  -28.538  16.886 0.5555559993
70683  36.060  -28.212  15.842 0.4444440007
70704  35.361  -27.666  14.990 0.3333329856
71863  34.666  -26.553  14.656 0.1111110002
72966  33.846  -25.571  14.692 0.1111110002
74025  32.214  -24.645  15.495 0.1111110002
74005  31.855  -23.979  16.370 0.1111110002
75194  32.451  -23.631  15.774 0.1111110002
75175  32.408  -23.236  16.602 0.1111110002
66142  39.030  -31.309  30.429 0.5555559993
66126  39.519  -31.433  31.628 0.5555559993
67227  38.837  -30.319  30.063 0.5555559993
67212  39.189  -30.828  31.535 0.5555559993
67213  38.894  -30.321  31.166 0.5555559993
67197  39.012  -29.824  31.748 0.5555559993
69431  38.547  -28.250  30.015 0.7777780294
71639  38.843  -26.847  29.586 0.5555559993
72756  39.143  -26.376  29.385 0.4444440007
72730  39.737  -26.056  31.150 0.4444440007
72742  39.567  -25.877  30.014 0.5555559993
73814  40.824  -25.281  31.448 0.3333329856
73848  40.044  -25.585  29.547 0.5555559993
72766  40.251  -25.996  27.812 0.6666669846
72784  40.442  -26.338  27.096 0.6666669846
72826  40.260  -26.884  25.896 0.8888890147
72805  40.615  -26.499  26.371 0.6666669846
72844  40.077  -26.933  25.028 0.8888890147
72862  40.184  -26.859  24.304 1.0000000000
71708  40.091  -26.895  23.465 1.0000000000
71746  40.601  -27.772  21.614 1.0000000000
71768  39.871  -28.106  20.700 1.0000000000
70626  40.899  -28.230  18.901 1.0000000000
71788  40.366  -28.205  19.768 1.0000000000
71789  39.261  -28.064  19.637 1.0000000000
70641  41.441  -28.025  18.089 1.0000000000
70627  39.865  -28.408  18.864 0.8888890147
70657  41.031  -28.026  17.165 1.0000000000
70658  39.854  -28.502  16.770 0.7777780294
70643  39.342  -28.581  17.935 0.6666669846
70659  38.777  -28.567  17.105 0.5555559993
70679  40.687  -27.659  16.252 0.6666669846
69579  39.383  -28.292  16.243 0.5555559993
69594  38.098  -28.352  16.216 0.5555559993
70682  37.259  -28.120  15.963 0.4444440007
70680  39.424  -27.681  15.770 0.5555559993
70681  38.245  -27.901  15.725 0.3333329856
70703  36.487  -27.571  15.163 0.3333329856
71862  35.836  -26.693  14.573 0.3333329856
72965  34.514  -25.803  14.605 0.1111110002
71860  37.810  -26.486  14.935 0.3333329856
70702  37.514  -27.370  15.301 0.3333329856
72964  36.457  -26.029  14.592 0.3333329856
71881  35.265  -26.195  14.514 0.2222220004
65042  40.296  -32.286  32.919 0.4444440007
65029  40.478  -31.878  33.346 0.2222220004
66109  39.876  -31.352  32.520 0.5555559993
66083  41.160  -31.657  33.809 0.3333329856
66084  40.666  -31.434  33.593 0.5555559993
68346  38.872  -29.265  31.447 0.5555559993
69416  38.765  -28.386  31.047 0.4444440007
71628  38.949  -26.848  30.449 0.4444440007
72731  39.220  -26.479  30.793 0.4444440007
71597  40.364  -26.689  32.341 0.4444440007
71581  41.202  -26.890  32.280 0.1111110002
71595  41.868  -26.514  31.661 0.1111110002
73802  40.996  -25.588  31.857 0.1111110002
73829  41.317  -24.876  30.505 0.1111110002
73830  40.292  -25.349  30.514 0.2222220004
73847  40.863  -25.152  29.348 0.2222220004
72754  40.174  -25.736  28.694 0.4444440007
73863  40.861  -25.467  28.172 0.4444440007
72783  41.064  -26.056  26.836 0.5555559993
72804  41.257  -26.222  26.093 0.5555559993
72825  40.745  -26.653  25.595 0.8888890147
72824  41.488  -26.382  25.299 0.7777780294
72843  40.831  -26.779  24.695 0.8888890147
71691  41.993  -26.749  23.558 0.8888890147
71692  41.057  -26.861  23.900 1.0000000000
71706  42.085  -26.917  22.692 1.0000000000
71707  41.129  -26.875  23.008 1.0000000000
71728  40.294  -27.127  22.356 1.0000000000
71745  41.640  -27.716  21.448 1.0000000000
71727  41.316  -27.139  22.137 1.0000000000
71744  42.586  -27.500  21.198 1.0000000000
71726  42.273  -27.227  21.953 1.0000000000
71767  40.981  -28.079  20.679 1.0000000000
71765  42.883  -27.580  20.337 1.0000000000
71787  41.392  -28.036  19.751 1.0000000000
70639  43.080  -27.320  18.348 1.0000000000
70640  42.325  -27.694  18.236 1.0000000000
70655  42.724  -27.313  17.815 1.0000000000
70656  42.038  -27.511  17.394 1.0000000000
71823  42.101  -26.800  16.671 0.8888890147
71838  41.310  -26.757  16.218 0.6666669846
71839  40.435  -26.658  15.881 0.6666669846
71840  39.649  -26.341  15.611 0.6666669846
70701  38.451  -27.115  15.293 0.4444440007
72944  40.313  -25.563  15.772 0.4444440007
72960  39.573  -25.385  15.466 0.3333329856
72963  37.211  -25.731  14.711 0.3333329856
66097  40.242  -31.337  33.237 0.5555559993
67173  40.446  -30.580  33.581 0.3333329856
67185  39.926  -30.441  33.029 0.5555559993
68333  39.152  -29.306  32.144 0.5555559993
68332  39.619  -29.452  32.827 0.4444440007
69404  39.049  -28.441  31.850 0.4444440007
70476  39.030  -27.615  31.501 0.4444440007
70466  39.823  -27.729  32.666 0.4444440007
71582  40.645  -27.006  32.501 0.3333329856
70463  41.325  -27.668  32.279 0.1111110002
72714  41.822  -25.691  31.723 0.1111110002
73801  41.505  -25.394  31.702 0.1111110002
71613  42.062  -27.033  31.301 0.1111110002
73813  41.843  -24.905  31.318 0.1111110002
73846  42.016  -24.815  29.533 0.2222220004
73862  41.751  -24.991  28.409 0.3333329856
73891  41.698  -25.833  26.520 0.5555559993
72803  42.018  -25.948  25.829 0.6666669846
72842  41.773  -26.566  24.452 0.7777780294
72841  42.852  -26.245  24.086 0.7777780294
72892  44.822  -26.358  21.497 0.7777780294
72860  43.945  -25.893  23.404 0.7777780294
72878  44.974  -25.719  22.587 0.8888890147
72879  43.827  -26.502  22.340 0.7777780294
72861  42.908  -26.463  23.060 0.8888890147
72900  45.498  -25.892  20.938 0.8888890147
72893  43.907  -26.780  21.450 1.0000000000
72901  45.064  -26.331  20.454 0.8888890147
71742  44.283  -26.833  20.710 1.0000000000
71764  43.763  -27.345  20.070 1.0000000000
71785  43.164  -27.572  19.482 1.0000000000
70622  43.616  -27.415  18.837 1.0000000000
70624  42.691  -27.675  18.925 1.0000000000
70638  43.568  -27.309  18.598 1.0000000000
71822  42.903  -26.712  17.364 1.0000000000
72930  42.589  -25.959  16.695 0.8888890147
72943  41.071  -25.789  16.116 0.6666669846
67172  40.911  -30.743  33.928 0.3333329856
68321  40.243  -29.578  33.508 0.4444440007
68320  40.798  -29.449  33.799 0.3333329856
69403  39.425  -28.502  32.547 0.4444440007
70465  40.371  -27.838  32.835 0.3333329856
70464  40.913  -27.807  32.755 0.3333329856
69391  41.604  -28.960  32.512 0.2222220004
71611  43.982  -26.001  31.040 0.1111110002
71593  43.614  -25.797  31.373 0.1111110002
71594  43.160  -25.901  31.418 0.1111110002
73800  42.307  -25.196  31.587 0.1111110002
73876  42.621  -25.007  27.552 0.5555559993
73890  42.593  -25.558  26.485 0.6666669846
73915  44.594  -25.013  24.839 0.6666669846
73933  44.008  -25.552  23.941 0.7777780294
73916  43.956  -25.468  24.516 0.7777780294
72840  43.618  -25.822  24.166 0.7777780294
72822  43.266  -25.915  24.856 0.6666669846
73904  42.811  -25.862  25.591 0.6666669846
73943  44.982  -25.276  23.080 0.7777780294
72859  44.636  -25.523  23.210 0.7777780294
72908  45.493  -25.647  20.281 0.8888890147
71763  44.655  -26.918  19.763 1.0000000000
72909  45.141  -25.890  19.492 1.0000000000
71783  44.623  -26.581  18.788 1.0000000000
72917  44.799  -25.709  18.579 1.0000000000
71805  44.415  -26.192  18.334 1.0000000000
71821  43.402  -26.240  17.544 1.0000000000
72929  43.174  -25.791  17.167 1.0000000000
73982  42.291  -25.214  16.399 0.7777780294
73980  43.438  -24.963  17.199 1.0000000000
73981  42.839  -25.094  16.790 1.0000000000
75141  42.493  -24.511  16.453 0.7777780294
74003  40.968  -24.744  16.035 0.6666669846
68308  40.701  -30.027  33.879 0.3333329856
69393  40.671  -28.754  33.289 0.3333329856
69392  41.211  -28.820  33.032 0.2222220004
73810  44.483  -24.934  30.698 0.1111110002
73826  44.113  -24.750  30.493 0.1111110002
73809  45.032  -24.955  30.287 0.1111110002
73811  43.562  -24.911  31.230 0.1111110002
73799  42.893  -25.111  31.433 0.1111110002
72726  44.859  -25.376  30.401 0.1111110002
73875  43.588  -24.806  27.842 0.3333329856
73845  43.076  -24.744  29.667 0.3333329856
73828  42.396  -24.780  30.523 0.1111110002
73889  43.576  -24.993  26.754 0.5555559993
73861  42.793  -24.820  28.648 0.3333329856
76246  46.922  -23.390  24.156 0.3333329856
75035  46.493  -23.656  23.998 0.3333329856
75036  45.865  -24.203  24.582 0.5555559993
75024  45.553  -24.295  25.653 0.5555559993
73914  45.243  -24.615  25.133 0.5555559993
73902  44.700  -24.693  25.956 0.5555559993
73903  43.682  -25.421  25.598 0.5555559993
76271  47.856  -22.955  23.587 0.2222220004
76272  47.233  -23.307  23.402 0.3333329856
75062  46.266  -24.166  22.959 0.5555559993
75054  46.025  -24.136  23.584 0.5555559993
73931  45.332  -24.629  24.105 0.5555559993
76311  47.829  -22.749  22.017 0.4444440007
75061  46.609  -24.042  22.334 0.5555559993
73941  46.201  -24.373  22.399 0.5555559993
73942  45.703  -24.696  22.784 0.6666669846
76312  47.156  -23.018  21.536 0.5555559993
75071  46.509  -23.904  21.223 0.6666669846
73949  46.281  -24.415  22.086 0.6666669846
72877  45.592  -25.200  22.184 0.6666669846
75087  46.262  -23.340  20.574 0.6666669846
75072  46.186  -24.449  20.959 0.8888890147
73956  45.912  -25.083  20.769 0.8888890147
75088  45.935  -23.926  20.257 0.8888890147
75105  45.301  -23.989  19.292 1.0000000000
73964  45.538  -24.906  19.819 0.8888890147
73965  45.070  -24.893  18.969 1.0000000000
73970  44.666  -24.892  18.180 1.0000000000
75118  44.356  -24.116  17.782 1.0000000000
73971  44.056  -24.911  17.649 1.0000000000
75119  43.772  -24.159  17.203 1.0000000000
75140  43.082  -24.208  16.777 1.0000000000
75142  42.102  -24.709  16.283 0.7777780294
75172  41.016  -23.792  15.633 0.4444440007
75171  41.899  -24.116  16.152 0.6666669846
76409  41.174  -23.327  15.219 0.4444440007
75173  40.466  -23.751  15.394 0.3333329856
76417  40.977  -23.115  14.672 0.3333329856
75189  40.724  -23.383  15.200 0.3333329856
73825  44.954  -24.685  29.927 0.2222220004
73844  44.098  -24.606  29.708 0.2222220004
74987  45.182  -24.438  28.344 0.2222220004
73859  44.477  -24.517  28.877 0.2222220004
73860  43.740  -24.650  28.823 0.3333329856
73827  43.353  -24.769  30.539 0.1111110002
75011  46.366  -24.080  26.110 0.2222220004
75012  45.472  -24.238  26.561 0.4444440007
75002  45.023  -24.342  27.361 0.4444440007
73874  44.421  -24.608  28.082 0.3333329856
76228  47.097  -23.579  25.221 0.2222220004
75023  46.443  -23.863  24.989 0.3333329856
73901  45.161  -24.511  25.584 0.5555559993
73888  44.368  -24.629  27.116 0.5555559993
77491  48.293  -22.609  22.892 0.2222220004
77490  48.655  -22.346  22.998 0.2222220004
76292  47.902  -22.886  22.779 0.4444440007
77508  48.700  -21.636  22.333 0.3333329856
77516  47.644  -21.990  21.460 0.4444440007
76331  46.568  -22.843  20.730 0.5555559993
77526  46.429  -22.096  20.193 0.6666669846
76332  45.985  -22.740  20.103 0.8888890147
76347  45.497  -23.066  19.435 0.8888890147
76348  45.023  -23.228  18.696 0.8888890147
77546  44.946  -22.583  18.017 1.0000000000
75106  44.759  -24.048  18.524 1.0000000000
78719  45.508  -22.133  16.354 1.0000000000
78699  44.773  -22.502  16.892 1.0000000000
77547  44.584  -22.962  17.425 1.0000000000
78737  44.863  -22.729  15.597 0.8888890147
78720  44.814  -22.601  16.283 1.0000000000
78721  43.955  -22.688  16.060 1.0000000000
77561  43.571  -22.987  16.412 1.0000000000
75169  43.046  -23.714  16.541 1.0000000000
78755  45.022  -22.961  14.656 0.8888890147
78756  44.051  -22.766  14.715 0.8888890147
78738  44.021  -22.694  15.449 0.8888890147
77576  43.295  -23.018  15.965 1.0000000000
76407  42.744  -23.418  16.094 0.8888890147
78768  44.565  -22.993  13.961 0.8888890147
78770  43.287  -22.967  14.068 0.7777780294
77600  42.949  -23.364  14.950 0.5555559993
77586  42.295  -23.501  15.222 0.5555559993
76408  41.860  -23.429  15.384 0.7777780294
76416  41.841  -23.305  14.842 0.3333329856
78769  44.058  -22.889  14.047 0.7777780294
76424  40.747  -22.842  14.083 0.3333329856
78642  48.977  -21.161  22.205 0.3333329856
78643  48.509  -21.146  22.067 0.4444440007
78655  47.989  -20.876  21.417 0.4444440007
78656  47.408  -21.350  20.854 0.5555559993
78664  46.936  -21.317  19.969 0.6666669846
77527  46.047  -22.128  19.829 0.7777780294
78680  46.055  -21.438  17.712 1.0000000000
78698  45.384  -21.912  17.000 1.0000000000
78682  44.980  -22.376  17.500 1.0000000000
77536  45.332  -22.613  18.785 1.0000000000
78718  46.223  -21.652  16.311 1.0000000000
78736  45.721  -22.423  15.666 1.0000000000
78754  46.143  -22.723  15.031 1.0000000000
77599  45.756  -22.927  14.271 0.8888890147
77618  45.096  -22.937  13.600 0.7777780294
77637  46.560  -22.500  12.634 0.8888890147
77617  46.029  -22.660  13.531 0.8888890147
77650  46.180  -22.383  11.727 0.6666669846
77639  44.630  -22.411  12.615 0.6666669846
77619  44.205  -22.676  13.442 0.6666669846
77651  45.188  -22.092  11.560 0.5555559993
79872  48.589  -20.180  21.105 0.4444440007
79882  49.039  -19.862  20.484 0.5555559993
79883  48.067  -20.109  20.425 0.4444440007
79884  47.474  -20.556  19.901 0.4444440007
79893  47.081  -20.750  19.161 0.7777780294
77534  46.256  -21.789  19.619 0.7777780294
77535  45.786  -22.184  19.230 0.8888890147
78671  46.202  -21.460  18.821 0.7777780294
77545  45.485  -22.244  18.492 0.8888890147
78695  47.568  -20.884  16.893 1.0000000000
78696  46.689  -20.949  16.849 1.0000000000
79923  46.504  -21.032  17.475 1.0000000000
78672  45.794  -21.965  18.589 1.0000000000
78717  47.065  -21.382  16.296 1.0000000000
78734  47.478  -21.757  15.697 1.0000000000
78697  45.889  -21.254  16.895 1.0000000000
78735  46.590  -22.032  15.705 1.0000000000
77597  47.392  -22.115  14.208 1.0000000000
78753  46.901  -22.038  14.959 1.0000000000
77616  46.933  -22.299  13.477 1.0000000000
77598  46.439  -22.447  14.284 0.8888890147
77649  47.128  -22.362  11.711 0.5555559993
77662  46.647  -22.140  11.128 0.4444440007
77664  45.304  -21.652  10.671 0.4444440007
78822  45.807  -21.294  10.232 0.3333329856
79890  49.653  -19.565  19.877 0.3333329856
79900  49.920  -19.528  18.931 0.7777780294
79891  48.838  -19.847  19.635 0.5555559993
79892  47.884  -20.200  19.392 0.4444440007
79920  49.429  -20.042  17.785 0.7777780294
79901  48.622  -20.040  18.639 0.7777780294
79902  47.659  -20.623  18.493 0.7777780294
79939  49.121  -20.678  16.984 1.0000000000
79940  48.323  -20.855  16.806 1.0000000000
79921  48.285  -20.600  17.627 0.7777780294
79903  46.829  -21.128  18.238 0.7777780294
78714  49.698  -20.899  16.254 1.0000000000
78715  48.778  -21.089  16.272 1.0000000000
78750  49.710  -21.685  14.928 0.8888890147
78732  49.261  -21.392  15.614 1.0000000000
78733  48.360  -21.542  15.649 1.0000000000
78716  47.909  -21.173  16.242 1.0000000000
77595  49.292  -22.044  14.258 1.0000000000
78751  48.808  -21.734  14.918 1.0000000000
78752  47.876  -21.845  14.932 1.0000000000
77614  48.909  -22.458  13.530 0.7777780294
77596  48.374  -22.184  14.255 1.0000000000
77615  47.931  -22.362  13.488 0.8888890147
77635  48.453  -22.419  12.723 0.7777780294
77636  47.517  -22.387  12.666 0.7777780294
77648  48.093  -22.227  11.924 0.5555559993
78801  47.690  -21.985  11.076 0.5555559993
78802  47.088  -22.116  11.033 0.5555559993
78821  46.832  -21.741  10.343 0.5555559993
81052  52.442  -19.024  18.864 0.3333329856
81043  51.908  -19.242  19.455 0.3333329856
81053  51.650  -19.229  18.894 0.3333329856
81054  50.817  -19.428  19.234 0.4444440007
79937  51.452  -20.027  16.844 0.7777780294
79919  50.652  -19.771  17.853 0.6666669846
79938  50.188  -20.399  17.008 0.7777780294
78713  50.693  -20.732  16.159 1.0000000000
78730  50.983  -20.939  15.274 0.7777780294
78731  50.162  -21.227  15.527 1.0000000000
77593  50.767  -21.654  14.213 0.7777780294
77594  50.118  -21.867  14.263 0.7777780294
77612  50.493  -21.818  13.683 0.7777780294
77633  50.274  -21.869  12.914 0.7777780294
77634  49.385  -22.258  12.677 0.5555559993
77647  48.836  -22.221  12.106 0.5555559993
78836  47.240  -20.927  9.497 0.4444440007
80017  46.571  -20.126  8.930 0.2222220004
81042  52.717  -19.247  19.268 0.2222220004
81051  53.179  -19.086  18.581 0.3333329856
79917  52.471  -19.307  17.782 0.6666669846
79947  51.556  -20.617  15.900 0.8888890147
78748  51.252  -21.311  14.397 0.7777780294
77611  51.025  -21.610  13.878 0.7777780294
77632  50.901  -21.642  13.255 0.7777780294
78784  49.873  -21.849  12.025 0.6666669846
78785  49.260  -22.047  12.021 0.5555559993
78835  48.268  -21.002  9.226 0.4444440007
78820  48.048  -21.685  10.126 0.5555559993
80036  49.404  -19.939  8.111 0.4444440007
78834  49.320  -20.754  8.913 0.4444440007
80014  48.911  -20.190  8.421 0.3333329856
80015  48.378  -20.320  8.559 0.3333329856
80052  49.992  -19.746  7.621 0.4444440007
80037  48.536  -19.767  8.106 0.3333329856
80038  47.763  -19.683  8.198 0.3333329856
80016  47.515  -20.280  8.770 0.3333329856
81185  49.363  -18.986  7.103 0.2222220004
81173  48.744  -19.291  7.665 0.2222220004
81186  48.403  -18.614  7.281 0.2222220004
81070  52.719  -19.077  18.070 0.4444440007
81050  53.853  -19.122  18.173 0.3333329856
79936  52.730  -19.401  17.163 0.6666669846
79946  52.518  -20.079  15.896 0.8888890147
78729  51.870  -20.721  15.076 0.6666669846
78747  52.105  -20.891  14.145 0.7777780294
78767  51.469  -21.332  13.514 0.7777780294
78783  51.085  -21.341  12.314 0.7777780294
78799  50.091  -21.333  11.091 0.6666669846
78800  48.887  -21.803  11.315 0.6666669846
78819  49.142  -21.238  10.117 0.6666669846
78848  49.935  -20.533  8.571 0.5555559993
80035  50.408  -20.426  8.365 0.5555559993
81184  50.174  -19.355  7.052 0.4444440007
81197  49.891  -18.868  6.726 0.3333329856
82397  49.278  -18.474  6.684 0.2222220004
82411  49.631  -18.165  6.245 0.2222220004
82412  48.575  -17.465  6.196 0.2222220004
81086  53.155  -19.031  17.539 0.5555559993
81067  54.776  -19.048  17.137 0.2222220004
79945  53.288  -19.340  16.309 0.5555559993
79955  53.701  -19.593  14.966 0.6666669846
78746  52.997  -20.501  13.922 0.6666669846
79956  52.742  -20.521  14.851 0.6666669846
78766  52.156  -20.831  13.111 0.6666669846
78798  51.277  -20.789  10.824 0.6666669846
80012  51.141  -20.712  9.027 0.6666669846
78817  50.909  -20.824  9.649 0.6666669846
78818  50.191  -20.986  9.936 0.6666669846
80013  50.678  -20.760  8.849 0.5555559993
78833  50.316  -20.825  8.973 0.6666669846
80051  50.690  -19.917  7.568 0.4444440007
83645  49.109  -17.108  5.601 0.1111110002
81069  53.504  -18.961  17.860 0.2222220004
81068  54.162  -18.947  17.479 0.3333329856
81085  53.570  -18.997  16.993 0.3333329856
79935  53.207  -19.201  16.822 0.5555559993
81083  55.055  -18.895  16.357 0.2222220004
81084  54.406  -18.881  16.663 0.2222220004
81094  53.946  -18.972  16.019 0.4444440007
79964  53.705  -19.924  13.546 0.6666669846
78765  52.987  -20.416  12.845 0.6666669846
78782  52.276  -20.575  11.905 0.6666669846
79985  52.556  -20.096  11.054 0.5555559993
78797  51.983  -20.369  11.125 0.6666669846
79986  51.948  -20.360  10.608 0.6666669846
80000  51.617  -20.568  9.904 0.6666669846
80034  51.332  -20.334  8.266 0.4444440007
81183  50.781  -19.579  6.858 0.4444440007
81196  50.370  -19.019  6.448 0.4444440007
82410  50.594  -18.606  5.875 0.4444440007
82422  49.714  -17.419  5.531 0.1111110002
81093  54.610  -18.869  15.791 0.2222220004
81103  54.574  -18.813  14.770 0.3333329856
81092  55.294  -18.823  15.407 0.2222220004
81104  54.157  -18.887  15.382 0.3333329856
79963  54.227  -19.242  14.094 0.4444440007
81091  56.052  -18.952  15.135 0.2222220004
79971  54.261  -19.346  13.004 0.6666669846
81113  54.895  -18.754  13.593 0.4444440007
79972  53.493  -19.897  12.390 0.6666669846
79973  52.951  -20.148  11.795 0.6666669846
79984  53.424  -19.839  11.377 0.6666669846
79998  53.202  -19.913  10.339 0.5555559993
79999  52.363  -20.257  10.073 0.5555559993
80010  52.839  -20.169  9.291 0.5555559993
80011  51.932  -20.376  9.156 0.5555559993
80033  52.230  -20.185  8.296 0.4444440007
80059  51.963  -19.820  6.766 0.4444440007
80050  51.529  -19.938  7.304 0.4444440007
81195  51.281  -19.403  6.059 0.4444440007
82420  51.017  -18.512  5.455 0.4444440007
81102  55.782  -18.488  14.177 0.2222220004
81101  56.528  -18.690  14.234 0.2222220004
82276  57.119  -18.270  13.896 0.2222220004
82277  56.627  -18.085  13.891 0.2222220004
79983  54.149  -19.350  11.883 0.6666669846
79997  54.105  -19.533  10.759 0.6666669846
80032  53.204  -20.018  8.342 0.6666669846
80049  52.490  -19.945  7.410 0.5555559993
80048  53.421  -19.903  7.331 0.5555559993
80058  52.585  -19.662  6.387 0.5555559993
81194  52.076  -19.305  5.762 0.4444440007
81207  51.735  -18.799  5.290 0.4444440007
82433  50.580  -17.318  4.693 0.4444440007
84904  49.487  -15.160  4.038 0.1111110002
82295  57.142  -17.888  13.376 0.2222220004
82296  56.442  -17.930  13.234 0.2222220004
81127  54.892  -18.789  12.438 0.4444440007
82317  57.863  -18.042  12.766 0.2222220004
82316  58.153  -18.185  12.393 0.3333329856
81140  54.771  -18.815  11.292 0.6666669846
82337  58.306  -17.991  11.985 0.3333329856
80009  53.954  -19.784  9.459 0.5555559993
81148  54.795  -19.019  10.144 0.6666669846
80031  54.230  -19.838  8.213 0.5555559993
80057  53.581  -19.712  6.475 0.5555559993
80065  53.591  -19.508  5.795 0.5555559993
80066  53.127  -19.535  6.016 0.5555559993
81206  52.738  -19.197  5.416 0.4444440007
87071  49.174  -13.425  4.743 0.1111110002
81216  52.146  -18.580  4.654 0.4444440007
86012  49.231  -14.301  4.278 0.1111110002
84903  50.038  -15.513  3.600 0.1111110002
82432  51.194  -17.762  4.426 0.4444440007
83666  49.731  -15.960  4.273 0.1111110002
83664  50.864  -17.177  4.021 0.4444440007
83665  50.445  -16.749  4.190 0.1111110002
83676  50.590  -16.146  3.380 0.1111110002
81112  55.661  -18.293  12.941 0.3333329856
82319  56.293  -17.759  12.237 0.3333329856
82318  57.104  -17.623  12.542 0.2222220004
82338  57.783  -17.499  11.811 0.3333329856
81126  55.496  -18.198  11.811 0.3333329856
81139  55.345  -18.173  10.692 0.5555559993
82357  56.003  -17.624  10.107 0.5555559993
81147  55.397  -18.327  9.593 0.5555559993
81158  54.852  -19.140  8.982 0.5555559993
81172  55.013  -19.227  7.896 0.5555559993
80047  54.342  -19.721  7.161 0.5555559993
80056  54.341  -19.487  6.211 0.5555559993
81204  54.611  -19.228  5.374 0.5555559993
80064  54.069  -19.442  5.613 0.5555559993
88154  49.802  -12.388  6.032 0.1111110002
88168  49.669  -12.572  5.081 0.1111110002
81205  53.678  -19.235  5.152 0.4444440007
81215  53.019  -18.771  4.347 0.4444440007
87070  49.847  -13.185  4.168 0.1111110002
82431  52.171  -18.187  3.879 0.4444440007
82447  51.731  -17.530  3.337 0.3333329856
83675  51.094  -16.890  3.517 0.4444440007
82339  56.984  -17.411  11.528 0.3333329856
82340  56.127  -17.638  11.161 0.4444440007
82354  58.386  -17.648  10.871 0.3333329856
82355  57.692  -17.000  10.851 0.4444440007
83613  58.155  -17.314  8.971 0.3333329856
83589  58.186  -17.023  9.944 0.3333329856
81170  57.987  -18.823  8.682 0.2222220004
81157  55.460  -18.407  8.515 0.4444440007
81169  57.779  -18.842  7.864 0.2222220004
81182  54.981  -19.129  6.930 0.4444440007
81193  54.985  -19.078  6.192 0.5555559993
81192  55.466  -18.955  5.824 0.5555559993
81203  55.372  -19.016  5.070 0.5555559993
81214  54.058  -19.139  4.389 0.5555559993
81212  55.410  -19.019  4.342 0.5555559993
81213  54.836  -19.115  4.569 0.5555559993
81224  52.796  -18.350  3.509 0.4444440007
81223  53.607  -18.637  3.431 0.4444440007
82445  52.949  -18.111  2.844 0.4444440007
82446  52.331  -17.873  3.103 0.4444440007
81222  54.720  -18.927  3.696 0.4444440007
81239  54.289  -18.452  2.795 0.4444440007
81240  53.558  -18.222  2.654 0.4444440007
82464  54.738  -18.149  2.122 0.4444440007
83590  57.488  -16.825  9.962 0.3333329856
83591  57.013  -16.918  9.846 0.4444440007
82383  57.992  -18.157  8.433 0.3333329856
82372  56.618  -17.232  9.594 0.4444440007
82382  57.762  -18.384  7.926 0.2222220004
82373  55.975  -17.674  9.086 0.4444440007
82385  56.063  -17.733  8.040 0.4444440007
82392  57.775  -18.488  7.530 0.3333329856
81180  58.076  -19.066  6.987 0.1111110002
81171  55.550  -18.516  7.500 0.4444440007
81181  55.585  -18.720  6.610 0.4444440007
82408  56.108  -18.507  6.121 0.5555559993
82419  55.934  -18.840  5.461 0.5555559993
81202  55.969  -18.904  4.821 0.5555559993
81211  55.938  -18.940  4.226 0.5555559993
81221  55.606  -18.895  3.691 0.5555559993
81220  56.175  -18.837  3.861 0.5555559993
82444  56.672  -18.592  3.765 0.5555559993
81237  56.096  -18.743  3.240 0.5555559993
81238  55.281  -18.622  2.862 0.4444440007
81260  55.518  -18.313  2.107 0.5555559993
81259  56.013  -18.567  2.512 0.5555559993
83614  57.785  -16.892  9.207 0.3333329856
83615  57.190  -16.975  9.316 0.3333329856
83631  57.821  -17.131  8.510 0.3333329856
82384  56.741  -17.344  8.710 0.4444440007
83630  57.804  -17.645  8.288 0.3333329856
83640  57.526  -17.284  8.226 0.4444440007
82393  57.718  -18.207  7.591 0.3333329856
83638  57.649  -17.830  7.886 0.4444440007
82395  57.091  -17.512  7.630 0.4444440007
82396  56.170  -18.066  7.024 0.4444440007
82404  57.985  -18.675  6.780 0.3333329856
82394  57.579  -17.964  7.440 0.4444440007
81191  58.462  -19.203  6.186 0.3333329856
82406  57.519  -18.115  6.593 0.4444440007
82407  56.814  -18.061  6.364 0.4444440007
82405  57.858  -18.442  6.696 0.4444440007
82417  57.360  -18.242  5.531 0.4444440007
82430  56.426  -18.718  4.428 0.5555559993
82429  57.070  -18.396  4.552 0.5555559993
82463  56.711  -18.463  2.886 0.4444440007
82462  57.485  -18.135  2.570 0.4444440007
82487  56.366  -18.127  1.698 0.5555559993
82415  58.287  -18.768  5.883 0.3333329856
81201  58.816  -19.453  5.121 0.3333329856
82416  57.946  -18.460  5.684 0.4444440007
82428  57.823  -18.315  4.601 0.4444440007
82443  57.380  -18.334  3.647 0.4444440007
82427  58.443  -18.726  4.592 0.3333329856
81210  59.050  -19.304  4.123 0.3333329856
81219  59.422  -19.475  3.356 0.2222220004
82442  58.160  -18.275  3.497 0.4444440007
80071  59.465  -19.606  2.847 0.2222220004
82461  58.353  -18.042  2.295 0.4444440007
82441  58.862  -18.704  3.166 0.4444440007
30194  6.342  -62.639  36.411 0.2222220004
32338  7.488  -60.602  39.397 0.4444440007
29074  7.077  -62.729  37.122 0.2222220004
34372  8.052  -59.204  40.243 0.6666669846
35459  8.790  -58.534  40.648 0.6666669846
31268  7.754  -61.211  38.888 0.4444440007
32351  16.477  -61.990  37.736 0.1111110002
33370  16.244  -61.009  37.865 0.1111110002
34385  15.960  -60.144  38.082 0.1111110002
34380  11.511  -59.542  39.352 0.4444440007
35467  12.157  -58.442  39.606 0.4444440007
34381  10.559  -59.569  39.527 0.5555559993
35469  10.553  -58.974  39.739 0.6666669846
35457  10.407  -58.373  40.072 0.6666669846
32337  8.290  -60.776  39.242 0.4444440007
31277  9.098  -62.061  38.374 0.3333329856
30169  8.731  -62.372  38.036 0.3333329856
36664  15.057  -58.046  38.313 0.2222220004
36655  13.668  -57.724  39.103 0.5555559993
36641  10.949  -56.868  40.679 0.6666669846
37809  9.365  -56.571  40.822 0.5555559993
37810  8.769  -56.782  40.459 0.5555559993
33359  7.994  -60.244  39.576 0.4444440007
31278  8.630  -61.967  38.352 0.4444440007
31267  8.525  -61.414  38.749 0.4444440007
30170  7.873  -62.124  37.924 0.3333329856
30171  6.733  -62.349  37.561 0.2222220004
29085  6.770  -62.769  36.759 0.2222220004
41244  16.716  -53.477  35.439 0.5555559993
37812  13.446  -56.791  39.425 0.5555559993
37806  11.789  -56.013  40.788 0.5555559993
31269  7.293  -61.086  38.972 0.4444440007
37872  15.723  -56.656  34.437 0.2222220004
38986  14.828  -55.583  34.096 0.3333329856
36686  16.249  -57.618  35.488 0.2222220004
36687  15.469  -57.189  35.779 0.3333329856
41259  15.473  -53.780  34.550 0.4444440007
40046  15.282  -54.225  33.998 0.4444440007
41260  14.811  -53.971  34.552 0.4444440007
42343  15.660  -52.713  36.380 0.6666669846
42358  15.071  -53.061  36.189 0.4444440007
42357  15.526  -53.097  36.224 0.4444440007
42359  14.343  -53.021  36.118 0.4444440007
41247  14.217  -54.049  35.072 0.5555559993
37846  13.932  -56.402  36.310 0.4444440007
37859  14.655  -56.798  35.971 0.3333329856
44569  13.094  -51.128  35.898 0.6666669846
38933  13.069  -55.595  36.912 0.4444440007
42346  11.568  -52.731  37.406 0.5555559993
44564  18.665  -50.922  36.275 0.6666669846
44656  18.142  -51.191  29.373 0.5555559993
45760  13.413  -50.899  28.970 0.4444440007
45743  19.098  -50.053  30.484 0.6666669846
44676  17.713  -50.959  28.661 0.5555559993
45794  17.373  -50.037  27.321 0.4444440007
45776  17.993  -50.489  28.026 0.5555559993
45796  15.252  -49.911  27.272 0.3333329856
44674  18.816  -50.214  29.011 0.6666669846
44675  18.436  -50.620  28.793 0.5555559993
52660  23.018  -43.993  35.197 0.6666669846
52659  23.907  -43.980  35.221 0.6666669846
52677  21.889  -43.980  34.331 0.7777780294
52694  21.714  -43.893  33.526 0.6666669846
52695  21.076  -44.210  33.332 0.7777780294
52679  20.668  -44.707  33.904 0.7777780294
53738  22.086  -44.257  31.711 0.7777780294
48072  19.355  -47.714  30.601 0.7777780294
48090  19.484  -47.768  29.414 0.7777780294
54776  24.064  -42.133  28.638 0.7777780294
51655  20.567  -44.762  31.089 0.8888890147
50567  19.438  -46.377  31.072 0.7777780294
50566  19.795  -46.047  30.416 0.7777780294
55804  26.003  -41.161  28.007 0.7777780294
55814  24.970  -41.046  26.905 0.5555559993
54783  24.003  -42.058  27.443 0.7777780294
49376  19.588  -46.873  29.049 0.7777780294
54791  23.808  -41.666  26.481 0.5555559993
54765  25.774  -41.998  29.927 0.8888890147
58245  25.601  -40.419  24.388 0.4444440007
58247  24.922  -40.374  24.753 0.5555559993
58243  26.315  -40.052  23.621 0.4444440007
59482  24.733  -39.495  23.125 0.4444440007
58267  24.808  -40.181  23.979 0.5555559993
57064  24.210  -40.402  23.862 0.5555559993
59481  24.956  -39.066  22.581 0.4444440007
54748  25.980  -41.998  30.877 0.7777780294
55786  27.047  -41.321  28.657 0.7777780294
55802  27.878  -41.254  28.292 0.7777780294
58262  26.605  -39.873  22.818 0.4444440007
52670  28.395  -43.943  34.844 0.3333329856
56981  28.916  -40.712  27.741 0.7777780294
57001  29.533  -40.503  26.919 0.8888890147
55765  30.089  -41.348  29.965 0.7777780294
52652  30.350  -44.423  35.584 0.2222220004
53710  31.535  -42.885  33.152 0.5555559993
53709  32.233  -42.642  33.353 0.4444440007
53704  30.915  -43.818  34.466 0.5555559993
53729  30.706  -43.059  32.640 0.6666669846
53728  31.214  -42.808  32.519 0.5555559993
56977  32.723  -39.849  28.132 0.8888890147
54704  32.673  -42.985  34.604 0.4444440007
54717  32.914  -42.407  33.444 0.6666669846
54742  32.717  -41.767  31.542 0.7777780294
55749  32.491  -41.474  31.005 0.7777780294
55761  33.888  -40.781  30.971 0.7777780294
58208  34.844  -38.979  28.486 1.0000000000
58260  35.571  -39.316  24.030 0.8888890147
59371  36.746  -38.983  29.972 0.8888890147
55690  34.372  -41.778  34.557 0.3333329856
58144  35.926  -39.779  31.961 0.5555559993
56871  34.920  -40.837  33.832 0.3333329856
59302  36.746  -38.765  33.196 0.3333329856
59322  38.147  -37.965  32.541 0.5555559993
59335  38.050  -37.772  31.652 0.7777780294
59349  38.915  -37.654  31.083 0.7777780294
60529  39.757  -36.611  28.838 0.8888890147
67296  39.169  -30.469  24.461 1.0000000000
60528  40.092  -36.442  29.561 0.8888890147
72829  38.570  -27.052  24.980 1.0000000000
72828  39.177  -27.253  25.551 1.0000000000
70646  36.409  -28.101  17.540 0.5555559993
70705  34.277  -27.548  15.182 0.1111110002
68358  38.705  -29.316  30.563 0.5555559993
70504  38.684  -27.353  29.991 0.6666669846
70491  38.786  -27.506  30.730 0.6666669846
72755  39.522  -25.993  29.029 0.4444440007
67196  39.372  -30.370  32.101 0.5555559993
72743  39.206  -26.376  30.256 0.5555559993
72717  39.887  -26.379  31.772 0.4444440007
72729  40.333  -25.704  31.476 0.4444440007
72716  40.447  -26.049  31.989 0.3333329856
72700  40.912  -26.347  32.309 0.2222220004
73878  40.816  -25.850  27.458 0.5555559993
71693  40.523  -26.854  24.109 1.0000000000
70642  40.457  -28.470  17.956 0.8888890147
70625  41.839  -27.915  18.929 1.0000000000
70678  41.480  -27.431  16.681 0.8888890147
69580  39.052  -28.408  16.481 0.5555559993
69593  38.739  -28.252  16.113 0.5555559993
70700  39.057  -26.694  15.393 0.5555559993
71861  36.883  -26.673  14.872 0.2222220004
72962  38.153  -25.615  14.730 0.3333329856
71599  39.366  -27.075  31.773 0.4444440007
71614  39.579  -26.614  31.645 0.5555559993
71580  41.441  -26.991  32.075 0.1111110002
72715  41.169  -25.840  31.971 0.1111110002
70474  41.620  -27.742  31.787 0.1111110002
73877  41.616  -25.516  27.350 0.4444440007
72823  42.367  -26.150  25.028 0.7777780294
71766  41.986  -27.860  20.538 1.0000000000
71786  42.321  -27.776  19.667 1.0000000000
72942  41.860  -25.946  16.316 0.7777780294
71858  39.096  -26.006  15.456 0.3333329856
74004  40.217  -24.464  15.536 0.2222220004
70475  39.385  -27.672  32.142 0.4444440007
69394  39.945  -28.578  33.150 0.4444440007
71598  39.868  -26.887  32.149 0.4444440007
71612  42.843  -26.466  31.139 0.1111110002
70489  42.520  -27.095  30.795 0.1111110002
72880  42.847  -26.825  22.357 0.8888890147
71725  43.131  -26.969  21.702 0.8888890147
71743  43.401  -27.112  20.906 1.0000000000
71784  43.952  -27.427  18.997 1.0000000000
72713  42.862  -25.461  31.481 0.1111110002
72727  44.083  -25.310  31.193 0.1111110002
72712  43.576  -25.550  31.417 0.1111110002
72728  43.553  -25.287  31.398 0.1111110002
73812  42.753  -24.891  31.226 0.1111110002
75053  46.676  -23.779  23.139 0.5555559993
76293  47.341  -23.391  22.529 0.5555559993
73950  45.987  -24.762  21.667 0.8888890147
77517  47.030  -22.076  20.782 0.6666669846
76386  43.435  -23.463  16.623 1.0000000000
73843  44.867  -24.508  29.244 0.2222220004
75013  44.917  -24.371  26.643 0.5555559993
76270  47.924  -23.011  24.062 0.2222220004
77509  48.367  -22.063  22.159 0.3333329856
76365  44.636  -23.362  17.944 1.0000000000
78700  44.193  -22.668  16.517 1.0000000000
76366  44.182  -23.458  17.274 1.0000000000
77560  44.138  -22.838  16.861 1.0000000000
78739  43.399  -22.985  15.372 0.8888890147
77585  43.087  -23.297  15.423 0.6666669846
77577  42.714  -23.377  15.546 0.7777780294
77601  42.450  -23.364  14.356 0.4444440007
77587  41.868  -23.325  14.530 0.4444440007
77620  43.332  -22.652  13.383 0.6666669846
77602  41.451  -22.943  13.996 0.3333329856
78653  49.455  -20.566  21.519 0.3333329856
78654  48.804  -20.632  21.601 0.3333329856
78663  47.574  -20.796  20.514 0.4444440007
78681  45.483  -22.032  17.865 1.0000000000
77638  45.600  -22.564  12.631 0.7777780294
77663  45.991  -21.928  10.915 0.3333329856
79922  47.264  -20.933  17.613 0.8888890147
78749  50.530  -21.505  14.799 0.8888890147
77613  49.759  -22.077  13.558 0.7777780294
78837  46.220  -20.775  9.603 0.4444440007
81071  52.212  -19.170  18.512 0.5555559993
79898  51.571  -19.396  18.552 0.6666669846
79899  51.104  -19.514  18.616 0.3333329856
79918  51.870  -19.455  18.058 0.7777780294
80039  46.937  -19.484  8.360 0.2222220004
78781  52.954  -20.290  12.230 0.6666669846
82421  50.354  -17.691  5.266 0.4444440007
82294  57.332  -18.358  13.462 0.2222220004
81110  57.904  -19.006  12.936 0.2222220004
81124  58.145  -18.614  12.348 0.2222220004
82356  56.834  -17.151  10.459 0.4444440007
82418  56.557  -18.522  5.340 0.5555559993
83632  57.404  -17.129  8.592 0.3333329856
81209  59.506  -19.780  4.081 0.2222220004
31282  5.586  -61.519  37.999 0.2222220004
31271  5.725  -61.120  38.393 0.4444440007
32341  5.410  -60.678  38.531 0.3333329856
33363  5.189  -59.985  39.058 0.1111110002
34384  4.698  -59.336  39.141 0.1111110002
33352  5.702  -59.839  39.218 0.2222220004
34383  5.375  -59.483  39.168 0.2222220004
35472  5.048  -58.780  39.116 0.2222220004
36661  4.459  -57.705  39.054 0.1111110002
34375  6.024  -59.611  39.283 0.2222220004
33362  5.807  -60.236  39.057 0.3333329856
35463  5.735  -59.264  39.188 0.2222220004
36660  5.424  -58.109  38.727 0.2222220004
35471  5.951  -58.899  39.128 0.2222220004
36667  5.471  -57.417  38.080 0.1111110002
35470  6.718  -58.962  39.382 0.3333329856
35462  6.434  -59.288  39.345 0.2222220004
36666  6.264  -58.046  38.204 0.2222220004
36659  6.634  -58.623  38.899 0.2222220004
36672  6.170  -57.541  37.437 0.1111110002
36678  6.463  -57.179  36.823 0.1111110002
36673  5.594  -57.027  37.517 0.1111110002
37837  5.907  -57.013  36.982 0.1111110002
36653  7.254  -58.622  39.530 0.4444440007
36665  7.223  -58.079  38.498 0.3333329856
37836  7.607  -57.528  37.143 0.3333329856
36671  6.989  -57.818  37.698 0.2222220004
37848  8.069  -57.075  36.652 0.2222220004
36677  6.875  -57.510  37.076 0.1111110002
38959  6.888  -55.995  34.923 0.1111110002
37863  6.335  -56.169  35.485 0.1111110002
37850  6.199  -56.588  36.288 0.1111110002
38973  7.425  -55.538  34.577 0.1111110002
40049  7.225  -54.950  34.068 0.1111110002
38974  6.564  -55.301  34.498 0.1111110002
38960  5.856  -55.479  35.076 0.1111110002
41265  5.819  -53.399  33.906 0.1111110002
37829  7.850  -57.641  37.972 0.4444440007
38947  8.889  -56.375  36.567 0.5555559993
37835  8.417  -57.099  37.377 0.4444440007
38958  8.145  -56.049  35.245 0.1111110002
40014  9.080  -55.670  35.778 0.4444440007
40048  8.175  -55.200  34.468 0.2222220004
41263  8.162  -54.571  33.673 0.1111110002
41276  6.502  -53.398  33.055 0.1111110002
41275  7.614  -53.810  33.003 0.1111110002
38924  8.956  -56.329  38.619 0.4444440007
37820  8.547  -56.890  39.179 0.4444440007
38935  8.994  -56.390  37.726 0.5555559993
38934  9.389  -56.155  37.314 0.5555559993
40013  9.647  -55.518  36.485 0.5555559993
41250  9.644  -54.393  35.133 0.4444440007
40028  9.481  -55.078  35.710 0.4444440007
40029  8.917  -55.162  35.127 0.3333329856
41251  8.844  -54.657  34.491 0.4444440007
41262  9.227  -54.121  34.007 0.4444440007
41274  8.699  -54.100  33.056 0.4444440007
42385  7.139  -53.062  32.472 0.1111110002
42384  8.302  -53.397  32.494 0.2222220004
42396  6.792  -52.275  32.166 0.1111110002
40000  9.818  -55.707  37.540 0.5555559993
40001  9.408  -56.045  37.718 0.5555559993
41207  10.273  -54.933  38.153 0.4444440007
41221  10.328  -54.952  37.005 0.5555559993
41236  10.107  -54.785  36.019 0.4444440007
42370  10.308  -54.003  35.204 0.4444440007
42377  10.189  -53.821  34.517 0.4444440007
42383  9.781  -53.552  32.985 0.4444440007
42393  9.477  -53.021  32.175 0.3333329856
43493  8.241  -52.023  31.570 0.1111110002
44634  8.794  -50.776  30.546 0.1111110002
41194  10.224  -54.601  39.020 0.4444440007
39973  9.816  -55.247  38.937 0.5555559993
41206  10.690  -54.078  38.443 0.4444440007
42360  11.597  -52.792  36.315 0.4444440007
42347  11.204  -53.472  37.903 0.5555559993
42369  10.992  -53.695  35.526 0.4444440007
42376  11.230  -53.597  34.105 0.5555559993
43475  11.335  -53.310  33.257 0.4444440007
43501  10.664  -52.029  31.570 0.3333329856
43491  10.300  -52.516  31.814 0.4444440007
43483  9.948  -53.020  32.148 0.4444440007
44632  11.412  -51.987  31.379 0.3333329856
43502  9.960  -51.805  31.133 0.3333329856
44646  11.742  -51.480  30.353 0.4444440007
43510  9.515  -51.301  30.556 0.2222220004
44661  12.140  -50.937  29.621 0.3333329856
44662  11.282  -50.761  29.702 0.3333329856
44647  10.447  -51.138  30.346 0.2222220004
44648  9.303  -50.673  30.199 0.1111110002
45762  11.615  -50.190  29.095 0.3333329856
45763  10.515  -49.920  29.257 0.2222220004
45747  9.764  -50.195  29.790 0.1111110002
41193  10.682  -54.020  39.209 0.4444440007
42361  11.152  -53.500  36.847 0.4444440007
42333  11.100  -53.448  38.755 0.4444440007
43460  12.007  -52.086  35.858 0.5555559993
42375  11.949  -53.070  34.494 0.5555559993
44607  12.467  -52.953  32.934 0.5555559993
43481  11.629  -53.064  32.733 0.5555559993
44618  12.485  -52.475  32.115 0.5555559993
44619  11.825  -52.683  32.182 0.3333329856
44660  12.991  -50.987  29.626 0.3333329856
45761  12.515  -50.433  28.986 0.3333329856
45782  11.970  -49.755  28.319 0.3333329856
46862  9.921  -48.797  29.149 0.2222220004
45783  11.168  -49.558  28.517 0.2222220004
46876  10.525  -48.860  28.472 0.2222220004
45781  12.886  -50.053  28.216 0.2222220004
46874  12.351  -49.268  27.574 0.2222220004
46875  11.413  -48.721  27.869 0.2222220004
45746  13.601  -51.248  29.544 0.4444440007
46872  13.965  -49.922  27.414 0.3333329856
46890  12.050  -48.324  27.420 0.1111110002
54811  23.654  -41.314  24.607 0.4444440007
54821  23.249  -41.656  23.933 0.3333329856
53836  22.820  -42.537  24.594 0.3333329856
46888  14.128  -48.994  27.000 0.2222220004
48122  12.325  -47.514  27.275 0.1111110002
57065  23.906  -40.632  23.710 0.4444440007
55854  23.130  -40.933  23.073 0.3333329856
57087  23.806  -40.429  23.112 0.3333329856
55863  22.545  -40.924  22.088 0.3333329856
54833  22.127  -41.800  22.087 0.3333329856
58286  24.210  -39.678  22.992 0.3333329856
58287  23.960  -39.979  22.926 0.3333329856
57106  23.163  -40.360  22.425 0.3333329856
57121  22.736  -39.896  21.443 0.3333329856
55864  21.877  -41.236  21.532 0.2222220004
58309  23.789  -39.084  22.201 0.3333329856
57139  22.619  -39.141  21.140 0.3333329856
57140  22.121  -39.242  20.851 0.2222220004
52752  22.432  -43.677  27.809 0.5555559993
52753  21.887  -44.082  28.425 0.5555559993
52769  22.482  -43.496  27.317 0.5555559993
52770  22.123  -43.927  27.024 0.5555559993
53810  22.731  -42.683  26.607 0.4444440007
52793  21.959  -43.836  25.774 0.4444440007
53811  22.350  -43.193  26.217 0.4444440007
54803  23.212  -42.051  26.089 0.4444440007
53824  22.386  -43.195  25.192 0.4444440007
54812  23.337  -42.006  25.066 0.4444440007
52812  21.890  -43.721  24.656 0.3333329856
53837  22.287  -43.104  24.125 0.3333329856
52827  21.729  -43.567  23.607 0.3333329856
52828  21.335  -44.196  24.000 0.2222220004
46887  15.494  -49.273  26.621 0.2222220004
54827  22.646  -41.655  22.921 0.3333329856
53850  22.343  -42.336  22.716 0.3333329856
53844  22.139  -43.057  23.042 0.3333329856
52840  21.719  -43.534  22.938 0.2222220004
53851  21.881  -42.645  22.104 0.2222220004
53852  20.907  -42.918  21.813 0.2222220004
59458  25.449  -39.358  22.847 0.3333329856
59504  24.220  -38.607  22.124 0.3333329856
58326  23.655  -38.645  21.917 0.3333329856
58327  23.113  -38.863  21.592 0.3333329856
59502  25.209  -37.991  21.731 0.3333329856
59503  24.838  -38.292  21.937 0.3333329856
59520  22.822  -37.936  20.947 0.2222220004
60652  24.600  -37.321  21.845 0.3333329856
60674  23.597  -37.175  21.186 0.2222220004
53781  21.543  -44.036  29.968 0.6666669846
52738  21.339  -44.289  29.441 0.6666669846
50565  20.268  -45.490  29.896 0.5555559993
51687  20.526  -45.219  29.089 0.4444440007
51703  20.766  -45.125  27.915 0.4444440007
51704  20.371  -45.763  28.222 0.4444440007
52771  21.325  -44.560  27.512 0.4444440007
50617  20.152  -46.447  27.628 0.4444440007
52794  21.302  -44.521  26.303 0.4444440007
51741  20.602  -45.654  26.405 0.4444440007
51719  20.504  -45.726  27.276 0.4444440007
52813  21.628  -44.470  25.120 0.4444440007
50635  20.226  -46.482  26.573 0.3333329856
51775  21.146  -44.946  24.434 0.2222220004
50652  21.006  -45.903  25.298 0.2222220004
50653  20.466  -46.266  25.562 0.2222220004
45795  16.264  -49.947  27.348 0.2222220004
51789  20.700  -44.846  23.344 0.2222220004
50666  20.390  -46.026  24.489 0.2222220004
46886  16.745  -49.302  26.662 0.2222220004
46906  14.692  -48.420  26.166 0.2222220004
52841  21.060  -43.835  22.752 0.2222220004
51804  20.276  -44.430  22.431 0.2222220004
52846  19.844  -43.542  21.804 0.2222220004
50588  19.957  -45.936  29.383 0.6666669846
50587  20.240  -45.520  29.459 0.5555559993
51688  20.181  -45.781  28.810 0.5555559993
50603  19.983  -46.317  28.533 0.6666669846
49390  19.760  -47.186  28.044 0.4444440007
49404  19.835  -47.156  27.027 0.3333329856
48118  19.569  -47.826  27.272 0.3333329856
48140  19.614  -47.925  26.206 0.2222220004
49440  19.936  -47.087  25.690 0.3333329856
49454  19.675  -46.781  24.581 0.2222220004
46905  15.954  -48.504  25.778 0.2222220004
48143  14.854  -47.390  25.553 0.2222220004
48172  19.108  -47.263  24.464 0.1111110002
48142  15.673  -47.851  25.252 0.2222220004
50699  19.450  -45.396  22.546 0.2222220004
49471  19.339  -46.509  23.600 0.2222220004
49472  18.429  -46.597  23.331 0.1111110002
50700  18.771  -45.104  22.419 0.2222220004
49391  19.693  -47.646  28.245 0.4444440007
48119  19.409  -48.432  27.576 0.4444440007
46871  19.263  -49.060  27.997 0.3333329856
48141  19.233  -48.449  26.853 0.2222220004
46884  18.827  -49.113  27.173 0.3333329856
45792  18.809  -49.485  27.743 0.3333329856
46903  18.708  -48.834  26.007 0.2222220004
46904  17.336  -48.891  25.875 0.2222220004
46902  19.173  -48.306  25.563 0.1111110002
46917  17.866  -48.329  25.266 0.1111110002
46918  16.814  -48.103  25.354 0.1111110002
48159  19.260  -47.733  25.012 0.1111110002
48173  18.543  -47.391  24.401 0.1111110002
48174  17.965  -47.438  24.405 0.1111110002
49442  16.351  -46.774  24.335 0.2222220004
50682  17.453  -45.888  23.021 0.2222220004
50667  17.013  -46.435  23.446 0.1111110002
51791  18.062  -45.149  22.647 0.2222220004
57080  33.168  -40.060  23.091 0.4444440007
59478  35.985  -38.358  23.159 0.5555559993
58261  34.641  -39.724  23.935 0.7777780294
57079  33.842  -40.051  23.300 0.4444440007
58280  35.385  -38.960  22.553 0.5555559993
58281  34.463  -39.748  23.087 0.3333329856
58303  34.610  -39.259  21.832 0.3333329856
58302  35.168  -38.556  21.660 0.3333329856
58320  34.575  -38.341  21.020 0.3333329856
59455  36.571  -37.864  24.059 0.6666669846
59456  36.182  -38.615  23.834 0.6666669846
59477  36.203  -37.419  22.708 0.5555559993
59498  35.950  -37.221  22.089 0.4444440007
60644  35.827  -37.105  21.753 0.4444440007
59499  35.666  -37.835  21.879 0.5555559993
60665  36.061  -36.286  21.252 0.3333329856
60666  35.659  -36.864  20.976 0.3333329856
59533  35.164  -37.273  20.358 0.2222220004
59515  35.052  -37.708  20.881 0.2222220004
61852  35.737  -36.168  20.147 0.3333329856
59534  34.521  -37.581  19.973 0.2222220004
59454  37.093  -37.249  24.360 0.7777780294
60627  36.702  -36.610  23.149 0.5555559993
60643  36.179  -36.578  21.962 0.4444440007
61879  36.066  -35.143  19.546 0.2222220004
60606  37.385  -36.500  24.450 0.6666669846
60607  36.949  -36.871  23.963 0.5555559993
60626  37.047  -36.181  23.752 0.5555559993
61803  36.835  -35.608  22.373 0.5555559993
61823  36.438  -35.647  21.257 0.4444440007
63041  36.808  -34.837  20.640 0.2222220004
61851  36.206  -35.481  20.154 0.2222220004
63058  36.541  -34.619  19.708 0.2222220004
61785  37.418  -35.295  23.834 0.6666669846
61786  37.017  -35.754  23.233 0.5555559993
63002  37.237  -34.818  22.420 0.5555559993
63022  37.120  -34.739  21.557 0.1111110002
62986  37.839  -34.453  23.740 0.6666669846
64066  38.148  -33.866  23.442 0.6666669846
63001  37.628  -34.449  23.005 0.5555559993
63021  37.587  -34.231  22.111 0.3333329856
62969  38.004  -34.567  24.410 0.7777780294
64050  38.159  -34.152  23.951 0.6666669846
64082  38.176  -33.413  22.421 0.5555559993
64065  38.646  -33.152  23.253 0.7777780294
64081  38.615  -32.846  22.720 0.6666669846
65177  38.231  -32.511  21.475 0.3333329856
65160  38.613  -32.378  22.287 0.5555559993
66239  38.130  -31.537  20.910 0.4444440007
66225  38.465  -31.495  21.778 0.4444440007
66252  37.621  -31.455  20.208 0.3333329856
66253  37.028  -31.462  19.612 0.1111110002
65159  38.870  -32.345  22.988 0.6666669846
66224  38.816  -31.515  22.583 0.5555559993
67339  38.029  -30.605  21.311 0.3333329856
67340  37.510  -30.323  20.808 0.2222220004
67350  37.061  -30.588  20.169 0.2222220004
71770  37.468  -27.642  20.496 0.7777780294
71809  36.864  -28.056  18.380 0.6666669846
71791  36.578  -27.682  19.331 0.7777780294
71810  35.660  -27.670  17.989 0.7777780294
71811  34.499  -27.519  18.191 0.4444440007
71826  33.404  -27.940  17.072 0.2222220004
68476  37.571  -30.085  21.195 0.3333329856
68486  36.506  -30.047  20.228 0.3333329856
70604  35.477  -27.811  21.457 0.7777780294
69545  35.456  -28.077  20.940 0.5555559993
69555  34.093  -28.587  19.775 0.2222220004
71752  35.213  -27.379  21.342 0.5555559993
71773  34.664  -27.370  20.277 0.5555559993
71774  34.032  -27.731  19.818 0.2222220004
71771  36.450  -27.047  20.317 0.6666669846
71772  35.446  -26.905  20.285 0.6666669846
71793  34.476  -27.254  19.234 0.5555559993
71812  33.393  -27.668  18.169 0.2222220004
68477  36.947  -29.729  20.900 0.6666669846
69514  36.274  -28.139  22.766 0.7777780294
68469  36.287  -28.709  21.755 0.7777780294
69553  35.689  -28.925  20.758 0.4444440007
78757  43.198  -23.099  14.626 0.5555559993
78758  42.727  -23.290  14.114 0.4444440007
77621  42.375  -22.827  13.545 0.4444440007
77642  41.485  -21.832  12.480 0.2222220004
78786  41.706  -21.284  11.607 0.3333329856
78787  40.781  -21.092  11.657 0.2222220004
78808  40.135  -20.372  11.150 0.2222220004
77654  42.395  -21.448  11.391 0.3333329856
78807  41.089  -20.346  10.883 0.2222220004
79989  39.368  -19.532  11.363 0.2222220004
82351  38.505  -17.990  11.687 0.1111110002
82254  40.313  -16.354  16.288 0.1111110002
77640  43.656  -22.203  12.550 0.5555559993
82289  39.485  -16.114  14.745 0.1111110002
77652  44.111  -21.930  11.605 0.5555559993
77653  43.140  -21.790  11.493 0.4444440007
78806  41.960  -20.755  10.937 0.2222220004
79988  40.418  -19.508  10.714 0.2222220004
83568  39.147  -16.442  12.107 0.1111110002
84771  42.683  -15.274  18.065 0.1111110002
83536  41.581  -15.991  15.747 0.1111110002
83525  40.890  -15.945  16.534 0.1111110002
82268  41.015  -15.934  15.610 0.1111110002
82287  41.576  -15.811  14.654 0.1111110002
83554  39.794  -15.708  13.215 0.1111110002
83567  39.638  -15.961  12.460 0.1111110002
78803  44.545  -21.596  10.709 0.4444440007
78804  43.586  -21.412  10.626 0.3333329856
78826  42.174  -20.251  10.302 0.2222220004
80004  40.572  -18.677  10.463 0.2222220004
82349  39.755  -17.238  11.043 0.1111110002
83584  39.994  -16.443  11.448 0.1111110002
78824  44.136  -20.927  9.955 0.2222220004
80002  42.454  -19.467  9.677 0.2222220004
81150  40.990  -18.126  10.198 0.2222220004
82364  40.424  -17.222  10.569 0.1111110002
83604  41.171  -16.416  10.644 0.1111110002
83605  40.590  -16.466  10.964 0.1111110002
78839  44.721  -20.390  9.544 0.2222220004
80001  42.943  -19.762  9.565 0.2222220004
81149  41.960  -18.173  9.669 0.2222220004
82363  41.384  -17.198  10.038 0.2222220004
80019  44.378  -19.517  9.159 0.2222220004
80020  43.311  -19.347  9.314 0.2222220004
80021  42.649  -18.664  9.354 0.2222220004
33351  6.217  -59.942  39.391 0.4444440007
33361  6.361  -60.357  39.204 0.3333329856
39974  9.432  -55.830  38.852 0.5555559993
42368  11.747  -52.940  35.206 0.5555559993
45780  13.688  -50.554  27.869 0.3333329856
46885  17.935  -49.502  26.653 0.3333329856
52737  21.807  -43.943  29.143 0.6666669846
55832  24.011  -40.824  24.834 0.4444440007
68478  36.221  -29.048  21.166 0.6666669846
71734  35.432  -27.514  21.784 0.6666669846
69531  36.295  -28.386  22.271 0.7777780294
71751  35.457  -26.853  21.330 0.6666669846
71750  36.313  -26.790  21.294 0.6666669846
78823  44.999  -21.097  10.124 0.2222220004
78838  45.439  -20.697  9.679 0.2222220004
35473  4.067  -58.477  39.234 0.1111110002
37830  5.201  -56.485  38.021 0.1111110002
37849  7.178  -57.144  36.433 0.1111110002
37851  5.618  -55.874  36.491 0.1111110002
37828  8.507  -57.011  38.308 0.4444440007
37861  7.924  -56.723  36.036 0.3333329856
37862  7.110  -56.604  35.611 0.1111110002
41264  6.863  -54.188  33.536 0.1111110002
40050  6.090  -54.527  34.236 0.1111110002
40030  5.675  -54.660  34.930 0.1111110002
41249  10.378  -54.230  35.639 0.4444440007
42394  8.812  -52.872  32.099 0.2222220004
42395  7.717  -52.543  32.036 0.1111110002
41220  10.731  -54.177  37.474 0.5555559993
41235  10.656  -54.227  36.417 0.5555559993
43492  9.362  -52.452  31.624 0.1111110002
43504  7.816  -51.071  31.341 0.1111110002
44635  8.187  -50.290  30.909 0.1111110002
43503  8.801  -51.473  30.880 0.1111110002
42382  10.782  -53.393  33.226 0.4444440007
43482  10.716  -53.103  32.564 0.4444440007
44633  10.615  -51.704  31.127 0.3333329856
43490  11.090  -52.591  32.006 0.4444440007
45764  9.667  -49.459  29.512 0.2222220004
48108  10.766  -48.050  28.176 0.1111110002
46873  13.280  -49.625  27.419 0.3333329856
46891  11.627  -48.080  27.618 0.1111110002
46889  12.850  -48.603  27.108 0.2222220004
55844  23.654  -40.957  23.670 0.3333329856
53843  22.581  -42.386  23.566 0.3333329856
48120  13.694  -48.088  26.548 0.2222220004
58310  23.548  -39.723  22.403 0.3333329856
58346  22.435  -38.609  20.843 0.2222220004
52754  21.158  -44.624  28.486 0.4444440007
53823  22.750  -42.568  25.648 0.4444440007
59519  23.478  -38.199  21.585 0.2222220004
51718  20.845  -45.073  26.926 0.4444440007
51740  20.841  -45.123  26.206 0.4444440007
51760  21.156  -45.159  25.472 0.2222220004
50680  20.074  -45.879  23.295 0.2222220004
51790  20.083  -45.121  22.605 0.2222220004
51805  19.356  -44.561  22.176 0.2222220004
46919  16.151  -48.061  25.278 0.2222220004
49470  19.845  -46.268  23.997 0.2222220004
48162  16.153  -47.534  24.929 0.2222220004
50681  18.810  -45.931  22.789 0.2222220004
49456  17.704  -46.923  23.879 0.1111110002
48160  18.289  -47.829  24.797 0.1111110002
48161  17.285  -47.484  24.662 0.1111110002
49441  17.041  -46.991  24.167 0.1111110002
50668  16.351  -45.800  23.646 0.2222220004
51792  17.125  -44.430  22.891 0.1111110002
67349  37.766  -30.840  20.610 0.2222220004
71792  35.538  -27.045  19.174 0.4444440007
70664  33.987  -28.075  16.656 0.2222220004
70615  35.104  -27.788  20.720 0.5555559993
69544  35.823  -28.419  21.328 0.6666669846
69554  35.133  -28.533  20.364 0.4444440007
70616  34.453  -27.972  20.078 0.3333329856
71794  33.456  -27.695  19.151 0.2222220004
77641  42.594  -21.986  12.394 0.4444440007
78788  39.908  -20.948  11.618 0.2222220004
78809  39.617  -20.334  11.455 0.1111110002
81141  39.792  -18.231  10.844 0.2222220004
81142  38.985  -18.394  11.438 0.2222220004
82331  38.090  -17.408  12.302 0.1111110002
82350  39.081  -17.182  11.615 0.1111110002
83512  41.336  -15.657  17.137 0.1111110002
82288  40.497  -15.948  14.751 0.1111110002
82307  39.961  -15.880  13.860 0.1111110002
78805  42.690  -21.084  10.703 0.4444440007
79987  40.938  -19.768  10.607 0.2222220004
82329  39.409  -15.915  13.212 0.1111110002
83585  39.399  -16.439  11.847 0.1111110002
83486  41.850  -15.620  18.708 0.1111110002
83537  41.339  -15.987  15.988 0.1111110002
82269  39.875  -16.418  15.573 0.1111110002
83553  40.371  -15.591  13.181 0.1111110002
78825  43.096  -20.409  9.799 0.2222220004
80003  41.330  -19.416  10.285 0.2222220004
78827  41.623  -20.214  10.573 0.2222220004
81151  40.406  -18.063  10.446 0.2222220004
78840  43.924  -20.153  9.495 0.2222220004
82362  41.988  -17.196  9.706 0.1111110002
80018  45.433  -19.843  9.016 0.2222220004
81161  43.086  -18.216  9.022 0.2222220004
50465  19.784  -46.073  38.908 0.4444440007
51595  22.802  -44.729  37.430 0.3333329856
50479  20.535  -45.596  38.113 0.4444440007
50452  19.858  -46.264  39.159 0.3333329856
49182  19.468  -47.533  39.467 0.2222220004
52661  22.055  -44.145  35.254 0.6666669846
51611  21.699  -44.594  36.291 0.6666669846
49193  19.883  -47.002  39.355 0.2222220004
52658  24.795  -44.058  35.247 0.4444440007
50466  19.131  -46.248  38.670 0.4444440007
50480  19.631  -45.850  38.054 0.4444440007
49210  19.147  -46.936  39.336 0.3333329856
51612  20.747  -44.788  36.225 0.4444440007
49209  19.724  -46.565  39.207 0.4444440007
47868  19.252  -48.155  39.624 0.3333329856
47867  19.630  -47.879  39.499 0.2222220004
49224  18.716  -46.898  38.603 0.3333329856
50481  18.851  -46.031  37.919 0.5555559993
50490  19.477  -45.511  37.114 0.5555559993
51620  20.653  -44.661  35.264 0.5555559993
50500  19.320  -45.583  36.318 0.5555559993
51630  20.073  -45.104  34.212 0.5555559993
44534  18.773  -50.588  38.967 0.3333329856
43439  18.912  -51.484  38.454 0.3333329856
42340  18.736  -52.378  38.004 0.3333329856
41213  19.277  -53.387  37.839 0.3333329856
40009  18.730  -53.759  36.564 0.3333329856
40022  19.493  -54.099  35.788 0.3333329856
40023  18.542  -53.915  35.440 0.3333329856
46747  18.523  -48.831  38.877 0.4444440007
46760  18.626  -48.802  37.886 0.4444440007
45683  18.671  -49.760  38.486 0.3333329856
44543  18.815  -50.739  38.058 0.3333329856
49236  18.644  -46.859  37.602 0.4444440007
47924  18.476  -47.812  37.199 0.4444440007
45690  18.801  -49.844  37.498 0.4444440007
49248  18.739  -46.846  36.478 0.5555559993
51622  19.512  -45.499  35.008 0.6666669846
41214  18.672  -53.199  37.481 0.3333329856
40010  18.003  -53.489  35.987 0.3333329856
41228  18.056  -53.119  36.670 0.3333329856
46773  18.656  -48.894  36.804 0.4444440007
44553  18.830  -50.891  37.122 0.4444440007
52653  29.501  -44.255  35.616 0.2222220004
49264  19.016  -46.798  35.244 0.6666669846
50510  19.240  -45.990  34.935 0.6666669846
51631  19.663  -45.723  34.280 0.6666669846
47938  18.740  -47.860  36.052 0.6666669846
45698  18.924  -49.979  36.535 0.6666669846
46789  18.978  -49.101  35.667 0.6666669846
45708  18.908  -50.200  35.798 0.6666669846
50516  19.296  -46.288  34.302 0.6666669846
47954  18.995  -47.908  34.907 0.6666669846
50523  19.207  -46.396  33.459 0.6666669846
47972  19.017  -47.956  33.817 0.6666669846
45717  19.051  -50.060  35.019 0.6666669846
44587  18.514  -50.893  34.683 0.5555559993
53678  33.427  -43.362  35.428 0.1111110002
53680  31.641  -44.276  35.412 0.2222220004
53687  31.591  -43.931  34.989 0.3333329856
52622  33.228  -44.250  35.749 0.1111110002
53679  32.490  -43.671  35.246 0.1111110002
53686  32.535  -43.236  34.849 0.2222220004
53677  34.304  -42.937  35.476 0.1111110002
54681  33.620  -42.945  35.215 0.1111110002
54680  34.371  -42.663  35.353 0.2222220004
54695  33.327  -42.761  35.008 0.2222220004
54703  33.271  -42.696  34.641 0.2222220004
55670  34.998  -41.548  35.163 0.2222220004
58110  36.373  -39.242  33.514 0.3333329856
60475  40.387  -35.878  31.819 0.6666669846
62869  40.522  -34.489  31.361 0.5555559993
61689  40.528  -35.355  30.283 0.7777780294
62888  39.969  -34.405  29.288 0.6666669846
70663  34.717  -28.064  16.644 0.2222220004
74023  36.975  -25.114  14.672 0.2222220004
71859  38.568  -26.231  15.159 0.2222220004
74020  39.371  -24.576  15.128 0.1111110002
74021  38.613  -24.792  14.694 0.2222220004
75204  37.870  -23.860  14.036 0.1111110002
74036  37.212  -24.228  14.274 0.1111110002
75203  38.701  -23.834  14.135 0.1111110002
40043  18.310  -54.095  34.302 0.2222220004
51629  20.440  -44.760  34.553 0.5555559993
52657  25.691  -44.015  35.340 0.4444440007
62877  40.060  -33.845  29.978 0.6666669846
71824  35.134  -27.899  17.211 0.4444440007
72961  38.873  -25.418  15.148 0.2222220004
75190  40.015  -23.686  15.051 0.2222220004
52646  22.527  -44.306  35.849 0.5555559993
51669  20.703  -44.862  30.160 0.5555559993
71825  34.557  -27.877  17.333 0.3333329856
50489  20.114  -45.382  37.487 0.4444440007
50464  20.700  -45.872  38.873 0.3333329856
51596  21.851  -44.748  37.295 0.3333329856
51598  20.144  -45.002  36.867 0.4444440007
51597  20.874  -44.929  37.212 0.5555559993
51578  21.283  -45.074  37.905 0.4444440007
49192  20.939  -46.407  39.140 0.2222220004
47866  20.014  -47.941  39.515 0.2222220004
51619  21.292  -44.488  35.599 0.6666669846
51613  19.946  -45.157  36.086 0.5555559993
46722  19.510  -48.618  39.880 0.3333329856
51614  19.525  -45.447  35.666 0.5555559993
50491  18.871  -46.043  36.886 0.5555559993
51621  19.981  -45.105  35.130 0.5555559993
50501  19.081  -45.967  35.793 0.5555559993
39997  19.169  -53.744  37.346 0.3333329856
47909  18.613  -47.827  38.286 0.4444440007
61675  40.629  -35.221  30.985 0.6666669846
75191  39.129  -24.009  14.557 0.1111110002
75192  38.413  -24.287  14.320 0.2222220004
74022  37.618  -24.787  14.480 0.1111110002
75205  36.840  -23.665  14.054 0.1111110002
30180  6.420  -62.745  36.901 0.2222220004
29062  8.270  -62.474  37.606 0.2222220004
58304  33.537  -39.798  22.190 0.2222220004
58305  32.961  -39.750  21.822 0.2222220004
57102  31.478  -40.213  22.318 0.2222220004
57103  30.431  -40.122  22.298 0.2222220004
58321  33.803  -39.099  21.115 0.2222220004
58322  33.110  -39.549  21.308 0.2222220004
57117  31.864  -39.892  21.511 0.2222220004
58340  32.848  -38.973  20.442 0.2222220004
60493  40.245  -36.528  31.049 0.6666669846
68487  35.699  -29.614  20.034 0.1111110002
82503  56.638  -17.498  0.442 0.3333329856
82465  53.863  -17.993  2.079 0.3333329856
82466  53.084  -17.897  2.129 0.3333329856
82488  55.185  -17.930  1.423 0.2222220004
82489  54.244  -17.805  1.363 0.2222220004
82504  55.567  -17.638  0.589 0.3333329856
82505  54.641  -17.621  0.654 0.2222220004
82467  52.443  -17.449  2.337 0.3333329856
82521  55.718  -17.198  -0.527 0.2222220004
82522  54.797  -17.330  -0.122 0.2222220004
36697  16.354  -57.261  34.475 0.1111110002
60510  40.549  -35.878  30.777 0.6666669846
30172  5.895  -62.061  37.537 0.2222220004
57101  32.592  -39.946  22.281 0.3333329856
65191  37.444  -32.048  19.864 0.1111110002
68488  34.433  -29.203  19.601 0.2222220004
30181  5.954  -62.494  37.073 0.2222220004
57135  32.730  -39.550  20.964 0.2222220004
57118  30.926  -39.957  21.472 0.2222220004
60476  40.163  -36.490  31.981 0.6666669846
68498  34.656  -29.841  19.152 0.1111110002
52623  32.355  -44.185  35.531 0.1111110002
52614  31.612  -44.884  36.135 0.1111110002
52624  31.379  -44.615  35.987 0.1111110002
58283  26.962  -39.922  22.391 0.3333329856
57105  28.446  -39.981  22.058 0.2222220004
60459  39.681  -36.854  32.838 0.3333329856
59348  39.649  -37.206  31.493 0.5555559993
61663  40.362  -35.793  32.129 0.5555559993
61662  40.499  -35.295  31.754 0.4444440007
62861  40.565  -34.506  32.120 0.4444440007
63972  40.106  -33.095  31.499 0.4444440007
52644  24.140  -44.349  35.926 0.4444440007
57085  27.844  -40.019  22.793 0.3333329856
53688  30.946  -44.341  35.496 0.2222220004
63981  40.300  -33.807  31.122 0.4444440007
68307  41.231  -29.948  33.938 0.1111110002
59320  39.378  -37.178  32.725 0.5555559993
51566  31.994  -45.097  36.052 0.1111110002
51567  31.372  -45.122  36.423 0.1111110002
61644  40.204  -36.315  33.219 0.4444440007
27952  15.970  -64.684  37.132 0.1111110002
29067  14.729  -64.088  37.721 0.1111110002
29066  15.638  -64.365  37.573 0.1111110002
29079  14.295  -63.888  37.249 0.1111110002
30186  13.835  -63.289  36.675 0.1111110002
30185  14.702  -63.884  36.656 0.1111110002
29056  15.106  -64.014  38.058 0.1111110002
29068  13.756  -63.606  37.731 0.1111110002
29080  13.522  -63.574  37.238 0.1111110002
30188  12.270  -62.766  37.344 0.1111110002
30187  12.917  -63.186  36.916 0.1111110002
31291  12.297  -62.452  36.861 0.1111110002
32358  12.373  -61.872  36.472 0.1111110002
29057  14.232  -63.661  38.091 0.1111110002
30177  12.326  -62.854  37.750 0.1111110002
30178  11.365  -62.616  37.720 0.1111110002
30189  11.276  -62.503  37.452 0.1111110002
30196  5.682  -62.157  36.627 0.1111110002
30195  5.984  -62.528  36.521 0.1111110002
30190  10.119  -62.806  36.755 0.1111110002
32360  10.981  -61.972  36.756 0.1111110002
29082  9.052  -62.890  37.276 0.1111110002
31308  6.648  -62.125  35.482 0.1111110002
30205  6.331  -62.269  35.739 0.1111110002
30207  5.740  -62.066  36.073 0.1111110002
31304  9.965  -61.791  36.270 0.1111110002
31309  5.163  -61.436  36.100 0.1111110002
32348  5.075  -61.063  37.974 0.2222220004
30173  5.574  -61.855  37.505 0.1111110002
32352  4.945  -61.112  37.469 0.2222220004
31296  5.377  -61.736  36.808 0.1111110002
30191  8.784  -62.752  36.860 0.1111110002
29084  7.383  -62.710  36.878 0.1111110002
30206  5.981  -62.323  36.042 0.1111110002
32375  5.171  -61.390  36.487 0.1111110002
32372  9.565  -61.305  35.992 0.1111110002
32374  7.735  -61.665  35.449 0.1111110002
31307  7.160  -61.980  35.376 0.1111110002
33393  7.544  -60.163  34.877 0.1111110002
33402  6.979  -60.168  34.304 0.1111110002
32384  6.545  -61.353  34.611 0.1111110002
32353  4.707  -60.579  37.806 0.1111110002
32361  5.026  -61.314  36.927 0.1111110002
32362  4.651  -60.722  37.105 0.1111110002
31305  9.288  -61.919  36.190 0.1111110002
32376  4.758  -60.917  36.139 0.1111110002
33374  4.229  -60.130  36.652 0.1111110002
33383  9.948  -60.522  35.785 0.1111110002
33392  8.469  -60.237  35.273 0.1111110002
34415  7.910  -59.288  34.603 0.1111110002
35505  8.686  -58.752  34.597 0.1111110002
33371  4.256  -60.050  37.553 0.1111110002
34395  3.777  -59.374  37.229 0.1111110002
48092  10.110  -47.769  28.781 0.1111110002
46907  14.050  -48.330  26.407 0.1111110002
58285  25.700  -39.100  22.276 0.2222220004
58307  26.243  -39.400  21.473 0.1111110002
49443  15.427  -46.684  24.996 0.1111110002
52643  25.004  -44.345  35.969 0.2222220004
57104  29.438  -39.921  22.256 0.1111110002
58306  27.384  -39.929  21.699 0.1111110002
58325  27.036  -39.238  20.687 0.1111110002
59500  25.783  -38.424  21.309 0.1111110002
59501  25.545  -37.855  21.634 0.1111110002
51561  22.575  -45.518  38.677 0.2222220004
50450  22.093  -45.873  39.809 0.2222220004
51577  22.052  -44.991  38.267 0.2222220004
58323  29.074  -39.869  20.677 0.1111110002
60650  25.351  -36.888  21.395 0.1111110002
50654  15.630  -45.928  24.444 0.1111110002
51793  16.745  -44.663  23.180 0.1111110002
51777  16.427  -44.492  23.539 0.1111110002
52815  15.676  -43.533  25.265 0.1111110002
50478  21.265  -45.484  38.421 0.2222220004
57119  29.880  -39.895  21.276 0.1111110002
58343  29.762  -39.547  20.033 0.1111110002
58341  31.802  -39.211  20.062 0.1111110002
61832  24.288  -35.711  20.673 0.1111110002
60673  24.383  -36.488  21.236 0.1111110002
52863  18.913  -43.126  21.436 0.1111110002
51806  18.229  -44.324  22.266 0.1111110002
58367  31.281  -38.723  19.287 0.1111110002
61833  23.552  -35.872  20.743 0.1111110002
57122  21.706  -39.926  20.953 0.1111110002
54834  21.152  -41.826  21.574 0.1111110002
54835  20.497  -42.246  21.535 0.1111110002
61834  22.311  -35.392  20.943 0.1111110002
60675  21.985  -36.953  20.606 0.1111110002
60697  21.639  -37.517  20.634 0.1111110002
54846  19.998  -41.651  21.394 0.1111110002
52862  19.388  -42.883  21.350 0.1111110002
52848  18.135  -43.304  22.147 0.1111110002
64086  25.525  -32.383  22.016 0.1111110002
59516  34.627  -37.907  20.591 0.1111110002
58365  33.148  -38.092  19.479 0.1111110002
58366  32.257  -38.604  19.396 0.1111110002
64127  24.211  -33.259  20.887 0.1111110002
63029  22.727  -34.176  20.860 0.1111110002
61835  21.427  -36.180  21.285 0.1111110002
58348  20.960  -38.667  20.707 0.1111110002
57123  20.613  -39.662  20.917 0.1111110002
54845  20.651  -41.228  21.359 0.1111110002
59535  33.899  -37.761  19.840 0.1111110002
57124  19.805  -40.042  21.413 0.1111110002
54847  19.242  -41.546  21.611 0.1111110002
62992  22.634  -33.284  23.622 0.1111110002
63028  23.075  -33.428  21.499 0.1111110002
61808  21.708  -34.690  22.310 0.1111110002
61809  21.379  -35.602  22.106 0.1111110002
59505  20.226  -37.446  22.509 0.1111110002
57107  19.918  -39.229  21.714 0.1111110002
59553  33.731  -37.596  19.277 0.1111110002
60691  35.155  -36.689  19.746 0.1111110002
60733  34.198  -36.518  18.496 0.1111110002
60734  33.624  -36.480  18.162 0.1111110002
61880  35.479  -35.609  19.158 0.1111110002
59301  37.213  -38.609  33.636 0.3333329856
59300  37.801  -38.251  33.988 0.3333329856
60419  38.048  -38.121  33.982 0.1111110002
59311  38.271  -38.052  33.466 0.3333329856
60447  38.642  -37.818  33.838 0.1111110002
60431  38.992  -37.733  34.087 0.1111110002
59321  38.983  -37.485  32.924 0.1111110002
60430  39.559  -37.196  34.026 0.2222220004
60460  39.314  -37.186  33.231 0.1111110002
61623  39.952  -36.863  34.236 0.2222220004
60445  39.640  -36.933  33.486 0.2222220004
61634  40.137  -36.592  33.811 0.2222220004
62848  40.891  -34.701  33.214 0.2222220004
62855  40.651  -34.524  32.741 0.3333329856
61651  40.480  -35.260  32.415 0.3333329856
63971  40.454  -33.758  31.816 0.3333329856
63943  41.270  -33.783  33.489 0.1111110002
63963  40.607  -33.724  32.498 0.3333329856
65027  41.467  -32.692  33.745 0.1111110002
63942  41.746  -33.709  33.787 0.3333329856
65041  40.649  -32.815  33.066 0.2222220004
63964  40.361  -33.012  32.281 0.3333329856
65052  39.992  -32.251  32.011 0.3333329856
74972  45.487  -24.514  29.106 0.1111110002
65028  40.841  -32.481  33.414 0.3333329856
75001  45.804  -24.226  27.286 0.1111110002
75000  46.632  -24.255  26.940 0.1111110002
76215  47.208  -23.859  25.946 0.1111110002
79870  49.979  -20.054  21.035 0.2222220004
79871  49.281  -20.059  21.128 0.3333329856
79869  50.586  -20.120  20.756 0.2222220004
79881  49.918  -19.725  20.518 0.2222220004
81026  51.318  -19.799  20.206 0.1111110002
81027  50.920  -19.690  20.371 0.2222220004
81036  50.685  -19.470  20.173 0.2222220004
81037  50.194  -19.439  20.008 0.2222220004
81035  51.365  -19.426  19.984 0.2222220004
81045  50.557  -19.363  19.693 0.2222220004
81055  50.359  -19.424  19.369 0.2222220004
32349  4.893  -60.406  38.358 0.2222220004
29069  13.011  -63.313  37.897 0.1111110002
30179  10.431  -62.602  37.641 0.1111110002
29070  9.858  -62.691  37.780 0.1111110002
29061  8.963  -62.642  37.803 0.1111110002
31295  8.476  -62.483  36.574 0.1111110002
30204  7.029  -62.431  35.888 0.1111110002
51609  23.499  -44.558  36.660 0.2222220004
58284  26.102  -39.612  22.295 0.2222220004
59479  25.624  -38.744  22.112 0.2222220004
59310  38.743  -37.691  33.357 0.4444440007
76245  47.630  -23.231  24.527 0.1111110002
77464  48.299  -22.879  23.936 0.1111110002
78626  48.935  -21.540  22.611 0.2222220004
81034  51.994  -19.552  19.640 0.2222220004
81044  51.088  -19.314  19.569 0.2222220004
29083  8.227  -62.735  37.063 0.1111110002
55875  21.199  -40.769  21.169 0.1111110002
58347  21.695  -38.592  20.611 0.1111110002
60653  24.349  -37.794  21.835 0.2222220004
60651  25.141  -36.917  21.767 0.1111110002
53863  19.928  -42.585  21.445 0.1111110002
52847  18.806  -43.721  21.839 0.1111110002
58339  33.836  -38.187  20.274 0.1111110002
60714  35.054  -36.212  19.166 0.1111110002
59552  34.301  -37.118  19.156 0.1111110002
50451  20.898  -46.177  39.233 0.2222220004
29072  8.595  -62.709  37.447 0.1111110002
57136  32.219  -39.601  20.818 0.1111110002
57138  30.547  -39.736  20.677 0.1111110002
58342  30.817  -39.279  19.972 0.1111110002
30182  5.597  -62.065  37.186 0.1111110002
30202  14.400  -63.363  36.386 0.1111110002
30176  12.963  -63.317  37.503 0.1111110002
31292  11.455  -62.307  37.055 0.1111110002
29081  9.711  -62.761  37.487 0.1111110002
31293  10.339  -62.222  36.713 0.1111110002
31316  6.748  -61.578  34.919 0.1111110002
31294  9.181  -62.462  36.584 0.1111110002
30203  7.513  -62.306  35.969 0.1111110002
32371  10.637  -61.469  36.296 0.1111110002
33384  9.141  -60.713  35.632 0.1111110002
32382  7.889  -60.708  35.174 0.1111110002
32373  8.437  -61.265  35.562 0.1111110002
32383  7.153  -61.073  34.864 0.1111110002
34414  9.185  -59.416  35.168 0.1111110002
32393  6.666  -60.614  34.190 0.1111110002
31306  8.184  -62.113  36.052 0.1111110002
33391  9.288  -60.165  35.477 0.1111110002
34404  9.688  -59.921  35.477 0.1111110002
58308  25.803  -38.822  21.846 0.1111110002
50463  21.745  -45.804  38.909 0.2222220004
60672  25.036  -36.186  20.964 0.1111110002
60671  25.462  -36.849  20.914 0.1111110002
51762  15.610  -44.709  24.659 0.1111110002
52830  16.043  -43.784  24.319 0.1111110002
61864  23.108  -35.263  20.586 0.1111110002
61863  23.659  -35.082  20.466 0.1111110002
57141  21.404  -39.225  20.702 0.1111110002
60698  21.347  -37.364  20.770 0.1111110002
55876  20.277  -40.701  21.293 0.1111110002
53854  18.177  -42.252  22.367 0.1111110002
53853  18.571  -41.983  21.941 0.1111110002
64087  24.633  -32.485  22.061 0.1111110002
65181  25.004  -32.549  21.555 0.1111110002
58385  32.595  -37.960  18.820 0.1111110002
58364  33.628  -37.878  19.730 0.1111110002
64126  24.656  -33.301  20.555 0.1111110002
63049  23.723  -33.918  20.492 0.1111110002
64109  23.930  -33.053  21.376 0.1111110002
63008  22.228  -33.988  21.746 0.1111110002
63050  23.077  -34.743  20.620 0.1111110002
59540  20.747  -38.066  20.931 0.1111110002
58328  20.419  -38.598  21.265 0.1111110002
55877  19.440  -40.834  21.739 0.1111110002
62993  22.129  -33.891  22.949 0.1111110002
63007  22.779  -33.324  22.594 0.1111110002
64073  23.261  -32.755  23.395 0.1111110002
60676  20.977  -36.938  21.181 0.1111110002
60654  20.902  -36.368  22.060 0.1111110002
58311  20.106  -38.348  22.157 0.1111110002
60677  20.526  -36.986  21.963 0.1111110002
60715  34.635  -36.508  18.959 0.1111110002
60735  32.671  -36.580  18.059 0.1111110002
61900  35.128  -35.136  18.506 0.1111110002
60418  38.633  -38.060  34.252 0.1111110002
63954  40.808  -33.559  33.053 0.2222220004
63955  40.569  -33.053  32.802 0.2222220004
79880  50.451  -19.811  20.594 0.2222220004
79854  49.976  -20.484  21.268 0.2222220004
79853  50.250  -20.652  21.172 0.2222220004
76425  40.012  -22.997  13.950 0.1111110002
77622  40.997  -22.200  13.221 0.2222220004
77603  40.397  -22.632  13.541 0.2222220004
80046  58.397  -19.886  6.485 0.1111110002
80055  58.730  -19.957  5.720 0.2222220004
81146  58.328  -18.486  10.224 0.2222220004
82371  58.364  -17.798  9.620 0.2222220004
81174  48.046  -19.100  7.791 0.2222220004
80063  59.044  -19.996  5.230 0.2222220004
82486  57.559  -17.771  1.389 0.3333329856
71827  32.252  -27.760  17.072 0.1111110002
77604  39.363  -22.666  13.230 0.1111110002
77623  39.754  -22.073  12.655 0.1111110002
51558  25.160  -45.420  38.777 0.1111110002
51559  24.235  -45.336  39.047 0.1111110002
49204  24.650  -46.475  39.082 0.1111110002
49188  23.917  -46.405  39.593 0.1111110002
49221  22.456  -46.586  38.284 0.1111110002
50461  23.424  -45.780  39.576 0.1111110002
49189  23.194  -46.381  39.676 0.1111110002
47953  21.609  -47.729  36.331 0.1111110002
47971  21.762  -47.597  35.588 0.1111110002
46805  21.885  -48.418  34.348 0.1111110002
50449  22.574  -45.895  39.982 0.1111110002
47937  21.243  -47.722  37.046 0.1111110002
46772  21.219  -48.551  36.650 0.1111110002
46787  21.677  -48.749  35.128 0.1111110002
45697  21.491  -49.325  36.304 0.1111110002
51570  28.729  -45.239  37.157 0.1111110002
51605  28.238  -44.717  36.634 0.1111110002
51606  27.310  -44.754  36.794 0.1111110002
51591  26.620  -44.842  37.396 0.1111110002
52638  29.745  -44.424  36.054 0.1111110002
51604  29.187  -44.662  36.472 0.1111110002
51607  26.758  -44.698  36.915 0.1111110002
52640  27.906  -44.390  36.188 0.1111110002
52627  26.339  -44.642  37.041 0.1111110002
52641  26.759  -44.621  36.309 0.1111110002
43418  21.046  -50.874  39.365 0.1111110002
52642  25.830  -44.374  36.084 0.1111110002
44524  20.844  -50.603  39.436 0.1111110002
44531  21.593  -51.021  38.854 0.1111110002
44542  21.396  -50.386  38.308 0.1111110002
51575  24.045  -44.953  38.291 0.1111110002
47875  20.142  -47.403  39.245 0.1111110002
45674  21.085  -49.941  38.614 0.1111110002
47892  20.470  -47.397  38.907 0.1111110002
46746  20.640  -48.643  38.398 0.1111110002
44551  21.817  -50.651  37.494 0.1111110002
49222  21.483  -46.820  38.388 0.1111110002
46758  20.905  -48.504  37.378 0.1111110002
45687  21.677  -50.105  36.667 0.1111110002
43455  22.778  -51.583  36.374 0.1111110002
52625  30.494  -44.630  36.227 0.1111110002
52637  30.588  -44.489  35.862 0.1111110002
44525  20.499  -50.129  39.735 0.2222220004
43428  21.726  -51.492  38.615 0.1111110002
38994  19.325  -55.830  31.868 0.1111110002
43410  20.229  -50.730  40.223 0.2222220004
42290  20.022  -51.058  40.401 0.2222220004
42299  20.940  -51.257  39.405 0.2222220004
40077  18.576  -54.966  32.439 0.1111110002
43411  19.741  -50.731  40.658 0.2222220004
45663  18.943  -49.499  40.447 0.2222220004
44515  19.952  -50.029  40.500 0.2222220004
42300  20.328  -51.425  39.759 0.1111110002
54694  34.327  -42.342  35.078 0.1111110002
45662  19.457  -49.360  40.383 0.2222220004
40063  17.985  -54.399  33.228 0.1111110002
44517  18.833  -50.371  40.463 0.2222220004
40062  19.260  -54.431  33.197 0.1111110002
43412  19.232  -50.930  40.668 0.2222220004
42292  19.368  -51.238  40.313 0.2222220004
38969  21.615  -55.267  34.782 0.1111110002
47877  18.992  -48.130  39.598 0.2222220004
41175  20.088  -51.721  39.706 0.1111110002
39981  21.830  -53.792  37.946 0.1111110002
39994  21.698  -54.303  37.602 0.1111110002
38943  22.136  -54.873  37.065 0.1111110002
37858  23.246  -56.008  35.490 0.1111110002
56819  35.282  -41.181  34.875 0.1111110002
58080  36.517  -39.913  34.281 0.1111110002
56869  36.192  -39.792  33.755 0.2222220004
40042  19.356  -54.201  34.611 0.1111110002
40061  20.087  -54.538  33.960 0.1111110002
46729  18.779  -48.828  39.934 0.2222220004
40041  20.471  -54.381  34.979 0.1111110002
38970  20.817  -54.908  34.040 0.1111110002
40040  21.130  -54.565  35.707 0.1111110002
47893  18.678  -48.015  39.277 0.2222220004
45669  18.606  -49.654  40.049 0.2222220004
41189  19.851  -52.381  39.169 0.1111110002
39983  20.347  -53.623  38.206 0.2222220004
39995  20.763  -54.129  37.731 0.2222220004
38955  21.802  -55.012  36.177 0.1111110002
46736  18.591  -48.994  39.588 0.2222220004
44526  18.626  -50.513  39.805 0.2222220004
43430  18.996  -51.092  39.181 0.2222220004
42315  19.579  -52.138  39.086 0.2222220004
41203  19.714  -53.022  38.434 0.2222220004
56818  35.877  -40.756  34.862 0.1111110002
58095  36.511  -39.552  33.953 0.1111110002
58109  36.865  -39.038  33.891 0.2222220004
40021  20.373  -54.247  36.158 0.1111110002
40007  20.475  -54.252  37.044 0.1111110002
40020  21.061  -54.441  36.463 0.1111110002
41204  19.111  -52.879  38.118 0.2222220004
59292  37.309  -38.700  34.087 0.1111110002
58094  36.923  -39.251  34.178 0.1111110002
40008  19.629  -54.080  36.818 0.2222220004
72978  34.642  -25.172  14.564 0.1111110002
72977  35.686  -25.564  14.495 0.1111110002
74039  34.334  -24.204  14.507 0.1111110002
75208  33.719  -23.277  14.643 0.1111110002
74037  36.508  -24.604  14.438 0.1111110002
75207  34.758  -23.459  14.289 0.1111110002
75206  35.814  -23.630  14.205 0.1111110002
76430  34.319  -22.327  14.243 0.1111110002
77643  40.413  -21.656  12.230 0.1111110002
81162  42.559  -18.065  9.304 0.1111110002
81159  44.776  -18.961  8.793 0.1111110002
81160  44.032  -18.438  8.742 0.1111110002
81177  45.334  -18.650  8.344 0.1111110002
82375  43.584  -17.485  8.620 0.1111110002
81178  44.653  -18.415  8.539 0.1111110002
81176  46.402  -18.482  7.968 0.1111110002
80040  46.108  -19.385  8.414 0.1111110002
81188  46.956  -18.340  7.688 0.1111110002
82374  44.029  -17.843  8.525 0.1111110002
81175  47.284  -18.893  7.952 0.1111110002
82388  44.494  -17.562  8.331 0.1111110002
82387  45.688  -17.631  7.830 0.1111110002
82400  46.584  -17.637  7.264 0.1111110002
82386  46.218  -17.932  7.693 0.1111110002
82399  47.861  -17.705  6.856 0.1111110002
82413  47.792  -16.988  6.176 0.1111110002
83641  47.139  -16.755  6.579 0.1111110002
81236  59.245  -19.065  2.460 0.2222220004
83686  51.821  -16.772  2.460 0.1111110002
84911  51.069  -16.011  2.789 0.1111110002
82491  52.778  -17.452  1.818 0.1111110002
82460  59.007  -18.240  1.874 0.2222220004
82506  53.833  -17.402  0.609 0.1111110002
83695  52.934  -17.054  1.200 0.1111110002
83685  52.267  -17.004  2.126 0.1111110002
82483  58.973  -18.169  0.404 0.2222220004
82485  58.444  -17.745  1.138 0.2222220004
82502  57.751  -17.122  0.205 0.2222220004
81268  58.943  -18.962  0.609 0.2222220004
82500  58.931  -17.633  -0.145 0.2222220004
81267  58.926  -18.426  0.255 0.2222220004
82490  53.258  -17.463  1.396 0.1111110002
84918  51.463  -15.542  2.039 0.1111110002
83725  53.814  -16.756  -0.313 0.1111110002
83708  52.626  -16.189  0.744 0.1111110002
84928  51.859  -15.330  1.472 0.1111110002
83705  58.924  -17.201  -0.294 0.2222220004
84936  52.994  -15.730  0.071 0.1111110002
84937  52.602  -15.655  0.600 0.1111110002
82499  59.025  -17.944  -0.285 0.2222220004
83720  58.622  -16.873  -0.786 0.1111110002
83721  57.818  -16.742  -0.743 0.1111110002
82520  56.691  -16.957  -0.602 0.1111110002
83723  55.401  -16.898  -0.936 0.1111110002
83724  54.883  -16.738  -0.894 0.1111110002
84946  54.149  -15.734  -1.146 0.1111110002
82532  59.513  -17.584  -1.425 0.2222220004
83739  58.861  -16.850  -1.438 0.1111110002
83741  57.127  -16.363  -1.543 0.1111110002
83742  56.416  -16.455  -1.371 0.1111110002
84961  55.111  -15.668  -1.516 0.1111110002
83744  54.888  -16.099  -1.323 0.1111110002
86066  53.518  -14.947  -0.517 0.1111110002
84957  57.957  -16.385  -2.128 0.1111110002
84960  55.673  -15.696  -1.684 0.1111110002
86078  54.630  -15.069  -1.389 0.1111110002
86065  54.162  -14.484  -0.855 0.1111110002
84958  56.990  -15.533  -2.259 0.1111110002
84959  56.277  -15.622  -1.941 0.1111110002
86077  55.081  -14.889  -1.661 0.1111110002
84969  57.477  -15.557  -2.672 0.1111110002
86107  54.788  -14.359  -3.605 0.1111110002
86052  53.854  -13.918  -0.006 0.1111110002
86075  55.975  -14.499  -2.075 0.1111110002
86076  55.535  -14.762  -1.868 0.1111110002
86064  54.652  -14.137  -1.193 0.1111110002
86127  57.700  -14.767  -3.373 0.1111110002
86105  57.569  -14.824  -2.906 0.1111110002
86074  56.384  -14.080  -2.216 0.1111110002
87169  55.374  -13.760  -1.518 0.1111110002
87170  55.062  -14.098  -1.523 0.1111110002
85012  57.613  -15.752  -3.616 0.1111110002
86089  57.077  -14.556  -2.583 0.1111110002
87167  56.177  -13.253  -1.709 0.1111110002
87168  55.738  -13.294  -1.460 0.1111110002
87151  55.433  -13.065  -0.728 0.1111110002
87152  55.034  -13.371  -0.657 0.1111110002
87211  57.430  -14.147  -3.493 0.1111110002
87198  57.026  -13.983  -2.888 0.1111110002
87184  56.578  -13.527  -2.220 0.1111110002
88243  55.899  -12.854  -1.298 0.1111110002
87150  55.591  -12.852  -0.750 0.1111110002
87199  56.881  -13.593  -3.124 0.1111110002
88273  55.945  -12.403  -3.079 0.1111110002
87202  54.429  -13.334  -3.371 0.1111110002
88275  54.230  -12.397  -2.533 0.1111110002
87153  54.472  -13.561  -0.287 0.1111110002
87133  54.914  -12.894  0.520 0.1111110002
88242  56.170  -12.488  -1.261 0.1111110002
88225  55.850  -12.549  -0.477 0.1111110002
87132  55.519  -12.682  0.358 0.1111110002
88271  56.779  -12.986  -2.559 0.1111110002
88257  56.679  -13.172  -1.936 0.1111110002
88258  56.495  -11.988  -2.654 0.1111110002
89367  56.462  -11.423  -1.566 0.1111110002
89366  56.484  -11.979  -1.381 0.1111110002
89397  55.512  -11.844  -2.743 0.1111110002
89384  56.230  -11.541  -2.442 0.1111110002
90439  55.153  -11.190  -1.986 0.1111110002
89399  54.763  -11.656  -2.211 0.1111110002
88207  55.845  -12.553  0.271 0.1111110002
89351  56.503  -11.476  -0.328 0.1111110002
88224  56.398  -11.968  0.173 0.1111110002
90408  56.377  -11.185  -1.084 0.1111110002
89352  56.373  -11.276  -0.934 0.1111110002
91453  56.226  -10.235  -1.067 0.1111110002
90427  55.439  -10.724  -1.416 0.1111110002
90440  54.826  -11.391  -1.930 0.1111110002
89369  54.124  -11.353  -1.368 0.1111110002
89338  57.017  -11.334  0.842 0.1111110002
90393  57.148  -11.029  0.791 0.1111110002
90392  57.007  -10.787  0.539 0.1111110002
51574  24.976  -45.097  38.211 0.1111110002
51573  25.815  -45.237  37.927 0.1111110002
51560  23.348  -45.500  38.855 0.1111110002
50459  25.368  -45.863  38.799 0.1111110002
50462  22.628  -45.870  39.307 0.1111110002
51592  25.733  -44.826  37.510 0.1111110002
47874  21.243  -46.610  39.041 0.1111110002
52628  25.782  -44.497  36.874 0.1111110002
52629  25.168  -44.412  36.630 0.1111110002
51576  23.082  -44.954  38.255 0.1111110002
45661  20.010  -49.114  39.979 0.1111110002
45668  20.432  -49.267  39.412 0.1111110002
45675  20.757  -49.479  38.903 0.1111110002
52639  28.873  -44.291  36.159 0.1111110002
72979  33.915  -24.698  14.590 0.1111110002
72976  36.578  -25.411  14.588 0.1111110002
82398  48.858  -18.232  6.738 0.1111110002
82468  52.047  -17.434  2.793 0.1111110002
77644  39.587  -21.350  12.017 0.1111110002
46721  19.821  -48.239  39.576 0.1111110002
42330  19.276  -52.160  38.702 0.2222220004
45676  18.570  -49.731  39.371 0.2222220004
52636  31.057  -44.441  35.645 0.1111110002
46728  20.164  -48.350  39.365 0.1111110002
82523  54.242  -17.365  0.154 0.1111110002
82534  56.088  -17.024  -0.983 0.1111110002
51608  24.399  -44.510  36.685 0.1111110002
51594  23.777  -44.750  37.466 0.1111110002
49191  21.835  -46.194  39.491 0.1111110002
50460  24.338  -45.927  39.637 0.1111110002
50447  23.724  -46.268  39.889 0.1111110002
49205  23.500  -46.577  38.945 0.1111110002
49247  21.848  -47.012  36.840 0.1111110002
49234  22.532  -46.641  37.476 0.1111110002
50448  23.327  -46.132  40.072 0.1111110002
49190  22.456  -46.304  39.796 0.1111110002
49206  22.161  -46.284  39.023 0.1111110002
49235  21.575  -47.083  37.685 0.1111110002
46806  21.596  -48.094  35.103 0.1111110002
46788  21.597  -48.459  35.817 0.1111110002
47923  21.049  -47.841  37.647 0.1111110002
45688  21.102  -49.607  37.328 0.1111110002
45707  21.676  -49.215  35.583 0.1111110002
45696  21.809  -49.968  35.832 0.1111110002
44533  20.725  -49.840  39.307 0.1111110002
44532  21.223  -50.422  39.082 0.1111110002
51593  24.840  -44.685  37.416 0.1111110002
46735  20.467  -48.600  38.884 0.1111110002
45682  20.802  -49.461  38.360 0.1111110002
44552  21.297  -50.210  37.847 0.1111110002
49208  20.792  -46.945  38.809 0.1111110002
49223  20.864  -47.207  38.591 0.1111110002
47908  20.598  -47.886  38.584 0.1111110002
46745  20.830  -48.330  37.918 0.1111110002
46759  20.716  -49.036  37.880 0.1111110002
45689  20.873  -49.546  37.941 0.1111110002
44563  22.274  -50.808  36.360 0.1111110002
47907  20.968  -47.673  38.181 0.1111110002
49207  21.223  -46.674  38.775 0.1111110002
43464  22.711  -51.419  35.629 0.1111110002
43420  18.984  -51.188  40.117 0.2222220004
42302  19.495  -51.422  39.855 0.2222220004
38954  22.417  -55.636  35.413 0.1111110002
41188  20.417  -52.247  39.335 0.1111110002
41176  19.942  -51.903  39.553 0.1111110002
39982  21.013  -53.761  38.264 0.1111110002
41202  20.408  -53.029  38.691 0.1111110002
38942  22.922  -55.426  36.433 0.1111110002
40006  21.338  -54.498  37.067 0.1111110002
42316  19.406  -51.645  39.393 0.2222220004
42329  19.617  -52.448  38.869 0.2222220004
39996  19.867  -53.832  37.692 0.2222220004
74040  33.755  -24.135  14.626 0.1111110002
74038  35.291  -24.439  14.469 0.1111110002
81187  47.530  -18.374  7.493 0.1111110002
83633  45.041  -16.275  7.888 0.1111110002
82484  58.960  -17.934  0.805 0.2222220004
81258  59.046  -18.743  1.178 0.2222220004
83696  52.487  -16.841  1.520 0.1111110002
83697  51.914  -16.082  1.674 0.1111110002
83707  53.086  -16.826  0.702 0.1111110002
81257  58.998  -18.437  0.620 0.2222220004
82501  58.648  -17.413  0.254 0.2222220004
83704  59.014  -17.388  -0.433 0.2222220004
82517  59.291  -17.662  -0.876 0.2222220004
84947  53.523  -15.818  -0.596 0.1111110002
83706  58.453  -16.935  -0.200 0.2222220004
82519  57.371  -16.817  -0.495 0.1111110002
83718  59.296  -17.404  -0.935 0.2222220004
83740  57.926  -16.569  -1.521 0.1111110002
83722  57.117  -16.667  -0.950 0.1111110002
83743  55.604  -16.566  -1.235 0.1111110002
83759  59.325  -17.169  -1.657 0.1111110002
86128  57.601  -14.732  -4.008 0.1111110002
84987  57.659  -15.555  -3.067 0.1111110002
85013  57.216  -15.568  -4.229 0.1111110002
88226  55.630  -12.720  -0.252 0.1111110002
87212  57.035  -14.055  -3.799 0.1111110002
87200  56.397  -13.423  -3.346 0.1111110002
89395  56.687  -12.368  -2.492 0.1111110002
88259  56.269  -12.011  -2.731 0.1111110002
87201  55.498  -13.592  -3.501 0.1111110002
88274  55.091  -12.449  -3.100 0.1111110002
89382  56.752  -12.266  -2.061 0.1111110002
89383  56.541  -11.886  -2.402 0.1111110002
89368  56.373  -11.155  -1.897 0.1111110002
89398  55.028  -11.679  -2.538 0.1111110002
89385  55.464  -11.398  -2.391 0.1111110002
90426  56.016  -10.705  -1.629 0.1111110002
90438  55.621  -11.016  -2.032 0.1111110002
47873  21.618  -46.326  39.314 0.1111110002
69561  33.273  -28.757  19.319 0.1111110002
70629  33.573  -28.098  19.684 0.1111110002
58076  39.274  -38.754  35.387 0.1111110002
56813  39.813  -39.086  35.167 0.1111110002
56814  39.176  -39.229  34.910 0.1111110002
60409  39.554  -37.915  35.119 0.1111110002
55686  40.051  -39.965  34.505 0.1111110002
78625  49.577  -21.490  22.249 0.1111110002
78640  49.915  -21.090  21.630 0.1111110002
59278  39.468  -38.385  35.307 0.1111110002
59276  40.440  -38.257  35.392 0.1111110002
59277  40.057  -37.974  35.915 0.1111110002
60408  39.894  -37.657  35.257 0.1111110002
60417  39.558  -37.493  34.625 0.1111110002
60416  40.460  -36.903  34.865 0.1111110002
59288  40.466  -37.425  35.167 0.1111110002
61622  40.653  -36.327  34.148 0.1111110002
61633  40.684  -35.802  33.485 0.1111110002
78641  49.641  -20.989  21.816 0.1111110002
79852  50.423  -20.855  21.123 0.1111110002
79868  51.159  -20.379  20.554 0.1111110002
60415  41.128  -36.775  34.897 0.1111110002
62838  41.199  -35.122  33.576 0.1111110002
81033  52.582  -19.524  19.422 0.1111110002
76414  57.038  -22.510  15.372 0.1111110002
75210  57.060  -23.225  13.753 0.1111110002
74015  57.078  -24.124  14.872 0.1111110002
75182  57.190  -23.485  15.335 0.1111110002
75159  57.007  -23.293  15.872 0.1111110002
79889  52.990  -19.505  19.220 0.1111110002
81041  53.331  -19.368  18.740 0.1111110002
78678  54.327  -20.257  17.804 0.1111110002
76357  54.647  -21.245  17.369 0.1111110002
76358  54.362  -21.543  17.488 0.1111110002
76378  55.101  -21.681  16.784 0.1111110002
77574  55.730  -21.253  16.671 0.1111110002
79961  57.674  -19.210  12.903 0.1111110002
77591  56.521  -20.886  14.950 0.1111110002
76433  56.779  -22.354  13.368 0.1111110002
75215  56.626  -22.977  13.177 0.1111110002
79916  54.316  -19.283  17.660 0.1111110002
79915  54.717  -19.774  17.314 0.1111110002
78694  54.711  -20.256  17.372 0.1111110002
77558  54.679  -20.590  17.450 0.1111110002
79914  55.046  -20.000  16.944 0.1111110002
78693  55.131  -20.410  16.970 0.1111110002
78728  56.290  -20.441  15.330 0.1111110002
79952  56.889  -19.562  13.944 0.1111110002
77646  56.395  -21.213  11.873 0.1111110002
77631  56.571  -21.406  12.819 0.1111110002
78780  56.769  -20.435  12.281 0.1111110002
77557  54.896  -21.032  17.233 0.1111110002
78712  55.880  -20.525  16.209 0.1111110002
78796  56.845  -20.317  11.384 0.1111110002
80008  57.930  -19.261  9.464 0.1111110002
81156  58.228  -18.486  9.288 0.1111110002
78888  59.161  -20.541  1.949 0.1111110002
78899  58.681  -20.085  1.176 0.1111110002
80110  58.719  -19.286  0.523 0.1111110002
78924  57.305  -19.653  -0.009 0.1111110002
80126  56.337  -19.505  -0.688 0.1111110002
80141  56.102  -19.161  -1.211 0.1111110002
81200  59.230  -19.681  4.528 0.1111110002
80080  59.340  -19.848  2.283 0.1111110002
80096  59.034  -19.630  1.237 0.1111110002
80123  58.592  -18.907  -0.439 0.1111110002
80138  59.110  -18.522  -1.505 0.1111110002
81286  59.481  -18.213  -1.566 0.1111110002
81299  59.274  -18.115  -2.121 0.1111110002
80124  57.772  -19.111  -0.698 0.1111110002
81288  58.119  -18.627  -2.022 0.1111110002
81300  58.576  -18.438  -2.242 0.1111110002
80140  57.327  -18.902  -1.718 0.1111110002
80155  57.057  -18.604  -2.405 0.1111110002
80156  56.424  -18.624  -2.148 0.1111110002
80157  55.463  -18.722  -1.942 0.1111110002
80109  58.849  -18.673  -0.112 0.1111110002
81285  59.477  -18.039  -1.169 0.1111110002
81301  57.650  -18.365  -2.540 0.1111110002
82544  58.913  -17.426  -2.532 0.1111110002
81314  57.407  -17.835  -3.416 0.1111110002
77488  49.600  -21.916  22.500 0.1111110002
77462  49.087  -22.502  23.353 0.1111110002
77489  49.175  -21.862  22.993 0.1111110002
78816  56.947  -20.305  10.366 0.1111110002
78795  57.520  -19.767  11.034 0.1111110002
79933  55.334  -19.843  16.565 0.1111110002
77660  56.409  -21.124  10.756 0.1111110002
81082  55.478  -19.244  16.003 0.1111110002
79996  58.029  -19.226  10.661 0.1111110002
79934  55.126  -19.317  16.721 0.1111110002
78779  57.393  -19.784  11.919 0.1111110002
81111  57.654  -18.698  13.235 0.1111110002
79982  58.004  -19.269  11.672 0.1111110002
76423  57.029  -22.435  14.281 0.1111110002
81100  57.164  -18.861  13.874 0.1111110002
77610  56.650  -21.497  13.739 0.1111110002
79944  55.901  -19.759  15.653 0.1111110002
79953  56.443  -19.619  14.597 0.1111110002
81138  58.382  -18.549  11.327 0.1111110002
79969  57.730  -19.314  12.539 0.1111110002
77463  48.799  -22.827  23.620 0.1111110002
33368  4.432  -59.936  38.271 0.1111110002
82543  59.413  -17.479  -2.002 0.1111110002
70647  32.075  -27.987  18.593 0.1111110002
58075  39.941  -38.652  35.474 0.1111110002
55666  38.923  -40.258  34.717 0.1111110002
77583  56.791  -21.905  15.315 0.1111110002
77590  56.706  -21.634  14.788 0.1111110002
75197  57.257  -23.315  14.633 0.1111110002
75183  56.773  -23.935  15.570 0.1111110002
79970  57.129  -19.802  12.575 0.1111110002
79962  57.217  -19.414  13.195 0.1111110002
78764  56.747  -20.475  13.104 0.1111110002
78744  56.625  -20.425  14.109 0.1111110002
78745  56.474  -20.339  14.754 0.1111110002
79897  53.951  -19.729  18.136 0.1111110002
78815  57.551  -19.885  10.035 0.1111110002
78880  59.449  -20.592  2.536 0.1111110002
78887  59.414  -21.022  2.623 0.1111110002
78922  58.481  -19.515  0.550 0.1111110002
80125  56.892  -19.401  -0.780 0.1111110002
80122  59.156  -18.445  -0.890 0.1111110002
80153  59.030  -18.486  -2.016 0.1111110002
80139  58.402  -18.722  -1.582 0.1111110002
81312  58.751  -17.893  -2.659 0.1111110002
81313  58.074  -17.845  -2.849 0.1111110002
81302  56.794  -18.074  -2.840 0.1111110002
81304  54.826  -18.263  -2.476 0.1111110002
29059  10.127  -62.692  38.098 0.2222220004
29060  9.475  -62.615  38.152 0.2222220004
29071  9.275  -62.761  37.629 0.1111110002
29073  7.835  -62.621  37.226 0.1111110002
30157  13.411  -62.826  38.856 0.2222220004
30193  6.883  -62.638  36.397 0.2222220004
31270  5.974  -61.332  38.353 0.5555559993
31285  5.306  -61.592  37.423 0.1111110002
32329  7.366  -60.367  39.546 0.4444440007
32347  6.369  -61.250  38.543 0.4444440007
33347  8.884  -59.523  40.128 0.6666669846
33350  6.856  -60.088  39.616 0.4444440007
33360  7.608  -60.324  39.563 0.5555559993
34366  8.440  -58.715  40.533 0.6666669846
34367  8.088  -58.715  40.382 0.5555559993
34368  7.973  -58.847  40.253 0.6666669846
34370  9.486  -59.195  40.153 0.6666669846
34371  8.743  -59.035  40.431 0.6666669846
34416  7.324  -59.713  34.375 0.1111110002
35451  9.167  -57.921  40.797 0.6666669846
35452  8.736  -58.141  40.669 0.5555559993
35455  12.017  -58.008  39.858 0.5555559993
35464  14.620  -59.146  38.694 0.3333329856
36642  10.508  -57.001  40.740 0.6666669846
36643  9.502  -57.442  40.813 0.5555559993
36646  13.431  -57.231  39.347 0.5555559993
36649  11.170  -57.226  40.472 0.6666669846
37808  10.208  -56.472  40.756 0.6666669846
37814  12.036  -56.529  40.607 0.5555559993
37815  11.483  -56.726  40.666 0.6666669846
37817  8.113  -57.441  39.658 0.5555559993
37834  13.479  -56.211  36.753 0.4444440007
37874  14.384  -55.886  34.986 0.4444440007
38902  12.801  -55.402  40.324 0.5555559993
38903  12.264  -55.585  40.648 0.5555559993
38904  11.550  -55.575  40.720 0.6666669846
38907  9.405  -55.948  40.473 0.5555559993
38916  13.288  -55.428  38.870 0.5555559993
38917  8.979  -56.217  39.398 0.4444440007
38922  13.465  -56.137  37.621 0.5555559993
38923  13.063  -55.419  37.955 0.4444440007
38945  13.417  -55.301  36.106 0.4444440007
38946  9.543  -56.003  36.944 0.5555559993
38956  13.922  -55.456  35.249 0.4444440007
38975  5.977  -55.036  34.598 0.1111110002
39962  11.245  -54.958  40.537 0.5555559993
39964  10.047  -55.249  40.174 0.5555559993
39966  12.871  -54.952  39.954 0.4444440007
39968  9.485  -55.702  39.503 0.5555559993
39985  9.775  -55.554  38.374 0.5555559993
39986  9.388  -55.949  38.155 0.5555559993
39999  12.974  -54.034  36.606 0.4444440007
40011  13.156  -54.536  36.358 0.4444440007
40012  13.178  -54.020  36.320 0.4444440007
40026  14.028  -54.806  34.871 0.4444440007
40067  14.710  -55.009  33.974 0.3333329856
41171  12.275  -54.360  39.848 0.4444440007
41172  11.611  -54.310  39.991 0.4444440007
41173  10.997  -54.463  40.241 0.5555559993
41174  10.589  -54.719  40.077 0.5555559993
41177  19.678  -51.821  39.461 0.2222220004
41178  12.705  -54.388  39.587 0.4444440007
41179  12.531  -53.785  39.428 0.4444440007
41190  19.697  -52.144  39.183 0.2222220004
41191  12.949  -53.678  38.972 0.4444440007
41217  15.838  -53.108  36.178 0.6666669846
41219  13.160  -53.795  36.432 0.4444440007
41234  13.292  -53.840  36.241 0.5555559993
41248  13.755  -54.130  35.495 0.5555559993
41261  14.531  -54.193  34.647 0.4444440007
42291  19.671  -51.154  40.400 0.2222220004
42293  12.267  -53.804  39.540 0.4444440007
42301  19.790  -51.304  40.103 0.1111110002
42303  12.282  -53.197  39.312 0.4444440007
42304  11.625  -53.463  39.476 0.5555559993
42305  11.197  -53.771  39.664 0.4444440007
42317  12.987  -52.700  38.383 0.5555559993
42344  14.780  -52.553  36.409 0.4444440007
43419  20.646  -50.857  39.669 0.2222220004
43421  11.975  -52.635  39.350 0.4444440007
43422  11.725  -52.775  39.218 0.4444440007
43429  21.387  -51.164  39.154 0.1111110002
43432  12.591  -52.018  39.157 0.5555559993
43440  13.371  -51.884  38.009 0.4444440007
43488  16.788  -51.648  31.981 0.6666669846
43489  16.454  -51.556  32.105 0.6666669846
43499  16.566  -51.654  31.754 0.6666669846
43500  16.236  -51.566  31.879 0.6666669846
43511  9.093  -51.090  30.514 0.1111110002
44516  19.319  -50.168  40.719 0.2222220004
44535  12.310  -51.643  38.758 0.5555559993
44536  12.168  -51.607  38.341 0.5555559993
44545  12.789  -51.393  38.166 0.5555559993
44659  13.386  -51.158  29.576 0.4444440007
45681  21.043  -49.923  38.119 0.1111110002
46723  19.131  -48.778  40.048 0.2222220004
46916  18.693  -48.274  25.283 0.1111110002
47876  19.868  -47.552  39.431 0.2222220004
47890  21.243  -46.562  38.796 0.1111110002
47891  20.943  -46.649  38.956 0.1111110002
48089  19.501  -47.097  29.580 0.7777780294
48104  19.677  -47.848  27.891 0.4444440007
48163  15.506  -47.379  25.146 0.2222220004
49183  19.317  -47.778  39.507 0.3333329856
49194  19.103  -47.471  39.468 0.3333329856
49423  19.915  -47.161  26.376 0.3333329856
49455  18.815  -46.949  24.019 0.1111110002
49457  16.837  -46.673  23.822 0.1111110002
50665  21.060  -45.584  24.704 0.2222220004
50679  20.641  -45.424  24.063 0.2222220004
50683  16.761  -45.068  23.186 0.1111110002
51610  22.612  -44.548  36.574 0.5555559993
51761  20.762  -45.563  25.837 0.2222220004
52626  29.949  -44.582  36.319 0.1111110002
52662  21.354  -44.233  34.962 0.6666669846
52864  18.554  -43.248  21.761 0.1111110002
53719  22.640  -43.596  32.905 0.8888890147
53780  21.914  -43.772  29.578 0.7777780294
53796  22.499  -43.269  26.929 0.4444440007
53845  21.662  -43.333  22.412 0.2222220004
53865  18.474  -42.824  21.757 0.1111110002
54751  23.582  -43.124  30.566 0.7777780294
54768  23.072  -43.405  29.735 0.6666669846
54820  23.622  -41.176  24.100 0.4444440007
55671  34.486  -41.968  34.908 0.3333329856
55688  38.571  -40.172  34.695 0.1111110002
55785  27.884  -41.406  28.758 0.7777780294
55843  23.843  -40.839  24.151 0.4444440007
55874  22.088  -40.612  21.281 0.1111110002
56840  39.454  -39.533  34.954 0.1111110002
56964  27.518  -41.226  28.313 0.7777780294
57035  35.749  -39.518  25.492 0.8888890147
57045  26.260  -40.481  24.751 0.5555559993
57046  24.949  -40.435  25.243 0.5555559993
57086  24.103  -40.117  23.218 0.3333329856
57100  33.100  -39.931  22.530 0.4444440007
57116  32.597  -39.765  21.445 0.2222220004
57120  28.993  -39.954  21.453 0.1111110002
57137  31.362  -39.676  20.729 0.1111110002
58230  25.988  -40.599  24.787 0.5555559993
58232  25.470  -40.650  25.506 0.5555559993
58259  36.273  -38.745  24.228 0.6666669846
58282  33.789  -40.042  22.891 0.4444440007
58319  35.113  -38.096  21.365 0.3333329856
58338  34.369  -37.970  20.488 0.1111110002
59289  39.356  -38.249  34.897 0.1111110002
59324  37.193  -38.853  31.857 0.7777780294
59333  39.509  -37.220  32.354 0.5555559993
59436  36.865  -38.277  24.838 1.0000000000
59480  25.341  -38.804  22.219 0.3333329856
59521  20.913  -37.563  20.923 0.1111110002
59522  20.530  -37.697  21.535 0.1111110002
59538  22.000  -37.898  20.506 0.1111110002
59539  21.297  -37.930  20.659 0.1111110002
59569  34.264  -36.813  18.792 0.1111110002
59570  33.921  -37.059  18.641 0.1111110002
60432  38.373  -37.989  34.002 0.1111110002
60446  39.029  -37.539  33.584 0.1111110002
60492  40.480  -35.909  31.398 0.6666669846
60692  34.669  -36.993  19.452 0.1111110002
61643  40.519  -35.435  32.973 0.3333329856
61652  40.285  -36.046  32.614 0.5555559993
61802  37.206  -35.173  22.984 0.5555559993
61824  36.016  -36.087  20.765 0.3333329856
61881  34.934  -36.009  18.822 0.1111110002
62876  40.369  -34.398  30.402 0.6666669846
62887  40.397  -34.896  29.852 0.6666669846
62904  39.831  -35.018  28.643 0.8888890147
62968  38.407  -34.218  24.965 1.0000000000
64108  24.610  -32.821  21.215 0.1111110002
65162  25.391  -32.474  21.863 0.1111110002
65163  25.149  -32.475  21.838 0.1111110002
65180  25.291  -32.505  21.638 0.1111110002
66127  39.143  -31.145  31.153 0.5555559993
67351  36.334  -30.305  19.783 0.2222220004
69500  37.656  -27.956  24.801 1.0000000000
69581  38.484  -28.459  16.552 0.5555559993
69592  39.152  -28.232  16.114 0.5555559993
70518  38.556  -27.202  28.652 0.8888890147
70554  38.463  -27.814  26.427 1.0000000000
70591  35.951  -27.839  22.446 0.8888890147
70592  35.637  -27.683  21.978 0.6666669846
70603  35.824  -28.017  21.912 0.7777780294
70623  43.341  -27.477  18.870 1.0000000000
70630  32.689  -28.211  19.077 0.1111110002
70685  34.057  -28.030  15.941 0.2222220004
71583  40.211  -27.201  32.535 0.4444440007
71596  41.346  -26.202  32.002 0.1111110002
71615  39.149  -26.817  31.207 0.4444440007
71806  43.785  -26.698  18.068 1.0000000000
71807  43.145  -27.046  17.884 1.0000000000
71882  34.937  -25.873  14.514 0.2222220004
72701  40.608  -26.495  32.317 0.3333329856
72769  38.869  -26.912  27.997 0.8888890147
72891  45.588  -25.583  21.648 0.8888890147
72918  44.280  -25.695  18.030 1.0000000000
72928  43.695  -25.712  17.609 1.0000000000
73815  40.286  -25.562  31.200 0.4444440007
73932  44.642  -25.248  23.735 0.7777780294
74002  41.690  -25.073  16.214 0.7777780294
75025  45.142  -24.337  26.206 0.5555559993
75170  42.692  -23.865  16.414 1.0000000000
76387  43.281  -23.200  16.249 0.8888890147
76406  42.977  -23.539  16.370 0.8888890147
77559  44.732  -22.638  17.297 1.0000000000
77575  43.820  -22.751  16.352 1.0000000000
77592  51.035  -21.550  14.169 0.7777780294
78624  49.781  -21.361  21.986 0.1111110002
78722  43.418  -22.973  15.701 0.8888890147
78771  43.033  -23.113  13.826 0.5555559993
78832  50.776  -20.834  9.136 0.6666669846
78847  50.225  -20.612  8.622 0.5555559993
79879  52.258  -19.756  19.586 0.1111110002
79954  54.088  -19.079  14.601 0.3333329856
80137  59.399  -18.326  -1.297 0.1111110002
80154  58.853  -18.616  -1.883 0.1111110002
81046  50.132  -19.428  19.582 0.2222220004
81125  57.978  -18.568  12.865 0.2222220004
81143  38.567  -18.482  11.642 0.1111110002
81218  59.673  -19.900  3.665 0.2222220004
81277  59.106  -18.184  -0.572 0.2222220004
81287  58.428  -18.656  -1.982 0.1111110002
81298  59.609  -17.903  -1.682 0.1111110002
82275  57.197  -18.468  13.740 0.2222220004
82409  50.928  -18.872  5.760 0.4444440007
82518  59.096  -17.632  -0.546 0.2222220004
82533  56.232  -16.796  -1.105 0.1111110002
83639  57.578  -17.527  8.062 0.4444440007
83719  59.143  -17.311  -0.715 0.2222220004
83738  59.361  -17.300  -1.158 0.2222220004
84962  54.713  -15.640  -1.392 0.1111110002
88272  56.509  -12.551  -2.772 0.1111110002
89386  54.178  -11.755  -1.766 0.1111110002
89396  56.497  -12.068  -2.661 0.1111110002
90424  56.372  -10.528  -0.775 0.1111110002
90449  55.038  -11.320  -2.284 0.1111110002
90450  54.914  -11.440  -2.160 0.1111110002
