#!ascii label  , from subject sub-01 vox2ras=TkReg
5994
111599  45.316  10.730  14.624 0.8999999762
112555  46.858  11.284  13.953 0.8999999762
111598  46.126  10.815  14.399 0.8999999762
112538  45.858  11.539  14.633 0.8999999762
111614  46.760  10.872  13.572 0.8999999762
111600  44.305  10.607  14.517 0.8000000119
112540  43.772  11.550  14.333 0.8000000119
111601  43.140  10.581  14.233 0.6000000238
111603  40.732  10.551  14.211 0.6000000238
111604  39.680  10.372  14.672 0.5000000000
113436  39.299  12.351  14.476 0.4000000060
113454  48.225  12.951  12.185 0.8999999762
113448  47.782  12.365  13.214 0.8999999762
112554  47.199  11.703  13.750 0.8999999762
112536  47.167  11.973  14.207 0.8999999762
113429  46.473  12.142  14.978 0.8999999762
111602  41.910  10.628  14.049 0.6000000238
112545  38.279  11.764  15.262 0.3000000119
115206  36.013  14.669  15.926 0.3000000119
113434  41.202  12.650  13.802 0.6000000238
113435  40.338  12.470  14.102 0.6000000238
112543  39.974  11.450  14.286 0.5000000000
113437  38.261  12.457  14.964 0.3000000119
114346  37.388  13.636  15.151 0.3000000119
114357  39.706  13.293  14.306 0.4000000060
114358  38.840  13.142  14.534 0.3000000119
113428  47.497  12.547  14.497 0.8999999762
113430  45.501  12.363  14.893 0.8999999762
117416  34.630  17.459  18.495 0.3000000119
117405  34.493  17.614  19.599 0.3000000119
113421  46.778  12.714  15.452 0.8999999762
113422  46.079  12.683  15.320 0.8999999762
114352  45.012  13.249  15.061 0.6999999881
113432  43.348  12.442  14.230 0.6000000238
116728  34.840  15.813  16.837 0.3000000119
118107  35.342  18.292  19.689 0.4000000060
115224  44.331  13.925  15.052 0.6000000238
114353  43.863  13.224  14.594 0.6000000238
113433  42.717  12.525  13.915 0.6000000238
112556  41.871  12.155  13.703 0.6000000238
115982  36.099  15.670  15.928 0.3000000119
116711  35.106  16.770  17.078 0.3000000119
118120  35.858  18.497  18.771 0.4000000060
118106  36.310  18.821  19.605 0.4000000060
114354  42.755  13.183  14.126 0.6000000238
116003  41.962  14.898  14.517 0.6000000238
114356  40.730  13.380  14.005 0.6000000238
115228  40.200  14.221  14.304 0.6000000238
114359  38.163  13.435  14.784 0.3000000119
115218  37.404  14.589  15.180 0.3000000119
115998  36.757  15.115  15.547 0.3000000119
116726  36.368  16.530  16.268 0.3000000119
117440  35.832  17.005  16.760 0.4000000060
115227  41.297  14.222  14.083 0.6000000238
116004  40.859  15.080  14.439 0.5000000000
116005  39.751  15.110  14.593 0.5000000000
116006  38.881  15.220  14.750 0.3000000119
115217  38.183  14.908  14.954 0.3000000119
115997  37.560  15.477  15.328 0.3000000119
116725  37.248  16.820  16.166 0.3000000119
114379  48.267  13.755  12.300 0.8999999762
114349  47.932  13.669  13.845 0.8999999762
114350  48.002  13.392  14.563 0.8999999762
114342  47.736  13.469  15.411 0.8999999762
114382  48.620  13.795  11.256 0.8999999762
113457  48.635  13.028  10.988 0.8999999762
113447  48.202  13.129  13.381 0.8999999762
113420  47.364  12.894  15.436 0.8999999762
114335  46.625  13.706  16.693 0.6999999881
114344  45.877  13.379  15.885 0.6999999881
114345  45.237  13.725  15.466 0.6999999881
115223  44.910  13.833  15.302 0.6000000238
118087  36.182  18.611  20.578 0.4000000060
118798  37.525  19.302  22.163 0.4000000060
115215  43.829  14.653  15.203 0.6000000238
115216  43.159  14.654  14.963 0.6000000238
117429  35.751  17.795  17.712 0.4000000060
115992  42.907  15.309  15.221 0.5000000000
116002  42.706  14.603  14.727 0.6000000238
118131  36.886  18.480  17.874 0.4000000060
116737  41.060  16.469  15.649 0.5000000000
115995  39.332  15.918  15.044 0.4000000060
115996  38.393  15.790  15.162 0.4000000060
116740  37.782  16.356  15.579 0.4000000060
117444  37.984  17.037  15.966 0.3000000119
117439  36.663  17.315  16.775 0.4000000060
115994  40.407  15.880  14.954 0.4000000060
116027  48.744  15.370  10.871 0.8999999762
116023  48.160  15.515  11.658 0.8999999762
116024  47.757  15.504  12.220 0.8999999762
115247  49.018  14.682  10.594 0.8999999762
115244  48.447  14.571  11.471 0.8999999762
115241  48.028  14.467  12.420 0.8999999762
115242  47.700  14.686  12.883 0.8999999762
115233  47.471  14.587  13.535 0.8999999762
115212  47.609  14.546  15.696 0.8000000119
116000  47.190  15.171  15.026 0.8000000119
115202  47.450  14.859  16.602 0.8000000119
114334  47.472  13.915  16.424 0.8999999762
119570  38.528  19.656  23.139 0.3000000119
115246  49.534  14.839  9.780 0.8999999762
116026  49.249  15.658  10.178 0.8999999762
115196  46.446  14.903  17.481 0.6000000238
118817  37.440  19.617  21.043 0.4000000060
115197  45.823  14.725  17.254 0.6000000238
115204  45.454  14.580  16.672 0.6000000238
115990  44.756  14.978  16.211 0.5000000000
118858  37.026  19.143  19.590 0.4000000060
115981  44.329  15.699  16.436 0.6000000238
115991  44.183  15.332  15.936 0.5000000000
116736  42.298  16.276  15.804 0.5000000000
115993  41.597  15.743  14.984 0.5000000000
118119  36.783  18.900  18.766 0.4000000060
116738  39.910  16.536  15.594 0.4000000060
116723  39.489  17.079  16.184 0.4000000060
117443  38.474  17.247  16.221 0.4000000060
117427  37.579  17.957  17.092 0.4000000060
117428  37.088  17.911  17.250 0.4000000060
121251  40.889  22.479  18.655 0.4000000060
121233  40.424  22.959  19.559 0.4000000060
122023  40.852  23.432  20.318 0.4000000060
121232  41.681  23.173  19.886 0.4000000060
122011  40.648  23.920  21.152 0.4000000060
121999  40.055  23.708  22.262 0.4000000060
122010  41.631  23.602  21.337 0.5000000000
121998  40.855  23.815  22.177 0.5000000000
121984  39.449  23.427  23.256 0.4000000060
116756  47.092  16.449  12.996 0.8999999762
121983  40.592  23.355  23.266 0.4000000060
121172  40.049  22.762  24.223 0.4000000060
121189  38.663  22.957  23.421 0.4000000060
116769  48.694  16.384  10.673 0.8999999762
116018  47.448  15.369  12.835 0.8000000119
116748  46.789  16.361  14.285 0.8999999762
116744  46.723  16.608  15.228 0.8000000119
120396  40.627  22.076  22.792 0.5000000000
120411  40.062  21.526  22.345 0.5000000000
120383  39.725  22.107  24.065 0.4000000060
119558  39.219  21.272  23.667 0.3000000119
117466  48.384  17.341  11.035 0.8999999762
116008  47.064  15.436  13.933 0.8000000119
115988  47.267  15.587  15.967 0.8000000119
115978  47.316  15.611  16.780 0.6999999881
116705  46.806  16.511  17.778 0.6000000238
119568  39.342  21.082  22.811 0.4000000060
119582  38.827  20.410  22.272 0.4000000060
119583  38.354  19.803  22.615 0.3000000119
119559  38.451  20.628  23.915 0.3000000119
117474  48.363  17.404  10.442 0.8999999762
115203  47.015  14.367  17.121 0.6999999881
115971  47.145  15.901  17.360 0.6000000238
115972  46.665  15.627  17.817 0.6000000238
119600  38.900  20.373  21.281 0.4000000060
119601  38.148  20.009  21.689 0.4000000060
116780  48.780  16.566  9.892 0.8999999762
117467  47.900  17.456  9.843 0.8999999762
116707  44.880  16.242  17.768 0.6000000238
116719  44.199  16.187  16.812 0.6000000238
116709  42.482  17.106  17.440 0.5000000000
116710  41.848  17.165  17.348 0.5000000000
118857  37.667  19.248  19.241 0.4000000060
117475  47.979  17.535  9.988 0.8999999762
116771  47.531  17.362  10.014 0.8999999762
117477  46.239  17.624  9.979 0.8999999762
115980  44.903  15.405  16.759 0.6000000238
116720  42.993  16.667  16.716 0.5000000000
117434  41.454  17.265  17.314 0.5000000000
117425  40.431  17.749  17.354 0.4000000060
117436  39.967  17.418  16.784 0.4000000060
117437  38.959  17.604  16.688 0.4000000060
118129  39.050  18.203  17.486 0.4000000060
118130  37.897  18.294  17.378 0.4000000060
118118  37.741  18.865  18.379 0.4000000060
116721  41.652  16.835  16.727 0.5000000000
116722  40.474  16.952  16.311 0.4000000060
118137  38.336  17.988  17.012 0.4000000060
119653  40.381  20.704  16.436 0.6000000238
119643  40.607  21.131  17.072 0.5000000000
121263  40.578  22.103  18.042 0.4000000060
119652  41.472  20.310  16.906 0.6000000238
119632  41.568  21.307  17.961 0.5000000000
120452  41.530  21.762  18.340 0.5000000000
121216  41.853  23.421  20.679 0.5000000000
117464  47.632  17.358  12.016 0.8999999762
117453  47.094  17.386  12.762 0.8999999762
117454  46.832  17.334  13.466 0.8999999762
118173  47.844  18.195  10.395 0.8999999762
117450  46.702  17.407  14.459 0.8999999762
117447  46.685  17.561  15.395 0.8999999762
119580  40.331  21.089  21.470 0.4000000060
118174  47.206  18.251  10.053 0.8999999762
116717  46.899  16.717  16.976 0.6000000238
116697  46.254  16.780  18.334 0.6000000238
119581  39.513  20.875  21.842 0.5000000000
116698  45.534  16.578  18.494 0.6000000238
116699  44.521  16.902  18.614 0.6000000238
116700  43.933  17.082  18.618 0.6000000238
117421  43.513  17.306  18.594 0.5000000000
119618  39.080  20.157  20.353 0.4000000060
118816  38.219  19.971  20.677 0.4000000060
117476  47.258  17.713  10.108 0.8999999762
118195  44.023  18.009  7.546 0.6000000238
116708  43.670  16.846  17.872 0.5000000000
117423  41.891  17.526  17.877 0.5000000000
118127  40.904  18.031  17.940 0.5000000000
118115  40.654  18.519  18.541 0.5000000000
118839  38.386  19.712  19.772 0.4000000060
118176  45.917  18.525  9.484 0.8999999762
117488  44.946  17.346  8.974 0.8000000119
118116  39.707  18.652  18.273 0.4000000060
118856  38.557  19.267  18.985 0.4000000060
120470  39.592  21.279  16.532 0.4000000060
121264  40.002  22.244  17.858 0.4000000060
118898  46.933  19.898  12.905 0.8999999762
119678  46.752  20.947  13.109 0.8999999762
118908  47.267  19.742  11.835 0.8999999762
118152  46.852  19.093  13.765 0.8999999762
118146  46.776  19.378  14.604 0.8999999762
118877  46.128  19.834  15.176 0.6999999881
118868  45.961  19.238  16.004 0.6999999881
120451  42.764  21.765  19.155 0.5000000000
121250  42.134  22.440  19.150 0.5000000000
118166  47.647  18.612  11.490 0.8999999762
118156  46.834  17.966  13.301 0.8999999762
118147  46.692  18.433  14.577 0.8999999762
118141  46.529  18.882  15.425 0.8000000119
118136  44.950  18.793  16.850 0.6000000238
121201  42.081  22.881  21.850 0.5000000000
118169  47.819  19.105  11.109 0.8999999762
118932  47.512  19.405  10.509 0.8999999762
117442  46.674  17.538  16.365 0.6999999881
118134  46.338  18.266  16.789 0.6000000238
118124  45.980  18.202  17.629 0.6000000238
118111  45.668  18.045  18.380 0.6000000238
121202  41.701  22.465  22.052 0.5000000000
118937  47.453  18.852  10.352 0.8999999762
118938  47.109  19.482  9.808 0.8999999762
119715  47.528  20.461  10.109 0.8999999762
117433  46.647  17.339  17.305 0.6000000238
118123  46.341  17.742  17.617 0.6000000238
117411  45.011  17.686  19.124 0.6000000238
117401  44.635  18.104  19.512 0.6000000238
118101  44.497  18.701  19.540 0.6000000238
118102  43.747  18.529  19.996 0.5000000000
118086  42.698  19.003  20.299 0.5000000000
119597  41.896  20.708  20.994 0.5000000000
119598  40.734  20.403  20.712 0.4000000060
120410  40.832  21.700  21.927 0.5000000000
118947  46.739  19.973  8.968 0.8999999762
117412  44.003  17.447  19.141 0.6000000238
117403  43.550  17.951  19.620 0.5000000000
118103  42.577  18.443  19.739 0.5000000000
118114  41.678  18.075  18.633 0.5000000000
118836  41.787  19.142  20.023 0.5000000000
118814  41.378  19.822  20.420 0.5000000000
119617  40.002  20.068  20.204 0.4000000060
118175  46.667  18.563  9.908 0.8999999762
118939  46.389  19.285  9.302 0.8999999762
118949  45.868  19.054  8.152 0.8999999762
118104  41.301  18.702  19.323 0.5000000000
118105  40.671  18.876  19.118 0.5000000000
118837  40.553  19.419  19.687 0.5000000000
118838  39.351  19.704  19.585 0.4000000060
118207  44.788  18.536  7.056 0.6999999881
118855  39.519  19.146  18.910 0.4000000060
118117  38.736  18.732  18.231 0.4000000060
118208  44.037  18.435  6.846 0.6999999881
118143  42.016  18.920  15.363 0.6000000238
118882  41.430  19.285  15.434 0.6000000238
119669  46.610  20.783  14.050 0.8999999762
118889  44.771  19.867  14.332 0.8000000119
118890  43.726  19.409  14.505 0.6999999881
118881  42.442  19.079  15.601 0.6000000238
118872  42.201  19.679  16.621 0.6000000238
119631  42.278  20.995  18.266 0.6000000238
119699  47.593  20.767  11.102 0.8999999762
119688  47.118  20.868  12.055 0.8999999762
120512  47.291  21.746  11.230 0.8999999762
119662  46.117  20.488  14.649 0.8000000119
118878  45.418  19.756  15.023 0.6999999881
118869  45.145  19.181  16.070 0.6000000238
118871  43.381  19.324  16.474 0.6000000238
118865  43.371  19.648  17.515 0.6000000238
119651  42.078  20.144  17.150 0.6000000238
118922  47.679  19.711  10.994 0.8999999762
120525  47.554  21.583  10.204 0.8999999762
118864  44.385  19.050  17.437 0.6000000238
118851  44.168  19.390  18.553 0.6000000238
118852  43.277  20.262  18.478 0.6000000238
120450  43.436  21.439  19.468 0.5000000000
120436  43.468  21.915  19.928 0.5000000000
120422  42.797  22.298  21.116 0.5000000000
119614  44.076  20.472  19.985 0.6000000238
119595  43.721  21.047  20.625 0.5000000000
119577  43.081  21.570  21.223 0.5000000000
120409  41.700  21.710  21.609 0.5000000000
120562  47.418  20.740  7.315 0.8999999762
119724  47.196  20.536  9.045 0.8999999762
120541  47.424  21.353  9.159 0.8999999762
121332  47.140  22.068  9.272 0.8999999762
118833  44.068  20.001  19.545 0.6000000238
118811  43.962  20.250  20.268 0.5000000000
118812  43.496  19.978  20.670 0.5000000000
119578  42.402  21.337  21.353 0.5000000000
118948  46.345  19.682  8.410 0.8999999762
119740  47.162  20.364  7.356 0.8999999762
119596  42.987  20.646  21.178 0.5000000000
118958  45.838  19.171  7.399 0.8999999762
118970  45.719  19.186  6.642 0.8000000119
118971  44.894  19.011  6.340 0.8000000119
118987  44.050  19.392  5.507 0.6999999881
118206  45.281  18.684  7.337 0.6999999881
118973  43.153  19.100  6.214 0.6000000238
118989  41.947  19.836  5.585 0.4000000060
118972  44.057  18.936  6.189 0.6000000238
118974  42.108  19.297  6.394 0.4000000060
118891  42.545  18.996  14.691 0.6000000238
119679  46.403  21.288  13.571 0.8999999762
119689  45.354  21.105  12.906 0.8000000119
118900  44.001  19.855  13.625 0.8000000119
118901  42.993  19.359  13.716 0.8000000119
118892  41.501  19.059  14.498 0.6999999881
119691  43.865  20.162  12.559 0.8000000119
118910  43.317  19.698  12.998 0.8999999762
118902  41.926  19.171  13.705 0.8000000119
118912  41.314  19.535  12.957 0.8999999762
121318  47.046  22.290  10.312 0.8999999762
119694  40.662  19.895  12.292 0.8999999762
121360  47.512  21.524  7.086 0.8999999762
121345  47.220  21.861  8.188 0.8999999762
121346  46.615  22.260  8.317 0.8999999762
121347  45.705  22.251  8.465 0.8999999762
121334  45.594  22.250  9.549 0.8999999762
119747  47.267  20.160  6.806 0.8999999762
120569  47.678  20.830  6.452 0.8999999762
121361  46.928  22.329  7.167 0.8999999762
121348  44.677  22.245  8.557 0.8999999762
118969  46.700  19.761  6.839 0.8999999762
118984  46.784  19.584  6.001 0.8000000119
118986  44.981  19.232  5.508 0.6999999881
121362  45.838  22.276  7.361 0.8999999762
119014  46.055  19.393  3.869 0.6999999881
119001  44.997  19.371  4.584 0.6999999881
119002  43.953  19.773  4.804 0.5000000000
119004  41.827  20.294  4.701 0.4000000060
119025  46.429  19.547  3.159 0.8000000119
119790  44.894  20.246  2.434 0.6999999881
119763  43.895  20.113  4.067 0.6000000238
119764  42.827  20.377  3.932 0.4000000060
119006  39.622  20.083  3.840 0.4000000060
119791  43.759  20.597  2.219 0.6000000238
119776  43.861  20.358  3.183 0.6999999881
118991  39.745  19.901  5.113 0.4000000060
118992  38.641  19.538  4.741 0.4000000060
121304  46.436  22.100  11.603 0.8999999762
120506  46.115  21.809  12.487 0.8999999762
119690  44.878  20.778  12.490 0.8999999762
119701  44.119  20.652  11.635 0.8999999762
119702  43.101  20.213  11.569 0.8999999762
119693  41.656  19.791  12.215 0.8999999762
121333  46.458  22.354  9.407 0.8999999762
119704  40.978  20.249  11.553 0.8999999762
120583  47.412  20.537  5.137 0.8999999762
121375  47.204  21.835  5.987 0.8999999762
121376  45.978  22.171  6.213 0.8999999762
120584  47.101  20.672  4.514 0.8999999762
121387  47.009  21.584  5.258 0.8999999762
121388  46.213  21.851  5.002 0.8999999762
121377  44.822  22.348  6.461 0.8999999762
121363  44.736  22.363  7.507 0.8999999762
119788  46.964  20.053  2.886 0.8000000119
119013  46.711  19.628  4.274 0.6999999881
119765  41.725  20.559  3.715 0.4000000060
119789  45.992  19.848  2.615 0.6999999881
119778  41.604  20.606  2.668 0.4000000060
119766  40.689  20.456  3.331 0.4000000060
119792  42.574  20.658  1.920 0.4000000060
119779  40.646  20.235  2.321 0.3000000119
119016  39.326  19.727  2.709 0.4000000060
119815  45.734  20.456  0.759 0.8000000119
119804  44.748  20.385  1.476 0.6000000238
119805  43.596  20.432  1.206 0.6000000238
121319  46.291  22.442  10.424 0.8999999762
121312  46.190  22.231  11.249 0.8999999762
121313  45.810  21.968  11.591 0.8999999762
120508  45.010  21.079  12.027 0.8999999762
120515  44.197  20.844  11.159 0.8999999762
120527  44.685  21.597  10.482 0.8999999762
120543  44.075  21.485  9.866 0.8999999762
120528  43.905  20.971  10.536 0.8999999762
119717  43.362  20.615  10.955 0.8999999762
119719  41.311  20.595  10.826 0.8999999762
121364  43.692  22.474  7.616 0.8999999762
120531  40.647  21.067  10.156 0.8999999762
121379  43.028  22.760  7.049 0.8999999762
122852  42.276  24.338  6.362 0.8000000119
120593  46.900  20.719  3.525 0.8000000119
121389  44.731  22.535  5.277 0.8999999762
121378  43.611  22.685  6.537 0.8999999762
122113  42.510  23.470  6.597 0.8999999762
122853  41.820  24.419  6.983 0.8000000119
123553  41.662  25.277  7.536 0.8000000119
120601  46.684  21.115  2.571 0.8000000119
121399  45.894  21.860  3.950 0.8000000119
121400  45.262  22.440  4.296 0.8999999762
122122  44.050  23.099  4.885 0.8999999762
122861  42.759  24.299  5.734 0.8999999762
123572  41.928  25.171  6.953 0.8000000119
124273  41.962  26.228  8.997 0.6999999881
121409  45.782  22.304  3.202 0.8999999762
122131  44.387  23.332  4.292 1.0000000000
123598  43.906  24.819  4.690 0.8000000119
123571  42.374  25.130  6.382 0.8000000119
124279  42.044  26.035  8.025 0.6999999881
119803  45.788  20.254  1.742 0.8000000119
120609  46.650  21.289  1.628 0.8999999762
119817  43.444  20.158  0.191 0.5000000000
119806  42.420  20.215  0.872 0.4000000060
119794  40.458  19.532  1.440 0.2000000030
119027  39.676  19.158  1.672 0.2000000030
119038  39.100  18.441  1.250 0.2000000030
119816  44.573  20.407  0.528 0.5000000000
119807  41.286  19.560  0.607 0.4000000060
118249  38.787  18.455  1.038 0.3000000119
121320  45.527  22.097  10.624 0.8999999762
121336  43.370  21.888  9.157 0.8999999762
120529  42.719  20.919  10.219 0.8999999762
119718  42.347  20.539  10.841 0.8999999762
120530  41.649  20.996  10.146 0.8999999762
120547  40.125  21.700  9.698 0.8000000119
122148  46.087  23.087  2.215 0.8999999762
122138  45.611  23.374  2.827 1.0000000000
123597  44.495  24.958  4.301 0.8000000119
124293  43.769  26.193  6.214 0.8000000119
122158  46.801  23.226  0.762 0.8000000119
122147  46.457  23.430  1.640 0.8999999762
122877  46.023  24.615  3.011 0.8999999762
123596  45.579  25.713  4.425 0.6999999881
119035  41.001  19.231  0.347 0.3000000119
119036  40.312  18.962  0.598 0.3000000119
119037  39.462  18.506  1.129 0.2000000030
120616  46.594  21.221  0.666 0.8000000119
119826  45.342  20.576  -0.043 0.6000000238
119053  41.322  19.167  -0.932 0.3000000119
119045  40.550  18.827  -0.316 0.3000000119
118256  39.452  18.342  0.058 0.3000000119
118257  38.694  18.693  0.133 0.2000000030
121435  46.705  22.269  0.288 0.6999999881
121444  45.896  22.158  -1.162 0.5000000000
120625  45.608  21.289  -0.714 0.5000000000
120627  43.209  21.097  -1.486 0.5000000000
119062  41.166  19.719  -1.274 0.3000000119
119054  40.403  19.260  -0.683 0.3000000119
119046  39.256  19.792  -0.026 0.3000000119
121445  44.071  21.896  -1.296 0.5000000000
121335  44.609  21.894  9.669 0.8999999762
121349  43.584  22.235  8.476 0.8999999762
121337  42.297  22.045  9.021 0.8999999762
120545  41.993  21.525  9.580 0.8999999762
121351  41.548  22.802  8.362 0.8999999762
121338  41.316  22.222  9.033 0.8999999762
122114  41.991  23.731  7.105 0.8999999762
123540  41.243  25.445  8.456 0.8000000119
124292  44.723  26.558  6.000 0.6999999881
124277  43.675  26.590  7.222 0.8000000119
124272  42.818  26.524  8.590 0.6999999881
122888  46.792  24.900  2.358 0.8999999762
123607  46.773  25.660  3.470 0.6999999881
123585  45.674  26.413  5.179 0.6999999881
124276  44.522  26.809  6.894 0.6999999881
124266  43.722  26.764  9.150 0.6999999881
124267  42.845  26.460  9.572 0.6999999881
122170  46.946  23.176  -0.062 0.6999999881
122887  47.245  25.249  2.213 0.8000000119
123606  47.430  25.884  3.210 0.8000000119
123595  46.363  26.250  4.672 0.6999999881
121443  46.447  22.347  -0.585 0.6000000238
122169  47.503  23.963  -0.330 0.6000000238
122898  47.323  25.120  1.720 0.8000000119
120637  41.667  20.815  -1.196 0.4000000060
119838  40.736  20.235  -0.893 0.3000000119
119832  39.815  20.076  -0.155 0.3000000119
122204  45.333  23.758  -1.583 0.5000000000
121456  44.066  23.129  -1.102 0.5000000000
120628  42.303  21.507  -1.268 0.3000000119
120629  41.298  21.231  -0.493 0.3000000119
120630  40.788  20.898  -0.173 0.2000000030
122940  44.932  24.713  -1.397 0.5000000000
122206  44.146  23.577  -0.984 0.5000000000
121446  43.477  22.266  -1.037 0.5000000000
122924  44.344  25.025  -1.008 0.5000000000
122205  44.540  23.691  -1.293 0.5000000000
121350  42.559  22.440  8.413 0.8999999762
121366  42.044  22.890  7.974 0.8999999762
121365  42.608  22.863  7.605 0.8999999762
122842  41.220  24.643  7.922 0.8000000119
124993  46.036  27.298  6.528 0.6999999881
124265  44.491  27.218  8.671 0.6999999881
124261  43.723  26.698  10.146 0.6999999881
124256  43.716  26.501  11.233 0.6000000238
124309  46.661  26.796  5.191 0.6999999881
124984  45.752  27.944  7.168 0.6999999881
124260  44.498  27.271  9.651 0.6999999881
124248  44.266  26.727  12.395 0.6000000238
123629  47.462  25.755  1.364 0.6999999881
125043  47.272  27.131  3.126 0.8000000119
125003  46.947  27.556  5.511 0.8000000119
125649  45.377  28.700  7.753 0.6000000238
120620  40.000  20.834  0.768 0.2000000030
123651  47.205  25.631  -0.462 0.6000000238
124363  47.287  26.235  1.423 0.6999999881
121447  42.310  22.438  -0.410 0.3000000119
121437  41.384  22.285  0.334 0.2000000030
120611  39.714  21.198  1.340 0.2000000030
123666  45.484  25.748  -1.391 0.5000000000
123665  46.249  25.616  -1.452 0.5000000000
122188  43.601  23.358  -0.549 0.4000000060
122173  41.788  23.243  0.709 0.3000000119
121428  41.058  22.542  0.894 0.2000000030
124389  44.845  26.601  -1.095 0.5000000000
123653  44.769  25.625  -1.215 0.5000000000
122925  43.618  24.680  -0.409 0.5000000000
122189  42.969  23.137  -0.081 0.4000000060
122900  41.269  24.210  1.291 0.3000000119
123654  44.157  25.804  -0.832 0.5000000000
122912  42.976  24.425  0.188 0.4000000060
122102  41.608  23.564  7.687 0.8000000119
125670  45.986  28.831  5.993 0.6999999881
125640  45.240  28.670  8.493 0.6999999881
124255  44.473  27.175  10.659 0.6000000238
125044  46.674  27.071  2.802 0.6999999881
125030  46.800  27.585  3.631 0.6999999881
125669  46.596  28.315  5.833 0.6999999881
123642  46.848  25.983  0.012 0.6999999881
124388  45.592  26.599  -0.812 0.6000000238
124387  46.340  26.229  -1.064 0.6000000238
123632  41.283  25.057  1.319 0.3000000119
125073  44.858  27.463  -0.455 0.6000000238
123644  42.686  25.391  0.256 0.4000000060
122913  41.985  24.321  0.812 0.4000000060
124390  43.884  26.747  -0.675 0.6000000238
123655  43.334  25.907  -0.347 0.6000000238
125074  44.216  27.562  -0.676 0.6000000238
122830  40.562  24.707  8.645 0.6999999881
123541  40.765  25.421  9.048 0.6000000238
125685  45.383  28.458  5.382 0.6999999881
125659  45.614  28.720  6.873 0.6999999881
125632  44.589  28.684  9.685 0.6999999881
124969  44.694  27.771  11.133 0.8000000119
124961  44.602  27.574  11.929 0.6000000238
125031  45.876  27.306  3.461 0.6999999881
125004  46.069  28.280  4.800 0.6999999881
125610  43.783  28.454  12.101 0.5000000000
125609  44.417  28.197  11.654 0.5000000000
125045  45.937  26.709  2.677 0.6999999881
124948  43.928  27.940  13.798 0.5000000000
125064  44.987  27.401  0.170 0.6999999881
124377  45.592  26.671  -0.090 0.6999999881
123645  41.872  25.748  0.701 0.5000000000
124391  43.278  26.756  -0.404 0.4000000060
125686  44.151  28.117  5.242 0.6999999881
125671  45.012  28.819  6.179 0.6999999881
126254  44.380  29.260  8.405 0.6999999881
125625  43.755  28.524  11.056 0.6000000238
125626  42.841  28.232  11.319 0.5000000000
125592  42.691  28.543  13.419 0.5000000000
125032  44.748  27.214  3.445 0.6999999881
125591  43.652  28.424  13.139 0.5000000000
125573  43.429  28.453  14.141 0.4000000060
125056  44.643  27.266  0.637 0.6999999881
125065  44.598  28.292  0.344 0.6000000238
125057  44.200  27.648  0.969 0.6999999881
124380  41.613  26.792  0.690 0.4000000060
125746  44.390  28.380  -0.450 0.5000000000
125747  43.783  28.278  -0.579 0.5000000000
125651  43.663  29.097  8.046 0.6999999881
125643  42.824  28.811  9.320 0.6000000238
125634  42.827  28.513  10.310 0.6000000238
125700  43.678  27.781  4.495 0.6999999881
125673  42.854  28.547  6.497 0.6999999881
125627  41.739  28.241  11.562 0.5000000000
125612  41.693  28.425  12.619 0.5000000000
125046  44.193  27.080  2.832 0.6999999881
125701  42.902  28.050  4.293 0.6000000238
125713  42.349  28.710  3.955 0.6000000238
125712  42.644  28.743  3.109 0.6000000238
125739  44.642  28.800  0.330 0.5000000000
125731  44.385  28.815  0.738 0.6000000238
126290  43.290  29.585  2.398 0.6000000238
126319  43.386  28.668  -0.374 0.5000000000
125662  42.785  28.694  7.400 0.6999999881
125652  42.802  28.820  8.323 0.6999999881
125644  41.792  28.429  9.527 0.5000000000
125663  41.764  28.445  7.584 0.5000000000
125687  42.912  28.274  5.506 0.6000000238
125636  40.713  28.255  10.749 0.5000000000
126279  42.131  29.432  3.756 0.5000000000
125613  40.618  28.689  12.825 0.4000000060
125730  44.567  29.295  0.478 0.5000000000
126289  44.047  29.899  1.799 0.6000000238
126317  44.434  29.087  -0.172 0.5000000000
126308  44.511  29.587  0.395 0.6000000238
126903  44.823  31.047  1.419 0.5000000000
126309  44.091  29.618  0.044 0.5000000000
125689  41.035  28.658  5.866 0.4000000060
125688  41.945  28.460  5.733 0.5000000000
125702  41.902  28.709  4.683 0.4000000060
125654  40.781  28.309  8.734 0.4000000060
125645  40.766  28.227  9.730 0.4000000060
126278  42.684  29.726  3.061 0.5000000000
126895  43.330  30.595  2.943 0.5000000000
125637  39.702  28.452  10.980 0.4000000060
125629  39.643  28.673  12.022 0.3000000119
127505  44.933  32.232  2.801 0.4000000060
127514  44.763  31.437  2.422 0.5000000000
126894  44.280  30.922  2.520 0.5000000000
128118  45.166  32.934  2.556 0.4000000060
127513  45.123  31.731  1.983 0.5000000000
127530  44.802  31.431  1.471 0.5000000000
128119  44.669  33.007  2.215 0.5000000000
128132  43.680  32.040  1.510 0.4000000060
129261  43.059  34.806  3.342 0.3000000119
125664  40.777  28.475  7.814 0.4000000060
125675  40.568  28.608  6.798 0.4000000060
125665  39.768  28.659  7.973 0.4000000060
126890  41.881  30.467  3.985 0.4000000060
126259  39.314  28.985  7.643 0.4000000060
125655  39.860  28.308  8.970 0.4000000060
127495  43.558  32.189  3.843 0.4000000060
127507  43.252  31.359  3.527 0.4000000060
125656  39.137  28.721  9.140 0.4000000060
125638  38.869  29.002  11.208 0.3000000119
128109  45.030  33.308  3.369 0.4000000060
125647  38.992  28.864  10.155 0.4000000060
126239  38.709  29.964  12.381 0.3000000119
128659  45.298  33.790  3.217 0.4000000060
128669  45.006  33.657  2.641 0.4000000060
128670  44.203  33.802  2.655 0.5000000000
126251  38.548  29.763  10.417 0.3000000119
127410  39.139  31.147  13.344 0.3000000119
129258  45.039  34.399  3.469 0.4000000060
129269  44.713  34.231  2.896 0.4000000060
130380  43.747  36.454  3.754 0.3000000119
129852  44.280  35.468  3.560 0.3000000119
126269  41.457  29.582  4.306 0.4000000060
126266  40.192  29.350  6.072 0.4000000060
126891  40.968  30.291  4.538 0.4000000060
128102  44.157  33.093  4.211 0.4000000060
128104  41.851  32.152  4.864 0.4000000060
127498  40.705  31.018  4.968 0.4000000060
126267  39.673  29.790  6.358 0.4000000060
126260  38.901  29.260  8.086 0.4000000060
128101  44.689  33.577  4.054 0.4000000060
128657  43.541  33.611  4.851 0.4000000060
128103  42.815  32.873  4.845 0.4000000060
126881  38.882  30.417  7.752 0.3000000119
126255  38.636  29.539  9.326 0.3000000119
129242  43.063  34.450  6.150 0.4000000060
126859  38.754  30.771  11.920 0.3000000119
129839  44.747  35.282  4.128 0.4000000060
129253  43.933  34.565  4.817 0.4000000060
129231  42.557  34.683  6.418 0.4000000060
130874  43.423  37.012  4.664 0.3000000119
129827  43.240  35.567  5.665 0.3000000119
129241  43.479  34.693  5.547 0.4000000060
127487  41.093  31.821  5.287 0.4000000060
127488  40.313  31.248  5.711 0.4000000060
126883  39.402  30.370  6.605 0.4000000060
128096  42.463  33.268  5.584 0.4000000060
126876  38.781  30.578  9.678 0.3000000119
126872  38.831  30.907  10.807 0.3000000119
128640  42.105  33.807  6.336 0.4000000060
130357  43.023  36.515  5.384 0.3000000119
129821  42.803  35.332  6.167 0.4000000060
130875  42.598  37.256  4.955 0.3000000119
128097  41.721  32.880  5.779 0.4000000060
128651  42.340  33.433  5.905 0.4000000060
127481  39.649  31.250  6.944 0.4000000060
127474  39.053  31.075  8.325 0.3000000119
127421  39.207  31.339  12.485 0.3000000119
127457  39.572  31.885  10.795 0.3000000119
130358  42.181  36.647  5.546 0.3000000119
129823  41.216  35.308  6.404 0.3000000119
127436  40.820  32.571  11.797 0.3000000119
130359  41.362  36.605  5.466 0.3000000119
129829  41.709  36.001  6.004 0.3000000119
128599  40.858  33.523  12.073 0.3000000119
130368  40.671  36.642  5.093 0.2000000030
128098  40.739  32.181  5.978 0.4000000060
127480  40.255  31.736  6.541 0.4000000060
127473  39.350  31.405  7.726 0.4000000060
128092  41.435  33.305  6.446 0.4000000060
127468  39.323  31.747  8.490 0.3000000119
129232  41.649  34.594  6.591 0.3000000119
128084  39.473  32.395  8.113 0.3000000119
127469  39.159  31.243  9.031 0.3000000119
128073  38.984  32.160  9.063 0.3000000119
128061  39.027  32.237  10.232 0.3000000119
128049  40.123  32.653  11.247 0.3000000119
129830  40.744  35.906  5.797 0.3000000119
128093  40.821  32.716  6.788 0.4000000060
127472  40.095  31.973  7.384 0.3000000119
128641  41.069  33.762  6.792 0.3000000119
128083  40.240  32.751  7.556 0.3000000119
129224  40.221  33.985  7.198 0.3000000119
129233  40.662  34.572  6.714 0.3000000119
129824  40.342  35.186  6.342 0.3000000119
128051  38.699  32.773  10.622 0.3000000119
128615  37.946  33.341  10.772 0.3000000119
128614  38.786  33.175  11.089 0.3000000119
128632  39.776  33.345  7.548 0.3000000119
112537  46.741  11.631  14.315 0.8999999762
111597  46.566  10.945  14.055 0.8999999762
113431  44.407  12.406  14.579 0.6999999881
112539  44.868  11.537  14.575 0.8000000119
114355  41.763  13.349  13.807 0.6000000238
113427  48.078  13.142  14.132 0.8999999762
114351  45.670  12.951  15.236 0.8999999762
117415  35.097  18.037  18.900 0.4000000060
117430  34.688  17.086  17.740 0.3000000119
114343  47.076  13.156  16.066 0.8999999762
116727  35.554  16.209  16.461 0.3000000119
115226  42.309  14.090  14.245 0.6000000238
114368  48.082  13.803  13.066 0.8999999762
115222  47.645  14.273  14.511 0.8999999762
114336  45.884  13.934  16.729 0.6000000238
116735  43.481  16.035  16.033 0.5000000000
116765  48.193  16.698  11.486 0.8999999762
116766  47.683  16.139  12.144 0.8999999762
115967  45.744  16.103  18.124 0.6000000238
116757  46.895  16.578  13.605 0.8999999762
116733  46.884  16.495  16.153 0.8000000119
118168  48.127  18.218  10.868 0.8999999762
117422  42.850  17.440  18.199 0.5000000000
118155  47.005  18.404  12.758 0.8999999762
118931  47.723  18.734  10.638 0.8999999762
117410  45.926  17.280  18.464 0.6000000238
118940  45.929  19.021  8.847 0.8999999762
118185  45.439  18.349  8.763 0.8999999762
118193  45.403  18.478  7.925 0.8999999762
120505  46.594  21.678  12.048 0.8999999762
118140  46.692  19.475  14.961 0.8999999762
118135  45.645  18.687  16.856 0.6000000238
118870  44.314  19.138  16.265 0.6000000238
118112  44.975  18.625  18.558 0.6000000238
118957  46.314  19.680  7.637 0.8999999762
120491  45.881  21.372  13.775 0.8000000119
119671  45.437  20.534  14.168 0.8000000119
118879  44.495  19.369  15.263 0.6999999881
119681  44.658  20.311  13.375 0.8000000119
118880  43.486  19.169  15.461 0.6000000238
120553  47.336  21.129  8.135 0.8999999762
118985  45.867  19.257  5.701 0.8000000119
119000  45.932  19.294  4.796 0.6999999881
118988  43.009  19.543  5.537 0.4000000060
120507  45.502  21.487  12.329 0.8999999762
119692  42.735  19.791  12.237 0.8999999762
119753  47.507  20.094  6.015 0.8999999762
121374  47.617  21.398  6.354 0.8999999762
119754  47.227  19.879  5.435 0.8999999762
120576  47.383  21.146  5.310 0.8999999762
118999  46.689  19.584  5.125 0.8000000119
119774  45.799  19.526  3.301 0.6999999881
119762  44.642  19.702  4.107 0.6999999881
119003  42.902  19.989  4.778 0.4000000060
119777  42.732  20.682  2.983 0.4000000060
119007  38.605  19.525  3.530 0.3000000119
119703  42.008  20.139  11.502 0.8999999762
120577  46.961  21.344  4.812 0.8999999762
119761  47.255  20.028  4.770 0.8999999762
119773  47.189  20.038  3.850 0.8000000119
120585  46.594  21.259  4.183 0.8999999762
121390  44.108  22.621  5.890 0.8999999762
119793  41.431  20.286  1.604 0.3000000119
120617  46.104  20.811  -0.026 0.6999999881
119814  46.387  20.649  1.334 0.8000000119
122112  43.015  23.155  6.043 0.8999999762
120594  46.386  21.470  3.332 0.8999999762
121410  45.506  22.385  3.753 0.8999999762
122123  43.515  23.328  5.413 0.8999999762
120602  46.274  21.882  2.705 0.8000000119
122139  45.149  22.970  3.593 1.0000000000
122869  43.779  24.216  4.623 0.8000000119
122860  43.278  24.269  5.144 0.8999999762
123587  43.615  25.196  5.269 0.8000000119
124294  42.921  26.023  6.721 0.8000000119
119802  46.489  20.499  2.108 0.8000000119
121417  46.468  22.209  2.051 0.8999999762
122868  44.310  24.200  4.120 0.8000000119
122878  44.925  24.194  3.591 1.0000000000
124312  44.236  26.073  5.624 0.8000000119
124278  42.848  26.369  7.628 0.6999999881
121427  46.706  22.255  1.170 0.8000000119
119829  42.587  19.679  -0.657 0.3000000119
119819  41.686  19.455  0.103 0.3000000119
119827  44.432  20.615  -0.369 0.6000000238
122889  46.055  23.944  2.284 0.8999999762
123569  44.757  26.377  5.552 0.6999999881
123608  45.431  25.004  3.750 0.8999999762
122899  47.025  24.249  1.228 0.6999999881
122876  46.591  25.050  2.963 0.8000000119
118262  39.992  18.408  -0.476 0.3000000119
120624  46.430  21.512  -0.159 0.6000000238
119828  43.138  20.032  -0.920 0.5000000000
120626  44.353  21.280  -1.083 0.6000000238
119060  42.519  19.767  -1.189 0.3000000119
119836  41.766  20.238  -1.421 0.4000000060
118263  39.448  18.748  -0.448 0.2000000030
121453  46.334  22.842  -1.236 0.6000000238
120635  44.748  22.100  -1.390 0.5000000000
122203  46.524  23.829  -1.587 0.6000000238
121454  45.537  22.734  -1.520 0.5000000000
124275  45.374  27.060  6.721 0.6999999881
124271  43.692  26.719  8.185 0.6999999881
123620  47.094  25.397  2.826 0.8000000119
124325  47.011  26.505  4.417 0.6999999881
124985  45.107  27.280  7.371 0.6999999881
122909  47.516  24.782  0.576 0.6000000238
123619  47.377  25.671  2.544 0.8000000119
125016  47.192  27.475  4.604 0.6999999881
122922  47.491  24.934  -0.683 0.6000000238
122185  47.374  24.107  -1.182 0.6000000238
122938  46.947  24.996  -1.531 0.5000000000
121438  40.841  21.860  0.653 0.2000000030
124992  46.443  27.812  6.402 0.6999999881
124976  44.950  28.159  8.966 0.6999999881
124972  44.801  27.948  10.169 0.8000000119
123630  47.202  26.105  0.811 0.6000000238
124350  47.228  26.482  2.223 0.6999999881
125698  46.726  28.056  4.734 0.6999999881
126249  44.863  29.197  8.801 0.6999999881
123652  46.803  25.954  -0.746 0.6000000238
124364  46.854  26.334  1.324 0.6999999881
121429  40.587  22.095  1.217 0.2000000030
122159  41.204  23.232  1.148 0.3000000119
124365  45.849  26.178  0.899 0.6999999881
123643  46.248  26.201  0.163 0.6999999881
125075  43.276  27.561  -0.477 0.5000000000
125019  45.325  27.726  4.244 0.6999999881
125672  43.925  28.657  6.357 0.6999999881
125624  44.415  28.375  10.660 0.6000000238
125642  43.969  29.124  8.987 0.6000000238
125020  44.309  27.638  4.271 0.6999999881
124352  45.371  26.417  1.952 0.6999999881
124366  44.755  26.773  0.980 0.6999999881
125593  41.631  28.706  13.691 0.5000000000
125021  43.517  27.654  3.958 0.6999999881
124354  44.112  27.261  1.681 0.6999999881
125722  43.693  28.815  1.655 0.6000000238
125674  41.809  28.448  6.638 0.5000000000
125628  40.664  28.425  11.784 0.5000000000
125034  43.157  27.838  3.229 0.6000000238
125047  43.706  27.553  2.248 0.6000000238
125048  43.124  28.295  2.458 0.6000000238
126300  44.561  29.828  1.134 0.6000000238
126904  44.638  30.761  1.788 0.5000000000
126928  44.331  30.261  0.577 0.5000000000
126270  40.870  29.243  5.020 0.4000000060
126889  42.661  30.853  3.594 0.4000000060
127496  42.469  31.611  4.150 0.4000000060
127506  44.182  31.569  3.099 0.4000000060
128130  45.046  32.317  1.845 0.5000000000
127531  44.233  31.458  1.234 0.5000000000
128671  43.526  33.699  2.724 0.5000000000
129260  43.907  34.638  3.157 0.4000000060
127497  41.421  31.267  4.547 0.4000000060
129252  44.547  34.650  4.390 0.4000000060
129851  44.741  35.210  3.778 0.4000000060
130367  44.141  36.249  4.235 0.3000000119
126887  39.879  30.337  5.993 0.4000000060
126878  38.764  30.380  8.675 0.3000000119
126880  39.202  30.740  7.197 0.3000000119
130356  43.591  36.170  4.933 0.3000000119
129840  43.943  35.329  4.766 0.4000000060
127438  39.408  31.527  11.599 0.3000000119
127466  39.133  31.513  9.916 0.3000000119
128631  40.495  33.322  7.281 0.3000000119
128085  38.498  32.645  8.330 0.3000000119
102671  45.856  2.007  -2.741 0.1000000015
102578  46.330  2.058  6.631 0.1000000015
102664  44.848  1.319  -1.196 0.1000000015
102655  45.647  1.478  -0.561 0.1000000015
102663  45.804  1.545  -1.614 0.1000000015
102662  46.551  2.002  -2.013 0.1000000015
103666  47.581  2.850  -2.290 0.1000000015
103572  46.661  2.625  7.109 0.1000000015
102588  46.546  2.248  5.687 0.1000000015
102606  46.880  2.576  4.182 0.1000000015
102597  46.275  2.284  4.732 0.1000000015
102607  46.413  2.217  3.560 0.1000000015
102608  45.468  1.893  3.287 0.1000000015
102619  46.608  1.767  2.305 0.1000000015
102620  45.329  1.838  2.199 0.1000000015
102630  47.051  1.635  0.997 0.1000000015
102631  45.964  1.662  1.225 0.1000000015
102644  45.349  1.560  0.396 0.1000000015
102643  46.287  1.749  0.179 0.1000000015
102642  47.035  1.946  -0.113 0.1000000015
102654  46.667  1.790  -0.950 0.1000000015
103656  47.434  2.798  -1.473 0.1000000015
104706  48.103  3.396  -2.904 0.1000000015
105803  48.043  4.345  -2.907 0.1000000015
105804  47.379  4.677  -2.364 0.1000000015
105813  48.271  4.736  -3.855 0.1000000015
107933  47.499  6.126  -4.925 0.1000000015
106917  48.147  5.439  -4.567 0.1000000015
107934  46.942  6.681  -5.586 0.1000000015
107940  46.446  6.160  -6.070 0.1000000015
107941  46.053  5.954  -6.162 0.1000000015
103585  47.087  2.718  6.245 0.1000000015
103583  49.140  3.435  6.304 0.1000000015
103584  48.097  3.404  6.334 0.1000000015
103598  47.505  3.042  5.417 0.1000000015
103608  48.973  3.317  5.038 0.1000000015
103609  48.261  3.205  4.765 0.1000000015
102596  46.905  2.692  4.969 0.1000000015
103619  48.368  2.824  3.855 0.1000000015
103620  47.420  2.429  3.422 0.1000000015
103621  46.974  2.166  2.748 0.1000000015
103630  47.041  1.952  2.460 0.1000000015
102618  47.290  1.798  1.780 0.1000000015
104676  47.474  3.394  0.775 0.1000000015
104685  47.378  3.206  -0.184 0.1000000015
103636  47.663  2.326  1.418 0.1000000015
104677  46.948  3.971  0.475 0.1000000015
103648  47.363  2.545  -0.605 0.1000000015
104693  47.192  3.702  -0.528 0.1000000015
104686  47.096  3.819  -0.019 0.1000000015
104692  47.348  3.516  -1.113 0.1000000015
105783  46.105  4.734  -0.326 0.1000000015
105782  46.756  4.290  -0.824 0.1000000015
104699  47.676  3.489  -2.100 0.1000000015
106880  46.076  5.014  -0.883 0.1000000015
105794  46.961  4.547  -1.758 0.1000000015
105793  47.505  4.119  -1.905 0.1000000015
109916  38.014  8.586  -1.114 0.1000000015
106900  47.474  5.069  -2.900 0.1000000015
107924  46.611  6.411  -4.305 0.1000000015
106910  47.076  5.634  -3.394 0.1000000015
108951  46.425  7.068  -5.015 0.1000000015
108952  45.612  7.338  -4.736 0.1000000015
108961  46.056  7.088  -5.354 0.1000000015
107935  45.843  6.465  -5.760 0.1000000015
103594  50.996  3.417  5.930 0.2000000030
103607  50.729  3.270  4.451 0.2000000030
103595  50.370  3.415  5.457 0.1000000015
104646  49.353  3.416  4.661 0.1000000015
104666  50.668  3.905  2.743 0.1000000015
104655  50.441  3.441  3.626 0.1000000015
104656  49.243  3.393  3.683 0.1000000015
103628  48.226  2.524  2.914 0.1000000015
105747  49.855  4.577  2.441 0.1000000015
104667  49.705  3.646  2.772 0.1000000015
104668  48.862  3.083  2.484 0.1000000015
103635  48.178  2.501  2.132 0.1000000015
103629  47.465  2.090  2.391 0.1000000015
106848  48.981  5.400  2.485 0.2000000030
108891  47.960  7.835  1.859 0.2000000030
108876  48.512  7.226  2.074 0.2000000030
105749  47.991  4.520  2.110 0.1000000015
105748  48.699  4.231  2.321 0.1000000015
104675  48.196  3.101  1.660 0.1000000015
110825  46.909  9.357  1.141 0.2000000030
109894  47.756  8.641  1.421 0.3000000119
109882  46.522  7.739  2.223 0.2000000030
108878  46.421  7.016  2.481 0.2000000030
107854  47.044  6.255  2.516 0.2000000030
105759  47.809  4.076  1.690 0.1000000015
109895  46.622  8.528  1.774 0.2000000030
107855  46.067  6.301  2.503 0.2000000030
106850  46.555  5.566  2.295 0.2000000030
105760  46.637  4.415  0.994 0.1000000015
109896  45.493  8.041  2.028 0.2000000030
108879  45.622  7.054  2.330 0.2000000030
106851  45.864  5.805  2.213 0.2000000030
106863  45.855  5.349  1.587 0.2000000030
105771  46.527  4.287  0.116 0.1000000015
110826  45.773  9.168  1.491 0.2000000030
107866  45.393  6.319  1.924 0.2000000030
106872  45.166  5.526  0.591 0.2000000030
105772  45.861  4.793  0.332 0.1000000015
110827  44.644  8.869  1.510 0.2000000030
109897  44.331  8.013  1.651 0.2000000030
108892  44.842  7.187  1.860 0.2000000030
107876  45.090  6.034  1.262 0.2000000030
106881  45.383  5.348  -0.418 0.1000000015
108893  43.990  7.186  1.184 0.2000000030
107877  44.487  6.428  0.663 0.2000000030
106882  44.784  5.757  -0.089 0.1000000015
109930  37.082  9.099  -1.153 0.1000000015
109898  43.628  8.152  1.117 0.2000000030
107888  43.851  6.858  -0.081 0.2000000030
107887  44.400  6.436  -0.343 0.1000000015
106891  45.695  5.557  -1.355 0.1000000015
106890  46.315  4.994  -1.572 0.1000000015
110840  43.767  9.273  0.752 0.2000000030
108914  43.730  7.305  -0.611 0.2000000030
107896  44.688  6.642  -1.303 0.1000000015
108926  39.568  8.035  -1.985 0.1000000015
108925  40.672  7.364  -1.697 0.1000000015
107915  45.677  6.684  -3.408 0.1000000015
107914  46.375  6.174  -2.965 0.1000000015
107899  41.228  6.912  -1.582 0.1000000015
108942  44.141  7.988  -3.371 0.1000000015
108932  45.080  6.899  -2.999 0.1000000015
106919  44.226  6.015  -4.679 0.1000000015
106920  43.935  5.609  -4.070 0.1000000015
107897  42.758  5.994  -2.121 0.1000000015
106893  42.130  5.741  -1.200 0.1000000015
107898  42.002  6.567  -1.798 0.1000000015
108943  43.703  8.250  -3.195 0.1000000015
108941  45.034  7.508  -3.734 0.1000000015
107925  45.660  6.905  -4.111 0.1000000015
108963  44.313  7.632  -5.273 0.1000000015
106928  44.741  5.806  -5.253 0.1000000015
107916  43.406  6.222  -3.630 0.1000000015
107908  43.427  5.929  -3.206 0.1000000015
107909  42.952  6.285  -2.840 0.1000000015
109945  44.993  8.162  -4.523 0.1000000015
108962  45.245  7.400  -5.342 0.1000000015
107936  44.980  6.682  -5.393 0.1000000015
104653  51.666  4.116  3.900 0.1000000015
104633  51.337  3.592  5.486 0.2000000030
107850  50.919  6.545  2.798 0.4000000060
106845  51.396  5.588  3.166 0.3000000119
105745  51.446  4.778  2.851 0.3000000119
103616  51.186  3.341  4.283 0.1000000015
108874  50.647  7.406  2.234 0.3000000119
104665  51.204  4.226  2.759 0.1000000015
108889  49.593  7.788  1.237 0.3000000119
106860  50.374  6.322  1.813 0.3000000119
105746  50.753  4.799  2.436 0.3000000119
108875  49.215  7.222  1.636 0.3000000119
107852  49.192  6.454  2.156 0.3000000119
106847  50.022  5.708  2.133 0.3000000119
108890  48.702  7.971  1.333 0.3000000119
107853  48.154  6.290  2.403 0.2000000030
110824  47.805  9.350  0.611 0.3000000119
110838  46.114  10.086  0.838 0.3000000119
111740  46.385  10.662  -0.174 0.3000000119
113551  43.464  13.148  0.085 0.2000000030
111741  45.273  10.691  0.337 0.3000000119
112662  45.529  11.673  -0.863 0.3000000119
113552  42.721  12.679  0.312 0.2000000030
113553  41.939  12.136  0.804 0.2000000030
114538  44.514  13.641  -2.377 0.3000000119
114523  45.423  13.608  -1.512 0.3000000119
115344  44.921  13.820  -1.198 0.3000000119
113559  43.580  13.457  -0.458 0.3000000119
112666  40.756  12.035  -0.411 0.2000000030
112671  35.935  10.875  -0.447 0.1000000015
110839  44.922  9.841  1.083 0.2000000030
111742  44.316  10.333  0.525 0.3000000119
115354  44.330  14.016  -2.031 0.3000000119
115346  43.933  14.131  -1.633 0.3000000119
114515  43.230  13.746  -1.257 0.3000000119
113560  43.022  13.278  -0.694 0.3000000119
113561  41.764  12.637  -0.597 0.2000000030
113562  40.557  12.680  -1.078 0.2000000030
111773  35.677  10.204  -1.058 0.1000000015
114526  42.844  13.881  -1.762 0.2000000030
113573  42.483  13.322  -1.240 0.2000000030
114516  41.221  13.032  -1.203 0.2000000030
113575  39.981  12.969  -1.603 0.2000000030
113563  39.566  12.306  -1.128 0.2000000030
111771  37.394  10.233  -1.642 0.1000000015
110865  36.735  9.565  -1.254 0.1000000015
109918  36.688  8.937  -0.876 0.1000000015
115355  43.605  14.252  -2.204 0.2000000030
115356  42.941  14.271  -2.483 0.2000000030
114539  42.319  13.966  -2.365 0.2000000030
114528  40.690  13.481  -2.038 0.2000000030
114529  39.832  13.221  -2.328 0.2000000030
111780  38.190  10.454  -2.169 0.1000000015
110873  38.091  9.711  -2.119 0.1000000015
109940  38.160  9.131  -1.927 0.1000000015
109929  37.638  9.145  -1.489 0.1000000015
109907  43.188  8.133  0.232 0.2000000030
108923  43.686  7.746  -1.693 0.1000000015
115365  41.538  14.101  -3.314 0.2000000030
114541  40.636  13.776  -3.060 0.2000000030
109939  38.556  9.009  -2.417 0.1000000015
108927  38.883  8.259  -1.714 0.1000000015
114559  41.397  12.869  -4.217 0.2000000030
115376  41.076  13.732  -3.879 0.2000000030
109938  39.316  8.670  -2.696 0.1000000015
113603  40.628  12.219  -4.425 0.2000000030
109950  40.350  8.733  -3.810 0.1000000015
108936  40.517  8.103  -2.900 0.1000000015
108935  41.349  7.342  -2.539 0.1000000015
107907  44.768  6.925  -1.841 0.1000000015
107926  44.327  6.714  -4.968 0.1000000015
107927  43.598  6.755  -4.425 0.1000000015
109962  40.485  8.646  -4.621 0.1000000015
108946  40.785  8.248  -3.733 0.1000000015
108934  43.650  7.976  -2.657 0.1000000015
109925  43.013  8.580  -1.984 0.1000000015
109948  43.259  8.882  -3.394 0.1000000015
109968  44.180  8.618  -5.290 0.1000000015
108953  43.930  7.268  -4.860 0.1000000015
107917  42.728  7.071  -3.827 0.1000000015
107910  42.109  7.094  -3.095 0.1000000015
110888  44.186  9.223  -4.393 0.1000000015
110898  44.111  9.390  -5.037 0.1000000015
109969  43.190  8.628  -5.064 0.1000000015
107928  43.028  7.385  -4.375 0.1000000015
108955  42.370  7.774  -4.588 0.1000000015
108944  42.196  7.560  -3.999 0.1000000015
105729  51.579  4.922  4.675 0.3000000119
105720  51.670  4.547  5.515 0.3000000119
104618  51.650  3.892  5.957 0.3000000119
107849  51.137  6.082  3.583 0.4000000060
106837  51.450  5.496  4.070 0.4000000060
104632  51.604  3.925  5.042 0.2000000030
108901  49.296  8.413  0.844 0.3000000119
109905  49.359  8.729  0.830 0.3000000119
109893  48.529  8.870  0.726 0.3000000119
110823  48.261  9.347  0.282 0.3000000119
110850  48.150  10.094  -0.395 0.3000000119
113567  47.929  12.302  -1.176 0.3000000119
113558  47.577  13.052  -0.496 0.3000000119
114511  46.324  13.631  -0.317 0.3000000119
111739  47.352  10.349  -0.517 0.3000000119
111755  47.895  10.789  -0.899 0.3000000119
112676  47.185  12.154  -1.890 0.3000000119
114522  46.261  13.606  -1.198 0.3000000119
114505  45.569  13.559  0.338 0.3000000119
114506  44.728  13.525  0.055 0.3000000119
112677  46.168  12.144  -1.669 0.3000000119
114535  46.919  13.397  -1.637 0.3000000119
114512  45.413  13.705  -0.667 0.3000000119
114499  44.004  13.300  0.658 0.3000000119
113542  43.301  12.845  1.030 0.2000000030
113543  42.639  12.405  1.378 0.2000000030
112661  46.207  11.589  -1.089 0.3000000119
113581  46.190  12.843  -2.078 0.3000000119
112642  41.379  11.276  1.447 0.2000000030
111747  35.773  10.717  0.573 0.1000000015
111730  36.033  10.521  1.350 0.1000000015
111732  34.327  10.339  1.203 0.1000000015
111758  44.440  10.989  0.047 0.2000000030
112678  44.956  12.325  -1.482 0.3000000119
113570  45.169  12.787  -1.937 0.3000000119
114536  46.244  13.334  -1.844 0.3000000119
114513  44.548  13.792  -0.727 0.3000000119
112649  41.200  11.670  0.285 0.2000000030
112650  40.332  11.311  0.007 0.2000000030
111746  36.666  10.733  0.624 0.1000000015
112654  36.311  11.113  0.060 0.1000000015
112655  35.638  10.919  0.050 0.1000000015
112663  44.318  11.579  -0.792 0.2000000030
113582  45.167  13.098  -1.993 0.3000000119
112651  39.342  11.328  0.028 0.2000000030
112652  38.333  11.329  0.012 0.2000000030
112653  37.297  11.197  0.006 0.1000000015
110851  42.731  9.367  -0.404 0.3000000119
113576  39.129  12.374  -1.692 0.2000000030
113564  38.916  12.080  -1.057 0.2000000030
112669  38.121  11.601  -0.848 0.1000000015
112684  37.348  10.903  -1.193 0.1000000015
111772  36.253  10.342  -1.127 0.1000000015
111761  35.924  10.628  -0.799 0.1000000015
112664  43.050  11.375  -1.243 0.2000000030
112679  43.924  12.249  -2.065 0.2000000030
113583  44.301  13.191  -2.733 0.2000000030
113588  39.170  12.058  -2.426 0.2000000030
112683  38.433  11.477  -1.713 0.1000000015
114553  40.148  12.820  -3.746 0.2000000030
113587  39.561  12.329  -2.982 0.2000000030
112695  39.319  11.701  -3.078 0.2000000030
110861  42.693  8.862  -1.174 0.1000000015
113595  41.823  12.485  -3.725 0.2000000030
113604  39.967  11.893  -4.225 0.2000000030
112702  39.437  11.442  -3.839 0.1000000015
112703  38.963  11.086  -3.305 0.1000000015
110872  38.651  9.599  -2.882 0.1000000015
112701  41.302  11.389  -4.153 0.2000000030
112709  40.254  11.293  -4.553 0.2000000030
111795  39.688  10.669  -4.393 0.2000000030
110883  39.936  9.336  -4.098 0.1000000015
109951  39.599  9.080  -3.419 0.1000000015
112682  41.583  10.984  -2.467 0.2000000030
111786  41.364  10.308  -3.879 0.2000000030
111793  41.175  10.318  -4.755 0.2000000030
111801  40.989  9.919  -5.269 0.2000000030
109972  40.622  8.734  -5.195 0.2000000030
108945  41.488  7.840  -3.879 0.1000000015
109936  42.809  8.899  -2.786 0.1000000015
110880  42.603  9.228  -3.618 0.1000000015
110881  41.869  9.445  -4.085 0.1000000015
110901  41.570  9.435  -5.262 0.1000000015
109971  41.310  8.591  -5.363 0.1000000015
109961  40.866  8.086  -4.894 0.1000000015
110889  43.468  9.295  -4.510 0.1000000015
110900  42.492  9.226  -5.130 0.1000000015
108966  41.748  8.254  -5.324 0.1000000015
109960  42.320  8.155  -5.037 0.1000000015
105721  51.543  5.081  5.274 0.3000000119
107842  50.601  6.608  3.678 0.4000000060
109891  50.405  7.911  1.894 0.3000000119
109892  49.795  8.434  1.621 0.4000000060
110835  48.649  9.629  0.261 0.3000000119
111737  48.870  10.561  0.831 0.3000000119
112659  48.248  11.788  -0.826 0.3000000119
114521  47.037  13.489  -0.898 0.3000000119
113534  43.137  12.594  1.822 0.2000000030
113544  42.083  11.892  1.920 0.2000000030
111728  38.084  10.486  1.502 0.2000000030
111729  37.024  10.545  1.427 0.1000000015
111716  36.400  10.542  2.218 0.1000000015
112643  40.684  11.044  0.780 0.2000000030
111727  39.207  10.473  1.578 0.2000000030
111745  37.670  10.820  0.682 0.1000000015
111743  39.812  10.747  0.696 0.2000000030
111744  38.727  10.823  0.713 0.2000000030
107833  50.917  6.080  5.403 0.4000000060
106811  51.846  4.930  6.954 0.3000000119
107834  50.245  6.725  4.740 0.5000000000
109868  50.249  7.920  3.046 0.4000000060
108854  50.178  7.148  3.826 0.4000000060
109869  49.781  8.225  3.109 0.4000000060
110834  49.339  9.463  1.046 0.3000000119
112646  48.426  11.679  0.357 0.4000000060
113548  47.985  12.489  -0.067 0.4000000060
113549  47.459  13.119  0.398 0.4000000060
114503  47.023  13.379  0.437 0.4000000060
114504  46.497  13.415  0.618 0.4000000060
114498  44.762  13.505  1.076 0.3000000119
111715  37.413  10.382  2.288 0.2000000030
111699  36.769  10.228  2.974 0.1000000015
111726  40.463  10.584  1.680 0.2000000030
111713  39.628  10.258  2.507 0.2000000030
107658  31.147  6.453  23.393 0.1000000015
108686  31.857  7.302  23.275 0.1000000015
108697  31.403  7.733  22.538 0.1000000015
108713  30.776  7.948  21.752 0.1000000015
105701  51.605  4.527  7.829 0.3000000119
107824  50.279  6.440  5.914 0.5000000000
107823  50.934  6.043  6.437 0.4000000060
106824  51.503  5.361  5.982 0.4000000060
108866  49.457  7.934  3.714 0.5000000000
109879  49.441  8.786  2.495 0.4000000060
110813  49.184  9.416  2.280 0.4000000060
113539  48.116  12.809  1.144 0.5000000000
114497  45.697  13.572  1.342 0.3000000119
112637  41.485  11.317  2.639 0.2000000030
111725  41.230  10.800  2.227 0.2000000030
111714  38.572  10.177  2.474 0.2000000030
111697  38.684  9.973  3.313 0.2000000030
111685  37.993  9.996  3.969 0.2000000030
107644  33.031  6.861  24.679 0.1000000015
107657  31.938  6.950  23.707 0.1000000015
108676  32.931  7.231  24.347 0.1000000015
108685  32.558  7.528  23.698 0.1000000015
109705  33.491  8.179  23.405 0.1000000015
109733  32.374  8.612  21.550 0.1000000015
109763  30.995  8.157  19.818 0.1000000015
108737  31.186  8.002  19.008 0.1000000015
107812  49.763  6.771  6.445 0.5000000000
107810  50.959  6.124  7.246 0.4000000060
106804  51.609  5.146  8.033 0.3000000119
106766  48.108  5.083  11.561 0.1000000015
106758  46.531  5.894  12.459 0.2000000030
106759  45.490  5.966  12.399 0.1000000015
107825  49.745  6.946  5.524 0.5000000000
106756  48.354  4.976  12.465 0.2000000030
106750  46.809  5.687  13.354 0.2000000030
106751  45.736  5.614  13.387 0.1000000015
108844  49.292  7.325  5.069 0.5000000000
105674  50.431  4.315  9.469 0.2000000030
105666  49.721  4.445  10.695 0.2000000030
105645  49.194  4.650  12.611 0.2000000030
106749  47.753  5.265  13.367 0.2000000030
105634  45.603  5.143  14.142 0.1000000015
104550  44.112  4.165  14.897 0.1000000015
104551  43.012  4.020  14.655 0.1000000015
103521  41.569  3.020  15.668 0.1000000015
103496  39.724  2.885  16.968 0.1000000015
103498  38.177  2.858  17.209 0.1000000015
104501  37.056  2.923  18.832 0.1000000015
109870  48.836  8.590  3.378 0.4000000060
105656  49.934  4.386  11.829 0.2000000030
105619  46.107  4.966  14.647 0.2000000030
105610  45.668  4.396  15.110 0.2000000030
104534  44.878  3.424  16.117 0.1000000015
103519  43.280  3.322  15.877 0.1000000015
109880  49.007  8.827  2.799 0.4000000060
106748  48.560  4.947  13.174 0.2000000030
105618  47.079  4.945  14.773 0.2000000030
105609  46.362  4.558  15.306 0.2000000030
111724  48.803  10.667  1.815 0.5000000000
113540  47.236  13.120  1.123 0.5000000000
114489  43.833  13.027  1.947 0.3000000119
113541  46.766  13.131  1.012 0.5000000000
114496  46.654  13.464  1.544 0.5000000000
114488  44.854  13.746  2.153 0.5000000000
114487  45.935  13.780  2.352 0.5000000000
114486  46.948  13.900  2.507 0.5000000000
114490  43.116  12.754  2.336 0.3000000119
114477  44.004  13.623  3.190 0.5000000000
113535  42.607  12.469  2.382 0.4000000060
113536  41.961  12.210  2.827 0.2000000030
112631  41.257  11.232  3.390 0.2000000030
111712  40.822  10.719  2.838 0.2000000030
110802  39.168  9.887  3.059 0.2000000030
111684  38.927  10.136  4.206 0.2000000030
114478  42.811  13.168  3.080 0.3000000119
112630  41.675  11.903  3.474 0.2000000030
111695  40.647  10.835  3.968 0.2000000030
111696  39.674  10.213  3.447 0.2000000030
111683  39.785  10.532  4.644 0.2000000030
113528  41.828  12.691  3.549 0.4000000060
112625  41.244  11.778  4.334 0.3000000119
111682  40.410  11.239  4.850 0.2000000030
107636  32.645  5.913  24.975 0.1000000015
106624  31.451  5.170  24.624 0.1000000015
106625  30.651  5.068  24.213 0.1000000015
107624  35.502  6.270  26.764 0.1000000015
107633  35.107  6.768  26.145 0.1000000015
108671  34.120  7.022  25.436 0.1000000015
107645  32.242  6.419  24.409 0.1000000015
106637  30.948  5.645  24.062 0.1000000015
107623  36.191  6.766  27.000 0.1000000015
108658  36.079  7.124  26.668 0.1000000015
108674  34.625  7.694  25.103 0.1000000015
108675  33.680  7.428  24.702 0.1000000015
109696  33.904  7.989  24.007 0.1000000015
108673  35.244  7.813  25.464 0.1000000015
109695  34.537  8.105  24.361 0.1000000015
109717  33.380  8.585  22.529 0.1000000015
109716  33.951  8.852  23.009 0.1000000015
110643  33.547  8.964  21.835 0.1000000015
110658  32.606  8.793  20.996 0.1000000015
109762  32.141  8.614  19.512 0.1000000015
108736  31.919  7.922  18.792 0.1000000015
109772  32.934  8.053  18.799 0.1000000015
108749  32.438  7.353  18.512 0.1000000015
107728  32.957  6.362  18.386 0.1000000015
107811  50.387  6.371  6.888 0.4000000060
106797  51.557  5.147  9.255 0.3000000119
105673  51.224  4.631  9.861 0.3000000119
108832  49.123  7.132  5.952 0.5000000000
107804  50.648  6.411  7.754 0.4000000060
107798  51.287  5.733  8.910 0.4000000060
105664  51.210  4.798  11.403 0.3000000119
105665  50.599  4.544  10.919 0.3000000119
103510  43.729  3.147  16.552 0.1000000015
103520  42.687  3.236  15.953 0.1000000015
103495  41.561  3.438  17.563 0.1000000015
104521  40.848  3.650  17.718 0.1000000015
104499  38.883  3.935  18.931 0.1000000015
104481  37.331  3.759  19.871 0.1000000015
104466  36.554  3.799  20.400 0.1000000015
104483  35.346  3.255  19.932 0.1000000015
108856  48.931  7.819  4.370 0.5000000000
108845  48.604  7.680  5.369 0.5000000000
107805  49.914  6.666  7.383 0.4000000060
107792  51.020  6.210  9.529 0.5000000000
106787  51.587  5.292  10.159 0.3000000119
106776  51.438  5.257  10.953 0.3000000119
104541  45.840  4.107  15.584 0.2000000030
104535  44.327  3.294  16.250 0.2000000030
103494  42.347  3.315  17.880 0.1000000015
104497  41.132  3.954  18.614 0.1000000015
104498  40.025  4.128  18.714 0.1000000015
109860  48.133  8.562  4.700 0.6000000238
107791  51.394  5.747  9.855 0.4000000060
105644  50.019  4.428  12.888 0.2000000030
105632  49.121  4.772  13.659 0.2000000030
105608  47.303  4.562  15.536 0.2000000030
104540  46.465  4.179  15.867 0.2000000030
103508  45.359  3.254  16.577 0.2000000030
103509  44.816  3.105  16.707 0.2000000030
103492  44.724  2.758  17.561 0.2000000030
103493  43.543  2.935  17.730 0.2000000030
111709  48.374  10.200  2.702 0.5000000000
110800  48.308  9.432  3.231 0.5000000000
105631  50.014  4.432  13.874 0.2000000030
105607  48.297  4.515  15.431 0.2000000030
104532  47.181  3.977  16.431 0.2000000030
104519  46.637  3.368  16.966 0.3000000119
112641  48.522  11.654  1.458 0.5000000000
112635  48.254  11.489  2.444 0.5000000000
105606  49.133  4.603  15.598 0.2000000030
105601  47.732  4.418  15.951 0.3000000119
113533  47.948  12.302  2.855 0.5000000000
114494  48.093  13.355  2.142 0.5000000000
114495  47.535  13.525  1.802 0.5000000000
113525  48.174  12.955  3.270 0.6000000238
114484  48.145  13.511  2.935 0.5000000000
113517  48.216  12.989  4.133 0.6000000238
114472  48.289  13.730  3.872 0.5000000000
113510  48.401  12.981  5.049 0.6999999881
114460  48.428  13.548  4.676 0.6000000238
115329  47.794  14.661  3.809 0.5000000000
114474  47.314  14.440  3.462 0.5000000000
114475  46.332  14.072  3.310 0.5000000000
115318  48.378  14.176  4.784 0.6000000238
114476  45.187  14.050  3.225 0.5000000000
113527  42.248  12.758  3.044 0.3000000119
114479  42.160  13.076  3.418 0.4000000060
115307  48.628  14.305  5.750 0.8000000119
115319  47.916  14.624  4.444 0.6000000238
115320  47.327  14.753  4.067 0.6000000238
114463  45.791  13.992  4.202 0.5000000000
112624  41.692  12.289  3.959 0.4000000060
113520  40.913  12.597  4.759 0.4000000060
112618  40.530  11.862  5.190 0.4000000060
112619  40.117  12.106  5.760 0.4000000060
115324  40.872  14.053  4.813 0.4000000060
113512  40.378  12.893  5.349 0.4000000060
115312  41.298  14.313  5.524 0.4000000060
115298  40.526  14.713  6.255 0.4000000060
115313  40.574  14.271  5.217 0.4000000060
115297  41.427  14.294  6.567 0.4000000060
115286  40.764  14.752  7.076 0.4000000060
115285  41.386  14.547  7.600 0.4000000060
116064  40.792  15.040  7.567 0.4000000060
116055  42.136  15.400  8.654 0.4000000060
115276  41.740  14.820  8.297 0.4000000060
116796  41.891  16.239  8.642 0.4000000060
116795  42.841  16.123  8.669 0.5000000000
117501  42.402  17.596  8.035 0.5000000000
117500  43.294  17.496  8.021 0.5000000000
118196  43.208  18.134  7.512 0.5000000000
109691  35.749  8.187  25.520 0.1000000015
109690  36.444  8.403  25.901 0.1000000015
109703  35.039  8.681  24.092 0.1000000015
110630  35.226  9.277  23.511 0.1000000015
110631  34.551  9.218  23.026 0.1000000015
110642  34.269  9.173  22.226 0.1000000015
110677  33.532  9.233  20.517 0.1000000015
110691  33.114  9.031  19.856 0.1000000015
109761  33.387  8.677  19.226 0.1000000015
110689  34.859  9.297  19.686 0.1000000015
109760  34.370  8.773  19.064 0.1000000015
109771  33.896  8.103  18.615 0.1000000015
108748  33.438  7.248  18.434 0.1000000015
107727  33.964  6.283  18.397 0.1000000015
106706  33.431  5.452  18.556 0.1000000015
106705  34.405  5.303  18.851 0.1000000015
105575  33.720  4.749  18.918 0.1000000015
106690  35.825  5.150  19.823 0.1000000015
106691  34.989  4.888  19.483 0.1000000015
105561  34.274  4.340  19.454 0.1000000015
105542  37.424  4.383  20.359 0.1000000015
105543  36.732  4.377  20.438 0.1000000015
105560  35.186  4.193  20.075 0.1000000015
108824  49.297  7.182  6.908 0.5000000000
104478  40.611  4.230  19.315 0.1000000015
105573  39.273  4.068  19.360 0.1000000015
104480  38.206  4.056  19.450 0.1000000015
108833  48.535  7.588  6.401 0.5000000000
108820  49.391  6.963  7.864 0.4000000060
107784  51.063  6.319  10.368 0.4000000060
105654  51.259  4.730  12.465 0.4000000060
105643  50.730  4.479  13.136 0.3000000119
103473  42.612  3.330  18.640 0.2000000030
104477  41.411  4.085  19.382 0.2000000030
105555  40.704  4.384  20.097 0.2000000030
110786  48.072  9.099  3.829 0.6000000238
107800  50.146  6.570  8.318 0.4000000060
107778  51.483  5.807  11.544 0.4000000060
106765  51.544  5.219  11.928 0.4000000060
105642  51.068  4.806  13.324 0.3000000119
105615  49.983  4.517  14.820 0.3000000119
103491  45.885  3.072  17.310 0.3000000119
103470  45.814  2.614  18.558 0.2000000030
104475  42.999  3.505  19.794 0.2000000030
104464  42.385  3.945  20.290 0.2000000030
111693  47.962  9.894  3.263 0.6000000238
108825  48.743  7.498  7.341 0.6000000238
108815  49.606  6.860  8.892 0.5000000000
105605  49.825  4.761  15.801 0.3000000119
105590  48.507  4.406  17.111 0.3000000119
104531  47.864  4.153  17.114 0.3000000119
103469  47.138  3.058  18.463 0.3000000119
103471  44.547  2.573  18.764 0.2000000030
104474  43.586  3.298  20.290 0.2000000030
104463  43.034  3.822  20.814 0.2000000030
110787  47.405  9.413  4.342 0.6000000238
111710  47.742  11.072  3.007 0.6000000238
111680  46.995  10.245  4.510 0.6000000238
112636  47.738  11.779  3.038 0.5000000000
113532  48.292  12.625  2.310 0.5000000000
112629  47.547  11.545  3.723 0.6000000238
113526  47.879  12.340  3.563 0.5000000000
113511  47.794  12.395  5.498 0.6000000238
112585  46.768  11.202  8.781 0.6999999881
112598  46.821  11.021  7.742 0.6999999881
113502  48.658  13.135  6.098 0.6999999881
114449  48.740  13.721  5.577 0.6999999881
114452  46.603  14.236  5.096 0.6000000238
114464  44.538  13.703  4.298 0.5000000000
114465  43.009  13.563  4.551 0.5000000000
114466  41.845  13.502  4.048 0.4000000060
113519  41.430  12.769  4.235 0.4000000060
114435  48.943  13.561  6.069 0.6999999881
114448  48.979  14.063  5.928 0.8000000119
115295  48.265  14.670  6.042 0.8000000119
115309  47.412  14.570  4.798 0.6999999881
115322  41.889  13.964  4.886 0.4000000060
115323  41.224  14.075  4.781 0.4000000060
114467  40.911  13.541  4.739 0.4000000060
114453  45.272  13.749  5.278 0.6000000238
114454  44.024  13.479  5.445 0.6000000238
115311  42.127  13.914  5.745 0.4000000060
114427  41.657  14.140  7.163 0.4000000060
114413  42.274  14.131  8.177 0.4000000060
115275  42.444  14.578  8.533 0.4000000060
117498  44.570  17.595  8.397 0.6999999881
117489  44.257  16.980  8.618 0.6999999881
117490  43.485  16.847  8.469 0.6000000238
118186  45.017  17.946  8.353 0.6999999881
117499  44.045  17.520  8.159 0.6999999881
110623  36.196  9.196  24.685 0.1000000015
110640  35.820  9.774  23.123 0.1000000015
110641  35.251  9.636  22.555 0.1000000015
110656  33.960  9.390  21.305 0.1000000015
111570  36.033  9.982  20.987 0.1000000015
110675  35.401  9.715  20.370 0.1000000015
110688  35.780  9.304  19.593 0.1000000015
109759  35.320  8.716  19.088 0.1000000015
109770  34.892  8.041  18.652 0.1000000015
108747  34.442  7.194  18.481 0.1000000015
108745  36.420  7.191  18.880 0.1000000015
108746  35.441  7.143  18.627 0.1000000015
107726  34.937  6.254  18.689 0.1000000015
107724  36.518  6.577  19.132 0.1000000015
106704  35.258  5.512  19.129 0.1000000015
106689  36.607  5.364  19.955 0.1000000015
105540  39.088  4.345  20.793 0.1000000015
105541  38.255  4.558  20.638 0.1000000015
109861  47.562  8.984  4.927 0.6000000238
109844  47.993  7.951  6.456 0.6000000238
108811  50.099  7.012  10.024 0.5000000000
107779  51.154  6.362  11.197 0.4000000060
107776  51.211  6.384  12.084 0.4000000060
106746  50.931  5.326  13.502 0.3000000119
105614  50.645  4.891  14.852 0.3000000119
105538  40.933  4.557  21.014 0.2000000030
105522  40.220  4.545  21.807 0.2000000030
108821  48.810  7.345  8.301 0.6000000238
108800  50.643  6.871  11.623 0.4000000060
107773  50.860  6.034  13.063 0.4000000060
106736  50.682  5.579  14.408 0.4000000060
105598  49.672  4.735  16.851 0.3000000119
105589  49.058  4.387  17.451 0.3000000119
103455  45.635  2.388  19.816 0.2000000030
103456  44.331  2.799  20.126 0.2000000030
109853  47.546  8.723  5.519 0.6000000238
108826  48.057  7.792  7.644 0.6000000238
108822  48.082  7.738  8.701 0.6000000238
108816  48.991  7.365  9.366 0.6000000238
108806  49.971  7.204  11.072 0.5000000000
108795  50.475  6.790  12.568 0.4000000060
107765  50.521  6.183  14.061 0.4000000060
105604  50.235  5.059  16.161 0.3000000119
105588  49.565  4.488  17.887 0.3000000119
104493  48.755  3.399  18.531 0.3000000119
103453  47.992  2.673  19.658 0.2000000030
103454  46.881  2.476  19.638 0.2000000030
103444  45.547  2.593  21.048 0.2000000030
104452  44.309  3.539  21.958 0.2000000030
105536  42.682  4.158  21.637 0.2000000030
110772  47.159  9.230  5.154 0.6999999881
109846  46.752  8.969  6.891 0.6000000238
109837  47.301  8.215  8.013 0.6000000238
109832  47.285  8.200  9.136 0.6000000238
108813  48.114  7.765  10.860 0.6000000238
108807  49.006  7.417  11.457 0.5000000000
107747  50.094  6.366  16.137 0.4000000060
106716  50.044  5.651  17.485 0.4000000060
104515  49.358  3.977  18.618 0.3000000119
103452  48.801  2.796  19.724 0.2000000030
103442  47.777  2.388  20.622 0.2000000030
103443  46.694  2.426  20.834 0.2000000030
103435  44.875  3.197  21.910 0.2000000030
111681  46.701  10.424  5.181 0.6999999881
109838  46.697  8.799  7.500 0.6000000238
109829  46.512  8.720  9.610 0.6999999881
109828  47.232  8.170  10.243 0.6000000238
107736  50.094  6.286  17.047 0.4000000060
112617  46.754  10.921  5.631 0.6999999881
112610  46.695  10.866  6.650 0.6999999881
110743  46.270  9.462  7.953 0.6999999881
110739  46.228  9.518  8.983 0.6999999881
110736  46.152  9.581  10.082 0.6999999881
112616  47.222  11.666  6.046 0.6999999881
111631  46.343  10.335  8.368 0.6999999881
111624  46.314  10.436  9.428 0.6999999881
112609  47.396  11.706  7.126 0.6999999881
112597  47.540  11.708  8.165 0.6999999881
113503  47.959  12.479  6.585 0.6999999881
113494  48.213  12.328  7.573 0.6999999881
113484  48.336  12.290  8.577 0.6999999881
113493  48.860  12.867  7.034 0.6999999881
113483  48.918  12.904  7.987 0.8000000119
113492  49.170  13.437  6.703 0.6999999881
114434  49.157  13.848  6.314 0.8000000119
115255  49.661  14.784  8.988 0.8000000119
115281  49.338  14.358  7.594 0.8000000119
115283  48.241  14.712  6.913 0.8000000119
114437  47.102  14.059  6.221 0.6999999881
114438  45.997  13.736  6.258 0.6000000238
114439  44.797  13.279  6.372 0.6000000238
114440  43.599  13.400  6.530 0.5000000000
114455  43.046  13.661  5.767 0.5000000000
115296  41.949  13.938  6.439 0.4000000060
116051  49.430  15.098  8.660 0.8000000119
115269  49.122  14.840  8.138 0.8000000119
115270  48.066  14.742  8.386 0.8000000119
114422  46.663  13.836  7.216 0.8000000119
114423  45.539  13.450  7.397 0.6999999881
114424  44.282  13.255  7.504 0.6000000238
114425  43.127  13.511  7.516 0.5000000000
114441  42.532  13.749  6.631 0.4000000060
116036  49.346  15.651  9.366 0.8000000119
116052  48.951  15.449  8.694 0.8000000119
115256  47.400  15.229  9.206 0.8000000119
115271  47.089  14.315  8.478 0.8000000119
114410  44.984  13.700  8.568 0.8000000119
114411  43.742  13.594  8.432 0.5000000000
114412  42.774  13.879  8.300 0.4000000060
116037  48.658  15.973  9.354 0.8000000119
116053  48.465  15.533  8.949 0.8000000119
115257  46.619  14.662  9.155 0.8000000119
115272  44.833  14.124  9.198 0.6999999881
115273  44.204  14.068  9.057 0.6000000238
115274  43.412  14.401  8.894 0.5000000000
116781  48.106  16.719  9.746 0.8000000119
116038  47.891  15.831  9.395 0.8000000119
116040  45.737  15.468  9.747 0.8000000119
115258  45.344  14.551  9.438 0.8000000119
116041  44.761  15.292  9.564 0.6999999881
115260  43.981  14.535  9.217 0.6000000238
116054  43.077  15.291  8.913 0.6000000238
116782  47.264  16.827  10.118 0.8000000119
116783  46.042  16.512  9.937 0.6999999881
116793  44.496  16.677  9.022 0.6999999881
116794  43.907  16.130  8.987 0.6999999881
117478  45.498  17.131  9.614 0.6999999881
116784  44.900  16.309  9.527 0.6999999881
111539  36.224  10.168  22.493 0.1000000015
110674  36.300  9.789  20.143 0.1000000015
110673  37.150  9.934  19.893 0.1000000015
110687  36.663  9.268  19.455 0.1000000015
109768  36.468  7.997  18.874 0.1000000015
108734  37.294  7.203  19.282 0.1000000015
108744  36.820  7.699  18.980 0.1000000015
107709  38.555  6.556  20.243 0.1000000015
107710  37.881  6.168  20.182 0.1000000015
107711  36.836  6.174  19.542 0.1000000015
106665  38.671  5.120  21.901 0.2000000030
106674  38.338  5.166  21.164 0.1000000015
106675  37.741  5.175  20.574 0.1000000015
105506  39.764  4.766  22.378 0.2000000030
105524  38.673  4.705  21.347 0.1000000015
105505  40.457  4.791  22.499 0.2000000030
105523  39.296  4.596  21.780 0.2000000030
105521  41.128  4.545  21.917 0.2000000030
108801  49.847  7.251  12.043 0.5000000000
108796  49.592  7.144  13.088 0.5000000000
108785  50.223  6.708  13.594 0.5000000000
104453  43.435  3.882  21.695 0.2000000030
108786  49.450  7.106  14.200 0.5000000000
107757  50.395  6.259  15.060 0.4000000060
105569  49.487  4.588  18.830 0.2000000030
103466  49.262  3.256  19.231 0.2000000030
103441  48.608  2.517  20.480 0.2000000030
103432  47.580  2.379  21.651 0.2000000030
103433  46.491  2.689  22.149 0.2000000030
109824  47.279  8.329  11.303 0.6999999881
108808  48.101  7.929  11.869 0.6000000238
108803  47.898  7.868  12.818 0.6999999881
108762  49.951  6.766  15.505 0.4000000060
105568  49.654  5.194  18.489 0.3000000119
105548  49.248  4.105  19.970 0.2000000030
103440  49.066  2.765  20.367 0.2000000030
103431  48.454  2.389  21.332 0.2000000030
109825  46.540  8.823  10.719 0.6999999881
108797  48.456  7.560  13.704 0.6999999881
108787  48.696  7.422  14.876 0.6999999881
108763  49.519  7.125  16.351 0.5000000000
112573  46.830  11.254  9.850 0.6999999881
111621  46.422  10.497  10.506 0.6999999881
109821  47.273  8.413  12.287 0.6999999881
108798  47.763  8.008  13.445 0.8000000119
112584  47.550  11.807  9.205 0.6999999881
112572  47.582  11.830  10.241 0.8000000119
111619  46.583  10.590  11.550 0.8000000119
110732  46.378  9.856  12.209 0.8000000119
112566  46.938  11.269  10.881 0.8000000119
113470  49.056  12.853  8.950 0.8000000119
113461  48.261  12.357  10.622 0.8000000119
113460  48.970  12.947  9.952 0.8000000119
114395  49.701  14.112  8.662 0.8000000119
114386  49.255  13.855  10.183 0.8000000119
111569  36.785  10.359  20.643 0.1000000015
111568  37.659  10.614  20.413 0.1000000015
110685  38.372  9.174  19.510 0.1000000015
109756  37.992  8.222  19.435 0.1000000015
108724  39.753  7.221  20.598 0.1000000015
109747  38.615  7.860  19.830 0.1000000015
108733  38.297  7.131  19.695 0.1000000015
107700  38.923  6.069  21.130 0.2000000030
107698  40.723  7.027  21.489 0.2000000030
106664  39.236  5.106  22.485 0.2000000030
107670  40.826  5.900  22.848 0.2000000030
107671  40.240  5.571  22.856 0.2000000030
106651  40.665  5.237  22.936 0.2000000030
106650  41.564  5.416  23.236 0.2000000030
105504  41.306  4.788  22.696 0.2000000030
105486  42.877  4.898  23.491 0.2000000030
105519  42.911  4.266  22.365 0.2000000030
105520  42.020  4.409  22.168 0.2000000030
105530  49.050  3.429  20.563 0.2000000030
104461  48.725  3.134  21.528 0.2000000030
104449  48.544  2.783  21.822 0.2000000030
103424  46.925  2.736  22.953 0.2000000030
105502  43.382  4.332  23.153 0.2000000030
107738  48.868  6.788  17.984 0.4000000060
106696  49.450  5.437  18.911 0.3000000119
104448  48.768  2.600  21.277 0.2000000030
103423  47.471  2.629  22.526 0.2000000030
107718  49.520  6.266  18.230 0.4000000060
106682  49.362  4.778  19.351 0.2000000030
104450  45.666  2.944  22.685 0.2000000030
109814  48.018  7.861  14.630 0.6999999881
109818  47.319  8.474  13.172 0.6999999881
109815  47.522  8.341  14.029 0.6999999881
109819  46.707  9.088  12.740 0.6000000238
112563  47.063  11.314  11.823 0.8000000119
111617  46.782  10.839  12.624 0.8000000119
112565  47.566  11.841  11.222 0.8000000119
112562  47.507  11.835  12.083 0.8000000119
111577  38.024  9.990  19.668 0.1000000015
110684  39.062  9.111  19.666 0.1000000015
109746  39.249  8.233  20.104 0.1000000015
108723  40.523  7.447  21.018 0.1000000015
107699  40.119  6.688  21.462 0.2000000030
106649  42.320  5.228  23.479 0.2000000030
104438  46.259  3.073  23.341 0.2000000030
104426  44.815  3.956  23.679 0.2000000030
104423  47.086  3.769  23.642 0.2000000030
104439  45.242  3.365  23.273 0.2000000030
109781  48.260  8.075  16.731 0.5000000000
106697  48.756  5.496  19.159 0.3000000119
105549  48.570  4.408  20.244 0.2000000030
105515  48.387  3.353  21.999 0.2000000030
105498  47.704  3.606  22.813 0.2000000030
108755  49.297  7.446  17.020 0.4000000060
105532  47.916  4.364  21.101 0.2000000030
109790  47.484  8.176  15.850 0.6999999881
109800  48.128  7.912  15.435 0.6999999881
108775  48.787  7.521  15.865 0.6000000238
109801  47.434  8.352  14.999 0.6999999881
112560  47.201  11.390  12.462 0.8000000119
111613  47.126  11.247  13.156 0.8000000119
107668  42.724  6.925  23.224 0.2000000030
108695  42.098  7.195  22.591 0.2000000030
107655  43.189  6.491  23.548 0.2000000030
107656  42.535  6.090  23.545 0.2000000030
106634  43.994  5.663  23.931 0.2000000030
104424  46.533  3.902  23.983 0.2000000030
105468  45.773  4.823  24.575 0.3000000119
105484  44.826  4.732  24.218 0.2000000030
108756  48.852  7.417  17.382 0.4000000060
107720  48.425  5.882  18.816 0.4000000060
106684  48.472  4.932  19.608 0.3000000119
109782  47.707  8.030  16.600 0.6999999881
108757  48.145  7.135  17.581 0.4000000060
106698  47.909  5.307  18.970 0.4000000060
109816  46.820  9.107  13.646 0.8000000119
110730  46.492  9.962  13.189 0.8000000119
118873  40.987  19.987  16.155 0.6000000238
109702  44.447  8.017  23.422 0.2000000030
108682  43.865  7.455  23.574 0.2000000030
108681  44.783  7.354  23.719 0.2000000030
107654  44.367  6.542  23.968 0.2000000030
107653  45.446  6.401  24.134 0.2000000030
106633  44.893  5.731  24.406 0.3000000119
106620  46.699  5.320  24.119 0.3000000119
109791  46.489  8.568  15.418 0.6999999881
109783  46.845  7.996  16.267 0.6999999881
108766  47.272  7.299  16.976 0.6000000238
105482  47.016  4.349  23.640 0.2000000030
108758  47.609  6.779  17.549 0.5000000000
105550  47.711  4.458  19.953 0.3000000119
107739  48.006  6.325  18.227 0.5000000000
110707  46.233  9.362  14.830 0.6999999881
109802  46.753  8.895  14.491 0.6999999881
110715  46.460  10.000  14.139 0.8000000119
118883  40.209  19.956  15.408 0.5000000000
118903  40.913  19.360  13.690 0.8000000119
118893  40.522  19.454  14.529 0.6999999881
118904  39.856  19.624  13.575 0.6999999881
108680  45.363  7.311  23.448 0.2000000030
107652  45.817  6.150  23.452 0.2000000030
107643  45.933  5.902  24.433 0.3000000119
107651  46.481  5.752  23.634 0.2000000030
106647  46.562  5.045  23.085 0.3000000119
107749  46.522  6.860  16.911 0.6000000238
105499  47.134  4.482  22.848 0.2000000030
108767  46.060  7.360  16.431 0.5000000000
107740  46.901  6.244  17.419 0.5000000000
106717  47.294  5.594  18.187 0.5000000000
105551  46.546  4.445  19.899 0.2000000030
105533  46.899  4.426  20.942 0.2000000030
105517  47.121  4.373  21.914 0.2000000030
119706  38.928  20.297  11.530 0.6000000238
119720  40.323  20.557  10.804 0.6999999881
107683  44.871  5.958  21.691 0.2000000030
107666  45.149  6.417  22.232 0.2000000030
108691  45.239  7.448  22.705 0.2000000030
109784  46.093  8.016  15.941 0.6999999881
106700  45.081  5.074  18.666 0.3000000119
105535  45.088  4.932  20.421 0.2000000030
106648  45.980  5.372  22.681 0.2000000030
108768  45.346  6.920  16.497 0.5000000000
105592  45.612  4.963  18.291 0.3000000119
105552  45.467  4.772  19.676 0.2000000030
105534  45.764  4.692  20.807 0.3000000119
105518  46.216  4.663  21.832 0.3000000119
107750  45.774  6.539  16.973 0.4000000060
107742  45.154  5.912  17.249 0.4000000060
105572  45.591  4.865  18.836 0.3000000119
106718  46.324  5.171  17.984 0.5000000000
106719  45.230  5.313  17.864 0.3000000119
107696  44.028  6.019  20.617 0.2000000030
112559  47.459  11.698  12.867 0.8000000119
108776  45.645  7.743  15.932 0.6000000238
108777  44.938  7.356  15.932 0.6999999881
106701  44.327  5.300  18.492 0.3000000119
110708  45.592  9.228  15.195 0.6999999881
106686  44.602  5.190  19.488 0.3000000119
110716  45.783  10.014  14.719 0.8000000119
107751  44.613  6.356  16.619 0.5000000000
106687  43.715  5.756  19.305 0.3000000119
106728  43.733  5.871  16.913 0.4000000060
109792  45.406  8.316  15.598 0.6999999881
107697  43.641  6.621  20.288 0.3000000119
106721  43.313  5.839  17.523 0.5000000000
106702  43.411  5.777  18.325 0.3000000119
109793  44.395  8.197  15.387 0.6999999881
107758  44.011  6.838  16.039 0.6000000238
107707  43.073  6.705  18.984 0.3000000119
107759  43.130  6.925  15.979 0.6000000238
107752  43.502  6.368  16.479 0.5000000000
106703  42.853  6.041  17.989 0.4000000060
107722  42.163  6.597  18.137 0.4000000060
108732  42.698  7.747  19.125 0.3000000119
109754  42.960  8.667  19.680 0.3000000119
110717  44.898  9.881  14.945 0.8000000119
108742  41.985  7.643  18.663 0.4000000060
107744  41.851  6.719  17.205 0.5000000000
109766  42.228  8.599  19.028 0.3000000119
106730  42.620  6.220  17.108 0.6000000238
108743  41.541  7.563  17.925 0.4000000060
109776  41.000  8.349  17.515 0.3000000119
108779  42.764  7.578  15.451 0.6000000238
108778  43.791  7.498  15.575 0.6000000238
110709  44.670  9.003  15.239 0.6999999881
106902  45.979  5.555  -2.044 0.1000000015
108922  44.316  7.189  -1.454 0.1000000015
107906  45.429  6.408  -2.169 0.1000000015
115373  43.192  14.207  -3.334 0.2000000030
107905  46.120  5.861  -2.419 0.1000000015
113594  42.776  13.179  -3.523 0.2000000030
115364  42.449  14.364  -2.989 0.2000000030
110862  42.397  9.441  -1.529 0.2000000030
112680  42.868  12.014  -2.074 0.2000000030
115374  42.283  13.969  -3.474 0.2000000030
108933  44.516  7.334  -2.493 0.1000000015
113586  42.023  12.293  -3.159 0.2000000030
113458  47.998  12.400  11.597 0.8000000119
114385  49.639  14.240  9.350 0.8000000119
116039  46.847  15.730  9.696 0.8000000119
102672  44.899  1.385  -2.223 0.1000000015
103657  47.140  2.302  -1.722 0.1000000015
103641  47.410  2.432  0.375 0.1000000015
103649  47.205  2.238  -1.082 0.1000000015
105802  48.321  4.318  -3.613 0.1000000015
107923  47.495  5.997  -4.468 0.1000000015
102587  46.982  2.671  5.444 0.1000000015
103596  49.455  3.404  5.586 0.1000000015
103610  47.552  2.808  4.417 0.1000000015
103618  48.817  3.287  4.401 0.1000000015
104645  50.015  3.524  4.506 0.1000000015
104657  48.744  2.852  3.231 0.1000000015
105758  48.465  3.590  1.988 0.1000000015
106849  47.750  5.195  2.345 0.2000000030
106862  47.019  4.835  1.870 0.2000000030
107895  44.991  5.980  -1.058 0.1000000015
110864  37.433  9.667  -1.639 0.1000000015
108937  39.885  8.460  -2.579 0.1000000015
105814  43.790  4.845  -3.438 0.1000000015
106904  43.130  5.455  -2.371 0.1000000015
109946  44.535  8.601  -4.026 0.1000000015
109967  44.719  8.035  -5.380 0.1000000015
109957  45.024  8.213  -5.137 0.1000000015
107865  50.345  6.900  1.481 0.3000000119
110837  47.113  9.925  0.273 0.3000000119
115362  44.112  14.349  -2.767 0.2000000030
111759  43.509  10.560  -0.154 0.2000000030
112668  39.002  11.819  -0.583 0.2000000030
114527  41.728  13.398  -1.717 0.2000000030
112697  38.013  10.847  -1.814 0.1000000015
114540  41.532  13.956  -2.588 0.2000000030
112696  38.661  11.150  -2.494 0.1000000015
111779  38.607  10.347  -2.996 0.1000000015
109915  43.141  8.321  -0.926 0.2000000030
113602  41.199  12.198  -4.375 0.2000000030
114550  42.981  13.790  -3.551 0.2000000030
110884  39.078  9.725  -3.783 0.1000000015
110892  40.312  9.316  -4.794 0.1000000015
108954  43.405  7.834  -4.766 0.1000000015
109958  44.576  8.806  -4.800 0.1000000015
108964  43.779  8.230  -5.218 0.1000000015
110899  43.384  9.219  -5.081 0.1000000015
104588  51.589  3.878  7.416 0.3000000119
110849  48.321  10.280  -0.355 0.3000000119
111767  47.315  11.505  -1.365 0.3000000119
111748  35.059  10.628  0.334 0.1000000015
111731  35.117  10.620  1.281 0.1000000015
113571  44.603  12.681  -2.077 0.2000000030
112670  36.886  11.078  -0.537 0.1000000015
111760  42.575  10.489  -0.785 0.2000000030
112665  42.382  10.940  -1.293 0.2000000030
113585  42.624  12.614  -3.218 0.2000000030
113584  43.456  12.925  -3.209 0.2000000030
113593  43.619  13.550  -3.429 0.2000000030
111796  39.371  10.543  -4.215 0.1000000015
112708  40.901  11.336  -4.743 0.2000000030
111794  40.526  10.251  -4.926 0.2000000030
111778  41.624  10.415  -2.912 0.2000000030
112694  41.561  11.506  -3.078 0.2000000030
111770  41.741  10.523  -2.151 0.2000000030
110870  42.322  9.491  -2.496 0.2000000030
110890  42.622  9.331  -4.585 0.1000000015
110891  41.778  9.596  -4.671 0.1000000015
111736  49.229  10.028  1.474 0.4000000060
111754  48.448  10.764  -0.162 0.3000000119
111723  49.079  9.929  2.081 0.5000000000
111698  37.726  10.129  3.123 0.1000000015
107646  31.414  5.953  24.173 0.1000000015
108696  32.239  7.766  22.976 0.1000000015
109719  31.900  8.339  22.042 0.1000000015
109734  31.485  8.379  21.501 0.1000000015
107635  33.263  6.356  25.264 0.1000000015
108684  33.298  7.714  24.052 0.1000000015
109706  32.848  8.045  22.985 0.1000000015
109718  32.446  8.290  22.388 0.1000000015
109748  32.082  8.732  20.763 0.1000000015
109749  31.290  8.472  20.522 0.1000000015
109764  30.463  7.916  19.979 0.1000000015
109773  32.351  8.049  18.821 0.1000000015
106757  47.500  5.483  12.459 0.2000000030
106739  46.214  5.377  13.958 0.1000000015
105655  50.743  4.446  12.130 0.2000000030
105617  48.131  4.736  14.563 0.2000000030
104549  44.684  4.266  14.802 0.2000000030
104543  43.892  3.563  15.629 0.1000000015
104544  42.812  3.465  15.412 0.1000000015
103512  41.260  3.144  16.844 0.1000000015
103511  42.530  3.171  16.760 0.1000000015
104522  39.693  3.518  17.594 0.1000000015
104537  40.042  3.050  17.064 0.1000000015
104523  38.542  3.413  17.888 0.1000000015
104524  37.673  3.050  18.021 0.1000000015
104482  36.308  3.063  19.752 0.1000000015
104500  37.892  3.630  18.799 0.1000000015
103474  36.911  2.554  18.117 0.1000000015
104542  45.030  3.875  15.298 0.2000000030
105487  30.227  4.667  23.976 0.1000000015
108670  34.857  7.161  25.713 0.1000000015
109704  34.418  8.568  23.599 0.1000000015
109694  35.392  8.423  24.818 0.1000000015
109732  32.970  8.717  21.918 0.1000000015
110678  32.751  8.945  20.474 0.1000000015
110657  33.120  8.938  21.220 0.1000000015
105558  37.883  4.247  20.020 0.1000000015
104467  35.851  3.670  20.319 0.1000000015
107783  51.398  5.790  10.704 0.4000000060
104496  42.016  3.605  18.730 0.1000000015
105557  38.771  4.069  19.806 0.1000000015
103472  43.340  3.071  18.949 0.2000000030
104495  42.641  3.413  19.106 0.2000000030
103490  46.742  3.282  17.568 0.3000000119
105599  49.101  4.591  16.538 0.3000000119
104518  47.412  3.563  17.529 0.3000000119
114485  47.769  13.922  2.662 0.5000000000
113518  47.832  12.268  4.452 0.6000000238
114450  47.902  14.682  5.755 0.6999999881
114457  39.811  13.544  5.764 0.4000000060
116073  39.901  15.126  6.401 0.4000000060
116056  41.139  15.470  8.168 0.4000000060
110624  35.547  9.113  24.226 0.1000000015
110629  36.114  9.686  23.820 0.1000000015
110690  33.942  9.133  19.789 0.1000000015
110676  34.439  9.530  20.508 0.1000000015
107712  36.328  5.686  19.576 0.1000000015
105544  36.050  4.360  20.414 0.1000000015
106676  37.010  4.929  20.328 0.1000000015
105556  39.765  4.173  19.884 0.1000000015
108805  50.640  6.749  10.799 0.5000000000
105554  41.638  4.288  20.210 0.2000000030
107772  51.154  5.538  12.878 0.4000000060
106735  50.789  5.099  14.195 0.3000000119
103457  43.597  3.157  19.765 0.2000000030
104517  48.365  3.945  17.847 0.3000000119
104462  43.866  3.293  21.051 0.2000000030
105537  41.975  4.259  21.156 0.2000000030
112623  46.753  10.899  5.185 0.6000000238
115293  49.202  14.303  6.814 0.8000000119
114436  47.758  14.589  6.252 0.8000000119
111540  35.608  9.948  22.055 0.1000000015
110655  35.080  9.783  21.463 0.1000000015
111554  35.908  10.067  21.702 0.1000000015
109758  36.183  8.632  19.100 0.1000000015
109769  35.806  7.987  18.765 0.1000000015
107725  35.986  6.168  19.077 0.1000000015
108735  36.773  6.790  19.186 0.1000000015
106688  37.203  5.554  20.145 0.1000000015
105539  39.972  4.404  20.929 0.1000000015
109845  47.385  8.436  6.680 0.6000000238
106747  50.732  5.748  13.718 0.4000000060
108817  48.148  7.795  9.787 0.6000000238
108812  49.099  7.454  10.436 0.6000000238
106732  50.436  5.628  15.548 0.3000000119
105597  50.047  5.059  17.196 0.3000000119
104494  48.011  3.470  18.338 0.3000000119
103445  44.709  2.976  21.347 0.2000000030
108773  50.070  6.750  14.623 0.4000000060
106727  50.222  5.668  16.613 0.4000000060
104440  44.320  3.725  22.991 0.2000000030
111670  46.522  10.207  5.980 0.6999999881
110750  46.487  9.452  7.117 0.6000000238
109833  46.612  8.745  8.518 0.6000000238
108802  48.817  7.422  12.477 0.6999999881
107748  49.871  6.702  16.740 0.4000000060
107737  49.547  6.832  17.340 0.4000000060
113471  48.323  12.358  9.598 0.8000000119
113469  49.452  13.477  8.348 0.8000000119
113482  49.338  13.426  7.490 0.8000000119
114396  49.490  13.560  9.239 0.8000000119
114407  49.638  13.985  7.877 0.8000000119
114421  47.525  14.384  7.140 0.8000000119
114409  46.308  13.896  8.313 0.8000000119
114397  45.745  14.025  9.054 0.8000000119
109757  37.025  8.351  19.103 0.1000000015
107701  38.217  5.604  20.795 0.1000000015
108725  38.946  7.129  20.192 0.1000000015
107689  39.107  5.520  22.051 0.2000000030
108774  49.425  7.086  15.261 0.5000000000
109822  46.623  8.976  11.762 0.6999999881
110734  46.324  9.706  11.158 0.8000000119
110686  37.548  9.197  19.415 0.1000000015
109745  40.257  8.389  20.481 0.1000000015
107687  41.084  6.624  22.076 0.2000000030
107688  39.807  5.927  22.385 0.2000000030
107669  41.969  6.532  23.125 0.2000000030
105503  42.264  4.641  23.062 0.2000000030
105485  43.686  4.908  23.716 0.2000000030
104436  47.998  2.878  22.587 0.2000000030
111576  38.862  9.846  19.664 0.1000000015
111575  39.346  9.634  19.744 0.1000000015
104425  45.585  3.869  24.009 0.2000000030
105570  47.170  4.612  19.184 0.4000000060
106699  47.047  5.017  18.585 0.3000000119
106662  45.362  5.358  21.704 0.2000000030
112586  36.266  12.164  8.191 0.1000000015
111644  37.048  11.050  7.215 0.1000000015
111659  37.682  10.766  6.665 0.1000000015
110760  38.066  10.177  6.187 0.1000000015
110791  38.321  9.904  4.833 0.1000000015
113497  36.564  12.544  7.952 0.1000000015
112600  37.715  11.707  7.117 0.1000000015
112601  36.642  11.714  7.751 0.1000000015
110775  38.658  10.219  5.627 0.1000000015
113496  37.266  12.675  7.441 0.2000000030
112613  38.197  11.276  6.687 0.1000000015
112612  38.633  11.864  6.621 0.1000000015
111658  38.718  10.870  6.270 0.1000000015
111657  39.204  11.427  6.241 0.1000000015
110790  39.167  10.104  5.040 0.1000000015
110774  39.255  10.506  5.472 0.1000000015
113505  38.221  12.724  6.784 0.2000000030
113504  39.121  12.911  6.339 0.2000000030
114443  39.186  13.838  6.245 0.3000000119
116074  39.225  15.254  6.590 0.3000000119
117504  38.918  17.812  7.430 0.3000000119
116807  38.224  16.796  7.079 0.3000000119
118212  40.177  19.252  6.839 0.3000000119
118961  39.556  19.177  6.899 0.3000000119
117511  38.256  18.255  7.052 0.3000000119
118990  40.839  19.928  5.421 0.3000000119
118976  39.877  19.570  6.200 0.3000000119
115314  40.081  14.058  5.468 0.3000000119
116806  39.389  16.751  7.478 0.3000000119
118975  40.980  19.457  6.369 0.3000000119
118199  39.885  18.664  7.327 0.3000000119
119005  40.720  20.315  4.404 0.3000000119
116065  40.094  15.542  7.295 0.3000000119
118198  41.034  18.557  7.503 0.3000000119
117503  40.098  17.697  7.749 0.3000000119
118960  41.324  19.143  6.959 0.3000000119
118211  40.666  19.076  7.072 0.3000000119
117502  41.260  17.553  8.090 0.3000000119
116805  40.337  16.672  7.985 0.3000000119
118197  42.219  18.388  7.495 0.3000000119
118209  43.208  18.667  6.869 0.3000000119
118210  42.515  18.908  6.847 0.3000000119
110718  43.755  9.420  14.646 0.6000000238
109794  43.428  8.327  15.034 0.6000000238
109803  42.779  8.875  14.630 0.6000000238
107760  42.192  6.976  15.865 0.5000000000
107761  41.594  7.230  15.935 0.5000000000
121339  40.244  22.608  9.137 0.6999999881
123537  40.408  25.313  9.827 0.6000000238
124268  42.072  26.171  9.948 0.6000000238
125066  42.584  27.571  -0.160 0.4000000060
123536  41.268  25.830  9.464 0.6000000238
122094  40.734  23.461  8.450 0.6999999881
111672  39.754  11.138  5.604 0.1000000015
113513  39.836  12.708  5.926 0.3000000119
116057  40.600  16.019  8.039 0.3000000119
116797  41.117  16.495  8.351 0.3000000119
117492  41.832  16.986  8.416 0.3000000119
115299  39.737  14.486  5.975 0.3000000119
112611  39.525  12.004  6.195 0.2000000030
116066  38.896  16.060  6.916 0.3000000119
110698  39.973  9.486  17.044 0.3000000119
113397  40.380  12.617  19.355 0.2000000030
112518  40.100  11.543  18.477 0.2000000030
112519  39.445  11.744  18.259 0.2000000030
113404  38.978  12.352  18.389 0.2000000030
111584  39.246  10.584  17.156 0.2000000030
112522  39.628  11.118  17.914 0.2000000030
113405  38.107  12.223  18.285 0.2000000030
109795  42.323  8.246  14.976 0.5000000000
109786  40.470  8.514  16.286 0.5000000000
111593  39.096  10.489  15.511 0.4000000060
111589  39.085  10.454  16.330 0.2000000030
111590  38.736  10.917  16.551 0.2000000030
112524  38.206  11.655  17.335 0.2000000030
113409  38.339  11.865  17.896 0.2000000030
110721  40.414  9.625  14.586 0.5000000000
110722  39.860  9.700  14.810 0.5000000000
110712  39.559  9.745  15.271 0.5000000000
113415  37.214  12.150  16.568 0.2000000030
112533  38.217  11.279  15.856 0.2000000030
112529  37.833  11.660  16.687 0.2000000030
113410  37.665  11.981  17.497 0.2000000030
114309  41.011  13.135  19.921 0.2000000030
113402  40.632  12.048  18.953 0.2000000030
113403  39.853  12.202  18.735 0.2000000030
113398  39.601  12.637  19.153 0.2000000030
114310  40.052  13.174  19.714 0.2000000030
114311  38.859  12.941  19.371 0.2000000030
114320  37.848  12.633  18.755 0.2000000030
109796  41.395  8.367  15.038 0.5000000000
110720  41.373  9.692  14.323 0.5000000000
110719  42.475  9.657  14.330 0.5000000000
112532  38.737  10.997  15.552 0.2000000030
113406  37.400  12.384  18.084 0.2000000030
112544  38.849  11.345  14.949 0.2000000030
113424  37.262  12.663  15.591 0.2000000030
113416  36.655  12.795  16.415 0.2000000030
114347  36.815  13.435  15.637 0.2000000030
114247  42.357  14.169  23.443 0.1000000015
115177  41.440  14.094  21.158 0.2000000030
114292  40.740  13.622  20.460 0.2000000030
115163  41.236  14.645  21.719 0.2000000030
114271  40.498  13.983  21.143 0.2000000030
114293  39.706  13.604  20.308 0.2000000030
114294  38.608  13.564  20.262 0.2000000030
114312  37.676  13.117  19.440 0.2000000030
114321  36.658  12.884  18.319 0.2000000030
113411  36.885  12.464  17.350 0.2000000030
114337  36.233  13.625  16.215 0.2000000030
115137  42.189  14.537  23.857 0.1000000015
115930  42.566  15.049  22.712 0.1000000015
114239  41.921  13.687  24.232 0.1000000015
115153  41.921  15.231  22.207 0.2000000030
115162  42.093  14.651  21.689 0.2000000030
115164  40.257  14.460  21.825 0.2000000030
114272  39.471  13.833  21.154 0.2000000030
114273  38.407  13.823  21.182 0.2000000030
114338  35.792  13.608  16.850 0.2000000030
115144  41.931  15.073  23.128 0.1000000015
114238  42.401  14.026  24.487 0.1000000015
113339  41.321  13.235  24.136 0.1000000015
112466  38.838  11.472  23.376 0.1000000015
113328  40.140  12.449  23.978 0.1000000015
115154  41.072  14.857  22.506 0.2000000030
115145  40.919  14.659  23.504 0.1000000015
115155  40.082  14.439  22.729 0.2000000030
115165  39.232  14.223  21.960 0.2000000030
114313  36.604  13.254  19.429 0.2000000030
114330  35.515  13.587  17.521 0.2000000030
114230  42.086  13.541  24.984 0.1000000015
113313  41.417  12.472  25.246 0.1000000015
112458  40.546  12.000  24.883 0.1000000015
112459  39.955  11.798  24.670 0.1000000015
113326  41.599  13.097  24.854 0.1000000015
113327  40.815  12.492  24.609 0.1000000015
115138  41.690  14.669  24.234 0.1000000015
115131  42.204  14.353  24.856 0.1000000015
108575  39.232  7.543  32.802 0.1000000015
108560  38.741  7.727  33.689 0.1000000015
109607  39.464  8.448  31.417 0.1000000015
108589  39.499  7.864  32.040 0.1000000015
114322  35.685  13.383  18.560 0.2000000030
115207  35.400  14.218  16.678 0.2000000030
111503  41.214  11.239  26.427 0.1000000015
112447  41.572  12.216  25.698 0.1000000015
112431  41.104  11.454  26.114 0.1000000015
113312  42.069  12.790  25.646 0.1000000015
112448  40.860  11.741  25.409 0.1000000015
111516  40.235  11.283  25.521 0.1000000015
114229  42.376  13.709  25.482 0.1000000015
115122  42.321  14.274  25.674 0.1000000015
115132  41.757  14.571  25.257 0.1000000015
115123  41.880  14.390  26.104 0.1000000015
115139  40.734  14.441  24.704 0.1000000015
110574  40.165  9.957  29.919 0.1000000015
108576  38.726  8.048  33.126 0.1000000015
115146  39.787  14.207  23.756 0.1000000015
109623  39.963  8.682  30.732 0.1000000015
114331  35.083  13.643  18.042 0.2000000030
114295  37.523  13.534  20.325 0.2000000030
115198  35.093  14.081  17.194 0.2000000030
113296  42.351  12.485  26.381 0.1000000015
112430  41.805  11.771  26.401 0.1000000015
114217  42.264  13.574  26.404 0.1000000015
113295  42.538  12.591  26.840 0.1000000015
113311  42.412  13.062  26.179 0.1000000015
114218  41.574  13.876  26.522 0.1000000015
114219  40.864  13.971  26.307 0.1000000015
112377  41.144  11.363  29.166 0.1000000015
111475  39.948  10.695  29.798 0.1000000015
114231  40.410  14.049  25.545 0.1000000015
114206  41.003  13.511  26.930 0.1000000015
113283  41.123  13.149  27.646 0.1000000015
112397  40.647  12.173  28.788 0.1000000015
110561  39.287  9.738  30.652 0.1000000015
114297  35.367  13.065  20.613 0.2000000030
114314  35.570  13.278  19.523 0.2000000030
115140  39.984  14.159  24.477 0.1000000015
114316  33.470  13.552  19.589 0.2000000030
114315  34.540  13.301  19.669 0.2000000030
114324  34.070  13.643  19.084 0.2000000030
114296  36.475  13.312  20.446 0.2000000030
115200  34.121  14.397  18.105 0.2000000030
114323  34.671  13.678  18.626 0.2000000030
115199  34.629  14.260  17.646 0.2000000030
115984  34.818  14.848  16.888 0.2000000030
115983  35.378  15.248  16.353 0.2000000030
111491  41.369  10.677  26.972 0.1000000015
112414  42.038  11.149  27.052 0.1000000015
112413  42.422  11.558  27.295 0.1000000015
112429  42.477  12.094  26.703 0.1000000015
111457  37.722  10.897  31.869 0.1000000015
111456  38.360  11.118  31.314 0.1000000015
110528  38.089  8.946  33.536 0.1000000015
109581  38.116  8.679  33.898 0.1000000015
109608  38.840  8.814  31.814 0.1000000015
113357  32.880  12.454  22.684 0.2000000030
113358  31.908  12.689  22.507 0.2000000030
113386  33.122  12.761  21.119 0.2000000030
114298  34.070  12.889  20.804 0.2000000030
113270  40.381  12.780  28.110 0.1000000015
113371  32.598  12.674  21.755 0.2000000030
113387  32.371  12.918  20.951 0.2000000030
114299  32.981  13.153  20.425 0.2000000030
114220  40.089  13.556  26.094 0.1000000015
114317  32.790  13.589  19.951 0.2000000030
115193  33.111  14.328  19.049 0.2000000030
115969  32.898  14.775  18.887 0.2000000030
114274  37.357  13.609  21.337 0.2000000030
115156  39.080  14.161  22.896 0.2000000030
116702  33.410  16.082  18.537 0.2000000030
115976  33.910  14.865  17.934 0.2000000030
115975  34.323  15.319  17.371 0.2000000030
118233  38.067  18.740  2.381 0.1000000015
118240  37.581  18.496  1.938 0.1000000015
119008  37.936  19.061  3.284 0.2000000030
112349  38.128  11.881  31.106 0.1000000015
110548  38.266  9.782  31.770 0.1000000015
111465  38.885  10.834  30.765 0.1000000015
110562  38.690  10.394  31.113 0.1000000015
111464  39.370  10.971  30.182 0.1000000015
110547  38.929  9.181  31.373 0.1000000015
110575  39.654  10.344  30.075 0.1000000015
113372  31.763  13.066  21.560 0.2000000030
113370  33.600  12.577  21.844 0.2000000030
114277  34.293  12.644  21.654 0.2000000030
114279  31.330  13.757  21.456 0.2000000030
114278  31.761  13.470  21.056 0.2000000030
114300  32.157  13.636  20.467 0.2000000030
115953  32.176  15.425  20.190 0.2000000030
116695  32.671  15.844  19.652 0.2000000030
115963  32.896  15.692  18.968 0.2000000030
117406  33.996  17.117  19.733 0.2000000030
116693  34.136  17.124  18.950 0.2000000030
116701  34.022  16.686  18.324 0.2000000030
118239  38.242  18.587  2.015 0.1000000015
117538  37.015  18.056  2.181 0.1000000015
118250  37.822  18.673  1.074 0.1000000015
112400  37.018  11.656  28.687 0.1000000015
112380  37.817  11.893  29.614 0.1000000015
112360  38.641  11.756  30.493 0.1000000015
112399  38.144  11.789  28.596 0.1000000015
112379  38.875  11.942  29.490 0.1000000015
112359  39.224  11.620  29.950 0.1000000015
112398  39.348  12.302  28.479 0.1000000015
112378  39.949  11.554  29.511 0.1000000015
113284  40.222  13.197  27.328 0.1000000015
113271  39.670  12.743  27.731 0.1000000015
114265  30.987  13.501  22.035 0.2000000030
114240  39.999  14.067  24.937 0.1000000015
115179  31.709  14.222  20.868 0.2000000030
116683  32.656  16.145  20.343 0.2000000030
114276  35.117  12.719  21.855 0.2000000030
114275  36.281  13.227  21.567 0.2000000030
116682  33.348  16.676  20.651 0.2000000030
119029  37.312  19.650  1.597 0.2000000030
119030  36.986  19.239  1.876 0.1000000015
112420  34.098  11.531  28.017 0.2000000030
112437  34.402  11.490  27.055 0.2000000030
112419  35.132  11.517  27.889 0.1000000015
112418  36.187  11.619  27.774 0.1000000015
112381  36.708  11.798  29.650 0.1000000015
112435  36.433  11.738  26.768 0.1000000015
112417  37.269  11.749  27.658 0.1000000015
112434  37.503  12.012  26.553 0.1000000015
112415  39.015  12.492  27.485 0.1000000015
112416  38.324  12.009  27.591 0.1000000015
113315  38.751  12.927  25.510 0.1000000015
113299  38.193  12.418  26.060 0.1000000015
112433  38.501  12.342  26.857 0.1000000015
113345  34.268  12.073  23.731 0.2000000030
113344  35.211  12.186  23.724 0.2000000030
113314  39.470  13.123  25.997 0.1000000015
113298  39.019  12.730  26.454 0.1000000015
113285  39.415  12.855  27.132 0.1000000015
113343  35.999  12.605  23.718 0.2000000030
114253  36.456  12.916  23.488 0.2000000030
114252  37.079  13.226  23.518 0.2000000030
114242  38.566  13.581  24.231 0.2000000030
113329  38.175  13.117  24.737 0.1000000015
114232  39.602  13.515  25.329 0.1000000015
113347  32.096  12.348  23.537 0.2000000030
113346  33.211  12.239  23.710 0.2000000030
113356  33.859  12.305  22.807 0.2000000030
113355  34.834  12.356  22.835 0.2000000030
114263  36.138  12.920  22.783 0.2000000030
114251  38.224  13.765  23.337 0.2000000030
114250  38.973  13.936  23.864 0.2000000030
113369  34.347  12.517  22.188 0.2000000030
114262  37.211  13.486  22.446 0.2000000030
115147  39.001  14.059  23.461 0.2000000030
115947  31.509  15.209  21.515 0.2000000030
114261  38.267  13.826  22.173 0.2000000030
117389  34.539  17.585  20.665 0.3000000119
118088  35.332  18.071  20.729 0.3000000119
119797  37.611  20.425  1.968 0.2000000030
119798  36.545  20.024  2.491 0.1000000015
118258  38.127  19.109  0.484 0.1000000015
118251  37.291  18.852  1.408 0.2000000030
113321  32.869  11.841  26.053 0.1000000015
112454  33.834  11.706  26.408 0.1000000015
113301  32.558  12.004  27.364 0.1000000015
113320  33.869  11.818  25.733 0.1000000015
112438  33.463  11.650  27.152 0.2000000030
112462  34.379  11.873  25.332 0.2000000030
112453  34.629  11.726  26.092 0.1000000015
112452  35.644  11.853  25.900 0.2000000030
113335  32.465  12.175  24.698 0.2000000030
113319  35.420  12.064  25.127 0.2000000030
112461  34.963  11.906  25.411 0.2000000030
113318  36.112  12.180  25.201 0.2000000030
112451  36.619  12.041  25.928 0.1000000015
113300  37.511  12.297  25.811 0.1000000015
113334  33.686  11.951  24.828 0.2000000030
113333  34.797  12.011  24.649 0.2000000030
113332  35.657  12.254  24.481 0.2000000030
113317  36.966  12.392  25.303 0.2000000030
113331  36.422  12.543  24.523 0.2000000030
113316  37.808  12.630  25.297 0.2000000030
113342  36.619  12.877  23.955 0.2000000030
113330  37.257  12.887  24.488 0.2000000030
113348  30.935  12.817  23.306 0.2000000030
116676  32.635  16.223  21.317 0.3000000119
115157  30.995  14.817  22.004 0.2000000030
115158  30.541  14.391  22.520 0.2000000030
118077  35.571  17.921  21.468 0.3000000119
115939  31.964  15.715  21.830 0.3000000119
116675  33.565  16.621  21.730 0.3000000119
118799  36.983  18.845  21.884 0.3000000119
118076  36.427  18.305  21.863 0.2000000030
117388  35.061  17.716  21.307 0.3000000119
117381  35.509  17.574  22.037 0.2000000030
117378  35.027  16.932  22.385 0.2000000030
118068  38.334  18.978  23.390 0.2000000030
118069  37.624  18.510  23.127 0.2000000030
117380  36.280  17.727  22.611 0.2000000030
118060  38.518  18.933  23.871 0.2000000030
120385  37.821  21.570  23.563 0.2000000030
118768  38.328  19.917  24.391 0.2000000030
120398  37.319  21.956  22.955 0.2000000030
120386  37.346  21.048  23.521 0.2000000030
121205  36.600  22.263  21.927 0.2000000030
119048  38.156  19.627  0.579 0.1000000015
119039  37.524  19.378  1.149 0.1000000015
119782  36.898  20.641  2.806 0.1000000015
113302  31.771  12.286  26.758 0.1000000015
113288  31.113  12.739  27.235 0.1000000015
113322  31.620  12.229  25.626 0.1000000015
113303  30.839  12.583  26.431 0.1000000015
113323  30.657  12.655  25.369 0.1000000015
113336  31.340  12.436  24.474 0.1000000015
113337  30.472  12.888  24.383 0.1000000015
113349  30.305  13.168  23.781 0.2000000030
115941  30.745  15.057  22.678 0.3000000119
115940  31.324  15.373  22.236 0.3000000119
116671  32.582  16.094  22.447 0.3000000119
121174  38.466  22.356  23.665 0.2000000030
117375  37.649  17.854  24.078 0.2000000030
121190  37.723  22.574  22.767 0.2000000030
118061  38.201  18.391  24.332 0.2000000030
118051  38.409  19.175  24.531 0.2000000030
121204  37.223  22.919  21.533 0.2000000030
118780  37.320  20.139  24.022 0.2000000030
120399  36.731  21.457  22.716 0.2000000030
120400  36.081  20.997  22.327 0.2000000030
119584  35.203  20.815  21.614 0.2000000030
121237  36.420  22.602  19.723 0.2000000030
121221  36.416  22.586  20.796 0.2000000030
120425  35.180  21.765  20.491 0.2000000030
120426  34.630  21.058  20.673 0.2000000030
121257  35.052  21.886  19.063 0.2000000030
120439  34.568  21.566  19.594 0.2000000030
120440  33.897  20.916  19.843 0.2000000030
120427  34.089  20.704  20.394 0.2000000030
120454  34.271  21.659  18.345 0.2000000030
120455  33.517  21.101  18.673 0.2000000030
119619  33.164  20.586  19.240 0.2000000030
119809  39.345  20.699  1.024 0.2000000030
120612  39.020  21.080  1.583 0.2000000030
119796  38.324  20.794  1.805 0.2000000030
120595  38.262  21.612  2.766 0.2000000030
120596  37.621  21.382  3.085 0.2000000030
119811  38.036  20.035  0.947 0.2000000030
114210  29.820  13.763  26.647 0.1000000015
114221  30.035  13.086  26.161 0.1000000015
115125  29.498  14.672  25.560 0.1000000015
115916  29.532  15.558  26.011 0.1000000015
114234  29.968  13.243  25.162 0.2000000030
115134  29.564  14.680  24.682 0.2000000030
114244  29.952  13.469  24.254 0.2000000030
114255  30.081  13.752  23.236 0.2000000030
116670  33.622  16.406  22.873 0.2000000030
122012  39.539  23.607  21.239 0.3000000119
122001  38.086  23.285  21.953 0.3000000119
117377  35.780  17.144  23.041 0.2000000030
121217  39.984  23.313  20.365 0.3000000119
121252  39.683  22.623  18.570 0.3000000119
121234  39.328  22.901  19.467 0.3000000119
121218  38.951  23.168  20.354 0.3000000119
121219  37.985  23.059  20.362 0.3000000119
118769  37.756  19.690  24.495 0.2000000030
120462  38.806  22.054  16.990 0.3000000119
121253  38.557  22.603  18.514 0.3000000119
121235  38.279  22.796  19.473 0.3000000119
119571  36.367  20.582  22.875 0.2000000030
121272  38.481  22.140  16.868 0.3000000119
121254  37.520  22.603  18.555 0.3000000119
121255  36.567  22.541  18.667 0.2000000030
119585  34.578  20.372  21.411 0.2000000030
121273  37.770  22.267  16.557 0.4000000060
121274  36.796  22.564  16.616 0.3000000119
121256  35.713  22.266  18.857 0.2000000030
121275  35.891  22.447  16.638 0.3000000119
121269  34.973  21.969  17.979 0.2000000030
120464  33.484  21.368  17.491 0.2000000030
120465  32.836  20.949  17.805 0.2000000030
121277  34.146  21.921  16.276 0.3000000119
120474  33.571  21.691  16.337 0.2000000030
120475  32.460  21.231  16.637 0.2000000030
120604  38.665  21.346  2.152 0.2000000030
121411  38.492  22.148  3.002 0.2000000030
120586  37.329  21.685  3.813 0.2000000030
121421  39.091  22.315  2.562 0.2000000030
121412  38.057  22.418  3.640 0.2000000030
124341  37.380  26.799  3.526 0.2000000030
125051  37.746  27.621  2.847 0.2000000030
125035  37.142  27.521  3.376 0.2000000030
125724  38.405  28.621  2.330 0.2000000030
126292  38.709  29.712  2.191 0.2000000030
126921  39.614  30.474  1.832 0.2000000030
126906  38.867  30.630  2.142 0.2000000030
126907  37.991  30.584  2.417 0.2000000030
128121  42.080  32.480  2.553 0.3000000119
127516  41.562  31.681  2.031 0.3000000119
128120  43.390  32.950  2.360 0.3000000119
115927  29.823  15.231  24.383 0.2000000030
115141  29.746  14.698  24.093 0.2000000030
115148  30.212  14.683  23.151 0.3000000119
116658  30.752  15.989  24.410 0.2000000030
116672  31.774  15.714  22.548 0.3000000119
115926  30.380  15.525  24.076 0.3000000119
116666  31.837  15.867  23.284 0.3000000119
116657  31.670  16.183  24.363 0.2000000030
116669  34.773  16.544  23.212 0.2000000030
117373  36.359  17.023  23.881 0.2000000030
117371  37.946  17.779  24.877 0.2000000030
116668  35.645  16.679  23.812 0.2000000030
118770  37.270  19.203  24.574 0.2000000030
119654  39.670  20.872  16.129 0.4000000060
120482  39.323  20.962  15.979 0.4000000060
120461  39.370  21.867  17.161 0.3000000119
118062  36.158  19.140  23.846 0.2000000030
119573  35.047  20.092  22.193 0.2000000030
119673  39.140  20.139  15.013 0.4000000060
119674  38.411  20.395  14.616 0.4000000060
120471  38.550  21.820  16.452 0.4000000060
118791  35.559  19.916  22.780 0.2000000030
118800  34.109  19.868  21.539 0.2000000030
119603  33.591  20.212  20.391 0.2000000030
119675  37.609  20.829  14.221 0.4000000060
120494  37.506  21.326  14.812 0.4000000060
121282  37.360  22.103  15.711 0.4000000060
120495  36.890  21.914  14.399 0.4000000060
121284  36.017  22.733  15.795 0.3000000119
121276  34.815  22.054  16.665 0.3000000119
119644  32.068  20.789  17.341 0.2000000030
119656  31.338  20.863  16.919 0.2000000030
122064  36.358  23.293  13.947 0.4000000060
122065  36.058  23.821  14.253 0.3000000119
122051  35.599  23.063  15.358 0.3000000119
121286  33.985  22.292  15.633 0.3000000119
120486  32.641  21.857  15.653 0.3000000119
120476  31.454  21.201  16.349 0.2000000030
122802  36.163  24.229  13.767 0.4000000060
122060  35.205  23.493  14.872 0.3000000119
122799  33.782  24.351  14.479 0.3000000119
121287  32.951  22.721  15.144 0.3000000119
121288  31.883  22.563  15.346 0.3000000119
120487  31.673  21.717  15.767 0.3000000119
122800  32.960  24.463  14.935 0.3000000119
122052  32.725  23.674  14.956 0.3000000119
121420  39.816  22.075  2.047 0.2000000030
122150  39.572  23.057  2.660 0.2000000030
122141  38.571  23.266  3.527 0.2000000030
122881  38.066  24.378  4.012 0.2000000030
122133  37.463  23.646  4.500 0.2000000030
121419  40.350  22.626  1.831 0.2000000030
122880  38.885  24.275  3.423 0.2000000030
123611  38.616  25.305  3.296 0.2000000030
123612  37.757  25.669  3.749 0.2000000030
122890  40.215  23.909  2.244 0.2000000030
123622  38.696  26.112  2.757 0.2000000030
125050  38.817  27.555  2.346 0.2000000030
125732  40.278  28.416  1.097 0.2000000030
125733  39.389  28.528  1.693 0.2000000030
126304  38.983  28.988  1.891 0.2000000030
127546  43.074  30.684  0.713 0.4000000060
127547  42.533  30.516  0.745 0.3000000119
126919  41.403  30.137  1.032 0.2000000030
126920  40.442  30.246  1.454 0.2000000030
126303  39.668  29.492  1.609 0.2000000030
127515  42.714  31.931  1.730 0.2000000030
127534  41.030  30.940  1.587 0.2000000030
116664  33.864  16.230  23.961 0.2000000030
116665  32.742  16.105  23.609 0.2000000030
116663  34.998  16.392  24.347 0.2000000030
116662  36.126  16.700  24.702 0.2000000030
117372  36.953  17.504  24.533 0.2000000030
117367  37.892  17.969  25.315 0.2000000030
118905  39.100  19.835  13.759 0.4000000060
119684  38.442  20.108  13.464 0.4000000060
119685  37.605  20.601  13.582 0.5000000000
118801  33.451  19.558  21.202 0.2000000030
119635  31.512  19.898  18.636 0.2000000030
120509  36.945  21.331  12.744 0.5000000000
119645  31.443  20.454  17.661 0.2000000030
121307  36.929  22.537  12.498 0.5000000000
120489  30.222  21.440  16.038 0.2000000030
122068  37.258  23.532  12.536 0.5000000000
122809  36.744  24.257  13.101 0.5000000000
123512  35.116  25.314  13.815 0.3000000119
122798  34.719  24.289  14.327 0.3000000119
122053  32.083  23.477  15.157 0.3000000119
124252  37.448  26.088  12.663 0.4000000060
124253  36.700  25.714  12.933 0.4000000060
124242  35.157  26.227  13.934 0.4000000060
123503  32.956  25.078  15.158 0.3000000119
124952  35.714  26.893  13.994 0.4000000060
124224  34.821  26.757  14.978 0.3000000119
124202  34.371  26.623  15.922 0.3000000119
122879  39.331  24.226  3.105 0.2000000030
122902  40.052  25.132  2.182 0.2000000030
122891  39.792  24.203  2.605 0.2000000030
123610  39.265  24.735  3.096 0.2000000030
124355  39.230  26.730  2.320 0.2000000030
125059  39.576  27.536  1.777 0.2000000030
125049  39.235  27.293  2.190 0.2000000030
126311  41.869  29.387  0.547 0.3000000119
126302  40.851  29.455  1.010 0.2000000030
127544  44.539  30.900  0.974 0.4000000060
126930  42.758  30.046  0.559 0.3000000119
117368  37.070  17.831  25.111 0.2000000030
119696  38.640  20.110  12.484 0.5000000000
118782  35.569  19.416  23.334 0.2000000030
118063  35.592  18.929  23.850 0.2000000030
119707  38.179  20.495  11.876 0.5000000000
118792  34.519  19.512  22.406 0.2000000030
119721  39.485  20.575  10.896 0.5000000000
118820  32.330  19.394  20.307 0.2000000030
120532  39.615  21.226  10.263 0.6000000238
120534  38.113  21.419  11.104 0.5000000000
120517  37.648  21.164  11.726 0.5000000000
118860  30.585  19.677  19.126 0.2000000030
119657  30.606  20.664  17.035 0.2000000030
121314  37.864  22.637  11.266 0.5000000000
119647  29.888  20.207  17.966 0.2000000030
120478  29.707  21.127  16.390 0.2000000030
122083  39.886  23.912  9.128 0.6000000238
122819  39.968  24.674  9.395 0.5000000000
122067  38.019  23.847  12.107 0.5000000000
122807  38.608  24.617  12.290 0.5000000000
123519  39.322  25.345  12.551 0.5000000000
123520  38.157  25.336  12.502 0.5000000000
124963  37.597  26.805  12.919 0.4000000060
124964  37.148  26.630  12.921 0.4000000060
123532  41.572  25.842  10.562 0.5000000000
123510  39.646  25.988  12.904 0.5000000000
124238  39.583  26.625  13.456 0.4000000060
124949  38.905  27.405  13.792 0.4000000060
124951  36.767  27.073  13.475 0.4000000060
124912  36.277  27.605  15.747 0.4000000060
124913  35.107  27.055  15.787 0.4000000060
124223  40.311  26.886  14.311 0.5000000000
124932  38.298  27.776  14.612 0.4000000060
124933  37.120  27.655  14.594 0.4000000060
124894  35.602  27.404  16.752 0.4000000060
124190  33.694  26.392  16.415 0.3000000119
124878  36.114  27.814  17.327 0.4000000060
124879  35.239  27.513  17.432 0.4000000060
124895  34.442  26.841  17.000 0.3000000119
123633  40.585  25.593  1.714 0.2000000030
124368  41.193  26.173  1.243 0.2000000030
123621  39.366  25.488  2.625 0.2000000030
124381  41.081  26.869  1.105 0.2000000030
125058  40.280  27.582  1.247 0.2000000030
124370  39.761  26.791  1.884 0.2000000030
125741  41.532  28.355  0.389 0.2000000030
125068  40.986  27.590  0.826 0.2000000030
126310  43.219  29.315  0.080 0.3000000119
120516  38.276  20.863  11.351 0.5000000000
121341  38.810  22.222  10.221 0.5000000000
121340  39.347  22.213  9.851 0.5000000000
122075  38.343  23.120  10.748 0.5000000000
122084  39.273  23.291  9.676 0.5000000000
122817  38.725  23.922  10.968 0.5000000000
122072  38.194  23.447  11.468 0.5000000000
120479  29.115  20.769  17.143 0.2000000030
120466  28.559  21.148  17.729 0.1000000015
122816  39.238  24.541  11.377 0.5000000000
123534  39.888  25.020  11.180 0.5000000000
123518  40.450  25.375  12.513 0.5000000000
123509  40.181  25.903  13.013 0.5000000000
124237  40.721  26.352  13.740 0.5000000000
123525  42.555  25.876  11.286 0.5000000000
124930  40.556  27.313  15.128 0.4000000060
124931  39.500  27.527  14.627 0.4000000060
125561  38.178  28.021  16.228 0.4000000060
124911  37.503  27.894  15.889 0.4000000060
124222  41.196  26.739  14.596 0.3000000119
125545  37.840  28.055  16.899 0.4000000060
124877  37.007  27.946  17.304 0.4000000060
125534  34.957  27.903  17.373 0.3000000119
125530  38.943  28.252  18.321 0.4000000060
125531  37.761  28.066  17.987 0.4000000060
125532  36.780  28.344  17.741 0.4000000060
126175  35.690  28.714  17.280 0.4000000060
122820  39.392  24.507  10.196 0.5000000000
123538  40.016  25.118  10.548 0.5000000000
123526  41.553  25.537  11.595 0.5000000000
123527  40.657  25.182  11.815 0.5000000000
123508  41.151  25.783  13.176 0.5000000000
123517  41.436  25.469  12.466 0.5000000000
124236  41.775  26.258  13.966 0.5000000000
124221  42.293  26.737  14.976 0.3000000119
125520  39.359  28.656  19.170 0.4000000060
125521  38.171  28.545  18.826 0.4000000060
126174  36.496  29.010  17.593 0.4000000060
123516  42.444  25.669  12.288 0.5000000000
123515  43.352  26.000  11.952 0.5000000000
124235  42.874  26.336  14.076 0.5000000000
124219  43.654  27.162  14.584 0.3000000119
124234  43.867  27.007  13.894 0.4000000060
124927  43.625  27.641  14.812 0.4000000060
118089  34.796  17.856  20.256 0.3000000119
118779  38.670  19.700  24.028 0.2000000030
118977  38.924  19.452  5.823 0.2000000030
119017  38.446  19.039  2.485 0.1000000015
122901  40.580  24.201  1.827 0.2000000030
125067  41.998  27.584  0.286 0.3000000119
125740  42.610  28.372  -0.136 0.3000000119
126929  43.616  30.144  0.417 0.3000000119
127532  43.338  31.352  1.109 0.2000000030
109592  39.109  8.219  32.107 0.1000000015
109572  38.394  8.132  34.092 0.1000000015
111504  40.472  10.983  26.140 0.1000000015
109593  38.615  8.549  32.556 0.1000000015
114241  39.407  13.821  24.485 0.1000000015
115964  32.415  15.107  19.468 0.2000000030
116694  33.515  16.649  19.467 0.2000000030
115946  32.027  15.673  20.968 0.2000000030
118241  37.068  18.405  1.893 0.1000000015
112436  35.399  11.541  26.889 0.2000000030
117382  34.549  17.187  21.621 0.3000000119
120605  37.939  21.057  2.385 0.2000000030
121206  36.079  21.897  21.625 0.2000000030
121220  37.145  22.937  20.508 0.2000000030
120413  35.617  21.386  21.619 0.2000000030
121238  35.560  22.199  19.957 0.2000000030
120438  35.122  21.844  19.921 0.2000000030
120463  34.221  21.726  17.223 0.2000000030
119634  32.445  20.525  18.396 0.2000000030
118781  36.609  19.746  23.713 0.2000000030
121266  37.693  22.497  17.551 0.4000000060
120472  37.859  21.951  16.139 0.4000000060
121267  36.711  22.560  17.615 0.2000000030
121283  36.630  22.605  15.592 0.4000000060
121268  35.807  22.224  17.726 0.2000000030
120485  33.302  22.048  15.593 0.3000000119
121298  33.648  22.844  15.088 0.3000000119
124357  37.854  26.862  2.982 0.2000000030
123599  37.366  25.121  4.436 0.2000000030
125725  37.348  28.734  2.835 0.2000000030
125060  39.051  28.173  2.060 0.2000000030
127535  40.187  30.929  1.859 0.2000000030
120483  38.630  21.132  15.699 0.4000000060
119604  32.889  19.800  20.150 0.2000000030
120502  36.851  21.712  13.955 0.4000000060
122049  36.318  22.988  15.197 0.3000000119
121301  36.614  22.381  13.932 0.5000000000
122059  35.753  23.730  14.605 0.3000000119
121285  35.086  22.712  15.557 0.3000000119
122797  35.307  24.005  14.434 0.3000000119
121297  34.211  22.999  15.060 0.3000000119
123511  36.055  25.214  13.497 0.3000000119
122062  33.487  23.500  14.796 0.3000000119
122791  32.335  24.241  15.212 0.3000000119
127533  42.167  31.039  1.036 0.2000000030
126301  41.357  29.669  0.835 0.2000000030
119621  31.887  19.708  19.278 0.2000000030
122073  37.559  23.033  11.921 0.5000000000
122069  36.719  23.024  13.193 0.5000000000
122808  37.666  24.460  12.492 0.5000000000
124243  34.625  25.685  14.041 0.3000000119
124241  36.165  26.285  13.371 0.4000000060
124226  33.628  25.684  14.808 0.3000000119
123475  33.071  25.879  15.968 0.3000000119
124914  34.649  26.786  16.320 0.4000000060
126312  41.034  28.809  0.644 0.2000000030
118071  33.974  18.990  22.751 0.2000000030
121279  28.593  21.822  16.562 0.1000000015
122812  39.167  24.624  12.114 0.5000000000
124251  38.570  26.377  12.837 0.4000000060
124950  38.022  27.362  13.484 0.4000000060
124910  38.676  27.960  15.612 0.4000000060
124893  36.586  27.759  16.679 0.4000000060
125533  35.714  28.227  17.458 0.4000000060
124369  40.422  26.795  1.490 0.2000000030
123634  39.908  26.103  2.053 0.2000000030
122821  38.808  23.568  10.306 0.5000000000
124909  39.763  27.754  15.979 0.3000000119
123507  42.210  25.783  13.224 0.5000000000
115175  42.664  13.753  21.373 0.1000000015
110651  45.374  9.742  21.815 0.2000000030
109741  45.209  9.250  21.503 0.2000000030
109753  43.629  8.685  20.285 0.2000000030
114290  42.804  13.220  20.776 0.1000000015
114291  41.707  13.526  20.612 0.1000000015
114268  43.515  13.000  21.108 0.1000000015
112499  44.495  11.857  20.962 0.1000000015
111562  45.178  10.474  21.490 0.2000000030
110668  44.489  9.796  20.606 0.2000000030
110669  43.973  9.291  20.460 0.2000000030
108769  41.093  7.685  16.155 0.2000000030
110683  42.614  9.577  19.418 0.2000000030
110703  39.968  9.219  15.843 0.3000000119
110697  40.562  8.949  17.393 0.2000000030
113385  43.450  12.732  20.668 0.1000000015
113384  44.048  12.525  20.910 0.1000000015
114307  42.438  12.740  20.174 0.1000000015
113393  43.607  12.223  20.451 0.1000000015
112498  44.662  11.183  21.312 0.2000000030
113395  42.090  12.302  19.597 0.1000000015
112510  44.104  11.624  20.506 0.2000000030
112509  44.562  11.261  20.857 0.2000000030
111573  43.810  10.766  20.111 0.2000000030
111579  42.213  10.412  19.189 0.2000000030
111574  43.047  10.537  19.649 0.2000000030
111563  44.879  10.603  20.944 0.2000000030
110693  41.791  9.483  18.771 0.2000000030
110694  40.894  9.425  17.946 0.1000000015
113396  41.227  12.524  19.497 0.2000000030
113401  41.334  11.888  19.184 0.1000000015
112512  42.566  11.753  19.641 0.2000000030
111580  41.403  10.379  18.619 0.1000000015
112521  40.241  10.927  18.192 0.1000000015
111583  39.984  10.383  17.717 0.1000000015
112383  34.693  11.876  29.764 0.1000000015
113243  33.281  12.741  31.065 0.1000000015
113272  33.338  12.185  29.788 0.1000000015
112403  33.727  11.867  29.048 0.1000000015
114164  32.698  13.371  32.047 0.1000000015
112404  33.067  12.088  28.641 0.1000000015
113257  32.816  12.650  30.174 0.1000000015
116656  32.889  16.228  24.755 0.1000000015
115922  29.592  15.385  25.108 0.1000000015
116638  30.993  16.965  25.950 0.1000000015
116647  31.845  16.752  25.586 0.1000000015
116646  33.173  16.519  25.841 0.1000000015
116655  34.126  16.319  25.059 0.1000000015
116644  35.591  16.374  26.404 0.1000000015
116652  36.599  17.232  25.791 0.1000000015
116643  36.348  17.051  26.556 0.1000000015
118045  36.266  18.112  25.372 0.1000000015
118064  34.508  18.843  23.514 0.1000000015
118073  33.035  18.707  23.233 0.1000000015
118072  33.473  18.774  22.982 0.1000000015
118066  32.746  18.855  23.659 0.1000000015
118802  32.495  19.072  21.372 0.1000000015
118079  31.573  19.108  20.770 0.1000000015
118822  30.505  19.502  20.528 0.1000000015
121289  30.897  22.425  15.531 0.2000000030
122792  31.647  24.312  15.481 0.2000000030
123488  32.419  25.230  15.700 0.2000000030
124191  32.845  26.227  16.493 0.2000000030
121290  29.822  22.083  15.753 0.2000000030
122054  31.206  23.395  15.413 0.2000000030
123489  31.230  25.226  15.773 0.2000000030
124200  42.917  27.020  15.480 0.2000000030
124908  41.022  27.718  16.013 0.2000000030
124897  32.534  26.864  16.535 0.2000000030
124192  32.291  26.356  16.390 0.2000000030
124906  43.201  27.442  15.620 0.3000000119
124889  42.235  27.809  16.882 0.2000000030
125526  42.450  28.501  17.052 0.3000000119
124890  41.489  27.788  16.902 0.2000000030
125559  39.453  27.978  16.940 0.2000000030
125527  42.036  28.607  17.322 0.3000000119
124874  41.868  28.076  17.531 0.3000000119
125529  40.161  28.237  18.438 0.2000000030
124898  31.984  26.718  16.248 0.2000000030
125566  31.933  27.484  15.810 0.3000000119
125574  42.604  28.845  14.452 0.3000000119
125556  42.620  28.982  15.496 0.3000000119
125547  34.307  27.823  16.977 0.2000000030
125580  33.866  28.471  15.162 0.3000000119
125541  41.820  29.110  16.891 0.3000000119
125519  40.377  28.636  19.247 0.3000000119
125546  35.022  28.548  17.028 0.3000000119
125563  34.395  28.513  16.145 0.2000000030
125575  41.501  29.048  14.893 0.3000000119
126179  41.494  29.312  17.219 0.3000000119
126172  41.133  29.569  18.307 0.3000000119
126777  39.824  29.600  19.577 0.3000000119
126190  35.735  29.551  15.810 0.3000000119
125578  35.314  29.300  15.370 0.3000000119
126162  37.626  29.294  18.509 0.3000000119
126182  36.615  29.816  16.550 0.3000000119
126189  36.347  30.049  15.322 0.3000000119
126201  34.980  29.286  14.373 0.3000000119
126210  35.404  29.993  13.420 0.3000000119
125581  32.884  28.192  15.157 0.3000000119
125598  33.319  28.619  14.169 0.3000000119
126212  33.766  29.208  13.415 0.3000000119
126224  34.935  30.016  12.902 0.3000000119
125599  32.312  28.584  14.115 0.3000000119
126225  34.207  29.831  12.766 0.3000000119
125539  43.079  28.504  15.791 0.3000000119
125576  40.389  29.184  14.619 0.3000000119
109767  41.542  8.502  18.326 0.2000000030
109785  40.846  8.091  16.817 0.2000000030
109797  40.566  8.622  15.329 0.4000000060
110695  40.369  9.922  17.705 0.1000000015
112517  40.907  11.235  18.635 0.1000000015
112516  41.896  11.321  19.146 0.2000000030
112402  34.856  11.578  28.867 0.1000000015
116649  29.822  16.091  25.412 0.1000000015
116648  30.675  16.474  25.190 0.1000000015
118053  36.629  18.716  24.551 0.1000000015
116661  36.678  17.168  25.228 0.1000000015
121278  29.232  21.746  16.060 0.1000000015
118054  35.495  18.562  24.585 0.1000000015
118793  33.387  19.085  22.200 0.1000000015
118821  31.411  19.261  20.380 0.1000000015
125548  33.483  27.375  16.778 0.2000000030
125564  33.509  28.091  16.201 0.2000000030
125544  38.709  28.066  17.434 0.2000000030
124907  42.222  27.449  15.980 0.2000000030
126163  37.045  28.770  18.108 0.3000000119
126173  37.361  29.832  17.478 0.3000000119
110681  44.089  10.283  20.341 0.2000000030
112384  33.963  11.973  30.062 0.1000000015
114174  32.483  13.149  31.023 0.1000000015
112365  34.076  12.271  30.531 0.1000000015
114165  31.929  13.862  31.565 0.1000000015
116645  34.477  16.252  26.089 0.1000000015
116654  35.314  16.336  25.386 0.1000000015
116653  36.251  16.680  25.711 0.1000000015
117360  36.503  17.479  25.861 0.1000000015
118055  34.412  18.527  24.593 0.1000000015
118794  32.426  18.934  22.587 0.1000000015
124891  40.394  27.836  17.039 0.2000000030
125565  32.577  27.616  16.168 0.2000000030
124875  40.977  28.006  17.768 0.3000000119
125528  41.340  28.644  18.496 0.3000000119
124206  30.783  26.196  15.644 0.2000000030
125558  41.360  29.270  16.401 0.3000000119
126200  35.629  29.706  14.513 0.3000000119
124916  31.401  27.088  15.738 0.1000000015
125582  31.746  28.016  15.101 0.2000000030
126791  38.567  29.953  18.887 0.2000000030
125595  39.868  29.232  13.962 0.2000000030
126788  40.478  29.670  19.389 0.2000000030
126802  38.955  30.931  18.905 0.2000000030
126803  38.281  30.496  18.111 0.2000000030
126181  37.242  30.144  16.924 0.2000000030
126808  40.429  30.152  17.849 0.2000000030
126197  40.800  29.267  15.407 0.2000000030
126187  40.647  29.671  16.243 0.2000000030
126811  37.233  30.401  16.520 0.2000000030
126801  39.744  30.653  18.930 0.2000000030
126810  37.703  30.699  17.162 0.2000000030
126818  37.494  31.060  16.262 0.2000000030
126222  39.452  29.533  13.605 0.2000000030
126213  32.772  29.179  13.340 0.2000000030
126828  36.806  30.710  14.673 0.2000000030
126198  39.936  29.691  15.043 0.2000000030
127378  39.933  30.760  18.168 0.2000000030
127379  39.434  31.798  18.157 0.2000000030
127381  38.280  31.230  17.633 0.2000000030
127404  37.307  31.826  14.495 0.2000000030
127413  35.867  31.110  12.827 0.2000000030
127402  39.448  31.494  14.246 0.2000000030
127409  39.561  31.839  13.118 0.2000000030
128014  40.028  32.396  13.722 0.2000000030
126226  33.229  29.801  12.709 0.2000000030
127367  39.300  32.626  18.400 0.2000000030
126188  40.029  30.152  15.680 0.2000000030
127380  38.750  32.031  18.180 0.2000000030
127397  37.597  31.886  15.800 0.2000000030
127411  37.195  32.509  13.682 0.2000000030
127412  36.509  31.747  13.188 0.2000000030
126834  39.359  30.154  14.337 0.2000000030
126835  39.075  30.481  13.635 0.2000000030
128005  39.889  32.460  14.928 0.2000000030
127996  40.014  32.684  16.259 0.2000000030
129740  39.830  34.831  17.302 0.2000000030
129157  39.254  34.496  16.913 0.2000000030
128566  40.372  33.724  16.140 0.2000000030
129155  40.354  34.536  16.644 0.2000000030
128004  40.286  33.188  15.421 0.2000000030
128022  40.856  32.897  13.133 0.2000000030
128013  40.430  33.135  14.288 0.2000000030
129165  40.593  34.610  15.591 0.2000000030
129748  40.062  35.215  16.786 0.2000000030
127420  39.958  31.872  12.268 0.2000000030
128111  42.864  33.336  2.730 0.2000000030
128122  40.815  32.453  2.784 0.2000000030
126809  40.151  30.604  17.249 0.2000000030
127388  39.913  31.465  17.197 0.2000000030
127390  38.173  31.806  16.971 0.2000000030
127998  37.945  32.754  15.295 0.2000000030
126825  39.530  30.614  15.120 0.2000000030
126817  40.048  30.608  16.332 0.2000000030
126826  39.222  30.749  14.239 0.2000000030
128556  40.284  33.234  16.758 0.2000000030
129166  38.886  34.678  15.909 0.2000000030
129761  38.125  35.644  14.777 0.2000000030
129749  39.648  35.152  16.704 0.2000000030
129755  38.592  35.570  15.522 0.2000000030
128577  40.641  33.864  14.947 0.2000000030
128033  41.077  32.982  12.198 0.2000000030
128585  40.879  33.844  13.832 0.2000000030
129171  40.860  34.671  14.533 0.2000000030
129760  40.648  35.453  15.199 0.2000000030
128663  41.603  33.834  3.323 0.2000000030
128664  40.402  33.587  3.159 0.2000000030
127980  38.683  32.996  17.871 0.2000000030
127987  40.054  32.785  17.531 0.2000000030
127979  39.721  33.061  18.258 0.2000000030
127988  38.483  32.881  16.940 0.2000000030
128569  38.432  33.440  15.552 0.2000000030
127396  39.681  31.577  15.709 0.2000000030
128568  38.761  33.732  16.317 0.2000000030
128579  38.207  33.762  14.770 0.2000000030
129179  36.688  34.652  13.077 0.2000000030
129144  39.209  34.100  17.584 0.2000000030
129178  37.366  34.721  13.621 0.2000000030
128547  40.084  33.794  18.020 0.2000000030
130285  38.546  36.492  15.911 0.2000000030
130276  40.162  35.720  16.305 0.2000000030
130277  39.724  36.220  16.338 0.2000000030
128662  42.813  33.831  3.013 0.2000000030
129262  41.981  34.744  3.398 0.2000000030
129855  41.455  35.469  3.292 0.2000000030
130283  40.329  36.040  15.834 0.2000000030
129767  40.876  35.564  14.207 0.2000000030
129853  43.455  35.651  3.533 0.2000000030
128592  40.672  34.080  12.352 0.2000000030
129177  40.968  34.640  13.591 0.2000000030
129854  42.387  35.755  3.452 0.2000000030
129263  40.664  34.765  3.240 0.2000000030
130394  40.959  36.575  2.222 0.2000000030
129864  40.379  36.152  2.001 0.2000000030
129865  39.652  35.610  1.730 0.2000000030
130787  39.498  37.162  16.167 0.2000000030
130788  39.009  37.238  16.559 0.2000000030
128074  37.789  32.504  8.931 0.2000000030
128062  38.188  32.617  9.936 0.2000000030
128602  38.490  33.755  11.383 0.2000000030
129194  38.836  34.488  11.981 0.2000000030
129185  39.186  34.996  12.390 0.2000000030
129768  40.604  35.850  13.715 0.2000000030
130292  39.948  37.018  15.274 0.2000000030
131312  39.165  37.968  16.316 0.2000000030
128601  39.346  33.547  11.526 0.2000000030
129184  39.843  34.608  12.450 0.2000000030
129183  40.730  34.690  12.915 0.2000000030
130300  40.586  36.386  14.154 0.2000000030
130381  42.941  36.638  3.449 0.2000000030
129860  41.613  36.139  3.209 0.2000000030
130896  43.145  37.653  3.211 0.2000000030
130912  41.960  37.449  2.512 0.2000000030
129861  40.786  35.881  2.819 0.2000000030
131464  42.887  38.638  2.623 0.2000000030
130911  42.536  38.065  2.455 0.2000000030
129225  39.669  33.915  7.219 0.2000000030
128633  38.893  33.177  7.747 0.2000000030
128634  37.759  33.031  7.818 0.2000000030
128619  37.458  33.037  10.157 0.2000000030
129209  37.377  33.912  10.778 0.2000000030
129788  38.780  35.309  12.334 0.2000000030
129777  40.123  35.512  13.260 0.2000000030
130301  40.224  36.455  13.701 0.2000000030
130886  43.498  37.473  3.871 0.2000000030
131448  43.078  38.330  3.728 0.2000000030
132037  42.652  39.161  2.636 0.2000000030
129234  39.386  34.495  6.612 0.2000000030
128644  37.326  33.639  6.852 0.2000000030
128621  36.021  33.623  9.094 0.2000000030
129216  36.018  34.360  9.734 0.2000000030
129790  37.195  35.505  11.421 0.2000000030
130309  38.876  36.661  12.732 0.2000000030
130818  39.230  37.574  13.053 0.2000000030
131332  39.633  38.545  14.331 0.2000000030
128642  39.253  33.699  7.244 0.2000000030
128626  36.800  32.922  8.604 0.2000000030
129210  36.763  34.361  10.592 0.2000000030
129196  37.009  34.916  11.093 0.2000000030
130310  38.177  36.622  12.264 0.2000000030
130308  39.581  36.539  13.251 0.2000000030
130802  39.942  37.416  14.756 0.2000000030
131319  39.361  38.523  15.505 0.2000000030
130887  42.957  37.884  4.344 0.2000000030
131449  42.406  38.614  3.885 0.2000000030
128643  38.469  33.597  6.997 0.2000000030
128635  36.590  33.457  7.576 0.2000000030
129799  36.669  35.461  10.860 0.1000000015
130820  37.951  37.346  11.851 0.2000000030
130819  38.560  37.637  12.359 0.1000000015
131346  39.494  38.549  13.370 0.2000000030
131873  38.776  39.401  15.673 0.2000000030
130888  41.992  37.929  4.504 0.2000000030
129235  37.985  34.243  6.280 0.2000000030
128636  35.648  33.950  7.346 0.2000000030
129807  35.700  35.406  9.406 0.1000000015
129244  38.476  34.866  5.816 0.2000000030
129236  36.863  34.282  6.162 0.2000000030
130334  35.603  36.393  9.045 0.2000000030
129831  39.721  35.428  5.781 0.2000000030
130877  41.120  37.025  5.018 0.2000000030
130846  36.803  38.114  9.511 0.2000000030
129815  34.768  35.629  8.067 0.2000000030
130847  36.241  37.519  9.150 0.2000000030
129817  34.550  35.714  7.490 0.2000000030
130848  35.607  36.997  8.721 0.2000000030
131412  36.030  38.213  8.244 0.2000000030
131962  38.211  39.533  9.384 0.2000000030
131410  37.357  39.191  8.815 0.2000000030
131411  36.634  38.709  8.537 0.2000000030
131999  37.584  40.047  8.266 0.2000000030
128112  42.383  33.213  2.902 0.2000000030
123490  30.208  25.321  15.572 0.1000000015
126800  40.456  30.060  18.820 0.2000000030
126829  36.300  30.350  14.201 0.2000000030
124207  29.779  26.343  15.341 0.2000000030
127405  36.895  31.219  13.992 0.2000000030
130382  42.132  36.689  3.259 0.2000000030
128075  37.088  32.687  9.268 0.2000000030
129195  37.645  34.432  11.326 0.2000000030
129779  38.609  35.946  12.451 0.2000000030
131463  43.217  38.256  2.954 0.2000000030
130811  39.880  37.474  13.759 0.2000000030
131456  42.794  38.995  3.179 0.2000000030
128627  35.832  33.742  8.242 0.2000000030
130318  36.877  36.209  11.115 0.2000000030
128645  36.305  33.893  6.745 0.2000000030
129220  35.048  34.685  7.934 0.1000000015
130326  36.531  36.457  10.426 0.1000000015
129227  34.642  35.070  7.246 0.2000000030
130333  36.088  36.370  9.687 0.2000000030
130838  36.900  37.676  10.159 0.1000000015
130349  34.892  36.896  7.796 0.2000000030
132499  39.007  40.339  9.327 0.1000000015
126989  42.422  30.344  -5.584 0.1000000015
126361  43.995  29.639  -5.651 0.1000000015
122120  24.648  22.905  6.595 0.1000000015
122119  24.999  23.731  6.103 0.1000000015
120573  24.139  21.137  6.258 0.1000000015
121384  24.275  22.109  5.951 0.1000000015
122129  24.561  22.937  5.487 0.1000000015
127577  38.351  31.310  -3.643 0.1000000015
126953  38.261  30.459  -3.935 0.1000000015
120581  24.061  21.269  5.242 0.1000000015
128187  40.025  32.242  -4.440 0.1000000015
127598  39.414  31.435  -4.306 0.1000000015
127599  38.764  30.700  -4.128 0.1000000015
126971  38.084  30.048  -4.088 0.1000000015
128186  40.909  32.767  -4.348 0.1000000015
126969  39.274  30.222  -4.478 0.1000000015
126970  38.566  30.032  -4.241 0.1000000015
130923  42.411  38.161  1.476 0.1000000015
127597  40.549  31.579  -4.670 0.1000000015
126991  40.884  30.212  -5.047 0.1000000015
130936  42.573  37.939  0.667 0.1000000015
128741  41.322  33.403  -3.996 0.1000000015
128185  42.211  32.646  -4.717 0.1000000015
127596  41.697  31.781  -4.989 0.1000000015
126990  41.484  30.204  -5.290 0.1000000015
130951  42.865  37.790  0.022 0.1000000015
130427  42.502  36.837  -0.701 0.1000000015
129328  42.397  34.462  -3.239 0.1000000015
128722  42.684  33.939  -3.838 0.1000000015
127595  42.491  32.123  -5.125 0.1000000015
127613  42.829  31.458  -5.411 0.1000000015
126362  43.041  29.466  -5.718 0.1000000015
130413  42.883  37.334  -0.420 0.1000000015
129884  43.150  36.256  -1.701 0.1000000015
129903  42.609  35.506  -2.023 0.1000000015
129309  43.026  34.996  -2.677 0.1000000015
128739  42.972  33.297  -4.418 0.1000000015
128184  43.291  32.376  -4.899 0.1000000015
130426  42.949  36.905  -1.117 0.1000000015
129883  43.938  36.216  -2.047 0.1000000015
129902  43.588  35.601  -2.218 0.1000000015
129327  43.345  34.521  -3.334 0.1000000015
128721  43.638  33.883  -3.867 0.1000000015
127612  43.869  31.354  -5.186 0.1000000015
126988  43.448  30.486  -5.564 0.1000000015
129901  44.474  35.790  -2.518 0.1000000015
129307  44.647  34.991  -2.953 0.1000000015
128720  44.482  33.830  -3.881 0.1000000015
128737  44.714  33.145  -4.367 0.1000000015
127593  44.572  32.043  -4.871 0.1000000015
125776  44.321  29.073  -5.799 0.1000000015
125778  42.554  28.424  -5.778 0.1000000015
125777  43.768  28.484  -5.782 0.1000000015
118189  30.064  19.042  8.785 0.1000000015
118952  29.426  19.798  8.688 0.1000000015
118953  28.613  20.272  9.053 0.1000000015
119725  27.754  20.250  9.411 0.1000000015
119726  26.746  19.944  9.485 0.1000000015
121356  26.245  22.534  8.754 0.1000000015
122108  26.033  24.004  7.746 0.1000000015
124317  27.714  26.445  5.470 0.1000000015
123560  26.696  25.052  7.180 0.1000000015
122109  25.327  23.448  7.477 0.1000000015
125727  30.294  28.185  2.400 0.1000000015
125038  29.728  27.840  3.342 0.1000000015
123593  26.933  25.474  5.553 0.1000000015
126320  32.342  29.385  -0.644 0.1000000015
126321  31.720  29.359  -0.129 0.1000000015
125736  30.586  28.065  1.632 0.1000000015
125052  29.797  27.526  2.883 0.1000000015
124330  27.840  26.407  4.838 0.1000000015
123604  27.031  25.422  4.948 0.1000000015
122866  25.695  24.346  5.435 0.1000000015
126943  34.223  29.983  -1.872 0.1000000015
126327  33.698  29.253  -1.594 0.1000000015
125750  31.734  28.366  -0.099 0.1000000015
125070  30.935  27.334  1.219 0.1000000015
124343  28.974  26.327  3.396 0.1000000015
123615  27.750  25.523  3.967 0.1000000015
122128  25.125  23.565  4.969 0.1000000015
127578  37.293  31.528  -3.103 0.1000000015
127579  36.681  30.805  -3.224 0.1000000015
126948  35.472  30.127  -2.757 0.1000000015
125754  33.350  28.446  -1.285 0.1000000015
125069  31.404  27.383  0.659 0.1000000015
124372  30.589  26.467  1.769 0.1000000015
122882  28.132  25.118  3.491 0.1000000015
122883  27.544  25.062  3.806 0.1000000015
122874  25.758  24.112  4.374 0.1000000015
121396  24.106  22.166  4.870 0.1000000015
126955  36.482  30.010  -3.375 0.1000000015
126332  35.413  29.219  -2.718 0.1000000015
125753  34.171  28.265  -1.807 0.1000000015
122136  24.468  22.930  4.396 0.1000000015
128168  38.557  32.273  -3.286 0.1000000015
126337  36.796  29.175  -3.627 0.1000000015
125767  35.977  28.391  -3.017 0.1000000015
130924  41.996  37.742  1.750 0.1000000015
126346  38.078  29.403  -4.336 0.1000000015
131473  42.544  38.584  1.875 0.1000000015
128724  40.683  33.597  -3.642 0.1000000015
126343  40.205  29.765  -4.995 0.1000000015
126345  38.858  29.414  -4.668 0.1000000015
131486  42.591  38.608  0.901 0.1000000015
130402  40.960  36.679  1.490 0.1000000015
130407  41.762  37.290  0.882 0.1000000015
128723  41.758  33.839  -3.673 0.1000000015
126364  40.659  29.484  -5.318 0.1000000015
131499  42.543  38.806  0.093 0.1000000015
131508  43.038  38.422  -0.525 0.1000000015
130935  42.868  38.117  0.112 0.1000000015
130950  43.237  37.956  -0.402 0.1000000015
130406  42.492  37.457  0.205 0.1000000015
130414  42.079  36.919  -0.181 0.1000000015
129329  41.459  34.383  -3.183 0.1000000015
125779  41.363  28.435  -5.795 0.1000000015
126363  41.914  29.407  -5.632 0.1000000015
130964  43.381  37.820  -1.444 0.1000000015
130412  43.359  37.436  -0.967 0.1000000015
129885  41.843  36.137  -1.124 0.1000000015
129904  41.754  35.234  -1.969 0.1000000015
129310  42.087  34.881  -2.588 0.1000000015
130985  43.093  37.651  -2.475 0.1000000015
130984  43.832  37.400  -2.468 0.1000000015
130424  44.262  36.541  -2.210 0.1000000015
131013  43.576  37.245  -3.147 0.1000000015
131011  44.541  36.927  -3.226 0.1000000015
130460  44.668  36.467  -3.462 0.1000000015
129339  45.381  34.421  -4.165 0.1000000015
128719  45.066  33.842  -4.075 0.1000000015
127611  44.650  31.612  -5.235 0.1000000015
126987  44.333  30.599  -5.501 0.1000000015
125109  43.166  27.373  -6.134 0.1000000015
130461  43.964  36.756  -3.572 0.1000000015
130486  44.228  36.346  -4.036 0.1000000015
129953  45.401  35.087  -4.943 0.1000000015
129378  45.364  34.022  -5.564 0.1000000015
128766  45.243  33.370  -5.955 0.1000000015
127621  45.215  31.611  -5.925 0.1000000015
126360  44.721  29.801  -5.823 0.1000000015
125126  44.748  27.253  -6.779 0.1000000015
125128  43.565  26.730  -6.358 0.1000000015
119742  31.173  20.687  7.080 0.1000000015
119743  30.361  21.065  7.352 0.1000000015
119733  29.858  20.481  7.920 0.1000000015
119744  29.643  21.491  7.889 0.1000000015
119734  28.995  20.992  8.584 0.1000000015
120563  31.042  21.610  7.093 0.1000000015
120564  30.307  22.015  7.526 0.1000000015
120554  28.962  22.092  8.386 0.1000000015
119735  28.247  20.931  9.125 0.1000000015
120548  27.600  21.166  9.229 0.1000000015
120549  26.864  20.899  9.327 0.1000000015
121394  33.481  22.380  6.014 0.1000000015
121381  33.167  22.947  6.492 0.1000000015
120555  28.057  21.816  8.885 0.1000000015
120556  27.013  21.822  9.133 0.1000000015
121392  35.112  22.851  5.154 0.1000000015
121380  33.936  23.136  6.195 0.1000000015
121355  27.248  22.754  8.852 0.1000000015
121401  37.360  22.349  4.161 0.1000000015
122125  36.230  23.869  5.228 0.1000000015
122862  36.338  24.436  5.228 0.1000000015
122833  27.733  24.463  8.392 0.1000000015
122834  27.070  24.225  8.266 0.1000000015
122142  37.966  23.191  4.063 0.1000000015
122134  36.754  23.204  4.844 0.1000000015
124285  27.922  26.084  7.276 0.1000000015
125025  29.269  27.730  4.933 0.1000000015
124299  28.232  26.943  6.067 0.1000000015
123576  27.122  25.768  6.388 0.1000000015
126306  30.665  28.685  1.977 0.1000000015
125718  30.081  28.361  3.390 0.1000000015
125039  29.368  27.561  3.801 0.1000000015
126944  33.481  30.237  -1.386 0.1000000015
127567  34.995  30.945  -2.225 0.1000000015
127568  34.576  30.575  -1.916 0.1000000015
126938  33.095  30.651  -1.035 0.1000000015
128169  37.943  31.952  -3.149 0.1000000015
127566  36.148  31.537  -2.531 0.1000000015
125078  31.864  27.390  0.047 0.1000000015
124383  31.537  26.550  0.816 0.1000000015
123623  29.783  25.720  2.478 0.1000000015
122893  28.479  24.714  2.982 0.1000000015
122135  25.062  23.496  3.969 0.1000000015
128155  38.824  32.988  -2.976 0.1000000015
125082  33.533  27.191  -1.167 0.1000000015
124393  32.391  26.450  -0.089 0.1000000015
123636  30.211  25.376  2.102 0.1000000015
122892  29.080  24.869  2.661 0.1000000015
122884  26.452  24.290  3.578 0.1000000015
128167  39.648  32.803  -3.688 0.1000000015
125760  35.440  28.310  -2.652 0.1000000015
125089  34.857  27.277  -2.122 0.1000000015
125077  32.793  27.228  -0.577 0.1000000015
128154  39.280  33.169  -3.207 0.1000000015
126336  37.402  29.104  -4.065 0.1000000015
128703  39.402  33.658  -2.855 0.1000000015
126365  39.985  28.947  -5.372 0.1000000015
125772  37.815  28.471  -4.253 0.1000000015
125765  37.189  28.128  -3.791 0.1000000015
125766  36.407  28.298  -3.373 0.1000000015
132048  42.568  39.106  1.829 0.1000000015
132057  42.367  39.192  0.908 0.1000000015
128702  40.151  33.982  -3.145 0.1000000015
125771  38.591  28.316  -4.751 0.1000000015
132062  42.251  39.201  0.399 0.1000000015
130415  41.385  36.714  0.216 0.1000000015
129311  41.199  34.713  -2.490 0.1000000015
129312  40.248  34.422  -2.444 0.1000000015
125780  40.322  28.354  -5.611 0.1000000015
125781  39.382  28.366  -5.273 0.1000000015
131509  42.730  38.733  -0.893 0.1000000015
129874  41.482  36.502  -0.299 0.1000000015
129290  40.917  35.081  -1.756 0.1000000015
130965  42.501  38.019  -1.709 0.1000000015
131014  42.810  37.216  -3.215 0.1000000015
125110  41.961  27.405  -5.900 0.1000000015
130462  43.219  36.584  -3.659 0.1000000015
129915  43.178  36.280  -3.927 0.1000000015
128226  43.836  32.317  -7.412 0.1000000015
127637  44.190  31.402  -7.101 0.1000000015
127000  44.641  30.485  -6.866 0.1000000015
126391  44.517  29.401  -7.452 0.1000000015
126411  44.273  29.008  -8.190 0.1000000015
125111  40.872  27.361  -5.782 0.1000000015
129954  44.821  35.240  -5.080 0.1000000015
129358  44.480  34.743  -5.688 0.1000000015
129379  44.967  34.151  -6.093 0.1000000015
128767  44.535  33.383  -6.767 0.1000000015
127622  44.855  31.485  -6.518 0.1000000015
126999  45.209  30.659  -6.239 0.1000000015
126380  44.826  29.597  -6.470 0.1000000015
125792  44.763  28.343  -7.007 0.1000000015
129956  42.963  35.243  -5.080 0.1000000015
129359  43.568  34.747  -5.816 0.1000000015
129380  44.160  34.358  -6.599 0.1000000015
125140  44.867  27.254  -7.463 0.1000000015
124465  42.133  26.042  -6.319 0.1000000015
124448  41.444  26.179  -5.976 0.1000000015
124462  44.639  26.134  -6.724 0.1000000015
124463  43.873  26.137  -6.547 0.1000000015
123724  43.373  25.227  -6.590 0.1000000015
123000  43.979  24.561  -6.803 0.1000000015
120572  31.652  22.062  6.703 0.1000000015
121383  31.774  22.617  6.923 0.1000000015
121367  31.123  22.705  7.340 0.1000000015
121368  30.226  22.841  7.883 0.1000000015
120565  29.682  22.384  8.044 0.1000000015
121369  29.730  22.930  8.153 0.1000000015
122115  34.182  24.121  6.310 0.1000000015
122116  33.369  23.874  6.526 0.1000000015
122117  32.626  23.550  6.827 0.1000000015
122104  32.118  24.112  7.245 0.1000000015
122845  31.618  24.725  7.400 0.1000000015
122106  30.505  23.669  7.744 0.1000000015
122107  29.753  23.503  8.091 0.1000000015
122095  29.109  23.984  8.282 0.1000000015
122096  28.385  23.750  8.488 0.1000000015
121354  28.220  22.849  8.595 0.1000000015
122126  35.464  23.734  5.449 0.1000000015
122864  34.991  24.727  6.006 0.1000000015
122856  32.693  24.718  6.837 0.1000000015
123575  32.628  25.531  6.933 0.1000000015
124283  29.737  26.404  7.457 0.1000000015
122831  29.051  24.533  8.187 0.1000000015
122871  36.891  24.404  4.962 0.1000000015
123589  36.323  24.926  5.211 0.1000000015
123590  35.796  25.633  5.410 0.1000000015
123557  29.235  25.675  7.732 0.1000000015
123558  28.305  25.710  7.697 0.1000000015
123600  36.595  25.577  4.828 0.1000000015
126275  31.389  29.273  4.184 0.1000000015
125694  30.339  28.117  5.575 0.1000000015
125012  29.590  27.682  5.777 0.1000000015
124284  28.628  26.578  7.172 0.1000000015
126285  31.659  29.775  3.592 0.1000000015
125709  30.613  28.730  4.521 0.1000000015
125695  29.724  27.970  5.260 0.1000000015
125013  28.779  27.367  5.483 0.1000000015
126923  32.590  30.862  1.297 0.1000000015
126924  31.774  30.121  1.607 0.1000000015
126297  30.654  28.964  2.686 0.1000000015
127554  33.989  31.652  -0.874 0.1000000015
127550  32.876  31.314  0.383 0.1000000015
126940  32.012  30.195  -0.030 0.1000000015
126313  31.307  29.397  0.942 0.1000000015
128150  35.366  32.329  -1.336 0.1000000015
127560  35.154  31.757  -1.896 0.1000000015
127561  34.238  31.177  -1.436 0.1000000015
128705  38.084  33.163  -1.906 0.1000000015
128148  37.289  32.772  -1.733 0.1000000015
127559  35.787  32.129  -1.852 0.1000000015
129293  38.482  34.260  -1.127 0.1000000015
128694  37.571  33.212  -1.461 0.1000000015
128156  37.686  32.543  -2.373 0.1000000015
128693  38.445  33.665  -1.581 0.1000000015
128704  38.615  33.253  -2.242 0.1000000015
125081  34.221  27.254  -1.678 0.1000000015
129871  38.914  35.111  0.588 0.1000000015
129285  38.875  34.776  -0.799 0.1000000015
129292  39.121  34.353  -1.481 0.1000000015
125088  35.691  27.147  -2.630 0.1000000015
124408  34.892  26.405  -1.979 0.1000000015
129313  39.565  34.175  -2.064 0.1000000015
125087  36.121  27.043  -3.006 0.1000000015
132038  42.214  39.451  2.344 0.1000000015
132049  42.127  39.526  1.529 0.1000000015
129869  40.343  36.171  1.113 0.1000000015
129870  39.681  35.618  0.742 0.1000000015
129876  39.546  35.251  -0.229 0.1000000015
129291  39.974  34.713  -1.618 0.1000000015
125100  37.984  27.382  -4.057 0.1000000015
125093  37.317  27.269  -3.686 0.1000000015
132059  41.434  39.473  0.923 0.1000000015
130408  41.003  36.609  0.737 0.1000000015
129886  40.438  35.333  -0.944 0.1000000015
124451  39.063  26.520  -4.958 0.1000000015
125113  38.979  27.364  -5.095 0.1000000015
131487  41.825  39.285  0.361 0.1000000015
131500  42.002  39.035  -0.115 0.1000000015
129875  40.681  36.082  0.003 0.1000000015
125112  39.867  27.387  -5.544 0.1000000015
128239  42.849  32.498  -8.674 0.1000000015
127655  43.205  31.567  -8.753 0.1000000015
127031  42.957  30.619  -9.183 0.1000000015
127032  42.163  30.388  -9.222 0.1000000015
124450  39.567  26.517  -5.257 0.1000000015
128788  42.852  34.006  -8.139 0.1000000015
128787  43.555  33.415  -7.700 0.1000000015
128227  43.349  32.372  -8.118 0.1000000015
127009  44.123  30.489  -7.642 0.1000000015
127010  43.629  30.543  -8.415 0.1000000015
126412  43.577  29.415  -8.621 0.1000000015
123713  40.018  25.749  -5.143 0.1000000015
130488  41.737  35.873  -4.004 0.1000000015
129933  42.300  35.742  -4.311 0.1000000015
129360  42.574  34.615  -5.882 0.1000000015
129381  43.168  34.438  -6.665 0.1000000015
129397  42.806  34.339  -7.600 0.1000000015
128768  44.016  33.853  -7.095 0.1000000015
125799  44.044  28.232  -8.454 0.1000000015
123711  41.325  25.433  -6.024 0.1000000015
125144  43.667  27.238  -8.585 0.1000000015
125143  44.466  27.225  -8.138 0.1000000015
123725  41.969  25.085  -6.287 0.1000000015
123014  44.736  24.928  -7.188 0.1000000015
123001  42.995  24.137  -6.534 0.1000000015
123003  41.328  23.639  -5.767 0.1000000015
124492  44.128  26.209  -8.283 0.1000000015
123015  44.411  24.347  -7.277 0.1000000015
123002  41.928  23.544  -5.973 0.1000000015
123554  32.083  25.517  7.246 0.1000000015
122846  30.771  24.635  7.629 0.1000000015
122847  29.693  24.572  7.943 0.1000000015
123591  34.976  25.891  5.935 0.1000000015
124295  33.964  26.398  6.213 0.1000000015
124297  32.526  26.289  6.933 0.1000000015
124280  32.056  26.179  7.207 0.1000000015
124282  30.671  26.317  7.450 0.1000000015
123556  30.219  25.531  7.656 0.1000000015
125023  35.614  27.385  4.748 0.1000000015
124313  35.254  26.664  5.410 0.1000000015
125008  34.746  27.352  5.370 0.1000000015
125690  34.094  28.152  5.215 0.1000000015
125009  33.658  27.339  5.966 0.1000000015
124995  32.809  27.186  6.429 0.1000000015
124298  31.978  26.500  7.116 0.1000000015
124996  31.699  27.068  6.841 0.1000000015
124988  30.241  27.011  7.176 0.1000000015
124326  37.132  26.148  4.258 0.1000000015
124342  36.868  26.793  4.068 0.1000000015
124328  35.866  26.504  5.033 0.1000000015
125037  35.816  28.220  4.134 0.1000000015
125024  34.842  28.039  4.895 0.1000000015
125705  34.405  28.789  4.484 0.1000000015
126272  33.862  29.303  4.250 0.1000000015
125706  33.545  28.853  4.785 0.1000000015
125692  32.289  28.443  5.514 0.1000000015
125677  32.013  27.862  6.130 0.1000000015
125678  31.096  27.896  6.237 0.1000000015
125036  36.504  27.507  3.936 0.1000000015
125715  36.215  28.773  3.484 0.1000000015
126281  35.592  29.672  3.362 0.1000000015
126282  34.483  29.469  3.839 0.1000000015
126283  33.461  29.893  3.808 0.1000000015
126284  32.558  29.944  3.765 0.1000000015
126274  32.165  29.465  4.315 0.1000000015
125714  36.955  28.160  3.251 0.1000000015
125726  36.764  28.807  3.111 0.1000000015
126280  36.135  29.353  3.284 0.1000000015
126295  35.896  30.203  3.026 0.1000000015
126910  35.238  30.736  2.890 0.1000000015
126911  34.282  30.921  2.841 0.1000000015
127524  33.994  31.295  2.366 0.1000000015
126922  33.215  31.266  1.628 0.1000000015
126900  32.100  30.247  3.113 0.1000000015
126293  37.663  29.630  2.549 0.1000000015
126908  36.996  30.567  2.504 0.1000000015
126909  36.082  30.703  2.680 0.1000000015
127522  35.461  31.703  2.322 0.1000000015
127536  35.208  32.158  1.992 0.1000000015
127548  34.245  32.217  1.128 0.1000000015
127549  33.591  31.935  0.535 0.1000000015
128126  36.757  32.401  2.422 0.1000000015
128134  35.466  32.622  1.771 0.1000000015
128680  35.689  33.115  1.235 0.1000000015
128139  34.508  32.493  0.316 0.1000000015
128145  34.496  32.133  -0.782 0.1000000015
128140  33.868  32.120  -0.279 0.1000000015
127518  39.420  31.411  2.233 0.1000000015
127519  38.344  31.490  2.394 0.1000000015
128675  37.183  33.242  2.181 0.1000000015
128678  36.976  33.538  1.761 0.1000000015
129282  36.878  33.926  1.234 0.1000000015
128682  37.078  33.933  0.053 0.1000000015
128689  36.528  33.420  -0.469 0.1000000015
127517  40.466  31.589  2.240 0.1000000015
128123  39.779  32.341  2.676 0.1000000015
128124  38.770  32.391  2.577 0.1000000015
128674  38.149  33.242  2.555 0.1000000015
129277  37.448  33.951  1.725 0.1000000015
129281  37.359  34.339  0.793 0.1000000015
128688  37.419  33.785  -0.639 0.1000000015
128149  36.555  32.671  -1.461 0.1000000015
128672  40.044  32.949  2.889 0.1000000015
128673  39.304  33.434  2.756 0.1000000015
129272  38.383  34.037  2.315 0.1000000015
129286  38.181  34.365  -0.482 0.1000000015
129264  39.999  34.317  3.078 0.1000000015
129271  39.477  34.748  2.528 0.1000000015
129276  38.454  34.716  1.456 0.1000000015
129280  38.178  34.656  0.379 0.1000000015
129877  38.720  34.860  -0.118 0.1000000015
124407  35.424  26.304  -2.201 0.1000000015
123680  35.000  25.794  -1.907 0.1000000015
129862  40.058  35.559  2.407 0.1000000015
129275  39.128  35.132  1.777 0.1000000015
124420  36.823  26.366  -3.221 0.1000000015
124419  37.458  26.393  -3.515 0.1000000015
132039  41.756  39.500  1.954 0.1000000015
124418  38.191  25.719  -3.730 0.1000000015
124432  39.355  25.854  -4.762 0.1000000015
123691  37.578  24.965  -3.172 0.1000000015
131510  41.841  38.547  -1.105 0.1000000015
128814  42.087  33.548  -9.427 0.1000000015
127668  42.358  31.824  -9.532 0.1000000015
127054  42.268  31.101  -9.492 0.1000000015
123690  38.261  24.947  -3.616 0.1000000015
130444  41.236  36.692  -3.114 0.1000000015
129410  42.258  34.637  -8.517 0.1000000015
129424  42.283  34.405  -9.211 0.1000000015
128816  40.413  33.674  -10.177 0.1000000015
128250  40.568  32.939  -9.775 0.1000000015
127670  40.866  32.295  -9.618 0.1000000015
127055  41.841  30.954  -9.455 0.1000000015
123703  38.837  24.952  -4.206 0.1000000015
122964  38.170  24.187  -3.718 0.1000000015
129957  41.904  35.101  -5.228 0.1000000015
129361  41.708  34.667  -6.079 0.1000000015
129398  41.627  34.781  -7.848 0.1000000015
129999  41.681  35.620  -8.849 0.1000000015
129425  41.690  34.385  -9.561 0.1000000015
127658  40.918  31.644  -9.093 0.1000000015
122979  39.450  23.975  -4.567 0.1000000015
129399  40.962  35.012  -7.475 0.1000000015
129987  41.424  35.385  -8.408 0.1000000015
122978  40.195  24.266  -5.074 0.1000000015
125800  43.153  28.335  -8.714 0.1000000015
125145  42.631  27.282  -8.728 0.1000000015
124493  43.167  26.202  -8.690 0.1000000015
123757  43.587  25.218  -8.249 0.1000000015
122249  41.194  22.911  -5.896 0.1000000015
123025  43.877  24.314  -7.849 0.1000000015
122269  43.951  23.453  -7.330 0.1000000015
122281  43.323  23.356  -7.822 0.1000000015
121488  42.701  22.714  -6.870 0.1000000015
131450  41.372  38.409  3.858 0.1000000015
131458  40.491  38.510  3.204 0.1000000015
123692  36.988  25.776  -3.069 0.1000000015
131466  41.011  39.158  2.075 0.1000000015
123678  36.782  24.989  -2.689 0.1000000015
122954  36.390  24.090  -2.537 0.1000000015
130966  41.498  37.769  -1.789 0.1000000015
130986  42.054  37.308  -2.616 0.1000000015
130573  40.212  36.080  -10.295 0.1000000015
130014  40.603  35.337  -10.104 0.1000000015
129437  40.253  34.560  -10.444 0.1000000015
128817  39.680  33.748  -10.065 0.1000000015
128805  39.154  33.764  -8.669 0.1000000015
128242  39.799  32.814  -8.573 0.1000000015
129934  41.145  35.613  -4.466 0.1000000015
129988  40.777  35.539  -8.071 0.1000000015
130538  41.199  36.563  -8.821 0.1000000015
130552  41.282  36.373  -9.223 0.1000000015
130013  41.433  35.330  -9.510 0.1000000015
127659  40.098  31.776  -8.293 0.1000000015
122980  38.679  23.628  -4.176 0.1000000015
129958  40.808  34.978  -5.747 0.1000000015
127033  41.396  30.788  -9.056 0.1000000015
125801  42.139  28.413  -8.691 0.1000000015
126414  41.768  29.597  -8.654 0.1000000015
121482  38.602  22.937  -4.422 0.1000000015
121466  38.040  22.653  -4.089 0.1000000015
122991  39.761  23.433  -5.175 0.1000000015
125146  41.528  27.313  -8.793 0.1000000015
125802  40.966  28.496  -8.282 0.1000000015
126415  40.920  29.859  -8.314 0.1000000015
122251  39.092  22.950  -5.346 0.1000000015
122250  40.243  22.988  -5.836 0.1000000015
122260  41.875  22.695  -6.448 0.1000000015
124494  41.974  26.199  -8.829 0.1000000015
123758  42.592  25.193  -8.637 0.1000000015
131451  40.753  38.141  3.795 0.1000000015
131488  41.230  39.106  0.430 0.1000000015
122955  35.614  23.801  -2.198 0.1000000015
131501  41.154  38.587  -0.467 0.1000000015
131511  40.951  38.074  -1.189 0.1000000015
122220  35.105  23.421  -2.681 0.1000000015
130001  38.329  35.594  -9.074 0.1000000015
129414  38.315  35.067  -8.582 0.1000000015
129400  38.576  34.204  -8.317 0.1000000015
128791  38.088  33.463  -7.430 0.1000000015
122965  37.509  23.773  -3.400 0.1000000015
122966  36.830  23.521  -3.146 0.1000000015
130445  40.258  36.452  -3.136 0.1000000015
129439  38.994  35.114  -10.240 0.1000000015
129428  39.006  34.704  -9.858 0.1000000015
129413  38.810  34.429  -8.970 0.1000000015
128790  38.771  33.636  -8.086 0.1000000015
128228  39.318  32.540  -7.900 0.1000000015
122230  36.612  23.203  -3.789 0.1000000015
122231  35.516  23.636  -3.447 0.1000000015
129935  40.016  35.346  -4.898 0.1000000015
131089  41.216  36.996  -8.954 0.1000000015
131111  40.386  36.736  -9.940 0.1000000015
122229  37.333  22.972  -3.634 0.1000000015
129975  40.304  35.163  -7.025 0.1000000015
131070  41.062  37.021  -8.768 0.1000000015
121468  37.227  22.637  -4.032 0.1000000015
122243  36.110  23.396  -3.988 0.1000000015
130528  40.402  36.489  -8.161 0.1000000015
121475  37.610  22.621  -4.457 0.1000000015
122241  37.151  22.788  -4.715 0.1000000015
122242  36.583  23.210  -4.424 0.1000000015
122254  36.943  23.111  -4.810 0.1000000015
122995  36.274  23.924  -4.593 0.1000000015
121484  37.697  22.803  -4.927 0.1000000015
123715  37.218  24.656  -5.464 0.1000000015
123716  36.101  24.637  -4.888 0.1000000015
124495  41.110  26.487  -9.126 0.1000000015
122263  38.909  23.297  -5.918 0.1000000015
122992  38.215  23.840  -5.748 0.1000000015
121503  42.393  22.592  -8.055 0.1000000015
122261  40.920  22.465  -6.735 0.1000000015
122262  39.696  23.328  -6.532 0.1000000015
131474  41.029  39.325  1.161 0.1000000015
129918  40.487  35.629  -4.211 0.1000000015
130540  38.249  36.134  -9.604 0.1000000015
129384  37.398  34.769  -7.028 0.1000000015
130464  40.876  36.042  -3.808 0.1000000015
131091  40.099  37.359  -9.873 0.1000000015
131113  39.125  36.471  -10.432 0.1000000015
129959  39.783  35.429  -6.008 0.1000000015
131626  40.493  37.908  -9.445 0.1000000015
129989  40.090  35.924  -7.634 0.1000000015
122983  34.909  24.228  -3.825 0.1000000015
126393  40.368  29.599  -8.005 0.1000000015
127035  40.142  30.939  -8.114 0.1000000015
123705  35.203  24.687  -4.453 0.1000000015
123717  35.372  25.380  -5.026 0.1000000015
124452  36.644  25.405  -5.579 0.1000000015
123027  42.044  24.250  -8.664 0.1000000015
121496  41.590  22.331  -7.558 0.1000000015
123006  38.182  24.139  -5.860 0.1000000015
121513  41.807  22.879  -8.606 0.1000000015
122271  40.961  22.449  -7.506 0.1000000015
122272  40.424  23.080  -7.757 0.1000000015
131475  40.079  38.669  1.010 0.1000000015
131502  40.415  38.195  -0.801 0.1000000015
131512  40.162  37.855  -1.315 0.1000000015
130987  40.900  37.109  -2.465 0.1000000015
130465  39.571  35.771  -4.018 0.1000000015
130490  39.344  35.644  -4.834 0.1000000015
129960  39.017  35.903  -6.079 0.1000000015
130554  38.465  36.331  -10.199 0.1000000015
130542  37.045  36.861  -8.572 0.1000000015
130531  37.423  36.351  -8.251 0.1000000015
130529  39.780  36.695  -7.670 0.1000000015
131606  40.948  37.922  -9.148 0.1000000015
131628  38.601  38.050  -9.638 0.1000000015
129990  37.406  35.648  -7.534 0.1000000015
131072  40.268  38.136  -8.348 0.1000000015
124435  34.621  25.717  -4.747 0.1000000015
124454  35.075  26.141  -5.545 0.1000000015
124436  33.587  26.259  -4.565 0.1000000015
124455  34.129  26.619  -5.538 0.1000000015
124501  41.209  25.800  -9.241 0.1000000015
123005  38.648  23.993  -6.306 0.1000000015
123741  38.431  24.692  -6.800 0.1000000015
123771  41.614  25.125  -8.979 0.1000000015
123004  39.311  23.964  -6.936 0.1000000015
123729  37.285  25.481  -6.199 0.1000000015
124466  36.473  26.059  -6.245 0.1000000015
123016  39.512  23.791  -7.626 0.1000000015
123017  38.947  24.405  -7.358 0.1000000015
123759  38.362  24.871  -7.637 0.1000000015
131467  39.671  38.351  2.226 0.1000000015
131489  40.295  38.425  -0.107 0.1000000015
130952  39.505  37.876  -0.914 0.1000000015
130989  38.546  36.840  -2.649 0.1000000015
131015  38.190  36.690  -3.328 0.1000000015
130446  39.148  36.404  -3.180 0.1000000015
130466  38.323  36.468  -3.939 0.1000000015
130988  39.807  36.870  -2.433 0.1000000015
130491  38.612  36.048  -5.122 0.1000000015
131093  37.749  37.272  -9.870 0.1000000015
131058  39.892  37.694  -7.895 0.1000000015
131627  39.685  38.029  -9.594 0.1000000015
131607  40.328  38.569  -8.863 0.1000000015
125115  32.573  27.271  -5.311 0.1000000015
123044  41.289  24.216  -9.304 0.1000000015
122291  41.578  23.444  -8.933 0.1000000015
124482  36.057  26.364  -6.963 0.1000000015
121505  40.560  22.785  -8.684 0.1000000015
123743  36.881  25.891  -7.260 0.1000000015
123028  39.613  23.449  -8.368 0.1000000015
123029  38.569  24.120  -8.673 0.1000000015
130890  39.916  37.166  4.061 0.1000000015
131459  39.693  38.256  2.971 0.1000000015
130925  39.129  38.008  0.807 0.1000000015
130969  38.492  37.300  -1.642 0.1000000015
130509  38.124  36.826  -5.610 0.1000000015
131048  38.502  37.612  -6.604 0.1000000015
131073  37.264  37.025  -9.590 0.1000000015
131590  39.514  38.312  -7.519 0.1000000015
131589  39.961  38.803  -7.801 0.1000000015
125129  33.525  26.935  -5.871 0.1000000015
124468  34.676  26.533  -6.448 0.1000000015
125130  32.981  27.145  -6.035 0.1000000015
125147  40.251  26.986  -8.950 0.1000000015
124502  40.473  26.040  -9.549 0.1000000015
123772  40.831  25.095  -9.628 0.1000000015
123760  37.640  25.264  -8.091 0.1000000015
123761  36.473  25.468  -8.302 0.1000000015
124484  34.266  26.414  -7.509 0.1000000015
122292  40.884  23.379  -9.535 0.1000000015
121529  40.384  22.732  -9.731 0.1000000015
122284  39.231  22.989  -8.918 0.1000000015
123046  38.004  23.356  -9.251 0.1000000015
121515  39.874  22.216  -9.625 0.1000000015
121516  38.965  22.190  -9.533 0.1000000015
130899  40.390  37.964  3.689 0.1000000015
131468  39.015  37.953  1.824 0.1000000015
131476  39.276  38.148  1.435 0.1000000015
130953  38.465  37.514  -0.704 0.1000000015
130970  37.473  37.324  -1.489 0.1000000015
131017  36.736  37.709  -3.260 0.1000000015
131040  37.834  37.571  -5.689 0.1000000015
131579  39.074  38.836  -6.884 0.1000000015
132145  39.548  39.406  -8.132 0.1000000015
132163  39.574  38.988  -8.796 0.1000000015
124469  33.665  26.897  -6.630 0.1000000015
125131  32.080  27.167  -6.136 0.1000000015
125803  39.710  28.034  -8.302 0.1000000015
123744  35.843  25.984  -7.681 0.1000000015
124485  33.177  26.402  -7.706 0.1000000015
123777  40.244  24.815  -10.078 0.1000000015
123030  37.057  24.575  -8.831 0.1000000015
124496  33.660  26.190  -8.026 0.1000000015
125156  39.949  26.378  -9.592 0.1000000015
123773  40.172  25.432  -9.984 0.1000000015
122307  40.253  23.278  -10.090 0.1000000015
122293  38.399  22.880  -9.280 0.1000000015
123047  37.369  23.604  -9.271 0.1000000015
123048  36.288  23.739  -9.188 0.1000000015
124503  39.724  25.996  -10.133 0.1000000015
123778  39.762  25.177  -10.581 0.1000000015
121517  37.929  21.971  -9.534 0.1000000015
122295  36.639  22.788  -9.487 0.1000000015
123059  39.921  24.160  -10.294 0.1000000015
121530  39.847  22.317  -10.300 0.1000000015
120682  39.447  21.674  -10.102 0.1000000015
120671  39.148  21.654  -9.907 0.1000000015
121223  29.323  22.673  20.912 0.1000000015
122786  27.790  24.992  16.661 0.1000000015
122047  27.751  24.281  16.947 0.1000000015
123477  28.088  25.167  16.103 0.1000000015
130941  36.373  37.337  0.542 0.1000000015
130956  35.604  37.807  -0.259 0.1000000015
130939  38.412  37.593  0.228 0.1000000015
130955  36.529  37.428  -0.391 0.1000000015
130972  35.867  37.813  -1.173 0.1000000015
130991  36.438  37.735  -2.284 0.1000000015
130992  36.111  37.810  -1.751 0.1000000015
131571  37.914  38.817  -5.729 0.1000000015
131033  37.229  37.699  -4.707 0.1000000015
131034  36.925  37.676  -3.932 0.1000000015
132133  40.131  39.727  -7.426 0.1000000015
132134  40.040  39.705  -6.785 0.1000000015
131578  39.914  39.305  -7.235 0.1000000015
132164  38.804  39.112  -8.842 0.1000000015
131094  37.106  37.869  -9.765 0.1000000015
126394  39.727  29.644  -7.859 0.1000000015
124471  31.557  26.909  -6.982 0.1000000015
124486  32.094  26.390  -7.696 0.1000000015
126397  36.711  29.576  -8.154 0.1000000015
127036  35.671  29.856  -8.939 0.1000000015
123763  34.300  25.763  -8.340 0.1000000015
123764  33.197  25.811  -8.213 0.1000000015
125148  38.940  27.182  -8.970 0.1000000015
125157  39.324  26.518  -9.668 0.1000000015
125806  36.951  28.821  -9.353 0.1000000015
123031  35.868  24.663  -8.765 0.1000000015
123032  34.787  24.830  -8.866 0.1000000015
125817  37.257  28.453  -9.876 0.1000000015
122296  35.608  22.853  -9.422 0.1000000015
122308  39.613  23.246  -10.595 0.1000000015
121544  39.192  22.312  -10.868 0.1000000015
120672  38.222  21.371  -9.987 0.1000000015
121518  36.998  21.929  -9.560 0.1000000015
120674  36.481  21.254  -9.808 0.1000000015
120683  38.594  21.398  -10.261 0.1000000015
121208  29.774  22.778  21.660 0.1000000015
123450  28.907  25.550  19.926 0.1000000015
122016  29.284  23.316  20.486 0.1000000015
122760  28.656  24.619  19.498 0.1000000015
121224  28.968  22.711  20.245 0.1000000015
127392  30.848  31.924  16.350 0.1000000015
124175  28.129  26.426  18.804 0.1000000015
123458  27.872  25.591  18.494 0.1000000015
121240  28.638  22.722  19.578 0.1000000015
123459  27.651  25.623  17.740 0.1000000015
122033  28.369  23.650  18.994 0.1000000015
122043  27.719  24.088  17.641 0.1000000015
124869  27.640  27.083  17.631 0.1000000015
123466  27.568  25.660  17.011 0.1000000015
124899  27.935  27.727  16.237 0.1000000015
123478  27.755  25.730  16.351 0.1000000015
125568  28.695  28.421  15.506 0.1000000015
124208  28.756  26.480  15.437 0.1000000015
123492  28.385  25.656  15.703 0.1000000015
124917  30.384  27.119  15.275 0.1000000015
130904  34.049  37.439  2.934 0.1000000015
130891  33.644  37.888  3.710 0.1000000015
131460  33.632  38.604  3.329 0.1000000015
130901  37.998  37.207  3.173 0.1000000015
130928  36.186  37.179  1.498 0.1000000015
130917  34.815  37.161  2.285 0.1000000015
130930  34.287  37.732  1.680 0.1000000015
131469  33.701  38.495  2.711 0.1000000015
130913  39.337  38.039  2.773 0.1000000015
130914  38.564  37.692  2.329 0.1000000015
131491  34.225  38.561  0.969 0.1000000015
131477  33.822  38.441  1.797 0.1000000015
130926  38.476  37.697  1.226 0.1000000015
130927  37.377  37.347  1.413 0.1000000015
131503  34.772  38.546  0.021 0.1000000015
131504  34.385  39.078  0.398 0.1000000015
131535  35.747  38.507  -2.133 0.1000000015
132064  34.995  39.337  -0.693 0.1000000015
132065  34.693  39.652  0.020 0.1000000015
131564  37.169  38.810  -4.773 0.1000000015
131555  36.076  38.532  -3.081 0.1000000015
132100  35.974  39.775  -2.628 0.1000000015
132127  38.697  39.976  -5.622 0.1000000015
132119  37.568  39.795  -4.725 0.1000000015
132668  40.167  40.519  -6.861 0.1000000015
131609  38.349  38.716  -9.348 0.1000000015
131629  37.572  38.362  -9.649 0.1000000015
132685  39.824  40.359  -7.519 0.1000000015
132146  38.345  39.577  -8.381 0.1000000015
131060  36.668  37.179  -8.402 0.1000000015
128753  34.562  33.401  -5.033 0.1000000015
127012  39.469  30.750  -7.724 0.1000000015
127013  38.192  30.549  -7.534 0.1000000015
123765  32.121  25.711  -8.263 0.1000000015
127015  35.879  30.057  -8.044 0.1000000015
125804  38.528  28.237  -8.391 0.1000000015
125149  37.968  27.625  -9.330 0.1000000015
125830  37.395  28.836  -10.939 0.1000000015
123033  33.727  24.956  -8.897 0.1000000015
123050  34.194  23.999  -9.290 0.1000000015
125158  38.374  27.063  -10.293 0.1000000015
125170  37.756  27.819  -11.140 0.1000000015
124509  38.682  26.598  -11.050 0.1000000015
122316  38.940  23.314  -11.068 0.1000000015
121545  38.412  22.334  -11.214 0.1000000015
122297  34.594  22.996  -9.486 0.1000000015
124504  39.062  26.387  -10.440 0.1000000015
124508  39.299  25.992  -10.900 0.1000000015
123060  39.340  24.291  -10.840 0.1000000015
119871  37.596  21.107  -10.193 0.1000000015
119873  36.080  20.802  -10.118 0.1000000015
122024  29.392  23.950  20.449 0.1000000015
126804  29.400  30.753  17.953 0.1000000015
127384  30.008  31.259  17.664 0.1000000015
126805  28.857  30.188  17.560 0.1000000015
126165  28.585  29.408  18.326 0.1000000015
126152  28.578  28.884  19.009 0.1000000015
124868  27.947  27.214  18.351 0.1000000015
122767  28.097  24.715  18.806 0.1000000015
127393  30.166  31.339  16.687 0.1000000015
126813  28.858  30.105  16.598 0.1000000015
125535  28.065  28.523  17.554 0.1000000015
122768  27.747  24.833  18.088 0.1000000015
126822  28.881  29.764  15.930 0.1000000015
126192  28.541  29.123  15.822 0.1000000015
125550  28.119  28.428  16.403 0.1000000015
126831  29.656  29.823  14.903 0.1000000015
126191  29.108  29.378  15.298 0.1000000015
126838  31.531  30.188  13.162 0.1000000015
126202  30.093  29.339  14.495 0.1000000015
125567  29.330  28.543  15.017 0.1000000015
124938  29.654  28.154  14.937 0.1000000015
126227  32.315  29.927  12.841 0.1000000015
126214  31.732  29.544  13.448 0.1000000015
125583  30.682  28.469  14.467 0.1000000015
124937  30.112  27.897  14.852 0.1000000015
126848  33.716  30.494  12.217 0.1000000015
124936  30.866  27.700  15.047 0.1000000015
126846  35.410  30.619  12.776 0.1000000015
130360  34.072  36.526  5.393 0.1000000015
130878  33.707  37.582  5.239 0.1000000015
131433  34.488  38.573  6.268 0.1000000015
130386  36.372  36.256  3.659 0.1000000015
129856  35.737  35.802  4.108 0.1000000015
130374  34.454  36.294  4.376 0.1000000015
130361  33.775  36.981  4.674 0.1000000015
131432  35.077  38.604  6.832 0.1000000015
130384  38.578  36.787  3.794 0.1000000015
130385  37.498  36.571  3.693 0.1000000015
130395  35.754  36.561  3.203 0.1000000015
130396  35.069  36.724  2.945 0.1000000015
130375  33.877  37.155  3.982 0.1000000015
131443  33.659  38.411  4.827 0.1000000015
132018  33.922  39.024  5.081 0.1000000015
132017  34.467  39.462  5.614 0.1000000015
130369  39.936  36.589  4.523 0.1000000015
130902  36.807  36.960  3.187 0.1000000015
130916  35.888  36.924  2.513 0.1000000015
132024  33.704  39.131  4.459 0.1000000015
132559  34.484  40.103  4.941 0.1000000015
132041  33.719  39.399  2.748 0.1000000015
132570  33.785  39.768  3.260 0.1000000015
132565  34.237  40.069  4.390 0.1000000015
132584  34.395  40.208  1.404 0.1000000015
132575  34.141  40.266  2.477 0.1000000015
132078  35.426  39.502  -1.528 0.1000000015
132587  34.703  40.228  0.581 0.1000000015
132111  37.319  40.122  -4.168 0.1000000015
132112  36.661  39.798  -3.678 0.1000000015
132611  35.839  40.366  -1.755 0.1000000015
132641  37.114  40.593  -3.508 0.1000000015
132658  39.595  40.556  -5.760 0.1000000015
132686  38.848  40.189  -7.748 0.1000000015
132147  37.703  39.662  -8.587 0.1000000015
131630  36.787  38.399  -9.499 0.1000000015
131075  36.056  37.910  -8.823 0.1000000015
129364  35.028  33.853  -5.164 0.1000000015
129341  34.752  34.397  -4.804 0.1000000015
128211  36.992  32.755  -6.658 0.1000000015
128771  35.999  33.021  -5.928 0.1000000015
127625  35.877  31.611  -6.577 0.1000000015
128229  38.422  32.629  -7.379 0.1000000015
127640  38.791  31.634  -7.425 0.1000000015
127642  36.425  30.960  -7.042 0.1000000015
127014  37.054  30.318  -7.501 0.1000000015
124516  38.233  26.742  -11.624 0.1000000015
123781  38.364  25.643  -11.525 0.1000000015
123063  38.699  24.428  -11.330 0.1000000015
122317  38.198  23.384  -11.428 0.1000000015
120701  37.705  21.514  -11.163 0.1000000015
123798  37.840  26.547  -11.853 0.1000000015
128551  31.834  33.312  17.292 0.1000000015
127983  31.118  31.961  18.226 0.1000000015
127370  30.597  31.320  18.584 0.1000000015
126793  29.630  30.521  18.793 0.1000000015
128570  30.306  33.007  15.764 0.1000000015
127990  31.534  32.735  16.890 0.1000000015
127383  30.820  31.839  17.453 0.1000000015
127371  29.865  31.037  18.270 0.1000000015
128009  28.816  32.338  14.764 0.1000000015
127999  30.649  32.422  15.706 0.1000000015
127398  30.210  31.400  15.394 0.1000000015
127399  30.241  31.357  16.007 0.1000000015
128042  29.101  32.681  12.071 0.1000000015
127416  28.757  31.796  13.342 0.1000000015
127407  29.515  31.715  14.296 0.1000000015
126820  30.085  30.833  15.245 0.1000000015
129201  31.193  34.457  11.301 0.1000000015
128609  29.540  33.436  11.575 0.1000000015
128041  30.184  32.354  11.763 0.1000000015
128026  29.937  31.995  12.095 0.1000000015
127415  29.282  31.617  13.658 0.1000000015
127406  29.966  31.325  14.353 0.1000000015
126830  30.169  30.447  14.659 0.1000000015
129200  32.203  34.509  11.334 0.1000000015
128607  31.744  33.591  11.280 0.1000000015
128040  31.331  32.638  11.354 0.1000000015
127444  30.574  31.701  11.870 0.1000000015
126839  30.899  30.522  13.552 0.1000000015
129199  33.143  34.560  11.480 0.1000000015
128606  32.764  33.665  11.247 0.1000000015
127441  32.982  31.912  11.292 0.1000000015
127425  31.823  31.193  11.865 0.1000000015
126850  31.619  30.602  12.686 0.1000000015
128605  33.725  33.701  11.400 0.1000000015
128603  35.200  33.638  11.854 0.1000000015
127440  34.131  31.810  11.440 0.1000000015
126862  32.578  31.331  11.644 0.1000000015
128593  36.529  33.795  12.709 0.1000000015
128025  35.645  32.809  12.140 0.1000000015
127424  34.582  31.270  11.892 0.1000000015
128586  37.647  33.884  13.944 0.1000000015
128016  36.878  32.974  13.121 0.1000000015
127423  35.323  31.695  12.123 0.1000000015
130868  34.210  37.523  6.226 0.1000000015
130371  38.059  36.132  4.222 0.1000000015
129845  36.492  35.528  4.374 0.1000000015
129846  35.303  35.444  4.778 0.1000000015
129835  34.614  35.463  5.721 0.1000000015
129843  38.542  35.643  4.731 0.1000000015
129842  39.438  35.770  4.898 0.1000000015
132011  35.624  39.616  6.888 0.1000000015
132016  35.098  39.893  6.157 0.1000000015
132558  35.163  40.607  5.406 0.1000000015
133080  34.549  40.755  3.193 0.1000000015
132564  34.676  40.605  4.381 0.1000000015
132583  35.074  40.717  1.107 0.1000000015
132628  36.682  40.681  -2.857 0.1000000015
133150  37.038  41.308  -2.120 0.1000000015
132592  35.474  40.385  -0.615 0.1000000015
132649  38.635  40.561  -4.894 0.1000000015
132640  37.852  40.740  -4.040 0.1000000015
132627  37.496  41.033  -3.293 0.1000000015
133191  39.647  41.424  -6.525 0.1000000015
132648  39.518  41.024  -5.007 0.1000000015
132639  38.983  41.129  -4.446 0.1000000015
133212  38.169  40.886  -7.421 0.1000000015
132702  36.870  39.781  -8.716 0.1000000015
132703  36.069  39.772  -8.514 0.1000000015
132167  35.427  39.406  -8.378 0.1000000015
129340  35.230  34.854  -5.056 0.1000000015
128751  36.139  33.849  -5.751 0.1000000015
128230  37.653  32.742  -6.985 0.1000000015
129385  36.752  34.494  -6.344 0.1000000015
128769  37.432  33.743  -6.878 0.1000000015
125845  37.687  28.389  -11.935 0.1000000015
119889  36.895  20.782  -11.119 0.1000000015
124535  37.865  27.232  -12.079 0.1000000015
127357  31.305  31.361  19.555 0.1000000015
126779  30.564  30.437  19.801 0.1000000015
127970  31.551  32.058  18.771 0.1000000015
127369  31.196  31.573  18.839 0.1000000015
126792  30.284  30.700  19.180 0.1000000015
129203  28.884  34.108  11.080 0.1000000015
128595  28.200  32.803  12.278 0.1000000015
128028  28.465  32.194  12.766 0.1000000015
129794  31.751  35.313  11.142 0.1000000015
129202  30.022  34.536  11.062 0.1000000015
130319  33.389  36.363  11.597 0.1000000015
129793  32.669  35.367  11.489 0.1000000015
130311  34.346  36.449  12.437 0.1000000015
129782  34.222  35.700  12.107 0.1000000015
129198  34.165  34.725  11.728 0.1000000015
129772  34.652  36.021  12.613 0.1000000015
129781  34.899  35.489  12.356 0.1000000015
129197  34.783  34.169  11.774 0.1000000015
130303  35.519  36.501  13.512 0.1000000015
129770  36.089  35.600  13.163 0.1000000015
129186  36.010  34.643  12.561 0.1000000015
130293  38.213  36.274  15.290 0.1000000015
129832  38.913  35.327  5.401 0.1000000015
129245  37.353  34.711  5.317 0.1000000015
129247  35.351  34.879  5.590 0.1000000015
130353  34.256  36.422  6.366 0.1000000015
130863  34.891  37.583  7.167 0.1000000015
131422  35.817  38.593  7.658 0.1000000015
132001  36.213  39.428  7.526 0.1000000015
132000  36.874  39.779  7.880 0.1000000015
132551  35.565  40.358  6.253 0.1000000015
132541  36.879  40.613  7.201 0.1000000015
133073  35.046  41.119  3.710 0.1000000015
133064  35.439  41.116  5.135 0.1000000015
133096  35.747  41.274  0.833 0.1000000015
133088  35.543  41.226  1.672 0.1000000015
133068  35.836  41.808  4.209 0.1000000015
133135  37.740  41.664  -1.663 0.1000000015
133136  36.916  41.330  -1.377 0.1000000015
133095  36.658  41.723  0.524 0.1000000015
133078  36.049  41.819  2.250 0.1000000015
133169  40.027  41.799  -4.808 0.1000000015
133681  39.515  42.181  -5.827 0.1000000015
132647  39.864  41.210  -5.473 0.1000000015
133213  37.006  40.793  -7.452 0.1000000015
133192  38.581  41.542  -6.791 0.1000000015
132688  36.473  40.266  -8.101 0.1000000015
132148  34.943  39.779  -8.024 0.1000000015
129961  35.856  35.078  -5.657 0.1000000015
129938  34.673  35.489  -4.607 0.1000000015
130510  35.430  36.786  -5.633 0.1000000015
130522  36.392  36.394  -6.917 0.1000000015
131042  34.705  37.761  -5.866 0.1000000015
130321  32.323  35.838  11.203 0.1000000015
130304  34.821  36.517  13.011 0.1000000015
131348  35.870  38.088  13.934 0.1000000015
130812  35.624  37.346  13.953 0.1000000015
131314  37.976  37.925  16.585 0.1000000015
130295  36.684  36.614  14.330 0.1000000015
129763  36.626  35.922  13.749 0.1000000015
130294  37.612  36.615  14.875 0.1000000015
129762  37.350  35.693  14.113 0.1000000015
129844  37.551  35.436  4.629 0.1000000015
129246  36.266  34.601  5.505 0.1000000015
129239  34.729  34.970  6.498 0.1000000015
130350  34.500  36.507  7.200 0.1000000015
129238  35.241  34.609  6.312 0.1000000015
131401  37.468  38.818  9.479 0.1000000015
131980  37.277  39.516  8.485 0.1000000015
132519  38.823  40.579  8.683 0.1000000015
132539  38.446  40.910  8.058 0.1000000015
133570  36.440  42.441  4.699 0.1000000015
133063  35.906  41.512  5.260 0.1000000015
132540  37.653  40.703  7.760 0.1000000015
133079  35.124  41.138  2.611 0.1000000015
133112  38.364  42.141  -1.251 0.1000000015
133094  37.322  41.914  -0.022 0.1000000015
133591  37.674  42.449  0.644 0.1000000015
133580  36.648  42.446  2.748 0.1000000015
133574  36.540  42.648  3.691 0.1000000015
133170  39.641  41.507  -4.373 0.1000000015
133162  39.180  41.526  -3.693 0.1000000015
133134  38.594  42.021  -1.918 0.1000000015
133607  38.660  42.645  -0.559 0.1000000015
133177  39.862  41.681  -5.631 0.1000000015
133193  37.470  41.478  -6.865 0.1000000015
133194  36.403  41.470  -6.954 0.1000000015
133214  35.975  40.835  -7.527 0.1000000015
133215  35.200  40.829  -7.521 0.1000000015
132168  34.960  39.421  -8.038 0.1000000015
131592  34.927  38.427  -7.684 0.1000000015
131061  36.041  37.577  -8.081 0.1000000015
130523  35.934  36.721  -6.435 0.1000000015
131051  35.030  37.876  -6.881 0.1000000015
131050  35.662  37.419  -7.090 0.1000000015
131062  35.349  37.834  -7.587 0.1000000015
130831  34.498  37.586  11.591 0.1000000015
130832  33.666  36.847  11.462 0.1000000015
130822  34.636  37.182  12.694 0.1000000015
130821  35.318  37.625  13.257 0.1000000015
131347  36.389  38.742  13.776 0.1000000015
131333  37.035  39.042  15.621 0.1000000015
131362  35.809  38.243  12.934 0.1000000015
130830  35.149  37.813  12.416 0.1000000015
131320  38.622  38.919  16.482 0.1000000015
130343  34.694  36.252  7.825 0.1000000015
133038  37.271  41.584  6.963 0.1000000015
133562  36.684  42.428  5.655 0.1000000015
133551  37.179  42.605  6.337 0.1000000015
133583  38.360  43.098  0.995 0.1000000015
133579  37.404  42.930  2.403 0.1000000015
133147  39.846  42.170  -3.148 0.1000000015
133620  39.091  42.595  -1.357 0.1000000015
133590  38.536  42.897  0.314 0.1000000015
133650  40.107  42.687  -4.180 0.1000000015
133682  38.797  42.199  -6.179 0.1000000015
133683  37.802  42.142  -6.334 0.1000000015
133685  35.808  42.165  -6.518 0.1000000015
132690  34.717  40.330  -7.655 0.1000000015
133684  36.802  42.151  -6.442 0.1000000015
130842  32.992  36.741  10.860 0.1000000015
131890  36.782  39.112  14.379 0.1000000015
131874  37.925  39.549  15.968 0.1000000015
131903  38.196  40.003  13.839 0.1000000015
133552  36.794  42.167  6.203 0.1000000015
133584  37.765  42.865  1.584 0.1000000015
134062  37.278  43.564  3.672 0.1000000015
134063  36.808  43.150  4.330 0.1000000015
133561  37.044  42.885  5.765 0.1000000015
134180  39.778  43.440  -3.635 0.1000000015
133619  39.900  42.915  -1.533 0.1000000015
134120  39.272  43.340  0.038 0.1000000015
134099  39.043  43.502  0.812 0.1000000015
133661  38.887  42.790  -5.509 0.1000000015
134195  39.653  43.230  -4.394 0.1000000015
133664  36.244  42.939  -6.089 0.1000000015
133195  35.452  41.418  -7.025 0.1000000015
133686  34.867  41.992  -6.517 0.1000000015
133196  34.624  41.083  -6.999 0.1000000015
131888  38.430  39.903  15.018 0.1000000015
131901  39.465  39.571  13.694 0.1000000015
134146  40.181  43.649  -1.916 0.1000000015
134636  39.508  44.435  -0.349 0.1000000015
134098  39.551  43.890  0.546 0.1000000015
134080  38.668  43.670  1.660 0.1000000015
134072  37.757  43.544  2.874 0.1000000015
134050  37.271  43.718  4.561 0.1000000015
134161  39.858  43.744  -2.741 0.1000000015
134133  40.108  43.802  -1.224 0.1000000015
134197  37.912  43.325  -5.107 0.1000000015
133662  37.918  42.755  -5.757 0.1000000015
133663  37.134  42.715  -6.040 0.1000000015
134198  36.887  43.487  -5.550 0.1000000015
134148  38.986  44.206  -2.103 0.1000000015
134648  39.523  44.516  -1.151 0.1000000015
134079  39.347  44.190  1.216 0.1000000015
134605  38.992  44.697  2.071 0.1000000015
134582  37.676  44.254  4.034 0.1000000015
134051  36.912  43.047  5.052 0.1000000015
134061  38.045  44.208  3.371 0.1000000015
134565  37.734  44.603  4.761 0.1000000015
134182  37.827  43.592  -4.265 0.1000000015
133665  35.191  43.015  -6.255 0.1000000015
135042  37.399  45.521  7.734 0.1000000015
134637  38.918  44.716  -0.425 0.1000000015
134622  39.008  44.958  0.303 0.1000000015
135115  38.764  45.358  1.574 0.1000000015
134538  37.654  44.546  7.148 0.1000000015
134162  38.931  43.822  -3.062 0.1000000015
134581  38.144  44.942  3.951 0.1000000015
134547  37.514  44.640  5.898 0.1000000015
134181  38.896  43.620  -3.966 0.1000000015
134184  36.237  44.213  -5.076 0.1000000015
133666  34.019  42.662  -6.024 0.1000000015
135078  37.952  45.740  4.946 0.1000000015
134134  38.738  44.315  -1.593 0.1000000015
135101  38.407  45.604  2.679 0.1000000015
135077  38.204  45.460  4.260 0.1000000015
135059  37.406  45.674  6.406 0.1000000015
134149  37.928  43.674  -2.337 0.1000000015
135596  38.245  46.159  3.235 0.1000000015
135579  37.492  46.661  4.722 0.1000000015
121371  24.478  22.050  7.177 0.1000000015
119011  24.504  19.520  4.773 0.1000000015
119770  23.971  20.427  4.508 0.1000000015
120590  23.717  21.384  4.352 0.1000000015
126164  29.033  29.973  18.795 0.1000000015
126151  29.284  29.433  19.494 0.1000000015
135564  37.311  46.763  5.792 0.1000000015
126847  34.646  30.655  12.318 0.1000000015
126849  32.671  30.639  12.211 0.1000000015
128015  37.329  33.220  13.619 0.1000000015
130286  38.036  36.892  15.497 0.1000000015
131457  41.807  39.264  3.109 0.1000000015
122110  24.757  22.825  7.243 0.1000000015
127614  41.866  30.954  -5.360 0.1000000015
128738  43.925  33.104  -4.262 0.1000000015
130425  43.731  36.936  -1.567 0.1000000015
129326  44.226  34.495  -3.390 0.1000000015
129900  45.090  35.278  -3.036 0.1000000015
128181  45.215  32.806  -4.994 0.1000000015
128195  45.183  32.611  -5.423 0.1000000015
125127  44.137  27.198  -6.286 0.1000000015
125789  44.466  28.457  -6.231 0.1000000015
122098  26.422  23.583  8.318 0.1000000015
122097  27.509  23.623  8.564 0.1000000015
122849  26.587  24.555  7.696 0.1000000015
123577  26.714  25.302  6.588 0.1000000015
123592  27.326  25.999  5.707 0.1000000015
124316  28.171  26.866  5.101 0.1000000015
124300  27.647  26.302  6.553 0.1000000015
122850  25.967  24.244  7.291 0.1000000015
122857  26.307  24.755  6.888 0.1000000015
122858  25.696  24.316  6.546 0.1000000015
125040  28.716  26.776  3.942 0.1000000015
125026  28.708  27.158  4.575 0.1000000015
122865  26.287  24.925  5.953 0.1000000015
125749  32.386  28.465  -0.575 0.1000000015
125735  30.891  28.680  1.327 0.1000000015
125744  30.854  28.091  1.138 0.1000000015
125061  30.301  27.327  2.022 0.1000000015
125743  31.276  28.254  0.586 0.1000000015
125053  29.426  26.823  3.060 0.1000000015
124344  28.528  26.294  3.793 0.1000000015
123602  27.933  25.974  4.105 0.1000000015
122872  27.239  25.279  4.365 0.1000000015
122873  26.687  24.999  4.718 0.1000000015
126949  34.773  30.183  -2.271 0.1000000015
126326  34.183  29.180  -1.950 0.1000000015
124384  31.064  26.557  1.327 0.1000000015
124358  29.846  26.363  2.500 0.1000000015
123613  28.845  25.808  3.268 0.1000000015
123614  28.315  25.641  3.626 0.1000000015
128157  36.859  32.160  -2.212 0.1000000015
126947  36.133  30.521  -3.038 0.1000000015
126338  36.014  29.201  -3.056 0.1000000015
125083  33.014  27.997  -0.889 0.1000000015
124371  31.086  25.864  1.446 0.1000000015
123625  28.715  25.245  3.173 0.1000000015
121405  23.903  22.156  3.712 0.1000000015
130484  45.230  35.670  -4.206 0.1000000015
128209  45.014  32.471  -6.254 0.1000000015
120580  32.898  21.955  6.073 0.1000000015
121382  32.402  22.542  6.573 0.1000000015
121404  34.929  22.292  4.877 0.1000000015
122127  34.680  23.473  5.762 0.1000000015
122863  35.858  24.552  5.427 0.1000000015
123543  28.016  25.150  8.190 0.1000000015
122832  28.530  24.500  8.341 0.1000000015
122848  27.199  24.787  8.059 0.1000000015
123559  27.294  25.471  7.453 0.1000000015
125719  29.862  28.333  4.096 0.1000000015
124999  29.045  27.281  6.403 0.1000000015
126305  31.145  29.384  1.976 0.1000000015
127556  32.692  30.998  -0.192 0.1000000015
122885  25.659  23.780  3.612 0.1000000015
122894  27.288  24.260  2.929 0.1000000015
127638  43.646  31.427  -7.872 0.1000000015
128786  44.181  32.886  -7.242 0.1000000015
125798  44.542  28.224  -7.799 0.1000000015
124491  44.806  26.283  -7.779 0.1000000015
122118  31.942  23.191  7.137 0.1000000015
122105  31.367  23.826  7.459 0.1000000015
121353  29.132  23.062  8.321 0.1000000015
122854  34.236  24.831  6.300 0.1000000015
122844  32.150  24.766  7.217 0.1000000015
123573  34.111  25.680  6.273 0.1000000015
122855  33.616  24.802  6.457 0.1000000015
123574  33.172  25.597  6.640 0.1000000015
123542  28.822  25.055  8.083 0.1000000015
124989  29.475  27.036  7.049 0.1000000015
124998  29.859  27.422  6.575 0.1000000015
124997  30.672  27.478  6.686 0.1000000015
125708  31.725  28.966  4.873 0.1000000015
125693  31.329  28.452  5.552 0.1000000015
125679  30.573  27.805  6.163 0.1000000015
126914  31.651  30.073  2.498 0.1000000015
126296  31.198  29.647  2.895 0.1000000015
126286  30.869  29.208  3.556 0.1000000015
126932  32.375  30.689  0.228 0.1000000015
126913  32.375  30.513  2.361 0.1000000015
126933  31.900  30.149  0.631 0.1000000015
128143  36.237  33.001  -0.750 0.1000000015
124434  38.086  26.498  -3.895 0.1000000015
128240  42.405  32.666  -9.199 0.1000000015
128802  42.643  33.526  -8.630 0.1000000015
126413  42.649  29.470  -8.821 0.1000000015
123701  40.318  24.741  -5.086 0.1000000015
129382  42.184  34.549  -6.835 0.1000000015
123726  41.331  24.164  -5.847 0.1000000015
123555  31.166  25.521  7.495 0.1000000015
124314  34.390  26.597  5.942 0.1000000015
124315  33.883  26.740  6.172 0.1000000015
124296  33.456  26.554  6.422 0.1000000015
124994  33.334  27.056  6.330 0.1000000015
124986  31.449  26.803  7.138 0.1000000015
124987  31.063  26.907  7.201 0.1000000015
125022  36.189  27.209  4.420 0.1000000015
125007  35.218  27.149  5.191 0.1000000015
125691  33.187  28.296  5.426 0.1000000015
125010  32.794  27.826  5.902 0.1000000015
125704  35.203  28.405  4.448 0.1000000015
125717  34.896  28.905  4.200 0.1000000015
125707  32.664  28.985  4.922 0.1000000015
126897  34.696  30.270  3.288 0.1000000015
126273  33.047  29.479  4.354 0.1000000015
126899  32.950  30.376  3.151 0.1000000015
126294  36.520  29.591  2.952 0.1000000015
127523  34.584  31.419  2.353 0.1000000015
127538  33.847  31.608  1.674 0.1000000015
126912  33.369  30.958  2.365 0.1000000015
127521  36.442  31.514  2.475 0.1000000015
127520  37.368  31.490  2.494 0.1000000015
128127  36.029  32.231  2.267 0.1000000015
128135  34.817  32.525  1.189 0.1000000015
128138  35.300  32.872  0.814 0.1000000015
128125  37.738  32.391  2.555 0.1000000015
128133  36.188  32.774  2.092 0.1000000015
128684  35.859  33.347  0.657 0.1000000015
128690  36.070  33.466  0.078 0.1000000015
129273  37.754  33.656  2.226 0.1000000015
128683  36.545  33.758  0.556 0.1000000015
129287  37.616  34.260  0.014 0.1000000015
128248  41.825  32.660  -9.669 0.1000000015
128815  41.333  33.574  -9.804 0.1000000015
128249  41.086  32.770  -9.881 0.1000000015
129998  42.133  35.108  -9.174 0.1000000015
128241  40.364  32.680  -9.174 0.1000000015
128804  39.560  33.605  -9.201 0.1000000015
129383  41.229  34.757  -6.847 0.1000000015
122239  38.913  23.006  -4.566 0.1000000015
123026  43.015  24.248  -8.286 0.1000000015
121495  42.394  22.391  -7.334 0.1000000015
122941  35.204  24.134  -1.740 0.1000000015
130024  39.267  35.422  -10.482 0.1000000015
129977  39.003  36.415  -6.665 0.1000000015
129978  36.977  35.325  -6.769 0.1000000015
121504  41.426  22.612  -8.321 0.1000000015
130938  39.336  37.989  0.066 0.1000000015
130968  39.495  37.372  -1.776 0.1000000015
130530  39.356  37.165  -7.426 0.1000000015
122283  39.989  23.014  -8.633 0.1000000015
130990  37.490  37.264  -2.475 0.1000000015
131016  37.529  37.056  -3.562 0.1000000015
130492  37.786  36.788  -4.931 0.1000000015
121506  39.771  22.607  -9.135 0.1000000015
130383  39.383  36.919  4.044 0.1000000015
131580  38.233  38.104  -6.255 0.1000000015
123762  35.384  25.499  -8.344 0.1000000015
130954  37.487  37.361  -0.534 0.1000000015
130971  36.612  37.477  -1.287 0.1000000015
131570  38.731  39.416  -6.212 0.1000000015
126395  38.663  29.473  -7.888 0.1000000015
122015  29.663  23.642  21.032 0.1000000015
122785  28.149  24.252  16.339 0.1000000015
122777  27.670  24.912  17.346 0.1000000015
122795  28.657  24.671  15.745 0.1000000015
130940  37.449  37.375  0.425 0.1000000015
130942  35.252  37.593  0.656 0.1000000015
131513  35.272  38.539  -1.018 0.1000000015
132120  36.909  39.239  -4.373 0.1000000015
132126  39.413  39.822  -6.303 0.1000000015
132669  39.990  40.298  -6.348 0.1000000015
126417  37.081  29.023  -8.585 0.1000000015
121519  36.034  21.936  -9.568 0.1000000015
123780  39.161  25.306  -11.239 0.1000000015
119887  38.235  21.309  -10.420 0.1000000015
119872  36.835  20.880  -10.172 0.1000000015
122025  28.957  23.652  19.899 0.1000000015
127991  31.179  32.674  16.359 0.1000000015
124900  27.726  27.213  16.353 0.1000000015
124920  27.878  27.052  15.967 0.1000000015
130915  37.133  37.227  2.373 0.1000000015
130929  35.144  37.321  1.585 0.1000000015
132180  36.906  38.887  -9.353 0.1000000015
132687  37.598  40.092  -8.125 0.1000000015
126396  37.577  29.601  -7.929 0.1000000015
127641  37.589  31.598  -7.071 0.1000000015
126416  37.838  28.870  -8.263 0.1000000015
127643  35.393  30.899  -7.298 0.1000000015
124515  38.799  26.091  -11.331 0.1000000015
126176  28.376  29.402  17.128 0.1000000015
125523  28.244  28.220  18.527 0.1000000015
126215  30.819  29.494  14.021 0.1000000015
125584  29.858  28.581  14.665 0.1000000015
126861  33.382  31.160  11.686 0.1000000015
129256  35.795  34.894  5.152 0.1000000015
130373  35.067  35.923  4.260 0.1000000015
132591  36.213  40.871  -1.245 0.1000000015
133115  35.919  41.104  0.098 0.1000000015
133163  38.284  41.360  -3.280 0.1000000015
128212  36.291  32.484  -6.335 0.1000000015
128770  36.610  33.391  -6.301 0.1000000015
128007  30.091  31.929  15.184 0.1000000015
127428  29.323  31.576  12.827 0.1000000015
128608  30.659  33.514  11.413 0.1000000015
127414  30.023  31.177  13.217 0.1000000015
127426  30.974  31.229  12.104 0.1000000015
128039  32.370  32.743  11.223 0.1000000015
128038  33.393  32.768  11.204 0.1000000015
127442  32.026  31.927  11.449 0.1000000015
129784  33.165  35.766  11.670 0.1000000015
128037  34.290  32.829  11.390 0.1000000015
127439  34.745  32.280  11.588 0.1000000015
128594  35.836  33.756  12.287 0.1000000015
132550  36.231  40.592  6.656 0.1000000015
133114  36.563  41.345  -0.499 0.1000000015
133148  39.106  41.848  -2.671 0.1000000015
129979  36.279  35.620  -6.196 0.1000000015
133072  35.835  41.876  3.194 0.1000000015
133592  37.047  42.263  1.203 0.1000000015
133585  36.863  42.376  1.918 0.1000000015
133660  39.740  42.582  -5.073 0.1000000015
129963  35.013  36.329  -5.047 0.1000000015
130805  36.237  37.423  14.560 0.1000000015
131334  36.586  38.448  14.959 0.1000000015
130796  37.369  37.790  15.767 0.1000000015
131581  34.413  38.597  -6.592 0.1000000015
134071  38.462  44.051  2.578 0.1000000015
133626  40.279  43.281  -2.383 0.1000000015
134196  38.937  43.352  -4.820 0.1000000015
105676  48.172  4.808  9.554 0.1000000015
106777  47.815  5.267  10.633 0.1000000015
105675  49.363  4.423  9.601 0.1000000015
105689  49.938  4.284  8.747 0.1000000015
104591  50.164  4.017  8.166 0.1000000015
104592  49.688  4.145  8.235 0.1000000015
105690  48.953  4.313  8.461 0.1000000015
104622  49.695  3.560  6.981 0.1000000015
111550  43.349  10.399  21.615 0.1000000015
105667  48.686  4.659  10.625 0.1000000015
105635  44.945  5.095  13.930 0.1000000015
112480  43.943  11.149  21.628 0.1000000015
110653  42.618  9.473  21.501 0.1000000015
108712  41.178  7.499  21.444 0.1000000015
105657  48.989  4.575  11.643 0.1000000015
104582  50.923  4.162  9.086 0.1000000015
104590  50.742  3.822  8.252 0.1000000015
103558  51.028  3.533  7.578 0.1000000015
104606  50.220  3.722  7.581 0.1000000015
103570  50.838  3.430  7.272 0.1000000015
103582  49.970  3.501  6.342 0.1000000015
111549  44.198  10.242  22.262 0.1000000015
110652  43.386  9.451  22.136 0.1000000015
109729  42.674  8.357  22.177 0.1000000015
104581  51.122  4.144  8.741 0.2000000030
111534  45.186  9.959  22.207 0.1000000015
109728  43.463  8.731  22.515 0.1000000015
109715  43.231  8.131  22.723 0.1000000015
108711  41.879  7.478  22.023 0.1000000015
110637  44.969  9.139  22.349 0.1000000015
110638  44.528  9.030  22.613 0.1000000015
109714  43.927  8.392  23.015 0.1000000015
108721  44.356  8.398  21.061 0.1000000015
109727  44.859  8.689  21.600 0.1000000015
110627  44.795  8.589  22.841 0.1000000015
108722  43.895  7.825  20.768 0.1000000015
108692  44.767  7.392  22.127 0.1000000015
107684  44.345  6.515  21.282 0.1000000015
104619  51.326  3.540  6.425 0.1000000015
108710  42.328  7.609  22.408 0.1000000015
109701  44.983  8.129  23.301 0.1000000015
107667  44.649  7.044  21.826 0.1000000015
109742  44.850  8.934  21.083 0.1000000015
109712  44.912  8.400  22.520 0.1000000015
111548  44.937  10.427  22.203 0.1000000015
109730  41.764  8.503  21.353 0.1000000015
111536  44.412  9.645  22.504 0.1000000015
108709  44.078  7.319  21.208 0.1000000015
116083  36.052  16.055  5.559 0.1000000015
117518  36.547  17.375  4.801 0.1000000015
116822  36.213  16.576  5.307 0.1000000015
118227  37.551  18.543  4.031 0.1000000015
117524  36.922  17.881  3.838 0.1000000015
114428  37.143  13.491  7.307 0.1000000015
114429  36.489  13.436  7.789 0.1000000015
115289  35.832  14.530  7.412 0.1000000015
115302  36.535  14.875  6.603 0.1000000015
116077  36.190  15.742  5.982 0.1000000015
114444  38.407  13.638  6.550 0.1000000015
114445  37.666  13.361  6.964 0.1000000015
115287  37.300  13.837  7.006 0.1000000015
115288  36.822  14.103  7.136 0.1000000015
115300  38.714  14.546  6.500 0.1000000015
116816  36.607  16.130  5.986 0.1000000015
116821  36.658  17.161  5.432 0.1000000015
117517  37.088  17.937  5.233 0.1000000015
118220  38.192  19.135  5.590 0.1000000015
118221  37.768  18.879  4.938 0.1000000015
115301  37.560  14.428  6.677 0.1000000015
116075  38.070  15.612  6.708 0.1000000015
117505  38.047  17.615  7.102 0.1000000015
116808  37.717  17.252  6.785 0.1000000015
116815  37.203  16.721  6.292 0.1000000015
118213  38.277  18.867  6.442 0.1000000015
117512  37.604  17.935  6.484 0.1000000015
118214  37.666  18.620  5.796 0.1000000015
116076  37.011  15.566  6.366 0.1000000015
116814  37.911  16.302  6.766 0.1000000015
113506  37.764  12.787  7.090 0.1000000015
116067  38.277  16.196  6.819 0.1000000015
102570  46.127  2.079  7.154 0.1000000015
102653  47.108  2.072  -0.681 0.1000000015
103422  48.140  2.435  22.098 0.2000000030
103430  48.939  2.502  20.954 0.2000000030
103434  45.422  2.983  21.922 0.2000000030
103451  49.244  3.047  19.664 0.2000000030
103467  49.021  3.103  19.142 0.2000000030
103468  48.343  3.113  19.001 0.3000000119
103497  39.069  2.900  17.119 0.1000000015
103559  50.821  3.551  7.659 0.1000000015
103569  51.077  3.356  6.964 0.1000000015
103571  47.401  3.225  6.831 0.1000000015
103580  51.042  3.385  6.507 0.1000000015
103581  50.685  3.412  6.604 0.1000000015
103597  48.570  3.334  5.580 0.1000000015
103599  47.033  2.653  5.699 0.1000000015
103606  51.069  3.297  5.022 0.2000000030
103617  51.024  3.262  3.911 0.1000000015
104409  46.209  4.402  24.386 0.2000000030
104410  45.943  4.224  24.391 0.2000000030
104437  47.273  3.181  23.317 0.2000000030
104441  43.679  3.975  22.439 0.2000000030
104451  44.956  3.226  22.479 0.2000000030
104460  49.014  2.944  21.029 0.2000000030
104465  37.029  4.020  20.448 0.1000000015
104473  49.229  3.261  20.175 0.2000000030
104476  42.200  3.803  19.553 0.2000000030
104479  38.628  4.032  19.416 0.1000000015
104491  49.326  3.626  19.332 0.2000000030
104492  49.220  3.459  18.821 0.2000000030
104516  49.072  3.911  18.215 0.3000000119
104520  41.639  3.667  18.045 0.1000000015
104525  37.234  2.747  18.104 0.1000000015
104533  45.894  3.599  16.251 0.2000000030
104589  51.261  3.890  7.934 0.1000000015
104603  51.727  3.813  6.802 0.3000000119
104604  51.370  3.586  7.206 0.1000000015
104605  50.639  3.549  7.488 0.1000000015
104620  50.638  3.446  7.120 0.1000000015
104621  50.321  3.503  7.025 0.1000000015
104634  49.721  3.442  5.094 0.1000000015
104635  49.378  3.374  5.120 0.1000000015
104643  51.650  3.945  4.267 0.1000000015
104644  51.415  3.583  4.590 0.1000000015
104654  51.396  3.789  3.577 0.1000000015
104705  48.325  3.903  -3.592 0.1000000015
105467  46.477  4.706  24.304 0.3000000119
105469  45.270  5.225  24.565 0.3000000119
105472  30.026  4.107  24.030 0.1000000015
105481  47.334  3.709  23.415 0.2000000030
105483  45.539  4.400  24.355 0.3000000119
105497  48.250  3.110  22.372 0.2000000030
105500  46.587  4.720  22.537 0.2000000030
105501  44.217  4.346  23.551 0.2000000030
105516  47.898  3.994  22.013 0.2000000030
105531  48.641  3.673  21.076 0.2000000030
105553  44.866  5.012  20.030 0.2000000030
105559  37.533  4.111  20.148 0.1000000015
105571  46.299  4.667  18.885 0.3000000119
105574  38.976  4.001  19.389 0.1000000015
105587  49.799  5.100  18.022 0.4000000060
105591  45.949  4.819  18.436 0.3000000119
105600  48.241  4.449  16.324 0.3000000119
105613  50.760  4.908  14.346 0.3000000119
105616  49.162  4.631  14.662 0.2000000030
105620  45.190  4.592  14.632 0.1000000015
105629  50.809  4.911  14.008 0.3000000119
105630  50.593  4.640  13.993 0.3000000119
105633  48.257  4.962  13.783 0.2000000030
105686  51.531  4.173  7.791 0.3000000119
105687  51.442  4.474  8.514 0.2000000030
105688  50.419  4.080  8.662 0.1000000015
105700  51.796  4.289  7.274 0.3000000119
105711  51.848  4.334  6.456 0.3000000119
105728  51.638  4.335  4.546 0.3000000119
105736  51.665  4.239  4.115 0.1000000015
105737  51.652  4.641  3.818 0.3000000119
105761  45.814  4.957  0.917 0.1000000015
105781  47.187  4.121  -1.376 0.1000000015
106621  46.198  5.428  24.486 0.3000000119
106622  45.607  5.606  24.518 0.3000000119
106631  46.718  5.217  23.579 0.3000000119
106632  46.370  5.540  23.358 0.2000000030
106635  42.945  5.565  23.655 0.2000000030
106636  42.200  5.764  23.531 0.2000000030
106652  39.908  5.161  22.881 0.2000000030
106663  44.766  5.637  21.297 0.2000000030
106671  45.032  5.117  21.005 0.2000000030
106672  44.519  5.451  20.558 0.2000000030
106673  44.007  5.728  20.079 0.3000000119
106677  36.421  4.844  20.286 0.1000000015
106683  49.090  4.946  19.651 0.3000000119
106685  45.183  4.980  19.155 0.3000000119
106695  49.795  5.644  18.170 0.4000000060
106720  44.241  5.583  17.479 0.4000000060
106722  42.695  6.135  17.511 0.4000000060
106729  43.027  6.040  16.982 0.5000000000
106737  47.634  5.040  14.122 0.2000000030
106738  46.941  5.302  14.095 0.2000000030
106755  51.312  5.198  12.740 0.3000000119
106803  51.723  4.705  7.526 0.3000000119
106812  51.398  5.630  7.112 0.4000000060
106823  51.767  4.779  6.226 0.3000000119
106831  51.340  5.507  4.952 0.3000000119
106846  50.894  5.858  2.250 0.3000000119
106859  50.594  6.472  1.854 0.3000000119
106861  47.646  4.642  2.026 0.1000000015
106873  44.667  6.022  0.218 0.1000000015
106901  46.720  5.314  -2.426 0.1000000015
106909  47.825  5.203  -3.587 0.1000000015
106911  43.649  5.626  -3.454 0.1000000015
106918  47.475  5.770  -4.060 0.1000000015
106925  47.750  5.548  -5.628 0.1000000015
107641  46.623  5.842  23.880 0.2000000030
107642  46.295  6.010  24.233 0.3000000119
107685  43.831  7.053  20.992 0.1000000015
107686  41.745  6.936  22.464 0.2000000030
107708  42.431  7.129  18.792 0.4000000060
107717  49.884  6.165  17.696 0.4000000060
107719  48.903  6.184  18.713 0.4000000060
107721  42.844  6.212  18.392 0.4000000060
107723  41.689  7.055  17.599 0.5000000000
107741  45.888  5.813  17.440 0.4000000060
107743  42.314  6.352  17.317 0.6000000238
107753  42.503  6.485  16.635 0.6000000238
107754  41.693  7.002  16.463 0.5000000000
107775  51.390  5.710  12.377 0.4000000060
107785  50.709  6.556  9.941 0.4000000060
107793  50.414  6.520  9.267 0.5000000000
107799  50.860  6.279  8.645 0.5000000000
107803  51.282  6.008  7.963 0.4000000060
107835  49.791  7.178  4.942 0.5000000000
107841  50.928  6.057  4.379 0.4000000060
107851  49.813  6.657  1.541 0.3000000119
107864  50.724  6.791  1.950 0.4000000060
107867  44.728  6.621  1.404 0.2000000030
107878  44.021  6.726  0.263 0.2000000030
107886  44.832  5.848  -0.492 0.1000000015
107918  42.153  7.442  -3.685 0.1000000015
108683  43.148  7.222  23.286 0.2000000030
108693  43.370  7.737  23.102 0.1000000015
108694  42.685  7.456  22.835 0.2000000030
108707  44.686  8.066  21.888 0.1000000015
108708  44.448  7.841  21.483 0.1000000015
108731  43.277  7.701  19.872 0.1000000015
108759  41.351  7.465  17.097 0.2000000030
108764  48.818  7.816  16.735 0.4000000060
108765  48.175  7.851  17.175 0.5000000000
108770  40.757  8.183  15.813 0.4000000060
108780  41.725  7.655  15.482 0.5000000000
108781  41.072  8.066  15.539 0.4000000060
108810  50.675  6.667  10.324 0.4000000060
108834  48.147  7.843  6.905 0.6000000238
108855  49.717  7.429  4.318 0.4000000060
108864  50.517  7.391  3.072 0.4000000060
108865  50.057  7.736  3.541 0.5000000000
108877  47.422  7.227  2.348 0.2000000030
108888  50.369  7.553  1.611 0.3000000119
108894  43.560  7.663  0.754 0.2000000030
108902  49.070  8.305  0.809 0.3000000119
108903  43.979  6.857  0.643 0.2000000030
108904  43.644  7.199  0.367 0.2000000030
108913  44.272  6.896  -0.925 0.1000000015
108924  41.359  7.123  -1.843 0.1000000015
108956  41.571  7.900  -5.037 0.1000000015
108965  42.038  8.062  -5.178 0.1000000015
109580  38.416  8.475  33.431 0.1000000015
109700  45.277  8.036  23.006 0.1000000015
109713  44.562  8.439  23.083 0.1000000015
109726  45.070  8.935  21.954 0.2000000030
109743  44.208  8.848  20.740 0.1000000015
109755  38.667  8.535  19.667 0.1000000015
109777  40.529  8.645  17.017 0.2000000030
109789  48.232  8.016  16.233 0.6000000238
109804  41.873  8.908  14.549 0.5000000000
109805  40.961  8.955  14.638 0.5000000000
109806  40.452  9.063  14.825 0.5000000000
109852  48.013  8.129  5.847 0.6000000238
109878  50.265  8.094  2.464 0.4000000060
109881  47.270  8.030  1.996 0.2000000030
109883  45.989  7.466  2.315 0.2000000030
109906  49.034  8.731  0.526 0.3000000119
109917  37.366  8.740  -0.957 0.1000000015
109926  42.649  9.114  -2.184 0.1000000015
109927  38.883  8.455  -2.144 0.1000000015
109928  38.396  8.645  -1.693 0.1000000015
109935  43.331  8.490  -2.973 0.1000000015
109937  40.004  8.737  -3.010 0.1000000015
109947  43.853  8.667  -3.559 0.1000000015
109949  40.790  8.310  -4.243 0.1000000015
109952  38.947  9.157  -3.112 0.1000000015
109959  42.692  8.268  -4.897 0.1000000015
109970  42.181  8.579  -5.276 0.1000000015
110626  44.971  8.440  22.804 0.1000000015
110639  43.991  9.306  22.588 0.1000000015
110667  45.270  9.820  21.124 0.2000000030
110682  43.601  9.715  20.051 0.2000000030
110699  39.434  10.106  16.661 0.3000000119
110704  39.467  9.888  16.109 0.4000000060
110710  44.069  8.732  15.072 0.6000000238
110711  40.028  9.230  15.027 0.5000000000
110758  47.034  9.021  5.824 0.6999999881
110759  46.684  9.355  6.363 0.6000000238
110773  46.714  9.623  5.529 0.6999999881
110788  46.881  9.747  4.888 0.6999999881
110789  39.521  10.537  5.215 0.1000000015
110801  47.783  9.607  3.608 0.6000000238
110803  38.859  9.914  2.867 0.2000000030
110814  48.834  9.247  2.696 0.4000000060
110815  39.428  10.015  2.921 0.2000000030
110816  39.127  9.999  2.731 0.2000000030
110822  49.425  9.355  1.796 0.3000000119
110828  43.976  8.618  1.386 0.2000000030
110836  47.906  9.707  -0.162 0.3000000119
110852  42.233  9.927  -0.887 0.2000000030
110863  41.937  9.923  -1.965 0.2000000030
110866  35.717  9.818  -1.144 0.1000000015
110871  41.875  10.023  -2.484 0.2000000030
110878  44.158  9.054  -3.931 0.1000000015
110879  43.637  9.138  -3.917 0.1000000015
110882  40.268  8.999  -4.377 0.1000000015
110893  39.797  9.931  -4.423 0.2000000030
110894  39.365  10.297  -4.213 0.1000000015
110902  40.838  9.445  -5.300 0.2000000030
111535  44.773  9.798  22.430 0.1000000015
111547  45.290  10.432  21.957 0.2000000030
111572  44.391  10.757  20.520 0.2000000030
111581  40.625  10.370  18.146 0.1000000015
111585  38.743  11.019  17.095 0.2000000030
111594  38.788  10.847  15.956 0.2000000030
111616  47.162  11.282  12.802 0.8000000119
111643  46.396  10.207  7.404 0.6999999881
111656  46.408  10.015  6.678 0.6999999881
111671  40.271  11.395  5.239 0.3000000119
111673  39.114  10.653  5.771 0.1000000015
111694  47.498  10.392  3.670 0.6000000238
111708  48.892  9.702  2.416 0.4000000060
111711  41.240  10.906  2.585 0.2000000030
111738  47.857  10.192  -0.564 0.3000000119
111756  46.816  11.200  -1.077 0.3000000119
111757  46.164  11.284  -0.683 0.3000000119
111768  46.898  11.689  -1.616 0.3000000119
111769  42.033  10.394  -1.411 0.2000000030
111777  42.048  9.805  -2.987 0.2000000030
111785  41.784  9.755  -3.456 0.2000000030
111787  39.456  11.028  -4.172 0.1000000015
111788  39.118  10.660  -3.960 0.1000000015
111802  40.768  9.879  -5.254 0.2000000030
112432  38.965  12.613  26.997 0.1000000015
112449  40.124  11.457  25.231 0.1000000015
112450  37.137  12.160  25.888 0.1000000015
112478  45.064  10.714  21.984 0.1000000015
112479  44.646  10.872  21.775 0.2000000030
112497  45.013  10.761  21.729 0.2000000030
112511  43.271  11.522  19.962 0.2000000030
112515  42.621  11.132  19.459 0.2000000030
112523  38.870  11.481  17.617 0.2000000030
112528  38.380  11.288  16.886 0.2000000030
112534  37.539  11.825  15.960 0.2000000030
112541  42.559  11.734  13.876 0.6000000238
112542  41.230  11.717  13.856 0.6000000238
112557  41.512  12.289  13.734 0.6000000238
112599  38.137  12.161  6.956 0.2000000030
112622  47.034  11.291  4.808 0.6000000238
112638  41.232  11.068  2.963 0.2000000030
112647  45.693  11.143  -0.297 0.3000000119
112648  45.046  11.295  -0.239 0.3000000119
112660  47.704  11.665  -1.297 0.3000000119
112667  39.931  11.843  -0.622 0.2000000030
112672  35.443  10.724  -0.188 0.1000000015
112675  47.774  12.130  -1.392 0.3000000119
112681  42.070  11.332  -1.958 0.2000000030
112685  36.438  10.757  -0.802 0.1000000015
112689  46.797  12.589  -2.211 0.3000000119
112690  46.617  12.397  -2.107 0.3000000119
112691  43.764  12.700  -2.766 0.2000000030
112692  43.168  12.502  -2.685 0.2000000030
112693  42.326  12.144  -2.663 0.2000000030
112710  39.735  11.286  -4.298 0.2000000030
113256  33.592  12.370  30.458 0.1000000015
113297  39.741  13.198  26.643 0.1000000015
113354  35.546  12.471  23.109 0.2000000030
113359  31.266  13.107  22.300 0.2000000030
113373  31.327  13.344  21.826 0.2000000030
113388  31.939  13.187  20.935 0.2000000030
113394  42.907  12.382  20.195 0.1000000015
113423  37.864  11.972  15.453 0.3000000119
113425  36.679  13.105  15.917 0.2000000030
113438  37.741  13.039  15.072 0.3000000119
113449  42.291  12.457  13.751 0.6000000238
113450  41.803  12.644  13.692 0.6000000238
113455  47.790  12.269  12.411 0.8000000119
113495  37.843  12.401  7.110 0.2000000030
113501  49.040  13.497  6.292 0.6999999881
113550  46.976  13.193  0.704 0.4000000060
113557  47.930  12.503  -0.839 0.3000000119
113568  47.511  12.788  -1.399 0.3000000119
113569  45.712  12.730  -1.988 0.3000000119
113572  42.916  13.570  -1.248 0.2000000030
113574  40.501  13.139  -1.552 0.2000000030
113580  47.003  12.996  -2.213 0.3000000119
113592  44.080  13.782  -3.410 0.2000000030
113596  40.253  12.538  -4.052 0.2000000030
113597  39.761  12.283  -3.612 0.2000000030
114207  40.388  13.502  26.683 0.1000000015
114222  29.633  13.847  25.877 0.1000000015
114233  38.894  13.380  24.854 0.1000000015
114235  29.597  13.961  24.932 0.2000000030
114243  37.827  13.372  24.083 0.2000000030
114245  29.721  14.125  24.056 0.2000000030
114254  30.729  13.353  22.612 0.2000000030
114256  29.820  14.081  23.621 0.2000000030
114264  35.414  12.608  22.630 0.2000000030
114266  30.628  13.820  22.326 0.2000000030
114280  30.909  13.816  21.888 0.2000000030
114289  43.557  12.965  20.872 0.1000000015
114301  31.733  13.776  20.955 0.2000000030
114308  41.905  12.957  20.081 0.1000000015
114319  38.462  12.546  18.709 0.2000000030
114327  46.267  14.254  17.142 0.6000000238
114328  45.826  14.310  17.028 0.6000000238
114329  36.204  13.095  17.094 0.2000000030
114369  42.519  12.777  13.850 0.6000000238
114370  42.244  12.908  13.763 0.6000000238
114398  45.222  14.026  9.146 0.6999999881
114408  47.215  14.115  7.932 0.8000000119
114420  49.440  13.901  7.099 0.8000000119
114426  42.140  13.947  7.572 0.4000000060
114442  41.889  13.949  6.874 0.4000000060
114451  47.503  14.443  5.549 0.6999999881
114456  40.343  13.706  5.264 0.4000000060
114461  47.128  14.669  3.829 0.6000000238
114462  46.775  14.537  4.057 0.5000000000
114473  48.063  14.235  3.388 0.5000000000
114507  44.024  13.516  -0.236 0.3000000119
114510  47.089  13.583  -0.025 0.3000000119
114514  43.766  13.868  -0.953 0.3000000119
114517  40.911  13.209  -1.500 0.2000000030
114524  44.823  13.578  -1.881 0.3000000119
114525  43.488  14.030  -1.570 0.3000000119
114530  39.499  12.676  -2.454 0.2000000030
114537  45.381  13.269  -1.863 0.3000000119
114542  39.866  12.978  -3.167 0.2000000030
114543  39.537  12.547  -2.736 0.2000000030
114548  44.293  14.054  -3.227 0.2000000030
114549  43.750  14.091  -3.597 0.2000000030
114551  41.963  13.403  -3.875 0.2000000030
114552  40.783  13.304  -4.027 0.2000000030
114560  41.010  12.705  -4.406 0.2000000030
115124  41.413  14.249  26.222 0.1000000015
115133  41.193  14.428  25.745 0.1000000015
115143  42.378  14.799  22.975 0.1000000015
115149  29.869  14.398  23.631 0.2000000030
115166  31.340  14.536  21.411 0.2000000030
115167  30.880  14.195  21.879 0.2000000030
115176  42.218  13.990  21.282 0.1000000015
115178  32.029  14.589  20.149 0.2000000030
115188  33.221  14.072  19.182 0.2000000030
115189  32.682  14.167  19.513 0.2000000030
115191  34.262  14.133  18.225 0.2000000030
115192  33.658  14.230  18.637 0.2000000030
115195  47.127  15.182  17.289 0.6000000238
115205  45.031  14.839  16.351 0.6000000238
115208  34.956  14.354  17.068 0.2000000030
115213  45.581  14.064  16.279 0.6999999881
115214  44.994  14.394  15.764 0.6000000238
115219  36.717  14.178  15.538 0.3000000119
115221  47.684  14.102  13.810 0.8999999762
115225  43.259  14.041  14.721 0.6000000238
115229  38.920  14.205  14.494 0.3000000119
115230  37.978  14.164  14.838 0.3000000119
115232  47.825  14.171  13.274 0.8999999762
115259  44.489  14.600  9.366 0.6000000238
115268  49.506  14.526  8.318 0.8000000119
115282  48.874  14.657  7.352 0.8000000119
115284  41.939  14.349  8.091 0.4000000060
115294  48.757  14.526  6.491 0.8000000119
115306  49.033  14.256  6.226 0.8000000119
115308  48.026  14.547  5.284 0.6999999881
115310  47.019  14.615  4.436 0.6000000238
115321  47.024  14.708  4.179 0.6000000238
115328  48.225  14.399  4.023 0.6000000238
115330  47.499  14.697  3.750 0.6000000238
115345  44.388  13.964  -1.372 0.3000000119
115353  44.757  13.767  -1.615 0.3000000119
115363  43.401  14.453  -2.932 0.2000000030
115366  41.057  13.847  -3.665 0.2000000030
115372  43.830  14.418  -3.322 0.2000000030
115375  41.440  13.780  -3.740 0.2000000030
115921  30.124  15.825  24.744 0.2000000030
115925  31.050  15.757  23.744 0.3000000119
115931  42.369  15.098  22.849 0.1000000015
115932  31.185  15.553  22.964 0.3000000119
115933  30.564  15.302  23.381 0.3000000119
115934  30.021  15.019  23.752 0.2000000030
115937  42.654  14.944  22.550 0.1000000015
115938  42.394  15.146  22.592 0.1000000015
115954  31.719  14.968  20.807 0.2000000030
115966  46.184  16.109  18.228 0.6000000238
115968  33.336  15.248  18.388 0.2000000030
115973  45.666  15.584  17.632 0.6000000238
115974  45.061  15.784  17.344 0.6000000238
115979  45.462  15.054  17.100 0.6000000238
115989  46.833  16.083  15.695 0.8000000119
116001  46.807  15.838  15.190 0.8000000119
116009  46.884  15.649  14.632 0.8000000119
116017  47.797  15.071  12.375 0.8999999762
116042  43.945  15.138  9.296 0.6999999881
116642  36.524  17.216  26.084 0.1000000015
116674  34.310  16.699  22.336 0.2000000030
116704  47.110  16.339  17.280 0.6000000238
116706  45.486  16.138  18.022 0.6000000238
116712  34.379  16.298  17.467 0.3000000119
116713  33.782  15.793  17.896 0.2000000030
116716  47.167  16.171  16.850 0.6000000238
116718  44.770  15.913  17.172 0.6000000238
116724  38.911  17.164  16.177 0.4000000060
116732  47.154  15.942  16.464 0.6999999881
116734  44.037  15.820  16.296 0.5000000000
116739  38.769  16.684  15.681 0.4000000060
116741  36.930  16.036  15.716 0.3000000119
116747  46.933  16.189  13.699 0.8999999762
116768  49.145  16.261  10.126 0.8999999762
116770  47.779  17.281  9.909 0.8999999762
116779  49.255  16.096  9.846 0.8999999762
116785  44.362  15.716  9.356 0.6999999881
117376  36.839  17.631  23.429 0.2000000030
117383  33.954  17.082  20.963 0.3000000119
117390  33.957  17.133  20.167 0.3000000119
117402  44.305  17.999  19.646 0.6000000238
117404  34.952  18.011  19.380 0.3000000119
117409  46.261  17.089  18.369 0.6000000238
117413  43.043  17.732  19.016 0.5000000000
117414  42.367  17.736  18.559 0.5000000000
117419  46.437  17.223  18.085 0.6000000238
117420  46.131  17.702  18.103 0.6000000238
117424  41.144  17.611  17.570 0.5000000000
117426  39.688  17.843  17.201 0.4000000060
117435  40.833  17.279  17.020 0.4000000060
117438  37.803  17.663  16.701 0.4000000060
117463  48.138  17.318  11.458 0.8999999762
117468  47.725  17.503  9.935 0.8999999762
117487  45.511  17.834  9.452 0.6999999881
117491  42.613  16.888  8.411 0.5000000000
118052  37.845  18.614  25.014 0.2000000030
118065  33.553  18.666  23.769 0.1000000015
118070  36.850  17.982  22.721 0.2000000030
118075  37.159  18.726  22.242 0.2000000030
118078  31.888  19.040  20.780 0.1000000015
118084  44.023  19.368  20.282 0.6000000238
118085  43.223  19.083  20.413 0.5000000000
118090  31.837  19.178  20.482 0.1000000015
118091  31.640  19.171  20.538 0.1000000015
118108  34.950  18.014  20.058 0.3000000119
118113  42.407  17.962  19.017 0.5000000000
118125  45.325  18.583  17.670 0.6000000238
118126  41.395  17.808  17.997 0.5000000000
118128  40.082  18.229  17.744 0.4000000060
118132  36.294  18.449  18.256 0.4000000060
118138  38.001  18.031  16.978 0.4000000060
118142  42.255  18.947  15.420 0.6000000238
118148  42.242  18.888  15.196 0.6000000238
118149  41.905  18.855  15.036 0.6000000238
118153  46.760  18.126  13.717 0.8999999762
118165  48.059  17.790  11.354 0.8999999762
118194  44.730  18.090  7.801 0.6999999881
118200  38.906  18.793  7.147 0.3000000119
118234  37.662  18.611  2.795 0.1000000015
118247  40.046  18.380  0.363 0.3000000119
118248  39.715  18.338  0.515 0.2000000030
118255  40.065  18.289  0.072 0.3000000119
118264  38.991  19.099  -0.377 0.2000000030
118783  35.030  19.183  23.287 0.2000000030
118788  38.561  19.435  23.509 0.2000000030
118789  38.222  19.245  22.997 0.3000000119
118790  36.028  20.202  22.891 0.2000000030
118813  42.519  19.661  20.551 0.5000000000
118815  40.783  19.855  20.288 0.5000000000
118818  36.858  19.016  21.315 0.4000000060
118819  33.094  19.698  20.478 0.2000000030
118834  43.734  20.578  19.199 0.6000000238
118835  42.405  19.024  20.201 0.5000000000
118840  37.580  19.504  20.089 0.4000000060
118841  36.882  19.131  20.355 0.4000000060
118842  32.053  19.604  19.610 0.2000000030
118843  31.433  19.539  19.480 0.2000000030
118853  42.565  20.473  17.954 0.6000000238
118854  40.220  18.936  18.888 0.5000000000
118859  31.012  19.647  18.897 0.2000000030
118866  42.616  20.140  17.523 0.6000000238
118874  40.412  20.252  15.962 0.6000000238
118876  46.673  20.058  14.778 0.8999999762
118884  39.520  20.084  15.152 0.4000000060
118887  46.969  20.101  13.931 0.8999999762
118888  45.250  20.055  14.508 0.8000000119
118894  39.411  19.856  14.538 0.4000000060
118895  38.799  19.978  14.105 0.4000000060
118899  44.597  20.070  13.813 0.8000000119
118909  43.829  19.945  13.083 0.8000000119
118911  42.326  19.476  12.935 0.8999999762
118913  40.463  19.614  12.979 0.8000000119
118959  41.852  18.948  7.127 0.3000000119
118962  39.062  19.253  6.573 0.3000000119
118968  47.103  19.927  6.653 0.8999999762
118983  47.152  19.880  6.413 0.8999999762
118993  38.029  19.159  4.121 0.1000000015
119015  45.316  19.511  3.806 0.6999999881
119018  37.992  19.020  2.846 0.1000000015
119024  46.786  19.630  3.546 0.8000000119
119026  40.133  19.196  1.239 0.2000000030
119028  38.964  18.608  1.592 0.2000000030
119040  37.231  19.099  1.406 0.2000000030
119043  42.005  19.444  -0.390 0.3000000119
119044  41.422  19.268  -0.137 0.3000000119
119047  38.809  19.486  0.033 0.3000000119
119051  42.678  19.706  -1.011 0.3000000119
119052  42.248  19.522  -0.802 0.3000000119
119055  39.513  19.557  -0.265 0.2000000030
119056  39.069  19.331  -0.270 0.3000000119
119061  41.941  19.685  -1.312 0.4000000060
119063  40.688  19.984  -1.025 0.3000000119
119547  38.191  20.272  24.267 0.2000000030
119548  38.059  20.103  24.426 0.2000000030
119560  37.775  20.511  24.055 0.2000000030
119561  37.016  20.605  23.549 0.2000000030
119569  38.734  20.252  23.299 0.3000000119
119572  35.534  20.577  22.229 0.2000000030
119579  41.969  21.257  21.318 0.5000000000
119586  33.940  19.991  21.123 0.2000000030
119594  44.024  20.691  20.205 0.6000000238
119599  39.749  20.536  20.944 0.4000000060
119602  34.229  20.590  20.702 0.2000000030
119615  43.902  20.949  19.752 0.6000000238
119616  40.511  19.916  20.231 0.5000000000
119620  32.495  19.954  19.488 0.2000000030
119630  43.284  21.011  19.058 0.5000000000
119633  33.043  20.739  18.661 0.2000000030
119636  30.542  19.874  18.511 0.2000000030
119641  42.023  20.476  17.567 0.6000000238
119642  41.268  21.017  17.424 0.5000000000
119646  30.637  20.227  17.817 0.2000000030
119655  31.828  20.979  16.783 0.2000000030
119658  29.879  20.494  17.263 0.2000000030
119659  29.500  20.485  17.572 0.2000000030
119661  46.395  20.656  14.425 0.8999999762
119663  45.795  20.230  14.820 0.6999999881
119664  40.100  20.361  15.843 0.5000000000
119665  39.386  20.507  15.578 0.4000000060
119666  38.645  20.685  15.287 0.4000000060
119670  46.112  21.150  14.139 0.8000000119
119672  44.905  20.193  13.916 0.8000000119
119680  45.223  20.820  13.295 0.8000000119
119682  44.101  20.072  13.160 0.8000000119
119683  39.128  19.912  13.142 0.5000000000
119695  39.642  19.856  12.473 0.6999999881
119697  37.783  20.494  12.597 0.5000000000
119700  44.715  20.909  11.889 0.8999999762
119705  39.989  20.145  11.539 0.6999999881
119716  43.909  20.740  11.071 0.8999999762
119731  46.873  20.436  8.037 0.8999999762
119732  46.564  20.028  7.838 0.8999999762
119741  46.866  20.087  7.327 0.8999999762
119748  47.010  19.986  6.971 0.8999999762
119760  47.449  20.244  5.401 0.8999999762
119767  39.989  20.205  2.843 0.4000000060
119775  44.959  19.901  3.359 0.6999999881
119780  39.997  19.742  2.110 0.4000000060
119781  37.361  20.801  2.615 0.1000000015
119795  40.036  19.456  1.757 0.2000000030
119808  40.673  19.334  0.886 0.2000000030
119810  38.746  20.640  1.310 0.2000000030
119818  42.273  19.668  -0.145 0.3000000119
119820  40.226  20.568  0.153 0.2000000030
119821  39.565  20.351  0.377 0.2000000030
119822  38.538  20.008  0.595 0.1000000015
119823  38.196  19.884  0.653 0.1000000015
119830  40.968  20.633  -0.665 0.3000000119
119831  40.463  20.343  -0.413 0.3000000119
119835  42.494  20.209  -1.435 0.4000000060
119837  41.099  20.436  -1.012 0.3000000119
119870  37.899  21.206  -10.123 0.1000000015
119877  38.285  21.277  -10.178 0.1000000015
119878  38.015  21.225  -10.332 0.1000000015
119879  37.224  20.883  -10.519 0.1000000015
119888  37.758  21.170  -10.691 0.1000000015
120384  38.850  21.783  24.018 0.2000000030
120397  39.930  21.798  23.293 0.4000000060
120407  42.962  22.053  21.198 0.5000000000
120408  42.431  22.150  21.433 0.5000000000
120412  36.227  21.793  21.977 0.2000000030
120414  35.023  20.913  21.302 0.2000000030
120421  43.209  22.122  20.788 0.5000000000
120423  41.719  21.223  21.305 0.5000000000
120424  41.205  21.185  21.285 0.5000000000
120428  29.001  21.714  20.567 0.1000000015
120437  42.966  22.139  19.620 0.5000000000
120453  40.875  21.998  18.146 0.4000000060
120456  32.982  20.804  18.371 0.2000000030
120459  41.226  21.446  17.797 0.5000000000
120460  40.534  21.621  17.519 0.5000000000
120469  40.269  21.180  16.897 0.5000000000
120473  34.184  21.828  16.607 0.3000000119
120477  30.674  21.105  16.389 0.2000000030
120484  37.842  21.664  15.722 0.4000000060
120488  30.775  21.614  15.884 0.2000000030
120492  45.760  21.167  13.950 0.8000000119
120493  38.255  20.841  15.142 0.4000000060
120498  46.351  21.503  12.943 0.8999999762
120499  46.001  21.639  13.351 0.8999999762
120500  45.613  21.227  13.444 0.8000000119
120501  37.116  21.160  13.808 0.4000000060
120510  36.803  21.546  13.436 0.4000000060
120513  45.265  21.739  11.209 0.8999999762
120514  44.724  21.148  11.405 0.8999999762
120526  45.146  21.886  10.700 0.8999999762
120533  38.740  21.118  10.770 0.5000000000
120542  44.487  21.663  10.013 0.8999999762
120544  43.062  21.411  9.672 0.8999999762
120546  40.976  21.652  9.567 0.8999999762
120570  47.668  21.228  5.930 0.8999999762
120575  47.640  20.675  5.685 0.8999999762
120603  39.396  21.540  1.855 0.2000000030
120610  40.340  21.449  1.050 0.2000000030
120618  41.099  21.554  0.087 0.2000000030
120619  40.561  21.187  0.430 0.2000000030
120634  45.244  21.880  -1.252 0.5000000000
120636  42.281  20.746  -1.494 0.4000000060
120638  41.366  20.791  -0.928 0.4000000060
120670  39.539  21.746  -9.871 0.1000000015
120673  37.357  21.320  -9.857 0.1000000015
120675  35.581  21.191  -9.829 0.1000000015
120684  38.274  21.295  -10.225 0.1000000015
120699  39.182  21.723  -10.501 0.1000000015
120700  38.490  21.563  -10.762 0.1000000015
121173  39.287  22.746  24.046 0.4000000060
121185  41.874  23.125  22.131 0.5000000000
121186  41.756  22.966  22.351 0.5000000000
121187  41.155  22.701  22.847 0.5000000000
121188  40.436  22.559  23.635 0.4000000060
121191  37.077  22.092  22.607 0.2000000030
121203  41.189  22.136  22.280 0.5000000000
121214  42.891  22.413  20.488 0.5000000000
121215  42.399  22.831  20.931 0.5000000000
121222  35.859  22.089  21.081 0.2000000030
121230  43.141  22.262  20.294 0.5000000000
121231  42.762  22.525  19.945 0.5000000000
121236  37.311  22.736  19.553 0.3000000119
121239  35.105  21.850  19.637 0.2000000030
121249  42.693  22.249  19.460 0.5000000000
121265  38.795  22.288  17.508 0.3000000119
121291  29.052  22.176  15.929 0.1000000015
121294  37.347  21.833  15.298 0.4000000060
121295  36.792  22.292  14.839 0.4000000060
121296  34.713  23.223  15.041 0.3000000119
121305  46.201  22.006  11.866 0.8999999762
121306  45.934  21.901  12.102 0.8999999762
121308  36.645  22.078  13.261 0.5000000000
121311  46.707  22.242  11.196 0.8999999762
121315  37.309  22.103  11.800 0.5000000000
121321  45.025  21.903  10.385 0.8999999762
121322  38.925  21.764  10.294 0.5000000000
121323  38.327  22.113  10.645 0.5000000000
121324  37.791  21.886  11.254 0.5000000000
121352  40.932  22.759  8.703 0.8999999762
121395  32.994  22.431  6.311 0.1000000015
121418  46.015  22.539  2.554 0.8999999762
121430  40.100  21.739  1.599 0.2000000030
121436  42.028  22.650  0.050 0.3000000119
121448  41.598  22.038  -0.282 0.3000000119
121455  44.534  22.788  -1.401 0.5000000000
121467  37.764  22.587  -4.030 0.1000000015
121473  38.586  22.670  -4.493 0.1000000015
121474  38.257  22.635  -4.350 0.1000000015
121476  36.982  22.713  -4.312 0.1000000015
121483  38.253  22.705  -4.842 0.1000000015
121489  42.433  22.569  -6.869 0.1000000015
121490  41.864  22.339  -6.942 0.1000000015
121494  42.833  22.649  -7.068 0.1000000015
121497  41.021  22.577  -7.964 0.1000000015
121502  42.891  22.761  -7.493 0.1000000015
121514  40.945  22.826  -9.056 0.1000000015
121971  40.432  23.048  24.013 0.4000000060
121972  39.988  23.275  24.022 0.4000000060
121980  42.015  22.971  22.037 0.5000000000
121981  41.805  23.221  22.207 0.5000000000
121982  41.428  23.333  22.609 0.5000000000
121985  38.578  23.212  22.757 0.3000000119
121996  41.915  23.179  21.970 0.5000000000
121997  41.673  23.470  22.025 0.5000000000
122000  39.050  23.484  22.136 0.3000000119
122009  41.971  23.222  21.639 0.5000000000
122013  38.549  23.365  21.192 0.3000000119
122014  37.760  23.208  21.107 0.2000000030
122022  41.374  23.596  20.658 0.4000000060
122034  27.906  24.097  18.360 0.1000000015
122042  27.955  23.272  18.106 0.1000000015
122046  27.974  23.252  16.950 0.1000000015
122050  36.019  23.209  15.216 0.3000000119
122058  36.298  23.170  14.813 0.3000000119
122061  34.346  23.616  14.670 0.3000000119
122085  38.762  22.770  10.195 0.5000000000
122093  41.232  23.366  8.123 0.6999999881
122101  42.165  23.428  7.245 0.8999999762
122103  41.115  23.614  8.067 0.6999999881
122124  42.857  23.534  5.886 0.8999999762
122132  43.874  23.477  4.767 0.8000000119
122140  39.235  23.651  3.113 0.2000000030
122149  40.204  23.298  2.208 0.2000000030
122151  39.002  22.885  2.999 0.2000000030
122160  40.612  23.088  1.672 0.2000000030
122171  43.227  23.842  -0.022 0.4000000060
122172  42.410  23.233  0.303 0.4000000060
122186  46.925  23.350  -0.878 0.6000000238
122187  44.260  24.171  -0.905 0.5000000000
122202  47.124  24.382  -1.496 0.6000000238
122219  36.000  23.572  -2.972 0.1000000015
122228  38.071  23.059  -3.890 0.1000000015
122240  38.480  22.938  -4.283 0.1000000015
122252  38.235  23.285  -5.445 0.1000000015
122253  37.385  23.180  -5.088 0.1000000015
122258  43.771  23.602  -6.791 0.1000000015
122259  42.775  23.054  -6.680 0.1000000015
122270  43.361  23.011  -7.181 0.1000000015
122280  44.028  23.765  -7.622 0.1000000015
122282  42.425  23.385  -8.447 0.1000000015
122294  37.560  22.725  -9.423 0.1000000015
122759  29.229  24.640  20.187 0.1000000015
122803  35.506  24.455  14.056 0.3000000119
122804  34.803  24.909  13.990 0.3000000119
122806  39.051  24.833  12.326 0.5000000000
122813  38.684  24.129  11.750 0.5000000000
122829  40.958  24.968  8.296 0.8000000119
122843  40.951  24.007  8.060 0.8000000119
122870  37.469  24.395  4.509 0.2000000030
122910  47.278  23.848  0.450 0.6999999881
122911  43.305  24.323  -0.066 0.4000000060
122923  47.155  25.531  -1.016 0.6000000238
122926  43.168  25.118  -0.082 0.4000000060
122937  47.351  24.620  -1.310 0.6000000238
122939  45.931  24.794  -1.553 0.5000000000
122953  37.068  24.289  -2.918 0.1000000015
122967  35.236  23.900  -3.693 0.1000000015
122981  36.364  23.619  -4.510 0.1000000015
122982  35.776  23.892  -4.242 0.1000000015
122989  41.302  23.366  -5.769 0.1000000015
122990  40.753  23.682  -5.618 0.1000000015
122993  37.715  23.974  -5.501 0.1000000015
122994  36.811  23.724  -4.901 0.1000000015
122999  44.565  24.999  -7.017 0.1000000015
123045  40.585  24.142  -9.846 0.1000000015
123049  35.218  23.855  -9.191 0.1000000015
123451  28.323  25.557  19.215 0.1000000015
123476  32.668  25.845  16.115 0.2000000030
123487  33.172  25.506  15.320 0.3000000119
123491  29.209  25.463  15.473 0.1000000015
123493  27.979  25.746  15.967 0.1000000015
123501  34.144  25.212  14.222 0.3000000119
123502  33.342  25.092  14.700 0.3000000119
123513  34.663  25.297  13.986 0.3000000119
123521  37.223  25.157  12.699 0.4000000060
123522  36.705  25.097  13.054 0.4000000060
123524  43.228  26.039  11.399 0.5000000000
123528  39.839  24.864  11.985 0.5000000000
123531  42.275  25.984  10.723 0.5000000000
123533  40.650  25.365  10.953 0.5000000000
123544  27.524  25.011  8.098 0.1000000015
123552  42.259  25.700  7.186 0.8000000119
123568  45.076  26.508  5.533 0.6999999881
123570  43.093  25.533  6.074 0.8000000119
123584  46.233  26.543  5.157 0.6999999881
123586  44.721  25.963  5.168 0.6999999881
123588  42.914  25.062  5.830 0.8000000119
123601  36.184  26.103  4.964 0.1000000015
123603  27.499  25.755  4.589 0.1000000015
123609  44.909  24.756  3.834 0.8999999762
123624  29.244  25.472  2.812 0.1000000015
123631  46.655  26.183  0.633 0.6999999881
123641  47.358  25.558  0.257 0.6000000238
123664  46.674  25.755  -1.235 0.6000000238
123677  37.158  24.723  -2.894 0.1000000015
123702  39.973  24.949  -4.719 0.1000000015
123704  35.683  24.372  -4.519 0.1000000015
123712  40.737  25.047  -5.563 0.1000000015
123714  37.662  24.441  -5.656 0.1000000015
123722  44.686  25.462  -6.871 0.1000000015
123723  44.264  25.394  -6.781 0.1000000015
123727  38.358  24.453  -6.390 0.1000000015
123728  37.981  24.629  -6.086 0.1000000015
123739  44.895  25.464  -7.073 0.1000000015
123740  44.741  25.126  -7.329 0.1000000015
123742  37.845  25.276  -7.016 0.1000000015
123745  35.010  26.038  -7.843 0.1000000015
123746  33.035  26.099  -7.953 0.1000000015
123747  32.728  26.085  -7.964 0.1000000015
123755  44.930  25.639  -7.446 0.1000000015
123756  44.452  25.264  -7.766 0.1000000015
124176  27.731  26.387  18.091 0.1000000015
124182  27.557  26.355  17.362 0.1000000015
124189  34.164  26.571  16.545 0.3000000119
124193  27.574  26.397  16.643 0.1000000015
124199  43.235  27.072  15.435 0.2000000030
124201  34.768  26.798  15.594 0.4000000060
124203  33.656  26.086  15.522 0.3000000119
124204  32.382  25.915  16.257 0.2000000030
124205  31.719  26.072  16.154 0.2000000030
124209  27.928  26.465  15.928 0.1000000015
124220  43.373  26.928  14.995 0.3000000119
124225  34.240  26.159  14.680 0.3000000119
124239  38.797  26.978  13.333 0.4000000060
124240  36.815  26.392  12.968 0.4000000060
124247  44.535  27.102  11.495 0.6000000238
124249  43.334  26.009  13.053 0.5000000000
124250  39.316  26.078  12.885 0.5000000000
124257  43.130  26.047  11.101 0.5000000000
124262  42.837  26.151  10.543 0.5000000000
124263  42.174  26.057  10.454 0.5000000000
124270  44.479  27.008  7.771 0.6999999881
124281  31.539  26.369  7.277 0.1000000015
124290  46.452  27.070  5.955 0.6999999881
124291  45.667  26.804  5.943 0.6999999881
124308  47.226  27.049  4.929 0.8000000119
124310  46.157  26.731  5.503 0.6999999881
124311  44.552  26.265  5.576 0.6999999881
124324  47.482  26.866  4.239 0.6999999881
124327  36.382  26.661  4.531 0.1000000015
124329  28.179  26.390  4.292 0.1000000015
124336  47.476  26.463  3.341 0.8000000119
124337  47.284  26.378  3.897 0.8000000119
124338  45.147  26.798  2.806 0.6999999881
124339  44.601  26.922  2.833 0.6999999881
124340  38.076  26.250  3.114 0.2000000030
124351  46.378  26.426  2.024 0.6999999881
124353  44.431  26.854  2.104 0.6999999881
124356  38.386  26.851  2.698 0.2000000030
124359  29.367  26.244  2.928 0.1000000015
124367  44.325  27.094  1.423 0.6999999881
124376  46.263  26.283  -0.471 0.6000000238
124378  45.281  26.717  0.422 0.6999999881
124379  42.577  26.685  0.040 0.4000000060
124394  31.968  26.565  0.295 0.1000000015
124397  46.341  25.996  -1.334 0.6000000238
124398  45.965  26.194  -1.349 0.5000000000
124399  45.513  26.367  -1.267 0.5000000000
124406  36.354  26.252  -2.662 0.1000000015
124433  38.619  26.460  -4.415 0.1000000015
124447  42.320  26.658  -6.194 0.1000000015
124449  40.412  26.375  -5.533 0.1000000015
124453  35.910  25.759  -5.513 0.1000000015
124464  42.927  26.187  -6.407 0.1000000015
124467  35.603  26.377  -6.271 0.1000000015
124470  32.601  27.006  -6.952 0.1000000015
124481  45.001  26.305  -7.183 0.1000000015
124483  35.234  26.281  -7.125 0.1000000015
124497  33.340  26.153  -7.992 0.1000000015
124498  31.487  26.013  -7.977 0.1000000015
124873  42.464  28.222  17.096 0.3000000119
124876  40.316  27.982  17.782 0.2000000030
124880  34.718  27.494  17.314 0.4000000060
124881  27.502  26.972  17.006 0.1000000015
124887  43.170  28.109  16.102 0.3000000119
124888  42.830  27.838  16.547 0.2000000030
124892  37.207  27.896  16.732 0.4000000060
124896  33.284  26.742  16.909 0.2000000030
124905  43.334  28.052  15.516 0.3000000119
124915  32.070  27.169  16.141 0.3000000119
124918  29.345  27.546  15.215 0.1000000015
124919  28.225  27.436  15.781 0.1000000015
124928  43.465  27.301  15.198 0.3000000119
124929  41.479  27.184  15.340 0.2000000030
124934  35.983  27.387  14.665 0.4000000060
124935  35.347  27.016  14.744 0.4000000060
124953  35.248  26.750  14.393 0.4000000060
124962  44.490  27.933  12.822 0.6000000238
124975  45.220  28.409  8.590 0.6999999881
124979  45.348  28.284  8.220 0.6999999881
124980  45.124  27.628  8.090 0.6999999881
124983  46.200  28.069  6.732 0.6999999881
125002  47.064  27.444  5.012 0.8000000119
125005  45.720  28.204  4.819 0.6999999881
125006  45.003  27.988  4.852 0.6999999881
125011  30.205  27.703  6.154 0.1000000015
125017  46.949  27.844  4.322 0.6999999881
125018  46.242  27.999  4.452 0.6999999881
125029  47.318  27.316  3.875 0.6999999881
125033  43.848  27.351  3.369 0.6999999881
125063  45.327  27.094  -0.176 0.6999999881
125072  45.306  27.082  -0.392 0.6999999881
125076  33.185  26.879  -0.757 0.1000000015
125094  36.647  27.157  -3.406 0.1000000015
125099  38.520  27.385  -4.600 0.1000000015
125108  43.864  27.723  -5.997 0.1000000015
125114  33.369  26.992  -5.218 0.1000000015
125150  37.556  28.036  -9.593 0.1000000015
125159  37.612  27.885  -10.223 0.1000000015
125169  38.118  27.264  -11.352 0.1000000015
125181  37.825  27.666  -11.941 0.1000000015
125182  37.816  27.768  -11.673 0.1000000015
125203  37.626  27.805  -12.356 0.1000000015
125507  40.758  28.870  19.647 0.3000000119
125508  40.435  28.965  19.664 0.3000000119
125509  39.926  28.865  19.676 0.3000000119
125518  40.829  28.954  19.404 0.3000000119
125522  37.419  28.570  18.317 0.3000000119
125524  27.816  27.781  17.845 0.1000000015
125536  27.679  27.725  17.041 0.1000000015
125540  42.606  28.624  16.559 0.3000000119
125542  41.282  29.368  16.844 0.3000000119
125543  39.659  28.031  17.698 0.2000000030
125549  32.919  27.176  16.738 0.2000000030
125551  27.832  27.780  16.506 0.1000000015
125555  43.219  28.498  15.063 0.4000000060
125557  41.860  29.221  15.993 0.3000000119
125560  38.762  28.042  16.516 0.4000000060
125562  35.096  29.058  16.088 0.3000000119
125577  39.899  29.393  14.459 0.2000000030
125579  34.813  28.959  15.020 0.3000000119
125594  40.574  28.920  13.848 0.4000000060
125596  34.694  29.130  14.324 0.3000000119
125597  34.229  28.883  14.256 0.3000000119
125600  31.439  28.712  14.086 0.1000000015
125611  42.787  28.280  12.380 0.5000000000
125614  39.592  29.141  13.034 0.2000000030
125615  39.031  29.528  12.669 0.3000000119
125630  38.951  29.286  12.147 0.3000000119
125633  43.792  28.883  10.078 0.6000000238
125635  41.773  28.293  10.529 0.5000000000
125641  44.903  29.013  8.923 0.6999999881
125646  39.810  28.386  9.945 0.4000000060
125650  45.138  29.168  8.230 0.6999999881
125653  41.803  28.487  8.547 0.5000000000
125658  46.240  28.364  6.578 0.6999999881
125660  44.788  29.107  7.322 0.6999999881
125661  43.724  28.982  7.243 0.6999999881
125666  39.353  28.678  8.506 0.4000000060
125676  40.082  28.634  7.349 0.4000000060
125682  46.956  27.776  4.973 0.8000000119
125683  46.747  28.168  5.169 0.6999999881
125684  46.201  28.442  5.138 0.6999999881
125697  46.968  27.835  4.687 0.6999999881
125699  46.484  28.242  4.853 0.6999999881
125703  41.387  28.717  5.294 0.4000000060
125710  29.781  28.192  4.711 0.1000000015
125716  35.394  28.913  3.918 0.1000000015
125723  43.121  28.846  2.374 0.6000000238
125734  38.969  28.581  2.010 0.2000000030
125738  44.778  28.608  0.009 0.5000000000
125742  40.920  28.299  0.676 0.2000000030
125748  43.278  28.251  -0.459 0.5000000000
125755  32.892  28.576  -0.990 0.1000000015
125759  36.026  27.724  -3.041 0.1000000015
125761  34.777  28.264  -2.280 0.1000000015
125770  39.057  28.933  -5.036 0.1000000015
125782  38.940  28.023  -5.093 0.1000000015
125790  44.148  27.938  -5.991 0.1000000015
125793  40.653  29.224  -8.077 0.1000000015
125794  40.162  28.942  -7.967 0.1000000015
125795  39.360  28.838  -8.014 0.1000000015
125805  37.529  28.351  -8.995 0.1000000015
125831  36.999  29.447  -10.731 0.1000000015
125844  37.756  28.035  -11.967 0.1000000015
125864  37.685  28.087  -12.198 0.1000000015
126147  40.543  29.301  19.572 0.2000000030
126148  40.075  29.264  19.795 0.3000000119
126149  39.483  29.239  19.614 0.3000000119
126160  40.991  29.424  19.145 0.2000000030
126161  38.645  29.244  19.291 0.2000000030
126171  41.617  29.176  17.671 0.3000000119
126180  41.039  29.612  17.342 0.3000000119
126183  35.690  29.178  16.824 0.4000000060
126184  28.493  29.402  16.358 0.1000000015
126186  41.187  29.242  15.949 0.3000000119
126196  41.349  29.184  15.572 0.3000000119
126199  36.290  30.169  14.659 0.2000000030
126203  29.542  29.147  14.776 0.1000000015
126208  39.586  29.623  14.193 0.2000000030
126209  39.255  29.904  13.777 0.2000000030
126211  34.758  29.443  13.700 0.3000000119
126223  39.055  29.843  13.138 0.3000000119
126228  31.826  30.072  13.035 0.1000000015
126247  38.517  29.916  11.481 0.3000000119
126250  44.622  29.208  8.761 0.6999999881
126253  44.828  29.293  8.573 0.6999999881
126257  44.735  29.353  8.092 0.6999999881
126258  44.285  29.225  7.839 0.6999999881
126262  40.015  28.979  6.557 0.4000000060
126263  39.474  29.204  6.979 0.4000000060
126264  38.929  29.716  7.422 0.4000000060
126271  34.260  29.196  4.179 0.1000000015
126291  39.223  30.074  1.968 0.2000000030
126299  44.646  29.842  0.685 0.5000000000
126318  43.938  28.980  -0.431 0.5000000000
126328  32.881  29.363  -1.122 0.1000000015
126333  34.741  29.198  -2.390 0.1000000015
126344  39.691  29.458  -5.017 0.1000000015
126359  45.008  30.246  -5.722 0.1000000015
126379  45.143  30.162  -5.914 0.1000000015
126392  44.116  29.778  -8.149 0.1000000015
126418  36.250  29.436  -9.262 0.1000000015
126457  37.415  29.310  -11.904 0.1000000015
126775  40.419  29.512  19.524 0.2000000030
126776  40.216  29.562  19.566 0.2000000030
126780  29.927  30.234  19.449 0.1000000015
126789  39.917  30.151  19.316 0.2000000030
126790  39.331  29.929  19.264 0.3000000119
126794  29.049  30.215  18.303 0.1000000015
126812  29.445  30.774  17.021 0.1000000015
126816  40.413  30.084  17.028 0.2000000030
126819  36.988  30.494  15.765 0.2000000030
126821  29.651  30.588  15.732 0.1000000015
126827  37.261  31.173  15.378 0.2000000030
126836  36.567  30.856  13.856 0.2000000030
126837  36.024  30.552  13.475 0.2000000030
126845  38.913  30.601  12.807 0.3000000119
126851  30.740  31.012  12.760 0.1000000015
126860  34.116  31.034  11.854 0.1000000015
126884  38.968  30.095  7.073 0.3000000119
126886  40.391  30.236  5.316 0.4000000060
126896  42.496  30.216  3.443 0.4000000060
126898  33.865  30.406  3.306 0.1000000015
126901  31.607  30.018  3.046 0.1000000015
126905  43.980  30.341  2.293 0.6000000238
126917  44.765  30.461  0.958 0.6000000238
126918  44.723  30.599  1.245 0.5000000000
126931  42.141  30.230  0.777 0.3000000119
126939  32.495  30.304  -0.608 0.1000000015
126945  32.935  30.161  -1.109 0.1000000015
126954  37.478  30.227  -3.744 0.1000000015
126956  35.975  29.989  -3.143 0.1000000015
126967  41.137  30.834  -4.965 0.1000000015
126968  40.232  30.364  -4.801 0.1000000015
126986  45.015  30.781  -5.680 0.1000000015
127011  40.237  30.288  -8.050 0.1000000015
127034  40.622  30.880  -8.516 0.1000000015
127053  42.614  31.243  -9.421 0.1000000015
127356  31.877  31.820  19.751 0.1000000015
127358  30.700  30.947  19.266 0.1000000015
127368  39.122  32.739  18.470 0.2000000030
127382  31.276  32.298  16.982 0.1000000015
127387  40.051  30.723  17.667 0.2000000030
127389  38.510  32.442  17.558 0.2000000030
127391  31.254  32.423  16.610 0.1000000015
127403  39.110  30.988  13.862 0.2000000030
127419  40.672  32.386  12.260 0.2000000030
127422  35.994  32.287  12.440 0.1000000015
127427  30.141  31.603  12.324 0.1000000015
127429  28.892  31.671  13.125 0.1000000015
127437  40.270  32.198  11.497 0.3000000119
127443  31.125  31.785  11.604 0.1000000015
127456  39.924  32.345  11.089 0.3000000119
127489  39.808  31.043  6.308 0.4000000060
127537  34.771  32.076  1.811 0.1000000015
127539  33.154  31.490  1.124 0.1000000015
127545  43.932  30.823  0.788 0.4000000060
127555  33.332  31.398  -0.601 0.1000000015
127562  33.492  30.922  -1.177 0.1000000015
127565  37.017  31.914  -2.525 0.1000000015
127576  39.007  31.941  -3.706 0.1000000015
127594  44.282  31.814  -4.891 0.1000000015
127610  44.990  31.748  -5.546 0.1000000015
127623  37.239  32.250  -6.838 0.1000000015
127624  36.742  31.920  -6.703 0.1000000015
127639  39.481  31.696  -7.744 0.1000000015
127656  42.764  32.005  -9.165 0.1000000015
127657  41.281  31.351  -9.302 0.1000000015
127667  42.830  31.449  -9.308 0.1000000015
127669  41.539  31.683  -9.548 0.1000000015
127967  39.415  33.153  18.457 0.2000000030
127968  38.948  32.918  18.319 0.2000000030
127971  31.147  31.710  18.573 0.1000000015
127978  40.039  33.591  18.227 0.2000000030
127982  31.607  32.599  17.765 0.1000000015
127986  40.074  33.415  17.998 0.2000000030
127989  38.108  32.461  16.212 0.2000000030
127995  40.222  33.229  16.030 0.2000000030
127997  38.395  33.017  16.045 0.2000000030
128006  37.619  32.963  14.289 0.1000000015
128008  29.562  31.999  14.846 0.1000000015
128017  29.164  31.906  14.293 0.1000000015
128018  28.591  32.001  13.851 0.1000000015
128023  40.227  32.301  12.854 0.2000000030
128024  36.307  32.852  12.530 0.1000000015
128027  29.520  32.065  12.300 0.1000000015
128034  40.601  32.971  11.602 0.3000000119
128035  40.002  33.120  11.380 0.3000000119
128036  35.009  32.805  11.680 0.1000000015
128043  28.530  32.731  12.219 0.1000000015
128050  39.457  32.681  11.016 0.3000000119
128063  37.420  32.739  9.643 0.2000000030
128072  39.291  32.111  8.545 0.3000000119
128086  37.915  32.706  8.361 0.2000000030
128108  45.303  33.536  3.214 0.4000000060
128110  44.450  32.481  3.446 0.4000000060
128113  41.451  33.045  3.091 0.2000000030
128117  45.380  33.451  3.008 0.4000000060
128131  44.451  32.273  1.612 0.5000000000
128144  35.631  32.905  -0.340 0.1000000015
128146  33.917  31.828  -0.637 0.1000000015
128151  34.760  31.927  -1.423 0.1000000015
128166  40.383  33.068  -3.937 0.1000000015
128182  44.932  32.480  -4.894 0.1000000015
128183  44.263  32.369  -4.637 0.1000000015
128196  44.968  32.106  -5.277 0.1000000015
128197  43.851  31.887  -4.838 0.1000000015
128198  43.497  31.780  -5.108 0.1000000015
128210  44.465  32.335  -6.862 0.1000000015
128213  35.425  32.338  -6.157 0.1000000015
128535  39.640  33.407  18.453 0.2000000030
128536  39.400  33.382  18.398 0.2000000030
128548  39.708  33.679  18.257 0.2000000030
128549  39.144  33.682  18.084 0.2000000030
128555  40.301  33.729  17.339 0.2000000030
128557  38.875  33.689  17.362 0.2000000030
128558  31.427  33.143  16.708 0.1000000015
128567  40.255  33.227  16.306 0.2000000030
128571  29.655  33.046  15.665 0.1000000015
128578  38.621  34.052  15.488 0.2000000030
128587  37.082  33.888  13.269 0.1000000015
128591  41.243  33.833  12.789 0.2000000030
128600  40.170  33.680  11.891 0.3000000119
128604  34.548  33.644  11.585 0.1000000015
128616  37.210  33.547  10.446 0.2000000030
128620  36.703  33.264  9.784 0.2000000030
128625  37.565  32.744  8.410 0.2000000030
128639  42.731  34.160  6.270 0.4000000060
128646  35.609  34.214  6.691 0.1000000015
128649  43.594  34.145  5.072 0.4000000060
128650  43.001  33.765  5.741 0.4000000060
128654  45.104  34.126  3.586 0.4000000060
128655  44.932  33.989  3.989 0.4000000060
128656  44.296  33.932  4.581 0.4000000060
128660  45.144  33.813  3.505 0.4000000060
128661  43.554  34.177  2.972 0.5000000000
128665  39.726  34.043  2.961 0.1000000015
128668  45.361  33.675  2.863 0.4000000060
128676  36.572  33.001  2.135 0.1000000015
128679  36.367  33.395  1.558 0.1000000015
128687  38.039  33.836  -1.039 0.1000000015
128692  39.110  33.718  -1.958 0.1000000015
128695  36.994  33.320  -1.036 0.1000000015
128725  39.955  33.530  -3.367 0.1000000015
128736  45.271  33.383  -4.734 0.1000000015
128740  41.969  33.341  -4.207 0.1000000015
128750  45.400  33.545  -5.315 0.1000000015
128752  35.281  33.193  -5.495 0.1000000015
128789  39.355  33.295  -8.462 0.1000000015
128801  43.100  32.968  -8.291 0.1000000015
128803  40.102  33.302  -9.753 0.1000000015
128826  39.988  34.121  -10.542 0.1000000015
128827  39.839  33.933  -10.412 0.1000000015
129142  40.084  34.409  17.593 0.2000000030
129143  39.589  34.368  17.621 0.2000000030
129156  39.593  34.724  17.223 0.2000000030
129172  38.511  34.742  15.053 0.2000000030
129173  37.933  34.754  14.318 0.2000000030
129187  35.132  34.629  12.101 0.1000000015
129188  34.604  35.153  12.062 0.1000000015
129193  39.556  34.041  11.983 0.2000000030
129217  35.522  34.493  8.889 0.2000000030
129221  34.699  35.251  7.706 0.2000000030
129226  35.044  34.477  6.996 0.1000000015
129230  43.115  35.031  6.124 0.4000000060
129237  35.924  34.363  6.140 0.1000000015
129243  39.092  35.109  5.980 0.2000000030
129248  34.915  34.906  6.000 0.1000000015
129251  44.942  34.652  3.933 0.4000000060
129254  36.953  35.046  4.694 0.1000000015
129255  36.345  34.913  4.875 0.1000000015
129259  44.678  34.642  3.376 0.4000000060
129267  45.337  33.956  3.075 0.4000000060
129268  45.175  34.143  2.985 0.4000000060
129270  40.198  35.266  2.802 0.1000000015
129278  36.926  33.703  1.539 0.1000000015
129308  43.952  35.019  -2.765 0.1000000015
129325  45.001  34.557  -3.519 0.1000000015
129330  40.704  34.339  -3.073 0.1000000015
129356  45.491  34.338  -4.927 0.1000000015
129357  45.174  34.626  -5.417 0.1000000015
129362  36.141  34.701  -5.814 0.1000000015
129363  35.514  34.428  -5.344 0.1000000015
129396  43.590  34.120  -7.175 0.1000000015
129401  38.102  34.524  -7.900 0.1000000015
129411  41.790  35.135  -8.436 0.1000000015
129412  39.210  34.056  -9.316 0.1000000015
129426  40.963  34.477  -9.975 0.1000000015
129427  39.251  34.143  -9.687 0.1000000015
129438  39.507  34.522  -10.385 0.1000000015
129741  39.692  34.730  17.369 0.2000000030
129750  39.039  35.478  16.252 0.2000000030
129754  40.384  35.288  16.083 0.2000000030
129769  36.870  35.360  13.470 0.1000000015
129771  35.203  35.893  12.919 0.1000000015
129776  40.737  35.249  13.505 0.2000000030
129778  39.289  35.642  12.709 0.2000000030
129780  35.495  35.285  12.564 0.1000000015
129783  33.606  35.798  11.833 0.1000000015
129789  37.991  35.513  12.076 0.2000000030
129791  33.845  35.421  11.810 0.1000000015
129792  33.411  35.302  11.675 0.1000000015
129806  36.215  35.391  10.161 0.1000000015
129814  35.199  35.498  8.677 0.2000000030
129820  43.052  35.313  6.019 0.4000000060
129822  42.114  35.352  6.387 0.3000000119
129825  34.415  35.652  6.764 0.1000000015
129828  42.545  35.936  5.932 0.4000000060
129833  38.174  35.183  5.171 0.1000000015
129834  35.029  35.201  5.331 0.1000000015
129838  44.906  35.015  4.078 0.4000000060
129841  40.150  36.018  5.182 0.1000000015
129847  34.552  35.882  5.048 0.1000000015
129850  44.991  34.900  3.888 0.4000000060
129857  35.331  35.835  4.214 0.1000000015
129866  39.148  35.248  1.270 0.1000000015
129882  44.157  35.998  -2.015 0.1000000015
129887  39.563  34.939  -1.046 0.1000000015
129914  45.364  35.204  -3.613 0.1000000015
129916  42.847  36.205  -3.917 0.1000000015
129917  40.830  35.751  -4.135 0.1000000015
129929  45.462  35.188  -4.308 0.1000000015
129930  45.108  35.538  -4.545 0.1000000015
129931  44.435  35.722  -4.483 0.1000000015
129932  43.439  36.002  -4.255 0.1000000015
129936  39.327  35.645  -5.381 0.1000000015
129937  35.077  35.067  -4.885 0.1000000015
129955  43.968  35.275  -5.053 0.1000000015
129962  35.463  35.547  -5.332 0.1000000015
129976  39.531  35.961  -6.928 0.1000000015
129980  35.833  36.197  -5.850 0.1000000015
129991  36.769  35.937  -7.021 0.1000000015
130000  41.197  35.902  -8.585 0.1000000015
130002  37.923  35.667  -8.397 0.1000000015
130012  41.935  34.846  -9.409 0.1000000015
130015  38.630  35.409  -9.792 0.1000000015
130023  39.908  35.319  -10.543 0.1000000015
130025  38.805  35.631  -10.335 0.1000000015
130278  39.094  36.315  16.424 0.2000000030
130284  39.981  36.771  15.755 0.2000000030
130291  40.344  36.431  14.942 0.2000000030
130296  35.978  36.810  14.100 0.1000000015
130302  36.168  36.306  13.760 0.1000000015
130312  33.808  36.310  11.907 0.1000000015
130313  33.355  36.089  11.724 0.1000000015
130317  37.452  36.584  11.621 0.2000000030
130320  32.894  36.157  11.459 0.1000000015
130327  32.485  36.256  10.961 0.1000000015
130342  35.117  36.477  8.388 0.1000000015
130366  44.702  35.752  3.978 0.3000000119
130370  38.995  36.302  4.358 0.1000000015
130372  37.185  36.021  4.143 0.1000000015
130379  44.450  35.889  3.863 0.3000000119
130387  35.249  36.223  3.735 0.1000000015
130388  34.385  36.853  3.422 0.1000000015
130389  33.894  37.436  3.419 0.1000000015
130393  41.512  36.761  2.740 0.2000000030
130397  34.493  37.132  2.789 0.1000000015
130401  41.407  37.215  1.958 0.1000000015
130442  45.134  35.916  -3.110 0.1000000015
130443  44.600  36.422  -2.793 0.1000000015
130447  38.529  36.565  -3.253 0.1000000015
130459  45.208  35.785  -3.803 0.1000000015
130463  42.070  36.379  -3.557 0.1000000015
130467  37.592  36.902  -4.282 0.1000000015
130485  44.906  36.033  -4.147 0.1000000015
130487  43.727  36.457  -3.880 0.1000000015
130489  41.452  35.956  -3.916 0.1000000015
130508  38.490  36.650  -6.204 0.1000000015
130520  39.264  36.628  -7.156 0.1000000015
130521  38.827  37.003  -6.986 0.1000000015
130532  36.779  36.665  -7.725 0.1000000015
130533  36.151  36.959  -7.254 0.1000000015
130539  40.880  36.380  -8.501 0.1000000015
130541  37.650  36.589  -9.163 0.1000000015
130553  40.797  36.194  -9.709 0.1000000015
130555  38.033  36.604  -9.734 0.1000000015
130574  39.531  36.006  -10.552 0.1000000015
130575  38.978  35.971  -10.557 0.1000000015
130789  38.404  37.610  16.490 0.1000000015
130793  39.658  37.499  15.665 0.2000000030
130794  38.638  37.093  16.291 0.2000000030
130795  38.014  37.503  16.057 0.1000000015
130801  40.304  36.790  14.465 0.2000000030
130803  37.609  37.302  15.463 0.1000000015
130804  36.998  37.498  15.095 0.1000000015
130810  40.316  36.959  14.131 0.2000000030
130813  35.069  37.051  13.393 0.1000000015
130823  34.178  36.863  12.046 0.1000000015
130833  33.226  36.518  11.381 0.1000000015
130839  36.407  37.020  9.867 0.1000000015
130855  36.116  37.997  8.541 0.2000000030
130856  35.588  37.532  8.208 0.2000000030
130864  34.395  37.007  6.770 0.1000000015
130867  34.676  38.059  6.618 0.1000000015
130876  41.677  37.235  5.051 0.3000000119
130879  33.607  37.741  4.414 0.1000000015
130889  40.732  37.517  4.339 0.1000000015
130897  42.480  37.344  3.023 0.2000000030
130898  41.974  37.157  2.975 0.2000000030
130900  39.501  37.644  3.454 0.1000000015
130903  36.197  36.690  3.158 0.1000000015
130905  33.747  37.950  3.105 0.1000000015
130910  43.016  38.206  2.808 0.2000000030
130918  34.176  37.508  2.376 0.1000000015
130919  33.820  37.914  2.576 0.1000000015
130931  33.869  37.934  2.111 0.1000000015
130937  42.224  37.776  1.211 0.1000000015
130943  34.623  37.785  1.048 0.1000000015
130963  43.985  37.177  -2.037 0.1000000015
130967  40.471  37.537  -1.830 0.1000000015
130983  44.267  36.921  -2.590 0.1000000015
131012  44.195  37.015  -3.065 0.1000000015
131039  38.198  37.256  -6.045 0.1000000015
131041  35.417  37.384  -6.341 0.1000000015
131049  38.171  37.639  -6.139 0.1000000015
131057  40.217  37.075  -8.128 0.1000000015
131059  39.108  37.790  -7.316 0.1000000015
131071  40.765  37.338  -8.632 0.1000000015
131074  36.766  37.462  -9.190 0.1000000015
131090  40.862  37.180  -9.401 0.1000000015
131092  39.053  37.206  -10.063 0.1000000015
131112  39.743  36.675  -10.261 0.1000000015
131313  38.433  38.089  16.664 0.1000000015
131321  37.501  38.518  16.176 0.1000000015
131322  37.004  38.077  15.613 0.1000000015
131335  36.002  37.857  14.414 0.1000000015
131402  36.766  38.307  9.179 0.2000000030
131421  36.394  39.123  7.899 0.1000000015
131442  33.979  38.444  5.592 0.1000000015
131452  33.527  38.528  4.070 0.1000000015
131455  43.197  38.281  3.258 0.2000000030
131465  41.725  39.429  2.385 0.1000000015
131478  33.742  38.312  2.284 0.1000000015
131485  42.713  38.309  0.395 0.1000000015
131490  34.641  38.085  0.620 0.1000000015
131498  42.836  38.401  0.063 0.1000000015
131534  36.032  38.223  -2.517 0.1000000015
131556  35.727  39.027  -2.825 0.1000000015
131565  36.639  38.475  -4.061 0.1000000015
131591  35.355  38.000  -8.056 0.1000000015
131608  39.273  38.662  -9.260 0.1000000015
131610  36.232  38.265  -9.113 0.1000000015
131611  35.555  38.448  -8.533 0.1000000015
131612  35.027  39.038  -8.094 0.1000000015
131875  37.339  39.285  15.847 0.1000000015
131887  39.207  39.448  14.799 0.2000000030
131889  37.349  39.482  14.973 0.1000000015
131978  38.584  39.999  9.185 0.1000000015
131979  37.970  39.742  8.800 0.2000000030
132010  36.367  40.008  7.241 0.1000000015
132012  34.903  39.253  6.403 0.1000000015
132023  34.103  39.591  4.787 0.1000000015
132029  42.698  39.181  2.911 0.2000000030
132030  42.480  39.294  2.860 0.1000000015
132031  33.901  39.714  4.197 0.1000000015
132032  33.667  39.368  3.669 0.1000000015
132040  33.826  39.731  2.325 0.1000000015
132050  41.566  39.495  1.401 0.1000000015
132051  33.849  39.414  1.792 0.1000000015
132052  33.690  38.813  2.253 0.1000000015
132058  41.902  39.501  0.755 0.1000000015
132060  34.302  39.542  0.828 0.1000000015
132063  42.041  39.316  0.350 0.1000000015
132099  36.387  40.099  -3.081 0.1000000015
132113  35.990  39.298  -3.135 0.1000000015
132149  34.533  39.429  -7.563 0.1000000015
132165  37.528  39.227  -9.102 0.1000000015
132166  36.326  39.083  -9.070 0.1000000015
132179  37.151  38.746  -9.484 0.1000000015
132520  38.114  40.414  8.324 0.1000000015
132557  35.863  40.940  5.983 0.1000000015
132568  34.611  40.672  3.819 0.1000000015
132569  34.139  40.236  3.603 0.1000000015
132574  34.880  40.676  1.856 0.1000000015
132576  33.816  39.988  3.009 0.1000000015
132586  35.315  40.655  0.337 0.1000000015
132593  34.983  40.265  0.047 0.1000000015
132610  36.395  40.902  -1.972 0.1000000015
132629  36.170  40.453  -2.327 0.1000000015
132657  39.986  40.953  -6.108 0.1000000015
132659  39.157  40.546  -5.340 0.1000000015
132689  35.487  40.214  -8.044 0.1000000015
132701  37.405  39.711  -8.669 0.1000000015
133039  36.747  41.075  6.759 0.1000000015
133053  36.920  41.993  6.466 0.1000000015
133054  36.520  41.557  6.271 0.1000000015
133069  35.319  41.156  4.695 0.1000000015
133074  34.584  40.702  3.572 0.1000000015
133087  36.313  41.788  1.394 0.1000000015
133113  37.694  41.829  -0.751 0.1000000015
133149  37.818  41.473  -2.568 0.1000000015
133161  40.089  42.031  -3.875 0.1000000015
133210  39.948  40.931  -7.156 0.1000000015
133211  39.281  40.989  -7.308 0.1000000015
133573  37.122  43.045  3.060 0.1000000015
133606  39.566  43.192  -0.782 0.1000000015
133608  37.949  42.397  -0.093 0.1000000015
133618  40.210  43.322  -1.851 0.1000000015
133627  39.996  42.654  -2.371 0.1000000015
133628  39.376  42.416  -1.977 0.1000000015
133638  40.221  43.413  -2.661 0.1000000015
133639  40.340  42.942  -3.152 0.1000000015
134041  37.007  42.964  5.502 0.1000000015
134081  38.041  43.431  2.208 0.1000000015
134119  39.790  43.893  -0.155 0.1000000015
134132  40.207  43.603  -1.677 0.1000000015
134135  38.107  43.932  -1.358 0.1000000015
134147  39.852  44.126  -1.913 0.1000000015
134160  40.137  43.658  -2.335 0.1000000015
134564  38.090  45.214  4.471 0.1000000015
134591  38.516  44.906  3.081 0.1000000015
134604  39.272  44.820  1.320 0.1000000015
134621  39.388  44.568  0.601 0.1000000015
134649  38.776  44.490  -1.181 0.1000000015
134650  38.267  44.253  -0.895 0.1000000015
134659  39.274  44.456  -1.632 0.1000000015
134660  38.971  44.460  -1.660 0.1000000015
135090  38.306  45.779  3.762 0.1000000015
135091  37.997  46.289  4.269 0.1000000015
135114  39.237  45.033  1.090 0.1000000015
