#!ascii label  , from subject sub-01 vox2ras=TkReg
9798
55637  21.734  -40.765  38.806 0.5000000000
56824  25.638  -39.163  36.523 0.3750000000
56800  27.574  -39.026  37.095 0.3750000000
58042  29.542  -37.139  38.392 0.5000000000
59243  30.240  -36.500  39.119 0.6250000000
61549  30.115  -34.369  39.837 0.7500000000
60368  30.179  -35.816  39.399 0.6250000000
63871  30.326  -33.120  39.607 1.0000000000
66024  31.140  -31.262  39.587 1.0000000000
64965  30.804  -32.184  39.641 0.8750000000
64966  30.205  -32.486  39.506 1.0000000000
68211  32.144  -29.474  39.425 1.0000000000
68192  31.721  -29.618  39.512 1.0000000000
67109  30.897  -30.576  39.554 1.0000000000
68194  30.675  -29.798  39.460 1.0000000000
68195  30.341  -30.293  39.353 1.0000000000
69298  32.107  -28.670  39.420 1.0000000000
69288  31.697  -28.941  39.474 1.0000000000
69300  30.805  -28.734  39.398 1.0000000000
69314  30.232  -28.636  38.828 1.0000000000
68230  29.808  -29.682  38.513 1.0000000000
69324  29.951  -28.520  38.295 1.0000000000
66046  18.425  -31.646  39.358 1.0000000000
54653  21.993  -41.198  40.195 0.7500000000
55627  22.786  -40.850  39.832 0.6250000000
54664  21.579  -41.113  39.554 0.6250000000
55653  23.217  -39.940  37.569 0.5000000000
55654  22.053  -39.994  37.799 0.3750000000
56803  24.363  -39.672  37.301 0.5000000000
56804  23.810  -39.743  37.354 0.5000000000
56823  26.664  -38.870  36.416 0.3750000000
56801  26.500  -39.293  37.374 0.3750000000
56825  24.565  -39.322  36.588 0.3750000000
56784  28.139  -38.403  37.828 0.3750000000
59258  29.829  -36.972  38.873 0.6250000000
58043  28.974  -37.395  38.764 0.6250000000
61568  29.788  -35.173  39.832 0.6250000000
62807  16.913  -34.499  38.774 1.0000000000
67126  29.763  -31.244  39.018 1.0000000000
67125  30.045  -30.854  39.296 1.0000000000
68246  29.501  -29.609  37.796 1.0000000000
63901  16.658  -33.629  38.888 1.0000000000
71512  32.235  -26.521  39.702 0.8750000000
70398  31.902  -27.612  39.516 1.0000000000
71514  30.974  -26.824  39.434 1.0000000000
70400  30.767  -27.717  39.263 1.0000000000
70413  30.188  -27.617  38.506 1.0000000000
69335  29.591  -28.704  37.452 1.0000000000
68278  28.980  -29.368  36.467 1.0000000000
64999  16.684  -32.594  38.431 1.0000000000
66054  17.876  -31.554  38.688 1.0000000000
71529  30.598  -26.964  39.155 1.0000000000
71539  30.114  -26.686  38.361 1.0000000000
70421  29.897  -27.614  37.924 1.0000000000
70422  29.756  -28.188  37.675 1.0000000000
69347  29.415  -28.583  36.798 1.0000000000
69361  29.010  -28.585  35.925 1.0000000000
66053  18.805  -31.058  38.836 1.0000000000
71553  29.547  -26.435  36.610 1.0000000000
70435  29.450  -27.447  36.561 1.0000000000
70442  28.987  -27.498  35.469 1.0000000000
66045  19.231  -31.528  39.521 1.0000000000
54623  22.279  -41.170  42.594 1.0000000000
54630  23.055  -41.099  42.090 0.8750000000
54641  22.192  -41.416  41.031 0.8750000000
55626  23.843  -40.361  39.536 0.7500000000
55628  22.059  -41.061  39.563 0.6250000000
55652  24.212  -39.900  37.812 0.5000000000
55635  24.044  -40.185  38.520 0.5000000000
55636  22.980  -40.475  38.637 0.6250000000
56802  25.369  -39.660  37.566 0.3750000000
55651  24.759  -39.859  37.747 0.5000000000
56785  27.335  -39.120  38.122 0.3750000000
59259  29.229  -37.075  39.204 0.6250000000
56773  27.951  -38.673  38.708 0.5000000000
62763  29.832  -33.915  39.980 0.8750000000
63872  29.650  -33.473  39.793 0.8750000000
66033  29.825  -31.853  39.189 1.0000000000
61600  18.080  -35.580  38.770 1.0000000000
62806  17.419  -35.182  38.767 1.0000000000
68231  29.506  -30.330  38.158 1.0000000000
62821  17.889  -35.007  37.856 1.0000000000
62822  17.238  -34.704  38.255 1.0000000000
67150  29.041  -30.162  37.262 1.0000000000
68261  29.292  -29.416  37.087 1.0000000000
63910  16.915  -34.045  37.695 1.0000000000
72648  31.850  -25.628  39.843 1.0000000000
71513  31.568  -26.696  39.589 1.0000000000
65006  16.530  -32.691  37.096 1.0000000000
67139  19.712  -30.336  39.570 1.0000000000
72647  32.590  -25.466  39.879 1.0000000000
72657  30.655  -25.971  39.150 1.0000000000
72658  30.322  -26.097  38.675 1.0000000000
71546  29.906  -26.480  37.838 1.0000000000
70450  28.537  -27.461  34.541 1.0000000000
69378  28.585  -28.442  34.973 1.0000000000
66062  16.824  -31.740  37.554 1.0000000000
66055  17.184  -31.752  38.273 1.0000000000
72671  29.974  -25.560  37.537 1.0000000000
71552  29.753  -26.313  37.213 1.0000000000
71570  28.914  -26.471  34.961 1.0000000000
72695  28.439  -25.894  33.733 1.0000000000
71571  28.472  -26.512  34.100 1.0000000000
71586  28.235  -26.469  33.335 1.0000000000
72638  13.611  -25.906  42.234 1.0000000000
72644  13.138  -26.125  41.971 1.0000000000
71508  12.861  -26.408  41.557 1.0000000000
73713  14.042  -26.028  42.933 1.0000000000
73720  13.607  -26.148  42.671 1.0000000000
73712  14.624  -25.503  42.956 1.0000000000
54631  22.285  -41.335  41.838 0.8750000000
73689  15.019  -25.539  43.806 1.0000000000
70388  10.632  -27.702  42.466 1.0000000000
55618  23.670  -40.525  40.734 0.8750000000
54640  22.968  -41.073  41.245 0.7500000000
55625  24.827  -40.102  39.252 0.6250000000
55634  25.056  -40.031  38.325 0.5000000000
71472  16.066  -26.593  44.207 1.0000000000
56787  25.645  -39.932  38.212 0.5000000000
71486  16.332  -26.970  43.849 1.0000000000
56786  26.281  -39.667  38.451 0.3750000000
70377  16.327  -27.273  43.170 0.8750000000
58056  28.400  -37.990  38.488 0.6250000000
70393  16.425  -27.581  41.498 0.8750000000
59244  29.654  -36.563  39.344 0.7500000000
70404  17.005  -27.498  40.887 0.8750000000
61550  29.482  -34.639  40.265 0.7500000000
70403  17.772  -27.388  40.441 0.8750000000
64967  29.586  -32.886  39.391 1.0000000000
61599  18.746  -35.925  38.836 1.0000000000
69304  17.988  -28.339  40.019 0.8750000000
62818  20.747  -35.069  37.764 1.0000000000
68215  18.348  -29.178  40.397 1.0000000000
68262  28.813  -29.965  36.820 1.0000000000
62830  20.930  -34.438  36.605 1.0000000000
62831  19.945  -34.806  36.799 1.0000000000
62819  19.704  -35.230  37.420 1.0000000000
62820  18.846  -35.240  37.527 1.0000000000
68214  19.303  -29.458  39.922 1.0000000000
63919  21.600  -34.049  36.198 1.0000000000
62842  19.954  -34.428  36.152 1.0000000000
62843  19.421  -34.574  36.358 1.0000000000
62832  18.922  -34.782  36.734 1.0000000000
63909  17.498  -34.509  37.392 1.0000000000
73741  30.927  -24.760  38.961 1.0000000000
68310  28.529  -29.191  35.379 1.0000000000
63933  20.978  -34.048  35.649 1.0000000000
62841  20.475  -34.249  35.973 1.0000000000
63935  18.919  -34.228  35.835 1.0000000000
63921  17.882  -34.395  36.716 1.0000000000
63922  16.896  -33.461  36.362 1.0000000000
67128  19.578  -30.328  40.722 1.0000000000
73751  30.579  -24.833  38.370 1.0000000000
73752  30.322  -24.820  37.804 1.0000000000
63946  20.571  -33.719  34.791 1.0000000000
63934  20.067  -34.089  35.519 1.0000000000
63947  19.555  -33.789  34.798 1.0000000000
63936  17.626  -33.583  35.434 1.0000000000
63937  16.873  -32.984  35.536 1.0000000000
66069  16.696  -31.708  36.579 1.0000000000
66061  17.691  -31.141  37.765 1.0000000000
67146  18.809  -30.622  38.255 1.0000000000
66052  19.461  -30.936  39.289 1.0000000000
72646  33.269  -25.319  39.720 1.0000000000
72683  29.733  -24.899  36.041 1.0000000000
73774  29.318  -24.352  34.807 1.0000000000
72694  28.840  -25.360  34.233 1.0000000000
63958  19.285  -33.341  33.968 1.0000000000
63948  18.511  -33.653  34.638 1.0000000000
65022  17.051  -32.821  34.836 1.0000000000
65023  16.737  -32.295  35.204 1.0000000000
66077  16.705  -31.511  35.584 1.0000000000
66068  17.220  -31.028  36.996 1.0000000000
67154  17.756  -30.601  37.244 1.0000000000
73786  28.915  -24.211  34.003 1.0000000000
72704  28.669  -24.735  33.686 1.0000000000
72705  28.323  -25.246  33.212 1.0000000000
71603  27.901  -26.293  32.455 1.0000000000
63957  20.062  -33.439  34.196 1.0000000000
65047  18.989  -32.802  33.266 1.0000000000
63960  17.687  -32.725  33.680 1.0000000000
73794  28.180  -24.160  32.679 1.0000000000
73725  14.122  -25.209  42.158 1.0000000000
72643  13.801  -25.600  41.885 1.0000000000
72653  14.263  -25.388  41.422 1.0000000000
73719  13.952  -25.730  42.425 1.0000000000
71507  13.519  -26.109  41.550 1.0000000000
71522  13.362  -26.373  41.066 1.0000000000
73701  15.086  -25.191  43.389 1.0000000000
71509  12.078  -26.864  41.598 1.0000000000
70387  11.410  -27.301  42.006 1.0000000000
54614  22.369  -40.737  43.036 1.0000000000
70395  11.531  -27.424  41.286 1.0000000000
73688  15.539  -25.515  43.931 1.0000000000
69294  10.392  -28.199  41.884 1.0000000000
55603  24.189  -39.706  41.474 0.8750000000
54639  23.489  -40.756  41.626 1.0000000000
71450  15.263  -25.975  44.096 1.0000000000
55617  24.490  -39.810  40.096 0.8750000000
55610  24.333  -39.800  40.925 0.8750000000
72609  15.700  -26.048  44.186 1.0000000000
69295  9.767  -28.959  41.544 1.0000000000
56775  26.347  -39.514  39.463 0.3750000000
55624  25.672  -39.905  39.003 0.5000000000
69285  8.918  -29.128  42.252 1.0000000000
68186  8.188  -29.751  41.876 0.8750000000
68187  7.283  -29.899  42.227 0.8750000000
56774  27.239  -39.235  39.095 0.3750000000
58034  28.637  -37.415  39.288 0.6250000000
60373  20.643  -37.255  40.296 1.0000000000
60387  21.394  -36.734  39.464 1.0000000000
60388  20.765  -36.697  39.353 1.0000000000
60389  19.878  -36.698  39.623 1.0000000000
60369  29.331  -35.946  39.653 0.7500000000
62803  22.671  -35.194  38.067 1.0000000000
62804  21.785  -35.264  38.242 1.0000000000
61596  21.801  -35.887  38.747 1.0000000000
60374  19.592  -36.988  40.321 1.0000000000
62816  22.945  -34.460  37.342 1.0000000000
61594  23.143  -35.578  38.488 1.0000000000
62817  21.827  -34.739  37.490 1.0000000000
62805  21.227  -35.472  38.411 1.0000000000
60401  20.121  -36.370  39.035 1.0000000000
61598  19.544  -35.972  38.639 1.0000000000
60402  19.396  -36.328  39.120 1.0000000000
63873  28.901  -33.691  40.103 0.8750000000
61607  19.613  -35.608  38.044 1.0000000000
61608  18.807  -35.581  38.187 1.0000000000
69303  18.972  -28.755  39.810 1.0000000000
67143  29.095  -30.949  37.695 1.0000000000
62828  22.547  -34.066  36.783 1.0000000000
62829  22.017  -34.279  36.778 1.0000000000
63931  22.750  -33.611  35.811 1.0000000000
63918  22.285  -33.889  36.311 1.0000000000
68233  19.938  -29.362  39.259 1.0000000000
73728  32.273  -24.611  39.816 1.0000000000
73729  31.513  -24.719  39.475 1.0000000000
74871  31.382  -23.815  38.754 1.0000000000
63932  21.859  -33.751  35.577 1.0000000000
67145  19.411  -30.268  38.450 1.0000000000
74880  30.667  -24.250  37.937 1.0000000000
74907  30.146  -23.737  36.705 1.0000000000
70468  27.909  -27.359  32.846 1.0000000000
65020  22.341  -33.378  35.032 1.0000000000
65034  21.420  -33.298  34.357 1.0000000000
63945  21.321  -33.710  35.050 1.0000000000
67153  18.582  -30.207  37.540 1.0000000000
76122  29.682  -22.636  35.597 1.0000000000
74940  28.713  -23.341  33.705 1.0000000000
65035  20.597  -33.353  34.159 1.0000000000
63959  18.343  -33.102  33.812 1.0000000000
66076  16.967  -30.931  36.225 1.0000000000
74941  28.345  -23.348  33.002 1.0000000000
74947  27.997  -23.359  32.354 1.0000000000
65046  20.333  -32.844  33.391 1.0000000000
65048  18.140  -32.589  33.221 1.0000000000
65036  17.070  -32.291  34.042 1.0000000000
66092  16.746  -31.601  34.664 1.0000000000
67166  17.056  -30.464  35.332 1.0000000000
74954  27.623  -23.443  31.841 1.0000000000
72720  27.774  -24.967  32.224 1.0000000000
71618  27.577  -25.871  31.797 1.0000000000
65055  19.399  -32.403  32.687 1.0000000000
65056  18.489  -32.298  32.701 1.0000000000
65049  17.557  -32.192  33.210 1.0000000000
66091  16.889  -31.542  34.016 1.0000000000
65057  17.955  -32.187  32.848 1.0000000000
66104  17.095  -31.516  33.366 1.0000000000
67206  4.278  -30.338  32.837 0.8750000000
72642  14.148  -25.251  41.727 1.0000000000
73718  14.659  -25.070  42.445 1.0000000000
72654  13.989  -25.848  40.868 1.0000000000
71535  13.318  -26.282  40.347 1.0000000000
73711  15.557  -24.967  42.786 1.0000000000
70405  12.147  -27.240  40.328 1.0000000000
71523  12.637  -26.729  40.829 1.0000000000
55595  22.705  -40.105  42.777 1.0000000000
69319  11.988  -27.851  39.626 1.0000000000
70419  11.874  -27.603  40.101 1.0000000000
54629  23.612  -40.683  42.197 1.0000000000
54613  23.271  -40.451  43.027 1.0000000000
69328  12.063  -27.954  39.339 1.0000000000
69320  11.645  -28.012  39.875 1.0000000000
69306  11.340  -28.014  40.389 0.8750000000
70407  11.216  -27.798  41.029 1.0000000000
55611  23.901  -40.288  41.595 1.0000000000
55594  23.757  -39.891  42.722 1.0000000000
72622  16.275  -25.812  44.210 1.0000000000
68235  9.829  -29.452  39.171 0.8750000000
68218  10.401  -29.218  39.910 0.8750000000
69307  10.885  -28.400  40.731 1.0000000000
68234  10.662  -29.210  39.056 0.8750000000
69308  10.007  -29.237  40.660 0.8750000000
68202  9.182  -29.515  40.841 0.8750000000
69296  8.862  -29.426  41.516 1.0000000000
55616  25.460  -39.659  39.741 0.7500000000
55609  25.049  -39.277  40.300 0.8750000000
58001  22.375  -38.876  42.078 1.0000000000
68253  8.443  -30.000  38.450 0.8750000000
68237  8.019  -30.204  39.365 0.8750000000
68220  8.640  -29.977  40.173 0.8750000000
68203  8.314  -29.817  41.010 0.8750000000
59217  22.658  -37.738  41.196 1.0000000000
68238  6.961  -30.310  39.432 0.8750000000
68221  7.665  -30.188  40.311 0.8750000000
56766  27.722  -38.549  39.356 0.6250000000
60341  22.347  -37.625  40.981 1.0000000000
60356  21.517  -37.644  40.792 1.0000000000
70376  16.982  -27.233  42.904 0.8750000000
70383  17.132  -27.213  42.185 0.8750000000
68254  7.432  -30.303  38.455 0.8750000000
68222  6.672  -30.160  40.436 0.8750000000
59245  28.708  -36.797  39.615 0.7500000000
58044  28.265  -37.987  39.079 0.6250000000
60372  21.692  -37.018  40.005 1.0000000000
60370  28.645  -36.055  39.836 0.7500000000
61582  23.437  -35.811  39.068 1.0000000000
61583  22.766  -36.246  39.295 1.0000000000
61584  21.835  -36.510  39.422 1.0000000000
70392  17.355  -27.101  41.316 0.8750000000
60350  29.036  -35.419  40.122 0.7500000000
62802  23.829  -35.221  38.388 1.0000000000
61595  22.593  -35.741  38.600 1.0000000000
62815  24.133  -34.578  37.478 1.0000000000
69318  18.345  -27.651  39.915 0.8750000000
62814  25.001  -34.355  37.404 1.0000000000
63908  23.692  -34.168  36.933 1.0000000000
66034  29.513  -32.009  38.894 1.0000000000
63917  23.066  -33.865  36.562 1.0000000000
63907  24.451  -34.115  36.926 1.0000000000
63916  24.008  -33.916  36.353 1.0000000000
68248  20.083  -29.547  38.650 1.0000000000
69390  2.839  -29.200  34.665 0.8750000000
74858  32.711  -23.531  39.752 1.0000000000
74870  31.736  -23.607  39.172 1.0000000000
76066  31.348  -23.379  38.450 1.0000000000
68293  28.628  -29.435  35.931 1.0000000000
63930  23.444  -33.679  35.982 1.0000000000
67152  19.401  -29.881  37.774 1.0000000000
69401  3.027  -29.079  34.304 0.8750000000
73727  33.051  -24.448  39.928 1.0000000000
76093  30.598  -22.789  37.213 1.0000000000
76107  30.196  -22.749  36.382 1.0000000000
68342  3.553  -29.553  33.391 0.8750000000
76123  29.295  -22.574  34.872 1.0000000000
76137  28.916  -22.507  34.103 1.0000000000
65045  21.690  -32.707  33.523 1.0000000000
77329  29.235  -21.685  34.576 1.0000000000
77347  28.280  -21.524  32.948 1.0000000000
76147  28.103  -22.639  32.673 1.0000000000
72733  27.460  -25.150  31.413 0.8750000000
67180  16.744  -30.950  34.779 1.0000000000
78519  28.135  -21.249  32.525 1.0000000000
76153  27.678  -22.728  32.031 1.0000000000
74955  27.348  -23.580  31.313 0.8750000000
65054  20.023  -32.341  32.663 1.0000000000
67191  17.202  -30.591  32.866 1.0000000000
67179  16.946  -30.680  34.096 1.0000000000
76161  27.386  -22.958  31.536 0.8750000000
66116  18.845  -31.922  32.102 1.0000000000
66132  18.492  -31.287  31.576 1.0000000000
66117  17.779  -31.562  32.367 1.0000000000
66119  4.873  -30.895  32.474 0.8750000000
67204  17.604  -30.432  31.943 1.0000000000
66136  4.763  -31.707  32.285 0.8750000000
61715  3.707  -34.658  28.425 0.5000000000
61776  2.395  -34.459  24.066 0.2500000000
62962  2.385  -34.148  25.082 0.2500000000
62916  2.637  -34.594  26.700 0.2500000000
61761  2.474  -34.724  25.226 0.2500000000
62946  2.346  -33.805  26.264 0.3750000000
73736  14.004  -25.327  40.239 1.0000000000
70418  12.220  -27.531  39.619 1.0000000000
56743  23.088  -39.396  42.413 1.0000000000
73700  16.048  -25.184  43.809 1.0000000000
73699  17.283  -25.102  44.377 1.0000000000
69330  11.247  -28.909  38.858 0.8750000000
69321  11.175  -28.771  39.593 0.8750000000
56753  24.029  -39.699  41.842 1.0000000000
68251  10.245  -29.441  38.360 0.8750000000
56742  23.894  -39.248  41.833 1.0000000000
72621  17.615  -25.804  44.510 0.8750000000
68268  9.834  -29.546  37.587 0.8750000000
68252  9.379  -29.728  38.406 0.8750000000
56768  26.001  -39.292  40.117 0.8750000000
56761  24.698  -39.244  40.894 0.8750000000
56752  24.637  -38.957  41.284 0.8750000000
57999  24.106  -38.569  41.601 1.0000000000
58000  23.399  -38.705  41.860 1.0000000000
59204  22.891  -38.071  41.498 1.0000000000
71471  16.955  -26.335  44.167 0.8750000000
68269  8.949  -29.804  37.581 0.8750000000
68270  7.993  -29.981  37.589 0.8750000000
56760  25.689  -38.620  40.575 0.8750000000
56751  25.264  -38.394  41.013 0.8750000000
58013  25.112  -38.082  41.266 1.0000000000
59202  24.400  -38.045  41.526 1.0000000000
60328  23.709  -37.501  41.384 1.0000000000
71485  17.258  -26.735  43.606 0.8750000000
68271  6.946  -30.125  37.491 0.8750000000
59214  25.553  -37.230  41.286 0.8750000000
60338  25.020  -36.812  41.435 1.0000000000
59215  24.801  -37.620  41.459 1.0000000000
60339  24.214  -37.236  41.372 1.0000000000
60340  23.256  -37.281  41.146 1.0000000000
60355  22.528  -37.061  40.640 1.0000000000
68272  5.798  -29.780  37.355 0.8750000000
68255  6.325  -30.096  38.428 0.8750000000
61538  25.204  -36.219  41.143 1.0000000000
61539  24.466  -36.533  41.187 1.0000000000
61557  23.659  -36.571  40.790 1.0000000000
60354  23.142  -36.890  40.821 1.0000000000
60371  22.315  -36.851  40.253 1.0000000000
69341  5.463  -29.621  36.783 0.8750000000
62780  26.009  -34.777  39.640 1.0000000000
62768  25.710  -35.489  40.319 1.0000000000
62782  24.386  -35.741  40.097 1.0000000000
61570  23.840  -36.069  40.050 1.0000000000
61558  23.055  -36.767  40.637 1.0000000000
61571  22.795  -36.603  40.180 1.0000000000
69355  5.330  -29.445  36.251 0.8750000000
68273  5.197  -29.625  37.663 0.8750000000
62791  24.975  -35.113  39.142 1.0000000000
62792  24.242  -35.579  39.548 1.0000000000
69356  4.704  -29.411  36.201 0.8750000000
62764  29.185  -34.130  40.388 0.8750000000
62801  24.943  -34.805  38.139 1.0000000000
69317  18.906  -28.005  39.630 1.0000000000
69302  19.372  -28.943  39.654 1.0000000000
64968  28.955  -33.409  39.696 1.0000000000
62790  25.649  -34.400  38.767 1.0000000000
66041  29.092  -32.205  38.614 1.0000000000
62800  25.545  -34.213  37.928 1.0000000000
68290  2.686  -29.950  36.636 0.8750000000
68274  2.979  -30.011  37.371 0.8750000000
67147  2.567  -30.418  38.397 0.8750000000
68242  3.144  -30.284  39.447 0.8750000000
68264  20.072  -29.440  37.753 1.0000000000
69374  2.956  -29.196  35.340 0.8750000000
67148  1.940  -31.310  38.751 0.8750000000
76049  32.634  -22.537  39.575 1.0000000000
74869  32.226  -23.226  39.463 1.0000000000
69400  3.241  -28.853  33.883 0.8750000000
77255  33.096  -21.906  39.592 1.0000000000
77269  32.598  -21.580  39.320 1.0000000000
77283  31.470  -22.153  37.996 1.0000000000
77296  31.101  -21.933  37.496 1.0000000000
69379  28.181  -28.409  34.052 1.0000000000
65019  23.603  -33.330  35.237 1.0000000000
67161  17.679  -30.155  36.579 1.0000000000
77295  31.611  -21.693  37.773 1.0000000000
77319  30.649  -21.635  36.035 1.0000000000
65033  22.697  -32.775  34.159 1.0000000000
68297  17.799  -29.338  35.709 1.0000000000
69414  3.702  -28.637  33.417 0.8750000000
78476  29.965  -21.118  35.284 1.0000000000
78517  29.374  -20.546  33.468 1.0000000000
73819  27.274  -24.367  31.041 0.8750000000
70479  27.486  -27.365  32.180 1.0000000000
68341  4.535  -29.467  32.710 0.8750000000
78536  28.297  -20.762  32.265 1.0000000000
76162  27.125  -22.987  31.050 0.8750000000
71619  27.072  -26.290  31.201 1.0000000000
71604  27.453  -26.656  31.812 1.0000000000
66103  21.244  -32.324  32.956 1.0000000000
68340  5.119  -29.422  32.349 0.8750000000
79756  28.645  -20.227  31.919 1.0000000000
78553  28.049  -20.624  31.581 1.0000000000
77359  27.333  -22.144  31.304 1.0000000000
76180  26.490  -22.519  30.072 0.8750000000
74963  26.983  -23.684  30.784 0.8750000000
74964  26.501  -23.818  30.372 0.8750000000
66131  19.370  -31.495  31.563 1.0000000000
79767  28.329  -20.104  30.714 1.0000000000
78554  27.504  -20.970  30.967 1.0000000000
78566  27.340  -21.006  30.118 0.8750000000
77392  26.444  -21.833  29.567 0.8750000000
77393  25.860  -22.347  29.166 0.8750000000
76169  26.306  -23.390  30.141 0.8750000000
79793  26.888  -20.204  28.754 0.8750000000
79781  26.898  -20.552  29.278 0.8750000000
78575  26.443  -20.913  29.016 0.8750000000
66118  5.242  -30.738  32.324 0.8750000000
65065  5.464  -32.282  31.793 0.8750000000
79804  26.946  -20.079  27.730 0.8750000000
63975  6.061  -32.789  31.345 0.8750000000
63986  5.571  -33.772  30.628 0.7500000000
62897  5.362  -33.880  29.244 0.7500000000
63995  5.007  -33.726  28.486 0.7500000000
63976  5.402  -33.288  31.460 0.7500000000
62883  5.344  -34.147  29.992 0.7500000000
62913  3.754  -34.099  28.306 0.6250000000
62914  3.040  -34.194  27.909 0.7500000000
62915  2.702  -34.246  27.096 0.5000000000
62930  2.496  -33.909  26.635 0.7500000000
62994  2.387  -34.168  23.930 0.2500000000
64032  2.276  -33.802  25.422 0.3750000000
73724  14.514  -25.009  41.728 1.0000000000
73735  14.636  -25.163  40.528 1.0000000000
73747  14.113  -25.087  39.585 0.8750000000
73755  14.210  -24.903  38.540 0.8750000000
73754  14.678  -24.184  37.981 0.8750000000
74897  14.978  -23.303  37.431 0.8750000000
71536  12.725  -26.807  39.933 1.0000000000
71543  13.299  -26.249  39.461 1.0000000000
72668  13.748  -25.590  39.009 0.8750000000
73762  14.124  -24.725  37.473 0.8750000000
69329  11.783  -28.369  38.857 1.0000000000
70425  12.278  -27.689  38.607 1.0000000000
71544  12.809  -26.931  39.020 1.0000000000
71549  13.322  -26.254  38.496 1.0000000000
72674  13.761  -25.517  37.993 0.8750000000
68249  11.459  -28.763  38.353 1.0000000000
56767  26.981  -38.742  39.976 0.7500000000
58012  25.659  -37.851  40.955 0.8750000000
71470  18.169  -26.205  44.473 0.8750000000
68287  7.664  -29.728  36.762 0.8750000000
68288  6.692  -29.768  36.582 0.8750000000
58035  27.976  -37.780  39.776 0.7500000000
59213  26.175  -36.688  40.995 0.8750000000
59228  28.212  -36.508  39.966 0.7500000000
61554  26.125  -35.684  40.498 1.0000000000
60337  25.691  -36.493  41.171 0.8750000000
68302  5.848  -29.238  35.767 0.8750000000
62767  26.549  -35.103  40.033 1.0000000000
69372  4.473  -28.760  35.454 0.8750000000
69343  4.287  -29.544  37.101 0.8750000000
69373  3.695  -28.950  35.424 0.8750000000
63893  26.335  -33.973  39.090 1.0000000000
63900  26.082  -33.731  38.294 1.0000000000
63905  25.697  -33.700  37.580 1.0000000000
69357  3.991  -29.454  36.225 0.8750000000
69344  3.665  -29.638  37.218 0.8750000000
69333  4.001  -29.295  37.840 0.8750000000
66050  29.002  -31.751  38.194 1.0000000000
63915  24.705  -33.727  36.597 1.0000000000
65005  25.094  -33.481  36.685 1.0000000000
68265  19.387  -29.550  37.368 1.0000000000
69389  3.363  -28.609  34.596 0.8750000000
69358  3.188  -29.498  36.322 0.8750000000
65012  23.962  -33.704  35.844 1.0000000000
65011  24.746  -33.321  36.083 1.0000000000
67160  18.335  -29.711  36.878 1.0000000000
77254  33.760  -21.651  39.590 1.0000000000
65032  23.875  -32.591  34.428 1.0000000000
68283  18.255  -29.382  36.422 1.0000000000
78403  34.249  -20.736  39.570 1.0000000000
77281  32.198  -21.349  38.764 1.0000000000
78450  31.762  -21.142  37.130 1.0000000000
65044  22.328  -32.461  33.504 1.0000000000
78475  30.730  -20.894  35.400 1.0000000000
78482  30.438  -20.535  34.826 1.0000000000
68323  27.662  -29.118  33.762 1.0000000000
69396  27.525  -28.375  33.131 1.0000000000
66102  22.048  -32.224  33.019 1.0000000000
68326  17.345  -29.645  33.398 1.0000000000
68314  17.557  -29.303  34.535 1.0000000000
69413  4.187  -28.698  32.967 0.8750000000
79713  29.995  -20.518  34.140 1.0000000000
71620  26.450  -26.598  30.826 0.8750000000
66114  20.606  -32.067  32.458 1.0000000000
66130  20.303  -31.546  31.742 1.0000000000
79745  29.452  -20.144  32.705 1.0000000000
73835  26.335  -24.583  30.120 0.8750000000
72746  26.511  -25.336  30.393 0.8750000000
71631  26.663  -25.977  30.677 0.8750000000
72747  25.982  -25.424  29.982 0.8750000000
66115  19.755  -31.982  32.182 1.0000000000
67219  19.932  -31.051  31.049 1.0000000000
67220  18.967  -30.972  30.947 1.0000000000
68339  17.526  -29.676  32.429 1.0000000000
79792  27.799  -19.541  28.394 0.8750000000
74975  26.140  -23.864  29.851 0.8750000000
73851  25.928  -24.670  29.574 0.8750000000
67222  17.859  -30.331  31.226 1.0000000000
67223  6.386  -30.428  31.426 0.8750000000
77407  26.106  -21.424  28.877 0.8750000000
77408  25.559  -21.833  28.430 0.8750000000
76194  25.553  -22.873  28.814 0.8750000000
74989  25.673  -23.904  29.102 0.8750000000
76195  25.177  -22.705  28.075 0.8750000000
68366  17.920  -30.000  30.762 1.0000000000
65064  6.340  -32.063  31.377 0.8750000000
80939  28.497  -19.111  28.167 0.8750000000
78583  25.706  -20.962  27.822 0.8750000000
77421  25.405  -21.445  27.731 0.8750000000
77422  25.115  -21.841  27.345 0.8750000000
76208  24.992  -22.515  27.534 0.8750000000
66145  6.928  -31.273  30.873 0.8750000000
79803  27.534  -19.530  27.223 0.8750000000
78591  26.264  -20.429  27.415 0.8750000000
78592  25.695  -20.613  26.862 0.8750000000
78584  25.348  -21.181  27.286 0.8750000000
63984  6.433  -32.730  30.923 0.8750000000
63992  6.505  -32.894  30.146 0.8750000000
63993  5.990  -33.212  29.458 0.8750000000
64004  4.978  -33.013  28.083 0.8750000000
79813  26.590  -19.768  26.468 0.8750000000
79814  25.808  -20.314  26.208 0.7500000000
64005  4.059  -33.416  27.920 0.7500000000
64006  2.985  -33.437  27.676 0.7500000000
63011  2.674  -34.339  23.354 0.1250000000
65097  2.810  -32.910  27.492 0.6250000000
64058  2.261  -33.600  24.871 0.2500000000
73723  15.455  -24.768  41.198 1.0000000000
73746  14.951  -24.471  39.155 0.8750000000
73717  15.605  -24.448  42.289 1.0000000000
71550  12.751  -26.913  38.033 1.0000000000
72681  13.695  -25.444  36.948 0.8750000000
73767  14.082  -23.699  36.617 0.8750000000
74910  13.766  -23.335  36.284 0.8750000000
76111  13.035  -22.613  35.938 0.8750000000
70432  12.037  -27.898  38.096 1.0000000000
71557  12.725  -26.887  36.978 0.8750000000
72687  13.377  -25.535  35.981 0.8750000000
74924  13.215  -23.664  35.696 0.8750000000
68266  11.345  -28.938  37.874 0.8750000000
69340  11.355  -28.787  37.329 1.0000000000
70438  12.241  -27.669  36.830 1.0000000000
71558  12.305  -27.084  36.300 0.8750000000
73777  12.975  -24.657  35.517 0.8750000000
76126  12.701  -23.288  35.639 0.8750000000
76127  12.139  -23.111  35.697 0.8750000000
76128  11.571  -23.005  35.896 0.8750000000
68267  10.723  -29.221  37.572 0.8750000000
69352  11.765  -28.346  36.827 1.0000000000
70439  11.827  -27.672  36.138 1.0000000000
71566  11.831  -26.723  35.690 0.8750000000
72688  12.421  -25.658  35.583 0.8750000000
74925  12.376  -23.851  35.514 0.8750000000
69354  10.116  -29.087  36.296 0.8750000000
69366  10.513  -28.504  35.798 0.8750000000
70446  11.089  -27.644  35.588 1.0000000000
72689  11.385  -25.784  35.375 0.8750000000
73778  11.909  -24.765  35.463 0.8750000000
74926  11.267  -23.735  35.832 0.8750000000
56759  26.703  -38.083  40.357 0.8750000000
68285  9.441  -29.467  36.702 0.8750000000
68298  8.950  -29.457  36.269 0.8750000000
69367  9.387  -29.043  35.556 0.8750000000
69368  8.217  -28.951  35.404 0.8750000000
69383  8.817  -28.597  34.881 1.0000000000
69369  7.251  -28.843  35.280 0.8750000000
58024  27.668  -37.398  40.194 0.7500000000
58036  27.336  -37.911  40.177 0.7500000000
58026  26.322  -37.655  40.655 0.8750000000
71496  17.733  -26.895  42.918 0.8750000000
71506  17.964  -26.747  42.061 0.8750000000
68286  8.558  -29.639  36.836 0.8750000000
68299  8.373  -29.365  36.132 0.8750000000
68300  7.451  -29.343  35.984 0.8750000000
69384  8.012  -28.386  34.720 1.0000000000
71521  18.232  -26.653  41.098 0.8750000000
69370  6.322  -28.728  35.271 0.8750000000
59246  28.084  -37.069  40.063 0.7500000000
58025  27.075  -37.421  40.379 0.8750000000
59230  26.714  -36.854  40.603 1.0000000000
60336  26.230  -36.252  40.782 1.0000000000
59231  26.115  -37.231  40.986 0.8750000000
70417  18.389  -27.302  40.100 0.8750000000
70416  18.860  -27.302  39.817 0.8750000000
68301  6.555  -29.324  35.815 0.8750000000
69385  7.013  -28.171  34.702 0.8750000000
60352  27.197  -36.193  40.252 0.7500000000
61535  26.896  -35.765  40.221 1.0000000000
61536  26.426  -35.916  40.512 1.0000000000
69316  19.748  -28.510  39.324 1.0000000000
69387  5.089  -28.023  34.713 0.8750000000
61551  28.669  -34.914  40.389 0.8750000000
61553  26.833  -35.438  40.147 1.0000000000
68232  20.437  -28.821  38.812 1.0000000000
69388  4.149  -28.064  34.815 0.8750000000
70462  3.438  -28.248  34.083 0.8750000000
63884  26.727  -34.095  39.535 1.0000000000
70473  3.647  -28.108  33.673 0.8750000000
64976  28.807  -33.073  39.173 1.0000000000
64997  26.070  -33.427  37.725 1.0000000000
68282  18.945  -29.309  36.781 1.0000000000
70486  3.983  -28.116  33.213 0.8750000000
79650  33.873  -19.970  38.954 1.0000000000
79663  33.532  -19.851  38.494 1.0000000000
67144  28.450  -31.397  37.396 1.0000000000
79651  33.285  -20.289  38.791 1.0000000000
79674  32.693  -20.052  37.363 1.0000000000
68279  28.421  -30.056  36.291 1.0000000000
66112  22.528  -31.691  32.613 1.0000000000
79632  35.178  -20.296  39.756 0.8750000000
79685  32.119  -20.373  36.496 1.0000000000
79696  31.674  -20.012  35.167 1.0000000000
68311  28.076  -29.491  34.546 1.0000000000
67218  21.160  -31.067  31.298 1.0000000000
69412  5.017  -28.676  32.424 0.8750000000
78418  35.807  -20.564  39.321 0.8750000000
79646  36.487  -19.726  38.741 0.8750000000
79730  30.457  -19.787  33.285 1.0000000000
70480  26.968  -27.313  31.625 1.0000000000
66113  21.573  -31.841  32.363 1.0000000000
68356  5.803  -29.401  31.913 0.8750000000
68355  6.793  -29.445  31.318 0.8750000000
78434  36.430  -20.438  38.098 0.8750000000
79744  30.459  -19.384  32.136 1.0000000000
79754  30.160  -19.284  31.023 1.0000000000
72760  25.608  -25.470  29.414 0.8750000000
73865  25.571  -24.837  29.045 0.8750000000
67237  6.952  -30.585  30.969 0.8750000000
67236  7.318  -30.469  30.391 1.0000000000
67249  7.417  -30.331  29.426 1.0000000000
79766  29.441  -19.280  30.299 1.0000000000
79779  28.627  -19.409  29.367 1.0000000000
67235  18.111  -30.349  30.842 1.0000000000
66150  7.334  -31.169  29.688 1.0000000000
66159  7.265  -30.970  29.047 0.8750000000
80926  29.181  -18.858  29.192 1.0000000000
80938  28.950  -18.906  28.573 0.8750000000
65083  6.745  -32.344  29.229 0.8750000000
80966  27.960  -19.002  26.692 0.8750000000
79812  27.393  -19.377  26.639 0.7500000000
64003  5.649  -33.007  28.722 0.8750000000
64017  4.391  -32.507  27.654 1.0000000000
80982  27.066  -18.912  25.637 0.7500000000
79821  26.355  -19.307  25.245 0.7500000000
79822  25.444  -19.955  25.529 0.7500000000
78601  25.316  -20.552  26.182 0.8750000000
65096  3.181  -32.911  27.593 0.7500000000
64057  2.329  -33.566  24.455 0.2500000000
64020  2.396  -33.410  26.850 0.6250000000
65108  2.195  -32.522  26.921 0.7500000000
65151  2.467  -33.106  24.072 0.2500000000
64042  2.050  -33.239  25.102 0.3750000000
65115  1.884  -32.766  26.368 0.5000000000
65136  2.310  -32.486  24.760 0.2500000000
74876  15.607  -23.908  38.816 0.8750000000
74885  15.283  -23.697  38.282 0.8750000000
73716  16.440  -24.287  42.557 1.0000000000
74855  16.051  -24.257  41.558 1.0000000000
73734  15.499  -24.561  40.145 0.8750000000
73745  15.741  -24.189  39.371 0.8750000000
73710  16.641  -24.623  43.243 1.0000000000
73761  14.372  -23.919  37.082 0.8750000000
76110  14.016  -22.505  36.464 0.8750000000
69338  12.023  -27.987  37.590 1.0000000000
77313  12.531  -21.445  36.612 0.8750000000
73687  17.885  -25.509  44.578 0.8750000000
76112  11.915  -22.412  36.059 0.8750000000
71469  19.058  -26.424  44.587 0.8750000000
69353  10.863  -28.804  36.680 1.0000000000
70448  9.369  -28.374  34.853 1.0000000000
70447  10.076  -27.837  34.943 1.0000000000
77314  11.334  -21.850  36.682 0.8750000000
71484  18.394  -26.601  43.738 0.8750000000
71567  10.838  -26.780  35.130 0.8750000000
76113  11.029  -22.870  36.329 0.8750000000
73779  10.914  -24.934  35.540 0.8750000000
74911  10.858  -23.373  36.232 0.8750000000
70456  8.992  -27.721  34.476 1.0000000000
70402  18.625  -26.900  40.330 0.8750000000
70457  7.793  -27.539  34.261 1.0000000000
59229  27.602  -36.749  40.247 0.7500000000
69315  20.470  -28.223  38.843 1.0000000000
61552  27.580  -35.342  40.123 0.8750000000
60351  28.117  -35.832  40.034 0.7500000000
70461  3.806  -27.764  34.147 0.8750000000
62766  27.504  -34.479  40.096 1.0000000000
62779  26.960  -34.368  39.817 1.0000000000
67203  21.451  -31.442  31.882 1.0000000000
67231  21.665  -30.385  30.174 1.0000000000
65010  25.765  -32.405  36.039 1.0000000000
65031  24.433  -32.268  34.434 1.0000000000
66100  23.735  -31.713  33.407 1.0000000000
67217  22.481  -30.748  31.162 1.0000000000
67246  20.689  -30.308  29.604 1.0000000000
68382  18.848  -29.604  29.303 1.0000000000
70524  18.406  -27.735  29.316 1.0000000000
70485  4.568  -27.915  32.858 0.7500000000
66042  28.632  -32.390  38.360 1.0000000000
67202  22.088  -31.315  31.911 1.0000000000
67247  19.717  -30.358  29.686 1.0000000000
69436  18.166  -28.541  29.783 1.0000000000
80817  33.905  -19.606  38.635 1.0000000000
80840  33.544  -19.115  37.414 1.0000000000
79673  33.309  -19.703  37.983 1.0000000000
67151  28.360  -30.808  36.916 1.0000000000
67158  27.590  -30.775  35.997 1.0000000000
66101  22.852  -32.084  33.363 1.0000000000
67232  20.426  -30.651  30.359 1.0000000000
67248  19.074  -30.286  29.884 1.0000000000
80815  35.267  -18.824  38.914 0.8750000000
80816  34.325  -19.299  38.779 1.0000000000
80854  33.231  -19.221  36.651 1.0000000000
80866  32.449  -19.157  34.813 1.0000000000
68294  28.183  -29.934  35.513 1.0000000000
67233  19.419  -30.624  30.367 1.0000000000
69382  17.782  -28.797  33.640 1.0000000000
69424  6.552  -28.444  31.532 1.0000000000
79648  35.456  -19.939  39.564 0.8750000000
80814  36.047  -19.023  39.004 0.8750000000
80888  31.962  -19.084  33.231 1.0000000000
69418  26.477  -27.793  31.474 1.0000000000
67234  18.526  -30.280  30.402 1.0000000000
68365  18.016  -29.383  30.417 1.0000000000
68354  7.125  -29.289  31.100 1.0000000000
68383  7.574  -29.468  29.887 0.8750000000
69453  7.683  -28.540  29.321 0.8750000000
79662  36.673  -19.676  38.327 0.8750000000
79743  31.129  -19.172  32.326 1.0000000000
80907  30.916  -19.107  31.263 1.0000000000
70493  26.434  -27.229  31.162 1.0000000000
68395  7.453  -29.487  28.968 0.8750000000
68396  6.960  -29.509  28.282 0.8750000000
67257  6.594  -30.337  28.091 0.8750000000
78447  36.321  -20.461  37.275 0.7500000000
79765  30.067  -19.114  30.475 1.0000000000
73866  25.150  -24.638  28.466 0.8750000000
73881  24.618  -24.419  27.682 0.8750000000
67256  7.146  -30.341  28.679 0.8750000000
80924  30.442  -18.604  29.712 1.0000000000
82114  29.744  -18.466  28.221 1.0000000000
74990  25.179  -23.626  28.256 0.8750000000
65093  6.421  -32.010  28.435 0.8750000000
66169  6.236  -30.962  27.898 0.8750000000
67264  5.886  -30.302  27.671 0.8750000000
82130  29.629  -18.369  27.533 0.8750000000
82131  29.009  -18.426  27.298 0.8750000000
80980  28.418  -18.468  26.422 0.7500000000
77436  24.537  -21.829  26.516 0.8750000000
80981  27.830  -18.526  25.904 0.7500000000
78593  24.963  -21.096  26.610 0.8750000000
65094  5.789  -32.386  28.341 0.8750000000
65105  4.264  -31.945  27.507 1.0000000000
66171  4.703  -31.280  27.580 1.0000000000
80996  26.761  -18.479  24.758 0.7500000000
79832  26.267  -19.010  24.699 0.7500000000
79823  24.743  -20.195  25.197 0.7500000000
65107  2.717  -32.406  27.345 0.7500000000
65135  2.529  -32.164  24.456 0.2500000000
74834  17.362  -24.315  43.302 0.8750000000
74846  17.221  -24.094  42.547 0.8750000000
73733  16.178  -24.160  39.877 0.8750000000
74896  15.491  -22.997  37.924 0.8750000000
76097  14.756  -22.470  36.920 0.8750000000
73709  17.648  -24.464  43.906 0.8750000000
73722  16.197  -24.430  40.743 0.8750000000
74909  14.387  -23.212  36.740 0.8750000000
77311  14.364  -21.732  36.728 0.8750000000
73686  18.273  -25.449  44.699 0.8750000000
78469  13.530  -21.054  36.749 0.8750000000
78470  12.985  -20.839  36.884 0.8750000000
71457  18.595  -26.047  44.954 0.8750000000
77302  11.766  -21.199  37.175 0.8750000000
71495  18.701  -26.755  42.869 0.8750000000
71574  10.061  -26.794  34.691 1.0000000000
71505  18.918  -26.289  41.926 0.8750000000
70455  9.661  -27.286  34.587 1.0000000000
74898  10.005  -23.235  37.073 0.8750000000
71520  19.222  -26.325  40.844 0.8750000000
70401  19.451  -26.747  39.991 1.0000000000
71575  9.398  -26.735  34.429 0.8750000000
72697  9.757  -26.263  34.614 0.8750000000
73780  10.078  -24.994  35.550 0.8750000000
74912  10.307  -23.514  36.610 0.8750000000
74899  9.599  -23.310  37.191 0.8750000000
71534  20.162  -26.738  39.520 1.0000000000
70415  19.604  -27.436  39.460 1.0000000000
70458  6.757  -27.379  34.236 0.8750000000
71579  5.793  -26.713  33.692 0.7500000000
70459  5.812  -27.285  34.175 0.7500000000
70460  4.854  -27.222  33.988 0.7500000000
70471  5.077  -27.319  33.168 0.7500000000
62765  28.370  -34.357  40.379 0.8750000000
62778  27.390  -34.030  39.954 1.0000000000
73837  18.648  -24.694  30.608 0.8750000000
74965  18.879  -23.902  31.190 0.8750000000
74956  19.477  -23.732  32.125 0.8750000000
68281  19.792  -28.860  36.993 1.0000000000
63883  27.273  -33.892  39.696 1.0000000000
64996  26.716  -33.181  37.929 1.0000000000
71644  18.499  -26.638  29.463 0.8750000000
72748  18.781  -25.467  31.022 0.8750000000
73836  18.958  -24.811  31.305 0.8750000000
73807  19.756  -24.591  32.902 0.8750000000
70484  5.456  -27.678  32.487 0.7500000000
63881  28.507  -33.595  39.918 1.0000000000
68381  20.031  -30.094  28.900 1.0000000000
70509  18.247  -27.514  30.274 1.0000000000
71633  18.901  -25.965  31.499 0.8750000000
73820  19.338  -24.631  31.931 0.8750000000
68296  18.741  -28.784  35.904 1.0000000000
66051  28.404  -32.028  37.807 1.0000000000
68380  21.018  -30.052  28.983 1.0000000000
71634  18.566  -26.427  30.804 1.0000000000
71622  18.738  -26.555  31.820 1.0000000000
68313  18.265  -28.668  35.157 1.0000000000
69425  5.801  -28.389  32.109 0.8750000000
69421  17.888  -28.499  30.926 1.0000000000
70495  18.296  -27.354  31.395 1.0000000000
82000  35.291  -18.062  37.445 1.0000000000
80877  33.307  -18.433  34.733 1.0000000000
80887  32.731  -18.550  33.524 1.0000000000
67164  27.532  -30.372  34.946 1.0000000000
67175  27.474  -30.130  34.336 1.0000000000
68325  26.381  -29.693  32.855 1.0000000000
68337  26.032  -29.372  32.235 1.0000000000
69437  7.436  -28.423  30.431 0.8750000000
81978  36.000  -18.397  38.690 0.8750000000
82041  33.330  -18.373  34.243 1.0000000000
69397  27.029  -28.878  32.760 1.0000000000
69408  26.799  -28.366  32.086 1.0000000000
69409  26.102  -28.795  31.711 1.0000000000
69422  17.792  -28.720  31.594 1.0000000000
69468  6.679  -28.707  27.902 0.8750000000
80827  36.964  -18.922  37.883 0.8750000000
80906  31.634  -18.753  31.405 1.0000000000
80913  31.228  -18.728  30.696 1.0000000000
70507  25.481  -27.247  30.218 0.8750000000
71651  24.819  -26.456  28.829 0.8750000000
68353  17.731  -29.452  31.349 1.0000000000
79672  36.946  -19.527  37.580 0.8750000000
82096  31.205  -18.313  29.366 1.0000000000
72773  25.212  -25.523  28.800 0.8750000000
72774  24.458  -25.567  28.016 0.8750000000
73894  24.320  -24.042  27.077 0.8750000000
68407  6.290  -29.521  27.765 0.8750000000
69482  5.924  -28.720  27.524 0.8750000000
79682  36.412  -20.001  36.538 0.7500000000
82113  30.401  -18.352  28.443 1.0000000000
75005  24.743  -23.307  27.468 0.8750000000
75016  24.260  -23.388  26.680 0.8750000000
67265  5.055  -30.359  27.419 0.8750000000
82146  29.833  -18.016  26.450 0.7500000000
78594  24.307  -21.187  26.158 0.7500000000
77437  24.006  -21.789  25.852 0.8750000000
67266  4.147  -30.407  27.312 0.8750000000
82160  28.674  -17.985  25.697 0.7500000000
78602  24.667  -20.587  25.797 0.7500000000
78614  24.342  -20.492  25.084 0.7500000000
66172  3.788  -31.327  27.318 0.8750000000
82161  27.875  -18.032  25.377 0.7500000000
80995  27.443  -18.296  25.237 0.7500000000
80997  26.080  -18.735  24.297 0.7500000000
80998  25.420  -19.000  24.067 0.7500000000
81008  25.767  -18.273  23.628 0.7500000000
66173  2.915  -31.467  27.135 0.7500000000
66219  2.889  -31.618  24.194 0.2500000000
65124  1.851  -32.570  25.625 0.5000000000
66174  2.289  -31.873  26.987 0.7500000000
73744  16.164  -23.946  39.383 0.8750000000
74884  15.865  -23.168  38.507 0.8750000000
74864  16.779  -23.807  40.316 0.8750000000
74883  16.343  -23.149  38.887 0.8750000000
76096  15.309  -22.396  37.496 0.8750000000
74833  17.984  -24.168  43.327 0.8750000000
74854  16.885  -24.008  41.372 0.8750000000
76068  17.072  -22.464  39.229 0.8750000000
76082  16.465  -22.373  38.605 0.8750000000
76083  15.790  -22.329  38.070 0.8750000000
78455  15.052  -21.177  37.596 0.8750000000
73685  18.849  -25.455  45.080 0.8750000000
74853  17.924  -23.769  41.648 0.8750000000
74873  17.208  -23.170  39.876 0.8750000000
76081  16.914  -21.978  38.788 0.8750000000
77288  16.032  -21.494  38.246 0.8750000000
78440  15.341  -20.601  38.264 0.8750000000
78441  14.084  -20.201  37.924 0.8750000000
78457  13.452  -20.545  37.260 0.8750000000
71456  18.841  -26.134  45.183 0.8750000000
77273  17.531  -21.494  39.545 0.8750000000
77287  16.692  -21.369  38.677 0.8750000000
71483  19.403  -26.724  43.734 0.8750000000
78460  11.070  -20.731  38.173 0.8750000000
77303  10.480  -21.383  37.697 0.8750000000
71494  19.730  -26.624  42.714 0.8750000000
77315  10.632  -22.314  36.887 0.8750000000
71576  8.523  -26.658  34.059 0.8750000000
72691  9.749  -25.319  35.023 0.8750000000
73769  9.753  -24.341  36.130 0.8750000000
74927  10.475  -24.346  35.961 0.8750000000
77304  9.504  -22.223  37.788 0.8750000000
78466  20.442  -21.211  35.924 0.7500000000
77310  20.824  -21.816  36.453 0.7500000000
72698  9.230  -25.676  34.312 0.8750000000
73781  9.340  -24.699  35.199 0.8750000000
74913  9.305  -23.755  36.761 0.8750000000
76100  8.762  -23.032  37.904 0.8750000000
78478  20.039  -20.791  35.233 0.7500000000
70414  20.482  -27.424  38.870 1.0000000000
71577  7.476  -26.752  33.849 0.8750000000
74900  8.653  -23.437  37.583 0.8750000000
78486  19.964  -21.219  34.350 0.7500000000
78477  20.405  -21.451  35.122 0.7500000000
71578  6.541  -26.675  33.755 0.8750000000
72708  8.929  -25.176  33.783 0.8750000000
73788  9.199  -24.771  34.077 0.8750000000
73782  8.762  -23.970  35.546 0.8750000000
74914  8.492  -23.608  36.692 0.8750000000
78501  19.656  -21.206  33.677 0.7500000000
77322  20.650  -21.933  35.675 0.7500000000
71592  5.635  -26.703  33.266 0.8750000000
77340  19.668  -21.854  33.701 0.7500000000
77331  20.197  -22.021  34.380 0.8750000000
68247  20.569  -28.901  38.146 1.0000000000
71607  6.320  -26.423  32.696 0.8750000000
74936  8.321  -23.407  35.063 0.8750000000
63874  28.218  -33.901  40.239 1.0000000000
77349  19.426  -21.962  32.746 0.7500000000
76148  19.585  -22.715  33.324 0.7500000000
74943  19.772  -23.358  33.822 0.8750000000
71608  5.681  -26.950  32.764 0.7500000000
70483  6.229  -27.119  32.309 0.7500000000
63882  27.872  -33.686  39.869 1.0000000000
76163  19.224  -22.865  31.401 0.8750000000
74949  19.786  -23.609  33.060 0.8750000000
63891  27.617  -33.628  39.394 1.0000000000
64987  27.054  -33.409  38.619 1.0000000000
65003  26.696  -32.352  36.901 1.0000000000
73852  18.594  -24.637  29.699 0.8750000000
72721  19.435  -25.373  32.464 0.8750000000
68295  19.393  -28.657  36.351 1.0000000000
66099  24.374  -31.581  33.721 1.0000000000
67201  23.361  -31.032  32.198 1.0000000000
68394  19.004  -28.833  28.500 1.0000000000
71653  18.647  -26.278  28.373 1.0000000000
71621  19.139  -25.997  32.135 1.0000000000
70497  6.152  -27.805  32.056 1.0000000000
70496  6.635  -27.441  31.641 0.8750000000
72751  7.922  -25.770  30.579 0.8750000000
71645  7.808  -26.543  30.049 0.8750000000
72763  7.944  -25.528  29.510 0.8750000000
64985  28.638  -32.731  38.667 1.0000000000
68379  21.889  -29.765  29.267 1.0000000000
68406  19.848  -28.733  27.682 1.0000000000
70547  18.971  -26.761  27.669 1.0000000000
70511  7.021  -27.838  31.048 0.8750000000
71654  7.791  -26.627  29.033 0.8750000000
71655  7.048  -26.790  28.270 0.8750000000
66058  27.846  -31.728  37.177 1.0000000000
66059  27.258  -31.828  36.839 1.0000000000
66086  26.392  -31.274  34.983 1.0000000000
69410  17.982  -28.093  31.958 1.0000000000
70510  7.393  -27.295  30.526 0.8750000000
70525  7.756  -27.519  29.668 0.8750000000
70536  7.594  -27.651  28.703 0.8750000000
82013  35.907  -17.612  36.971 1.0000000000
82014  35.124  -17.905  36.558 1.0000000000
82030  34.244  -17.897  35.239 1.0000000000
67165  26.977  -30.980  35.252 1.0000000000
67176  26.606  -30.516  34.117 1.0000000000
68338  25.362  -29.549  31.894 1.0000000000
69411  17.749  -28.853  32.205 1.0000000000
69399  17.718  -29.043  32.931 1.0000000000
69467  7.301  -28.623  28.484 0.8750000000
70537  6.952  -27.812  28.022 0.8750000000
83235  36.293  -17.572  37.653 1.0000000000
82012  36.186  -17.522  37.466 1.0000000000
80886  33.153  -18.338  33.148 1.0000000000
68349  25.704  -29.112  31.580 1.0000000000
69434  24.688  -28.467  30.057 1.0000000000
70531  24.390  -27.220  28.727 0.8750000000
83234  36.930  -17.341  37.138 1.0000000000
81985  36.731  -18.312  37.831 0.8750000000
82069  32.393  -18.277  31.031 0.8750000000
82081  31.989  -18.156  30.076 0.8750000000
69419  25.755  -28.221  31.021 0.8750000000
70522  24.870  -27.426  29.472 0.8750000000
71652  24.127  -26.643  28.212 0.8750000000
72792  23.536  -25.615  27.042 0.8750000000
80837  37.859  -18.357  37.053 0.8750000000
80838  37.388  -18.795  37.463 0.8750000000
82080  32.955  -17.719  30.029 0.8750000000
82095  32.232  -17.793  29.068 0.8750000000
72791  24.193  -25.077  27.457 0.8750000000
73895  23.702  -24.385  26.524 0.8750000000
80851  37.508  -18.959  37.082 0.7500000000
79681  37.016  -19.516  36.604 0.7500000000
82112  31.585  -17.990  28.155 1.0000000000
75017  23.714  -23.433  26.003 0.8750000000
68409  4.588  -29.522  27.210 0.8750000000
79709  36.490  -19.440  34.828 0.7500000000
82129  30.807  -18.158  27.226 1.0000000000
82145  31.037  -17.557  26.120 0.8750000000
82159  29.856  -17.679  25.422 0.7500000000
77454  23.546  -21.671  25.169 0.7500000000
76234  23.498  -22.576  25.539 0.8750000000
68410  3.719  -29.531  27.167 0.8750000000
82178  29.021  -17.660  24.613 0.6250000000
79834  24.540  -19.744  24.369 0.7500000000
82177  29.959  -17.447  24.568 0.6250000000
82179  27.650  -17.561  24.538 0.6250000000
82180  26.833  -17.892  24.292 0.6250000000
67267  3.309  -30.464  27.151 0.7500000000
81007  26.425  -18.182  24.109 0.6250000000
66191  2.166  -31.723  25.453 0.7500000000
66181  2.396  -31.319  26.691 0.7500000000
73697  19.130  -24.891  44.673 0.8750000000
73708  18.552  -24.478  44.014 0.8750000000
74863  17.711  -23.396  40.649 0.8750000000
76054  17.786  -22.485  39.962 0.8750000000
79668  14.451  -19.860  38.752 0.8750000000
79670  12.793  -19.913  38.549 0.8750000000
78429  12.188  -19.925  38.929 0.8750000000
72605  19.121  -25.892  45.709 0.8750000000
77274  17.065  -21.098  39.133 0.8750000000
78439  16.203  -20.892  38.506 0.8750000000
78443  12.282  -20.315  38.188 0.8750000000
78444  11.561  -20.407  38.542 0.8750000000
76067  22.453  -22.730  39.532 1.0000000000
78445  10.836  -20.704  38.780 0.8750000000
78438  20.818  -20.449  38.245 0.7500000000
77285  21.670  -21.836  38.618 1.0000000000
77284  22.104  -22.119  39.236 1.0000000000
79687  18.870  -19.559  36.413 0.6250000000
79676  20.221  -20.015  37.838 0.6250000000
78437  21.291  -21.107  37.972 1.0000000000
76079  22.106  -22.682  38.781 1.0000000000
71504  20.027  -26.177  41.668 0.8750000000
77290  9.296  -21.842  38.694 0.8750000000
80868  18.127  -18.673  35.803 0.6250000000
78453  20.572  -20.764  37.042 0.6250000000
78452  21.114  -21.321  37.394 0.8750000000
77297  21.401  -21.901  37.600 1.0000000000
77291  8.477  -22.409  38.651 0.8750000000
76084  8.896  -22.578  38.127 0.8750000000
80881  17.947  -18.471  34.947 0.6250000000
80880  18.549  -19.113  35.286 0.6250000000
78454  19.879  -20.264  36.617 0.6250000000
77298  21.021  -21.586  37.082 1.0000000000
76080  21.745  -22.660  38.076 1.0000000000
76085  8.297  -23.076  38.233 0.8750000000
80889  18.466  -19.068  34.422 0.6250000000
79699  18.921  -19.711  35.707 0.6250000000
79698  19.438  -20.254  35.464 0.7500000000
77309  21.101  -22.173  36.999 1.0000000000
76095  21.373  -22.776  37.346 1.0000000000
71590  7.279  -26.144  33.404 0.8750000000
71589  8.025  -26.170  33.627 0.8750000000
72699  8.521  -25.951  33.811 0.8750000000
74886  8.326  -23.455  38.009 0.8750000000
79714  19.505  -20.366  34.585 0.7500000000
76108  20.976  -22.804  36.505 1.0000000000
76124  20.853  -23.263  36.075 1.0000000000
72709  8.206  -25.338  33.306 0.8750000000
73797  8.838  -24.889  33.583 0.8750000000
79732  19.435  -20.555  33.596 0.7500000000
76125  20.689  -22.803  35.586 1.0000000000
74923  20.794  -23.751  35.770 0.8750000000
71591  6.372  -26.158  33.268 0.8750000000
72710  7.136  -25.867  32.956 0.8750000000
73789  8.911  -24.017  34.552 0.8750000000
74929  7.620  -23.021  35.595 0.8750000000
78538  19.413  -21.209  32.166 0.7500000000
76138  20.336  -22.728  34.719 0.8750000000
73787  20.335  -24.591  34.646 0.8750000000
68263  20.508  -28.886  37.720 1.0000000000
72724  6.985  -26.086  32.506 0.8750000000
72723  7.516  -25.673  32.409 0.8750000000
73798  8.753  -24.275  33.492 0.8750000000
74944  8.407  -23.209  33.934 0.8750000000
74937  7.694  -22.804  34.639 0.8750000000
77361  19.374  -21.979  31.763 0.7500000000
74948  19.887  -23.943  33.649 0.8750000000
73795  19.952  -24.641  33.811 0.8750000000
72706  19.889  -25.468  33.810 0.8750000000
72722  8.087  -25.161  32.072 0.8750000000
73808  8.460  -24.399  32.512 0.8750000000
74950  8.475  -23.388  32.784 0.8750000000
74966  18.561  -23.853  30.189 0.8750000000
76182  18.791  -22.453  29.853 0.8750000000
72707  19.640  -25.472  33.222 0.8750000000
71588  19.643  -26.249  33.749 0.8750000000
72738  7.242  -25.991  32.073 0.8750000000
74957  8.492  -23.662  31.886 0.8750000000
74951  8.225  -23.002  32.121 0.8750000000
74976  18.695  -23.789  29.415 0.8750000000
74991  18.762  -23.541  28.598 0.8750000000
71605  19.248  -26.126  32.916 0.8750000000
70469  19.088  -26.799  33.387 1.0000000000
72737  7.556  -25.836  31.557 0.8750000000
73821  8.375  -24.460  31.556 0.8750000000
74967  8.278  -23.776  31.084 0.8750000000
64986  27.869  -33.085  38.588 1.0000000000
64995  27.493  -32.453  37.569 1.0000000000
65009  26.414  -32.049  36.323 1.0000000000
65017  25.506  -32.215  35.349 1.0000000000
67189  24.435  -31.053  33.104 1.0000000000
67216  23.711  -30.149  31.087 1.0000000000
72795  18.733  -25.108  27.331 0.8750000000
75006  18.704  -23.200  27.541 0.8750000000
70481  18.952  -26.627  32.856 1.0000000000
71624  7.006  -26.517  31.853 0.8750000000
71635  7.442  -26.458  31.017 0.8750000000
72736  8.080  -25.114  31.114 0.8750000000
72750  8.290  -25.049  30.261 0.8750000000
73853  8.283  -24.350  29.982 0.8750000000
65002  27.316  -32.097  37.121 1.0000000000
66067  26.326  -31.872  35.960 1.0000000000
66087  25.737  -31.390  34.596 1.0000000000
67200  24.655  -30.106  32.038 1.0000000000
68363  23.242  -29.777  29.954 1.0000000000
68404  21.206  -29.289  28.039 1.0000000000
70534  19.156  -27.829  27.766 1.0000000000
70482  18.602  -27.184  32.582 1.0000000000
66073  26.586  -31.459  35.637 1.0000000000
67177  25.293  -31.001  33.849 1.0000000000
69450  22.441  -29.117  28.839 1.0000000000
70545  20.881  -27.858  26.939 1.0000000000
71675  20.400  -26.134  26.166 1.0000000000
72816  19.466  -25.093  26.318 0.8750000000
69398  18.163  -28.214  33.038 1.0000000000
72777  7.220  -25.784  28.644 0.8750000000
83246  36.063  -17.267  36.591 1.0000000000
82038  35.604  -17.297  35.159 1.0000000000
82029  34.864  -17.720  35.661 1.0000000000
67188  25.677  -30.246  32.946 1.0000000000
68350  25.025  -29.341  31.245 1.0000000000
69435  23.888  -28.875  29.846 1.0000000000
70533  23.159  -27.909  28.000 1.0000000000
70558  21.573  -27.202  26.541 1.0000000000
72835  20.575  -25.415  25.700 0.8750000000
75030  19.305  -23.656  25.156 0.8750000000
71663  6.182  -27.115  27.706 0.8750000000
83244  37.201  -16.856  36.491 1.0000000000
82037  36.065  -16.987  35.651 1.0000000000
82039  34.740  -17.571  34.825 1.0000000000
82049  33.594  -18.181  33.563 1.0000000000
69448  24.353  -28.087  29.392 1.0000000000
70542  23.278  -27.501  27.867 1.0000000000
72813  22.426  -25.476  26.078 0.8750000000
72834  21.531  -25.272  25.495 0.8750000000
73911  19.851  -24.528  25.460 0.8750000000
70548  6.302  -28.039  27.667 0.8750000000
81997  38.076  -17.616  36.936 0.8750000000
82059  34.315  -17.498  32.727 0.8750000000
71659  23.459  -26.835  27.666 0.8750000000
73896  23.052  -24.699  26.070 0.8750000000
73909  21.774  -24.464  25.051 0.8750000000
80850  38.067  -18.654  36.472 0.8750000000
83329  34.733  -17.256  31.706 0.8750000000
83330  34.133  -17.446  31.211 0.8750000000
75027  23.013  -23.471  25.505 0.8750000000
76235  22.871  -22.857  25.077 0.8750000000
69483  5.081  -28.668  27.248 0.8750000000
79690  38.114  -18.981  35.116 0.7500000000
79691  37.154  -19.190  35.512 0.7500000000
83385  34.463  -17.147  28.907 0.8750000000
82094  33.074  -17.431  28.832 0.8750000000
76255  23.129  -22.267  24.929 0.7500000000
69484  4.205  -28.637  27.117 0.8750000000
79708  37.497  -19.130  34.457 0.6250000000
79727  36.883  -19.393  33.837 0.5000000000
83387  33.250  -17.169  27.860 0.8750000000
83399  32.621  -17.045  26.979 0.8750000000
82128  32.005  -17.530  27.021 1.0000000000
79835  23.785  -20.250  24.043 0.7500000000
78615  23.725  -20.826  24.568 0.7500000000
83406  32.362  -16.981  26.453 0.8750000000
82158  30.641  -17.335  25.094 0.6250000000
81009  24.934  -18.840  23.459 0.7500000000
83415  31.495  -17.200  25.371 0.7500000000
83425  31.095  -16.990  24.484 0.6250000000
83443  29.785  -16.563  23.363 0.5000000000
83428  28.558  -17.136  23.971 0.5000000000
83445  27.866  -16.564  23.405 0.5000000000
82194  27.252  -17.053  23.693 0.5000000000
82196  25.663  -17.457  22.980 0.5000000000
68432  2.504  -29.746  25.533 0.7500000000
68421  2.686  -29.668  26.384 0.7500000000
68411  2.957  -29.551  27.041 0.7500000000
83442  30.856  -16.515  23.496 0.5000000000
84689  29.283  -16.173  23.026 0.5000000000
83446  26.892  -16.642  23.164 0.5000000000
82195  26.579  -17.472  23.670 0.5000000000
67275  2.394  -30.875  26.122 0.7500000000
84691  27.931  -15.785  22.687 0.5000000000
67285  2.173  -31.231  25.764 0.7500000000
67276  2.004  -31.375  25.943 0.7500000000
67268  2.746  -30.559  26.759 0.7500000000
66182  1.901  -31.829  26.335 0.7500000000
74832  18.884  -24.170  43.319 0.8750000000
74844  19.274  -23.795  42.600 0.8750000000
73707  19.406  -24.490  43.995 0.8750000000
74845  18.360  -23.937  42.532 0.8750000000
74852  18.887  -23.469  41.768 0.8750000000
74862  18.426  -23.279  41.161 0.8750000000
76041  18.897  -23.018  41.238 0.8750000000
78411  12.296  -19.667  39.861 0.8750000000
76053  18.678  -22.603  40.651 0.8750000000
79667  15.155  -19.939  39.015 0.8750000000
79658  13.813  -19.483  39.386 0.8750000000
77272  21.960  -21.521  39.327 1.0000000000
77271  22.403  -21.800  39.934 1.0000000000
78409  17.635  -20.485  40.312 0.8750000000
78427  16.499  -20.430  39.244 0.8750000000
79656  15.567  -19.847  39.682 0.8750000000
79657  14.659  -19.638  39.577 0.8750000000
78425  20.835  -20.209  38.867 0.7500000000
71455  19.532  -26.130  45.240 0.7500000000
78426  17.226  -20.819  39.511 0.8750000000
78410  16.807  -20.072  40.037 0.8750000000
79627  15.171  -19.476  41.282 0.8750000000
77289  10.103  -21.130  39.120 0.8750000000
79666  19.635  -19.413  38.273 0.6250000000
77276  9.400  -21.064  39.983 0.8750000000
80855  18.396  -19.005  36.503 0.6250000000
79677  19.456  -19.685  37.158 0.6250000000
82042  17.464  -17.595  34.535 0.6250000000
79678  18.728  -19.311  36.901 0.6250000000
74882  22.065  -23.242  38.386 1.0000000000
71519  20.352  -26.178  40.415 0.8750000000
77277  8.228  -21.964  39.457 0.8750000000
74887  7.991  -23.610  38.092 0.8750000000
82051  17.436  -17.540  33.518 0.6250000000
80890  17.822  -18.408  33.975 0.6250000000
80900  18.323  -19.119  33.459 0.7500000000
79733  19.025  -19.702  33.983 0.6250000000
74908  21.266  -23.604  37.103 1.0000000000
74901  7.811  -23.576  37.437 0.8750000000
79748  18.916  -19.768  32.984 0.7500000000
69327  20.977  -28.059  38.351 1.0000000000
74915  7.522  -23.280  36.595 0.8750000000
79747  19.292  -20.484  32.554 0.6250000000
73776  20.731  -24.552  35.404 0.8750000000
69337  20.821  -28.363  37.620 1.0000000000
79769  19.324  -20.636  31.031 0.6250000000
72686  20.531  -25.399  35.123 0.8750000000
68280  20.360  -28.736  37.382 1.0000000000
77377  18.932  -21.383  30.200 0.7500000000
72696  20.193  -25.396  34.398 0.8750000000
69350  19.839  -28.270  36.416 1.0000000000
74945  7.688  -22.585  33.826 0.8750000000
77395  18.784  -21.828  29.549 0.7500000000
71587  20.021  -25.992  34.218 1.0000000000
76155  8.156  -22.775  32.509 0.8750000000
76209  18.770  -22.191  27.722 0.7500000000
69364  18.958  -28.354  35.149 1.0000000000
74958  8.054  -23.036  31.426 0.8750000000
70470  18.801  -27.504  33.650 1.0000000000
69381  18.559  -28.113  34.307 1.0000000000
74968  7.912  -23.218  30.587 0.8750000000
75019  18.780  -23.203  26.405 0.7500000000
73898  18.858  -24.315  26.748 0.8750000000
73854  7.748  -24.473  29.370 0.8750000000
75031  18.912  -23.122  25.505 0.8750000000
83261  38.571  -16.522  35.071 1.0000000000
83243  38.105  -16.589  36.173 1.0000000000
83262  37.433  -16.610  35.539 1.0000000000
76259  19.749  -22.447  24.279 0.6250000000
83263  36.410  -16.801  36.030 1.0000000000
83281  35.804  -17.149  34.555 1.0000000000
76258  20.681  -22.438  24.114 0.7500000000
73921  19.827  -23.775  24.803 0.8750000000
83242  39.028  -16.464  35.989 1.0000000000
81996  38.611  -17.278  36.629 1.0000000000
83293  35.776  -16.994  33.801 0.8750000000
77499  21.939  -20.998  23.520 0.7500000000
76285  21.177  -21.969  23.871 0.7500000000
71702  3.391  -26.599  24.164 0.5000000000
70549  5.580  -27.881  27.465 0.8750000000
83241  39.651  -16.795  35.592 1.0000000000
82010  39.194  -17.344  36.257 1.0000000000
80849  39.034  -18.274  36.148 0.8750000000
83309  35.069  -17.175  32.437 0.8750000000
76257  21.593  -22.330  24.251 0.7500000000
70576  3.411  -27.445  24.225 0.7500000000
71688  2.673  -26.306  25.283 0.7500000000
82025  40.177  -17.393  35.232 1.0000000000
82026  39.644  -17.955  35.673 1.0000000000
83352  34.650  -17.173  30.771 0.8750000000
84618  34.355  -16.726  27.667 0.8750000000
78631  22.545  -20.573  23.606 0.7500000000
70568  2.925  -27.517  25.591 0.7500000000
70550  4.717  -27.770  27.281 0.8750000000
79705  39.921  -18.711  33.648 1.0000000000
79707  38.407  -18.798  34.133 0.6250000000
83396  34.112  -16.905  28.189 0.8750000000
83404  33.385  -16.745  27.191 0.8750000000
83422  33.342  -16.445  25.713 0.8750000000
79858  23.666  -19.072  22.791 0.6250000000
78630  23.301  -20.504  23.944 0.7500000000
69510  3.103  -28.552  24.749 0.7500000000
69485  3.493  -28.679  26.975 0.8750000000
78495  39.110  -19.195  32.665 0.5000000000
79740  37.623  -19.343  32.654 0.5000000000
79741  36.997  -19.284  32.994 0.5000000000
82206  24.756  -17.411  22.589 0.5000000000
79842  24.216  -19.235  23.288 0.7500000000
69503  2.801  -28.532  25.235 0.7500000000
69496  2.851  -28.631  25.968 0.7500000000
78511  39.354  -19.564  31.965 0.3750000000
78530  38.704  -19.873  31.092 0.3750000000
78531  37.689  -19.842  31.326 0.3750000000
83424  32.091  -17.037  24.831 0.8750000000
83440  32.603  -16.651  24.469 0.6250000000
84712  27.540  -15.111  22.310 0.5000000000
84713  26.566  -15.154  22.366 0.5000000000
83447  26.192  -16.855  22.897 0.5000000000
81016  25.132  -18.120  22.991 0.5000000000
68443  2.808  -29.338  24.811 0.7500000000
78548  38.581  -20.225  30.333 0.3750000000
77354  38.061  -20.105  30.623 0.3750000000
84708  31.535  -15.550  22.338 0.5000000000
85839  30.230  -14.875  21.804 0.5000000000
84710  29.516  -15.651  22.422 0.5000000000
83464  26.286  -16.056  22.631 0.5000000000
77367  38.019  -20.286  29.926 0.3750000000
83463  27.182  -15.919  22.690 0.5000000000
74851  19.574  -23.318  42.093 0.8750000000
73684  19.562  -25.474  45.193 0.8750000000
76040  19.499  -22.586  41.549 0.8750000000
76052  19.210  -22.202  40.874 0.8750000000
79642  13.205  -19.355  40.111 0.8750000000
72619  20.457  -25.691  45.000 0.7500000000
71467  21.062  -26.225  44.179 0.7500000000
77257  19.402  -21.769  41.060 0.8750000000
78408  18.742  -21.066  40.620 0.8750000000
79640  14.900  -19.556  40.429 0.8750000000
79641  14.064  -19.359  40.246 0.8750000000
78412  11.508  -20.027  40.427 0.8750000000
78413  10.674  -20.382  40.850 0.8750000000
78424  21.457  -20.722  39.249 0.8750000000
78423  22.036  -21.195  39.710 0.8750000000
71481  21.420  -26.435  43.236 0.8750000000
78393  18.598  -20.578  41.333 0.8750000000
79638  16.696  -19.767  40.734 0.8750000000
78395  13.588  -19.571  41.342 0.8750000000
78414  9.873  -20.698  41.075 0.8750000000
71493  20.786  -26.474  42.491 0.8750000000
71492  21.811  -26.501  42.244 0.8750000000
79625  16.789  -19.726  41.730 0.8750000000
79626  16.005  -19.582  41.482 0.8750000000
79616  15.433  -19.557  42.093 0.8750000000
77261  8.169  -21.616  40.632 0.8750000000
80856  17.882  -18.340  36.522 0.6250000000
71503  21.142  -26.192  41.431 0.8750000000
77278  7.379  -22.317  39.398 0.8750000000
84506  17.032  -15.519  33.219 0.2500000000
82031  17.553  -17.739  35.664 0.6250000000
76071  6.987  -22.616  38.925 0.8750000000
76086  7.466  -23.091  38.404 0.8750000000
84525  17.128  -15.458  31.843 0.1250000000
83295  17.189  -16.732  33.102 0.3750000000
83282  17.133  -16.622  34.018 0.5000000000
74895  21.715  -23.548  37.851 1.0000000000
74889  6.496  -23.395  37.971 0.8750000000
74888  7.204  -23.594  38.061 0.8750000000
85717  17.321  -14.535  31.291 0.1250000000
83310  17.119  -16.486  32.225 0.3750000000
82062  17.410  -17.469  32.533 0.3750000000
80901  17.790  -18.351  32.966 0.6250000000
74922  20.991  -23.731  36.430 1.0000000000
70424  21.065  -27.459  38.523 1.0000000000
74916  6.519  -23.210  36.752 0.8750000000
74902  6.960  -23.415  37.406 0.8750000000
82071  17.246  -17.368  31.484 0.3750000000
80909  17.712  -18.316  31.916 0.5000000000
80908  18.294  -19.103  32.422 0.5000000000
73775  21.137  -24.522  36.141 1.0000000000
69336  21.251  -27.788  37.809 1.0000000000
74917  5.806  -23.114  36.822 0.8750000000
76115  6.758  -22.941  35.966 0.8750000000
80916  18.322  -19.077  31.323 0.6250000000
72685  21.103  -25.388  35.788 1.0000000000
76129  6.888  -22.555  35.112 0.8750000000
79770  18.918  -20.052  30.752 0.6250000000
78577  18.812  -20.727  28.944 0.6250000000
71573  19.940  -26.545  34.357 1.0000000000
76140  7.013  -22.246  34.212 0.8750000000
78585  18.777  -20.594  27.875 0.6250000000
79794  18.606  -19.777  28.458 0.6250000000
70453  19.525  -27.299  34.327 1.0000000000
69380  19.364  -27.971  34.852 1.0000000000
69363  19.618  -28.143  35.633 1.0000000000
76156  7.476  -22.439  32.135 0.8750000000
77423  18.661  -21.426  27.341 0.7500000000
70454  18.984  -27.621  34.107 1.0000000000
77438  18.542  -21.440  26.346 0.7500000000
74978  7.818  -23.583  29.787 0.8750000000
77455  18.709  -21.477  25.335 0.6250000000
73855  7.099  -24.421  28.859 0.8750000000
78617  19.063  -20.988  23.962 0.6250000000
77479  18.896  -21.509  24.683 0.6250000000
73869  6.668  -24.979  28.541 0.8750000000
83279  37.702  -16.436  34.331 1.0000000000
77502  19.802  -21.340  23.754 0.6250000000
77478  19.305  -21.506  24.132 0.6250000000
73926  4.328  -24.411  24.508 0.5000000000
72778  6.138  -25.873  27.959 0.8750000000
72796  5.684  -26.527  27.665 0.8750000000
84489  38.355  -16.240  33.954 1.0000000000
76286  20.709  -21.821  23.701 0.5000000000
73927  3.367  -24.372  24.553 0.6250000000
83260  39.374  -16.435  35.020 1.0000000000
84488  38.869  -16.224  34.230 1.0000000000
84503  37.949  -16.198  33.442 0.8750000000
83306  36.951  -16.351  33.182 0.8750000000
83307  36.406  -16.653  33.061 0.8750000000
78632  21.620  -20.426  23.156 0.7500000000
78646  20.934  -19.906  22.750 0.6250000000
71703  2.867  -26.473  24.646 0.6250000000
71664  5.279  -27.026  27.494 0.8750000000
83275  41.066  -16.777  33.699 1.0000000000
83276  40.324  -16.751  34.016 1.0000000000
84501  39.512  -16.313  33.400 0.8750000000
85699  38.655  -16.300  32.427 0.8750000000
84540  37.163  -16.501  31.875 0.8750000000
83350  36.018  -16.848  31.490 0.8750000000
83369  35.174  -16.992  30.299 0.8750000000
79844  22.338  -19.778  23.051 0.7500000000
80872  42.278  -18.474  33.158 1.0000000000
82022  42.076  -17.593  33.527 1.0000000000
80858  41.370  -18.182  34.083 1.0000000000
80859  40.613  -18.097  34.454 1.0000000000
84538  38.831  -16.314  31.264 0.8750000000
84556  38.155  -16.192  30.449 0.8750000000
84579  36.421  -16.541  29.700 0.8750000000
84580  35.650  -16.772  29.945 0.8750000000
84599  34.567  -16.899  28.356 0.8750000000
81018  23.309  -18.342  22.473 0.5000000000
79859  22.863  -19.125  22.694 0.7500000000
71678  2.943  -26.565  26.051 0.7500000000
70551  3.877  -27.678  27.079 0.8750000000
79702  42.066  -18.989  33.049 0.8750000000
79703  41.347  -19.124  33.421 1.0000000000
80875  40.241  -18.511  34.115 1.0000000000
84577  38.184  -16.219  29.377 0.8750000000
84596  37.455  -16.326  28.586 0.8750000000
84597  36.555  -16.456  28.502 0.8750000000
84617  35.444  -16.537  27.618 0.8750000000
84636  34.552  -16.496  26.778 0.8750000000
84670  33.768  -16.342  25.000 0.8750000000
82207  23.771  -17.462  22.387 0.5000000000
79843  23.403  -19.774  23.480 0.7500000000
70561  3.455  -27.299  26.795 0.7500000000
70552  3.472  -28.014  26.695 0.7500000000
79720  42.507  -19.196  32.441 0.7500000000
79721  41.755  -19.292  32.776 0.7500000000
78493  40.695  -19.215  32.512 0.7500000000
79723  40.310  -19.036  33.063 0.7500000000
84595  38.216  -16.273  28.349 0.8750000000
84634  36.579  -16.333  26.538 0.8750000000
84635  35.565  -16.418  26.637 0.8750000000
84654  34.723  -16.260  25.850 0.8750000000
86933  27.543  -13.377  21.924 0.5000000000
85843  25.891  -14.265  22.333 0.5000000000
83465  25.318  -16.437  22.548 0.5000000000
81017  24.312  -18.418  22.711 0.5000000000
70562  3.225  -27.622  26.293 0.7500000000
69486  3.052  -28.687  26.606 0.7500000000
78509  41.108  -19.204  31.854 0.7500000000
78510  40.282  -19.356  31.881 0.7500000000
84633  37.592  -16.245  26.416 0.8750000000
84652  36.842  -16.239  25.502 0.8750000000
84684  35.513  -15.717  23.921 0.8750000000
84669  35.050  -16.167  24.826 0.8750000000
84685  34.395  -16.031  23.819 0.8750000000
84686  32.994  -16.161  23.751 0.6250000000
85859  28.366  -13.399  21.737 0.5000000000
78529  39.774  -19.649  31.038 0.6250000000
78547  39.281  -20.243  30.326 0.3750000000
77366  38.736  -20.381  29.725 0.3750000000
84707  32.612  -15.572  22.320 0.6250000000
85838  31.209  -14.936  21.840 0.5000000000
85858  29.074  -13.731  21.638 0.5000000000
77384  38.001  -20.373  29.079 0.3750000000
84706  33.907  -15.618  22.569 0.5000000000
85853  34.104  -14.684  21.676 0.5000000000
84728  32.819  -15.225  21.746 0.6250000000
85855  31.922  -14.308  21.514 0.6250000000
73706  19.981  -24.404  43.893 0.8750000000
73696  20.144  -24.767  44.487 0.8750000000
74831  19.726  -24.111  43.356 0.8750000000
74843  20.117  -23.510  42.694 0.8750000000
72618  21.743  -25.420  44.295 0.7500000000
76031  19.920  -23.009  42.142 0.8750000000
76039  20.034  -22.169  41.904 0.8750000000
79629  13.568  -19.523  40.798 0.8750000000
78396  12.756  -19.732  41.102 0.8750000000
78397  11.578  -20.129  41.555 0.8750000000
78405  22.103  -20.838  40.459 1.0000000000
77246  19.816  -21.620  41.726 0.8750000000
78384  13.825  -19.655  42.248 0.8750000000
78385  12.539  -20.034  42.448 0.8750000000
79665  20.402  -19.851  38.583 0.6250000000
78379  19.469  -20.708  42.406 0.8750000000
78381  17.855  -20.145  42.062 0.8750000000
79615  16.191  -19.591  42.484 0.8750000000
79617  14.716  -19.486  41.916 0.8750000000
77247  8.911  -21.352  42.309 0.8750000000
80843  18.392  -18.696  37.450 0.5000000000
79654  20.019  -19.361  38.977 0.6250000000
71502  22.148  -26.109  41.321 0.8750000000
79614  17.073  -19.707  42.553 0.8750000000
78383  14.983  -19.743  42.670 0.8750000000
77249  7.306  -22.089  41.173 0.8750000000
80832  18.573  -18.261  38.467 0.5000000000
80831  18.956  -18.901  38.275 0.6250000000
80819  19.302  -18.583  39.250 0.6250000000
74881  22.462  -23.517  38.967 1.0000000000
74894  22.141  -23.797  38.390 1.0000000000
71518  21.546  -25.850  40.449 1.0000000000
76055  6.725  -22.413  39.723 0.8750000000
80844  17.792  -18.065  37.047 0.5000000000
73759  21.954  -24.377  38.148 1.0000000000
71533  21.047  -26.351  39.379 1.0000000000
76089  4.549  -22.609  38.720 0.8750000000
76073  5.346  -22.525  39.402 0.8750000000
86838  17.560  -13.660  30.688 0.1250000000
85730  17.369  -14.581  30.230 0.1250000000
83331  17.004  -16.337  31.154 0.3750000000
73760  21.540  -24.341  37.495 1.0000000000
72673  21.448  -24.845  37.228 1.0000000000
71542  21.114  -26.936  38.641 1.0000000000
76102  4.574  -22.767  37.680 0.8750000000
76101  5.314  -22.964  37.258 0.8750000000
87925  17.980  -12.691  28.905 0.1250000000
86850  17.564  -13.740  29.392 0.1250000000
84545  17.128  -15.397  30.777 0.1250000000
73766  21.274  -24.410  36.870 1.0000000000
70423  21.392  -27.292  38.171 1.0000000000
76117  5.246  -22.756  36.458 0.8750000000
76116  5.931  -22.938  36.190 0.8750000000
84564  17.152  -15.412  29.838 0.1250000000
83354  16.933  -16.114  30.282 0.3750000000
80928  17.680  -18.170  29.636 0.5000000000
80927  18.237  -19.078  30.179 0.5000000000
69348  21.079  -27.772  37.213 1.0000000000
76131  5.301  -22.606  35.737 0.8750000000
85754  17.475  -14.525  28.477 0.1250000000
84584  17.301  -15.445  28.924 0.1250000000
83372  17.167  -16.285  29.459 0.2500000000
71563  20.709  -26.200  35.563 1.0000000000
69362  20.069  -27.799  36.160 1.0000000000
69349  20.438  -28.065  36.829 1.0000000000
76142  5.335  -22.303  35.089 0.8750000000
76130  6.040  -22.578  35.457 0.8750000000
83388  17.432  -16.327  28.491 0.2500000000
80941  17.759  -18.125  28.543 0.5000000000
80940  18.257  -18.965  29.053 0.6250000000
71572  20.254  -26.234  34.838 1.0000000000
70452  20.049  -26.845  34.729 1.0000000000
76150  7.163  -22.146  33.246 0.8750000000
82132  17.572  -17.227  27.033 0.2500000000
80953  17.790  -18.069  27.514 0.5000000000
80952  18.165  -18.926  27.980 0.6250000000
70445  19.778  -27.705  35.032 1.0000000000
80969  17.873  -17.953  26.595 0.5000000000
79815  18.413  -19.600  26.352 0.7500000000
80983  18.116  -18.559  25.865 0.6250000000
78595  18.552  -20.539  26.856 0.6250000000
76184  7.287  -23.180  29.571 0.8750000000
76164  7.385  -22.500  30.927 0.8750000000
79824  18.392  -19.589  25.236 0.6250000000
78604  18.450  -20.560  25.764 0.6250000000
74979  7.088  -23.641  29.146 0.8750000000
79848  18.903  -19.421  23.734 0.6250000000
78618  18.765  -20.669  24.488 0.6250000000
74992  6.367  -24.112  28.701 0.8750000000
78634  19.552  -20.670  23.646 0.5000000000
79862  20.210  -19.346  22.720 0.5000000000
79846  19.999  -20.047  23.054 0.5000000000
75048  3.842  -23.341  24.749 0.5000000000
75050  2.718  -23.336  25.150 0.6250000000
72797  5.113  -26.164  27.667 0.8750000000
71665  4.438  -26.791  27.399 0.8750000000
79861  21.131  -19.157  22.564 0.5000000000
78647  20.428  -19.985  22.866 0.5000000000
73928  2.584  -24.178  24.974 0.6250000000
72837  2.519  -25.140  25.325 0.6250000000
82046  42.705  -16.879  32.494 1.0000000000
83287  42.200  -16.779  32.696 1.0000000000
83274  41.771  -16.923  33.386 1.0000000000
83289  40.589  -16.484  33.184 0.8750000000
84518  39.776  -16.499  32.306 0.8750000000
85712  39.209  -16.481  31.900 0.8750000000
82208  22.782  -17.484  22.341 0.3750000000
79860  21.968  -19.093  22.601 0.6250000000
72819  2.547  -25.410  26.161 0.7500000000
83273  42.273  -17.170  33.007 1.0000000000
83257  41.458  -17.154  33.961 1.0000000000
83367  40.017  -16.544  29.417 0.8750000000
84554  39.505  -16.516  30.547 0.8750000000
84555  38.983  -16.362  30.218 0.8750000000
84716  23.509  -15.527  22.654 0.3750000000
83467  23.176  -16.580  22.447 0.5000000000
81019  22.375  -18.338  22.404 0.6250000000
71666  3.686  -26.567  27.109 0.8750000000
82044  43.260  -17.773  32.396 1.0000000000
82034  42.938  -18.065  32.560 1.0000000000
83381  40.206  -16.390  28.638 0.8750000000
84575  39.562  -16.349  28.794 0.8750000000
84594  39.039  -16.332  28.112 0.8750000000
88012  27.695  -11.783  23.423 0.2500000000
88039  27.352  -12.425  22.576 0.3750000000
88041  25.530  -12.951  23.007 0.3750000000
85844  24.626  -14.237  22.671 0.3750000000
84715  24.519  -15.460  22.490 0.5000000000
83466  24.180  -16.476  22.451 0.5000000000
78491  42.242  -19.402  32.151 0.7500000000
84612  40.389  -16.072  27.030 0.8750000000
84613  39.330  -16.292  27.120 0.8750000000
84614  38.352  -16.350  27.307 0.8750000000
88038  28.477  -11.789  22.849 0.2500000000
86934  26.463  -13.343  22.258 0.5000000000
78508  41.929  -19.526  31.742 0.6250000000
79738  41.416  -19.468  31.590 0.6250000000
78528  40.922  -19.628  31.279 0.6250000000
84650  38.939  -15.829  25.219 0.7500000000
84651  37.887  -16.106  25.310 0.7500000000
84683  36.413  -15.645  23.931 0.7500000000
88036  30.489  -11.797  22.359 0.6250000000
88066  28.839  -12.268  22.207 0.5000000000
88067  28.225  -12.334  22.421 0.5000000000
84681  37.917  -15.127  23.530 0.6250000000
84682  37.224  -15.285  23.441 0.6250000000
84704  36.162  -15.379  23.008 0.5000000000
85852  35.091  -14.340  21.924 0.5000000000
86948  32.721  -13.547  21.307 0.6250000000
86949  31.734  -13.399  21.499 0.6250000000
86951  29.848  -13.087  21.592 0.5000000000
86952  28.981  -12.884  21.747 0.5000000000
77383  38.839  -20.338  28.890 0.1250000000
86947  33.771  -13.698  21.322 0.5000000000
85828  50.488  -14.371  22.900 0.5000000000
84698  50.035  -14.986  22.993 0.3750000000
84680  49.758  -15.887  23.527 0.2500000000
73695  21.126  -24.778  44.413 0.7500000000
74822  20.825  -24.323  44.285 0.7500000000
74830  20.532  -23.935  43.762 0.8750000000
74829  21.099  -23.362  43.715 0.7500000000
74842  20.848  -23.231  43.113 0.8750000000
72631  22.625  -25.584  43.589 0.7500000000
76021  21.424  -22.809  43.824 0.7500000000
76030  20.395  -22.589  42.371 0.8750000000
78386  11.411  -20.257  42.680 0.8750000000
71480  22.326  -26.301  43.002 0.8750000000
77224  21.139  -21.406  43.753 0.7500000000
77236  20.193  -21.359  42.282 0.8750000000
78368  13.390  -20.152  43.523 0.8750000000
78388  9.607  -21.131  42.941 0.8750000000
79652  21.193  -20.083  40.004 0.7500000000
71491  22.698  -26.310  42.078 0.8750000000
78361  20.380  -20.930  43.263 0.7500000000
79611  19.221  -20.205  43.157 0.8750000000
79613  17.896  -19.860  42.601 0.8750000000
77248  8.144  -21.785  41.722 0.8750000000
77238  8.082  -21.640  42.693 0.8750000000
79653  20.616  -19.740  39.437 0.6250000000
71517  22.500  -25.674  40.554 1.0000000000
79603  18.249  -19.906  43.461 0.8750000000
79605  16.677  -19.662  43.221 0.8750000000
78367  14.563  -20.035  43.556 0.8750000000
77239  7.146  -22.041  42.227 0.8750000000
82015  17.538  -17.503  36.640 0.5000000000
71532  22.132  -25.694  39.623 1.0000000000
76056  5.992  -22.423  40.080 0.8750000000
85704  17.186  -14.489  32.388 0.1250000000
84490  17.212  -15.593  34.587 0.3750000000
83247  17.391  -16.639  36.094 0.3750000000
83237  17.467  -16.583  36.974 0.3750000000
82001  18.215  -17.790  38.008 0.5000000000
73753  22.400  -24.242  38.689 1.0000000000
89012  23.372  -12.082  30.314 0.1250000000
89013  22.676  -11.894  29.480 0.1250000000
89030  19.186  -11.489  28.782 0.1250000000
84478  17.417  -15.657  35.641 0.3750000000
70430  21.491  -27.219  37.408 1.0000000000
76119  3.927  -22.411  36.968 0.8750000000
87889  24.249  -13.202  32.491 0.1250000000
87921  23.285  -12.835  30.458 0.1250000000
89026  22.116  -11.427  29.014 0.1250000000
87956  19.107  -12.706  27.754 0.1250000000
87938  18.935  -12.226  28.379 0.1250000000
72680  21.445  -25.349  36.768 1.0000000000
76118  4.607  -22.590  36.780 0.8750000000
85683  24.929  -14.127  34.347 0.1250000000
86814  24.435  -13.739  32.884 0.1250000000
87910  23.241  -13.282  30.554 0.1250000000
89014  22.014  -12.093  29.154 0.1250000000
87936  21.035  -12.446  28.310 0.1250000000
86864  18.492  -12.923  27.981 0.1250000000
70437  20.399  -27.514  36.291 1.0000000000
77324  3.628  -22.027  35.827 0.8750000000
76132  4.501  -22.460  35.858 0.8750000000
85682  25.451  -14.454  34.270 0.1250000000
86836  23.365  -13.718  30.963 0.1250000000
87923  22.258  -12.846  29.470 0.1250000000
87954  20.466  -12.844  27.733 0.1250000000
85768  17.906  -14.521  27.336 0.1250000000
84603  17.493  -15.446  27.945 0.1250000000
70443  20.763  -26.680  35.984 1.0000000000
70444  20.219  -27.165  35.509 1.0000000000
77334  4.485  -22.078  34.869 0.8750000000
76143  4.875  -22.393  35.386 0.8750000000
77341  5.690  -21.732  34.113 0.8750000000
76141  6.058  -22.045  34.619 0.8750000000
85665  27.104  -13.724  35.905 0.1250000000
85674  26.261  -14.280  35.156 0.1250000000
85691  25.388  -14.666  33.177 0.1250000000
84524  23.899  -14.559  32.128 0.1250000000
85728  23.335  -14.283  30.772 0.1250000000
86849  22.023  -13.592  29.205 0.1250000000
86862  21.670  -13.489  28.521 0.1250000000
86881  20.056  -13.240  27.150 0.1250000000
86882  18.912  -13.335  27.317 0.2500000000
85767  18.411  -14.020  27.100 0.1250000000
84623  17.757  -15.579  27.053 0.1250000000
77342  5.065  -21.658  33.886 0.8750000000
76151  6.338  -21.756  33.705 0.8750000000
86786  29.411  -12.859  35.501 0.1250000000
86777  29.132  -13.464  36.458 0.1250000000
86787  28.381  -13.351  35.604 0.1250000000
85673  27.282  -14.009  35.140 0.1250000000
85681  26.283  -14.436  34.208 0.1250000000
84504  25.100  -14.869  32.746 0.1250000000
84544  23.738  -14.580  31.486 0.1250000000
86892  20.562  -13.833  26.861 0.1250000000
86894  19.261  -13.981  26.603 0.2500000000
85782  18.700  -14.534  26.431 0.2500000000
76157  6.138  -21.784  32.515 0.8750000000
86776  30.074  -12.855  36.209 0.1250000000
86796  28.719  -12.788  34.873 0.1250000000
85680  26.959  -13.938  34.123 0.1250000000
85690  26.366  -14.233  33.173 0.1250000000
85700  26.076  -14.144  32.073 0.1250000000
85781  19.691  -14.391  26.137 0.2500000000
85798  19.417  -14.936  25.560 0.2500000000
83408  18.036  -16.126  25.986 0.2500000000
83417  17.877  -16.981  25.835 0.3750000000
87868  28.826  -12.383  34.139 0.1250000000
86804  28.176  -12.846  34.031 0.1250000000
86805  27.415  -13.371  33.699 0.1250000000
86813  26.656  -13.549  32.455 0.1250000000
85799  18.831  -15.279  25.645 0.2500000000
84660  18.734  -15.910  25.277 0.2500000000
82162  18.206  -17.510  25.300 0.5000000000
76173  6.499  -22.418  30.321 0.8750000000
87858  30.051  -12.459  35.287 0.1250000000
87867  29.548  -12.309  34.687 0.1250000000
86812  27.410  -12.968  32.729 0.1250000000
86822  27.087  -12.903  31.843 0.1250000000
83431  18.879  -16.624  24.482 0.3750000000
82181  18.557  -17.767  24.206 0.5000000000
76185  6.718  -22.881  29.526 0.8750000000
87875  30.386  -11.664  33.783 0.1250000000
87884  29.198  -11.882  32.618 0.1250000000
87895  28.431  -12.184  31.383 0.1250000000
86833  26.994  -12.936  31.127 0.1250000000
87908  26.735  -12.666  29.957 0.1250000000
83450  19.545  -16.927  23.393 0.3750000000
82198  18.862  -17.934  23.671 0.5000000000
74980  6.129  -23.246  28.973 0.8750000000
88971  30.747  -11.358  32.871 0.1250000000
87893  29.878  -11.667  31.888 0.1250000000
87917  29.045  -11.871  29.829 0.1250000000
87907  27.393  -12.524  30.407 0.1250000000
87920  26.559  -12.442  29.262 0.1250000000
86875  25.738  -12.749  28.406 0.1250000000
83471  19.780  -17.512  22.926 0.3750000000
81010  19.367  -18.724  23.140 0.5000000000
77486  2.815  -21.840  25.319 0.6250000000
77460  2.489  -21.391  25.648 0.6250000000
73870  5.731  -24.726  28.319 0.8750000000
72779  5.068  -25.256  27.898 0.8750000000
88989  30.516  -11.516  31.201 0.1250000000
88997  30.318  -11.643  30.307 0.2500000000
87931  28.881  -11.853  29.005 0.2500000000
87933  27.280  -12.105  28.604 0.2500000000
87952  26.191  -12.442  27.603 0.2500000000
87953  25.624  -12.691  27.104 0.3750000000
83469  21.186  -16.623  22.773 0.3750000000
83470  20.284  -17.067  22.812 0.3750000000
81022  19.827  -18.463  22.773 0.5000000000
76267  2.757  -22.499  25.292 0.6250000000
89010  30.413  -11.612  29.324 0.2500000000
89024  30.319  -11.610  28.442 0.2500000000
87932  28.121  -12.041  28.810 0.2500000000
87965  27.022  -12.134  26.980 0.2500000000
87967  25.364  -12.635  26.333 0.3750000000
86890  24.510  -13.285  26.470 0.3750000000
82210  20.894  -17.615  22.457 0.3750000000
75032  2.528  -23.328  25.526 0.7500000000
83303  42.529  -16.561  32.036 1.0000000000
83324  41.330  -16.645  31.496 1.0000000000
83305  40.605  -16.552  32.297 0.8750000000
89023  31.169  -11.482  28.669 0.2500000000
89045  31.018  -11.397  27.720 0.2500000000
89047  29.039  -11.813  27.446 0.2500000000
89065  27.788  -11.722  26.505 0.2500000000
89066  26.895  -11.803  26.194 0.2500000000
87968  24.921  -12.865  25.700 0.3750000000
86923  23.842  -13.776  23.555 0.3750000000
85823  23.450  -14.353  23.352 0.3750000000
84717  22.594  -15.927  22.732 0.3750000000
83468  22.228  -16.690  22.553 0.3750000000
82209  21.812  -17.505  22.398 0.3750000000
83345  43.020  -16.624  30.445 1.0000000000
83364  42.606  -16.544  29.944 1.0000000000
83347  41.095  -16.770  30.599 0.8750000000
89063  29.712  -11.536  26.610 0.2500000000
89064  28.764  -11.654  26.506 0.2500000000
89106  25.920  -12.003  24.798 0.3750000000
87996  24.949  -12.960  24.022 0.3750000000
85822  24.159  -13.973  23.081 0.3750000000
72818  2.939  -26.018  26.463 0.7500000000
71677  3.241  -26.589  26.611 0.7500000000
82065  43.576  -16.838  31.507 1.0000000000
84572  42.879  -15.979  29.152 1.0000000000
84573  41.667  -16.306  28.914 0.8750000000
84574  41.045  -16.469  28.862 0.8750000000
89079  30.290  -11.339  25.760 0.2500000000
89101  29.741  -11.247  24.859 0.5000000000
89103  27.873  -11.422  24.836 0.2500000000
88013  26.485  -12.041  23.714 0.3750000000
88014  25.365  -12.877  23.431 0.3750000000
86922  24.532  -13.522  23.420 0.3750000000
85845  23.990  -14.858  22.694 0.3750000000
80885  43.574  -18.401  32.347 0.8750000000
84611  41.607  -15.389  26.965 0.8750000000
84649  39.977  -15.293  25.163 0.7500000000
89128  32.222  -11.250  23.794 0.5000000000
89129  31.130  -11.148  23.908 0.5000000000
89130  30.088  -11.091  23.987 0.5000000000
89159  28.687  -11.369  23.472 0.2500000000
78525  43.411  -19.833  31.172 0.5000000000
78527  41.735  -19.742  31.227 0.5000000000
84629  41.479  -15.126  25.849 0.8750000000
84630  40.712  -15.626  26.034 0.8750000000
85807  40.196  -14.687  24.457 0.7500000000
85809  38.914  -14.916  23.979 0.7500000000
84666  38.223  -15.520  24.175 0.7500000000
89156  31.334  -11.503  23.011 0.5000000000
89157  30.328  -11.375  23.134 0.6250000000
89158  29.366  -11.310  23.272 0.3750000000
78543  43.155  -19.698  30.598 0.5000000000
78544  42.342  -19.772  30.519 0.3750000000
78545  41.451  -19.952  30.460 0.5000000000
78546  40.393  -20.222  30.219 0.5000000000
85830  38.826  -14.158  23.028 0.6250000000
85831  38.203  -14.219  22.839 0.6250000000
85832  37.337  -14.452  22.667 0.6250000000
86945  35.635  -13.603  21.805 0.5000000000
89175  33.537  -11.907  21.863 0.3750000000
88062  32.558  -12.535  21.630 0.3750000000
88035  31.415  -11.970  22.258 0.5000000000
78561  42.018  -19.874  29.825 0.2500000000
78562  41.295  -20.230  29.506 0.1250000000
77382  39.686  -20.358  28.647 0.1250000000
77401  38.105  -20.623  28.173 0.1250000000
88059  35.478  -12.751  21.677 0.3750000000
88060  34.501  -12.859  21.470 0.5000000000
88061  33.577  -12.724  21.404 0.5000000000
77399  39.810  -20.206  27.788 0.1250000000
77398  40.650  -20.156  27.526 0.1250000000
77414  39.142  -20.324  27.108 0.1250000000
85815  50.591  -13.967  23.651 0.3750000000
85816  50.404  -14.815  23.759 0.3750000000
85827  50.731  -13.784  23.011 0.5000000000
83437  48.976  -16.429  23.649 0.3750000000
82188  48.346  -16.659  24.088 0.1250000000
86926  50.690  -13.279  22.615 0.5000000000
89168  50.121  -12.004  20.724 1.0000000000
89207  49.342  -11.315  18.398 0.8750000000
89195  49.123  -11.599  19.220 0.8750000000
89182  49.857  -11.890  19.793 1.0000000000
89208  48.395  -11.434  18.397 0.8750000000
89194  49.773  -11.668  19.020 0.7500000000
89218  49.266  -11.108  17.904 0.8750000000
90293  49.974  -11.008  13.776 0.8750000000
73693  23.140  -24.251  44.390 0.7500000000
74819  23.265  -23.110  44.503 0.7500000000
74820  22.443  -23.488  44.500 0.7500000000
72616  23.019  -24.714  44.224 0.7500000000
73694  22.111  -24.447  44.376 0.7500000000
78354  10.917  -20.721  44.701 0.8750000000
78355  10.196  -20.982  44.801 0.8750000000
77225  9.623  -21.110  44.501 0.8750000000
77209  8.518  -21.685  45.225 0.8750000000
77256  22.354  -21.823  41.059 1.0000000000
72636  23.222  -25.154  42.841 0.7500000000
77223  21.555  -22.020  44.156 0.7500000000
77214  21.930  -21.664  44.813 0.7500000000
78353  11.915  -20.462  44.690 0.8750000000
78370  11.164  -20.524  43.739 0.8750000000
78372  9.436  -21.222  43.468 0.8750000000
77226  9.082  -21.310  43.951 0.8750000000
78406  21.601  -20.398  40.100 0.8750000000
71490  23.208  -25.759  41.994 0.8750000000
72637  23.003  -25.975  42.768 0.8750000000
77215  21.355  -21.381  44.442 0.7500000000
78369  12.246  -20.288  43.621 0.8750000000
78387  10.400  -20.624  42.863 0.8750000000
77218  8.261  -21.735  44.380 0.8750000000
71500  23.300  -25.579  41.267 0.8750000000
71501  22.906  -25.926  41.305 0.8750000000
78362  19.509  -20.387  43.670 0.7500000000
79602  18.938  -20.123  43.469 0.8750000000
77228  7.283  -21.861  43.302 0.8750000000
77219  7.760  -21.898  43.874 0.8750000000
80818  19.998  -19.201  39.423 0.6250000000
74872  22.729  -23.530  39.835 1.0000000000
78364  17.773  -20.046  44.225 0.7500000000
78365  16.885  -19.968  44.033 0.8750000000
78366  15.795  -19.781  43.570 0.8750000000
78350  15.244  -20.318  44.674 0.8750000000
76044  5.293  -22.149  41.547 0.8750000000
76033  5.769  -22.361  42.085 0.8750000000
77229  6.532  -22.151  42.885 0.8750000000
78348  17.298  -20.201  44.988 0.8750000000
78349  16.361  -20.283  44.798 0.8750000000
76057  5.276  -22.267  40.441 0.8750000000
76043  5.884  -22.416  41.079 0.8750000000
87912  17.785  -12.712  30.102 0.1250000000
87900  17.799  -12.764  31.296 0.1250000000
82002  17.794  -17.491  37.444 0.5000000000
81990  18.023  -17.112  38.019 0.3750000000
71541  21.668  -26.304  38.669 1.0000000000
76103  3.759  -22.382  37.997 0.8750000000
76090  3.758  -22.207  39.047 0.8750000000
89027  21.491  -11.631  28.763 0.1250000000
89029  19.698  -11.026  28.832 0.1250000000
85684  17.377  -14.530  34.206 0.3750000000
84468  17.596  -15.633  37.293 0.3750000000
72672  21.700  -25.208  37.714 1.0000000000
72679  21.636  -25.740  37.288 1.0000000000
71548  21.705  -26.520  37.851 1.0000000000
86807  24.684  -13.689  33.718 0.1250000000
89000  23.967  -11.956  31.190 0.1250000000
85693  17.236  -14.324  33.317 0.1250000000
85677  17.537  -14.662  35.259 0.3750000000
85669  17.614  -14.738  36.279 0.3750000000
85661  17.589  -15.142  36.816 0.3750000000
71555  21.618  -26.353  37.048 1.0000000000
78471  3.215  -21.073  36.424 0.8750000000
77316  3.255  -21.855  37.153 0.8750000000
85675  25.403  -14.063  35.109 0.1250000000
87870  25.161  -13.129  34.438 0.1250000000
86801  17.794  -13.534  34.967 0.2500000000
71562  21.270  -26.243  36.187 1.0000000000
70436  20.973  -27.163  36.532 1.0000000000
85667  25.671  -13.711  35.501 0.1250000000
77335  3.686  -21.317  34.502 0.8750000000
85656  28.580  -13.860  36.923 0.1250000000
85664  27.996  -13.601  36.136 0.1250000000
85729  22.832  -14.378  30.129 0.1250000000
86848  22.504  -13.726  29.809 0.1250000000
85741  22.002  -14.039  28.926 0.1250000000
86880  20.990  -13.614  27.407 0.1250000000
77343  4.338  -21.350  33.698 0.8750000000
77350  5.648  -21.531  33.392 0.8750000000
86770  29.329  -13.651  37.552 0.1250000000
86778  28.536  -13.565  36.195 0.1250000000
85672  27.806  -13.609  35.523 0.1250000000
84543  24.178  -14.858  31.312 0.1250000000
84563  22.783  -14.691  29.857 0.1250000000
85752  22.443  -14.644  28.981 0.1250000000
85753  22.020  -14.393  28.528 0.2500000000
85766  21.255  -14.125  26.894 0.2500000000
77344  3.675  -20.833  33.438 0.8750000000
77351  4.962  -21.446  32.695 0.8750000000
86769  29.996  -12.961  37.175 0.1250000000
84522  24.927  -14.911  32.214 0.1250000000
84561  24.168  -14.957  30.284 0.1250000000
84602  22.096  -14.744  28.104 0.2500000000
85765  21.742  -14.384  27.611 0.2500000000
85780  20.708  -14.413  26.290 0.2500000000
76158  5.367  -21.713  32.098 0.8750000000
86823  26.493  -13.479  31.552 0.1250000000
85715  25.418  -14.559  31.567 0.1250000000
85726  25.120  -14.279  30.433 0.1250000000
85751  23.936  -14.625  28.857 0.2500000000
84658  19.914  -15.388  24.920 0.2500000000
84675  19.555  -15.954  24.600 0.3750000000
76165  6.425  -22.051  31.337 0.8750000000
87857  30.694  -12.220  35.717 0.1250000000
85725  25.750  -13.774  30.633 0.1250000000
85737  24.868  -14.102  29.624 0.1250000000
85763  24.241  -14.092  28.346 0.2500000000
84640  22.638  -15.122  27.057 0.2500000000
85779  21.942  -14.786  26.689 0.2500000000
85796  21.402  -15.039  25.414 0.2500000000
84674  20.284  -15.814  24.132 0.2500000000
87856  31.885  -12.037  36.012 0.1250000000
87874  31.194  -11.654  34.208 0.1250000000
86834  26.368  -13.254  30.629 0.1250000000
86846  26.073  -13.070  29.814 0.1250000000
86860  25.213  -13.414  28.830 0.1250000000
86861  24.669  -13.583  28.394 0.2500000000
85764  23.732  -14.464  27.742 0.2500000000
84639  23.016  -15.118  26.858 0.2500000000
85795  22.419  -14.755  25.556 0.2500000000
85812  21.435  -15.268  24.496 0.2500000000
84657  20.735  -15.382  24.770 0.2500000000
83429  20.157  -16.072  23.802 0.3750000000
76186  5.741  -22.661  29.651 0.8750000000
88960  32.730  -11.484  34.519 0.1250000000
88969  32.527  -11.239  33.472 0.1250000000
88978  32.284  -11.056  32.546 0.1250000000
88979  31.407  -11.131  32.317 0.1250000000
86859  25.873  -12.940  29.073 0.1250000000
86878  23.957  -13.994  26.932 0.2500000000
85777  23.351  -14.593  26.743 0.2500000000
84673  21.024  -15.588  24.043 0.2500000000
77459  3.176  -21.469  25.324 0.6250000000
78609  2.029  -20.469  25.742 0.6250000000
74993  5.438  -23.787  28.660 0.8750000000
88959  33.751  -11.369  34.703 0.1250000000
88977  33.170  -10.967  32.691 0.1250000000
88988  31.291  -11.167  31.398 0.1250000000
88996  31.203  -11.307  30.499 0.1250000000
86876  25.153  -12.878  27.919 0.3750000000
86889  24.994  -12.970  27.098 0.3750000000
86891  23.754  -13.820  26.099 0.2500000000
85810  22.978  -14.153  24.689 0.3750000000
85811  22.248  -14.841  24.404 0.3750000000
84694  21.248  -15.938  23.359 0.3750000000
83449  20.441  -16.266  23.407 0.3750000000
76241  2.377  -22.339  25.890 0.6250000000
72780  4.541  -24.939  27.848 0.8750000000
72798  4.177  -25.553  27.607 0.8750000000
88967  34.305  -11.015  34.135 0.1250000000
90087  33.905  -10.720  32.762 0.1250000000
88968  33.559  -11.049  33.654 0.1250000000
89008  31.957  -11.132  29.858 0.1250000000
86903  23.644  -13.692  25.085 0.3750000000
85824  22.454  -15.059  23.550 0.3750000000
84718  21.853  -16.118  22.872 0.3750000000
75008  2.675  -23.331  27.083 0.8750000000
73899  2.423  -24.287  26.549 0.8750000000
73885  3.553  -24.475  27.699 0.8750000000
89022  31.971  -11.252  28.976 0.1250000000
86902  24.321  -13.256  25.454 0.3750000000
86914  23.667  -13.623  24.037 0.3750000000
84692  22.787  -15.237  23.027 0.3750000000
84693  22.094  -15.574  23.193 0.3750000000
72800  2.666  -24.921  26.753 0.7500000000
84553  43.087  -16.338  29.801 1.0000000000
89044  31.945  -11.153  28.023 0.2500000000
89062  30.724  -11.339  26.737 0.3750000000
72799  3.190  -25.490  26.951 0.8750000000
83343  44.527  -16.264  30.468 1.0000000000
83344  43.942  -16.397  30.397 1.0000000000
84591  42.300  -15.905  27.982 0.8750000000
89060  32.954  -11.026  27.384 0.3750000000
89077  32.672  -10.967  26.020 0.3750000000
83299  45.113  -16.970  30.906 0.8750000000
82055  44.521  -17.482  31.420 0.8750000000
83301  44.129  -16.797  31.265 1.0000000000
84609  43.300  -14.893  27.407 0.8750000000
84610  42.708  -15.156  27.352 0.8750000000
89098  33.212  -11.059  24.762 0.3750000000
89099  31.917  -11.207  24.859 0.3750000000
89078  31.385  -11.230  25.854 0.3750000000
80903  45.433  -17.802  30.695 0.7500000000
79735  44.819  -18.479  30.976 0.7500000000
79736  44.498  -19.025  31.550 0.7500000000
85790  42.677  -14.237  25.779 0.8750000000
85791  41.873  -14.424  25.363 0.7500000000
85806  40.901  -14.309  24.496 0.6250000000
85818  40.106  -14.306  23.804 0.7500000000
86920  39.293  -13.791  23.022 0.6250000000
89126  34.433  -11.131  23.443 0.3750000000
89127  33.303  -11.230  23.590 0.3750000000
79761  44.821  -18.962  30.104 0.6250000000
78542  43.896  -19.503  30.471 0.5000000000
79764  42.437  -19.678  29.977 0.5000000000
89120  41.249  -11.767  23.398 0.5000000000
88009  40.617  -12.683  23.188 0.5000000000
88029  39.471  -12.627  22.632 0.6250000000
88031  37.606  -12.609  22.149 0.5000000000
88032  36.503  -12.626  21.908 0.5000000000
89152  35.443  -11.801  22.099 0.3750000000
89153  34.457  -11.523  22.411 0.3750000000
89154  33.483  -11.464  22.655 0.3750000000
78570  44.445  -18.925  29.389 0.5000000000
79775  43.747  -19.083  29.296 0.2500000000
79777  42.585  -19.696  29.488 0.2500000000
78573  41.255  -20.202  28.348 0.1250000000
78574  40.388  -20.337  28.310 0.1250000000
89173  34.965  -12.342  21.674 0.3750000000
89174  34.417  -12.101  21.697 0.3750000000
79790  42.767  -19.503  28.795 0.1250000000
78581  41.419  -20.001  27.166 0.1250000000
85814  51.336  -13.478  23.750 0.7500000000
83436  49.737  -16.282  23.827 0.3750000000
89113  50.485  -12.706  22.751 0.8750000000
89169  49.409  -12.178  21.327 1.0000000000
89143  49.926  -12.068  21.964 0.8750000000
88020  50.566  -12.857  22.459 0.5000000000
82189  47.449  -16.645  24.012 0.1250000000
89183  49.040  -12.136  20.259 1.0000000000
88022  50.244  -12.206  21.495 1.0000000000
89196  48.155  -11.738  19.274 0.8750000000
89209  47.395  -11.678  18.360 0.8750000000
89222  45.637  -11.654  17.269 0.8750000000
89219  48.701  -11.187  17.529 0.8750000000
89220  47.617  -11.484  17.490 0.8750000000
89231  46.191  -11.495  16.933 0.8750000000
90272  44.655  -11.251  17.003 0.8750000000
89229  47.702  -11.292  16.440 0.8750000000
90278  46.694  -11.110  16.015 0.8750000000
90279  45.737  -11.034  16.314 0.7500000000
90287  47.726  -11.038  15.440 0.8750000000
91313  45.887  -10.245  15.592 0.7500000000
91306  45.254  -10.219  15.859 0.6250000000
90294  49.516  -11.028  14.278 0.8750000000
92284  45.977  -9.328  15.636 0.6250000000
92270  45.709  -8.253  16.920 0.6250000000
90301  49.118  -10.468  13.745 0.8750000000
91315  48.301  -9.869  13.682 0.8750000000
91316  47.713  -9.768  13.959 0.6250000000
92276  46.569  -8.251  16.119 0.6250000000
93263  45.990  -7.948  17.220 0.6250000000
93256  46.280  -7.434  18.392 0.5000000000
90299  50.388  -10.812  13.087 0.8750000000
74818  23.939  -22.595  44.397 0.7500000000
74828  23.740  -23.444  43.950 0.7500000000
76013  21.943  -22.720  44.380 0.7500000000
78339  10.153  -21.087  45.271 0.8750000000
77208  9.222  -21.430  45.529 0.8750000000
73705  23.480  -24.270  43.434 0.7500000000
78337  11.572  -20.934  45.611 0.8750000000
78338  10.639  -21.020  45.389 0.8750000000
72641  23.360  -25.104  41.775 0.8750000000
78344  21.335  -21.134  44.841 0.7500000000
78335  13.603  -20.520  45.616 0.8750000000
78336  12.602  -20.733  45.562 0.8750000000
79635  21.549  -19.919  40.738 0.7500000000
76051  22.715  -22.750  40.586 1.0000000000
78346  19.328  -20.406  44.879 0.7500000000
78347  18.148  -20.245  45.265 0.7500000000
78333  15.844  -20.451  45.705 0.8750000000
78334  14.692  -20.446  45.686 0.8750000000
78351  14.100  -20.345  44.636 0.8750000000
76022  6.569  -22.407  43.512 0.8750000000
80806  20.037  -19.011  40.046 0.6250000000
79594  17.561  -20.438  45.595 0.7500000000
76023  5.743  -22.573  43.099 0.8750000000
80820  18.619  -17.953  39.011 0.5000000000
71540  22.288  -25.661  39.010 1.0000000000
76058  4.618  -21.846  40.751 0.8750000000
87924  18.379  -11.888  29.608 0.1250000000
86816  17.410  -13.576  32.869 0.1250000000
81980  18.689  -17.376  39.462 0.3750000000
72667  22.344  -25.029  38.654 1.0000000000
71547  21.991  -25.817  38.232 1.0000000000
76075  3.809  -22.054  40.010 0.8750000000
90131  23.223  -10.938  29.740 0.1250000000
90132  22.520  -10.779  29.121 0.1250000000
89028  20.652  -11.355  28.544 0.1250000000
89016  19.010  -11.303  29.250 0.1250000000
87911  18.263  -11.909  30.821 0.1250000000
84464  17.706  -15.847  37.978 0.3750000000
71554  21.766  -25.954  37.621 1.0000000000
78461  3.142  -20.819  37.465 0.8750000000
87879  24.996  -13.111  33.910 0.1250000000
87897  24.377  -12.640  32.313 0.1250000000
86808  17.581  -13.612  33.841 0.2500000000
86792  17.775  -13.970  35.873 0.2500000000
85668  17.805  -14.238  36.588 0.3750000000
85660  17.831  -14.558  37.150 0.3750000000
87872  17.935  -12.935  34.246 0.2500000000
86800  18.227  -13.005  35.430 0.2500000000
86791  18.119  -13.346  35.770 0.2500000000
79700  3.430  -19.681  35.022 0.8750000000
78479  3.324  -20.728  35.360 0.8750000000
85659  26.597  -13.460  36.203 0.1250000000
87881  17.816  -12.848  33.408 0.1250000000
87871  18.378  -12.588  34.950 0.2500000000
78487  3.478  -20.286  34.134 0.8750000000
85657  27.801  -13.817  37.049 0.1250000000
88975  18.686  -11.591  33.700 0.1250000000
87880  18.358  -12.328  33.984 0.1250000000
88965  18.811  -11.824  34.590 0.2500000000
84562  23.404  -14.732  30.335 0.1250000000
84583  22.814  -14.750  29.427 0.1250000000
78502  3.428  -20.401  33.466 0.8750000000
77352  4.042  -21.119  32.699 0.8750000000
84582  23.498  -14.869  29.368 0.1250000000
84600  23.254  -14.952  28.269 0.2500000000
84621  22.684  -15.089  27.709 0.2500000000
84622  22.212  -14.915  27.671 0.2500000000
77353  3.564  -20.779  32.659 0.8750000000
84542  24.710  -14.747  31.069 0.1250000000
85727  24.565  -14.707  30.225 0.1250000000
85739  23.956  -14.870  29.425 0.1250000000
84641  22.362  -15.060  27.295 0.2500000000
78521  3.311  -20.452  32.970 0.8750000000
77362  4.851  -21.788  31.579 0.8750000000
77378  4.613  -22.033  31.003 0.8750000000
85738  24.401  -14.654  29.695 0.1250000000
76174  5.308  -22.142  30.684 0.8750000000
74981  5.269  -23.027  29.026 0.8750000000
88950  33.222  -11.736  35.271 0.1250000000
84620  23.137  -15.045  27.391 0.2500000000
79816  2.742  -19.381  26.159 0.6250000000
88958  34.711  -11.212  34.935 0.1250000000
88970  31.491  -11.338  33.338 0.1250000000
79817  2.123  -19.793  26.256 0.6250000000
77440  1.917  -20.727  25.938 0.6250000000
77424  2.431  -21.329  27.163 0.7500000000
74994  4.476  -23.272  28.700 0.8750000000
88987  32.137  -10.981  31.620 0.1250000000
77439  2.134  -21.224  26.219 0.6250000000
76223  2.420  -22.299  26.668 0.7500000000
73884  4.199  -24.665  27.890 0.8750000000
90085  35.507  -10.343  33.581 0.1250000000
90096  34.545  -10.403  32.210 0.1250000000
90097  33.768  -10.710  31.956 0.1250000000
88994  32.848  -11.064  30.943 0.1250000000
90130  33.272  -10.999  29.667 0.1250000000
90095  35.404  -10.184  32.542 0.1250000000
90105  35.362  -10.244  31.482 0.1250000000
90106  34.466  -10.558  31.253 0.1250000000
89043  32.802  -11.113  28.470 0.1250000000
73886  2.873  -24.388  27.151 0.8750000000
90128  34.833  -10.628  29.566 0.2500000000
90142  34.285  -10.807  28.817 0.2500000000
90164  33.675  -10.949  28.175 0.3750000000
84551  44.971  -15.453  29.772 1.0000000000
84571  44.299  -15.229  28.874 1.0000000000
90141  35.222  -10.667  28.651 0.3750000000
90181  34.628  -10.778  27.136 0.3750000000
90196  33.751  -10.755  26.663 0.3750000000
84535  45.659  -15.536  30.254 0.8750000000
84536  45.008  -16.135  30.455 1.0000000000
85748  44.133  -14.586  27.951 0.8750000000
85761  43.108  -14.670  26.992 0.8750000000
90162  35.396  -10.729  27.714 0.3750000000
90195  34.595  -10.656  26.223 0.3750000000
90213  33.738  -10.765  25.746 0.3750000000
83298  45.553  -17.064  30.723 0.7500000000
86888  44.213  -13.587  26.939 0.8750000000
85789  43.229  -14.019  26.100 0.8750000000
86910  42.669  -13.207  25.149 0.7500000000
87993  42.001  -12.847  24.291 0.5000000000
90211  35.487  -10.638  24.916 0.3750000000
90229  34.792  -10.851  24.332 0.3750000000
89097  34.055  -11.020  24.245 0.3750000000
83341  46.511  -16.916  29.619 0.7500000000
82078  46.260  -17.459  30.081 0.7500000000
87992  42.644  -12.487  24.744 0.6250000000
88008  41.538  -12.629  23.753 0.5000000000
89121  40.322  -11.628  23.011 0.5000000000
89147  39.828  -12.066  22.709 0.5000000000
90235  38.549  -10.970  22.819 0.3750000000
89150  37.290  -11.814  22.319 0.3750000000
89124  36.347  -11.251  22.861 0.3750000000
89125  35.426  -11.203  23.065 0.3750000000
82079  46.391  -17.640  29.331 0.7500000000
79773  45.398  -18.513  28.777 0.7500000000
79787  44.660  -18.707  28.625 0.3750000000
79789  43.320  -19.135  28.747 0.2500000000
79786  45.462  -18.355  28.017 0.2500000000
79800  44.039  -18.667  27.925 0.2500000000
79802  42.948  -19.252  28.337 0.1250000000
78580  42.353  -19.413  27.868 0.1250000000
79810  43.858  -18.434  27.019 0.1250000000
78579  42.908  -19.117  27.616 0.1250000000
78598  43.317  -18.633  26.421 0.1250000000
78588  43.001  -18.893  27.067 0.1250000000
78589  42.045  -19.590  26.488 0.1250000000
87985  50.934  -12.825  23.712 0.8750000000
85802  51.096  -13.546  23.780 0.6250000000
84679  50.397  -15.715  23.722 0.5000000000
82187  49.205  -16.579  24.169 0.2500000000
82173  47.651  -16.954  24.578 0.1250000000
80978  45.370  -17.371  25.796 0.1250000000
80979  44.545  -17.496  25.631 0.1250000000
89115  49.574  -12.320  22.741 0.8750000000
89114  50.175  -12.426  22.756 0.7500000000
80991  46.125  -17.061  25.048 0.1250000000
80993  44.177  -17.781  25.014 0.1250000000
82175  46.242  -16.873  24.490 0.1250000000
89184  47.813  -12.117  20.085 1.0000000000
89197  47.090  -11.839  19.210 0.8750000000
93272  46.329  -8.070  16.680 0.6250000000
90300  49.579  -10.479  13.471 0.8750000000
91321  48.861  -9.726  13.406 0.8750000000
92296  48.406  -8.741  13.676 0.8750000000
93280  47.411  -8.003  15.427 0.6250000000
93271  46.975  -7.873  16.393 0.5000000000
93262  47.247  -7.493  17.679 0.5000000000
93246  46.584  -7.005  19.418 0.5000000000
93307  48.242  -8.285  14.064 0.5000000000
93279  48.218  -7.525  15.647 0.5000000000
89261  51.052  -11.151  12.878 0.8750000000
94364  46.874  -6.357  20.060 0.5000000000
74827  24.133  -22.729  43.686 0.7500000000
76011  23.450  -22.202  44.880 0.7500000000
77213  22.770  -21.687  45.065 0.7500000000
74840  24.020  -23.464  43.034 0.7500000000
77207  10.054  -21.358  45.761 0.8750000000
76004  8.107  -22.153  45.704 0.8750000000
78391  22.713  -20.890  41.803 1.0000000000
73715  23.489  -24.333  42.416 0.7500000000
78345  20.653  -20.710  44.476 0.7500000000
77205  11.610  -21.307  46.369 0.8750000000
75998  7.577  -22.672  46.240 0.8750000000
76005  7.393  -22.510  45.355 0.8750000000
78330  18.870  -20.539  45.782 0.7500000000
78321  13.054  -20.787  46.399 0.8750000000
78306  12.534  -21.015  46.933 0.8750000000
76006  6.487  -22.821  45.084 0.8750000000
76015  7.232  -22.304  44.311 0.8750000000
79636  20.734  -19.485  40.472 0.7500000000
72659  23.052  -25.078  40.197 1.0000000000
72650  23.365  -25.203  40.844 1.0000000000
78316  18.365  -20.255  46.258 0.7500000000
78332  17.048  -20.484  45.735 0.7500000000
78318  16.384  -20.190  46.314 0.7500000000
78319  15.175  -20.364  46.660 0.7500000000
78320  13.986  -20.452  46.483 0.8750000000
76034  5.101  -22.488  42.797 0.8750000000
74836  5.018  -22.866  43.408 0.8750000000
73743  22.722  -24.395  39.502 1.0000000000
72660  22.614  -25.272  39.621 1.0000000000
72651  22.908  -25.406  40.326 1.0000000000
79577  17.870  -19.689  46.400 0.7500000000
78317  17.420  -20.210  46.245 0.7500000000
76045  4.851  -21.965  41.984 0.8750000000
76025  4.412  -22.809  43.617 0.8750000000
81979  19.219  -17.683  39.963 0.6250000000
79578  16.886  -19.633  46.439 0.6250000000
79579  15.811  -19.692  46.763 0.6250000000
77292  3.338  -21.551  39.344 0.8750000000
77279  3.615  -21.447  40.195 0.8750000000
77263  4.525  -21.604  41.388 0.8750000000
87891  17.761  -12.789  32.399 0.1250000000
83227  17.918  -16.467  38.363 0.3750000000
77305  3.154  -21.703  38.304 0.8750000000
78433  3.544  -20.719  39.615 0.8750000000
77264  4.066  -21.463  40.835 0.8750000000
84467  17.794  -15.184  37.840 0.3750000000
78446  3.288  -20.738  38.617 0.8750000000
87862  18.604  -12.652  36.017 0.2500000000
79688  3.481  -19.769  36.388 0.8750000000
88954  18.891  -12.009  35.384 0.2500000000
85651  28.549  -13.929  37.798 0.1250000000
79716  3.399  -19.475  34.195 0.8750000000
78503  3.234  -19.967  33.348 0.8750000000
87847  31.049  -12.388  36.778 0.1250000000
77363  4.143  -21.432  31.819 0.8750000000
77379  4.095  -22.015  31.226 0.8750000000
87855  33.063  -12.082  36.095 0.1250000000
76187  4.581  -22.695  29.645 0.8750000000
88940  34.506  -12.003  36.323 0.1250000000
80972  2.684  -19.214  26.755 0.7500000000
79806  2.531  -19.615  27.171 0.7500000000
76197  4.305  -22.789  29.093 0.8750000000
78597  1.899  -20.432  26.110 0.7500000000
78586  2.509  -20.404  27.691 0.7500000000
76210  2.664  -22.289  27.597 0.8750000000
74996  3.007  -23.010  27.829 0.8750000000
74995  3.535  -23.380  28.289 0.8750000000
75007  3.060  -23.737  27.655 0.8750000000
90113  36.320  -10.153  30.662 0.2500000000
90114  35.211  -10.409  30.469 0.2500000000
90126  36.952  -10.282  28.918 0.2500000000
90127  36.017  -10.284  29.530 0.2500000000
84550  45.668  -14.751  30.081 1.0000000000
84570  44.921  -14.864  29.223 1.0000000000
85747  44.702  -14.286  28.351 0.8750000000
90161  36.254  -10.597  27.418 0.3750000000
86873  44.808  -13.458  27.826 0.7500000000
86887  44.566  -13.390  27.358 0.7500000000
91240  38.399  -9.792  26.661 0.3750000000
90159  37.823  -10.204  26.910 0.3750000000
90179  36.301  -10.577  26.516 0.3750000000
90194  35.452  -10.614  25.864 0.3750000000
85709  46.340  -14.997  30.151 0.8750000000
87976  43.872  -12.550  25.861 0.7500000000
90190  43.643  -10.636  25.183 0.5000000000
91264  42.567  -10.192  24.479 0.5000000000
91266  40.979  -9.744  24.092 0.3750000000
92239  40.023  -9.019  24.994 0.3750000000
91254  39.173  -9.378  25.554 0.3750000000
90192  37.154  -10.321  25.367 0.3750000000
90210  36.356  -10.583  24.659 0.3750000000
83318  46.397  -16.158  29.950 0.8750000000
87991  43.366  -12.173  25.236 0.6250000000
89095  43.203  -11.523  24.877 0.5000000000
90205  42.155  -10.708  23.960 0.5000000000
90222  41.159  -10.738  23.519 0.3750000000
91277  39.484  -9.857  23.838 0.3750000000
90225  38.367  -10.593  23.354 0.3750000000
90209  37.252  -10.452  24.430 0.3750000000
83342  46.574  -17.337  29.345 0.7500000000
82093  46.113  -17.400  28.921 0.7500000000
82092  46.700  -17.754  28.794 0.7500000000
80921  46.369  -18.047  28.516 0.6250000000
79798  45.697  -18.046  27.235 0.2500000000
79799  44.794  -18.323  27.613 0.2500000000
88002  48.890  -12.635  23.297 1.0000000000
88001  49.826  -12.677  23.368 1.0000000000
80976  47.092  -17.381  25.612 0.3750000000
79808  46.065  -17.722  26.576 0.2500000000
79809  44.997  -17.777  26.648 0.1250000000
87986  50.076  -12.905  23.836 1.0000000000
85803  50.341  -14.481  24.351 0.7500000000
83435  50.379  -16.521  24.154 0.5000000000
80977  46.368  -17.347  25.612 0.1250000000
79819  44.621  -17.561  26.107 0.1250000000
79820  43.902  -18.043  26.004 0.1250000000
89144  49.250  -12.227  22.178 0.8750000000
88052  48.772  -12.353  21.633 1.0000000000
88079  47.374  -12.370  20.867 0.8750000000
91319  50.795  -9.617  12.601 0.8750000000
93305  49.810  -7.544  13.794 0.8750000000
93290  49.053  -7.347  14.735 0.5000000000
93270  48.426  -7.096  16.839 0.5000000000
93261  48.260  -7.028  18.153 0.5000000000
93245  47.493  -6.642  19.606 0.5000000000
93244  48.068  -6.402  19.703 0.5000000000
77211  24.528  -21.085  44.754 0.7500000000
77222  24.523  -20.991  44.032 0.7500000000
76010  24.295  -21.971  45.075 0.7500000000
77212  23.286  -21.724  45.365 0.7500000000
75997  8.518  -22.227  46.504 0.8750000000
76020  24.352  -21.854  44.118 0.7500000000
77202  23.591  -21.454  45.757 0.7500000000
77203  22.788  -21.361  45.827 0.7500000000
75995  10.159  -22.130  47.319 0.8750000000
75996  9.408  -22.088  47.014 0.8750000000
76027  24.127  -22.153  43.368 0.7500000000
78312  22.578  -20.561  46.291 0.7500000000
79584  21.357  -20.122  45.880 0.7500000000
77196  11.201  -21.639  46.809 0.8750000000
75992  8.509  -22.508  47.427 0.8750000000
75993  7.936  -22.721  46.918 0.8750000000
74850  23.563  -23.553  42.034 1.0000000000
79574  20.652  -19.797  45.949 0.6250000000
78314  19.949  -20.083  46.091 0.7500000000
78305  12.953  -20.476  47.158 0.8750000000
77195  11.923  -21.361  46.954 0.8750000000
74809  6.993  -23.045  46.268 0.8750000000
74806  6.069  -23.526  47.177 0.8750000000
79634  22.169  -20.139  41.323 0.8750000000
76038  22.758  -22.325  41.279 1.0000000000
74860  23.316  -23.685  41.114 1.0000000000
79575  19.688  -19.729  46.197 0.6250000000
78315  19.303  -20.201  46.156 0.7500000000
78303  14.800  -20.173  47.111 0.7500000000
78304  14.189  -20.250  47.038 0.7500000000
74815  5.333  -23.355  45.065 0.8750000000
74816  4.549  -23.526  45.394 0.8750000000
80800  20.222  -18.481  41.137 0.5000000000
73732  22.879  -24.042  40.060 1.0000000000
73731  23.140  -24.449  40.413 1.0000000000
79576  18.803  -19.733  46.352 0.7500000000
79564  15.126  -19.969  47.127 0.7500000000
79565  14.459  -19.869  47.124 0.7500000000
76035  4.552  -22.379  43.108 0.8750000000
76026  4.091  -23.010  44.075 0.8750000000
76009  3.901  -23.137  45.583 0.7500000000
81971  19.427  -17.259  40.638 0.5000000000
81972  18.980  -17.019  40.112 0.6250000000
80756  18.333  -19.107  46.235 0.6250000000
80757  17.396  -18.998  46.404 0.6250000000
77250  4.442  -21.585  42.147 0.8750000000
77231  3.891  -22.514  44.130 0.8750000000
83215  18.611  -16.380  39.857 0.5000000000
80773  16.924  -18.295  46.156 0.6250000000
78415  4.105  -20.390  40.879 0.8750000000
78401  3.943  -21.127  41.081 0.8750000000
85648  18.276  -14.598  39.067 0.3750000000
79671  3.626  -19.849  38.978 0.8750000000
79661  3.931  -19.906  39.872 0.8750000000
85653  18.153  -14.502  38.137 0.2500000000
80848  3.727  -18.765  37.209 0.8750000000
79679  3.488  -19.768  37.869 0.8750000000
87851  18.683  -12.867  37.093 0.2500000000
87850  19.132  -12.313  37.565 0.2500000000
80857  3.583  -18.529  36.307 0.8750000000
87861  18.977  -12.200  36.812 0.1250000000
88943  19.175  -11.607  37.246 0.1250000000
80882  3.477  -19.000  34.665 0.8750000000
87836  30.648  -12.305  37.802 0.1250000000
88964  19.234  -11.344  35.202 0.1250000000
90069  19.206  -10.747  35.855 0.1250000000
79717  3.193  -19.317  33.575 0.8750000000
87824  30.399  -12.191  38.759 0.1250000000
91131  18.893  -10.033  35.584 0.1250000000
87846  32.368  -12.311  36.885 0.1250000000
87835  31.740  -12.029  37.582 0.1250000000
77364  3.583  -20.962  31.963 0.8750000000
76175  4.304  -22.326  30.622 0.8750000000
87854  33.896  -12.116  36.440 0.1250000000
76188  3.620  -22.373  30.158 0.8750000000
82140  3.087  -18.073  28.344 0.7500000000
80945  2.752  -18.525  28.919 0.7500000000
79795  2.516  -19.411  28.240 0.7500000000
79783  2.660  -19.371  29.318 0.7500000000
78578  2.533  -20.375  28.817 0.8750000000
77411  2.616  -21.370  28.240 0.8750000000
76189  3.148  -22.257  29.540 0.8750000000
91201  36.929  -10.120  29.753 0.2500000000
86857  45.428  -13.317  29.148 1.0000000000
85746  45.155  -13.936  28.868 1.0000000000
86858  45.208  -13.363  28.532 0.8750000000
90125  37.599  -10.224  28.507 0.2500000000
85723  45.896  -14.118  30.206 1.0000000000
85724  45.600  -14.210  29.893 1.0000000000
87962  44.772  -12.688  27.266 0.7500000000
89075  44.472  -11.562  26.305 0.7500000000
92209  39.220  -8.917  26.702 0.3750000000
91225  38.344  -9.884  27.540 0.3750000000
86831  46.386  -13.782  29.986 0.8750000000
90189  44.387  -10.649  25.950 0.7500000000
92221  42.979  -8.775  25.246 0.5000000000
92222  42.075  -8.697  25.047 0.3750000000
92238  40.566  -9.043  24.856 0.3750000000
92224  39.891  -8.611  25.747 0.3750000000
91239  38.899  -9.397  26.349 0.3750000000
86829  47.096  -14.812  29.631 0.7500000000
91265  42.085  -9.671  24.473 0.3750000000
92237  41.369  -9.133  24.746 0.3750000000
84588  47.506  -16.518  28.776 0.7500000000
82109  47.293  -17.594  28.340 0.7500000000
80935  46.896  -17.968  28.011 0.6250000000
80959  48.405  -16.811  26.058 0.7500000000
80946  47.679  -17.034  27.004 0.6250000000
79784  46.952  -17.802  27.339 0.3750000000
82156  48.898  -16.644  25.327 0.5000000000
80961  47.648  -17.451  26.234 0.5000000000
80948  47.115  -17.528  26.636 0.3750000000
86908  50.766  -13.530  23.891 1.0000000000
84645  51.037  -15.744  25.396 0.6250000000
83402  49.925  -16.235  26.058 0.6250000000
82157  48.368  -16.898  25.223 0.2500000000
88023  48.481  -12.490  22.496 0.8750000000
88053  47.909  -12.494  21.694 1.0000000000
91334  51.719  -9.641  12.585 0.8750000000
92309  51.362  -8.859  12.638 0.7500000000
94392  49.025  -6.637  17.502 0.5000000000
94379  48.995  -6.506  18.575 0.5000000000
91333  52.591  -9.587  12.603 0.8750000000
92294  50.518  -8.372  12.957 0.8750000000
93278  49.545  -7.055  15.889 0.5000000000
93254  48.174  -6.658  19.154 0.5000000000
90308  52.129  -10.507  12.651 0.8750000000
94349  48.174  -5.631  20.546 0.5000000000
90307  53.032  -10.521  12.567 0.8750000000
89258  53.497  -11.499  12.678 0.8750000000
90306  53.967  -10.491  12.295 0.8750000000
77192  24.013  -20.784  45.840 0.7500000000
78326  24.077  -20.272  45.174 0.7500000000
78311  23.457  -20.392  46.344 0.7500000000
75991  9.543  -22.270  47.772 0.8750000000
80753  21.225  -19.070  45.961 0.6250000000
77189  11.457  -21.780  47.515 0.8750000000
75985  9.843  -22.077  48.502 0.7500000000
74799  7.867  -23.132  47.839 0.7500000000
74793  6.644  -23.408  49.049 0.7500000000
79621  22.532  -19.781  42.051 0.7500000000
77243  23.462  -21.881  42.341 1.0000000000
76028  23.840  -22.601  42.642 0.8750000000
80754  20.198  -19.182  45.941 0.6250000000
77188  12.200  -21.182  47.549 0.8750000000
75989  11.311  -22.027  48.087 0.8750000000
74801  5.892  -23.495  48.275 0.7500000000
79622  21.797  -19.290  41.666 0.8750000000
76037  23.222  -22.745  41.590 1.0000000000
80755  19.240  -19.212  46.028 0.6250000000
80771  18.795  -18.635  45.720 0.6250000000
79557  12.874  -20.221  47.564 0.7500000000
74812  4.337  -23.464  46.356 0.7500000000
74861  23.013  -23.634  40.469 1.0000000000
80772  17.911  -18.389  46.028 0.6250000000
80742  14.930  -19.480  46.950 0.6250000000
77221  3.889  -22.486  44.760 0.8750000000
84458  19.298  -15.488  40.828 0.3750000000
80759  15.432  -19.072  46.501 0.6250000000
80760  14.463  -19.272  46.380 0.6250000000
78389  4.376  -20.952  42.524 0.8750000000
77230  3.941  -21.832  44.326 0.8750000000
77220  4.163  -22.168  45.302 0.7500000000
85645  18.530  -14.728  39.861 0.3750000000
78374  4.339  -20.856  43.668 0.8750000000
78357  4.541  -21.324  44.816 0.8750000000
86767  18.624  -13.599  38.630 0.3750000000
80825  3.899  -19.326  39.303 0.8750000000
79660  4.349  -19.704  40.272 0.8750000000
79643  4.996  -19.734  41.507 0.8750000000
79620  4.697  -20.294  42.765 0.8750000000
87840  18.981  -12.963  38.016 0.2500000000
80836  3.915  -18.806  38.475 0.8750000000
82032  3.494  -17.836  35.798 0.8750000000
91117  18.897  -10.272  36.304 0.1250000000
90057  19.077  -10.792  36.850 0.1250000000
80870  3.476  -18.417  34.707 0.8750000000
90058  18.656  -10.209  36.861 0.1250000000
82043  3.362  -17.864  34.408 0.8750000000
80891  2.923  -18.547  33.201 0.8750000000
82052  3.067  -17.734  33.642 0.7500000000
79734  2.918  -19.333  32.906 0.8750000000
78522  2.948  -20.003  32.606 0.8750000000
91132  18.270  -9.290  35.313 0.1250000000
78539  3.151  -20.562  32.289 0.8750000000
76176  3.738  -22.170  30.798 0.8750000000
82104  3.910  -17.448  29.470 0.7500000000
82123  2.893  -17.951  28.848 0.7500000000
80932  2.485  -18.445  29.841 0.8750000000
82105  2.939  -17.236  29.686 0.7500000000
82106  2.526  -17.724  29.554 0.7500000000
82091  2.336  -17.636  30.319 0.8750000000
78569  2.629  -20.311  29.875 0.8750000000
77397  2.723  -21.434  29.580 0.8750000000
87930  45.446  -12.710  28.855 0.8750000000
86845  45.636  -13.351  29.726 1.0000000000
87947  45.525  -12.090  28.868 0.8750000000
89042  45.256  -11.674  27.778 0.8750000000
89059  44.931  -11.674  27.054 0.7500000000
86832  45.909  -13.500  30.151 1.0000000000
89006  45.963  -11.653  29.727 1.0000000000
89041  45.430  -11.488  28.562 0.8750000000
91237  45.475  -9.659  27.118 0.7500000000
92220  43.751  -8.941  25.512 0.5000000000
93207  42.630  -8.111  25.683 0.3750000000
87902  46.394  -13.293  29.898 1.0000000000
87915  46.524  -12.926  29.655 1.0000000000
93205  44.130  -8.426  25.836 0.5000000000
93206  43.566  -8.211  25.734 0.5000000000
86855  47.552  -13.957  28.508 0.8750000000
86843  47.028  -13.528  29.365 1.0000000000
87914  47.136  -12.625  29.103 1.0000000000
85757  47.982  -14.987  27.866 0.8750000000
85745  47.796  -15.254  28.439 0.7500000000
85773  48.670  -14.495  26.402 0.8750000000
83391  48.581  -15.931  26.475 0.7500000000
83393  48.002  -16.483  27.469 0.7500000000
87972  49.242  -13.449  24.830 1.0000000000
85786  50.385  -15.092  25.482 0.8750000000
85770  50.536  -15.488  26.197 0.8750000000
83403  49.217  -15.973  26.110 0.7500000000
87987  49.197  -13.189  24.083 1.0000000000
85804  49.798  -14.185  24.672 1.0000000000
89116  49.093  -12.363  22.701 1.0000000000
88003  47.783  -12.616  23.354 1.0000000000
88080  46.380  -12.319  20.835 0.8750000000
92308  52.132  -8.780  12.637 0.7500000000
93289  50.338  -6.921  14.856 0.7500000000
94407  49.706  -6.612  16.670 0.5000000000
94362  48.778  -6.144  19.699 0.5000000000
89257  54.608  -11.637  11.749 0.8750000000
140333  55.431  -13.209  9.466 0.7500000000
79592  23.513  -19.007  44.536 0.6250000000
80766  23.104  -18.624  44.882 0.6250000000
78358  24.163  -20.465  43.594 0.7500000000
79598  24.374  -19.556  43.997 0.7500000000
79591  23.875  -19.607  44.582 0.7500000000
80750  23.781  -19.016  45.885 0.6250000000
79571  23.753  -19.644  46.242 0.7500000000
75976  9.678  -21.652  48.873 0.7500000000
75977  8.352  -22.231  49.407 0.7500000000
78359  23.430  -20.109  43.345 0.8750000000
81917  23.476  -18.593  45.960 0.7500000000
80752  22.359  -18.720  46.101 0.6250000000
80768  21.605  -18.300  45.681 0.6250000000
74798  10.224  -21.923  48.537 0.7500000000
75986  8.563  -22.447  48.306 0.7500000000
75968  7.922  -22.266  49.853 0.7500000000
79609  22.689  -19.329  42.877 0.7500000000
78377  22.856  -20.231  42.773 0.8750000000
78390  23.176  -21.409  42.186 0.8750000000
78376  23.490  -20.982  42.814 0.8750000000
77233  23.879  -21.676  43.023 0.8750000000
80769  20.693  -18.501  45.649 0.6250000000
79551  12.184  -20.303  48.312 0.7500000000
74789  10.852  -21.763  48.594 0.7500000000
79610  22.300  -19.011  42.280 0.7500000000
80770  19.742  -18.602  45.665 0.6250000000
81929  18.362  -18.166  45.190 0.6250000000
79566  13.381  -19.822  47.250 0.7500000000
79567  12.746  -19.194  47.515 0.7500000000
74794  5.772  -23.296  49.274 0.7500000000
80743  14.014  -19.490  46.854 0.6250000000
76000  4.178  -22.859  46.712 0.7500000000
81967  20.644  -17.447  41.930 0.6250000000
83210  20.283  -16.409  41.684 0.6250000000
84456  19.927  -15.480  41.446 0.6250000000
80774  15.930  -18.506  46.007 0.6250000000
80775  14.891  -18.753  45.857 0.6250000000
78342  4.601  -21.581  45.872 0.7500000000
85644  18.932  -14.687  40.479 0.3750000000
85641  19.510  -14.592  41.119 0.6250000000
79608  4.832  -20.257  43.394 0.8750000000
78356  4.937  -20.585  44.370 0.8750000000
86760  18.631  -13.964  39.585 0.3750000000
80824  4.506  -19.150  39.656 0.7500000000
80812  4.649  -19.477  40.393 0.8750000000
86766  18.915  -13.109  38.807 0.2500000000
82008  4.176  -18.198  37.508 0.8750000000
81995  4.492  -18.411  38.061 0.8750000000
80835  4.835  -18.553  38.535 0.8750000000
87827  19.175  -12.643  38.768 0.2500000000
83255  3.589  -17.328  35.991 0.7500000000
83272  3.409  -17.467  34.752 0.7500000000
80902  2.673  -18.659  32.511 0.8750000000
78540  2.722  -20.124  31.839 0.8750000000
83297  3.094  -16.750  33.402 0.7500000000
82063  2.610  -17.596  32.494 0.8750000000
79749  2.660  -19.344  32.166 0.8750000000
77380  3.309  -21.458  30.866 0.8750000000
83317  2.811  -16.591  32.467 0.7500000000
79759  2.514  -19.358  31.297 0.8750000000
78558  2.676  -20.373  30.891 0.8750000000
78557  3.031  -20.754  31.596 0.8750000000
82089  3.596  -16.949  30.571 0.7500000000
83359  2.856  -16.747  30.932 0.7500000000
82077  2.368  -17.594  31.248 0.7500000000
80920  2.420  -18.430  30.781 0.8750000000
77381  2.767  -20.930  30.323 0.8750000000
82090  2.916  -16.876  30.343 0.7500000000
83360  2.392  -17.027  30.693 0.7500000000
80931  6.671  -18.220  29.031 0.5000000000
82118  7.290  -18.201  27.869 0.5000000000
82134  8.128  -17.797  26.790 0.6250000000
92194  46.298  -8.411  27.730 0.8750000000
92195  45.735  -8.789  27.361 0.8750000000
91197  46.152  -10.281  29.294 1.0000000000
92187  45.981  -9.181  28.138 1.0000000000
92206  45.232  -8.823  26.574 0.6250000000
93193  43.254  -7.473  26.124 0.5000000000
93194  42.211  -7.455  26.192 0.5000000000
93208  41.675  -8.061  25.739 0.3750000000
89005  46.641  -11.916  29.451 1.0000000000
86870  47.892  -14.379  27.942 1.0000000000
86871  48.067  -13.647  27.470 1.0000000000
86898  48.929  -13.627  25.565 1.0000000000
85788  48.869  -14.065  25.898 1.0000000000
84628  48.545  -14.936  26.616 0.8750000000
87973  48.459  -12.942  25.216 1.0000000000
86897  49.519  -13.868  24.949 1.0000000000
85772  49.627  -14.954  26.053 0.8750000000
87988  48.010  -12.956  24.229 1.0000000000
88055  45.967  -12.209  21.643 0.8750000000
88054  46.925  -12.434  21.683 1.0000000000
92292  52.416  -8.090  12.764 0.7500000000
93304  51.202  -7.274  13.904 0.7500000000
93288  50.960  -6.939  14.495 0.7500000000
94406  50.534  -6.065  16.883 0.3750000000
94391  49.766  -6.292  17.762 0.5000000000
91332  53.470  -9.522  12.496 0.7500000000
94378  49.701  -6.028  18.757 0.5000000000
94361  49.634  -5.467  19.476 0.3750000000
89256  55.145  -12.259  10.259 0.7500000000
140332  55.389  -13.385  9.200 0.6250000000
80786  23.509  -18.640  43.888 0.7500000000
79599  23.865  -19.542  43.713 0.7500000000
80780  23.896  -19.022  44.212 0.7500000000
81937  23.174  -17.693  44.825 0.6250000000
81923  23.074  -18.249  45.459 0.6250000000
79600  23.245  -19.339  43.427 0.7500000000
81924  22.644  -17.813  45.559 0.6250000000
81925  21.921  -17.460  45.502 0.6250000000
77179  8.881  -21.206  49.437 0.7500000000
78360  22.977  -19.810  43.216 0.7500000000
81940  20.792  -17.197  44.933 0.6250000000
83189  19.514  -16.408  44.216 0.6250000000
79559  11.666  -19.180  48.387 0.7500000000
78291  11.245  -20.378  48.673 0.7500000000
77178  9.865  -20.909  48.980 0.7500000000
77171  7.856  -22.073  50.024 0.7500000000
80793  21.739  -18.449  42.340 0.6250000000
81941  19.906  -17.292  44.725 0.6250000000
81942  18.910  -17.451  44.542 0.6250000000
81955  17.672  -17.227  43.917 0.6250000000
81933  14.180  -18.167  45.241 0.6250000000
80777  13.118  -18.779  46.085 0.6250000000
74787  5.691  -22.993  50.121 0.7500000000
81963  21.220  -17.096  42.450 0.6250000000
83207  20.874  -16.402  42.299 0.6250000000
83206  21.527  -16.409  42.735 0.6250000000
81943  17.961  -17.743  44.570 0.6250000000
81945  15.969  -17.724  44.474 0.6250000000
81932  15.367  -18.098  45.273 0.6250000000
80761  13.495  -19.193  46.443 0.6250000000
80744  13.224  -19.024  47.075 0.7500000000
75981  5.084  -21.968  49.351 0.7500000000
81966  21.270  -17.807  42.333 0.6250000000
84450  21.215  -15.593  42.624 0.6250000000
81931  16.447  -18.027  45.365 0.6250000000
77200  4.366  -22.226  47.120 0.7500000000
80811  5.256  -19.237  40.712 0.7500000000
80805  5.575  -19.503  41.812 0.8750000000
79607  5.336  -20.115  43.808 0.7500000000
81994  4.737  -18.416  38.079 0.7500000000
80823  5.503  -18.810  39.479 0.7500000000
80797  6.172  -19.315  42.700 0.7500000000
79618  5.877  -19.680  43.461 0.7500000000
82021  3.679  -17.742  36.661 0.7500000000
82007  4.914  -18.219  37.688 0.7500000000
80834  5.621  -18.572  38.567 0.7500000000
83254  3.967  -16.991  36.117 0.7500000000
82019  5.239  -17.449  36.961 0.7500000000
83252  5.687  -17.004  36.226 0.7500000000
83271  3.502  -17.075  35.233 0.7500000000
83253  4.766  -16.821  36.237 0.7500000000
83269  5.245  -16.402  35.562 0.7500000000
83285  3.299  -17.172  34.295 0.7500000000
83270  4.245  -16.300  35.243 0.7500000000
83284  3.614  -16.389  34.279 0.7500000000
84499  3.969  -15.977  34.155 0.7500000000
84486  4.965  -15.932  34.994 0.7500000000
83296  3.407  -16.222  33.587 0.7500000000
84514  3.713  -15.987  33.707 0.7500000000
84513  4.172  -15.878  33.804 0.7500000000
82088  4.817  -17.396  30.217 0.7500000000
83336  4.522  -16.613  32.026 0.7500000000
83337  3.731  -16.335  32.032 0.7500000000
82087  6.182  -17.913  29.850 0.6250000000
82074  5.842  -17.454  31.068 0.7500000000
83335  5.545  -16.887  31.937 0.7500000000
80930  7.498  -18.282  29.337 0.5000000000
82086  7.328  -18.117  29.963 0.5000000000
82073  7.292  -17.615  30.902 0.5000000000
83334  6.821  -16.920  31.753 0.7500000000
82117  8.044  -18.045  28.073 0.5000000000
82101  7.839  -18.082  29.738 0.5000000000
82072  8.187  -17.345  30.946 0.5000000000
83333  8.399  -16.653  31.647 0.3750000000
82116  9.156  -17.497  27.512 0.5000000000
82084  9.091  -17.429  29.933 0.5000000000
83357  8.757  -17.183  30.760 0.5000000000
82099  9.172  -17.539  28.754 0.5000000000
83356  9.616  -16.420  30.686 0.5000000000
95432  44.881  -5.358  27.557 0.5000000000
96565  44.457  -4.845  27.987 0.5000000000
95433  43.682  -5.239  27.941 0.5000000000
83390  9.969  -16.655  28.216 0.5000000000
83374  9.815  -16.782  29.439 0.3750000000
93181  45.481  -7.518  27.100 0.7500000000
94286  44.377  -7.068  26.791 0.5000000000
94268  42.191  -6.285  27.284 0.5000000000
83401  9.695  -16.603  27.023 0.3750000000
83389  10.267  -16.155  29.041 0.3750000000
91210  46.507  -9.689  28.906 1.0000000000
92186  46.442  -9.088  28.456 1.0000000000
93191  45.367  -8.194  26.807 0.6250000000
94287  43.778  -6.903  26.668 0.5000000000
87960  48.288  -13.035  26.263 1.0000000000
87945  48.265  -13.190  26.886 1.0000000000
93303  52.468  -7.372  13.133 0.6250000000
94464  52.036  -6.685  13.897 0.5000000000
92307  52.964  -8.537  12.674 0.6250000000
93321  52.794  -7.831  12.756 0.6250000000
94446  51.279  -6.575  14.718 0.3750000000
94405  51.184  -5.617  17.239 0.3750000000
92306  53.778  -8.510  12.433 0.7500000000
91331  54.193  -9.440  12.108 0.6250000000
94390  50.454  -5.917  17.956 0.3750000000
94360  49.991  -5.427  19.056 0.3750000000
90305  54.320  -10.306  11.480 0.7500000000
89270  54.486  -10.830  10.512 0.7500000000
89269  54.879  -11.474  9.814 0.6250000000
87016  55.493  -12.061  8.812 0.6250000000
81951  23.178  -17.908  44.333 0.7500000000
83177  23.158  -16.958  45.283 0.6250000000
80787  22.798  -18.537  43.436 0.7500000000
81952  22.831  -17.527  43.948 0.7500000000
81938  23.174  -17.236  44.464 0.6250000000
84416  23.193  -16.413  45.211 0.6250000000
84417  22.938  -16.117  45.225 0.6250000000
83179  21.810  -16.530  45.417 0.6250000000
83187  21.217  -16.423  45.078 0.6250000000
81953  22.318  -17.121  43.477 0.7500000000
83186  22.976  -16.547  44.361 0.6250000000
83185  23.355  -16.712  44.798 0.6250000000
84430  21.007  -15.520  45.045 0.6250000000
83188  20.526  -16.402  44.623 0.6250000000
79554  9.629  -19.157  49.143 0.7500000000
78293  9.144  -20.098  49.563 0.7500000000
77181  7.578  -21.193  50.150 0.7500000000
80792  22.281  -18.443  42.863 0.7500000000
81962  21.818  -17.450  42.888 0.6250000000
83195  22.564  -16.466  43.802 0.5000000000
84438  22.682  -15.723  44.160 0.6250000000
85603  22.432  -14.907  44.468 0.6250000000
84440  19.694  -15.346  44.013 0.6250000000
83198  18.533  -16.366  43.759 0.6250000000
81934  12.808  -17.900  45.641 0.6250000000
80762  12.854  -18.519  46.590 0.6250000000
81909  12.009  -17.964  47.186 0.6250000000
79560  10.934  -18.691  48.583 0.6250000000
75967  5.207  -21.539  50.387 0.7500000000
83196  22.088  -16.425  43.238 0.5000000000
85616  22.361  -15.199  43.952 0.5000000000
85604  22.080  -14.342  44.267 0.5000000000
87755  21.729  -13.257  44.937 0.6250000000
88869  20.608  -12.238  44.261 0.5000000000
83199  17.373  -16.406  43.399 0.6250000000
81957  15.590  -17.120  43.693 0.6250000000
81919  12.139  -17.801  46.765 0.6250000000
77182  4.971  -21.513  48.888 0.7500000000
87756  21.215  -12.508  45.012 0.6250000000
88856  20.450  -11.938  45.138 0.5000000000
88870  19.826  -11.462  44.354 0.3750000000
81958  14.725  -16.935  43.588 0.6250000000
83191  13.941  -16.893  43.855 0.6250000000
81947  13.549  -17.363  44.642 0.6250000000
78308  5.351  -20.916  47.567 0.7500000000
78341  5.251  -20.760  45.517 0.7500000000
89982  19.023  -10.638  44.307 0.3750000000
79606  6.065  -19.790  44.157 0.7500000000
80822  6.511  -18.377  39.180 0.7500000000
80796  7.303  -18.974  42.288 0.7500000000
80791  6.534  -19.402  43.777 0.7500000000
80784  6.562  -19.512  44.371 0.7500000000
80845  5.979  -18.361  37.751 0.7500000000
82018  6.134  -17.611  36.883 0.7500000000
83251  6.749  -17.260  36.141 0.7500000000
83268  6.192  -16.617  35.546 0.7500000000
84484  6.662  -16.256  34.924 0.7500000000
84485  5.746  -16.046  35.006 0.7500000000
84496  6.180  -15.836  34.368 0.7500000000
84497  5.280  -15.759  34.414 0.7500000000
84511  5.636  -15.739  33.756 0.7500000000
83315  4.359  -16.196  32.692 0.7500000000
83313  6.357  -16.442  32.466 0.7500000000
83312  7.483  -16.428  32.299 0.6250000000
83311  8.027  -16.363  32.198 0.5000000000
83332  9.225  -16.341  31.394 0.5000000000
85707  9.732  -15.229  32.347 0.5000000000
85706  10.390  -14.747  32.205 0.3750000000
85694  11.018  -14.474  32.722 0.3750000000
96542  44.000  -4.346  29.671 0.5000000000
84547  9.476  -15.813  31.651 0.5000000000
85720  10.079  -15.113  31.772 0.5000000000
96552  44.245  -4.523  28.609 0.5000000000
83355  10.090  -16.038  30.319 0.5000000000
84566  9.955  -15.770  30.988 0.3750000000
85719  10.586  -14.663  31.447 0.5000000000
85705  11.050  -14.228  31.854 0.3750000000
86818  11.629  -13.784  32.279 0.3750000000
86817  12.204  -13.195  32.690 0.3750000000
94265  45.664  -6.325  27.399 0.6250000000
95431  45.840  -5.317  27.702 0.6250000000
84605  10.076  -15.710  27.489 0.2500000000
84585  10.476  -15.425  29.293 0.2500000000
84565  10.369  -15.561  30.345 0.3750000000
85732  10.726  -14.671  30.633 0.3750000000
86827  11.652  -13.718  31.447 0.3750000000
93180  46.464  -7.289  27.514 1.0000000000
87901  12.456  -12.429  32.221 0.3750000000
93302  52.984  -7.081  12.950 0.6250000000
94424  52.305  -5.665  15.326 0.3750000000
93319  53.891  -7.674  12.226 0.6250000000
94425  51.777  -5.930  15.967 0.3750000000
94389  50.791  -5.467  18.116 0.3750000000
92305  54.227  -8.438  11.876 0.6250000000
94376  50.526  -5.430  18.457 0.3750000000
96678  50.112  -4.777  19.045 0.2500000000
90317  54.228  -10.037  10.599 0.7500000000
91330  54.256  -9.303  11.311 0.6250000000
88135  55.390  -11.564  8.416 0.6250000000
87023  56.311  -12.240  6.842 0.5000000000
87034  56.391  -13.017  6.460 0.3750000000
87033  56.698  -12.312  5.892 0.3750000000
87049  56.386  -12.765  5.479 0.3750000000
85974  56.100  -13.246  5.728 0.2500000000
87048  56.586  -12.203  4.990 0.2500000000
87063  56.140  -12.296  4.841 0.3750000000
85990  55.781  -12.837  5.186 0.1250000000
88164  56.542  -11.636  4.497 0.1250000000
89301  57.028  -11.046  4.074 0.1250000000
88163  56.679  -11.327  3.943 0.1250000000
87062  56.045  -11.811  4.197 0.1250000000
84418  22.190  -15.738  45.397 0.6250000000
80733  9.397  -18.176  48.847 0.7500000000
84419  21.586  -15.248  45.364 0.6250000000
79545  8.893  -19.220  49.523 0.7500000000
79547  7.656  -19.341  50.050 0.7500000000
85595  22.566  -15.145  45.090 0.6250000000
85596  21.963  -14.775  45.394 0.6250000000
85597  21.019  -14.486  45.410 0.6250000000
85606  19.911  -14.297  44.721 0.6250000000
84441  19.062  -15.336  43.596 0.6250000000
80736  11.375  -18.192  48.117 0.6250000000
78287  6.178  -20.740  50.622 0.7500000000
86697  22.273  -14.414  45.170 0.6250000000
86698  21.701  -13.873  45.366 0.6250000000
86699  20.811  -13.386  45.786 0.6250000000
84442  18.079  -15.335  43.197 0.6250000000
84444  15.871  -15.470  42.853 0.6250000000
81948  12.747  -16.939  44.821 0.6250000000
78283  5.037  -20.857  50.687 0.7500000000
87746  20.677  -12.464  45.755 0.6250000000
83201  15.239  -16.335  43.206 0.6250000000
78297  5.155  -20.508  49.180 0.7500000000
88845  20.143  -11.741  45.841 0.5000000000
89969  19.632  -10.647  45.692 0.5000000000
78307  6.133  -20.371  47.713 0.7500000000
79581  6.669  -20.019  46.979 0.7500000000
89981  19.562  -10.828  45.008 0.3750000000
79589  6.464  -20.098  45.919 0.7500000000
79588  7.128  -19.525  46.355 0.7500000000
80809  7.456  -18.343  40.012 0.7500000000
80803  7.345  -18.711  41.134 0.7500000000
80783  7.252  -19.183  44.635 0.7500000000
80764  7.525  -18.847  46.723 0.7500000000
81992  7.573  -17.826  38.673 0.7500000000
81983  7.128  -18.004  39.014 0.7500000000
80802  8.206  -18.278  40.835 0.7500000000
80789  8.193  -18.679  43.096 0.7500000000
80790  7.220  -18.925  43.438 0.7500000000
80778  8.240  -18.488  45.211 0.7500000000
80763  8.182  -18.313  46.273 0.7500000000
81991  8.291  -17.574  39.019 0.7500000000
82005  6.496  -18.142  37.606 0.7500000000
82003  8.138  -17.560  38.257 0.7500000000
82017  7.179  -17.732  36.979 0.7500000000
82016  7.998  -17.623  37.415 0.7500000000
83250  8.296  -17.021  36.308 0.7500000000
83267  7.224  -16.766  35.477 0.7500000000
84495  7.130  -16.025  34.276 0.6250000000
84494  8.136  -15.866  34.290 0.6250000000
84509  7.654  -15.873  33.541 0.6250000000
84508  8.878  -15.484  33.384 0.5000000000
84527  8.176  -16.052  32.602 0.5000000000
85695  10.061  -15.103  33.094 0.3750000000
85686  10.246  -15.206  33.760 0.3750000000
85685  11.015  -14.742  33.873 0.3750000000
86803  11.879  -13.857  34.156 0.3750000000
86802  12.367  -13.177  34.465 0.3750000000
87873  12.607  -12.506  34.937 0.3750000000
88966  12.544  -11.864  35.479 0.3750000000
86809  12.277  -13.197  33.604 0.3750000000
87882  12.555  -12.441  34.069 0.3750000000
86826  12.125  -13.165  31.826 0.3750000000
87892  12.550  -12.429  33.149 0.3750000000
88985  12.630  -11.622  33.693 0.3750000000
94444  53.586  -5.849  13.642 0.5000000000
95621  53.148  -5.025  14.620 0.5000000000
95609  52.515  -5.127  15.488 0.3750000000
94463  53.197  -6.644  13.270 0.6250000000
95610  52.135  -5.314  16.247 0.3750000000
95592  52.108  -4.649  16.562 0.3750000000
94481  53.457  -6.854  12.767 0.6250000000
94480  53.806  -6.541  12.389 0.6250000000
93327  54.027  -7.392  11.616 0.5000000000
89276  54.420  -10.442  9.891 0.6250000000
91340  53.927  -9.201  10.446 0.7500000000
92313  54.090  -8.311  11.066 0.5000000000
140348  54.832  -10.749  8.356 0.6250000000
140349  55.120  -10.975  7.877 0.6250000000
89285  55.334  -10.763  7.570 0.5000000000
89283  55.942  -11.118  6.837 0.6250000000
89284  55.807  -10.726  6.920 0.5000000000
90332  56.425  -10.501  5.970 0.5000000000
90334  55.734  -9.850  6.551 0.5000000000
88150  56.838  -11.691  5.332 0.3750000000
89292  56.582  -10.671  5.854 0.2500000000
89291  56.778  -11.009  5.651 0.1250000000
89302  56.813  -11.157  4.701 0.1250000000
90336  56.720  -10.767  4.996 0.2500000000
89309  56.879  -11.108  3.521 0.1250000000
90348  56.929  -10.443  4.262 0.1250000000
90357  56.918  -10.615  3.261 0.1250000000
81899  9.119  -17.302  49.335 0.6250000000
80726  8.769  -18.273  49.529 0.7500000000
83164  10.999  -16.250  48.025 0.6250000000
81904  10.785  -17.400  48.325 0.6250000000
80728  7.197  -18.626  50.148 0.7500000000
85598  20.418  -13.845  45.510 0.6250000000
85607  19.165  -13.741  44.395 0.6250000000
86715  18.159  -13.831  43.678 0.6250000000
83181  11.694  -16.351  45.957 0.6250000000
81920  11.570  -17.078  46.860 0.6250000000
83159  11.213  -16.876  48.099 0.6250000000
79549  5.948  -19.673  50.337 0.7500000000
86690  20.235  -12.747  46.042 0.6250000000
86700  19.792  -13.174  45.762 0.6250000000
85634  17.159  -14.187  42.921 0.6250000000
84453  15.974  -14.650  42.654 0.6250000000
83170  11.825  -17.056  46.137 0.6250000000
80731  5.343  -18.696  49.739 0.7500000000
84445  14.779  -15.488  43.056 0.6250000000
83192  13.190  -16.304  44.237 0.6250000000
83193  12.579  -16.326  44.714 0.6250000000
79561  5.938  -19.549  48.514 0.7500000000
88833  19.902  -11.525  46.272 0.5000000000
89958  19.407  -10.103  45.943 0.5000000000
78300  6.142  -19.990  48.280 0.7500000000
79569  6.603  -19.409  47.921 0.7500000000
79580  7.056  -19.298  47.205 0.7500000000
81981  8.470  -17.638  39.668 0.7500000000
81974  8.711  -17.696  40.417 0.7500000000
80788  9.023  -18.225  42.982 0.7500000000
81950  8.821  -17.953  44.637 0.7500000000
83222  8.912  -17.191  39.510 0.6250000000
83218  8.855  -17.298  39.996 0.6250000000
83240  8.763  -17.219  37.703 0.6250000000
84483  7.596  -16.303  34.913 0.6250000000
84482  8.522  -16.197  35.191 0.6250000000
84481  9.517  -15.820  35.194 0.6250000000
84493  9.118  -15.595  34.400 0.6250000000
84492  10.160  -15.421  34.430 0.3750000000
84491  11.005  -15.194  34.836 0.3750000000
85678  12.146  -13.812  35.210 0.3750000000
86793  12.418  -13.266  35.279 0.3750000000
87863  12.551  -12.551  35.737 0.3750000000
88976  12.602  -11.714  34.635 0.3750000000
89003  12.649  -11.651  31.705 0.3750000000
88993  12.655  -11.606  32.717 0.3750000000
90091  12.339  -10.838  34.332 0.3750000000
94462  53.764  -5.946  13.137 0.5000000000
95620  53.623  -5.300  14.047 0.3750000000
96740  52.507  -3.959  15.600 0.2500000000
93329  53.665  -7.265  10.745 0.5000000000
92315  53.625  -8.242  10.241 0.5000000000
91342  53.705  -9.088  9.356 0.5000000000
91348  54.540  -9.482  7.612 0.3750000000
90326  54.635  -10.180  7.898 0.5000000000
91352  55.120  -9.277  7.072 0.5000000000
90330  54.991  -9.800  7.426 0.5000000000
92331  55.297  -8.786  5.989 0.2500000000
91357  55.365  -9.170  6.463 0.3750000000
90329  55.532  -10.117  7.144 0.5000000000
91361  55.716  -9.345  5.561 0.2500000000
90333  56.034  -10.181  6.222 0.2500000000
92335  55.801  -8.648  4.876 0.2500000000
91360  55.989  -9.355  5.092 0.2500000000
90349  56.629  -10.051  4.641 0.1250000000
90337  56.459  -10.296  5.318 0.1250000000
91381  56.540  -9.141  3.938 0.2500000000
91370  56.884  -9.856  3.701 0.1250000000
83160  10.396  -16.389  48.508 0.6250000000
85591  11.099  -14.631  46.300 0.6250000000
84410  11.206  -15.589  46.926 0.6250000000
81894  8.272  -17.472  49.914 0.7500000000
83149  7.728  -17.047  50.004 0.7500000000
86706  19.230  -13.272  44.921 0.6250000000
86707  18.401  -13.311  44.311 0.6250000000
85609  12.308  -14.457  44.399 0.6250000000
85599  11.920  -14.983  45.074 0.6250000000
84421  11.615  -15.547  45.859 0.6250000000
81896  6.754  -17.980  49.869 0.7500000000
86691  19.764  -12.547  46.135 0.6250000000
87757  18.715  -12.902  44.943 0.6250000000
86716  17.393  -13.510  43.505 0.6250000000
85636  15.632  -14.115  42.623 0.6250000000
85608  12.869  -14.962  43.900 0.6250000000
84433  12.457  -15.584  44.594 0.6250000000
81901  5.746  -17.578  49.603 0.7500000000
87738  17.833  -11.724  46.554 0.6250000000
85623  14.477  -14.488  43.007 0.6250000000
84432  13.015  -15.583  44.053 0.6250000000
80734  5.102  -18.405  49.294 0.7500000000
80739  5.953  -18.621  48.500 0.7500000000
88834  19.467  -11.175  46.721 0.6250000000
89945  19.305  -10.308  46.859 0.5000000000
81907  5.645  -17.917  48.509 0.7500000000
81906  5.942  -18.089  48.395 0.7500000000
91011  19.142  -9.515  46.924 0.5000000000
81913  6.243  -17.810  47.988 0.7500000000
80749  6.519  -18.602  48.084 0.7500000000
81911  7.785  -17.598  47.181 0.6250000000
81973  9.326  -17.342  41.081 0.6250000000
81970  8.912  -17.866  41.359 0.7500000000
80794  9.068  -18.054  42.417 0.7500000000
81959  9.353  -17.525  43.888 0.6250000000
81936  8.742  -17.384  45.749 0.6250000000
81969  9.486  -17.375  41.852 0.7500000000
81964  9.501  -17.541  42.727 0.7500000000
81935  9.097  -17.033  45.399 0.6250000000
83231  8.895  -17.208  38.696 0.6250000000
83217  9.473  -16.872  40.346 0.6250000000
83230  9.580  -16.716  38.292 0.6250000000
83239  9.469  -16.693  37.240 0.6250000000
83249  9.487  -16.383  36.429 0.6250000000
83238  10.198  -16.235  36.912 0.6250000000
84475  9.092  -16.198  35.843 0.6250000000
83248  10.055  -16.130  36.384 0.6250000000
84474  9.860  -15.989  35.923 0.6250000000
84480  10.430  -15.621  35.384 0.5000000000
84479  11.282  -15.234  35.714 0.3750000000
85671  11.882  -14.557  36.157 0.3750000000
85670  12.229  -13.865  35.728 0.3750000000
87852  12.416  -12.552  36.340 0.3750000000
85679  11.731  -14.394  35.044 0.3750000000
88955  12.378  -11.973  36.254 0.5000000000
90070  12.180  -11.467  35.942 0.5000000000
90081  12.215  -11.185  35.302 0.3750000000
90102  12.535  -10.792  33.305 0.3750000000
90082  11.692  -10.558  35.105 0.3750000000
90111  12.624  -10.732  32.303 0.3750000000
91163  12.141  -10.216  33.784 0.3750000000
90092  11.796  -10.190  34.383 0.5000000000
90121  12.884  -10.741  31.236 0.3750000000
96749  53.943  -4.852  13.590 0.2500000000
96750  53.612  -4.395  14.041 0.2500000000
95632  53.870  -5.429  12.609 0.5000000000
96751  52.943  -4.231  14.727 0.2500000000
93334  52.824  -7.135  8.707 0.3750000000
91343  53.347  -8.517  9.053 0.3750000000
92323  53.308  -8.349  7.961 0.3750000000
91345  54.083  -9.460  8.329 0.3750000000
93366  54.772  -8.031  6.070 0.3750000000
92333  54.465  -8.232  6.572 0.3750000000
93373  55.226  -8.090  5.664 0.2500000000
92332  55.005  -8.669  6.449 0.3750000000
92336  55.562  -8.683  5.343 0.2500000000
93380  56.094  -7.405  4.321 0.3750000000
93381  55.504  -7.417  4.890 0.2500000000
93394  56.429  -7.516  3.715 0.2500000000
93393  56.660  -7.603  3.061 0.2500000000
92358  56.476  -8.513  3.679 0.2500000000
92357  56.649  -8.622  2.805 0.2500000000
83161  9.554  -16.595  49.027 0.6250000000
81900  8.722  -16.983  49.786 0.7500000000
84405  10.709  -15.578  47.742 0.6250000000
84397  10.141  -15.603  48.416 0.6250000000
83153  9.000  -16.320  49.481 0.7500000000
83154  8.263  -16.463  49.823 0.7500000000
86720  13.170  -13.527  43.611 0.6250000000
86721  12.545  -13.728  44.037 0.6250000000
85600  11.497  -14.479  45.493 0.6250000000
83156  6.672  -16.625  49.731 0.7500000000
87749  17.077  -11.813  45.976 0.6250000000
86717  16.483  -12.749  43.617 0.6250000000
86719  14.247  -13.377  43.262 0.6250000000
85625  12.803  -14.205  43.822 0.6250000000
83157  5.892  -16.961  49.600 0.7500000000
88824  18.016  -10.546  47.551 0.6250000000
83158  5.367  -16.783  49.146 0.7500000000
91002  18.652  -9.334  47.605 0.5000000000
81914  5.396  -17.270  48.077 0.6250000000
81912  7.231  -17.684  47.448 0.7500000000
81921  8.205  -17.536  46.759 0.6250000000
83213  9.907  -16.775  41.455 0.6250000000
83205  9.996  -16.692  43.492 0.6250000000
83182  8.967  -16.496  45.329 0.6250000000
83221  9.591  -16.714  39.297 0.6250000000
83212  10.403  -16.113  40.976 0.6250000000
83204  10.439  -15.925  43.023 0.6250000000
83194  9.555  -16.505  44.517 0.6250000000
83220  10.384  -16.136  38.902 0.6250000000
83208  10.474  -16.031  42.017 0.6250000000
84460  10.797  -15.273  40.545 0.6250000000
83229  10.301  -16.152  37.851 0.6250000000
84462  10.843  -15.306  39.535 0.6250000000
84470  10.924  -15.691  37.318 0.6250000000
84466  11.082  -15.217  38.384 0.6250000000
84473  10.631  -15.776  36.327 0.5000000000
84469  11.376  -14.994  37.637 0.6250000000
85662  11.825  -14.472  37.160 0.6250000000
86775  11.902  -13.582  37.538 0.6250000000
86784  12.221  -13.782  36.630 0.3750000000
87841  11.737  -12.614  37.850 0.6250000000
88945  11.927  -11.825  37.061 0.6250000000
90059  11.263  -11.090  37.597 0.6250000000
87853  12.236  -12.821  36.926 0.5000000000
88956  12.056  -11.507  36.398 0.5000000000
90071  11.570  -10.888  36.297 0.5000000000
91134  11.093  -10.270  35.589 0.5000000000
91175  12.234  -9.948  32.992 0.3750000000
91164  11.495  -9.535  33.858 0.3750000000
91184  12.342  -9.754  31.881 0.2500000000
91151  10.422  -9.339  34.584 0.5000000000
95655  53.986  -4.960  10.888 0.5000000000
95644  53.916  -5.310  11.704 0.3750000000
97878  53.856  -3.936  12.802 0.3750000000
97879  53.582  -3.452  13.297 0.2500000000
94495  53.493  -6.177  9.917 0.5000000000
94491  53.804  -6.088  11.110 0.5000000000
96773  53.917  -4.558  11.946 0.3750000000
97893  53.721  -3.335  12.314 0.3750000000
98955  53.260  -2.810  12.448 0.2500000000
94506  53.175  -6.352  8.929 0.3750000000
93342  53.148  -6.904  7.790 0.3750000000
94507  52.969  -6.770  8.554 0.3750000000
92324  52.916  -7.752  8.070 0.3750000000
93354  53.303  -7.249  7.411 0.3750000000
93367  53.923  -7.438  6.270 0.3750000000
93374  54.773  -7.274  5.491 0.3750000000
93382  55.089  -6.754  4.898 0.3750000000
94562  54.572  -6.427  5.053 0.3750000000
94577  55.462  -6.305  4.361 0.3750000000
95725  54.822  -5.841  4.520 0.3750000000
94589  56.621  -6.903  3.199 0.3750000000
94590  56.341  -6.464  3.572 0.3750000000
95743  55.855  -5.782  3.649 0.3750000000
95742  56.200  -5.556  3.060 0.3750000000
96861  55.700  -4.811  3.072 0.3750000000
96897  56.324  -5.386  2.254 0.3750000000
85585  10.161  -14.496  47.371 0.6250000000
85580  9.862  -14.970  48.180 0.6250000000
84399  8.756  -14.934  48.987 0.7500000000
84392  8.650  -15.646  49.376 0.7500000000
83155  7.439  -16.447  49.791 0.7500000000
88873  15.112  -11.492  43.965 0.5000000000
88874  14.050  -11.726  43.827 0.6250000000
87762  13.023  -12.049  43.992 0.6250000000
86710  11.980  -13.504  44.518 0.6250000000
86692  10.621  -13.976  46.223 0.6250000000
85581  9.126  -14.397  48.505 0.6250000000
85579  7.693  -15.014  49.053 0.6250000000
88858  16.287  -11.467  45.371 0.6250000000
87772  15.835  -11.980  43.902 0.6250000000
84401  6.697  -15.346  49.183 0.7500000000
84402  6.006  -15.486  49.099 0.6250000000
88836  17.237  -11.037  47.064 0.5000000000
84408  5.857  -15.203  48.351 0.6250000000
89937  17.707  -9.945  47.685 0.5000000000
83162  5.027  -16.457  48.496 0.7500000000
84403  5.329  -15.848  48.868 0.7500000000
83167  5.677  -16.943  47.396 0.6250000000
83173  7.089  -16.400  46.493 0.6250000000
84423  8.379  -15.916  45.408 0.6250000000
83184  7.681  -16.331  46.164 0.6250000000
83183  8.257  -16.398  45.882 0.6250000000
84447  10.321  -15.211  43.204 0.6250000000
84448  9.801  -15.346  43.942 0.6250000000
84457  10.752  -15.177  41.567 0.6250000000
84454  10.533  -15.138  42.530 0.6250000000
85638  10.371  -14.059  42.021 0.6250000000
85647  11.120  -14.518  40.115 0.6250000000
86744  10.581  -13.249  41.083 0.6250000000
85642  11.130  -13.708  40.490 0.6250000000
86754  10.829  -13.049  40.561 0.6250000000
85650  11.249  -14.585  39.239 0.6250000000
85646  11.327  -13.853  39.714 0.6250000000
86753  11.123  -13.091  40.110 0.6250000000
85655  11.345  -14.549  38.672 0.6250000000
86761  11.358  -13.222  39.268 0.6250000000
87816  11.137  -12.625  39.555 0.6250000000
87829  11.298  -12.396  38.829 0.6250000000
85654  11.496  -14.383  38.105 0.6250000000
86768  11.589  -13.371  38.428 0.6250000000
88935  11.309  -11.722  38.251 0.6250000000
90045  10.563  -10.896  38.308 0.6250000000
90044  11.075  -11.211  38.181 0.6250000000
90060  10.590  -10.484  37.240 0.6250000000
90073  9.855  -9.837  36.087 0.6250000000
91135  10.432  -9.822  35.473 0.6250000000
91176  11.546  -9.148  32.696 0.2500000000
96782  54.133  -4.337  11.085 0.5000000000
97910  53.883  -3.304  11.667 0.3750000000
94505  53.508  -5.800  9.255 0.3750000000
95663  53.899  -5.077  10.135 0.3750000000
95676  53.786  -5.149  9.112 0.3750000000
95690  53.653  -5.447  8.351 0.3750000000
95677  53.545  -5.658  8.936 0.3750000000
95689  53.881  -4.896  8.511 0.3750000000
94522  53.266  -6.440  7.901 0.3750000000
96821  53.913  -4.841  8.229 0.3750000000
94536  53.402  -6.459  6.831 0.3750000000
95696  53.547  -5.578  7.335 0.3750000000
95703  53.639  -5.672  6.401 0.3750000000
94563  54.030  -6.221  5.401 0.3750000000
95710  53.864  -5.781  5.724 0.3750000000
95709  54.282  -5.534  5.137 0.3750000000
96848  54.650  -4.865  4.395 0.3750000000
99021  54.267  -2.775  4.667 0.3750000000
95724  55.229  -5.341  3.891 0.3750000000
96847  55.049  -4.292  3.699 0.3750000000
99034  53.880  -2.036  4.023 0.3750000000
96881  56.057  -4.918  2.407 0.2500000000
88860  14.502  -10.971  44.229 0.5000000000
87763  12.101  -12.436  44.387 0.6250000000
87765  10.630  -12.686  45.439 0.6250000000
87752  10.005  -12.686  45.948 0.6250000000
86685  9.067  -13.462  47.848 0.6250000000
86678  8.595  -13.690  48.351 0.6250000000
85583  7.438  -14.349  48.540 0.6250000000
89972  14.834  -10.213  44.658 0.5000000000
88861  13.424  -11.168  44.179 0.5000000000
88862  12.391  -11.432  44.270 0.6250000000
87764  11.178  -12.904  44.999 0.6250000000
86694  9.482  -13.258  47.183 0.6250000000
84400  7.300  -15.167  49.112 0.6250000000
85587  6.971  -14.712  48.362 0.6250000000
89960  16.013  -10.226  45.950 0.5000000000
91024  15.320  -9.154  45.659 0.5000000000
88863  11.410  -11.754  44.653 0.6250000000
88864  10.612  -12.081  45.247 0.6250000000
84407  6.580  -15.096  48.537 0.6250000000
91012  17.052  -9.218  47.236 0.5000000000
92011  16.009  -8.447  46.528 0.5000000000
84409  5.056  -15.536  48.067 0.6250000000
85589  5.461  -14.675  47.728 0.6250000000
84415  4.943  -15.579  47.296 0.5000000000
84425  6.066  -15.309  45.596 0.5000000000
84414  5.546  -15.558  46.531 0.5000000000
84436  6.771  -15.109  44.960 0.6250000000
84424  7.280  -15.830  45.777 0.6250000000
84412  6.931  -16.061  46.136 0.6250000000
85612  7.317  -14.554  44.440 0.6250000000
84435  7.871  -15.260  45.037 0.6250000000
85611  8.533  -14.674  44.465 0.6250000000
84434  8.910  -15.698  44.918 0.6250000000
85627  9.138  -13.967  43.621 0.6250000000
85639  9.687  -13.778  42.757 0.6250000000
86733  9.491  -13.139  41.991 0.6250000000
87792  10.318  -12.713  40.892 0.6250000000
88897  10.012  -12.152  40.604 0.6250000000
88908  9.911  -11.596  39.957 0.6250000000
88924  9.757  -11.182  39.302 0.6250000000
87803  10.974  -12.617  39.992 0.6250000000
87830  11.030  -12.212  39.322 0.6250000000
88923  10.713  -11.643  39.108 0.6250000000
90029  10.195  -11.060  38.891 0.6250000000
90030  9.633  -10.819  38.687 0.6250000000
90046  9.639  -10.408  37.905 0.6250000000
90061  9.614  -10.060  36.899 0.6250000000
96797  54.256  -4.225  10.237 0.5000000000
97909  54.140  -3.613  11.274 0.3750000000
96812  54.207  -4.237  9.315 0.3750000000
97930  54.343  -3.517  10.390 0.5000000000
96820  54.179  -4.351  8.271 0.2500000000
96834  53.841  -4.867  6.781 0.3750000000
96827  53.891  -4.834  7.702 0.3750000000
96826  54.233  -4.162  7.157 0.3750000000
95702  54.003  -5.076  5.902 0.3750000000
96833  54.200  -4.216  6.167 0.3750000000
96840  54.344  -4.458  5.217 0.3750000000
97972  54.639  -3.653  4.270 0.3750000000
97966  54.326  -3.508  5.423 0.3750000000
97979  55.173  -3.501  3.033 0.3750000000
97980  54.852  -3.316  3.612 0.3750000000
97993  55.663  -4.067  2.150 0.2500000000
99032  54.872  -2.789  2.652 0.3750000000
86679  7.992  -13.281  48.525 0.6250000000
89973  13.822  -10.274  44.297 0.5000000000
89974  12.758  -10.455  44.219 0.5000000000
88850  9.772  -11.541  45.590 0.5000000000
88851  9.292  -11.948  46.405 0.5000000000
87733  8.705  -12.748  47.884 0.6250000000
85584  6.759  -13.659  48.453 0.5000000000
91038  14.209  -9.337  44.516 0.5000000000
91039  13.151  -9.472  44.288 0.5000000000
91040  12.092  -9.626  44.205 0.5000000000
89976  10.509  -10.915  44.758 0.5000000000
85588  6.427  -14.302  48.152 0.6250000000
92012  15.247  -8.379  45.888 0.5000000000
92027  13.496  -8.502  44.556 0.3750000000
91041  11.009  -9.725  44.333 0.3750000000
89961  9.663  -10.540  45.373 0.3750000000
86687  5.674  -13.902  48.156 0.6250000000
92977  16.176  -7.465  46.932 0.5000000000
85593  4.957  -14.624  46.914 0.5000000000
84426  5.336  -14.873  45.982 0.5000000000
84437  5.928  -14.938  44.795 0.5000000000
85613  6.340  -14.508  44.357 0.5000000000
85629  6.722  -13.972  43.803 0.5000000000
86724  7.064  -13.459  43.119 0.5000000000
85628  7.811  -13.900  43.860 0.6250000000
86723  8.137  -13.368  43.114 0.5000000000
86734  8.369  -13.002  42.375 0.6250000000
86722  9.026  -13.335  42.855 0.6250000000
87783  8.548  -12.624  41.734 0.5000000000
87782  9.189  -12.594  41.544 0.6250000000
87806  8.659  -11.871  40.657 0.6250000000
88898  9.235  -11.759  40.532 0.6250000000
88909  9.082  -11.389  39.818 0.6250000000
88899  8.490  -11.700  40.221 0.6250000000
88910  8.232  -11.455  39.581 0.6250000000
88925  8.892  -11.096  39.120 0.6250000000
87728  7.555  -12.285  48.649 0.5000000000
86680  7.077  -13.115  48.700 0.5000000000
87742  8.654  -12.342  47.797 0.5000000000
88826  7.771  -11.408  48.115 0.5000000000
89962  8.804  -10.830  46.163 0.5000000000
88839  8.460  -11.802  47.633 0.5000000000
87730  5.647  -11.780  48.866 0.5000000000
92013  14.733  -7.787  45.666 0.3750000000
92026  14.466  -8.382  45.183 0.3750000000
93003  12.818  -7.712  44.738 0.2500000000
92029  11.525  -8.751  44.383 0.2500000000
91025  10.039  -9.656  44.869 0.2500000000
89963  8.347  -10.244  46.466 0.5000000000
86682  5.025  -12.562  48.510 0.5000000000
92978  15.569  -7.043  46.606 0.3750000000
94043  14.540  -6.315  46.178 0.3750000000
93002  13.662  -7.698  44.997 0.2500000000
92014  10.650  -8.628  44.633 0.2500000000
92015  9.698  -8.390  45.268 0.2500000000
86688  4.778  -13.623  48.011 0.5000000000
94017  16.315  -6.147  47.407 0.3750000000
95244  15.326  -5.980  46.904 0.2500000000
85602  5.118  -14.056  45.868 0.5000000000
86695  4.524  -13.358  46.651 0.5000000000
85615  5.244  -13.825  44.909 0.5000000000
85601  5.431  -14.624  45.221 0.5000000000
85614  5.617  -14.322  44.491 0.5000000000
86725  6.103  -13.575  43.053 0.5000000000
86736  6.397  -13.187  42.168 0.5000000000
87785  6.985  -12.939  41.961 0.5000000000
87795  7.805  -12.424  41.206 0.5000000000
88819  7.217  -11.562  48.647 0.5000000000
89939  7.690  -10.935  47.743 0.5000000000
91014  8.084  -9.633  46.576 0.3750000000
89951  8.033  -10.759  47.145 0.5000000000
88823  4.806  -11.696  48.176 0.5000000000
92991  13.230  -6.877  45.280 0.2500000000
94045  12.688  -6.253  45.881 0.2500000000
92993  10.896  -7.351  45.192 0.2500000000
92002  9.125  -7.952  45.969 0.2500000000
87735  4.443  -12.265  47.620 0.5000000000
95259  14.053  -5.677  46.471 0.3750000000
94031  13.078  -5.752  46.396 0.2500000000
86703  4.922  -13.154  45.453 0.5000000000
87743  4.839  -12.277  46.140 0.5000000000
85630  5.862  -13.959  43.829 0.5000000000
86712  5.062  -13.023  44.283 0.5000000000
86726  5.225  -13.379  43.253 0.5000000000
87776  4.915  -12.458  43.264 0.5000000000
86737  5.547  -13.168  42.249 0.5000000000
87786  4.994  -12.610  42.282 0.5000000000
86746  5.973  -12.991  41.555 0.5000000000
89940  7.339  -10.513  47.932 0.5000000000
88820  6.620  -10.986  48.639 0.5000000000
89933  6.708  -10.039  48.281 0.5000000000
89934  6.150  -10.090  48.509 0.5000000000
92003  8.529  -8.500  46.461 0.3750000000
91994  7.683  -8.632  47.427 0.5000000000
88822  5.083  -11.133  48.271 0.5000000000
94032  12.352  -5.755  46.308 0.2500000000
94046  11.641  -6.184  45.900 0.2500000000
94047  10.553  -6.179  46.158 0.2500000000
92979  9.136  -7.319  46.758 0.2500000000
88829  4.689  -11.668  47.813 0.5000000000
89953  5.185  -10.244  46.884 0.5000000000
95247  12.702  -5.302  46.596 0.2500000000
95248  11.643  -5.409  46.562 0.1250000000
88841  4.706  -11.853  47.089 0.5000000000
88828  4.977  -11.075  47.412 0.5000000000
87754  5.056  -12.288  44.932 0.5000000000
88840  5.133  -11.224  46.464 0.5000000000
88852  5.316  -11.431  45.379 0.5000000000
87766  4.940  -12.190  44.035 0.5000000000
88865  5.280  -11.540  44.326 0.5000000000
88875  5.158  -11.626  43.380 0.5000000000
87797  5.342  -12.581  41.163 0.5000000000
91988  6.974  -8.360  48.290 0.5000000000
90999  7.079  -9.260  47.940 0.5000000000
91000  6.479  -9.237  48.380 0.5000000000
89935  5.563  -10.149  48.295 0.5000000000
92969  8.556  -7.390  47.611 0.1250000000
92970  7.880  -7.973  47.844 0.3750000000
91987  7.452  -8.334  47.953 0.5000000000
89941  5.170  -10.211  47.759 0.5000000000
95238  9.621  -5.454  47.861 0.1250000000
92968  9.088  -7.014  47.235 0.1250000000
96387  12.275  -4.856  46.529 0.1250000000
95237  10.388  -5.559  47.380 0.1250000000
94034  9.842  -6.530  46.529 0.2500000000
89965  5.520  -10.242  45.711 0.5000000000
89964  5.788  -9.654  45.308 0.5000000000
89977  6.067  -9.922  44.855 0.5000000000
91042  5.992  -9.164  45.033 0.5000000000
89985  5.702  -10.905  43.634 0.5000000000
89984  6.312  -10.156  43.941 0.5000000000
88883  5.072  -11.728  42.433 0.5000000000
89992  6.235  -10.273  42.908 0.5000000000
88890  4.896  -11.840  41.507 0.5000000000
90001  5.941  -10.336  42.115 0.5000000000
90002  5.316  -10.791  41.560 0.5000000000
91067  5.946  -9.961  41.535 0.5000000000
88891  4.640  -11.848  40.680 0.5000000000
90010  5.008  -10.467  40.539 0.5000000000
94011  7.684  -6.552  48.650 0.2500000000
91989  6.287  -8.356  48.529 0.5000000000
91995  5.590  -8.352  48.390 0.5000000000
94020  8.941  -6.151  47.918 0.1250000000
92962  7.807  -7.543  48.269 0.2500000000
91006  5.309  -9.284  48.090 0.5000000000
91016  5.090  -9.312  47.335 0.5000000000
92018  5.071  -8.387  46.832 0.5000000000
96401  11.875  -4.594  46.134 0.1250000000
96388  11.358  -4.614  46.822 0.1250000000
91029  5.306  -9.315  46.437 0.5000000000
96400  12.733  -4.471  46.215 0.1250000000
97520  11.389  -4.253  45.535 0.1250000000
91028  5.601  -9.221  45.658 0.3750000000
97519  12.230  -4.267  45.494 0.1250000000
92030  5.756  -8.464  45.418 0.3750000000
91050  6.466  -9.290  44.303 0.5000000000
91058  6.756  -9.265  43.196 0.5000000000
91074  5.702  -9.740  40.802 0.5000000000
91066  6.591  -9.518  42.016 0.5000000000
91065  6.966  -8.943  42.423 0.5000000000
92061  6.296  -9.167  40.739 0.5000000000
92060  6.996  -8.591  41.074 0.5000000000
92052  7.040  -8.875  41.919 0.5000000000
90018  4.842  -10.341  39.801 0.5000000000
92059  7.389  -7.877  41.643 0.5000000000
92964  6.112  -7.416  48.612 0.2500000000
92963  6.928  -7.459  48.614 0.2500000000
92971  5.446  -7.384  48.130 0.5000000000
94012  6.779  -6.473  48.927 0.2500000000
92005  5.065  -8.359  47.776 0.5000000000
96378  9.620  -4.600  48.079 0.2500000000
95227  8.592  -5.605  48.507 0.1250000000
92981  5.137  -7.379  47.242 0.5000000000
92017  5.394  -8.461  46.047 0.3750000000
97496  10.068  -4.169  47.509 0.1250000000
97522  10.063  -3.550  46.245 0.1250000000
96389  10.919  -4.338  46.455 0.1250000000
97521  10.624  -3.961  45.800 0.1250000000
97535  11.570  -3.768  44.604 0.1250000000
97536  10.974  -3.839  45.112 0.1250000000
93006  5.733  -7.594  45.245 0.3750000000
97548  12.188  -3.660  44.177 0.1250000000
92037  6.267  -8.366  44.659 0.3750000000
97547  12.825  -3.571  44.028 0.1250000000
98640  11.818  -3.036  43.473 0.1250000000
92043  6.979  -8.241  43.289 0.5000000000
99669  12.563  -2.046  42.042 0.1250000000
99670  11.646  -1.802  42.397 0.1250000000
100598  12.740  -0.726  41.167 0.1250000000
92051  7.289  -8.275  42.283 0.3750000000
93037  7.309  -7.319  41.231 0.3750000000
94013  5.908  -6.393  48.579 0.3750000000
95228  7.607  -5.480  49.039 0.2500000000
95230  5.616  -5.301  48.455 0.2500000000
94021  5.304  -6.324  47.787 0.2500000000
98608  8.683  -2.525  47.341 0.1250000000
97497  9.441  -3.822  47.811 0.2500000000
96368  8.475  -4.402  48.911 0.2500000000
95229  6.545  -5.383  48.999 0.2500000000
96370  6.312  -4.279  48.819 0.2500000000
94035  4.976  -6.302  46.788 0.2500000000
98607  9.032  -3.012  46.823 0.1250000000
98611  10.148  -3.125  45.617 0.1250000000
94049  4.920  -6.180  45.783 0.2500000000
92996  5.207  -7.398  46.121 0.2500000000
98612  9.388  -2.813  45.997 0.1250000000
93007  5.366  -6.790  45.372 0.3750000000
98624  10.547  -3.020  44.676 0.1250000000
93015  6.249  -7.390  44.428 0.3750000000
99652  11.025  -2.158  43.172 0.1250000000
93014  6.727  -7.349  43.713 0.3750000000
93022  7.203  -7.380  43.012 0.3750000000
99685  12.304  -1.401  41.682 0.1250000000
93030  7.378  -7.240  42.135 0.3750000000
101487  12.647  0.751  40.748 0.1250000000
94075  7.267  -6.277  41.751 0.3750000000
98602  6.922  -2.327  48.799 0.1250000000
98603  6.440  -2.158  48.358 0.1250000000
97491  7.963  -3.329  48.798 0.1250000000
97492  7.045  -3.285  48.943 0.2500000000
96371  5.443  -4.237  48.268 0.2500000000
99636  8.276  -1.532  47.542 0.1250000000
96369  7.332  -4.343  49.084 0.2500000000
95251  4.660  -4.636  46.807 0.2500000000
95240  4.771  -5.117  47.526 0.2500000000
98613  8.860  -2.430  46.513 0.1250000000
95250  4.608  -5.350  46.381 0.2500000000
95262  4.859  -5.074  45.412 0.2500000000
98625  9.805  -2.557  45.160 0.1250000000
99654  9.445  -1.729  44.117 0.1250000000
94054  5.417  -5.934  44.909 0.2500000000
99653  10.106  -1.809  43.543 0.1250000000
100574  9.801  -0.846  43.242 0.1250000000
94063  5.606  -5.406  44.291 0.3750000000
100586  10.299  -0.671  42.746 0.1250000000
94062  6.239  -6.288  43.955 0.3750000000
100599  11.639  -0.590  41.659 0.1250000000
101462  10.920  0.118  42.205 0.1250000000
94069  6.570  -5.533  43.259 0.3750000000
101474  12.186  0.326  41.233 0.1250000000
94068  7.085  -6.376  42.918 0.3750000000
102327  12.867  1.432  40.583 0.1250000000
95290  7.100  -5.009  41.270 0.3750000000
103250  13.639  2.148  40.011 0.1250000000
98601  7.634  -2.364  48.852 0.1250000000
99628  7.355  -1.788  48.806 0.1250000000
97493  6.134  -3.184  48.474 0.2500000000
96380  5.101  -4.045  47.457 0.2500000000
98604  8.178  -2.404  48.194 0.1250000000
95241  4.757  -4.530  47.221 0.2500000000
99640  8.552  -1.623  46.494 0.1250000000
95263  4.692  -4.577  46.101 0.2500000000
99639  8.890  -2.042  45.939 0.1250000000
99643  9.021  -1.784  44.964 0.1250000000
96404  4.815  -3.875  45.464 0.2500000000
100575  9.219  -0.872  43.802 0.1250000000
96412  4.740  -3.920  44.615 0.2500000000
95268  5.265  -4.987  44.703 0.2500000000
97549  4.677  -3.141  43.494 0.2500000000
95276  5.330  -4.807  44.140 0.2500000000
95275  5.831  -5.048  43.654 0.2500000000
101475  11.503  0.435  41.721 0.1250000000
101463  10.507  0.302  42.814 0.1250000000
102311  12.273  1.321  41.146 0.1250000000
103239  13.163  2.465  40.694 0.1250000000
103238  13.706  3.035  40.392 0.1250000000
99629  6.949  -1.307  48.692 0.1250000000
99630  6.162  -1.305  48.223 0.1250000000
97500  5.659  -3.085  47.653 0.2500000000
100560  7.831  -0.258  47.568 0.1250000000
99632  7.669  -1.341  48.297 0.1250000000
96390  5.212  -3.524  47.158 0.2500000000
100568  8.278  -0.735  45.454 0.1250000000
96391  4.953  -3.907  46.605 0.2500000000
101449  8.670  0.110  44.329 0.1250000000
96403  4.956  -4.454  44.897 0.2500000000
101452  9.909  0.059  43.241 0.1250000000
96420  4.749  -4.074  44.172 0.2500000000
102290  10.616  1.041  43.283 0.1250000000
102298  11.435  1.229  42.310 0.1250000000
102297  12.017  1.597  41.875 0.1250000000
103216  11.515  1.760  42.899 0.1250000000
103240  12.562  1.882  40.895 0.1250000000
98606  5.558  -2.257  47.303 0.2500000000
101443  7.460  0.588  47.478 0.1250000000
100552  7.068  -0.360  48.607 0.1250000000
99631  5.585  -1.036  47.879 0.2500000000
97509  5.217  -3.021  46.907 0.2500000000
101446  7.585  0.867  46.742 0.1250000000
101445  7.707  0.413  46.050 0.1250000000
98609  5.073  -2.229  46.658 0.2500000000
98610  4.687  -2.201  45.938 0.2500000000
98614  4.426  -2.215  45.225 0.2500000000
101453  9.349  0.290  43.702 0.1250000000
98643  4.289  -2.612  44.065 0.2500000000
103209  10.264  1.782  43.735 0.1250000000
102291  9.863  0.989  43.583 0.1250000000
99656  4.409  -1.931  43.835 0.2500000000
103208  11.243  2.080  43.514 0.1250000000
103207  12.069  2.705  43.935 0.1250000000
102289  11.190  1.374  42.981 0.1250000000
103215  12.146  2.342  42.731 0.1250000000
100553  6.493  -0.485  48.562 0.1250000000
102280  7.404  1.568  46.965 0.1250000000
101436  6.726  0.051  48.567 0.1250000000
100554  5.752  -0.425  48.340 0.1250000000
100557  5.101  -0.415  47.617 0.2500000000
99635  5.358  -1.386  47.205 0.2500000000
99637  4.957  -1.407  46.484 0.2500000000
102283  7.564  1.548  46.196 0.1250000000
99638  4.665  -1.328  45.708 0.2500000000
102282  8.020  1.452  45.388 0.1250000000
99641  4.484  -1.453  44.902 0.2500000000
103203  9.499  2.209  44.251 0.1250000000
100576  4.768  -0.474  43.822 0.2500000000
99645  4.308  -1.745  44.288 0.2500000000
100588  5.478  -0.510  42.976 0.2500000000
99655  4.864  -1.564  43.454 0.2500000000
103190  6.758  2.384  47.685 0.1250000000
102277  6.585  1.437  48.052 0.1250000000
101439  6.964  0.560  48.253 0.1250000000
101437  6.257  0.432  48.468 0.1250000000
101438  5.444  0.406  48.248 0.2500000000
100558  4.855  0.095  47.275 0.2500000000
102276  6.985  1.463  47.550 0.1250000000
101441  4.948  0.555  47.718 0.1250000000
100562  4.835  -0.379  46.571 0.2500000000
103194  7.281  2.465  47.212 0.1250000000
101442  4.680  0.629  47.050 0.2500000000
101444  4.551  0.602  46.159 0.2500000000
100566  4.999  -0.283  45.243 0.2500000000
104217  7.825  3.257  46.197 0.1250000000
103196  7.865  2.486  45.723 0.1250000000
100565  5.178  0.029  44.787 0.2500000000
104216  8.590  3.464  45.698 0.1250000000
104225  9.271  3.038  44.993 0.1250000000
101451  4.672  0.564  44.162 0.2500000000
104215  9.625  3.789  45.401 0.1250000000
104224  10.023  3.260  44.687 0.1250000000
101465  5.687  0.671  43.077 0.2500000000
101454  5.120  0.535  43.576 0.2500000000
103201  11.454  2.962  44.284 0.1250000000
102300  6.064  1.485  42.801 0.2500000000
103191  6.191  2.165  48.244 0.1250000000
103188  6.001  1.557  48.422 0.1250000000
102278  5.312  1.231  48.114 0.1250000000
102279  4.838  1.425  47.568 0.2500000000
102281  4.443  1.501  46.808 0.2500000000
102285  4.463  1.538  45.917 0.2500000000
102284  4.880  1.467  45.224 0.2500000000
105283  10.877  4.180  45.182 0.1250000000
102292  4.796  1.516  43.910 0.2500000000
105282  11.288  4.021  45.015 0.1250000000
103219  5.749  2.466  43.112 0.2500000000
102301  5.446  1.513  43.405 0.2500000000
103218  6.491  2.481  42.452 0.2500000000
104201  6.680  3.346  47.900 0.1250000000
103192  5.320  2.226  48.047 0.2500000000
104200  7.314  3.381  47.568 0.1250000000
105246  7.502  4.549  48.051 0.1250000000
104202  5.933  3.261  48.017 0.2500000000
103193  4.658  2.387  47.363 0.2500000000
105260  8.417  4.646  47.040 0.1250000000
103195  4.350  2.459  46.518 0.2500000000
105274  8.607  4.073  46.325 0.1250000000
103205  4.872  2.478  44.596 0.2500000000
103211  5.193  2.467  43.755 0.2500000000
104237  5.386  3.421  43.443 0.2500000000
104236  5.866  3.433  42.790 0.2500000000
105295  6.030  4.397  42.664 0.2500000000
105239  6.917  4.753  48.546 0.1250000000
105248  5.746  4.309  47.900 0.2500000000
104203  5.145  3.300  47.676 0.2500000000
104209  4.470  3.371  47.111 0.2500000000
106371  9.045  5.787  47.014 0.1250000000
104218  4.369  3.451  46.246 0.2500000000
103199  4.596  2.495  45.502 0.2500000000
104227  4.559  3.579  45.453 0.2500000000
105259  9.539  5.066  46.384 0.1250000000
105258  10.080  5.111  46.206 0.1250000000
104226  4.754  3.526  44.794 0.2500000000
105291  4.607  4.820  44.341 0.2500000000
106382  10.578  5.143  46.076 0.1250000000
104231  5.040  3.411  44.143 0.2500000000
105284  4.771  4.134  44.409 0.2500000000
106380  11.838  5.220  45.966 0.1250000000
104213  12.131  4.261  45.295 0.1250000000
106401  4.969  5.027  43.246 0.2500000000
106402  4.581  5.525  43.810 0.2500000000
105257  13.183  4.976  46.365 0.1250000000
107462  4.877  5.757  43.096 0.2500000000
106413  6.245  5.424  42.456 0.2500000000
105240  6.335  4.804  48.369 0.1250000000
105249  4.947  4.211  47.425 0.2500000000
106353  8.322  5.493  47.679 0.1250000000
106356  5.348  5.041  47.603 0.2500000000
105262  4.525  4.295  46.803 0.2500000000
105275  4.538  4.436  45.997 0.2500000000
107446  10.990  6.540  46.360 0.1250000000
106370  10.340  5.579  46.298 0.1250000000
106383  4.467  5.461  45.723 0.2500000000
106369  11.514  5.879  46.166 0.1250000000
106391  4.453  5.570  44.770 0.2500000000
106368  12.639  5.671  46.508 0.1250000000
105256  13.939  4.856  46.443 0.1250000000
107463  4.679  6.636  43.429 0.2500000000
107468  4.907  7.047  43.005 0.2500000000
108483  4.708  7.588  43.279 0.2500000000
107467  5.350  6.433  42.693 0.2500000000
106342  7.215  5.004  48.653 0.2500000000
106343  6.582  5.394  48.825 0.1250000000
106344  5.846  5.257  48.273 0.2500000000
107448  9.318  6.610  47.194 0.1250000000
106352  8.711  5.893  47.456 0.1250000000
106355  6.795  6.096  48.831 0.2500000000
106357  4.925  4.856  47.124 0.2500000000
106374  4.746  5.276  46.620 0.2500000000
108435  11.457  7.171  46.350 0.1250000000
107450  4.584  6.411  46.463 0.2500000000
107427  12.914  6.320  46.994 0.1250000000
107445  12.137  6.586  46.588 0.1250000000
106351  13.226  5.912  47.197 0.1250000000
97892  53.909  -3.919  12.136 0.3750000000
98969  54.018  -2.935  11.158 0.3750000000
63870  31.011  -32.774  39.665 0.8750000000
67110  30.436  -30.774  39.447 1.0000000000
66025  30.599  -31.488  39.540 1.0000000000
66026  30.128  -31.704  39.399 1.0000000000
69289  31.392  -29.024  39.526 1.0000000000
67108  31.391  -30.414  39.580 1.0000000000
69290  31.036  -29.197  39.566 1.0000000000
68212  30.553  -29.315  39.323 1.0000000000
69301  30.469  -28.955  39.199 1.0000000000
68213  30.243  -29.757  39.143 1.0000000000
70399  31.270  -27.892  39.447 1.0000000000
70412  30.434  -27.650  38.958 1.0000000000
67136  29.862  -30.515  38.948 1.0000000000
68245  29.739  -29.081  38.151 1.0000000000
55619  23.060  -40.923  40.617 0.7500000000
70397  32.675  -27.532  39.493 0.8750000000
71530  30.341  -26.794  38.819 1.0000000000
72665  30.497  -25.462  38.704 1.0000000000
72666  30.215  -25.699  38.233 1.0000000000
70428  29.711  -27.098  37.363 1.0000000000
71561  29.273  -26.544  35.900 1.0000000000
72678  29.442  -25.956  36.193 1.0000000000
61609  18.371  -35.507  38.413 1.0000000000
67137  29.501  -31.084  38.525 1.0000000000
72649  31.223  -25.834  39.549 1.0000000000
73730  31.030  -25.298  39.338 1.0000000000
66060  18.377  -30.949  38.194 1.0000000000
73758  30.055  -24.629  37.118 1.0000000000
72677  29.728  -25.449  36.614 1.0000000000
72684  29.412  -25.427  35.533 1.0000000000
70396  11.001  -27.788  41.570 1.0000000000
61606  20.187  -35.484  37.961 1.0000000000
63920  18.547  -34.469  36.409 1.0000000000
65013  16.665  -32.454  36.046 1.0000000000
63949  17.639  -33.124  34.352 1.0000000000
73773  29.695  -24.333  35.637 1.0000000000
65037  16.844  -32.277  34.666 1.0000000000
73818  27.555  -24.217  31.661 0.8750000000
71524  11.963  -27.159  40.916 1.0000000000
61597  20.674  -35.944  38.718 1.0000000000
74859  32.105  -23.950  39.495 1.0000000000
74879  31.070  -23.982  38.299 1.0000000000
76094  30.332  -23.279  36.929 1.0000000000
74920  29.925  -23.536  35.962 1.0000000000
74857  33.531  -23.466  39.777 1.0000000000
74921  29.505  -23.443  35.220 1.0000000000
76146  28.460  -22.563  33.377 1.0000000000
70406  11.550  -27.683  40.573 1.0000000000
68219  9.509  -29.576  40.021 0.8750000000
59205  21.975  -38.397  41.590 1.0000000000
76065  31.593  -22.784  38.696 1.0000000000
76078  31.246  -22.893  38.011 1.0000000000
76048  33.313  -22.585  39.701 1.0000000000
76106  30.443  -22.342  36.670 1.0000000000
77320  30.027  -21.745  35.718 1.0000000000
77321  29.492  -21.960  35.225 1.0000000000
77339  28.201  -22.037  33.045 1.0000000000
78518  28.720  -20.867  33.028 1.0000000000
78484  29.168  -21.197  34.227 1.0000000000
77348  27.837  -21.922  32.387 1.0000000000
73834  26.800  -24.488  30.569 0.8750000000
78537  27.769  -21.246  31.884 1.0000000000
77360  27.035  -22.618  30.808 0.8750000000
62898  4.759  -34.288  28.960 0.6250000000
64043  2.233  -33.679  25.164 0.3750000000
57998  24.595  -38.379  41.432 1.0000000000
72620  18.367  -25.977  44.771 0.8750000000
72607  18.252  -25.737  44.698 0.8750000000
59203  23.850  -37.927  41.558 1.0000000000
61540  23.927  -36.845  41.155 1.0000000000
61555  25.459  -35.849  40.780 1.0000000000
61556  24.651  -35.968  40.730 1.0000000000
62769  25.189  -35.689  40.584 1.0000000000
62781  24.937  -35.474  40.153 1.0000000000
68258  3.465  -29.736  38.362 0.8750000000
77270  31.946  -21.957  38.967 1.0000000000
77282  31.793  -21.813  38.337 1.0000000000
78465  31.101  -21.328  36.347 1.0000000000
78436  31.907  -21.419  37.824 1.0000000000
78483  29.776  -20.807  34.630 1.0000000000
79746  28.759  -20.497  32.493 1.0000000000
69407  27.450  -27.897  32.557 1.0000000000
77374  27.138  -21.642  30.372 0.8750000000
79780  27.529  -20.266  29.593 0.8750000000
78567  26.938  -20.993  29.588 0.8750000000
78582  26.332  -20.583  28.223 0.8750000000
62882  5.654  -33.687  29.896 0.8750000000
71556  13.316  -26.228  37.495 1.0000000000
65004  25.734  -33.172  37.022 1.0000000000
65018  24.838  -32.589  35.037 1.0000000000
78404  33.668  -21.085  39.524 1.0000000000
78422  32.679  -20.736  38.854 1.0000000000
66090  23.452  -32.241  33.876 1.0000000000
79633  34.916  -20.277  39.697 0.8750000000
78435  32.307  -20.936  38.018 1.0000000000
79675  32.273  -20.584  37.092 1.0000000000
78464  31.482  -20.741  35.965 1.0000000000
79697  30.854  -20.446  34.883 1.0000000000
79712  30.552  -20.245  34.305 1.0000000000
71632  26.050  -26.271  30.425 0.8750000000
79755  29.385  -19.679  31.493 1.0000000000
76220  24.658  -22.568  26.948 0.8750000000
80951  28.229  -19.085  27.547 0.8750000000
74847  16.363  -23.996  42.116 0.8750000000
73768  13.817  -24.382  36.360 0.8750000000
71564  13.277  -26.156  36.628 0.8750000000
69365  11.273  -28.259  36.131 1.0000000000
60353  26.581  -36.375  40.599 1.0000000000
69386  6.035  -28.052  34.721 0.8750000000
79649  34.569  -19.838  39.357 1.0000000000
79664  32.964  -20.250  38.272 1.0000000000
79684  32.698  -19.686  36.293 1.0000000000
66111  23.224  -31.567  32.902 1.0000000000
78419  35.476  -20.643  39.599 0.8750000000
79711  31.295  -19.551  33.861 1.0000000000
78417  36.220  -20.468  38.790 0.8750000000
79647  36.205  -19.775  39.101 0.8750000000
80813  36.576  -19.044  38.528 0.8750000000
77293  35.882  -21.221  37.828 0.7500000000
71642  25.512  -26.277  29.828 0.8750000000
80925  29.703  -18.770  29.560 1.0000000000
80949  29.365  -18.596  28.165 1.0000000000
66162  5.419  -31.737  27.818 1.0000000000
79833  25.709  -19.333  24.668 0.7500000000
78458  12.480  -20.747  37.330 0.8750000000
72690  10.277  -25.827  35.005 0.8750000000
67245  21.315  -30.157  29.512 1.0000000000
66089  24.139  -32.065  33.997 1.0000000000
66088  24.865  -31.781  34.286 1.0000000000
67190  23.679  -31.335  32.909 1.0000000000
68393  19.652  -29.302  28.230 1.0000000000
69452  18.610  -28.453  28.884 1.0000000000
80830  33.902  -19.381  38.240 1.0000000000
66065  27.590  -31.361  36.647 1.0000000000
80829  34.673  -18.631  38.093 1.0000000000
79695  32.721  -19.314  35.421 1.0000000000
79683  33.301  -19.170  35.937 1.0000000000
80865  32.985  -18.785  35.032 1.0000000000
68324  27.001  -29.483  33.274 1.0000000000
80898  31.702  -18.966  32.321 1.0000000000
70494  25.996  -27.106  30.771 0.8750000000
80899  31.153  -19.020  31.915 1.0000000000
80914  30.561  -18.914  30.482 1.0000000000
78463  35.978  -20.621  36.619 0.7500000000
78462  36.474  -20.142  36.803 0.7500000000
82147  29.004  -18.253  26.761 0.7500000000
76221  24.179  -22.597  26.206 0.8750000000
78456  14.401  -20.956  37.233 0.8750000000
73698  18.290  -24.928  44.509 0.8750000000
78468  14.026  -21.303  36.696 0.8750000000
72749  18.549  -25.549  30.123 0.8750000000
76154  19.474  -22.811  32.401 0.8750000000
72761  18.653  -25.481  29.111 0.8750000000
72735  19.148  -25.379  31.714 0.8750000000
68392  20.633  -29.673  28.334 1.0000000000
68391  21.433  -29.581  28.597 1.0000000000
67159  27.007  -31.201  35.823 1.0000000000
81988  35.454  -18.105  38.056 1.0000000000
80852  34.337  -18.209  36.145 1.0000000000
80839  34.377  -18.337  37.074 1.0000000000
80853  33.697  -18.707  36.480 1.0000000000
82050  33.089  -18.426  33.945 1.0000000000
80863  34.266  -18.049  35.623 1.0000000000
80896  32.937  -18.417  32.959 1.0000000000
67187  26.441  -30.030  33.275 1.0000000000
68336  26.658  -29.176  32.632 1.0000000000
67199  25.418  -29.810  32.295 1.0000000000
81987  35.837  -18.011  38.304 1.0000000000
82040  33.946  -18.094  34.560 1.0000000000
81976  36.527  -18.633  38.277 0.8750000000
82070  31.740  -18.473  30.694 1.0000000000
80905  32.212  -18.587  31.854 0.8750000000
70521  25.281  -26.907  29.743 0.8750000000
73882  24.078  -24.701  27.156 0.8750000000
79693  35.633  -20.322  35.650 0.7500000000
79692  36.147  -19.850  35.923 0.7500000000
78603  23.935  -20.981  25.536 0.7500000000
77299  15.480  -21.576  37.741 0.8750000000
79669  13.531  -19.806  38.597 0.8750000000
72604  19.679  -25.844  45.458 0.8750000000
78467  19.952  -20.591  36.091 0.7500000000
76109  20.800  -22.326  36.046 1.0000000000
73770  9.030  -24.137  36.150 0.8750000000
78485  20.334  -21.671  34.688 0.7500000000
73771  8.635  -23.850  36.131 0.8750000000
78520  19.472  -21.209  33.076 0.7500000000
77330  20.536  -22.080  34.994 0.8750000000
74928  8.278  -23.490  35.974 0.8750000000
76139  19.833  -22.645  34.121 0.8750000000
74935  20.051  -23.252  34.396 0.8750000000
64977  28.040  -33.463  39.315 1.0000000000
76170  18.796  -22.901  30.342 0.8750000000
73806  19.883  -24.194  33.346 0.8750000000
66066  26.911  -31.601  36.294 1.0000000000
67230  22.897  -30.302  30.362 1.0000000000
69465  19.283  -28.329  27.907 1.0000000000
70535  18.780  -27.557  28.276 1.0000000000
69451  21.906  -29.391  28.764 1.0000000000
68364  22.528  -30.007  29.778 1.0000000000
69481  19.730  -28.276  27.513 1.0000000000
68405  20.501  -29.079  27.771 1.0000000000
71661  19.356  -26.401  27.103 1.0000000000
71662  18.880  -25.916  27.590 1.0000000000
66074  25.974  -31.824  35.358 1.0000000000
69420  25.091  -28.856  30.694 1.0000000000
68361  24.622  -29.146  30.651 1.0000000000
83245  36.432  -17.276  36.848 1.0000000000
83224  36.508  -17.766  37.600 0.8750000000
83225  36.143  -17.683  37.941 0.8750000000
82061  32.751  -18.248  31.869 1.0000000000
82060  33.326  -18.087  32.508 0.8750000000
70508  25.174  -27.822  29.963 0.8750000000
70532  23.682  -27.585  28.366 1.0000000000
83223  37.234  -17.637  37.275 0.8750000000
83233  37.720  -17.079  36.847 1.0000000000
80826  37.396  -18.296  37.417 0.8750000000
82068  33.359  -17.831  31.280 0.8750000000
72775  23.906  -26.170  27.721 0.8750000000
81984  37.368  -17.936  37.359 1.0000000000
83353  33.897  -17.409  30.442 0.8750000000
82111  32.671  -17.478  27.924 0.8750000000
73907  23.259  -24.101  25.879 0.8750000000
77474  23.038  -21.650  24.519 0.7500000000
83427  29.411  -17.204  23.902 0.5000000000
83426  30.292  -17.125  23.976 0.5000000000
77259  18.270  -21.625  40.196 0.8750000000
78428  15.674  -20.120  39.000 0.8750000000
79659  12.946  -19.580  39.210 0.8750000000
78430  11.452  -20.165  39.384 0.8750000000
71468  19.999  -26.360  44.473 0.7500000000
78431  10.489  -20.599  39.820 0.8750000000
71482  20.435  -26.608  43.535 0.8750000000
79686  19.380  -20.082  36.254 0.6250000000
79715  19.025  -19.680  34.908 0.6250000000
76070  7.764  -22.533  38.786 0.8750000000
74934  20.483  -23.645  34.937 0.8750000000
79757  19.305  -20.516  31.609 0.6250000000
74942  20.034  -23.908  34.231 0.8750000000
77376  19.223  -21.918  30.611 0.7500000000
78555  19.417  -21.184  31.280 0.6250000000
73796  19.831  -25.043  33.437 0.8750000000
76183  18.706  -22.898  29.433 0.8750000000
77394  18.920  -22.258  30.085 0.8750000000
73867  18.733  -24.510  28.812 0.8750000000
76196  18.742  -22.523  28.523 0.7500000000
73883  18.617  -24.320  27.880 0.8750000000
67215  24.415  -29.781  31.343 1.0000000000
72776  18.542  -25.280  28.179 0.8750000000
68378  22.863  -29.423  29.425 1.0000000000
68362  23.910  -29.375  30.361 1.0000000000
69464  21.869  -29.117  28.295 1.0000000000
69479  21.439  -28.556  27.617 1.0000000000
70546  19.613  -27.551  27.272 1.0000000000
72794  19.163  -25.600  26.939 0.8750000000
72817  18.992  -25.056  26.805 0.8750000000
68351  24.334  -29.568  30.942 1.0000000000
69463  22.617  -28.454  28.118 1.0000000000
70559  20.579  -27.012  26.488 1.0000000000
69480  20.314  -28.385  27.393 1.0000000000
70560  19.879  -26.631  26.662 1.0000000000
71676  19.692  -25.915  26.540 0.8750000000
72815  19.989  -25.575  26.092 0.8750000000
75018  19.202  -23.878  25.911 0.8750000000
82047  35.307  -17.276  34.439 1.0000000000
69449  23.532  -28.507  29.136 1.0000000000
69478  22.169  -28.114  27.603 1.0000000000
70543  22.756  -27.613  27.487 0.8750000000
69462  23.275  -28.153  28.380 1.0000000000
71686  21.199  -25.766  25.717 0.8750000000
70557  22.330  -27.246  26.829 1.0000000000
71673  22.279  -26.541  26.433 1.0000000000
73910  20.885  -24.749  25.045 0.8750000000
75042  19.469  -23.134  24.673 0.7500000000
83280  36.509  -16.965  34.863 1.0000000000
83294  35.076  -17.163  33.111 0.8750000000
82048  34.709  -17.578  33.850 1.0000000000
71660  22.919  -26.697  26.955 0.8750000000
72814  21.651  -25.730  25.797 0.8750000000
72833  22.093  -24.923  25.526 0.8750000000
72793  22.782  -26.078  26.643 0.8750000000
73920  20.522  -23.995  24.770 0.8750000000
73919  21.210  -24.105  24.784 0.8750000000
82011  38.552  -18.053  36.717 0.8750000000
73908  22.556  -24.387  25.564 0.8750000000
75029  21.630  -23.876  24.742 0.8750000000
75028  22.237  -23.513  24.845 0.8750000000
79680  37.841  -19.037  35.922 0.7500000000
80862  38.647  -18.812  35.703 0.8750000000
83328  35.553  -17.027  31.923 0.8750000000
76256  22.440  -22.448  24.570 0.7500000000
75039  21.907  -22.930  24.476 0.8750000000
83384  35.078  -17.073  29.560 0.8750000000
83371  33.759  -17.306  29.420 0.8750000000
77475  22.179  -21.519  24.009 0.7500000000
78616  22.961  -21.012  24.135 0.7500000000
83398  33.036  -17.007  27.356 0.8750000000
83407  31.805  -17.184  26.015 1.0000000000
83413  33.026  -16.499  26.137 0.8750000000
83423  32.903  -16.691  25.215 0.8750000000
83441  31.907  -16.629  23.997 0.6250000000
83461  30.219  -16.122  22.829 0.5000000000
84690  28.645  -16.003  22.883 0.5000000000
84688  30.986  -15.977  22.798 0.5000000000
84711  28.483  -15.246  22.321 0.5000000000
78394  17.879  -20.204  41.487 0.8750000000
79639  15.767  -19.640  40.596 0.8750000000
79628  14.250  -19.485  41.187 0.8750000000
77275  10.000  -20.942  39.647 0.8750000000
80842  19.056  -19.268  37.814 0.6250000000
77260  9.017  -21.224  41.299 0.8750000000
83265  17.315  -16.642  35.092 0.6250000000
79758  18.953  -19.759  31.930 0.6250000000
78556  19.176  -20.973  30.602 0.6250000000
78568  18.719  -20.823  29.965 0.6250000000
77410  18.821  -21.540  28.317 0.7500000000
76222  18.618  -22.299  26.879 0.7500000000
76236  18.697  -22.323  25.882 0.7500000000
76260  18.955  -22.363  24.846 0.6250000000
77477  20.066  -21.853  23.826 0.5000000000
75041  20.234  -23.208  24.484 0.8750000000
75040  21.251  -23.313  24.535 0.8750000000
83308  35.706  -16.988  32.749 0.8750000000
77500  21.292  -21.360  23.499 0.7500000000
72855  2.932  -25.507  24.663 0.6250000000
82009  39.696  -17.128  35.746 1.0000000000
83259  40.185  -16.590  34.886 1.0000000000
80860  39.982  -18.205  34.910 1.0000000000
80861  39.376  -18.490  35.322 0.8750000000
84655  33.713  -16.396  26.114 0.8750000000
79706  39.201  -18.617  33.864 0.7500000000
80876  39.574  -18.480  34.408 1.0000000000
79724  39.577  -18.862  33.138 0.7500000000
79726  37.845  -18.974  33.233 0.5000000000
79725  38.809  -18.848  33.274 0.6250000000
84671  33.078  -16.511  24.604 0.7500000000
78512  38.288  -19.573  32.296 0.3750000000
78494  39.908  -19.151  32.526 0.6250000000
78496  38.537  -19.094  32.805 0.3750000000
84687  31.809  -16.127  23.078 0.5000000000
85842  27.007  -14.265  22.093 0.5000000000
77368  37.477  -20.026  30.250 0.3750000000
84709  30.599  -15.567  22.277 0.5000000000
85840  29.216  -14.667  21.837 0.5000000000
78392  19.279  -21.115  41.256 0.8750000000
72632  21.887  -26.066  43.729 0.7500000000
78380  18.368  -20.318  42.146 0.8750000000
79637  17.330  -19.922  41.216 0.8750000000
78399  9.680  -20.818  42.068 0.8750000000
77262  7.354  -22.093  40.168 0.8750000000
76072  6.202  -22.688  39.146 0.8750000000
76087  6.653  -23.095  38.476 0.8750000000
74903  6.108  -23.285  37.436 0.8750000000
80917  17.661  -18.235  30.792 0.3750000000
79782  18.639  -19.889  29.551 0.6250000000
79805  18.568  -19.670  27.408 0.7500000000
79836  18.641  -19.497  24.263 0.6250000000
83291  37.362  -16.312  33.516 0.8750000000
77501  20.334  -21.285  23.557 0.5000000000
84502  38.637  -16.200  33.357 0.8750000000
84521  37.400  -16.229  32.887 0.8750000000
83292  36.790  -16.572  33.786 0.8750000000
78633  20.582  -20.583  23.105 0.6250000000
75049  3.017  -23.328  24.833 0.6250000000
84487  39.298  -16.329  34.462 0.8750000000
85687  38.944  -16.290  32.915 0.8750000000
84520  38.125  -16.178  32.639 0.8750000000
84541  36.457  -16.691  31.573 0.8750000000
79845  21.608  -19.682  22.792 0.6250000000
82024  41.033  -17.576  34.357 1.0000000000
83258  40.736  -16.993  34.395 1.0000000000
83290  39.991  -16.556  33.705 0.8750000000
83277  39.746  -16.473  34.284 1.0000000000
84519  39.321  -16.372  32.682 0.8750000000
85698  39.066  -16.397  32.402 0.8750000000
84539  38.188  -16.254  31.608 0.8750000000
84557  37.278  -16.356  30.657 0.8750000000
84559  35.633  -16.827  30.531 0.8750000000
84558  36.272  -16.689  30.834 0.8750000000
80871  42.716  -18.295  32.682 1.0000000000
80873  41.673  -18.658  33.610 1.0000000000
82023  41.777  -17.683  33.804 1.0000000000
80874  40.963  -18.710  33.985 1.0000000000
84578  37.358  -16.321  29.547 0.8750000000
83383  37.094  -16.386  28.360 0.8750000000
84598  35.358  -16.888  28.746 0.8750000000
79722  40.998  -19.399  33.035 0.8750000000
79704  40.602  -18.965  33.549 1.0000000000
83394  37.253  -16.361  28.170 0.8750000000
84616  36.388  -16.378  27.474 0.8750000000
79701  42.705  -18.746  32.583 1.0000000000
84653  35.804  -16.325  25.662 0.8750000000
85841  28.146  -14.293  21.832 0.5000000000
86935  25.334  -13.392  22.851 0.3750000000
84714  25.528  -15.269  22.421 0.5000000000
84668  36.115  -16.033  24.714 0.8750000000
84667  37.119  -15.951  24.455 0.7500000000
84727  33.277  -15.252  21.827 0.6250000000
85834  35.523  -14.821  22.427 0.6250000000
84705  35.047  -15.483  22.979 0.6250000000
85837  32.099  -15.069  21.805 0.6250000000
85856  30.964  -14.160  21.497 0.5000000000
85857  29.993  -13.999  21.459 0.5000000000
86950  30.776  -13.274  21.539 0.5000000000
85854  32.897  -14.664  21.452 0.6250000000
72617  22.655  -24.905  44.191 0.7500000000
77245  20.301  -21.876  42.159 0.8750000000
77237  8.923  -21.448  43.144 0.8750000000
76042  6.608  -22.353  40.650 0.8750000000
76088  5.617  -23.054  38.303 0.8750000000
85742  17.330  -14.728  29.370 0.1250000000
87939  18.319  -12.808  28.313 0.1250000000
82083  17.068  -17.176  30.242 0.5000000000
86865  17.966  -13.461  28.062 0.1250000000
82098  17.469  -17.214  29.072 0.3750000000
82115  17.500  -17.237  28.023 0.3750000000
83400  17.544  -16.358  27.488 0.1250000000
83409  17.792  -16.351  26.398 0.2500000000
80968  18.296  -18.742  26.955 0.5000000000
80984  17.891  -17.759  25.949 0.5000000000
80999  18.404  -18.602  24.746 0.5000000000
81011  18.840  -18.677  23.720 0.6250000000
79847  19.385  -19.502  23.283 0.5000000000
81021  20.603  -18.465  22.514 0.5000000000
79863  19.634  -19.027  22.886 0.5000000000
82211  20.175  -17.828  22.665 0.5000000000
76266  3.375  -22.397  25.099 0.6250000000
77485  2.960  -22.033  25.126 0.6250000000
73912  2.275  -24.281  25.737 0.7500000000
82066  43.268  -16.703  31.733 1.0000000000
83304  41.577  -16.585  32.341 1.0000000000
83323  42.296  -16.666  31.412 1.0000000000
84500  40.119  -16.343  32.801 0.8750000000
83325  40.379  -16.623  31.457 0.8750000000
85711  39.509  -16.597  31.952 0.8750000000
81020  21.459  -18.369  22.390 0.5000000000
83366  40.908  -16.699  29.547 0.8750000000
83348  40.092  -16.720  30.457 0.8750000000
83368  39.366  -16.450  29.512 0.8750000000
84576  38.886  -16.311  29.072 0.8750000000
82056  43.724  -17.267  31.709 1.0000000000
84592  40.980  -16.247  28.125 0.8750000000
89133  27.364  -11.632  24.161 0.2500000000
88040  26.018  -12.710  22.852 0.3750000000
86921  25.083  -13.269  23.234 0.3750000000
87994  26.111  -11.953  24.202 0.3750000000
79719  43.414  -19.126  32.286 0.8750000000
78507  42.828  -19.776  31.721 0.6250000000
84631  39.678  -16.013  26.094 0.8750000000
84632  38.617  -16.181  26.241 0.8750000000
78526  42.599  -19.868  31.211 0.6250000000
84703  36.796  -14.965  22.819 0.6250000000
88064  30.625  -12.454  21.818 0.6250000000
88065  29.700  -12.282  21.911 0.5000000000
88037  29.521  -11.713  22.532 0.5000000000
77365  39.567  -20.420  29.517 0.3750000000
85820  38.449  -14.758  23.432 0.7500000000
85833  36.370  -14.470  22.427 0.5000000000
85851  35.744  -14.204  22.116 0.5000000000
86946  34.765  -13.657  21.588 0.5000000000
88034  32.126  -12.054  22.054 0.5000000000
88063  31.533  -12.598  21.769 0.5000000000
74821  21.430  -23.740  44.260 0.7500000000
74841  21.206  -23.033  43.429 0.7500000000
76029  21.192  -22.597  43.061 0.7500000000
77234  21.386  -22.082  43.482 0.7500000000
77235  20.868  -21.660  42.733 0.7500000000
79612  18.750  -20.003  42.833 0.8750000000
79604  17.429  -19.773  43.361 0.8750000000
72652  22.529  -25.454  39.976 1.0000000000
78363  18.650  -20.212  44.178 0.8750000000
77240  6.296  -22.276  42.358 0.8750000000
76032  6.489  -22.324  41.596 0.8750000000
76074  4.517  -22.331  39.754 0.8750000000
86825  17.452  -13.618  31.818 0.1250000000
84471  17.493  -15.720  36.519 0.3750000000
83228  17.707  -16.520  37.695 0.3750000000
81989  18.297  -17.353  38.645 0.3750000000
87922  22.954  -12.967  30.009 0.1250000000
87937  20.034  -12.037  28.161 0.1250000000
76133  4.112  -22.436  36.356 0.8750000000
88990  24.765  -11.910  32.301 0.1250000000
86815  23.913  -13.699  32.288 0.1250000000
87909  23.468  -12.920  31.025 0.1250000000
87955  19.558  -12.683  27.696 0.1250000000
85692  24.766  -14.359  33.271 0.1250000000
86837  23.016  -13.787  30.381 0.1250000000
87935  21.717  -12.697  28.908 0.1250000000
86883  18.251  -13.795  27.417 0.1250000000
77323  4.126  -22.288  35.495 0.8750000000
85703  23.675  -14.228  31.979 0.1250000000
87898  23.900  -12.895  31.871 0.1250000000
85716  23.502  -14.148  31.393 0.1250000000
86863  21.160  -13.233  27.949 0.1250000000
85783  18.066  -15.173  26.657 0.1250000000
84523  24.319  -14.715  32.288 0.1250000000
86879  21.539  -13.847  27.984 0.2500000000
86795  29.225  -12.655  35.080 0.1250000000
86788  27.773  -13.613  35.239 0.1250000000
86797  27.785  -13.460  34.693 0.1250000000
85701  25.651  -14.646  32.462 0.1250000000
86893  19.847  -13.841  26.697 0.2500000000
86806  26.889  -13.595  33.175 0.1250000000
85714  25.868  -13.951  31.156 0.1250000000
84659  19.256  -15.572  25.143 0.2500000000
83416  18.198  -16.428  25.580 0.2500000000
84642  18.261  -15.667  26.048 0.2500000000
87876  29.386  -11.957  33.579 0.1250000000
86811  27.979  -12.773  33.277 0.1250000000
84676  19.119  -16.024  24.891 0.2500000000
87866  30.571  -12.013  34.795 0.1250000000
87877  28.623  -12.352  33.352 0.1250000000
87886  27.790  -12.558  31.911 0.1250000000
87885  28.353  -12.332  32.430 0.1250000000
87896  27.700  -12.574  31.190 0.1250000000
83451  18.970  -17.406  23.740 0.3750000000
87883  30.026  -11.660  32.789 0.1250000000
87894  29.130  -11.818  31.660 0.1250000000
87906  28.362  -12.164  30.539 0.1250000000
87905  29.285  -11.870  30.664 0.1250000000
87919  27.385  -12.223  29.482 0.2500000000
83430  19.771  -16.215  23.923 0.3750000000
82197  19.332  -17.936  23.234 0.5000000000
88980  30.608  -11.373  32.069 0.1250000000
87904  29.852  -11.792  31.126 0.1250000000
89011  29.659  -11.702  29.131 0.2500000000
87918  28.222  -12.094  29.689 0.1250000000
87951  27.130  -12.155  27.783 0.2500000000
87934  26.410  -12.352  28.455 0.2500000000
78608  2.711  -20.549  25.585 0.6250000000
88998  29.760  -11.756  29.852 0.2500000000
89025  29.464  -11.743  28.298 0.2500000000
87949  28.727  -11.886  28.274 0.2500000000
87964  27.693  -12.019  27.248 0.2500000000
87950  28.068  -12.004  27.880 0.2500000000
87966  26.205  -12.286  26.581 0.3750000000
83448  20.951  -16.255  23.153 0.3750000000
89009  31.183  -11.440  29.589 0.1250000000
89046  30.068  -11.602  27.537 0.3750000000
87978  25.890  -12.242  25.891 0.3750000000
86877  24.418  -13.593  27.583 0.2500000000
75020  2.359  -23.310  26.216 0.8750000000
83346  42.048  -16.752  30.638 1.0000000000
89082  27.440  -11.546  25.580 0.2500000000
89081  28.334  -11.466  25.670 0.2500000000
89067  26.341  -11.983  25.876 0.2500000000
87980  24.956  -12.846  24.893 0.3750000000
87995  25.661  -12.272  24.413 0.3750000000
86913  24.306  -13.250  24.466 0.3750000000
83322  43.205  -16.702  31.316 1.0000000000
83365  41.881  -16.598  29.788 0.8750000000
89080  29.288  -11.433  25.702 0.2500000000
89104  27.079  -11.601  24.803 0.2500000000
83321  44.004  -16.572  30.988 1.0000000000
84590  43.514  -15.223  27.988 0.8750000000
89100  30.774  -11.115  24.869 0.5000000000
89131  29.142  -11.154  24.052 0.3750000000
89102  28.782  -11.338  24.844 0.2500000000
79718  44.124  -18.808  32.109 0.8750000000
80895  43.954  -17.851  31.947 0.8750000000
84664  39.709  -14.991  24.594 0.7500000000
89155  32.385  -11.597  22.767 0.3750000000
78524  44.056  -19.648  31.158 0.6250000000
78489  43.713  -19.528  32.009 0.7500000000
85792  41.188  -14.645  25.040 0.7500000000
85776  42.202  -14.834  26.173 0.8750000000
85793  40.629  -14.837  24.895 0.7500000000
85817  40.532  -14.269  24.123 0.7500000000
85819  39.304  -14.355  23.496 0.7500000000
79762  43.536  -19.389  29.943 0.5000000000
88030  38.611  -12.579  22.361 0.6250000000
86930  37.919  -13.484  22.414 0.5000000000
86931  36.895  -13.568  22.105 0.5000000000
88058  35.967  -13.077  21.747 0.5000000000
89176  32.805  -11.841  22.138 0.3750000000
78572  42.131  -20.021  28.961 0.1250000000
78563  40.440  -20.440  29.105 0.1250000000
77400  38.941  -20.398  27.995 0.1250000000
87999  50.828  -12.853  23.216 0.7500000000
88000  50.510  -12.817  23.310 0.7500000000
88051  50.467  -12.127  20.970 0.8750000000
90240  50.614  -11.883  20.277 1.0000000000
89206  49.777  -11.482  18.613 0.7500000000
90246  50.500  -11.839  19.936 0.8750000000
90254  50.236  -11.877  19.500 0.8750000000
90253  50.420  -11.902  19.319 0.7500000000
76012  22.661  -22.479  44.646 0.7500000000
77227  8.226  -21.619  43.550 0.8750000000
78352  12.989  -20.370  44.640 0.8750000000
76016  6.177  -22.976  44.047 0.8750000000
90146  20.557  -10.433  28.808 0.1250000000
84601  22.611  -14.822  28.512 0.2500000000
85797  20.305  -14.892  25.485 0.2500000000
76166  5.600  -21.865  31.634 0.8750000000
86847  25.402  -13.627  29.613 0.1250000000
87865  31.640  -11.809  34.973 0.1250000000
85778  22.759  -14.909  26.420 0.2500000000
87864  32.515  -11.841  35.380 0.1250000000
88961  31.912  -11.477  34.111 0.1250000000
85794  23.154  -14.368  25.759 0.2500000000
84695  20.750  -15.894  23.733 0.3750000000
88986  32.978  -10.926  31.800 0.1250000000
88949  34.024  -11.779  35.653 0.1250000000
84672  21.730  -15.341  23.820 0.3750000000
90086  34.579  -10.613  33.294 0.1250000000
90077  34.954  -10.823  34.099 0.1250000000
88995  32.019  -11.033  30.734 0.1250000000
89021  32.714  -11.127  29.339 0.1250000000
89061  31.799  -11.202  26.945 0.3750000000
84552  43.734  -16.060  29.708 1.0000000000
84517  44.896  -16.493  30.777 1.0000000000
83320  44.566  -16.529  30.853 1.0000000000
85762  42.454  -14.840  26.823 0.8750000000
82054  45.011  -17.564  31.073 0.7500000000
80894  44.584  -18.249  31.768 0.7500000000
85760  43.855  -14.422  27.364 0.8750000000
83319  46.208  -16.543  30.203 0.8750000000
79750  45.150  -18.608  30.328 0.7500000000
78523  44.377  -19.301  31.224 0.7500000000
78541  44.383  -19.292  30.622 0.6250000000
86911  42.004  -13.499  24.779 0.6250000000
85805  41.461  -14.134  24.814 0.6250000000
86917  41.546  -13.278  24.217 0.5000000000
86918  40.849  -13.636  23.864 0.5000000000
86919  39.959  -13.590  23.271 0.5000000000
88010  39.930  -12.921  22.934 0.5000000000
79760  45.418  -18.679  29.543 0.7500000000
78559  44.415  -19.138  29.951 0.3750000000
79774  44.847  -18.863  29.387 0.6250000000
89148  39.363  -11.650  22.608 0.5000000000
90236  37.810  -11.071  22.740 0.3750000000
89151  36.435  -11.810  22.285 0.3750000000
78590  41.342  -20.060  26.290 0.1250000000
84662  51.133  -16.134  24.455 0.5000000000
89142  50.275  -12.422  22.172 0.8750000000
88077  48.964  -12.341  21.044 1.0000000000
89210  46.385  -11.917  18.259 0.8750000000
89221  46.674  -11.681  17.494 0.8750000000
89230  46.762  -11.465  16.735 0.8750000000
90271  45.251  -11.278  16.760 0.7500000000
91303  44.226  -10.256  16.819 0.7500000000
90288  46.720  -10.626  15.343 0.8750000000
91312  46.329  -9.880  15.158 0.7500000000
92272  44.428  -9.377  16.894 0.6250000000
92278  45.117  -9.422  16.224 0.6250000000
92277  46.038  -8.429  16.418 0.6250000000
92289  46.571  -9.269  15.023 0.6250000000
92297  47.802  -9.009  13.839 0.7500000000
92288  47.224  -8.839  14.456 0.6250000000
92283  46.715  -8.495  15.532 0.5000000000
89252  51.907  -11.961  13.459 0.8750000000
78328  21.437  -20.680  45.395 0.7500000000
79585  20.907  -20.151  45.671 0.7500000000
78322  12.282  -21.129  46.314 0.8750000000
76050  23.078  -23.222  40.936 1.0000000000
78331  17.904  -20.614  45.971 0.7500000000
80807  19.603  -18.183  40.364 0.5000000000
80801  19.718  -17.846  40.924 0.5000000000
79587  17.527  -20.594  45.880 0.7500000000
74824  5.058  -23.236  44.111 0.8750000000
83219  18.198  -16.448  39.114 0.3750000000
84463  17.918  -15.488  38.608 0.3750000000
86781  18.110  -13.642  36.557 0.2500000000
86774  18.418  -13.671  37.586 0.2500000000
78596  2.276  -20.440  26.707 0.7500000000
73872  4.061  -24.053  28.209 0.8750000000
90076  35.623  -10.708  34.626 0.1250000000
88957  35.414  -11.192  35.400 0.1250000000
90107  33.661  -10.919  31.099 0.1250000000
90116  33.463  -10.944  30.297 0.1250000000
90143  33.466  -11.016  29.001 0.1250000000
90115  34.267  -10.721  30.374 0.1250000000
90129  33.935  -10.836  29.610 0.1250000000
90163  34.539  -10.836  27.980 0.3750000000
90182  33.920  -10.817  27.465 0.3750000000
85735  45.300  -14.232  29.361 1.0000000000
85759  44.427  -14.147  27.756 1.0000000000
90140  36.159  -10.503  28.359 0.2500000000
84534  46.196  -15.712  30.160 0.8750000000
86874  44.414  -13.823  27.425 0.8750000000
86899  43.711  -13.458  26.277 0.8750000000
90212  34.474  -10.717  25.138 0.3750000000
87975  44.485  -12.287  26.586 0.7500000000
86900  43.146  -13.470  25.632 0.7500000000
88007  42.181  -12.262  24.114 0.5000000000
90227  36.372  -10.796  23.710 0.3750000000
90228  35.483  -10.823  23.995 0.3750000000
84549  46.962  -15.934  29.526 0.7500000000
89096  42.539  -11.564  24.298 0.5000000000
90221  41.662  -11.218  23.610 0.5000000000
89122  39.845  -11.115  22.931 0.3750000000
91275  40.659  -10.263  23.591 0.3750000000
90224  39.321  -10.629  23.151 0.3750000000
89123  37.048  -11.312  22.711 0.3750000000
90226  37.350  -10.755  23.413 0.3750000000
79772  46.060  -18.222  28.332 0.6250000000
79801  43.290  -19.017  27.959 0.1250000000
79785  46.271  -18.137  27.627 0.5000000000
79811  43.553  -18.720  27.510 0.1250000000
82170  50.353  -17.098  24.985 0.5000000000
82172  48.481  -16.799  24.766 0.5000000000
80963  46.522  -17.461  26.050 0.2500000000
80990  46.998  -17.268  25.054 0.2500000000
88078  48.354  -12.422  20.915 1.0000000000
91320  49.854  -9.585  12.994 0.8750000000
92287  47.895  -8.534  14.091 0.6250000000
93291  47.956  -8.010  14.620 0.5000000000
93255  47.376  -7.153  18.812 0.5000000000
92295  49.324  -8.589  13.337 0.8750000000
93306  48.751  -7.979  13.947 0.5000000000
90309  51.271  -10.526  12.647 0.8750000000
76002  24.014  -21.678  45.520 0.7500000000
77244  22.972  -21.845  41.709 1.0000000000
74839  24.142  -22.742  43.170 0.7500000000
78313  21.867  -20.413  46.009 0.7500000000
77204  22.208  -21.285  45.442 0.7500000000
78329  20.131  -20.335  45.599 0.7500000000
75999  6.933  -22.876  45.801 0.8750000000
74805  7.207  -23.210  46.981 0.8750000000
73721  23.434  -24.419  41.408 1.0000000000
74814  5.949  -23.143  45.229 0.8750000000
79623  21.011  -19.246  41.260 0.6250000000
73742  22.918  -24.837  39.919 1.0000000000
74837  4.559  -23.091  43.865 0.8750000000
80758  16.412  -19.008  46.456 0.6250000000
78416  3.833  -20.749  40.579 0.8750000000
88953  19.137  -11.626  36.190 0.1250000000
80883  3.297  -18.628  34.041 0.8750000000
87844  34.381  -12.148  37.071 0.1250000000
80958  2.816  -18.531  27.732 0.7500000000
76198  3.821  -22.674  29.115 0.8750000000
76199  3.021  -22.368  28.614 0.8750000000
90094  36.280  -10.003  32.864 0.1250000000
91202  36.528  -10.128  30.033 0.2500000000
91189  37.306  -10.004  30.466 0.2500000000
90138  37.738  -10.241  27.762 0.3750000000
90139  36.998  -10.411  28.009 0.3750000000
90160  37.063  -10.390  27.149 0.3750000000
90177  37.838  -10.020  26.055 0.3750000000
91269  38.588  -9.720  25.076 0.3750000000
90193  36.328  -10.540  25.598 0.3750000000
85708  46.702  -15.165  29.899 0.8750000000
89076  43.876  -11.526  25.518 0.7500000000
91251  43.133  -9.701  24.900 0.5000000000
91252  42.592  -9.185  24.872 0.3750000000
91267  39.996  -9.381  24.366 0.3750000000
90206  41.638  -10.170  23.939 0.3750000000
91253  39.649  -9.200  25.055 0.3750000000
92225  39.273  -9.067  26.092 0.3750000000
91268  39.145  -9.655  24.564 0.3750000000
90208  38.256  -10.243  24.289 0.3750000000
90191  37.920  -9.976  25.166 0.3750000000
90207  38.907  -10.152  23.821 0.3750000000
84568  47.363  -16.272  29.089 0.7500000000
80974  48.207  -17.134  25.683 0.3750000000
86909  49.825  -13.772  24.230 1.0000000000
84646  50.618  -15.278  24.888 0.7500000000
93269  49.187  -6.822  16.545 0.5000000000
77232  24.284  -21.355  43.528 0.7500000000
78343  24.505  -20.269  44.357 0.7500000000
77194  23.248  -21.014  46.182 0.7500000000
75990  10.620  -22.224  47.868 0.8750000000
77190  10.797  -22.022  47.225 0.8750000000
79573  21.816  -19.783  46.281 0.6250000000
79572  22.911  -19.665  46.400 0.7500000000
74807  5.087  -23.548  47.375 0.8750000000
74811  5.211  -23.702  46.232 0.8750000000
74825  4.609  -23.345  44.543 0.8750000000
74826  4.185  -23.288  44.750 0.8750000000
77241  4.173  -21.858  43.333 0.8750000000
81968  19.914  -17.320  41.316 0.6250000000
83211  19.626  -16.377  41.107 0.5000000000
83214  19.086  -16.339  40.495 0.5000000000
84459  18.718  -15.520  40.232 0.2500000000
84461  18.296  -15.521  39.493 0.3750000000
78400  4.161  -20.788  41.438 0.8750000000
79644  4.476  -19.911  40.966 0.8750000000
82122  3.352  -17.819  28.832 0.7500000000
87929  45.676  -12.435  29.407 0.8750000000
87948  45.272  -12.478  28.231 0.8750000000
92197  39.185  -8.901  27.731 0.3750000000
91224  38.764  -9.379  27.206 0.3750000000
86830  46.830  -14.254  29.693 0.8750000000
91250  44.068  -9.752  25.615 0.6250000000
92223  41.058  -8.535  25.276 0.3750000000
85733  47.553  -15.183  28.969 0.7500000000
86842  47.315  -14.325  29.221 0.8750000000
83378  48.052  -16.315  27.980 0.7500000000
82108  47.704  -17.098  27.793 0.6250000000
82125  48.025  -16.623  26.937 0.7500000000
84626  49.563  -15.452  26.255 0.8750000000
92293  51.678  -8.072  12.933 0.7500000000
93277  50.159  -6.936  15.533 0.5000000000
79570  24.070  -19.713  45.763 0.6250000000
79582  23.678  -19.524  45.328 0.6250000000
78375  24.014  -21.104  43.245 0.8750000000
75982  11.555  -21.320  48.377 0.7500000000
74792  7.656  -23.107  48.794 0.7500000000
74800  6.954  -23.701  48.059 0.7500000000
75970  6.540  -22.517  50.345 0.7500000000
75979  6.379  -23.172  49.796 0.7500000000
77183  12.444  -20.855  48.050 0.7500000000
77184  12.016  -21.121  48.170 0.7500000000
81928  19.327  -18.051  45.177 0.6250000000
75994  4.370  -22.640  47.636 0.7500000000
80799  21.079  -18.501  41.838 0.6250000000
81930  17.433  -18.020  45.368 0.6250000000
77210  4.341  -22.261  46.266 0.7500000000
86752  18.758  -14.234  40.106 0.5000000000
79631  4.652  -20.281  41.878 0.8750000000
80798  5.560  -19.652  42.401 0.7500000000
83375  2.621  -16.944  30.309 0.7500000000
79771  2.545  -19.364  30.326 0.8750000000
89020  45.655  -11.512  29.204 0.8750000000
90158  45.226  -11.152  27.486 0.7500000000
90157  45.419  -10.652  28.069 0.8750000000
90176  45.143  -10.670  26.956 0.7500000000
87916  46.029  -12.620  30.037 1.0000000000
90137  45.531  -10.746  28.986 0.8750000000
90123  46.446  -10.931  29.525 1.0000000000
91223  45.643  -9.702  27.926 0.8750000000
91238  44.892  -9.741  26.303 0.6250000000
93192  44.504  -7.812  26.385 0.6250000000
94288  42.725  -6.780  26.622 0.5000000000
86856  47.457  -13.183  28.435 1.0000000000
86854  47.642  -14.700  28.608 0.8750000000
84607  48.265  -15.234  26.988 0.8750000000
85758  48.202  -14.601  27.233 1.0000000000
84586  48.096  -15.699  27.977 0.7500000000
83392  48.207  -15.987  27.151 0.7500000000
86886  48.476  -13.685  26.390 1.0000000000
84627  48.859  -15.135  26.354 0.8750000000
85787  49.556  -14.356  25.419 1.0000000000
94447  50.700  -6.690  15.116 0.5000000000
94348  49.026  -5.453  20.226 0.5000000000
140338  55.223  -12.418  9.914 0.6250000000
80781  23.337  -18.499  44.394 0.6250000000
80751  23.297  -18.979  46.149 0.6250000000
77180  7.965  -21.477  49.891 0.7500000000
81918  23.051  -18.411  45.924 0.6250000000
80767  22.168  -18.093  45.683 0.6250000000
81926  21.121  -17.746  45.390 0.6250000000
81939  21.417  -17.080  45.205 0.6250000000
81927  20.254  -17.896  45.298 0.6250000000
79552  11.803  -19.996  48.523 0.7500000000
79558  12.507  -19.877  48.015 0.7500000000
77176  11.607  -20.848  48.487 0.7500000000
77177  10.786  -20.886  48.674 0.7500000000
74802  5.045  -23.082  48.487 0.7500000000
74795  5.301  -22.880  49.531 0.7500000000
84455  20.539  -15.514  42.138 0.6250000000
80776  13.779  -18.942  45.767 0.6250000000
79619  5.304  -19.799  42.963 0.7500000000
79597  5.584  -20.124  44.705 0.7500000000
82020  4.409  -17.456  36.943 0.7500000000
80910  2.479  -18.474  31.749 0.8750000000
83339  2.545  -16.859  31.589 0.7500000000
83338  3.006  -16.282  31.833 0.7500000000
82076  3.911  -16.659  31.437 0.7500000000
83358  3.351  -16.560  31.351 0.7500000000
80942  7.832  -18.298  28.867 0.5000000000
91211  45.818  -9.876  28.781 0.8750000000
94465  51.512  -6.829  14.165 0.6250000000
87025  55.508  -13.363  8.587 0.6250000000
140339  55.388  -12.268  9.320 0.6250000000
83178  22.496  -16.735  45.434 0.6250000000
80735  12.171  -18.819  47.912 0.7500000000
78292  10.280  -20.164  48.996 0.7500000000
79553  10.864  -19.465  48.819 0.7500000000
77172  7.208  -21.627  50.428 0.7500000000
81954  18.393  -17.194  44.132 0.6250000000
81956  16.650  -17.196  43.801 0.6250000000
81944  17.018  -17.701  44.586 0.6250000000
80745  12.364  -18.380  47.309 0.7500000000
80746  11.896  -18.255  47.705 0.6250000000
77168  5.738  -21.150  50.758 0.7500000000
81946  14.739  -17.569  44.347 0.6250000000
77175  4.979  -21.262  49.696 0.7500000000
75988  4.754  -22.340  48.454 0.7500000000
77186  4.729  -21.763  48.205 0.7500000000
78309  4.714  -21.601  47.493 0.7500000000
78324  4.989  -21.212  46.629 0.7500000000
80804  6.327  -19.129  41.476 0.7500000000
80847  5.214  -18.499  38.156 0.7500000000
80810  6.384  -18.800  40.314 0.7500000000
80846  5.582  -18.443  37.929 0.7500000000
82006  5.695  -18.067  37.442 0.7500000000
80833  6.187  -18.434  38.226 0.7500000000
84531  4.273  -15.932  33.307 0.7500000000
84512  4.786  -15.774  33.818 0.7500000000
82075  4.623  -17.099  31.267 0.7500000000
83314  5.279  -16.350  32.600 0.7500000000
84530  5.035  -15.955  33.210 0.7500000000
82100  8.265  -18.066  29.298 0.5000000000
82085  8.137  -17.719  30.247 0.5000000000
94266  44.496  -6.420  27.140 0.5000000000
94267  43.227  -6.150  27.202 0.5000000000
84604  10.347  -15.579  28.377 0.2500000000
83373  10.206  -16.112  29.876 0.3750000000
93182  44.728  -7.186  26.882 0.5000000000
94445  52.650  -5.881  14.560 0.5000000000
93320  53.288  -7.434  12.698 0.6250000000
140346  55.197  -11.872  9.518 0.6250000000
140342  54.705  -10.860  9.423 0.6250000000
87019  55.738  -12.578  8.383 0.6250000000
81961  22.366  -17.826  43.368 0.7500000000
84429  21.564  -15.871  45.357 0.6250000000
84428  23.075  -15.832  44.753 0.6250000000
84431  20.316  -15.451  44.471 0.6250000000
83197  19.234  -15.883  43.837 0.6250000000
80732  10.154  -18.644  48.690 0.7500000000
78284  8.666  -19.545  49.700 0.7500000000
78285  8.230  -19.868  49.828 0.7500000000
78286  7.457  -20.522  50.226 0.7500000000
84439  22.279  -15.648  43.605 0.5000000000
86705  22.155  -14.014  44.759 0.6250000000
85619  19.469  -14.773  43.942 0.6250000000
81910  11.633  -17.623  47.483 0.6250000000
85617  21.792  -14.699  43.584 0.5000000000
83200  16.278  -16.406  43.240 0.6250000000
84443  16.955  -15.593  42.939 0.6250000000
78302  5.045  -21.130  48.330 0.7500000000
83202  14.312  -16.257  43.429 0.6250000000
83203  13.742  -16.246  43.729 0.6250000000
78301  5.592  -20.299  48.531 0.7500000000
88857  19.958  -11.275  45.377 0.3750000000
79590  5.869  -20.178  45.397 0.7500000000
78323  5.835  -20.617  46.593 0.7500000000
79596  6.363  -19.692  44.968 0.7500000000
81993  6.880  -18.140  38.436 0.7500000000
84510  6.602  -15.912  33.679 0.7500000000
84529  5.988  -15.984  33.091 0.7500000000
84528  7.050  -16.155  32.986 0.6250000000
84548  8.811  -16.036  32.141 0.5000000000
86810  11.763  -13.956  33.190 0.3750000000
84546  10.256  -15.286  31.174 0.5000000000
85718  11.148  -14.146  31.042 0.3750000000
95593  51.799  -5.314  16.759 0.3750000000
95574  51.444  -4.838  17.525 0.3750000000
140350  54.902  -10.931  8.779 0.6250000000
89282  55.586  -11.157  7.445 0.6250000000
87018  55.957  -12.107  7.896 0.6250000000
88137  55.947  -11.570  7.038 0.5000000000
87024  56.163  -12.829  7.631 0.6250000000
85975  55.837  -13.600  6.334 0.3750000000
89287  56.691  -11.126  6.122 0.5000000000
87080  56.142  -12.066  3.154 0.1250000000
87100  55.215  -12.449  2.558 0.1250000000
81905  9.873  -17.426  48.656 0.7500000000
85605  20.606  -14.908  44.923 0.6250000000
80727  7.960  -18.413  49.880 0.7500000000
85620  18.843  -14.310  43.788 0.6250000000
79548  6.817  -19.593  50.464 0.7500000000
87745  21.406  -13.025  45.551 0.6250000000
85621  17.883  -14.309  43.252 0.6250000000
84452  16.642  -14.809  42.757 0.6250000000
83180  12.088  -16.457  45.298 0.6250000000
79550  5.479  -19.513  50.276 0.7500000000
78289  5.173  -20.516  49.995 0.7500000000
78296  5.248  -20.092  48.721 0.7500000000
79556  5.251  -19.452  49.436 0.7500000000
88846  19.832  -11.126  46.087 0.3750000000
79595  7.012  -19.539  45.520 0.7500000000
80779  7.654  -19.055  45.787 0.7500000000
82004  7.383  -17.884  37.903 0.7500000000
81982  7.748  -17.955  39.342 0.7500000000
80808  8.156  -18.139  40.263 0.7500000000
80795  8.407  -18.369  42.005 0.7500000000
80782  8.087  -18.565  44.125 0.7500000000
83266  7.915  -16.610  35.441 0.6250000000
84507  9.681  -15.354  33.798 0.5000000000
85696  9.426  -15.315  32.836 0.5000000000
95619  53.873  -5.440  13.362 0.5000000000
89278  54.488  -10.433  9.128 0.7500000000
90321  54.136  -9.916  9.724 0.5000000000
90325  55.067  -10.523  7.689 0.5000000000
90323  54.276  -9.957  8.831 0.6250000000
88141  56.322  -11.306  6.539 0.5000000000
89289  56.034  -10.559  6.547 0.5000000000
90338  56.084  -9.916  5.611 0.2500000000
91378  56.981  -10.385  2.749 0.1250000000
84404  11.129  -15.828  47.402 0.6250000000
83163  11.311  -16.371  47.425 0.6250000000
80729  6.371  -18.773  50.172 0.7500000000
81895  7.518  -17.781  49.898 0.7500000000
84420  11.940  -15.642  45.170 0.6250000000
83171  11.525  -16.325  46.549 0.6250000000
81897  6.022  -17.968  49.798 0.7500000000
80730  5.690  -18.827  50.046 0.7500000000
85635  16.450  -14.028  42.722 0.6250000000
86728  16.940  -13.768  43.004 0.6250000000
85622  15.286  -14.759  42.765 0.6250000000
87736  19.900  -12.059  46.178 0.6250000000
84446  13.678  -15.476  43.538 0.6250000000
79562  5.358  -19.355  48.899 0.7500000000
89957  19.517  -10.469  46.365 0.5000000000
91021  19.336  -9.900  46.389 0.5000000000
91022  19.031  -9.423  45.943 0.5000000000
80748  7.050  -18.623  47.562 0.7500000000
81965  9.116  -17.876  42.052 0.7500000000
81960  8.719  -18.202  43.748 0.7500000000
93330  53.283  -7.301  9.975 0.3750000000
92316  53.269  -8.099  9.491 0.5000000000
91353  54.466  -8.938  7.334 0.3750000000
92327  54.643  -8.672  6.942 0.2500000000
91355  55.872  -9.694  5.728 0.2500000000
92346  55.778  -8.106  4.749 0.2500000000
92345  56.119  -8.376  4.400 0.2500000000
91371  56.690  -9.647  4.193 0.1250000000
86701  10.995  -13.759  45.646 0.6250000000
84411  10.756  -14.932  47.010 0.6250000000
83150  7.088  -17.204  49.841 0.7500000000
87747  18.856  -12.712  45.526 0.6250000000
87737  19.024  -12.153  46.322 0.6250000000
87758  18.156  -12.599  45.041 0.6250000000
86708  17.266  -12.713  44.443 0.6250000000
85610  11.770  -14.254  44.877 0.6250000000
83151  6.374  -17.379  49.731 0.7500000000
87748  18.037  -12.290  45.868 0.6250000000
86730  15.974  -13.378  42.830 0.6250000000
86731  15.088  -13.692  42.801 0.6250000000
86718  15.386  -12.838  43.221 0.6250000000
85624  13.479  -14.343  43.442 0.6250000000
81902  5.423  -17.765  49.546 0.7500000000
88835  18.430  -11.246  47.097 0.6250000000
80741  4.970  -18.264  49.003 0.7500000000
89946  18.898  -10.327  47.427 0.6250000000
81908  5.216  -17.549  48.817 0.7500000000
83165  7.589  -17.069  47.077 0.6250000000
81949  9.227  -17.193  44.960 0.6250000000
83209  10.032  -16.763  42.435 0.6250000000
83172  8.067  -16.746  46.483 0.6250000000
83216  10.223  -16.041  39.946 0.6250000000
91150  11.197  -9.901  34.851 0.3750000000
96763  53.870  -4.273  13.348 0.2500000000
96762  53.947  -4.665  12.860 0.3750000000
97880  53.089  -3.031  13.813 0.2500000000
93333  52.928  -7.266  9.330 0.3750000000
94591  55.970  -6.283  3.997 0.3750000000
84398  9.398  -15.617  48.918 0.6250000000
85592  10.531  -14.349  46.691 0.6250000000
84393  7.806  -15.625  49.446 0.7500000000
87774  13.624  -12.632  43.638 0.6250000000
87775  12.685  -12.966  43.958 0.6250000000
86711  11.440  -13.791  45.075 0.6250000000
84395  6.280  -15.997  49.599 0.7500000000
84394  7.031  -15.828  49.563 0.6250000000
87739  17.261  -11.528  46.564 0.6250000000
88848  16.496  -11.067  46.015 0.6250000000
87759  17.388  -12.307  45.283 0.6250000000
87760  16.452  -11.997  44.891 0.6250000000
87750  16.561  -11.608  45.598 0.6250000000
87771  16.373  -12.263  44.169 0.6250000000
84396  5.659  -16.158  49.408 0.7500000000
89947  17.291  -10.304  47.375 0.5000000000
89936  18.303  -9.898  47.752 0.6250000000
91003  18.106  -9.226  47.875 0.6250000000
83176  4.795  -16.220  47.359 0.6250000000
81915  4.996  -16.832  48.153 0.7500000000
83166  6.652  -16.982  47.269 0.6250000000
85643  10.998  -14.327  41.054 0.6250000000
84472  11.424  -15.213  36.722 0.5000000000
90072  10.535  -10.215  36.259 0.5000000000
94548  53.720  -6.418  5.962 0.3750000000
94578  54.988  -6.356  4.676 0.3750000000
85586  9.527  -14.248  47.854 0.6250000000
88872  15.646  -11.544  44.298 0.6250000000
88859  15.669  -11.136  44.882 0.5000000000
87773  14.704  -12.279  43.520 0.6250000000
86702  10.468  -13.431  45.983 0.6250000000
86693  10.003  -13.655  46.626 0.6250000000
86684  9.589  -13.850  47.348 0.6250000000
85582  8.347  -14.262  48.651 0.6250000000
85578  8.136  -14.951  49.049 0.6250000000
88849  15.919  -10.686  45.553 0.5000000000
89948  16.819  -10.130  46.982 0.5000000000
88837  16.715  -10.714  46.679 0.5000000000
89938  17.290  -9.786  47.414 0.5000000000
83169  4.787  -16.220  47.822 0.6250000000
83175  5.193  -16.281  47.029 0.6250000000
83174  6.055  -16.374  46.773 0.6250000000
84413  6.472  -15.924  46.199 0.5000000000
85626  10.077  -14.531  43.080 0.6250000000
86732  10.164  -13.366  41.689 0.6250000000
99033  54.575  -2.682  3.446 0.3750000000
97971  54.930  -3.657  3.650 0.3750000000
87740  9.594  -12.923  46.712 0.6250000000
87741  9.098  -12.473  47.275 0.6250000000
86686  8.542  -13.090  48.215 0.6250000000
89971  15.491  -10.247  45.318 0.5000000000
91037  15.005  -9.413  45.171 0.5000000000
91036  15.533  -9.695  45.647 0.5000000000
89949  16.332  -9.918  46.453 0.5000000000
92025  15.019  -8.842  45.454 0.5000000000
91023  15.814  -9.339  46.157 0.5000000000
91013  16.486  -9.270  46.715 0.5000000000
92988  15.605  -7.722  46.414 0.3750000000
92001  16.684  -8.388  47.074 0.5000000000
85594  5.145  -15.032  47.352 0.6250000000
88889  9.557  -12.153  40.899 0.6250000000
87734  8.309  -12.383  48.231 0.6250000000
89975  11.671  -10.681  44.303 0.5000000000
88838  8.660  -11.526  46.890 0.5000000000
86681  5.961  -13.195  48.780 0.5000000000
92028  12.483  -8.639  44.390 0.3750000000
94028  15.804  -6.468  47.036 0.3750000000
94027  16.414  -6.800  47.441 0.3750000000
86696  4.249  -12.908  47.505 0.5000000000
86735  7.406  -13.075  42.466 0.5000000000
87784  7.605  -12.760  41.868 0.5000000000
87729  6.704  -12.127  48.956 0.5000000000
89950  8.453  -11.093  46.715 0.5000000000
87731  4.946  -11.909  48.414 0.5000000000
92989  15.014  -7.244  46.114 0.3750000000
92990  14.256  -7.120  45.506 0.3750000000
93004  11.829  -7.849  44.605 0.2500000000
93005  11.192  -8.109  44.624 0.2500000000
91027  8.636  -9.620  46.140 0.3750000000
91026  9.278  -9.649  45.585 0.3750000000
86683  4.725  -12.277  48.312 0.5000000000
94029  15.182  -6.397  46.573 0.3750000000
94044  13.688  -6.048  46.089 0.3750000000
92992  12.173  -6.979  45.200 0.2500000000
86689  4.484  -12.615  48.102 0.5000000000
95234  15.631  -5.592  47.156 0.3750000000
87744  4.403  -12.523  46.984 0.5000000000
85631  5.346  -13.739  44.144 0.5000000000
87796  6.634  -12.730  41.305 0.5000000000
88827  7.241  -11.131  48.366 0.5000000000
88821  5.776  -10.812  48.634 0.5000000000
89952  7.581  -10.185  47.423 0.5000000000
92004  7.937  -8.895  46.831 0.3750000000
91015  7.677  -9.654  47.086 0.5000000000
92994  9.796  -7.083  45.912 0.2500000000
94030  13.460  -5.729  46.423 0.2500000000
91005  7.406  -9.673  47.541 0.5000000000
91993  8.243  -8.227  47.048 0.2500000000
95260  11.222  -5.804  46.251 0.1250000000
96386  13.212  -4.814  46.661 0.1250000000
95249  10.893  -5.700  46.851 0.1250000000
89978  5.767  -10.759  44.649 0.5000000000
91001  5.829  -9.257  48.542 0.5000000000
94010  8.363  -6.762  48.258 0.1250000000
94019  9.541  -6.358  47.278 0.2500000000
94018  10.088  -5.996  47.246 0.1250000000
96376  10.854  -4.797  47.377 0.1250000000
95236  11.135  -5.211  47.138 0.1250000000
89993  5.541  -10.953  42.662 0.5000000000
90003  4.766  -11.211  40.909 0.5000000000
91073  6.341  -9.445  41.195 0.5000000000
96377  10.257  -4.804  47.690 0.1250000000
95226  9.275  -5.205  48.304 0.1250000000
96402  11.186  -4.497  46.158 0.1250000000
97506  10.583  -4.078  46.850 0.1250000000
97505  10.919  -4.415  47.184 0.1250000000
92044  6.720  -8.648  43.922 0.5000000000
96379  9.167  -4.146  48.407 0.2500000000
96367  9.109  -4.783  48.561 0.2500000000
92995  5.540  -7.975  45.743 0.3750000000
97507  9.635  -3.590  46.946 0.1250000000
98623  11.142  -3.202  44.060 0.1250000000
94053  5.769  -6.804  44.790 0.3750000000
92036  6.632  -7.994  44.022 0.3750000000
98655  12.452  -2.593  42.590 0.1250000000
98639  13.040  -3.198  43.123 0.1250000000
99671  10.728  -1.511  42.748 0.1250000000
100585  10.915  -0.938  42.193 0.1250000000
100597  13.436  -1.157  41.059 0.1250000000
97498  8.781  -3.368  48.203 0.2500000000
97508  9.102  -3.282  47.443 0.1250000000
99642  9.750  -2.217  44.463 0.1250000000
98641  10.888  -2.676  43.742 0.1250000000
94061  6.879  -6.830  43.446 0.3750000000
95282  6.874  -5.427  42.410 0.3750000000
100611  12.876  0.060  40.727 0.1250000000
102312  11.793  1.017  41.593 0.1250000000
102326  13.610  1.485  40.078 0.1250000000
103249  13.988  2.695  39.774 0.1250000000
97499  6.088  -2.651  48.119 0.1250000000
100559  7.966  -0.872  47.695 0.1250000000
99633  7.374  -0.818  48.547 0.1250000000
100563  8.144  -0.594  46.857 0.1250000000
100567  8.640  -0.878  44.535 0.1250000000
97523  4.646  -2.894  45.466 0.2500000000
97537  4.505  -3.063  44.770 0.2500000000
97550  4.462  -3.577  44.093 0.2500000000
96418  5.741  -4.409  43.204 0.2500000000
102299  10.941  0.819  42.729 0.1250000000
103227  12.469  2.075  41.540 0.1250000000
104242  13.384  3.298  41.615 0.1250000000
98605  6.036  -2.179  47.859 0.2500000000
100564  7.795  0.220  46.963 0.1250000000
100556  7.497  -0.316  48.160 0.1250000000
97510  4.864  -3.038  46.147 0.2500000000
101450  8.210  0.511  45.117 0.1250000000
103226  12.867  2.716  41.972 0.1250000000
99634  5.764  -1.620  47.699 0.2500000000
100561  5.135  -0.872  46.949 0.2500000000
98626  4.274  -2.238  44.644 0.2500000000
102287  8.646  1.324  44.591 0.1250000000
102286  9.235  1.117  43.930 0.1250000000
103210  9.717  1.557  43.817 0.1250000000
103202  10.579  2.654  44.179 0.1250000000
100577  4.479  -1.322  43.934 0.2500000000
101440  6.532  0.919  48.307 0.1250000000
103197  7.543  2.486  46.536 0.1250000000
103204  8.625  2.358  45.059 0.1250000000
100570  4.614  -0.904  44.427 0.2500000000
100569  4.958  -0.110  44.478 0.2500000000
102275  5.828  1.097  48.372 0.1250000000
101448  4.814  0.776  45.467 0.2500000000
104207  8.264  3.786  46.463 0.1250000000
104208  7.848  3.414  46.986 0.1250000000
101447  5.086  0.568  44.802 0.2500000000
102288  4.853  1.426  44.585 0.2500000000
104214  10.362  3.905  45.148 0.1250000000
104223  10.920  3.576  44.692 0.1250000000
103189  5.715  1.662  48.325 0.1250000000
105261  7.838  3.984  47.497 0.1250000000
105273  9.151  4.340  46.072 0.1250000000
103198  4.953  1.977  44.988 0.2500000000
105272  10.317  4.688  45.828 0.1250000000
105247  6.530  4.188  48.155 0.1250000000
105238  7.236  4.769  48.483 0.1250000000
105245  8.135  4.891  47.669 0.1250000000
106372  8.581  5.342  47.258 0.1250000000
103206  4.661  3.020  45.081 0.2500000000
105290  4.922  4.376  43.748 0.2500000000
105271  11.484  4.550  45.426 0.1250000000
105296  5.370  4.305  43.048 0.2500000000
106414  5.428  5.219  42.806 0.2500000000
105285  4.616  4.515  45.072 0.2500000000
106381  11.014  5.206  45.934 0.1250000000
107460  4.397  6.557  44.366 0.2500000000
105270  12.478  4.710  45.803 0.1250000000
106350  13.748  5.854  47.449 0.1250000000
107447  9.995  6.524  46.758 0.1250000000
108482  5.133  7.542  42.764 0.2500000000
87035  56.139  -13.509  7.314 0.6250000000
63818  12.016  -32.368  48.043 0.7500000000
65978  12.121  -31.415  48.360 0.7500000000
65979  11.190  -31.314  48.258 0.7500000000
64929  10.802  -31.622  47.976 0.7500000000
60345  13.841  -36.458  42.298 0.5000000000
62738  2.942  -34.716  44.779 0.7500000000
61528  2.159  -35.750  44.011 0.6250000000
61521  3.111  -35.334  45.153 0.6250000000
61534  1.781  -35.773  43.183 0.6250000000
63838  5.761  -33.217  46.792 0.7500000000
62727  4.495  -34.457  46.204 0.6250000000
60334  1.753  -36.755  42.935 0.5000000000
61548  1.801  -35.875  42.356 0.7500000000
63823  8.042  -32.244  47.438 0.7500000000
63837  6.471  -32.958  47.051 0.7500000000
60365  2.661  -36.933  41.813 0.6250000000
64927  12.334  -32.032  48.312 0.7500000000
65980  10.361  -31.307  48.214 0.7500000000
64931  9.145  -31.787  47.924 0.7500000000
60383  3.072  -36.671  40.925 0.5000000000
65977  12.709  -31.804  48.253 0.8750000000
59255  3.709  -37.498  40.544 0.5000000000
65990  12.615  -31.475  48.259 0.7500000000
59271  5.336  -37.656  38.847 0.3750000000
58050  4.529  -38.259  39.421 0.3750000000
58072  5.252  -39.083  37.589 0.2500000000
62777  30.736  -34.078  39.534 0.6250000000
62762  30.476  -33.608  39.671 0.6250000000
59208  14.352  -37.249  43.004 0.5000000000
61566  30.997  -34.487  39.219 0.6250000000
58019  14.718  -37.785  42.847 0.5000000000
60331  14.097  -36.383  43.261 0.6250000000
61543  13.488  -35.416  42.553 0.5000000000
61531  12.984  -34.684  43.326 0.6250000000
63857  3.230  -33.669  44.853 0.7500000000
63858  2.647  -34.114  44.509 0.7500000000
62754  2.011  -34.696  43.430 0.7500000000
63856  3.812  -33.505  45.549 0.7500000000
64941  5.876  -32.519  47.210 0.7500000000
63845  5.065  -33.474  46.529 0.7500000000
63830  12.570  -32.755  47.581 0.7500000000
64932  8.401  -31.924  47.797 0.7500000000
65983  7.935  -31.737  47.851 0.7500000000
61565  2.178  -35.932  41.686 0.7500000000
63817  12.730  -32.440  47.993 0.8750000000
67026  10.696  -30.936  48.420 0.7500000000
67027  9.966  -31.044  48.422 0.7500000000
61579  2.576  -36.092  41.145 0.6250000000
64938  13.319  -32.235  47.789 0.8750000000
64926  12.778  -32.147  48.180 0.8750000000
67024  12.280  -30.899  48.126 0.7500000000
60382  3.700  -36.254  40.349 0.5000000000
65988  13.687  -31.727  47.513 0.8750000000
65989  13.009  -31.540  48.051 0.8750000000
67034  12.616  -31.219  48.182 0.8750000000
59264  5.357  -36.850  39.064 0.3750000000
60396  4.312  -36.429  39.860 0.5000000000
60406  6.308  -36.645  36.613 0.3750000000
59270  5.827  -37.197  38.346 0.3750000000
59285  6.773  -37.206  36.135 0.2500000000
58088  6.696  -37.814  36.386 0.2500000000
63880  31.023  -33.371  39.585 0.7500000000
59198  14.590  -37.265  43.793 0.7500000000
58018  14.930  -38.079  42.399 0.5000000000
63879  31.519  -32.646  39.462 0.7500000000
61530  13.824  -35.401  43.635 0.7500000000
61526  13.144  -34.723  44.158 0.7500000000
61518  13.359  -34.591  44.724 0.8750000000
62731  12.947  -33.979  45.261 0.7500000000
64953  3.036  -32.720  44.645 0.7500000000
63860  2.606  -33.396  44.501 0.7500000000
62720  13.021  -33.572  45.910 0.8750000000
66000  5.211  -31.879  46.375 0.7500000000
64952  3.673  -32.683  45.218 0.7500000000
64957  2.046  -33.252  43.656 0.7500000000
63861  2.082  -33.851  44.074 0.7500000000
62706  13.121  -33.406  46.480 0.8750000000
65999  5.767  -31.498  46.730 0.7500000000
64946  4.730  -32.605  46.284 0.7500000000
63868  1.890  -33.822  42.739 0.7500000000
63828  14.165  -33.001  47.276 0.8750000000
63829  13.349  -32.897  47.487 0.8750000000
65991  8.343  -31.116  48.103 0.7500000000
67040  6.765  -31.297  47.335 0.7500000000
62774  1.815  -34.881  41.651 0.7500000000
62761  1.712  -34.832  42.548 0.7500000000
64937  14.337  -32.433  47.321 0.8750000000
67037  8.776  -30.813  48.114 0.7500000000
63888  2.220  -33.841  41.041 0.7500000000
67025  11.514  -30.925  48.351 0.7500000000
61590  3.924  -35.109  39.586 0.5000000000
61591  3.398  -35.061  40.059 0.5000000000
65987  14.656  -31.938  47.181 0.8750000000
67032  14.004  -31.380  47.075 0.8750000000
67033  12.960  -31.028  47.735 0.8750000000
68129  12.347  -30.694  47.844 0.7500000000
61611  4.524  -35.082  37.105 0.5000000000
61588  5.079  -35.344  38.324 0.5000000000
60412  6.378  -36.434  35.824 0.3750000000
60407  5.881  -36.073  37.131 0.5000000000
60437  7.587  -36.515  33.800 0.2500000000
60423  7.307  -36.687  34.664 0.2500000000
58007  14.972  -37.918  43.454 0.7500000000
56745  15.357  -38.725  43.207 0.5000000000
58006  15.049  -38.200  43.098 0.5000000000
64964  31.422  -31.958  39.595 0.7500000000
63878  31.921  -32.536  39.196 0.7500000000
61525  14.070  -35.251  44.358 0.8750000000
64973  32.171  -31.889  39.283 0.7500000000
61517  14.141  -34.943  45.054 0.8750000000
61508  14.351  -34.986  45.631 0.8750000000
66009  3.547  -31.792  44.743 0.7500000000
64956  2.382  -32.701  44.071 0.7500000000
61494  14.544  -34.273  46.330 0.8750000000
66006  4.429  -31.922  45.570 0.7500000000
64960  2.204  -32.827  43.136 0.7500000000
62691  14.157  -33.513  46.775 0.8750000000
67049  5.717  -31.340  46.344 0.7500000000
64963  1.918  -32.817  42.175 0.7500000000
67039  7.422  -31.087  47.631 0.7500000000
67036  9.626  -30.726  48.249 0.7500000000
67038  8.076  -30.901  47.892 0.7500000000
63896  2.550  -33.543  40.186 0.7500000000
67031  15.088  -31.538  46.762 0.8750000000
68131  10.983  -30.641  48.181 0.7500000000
68138  10.228  -30.389  47.992 0.7500000000
62808  3.551  -34.166  38.696 0.6250000000
62810  2.872  -33.554  39.062 0.6250000000
61617  4.535  -35.204  36.197 0.5000000000
61612  3.935  -34.449  37.498 0.5000000000
67044  15.293  -31.071  46.276 0.8750000000
68133  14.453  -31.005  46.704 0.8750000000
68134  13.459  -30.914  46.990 0.8750000000
67023  12.538  -30.815  47.945 0.8750000000
60439  5.826  -36.102  34.289 0.3750000000
60425  5.481  -35.980  35.294 0.5000000000
60438  6.768  -36.153  34.061 0.3750000000
60424  6.512  -36.302  34.965 0.3750000000
60469  7.202  -36.335  32.148 0.2500000000
56737  15.282  -38.438  43.686 0.5000000000
66023  31.659  -30.942  39.594 0.7500000000
55599  15.685  -39.366  42.852 0.5000000000
55589  15.689  -39.546  43.553 0.5000000000
57992  15.484  -38.689  44.314 0.7500000000
67124  32.176  -30.287  39.502 0.7500000000
60324  14.361  -36.325  44.071 0.8750000000
59191  14.835  -37.262  44.496 0.8750000000
66032  31.992  -31.350  39.544 0.7500000000
64974  31.779  -31.959  39.477 0.7500000000
60317  14.591  -36.162  44.734 0.8750000000
66031  32.588  -31.004  39.479 0.7500000000
60300  14.679  -35.699  45.779 0.8750000000
66040  32.787  -31.390  39.097 0.7500000000
61499  14.469  -34.877  46.061 0.8750000000
66013  3.460  -31.351  44.278 0.7500000000
66014  3.023  -31.769  43.923 0.7500000000
67134  33.337  -30.134  38.847 0.7500000000
61493  14.863  -34.297  46.624 0.8750000000
67072  4.475  -31.318  44.983 0.7500000000
67083  3.960  -30.882  44.403 0.7500000000
66017  2.598  -31.763  42.997 0.7500000000
66022  2.137  -31.780  42.203 0.7500000000
62689  15.562  -34.006  46.981 0.8750000000
63827  15.007  -33.192  47.115 0.8750000000
67070  5.633  -30.835  45.460 0.7500000000
66029  2.051  -32.119  41.348 0.7500000000
67047  7.046  -30.854  47.093 0.7500000000
67058  6.796  -30.625  46.425 0.7500000000
66037  2.087  -32.294  40.515 0.7500000000
67132  2.156  -31.554  40.584 0.7500000000
64936  15.196  -32.657  47.096 0.8750000000
68139  9.226  -30.383  47.883 0.7500000000
67046  7.795  -30.627  47.363 0.7500000000
66047  2.039  -32.401  39.832 0.7500000000
65986  15.380  -32.257  46.811 0.8750000000
68137  11.115  -30.302  47.774 0.7500000000
63912  2.314  -33.358  38.055 0.6250000000
63902  2.502  -33.232  39.190 0.6250000000
68136  11.872  -30.415  47.543 0.8750000000
61618  3.878  -34.761  36.524 0.6250000000
61619  3.299  -34.249  36.989 0.6250000000
67043  15.711  -31.654  46.032 0.8750000000
68135  12.626  -30.587  47.336 0.8750000000
60441  4.422  -35.230  34.777 0.6250000000
61628  4.083  -34.983  35.492 0.6250000000
68141  14.749  -30.766  46.215 0.8750000000
68151  14.360  -30.657  45.854 0.8750000000
60471  5.575  -36.151  32.566 0.3750000000
60454  6.127  -36.029  33.319 0.2500000000
54665  20.877  -41.066  39.277 0.6250000000
55577  15.712  -39.566  44.151 0.7500000000
55605  16.126  -40.259  41.855 0.5000000000
59182  14.937  -37.060  44.997 0.8750000000
59181  15.175  -36.988  45.305 0.8750000000
60299  15.052  -36.015  45.941 0.8750000000
68210  32.607  -29.279  39.258 0.7500000000
61497  15.475  -34.913  46.656 0.8750000000
61498  14.912  -35.124  46.408 0.8750000000
61492  15.179  -34.246  46.825 0.8750000000
67082  4.862  -30.782  44.665 0.7500000000
68181  4.907  -30.347  43.742 0.7500000000
67105  2.993  -30.917  42.514 0.7500000000
67106  2.425  -31.132  42.056 0.7500000000
67133  33.809  -30.139  38.320 0.7500000000
62688  15.921  -33.859  47.085 0.8750000000
68159  6.456  -30.404  45.748 0.8750000000
68164  6.508  -29.994  45.105 0.7500000000
67120  2.847  -30.850  41.492 0.7500000000
67121  2.266  -31.345  41.410 0.7500000000
67149  34.242  -29.919  36.880 0.5000000000
63842  16.306  -33.585  46.966 0.8750000000
63826  15.832  -33.420  47.065 0.8750000000
68157  8.990  -29.741  46.570 0.8750000000
68158  7.695  -30.056  46.052 0.8750000000
67131  2.587  -31.022  40.740 0.7500000000
64934  16.211  -32.866  46.751 0.8750000000
64935  15.841  -32.804  46.920 0.8750000000
68148  8.519  -30.263  47.239 0.7500000000
65985  16.013  -32.522  46.487 0.8750000000
68145  11.326  -29.877  47.199 0.7500000000
68146  10.486  -29.797  47.415 0.8750000000
65000  1.851  -32.787  38.553 0.6250000000
66056  1.794  -32.189  39.079 0.7500000000
67030  15.655  -32.097  46.374 0.8750000000
68144  12.076  -30.124  46.858 0.8750000000
62835  2.307  -33.612  36.296 0.6250000000
65007  1.643  -32.718  37.455 0.6250000000
67052  16.484  -31.674  45.460 0.8750000000
68143  12.947  -30.418  46.563 0.8750000000
61638  4.083  -34.907  34.970 0.6250000000
62844  2.732  -34.204  36.025 0.6250000000
67053  15.944  -31.221  45.581 0.8750000000
60456  4.726  -35.475  33.929 0.5000000000
60472  5.080  -35.653  32.865 0.5000000000
60473  4.524  -35.133  33.443 0.5000000000
54632  21.482  -41.582  41.546 0.7500000000
53661  20.165  -41.672  40.847 0.7500000000
53662  19.679  -41.717  40.993 0.7500000000
54655  20.350  -41.284  39.855 0.6250000000
54656  19.526  -41.097  39.803 0.5000000000
55598  15.981  -40.210  42.900 0.6250000000
57980  15.471  -38.488  44.571 0.8750000000
57981  15.238  -37.920  44.638 0.8750000000
54667  19.066  -40.543  39.113 0.3750000000
55612  16.232  -40.042  40.803 0.5000000000
55657  18.634  -40.134  37.877 0.3750000000
54670  16.773  -40.109  38.606 0.2500000000
59176  15.697  -36.869  45.703 0.8750000000
60307  15.000  -36.339  45.594 0.8750000000
69297  32.615  -28.458  39.343 0.8750000000
55677  18.097  -39.525  36.984 0.2500000000
55678  17.289  -39.281  37.034 0.2500000000
54685  16.797  -39.694  37.999 0.2500000000
69312  33.129  -28.347  39.218 0.7500000000
68228  33.333  -29.091  38.842 0.7500000000
55696  17.611  -39.094  36.190 0.2500000000
60297  15.964  -35.820  46.151 0.8750000000
60298  15.514  -35.918  46.079 0.8750000000
68179  6.626  -29.959  43.559 0.7500000000
69286  6.226  -30.213  43.440 0.7500000000
69311  33.814  -28.229  38.814 0.7500000000
61496  16.102  -35.062  46.583 0.8750000000
62704  15.861  -34.540  46.855 0.8750000000
68169  7.280  -29.643  43.967 0.8750000000
69272  6.112  -30.226  44.034 0.7500000000
67103  4.981  -30.706  42.752 0.7500000000
67118  4.681  -30.659  42.108 0.7500000000
68227  33.954  -29.130  38.364 0.7500000000
68244  34.310  -28.993  37.821 0.7500000000
62703  16.269  -34.177  46.900 0.8750000000
69260  8.781  -29.544  45.796 0.8750000000
68163  7.333  -29.637  44.834 0.8750000000
67130  3.942  -30.541  41.030 0.7500000000
63841  16.712  -33.623  46.756 0.8750000000
69259  9.517  -29.257  46.014 0.8750000000
68208  3.337  -30.640  40.974 0.7500000000
64944  16.684  -32.929  46.497 0.8750000000
69258  10.288  -28.919  45.992 0.8750000000
68156  9.898  -29.374  46.786 0.8750000000
67140  2.419  -30.956  39.723 0.7500000000
66004  17.250  -32.411  45.560 0.8750000000
65998  16.426  -32.569  46.192 0.8750000000
68154  11.525  -29.461  46.418 0.8750000000
67141  1.968  -31.764  39.755 0.7500000000
67051  17.091  -32.149  45.391 0.8750000000
67042  16.239  -32.256  45.905 0.8750000000
68153  12.238  -29.652  45.833 0.8750000000
63924  2.071  -33.243  36.798 0.6250000000
66063  1.600  -31.960  38.022 0.7500000000
63950  2.258  -33.447  35.519 0.6250000000
63938  2.047  -33.428  36.017 0.6250000000
67064  17.340  -31.498  45.051 0.8750000000
67056  14.245  -30.721  45.274 0.8750000000
61649  3.056  -34.578  34.576 0.6250000000
67076  16.949  -30.848  44.316 0.8750000000
67066  16.153  -30.868  44.985 0.8750000000
67054  15.347  -30.884  45.652 0.8750000000
61659  4.131  -34.718  33.123 0.6250000000
60490  4.765  -35.526  32.048 0.5000000000
54624  21.442  -41.413  42.320 0.7500000000
53642  20.857  -41.739  41.988 0.7500000000
53663  18.899  -41.763  41.175 0.7500000000
53655  18.677  -42.132  41.849 0.7500000000
54657  18.714  -40.746  39.956 0.5000000000
53664  18.090  -41.815  41.360 0.5000000000
53648  16.484  -41.344  42.845 0.6250000000
55588  15.948  -40.283  43.771 0.7500000000
56725  15.621  -39.035  44.398 0.7500000000
57969  15.776  -38.276  45.310 0.8750000000
54668  18.222  -40.319  39.211 0.3750000000
54647  17.306  -41.275  40.985 0.5000000000
54635  16.544  -40.858  41.422 0.6250000000
54626  16.375  -41.157  42.516 0.6250000000
57970  15.431  -37.983  45.067 0.8750000000
54683  17.924  -40.080  38.448 0.3750000000
54684  17.213  -39.958  38.212 0.3750000000
54648  16.671  -40.470  40.297 0.5000000000
57964  15.758  -37.781  45.491 0.8750000000
59177  15.401  -36.912  45.516 0.8750000000
55658  17.675  -39.719  37.716 0.3750000000
70411  33.211  -27.545  39.378 0.7500000000
68178  7.244  -29.674  43.143 0.8750000000
68206  5.411  -30.449  41.811 0.7500000000
61507  17.065  -35.240  45.925 0.8750000000
61495  16.626  -35.106  46.317 0.8750000000
69269  9.093  -28.852  44.278 0.8750000000
68168  8.113  -29.380  43.625 0.8750000000
68243  34.489  -28.434  37.589 0.7500000000
62702  17.066  -34.364  46.365 0.8750000000
70368  9.492  -28.230  44.864 0.8750000000
69265  8.323  -29.350  45.141 0.8750000000
68224  4.593  -30.320  40.701 0.7500000000
68225  3.646  -30.352  40.333 0.7500000000
68277  34.416  -28.933  36.467 0.6250000000
63840  17.295  -33.620  46.274 0.8750000000
69263  9.778  -28.722  45.654 0.8750000000
69264  9.248  -28.908  45.305 0.8750000000
63839  17.755  -33.209  45.956 0.8750000000
69257  11.056  -28.865  45.954 0.8750000000
64943  17.293  -32.910  46.058 0.8750000000
69256  11.705  -28.946  45.644 0.8750000000
67155  2.484  -30.345  37.587 0.7500000000
66003  17.709  -32.315  45.462 0.8750000000
67156  1.973  -30.872  37.435 0.7500000000
67050  17.582  -32.079  45.299 0.8750000000
68152  13.350  -30.426  45.500 0.8750000000
68162  12.443  -29.621  44.738 0.8750000000
65038  2.202  -32.441  34.826 0.7500000000
66093  1.620  -31.607  35.235 0.7500000000
63961  2.365  -33.080  34.577 0.6250000000
67075  17.588  -31.055  44.451 0.8750000000
67055  14.860  -30.781  45.432 0.8750000000
63968  3.340  -33.527  33.147 0.6250000000
62866  3.225  -34.111  33.582 0.6250000000
67067  15.481  -30.807  44.868 0.8750000000
62865  4.031  -34.288  32.590 0.5000000000
62864  4.365  -34.138  32.099 0.5000000000
55596  21.458  -40.381  42.790 0.8750000000
54615  20.936  -40.941  42.906 0.8750000000
53631  20.507  -41.422  42.573 0.7500000000
53643  20.089  -41.921  42.225 0.7500000000
53644  19.245  -42.088  42.431 0.7500000000
53645  18.405  -42.198  42.566 0.7500000000
53646  17.572  -42.086  42.599 0.7500000000
54606  16.212  -40.714  43.792 0.7500000000
55576  15.958  -39.979  44.304 0.7500000000
56744  22.111  -39.678  42.501 0.8750000000
53656  17.909  -42.146  41.961 0.6250000000
56715  15.723  -38.878  44.722 0.8750000000
53657  17.252  -41.907  41.920 0.6250000000
54634  16.762  -41.484  41.979 0.6250000000
60342  21.877  -37.917  41.044 0.8750000000
57963  16.165  -37.766  45.756 0.8750000000
56709  16.057  -38.185  45.608 0.8750000000
59175  16.059  -36.774  45.834 0.8750000000
71528  33.337  -26.847  39.441 0.7500000000
60306  16.834  -36.128  45.771 0.8750000000
60296  16.354  -35.711  46.079 0.8750000000
68205  6.466  -30.203  41.518 0.7500000000
68223  5.672  -30.227  40.561 0.7500000000
70409  34.212  -27.266  38.691 0.7500000000
69276  9.482  -28.472  43.587 0.8750000000
69277  8.894  -28.920  43.189 0.8750000000
69322  34.582  -27.824  37.875 0.7500000000
69334  34.670  -27.866  37.257 0.7500000000
62717  17.488  -34.318  45.822 0.8750000000
68240  4.952  -29.867  39.533 0.7500000000
69345  34.627  -27.859  36.565 0.7500000000
69346  34.449  -28.291  35.998 0.6250000000
63848  18.147  -33.639  45.477 0.8750000000
63849  17.661  -33.674  45.892 0.8750000000
70362  10.769  -28.100  45.592 0.8750000000
68241  4.003  -29.954  39.499 0.7500000000
69360  34.320  -28.025  35.354 0.3750000000
69262  11.919  -28.288  45.226 0.8750000000
66007  18.481  -32.177  44.981 0.8750000000
64948  18.086  -32.794  45.673 0.8750000000
69255  11.973  -29.172  45.526 0.8750000000
68275  2.489  -30.290  37.102 0.7500000000
68161  13.104  -30.143  44.325 0.8750000000
68304  1.958  -30.260  35.636 0.7500000000
67062  18.320  -31.860  44.947 0.8750000000
67194  1.985  -31.564  34.515 0.7500000000
68316  1.926  -30.369  34.792 0.7500000000
67085  18.671  -31.631  43.970 0.8750000000
67074  18.108  -31.373  44.561 0.8750000000
67069  13.915  -30.618  44.586 0.8750000000
66122  2.513  -31.857  33.770 0.7500000000
67192  2.415  -30.750  33.892 0.7500000000
67068  14.750  -30.774  44.706 0.8750000000
65068  3.445  -32.745  32.979 0.7500000000
67087  17.740  -30.885  43.627 0.8750000000
65067  3.886  -32.770  32.466 0.7500000000
62874  4.521  -34.600  31.793 0.5000000000
54616  19.931  -41.122  42.951 0.8750000000
53632  19.660  -41.607  42.819 0.7500000000
53633  18.903  -41.903  43.105 0.7500000000
53634  18.050  -42.030  43.245 0.7500000000
53622  17.681  -41.420  43.453 0.7500000000
53612  16.971  -40.749  43.917 0.7500000000
54594  16.827  -40.370  44.173 0.8750000000
57987  21.611  -39.317  42.290 0.8750000000
56732  21.239  -39.820  42.622 0.8750000000
55584  20.869  -40.182  42.801 0.8750000000
53635  17.266  -41.664  43.106 0.7500000000
53636  16.548  -41.256  43.163 0.7500000000
55575  16.333  -39.888  44.522 0.8750000000
55562  15.998  -39.379  44.699 0.8750000000
58015  20.821  -38.488  41.743 0.8750000000
58002  21.382  -38.781  41.911 0.8750000000
55561  16.364  -39.296  45.020 0.8750000000
56714  15.945  -38.725  45.125 0.8750000000
59219  21.385  -38.156  41.309 0.8750000000
57968  16.627  -38.229  45.882 0.8750000000
60323  18.036  -36.069  44.012 0.8750000000
59189  17.858  -36.963  44.717 0.8750000000
59180  16.980  -37.285  45.749 0.8750000000
57962  16.573  -37.531  45.798 0.8750000000
71511  32.921  -26.281  39.677 0.7500000000
61529  17.920  -35.259  43.728 0.8750000000
61524  17.991  -35.129  44.090 0.8750000000
60322  17.868  -36.152  44.524 0.8750000000
59174  16.434  -36.571  45.823 0.8750000000
71527  34.015  -26.239  39.108 0.7500000000
62748  18.061  -34.345  43.546 0.8750000000
62740  18.129  -34.664  43.932 0.8750000000
61523  17.885  -35.241  44.408 0.8750000000
61516  17.759  -35.264  44.846 0.8750000000
60305  17.288  -35.991  45.504 0.8750000000
70381  10.447  -27.621  43.192 0.8750000000
69284  9.812  -28.343  42.613 0.8750000000
70408  34.642  -27.192  38.172 0.7500000000
63862  18.595  -33.612  43.561 0.8750000000
63859  18.618  -33.682  44.157 0.8750000000
62747  18.349  -34.145  43.904 0.8750000000
62739  18.222  -34.409  44.301 0.8750000000
62716  17.777  -34.546  45.237 0.8750000000
61506  17.348  -35.198  45.610 0.8750000000
72615  10.903  -27.351  44.447 0.8750000000
71478  10.250  -27.720  44.184 0.8750000000
70374  9.773  -28.218  44.035 0.8750000000
68239  5.960  -29.931  39.473 0.7500000000
70420  34.881  -27.110  37.638 0.7500000000
63865  18.664  -33.390  42.933 0.8750000000
64955  19.083  -33.091  44.017 0.8750000000
70366  11.340  -27.670  45.242 0.8750000000
71453  10.333  -27.755  45.347 0.8750000000
69332  4.592  -29.482  37.810 0.7500000000
68257  4.349  -29.582  38.573 0.7500000000
66012  19.168  -32.596  44.059 0.8750000000
63847  18.623  -33.232  45.090 0.8750000000
70361  11.440  -28.232  45.488 0.8750000000
69377  33.891  -28.019  34.493 0.3750000000
69261  12.092  -28.858  45.057 0.8750000000
68315  2.308  -29.583  35.054 0.7500000000
67073  18.466  -31.771  44.660 0.8750000000
68328  2.606  -29.692  34.071 0.7500000000
67095  18.822  -31.536  43.123 0.8750000000
67086  18.264  -31.237  43.776 0.8750000000
66121  3.353  -31.669  33.182 0.7500000000
67208  2.815  -31.109  33.604 0.7500000000
66137  3.988  -32.048  32.558 0.7500000000
67077  16.233  -30.698  44.194 0.8750000000
67078  15.428  -30.639  44.035 0.8750000000
63966  4.232  -33.881  32.183 0.5000000000
65066  4.607  -32.619  32.047 0.7500000000
63977  4.461  -33.619  32.000 0.6250000000
54602  20.199  -40.857  42.935 0.8750000000
54603  19.484  -40.757  43.419 0.8750000000
53620  19.259  -41.380  43.395 0.8750000000
54604  18.588  -40.909  43.623 0.8750000000
54605  17.943  -41.009  43.574 0.8750000000
54593  17.646  -40.344  43.960 0.8750000000
57988  20.823  -39.328  42.408 0.8750000000
56733  20.433  -39.818  42.810 0.8750000000
55574  16.906  -39.794  44.664 0.8750000000
59220  20.402  -38.071  41.546 0.8750000000
55560  16.878  -39.258  45.294 0.8750000000
59233  20.774  -37.779  41.053 0.8750000000
57978  18.123  -38.133  44.350 0.8750000000
55559  17.230  -39.130  45.398 0.8750000000
56713  16.363  -38.616  45.543 0.8750000000
59248  20.159  -37.416  40.790 0.8750000000
60330  17.916  -36.218  43.336 0.8750000000
59196  18.067  -37.187  44.128 0.8750000000
59197  18.171  -37.182  43.546 0.8750000000
57966  17.507  -38.040  45.378 0.8750000000
57967  17.090  -38.166  45.905 0.8750000000
59179  17.332  -36.962  45.423 0.8750000000
71498  11.804  -26.812  42.342 0.8750000000
72656  34.155  -24.964  39.074 0.7500000000
60316  17.744  -36.011  44.976 0.8750000000
60304  17.523  -35.800  45.285 0.8750000000
72634  11.919  -26.530  43.195 0.8750000000
71488  11.532  -26.796  42.878 0.8750000000
71526  34.618  -26.454  38.467 0.7500000000
61505  17.567  -35.182  45.266 0.8750000000
72628  11.314  -27.078  43.843 0.8750000000
71545  35.260  -26.243  37.479 0.7500000000
70427  35.029  -27.053  36.987 0.7500000000
62729  18.057  -34.441  44.838 0.8750000000
71462  12.510  -27.139  44.478 0.8750000000
71463  11.707  -27.281  44.711 0.8750000000
68256  5.232  -29.675  38.331 0.7500000000
70433  34.781  -26.933  36.308 0.7500000000
64958  19.102  -33.071  43.185 0.8750000000
63855  18.572  -33.617  44.755 0.8750000000
71476  13.048  -27.271  44.444 0.8750000000
70365  11.907  -27.689  45.044 0.8750000000
71560  34.581  -26.417  35.294 0.5000000000
66020  19.139  -32.450  42.809 0.8750000000
66011  18.944  -32.227  44.237 0.8750000000
64947  18.510  -32.812  45.301 0.8750000000
70441  34.344  -27.087  34.989 0.3750000000
70449  34.103  -26.961  34.474 0.3750000000
66019  19.231  -31.869  42.506 0.8750000000
66015  19.057  -32.023  43.383 0.8750000000
68166  13.130  -29.752  43.534 0.8750000000
68167  12.683  -29.366  43.878 0.8750000000
70467  33.765  -27.305  33.985 0.2500000000
67092  13.640  -29.814  43.156 0.8750000000
70477  33.548  -27.525  33.291 0.2500000000
67080  13.736  -30.272  43.731 0.8750000000
67096  18.542  -30.995  42.934 0.8750000000
67079  14.568  -30.542  43.874 0.8750000000
67112  19.001  -30.440  41.969 0.8750000000
67089  16.184  -30.590  43.285 0.8750000000
67088  17.025  -30.695  43.459 0.8750000000
54592  18.409  -40.291  43.771 0.8750000000
58016  19.967  -38.346  42.040 0.8750000000
58003  20.386  -38.805  42.234 0.8750000000
57989  19.849  -39.147  42.763 0.8750000000
56734  19.463  -39.594  43.208 0.8750000000
55586  19.105  -40.033  43.584 0.8750000000
54591  18.700  -40.527  43.670 0.8750000000
58017  19.239  -38.062  42.309 0.8750000000
59221  19.515  -37.846  41.802 0.8750000000
56735  18.657  -39.178  43.808 0.8750000000
56723  18.292  -39.027  44.348 0.8750000000
55572  18.357  -39.813  43.955 0.8750000000
55573  17.569  -39.524  44.660 0.8750000000
59234  19.887  -37.643  41.253 0.8750000000
58005  18.671  -38.001  42.745 0.8750000000
57990  18.587  -38.428  43.330 0.8750000000
57979  17.893  -38.355  44.820 0.8750000000
56724  17.854  -38.943  44.813 0.8750000000
56711  17.414  -38.798  45.428 0.8750000000
59249  19.455  -37.283  40.873 0.8750000000
59190  17.749  -37.535  45.014 0.8750000000
59235  18.993  -37.412  41.328 0.8750000000
61541  17.583  -35.093  43.086 0.8750000000
71497  12.489  -26.468  42.141 0.8750000000
73726  33.829  -24.317  39.540 0.8750000000
60390  18.784  -36.515  39.593 0.8750000000
62755  17.829  -34.101  43.056 0.8750000000
59178  17.618  -36.571  45.157 0.8750000000
73714  13.351  -26.304  42.989 0.8750000000
72655  34.566  -25.444  38.658 0.7500000000
63863  18.268  -33.754  43.148 0.8750000000
72626  12.611  -26.435  43.749 0.8750000000
72633  12.652  -26.411  43.270 0.8750000000
72663  35.284  -25.502  38.010 0.7500000000
71551  35.215  -26.088  36.711 0.7500000000
64961  18.893  -32.922  42.285 0.8750000000
71461  13.396  -26.713  44.354 0.8750000000
72613  12.187  -26.776  44.211 0.8750000000
70372  13.174  -27.641  44.358 0.8750000000
71559  34.852  -26.070  35.872 0.6250000000
66028  19.355  -32.241  41.928 0.8750000000
69266  13.476  -28.083  43.931 0.8750000000
69267  12.882  -28.401  44.144 0.8750000000
71584  34.124  -26.363  34.130 0.2500000000
68176  12.959  -29.259  43.459 0.8750000000
67091  14.360  -30.101  43.009 0.8750000000
71600  33.740  -26.780  33.677 0.2500000000
71601  33.511  -26.626  33.062 0.2500000000
67111  19.327  -31.234  42.307 0.8750000000
67090  15.276  -30.446  43.119 0.8750000000
58004  19.422  -38.543  42.567 0.8750000000
59222  18.539  -37.513  42.117 0.8750000000
59207  18.194  -37.210  42.920 0.8750000000
60358  17.975  -37.041  41.328 0.8750000000
60375  18.642  -36.975  40.540 0.8750000000
72639  13.056  -26.242  42.525 0.8750000000
73739  34.291  -24.207  39.174 0.8750000000
61586  18.339  -35.986  39.188 0.8750000000
72624  14.155  -25.693  43.955 0.8750000000
73691  13.378  -26.147  43.751 0.8750000000
72664  35.000  -24.955  38.393 0.7500000000
72670  35.391  -25.029  37.348 0.7500000000
64962  18.490  -33.167  42.067 0.8750000000
64970  19.131  -32.447  41.342 0.8750000000
72611  13.778  -26.088  44.169 0.8750000000
72676  35.220  -25.031  36.381 0.7500000000
71474  14.527  -27.004  44.375 0.8750000000
72682  34.853  -25.229  35.563 0.6250000000
72692  34.636  -25.343  34.947 0.5000000000
70371  13.814  -27.709  44.115 0.8750000000
71568  34.678  -25.832  35.266 0.6250000000
66027  19.739  -31.685  41.651 0.8750000000
69282  13.889  -28.619  42.758 0.8750000000
68175  13.323  -29.104  42.993 0.8750000000
72702  34.160  -25.651  33.975 0.3750000000
73791  33.935  -24.822  33.911 0.2500000000
67127  19.946  -30.981  41.383 0.8750000000
68174  13.912  -29.496  42.683 0.8750000000
71585  33.874  -26.221  33.710 0.2500000000
72703  33.785  -25.756  33.540 0.2500000000
71602  33.160  -26.318  32.445 0.1250000000
67097  17.896  -30.629  42.732 0.8750000000
67098  16.999  -30.534  42.522 0.8750000000
60343  17.608  -36.355  42.343 0.8750000000
60359  17.364  -36.159  41.303 0.8750000000
61542  17.113  -35.151  42.240 0.8750000000
60376  17.742  -36.510  40.483 0.8750000000
63867  17.716  -33.666  42.067 0.8750000000
74856  34.039  -23.419  39.636 0.8750000000
61587  17.773  -35.958  39.550 0.8750000000
63875  18.140  -33.286  41.874 0.8750000000
73738  34.711  -24.243  38.786 0.8750000000
61573  17.246  -35.601  40.445 0.8750000000
62793  17.025  -35.047  39.578 0.8750000000
73683  14.638  -25.666  44.020 0.8750000000
73702  14.396  -25.720  43.549 0.8750000000
73749  35.263  -24.374  38.106 0.7500000000
71460  14.324  -26.395  44.316 0.8750000000
72675  35.344  -24.464  36.624 0.7500000000
64969  19.856  -32.130  41.114 0.8750000000
70369  15.170  -27.286  43.859 0.8750000000
70370  14.627  -27.398  44.009 0.8750000000
73772  34.947  -24.499  35.830 0.6250000000
73783  34.708  -24.601  35.265 0.6250000000
70379  14.637  -27.654  43.435 0.8750000000
70380  14.217  -27.739  43.789 0.8750000000
73784  34.442  -24.685  34.632 0.5000000000
69274  13.757  -28.149  43.433 0.8750000000
68201  14.697  -28.936  41.984 0.8750000000
73803  33.571  -25.339  33.422 0.1250000000
68196  18.688  -29.863  41.001 0.8750000000
67100  15.116  -30.002  42.226 0.8750000000
72718  33.360  -25.783  32.983 0.1250000000
67113  17.884  -30.243  41.808 0.8750000000
67114  16.860  -30.224  41.590 0.8750000000
67099  16.045  -30.400  42.338 0.8750000000
61559  17.058  -35.243  41.338 0.8750000000
60344  17.146  -35.789  41.849 0.8750000000
62756  17.521  -34.223  42.506 0.8750000000
76047  34.165  -22.545  39.616 0.8750000000
63885  18.039  -33.072  41.351 0.8750000000
64971  18.536  -32.889  41.612 0.8750000000
74868  34.518  -23.354  39.357 0.8750000000
62783  16.931  -34.404  40.495 0.8750000000
62794  16.754  -34.168  39.575 0.8750000000
64978  20.105  -32.027  40.625 0.8750000000
74878  35.353  -23.469  38.361 0.7500000000
73748  35.379  -23.655  37.954 0.7500000000
66035  20.191  -31.616  40.709 0.8750000000
72623  15.717  -26.335  44.226 0.8750000000
73763  35.433  -24.012  36.842 0.7500000000
67138  20.147  -31.023  40.415 0.8750000000
70378  15.528  -27.363  43.446 0.8750000000
71473  15.315  -26.914  44.258 0.8750000000
73764  35.225  -24.201  36.366 0.6250000000
70386  15.037  -27.617  43.032 0.8750000000
69281  14.627  -28.070  42.670 0.8750000000
74932  34.247  -23.775  34.745 0.6250000000
69293  14.795  -28.576  42.084 0.8750000000
73804  33.065  -24.859  33.054 0.1250000000
67115  15.936  -29.859  41.554 0.8750000000
67116  15.331  -29.432  41.676 0.8750000000
62770  17.268  -34.179  41.624 0.8750000000
63876  17.720  -33.480  41.577 0.8750000000
64979  19.601  -32.152  40.433 0.8750000000
76046  34.830  -21.952  39.587 0.7500000000
63895  16.854  -33.370  39.703 0.8750000000
64991  16.775  -32.961  39.196 0.8750000000
66044  20.067  -31.519  39.896 0.8750000000
74866  35.506  -22.843  38.729 0.7500000000
74890  35.500  -22.993  37.705 0.7500000000
66043  20.266  -31.430  40.324 0.8750000000
74905  35.307  -23.292  36.619 0.6250000000
74906  34.973  -23.174  36.132 0.6250000000
74931  34.549  -23.730  35.265 0.6250000000
69280  15.126  -27.858  42.327 0.8750000000
74938  33.930  -23.925  34.356 0.5000000000
74946  33.017  -23.818  33.356 0.1250000000
69291  16.072  -28.147  41.224 0.8750000000
68199  15.932  -28.883  41.213 0.8750000000
68198  16.693  -29.494  41.032 0.8750000000
64981  17.622  -32.819  40.361 0.8750000000
64980  18.331  -32.560  40.724 0.8750000000
64989  18.800  -31.982  39.946 0.8750000000
77253  34.533  -21.487  39.658 0.7500000000
64990  17.505  -32.377  39.594 0.8750000000
77267  35.362  -21.385  39.487 0.7500000000
64998  17.258  -32.035  38.769 0.8750000000
76076  35.620  -22.022  38.130 0.7500000000
74891  35.519  -22.849  37.212 0.7500000000
76092  35.589  -22.298  36.953 0.7500000000
76105  34.857  -22.899  35.990 0.6250000000
76134  34.294  -22.768  35.133 0.5000000000
76135  33.792  -22.922  34.534 0.5000000000
69292  15.382  -28.047  41.811 0.8750000000
76144  33.656  -23.453  34.216 0.5000000000
76145  33.311  -22.884  33.773 0.2500000000
76152  32.815  -22.806  32.716 0.1250000000
68197  17.645  -29.695  41.035 0.8750000000
68216  17.326  -29.002  40.573 0.8750000000
63886  17.480  -33.363  40.856 0.8750000000
78402  35.063  -20.754  39.772 0.7500000000
77265  35.849  -21.171  38.771 0.7500000000
76091  35.641  -22.134  37.541 0.7500000000
77306  35.653  -21.536  36.777 0.6250000000
76104  35.153  -22.408  36.357 0.6250000000
76121  34.725  -22.560  35.761 0.6250000000
77326  34.093  -21.726  34.723 0.5000000000
76136  33.536  -22.448  34.155 0.5000000000
69305  16.784  -28.184  40.657 0.7500000000
68217  16.642  -28.916  40.785 0.7500000000
77346  33.293  -21.740  32.849 0.2500000000
86872  47.683  -12.943  27.874 0.8750000000
87928  47.465  -12.444  28.305 0.8750000000
89004  47.294  -11.879  28.899 0.8750000000
87946  47.845  -12.536  27.299 0.8750000000
89181  50.570  -11.955  19.913 0.7500000000
88050  50.767  -12.217  20.608 0.6250000000
89205  50.955  -11.644  18.427 0.5000000000
77280  35.880  -21.156  38.424 0.7500000000
78448  35.923  -20.991  37.027 0.6250000000
77317  35.388  -21.452  36.329 0.6250000000
77318  35.011  -21.493  35.909 0.6250000000
78472  35.569  -20.737  35.998 0.6250000000
77325  34.588  -21.622  35.361 0.5000000000
77336  33.812  -21.305  34.102 0.5000000000
77337  33.466  -21.872  33.792 0.5000000000
78535  33.462  -21.155  31.996 0.3750000000
77357  32.818  -21.887  31.745 0.1250000000
77356  33.442  -21.057  31.205 0.3750000000
90122  47.222  -10.927  28.998 0.8750000000
89040  47.601  -11.366  27.138 0.8750000000
89019  47.481  -11.593  28.129 0.8750000000
91196  46.721  -10.246  29.189 0.8750000000
87961  47.842  -12.204  26.227 0.8750000000
87974  47.618  -12.097  25.244 0.8750000000
90259  50.575  -11.614  18.568 0.5000000000
90267  50.799  -11.333  18.138 0.6250000000
88093  51.337  -11.985  18.114 0.5000000000
78473  35.151  -20.738  35.503 0.5000000000
79710  35.586  -19.968  35.146 0.6250000000
78481  34.176  -20.978  34.363 0.5000000000
78497  34.999  -19.952  33.592 0.5000000000
78498  34.296  -20.600  33.788 0.5000000000
78534  34.224  -20.586  31.644 0.3750000000
90136  47.577  -10.520  27.970 0.8750000000
91209  47.166  -9.700  28.578 0.8750000000
92185  46.847  -9.138  28.623 0.8750000000
89058  47.554  -11.140  26.158 0.8750000000
87989  47.221  -11.977  24.258 0.8750000000
89093  46.728  -10.986  24.425 0.8750000000
87990  46.601  -11.612  23.842 0.8750000000
88025  46.448  -12.277  22.505 0.8750000000
88005  45.974  -11.807  23.309 0.8750000000
90269  49.713  -11.165  17.946 0.7500000000
89216  50.988  -11.406  17.551 0.6250000000
86977  52.207  -13.028  18.105 0.5000000000
85893  52.342  -13.908  17.931 0.5000000000
84779  51.582  -14.879  16.989 0.3750000000
88092  51.749  -12.433  17.843 0.5000000000
86980  52.213  -13.236  17.297 0.5000000000
85905  52.312  -14.015  17.480 0.5000000000
84778  51.867  -14.673  16.929 0.2500000000
79728  35.844  -19.667  34.035 0.5000000000
78514  35.982  -19.605  32.743 0.3750000000
78515  34.613  -20.307  32.723 0.3750000000
78532  36.568  -19.692  31.510 0.3750000000
78533  35.359  -20.026  31.636 0.3750000000
78552  34.073  -20.680  30.778 0.3750000000
92193  47.251  -8.263  28.026 0.8750000000
91222  47.756  -9.383  27.656 0.8750000000
90156  47.757  -10.277  26.967 0.8750000000
91236  47.997  -9.256  26.688 0.8750000000
82139  3.471  -18.090  28.009 0.6250000000
80957  3.570  -18.321  27.304 0.6250000000
91249  47.746  -9.105  25.882 0.8750000000
92233  47.903  -8.337  25.540 0.7500000000
82103  4.961  -17.676  29.119 0.6250000000
82121  4.116  -17.906  28.517 0.6250000000
82138  4.215  -18.183  27.498 0.6250000000
92234  47.289  -8.339  24.969 0.8750000000
82120  4.999  -17.904  28.117 0.6250000000
90174  47.529  -10.042  26.088 0.8750000000
91261  47.366  -9.126  25.167 0.8750000000
92235  46.487  -8.264  24.538 0.8750000000
92236  45.796  -8.040  24.376 0.7500000000
93221  45.361  -7.433  24.380 0.7500000000
89074  47.302  -10.870  25.191 0.8750000000
90202  47.037  -10.031  24.775 0.8750000000
90203  46.452  -10.206  24.215 0.8750000000
90218  45.877  -10.232  23.732 0.7500000000
91273  45.707  -9.329  23.909 0.7500000000
89118  44.978  -10.942  22.803 0.8750000000
90219  45.079  -10.141  23.064 0.7500000000
89198  46.057  -11.987  19.133 0.7500000000
89186  45.761  -12.187  19.984 0.7500000000
88081  45.430  -12.221  20.812 0.7500000000
88056  44.934  -11.838  21.564 0.7500000000
88027  44.965  -11.456  22.340 0.7500000000
89199  45.034  -12.095  19.098 0.7500000000
89200  44.049  -12.026  19.312 0.7500000000
90270  49.261  -11.058  17.664 0.7500000000
89211  45.357  -12.125  18.170 0.7500000000
90268  50.445  -11.205  17.886 0.7500000000
88097  51.458  -12.065  17.228 0.6250000000
88096  51.896  -12.734  17.078 0.5000000000
89213  43.223  -11.632  18.807 0.7500000000
86979  52.218  -13.618  16.842 0.3750000000
85911  52.349  -14.187  16.423 0.3750000000
84792  51.990  -14.521  16.425 0.3750000000
92205  47.990  -8.409  27.189 0.8750000000
92192  47.515  -7.474  27.400 0.7500000000
94264  46.602  -6.186  27.530 0.7500000000
93202  48.304  -7.416  26.508 0.7500000000
92219  48.245  -8.262  26.345 0.7500000000
94289  41.740  -6.909  26.792 0.3750000000
93218  47.782  -7.716  25.347 0.7500000000
94324  46.675  -6.747  25.120 0.7500000000
93183  40.949  -7.305  27.190 0.2500000000
93184  40.265  -7.808  27.684 0.2500000000
82169  4.877  -18.046  26.211 0.6250000000
95486  45.188  -5.868  24.965 0.5000000000
95487  44.364  -5.784  24.857 0.2500000000
93195  41.262  -7.539  26.357 0.2500000000
93209  40.798  -8.001  25.859 0.2500000000
92196  39.704  -8.383  28.250 0.2500000000
82102  5.852  -17.891  28.670 0.6250000000
82119  5.796  -18.010  27.808 0.5000000000
93220  46.261  -7.384  24.663 0.7500000000
94326  44.740  -6.623  24.427 0.5000000000
94327  43.794  -6.390  24.375 0.5000000000
93224  44.481  -7.565  23.992 0.5000000000
95466  42.322  -4.932  25.133 0.2500000000
80944  6.456  -18.158  28.227 0.5000000000
80955  6.404  -18.107  27.610 0.5000000000
90231  44.669  -10.538  22.587 0.7500000000
91280  44.192  -9.328  22.746 0.7500000000
94338  42.377  -6.792  23.822 0.2500000000
96593  41.077  -3.988  25.274 0.2500000000
98807  40.810  -2.129  25.491 0.1250000000
99869  40.098  -1.375  26.460 0.1250000000
80954  6.866  -18.237  27.845 0.5000000000
82151  7.159  -17.712  26.095 0.5000000000
89187  44.859  -12.053  20.042 0.7500000000
88082  44.738  -11.959  20.762 0.7500000000
89170  44.586  -11.358  21.892 0.7500000000
90232  44.081  -10.167  22.288 0.6250000000
93226  42.765  -7.586  23.295 0.3750000000
94339  41.443  -6.383  23.783 0.2500000000
97716  40.838  -3.128  25.473 0.2500000000
99870  39.505  -1.519  26.063 0.1250000000
98799  38.950  -2.146  26.171 0.1250000000
89188  44.121  -11.603  20.332 0.7500000000
90242  43.251  -10.242  21.366 0.7500000000
91282  42.626  -9.093  22.180 0.7500000000
93228  41.008  -7.013  23.155 0.3750000000
95508  40.903  -5.645  23.928 0.2500000000
97727  40.603  -2.980  24.546 0.2500000000
99880  40.499  -1.505  25.593 0.2500000000
99882  39.274  -1.433  25.335 0.1250000000
98800  38.351  -2.627  25.951 0.1250000000
89223  44.918  -11.845  17.549 0.7500000000
89201  43.315  -11.578  19.615 0.7500000000
90249  42.406  -10.363  20.457 0.7500000000
90243  42.552  -9.975  21.039 0.7500000000
92253  41.597  -8.554  21.778 0.7500000000
94340  40.597  -6.225  23.293 0.3750000000
95509  40.426  -5.090  23.546 0.3750000000
99881  39.875  -1.224  25.418 0.1250000000
98809  37.792  -2.646  25.383 0.1250000000
97718  36.393  -3.667  25.214 0.1250000000
90275  49.974  -11.106  17.291 0.7500000000
89212  44.089  -11.988  17.986 0.7500000000
91295  41.586  -9.743  19.722 0.7500000000
91291  41.665  -9.557  20.600 0.7500000000
93234  40.877  -7.681  21.659 0.6250000000
94342  40.295  -5.930  22.518 0.3750000000
96623  40.567  -3.894  23.575 0.3750000000
98819  40.587  -2.060  24.594 0.2500000000
99891  40.165  -1.426  24.572 0.2500000000
98820  38.365  -1.988  24.619 0.1250000000
88101  51.511  -12.358  16.312 0.7500000000
88095  52.030  -13.193  16.728 0.5000000000
93235  40.449  -6.701  21.655 0.6250000000
95516  40.480  -4.804  22.561 0.3750000000
97739  40.694  -2.823  23.653 0.3750000000
100766  39.996  -1.143  24.146 0.2500000000
100775  39.395  -1.256  24.405 0.2500000000
98821  37.449  -2.415  24.536 0.1250000000
84791  52.287  -14.338  16.093 0.3750000000
84802  51.933  -14.710  15.414 0.3750000000
100773  40.005  -1.133  23.853 0.1250000000
99899  39.116  -1.455  23.876 0.1250000000
84813  51.342  -15.288  14.139 0.2500000000
99897  40.297  -1.484  23.672 0.2500000000
99898  39.953  -1.309  23.523 0.1250000000
87802  19.693  -12.820  40.911 0.3750000000
86751  19.136  -13.696  40.391 0.2500000000
87815  19.334  -12.689  39.849 0.2500000000
88906  19.596  -11.982  40.409 0.2500000000
88921  19.388  -11.887  39.351 0.1250000000
93190  48.137  -7.290  26.911 0.7500000000
93178  47.845  -6.936  27.176 0.7500000000
93179  47.234  -7.023  27.485 0.7500000000
95434  42.528  -5.720  27.949 0.3750000000
95419  41.911  -5.822  28.738 0.3750000000
94284  48.163  -6.815  26.717 0.7500000000
94305  48.067  -6.624  26.173 0.7500000000
95435  41.802  -6.114  27.994 0.3750000000
93174  40.892  -7.274  28.179 0.2500000000
93166  40.380  -7.898  29.828 0.2500000000
93203  48.293  -7.475  25.884 0.7500000000
93204  47.835  -7.094  25.561 0.7500000000
94307  46.566  -6.083  25.483 0.5000000000
96588  45.536  -4.497  25.964 0.3750000000
97699  44.726  -2.967  26.822 0.1250000000
94269  41.445  -6.696  27.640 0.2500000000
93175  40.304  -7.863  28.757 0.2500000000
92189  39.273  -8.960  28.823 0.2500000000
95462  45.945  -5.405  25.532 0.3750000000
96576  44.362  -3.686  26.372 0.1250000000
98794  43.136  -2.532  26.997 0.1250000000
99860  41.884  -1.618  27.618 0.1250000000
98788  40.690  -2.223  27.761 0.1250000000
91212  38.778  -9.462  28.210 0.2500000000
95465  43.104  -4.954  25.258 0.1250000000
97702  41.896  -2.924  26.441 0.1250000000
99861  41.190  -1.652  27.522 0.1250000000
97691  40.230  -2.746  27.820 0.1250000000
96591  42.654  -4.288  25.635 0.1250000000
98806  41.223  -1.857  26.137 0.1250000000
98789  40.102  -2.109  27.260 0.1250000000
97692  39.579  -3.008  27.523 0.1250000000
98797  41.125  -2.357  25.963 0.1250000000
97704  39.113  -2.733  26.858 0.1250000000
96577  38.086  -3.828  26.742 0.1250000000
97705  38.535  -3.131  26.655 0.1250000000
97706  37.901  -3.340  26.158 0.1250000000
82150  8.131  -17.453  25.773 0.3750000000
97717  37.215  -3.666  25.698 0.1250000000
96595  36.678  -4.439  25.766 0.1250000000
90255  42.269  -10.772  19.648 0.7500000000
96596  35.916  -4.484  25.403 0.1250000000
90274  50.383  -11.173  17.340 0.7500000000
89225  51.040  -11.774  16.463 0.7500000000
90264  42.288  -11.078  18.904 0.7500000000
92255  41.284  -8.495  20.925 0.7500000000
98810  37.023  -3.035  25.067 0.1250000000
97719  35.792  -3.874  25.065 0.1250000000
96609  35.388  -4.247  25.087 0.1250000000
91301  41.681  -10.175  19.052 0.7500000000
92261  41.372  -8.768  19.788 0.7500000000
93238  40.953  -7.316  20.665 0.7500000000
93239  40.596  -6.415  21.163 0.3750000000
96634  40.835  -3.680  22.722 0.3750000000
98822  36.308  -2.873  24.525 0.1250000000
96610  34.679  -4.617  24.843 0.1250000000
88100  51.783  -12.975  16.038 0.5000000000
84801  52.520  -14.382  15.478 0.5000000000
84812  51.949  -15.033  14.448 0.5000000000
97729  35.388  -3.611  24.697 0.1250000000
97730  34.420  -3.551  24.289 0.1250000000
84811  52.479  -14.679  14.552 0.3750000000
95524  41.174  -4.679  21.590 0.3750000000
96647  41.410  -3.440  22.333 0.3750000000
97752  41.247  -2.659  22.781 0.3750000000
84821  51.267  -15.425  13.488 0.2500000000
97773  41.497  -3.011  22.518 0.3750000000
98843  40.944  -1.877  23.095 0.1250000000
84832  52.797  -15.269  11.751 0.3750000000
84833  52.011  -15.404  11.850 0.3750000000
85932  54.433  -14.607  12.149 0.5000000000
84838  53.606  -15.407  11.291 0.3750000000
85936  54.352  -15.202  11.345 0.3750000000
85935  54.688  -14.929  10.686 0.3750000000
85941  54.475  -14.642  10.078 0.3750000000
85949  53.848  -14.651  9.504 0.5000000000
85953  53.894  -14.299  8.581 0.3750000000
85966  52.329  -13.661  8.303 0.1250000000
87037  52.348  -12.683  6.376 0.1250000000
88143  51.387  -12.385  6.212 0.1250000000
88167  50.597  -12.331  4.764 0.1250000000
86011  49.797  -14.347  3.689 0.1250000000
84912  50.520  -15.383  2.912 0.1250000000
85632  21.486  -15.103  42.950 0.3750000000
85618  21.177  -14.216  43.191 0.5000000000
86727  20.769  -13.798  42.908 0.5000000000
86741  20.392  -13.820  42.261 0.3750000000
86742  19.798  -13.708  41.472 0.3750000000
87791  20.275  -12.898  42.011 0.2500000000
88895  19.882  -12.092  41.446 0.3750000000
90007  19.347  -11.420  41.116 0.2500000000
90015  19.146  -11.277  40.035 0.2500000000
90026  19.057  -11.105  38.947 0.1250000000
90016  18.543  -10.656  39.702 0.1250000000
88934  19.319  -11.823  38.247 0.1250000000
96563  45.913  -4.461  28.166 0.5000000000
96564  45.064  -4.570  28.031 0.5000000000
95417  43.398  -4.840  29.201 0.3750000000
95408  42.712  -5.412  29.897 0.3750000000
94229  42.188  -5.839  29.909 0.3750000000
94263  47.459  -6.020  27.298 0.6250000000
95418  42.666  -5.326  28.839 0.3750000000
94230  41.682  -6.367  29.728 0.3750000000
93155  41.104  -7.304  30.384 0.3750000000
94285  47.877  -6.154  26.799 0.7500000000
96573  46.928  -4.052  26.773 0.5000000000
93165  40.879  -7.182  29.254 0.3750000000
92188  39.854  -8.476  29.312 0.1250000000
95447  47.353  -4.973  26.678 0.6250000000
95460  47.543  -5.811  26.452 0.7500000000
96574  46.036  -3.823  26.490 0.5000000000
98785  44.739  -2.287  27.456 0.2500000000
98786  43.789  -2.351  27.376 0.1250000000
92178  39.596  -9.019  29.867 0.2500000000
91199  38.836  -9.545  29.449 0.2500000000
97700  43.694  -3.139  26.701 0.1250000000
98787  43.087  -2.078  27.370 0.1250000000
99852  41.697  -1.794  28.206 0.1250000000
91213  38.244  -9.947  28.474 0.1250000000
99851  42.313  -1.722  28.564 0.2500000000
97682  40.053  -3.324  28.188 0.1250000000
96566  39.070  -3.722  27.750 0.1250000000
96567  38.469  -4.016  27.423 0.1250000000
95422  37.783  -5.103  27.875 0.1250000000
96568  37.953  -4.353  27.063 0.1250000000
95448  37.218  -4.936  26.616 0.1250000000
94290  36.359  -5.737  26.318 0.1250000000
82133  9.050  -17.287  26.382 0.3750000000
96594  37.136  -4.264  26.004 0.1250000000
95467  36.242  -5.025  25.794 0.1250000000
95450  36.219  -5.543  25.997 0.1250000000
95468  35.690  -5.384  25.661 0.1250000000
95469  34.879  -5.504  25.394 0.1250000000
94310  33.796  -6.532  25.962 0.1250000000
89226  50.330  -11.314  16.715 0.7500000000
89227  49.437  -11.172  16.537 0.7500000000
90262  43.822  -10.726  17.448 0.7500000000
90263  43.097  -10.983  18.103 0.7500000000
91300  42.374  -10.066  18.369 0.7500000000
95492  34.423  -5.371  25.035 0.1250000000
92267  41.746  -9.290  18.837 0.7500000000
93251  41.557  -7.711  19.667 0.5000000000
95493  33.920  -5.383  24.776 0.1250000000
88105  51.627  -12.527  15.679 0.6250000000
86982  52.215  -13.489  15.785 0.5000000000
85915  52.685  -13.900  15.370 0.3750000000
91299  43.309  -9.870  17.808 0.5000000000
92260  41.865  -8.391  18.993 0.6250000000
94356  40.956  -5.907  20.832 0.5000000000
96611  33.713  -4.525  24.405 0.1250000000
85918  52.311  -14.994  14.055 0.3750000000
92259  42.456  -8.199  18.844 0.5000000000
94368  42.525  -7.162  19.570 0.5000000000
95536  41.266  -5.390  21.066 0.5000000000
84819  52.601  -14.844  13.674 0.3750000000
84820  51.998  -15.210  13.583 0.3750000000
94354  42.775  -6.291  20.114 0.5000000000
95535  41.881  -5.568  20.820 0.5000000000
97772  41.811  -3.025  22.343 0.2500000000
98842  41.603  -2.049  22.507 0.2500000000
84828  52.759  -14.986  12.732 0.3750000000
84829  52.019  -15.218  12.503 0.3750000000
95534  43.182  -5.443  20.847 0.5000000000
97771  42.596  -3.051  22.234 0.2500000000
85931  55.026  -14.793  11.252 0.5000000000
87005  55.155  -14.350  10.394 0.6250000000
85948  54.732  -14.223  9.245 0.5000000000
85965  53.168  -13.953  7.941 0.1250000000
85952  54.568  -14.100  8.358 0.2500000000
85978  53.400  -13.265  7.008 0.1250000000
88151  52.043  -12.431  5.472 0.1250000000
88177  50.888  -12.627  3.969 0.1250000000
87088  50.496  -13.486  3.457 0.1250000000
86713  21.753  -13.872  44.157 0.3750000000
86714  21.250  -13.748  43.512 0.3750000000
87770  21.314  -13.015  44.123 0.3750000000
88880  20.661  -12.545  43.659 0.3750000000
87790  20.515  -13.361  42.551 0.2500000000
87780  20.608  -12.988  43.078 0.2500000000
88887  20.047  -12.192  42.274 0.2500000000
89989  19.572  -11.625  42.839 0.2500000000
89998  19.573  -11.634  42.249 0.2500000000
89999  18.840  -11.014  41.904 0.2500000000
90008  18.694  -10.811  40.788 0.2500000000
87839  19.226  -12.432  38.128 0.1250000000
90009  17.990  -10.273  40.493 0.2500000000
90027  18.340  -10.418  38.537 0.1250000000
95379  43.185  -5.230  31.532 0.2500000000
94187  42.983  -5.758  31.792 0.2500000000
93111  42.278  -6.820  32.680 0.1250000000
93130  41.823  -7.470  32.554 0.1250000000
92151  41.347  -7.924  33.163 0.1250000000
97680  45.533  -3.525  29.142 0.3750000000
97671  45.165  -3.265  29.780 0.3750000000
96541  44.344  -3.789  30.117 0.3750000000
95396  43.313  -5.010  30.924 0.3750000000
95397  42.885  -5.438  30.965 0.3750000000
92152  40.881  -8.553  32.890 0.1250000000
91178  40.250  -8.931  32.531 0.1250000000
96562  46.670  -4.135  27.817 0.5000000000
96550  45.909  -3.771  28.636 0.5000000000
96551  45.009  -3.899  28.975 0.5000000000
95407  43.398  -4.950  30.265 0.3750000000
94210  42.279  -5.974  30.543 0.3750000000
94211  41.859  -6.744  30.912 0.3750000000
93145  41.530  -7.605  31.573 0.1250000000
92168  40.248  -8.673  31.083 0.1250000000
91179  39.459  -9.028  32.085 0.1250000000
91187  39.373  -9.112  30.857 0.1250000000
91180  38.564  -9.282  31.637 0.1250000000
97678  46.282  -3.040  28.645 0.3750000000
96572  47.255  -4.597  27.136 0.5000000000
97687  46.418  -3.180  27.660 0.5000000000
92169  39.811  -8.861  30.528 0.1250000000
98784  45.553  -2.498  27.483 0.5000000000
99849  43.945  -1.733  28.577 0.2500000000
99850  43.130  -1.659  28.566 0.2500000000
91200  37.807  -10.049  29.434 0.1250000000
98778  41.822  -2.013  28.858 0.2500000000
96553  40.211  -3.714  28.755 0.1250000000
95410  39.470  -4.820  29.243 0.1250000000
96554  39.582  -4.039  28.389 0.1250000000
94231  38.140  -5.570  28.676 0.1250000000
95421  38.366  -4.856  28.208 0.1250000000
94250  37.600  -5.587  28.224 0.1250000000
95438  37.101  -5.488  27.045 0.1250000000
89239  48.203  -11.239  16.074 0.7500000000
94309  34.628  -6.307  25.898 0.1250000000
89236  50.426  -11.689  15.559 0.7500000000
89237  49.481  -11.360  15.436 0.7500000000
91298  43.894  -9.789  17.277 0.5000000000
95471  33.355  -6.115  25.228 0.1250000000
95472  32.420  -6.114  25.324 0.1250000000
86987  52.294  -13.038  15.156 0.6250000000
84810  52.827  -14.337  14.715 0.5000000000
93258  43.755  -8.222  18.418 0.5000000000
93249  43.090  -7.863  18.918 0.5000000000
86985  53.038  -13.717  14.560 0.5000000000
84818  53.072  -14.445  13.903 0.5000000000
93248  44.274  -7.525  18.960 0.5000000000
84827  53.463  -14.767  13.000 0.3750000000
94366  44.721  -6.820  19.755 0.5000000000
84831  53.683  -15.275  12.121 0.5000000000
87001  54.660  -13.623  12.318 0.5000000000
87036  53.178  -12.888  6.075 0.1250000000
88165  52.245  -12.497  5.007 0.1250000000
88166  51.636  -12.444  4.643 0.1250000000
88882  19.595  -11.472  43.621 0.2500000000
88871  19.373  -11.228  43.854 0.2500000000
89991  18.321  -10.413  42.666 0.2500000000
90000  18.118  -10.383  41.570 0.2500000000
92140  40.918  -8.481  33.849 0.1250000000
90042  18.992  -10.989  37.887 0.1250000000
90017  17.904  -10.137  39.490 0.1250000000
91071  17.395  -9.673  40.206 0.1250000000
93112  41.802  -7.066  33.296 0.1250000000
91087  18.145  -10.197  37.848 0.1250000000
96519  43.419  -4.421  31.544 0.1250000000
91167  40.269  -8.886  33.500 0.1250000000
96532  43.637  -4.477  30.741 0.3750000000
96549  46.225  -3.538  28.565 0.5000000000
97669  46.046  -2.627  29.093 0.3750000000
98766  44.990  -2.413  29.840 0.3750000000
98767  44.005  -2.131  30.046 0.2500000000
91181  37.700  -9.708  31.397 0.1250000000
99846  45.867  -2.231  28.462 0.3750000000
99837  44.490  -1.796  29.275 0.2500000000
98768  43.146  -2.099  29.967 0.2500000000
96535  40.418  -4.363  30.158 0.1250000000
95399  39.214  -5.418  30.174 0.1250000000
98769  42.264  -2.212  29.659 0.2500000000
97672  41.708  -2.731  29.893 0.2500000000
96534  41.063  -3.803  30.265 0.2500000000
94212  38.314  -5.867  29.595 0.1250000000
89238  48.686  -11.244  15.838 0.7500000000
91307  44.822  -10.480  16.332 0.6250000000
89235  51.286  -12.156  15.328 0.7500000000
92265  44.123  -8.847  17.686 0.5000000000
85917  53.214  -14.064  14.217 0.5000000000
92271  45.109  -8.450  17.107 0.5000000000
86991  53.501  -13.565  13.795 0.5000000000
93257  44.991  -7.966  17.979 0.5000000000
85924  53.872  -14.086  13.270 0.5000000000
87000  55.275  -14.047  11.450 0.6250000000
88127  55.523  -13.615  10.620 0.6250000000
88126  55.336  -13.622  9.540 0.5000000000
140340  55.247  -13.797  9.002 0.5000000000
85964  54.072  -13.920  7.723 0.1250000000
85977  54.396  -13.561  6.872 0.1250000000
85994  53.926  -12.983  6.185 0.1250000000
87051  52.671  -12.579  5.472 0.1250000000
87050  53.407  -12.649  5.377 0.1250000000
87068  52.504  -12.564  4.492 0.1250000000
87069  51.827  -12.627  4.156 0.1250000000
91055  17.599  -9.795  42.352 0.2500000000
91063  17.421  -9.780  41.274 0.2500000000
90028  17.804  -10.023  38.838 0.1250000000
91078  17.396  -9.663  39.217 0.1250000000
95347  43.051  -5.336  32.785 0.1250000000
94143  43.010  -5.812  32.518 0.1250000000
92139  41.229  -7.704  33.968 0.1250000000
91079  16.855  -9.182  38.801 0.1250000000
91072  16.839  -9.089  39.837 0.1250000000
97652  44.044  -3.512  30.993 0.3750000000
96518  43.765  -3.875  31.211 0.1250000000
96506  43.156  -4.718  32.355 0.1250000000
94144  42.563  -6.185  32.992 0.1250000000
91168  39.517  -8.996  33.149 0.1250000000
98753  44.173  -3.166  31.022 0.3750000000
95348  42.372  -5.410  32.987 0.1250000000
91169  38.645  -9.065  32.752 0.1250000000
98757  44.621  -2.995  30.529 0.3750000000
96494  42.354  -4.780  32.778 0.1250000000
96508  42.121  -4.261  32.234 0.1250000000
98758  44.216  -2.656  30.658 0.2500000000
97654  43.147  -3.400  31.443 0.2500000000
90112  36.971  -10.055  31.299 0.1250000000
98759  43.415  -2.624  30.757 0.2500000000
95364  41.415  -4.604  31.908 0.2500000000
95382  40.979  -4.673  31.374 0.1250000000
95384  39.220  -5.664  31.419 0.1250000000
97665  41.498  -3.215  30.234 0.2500000000
96522  40.776  -4.427  30.785 0.1250000000
90286  48.529  -11.027  14.956 0.7500000000
89247  49.940  -11.541  14.893 0.7500000000
90297  47.219  -10.599  14.912 0.6250000000
89234  51.799  -12.176  14.812 0.7500000000
88111  52.551  -12.584  14.312 0.6250000000
86986  52.676  -13.312  14.834 0.5000000000
88103  52.519  -12.845  14.742 0.5000000000
86992  53.217  -13.192  14.137 0.5000000000
88122  54.686  -12.762  12.400 0.6250000000
88120  55.467  -13.041  10.227 0.6250000000
87026  55.073  -13.981  8.571 0.2500000000
85963  54.967  -13.954  7.703 0.2500000000
89970  19.226  -10.187  45.302 0.3750000000
91047  18.389  -9.895  44.147 0.2500000000
91034  18.616  -9.526  44.913 0.2500000000
91048  17.808  -9.593  43.531 0.2500000000
91156  39.521  -9.059  34.140 0.1250000000
91056  16.756  -9.310  42.115 0.2500000000
93090  41.307  -6.948  34.030 0.1250000000
94145  41.603  -6.172  33.342 0.1250000000
91170  37.808  -9.426  32.409 0.1250000000
95350  40.322  -5.683  32.703 0.1250000000
95365  40.766  -5.261  31.946 0.1250000000
95366  39.853  -5.679  32.018 0.1250000000
95367  39.135  -5.696  32.222 0.1250000000
90285  49.029  -11.022  14.656 0.7500000000
89246  50.458  -11.633  14.306 0.7500000000
89245  51.453  -12.085  14.285 0.7500000000
90296  47.729  -10.554  14.562 0.7500000000
89244  52.114  -12.276  14.275 0.7500000000
88118  52.911  -12.614  13.925 0.5000000000
89251  52.744  -12.273  13.443 0.6250000000
86998  53.713  -13.017  13.599 0.5000000000
89250  53.511  -12.221  13.034 0.6250000000
86997  54.233  -13.256  13.181 0.5000000000
88121  55.254  -12.948  11.371 0.6250000000
85976  55.142  -13.784  6.609 0.1250000000
87067  53.609  -12.608  4.465 0.1250000000
86010  54.118  -12.760  5.446 0.1250000000
91142  40.063  -8.553  34.833 0.1250000000
91144  38.641  -9.220  34.818 0.1250000000
91157  38.692  -9.107  33.849 0.1250000000
93091  40.610  -6.968  34.520 0.1250000000
91158  37.838  -9.329  33.516 0.1250000000
94127  40.904  -6.421  33.927 0.1250000000
94128  40.148  -6.363  33.982 0.1250000000
94146  40.694  -5.956  33.354 0.1250000000
95352  38.862  -5.712  32.590 0.1250000000
90103  37.049  -9.856  32.149 0.1250000000
89253  51.087  -11.648  13.402 0.7500000000
90295  48.565  -10.509  14.058 0.7500000000
89259  52.481  -11.407  12.845 0.7500000000
88116  54.086  -12.458  12.988 0.6250000000
89249  54.017  -11.881  12.739 0.7500000000
85962  55.613  -13.802  7.319 0.2500000000
85993  54.630  -13.173  6.016 0.1250000000
86009  54.495  -12.708  5.054 0.1250000000
91145  37.861  -9.490  34.541 0.1250000000
92122  40.492  -8.000  34.780 0.1250000000
89260  51.652  -11.270  12.883 0.7500000000
85992  55.145  -13.220  5.753 0.2500000000
86008  54.854  -12.706  4.895 0.1250000000
91991  18.361  -8.511  47.747 0.1250000000
91992  17.869  -8.411  47.863 0.1250000000
90083  37.181  -9.947  34.235 0.1250000000
82137  5.157  -18.104  27.271 0.6250000000
54654  21.157  -41.308  40.033 0.6250000000
54642  21.434  -41.519  40.756 0.7500000000
72640  12.118  -26.512  42.641 0.8750000000
73703  13.709  -26.124  43.394 0.8750000000
71499  11.288  -27.156  42.583 0.8750000000
69283  10.260  -28.051  42.320 0.8750000000
71487  15.713  -27.106  44.013 0.8750000000
70394  15.835  -27.553  42.011 0.8750000000
70385  15.494  -27.604  42.595 0.8750000000
71510  33.473  -26.020  39.535 0.7500000000
71459  15.165  -26.346  44.219 0.8750000000
68204  7.427  -30.056  41.252 0.7500000000
68177  8.080  -29.434  42.725 0.7500000000
60357  20.898  -37.601  40.747 0.8750000000
72645  33.747  -25.374  39.419 0.7500000000
67207  3.485  -30.708  33.245 0.7500000000
66138  3.538  -32.322  32.894 0.7500000000
68327  3.111  -29.343  33.760 0.7500000000
68291  2.189  -30.295  36.497 0.7500000000
68303  2.476  -29.691  35.937 0.7500000000
62873  4.823  -34.495  31.296 0.5000000000
77266  35.769  -21.271  39.058 0.7500000000
79742  36.443  -19.484  33.410 0.3750000000
78513  37.228  -19.535  32.236 0.3750000000
89228  48.683  -11.165  16.615 0.7500000000
91317  46.899  -9.978  14.572 0.5000000000
89185  46.755  -12.126  20.025 0.7500000000
92208  39.698  -8.362  27.117 0.2500000000
86759  18.932  -13.240  39.339 0.2500000000
88024  47.413  -12.468  22.521 0.8750000000
88004  46.893  -12.195  23.322 0.8750000000
85640  20.158  -14.611  41.883 0.5000000000
88026  45.607  -11.897  22.402 0.8750000000
84449  21.796  -15.610  43.068 0.3750000000
87769  21.753  -13.532  44.535 0.5000000000
89990  19.136  -11.225  43.131 0.2500000000
89983  18.515  -10.370  43.555 0.2500000000
92000  17.302  -8.371  47.551 0.3750000000
59206  21.570  -38.460  41.587 0.8750000000
77294  35.817  -21.428  37.265 0.6250000000
89193  50.702  -11.960  19.145 0.5000000000
85633  20.940  -14.653  42.697 0.5000000000
62737  3.491  -34.559  45.360 0.7500000000
61522  2.636  -35.702  44.763 0.6250000000
62746  2.445  -34.835  44.238 0.6250000000
60321  2.571  -36.754  44.487 0.6250000000
60327  2.021  -36.719  43.724 0.6250000000
61515  3.065  -36.009  45.234 0.6250000000
62728  3.902  -34.883  45.862 0.6250000000
62736  3.969  -34.148  45.871 0.7500000000
63853  4.420  -33.430  46.193 0.7500000000
60349  2.237  -37.227  42.378 0.5000000000
60348  2.152  -36.892  42.340 0.5000000000
64933  7.841  -32.058  47.671 0.7500000000
64940  6.681  -32.322  47.503 0.7500000000
64939  7.384  -32.174  47.594 0.7500000000
65981  9.570  -31.386  48.191 0.7500000000
60384  2.782  -36.675  41.358 0.6250000000
59266  4.182  -37.420  39.977 0.5000000000
58061  4.999  -38.522  38.725 0.3750000000
58060  5.509  -38.190  38.255 0.3750000000
59265  4.835  -37.342  39.447 0.3750000000
58071  6.042  -38.240  37.473 0.2500000000
64949  4.227  -32.681  45.838 0.7500000000
65995  5.476  -32.155  47.022 0.7500000000
65994  6.036  -31.730  47.274 0.7500000000
65993  7.187  -31.699  47.682 0.7500000000
63846  4.838  -33.005  46.447 0.7500000000
63864  1.980  -33.718  43.358 0.7500000000
62693  12.378  -32.998  47.078 0.8750000000
67028  9.315  -31.089  48.328 0.7500000000
65982  8.665  -31.430  48.145 0.7500000000
65992  7.921  -31.332  47.943 0.7500000000
67035  10.223  -30.743  48.326 0.7500000000
62786  2.511  -34.777  40.838 0.7500000000
61578  3.084  -35.394  40.505 0.5000000000
61577  3.495  -35.438  40.176 0.5000000000
61589  4.784  -35.190  38.839 0.5000000000
60395  4.864  -36.099  39.397 0.5000000000
60394  5.454  -35.982  38.630 0.3750000000
59275  6.262  -37.060  37.392 0.3750000000
60413  5.730  -36.005  36.254 0.5000000000
58089  6.426  -38.456  36.483 0.2500000000
60403  5.838  -36.311  37.908 0.3750000000
58119  7.420  -38.443  34.388 0.2500000000
59297  7.080  -36.964  35.438 0.2500000000
62741  12.484  -34.101  44.635 0.8750000000
62730  13.744  -34.244  45.498 0.8750000000
62719  13.934  -33.973  45.833 0.8750000000
62705  13.992  -33.721  46.287 0.8750000000
66005  5.012  -31.673  45.762 0.7500000000
66001  4.640  -32.240  46.013 0.7500000000
64959  2.542  -32.252  43.536 0.7500000000
62692  13.236  -33.254  47.016 0.8750000000
67048  6.281  -31.166  46.768 0.7500000000
63877  1.739  -33.874  41.852 0.7500000000
68130  11.703  -30.640  48.014 0.7500000000
62795  3.492  -34.286  39.278 0.6250000000
62796  3.245  -34.395  39.778 0.5000000000
61603  4.129  -34.507  38.473 0.5000000000
62785  2.930  -34.591  40.338 0.5000000000
62797  2.858  -33.932  39.964 0.6250000000
61601  5.279  -35.525  37.702 0.5000000000
60452  7.815  -36.471  32.888 0.2500000000
57993  15.252  -38.118  44.145 0.8750000000
62690  14.834  -33.701  46.906 0.8750000000
67061  4.899  -31.467  45.442 0.7500000000
67060  5.395  -31.327  45.779 0.7500000000
67059  6.008  -30.877  46.030 0.7500000000
66018  2.197  -32.291  42.648 0.7500000000
64972  2.040  -32.995  41.213 0.7500000000
68140  8.716  -30.492  47.794 0.7500000000
64982  2.268  -32.957  40.386 0.7500000000
62823  3.601  -34.091  38.005 0.6250000000
64992  2.197  -32.823  39.503 0.6250000000
61616  5.095  -35.559  35.889 0.5000000000
68142  13.906  -30.718  46.381 0.8750000000
60426  4.792  -35.551  35.119 0.5000000000
55606  15.767  -39.511  42.089 0.5000000000
60308  14.727  -36.040  45.343 0.8750000000
67122  33.119  -30.377  39.158 0.7500000000
67094  3.266  -31.072  43.384 0.7500000000
67093  3.799  -30.665  43.758 0.7500000000
67135  33.024  -29.582  39.068 0.7500000000
67071  5.120  -31.072  45.204 0.7500000000
68172  4.602  -30.451  44.176 0.7500000000
66021  2.464  -31.332  42.501 0.7500000000
68165  5.918  -30.460  45.202 0.7500000000
68149  7.845  -30.345  46.881 0.8750000000
67057  7.425  -30.502  46.776 0.7500000000
68147  9.535  -29.903  47.413 0.8750000000
63911  2.555  -33.495  37.782 0.6250000000
62834  2.686  -33.862  36.623 0.6250000000
60442  4.107  -34.933  34.720 0.6250000000
61640  2.824  -34.463  35.319 0.6250000000
60455  5.346  -35.878  33.580 0.3750000000
68171  5.616  -30.342  44.340 0.7500000000
68191  4.587  -30.524  43.434 0.7500000000
68190  4.944  -30.578  43.251 0.7500000000
68180  5.463  -30.379  43.548 0.7500000000
67119  3.763  -30.715  41.789 0.7500000000
67104  4.164  -30.743  42.980 0.7500000000
67142  34.177  -29.852  37.753 0.6250000000
68260  34.408  -29.000  37.251 0.7500000000
68226  2.959  -30.613  40.356 0.7500000000
68155  10.768  -29.317  46.713 0.8750000000
63925  1.677  -33.060  36.140 0.6250000000
66070  1.474  -31.865  36.788 0.6250000000
67065  16.808  -31.096  45.076 0.8750000000
62851  2.539  -33.862  34.979 0.6250000000
61648  3.790  -34.855  34.081 0.6250000000
53652  20.949  -41.727  41.543 0.7500000000
54644  19.923  -41.503  40.410 0.6250000000
54645  19.172  -41.375  40.496 0.5000000000
54618  15.948  -41.096  43.068 0.7500000000
55640  18.918  -40.352  38.507 0.3750000000
54682  18.548  -40.260  38.621 0.3750000000
54659  17.032  -40.593  39.628 0.3750000000
55697  16.783  -38.763  36.485 0.2500000000
69271  6.334  -30.123  44.037 0.7500000000
69279  5.940  -30.283  43.749 0.7500000000
68189  5.459  -30.525  42.845 0.7500000000
68188  6.324  -30.159  42.743 0.7500000000
70410  33.649  -27.424  39.152 0.7500000000
69310  34.341  -27.984  38.315 0.7500000000
69270  8.035  -29.433  44.379 0.8750000000
68170  6.497  -29.991  44.211 0.8750000000
67117  5.176  -30.600  42.462 0.7500000000
68207  4.771  -30.519  41.509 0.7500000000
69309  34.542  -27.671  38.115 0.7500000000
70363  10.129  -28.246  45.569 0.8750000000
65015  1.502  -32.623  35.833 0.6250000000
65024  1.839  -32.491  35.335 0.6250000000
62852  2.444  -33.403  34.799 0.6250000000
62867  2.744  -33.844  34.074 0.6250000000
53654  19.514  -42.024  41.668 0.7500000000
54646  18.313  -41.244  40.709 0.5000000000
54658  17.791  -40.540  40.025 0.3750000000
53647  16.823  -41.609  42.583 0.6250000000
54669  17.438  -40.388  38.965 0.3750000000
69268  9.459  -28.537  43.984 0.8750000000
71454  9.989  -27.861  45.355 0.8750000000
71465  10.052  -27.564  44.840 0.8750000000
71466  9.701  -27.936  44.709 0.8750000000
67162  1.677  -30.946  36.249 0.7500000000
67181  1.819  -31.294  34.707 0.7500000000
66106  2.151  -31.927  34.397 0.7500000000
67168  1.677  -31.016  35.366 0.7500000000
66078  1.455  -31.632  35.830 0.7500000000
65060  2.441  -32.788  33.934 0.7500000000
65059  2.793  -32.758  33.548 0.7500000000
63978  3.669  -33.260  32.663 0.7500000000
71537  34.998  -26.458  38.076 0.7500000000
69359  34.541  -27.610  35.978 0.6250000000
68292  34.281  -29.075  35.615 0.5000000000
70440  34.565  -27.007  35.635 0.5000000000
55597  20.915  -40.659  42.888 0.8750000000
53621  18.455  -41.510  43.513 0.8750000000
55585  20.288  -40.452  42.931 0.8750000000
70373  10.250  -27.785  43.698 0.8750000000
71489  10.991  -27.230  43.038 0.8750000000
72614  11.508  -27.126  44.306 0.8750000000
71464  10.908  -27.412  45.000 0.8750000000
71477  10.774  -27.403  43.658 0.8750000000
64950  18.852  -32.905  44.700 0.8750000000
70364  12.483  -27.868  44.696 0.8750000000
57991  18.345  -37.768  43.173 0.8750000000
72635  11.318  -26.992  43.332 0.8750000000
71538  34.955  -25.784  38.349 0.7500000000
72627  11.988  -26.632  43.781 0.8750000000
71475  13.725  -27.109  44.438 0.8750000000
71569  34.449  -26.201  34.762 0.5000000000
69275  13.004  -28.800  43.533 0.8750000000
55587  18.540  -39.547  43.870 0.8750000000
73704  13.110  -26.331  43.456 0.8750000000
72612  12.948  -26.427  44.116 0.8750000000
72693  34.401  -25.562  34.432 0.5000000000
60391  18.183  -36.573  39.999 0.8750000000
73737  35.185  -23.725  38.582 0.7500000000
73757  35.376  -24.281  37.712 0.7500000000
69273  14.298  -27.905  43.173 0.8750000000
76063  34.673  -22.559  39.503 0.7500000000
73756  35.433  -24.010  37.392 0.7500000000
74918  34.967  -23.790  36.021 0.6250000000
74930  34.752  -24.034  35.593 0.6250000000
68200  15.078  -28.864  41.692 0.8750000000
74939  33.555  -23.924  33.933 0.2500000000
74867  35.167  -23.152  39.056 0.7500000000
76060  35.656  -21.977  38.686 0.7500000000
63887  16.991  -33.607  40.286 0.8750000000
76120  34.996  -21.973  36.149 0.6250000000
78480  34.716  -20.515  34.650 0.5000000000
77345  33.817  -21.038  33.289 0.5000000000
78516  33.839  -20.888  32.501 0.3750000000
89094  46.137  -11.008  23.894 0.8750000000
89117  45.497  -10.975  23.387 0.8750000000
82154  4.653  -18.209  26.718 0.6250000000
91263  46.150  -8.873  24.345 0.8750000000
91262  46.598  -9.235  24.502 0.8750000000
92243  45.043  -8.447  23.925 0.7500000000
91274  44.873  -9.284  23.251 0.6250000000
89145  44.468  -10.918  22.205 0.7500000000
95430  46.656  -5.177  27.626 0.6250000000
94306  47.321  -6.424  25.689 0.7500000000
94325  45.837  -6.503  24.916 0.6250000000
95463  44.951  -5.166  25.420 0.3750000000
95488  43.455  -5.720  24.875 0.2500000000
95464  44.016  -5.034  25.359 0.2500000000
94336  44.008  -6.991  23.991 0.5000000000
92244  44.101  -8.245  23.528 0.6250000000
94328  42.918  -6.334  24.411 0.2500000000
94337  43.259  -6.938  23.890 0.3750000000
97715  41.443  -3.514  25.858 0.1250000000
95490  41.597  -5.375  24.601 0.2500000000
92245  43.383  -8.165  23.243 0.5000000000
92248  43.670  -8.782  22.993 0.5000000000
93227  41.797  -7.270  23.256 0.2500000000
95491  40.868  -4.987  24.313 0.2500000000
99879  41.053  -1.497  26.042 0.1250000000
89171  44.067  -11.053  21.330 0.7500000000
89146  44.097  -10.704  21.926 0.7500000000
91281  43.252  -9.417  22.299 0.7500000000
92249  42.734  -8.544  22.692 0.7500000000
96608  40.739  -4.088  24.499 0.2500000000
90248  43.078  -10.581  20.767 0.7500000000
92250  41.944  -8.372  22.434 0.6250000000
93231  41.317  -7.744  22.548 0.3750000000
100768  39.406  -1.282  24.807 0.1250000000
98808  38.594  -1.988  25.379 0.1250000000
93232  40.509  -6.982  22.503 0.3750000000
98831  40.670  -1.973  23.747 0.3750000000
98832  38.199  -2.081  23.793 0.1250000000
94248  41.367  -6.532  28.576 0.3750000000
96587  46.339  -4.579  26.144 0.5000000000
95461  46.941  -5.294  26.076 0.5000000000
97698  45.597  -3.075  26.915 0.5000000000
96590  43.627  -4.152  25.891 0.1250000000
98795  42.449  -2.240  26.921 0.1250000000
99859  42.627  -1.727  27.696 0.1250000000
97701  42.699  -3.040  26.609 0.1250000000
99867  41.450  -1.549  26.746 0.1250000000
97681  40.597  -2.988  28.563 0.1250000000
99868  40.836  -1.341  26.582 0.1250000000
97693  38.926  -3.303  27.262 0.1250000000
96597  35.294  -4.826  25.288 0.1250000000
85979  52.430  -13.282  7.436 0.1250000000
88142  51.818  -12.366  5.904 0.1250000000
88153  50.561  -12.314  5.689 0.1250000000
87070  49.847  -13.185  4.168 0.1250000000
86024  50.327  -14.513  3.103 0.1250000000
87106  50.900  -13.734  2.709 0.1250000000
96561  47.204  -4.768  27.339 0.5000000000
93156  40.631  -8.066  30.799 0.1250000000
99848  44.803  -1.876  28.380 0.3750000000
82149  8.866  -16.955  25.517 0.1250000000
94369  41.947  -7.348  19.623 0.6250000000
94355  41.725  -6.746  20.132 0.5000000000
92266  42.840  -8.778  18.422 0.5000000000
96646  42.068  -3.736  21.969 0.5000000000
95523  42.488  -4.627  21.439 0.5000000000
87781  20.254  -12.503  42.618 0.2500000000
88881  20.004  -11.985  43.194 0.2500000000
93144  42.136  -6.969  31.720 0.2500000000
92160  41.385  -8.131  32.417 0.1250000000
92161  40.910  -8.651  31.904 0.1250000000
91186  40.108  -8.959  31.688 0.1250000000
91188  38.322  -9.671  30.528 0.1250000000
99839  42.873  -1.773  29.257 0.2500000000
96543  40.602  -3.710  29.427 0.2500000000
96544  40.072  -4.306  29.313 0.1250000000
94367  43.559  -6.955  19.554 0.5000000000
99836  45.315  -1.906  29.072 0.3750000000
97664  42.075  -3.058  30.654 0.2500000000
95383  40.136  -5.042  31.021 0.1250000000
97640  43.159  -4.069  31.978 0.2500000000
95349  41.465  -5.209  32.741 0.1250000000
97655  42.436  -3.548  31.520 0.2500000000
96521  41.247  -4.129  31.036 0.2500000000
91035  18.057  -9.292  44.394 0.2500000000
94148  38.557  -5.879  33.163 0.1250000000
55579  7.333  -40.066  44.879 0.3750000000
55565  7.301  -40.402  45.047 0.3750000000
55566  6.852  -40.287  45.267 0.3750000000
55567  6.276  -40.279  45.241 0.3750000000
54598  5.362  -41.548  44.347 0.3750000000
53617  4.810  -41.965  43.201 0.2500000000
53618  4.166  -41.405  43.119 0.2500000000
55578  7.738  -40.497  44.578 0.3750000000
53609  6.316  -41.851  44.611 0.3750000000
53610  5.839  -41.977  44.302 0.3750000000
53616  5.433  -42.120  43.775 0.2500000000
53628  4.356  -42.078  42.622 0.2500000000
52593  4.453  -43.101  41.820 0.2500000000
54600  4.357  -41.087  43.787 0.3750000000
55580  4.574  -40.701  44.341 0.3750000000
56717  6.828  -39.438  45.035 0.3750000000
56718  6.252  -39.355  45.071 0.3750000000
54590  5.045  -41.060  44.526 0.3750000000
52594  4.041  -42.642  41.815 0.2500000000
56728  6.912  -39.025  44.882 0.3750000000
57972  6.646  -38.672  44.901 0.3750000000
57984  6.555  -38.021  44.902 0.3750000000
55568  5.624  -40.292  45.026 0.3750000000
53640  3.707  -42.041  42.045 0.2500000000
56727  7.343  -39.444  44.655 0.3750000000
57983  6.979  -38.390  44.715 0.5000000000
59192  6.662  -37.264  44.662 0.5000000000
52599  3.649  -42.368  41.602 0.2500000000
55581  4.010  -40.191  44.061 0.3750000000
57973  6.217  -38.187  45.071 0.3750000000
56719  5.629  -39.348  45.016 0.3750000000
56720  4.969  -39.324  44.871 0.3750000000
55570  4.360  -40.007  44.441 0.3750000000
54601  3.882  -40.744  43.489 0.3750000000
59193  6.310  -37.386  44.896 0.6250000000
59184  5.968  -36.840  45.038 0.3750000000
57974  5.562  -38.335  45.164 0.3750000000
54611  3.376  -40.705  42.677 0.3750000000
59200  7.086  -37.616  44.465 0.6250000000
60319  6.923  -35.917  44.768 0.6250000000
59183  6.350  -36.427  44.909 0.3750000000
54638  3.292  -41.305  41.389 0.2500000000
53641  3.479  -41.637  42.034 0.2500000000
60326  7.068  -36.830  44.408 0.6250000000
54651  3.308  -41.684  40.690 0.2500000000
53660  3.347  -42.225  40.804 0.2500000000
59188  3.671  -37.623  44.894 0.3750000000
57985  3.318  -38.593  44.523 0.3750000000
57986  2.825  -38.511  44.226 0.3750000000
57997  2.415  -38.421  43.665 0.3750000000
59187  4.229  -37.503  45.142 0.3750000000
57977  3.717  -38.421  44.725 0.3750000000
56731  2.899  -39.189  43.731 0.3750000000
59186  4.883  -37.396  45.361 0.3750000000
56721  4.279  -39.273  44.660 0.3750000000
56722  3.712  -39.016  44.551 0.3750000000
55583  3.102  -39.636  43.262 0.3750000000
59185  5.527  -37.210  45.238 0.3750000000
57975  4.901  -38.396  45.136 0.3750000000
55602  3.041  -40.013  42.319 0.3750000000
60333  7.969  -36.679  43.317 0.5000000000
60325  7.553  -35.951  44.223 0.6250000000
60309  6.606  -35.585  45.203 0.6250000000
55615  3.202  -40.722  41.223 0.2500000000
62772  11.137  -34.574  41.842 0.6250000000
61527  8.193  -35.137  44.270 0.6250000000
61519  7.799  -34.949  44.951 0.6250000000
55646  3.312  -41.776  38.448 0.2500000000
55632  3.340  -41.477  39.504 0.2500000000
62771  11.914  -34.454  42.235 0.6250000000
56794  3.522  -40.909  39.161 0.2500000000
59194  3.059  -37.797  44.627 0.3750000000
59195  2.393  -37.645  44.088 0.3750000000
60313  4.268  -36.505  45.365 0.5000000000
56750  2.674  -38.553  42.499 0.3750000000
60303  5.351  -35.673  45.694 0.5000000000
58032  3.024  -38.779  41.791 0.2500000000
55608  3.061  -40.315  41.841 0.2500000000
61511  6.613  -35.212  45.510 0.6250000000
60301  6.123  -35.193  45.837 0.6250000000
56771  3.295  -39.762  40.754 0.2500000000
56772  3.161  -40.202  40.982 0.2500000000
62758  11.108  -34.187  42.736 0.6250000000
62750  11.232  -34.010  43.649 0.6250000000
62752  9.255  -34.770  43.197 0.6250000000
62745  8.688  -34.792  43.824 0.6250000000
62725  7.819  -34.310  45.635 0.6250000000
61500  7.183  -34.462  46.004 0.6250000000
61501  6.585  -34.812  45.914 0.6250000000
56781  3.602  -39.881  39.998 0.2500000000
56782  3.429  -40.581  40.197 0.2500000000
62743  10.363  -33.924  44.267 0.6250000000
62744  9.377  -34.223  44.008 0.6250000000
62724  8.526  -33.884  45.459 0.6250000000
63844  8.821  -33.464  45.808 0.6250000000
62711  7.811  -33.874  46.011 0.6250000000
62732  11.711  -33.536  45.161 0.6250000000
62722  10.804  -33.348  45.747 0.6250000000
62723  9.623  -33.531  45.587 0.6250000000
62710  8.847  -33.274  46.008 0.6250000000
62709  9.919  -33.227  46.229 0.6250000000
60315  2.931  -36.484  44.970 0.3750000000
60320  3.183  -37.059  44.817 0.3750000000
59201  2.040  -37.585  43.422 0.3750000000
60314  3.559  -36.692  45.112 0.3750000000
59212  2.086  -37.849  42.876 0.3750000000
59227  2.294  -37.680  42.486 0.3750000000
61514  3.649  -35.659  45.453 0.5000000000
61513  4.438  -35.487  45.769 0.3750000000
59242  2.533  -37.909  42.323 0.3750000000
59241  2.980  -37.888  41.857 0.3750000000
61504  4.848  -35.101  46.187 0.5000000000
61512  5.005  -35.516  45.838 0.5000000000
56764  3.133  -39.279  41.414 0.2500000000
58041  3.389  -38.799  40.994 0.2500000000
62715  5.052  -34.622  46.394 0.5000000000
62714  5.620  -34.172  46.500 0.6250000000
61502  6.005  -34.878  46.190 0.6250000000
58040  3.652  -38.349  40.566 0.2500000000
62712  7.127  -34.110  46.424 0.6250000000
56780  3.836  -39.544  39.523 0.2500000000
62749  12.222  -34.246  43.921 0.6250000000
63834  9.042  -32.442  47.111 0.6250000000
62697  8.452  -32.901  46.496 0.6250000000
62696  9.435  -32.754  46.620 0.6250000000
62713  6.427  -34.227  46.490 0.6250000000
62699  6.885  -33.478  46.763 0.6250000000
62698  7.605  -33.205  46.582 0.6250000000
58051  4.040  -38.649  39.761 0.2500000000
63835  8.194  -32.504  46.997 0.6250000000
58062  4.444  -39.097  38.742 0.2500000000
62721  11.986  -33.282  45.816 0.6250000000
62708  11.140  -33.009  46.339 0.6250000000
62694  11.477  -32.755  46.952 0.6250000000
63833  9.951  -32.330  47.193 0.6250000000
63836  7.369  -32.632  47.172 0.6250000000
63822  8.730  -32.185  47.534 0.6250000000
63820  10.392  -31.957  47.642 0.6250000000
63821  9.531  -32.053  47.608 0.6250000000
63831  11.755  -32.568  47.525 0.6250000000
63819  11.250  -32.086  47.809 0.6250000000
64930  9.957  -31.632  47.917 0.6250000000
60489  5.061  -36.355  31.695 0.2500000000
59362  5.481  -36.966  30.416 0.2500000000
59345  5.783  -36.982  31.004 0.2500000000
59409  5.646  -36.579  27.690 0.2500000000
59444  4.677  -36.589  25.837 0.2500000000
59426  5.311  -36.540  26.651 0.2500000000
59379  5.302  -36.880  29.552 0.2500000000
59428  3.912  -36.724  26.590 0.2500000000
59394  4.569  -36.454  28.330 0.2500000000
60596  4.044  -36.546  25.882 0.2500000000
59445  4.268  -36.609  26.264 0.2500000000
60386  30.579  -36.071  38.957 0.5000000000
60385  30.860  -35.581  38.657 0.5000000000
60506  4.718  -36.213  30.982 0.2500000000
59380  4.780  -36.620  29.364 0.2500000000
59395  4.014  -36.113  27.997 0.2500000000
60616  3.684  -36.214  24.585 0.1250000000
60597  3.583  -36.231  25.483 0.1250000000
60560  3.092  -36.678  26.796 0.1250000000
60617  3.237  -35.974  24.261 0.1250000000
60580  2.985  -36.036  25.932 0.1250000000
61567  30.450  -34.889  39.486 0.5000000000
62789  31.573  -34.041  39.061 0.5000000000
62799  32.117  -33.619  38.003 0.3750000000
61672  4.686  -34.903  31.114 0.3750000000
60525  4.310  -35.594  29.474 0.3750000000
60543  3.615  -35.576  28.105 0.3750000000
60618  2.855  -35.760  23.894 0.1250000000
60599  2.810  -35.357  24.753 0.1250000000
61717  2.789  -34.966  27.003 0.1250000000
60544  3.009  -35.525  27.421 0.2500000000
61796  2.684  -35.479  23.503 0.1250000000
62776  31.296  -33.665  39.369 0.5000000000
62788  32.030  -33.432  38.680 0.5000000000
62798  32.661  -33.073  37.483 0.3750000000
61685  4.745  -34.921  30.292 0.3750000000
62884  5.037  -34.589  30.185 0.3750000000
61701  4.263  -35.056  29.260 0.3750000000
61716  3.225  -34.895  27.780 0.3750000000
61702  3.736  -35.126  28.486 0.3750000000
61746  2.475  -34.665  25.853 0.1250000000
62787  32.457  -32.841  38.187 0.5000000000
61700  4.607  -34.739  29.504 0.3750000000
63904  33.259  -32.769  37.000 0.3750000000
64983  32.942  -31.789  38.544 0.5000000000
63889  32.694  -32.322  38.337 0.5000000000
66048  33.926  -30.788  38.047 0.5000000000
63898  33.141  -32.279  37.819 0.5000000000
65001  33.717  -31.600  36.804 0.5000000000
66039  33.303  -31.053  38.851 0.6250000000
66038  33.641  -30.710  38.537 0.5000000000
66057  33.930  -30.779  37.281 0.5000000000
66204  2.528  -31.620  24.746 0.5000000000
67284  2.400  -31.006  25.402 0.6250000000
88021  50.503  -12.517  21.628 0.7500000000
96645  43.099  -3.796  21.957 0.2500000000
95522  43.697  -4.612  21.465 0.3750000000
97794  44.231  -2.554  21.122 0.2500000000
94353  43.968  -6.110  20.207 0.3750000000
96644  44.184  -3.794  21.800 0.3750000000
95521  44.827  -4.630  21.551 0.3750000000
97769  44.606  -3.081  21.604 0.2500000000
98869  43.650  -2.311  21.326 0.2500000000
95520  45.819  -4.594  21.414 0.3750000000
96643  45.263  -3.920  21.745 0.2500000000
97793  45.135  -2.946  20.893 0.2500000000
95533  44.384  -5.393  20.984 0.3750000000
95532  45.487  -5.316  21.072 0.3750000000
97767  46.361  -3.919  21.211 0.3750000000
93247  45.466  -7.247  19.109 0.3750000000
94352  45.112  -6.096  20.490 0.3750000000
94351  46.183  -5.890  20.535 0.3750000000
95531  46.426  -5.103  20.906 0.3750000000
95519  46.523  -4.551  21.128 0.3750000000
95530  47.224  -4.860  20.773 0.3750000000
93264  45.362  -8.107  17.446 0.3750000000
95529  48.502  -4.992  20.643 0.3750000000
61777  2.474  -34.761  24.355 0.1250000000
60581  2.638  -35.338  25.682 0.1250000000
62872  5.218  -34.095  31.020 0.3750000000
67301  2.698  -30.370  24.697 0.6250000000
70577  2.974  -27.459  24.730 0.6250000000
94365  45.848  -6.647  19.970 0.3750000000
94350  47.164  -5.680  20.518 0.3750000000
63832  10.891  -32.340  47.317 0.6250000000
64928  11.613  -31.818  48.209 0.6250000000
63852  4.723  -33.847  46.355 0.6250000000
62700  6.248  -33.613  46.718 0.6250000000
60364  2.994  -37.093  41.428 0.3750000000
62757  12.065  -34.227  43.051 0.6250000000
62775  31.782  -33.157  39.139 0.5000000000
63890  32.287  -32.461  38.800 0.6250000000
60470  6.322  -36.375  32.351 0.2500000000
61673  4.608  -35.013  31.693 0.2500000000
59240  3.131  -37.765  41.643 0.2500000000
58031  3.103  -38.466  41.709 0.2500000000
58073  4.707  -39.287  38.010 0.2500000000
62707  12.192  -33.131  46.486 0.6250000000
54587  6.882  -41.105  45.253 0.3750000000
54588  6.252  -41.148  45.132 0.3750000000
54599  4.914  -41.416  44.067 0.3750000000
52588  4.935  -42.793  42.665 0.2500000000
53629  3.776  -41.582  42.500 0.2500000000
53651  3.429  -41.873  41.502 0.2500000000
56729  3.949  -39.554  44.401 0.3750000000
54610  3.577  -40.711  43.078 0.3750000000
56730  3.407  -39.299  44.206 0.3750000000
55593  3.077  -39.902  42.784 0.3750000000
54620  3.246  -40.733  42.344 0.2500000000
55592  3.305  -40.173  43.071 0.3750000000
54628  3.218  -40.989  41.941 0.2500000000
61520  7.294  -35.291  45.007 0.6250000000
54663  3.186  -42.012  39.822 0.2500000000
56740  2.690  -39.106  43.216 0.3750000000
57976  4.287  -38.402  44.915 0.3750000000
60312  5.000  -36.284  45.535 0.5000000000
60311  5.610  -36.160  45.390 0.3750000000
56749  2.739  -39.169  42.775 0.3750000000
59199  7.468  -37.343  44.006 0.6250000000
60310  6.169  -35.676  45.424 0.6250000000
56765  3.012  -39.716  41.657 0.2500000000
62759  10.133  -34.605  42.479 0.6250000000
61510  7.216  -34.879  45.460 0.6250000000
56793  3.769  -40.323  38.839 0.2500000000
56812  3.676  -41.332  37.858 0.2500000000
58022  2.735  -38.476  42.319 0.3750000000
58010  2.272  -38.339  43.112 0.3750000000
60302  5.772  -35.433  45.775 0.5000000000
61503  5.391  -35.104  46.152 0.5000000000
62751  10.228  -34.231  43.393 0.6250000000
62742  11.425  -33.833  44.472 0.6250000000
62734  9.459  -33.826  44.839 0.6250000000
62735  8.605  -34.409  44.579 0.6250000000
58052  3.692  -39.066  40.198 0.2500000000
62733  10.546  -33.611  45.057 0.6250000000
63843  9.175  -33.385  45.836 0.6250000000
62695  10.469  -32.684  46.768 0.6250000000
59393  5.136  -36.726  28.532 0.2500000000
59410  4.876  -36.584  27.546 0.2500000000
60614  4.416  -36.528  25.403 0.2500000000
59411  4.208  -36.592  27.398 0.2500000000
60507  4.572  -35.768  30.554 0.2500000000
59396  3.262  -36.094  27.576 0.2500000000
60542  4.099  -35.771  28.686 0.2500000000
59381  4.362  -36.154  29.216 0.2500000000
60615  4.150  -36.419  24.987 0.1250000000
61686  4.641  -35.264  30.384 0.2500000000
60598  3.242  -35.737  25.130 0.1250000000
64993  33.610  -31.613  37.674 0.5000000000
66049  33.526  -31.326  38.344 0.5000000000
97768  45.652  -3.555  21.340 0.3750000000
58055  28.892  -37.546  38.006 0.3750000000
55638  20.441  -40.573  38.533 0.2500000000
56798  28.657  -37.684  36.927 0.3750000000
56821  28.234  -37.622  36.452 0.3750000000
59269  30.002  -36.861  38.378 0.3750000000
58065  29.119  -37.424  37.340 0.3750000000
54666  19.937  -40.964  39.110 0.2500000000
58054  29.657  -37.008  37.855 0.3750000000
58083  29.117  -37.262  36.740 0.3750000000
55656  19.729  -40.123  37.729 0.2500000000
55639  19.450  -40.452  38.480 0.2500000000
59257  30.337  -36.607  38.657 0.3750000000
60399  30.605  -36.209  38.490 0.3750000000
58053  29.886  -36.711  37.506 0.2500000000
58064  29.559  -36.982  37.170 0.2500000000
61593  31.264  -35.037  38.276 0.2500000000
60398  30.821  -35.869  37.990 0.2500000000
58081  29.815  -36.555  36.547 0.2500000000
60405  30.607  -35.714  37.132 0.2500000000
59283  30.038  -36.365  36.502 0.2500000000
60397  31.215  -35.100  37.461 0.2500000000
59293  30.293  -35.940  36.102 0.2500000000
60404  31.095  -34.951  36.540 0.2500000000
60421  30.465  -35.285  35.381 0.2500000000
60410  31.048  -34.678  35.599 0.2500000000
60420  31.400  -34.651  34.682 0.2500000000
51530  6.849  -43.142  44.090 0.2500000000
52580  6.370  -42.521  44.214 0.2500000000
52579  6.914  -42.485  44.384 0.2500000000
51528  7.990  -43.368  44.397 0.1250000000
61581  31.191  -34.815  38.858 0.3750000000
61605  31.704  -34.395  36.874 0.2500000000
61615  31.821  -34.414  35.943 0.2500000000
61636  32.232  -34.518  34.117 0.2500000000
61625  32.010  -34.412  35.025 0.2500000000
61635  32.919  -34.063  33.718 0.2500000000
53606  7.806  -41.670  44.784 0.1250000000
53607  7.433  -41.786  44.799 0.2500000000
52583  8.654  -42.848  44.316 0.1250000000
53625  9.211  -42.331  43.756 0.1250000000
54660  16.511  -40.102  39.236 0.2500000000
55630  15.801  -39.057  39.189 0.2500000000
55643  15.757  -38.946  38.303 0.2500000000
61580  31.664  -34.251  38.509 0.3750000000
62812  32.203  -33.744  37.193 0.2500000000
61604  32.348  -33.868  36.313 0.2500000000
61614  32.548  -33.979  35.423 0.2500000000
62827  32.948  -33.458  35.854 0.2500000000
62840  33.116  -33.573  35.007 0.2500000000
62850  33.240  -33.660  34.173 0.2500000000
62857  33.250  -33.644  33.341 0.2500000000
53608  6.904  -41.788  44.755 0.2500000000
52577  8.084  -42.676  44.575 0.1250000000
54619  9.268  -41.629  43.198 0.1250000000
54627  9.619  -41.618  42.324 0.1250000000
55613  15.867  -39.463  41.161 0.3750000000
56776  15.276  -38.384  39.563 0.2500000000
56789  14.632  -37.939  38.833 0.2500000000
56788  15.270  -38.405  38.586 0.2500000000
56806  14.646  -37.881  38.088 0.2500000000
62811  32.804  -33.313  36.684 0.2500000000
63914  33.292  -33.052  36.287 0.2500000000
63913  33.603  -32.441  36.295 0.2500000000
62826  33.403  -33.045  35.544 0.2500000000
62839  33.443  -33.104  34.659 0.2500000000
63956  33.626  -32.654  33.479 0.2500000000
54585  7.587  -41.071  44.954 0.2500000000
54597  7.978  -41.278  44.708 0.2500000000
55564  7.623  -40.834  44.879 0.2500000000
53615  8.445  -42.096  44.495 0.1250000000
54609  8.634  -41.405  44.191 0.1250000000
56762  15.505  -38.749  41.322 0.3750000000
58037  15.054  -37.991  40.327 0.2500000000
56770  10.116  -39.353  40.176 0.1250000000
55607  9.603  -40.550  41.770 0.1250000000
56769  15.581  -38.766  40.528 0.2500000000
58046  13.886  -37.626  39.312 0.2500000000
55622  10.201  -40.234  39.810 0.1250000000
54650  10.189  -41.263  40.265 0.1250000000
58057  13.723  -37.704  38.183 0.2500000000
58058  12.645  -37.948  38.317 0.2500000000
55645  10.550  -40.171  38.544 0.1250000000
58068  12.574  -38.259  37.470 0.2500000000
58069  11.864  -38.546  37.913 0.2500000000
56808  11.500  -39.172  37.358 0.2500000000
55644  10.846  -40.250  37.951 0.2500000000
54672  10.506  -41.548  38.510 0.1250000000
63929  33.714  -32.499  35.262 0.2500000000
65008  33.860  -31.728  35.871 0.3750000000
65016  34.040  -31.866  34.928 0.2500000000
63944  33.726  -32.576  34.342 0.2500000000
65030  34.021  -31.987  34.011 0.2500000000
67322  2.994  -31.060  24.343 0.5000000000
67320  4.720  -30.335  23.913 0.3750000000
67321  3.562  -30.224  24.120 0.3750000000
67318  6.832  -30.143  23.503 0.1250000000
54586  7.339  -41.067  45.122 0.2500000000
55591  8.341  -40.351  43.838 0.2500000000
56726  7.764  -39.950  44.235 0.2500000000
56754  15.389  -38.756  42.246 0.3750000000
59223  14.565  -37.725  41.678 0.3750000000
55600  9.192  -40.532  42.806 0.1250000000
58027  14.922  -38.009  41.384 0.3750000000
59250  13.318  -37.135  40.086 0.2500000000
59261  12.191  -37.145  39.408 0.2500000000
58048  11.225  -38.077  39.006 0.2500000000
56763  9.667  -39.370  41.130 0.1250000000
58038  14.314  -37.646  40.549 0.2500000000
59260  12.968  -37.352  39.370 0.2500000000
56779  10.468  -39.207  39.241 0.1250000000
58047  12.402  -37.658  38.878 0.2500000000
58059  11.668  -38.336  38.442 0.2500000000
56791  10.684  -39.616  38.571 0.2500000000
55631  10.293  -40.132  39.000 0.1250000000
56790  11.202  -39.116  38.121 0.2500000000
66064  33.911  -30.823  36.400 0.3750000000
66072  34.043  -30.951  35.482 0.3750000000
67163  34.041  -30.092  35.110 0.3750000000
68459  4.246  -29.313  23.822 0.3750000000
67336  6.531  -30.987  23.099 0.1250000000
67319  5.796  -30.407  23.678 0.2500000000
67317  7.665  -30.062  23.392 0.1250000000
68457  6.178  -29.260  23.689 0.2500000000
68456  7.341  -29.161  23.476 0.1250000000
59224  14.273  -37.326  42.076 0.3750000000
56748  8.719  -39.612  43.064 0.2500000000
59237  14.084  -37.448  41.133 0.2500000000
56755  9.196  -39.552  42.203 0.1250000000
60377  12.881  -36.680  40.226 0.2500000000
59262  11.012  -37.413  39.367 0.1250000000
58049  10.451  -38.380  39.632 0.1250000000
58020  9.416  -38.819  41.575 0.1250000000
59263  10.307  -37.803  39.814 0.2500000000
58039  9.978  -38.482  40.340 0.1250000000
68309  34.010  -29.141  34.803 0.2500000000
67300  3.032  -29.769  24.468 0.5000000000
68483  9.152  -29.543  22.173 0.1250000000
68474  7.993  -29.234  23.168 0.1250000000
57994  8.217  -38.818  43.377 0.2500000000
56738  7.907  -39.389  43.890 0.2500000000
60360  13.308  -36.430  41.015 0.3750000000
60361  12.579  -35.872  40.674 0.3750000000
60378  12.161  -36.314  39.964 0.2500000000
56756  8.880  -39.046  42.507 0.2500000000
56747  9.035  -39.919  42.680 0.2500000000
58029  9.597  -38.403  40.954 0.1250000000
68322  33.765  -29.347  33.943 0.2500000000
69522  4.603  -28.398  23.754 0.3750000000
69523  3.959  -28.497  23.889 0.3750000000
68442  3.261  -29.193  24.417 0.5000000000
68458  5.164  -29.336  23.837 0.3750000000
69519  7.425  -27.971  23.504 0.1250000000
69537  8.031  -28.650  23.141 0.1250000000
69535  9.337  -27.893  22.316 0.1250000000
69536  8.702  -28.313  22.750 0.1250000000
70608  9.853  -27.284  21.989 0.1250000000
68472  9.258  -28.837  22.235 0.1250000000
70618  10.623  -27.404  20.974 0.1250000000
70607  10.238  -27.505  21.447 0.1250000000
71776  10.904  -26.642  20.643 0.1250000000
57995  7.720  -38.417  43.877 0.2500000000
61574  12.187  -35.715  40.575 0.3750000000
61575  11.474  -35.668  40.494 0.3750000000
58009  8.152  -38.170  43.277 0.2500000000
61576  10.375  -35.876  40.705 0.3750000000
59239  9.245  -37.621  41.486 0.2500000000
59225  8.811  -37.582  42.235 0.2500000000
59209  8.330  -37.438  42.927 0.5000000000
60379  10.710  -36.468  40.017 0.3750000000
59252  10.563  -37.179  39.730 0.2500000000
59238  9.485  -37.846  40.991 0.1250000000
69509  3.522  -28.238  24.332 0.5000000000
69521  5.494  -28.307  23.679 0.2500000000
69520  6.472  -28.145  23.661 0.2500000000
69518  8.204  -27.770  23.234 0.1250000000
70583  8.324  -27.163  23.302 0.1250000000
70595  9.399  -27.277  22.425 0.1250000000
71738  9.530  -26.598  22.490 0.1250000000
71755  10.428  -26.618  21.507 0.1250000000
72897  10.036  -26.196  22.057 0.1250000000
72905  10.845  -25.510  20.779 0.1250000000
72913  10.991  -26.182  20.168 0.1250000000
73968  11.279  -24.602  19.463 0.1250000000
59210  7.880  -37.636  43.446 0.2500000000
61560  13.386  -35.817  41.755 0.3750000000
61561  12.415  -35.198  41.344 0.3750000000
60362  9.664  -36.291  41.241 0.3750000000
60346  8.619  -36.602  42.506 0.5000000000
60363  9.142  -36.826  41.734 0.3750000000
70588  3.972  -27.498  23.842 0.2500000000
70587  4.908  -27.479  23.736 0.2500000000
71739  8.975  -26.557  22.923 0.1250000000
72896  10.313  -25.584  21.735 0.1250000000
72904  11.029  -25.274  20.303 0.1250000000
73961  10.884  -24.332  20.804 0.1250000000
73960  11.113  -24.820  20.247 0.1250000000
75100  11.295  -23.705  20.199 0.1250000000
61562  10.928  -35.116  41.101 0.3750000000
61564  9.265  -35.957  41.902 0.5000000000
61544  12.654  -34.691  42.470 0.5000000000
62760  9.460  -34.987  42.606 0.5000000000
61532  8.798  -35.196  43.212 0.5000000000
70586  5.747  -27.261  23.968 0.2500000000
70574  6.437  -26.575  24.176 0.2500000000
71719  6.953  -26.299  24.095 0.2500000000
71717  8.414  -26.411  23.401 0.1250000000
70584  7.797  -27.124  23.624 0.1250000000
71716  9.205  -25.948  23.060 0.1250000000
72887  9.875  -25.456  22.495 0.1250000000
73953  10.497  -24.624  21.595 0.1250000000
75082  11.192  -23.178  20.956 0.1250000000
75101  11.056  -23.722  20.826 0.1250000000
71722  3.934  -26.732  23.827 0.3750000000
71700  5.422  -26.323  24.226 0.3750000000
71720  5.150  -26.911  23.935 0.2500000000
70575  6.154  -26.669  24.235 0.3750000000
71699  6.433  -26.143  24.278 0.3750000000
72872  7.872  -25.443  23.862 0.1250000000
72871  8.744  -25.323  23.530 0.1250000000
73946  9.791  -24.344  22.937 0.1250000000
75066  10.417  -23.584  22.298 0.1250000000
76325  11.042  -22.650  21.667 0.1250000000
72873  4.396  -25.996  24.144 0.3750000000
71701  4.794  -26.108  24.184 0.3750000000
72854  3.863  -25.511  24.305 0.3750000000
72853  4.842  -25.447  24.361 0.3750000000
72851  6.770  -25.196  24.387 0.3750000000
72852  5.849  -25.319  24.422 0.3750000000
72850  7.407  -25.139  24.227 0.3750000000
73923  7.448  -24.366  24.401 0.2500000000
73937  8.363  -24.357  24.085 0.2500000000
73936  9.175  -24.551  23.535 0.1250000000
75058  8.612  -23.435  24.077 0.2500000000
86943  50.896  -12.730  21.103 0.5000000000
86961  51.269  -13.083  20.451 0.3750000000
73925  5.341  -24.401  24.566 0.3750000000
77372  32.865  -21.511  30.719 0.1250000000
75046  5.906  -23.426  24.836 0.2500000000
73924  6.363  -24.362  24.539 0.3750000000
75047  4.849  -23.373  24.786 0.3750000000
75044  7.978  -23.389  24.455 0.2500000000
76263  6.547  -22.468  25.175 0.2500000000
76264  5.482  -22.391  25.015 0.5000000000
76265  4.317  -22.178  25.129 0.3750000000
76261  8.043  -22.494  24.417 0.2500000000
77480  8.025  -21.769  24.343 0.2500000000
88076  50.997  -12.118  19.787 0.5000000000
85877  50.910  -14.131  19.559 0.3750000000
88089  51.122  -12.133  18.941 0.5000000000
85894  52.053  -13.977  18.531 0.5000000000
85907  51.001  -14.638  17.629 0.1250000000
84780  50.764  -15.079  17.084 0.1250000000
76240  3.755  -21.850  25.263 0.5000000000
77389  32.919  -21.454  29.752 0.1250000000
76262  7.456  -22.301  24.917 0.2500000000
77457  6.756  -21.920  25.234 0.2500000000
77484  4.519  -21.454  25.144 0.5000000000
77458  4.052  -21.299  25.324 0.5000000000
77481  7.382  -21.069  24.643 0.2500000000
77456  7.109  -21.740  25.162 0.2500000000
77482  6.291  -21.412  24.991 0.3750000000
77483  5.093  -21.410  24.965 0.5000000000
78606  4.522  -20.213  25.499 0.5000000000
78607  3.540  -20.461  25.537 0.5000000000
78619  7.267  -20.159  24.371 0.3750000000
78620  6.584  -20.194  24.633 0.3750000000
78621  5.416  -20.169  25.119 0.5000000000
79825  4.900  -19.260  25.384 0.5000000000
79826  3.934  -19.536  25.693 0.5000000000
81002  5.568  -18.383  24.883 0.5000000000
79839  5.443  -19.219  24.928 0.5000000000
84794  50.484  -14.984  16.213 0.1250000000
84805  49.443  -14.527  15.002 0.1250000000
77371  33.556  -21.031  30.327 0.2500000000
77388  33.815  -21.115  29.523 0.2500000000
76177  32.845  -21.641  29.075 0.1250000000
80986  4.353  -18.574  26.044 0.5000000000
80987  3.423  -19.149  26.017 0.5000000000
79827  3.051  -19.783  25.748 0.5000000000
77405  33.922  -21.192  28.745 0.1250000000
82184  6.431  -17.803  24.849 0.3750000000
82185  5.828  -17.713  25.122 0.3750000000
80985  5.033  -18.474  25.479 0.5000000000
81001  6.540  -18.397  24.401 0.5000000000
84793  51.375  -14.913  16.260 0.1250000000
84804  50.257  -14.709  15.213 0.1250000000
83544  49.625  -15.405  14.128 0.1250000000
84803  51.194  -14.984  15.178 0.1250000000
82278  49.779  -15.629  13.581 0.1250000000
82279  49.334  -15.651  13.825 0.1250000000
77370  34.406  -20.795  30.096 0.2500000000
77385  36.903  -20.176  29.391 0.2500000000
77386  35.620  -20.516  29.296 0.2500000000
77369  35.322  -20.636  30.003 0.2500000000
77387  34.691  -20.911  29.368 0.2500000000
80970  3.983  -18.381  26.893 0.5000000000
77403  36.001  -20.411  28.494 0.2500000000
77404  34.876  -20.765  28.607 0.2500000000
78551  34.867  -20.343  30.731 0.2500000000
78550  35.987  -20.076  30.611 0.2500000000
77355  37.664  -19.940  30.745 0.2500000000
78564  36.700  -20.025  30.135 0.2500000000
78565  36.094  -20.320  29.864 0.2500000000
90032  7.716  -10.616  38.245 0.5000000000
90047  8.587  -10.166  37.592 0.5000000000
90031  8.730  -10.656  38.437 0.5000000000
90062  8.801  -9.797  36.857 0.5000000000
91136  9.440  -9.419  35.497 0.5000000000
80971  3.315  -18.750  26.667 0.5000000000
91120  9.231  -9.691  36.335 0.5000000000
55620  16.272  -39.733  39.754 0.3750000000
54671  16.331  -39.844  38.529 0.2500000000
67157  34.090  -29.956  36.004 0.3750000000
88075  51.368  -12.554  19.588 0.5000000000
88088  51.652  -12.507  18.662 0.5000000000
82153  5.341  -17.942  26.527 0.5000000000
83527  50.631  -15.138  14.382 0.1250000000
57996  7.315  -38.120  44.320 0.3750000000
61547  8.354  -36.154  42.955 0.5000000000
61545  9.663  -35.223  42.122 0.5000000000
61563  9.996  -35.516  41.417 0.3750000000
61546  8.911  -35.510  42.713 0.5000000000
61592  31.678  -34.358  37.763 0.2500000000
68460  3.672  -29.084  24.065 0.3750000000
59268  30.291  -36.567  38.009 0.2500000000
59273  30.107  -36.426  37.253 0.2500000000
59272  30.312  -36.162  37.201 0.2500000000
60411  30.556  -35.474  36.225 0.2500000000
61624  32.767  -34.089  34.557 0.2500000000
53626  8.848  -42.107  44.226 0.1250000000
55590  8.935  -40.993  43.564 0.1250000000
55621  15.880  -39.245  40.182 0.3750000000
55629  16.122  -39.512  38.898 0.2500000000
62849  33.461  -33.178  33.817 0.2500000000
55601  8.808  -40.397  43.329 0.1250000000
53639  9.533  -42.671  42.757 0.1250000000
58045  14.803  -37.876  39.606 0.2500000000
58028  14.470  -37.723  41.092 0.2500000000
55614  9.865  -40.443  40.726 0.1250000000
56778  10.995  -38.850  38.655 0.2500000000
58008  8.611  -38.459  42.784 0.2500000000
60392  11.651  -36.897  39.527 0.2500000000
60393  11.208  -36.796  39.610 0.2500000000
58030  9.348  -38.257  41.405 0.1250000000
59253  9.875  -37.525  40.311 0.1250000000
58021  9.053  -38.497  42.019 0.2500000000
71756  10.007  -26.691  22.051 0.1250000000
60380  9.848  -36.703  40.630 0.3750000000
73945  10.245  -24.635  22.313 0.1250000000
71718  7.470  -26.326  23.826 0.2500000000
73938  7.783  -24.848  24.179 0.2500000000
75057  9.261  -23.467  23.541 0.1250000000
75045  6.957  -23.423  24.792 0.2500000000
73922  7.963  -24.077  24.405 0.2500000000
86970  51.803  -13.135  19.272 0.3750000000
85895  51.086  -14.296  18.445 0.3750000000
78605  5.000  -19.857  25.481 0.5000000000
79838  6.047  -19.235  24.557 0.3750000000
83529  49.086  -15.179  14.393 0.1250000000
82167  6.323  -17.517  25.513 0.3750000000
82168  5.342  -17.868  25.698 0.5000000000
82298  49.307  -15.690  13.292 0.1250000000
78549  37.061  -19.817  30.733 0.2500000000
55655  20.877  -40.108  37.740 0.2500000000
56828  21.867  -39.200  36.619 0.2500000000
55674  21.221  -39.356  36.815 0.2500000000
56851  21.558  -39.026  35.961 0.2500000000
56879  20.663  -38.624  35.154 0.2500000000
56904  21.159  -38.283  34.087 0.2500000000
56903  22.232  -38.118  34.246 0.2500000000
58132  21.134  -38.184  33.361 0.2500000000
55672  22.850  -39.561  36.958 0.2500000000
55673  22.280  -39.503  37.072 0.2500000000
56850  22.655  -38.988  35.825 0.2500000000
56878  21.851  -38.482  35.087 0.2500000000
56926  21.690  -38.012  33.461 0.1250000000
58152  21.132  -37.954  32.712 0.1250000000
58168  21.604  -37.268  32.121 0.1250000000
56826  23.450  -39.440  36.733 0.3750000000
56849  23.735  -38.952  35.786 0.2500000000
56827  22.445  -39.244  36.538 0.2500000000
56902  23.297  -38.167  34.112 0.2500000000
56877  22.955  -38.646  34.942 0.2500000000
56925  22.610  -37.941  33.522 0.2500000000
58151  22.118  -37.667  32.873 0.1250000000
58181  22.229  -36.611  31.695 0.1250000000
59356  22.001  -36.170  30.992 0.1250000000
56847  25.806  -38.626  35.637 0.2500000000
56875  25.010  -38.400  34.857 0.2500000000
56876  24.011  -38.441  34.956 0.1250000000
58150  23.168  -37.618  33.035 0.1250000000
58167  22.621  -37.083  32.405 0.1250000000
58113  29.032  -36.539  35.741 0.1250000000
58125  27.944  -36.411  35.244 0.1250000000
58126  27.282  -36.574  34.854 0.1250000000
56900  25.102  -37.942  34.224 0.1250000000
59304  29.588  -36.098  35.370 0.1250000000
59305  29.001  -36.235  35.242 0.1250000000
59316  27.999  -35.941  34.947 0.1250000000
59327  26.815  -36.156  33.897 0.1250000000
56901  24.297  -38.084  34.205 0.1250000000
58131  23.782  -37.878  33.564 0.1250000000
60435  30.128  -35.432  34.934 0.1250000000
59314  29.395  -35.909  34.926 0.1250000000
60465  27.413  -35.214  33.622 0.1250000000
60481  26.475  -35.303  33.014 0.1250000000
56924  23.219  -37.960  33.515 0.1250000000
60450  29.625  -35.365  34.486 0.1250000000
60464  28.783  -34.992  34.181 0.1250000000
61658  28.214  -34.565  33.531 0.1250000000
61669  27.615  -34.202  32.609 0.1250000000
58180  23.070  -36.546  32.020 0.1250000000
60449  30.722  -34.749  33.871 0.1250000000
61657  29.164  -33.880  33.278 0.1250000000
60462  31.327  -34.403  32.611 0.1250000000
61656  30.322  -33.909  32.253 0.1250000000
61681  28.564  -33.356  30.889 0.1250000000
56783  28.559  -37.858  37.407 0.2500000000
56822  27.502  -38.291  36.431 0.2500000000
56846  26.702  -38.160  35.727 0.2500000000
58096  29.602  -36.567  36.167 0.1250000000
58098  28.544  -37.062  36.039 0.1250000000
58115  27.656  -36.958  35.361 0.1250000000
56874  25.955  -38.005  34.757 0.1250000000
58130  24.523  -37.675  33.719 0.1250000000
60422  30.169  -35.746  35.437 0.1250000000
59294  30.125  -36.091  35.839 0.1250000000
58145  26.849  -36.596  34.288 0.1250000000
58147  25.490  -36.985  33.581 0.1250000000
58149  24.080  -37.435  33.113 0.1250000000
59339  25.706  -36.048  32.953 0.1250000000
59340  25.059  -36.407  32.372 0.1250000000
59341  24.368  -36.511  32.099 0.1250000000
58166  23.664  -36.930  32.491 0.1250000000
60434  31.250  -34.767  34.235 0.1250000000
61671  25.676  -35.443  31.641 0.1250000000
60498  25.361  -35.700  31.536 0.1250000000
59354  24.230  -36.146  31.533 0.1250000000
59355  23.153  -35.990  31.405 0.1250000000
61646  32.586  -34.307  33.237 0.1250000000
61647  32.033  -34.609  33.610 0.1250000000
61645  32.997  -33.940  32.852 0.1250000000
61654  32.735  -34.176  32.312 0.1250000000
62863  33.289  -33.634  32.471 0.1250000000
62856  33.435  -33.218  32.964 0.1250000000
62862  33.500  -33.294  32.124 0.1250000000
63965  33.587  -32.762  32.613 0.1250000000
65043  33.741  -32.094  33.156 0.1250000000
63973  33.655  -32.874  31.804 0.1250000000
66085  34.162  -31.103  34.567 0.1250000000
66098  34.023  -31.275  33.686 0.1250000000
66110  33.746  -31.485  32.833 0.1250000000
66128  33.732  -31.678  31.944 0.1250000000
67198  33.638  -30.815  32.471 0.1250000000
67214  33.573  -31.078  31.541 0.1250000000
67174  34.006  -30.270  34.241 0.1250000000
67186  33.815  -30.506  33.375 0.1250000000
68334  33.591  -29.598  32.952 0.1250000000
68348  33.272  -29.517  31.523 0.1250000000
69405  33.513  -28.495  32.765 0.1250000000
66217  4.338  -31.472  23.746 0.2500000000
84720  50.304  -14.675  22.541 0.2500000000
84722  49.300  -15.094  21.910 0.2500000000
85848  50.692  -13.797  22.164 0.3750000000
84731  49.782  -14.726  21.329 0.2500000000
85866  50.592  -14.092  20.671 0.1250000000
86927  50.633  -12.945  21.887 0.3750000000
79837  7.144  -19.210  24.252 0.2500000000
85896  50.259  -14.447  18.401 0.1250000000
97751  42.099  -2.531  22.276 0.1250000000
82136  5.963  -18.027  27.087 0.3750000000
97750  42.853  -2.519  22.193 0.1250000000
99905  41.815  -1.869  22.034 0.1250000000
82152  6.155  -17.683  26.353 0.3750000000
99904  42.312  -1.857  21.825 0.1250000000
81000  7.080  -18.374  24.112 0.3750000000
97749  43.157  -2.543  22.138 0.1250000000
98853  43.246  -2.215  21.742 0.1250000000
98871  42.447  -1.804  21.052 0.1250000000
98870  43.199  -1.993  21.217 0.1250000000
98886  42.270  -2.245  20.314 0.1250000000
98885  43.132  -2.238  20.597 0.1250000000
97809  42.946  -2.649  19.811 0.1250000000
97810  42.009  -2.769  19.583 0.1250000000
83561  50.692  -15.504  12.741 0.1250000000
82342  49.918  -15.526  12.407 0.1250000000
97808  44.111  -2.750  20.255 0.1250000000
97824  43.511  -3.227  19.281 0.1250000000
83574  49.955  -15.449  11.915 0.1250000000
83548  51.337  -15.397  12.947 0.1250000000
97792  46.141  -3.647  20.716 0.2500000000
97807  45.405  -3.312  20.027 0.1250000000
97822  45.230  -3.700  19.501 0.1250000000
96698  45.051  -4.229  18.936 0.1250000000
83573  50.617  -15.433  12.087 0.1250000000
97823  44.561  -3.469  19.450 0.1250000000
83594  50.989  -15.437  11.203 0.1250000000
84840  52.553  -15.408  10.497 0.1250000000
85744  10.901  -14.474  29.588 0.2500000000
96663  46.856  -4.256  20.823 0.2500000000
97805  46.892  -4.078  19.922 0.2500000000
96683  45.843  -3.892  19.460 0.1250000000
83571  52.326  -15.572  11.243 0.1250000000
96682  46.659  -4.266  19.506 0.1250000000
96697  46.134  -4.590  18.827 0.1250000000
83593  51.929  -15.464  10.733 0.1250000000
85731  11.260  -14.064  30.233 0.2500000000
96662  47.793  -4.597  20.370 0.2500000000
96681  47.447  -4.501  19.708 0.2500000000
84839  52.999  -15.441  10.783 0.1250000000
96661  48.884  -4.703  20.168 0.2500000000
96680  48.486  -4.636  19.609 0.1250000000
96696  47.206  -4.992  18.851 0.1250000000
84851  52.867  -15.365  10.101 0.1250000000
95562  47.712  -5.135  18.720 0.1250000000
96717  46.560  -5.232  18.097 0.1250000000
96716  47.458  -5.310  17.912 0.1250000000
86839  12.169  -13.232  31.047 0.2500000000
86840  11.738  -13.691  30.654 0.2500000000
95548  49.792  -5.017  19.568 0.2500000000
95528  49.226  -5.034  20.299 0.2500000000
85942  53.827  -15.080  10.471 0.1250000000
85950  53.264  -15.073  9.764 0.1250000000
91990  18.635  -8.588  47.293 0.2500000000
87807  8.111  -12.062  40.620 0.3750000000
87913  12.434  -12.519  31.316 0.2500000000
96692  50.637  -4.444  18.271 0.2500000000
96713  51.354  -3.892  17.417 0.2500000000
98961  47.722  -2.813  13.086 0.1250000000
87808  7.171  -12.216  40.537 0.3750000000
88901  6.862  -11.862  39.931 0.3750000000
88900  7.690  -11.826  40.043 0.3750000000
88911  7.313  -11.518  39.431 0.3750000000
88926  7.969  -11.127  38.900 0.3750000000
89017  12.650  -11.850  30.504 0.2500000000
97843  51.866  -3.085  16.361 0.2500000000
98929  50.117  -2.581  14.554 0.1250000000
98917  50.801  -2.598  15.483 0.1250000000
98945  50.432  -2.700  13.712 0.1250000000
98946  49.409  -2.683  13.730 0.1250000000
97897  48.191  -3.097  12.672 0.1250000000
97915  48.646  -3.614  12.224 0.1250000000
87809  6.016  -12.181  40.192 0.3750000000
88912  6.254  -11.641  39.377 0.3750000000
87818  5.674  -11.887  39.607 0.3750000000
88927  6.966  -11.164  38.748 0.3750000000
97865  53.275  -3.622  14.145 0.1250000000
97866  52.806  -3.140  14.673 0.1250000000
97855  52.243  -2.920  15.634 0.1250000000
98944  51.436  -2.548  13.745 0.1250000000
98928  51.059  -2.493  14.555 0.1250000000
98916  51.564  -2.526  15.260 0.1250000000
98957  51.729  -2.691  12.829 0.1250000000
98958  50.978  -2.798  13.161 0.1250000000
97913  50.676  -3.657  12.191 0.1250000000
97895  50.265  -3.133  12.911 0.1250000000
97896  49.238  -3.107  12.940 0.1250000000
96783  51.171  -4.120  11.407 0.1250000000
96784  50.128  -4.240  11.530 0.1250000000
97914  49.676  -3.675  12.271 0.1250000000
96785  49.095  -4.243  11.649 0.1250000000
92967  17.544  -7.507  47.813 0.2500000000
92976  16.836  -7.509  47.556 0.2500000000
87810  5.140  -12.215  40.003 0.3750000000
87798  4.769  -12.233  40.395 0.3750000000
87819  5.454  -12.015  39.715 0.3750000000
88902  4.759  -11.672  39.903 0.3750000000
88913  5.284  -11.533  39.162 0.3750000000
88928  5.994  -11.201  38.573 0.3750000000
90033  6.710  -10.768  37.992 0.3750000000
90048  7.492  -10.210  37.504 0.3750000000
91102  8.134  -9.784  37.072 0.3750000000
91165  10.471  -8.815  33.394 0.1250000000
91177  10.886  -8.703  32.615 0.1250000000
98956  52.587  -2.566  12.651 0.1250000000
98971  52.773  -2.695  11.693 0.1250000000
98972  52.167  -2.772  12.132 0.1250000000
97912  51.600  -3.306  12.009 0.1250000000
91380  56.618  -9.281  3.527 0.1250000000
90011  4.653  -11.070  40.164 0.3750000000
90019  4.807  -10.694  39.199 0.3750000000
92069  5.961  -8.685  40.135 0.3750000000
91090  4.401  -9.650  38.253 0.3750000000
90034  5.756  -10.843  37.806 0.3750000000
90035  4.790  -10.733  37.888 0.3750000000
90063  6.143  -10.029  36.658 0.3750000000
91104  6.757  -9.799  36.562 0.3750000000
91122  7.416  -9.380  36.065 0.3750000000
91123  6.387  -9.492  36.082 0.2500000000
91121  8.403  -9.483  36.311 0.3750000000
91185  11.814  -9.004  31.859 0.1250000000
98970  53.532  -2.790  11.528 0.1250000000
97932  51.989  -3.628  11.109 0.1250000000
97945  52.798  -2.848  9.800 0.1250000000
97946  52.240  -3.592  10.117 0.1250000000
96798  51.587  -4.291  10.440 0.1250000000
96813  52.484  -3.618  9.064 0.1250000000
96814  51.915  -4.352  9.447 0.1250000000
94601  56.608  -6.458  3.011 0.2500000000
94600  56.702  -6.677  2.624 0.1250000000
95772  56.662  -6.349  2.270 0.1250000000
92070  5.057  -8.771  39.366 0.3750000000
91081  4.718  -9.660  39.216 0.3750000000
90051  4.903  -10.220  37.124 0.3750000000
90050  5.508  -10.351  37.102 0.3750000000
90049  6.514  -10.298  37.186 0.3750000000
91139  6.188  -8.986  35.452 0.2500000000
91137  8.349  -9.082  35.338 0.3750000000
91138  7.245  -8.825  35.185 0.2500000000
91152  9.345  -8.787  34.343 0.2500000000
91166  9.731  -8.591  33.582 0.2500000000
92158  9.141  -7.522  32.654 0.1250000000
98982  53.710  -2.611  10.633 0.1250000000
98989  54.266  -2.880  9.664 0.1250000000
98991  53.353  -2.506  10.038 0.1250000000
98990  53.832  -2.598  9.839 0.1250000000
98997  53.368  -2.615  9.260 0.1250000000
97951  52.918  -2.984  8.656 0.1250000000
96822  52.609  -3.678  7.971 0.1250000000
95761  56.524  -5.964  2.684 0.2500000000
95760  56.619  -6.154  2.419 0.2500000000
92068  6.588  -8.113  40.348 0.3750000000
93046  4.814  -8.189  38.967 0.3750000000
93038  7.003  -7.530  40.416 0.3750000000
92077  4.463  -8.698  38.687 0.3750000000
93054  4.633  -7.599  38.444 0.3750000000
93045  5.434  -7.708  39.198 0.3750000000
91106  4.563  -9.502  36.973 0.3750000000
92084  4.066  -8.235  37.563 0.3750000000
90064  5.683  -9.876  36.544 0.3750000000
91124  5.418  -9.402  36.160 0.2500000000
92117  6.647  -8.579  34.997 0.2500000000
91154  7.688  -8.445  34.545 0.2500000000
92134  8.188  -8.252  34.064 0.1250000000
92150  7.487  -7.385  33.667 0.1250000000
93126  6.961  -6.945  33.552 0.1250000000
91153  8.261  -8.641  34.609 0.2500000000
92133  8.752  -8.473  34.127 0.2500000000
92148  9.194  -8.237  33.446 0.1250000000
92149  8.195  -7.545  33.384 0.1250000000
97944  54.368  -3.467  9.492 0.1250000000
98996  53.864  -2.614  8.974 0.1250000000
99002  53.436  -2.768  8.307 0.1250000000
99009  53.417  -2.774  7.304 0.1250000000
97973  52.645  -3.063  4.601 0.1250000000
99035  53.279  -2.562  4.333 0.1250000000
96880  56.266  -5.386  2.619 0.2500000000
99051  53.343  -2.437  3.324 0.1250000000
94091  6.325  -6.749  39.061 0.2500000000
94082  7.224  -6.380  40.544 0.2500000000
91125  4.771  -8.888  35.920 0.3750000000
91140  5.462  -8.814  35.506 0.2500000000
92135  7.083  -7.990  34.326 0.1250000000
93127  6.007  -6.883  33.712 0.1250000000
92119  5.413  -8.288  35.162 0.2500000000
92118  6.111  -8.471  34.991 0.2500000000
92136  5.960  -7.941  34.592 0.1250000000
93106  6.321  -7.481  34.059 0.1250000000
93107  5.653  -7.377  34.298 0.1250000000
94140  5.036  -6.552  34.165 0.1250000000
93125  7.678  -7.022  33.311 0.1250000000
93143  7.493  -6.590  32.980 0.1250000000
97950  54.352  -3.462  8.529 0.1250000000
98995  54.229  -2.878  8.751 0.1250000000
97955  54.371  -3.432  7.501 0.1250000000
99000  54.216  -2.839  7.774 0.1250000000
99007  54.201  -2.814  6.754 0.2500000000
99008  53.822  -2.533  7.033 0.1250000000
99001  53.852  -2.607  8.029 0.1250000000
99014  53.755  -2.600  6.028 0.1250000000
99013  54.148  -2.844  5.730 0.2500000000
99022  53.763  -2.446  5.035 0.2500000000
94083  6.913  -6.953  39.814 0.3750000000
94092  5.597  -6.980  38.729 0.2500000000
93063  3.902  -7.205  37.302 0.3750000000
93073  3.799  -7.593  36.404 0.2500000000
92100  3.832  -7.813  36.867 0.2500000000
93088  3.951  -7.578  35.808 0.2500000000
92099  4.156  -8.291  36.417 0.2500000000
92120  4.645  -8.083  35.418 0.2500000000
92138  4.843  -7.522  35.066 0.1250000000
92137  5.281  -7.721  34.901 0.1250000000
93128  5.409  -6.873  34.050 0.1250000000
94163  5.473  -6.213  33.690 0.1250000000
95361  5.659  -5.321  33.352 0.1250000000
93108  5.031  -7.088  34.628 0.1250000000
94164  4.878  -6.050  34.036 0.1250000000
94162  6.413  -6.006  33.094 0.1250000000
97961  54.340  -3.422  6.461 0.2500000000
95283  6.344  -4.796  42.954 0.2500000000
95291  6.572  -4.689  42.207 0.2500000000
94090  7.027  -6.222  39.553 0.2500000000
94101  4.604  -6.903  37.922 0.3750000000
94100  5.183  -6.658  38.249 0.2500000000
95304  6.681  -5.530  38.784 0.2500000000
96443  7.288  -4.134  40.206 0.2500000000
94117  3.434  -6.287  36.419 0.1250000000
93074  3.684  -7.142  36.770 0.2500000000
94109  4.237  -6.459  37.475 0.2500000000
95313  5.185  -6.085  37.800 0.2500000000
93089  3.599  -7.003  36.127 0.2500000000
93110  3.803  -6.908  35.594 0.2500000000
93109  4.351  -7.164  35.163 0.1250000000
95345  4.549  -5.389  34.292 0.1250000000
95362  5.118  -5.570  33.804 0.1250000000
94141  4.514  -6.354  34.595 0.1250000000
96428  5.946  -4.077  42.546 0.1250000000
96466  3.984  -4.480  37.260 0.1250000000
95322  4.759  -5.507  37.490 0.1250000000
95321  5.311  -5.015  37.609 0.1250000000
96455  6.697  -4.483  38.079 0.2500000000
96437  6.508  -4.192  41.806 0.1250000000
95323  3.798  -5.437  37.195 0.1250000000
95311  6.334  -5.131  38.265 0.1250000000
95298  7.250  -5.301  39.880 0.2500000000
94110  3.650  -6.342  37.020 0.1250000000
96475  3.067  -4.614  36.307 0.1250000000
95332  3.163  -5.452  36.026 0.1250000000
95338  3.589  -5.508  35.396 0.1250000000
94142  3.908  -6.347  35.200 0.1250000000
95346  4.036  -5.706  34.838 0.1250000000
96505  5.146  -4.800  33.823 0.1250000000
96490  4.517  -4.315  34.327 0.1250000000
96504  5.800  -4.274  33.271 0.1250000000
96419  5.108  -4.146  43.647 0.1250000000
96429  5.494  -4.040  43.064 0.1250000000
97572  6.099  -3.348  41.907 0.1250000000
96465  4.822  -4.417  37.436 0.1250000000
96464  5.798  -4.456  37.639 0.1250000000
97595  7.446  -3.464  38.275 0.2500000000
97589  7.588  -3.253  39.385 0.2500000000
96436  6.994  -3.743  41.230 0.1250000000
97604  5.058  -3.509  37.236 0.1250000000
97603  5.956  -3.517  37.335 0.2500000000
96449  7.271  -4.400  39.071 0.2500000000
97605  4.095  -3.534  37.263 0.1250000000
96468  3.122  -3.823  36.625 0.1250000000
96483  2.960  -4.104  36.115 0.1250000000
97620  2.961  -3.471  36.013 0.1250000000
96491  3.872  -4.839  34.849 0.1250000000
97619  3.314  -3.401  35.503 0.1250000000
97627  3.808  -3.670  34.931 0.1250000000
98735  3.572  -3.011  35.273 0.1250000000
97626  4.704  -3.302  34.374 0.1250000000
98734  4.153  -2.506  35.072 0.1250000000
96489  5.244  -3.872  33.918 0.1250000000
97625  5.343  -3.129  33.953 0.1250000000
98733  5.401  -2.382  34.323 0.1250000000
97638  5.798  -3.334  33.572 0.1250000000
97637  6.352  -3.464  33.058 0.1250000000
97573  5.675  -3.261  42.393 0.1250000000
97571  6.825  -2.762  41.294 0.1250000000
97602  6.762  -3.488  37.504 0.2500000000
97584  7.375  -3.035  40.477 0.1250000000
97612  4.375  -3.032  37.132 0.1250000000
98707  5.510  -3.039  37.057 0.2500000000
98681  7.372  -2.088  40.852 0.1250000000
97614  3.217  -3.245  36.787 0.1250000000
98717  3.405  -2.841  36.925 0.1250000000
99772  3.229  -1.689  36.289 0.1250000000
98724  3.336  -2.508  35.681 0.1250000000
99770  4.138  -1.071  35.445 0.1250000000
98723  3.738  -2.031  35.492 0.1250000000
99787  4.834  -1.437  35.064 0.1250000000
99788  4.063  -1.695  35.382 0.1250000000
100676  5.481  -0.514  35.047 0.1250000000
98732  6.090  -2.001  34.182 0.1250000000
99786  5.937  -1.371  34.559 0.1250000000
98642  4.595  -2.361  43.580 0.1250000000
98656  5.029  -2.494  43.083 0.1250000000
99673  5.441  -1.734  42.789 0.1250000000
99688  5.864  -1.871  42.239 0.1250000000
98669  6.184  -2.333  41.775 0.1250000000
98668  6.768  -1.971  41.390 0.1250000000
99755  4.109  -1.668  36.886 0.1250000000
98714  5.383  -2.022  36.723 0.1250000000
98706  6.088  -2.526  36.975 0.2500000000
98705  7.367  -2.480  37.477 0.2500000000
98699  8.016  -2.224  38.551 0.2500000000
98692  7.888  -2.137  39.842 0.1250000000
99773  3.257  -2.330  36.485 0.1250000000
99756  3.500  -1.860  36.676 0.1250000000
100662  3.832  -0.395  35.701 0.1250000000
100663  3.351  -0.552  36.214 0.1250000000
101540  5.095  0.217  35.316 0.1250000000
100661  4.604  -0.439  35.381 0.1250000000
99771  3.573  -1.406  35.714 0.1250000000
101538  6.879  0.569  34.848 0.1250000000
101539  5.887  0.407  35.088 0.1250000000
100675  6.426  -0.405  34.726 0.1250000000
101464  6.285  0.395  42.452 0.1250000000
102315  6.661  1.414  42.250 0.1250000000
102314  7.301  1.469  41.835 0.1250000000
101478  7.046  0.693  41.969 0.1250000000
99672  5.888  -1.242  42.474 0.1250000000
100601  7.023  -0.334  41.851 0.1250000000
99687  6.458  -1.397  41.931 0.1250000000
100600  7.590  -0.481  41.083 0.1250000000
99686  7.219  -1.273  41.321 0.1250000000
99699  8.292  -0.772  40.105 0.1250000000
99700  7.830  -1.193  40.528 0.1250000000
98698  8.319  -1.591  38.618 0.2500000000
99711  8.501  -0.830  39.483 0.1250000000
100649  4.275  -0.810  37.020 0.1250000000
99753  5.676  -1.438  36.822 0.1250000000
99740  6.752  -1.402  37.056 0.2500000000
99738  8.403  -0.618  37.934 0.2500000000
98691  8.338  -1.564  39.149 0.2500000000
100651  3.259  -0.558  36.706 0.1250000000
101529  3.567  0.425  36.132 0.1250000000
102401  6.156  1.512  35.192 0.1250000000
101477  7.824  0.568  41.211 0.1250000000
101476  8.250  1.195  40.958 0.1250000000
101489  8.683  0.785  40.307 0.1250000000
100619  8.773  0.045  39.238 0.1250000000
99725  8.537  -0.965  38.541 0.1250000000
100650  3.606  -0.786  36.915 0.1250000000
100635  4.671  -0.108  37.282 0.1250000000
100634  5.830  -0.370  37.107 0.1250000000
100633  7.111  -0.297  37.310 0.2500000000
100632  8.063  -0.116  37.630 0.1250000000
101522  2.983  0.552  36.954 0.1250000000
101516  4.166  0.758  37.484 0.1250000000
101515  5.205  0.690  37.438 0.1250000000
102391  3.385  1.223  36.599 0.1250000000
103230  6.930  1.970  42.106 0.1250000000
102313  7.940  1.677  41.408 0.1250000000
101507  8.914  1.010  38.706 0.1250000000
100625  8.628  0.008  38.235 0.1250000000
102368  5.712  1.615  37.499 0.1250000000
102367  6.817  1.626  37.503 0.1250000000
101513  7.458  0.727  37.476 0.1250000000
101512  8.382  0.839  37.795 0.1250000000
102379  3.295  1.545  37.062 0.1250000000
103278  3.666  2.473  37.126 0.1250000000
102369  4.648  1.632  37.471 0.1250000000
104235  6.538  3.557  42.480 0.1250000000
104244  7.170  3.572  42.183 0.1250000000
104243  7.765  3.516  41.645 0.1250000000
103242  8.819  2.680  40.798 0.1250000000
102329  8.526  1.787  40.898 0.1250000000
101488  9.216  1.446  40.080 0.1250000000
101498  9.220  1.321  39.519 0.1250000000
102365  8.649  1.763  38.022 0.1250000000
105342  5.058  4.393  37.458 0.1250000000
104282  5.618  3.471  37.454 0.1250000000
103274  7.290  2.556  37.552 0.1250000000
102366  7.841  1.677  37.610 0.1250000000
104283  4.579  3.440  37.453 0.1250000000
107430  7.075  6.450  48.238 0.1250000000
107424  5.888  5.858  48.708 0.1250000000
108422  7.453  6.894  47.555 0.1250000000
107431  6.159  6.512  48.502 0.1250000000
106373  5.038  5.453  47.266 0.1250000000
105301  8.031  4.425  41.388 0.1250000000
104252  9.050  3.584  40.566 0.1250000000
105325  9.300  4.451  38.497 0.1250000000
104260  9.463  3.608  39.894 0.1250000000
103241  9.333  2.740  40.239 0.1250000000
104280  7.844  3.462  37.542 0.1250000000
104269  9.137  3.440  38.422 0.1250000000
103251  9.481  2.765  39.521 0.1250000000
105341  6.178  4.371  37.278 0.1250000000
104279  8.673  3.397  37.894 0.1250000000
103262  8.899  2.629  38.214 0.1250000000
104281  6.747  3.463  37.380 0.1250000000
103273  8.246  2.574  37.731 0.1250000000
108442  4.942  7.461  46.999 0.1250000000
108458  4.511  7.502  45.895 0.1250000000
108425  5.149  6.796  47.527 0.1250000000
107458  4.354  6.515  45.366 0.1250000000
107466  6.271  6.487  42.224 0.1250000000
107473  6.932  6.487  41.693 0.1250000000
106428  6.770  5.791  41.990 0.1250000000
107472  7.608  6.501  41.211 0.1250000000
106427  7.505  5.466  41.556 0.1250000000
106443  8.041  5.809  40.987 0.1250000000
107479  8.278  6.515  40.674 0.1250000000
106442  8.672  5.466  40.510 0.1250000000
106441  9.235  5.377  39.805 0.1250000000
106490  8.066  5.509  36.947 0.1250000000
105339  8.627  4.422  37.653 0.1250000000
108477  4.420  7.544  43.992 0.1250000000
108471  4.315  7.527  44.912 0.1250000000
108481  5.796  7.398  42.383 0.1250000000
108492  7.768  7.373  40.926 0.1250000000
108491  8.399  7.418  40.348 0.1250000000
108521  9.033  7.600  36.898 0.1250000000
108508  9.320  7.266  37.399 0.1250000000
107492  9.420  6.411  37.934 0.1250000000
107484  9.517  6.499  38.996 0.1250000000
107478  9.057  6.496  39.956 0.1250000000
108522  8.317  7.430  36.366 0.1250000000
107497  8.308  6.487  36.678 0.1250000000
107477  9.358  5.939  39.481 0.1250000000
106474  9.376  5.529  38.348 0.1250000000
106458  9.510  5.375  39.108 0.1250000000
109458  4.285  8.490  44.457 0.1250000000
109472  4.468  8.456  43.580 0.1250000000
109486  4.834  8.291  42.958 0.1250000000
109484  6.098  8.039  42.140 0.1250000000
108489  6.500  7.359  41.971 0.1250000000
109507  7.085  8.646  41.052 0.1250000000
108488  7.162  7.360  41.488 0.1250000000
108501  9.543  7.423  38.291 0.1250000000
109528  9.361  8.357  38.549 0.1250000000
109516  9.239  8.359  39.078 0.1250000000
109543  9.207  8.713  37.456 0.1250000000
108495  9.384  7.715  39.158 0.1250000000
108496  8.937  7.570  39.781 0.1250000000
107485  9.292  7.082  39.509 0.1250000000
108539  7.632  7.859  35.840 0.1250000000
109485  5.480  8.493  42.432 0.1250000000
110477  6.619  9.099  41.226 0.1250000000
111388  6.400  9.800  41.026 0.1250000000
109517  8.801  8.488  39.476 0.1250000000
109506  7.742  8.354  40.527 0.1250000000
111397  6.632  10.619  40.285 0.1250000000
110498  9.217  8.840  37.829 0.1250000000
110491  9.014  9.188  38.400 0.1250000000
110487  8.188  9.422  39.575 0.1250000000
111396  7.492  9.865  40.003 0.1250000000
109558  9.014  8.398  36.880 0.1250000000
110499  9.058  9.368  37.420 0.1250000000
111406  8.622  10.443  38.144 0.1250000000
111400  8.534  9.820  38.951 0.1250000000
111401  7.749  10.696  39.292 0.1250000000
109567  8.269  8.491  36.008 0.1250000000
110505  8.692  9.390  36.403 0.1250000000
111414  8.771  10.357  36.874 0.1250000000
110447  4.244  9.458  44.907 0.1250000000
110457  4.297  9.433  43.984 0.1250000000
111380  4.735  10.475  42.840 0.1250000000
110469  4.751  9.388  42.941 0.1250000000
110468  5.341  9.369  42.355 0.1250000000
111379  5.160  10.222  42.164 0.1250000000
110478  5.912  9.306  41.758 0.1250000000
111389  5.718  10.516  41.157 0.1250000000
111398  5.896  11.021  40.617 0.1250000000
111402  6.971  11.158  39.696 0.1250000000
111407  8.108  11.067  38.536 0.1250000000
112293  7.003  11.800  39.348 0.1250000000
112307  8.401  11.233  37.261 0.1250000000
112299  8.227  11.326  38.054 0.1250000000
112314  8.309  11.109  36.239 0.1250000000
112315  7.954  11.956  36.620 0.1250000000
112300  7.655  11.712  38.552 0.1250000000
112308  7.905  11.927  37.635 0.1250000000
113175  7.434  12.551  38.095 0.1250000000
113190  7.405  12.813  36.186 0.1250000000
113182  7.556  12.711  37.219 0.1250000000
113191  6.553  12.862  35.365 0.1250000000
112251  4.084  11.329  45.808 0.1250000000
111350  4.505  10.458  46.054 0.1250000000
111357  4.189  10.408  45.348 0.1250000000
112257  4.114  11.263  44.963 0.1250000000
111365  4.248  10.385  44.505 0.1250000000
112264  4.379  11.267  44.103 0.1250000000
111371  4.477  10.390  43.587 0.1250000000
112272  4.652  11.322  43.100 0.1250000000
112271  4.820  11.008  42.436 0.1250000000
112279  5.031  11.469  41.718 0.1250000000
112289  5.559  11.394  40.929 0.1250000000
112288  6.029  11.676  40.413 0.1250000000
113153  5.847  12.335  40.364 0.1250000000
112294  6.573  11.543  39.904 0.1250000000
113159  6.699  12.405  39.279 0.1250000000
113167  7.008  12.550  38.814 0.1250000000
114103  7.037  13.492  36.937 0.1250000000
114118  6.700  13.469  36.157 0.1250000000
113118  4.204  12.293  46.256 0.1250000000
113124  4.173  12.132  45.328 0.1250000000
113137  4.632  12.184  43.732 0.1250000000
113132  4.326  11.944  44.578 0.1250000000
113145  4.731  12.298  42.505 0.1250000000
112280  4.749  11.531  42.423 0.1250000000
114043  5.066  12.946  41.242 0.1250000000
113160  6.257  12.459  39.767 0.1250000000
114064  6.187  13.049  39.296 0.1250000000
114079  6.415  13.410  38.647 0.1250000000
114078  7.043  12.984  38.381 0.1250000000
114091  6.500  13.919  37.633 0.1250000000
114120  5.061  14.037  35.358 0.1250000000
115053  4.436  14.844  35.008 0.1250000000
113110  4.727  12.556  47.205 0.1250000000
114012  4.513  13.194  46.617 0.1250000000
114020  4.412  13.065  45.656 0.1250000000
114028  4.627  12.825  44.630 0.1250000000
114019  4.681  13.516  45.124 0.1250000000
114035  4.955  13.431  43.317 0.1250000000
114027  5.017  13.726  44.430 0.1250000000
114044  4.882  13.506  41.750 0.1250000000
115011  4.934  14.154  40.174 0.1250000000
114054  5.121  13.351  40.682 0.1250000000
115020  5.162  14.801  39.458 0.1250000000
113161  5.633  12.809  40.272 0.1250000000
115822  5.262  15.617  38.886 0.1250000000
114080  5.696  14.180  38.813 0.1250000000
114065  5.584  13.500  39.594 0.1250000000
115031  5.506  14.900  38.240 0.1250000000
115037  5.871  14.529  37.430 0.1250000000
114104  6.198  14.079  36.677 0.1250000000
114105  5.554  14.315  36.145 0.1250000000
114119  5.979  13.729  35.827 0.1250000000
115052  4.761  14.790  35.518 0.1250000000
114121  4.385  14.083  34.587 0.1250000000
114005  4.721  13.444  47.450 0.1250000000
114973  4.558  13.838  46.076 0.1250000000
114980  4.591  13.683  45.538 0.1250000000
114972  4.892  14.638  46.385 0.1250000000
114979  4.958  14.322  45.306 0.1250000000
114985  5.416  14.476  44.269 0.1250000000
114034  5.263  13.992  43.834 0.1250000000
115786  5.452  15.311  42.741 0.1250000000
114992  5.438  14.454  43.340 0.1250000000
116491  5.162  16.190  42.313 0.1250000000
114993  4.989  14.477  42.389 0.1250000000
116501  4.600  16.052  40.938 0.1250000000
116492  4.656  15.947  41.570 0.1250000000
115795  4.435  15.474  41.144 0.1250000000
114055  4.709  14.139  40.876 0.1250000000
116503  4.993  16.444  40.660 0.1250000000
115805  4.553  15.669  40.562 0.1250000000
115012  4.626  14.996  40.422 0.1250000000
116510  5.048  16.216  39.734 0.1250000000
115812  4.966  15.549  39.596 0.1250000000
116520  5.741  16.350  38.552 0.1250000000
115829  5.501  15.665  37.783 0.1250000000
115038  5.456  15.092  37.147 0.1250000000
115044  5.580  14.612  36.717 0.1250000000
115837  5.406  15.627  36.569 0.1250000000
115045  5.112  14.930  36.117 0.1250000000
115838  4.974  15.474  35.851 0.1250000000
116558  4.865  15.791  34.918 0.1250000000
115854  4.693  15.443  34.379 0.1250000000
115068  3.893  14.421  32.966 0.1250000000
115060  4.020  14.449  33.946 0.1250000000
116479  5.659  15.990  44.303 0.1250000000
115774  5.542  15.272  44.812 0.1250000000
115780  5.706  15.267  43.793 0.1250000000
116485  5.759  16.122  43.370 0.1250000000
116500  4.954  16.455  41.457 0.1250000000
116531  5.820  16.176  37.301 0.1250000000
116557  5.314  15.994  35.265 0.1250000000
115861  5.206  15.422  33.390 0.1250000000
116571  4.828  15.725  34.681 0.1250000000
116570  5.127  15.827  34.631 0.1250000000
115862  4.463  14.902  33.321 0.1250000000
116556  6.315  16.282  35.557 0.1250000000
115852  5.864  15.889  33.973 0.1250000000
99050  53.872  -1.993  2.839 0.2500000000
116473  5.469  16.224  45.162 0.1250000000
116467  5.430  16.370  46.159 0.1250000000
56848  24.805  -38.854  35.699 0.2500000000
85849  50.533  -14.341  21.813 0.2500000000
82135  6.998  -18.060  27.171 0.3750000000
96729  52.173  -3.691  16.400 0.2500000000
98942  53.090  -2.710  13.196 0.1250000000
95245  14.679  -5.588  46.759 0.2500000000
91080  5.240  -9.651  39.933 0.3750000000
103217  6.880  3.030  42.260 0.1250000000
105294  6.779  4.430  42.403 0.1250000000
107449  4.931  5.973  47.089 0.1250000000
98981  54.235  -2.885  10.517 0.1250000000
69395  33.577  -28.384  33.615 0.1250000000
83560  51.351  -15.411  12.279 0.1250000000
83572  51.550  -15.497  11.571 0.1250000000
58084  28.747  -37.264  36.433 0.2500000000
56844  28.119  -37.352  36.023 0.2500000000
56845  27.564  -37.561  35.790 0.2500000000
58097  29.159  -36.838  36.243 0.1250000000
60433  31.732  -34.712  34.191 0.1250000000
85865  50.737  -13.669  21.070 0.2500000000
85876  51.294  -13.713  19.940 0.1250000000
86942  50.765  -13.255  21.550 0.2500000000
59306  28.489  -36.205  35.170 0.1250000000
56899  25.565  -37.750  34.212 0.1250000000
59315  28.926  -35.928  34.788 0.1250000000
59325  28.559  -35.648  34.621 0.1250000000
59326  27.750  -35.637  34.411 0.1250000000
59328  26.012  -36.504  33.440 0.1250000000
59338  26.312  -36.008  33.395 0.1250000000
60451  29.042  -35.588  34.528 0.1250000000
60480  27.137  -34.904  33.168 0.1250000000
60482  25.633  -35.756  32.121 0.1250000000
61670  26.240  -34.960  31.921 0.1250000000
60463  30.271  -34.364  33.337 0.1250000000
60448  31.652  -34.589  33.216 0.1250000000
61668  29.536  -33.361  31.835 0.1250000000
60479  31.164  -34.265  31.604 0.1250000000
56873  26.803  -37.575  35.215 0.1250000000
56872  27.268  -37.296  35.329 0.1250000000
58116  26.990  -37.115  34.979 0.1250000000
58117  26.489  -37.469  34.639 0.1250000000
58148  24.721  -37.183  33.400 0.1250000000
58146  26.365  -36.897  33.843 0.1250000000
59329  25.346  -36.474  33.138 0.1250000000
58165  24.465  -36.870  32.748 0.1250000000
58164  24.917  -36.710  33.088 0.1250000000
58128  26.024  -37.504  34.059 0.1250000000
59353  24.781  -36.265  31.722 0.1250000000
59342  23.737  -36.402  31.913 0.1250000000
59372  22.613  -35.699  30.786 0.1250000000
61655  32.276  -34.442  32.711 0.1250000000
60461  31.975  -34.495  32.171 0.1250000000
61653  33.076  -33.930  31.965 0.1250000000
62871  33.301  -33.688  31.647 0.1250000000
65053  33.719  -32.254  32.290 0.1250000000
68347  33.413  -30.179  32.016 0.1250000000
68335  33.450  -29.279  32.260 0.1250000000
84721  49.967  -14.822  22.118 0.2500000000
85850  50.197  -14.480  21.275 0.2500000000
82321  50.127  -15.554  12.891 0.1250000000
97806  46.386  -3.734  19.999 0.2500000000
96695  48.073  -4.988  18.921 0.2500000000
98960  48.701  -2.811  13.256 0.1250000000
97856  51.564  -2.726  15.914 0.1250000000
98930  49.164  -2.720  14.551 0.1250000000
97881  49.761  -2.906  13.351 0.1250000000
98927  51.993  -2.485  14.609 0.1250000000
98943  52.441  -2.539  13.660 0.1250000000
97894  51.067  -3.138  12.653 0.1250000000
88929  5.381  -11.137  38.347 0.3750000000
97911  52.236  -3.067  11.567 0.1250000000
97931  52.545  -3.041  10.838 0.1250000000
98983  53.095  -2.606  10.746 0.1250000000
92147  9.902  -8.498  33.145 0.1250000000
93044  6.369  -7.627  39.824 0.3750000000
93062  4.212  -7.293  37.779 0.2500000000
93142  8.102  -6.772  32.680 0.1250000000
99015  53.338  -2.765  6.305 0.1250000000
94099  5.824  -6.433  38.536 0.2500000000
95312  5.777  -5.609  38.065 0.2500000000
95324  3.372  -5.415  36.646 0.1250000000
96456  6.178  -4.932  38.008 0.1250000000
96463  6.347  -4.006  37.628 0.2500000000
96467  3.310  -4.366  36.818 0.1250000000
96482  3.242  -4.385  35.625 0.1250000000
97606  3.455  -3.612  37.057 0.1250000000
98725  2.994  -2.711  36.195 0.1250000000
98670  5.623  -2.652  42.420 0.1250000000
99726  8.272  -1.540  38.307 0.2500000000
99754  4.854  -1.537  36.779 0.1250000000
99757  3.305  -2.473  36.656 0.1250000000
100587  6.243  -0.636  42.378 0.1250000000
99739  7.972  -1.261  37.685 0.2500000000
99712  8.224  -1.335  39.845 0.1250000000
101530  3.258  0.225  36.592 0.1250000000
100613  8.118  -0.136  40.539 0.1250000000
100612  8.548  -0.217  39.969 0.1250000000
100648  5.035  -0.829  36.952 0.1250000000
100637  3.273  -0.001  37.078 0.1250000000
103229  7.321  2.534  41.897 0.1250000000
101514  6.356  0.659  37.401 0.2500000000
101517  3.402  0.749  37.304 0.1250000000
102370  3.787  1.628  37.368 0.1250000000
103228  8.179  2.612  41.339 0.1250000000
101506  9.229  1.549  38.982 0.1250000000
103276  5.124  2.547  37.474 0.1250000000
103275  6.208  2.549  37.492 0.1250000000
103277  4.206  2.523  37.386 0.1250000000
105302  7.454  4.438  41.981 0.1250000000
104253  8.445  3.540  41.116 0.1250000000
105310  8.617  4.439  40.819 0.1250000000
107432  5.334  6.069  47.870 0.1250000000
106426  8.174  5.120  41.043 0.1250000000
105309  9.162  4.500  40.221 0.1250000000
104268  9.481  3.569  39.082 0.1250000000
105326  8.974  3.920  38.101 0.1250000000
105338  9.171  4.958  37.994 0.1250000000
103261  9.331  2.715  38.805 0.1250000000
105318  9.465  4.481  39.454 0.1250000000
105340  7.380  4.391  37.224 0.1250000000
106489  9.039  5.501  37.608 0.1250000000
109494  7.335  8.043  41.196 0.1250000000
109505  8.430  8.121  40.038 0.1250000000
107496  8.936  6.335  37.160 0.1250000000
109496  6.019  8.550  42.005 0.1250000000
109495  6.610  8.319  41.641 0.1250000000
110483  7.090  9.365  40.606 0.1250000000
110486  8.760  9.155  39.101 0.1250000000
110482  7.722  9.141  40.123 0.1250000000
112245  4.527  11.442  46.546 0.1250000000
113144  4.958  12.520  41.609 0.1250000000
113154  5.432  12.335  40.934 0.1250000000
115030  6.010  14.233  38.165 0.1250000000
114966  4.692  13.988  46.958 0.1250000000
115000  4.565  14.669  41.427 0.1250000000
115021  4.873  15.287  39.896 0.1250000000
115787  4.705  15.376  41.973 0.1250000000
51541  5.215  -43.498  42.654 0.1250000000
51542  4.893  -43.321  42.264 0.1250000000
51551  4.198  -43.645  41.365 0.1250000000
52598  3.797  -43.116  41.237 0.1250000000
52603  3.489  -42.703  41.091 0.1250000000
52584  5.620  -42.814  43.487 0.1250000000
55623  3.351  -41.131  40.462 0.1250000000
54674  3.026  -42.284  38.738 0.1250000000
55684  3.321  -41.815  36.641 0.1250000000
56837  3.917  -41.344  36.678 0.1250000000
52585  5.264  -42.741  43.146 0.1250000000
56811  4.098  -40.594  37.747 0.1250000000
56836  4.425  -40.840  36.640 0.1250000000
56892  4.334  -41.120  34.766 0.1250000000
56917  4.342  -41.258  33.941 0.1250000000
55725  3.737  -41.524  33.853 0.1250000000
55794  6.173  -41.236  29.731 0.1250000000
56792  4.080  -39.696  38.720 0.1250000000
56809  4.812  -39.762  37.309 0.1250000000
56810  4.449  -39.949  37.683 0.1250000000
56863  4.834  -40.578  35.620 0.1250000000
56864  4.502  -41.057  35.592 0.1250000000
56862  5.329  -39.991  35.591 0.1250000000
56890  5.508  -40.151  34.585 0.1250000000
56891  4.897  -40.705  34.718 0.1250000000
56915  5.832  -40.018  33.680 0.1250000000
56943  7.178  -39.691  31.819 0.1250000000
56932  6.376  -39.862  32.753 0.1250000000
56956  6.878  -40.007  30.583 0.1250000000
56957  6.233  -40.162  30.923 0.1250000000
56955  8.154  -39.152  30.845 0.1250000000
56973  7.159  -39.991  29.914 0.1250000000
55793  6.872  -40.293  29.601 0.1250000000
56972  7.871  -39.844  29.657 0.1250000000
57051  7.539  -39.802  25.580 0.1250000000
55837  5.226  -41.121  25.300 0.1250000000
57052  6.737  -39.862  24.910 0.1250000000
58090  5.739  -39.251  36.518 0.1250000000
56834  5.070  -39.876  36.543 0.1250000000
56861  5.979  -39.751  35.296 0.1250000000
56888  7.000  -39.075  34.534 0.1250000000
56914  6.695  -39.491  33.692 0.1250000000
56931  7.317  -39.314  32.908 0.1250000000
58189  8.500  -38.676  31.444 0.1250000000
56942  8.125  -38.921  32.127 0.1250000000
58202  9.085  -38.066  29.907 0.1250000000
56971  8.744  -38.921  29.745 0.1250000000
56991  8.162  -39.940  28.531 0.1250000000
55818  7.461  -40.859  27.384 0.1250000000
58214  9.058  -38.145  28.880 0.1250000000
56990  8.750  -39.183  28.718 0.1250000000
57011  8.597  -39.282  27.696 0.1250000000
57032  8.004  -40.181  26.545 0.1250000000
58225  8.952  -38.315  27.798 0.1250000000
57031  8.428  -39.373  26.782 0.1250000000
58235  8.663  -38.537  26.924 0.1250000000
58250  8.408  -38.607  26.192 0.1250000000
58251  7.869  -38.610  25.506 0.1250000000
58269  6.334  -38.916  24.498 0.1250000000
58271  4.970  -39.418  24.008 0.1250000000
58105  5.798  -39.569  35.840 0.1250000000
58104  6.294  -39.139  35.839 0.1250000000
56913  7.445  -38.794  33.774 0.1250000000
58103  7.085  -38.189  35.446 0.1250000000
56930  7.858  -38.634  33.159 0.1250000000
58160  8.503  -37.874  32.626 0.1250000000
58175  8.891  -37.740  31.789 0.1250000000
59390  8.869  -37.250  29.211 0.1250000000
59407  8.140  -36.839  27.279 0.1250000000
59423  8.496  -37.605  26.935 0.1250000000
59424  7.628  -37.005  26.567 0.1250000000
58252  7.114  -38.796  24.949 0.1250000000
59442  7.060  -37.539  25.353 0.1250000000
59463  6.639  -38.225  24.716 0.1250000000
59464  5.900  -37.880  24.394 0.1250000000
59485  5.343  -38.465  23.914 0.1250000000
59486  5.077  -37.965  23.673 0.1250000000
57090  4.315  -39.135  23.913 0.1250000000
58139  7.850  -38.148  33.815 0.1250000000
59331  8.462  -36.914  32.617 0.1250000000
60467  8.626  -36.794  31.982 0.1250000000
59377  8.957  -37.167  30.268 0.1250000000
60521  8.442  -36.591  30.255 0.1250000000
60557  8.428  -36.626  28.740 0.1250000000
60558  7.915  -36.289  27.971 0.1250000000
60577  7.197  -36.638  26.979 0.1250000000
59425  6.505  -36.613  26.715 0.1250000000
59443  5.758  -36.858  25.507 0.1250000000
59465  4.867  -36.926  24.585 0.1250000000
60485  8.354  -36.481  31.425 0.1250000000
60522  7.859  -36.414  29.925 0.1250000000
60486  7.561  -36.419  31.340 0.1250000000
60559  7.061  -36.414  27.531 0.1250000000
60523  7.099  -36.464  29.563 0.1250000000
60487  6.478  -36.770  31.206 0.1250000000
60488  5.685  -36.722  31.698 0.1250000000
60524  6.405  -36.646  29.256 0.1250000000
60505  6.508  -36.758  30.143 0.1250000000
59392  5.897  -36.759  28.745 0.1250000000
59378  5.888  -36.849  29.789 0.1250000000
83438  48.186  -16.341  23.573 0.1250000000
82202  46.076  -15.945  23.303 0.1250000000
83458  45.874  -15.613  22.714 0.1250000000
84700  48.689  -15.605  22.466 0.1250000000
84701  47.864  -15.577  22.216 0.1250000000
83457  46.890  -15.880  22.842 0.1250000000
84725  46.903  -15.301  21.252 0.1250000000
84702  47.206  -15.359  22.017 0.1250000000
83473  46.512  -15.396  22.138 0.1250000000
83459  44.910  -15.986  22.488 0.1250000000
84699  49.513  -15.503  22.961 0.1250000000
84723  48.578  -15.274  21.594 0.1250000000
83455  48.824  -16.099  23.118 0.1250000000
59318  8.211  -37.137  33.447 0.1250000000
52581  5.927  -42.636  43.891 0.1250000000
51546  4.655  -43.598  41.843 0.1250000000
55664  3.108  -42.115  37.375 0.1250000000
59466  4.117  -36.779  24.028 0.1250000000
56893  3.832  -41.337  34.780 0.1250000000
56889  6.255  -39.676  34.492 0.1250000000
56933  5.418  -40.344  32.870 0.1250000000
60576  7.594  -36.602  27.232 0.1250000000
83456  47.990  -15.998  22.955 0.1250000000
66218  3.422  -31.500  24.040 0.1250000000
66233  4.901  -31.744  23.402 0.1250000000
65167  3.750  -33.019  23.326 0.1250000000
65150  2.829  -32.377  23.869 0.1250000000
65149  3.888  -32.165  23.678 0.1250000000
79851  7.828  -19.152  23.631 0.2500000000
79850  8.599  -19.451  23.206 0.1250000000
81012  8.125  -18.606  23.286 0.1250000000
81013  7.502  -18.319  23.668 0.2500000000
82182  8.090  -17.330  23.976 0.2500000000
82201  7.712  -17.726  23.755 0.2500000000
82165  8.218  -17.124  24.842 0.2500000000
82166  7.242  -17.522  25.205 0.2500000000
82183  7.288  -17.741  24.292 0.2500000000
85756  10.236  -14.769  27.760 0.1250000000
85755  10.628  -14.635  28.556 0.1250000000
86867  11.043  -13.676  28.659 0.1250000000
86853  11.318  -13.778  29.360 0.1250000000
87926  12.373  -12.725  30.643 0.1250000000
96679  49.416  -4.695  19.440 0.1250000000
97819  50.155  -4.025  18.035 0.1250000000
97820  49.600  -4.228  18.045 0.1250000000
96730  51.757  -3.542  16.831 0.1250000000
94610  56.656  -6.750  2.083 0.1250000000
95773  56.495  -5.930  1.993 0.1250000000
96898  55.920  -4.826  1.608 0.1250000000
95774  55.836  -5.599  1.438 0.1250000000
95785  55.646  -4.872  1.148 0.1250000000
95786  55.321  -4.920  0.900 0.1250000000
98004  55.520  -3.665  0.976 0.1250000000
98017  55.532  -3.834  0.477 0.1250000000
96914  55.503  -4.277  0.550 0.1250000000
99048  55.157  -2.951  1.837 0.1250000000
99049  54.496  -2.334  2.268 0.1250000000
99062  55.046  -2.890  0.624 0.1250000000
99064  53.801  -1.999  1.650 0.1250000000
98041  55.369  -3.753  -1.108 0.1250000000
98027  55.975  -3.837  -0.004 0.1250000000
99078  53.766  -2.118  0.496 0.1250000000
99063  54.474  -2.340  1.146 0.1250000000
99076  54.851  -3.004  -0.180 0.1250000000
99077  54.374  -2.534  0.074 0.1250000000
99091  53.717  -2.434  -0.561 0.1250000000
98029  54.437  -3.565  -0.952 0.1250000000
99089  54.813  -3.228  -0.632 0.1250000000
99090  54.340  -2.872  -0.914 0.1250000000
99102  54.051  -3.008  -1.435 0.1250000000
98043  53.801  -3.366  -1.636 0.1250000000
96951  53.628  -3.903  -1.407 0.1250000000
96971  53.428  -3.796  -1.919 0.1250000000
94016  17.020  -6.493  47.748 0.1250000000
96382  17.256  -4.497  46.529 0.1250000000
96372  16.822  -4.918  47.174 0.1250000000
97501  16.654  -3.896  46.221 0.1250000000
96396  17.205  -4.445  45.314 0.1250000000
96383  16.404  -4.437  46.745 0.1250000000
97514  16.951  -3.760  45.468 0.1250000000
97530  16.552  -3.236  44.696 0.1250000000
96374  15.195  -4.988  47.228 0.1250000000
96384  15.477  -4.580  46.789 0.1250000000
97502  15.872  -4.117  46.200 0.1250000000
98666  14.688  -1.827  41.976 0.1250000000
96375  14.767  -5.130  47.130 0.1250000000
97503  14.927  -4.282  46.315 0.1250000000
97532  14.557  -3.698  44.716 0.1250000000
98637  15.047  -2.929  43.080 0.1250000000
97545  14.775  -3.287  43.813 0.1250000000
97515  16.229  -3.675  45.453 0.1250000000
98653  14.407  -2.409  42.467 0.1250000000
98622  16.240  -2.921  44.247 0.1250000000
97533  13.529  -3.903  44.801 0.1250000000
97517  14.202  -4.185  45.787 0.1250000000
96398  14.137  -4.450  46.387 0.1250000000
98654  13.374  -2.521  42.297 0.1250000000
97546  13.803  -3.447  43.926 0.1250000000
98638  14.078  -3.007  43.085 0.1250000000
96399  13.629  -4.447  46.320 0.1250000000
96693  49.863  -4.461  18.609 0.1250000000
95233  16.581  -5.574  47.415 0.1250000000
97518  13.156  -4.205  45.609 0.1250000000
66216  5.174  -31.194  23.537 0.1250000000
85743  11.294  -13.935  29.734 0.1250000000
86851  12.151  -13.224  30.408 0.1250000000
97835  50.592  -3.686  17.452 0.1250000000
96385  14.362  -4.732  46.841 0.1250000000
99092  53.056  -2.218  -0.150 0.1250000000
98030  53.987  -3.619  -1.243 0.1250000000
99104  53.074  -2.403  -1.205 0.1250000000
95232  17.446  -5.637  47.314 0.1250000000
96373  16.039  -4.965  47.167 0.1250000000
97531  15.653  -3.290  44.477 0.1250000000
97516  15.267  -3.874  45.513 0.1250000000
98652  15.333  -2.153  42.525 0.1250000000
97544  15.372  -3.054  43.730 0.1250000000
98636  15.910  -2.699  43.558 0.1250000000
55692  20.965  -39.055  36.132 0.1250000000
56852  20.851  -38.877  35.805 0.1250000000
55708  19.986  -38.832  35.321 0.1250000000
55709  19.389  -38.961  35.422 0.1250000000
56880  19.668  -38.618  34.842 0.1250000000
56881  18.764  -38.672  34.867 0.1250000000
56882  17.948  -38.772  34.959 0.1250000000
56905  20.139  -38.386  34.117 0.1250000000
56906  19.134  -38.355  34.107 0.1250000000
58136  17.235  -38.084  33.212 0.1250000000
56908  17.437  -38.306  34.237 0.1250000000
58133  20.562  -38.202  33.305 0.1250000000
58134  19.611  -38.133  33.251 0.1250000000
58137  15.843  -37.992  32.706 0.1250000000
58153  20.128  -38.083  32.409 0.1250000000
58154  19.049  -37.975  32.283 0.1250000000
58155  17.826  -37.781  32.208 0.1250000000
55675  20.034  -39.591  36.894 0.1250000000
55676  18.983  -39.713  36.944 0.1250000000
55693  20.271  -39.064  35.951 0.1250000000
55694  19.231  -39.334  36.135 0.1250000000
55710  18.560  -39.096  35.526 0.1250000000
56909  16.462  -37.974  33.864 0.1250000000
56910  14.979  -38.031  33.298 0.1250000000
56929  13.442  -39.379  32.355 0.1250000000
58138  14.955  -38.344  32.268 0.1250000000
56928  14.303  -39.023  31.859 0.1250000000
58157  15.262  -38.537  31.690 0.1250000000
55663  11.219  -40.194  36.899 0.1250000000
54687  11.098  -41.473  37.117 0.1250000000
55695  18.375  -39.393  36.189 0.1250000000
54696  11.807  -41.453  36.283 0.1250000000
56853  17.613  -38.785  35.482 0.1250000000
56854  16.935  -38.421  35.688 0.1250000000
53690  12.128  -42.023  35.747 0.1250000000
56884  16.037  -37.832  34.772 0.1250000000
53698  12.400  -41.985  35.133 0.1250000000
54712  12.294  -41.226  34.056 0.1250000000
55724  12.857  -39.895  32.573 0.1250000000
55712  12.519  -39.915  33.706 0.1250000000
55661  16.094  -39.170  37.667 0.1250000000
56807  12.056  -38.798  36.864 0.1250000000
55659  16.989  -39.471  37.665 0.1250000000
55679  16.613  -39.069  37.134 0.1250000000
55680  16.028  -38.773  37.162 0.1250000000
58066  14.540  -38.047  36.933 0.1250000000
58067  13.916  -37.897  37.294 0.1250000000
58087  12.830  -38.438  36.680 0.1250000000
56832  12.175  -38.972  36.369 0.1250000000
56833  11.671  -39.437  36.627 0.1250000000
55698  16.233  -38.578  36.709 0.1250000000
56829  15.645  -38.220  36.529 0.1250000000
56830  15.100  -38.170  36.778 0.1250000000
58100  13.006  -38.545  36.199 0.1250000000
58101  12.581  -38.765  36.251 0.1250000000
56859  11.893  -39.475  36.156 0.1250000000
55683  11.603  -40.063  36.269 0.1250000000
56855  15.868  -38.130  35.875 0.1250000000
56856  14.632  -38.121  35.737 0.1250000000
56857  13.594  -38.404  35.860 0.1250000000
56858  12.378  -39.056  35.803 0.1250000000
55699  12.025  -39.952  35.153 0.1250000000
55682  11.893  -40.582  35.863 0.1250000000
56885  14.598  -38.051  34.620 0.1250000000
56886  13.302  -38.735  34.656 0.1250000000
54706  12.255  -41.274  35.090 0.1250000000
56911  13.508  -38.817  33.225 0.1250000000
55713  12.473  -39.601  34.581 0.1250000000
55642  16.012  -39.464  38.118 0.1250000000
56805  15.138  -38.217  37.634 0.1250000000
55681  15.818  -38.753  37.322 0.1250000000
76288  8.607  -22.487  23.899 0.1250000000
76287  9.237  -22.507  23.364 0.1250000000
78637  8.807  -20.540  23.419 0.1250000000
77504  8.385  -21.283  23.766 0.1250000000
78638  7.883  -20.248  23.875 0.1250000000
77505  7.889  -21.100  24.106 0.1250000000
92009  18.243  -8.474  45.550 0.1250000000
55641  16.400  -39.641  38.065 0.1250000000
55662  15.755  -38.813  37.621 0.1250000000
56907  18.152  -38.446  34.116 0.1250000000
58135  18.510  -38.083  33.232 0.1250000000
58156  16.502  -37.895  31.974 0.1250000000
55711  18.007  -39.123  35.637 0.1250000000
56883  17.181  -38.262  34.884 0.1250000000
54720  12.515  -41.107  32.798 0.1250000000
53706  12.485  -41.900  33.434 0.1250000000
56831  14.265  -38.216  36.412 0.1250000000
58086  13.806  -38.237  36.555 0.1250000000
56887  12.673  -39.089  35.151 0.1250000000
51527  8.207  -43.224  44.412 0.1250000000
51531  6.320  -43.016  43.917 0.2500000000
51537  5.495  -43.233  43.159 0.1250000000
52589  4.550  -42.792  42.185 0.1250000000
52590  4.151  -42.296  42.260 0.2500000000
52595  3.741  -42.248  41.913 0.2500000000
53611  17.286  -40.834  43.696 0.7500000000
53613  16.544  -40.628  44.110 0.7500000000
53614  8.910  -42.547  44.199 0.1250000000
53619  3.829  -41.101  43.066 0.2500000000
53623  16.976  -41.157  43.439 0.7500000000
53624  16.459  -40.936  43.612 0.7500000000
53627  4.673  -42.422  42.645 0.2500000000
53630  3.426  -41.168  42.369 0.2500000000
53637  16.310  -41.253  42.999 0.6250000000
53653  20.380  -41.792  41.390 0.7500000000
53665  17.606  -41.871  41.546 0.6250000000
54589  5.585  -41.217  44.787 0.3750000000
54595  16.297  -40.457  44.083 0.8750000000
54596  16.063  -40.504  43.970 0.7500000000
54607  15.759  -40.719  43.623 0.7500000000
54608  9.066  -41.595  43.737 0.1250000000
54612  23.759  -40.339  43.065 1.0000000000
54617  16.227  -40.916  43.521 0.7500000000
54621  23.711  -40.531  42.698 1.0000000000
54622  23.159  -40.932  42.715 1.0000000000
54625  16.629  -41.465  42.383 0.6250000000
54633  20.994  -41.663  41.177 0.7500000000
54643  20.641  -41.562  40.629 0.7500000000
54652  22.632  -41.114  40.591 0.7500000000
54697  11.548  -40.778  36.497 0.1250000000
54713  12.243  -40.421  34.489 0.1250000000
55563  15.808  -39.393  44.465 0.7500000000
55569  4.922  -40.288  44.695 0.3750000000
55571  18.897  -40.393  43.648 0.8750000000
55582  3.472  -39.965  43.559 0.3750000000
55604  23.899  -40.177  42.147 1.0000000000
55633  25.703  -39.955  38.517 0.5000000000
55660  16.487  -39.280  37.665 0.2500000000
55700  11.859  -39.822  35.801 0.1250000000
55739  13.362  -39.837  31.929 0.1250000000
55754  5.766  -40.415  31.280 0.1250000000
55774  6.548  -40.199  30.270 0.1250000000
55775  6.086  -40.479  30.721 0.1250000000
55792  7.601  -40.154  29.053 0.1250000000
55836  6.076  -40.741  25.351 0.1250000000
56710  15.978  -38.369  45.447 0.8750000000
56712  16.950  -38.786  45.766 0.8750000000
56716  7.179  -39.848  44.996 0.3750000000
56736  15.460  -38.925  43.988 0.7500000000
56739  7.587  -38.996  44.258 0.3750000000
56741  24.319  -38.847  41.511 1.0000000000
56746  15.201  -38.344  43.398 0.5000000000
56757  2.858  -39.147  42.238 0.3750000000
56758  2.710  -38.653  42.344 0.3750000000
56777  14.705  -37.894  39.302 0.2500000000
56799  28.204  -38.283  36.982 0.2500000000
56820  28.687  -37.475  36.645 0.3750000000
56835  4.713  -40.362  36.564 0.1250000000
56860  6.569  -39.242  35.160 0.1250000000
56912  7.715  -38.533  33.588 0.1250000000
56916  5.090  -40.623  33.813 0.1250000000
56918  3.812  -41.409  34.245 0.1250000000
56935  4.363  -41.362  33.509 0.1250000000
56944  5.986  -40.208  31.630 0.1250000000
56954  8.791  -38.621  30.375 0.1250000000
57012  8.128  -40.105  27.559 0.1250000000
57050  8.196  -39.352  26.005 0.1250000000
57068  5.905  -39.872  24.540 0.1250000000
57965  15.450  -37.464  45.361 0.8750000000
57971  15.098  -37.602  44.822 0.8750000000
57982  7.382  -38.695  44.410 0.3750000000
58011  2.208  -38.027  42.972 0.3750000000
58014  21.322  -38.487  41.617 0.8750000000
58023  2.516  -38.146  42.505 0.3750000000
58033  2.686  -38.088  42.246 0.3750000000
58063  29.815  -36.634  36.939 0.2500000000
58070  6.448  -37.802  36.946 0.2500000000
58082  29.575  -36.759  36.577 0.1250000000
58085  14.456  -38.161  36.630 0.1250000000
58099  28.076  -37.127  35.753 0.2500000000
58102  7.366  -37.851  35.056 0.2500000000
58112  29.465  -36.476  35.885 0.1250000000
58114  28.398  -36.629  35.540 0.1250000000
58118  7.513  -37.899  34.684 0.2500000000
58127  26.672  -37.054  34.396 0.1250000000
58129  25.203  -37.483  33.916 0.1250000000
58140  7.576  -38.473  34.001 0.1250000000
58158  14.789  -38.602  31.932 0.1250000000
58159  8.797  -37.514  32.145 0.1250000000
58176  8.665  -38.324  31.815 0.1250000000
58188  8.966  -38.198  30.981 0.1250000000
58270  5.493  -39.009  24.090 0.1250000000
58289  5.234  -38.761  23.922 0.1250000000
58290  4.884  -38.886  23.846 0.1250000000
59211  1.889  -37.504  42.948 0.3750000000
59216  24.373  -37.691  41.486 1.0000000000
59218  22.187  -38.021  41.224 1.0000000000
59226  1.976  -37.212  42.609 0.3750000000
59232  21.238  -37.905  41.048 0.8750000000
59236  14.521  -37.737  41.334 0.2500000000
59247  20.615  -37.525  40.758 1.0000000000
59251  12.669  -36.817  39.886 0.2500000000
59254  9.552  -37.333  40.896 0.1250000000
59256  3.379  -37.669  41.119 0.2500000000
59267  30.420  -36.220  37.576 0.2500000000
59274  6.505  -37.312  36.720 0.3750000000
59282  30.291  -36.078  36.725 0.2500000000
59284  29.853  -36.467  36.236 0.1250000000
59295  29.815  -36.321  35.833 0.1250000000
59296  7.419  -37.467  34.975 0.2500000000
59303  29.999  -35.990  35.488 0.1250000000
59307  7.786  -37.281  34.310 0.2500000000
59317  27.282  -36.178  34.511 0.1250000000
59330  8.727  -37.245  32.274 0.1250000000
59343  8.946  -37.195  31.854 0.1250000000
59344  6.054  -36.967  30.941 0.2500000000
59346  5.296  -36.887  31.080 0.2500000000
59360  9.075  -37.255  31.216 0.1250000000
59361  5.994  -36.931  30.588 0.1250000000
59363  4.947  -36.724  30.463 0.2500000000
59364  4.654  -36.342  30.109 0.2500000000
59391  6.335  -36.584  28.496 0.1250000000
59397  2.819  -35.958  27.197 0.2500000000
59406  8.747  -37.163  28.044 0.1250000000
59408  6.345  -36.506  27.947 0.1250000000
59412  3.507  -36.684  27.159 0.2500000000
59413  2.887  -36.436  27.145 0.1250000000
59414  2.743  -36.091  26.889 0.2500000000
59427  4.519  -36.627  26.714 0.2500000000
59429  3.583  -36.781  26.691 0.2500000000
59440  8.500  -38.094  26.451 0.1250000000
59441  8.103  -37.808  26.035 0.1250000000
60318  7.364  -35.506  44.771 0.6250000000
60329  23.434  -37.674  41.407 1.0000000000
60332  8.293  -36.835  42.923 0.5000000000
60335  26.779  -36.014  40.367 1.0000000000
60347  8.310  -36.575  42.940 0.5000000000
60366  2.399  -37.408  42.308 0.3750000000
60367  30.735  -35.309  39.116 0.5000000000
60381  9.447  -36.946  41.168 0.2500000000
60400  20.519  -36.340  39.010 1.0000000000
60427  4.472  -35.253  35.212 0.5000000000
60436  29.684  -35.751  34.901 0.1250000000
60440  5.019  -35.773  34.497 0.6250000000
60453  7.027  -36.034  33.087 0.2500000000
60457  4.206  -35.041  34.330 0.6250000000
60466  26.713  -35.722  33.544 0.1250000000
60468  8.049  -36.458  32.085 0.1250000000
60483  25.142  -36.071  31.730 0.1250000000
60484  8.824  -36.812  31.484 0.1250000000
60502  8.705  -36.680  30.884 0.1250000000
60503  8.061  -36.357  30.710 0.1250000000
60504  7.263  -36.557  30.478 0.1250000000
60526  4.035  -35.422  28.776 0.3750000000
60538  8.444  -36.643  29.557 0.1250000000
60539  7.792  -36.313  29.042 0.1250000000
60540  6.868  -36.340  28.562 0.1250000000
60541  6.349  -36.613  28.758 0.1250000000
60561  2.869  -36.298  26.581 0.1250000000
60562  2.709  -35.648  26.636 0.1250000000
60578  3.785  -36.653  26.269 0.2500000000
60579  3.442  -36.587  26.339 0.1250000000
60595  4.357  -36.530  25.717 0.2500000000
61509  7.816  -34.517  45.430 0.6250000000
61533  8.368  -35.542  43.501 0.6250000000
61537  25.859  -36.054  40.902 0.8750000000
61569  24.468  -35.809  40.334 1.0000000000
61572  22.182  -36.755  39.997 1.0000000000
61585  21.180  -36.501  39.194 1.0000000000
61602  4.638  -34.944  37.994 0.5000000000
61610  5.175  -35.533  36.713 0.5000000000
61613  3.415  -34.101  37.566 0.6250000000
61626  4.970  -35.612  35.444 0.5000000000
61627  4.641  -35.342  35.535 0.5000000000
61629  3.135  -34.586  35.964 0.6250000000
61630  2.749  -34.335  35.762 0.6250000000
61637  31.881  -34.705  33.999 0.2500000000
61639  3.633  -34.816  34.926 0.6250000000
61660  3.354  -34.550  33.938 0.6250000000
61714  4.219  -34.598  28.863 0.3750000000
61731  2.563  -34.918  26.372 0.2500000000
62701  17.328  -34.085  46.218 0.8750000000
62718  17.251  -34.758  45.952 0.8750000000
62726  4.977  -34.113  46.438 0.6250000000
62753  8.753  -35.053  43.438 0.5000000000
62773  10.349  -34.947  41.753 0.3750000000
62784  16.793  -33.892  40.030 0.8750000000
62809  3.185  -33.814  38.868 0.6250000000
62813  25.402  -34.023  37.453 1.0000000000
62824  2.970  -33.748  37.831 0.6250000000
62825  2.809  -33.511  38.434 0.6250000000
62833  18.353  -34.876  37.186 1.0000000000
62845  2.504  -33.913  35.803 0.6250000000
62858  2.834  -34.155  34.271 0.6250000000
62859  2.553  -33.630  34.455 0.6250000000
62896  5.611  -33.584  29.378 0.7500000000
62931  2.516  -34.297  26.359 0.3750000000
62947  2.395  -34.089  25.694 0.3750000000
62977  2.364  -34.180  24.306 0.2500000000
62978  2.356  -33.976  24.708 0.2500000000
63824  7.666  -32.272  47.473 0.6250000000
63825  16.301  -33.186  46.915 0.8750000000
63850  9.005  -33.497  45.614 0.6250000000
63851  8.811  -33.563  45.632 0.6250000000
63854  18.719  -33.232  44.861 0.8750000000
63866  18.181  -33.508  42.524 0.8750000000
63869  31.318  -32.463  39.608 0.7500000000
63892  27.062  -33.684  39.142 1.0000000000
63894  17.269  -33.097  40.170 0.8750000000
63897  33.443  -32.024  37.585 0.5000000000
63899  26.644  -33.596  38.661 1.0000000000
63903  33.512  -32.146  37.217 0.5000000000
63906  25.175  -33.789  37.057 1.0000000000
63923  2.507  -33.491  37.418 0.6250000000
63939  1.869  -33.034  35.647 0.6250000000
63951  2.267  -33.068  35.127 0.6250000000
63967  3.967  -33.811  32.435 0.7500000000
63969  2.597  -33.337  33.923 0.7500000000
63974  6.287  -32.548  31.238 0.8750000000
63979  3.282  -33.010  33.154 0.7500000000
63985  6.028  -33.319  30.595 0.7500000000
63994  5.466  -33.448  28.867 0.7500000000
64007  2.697  -33.809  27.440 0.7500000000
64018  4.243  -32.875  27.711 1.0000000000
64019  2.549  -32.923  27.304 0.6250000000
64031  2.058  -33.435  25.815 0.3750000000
64075  2.489  -33.728  23.798 0.1250000000
64942  17.662  -32.741  45.792 0.8750000000
64945  5.267  -32.663  46.679 0.7500000000
64951  18.820  -33.316  44.415 0.8750000000
64954  19.069  -32.670  44.282 0.8750000000
64975  29.505  -32.484  39.118 1.0000000000
64984  32.515  -31.843  38.935 0.7500000000
64988  19.530  -31.900  39.861 0.8750000000
64994  33.350  -31.777  38.127 0.5000000000
65014  1.498  -32.662  36.501 0.6250000000
65021  21.734  -33.529  35.003 1.0000000000
65050  2.332  -32.639  34.291 0.6250000000
65058  3.145  -32.353  33.324 0.7500000000
65069  3.176  -32.723  33.294 0.7500000000
65075  7.255  -31.760  30.045 1.0000000000
65076  6.883  -32.288  30.500 0.8750000000
65082  7.208  -31.763  29.510 1.0000000000
65084  6.053  -32.797  28.905 0.8750000000
65095  4.922  -32.166  27.784 1.0000000000
65106  3.643  -32.373  27.492 0.7500000000
65148  4.300  -32.042  23.580 0.1250000000
65984  7.582  -31.935  47.747 0.7500000000
65996  17.358  -32.586  45.721 0.8750000000
65997  16.854  -32.555  45.830 0.8750000000
66002  18.211  -32.392  45.360 0.8750000000
66008  18.109  -32.114  45.253 0.8750000000
66010  2.969  -32.220  44.364 0.7500000000
66016  19.182  -32.556  43.616 0.8750000000
66030  33.072  -30.724  39.216 0.7500000000
66036  20.166  -31.914  40.355 0.8750000000
66071  1.335  -32.206  36.061 0.7500000000
66075  25.405  -31.991  34.910 1.0000000000
66079  1.494  -32.092  35.500 0.7500000000
66094  1.873  -31.889  34.978 0.7500000000
66105  2.230  -31.721  34.141 0.7500000000
66120  4.084  -31.221  32.733 0.8750000000
66123  2.369  -32.392  33.984 0.7500000000
66129  21.012  -31.567  31.963 1.0000000000
66133  17.922  -30.905  31.585 1.0000000000
66134  6.323  -31.217  31.429 0.8750000000
66135  5.633  -31.103  32.010 0.8750000000
66144  7.275  -31.188  30.271 1.0000000000
66151  7.169  -31.566  29.149 0.8750000000
66160  6.808  -31.321  28.479 0.8750000000
66161  6.090  -31.646  27.994 0.8750000000
66170  5.556  -31.056  27.720 0.8750000000
66190  2.344  -31.448  25.230 0.5000000000
66205  2.349  -31.956  25.018 0.7500000000
67029  15.905  -32.311  46.255 0.8750000000
67041  16.700  -32.334  45.668 0.8750000000
67045  8.371  -30.607  47.723 0.7500000000
67063  17.938  -31.813  45.146 0.8750000000
67081  5.443  -30.719  44.952 0.7500000000
67084  3.441  -31.089  43.976 0.7500000000
67101  14.453  -29.631  42.405 0.8750000000
67102  5.234  -30.622  42.711 0.7500000000
67107  31.741  -30.323  39.566 0.7500000000
67123  32.862  -30.217  39.262 0.7500000000
67129  4.357  -30.561  41.424 0.7500000000
67167  16.690  -31.123  35.089 1.0000000000
67178  24.723  -31.333  33.762 1.0000000000
67182  1.929  -31.682  34.714 0.7500000000
67193  2.142  -31.394  34.195 0.7500000000
67205  5.168  -30.200  32.354 0.8750000000
67209  2.413  -31.288  33.863 0.7500000000
67221  18.281  -30.704  31.076 1.0000000000
67224  5.717  -30.277  31.889 0.8750000000
67229  23.460  -29.931  30.430 1.0000000000
68132  10.546  -30.676  48.269 0.7500000000
68150  14.872  -30.706  45.866 0.8750000000
68160  5.979  -30.618  45.613 0.7500000000
68173  4.111  -30.478  44.041 0.7500000000
68182  4.340  -30.478  43.696 0.7500000000
68183  14.784  -29.341  41.999 0.8750000000
68184  14.284  -28.958  42.306 0.8750000000
68185  13.773  -29.033  42.606 0.8750000000
68193  31.179  -29.768  39.584 1.0000000000
68209  2.924  -30.792  40.884 0.7500000000
68229  32.990  -29.085  39.059 0.7500000000
68236  8.952  -29.813  39.271 0.8750000000
68250  11.017  -29.215  38.354 0.8750000000
68259  34.532  -28.424  37.254 0.7500000000
68276  34.554  -28.413  36.946 0.7500000000
68284  10.199  -29.247  36.958 0.8750000000
68289  5.904  -29.598  36.393 0.8750000000
68312  27.436  -29.816  33.925 1.0000000000
68329  2.065  -30.688  34.266 0.7500000000
68343  2.906  -30.344  33.584 0.7500000000
68352  17.811  -29.116  30.864 1.0000000000
68367  7.272  -29.457  30.774 1.0000000000
68368  7.004  -30.099  31.024 1.0000000000
68377  23.486  -29.196  29.745 1.0000000000
68408  5.482  -29.520  27.406 0.8750000000
68455  8.013  -29.706  23.265 0.1250000000
69278  6.290  -30.160  43.801 0.7500000000
69287  5.898  -30.347  43.285 0.7500000000
69299  31.171  -28.673  39.508 1.0000000000
69313  30.547  -28.332  39.139 1.0000000000
69323  34.386  -28.491  38.031 0.7500000000
69325  29.749  -28.596  37.898 1.0000000000
69326  21.274  -27.753  38.110 1.0000000000
69331  4.955  -29.563  37.755 0.8750000000
69339  11.815  -28.288  37.817 0.8750000000
69342  4.986  -29.622  37.131 0.8750000000
69351  12.060  -28.026  37.335 1.0000000000
69371  5.369  -28.775  35.477 0.8750000000
69423  7.137  -28.905  31.099 1.0000000000
69433  25.327  -27.968  30.299 0.8750000000
69438  7.087  -28.388  31.059 0.8750000000
69466  18.880  -28.309  28.365 1.0000000000
70367  9.735  -28.222  45.310 0.8750000000
70375  9.592  -28.236  44.513 0.8750000000
70382  9.965  -28.017  43.345 0.8750000000
70384  16.342  -27.395  42.390 0.8750000000
70389  10.181  -27.871  42.903 0.8750000000
70390  31.614  -28.440  39.482 1.0000000000
70391  31.359  -28.509  39.493 1.0000000000
70426  11.982  -28.064  38.334 1.0000000000
70429  29.662  -27.927  37.328 1.0000000000
70431  12.234  -27.660  37.651 1.0000000000
70434  29.644  -26.836  36.978 1.0000000000
70451  28.181  -27.446  33.659 1.0000000000
70472  4.268  -27.638  33.493 0.8750000000
70523  24.203  -27.807  28.983 1.0000000000
70544  21.866  -27.794  27.158 1.0000000000
70585  6.751  -26.937  23.926 0.2500000000
70596  8.829  -27.257  22.827 0.1250000000
71451  14.878  -26.073  44.165 0.8750000000
71452  14.602  -26.047  44.215 0.8750000000
71458  15.478  -26.041  44.153 1.0000000000
71479  9.854  -27.905  44.483 0.8750000000
71515  23.334  -25.511  40.964 0.8750000000
71516  23.118  -25.605  40.844 0.8750000000
71525  34.767  -26.709  38.223 0.7500000000
71531  22.374  -25.538  39.402 1.0000000000
71565  12.742  -26.396  36.090 0.8750000000
71606  18.950  -26.490  32.467 1.0000000000
71623  7.346  -26.264  31.475 0.8750000000
71636  7.091  -27.095  31.203 0.8750000000
71643  25.165  -26.636  29.438 0.8750000000
71650  25.298  -26.086  29.256 0.8750000000
71674  21.384  -26.294  26.018 0.8750000000
71687  20.868  -25.945  25.843 0.8750000000
71698  7.155  -25.769  24.164 0.2500000000
71721  4.564  -26.641  23.910 0.3750000000
72601  15.408  -25.952  44.202 1.0000000000
72602  15.081  -25.829  44.008 1.0000000000
72603  14.765  -25.859  44.084 0.8750000000
72606  18.672  -25.856  45.107 0.8750000000
72608  15.561  -25.795  44.064 1.0000000000
72610  14.414  -25.884  44.147 0.8750000000
72625  13.858  -25.907  43.754 0.8750000000
72629  10.685  -27.441  44.215 0.8750000000
72630  23.096  -24.859  43.842 0.7500000000
72661  22.451  -25.458  39.731 1.0000000000
72662  13.652  -25.619  39.933 0.8750000000
72669  35.423  -24.531  36.919 0.7500000000
72711  6.643  -26.030  32.856 0.8750000000
72734  27.058  -25.271  30.794 0.8750000000
72762  8.173  -24.855  29.731 0.8750000000
72812  23.193  -25.052  26.418 0.8750000000
72836  19.958  -25.176  25.878 0.8750000000
72870  9.421  -25.153  23.182 0.1250000000
72874  3.994  -26.257  23.948 0.3750000000
72886  10.271  -25.086  22.048 0.1250000000
73681  15.128  -25.642  44.134 1.0000000000
73682  14.896  -25.690  43.924 0.8750000000
73690  14.573  -25.648  43.867 1.0000000000
73692  12.974  -26.316  43.753 0.8750000000
73740  31.387  -24.238  39.075 1.0000000000
73750  35.049  -24.321  38.454 0.7500000000
73765  29.907  -24.415  36.366 1.0000000000
73785  34.204  -24.340  34.427 0.3750000000
73790  34.302  -25.187  34.235 0.3750000000
73792  33.413  -24.398  33.610 0.2500000000
73793  28.531  -24.158  33.366 1.0000000000
73805  27.813  -23.998  32.152 1.0000000000
73838  8.288  -24.446  30.730 0.8750000000
73868  7.373  -25.029  28.950 0.8750000000
73871  4.751  -24.401  28.262 0.8750000000
73897  19.363  -24.456  26.125 0.8750000000
74788  5.300  -22.649  50.057 0.7500000000
74790  10.343  -21.734  48.621 0.7500000000
74791  10.005  -21.835  48.602 0.7500000000
74796  10.907  -22.031  48.543 0.8750000000
74797  10.554  -21.952  48.539 0.7500000000
74803  4.513  -22.877  48.074 0.7500000000
74804  7.871  -22.911  47.325 0.7500000000
74808  4.458  -23.175  47.483 0.7500000000
74810  6.276  -23.317  45.976 0.8750000000
74813  3.984  -23.373  45.886 0.7500000000
74817  4.065  -23.365  45.471 0.8750000000
74823  5.433  -23.022  43.682 0.8750000000
74835  5.274  -22.794  43.352 0.8750000000
74838  4.296  -23.238  44.266 0.8750000000
74848  5.234  -22.615  43.002 0.8750000000
74849  4.774  -22.716  43.349 0.8750000000
74865  35.573  -22.526  38.629 0.7500000000
74874  16.562  -23.446  39.431 0.8750000000
74875  16.092  -23.709  38.993 0.8750000000
74877  35.524  -22.783  38.351 0.7500000000
74892  30.822  -23.578  37.768 1.0000000000
74893  30.413  -23.871  37.380 1.0000000000
74904  35.478  -23.451  37.164 0.7500000000
74919  34.757  -23.394  35.768 0.6250000000
74933  29.140  -23.383  34.431 1.0000000000
74977  8.211  -23.850  30.410 0.8750000000
75043  19.044  -23.123  24.962 0.7500000000
75966  5.405  -21.585  50.502 0.7500000000
75969  7.556  -22.354  50.044 0.7500000000
75971  5.482  -22.024  50.370 0.7500000000
75972  5.056  -21.844  49.901 0.7500000000
75973  11.531  -21.089  48.446 0.7500000000
75974  11.189  -21.368  48.533 0.7500000000
75975  10.468  -21.420  48.675 0.7500000000
75978  7.200  -22.865  49.634 0.7500000000
75980  5.163  -22.357  49.796 0.7500000000
75983  11.369  -21.729  48.417 0.7500000000
75984  10.825  -22.093  48.404 0.8750000000
75987  5.159  -22.530  49.124 0.7500000000
76001  4.086  -23.181  46.074 0.7500000000
76003  23.761  -21.897  45.367 0.7500000000
76007  5.865  -23.106  44.738 0.8750000000
76008  4.098  -22.781  45.866 0.7500000000
76014  7.944  -22.128  44.982 0.8750000000
76017  5.551  -23.207  44.305 0.8750000000
76018  3.884  -22.747  45.279 0.8750000000
76019  3.814  -23.027  44.843 0.8750000000
76024  5.187  -22.679  43.164 0.8750000000
76036  4.028  -22.815  43.826 0.8750000000
76059  4.018  -21.727  40.435 0.8750000000
76061  35.498  -22.179  39.115 0.7500000000
76062  35.057  -22.425  39.382 0.7500000000
76064  32.073  -22.581  39.246 1.0000000000
76069  16.623  -22.885  39.017 0.8750000000
76077  31.515  -22.401  38.300 1.0000000000
76098  10.040  -22.742  37.233 0.8750000000
76099  9.234  -22.905  37.641 0.8750000000
76114  10.510  -22.875  36.781 0.8750000000
76149  8.051  -22.584  33.085 0.8750000000
76168  26.623  -23.013  30.482 0.8750000000
76171  18.617  -23.338  29.830 0.8750000000
76172  7.356  -22.831  30.048 0.8750000000
76181  26.071  -22.943  29.706 0.8750000000
76190  33.621  -21.305  28.615 0.1250000000
76204  33.602  -21.244  28.382 0.1250000000
76237  7.286  -22.055  25.148 0.2500000000
76238  7.075  -22.121  25.261 0.2500000000
76239  4.018  -21.801  25.292 0.5000000000
77169  5.288  -21.327  50.614 0.7500000000
77170  4.976  -21.231  50.362 0.7500000000
77173  6.087  -21.649  50.636 0.7500000000
77174  5.579  -21.524  50.603 0.7500000000
77185  11.693  -21.558  47.957 0.8750000000
77187  12.493  -20.876  47.802 0.7500000000
77191  4.479  -22.131  47.811 0.7500000000
77193  23.794  -20.885  45.996 0.7500000000
77197  10.290  -21.769  46.651 0.8750000000
77198  9.383  -21.774  46.227 0.8750000000
77199  8.745  -21.822  45.854 0.8750000000
77201  24.127  -21.086  45.549 0.7500000000
77206  10.908  -21.319  46.115 0.8750000000
77216  9.703  -21.123  45.125 0.8750000000
77217  9.014  -21.248  44.799 0.8750000000
77242  3.928  -22.569  43.793 0.8750000000
77251  4.234  -21.329  41.354 0.8750000000
77252  34.993  -21.390  39.719 0.7500000000
77258  18.998  -21.765  40.564 0.8750000000
77268  33.286  -21.353  39.507 1.0000000000
77286  17.106  -21.666  39.023 0.8750000000
77300  14.940  -21.685  37.233 0.8750000000
77301  12.249  -21.102  37.009 0.8750000000
77307  30.674  -21.869  36.758 1.0000000000
77308  30.398  -22.055  36.300 1.0000000000
77312  13.600  -21.748  36.475 0.8750000000
77327  33.674  -22.053  34.337 0.5000000000
77328  29.631  -21.404  35.124 1.0000000000
77332  5.693  -21.922  34.403 0.8750000000
77333  5.367  -21.981  34.486 0.8750000000
77338  28.704  -21.623  33.681 1.0000000000
77375  26.872  -22.308  30.434 0.8750000000
77391  27.029  -21.411  29.880 0.8750000000
77396  3.050  -21.977  30.108 0.8750000000
77406  33.399  -21.446  29.118 0.1250000000
77409  25.170  -22.201  27.865 0.8750000000
77461  2.104  -20.908  25.881 0.6250000000
77476  21.552  -21.775  23.943 0.7500000000
78281  5.729  -20.926  50.731 0.7500000000
78282  5.470  -20.922  50.766 0.7500000000
78288  5.473  -20.431  50.440 0.7500000000
78290  11.915  -20.605  48.414 0.7500000000
78294  8.196  -20.702  49.754 0.7500000000
78295  7.738  -21.001  49.952 0.7500000000
78298  12.634  -20.552  47.824 0.7500000000
78299  12.341  -20.608  48.163 0.7500000000
78310  24.106  -20.406  45.966 0.7500000000
78325  4.553  -21.778  46.688 0.7500000000
78327  22.183  -20.856  45.829 0.7500000000
78340  5.874  -20.458  45.831 0.7500000000
78371  10.084  -20.996  43.863 0.8750000000
78373  4.796  -20.415  43.800 0.8750000000
78378  20.266  -21.129  42.652 0.8750000000
78382  15.586  -19.623  42.714 0.8750000000
78398  10.594  -20.454  41.846 0.8750000000
78407  19.161  -21.394  40.806 0.8750000000
78420  34.039  -20.299  39.288 1.0000000000
78421  33.422  -20.703  39.295 1.0000000000
78432  10.112  -20.692  40.432 0.8750000000
78442  13.101  -20.221  37.958 0.8750000000
78449  32.305  -20.695  37.407 1.0000000000
78451  31.057  -21.458  36.990 1.0000000000
78459  11.584  -20.750  37.820 0.8750000000
78474  31.313  -20.564  35.468 1.0000000000
78488  3.355  -19.790  33.800 0.8750000000
78490  43.067  -19.589  32.128 0.8750000000
78492  41.451  -19.256  32.378 0.7500000000
78499  29.651  -20.612  33.968 1.0000000000
78500  29.158  -20.865  33.886 1.0000000000
78504  44.367  -19.281  31.489 0.7500000000
78505  44.160  -19.464  31.625 0.7500000000
78506  43.592  -19.754  31.675 0.7500000000
78560  44.081  -19.161  29.719 0.3750000000
78571  44.206  -18.870  29.180 0.5000000000
78576  25.991  -21.121  28.495 0.8750000000
78587  43.355  -18.598  26.804 0.1250000000
78622  4.695  -20.901  25.170 0.5000000000
78635  18.935  -19.989  23.798 0.6250000000
79546  8.357  -19.088  49.764 0.7500000000
79555  5.223  -19.820  49.181 0.7500000000
79563  5.082  -18.888  48.916 0.7500000000
79568  6.925  -19.121  47.563 0.7500000000
79583  23.235  -19.314  44.878 0.6250000000
79586  17.690  -20.654  46.011 0.7500000000
79593  17.753  -20.546  45.791 0.7500000000
79601  19.219  -20.232  43.438 0.8750000000
79624  17.445  -19.957  41.945 0.8750000000
79630  5.140  -19.896  42.203 0.7500000000
79645  4.120  -20.122  40.516 0.8750000000
79655  16.273  -19.915  40.037 0.8750000000
79689  38.925  -18.758  34.780 0.8750000000
79694  33.180  -18.956  35.434 1.0000000000
79729  31.195  -19.375  32.858 1.0000000000
79731  29.921  -20.312  33.658 1.0000000000
79737  44.073  -19.266  32.012 0.7500000000
79739  41.029  -19.364  31.626 0.6250000000
79751  44.628  -18.928  30.794 0.6250000000
79752  41.362  -19.592  31.380 0.6250000000
79753  41.180  -19.475  31.500 0.6250000000
79763  42.881  -19.533  30.020 0.5000000000
79768  27.656  -20.578  30.364 1.0000000000
79776  43.165  -19.376  29.384 0.2500000000
79778  29.213  -19.029  29.619 1.0000000000
79788  43.901  -18.816  28.658 0.3750000000
79791  28.495  -19.266  28.610 0.8750000000
79796  47.007  -17.701  26.985 0.3750000000
79797  46.592  -17.799  26.885 0.3750000000
79807  46.579  -17.593  26.433 0.3750000000
79818  1.798  -20.148  25.935 0.6250000000
79828  2.317  -19.883  25.756 0.6250000000
79829  1.899  -19.956  25.797 0.6250000000
80737  10.436  -18.105  48.353 0.6250000000
80738  9.856  -18.114  48.516 0.7500000000
80740  5.267  -18.397  48.832 0.7500000000
80747  7.804  -18.145  47.106 0.7500000000
80765  23.305  -18.944  45.459 0.6250000000
80785  24.044  -19.145  43.917 0.7500000000
80821  7.199  -18.172  39.363 0.7500000000
80828  35.332  -18.346  38.395 1.0000000000
80841  32.988  -19.468  36.974 1.0000000000
80864  33.674  -18.454  35.467 1.0000000000
80867  18.551  -19.241  35.935 0.6250000000
80869  3.530  -18.722  35.420 0.8750000000
80878  32.813  -18.641  34.363 1.0000000000
80879  32.101  -19.096  34.181 1.0000000000
80884  44.113  -18.512  32.085 0.8750000000
80892  45.220  -17.814  30.820 0.7500000000
80893  45.102  -17.969  30.971 0.7500000000
80897  32.517  -18.572  32.620 1.0000000000
80904  45.364  -18.183  30.577 0.7500000000
80911  45.810  -17.861  30.454 0.7500000000
80912  45.958  -18.262  29.926 0.7500000000
80915  30.053  -18.942  30.097 1.0000000000
80918  7.278  -18.233  29.648 0.5000000000
80919  6.979  -18.254  29.602 0.5000000000
80922  46.056  -18.061  28.955 0.7500000000
80923  30.956  -18.539  30.118 1.0000000000
80929  7.904  -18.280  29.190 0.5000000000
80933  47.511  -17.110  27.181 0.6250000000
80934  47.406  -17.344  27.343 0.6250000000
80936  30.112  -18.457  29.148 1.0000000000
80937  29.599  -18.541  28.767 1.0000000000
80943  7.240  -18.316  28.458 0.5000000000
80947  47.394  -17.395  26.843 0.6250000000
80950  28.890  -18.697  27.768 0.8750000000
80956  3.905  -18.301  27.220 0.6250000000
80960  48.147  -17.014  26.360 0.5000000000
80962  47.036  -17.444  26.197 0.3750000000
80964  45.877  -17.526  26.148 0.2500000000
80965  28.586  -18.626  27.082 0.7500000000
80967  27.389  -19.130  26.248 0.7500000000
80973  48.426  -16.818  25.811 0.7500000000
80975  47.676  -17.434  25.677 0.3750000000
80988  48.083  -17.151  25.273 0.3750000000
80989  47.689  -17.212  25.157 0.2500000000
81893  8.713  -17.479  49.694 0.7500000000
81898  5.645  -18.143  50.087 0.7500000000
81903  11.313  -17.500  48.060 0.6250000000
81916  23.692  -18.769  45.968 0.6250000000
81922  23.514  -18.774  45.799 0.6250000000
81975  8.149  -18.023  39.889 0.7500000000
81977  36.382  -18.540  38.469 0.8750000000
81986  36.270  -18.050  38.186 0.8750000000
81998  36.070  -17.482  37.666 1.0000000000
81999  35.960  -17.626  37.786 1.0000000000
82027  36.039  -16.886  35.952 1.0000000000
82028  35.770  -17.198  36.126 1.0000000000
82033  3.506  -17.876  35.052 0.8750000000
82035  42.399  -17.784  33.097 1.0000000000
82036  41.961  -18.181  33.651 1.0000000000
82045  42.837  -17.248  32.494 1.0000000000
82053  45.333  -17.597  30.796 0.7500000000
82057  43.173  -16.842  32.079 1.0000000000
82058  42.741  -16.697  32.281 1.0000000000
82064  45.803  -17.389  30.559 0.7500000000
82067  33.950  -17.560  31.886 0.8750000000
82082  31.418  -18.416  30.208 1.0000000000
82097  30.536  -18.423  29.171 1.0000000000
82107  47.687  -16.979  27.260 0.6250000000
82110  33.180  -17.315  28.216 0.8750000000
82124  48.456  -16.255  26.481 0.7500000000
82126  47.847  -16.761  27.359 0.7500000000
82127  32.613  -17.231  27.287 0.8750000000
82141  49.537  -16.444  25.754 0.6250000000
82142  48.622  -16.512  25.982 0.7500000000
82143  48.315  -16.616  26.435 0.7500000000
82144  31.830  -17.324  26.394 1.0000000000
82148  17.752  -17.284  26.264 0.5000000000
82155  50.002  -16.893  25.369 0.5000000000
82163  17.901  -17.388  25.829 0.5000000000
82171  49.754  -16.726  24.678 0.5000000000
82174  46.813  -16.943  24.490 0.1250000000
82176  30.494  -17.244  24.530 0.5000000000
82186  49.808  -16.508  24.209 0.5000000000
82212  19.756  -17.924  22.856 0.5000000000
82259  49.032  -15.550  14.143 0.1250000000
82260  48.628  -15.534  14.166 0.1250000000
82297  49.865  -15.621  13.334 0.1250000000
82320  50.461  -15.624  12.788 0.1250000000
82341  50.374  -15.485  12.628 0.1250000000
83152  5.975  -17.490  49.644 0.7500000000
83168  5.003  -16.678  47.587 0.6250000000
83190  18.831  -16.871  44.158 0.6250000000
83226  36.059  -17.643  38.032 1.0000000000
83232  38.496  -16.981  36.561 1.0000000000
83236  36.191  -17.525  37.807 0.8750000000
83256  41.980  -17.358  33.514 1.0000000000
83264  36.156  -17.080  36.412 1.0000000000
83278  38.426  -16.341  34.409 1.0000000000
83283  4.004  -16.019  34.557 0.7500000000
83286  42.513  -16.990  32.719 1.0000000000
83288  41.449  -16.673  33.084 1.0000000000
83300  44.627  -16.861  31.094 1.0000000000
83302  43.027  -16.607  31.937 1.0000000000
83316  3.478  -16.002  32.927 0.7500000000
83326  36.863  -16.463  32.647 0.8750000000
83327  36.330  -16.764  32.182 0.8750000000
83340  46.561  -16.261  29.773 0.7500000000
83349  39.526  -16.628  30.047 0.8750000000
83351  35.428  -16.945  31.065 0.8750000000
83361  46.895  -16.473  29.470 0.7500000000
83362  47.020  -17.099  29.208 0.7500000000
83363  46.494  -17.620  29.101 0.7500000000
83370  34.516  -17.176  29.904 0.8750000000
83376  2.390  -17.151  30.026 0.7500000000
83377  48.180  -15.983  27.729 0.7500000000
83379  47.481  -16.920  28.564 0.7500000000
83380  40.618  -16.464  28.914 0.8750000000
83382  37.335  -16.338  28.404 0.8750000000
83386  33.647  -17.168  28.407 0.8750000000
83395  36.926  -16.398  28.017 0.8750000000
83397  33.624  -16.890  27.676 0.8750000000
83405  33.020  -16.694  26.818 0.8750000000
83411  50.390  -16.381  25.721 0.8750000000
83412  33.347  -16.394  26.012 0.8750000000
83414  32.284  -16.937  25.683 0.8750000000
83420  50.980  -16.831  25.158 0.5000000000
83421  50.547  -16.916  24.621 0.5000000000
83434  51.014  -16.751  24.369 0.5000000000
83444  28.907  -16.574  23.467 0.5000000000
83454  49.367  -16.074  23.421 0.2500000000
83462  29.674  -16.142  22.900 0.5000000000
83528  49.880  -14.964  14.394 0.1250000000
83543  49.947  -15.484  14.009 0.1250000000
83592  52.485  -15.560  10.793 0.1250000000
83616  51.865  -15.048  10.349 0.1250000000
84391  9.039  -15.829  49.345 0.7500000000
84406  7.042  -14.940  48.733 0.6250000000
84422  8.769  -16.038  45.222 0.6250000000
84427  23.322  -16.313  45.074 0.6250000000
84451  17.377  -14.852  42.918 0.6250000000
84465  11.301  -14.855  38.046 0.6250000000
84476  39.364  -16.359  34.790 1.0000000000
84477  39.128  -16.367  34.737 1.0000000000
84498  4.459  -15.849  34.442 0.7500000000
84505  24.870  -14.777  32.775 0.1250000000
84515  45.653  -16.372  30.463 0.7500000000
84516  45.179  -16.422  30.621 0.8750000000
84526  9.076  -15.608  32.504 0.5000000000
84532  3.901  -15.926  33.429 0.7500000000
84533  46.540  -15.831  29.851 0.8750000000
84537  39.526  -16.478  31.304 0.8750000000
84560  24.614  -14.708  30.503 0.1250000000
84567  47.657  -15.695  28.722 0.7500000000
84569  47.374  -16.707  28.915 0.7500000000
84581  24.013  -14.989  29.689 0.1250000000
84587  47.728  -16.220  28.543 0.7500000000
84589  44.161  -14.829  28.299 1.0000000000
84593  39.913  -16.338  27.967 0.8750000000
84606  48.712  -15.602  26.442 0.7500000000
84608  48.393  -14.826  26.783 0.8750000000
84615  37.345  -16.342  27.602 0.8750000000
84619  33.715  -16.707  27.328 0.8750000000
84625  50.316  -15.780  26.098 0.8750000000
84637  33.647  -16.548  26.871 0.8750000000
84638  33.242  -16.553  26.602 0.8750000000
84643  17.934  -15.679  26.528 0.1250000000
84647  41.350  -14.848  25.406 0.7500000000
84648  40.902  -15.127  25.365 0.8750000000
84656  33.406  -16.479  26.431 0.8750000000
84663  50.910  -15.343  24.390 0.5000000000
84665  39.213  -15.268  24.530 0.7500000000
84678  50.954  -16.358  23.966 0.5000000000
84697  50.278  -14.726  22.941 0.5000000000
84800  52.747  -14.300  15.073 0.5000000000
84852  52.334  -15.029  10.112 0.1250000000
85590  5.131  -15.211  47.599 0.6250000000
85637  15.088  -14.262  42.718 0.6250000000
85649  11.485  -14.004  38.920 0.6250000000
85663  28.569  -13.680  36.461 0.1250000000
85688  38.613  -16.233  32.865 0.8750000000
85689  26.855  -13.816  33.597 0.1250000000
85697  39.380  -16.497  32.281 0.8750000000
85702  24.157  -14.272  32.491 0.1250000000
85710  46.086  -14.568  30.256 1.0000000000
85713  38.822  -16.359  31.948 0.8750000000
85721  47.340  -15.095  29.414 0.7500000000
85722  47.020  -15.379  29.622 0.7500000000
85734  47.352  -15.579  29.257 0.7500000000
85736  44.916  -14.512  28.932 1.0000000000
85740  22.380  -14.381  29.383 0.1250000000
85749  24.997  -13.816  29.285 0.1250000000
85750  24.613  -14.086  29.018 0.2500000000
85771  50.295  -15.302  26.120 0.8750000000
85774  43.530  -14.156  26.642 0.8750000000
85775  42.871  -14.494  26.413 0.8750000000
85785  50.794  -15.379  26.019 0.8750000000
85801  51.540  -13.522  23.656 0.7500000000
85808  39.555  -14.758  24.148 0.7500000000
85821  37.825  -14.811  23.146 0.6250000000
85829  50.275  -14.899  23.311 0.3750000000
85835  34.736  -15.004  22.285 0.6250000000
85836  32.573  -15.177  21.756 0.6250000000
85906  51.883  -14.456  17.303 0.3750000000
85912  52.116  -14.411  16.742 0.3750000000
85914  52.908  -14.055  15.006 0.5000000000
85919  52.142  -15.173  14.074 0.3750000000
85925  52.242  -15.120  13.876 0.3750000000
85926  52.141  -15.220  13.860 0.3750000000
85943  53.257  -15.315  10.250 0.1250000000
86704  22.484  -14.550  44.910 0.6250000000
86709  16.634  -12.440  44.296 0.6250000000
86729  16.658  -13.467  43.103 0.6250000000
86743  10.945  -13.274  40.574 0.6250000000
86745  10.050  -13.066  41.515 0.6250000000
86747  5.742  -13.086  41.749 0.5000000000
86782  17.795  -14.121  36.333 0.2500000000
86783  12.455  -13.155  36.117 0.3750000000
86785  30.048  -12.641  35.676 0.1250000000
86789  25.409  -13.436  35.239 0.1250000000
86794  12.128  -13.705  34.821 0.3750000000
86819  46.859  -14.881  29.818 0.8750000000
86820  46.706  -14.708  29.897 0.8750000000
86821  46.485  -14.437  30.036 0.8750000000
86824  23.562  -13.631  31.629 0.1250000000
86828  47.282  -14.864  29.461 0.7500000000
86835  25.714  -13.595  30.240 0.1250000000
86841  47.407  -14.817  29.247 0.8750000000
86844  46.565  -13.370  29.745 1.0000000000
86901  42.478  -13.784  25.322 0.8750000000
86906  51.576  -13.284  23.692 0.7500000000
86907  51.450  -13.382  23.847 0.7500000000
86912  41.341  -13.764  24.442 0.6250000000
86916  51.012  -13.326  23.615 0.5000000000
86928  39.508  -13.290  22.862 0.6250000000
86929  38.841  -13.464  22.672 0.6250000000
86932  36.160  -13.822  22.072 0.5000000000
86936  24.822  -13.705  22.965 0.3750000000
86944  36.235  -13.341  21.875 0.5000000000
86953  28.196  -12.742  22.025 0.5000000000
86962  51.163  -12.477  20.352 0.6250000000
86976  52.310  -13.646  17.713 0.5000000000
86983  52.032  -13.034  15.470 0.5000000000
87732  4.597  -12.056  48.119 0.5000000000
87751  10.650  -13.097  45.568 0.6250000000
87753  9.489  -12.512  46.585 0.6250000000
87761  15.898  -11.667  44.501 0.6250000000
87793  9.837  -12.558  41.184 0.6250000000
87794  8.864  -12.147  41.137 0.6250000000
87804  10.579  -12.588  40.433 0.6250000000
87805  10.195  -12.497  40.789 0.6250000000
87817  10.833  -12.273  39.756 0.6250000000
87828  18.945  -13.064  38.541 0.2500000000
87903  46.220  -13.188  30.021 1.0000000000
87963  44.246  -12.927  26.551 0.7500000000
87977  43.141  -12.782  25.308 0.7500000000
87979  25.501  -12.400  25.349 0.3750000000
87984  51.298  -13.250  23.725 0.7500000000
88006  45.378  -11.464  22.899 0.8750000000
88011  28.271  -11.553  23.406 0.2500000000
88015  24.967  -13.141  23.624 0.3750000000
88028  40.044  -12.384  22.872 0.5000000000
88033  35.966  -12.217  21.948 0.5000000000
88057  44.449  -11.660  21.010 0.7500000000
88099  52.003  -13.378  16.349 0.5000000000
88104  52.057  -12.557  15.113 0.7500000000
88110  52.917  -12.862  14.284 0.5000000000
88117  53.311  -12.678  13.634 0.5000000000
88138  56.150  -11.217  6.665 0.5000000000
88140  56.613  -11.519  6.254 0.5000000000
88152  51.350  -12.300  5.449 0.1250000000
88175  56.366  -11.645  3.613 0.1250000000
88176  51.496  -12.614  4.046 0.1250000000
88825  17.546  -10.477  47.462 0.5000000000
88847  16.979  -11.401  46.458 0.6250000000
88888  9.796  -12.290  40.897 0.6250000000
88896  10.338  -12.262  40.367 0.6250000000
88907  10.416  -12.059  40.053 0.6250000000
88922  11.134  -11.889  38.741 0.6250000000
88936  10.955  -11.328  38.480 0.6250000000
88944  12.273  -12.283  36.655 0.5000000000
89007  32.719  -11.017  30.132 0.1250000000
89048  28.304  -11.923  27.101 0.2500000000
89083  26.675  -11.724  25.394 0.2500000000
89084  26.037  -11.987  25.271 0.3750000000
89085  25.763  -12.137  24.953 0.3750000000
89105  26.328  -11.843  24.596 0.3750000000
89119  41.949  -11.697  23.771 0.5000000000
89132  28.238  -11.355  23.996 0.2500000000
89134  26.817  -11.763  24.304 0.2500000000
89141  50.416  -12.645  22.290 0.8750000000
89149  38.320  -11.648  22.405 0.3750000000
89167  50.598  -11.988  20.425 1.0000000000
89172  43.428  -10.711  20.938 0.7500000000
89189  43.171  -11.071  20.422 0.7500000000
89190  42.605  -10.890  20.036 0.7500000000
89202  42.681  -11.227  19.650 0.7500000000
89214  42.837  -11.465  19.203 0.7500000000
89217  50.617  -11.231  17.402 0.7500000000
89255  55.328  -12.879  10.054 0.6250000000
89280  54.557  -10.388  8.543 0.6250000000
89288  56.379  -10.887  6.361 0.5000000000
89959  16.479  -10.443  46.433 0.5000000000
90124  45.843  -10.870  29.454 1.0000000000
90175  45.428  -10.162  27.581 0.7500000000
90178  37.101  -10.317  26.277 0.3750000000
90180  35.459  -10.726  26.805 0.3750000000
90188  47.380  -9.810  25.432 0.8750000000
90204  42.903  -10.710  24.574 0.5000000000
90220  44.602  -9.717  22.791 0.7500000000
90223  40.261  -10.698  23.262 0.3750000000
90233  43.359  -9.978  22.003 0.7500000000
90234  38.901  -11.199  22.710 0.3750000000
90239  50.780  -11.647  20.233 0.8750000000
90241  43.858  -10.566  21.752 0.7500000000
90247  50.507  -11.897  20.056 1.0000000000
90250  41.804  -10.028  20.097 0.7500000000
90256  41.892  -10.305  19.686 0.7500000000
90260  50.103  -11.576  18.642 0.7500000000
90261  49.762  -11.368  18.394 0.7500000000
90265  41.978  -10.607  19.294 0.7500000000
90276  49.312  -11.045  17.267 0.7500000000
90277  47.186  -11.091  15.762 0.8750000000
90280  45.059  -11.074  16.525 0.7500000000
90289  46.231  -10.754  15.791 0.7500000000
90328  55.880  -10.401  6.715 0.5000000000
90347  57.069  -10.827  3.788 0.1250000000
90358  56.962  -10.184  3.543 0.1250000000
91004  17.577  -9.180  47.637 0.3750000000
91010  19.342  -10.051  46.661 0.5000000000
91057  7.013  -8.689  42.783 0.5000000000
91103  7.430  -9.777  36.810 0.3750000000
91105  5.140  -9.947  36.738 0.3750000000
91141  5.045  -8.560  35.489 0.2500000000
91155  40.226  -8.790  34.415 0.1250000000
91190  36.797  -10.100  30.224 0.2500000000
91198  45.769  -10.392  29.230 0.8750000000
91255  38.511  -9.736  25.828 0.3750000000
91272  46.193  -9.743  24.058 0.7500000000
91276  40.141  -9.986  23.611 0.3750000000
91285  43.043  -9.800  21.815 0.7500000000
91286  42.363  -9.477  21.546 0.7500000000
91287  41.631  -9.060  21.212 0.7500000000
91290  42.186  -9.896  20.928 0.7500000000
91322  48.196  -9.404  13.656 0.8750000000
91346  53.536  -8.764  8.548 0.3750000000
91349  53.965  -8.913  7.822 0.3750000000
91351  55.553  -9.577  6.689 0.5000000000
91356  55.614  -9.462  6.069 0.2500000000
91359  56.414  -9.723  4.726 0.1250000000
91372  56.361  -9.133  4.344 0.2500000000
92016  8.948  -8.801  45.789 0.2500000000
92085  3.826  -7.623  37.136 0.3750000000
92121  41.037  -7.438  34.456 0.1250000000
92177  40.060  -8.541  30.258 0.1250000000
92204  47.795  -7.672  27.206 0.7500000000
92207  44.511  -8.889  25.957 0.6250000000
92218  48.147  -7.780  26.838 0.7500000000
92242  45.827  -8.609  24.264 0.7500000000
92247  44.396  -8.811  23.269 0.6250000000
92252  42.230  -8.828  22.129 0.6250000000
92264  44.712  -8.383  17.587 0.5000000000
92268  41.551  -9.513  19.316 0.7500000000
92279  44.545  -9.846  16.481 0.6250000000
92285  45.483  -9.768  15.736 0.6250000000
92319  52.928  -8.012  8.733 0.3750000000
92320  52.847  -7.499  8.418 0.3750000000
92328  53.941  -8.212  7.251 0.2500000000
92329  53.265  -7.842  7.666 0.3750000000
92961  8.307  -7.264  48.135 0.1250000000
92980  8.624  -7.850  46.983 0.2500000000
93053  5.200  -7.255  38.647 0.2500000000
93129  42.274  -6.983  32.095 0.1250000000
93146  40.845  -8.312  31.360 0.1250000000
93196  40.370  -7.816  26.612 0.2500000000
93219  47.170  -7.403  25.051 0.8750000000
93225  43.668  -7.585  23.644 0.5000000000
93230  42.055  -7.982  22.927 0.2500000000
93250  42.180  -7.754  19.202 0.5000000000
93259  43.218  -8.301  18.564 0.5000000000
93292  47.297  -8.299  14.988 0.6250000000
93343  52.981  -7.078  8.108 0.3750000000
93355  53.104  -7.488  7.818 0.3750000000
93365  55.123  -8.398  6.053 0.2500000000
93375  54.110  -6.824  5.522 0.3750000000
94033  10.263  -6.079  46.962 0.1250000000
94048  10.008  -6.523  46.167 0.2500000000
94108  4.819  -6.369  37.724 0.2500000000
94126  3.504  -6.276  35.784 0.2500000000
94165  43.055  -5.819  32.043 0.2500000000
94166  42.723  -6.345  32.356 0.1250000000
94188  42.563  -6.274  31.588 0.2500000000
94189  42.043  -6.916  31.483 0.2500000000
94249  37.951  -5.276  28.264 0.1250000000
94262  47.933  -6.455  27.004 0.7500000000
94270  36.530  -5.928  26.806 0.1250000000
94291  35.966  -6.114  26.228 0.1250000000
94304  48.335  -7.048  26.326 0.7500000000
94308  35.289  -6.049  25.860 0.1250000000
94329  42.136  -6.177  24.363 0.2500000000
94344  40.516  -5.730  21.670 0.3750000000
94347  49.411  -5.265  20.055 0.3750000000
94363  47.796  -6.187  20.110 0.5000000000
94377  50.223  -5.556  18.676 0.3750000000
94408  49.067  -6.693  16.872 0.5000000000
94426  50.478  -6.671  15.778 0.6250000000
94427  49.980  -6.917  16.167 0.5000000000
94443  53.773  -5.735  13.377 0.5000000000
94496  53.133  -6.730  9.613 0.3750000000
94523  53.098  -6.639  8.391 0.3750000000
94576  55.959  -6.732  4.294 0.3750000000
95235  15.049  -5.292  47.133 0.1250000000
95239  9.126  -5.585  48.163 0.1250000000
95258  14.240  -5.853  46.362 0.3750000000
95261  11.066  -5.695  46.464 0.1250000000
95305  6.190  -6.105  38.587 0.2500000000
95351  39.377  -5.731  32.719 0.1250000000
95363  43.200  -5.253  32.187 0.1250000000
95380  42.922  -5.665  31.560 0.3750000000
95381  41.360  -4.331  31.468 0.2500000000
95398  39.883  -4.827  29.997 0.1250000000
95409  42.176  -5.692  29.429 0.3750000000
95420  39.039  -4.693  28.579 0.1250000000
95429  47.183  -5.067  27.436 0.5000000000
95436  37.993  -4.628  27.579 0.1250000000
95437  37.590  -4.915  27.174 0.1250000000
95446  47.529  -5.312  27.034 0.5000000000
95449  36.693  -5.242  26.294 0.1250000000
95470  34.190  -5.957  25.284 0.1250000000
95489  42.566  -5.627  24.827 0.2500000000
95518  46.739  -4.738  21.207 0.3750000000
95527  49.571  -5.119  19.959 0.3750000000
95546  50.331  -5.206  18.822 0.3750000000
95547  50.147  -5.233  18.995 0.3750000000
95559  50.563  -5.191  18.541 0.3750000000
95560  50.308  -5.341  18.753 0.3750000000
95561  47.912  -5.130  18.781 0.1250000000
95573  51.859  -4.577  17.080 0.3750000000
96381  4.853  -4.307  47.015 0.2500000000
96411  5.024  -4.400  44.368 0.2500000000
96476  3.040  -3.939  36.429 0.1250000000
96492  43.125  -4.972  32.749 0.1250000000
96493  42.891  -4.893  32.838 0.1250000000
96507  42.781  -4.430  32.433 0.1250000000
96520  41.702  -3.873  31.443 0.2500000000
96531  43.940  -3.870  30.895 0.3750000000
96533  41.512  -3.596  30.756 0.2500000000
96555  38.891  -4.270  28.081 0.1250000000
96575  45.159  -3.744  26.435 0.3750000000
96578  37.542  -4.263  26.437 0.1250000000
96579  37.063  -4.642  26.206 0.1250000000
96589  44.612  -4.384  25.905 0.1250000000
96592  41.754  -4.353  25.353 0.2500000000
96607  41.154  -4.582  24.826 0.2500000000
96641  46.628  -4.367  21.073 0.3750000000
96642  46.107  -4.117  21.457 0.3750000000
96660  49.456  -4.860  19.987 0.2500000000
96677  50.393  -4.979  18.807 0.2500000000
96712  51.888  -4.189  17.048 0.2500000000
96860  56.064  -5.166  2.772 0.3750000000
96913  55.501  -3.932  0.251 0.1250000000
96930  55.517  -4.152  0.069 0.1250000000
96949  56.000  -4.131  -0.647 0.1250000000
96950  55.784  -4.044  -1.123 0.1250000000
96969  56.191  -3.806  -1.107 0.1250000000
96970  56.142  -3.876  -1.478 0.1250000000
97494  5.543  -3.630  48.015 0.2500000000
97495  10.595  -4.395  47.388 0.1250000000
97504  14.394  -4.404  46.390 0.1250000000
97559  5.741  -3.547  42.420 0.1250000000
97560  5.338  -3.447  42.852 0.1250000000
97607  3.204  -3.655  36.769 0.1250000000
97613  4.013  -3.030  37.214 0.1250000000
97615  3.080  -3.360  36.527 0.1250000000
97639  43.312  -4.249  31.852 0.1250000000
97641  42.753  -3.907  32.004 0.2500000000
97653  43.579  -3.725  31.371 0.3750000000
97662  44.390  -3.381  30.540 0.3750000000
97663  42.771  -3.004  31.004 0.2500000000
97670  45.750  -2.815  29.354 0.3750000000
97673  41.151  -2.966  29.494 0.2500000000
97679  45.868  -3.307  29.064 0.5000000000
97688  46.039  -2.886  27.339 0.5000000000
97689  44.643  -2.569  27.080 0.2500000000
97690  44.325  -2.645  27.090 0.1250000000
97697  46.283  -3.334  26.999 0.5000000000
97703  41.279  -2.817  26.147 0.1250000000
97713  42.968  -3.649  26.168 0.1250000000
97714  42.212  -3.649  26.041 0.1250000000
97728  35.953  -3.478  24.885 0.1250000000
97770  43.471  -2.829  22.044 0.1250000000
97791  46.991  -3.936  20.086 0.2500000000
97811  41.257  -3.080  19.557 0.1250000000
97821  49.259  -4.405  18.040 0.1250000000
97882  49.449  -2.861  13.349 0.1250000000
98003  55.355  -3.263  0.491 0.1250000000
98016  55.478  -3.546  0.264 0.1250000000
98028  54.745  -3.495  -0.699 0.1250000000
98040  56.096  -3.398  -0.811 0.1250000000
98042  54.143  -3.264  -1.294 0.1250000000
98059  56.089  -3.423  -1.396 0.1250000000
98060  55.727  -3.778  -1.727 0.1250000000
98708  3.764  -3.033  37.151 0.1250000000
98709  3.618  -3.245  37.131 0.1250000000
98715  4.887  -2.519  36.852 0.1250000000
98716  4.077  -2.571  37.006 0.1250000000
98718  3.176  -2.818  36.612 0.1250000000
98746  5.733  -2.820  33.833 0.1250000000
98752  44.307  -3.228  30.794 0.3750000000
98754  43.764  -3.033  31.187 0.2500000000
98760  42.729  -2.540  30.459 0.2500000000
98764  46.055  -2.469  28.823 0.3750000000
98765  45.700  -2.354  29.221 0.3750000000
98770  41.632  -2.397  29.298 0.2500000000
98775  46.149  -2.533  28.305 0.3750000000
98776  45.786  -2.265  28.053 0.3750000000
98777  45.302  -2.129  27.947 0.3750000000
98779  41.274  -2.276  28.511 0.1250000000
98783  46.062  -2.601  27.749 0.3750000000
98792  45.122  -2.596  27.083 0.2500000000
98793  44.842  -2.545  27.065 0.2500000000
98796  41.607  -2.165  26.513 0.1250000000
98798  39.563  -2.112  26.719 0.1250000000
98840  43.056  -2.382  22.054 0.1250000000
98841  42.488  -2.113  22.033 0.1250000000
98852  43.879  -2.536  21.601 0.2500000000
98854  42.673  -1.878  21.601 0.1250000000
98884  43.690  -2.310  20.914 0.1250000000
98959  49.204  -2.832  13.324 0.1250000000
99061  55.192  -3.127  0.219 0.1250000000
99075  55.294  -2.847  -0.030 0.1250000000
99088  55.806  -2.889  -0.449 0.1250000000
99100  55.757  -2.953  -1.062 0.1250000000
99101  55.216  -3.127  -1.232 0.1250000000
99103  53.671  -2.797  -1.485 0.1250000000
99112  55.677  -3.217  -1.560 0.1250000000
99113  55.477  -3.492  -1.434 0.1250000000
99644  8.653  -1.560  45.706 0.1250000000
99834  46.002  -2.337  28.641 0.3750000000
99835  45.806  -2.139  28.809 0.3750000000
99838  43.602  -1.753  29.327 0.2500000000
99847  45.506  -2.028  28.454 0.3750000000
99857  44.147  -1.995  27.949 0.2500000000
99858  43.455  -1.844  27.912 0.2500000000
99862  40.565  -1.601  27.155 0.1250000000
99866  42.044  -1.709  27.038 0.1250000000
99892  39.856  -1.238  24.876 0.2500000000
99893  38.961  -1.430  24.745 0.1250000000
99913  42.128  -1.764  21.586 0.1250000000
99922  41.889  -1.745  21.304 0.1250000000
100039  55.090  -2.851  -0.323 0.1250000000
100040  54.909  -3.083  -0.444 0.1250000000
100047  55.310  -2.878  -0.513 0.1250000000
100048  54.954  -2.904  -0.734 0.1250000000
100055  55.555  -2.748  -0.727 0.1250000000
100056  55.343  -2.909  -0.835 0.1250000000
100555  7.712  -0.704  47.943 0.1250000000
100636  3.786  -0.042  37.294 0.1250000000
100758  39.643  -1.267  24.981 0.1250000000
100759  39.410  -1.300  25.044 0.1250000000
100767  39.733  -1.212  24.541 0.2500000000
100774  39.704  -1.151  24.064 0.1250000000
101490  8.194  0.401  40.670 0.1250000000
101499  9.003  0.744  39.450 0.1250000000
102274  6.255  1.271  48.367 0.1250000000
102328  9.074  1.882  40.415 0.1250000000
102341  9.420  2.000  39.867 0.1250000000
102353  9.381  2.030  39.201 0.1250000000
102354  9.115  1.937  38.617 0.1250000000
106367  13.493  5.416  47.021 0.1250000000
106412  7.030  5.150  42.190 0.1250000000
107423  6.316  6.017  48.942 0.2500000000
107425  13.960  6.075  47.537 0.1250000000
107428  8.714  6.317  47.538 0.1250000000
107433  4.895  6.564  47.253 0.1250000000
108509  8.845  7.016  36.860 0.1250000000
108523  7.204  7.203  36.104 0.1250000000
109518  8.166  8.705  39.943 0.1250000000
109529  9.096  8.745  38.956 0.1250000000
109542  9.390  8.215  37.705 0.1250000000
109557  9.259  7.881  37.206 0.1250000000
110490  9.292  8.668  38.129 0.1250000000
113168  6.519  12.787  39.169 0.1250000000
114090  7.098  13.259  37.850 0.1250000000
115046  4.754  15.164  35.547 0.1250000000
115813  4.770  15.699  40.076 0.1250000000
115847  4.787  15.560  35.274 0.1250000000
115853  5.459  15.801  34.041 0.1250000000
116504  4.723  16.042  40.316 0.1250000000
116511  4.798  16.005  40.029 0.1250000000
117225  5.489  16.873  40.356 0.1250000000
140331  55.541  -12.983  8.896 0.6250000000
140334  55.501  -12.578  8.968 0.6250000000
140335  55.498  -12.101  9.002 0.6250000000
140336  55.215  -12.497  10.124 0.6250000000
140337  55.496  -13.134  9.084 0.6250000000
140341  54.992  -11.855  10.003 0.6250000000
140343  55.321  -11.964  9.307 0.6250000000
140344  55.367  -12.518  9.530 0.6250000000
140345  55.247  -12.125  9.639 0.6250000000
140347  55.358  -13.586  9.049 0.5000000000
