#!ascii label  , from subject sub-01 vox2ras=TkReg
2735
49193  19.883  -47.002  39.355 0.5555559993
47907  20.968  -47.673  38.181 0.4444440007
47892  20.470  -47.397  38.907 0.4444440007
49223  20.864  -47.207  38.591 0.4444440007
45675  20.757  -49.479  38.903 0.5555559993
46735  20.467  -48.600  38.884 0.4444440007
49192  20.939  -46.407  39.140 0.5555559993
47875  20.142  -47.403  39.245 0.5555559993
47866  20.014  -47.941  39.515 0.5555559993
47923  21.049  -47.841  37.647 0.4444440007
46728  20.164  -48.350  39.365 0.5555559993
45682  20.802  -49.461  38.360 0.4444440007
49209  19.724  -46.565  39.207 0.4444440007
49210  19.147  -46.936  39.336 0.4444440007
50452  19.858  -46.264  39.159 0.4444440007
47868  19.252  -48.155  39.624 0.4444440007
47874  21.243  -46.610  39.041 0.5555559993
49182  19.468  -47.533  39.467 0.5555559993
49222  21.483  -46.820  38.388 0.4444440007
46721  19.821  -48.239  39.576 0.5555559993
45674  21.085  -49.941  38.614 0.4444440007
45668  20.432  -49.267  39.412 0.5555559993
45661  20.010  -49.114  39.979 0.5555559993
44551  21.817  -50.651  37.494 0.4444440007
44542  21.396  -50.386  38.308 0.4444440007
44563  22.274  -50.808  36.360 0.2222220004
43455  22.778  -51.583  36.374 0.1111110002
43464  22.711  -51.419  35.629 0.1111110002
50465  19.784  -46.073  38.908 0.3333329856
50466  19.131  -46.248  38.670 0.3333329856
50464  20.700  -45.872  38.873 0.4444440007
49206  22.161  -46.284  39.023 0.4444440007
49191  21.835  -46.194  39.491 0.4444440007
50450  22.093  -45.873  39.809 0.4444440007
47873  21.618  -46.326  39.314 0.4444440007
44524  20.844  -50.603  39.436 0.5555559993
44541  21.820  -51.046  38.343 0.4444440007
49188  23.917  -46.405  39.593 0.4444440007
50447  23.724  -46.268  39.889 0.4444440007
50461  23.424  -45.780  39.576 0.4444440007
50462  22.628  -45.870  39.307 0.4444440007
50479  20.535  -45.596  38.113 0.3333329856
49205  23.500  -46.577  38.945 0.3333329856
49190  22.456  -46.304  39.796 0.4444440007
50478  21.265  -45.484  38.421 0.4444440007
50489  20.114  -45.382  37.487 0.3333329856
50480  19.631  -45.850  38.054 0.3333329856
49221  22.456  -46.586  38.284 0.3333329856
51578  21.283  -45.074  37.905 0.3333329856
51598  20.144  -45.002  36.867 0.3333329856
51613  19.946  -45.157  36.086 0.3333329856
49247  21.848  -47.012  36.840 0.2222220004
44532  21.223  -50.422  39.082 0.5555559993
43463  23.197  -52.117  35.957 0.1111110002
44562  22.527  -51.453  37.057 0.2222220004
51558  25.160  -45.420  38.777 0.4444440007
51574  24.976  -45.097  38.211 0.5555559993
51559  24.235  -45.336  39.047 0.4444440007
49204  24.650  -46.475  39.082 0.3333329856
50460  24.338  -45.927  39.637 0.4444440007
51560  23.348  -45.500  38.855 0.4444440007
51575  24.045  -44.953  38.291 0.4444440007
51576  23.082  -44.954  38.255 0.5555559993
47888  24.255  -46.731  38.608 0.3333329856
49220  23.490  -46.647  38.084 0.3333329856
51561  22.575  -45.518  38.677 0.4444440007
49233  23.323  -46.573  37.229 0.2222220004
49234  22.532  -46.641  37.476 0.2222220004
51596  21.851  -44.748  37.295 0.3333329856
51612  20.747  -44.788  36.225 0.3333329856
50500  19.320  -45.583  36.318 0.2222220004
51557  25.836  -45.535  38.055 0.4444440007
51593  24.840  -44.685  37.416 0.5555559993
49203  25.581  -46.253  38.318 0.3333329856
50459  25.368  -45.863  38.799 0.3333329856
51608  24.399  -44.510  36.685 0.5555559993
51594  23.777  -44.750  37.466 0.5555559993
47922  24.928  -47.005  36.980 0.2222220004
47905  24.398  -46.772  37.890 0.2222220004
47906  24.002  -46.727  38.341 0.2222220004
51609  23.499  -44.558  36.660 0.4444440007
49244  24.323  -46.786  36.179 0.1111110002
51556  26.356  -45.369  37.933 0.4444440007
51573  25.815  -45.237  37.927 0.5555559993
51592  25.733  -44.826  37.510 0.5555559993
49202  26.549  -46.257  37.952 0.3333329856
50458  26.274  -45.678  37.993 0.3333329856
52629  25.168  -44.412  36.630 0.5555559993
47884  27.757  -46.906  37.733 0.3333329856
47885  26.913  -46.849  37.816 0.3333329856
52643  25.004  -44.345  35.969 0.4444440007
47920  27.010  -47.771  37.045 0.1111110002
47903  26.438  -47.308  37.605 0.2222220004
47904  25.475  -47.072  37.690 0.2222220004
47886  26.020  -46.806  38.051 0.3333329856
52657  25.691  -44.015  35.340 0.3333329856
52658  24.795  -44.058  35.247 0.3333329856
52644  24.140  -44.349  35.926 0.3333329856
47921  26.009  -47.181  36.906 0.1111110002
47935  26.546  -47.470  36.089 0.1111110002
47936  25.402  -47.034  35.933 0.1111110002
49260  24.609  -46.674  35.157 0.1111110002
47952  25.346  -46.863  35.193 0.1111110002
49275  24.668  -46.513  34.158 0.1111110002
49276  23.720  -46.515  34.377 0.1111110002
48018  22.963  -46.885  32.202 0.1111110002
52628  25.782  -44.497  36.874 0.6666669846
50457  27.215  -45.772  37.861 0.4444440007
51572  26.740  -45.107  37.910 0.5555559993
51591  26.620  -44.842  37.396 0.5555559993
52627  26.339  -44.642  37.041 0.6666669846
52642  25.830  -44.374  36.084 0.5555559993
50456  27.990  -45.900  37.603 0.5555559993
51571  27.790  -45.099  37.598 0.4444440007
52656  26.621  -44.143  35.437 0.6666669846
47901  28.211  -47.578  37.604 0.4444440007
49199  28.667  -46.274  37.476 0.4444440007
46754  29.492  -48.093  37.080 0.3333329856
46755  28.589  -48.159  37.335 0.3333329856
46771  27.514  -48.221  36.936 0.2222220004
46769  28.923  -48.220  36.643 0.3333329856
46786  28.485  -48.009  36.210 0.3333329856
47934  27.500  -47.911  36.335 0.2222220004
47951  26.097  -47.157  34.907 0.1111110002
49259  25.256  -46.732  34.701 0.1111110002
49289  23.970  -46.416  33.343 0.1111110002
49288  24.914  -46.603  33.292 0.1111110002
49303  23.285  -46.645  32.459 0.1111110002
51590  27.553  -44.912  37.283 0.6666669846
51606  27.310  -44.754  36.794 0.6666669846
51607  26.758  -44.698  36.915 0.6666669846
52641  26.759  -44.621  36.309 0.6666669846
50455  28.412  -46.038  37.497 0.5555559993
51570  28.729  -45.239  37.157 0.5555559993
47899  29.893  -47.212  37.328 0.3333329856
47900  29.033  -47.308  37.495 0.4444440007
46768  29.716  -48.034  36.374 0.3333329856
46744  28.791  -47.759  37.551 0.3333329856
51605  28.238  -44.717  36.634 0.6666669846
52640  27.906  -44.390  36.188 0.6666669846
52655  27.613  -44.133  35.534 0.7777780294
50474  28.862  -45.737  37.344 0.5555559993
51588  29.621  -44.857  36.717 0.5555559993
51589  28.532  -44.972  36.999 0.6666669846
51569  29.741  -45.211  36.991 0.5555559993
52654  28.603  -43.999  35.613 0.6666669846
46753  30.245  -47.716  36.778 0.3333329856
46742  29.892  -47.722  37.247 0.3333329856
49217  30.341  -46.402  37.182 0.4444440007
51568  30.600  -45.176  36.836 0.6666669846
45694  30.847  -47.587  35.341 0.4444440007
46767  30.456  -47.758  35.882 0.4444440007
47916  30.739  -47.181  36.763 0.4444440007
51604  29.187  -44.662  36.472 0.6666669846
50472  30.852  -45.702  36.913 0.6666669846
51587  30.484  -44.838  36.584 0.6666669846
52653  29.501  -44.255  35.616 0.6666669846
49231  31.139  -46.632  36.646 0.4444440007
49216  30.948  -46.113  37.002 0.4444440007
46751  31.197  -47.145  35.995 0.5555559993
46765  31.769  -47.279  35.446 0.5555559993
52638  29.745  -44.424  36.054 0.6666669846
51586  31.045  -44.841  36.431 0.6666669846
52625  30.494  -44.630  36.227 0.6666669846
52637  30.588  -44.489  35.862 0.6666669846
52669  29.317  -44.119  34.963 0.7777780294
49215  31.485  -45.965  36.590 0.5555559993
47915  31.301  -46.809  36.233 0.5555559993
49230  31.791  -46.225  36.185 0.5555559993
47914  32.133  -46.467  35.797 0.5555559993
49243  32.996  -46.271  35.558 0.5555559993
52614  31.612  -44.884  36.135 0.6666669846
53680  31.641  -44.276  35.412 0.6666669846
52613  32.152  -44.663  35.820 0.6666669846
52624  31.379  -44.615  35.987 0.6666669846
53687  31.591  -43.931  34.989 0.6666669846
50487  32.348  -45.509  35.997 0.5555559993
51566  31.994  -45.097  36.052 0.5555559993
51567  31.372  -45.122  36.423 0.6666669846
49229  32.667  -45.921  35.839 0.5555559993
50488  31.788  -45.926  36.302 0.5555559993
47947  33.611  -46.907  35.012 0.5555559993
47930  33.296  -46.545  35.348 0.5555559993
49258  34.411  -46.503  35.005 0.5555559993
52623  32.355  -44.185  35.531 0.7777780294
53679  32.490  -43.671  35.246 0.6666669846
53686  32.535  -43.236  34.849 0.6666669846
52612  32.609  -44.673  35.800 0.6666669846
53695  31.952  -43.436  34.694 0.6666669846
51585  33.255  -44.596  35.668 0.6666669846
52622  33.228  -44.250  35.749 0.7777780294
50486  33.327  -45.172  35.636 0.6666669846
49242  33.936  -46.072  35.357 0.5555559993
49228  33.388  -45.718  35.566 0.6666669846
49257  34.920  -46.338  34.729 0.5555559993
54681  33.620  -42.945  35.215 0.7777780294
54695  33.327  -42.761  35.008 0.6666669846
53678  33.427  -43.362  35.428 0.6666669846
50508  35.522  -45.083  34.773 0.6666669846
50498  34.768  -45.184  35.175 0.5555559993
50499  34.051  -45.137  35.417 0.6666669846
49256  35.508  -46.103  34.432 0.6666669846
50509  35.067  -45.764  34.818 0.6666669846
54680  34.371  -42.663  35.353 0.6666669846
54702  34.041  -42.367  34.739 0.6666669846
52621  34.402  -43.646  35.519 0.7777780294
53677  34.304  -42.937  35.476 0.6666669846
52650  36.434  -43.405  34.566 0.7777780294
51583  34.977  -43.821  35.447 0.7777780294
51618  35.905  -44.292  34.898 0.7777780294
51601  35.503  -44.177  35.235 0.6666669846
51602  35.014  -44.167  35.390 0.6666669846
51584  34.365  -44.241  35.489 0.6666669846
50497  35.220  -44.633  35.164 0.6666669846
55650  35.156  -41.858  35.450 0.8888890147
54693  34.852  -42.099  35.385 0.8888890147
54694  34.327  -42.342  35.078 0.8888890147
53676  35.241  -42.898  35.481 0.8888890147
53693  36.944  -42.503  34.246 0.7777780294
53684  36.486  -42.522  35.036 0.7777780294
52619  35.463  -43.067  35.500 0.8888890147
51628  36.914  -44.355  33.677 0.7777780294
52651  36.135  -43.864  34.901 0.7777780294
52634  35.849  -43.335  35.371 0.7777780294
52635  35.351  -43.649  35.428 0.7777780294
52620  35.173  -43.315  35.473 0.7777780294
51627  37.785  -44.410  32.807 0.6666669846
56819  35.282  -41.181  34.875 0.7777780294
55689  34.987  -41.359  34.831 0.6666669846
56818  35.877  -40.756  34.862 0.8888890147
55670  34.998  -41.548  35.163 0.8888890147
55647  36.784  -41.001  34.875 0.8888890147
55648  36.012  -41.464  35.305 0.8888890147
56797  35.871  -41.145  35.232 0.8888890147
55669  35.424  -41.295  35.181 0.8888890147
53692  37.658  -41.924  34.084 0.7777780294
54701  37.199  -41.743  34.559 0.8888890147
54677  36.220  -41.788  35.295 0.8888890147
53675  35.572  -42.710  35.497 0.8888890147
54678  35.641  -42.228  35.482 0.8888890147
52633  36.282  -43.101  35.128 0.7777780294
54709  38.318  -41.371  33.753 0.7777780294
53701  37.306  -42.505  33.749 0.6666669846
52666  37.680  -43.547  32.708 0.6666669846
56841  35.889  -40.218  33.877 0.7777780294
54690  37.919  -40.901  34.623 0.8888890147
54691  37.038  -41.233  34.795 0.8888890147
54676  36.632  -41.375  34.984 0.8888890147
56795  36.949  -40.602  34.955 0.8888890147
58079  37.035  -39.599  34.535 0.8888890147
58080  36.517  -39.913  34.281 0.7777780294
54700  38.124  -40.806  34.527 0.8888890147
56816  37.643  -39.763  34.750 0.8888890147
53700  37.637  -42.413  33.048 0.6666669846
51638  38.073  -44.025  32.379 0.6666669846
56869  36.192  -39.792  33.755 0.6666669846
54699  38.679  -40.437  34.480 0.8888890147
55667  38.172  -40.163  34.735 0.8888890147
55668  37.636  -40.346  34.698 0.8888890147
59291  37.953  -38.455  34.281 0.8888890147
58094  36.923  -39.251  34.178 0.7777780294
58109  36.865  -39.038  33.891 0.6666669846
56815  38.432  -39.439  34.781 0.8888890147
59281  37.392  -38.944  34.325 0.8888890147
54715  38.966  -40.745  33.395 0.8888890147
54716  38.356  -41.513  32.789 0.7777780294
55687  39.151  -40.096  34.619 0.8888890147
59300  37.801  -38.251  33.988 0.5555559993
59301  37.213  -38.609  33.636 0.6666669846
58077  38.719  -38.865  35.020 0.8888890147
59279  39.120  -38.944  34.906 0.8888890147
60419  38.048  -38.121  33.982 0.7777780294
59311  38.271  -38.052  33.466 0.5555559993
55686  40.051  -39.965  34.505 0.8888890147
55705  39.525  -40.229  34.021 0.8888890147
55719  39.734  -40.259  33.267 0.8888890147
54728  38.547  -41.844  32.123 0.7777780294
56814  39.176  -39.229  34.910 0.7777780294
58076  39.274  -38.754  35.387 0.8888890147
59320  39.378  -37.178  32.725 0.5555559993
59334  38.863  -37.589  32.014 0.4444440007
56839  40.207  -39.406  34.940 0.8888890147
56813  39.813  -39.086  35.167 0.7777780294
59278  39.468  -38.385  35.307 0.8888890147
59290  38.760  -38.373  34.552 0.8888890147
59321  38.983  -37.485  32.924 0.7777780294
59310  38.743  -37.691  33.357 0.5555559993
60431  38.992  -37.733  34.087 0.7777780294
59349  38.915  -37.654  31.083 0.2222220004
55704  40.403  -39.887  33.923 0.8888890147
54726  40.047  -40.725  32.011 0.6666669846
54740  40.014  -41.141  31.668 0.6666669846
55732  40.355  -40.304  32.393 0.7777780294
55746  40.511  -40.625  31.813 0.7777780294
58075  39.941  -38.652  35.474 0.8888890147
59348  39.649  -37.206  31.493 0.3333329856
60493  40.245  -36.528  31.049 0.2222220004
58074  40.398  -38.517  35.320 0.8888890147
59277  40.057  -37.974  35.915 0.7777780294
60408  39.894  -37.657  35.257 0.7777780294
60430  39.559  -37.196  34.026 0.6666669846
60460  39.314  -37.186  33.231 0.7777780294
56868  40.593  -39.578  34.475 0.8888890147
56896  41.481  -39.429  33.535 0.8888890147
55716  41.674  -39.722  32.534 0.7777780294
54725  41.478  -40.657  31.436 0.6666669846
56921  42.120  -39.478  32.599 0.7777780294
54724  42.044  -40.493  31.314 0.6666669846
55729  42.344  -39.784  31.461 0.6666669846
55744  42.571  -39.841  31.104 0.5555559993
60476  40.163  -36.490  31.981 0.2222220004
60510  40.549  -35.878  30.777 0.2222220004
59287  40.921  -37.689  35.050 0.8888890147
61634  40.137  -36.592  33.811 0.7777780294
60459  39.681  -36.854  32.838 0.6666669846
60511  40.434  -36.219  30.241 0.1111110002
58108  41.365  -38.923  34.590 0.8888890147
60415  41.128  -36.775  34.897 0.8888890147
61623  39.952  -36.863  34.236 0.7777780294
58107  42.080  -38.534  34.325 0.8888890147
56894  42.349  -39.140  32.845 0.7777780294
58141  42.791  -38.406  32.134 0.7777780294
54737  42.362  -40.446  30.995 0.5555559993
54759  42.254  -41.119  30.715 0.4444440007
56936  42.868  -39.003  31.259 0.6666669846
54758  42.454  -40.851  30.319 0.4444440007
53778  42.510  -42.097  29.656 0.2222220004
55759  42.807  -39.521  30.703 0.4444440007
55779  42.685  -39.864  30.016 0.3333329856
53786  42.514  -42.069  29.055 0.2222220004
54781  42.526  -41.070  28.986 0.2222220004
53787  42.201  -42.039  28.583 0.2222220004
54782  42.135  -41.078  28.539 0.2222220004
54789  41.680  -41.093  28.108 0.2222220004
54800  40.819  -41.239  27.030 0.2222220004
61663  40.362  -35.793  32.129 0.3333329856
60475  40.387  -35.878  31.819 0.3333329856
62888  39.969  -34.405  29.288 0.2222220004
62877  40.060  -33.845  29.978 0.2222220004
61644  40.204  -36.315  33.219 0.6666669846
61689  40.528  -35.355  30.283 0.2222220004
59299  42.351  -37.366  34.402 0.8888890147
59286  41.744  -37.891  34.887 0.8888890147
61622  40.653  -36.327  34.148 0.7777780294
59298  42.639  -37.789  33.819 0.8888890147
58120  42.820  -38.190  32.626 0.7777780294
58177  43.395  -38.318  30.725 0.6666669846
56958  43.167  -39.021  30.296 0.5555559993
56959  42.983  -39.158  29.798 0.3333329856
56974  42.665  -39.224  29.298 0.3333329856
56975  42.339  -39.256  28.723 0.3333329856
55812  41.959  -40.162  28.429 0.3333329856
54790  41.316  -41.149  27.550 0.2222220004
63982  39.952  -33.326  30.580 0.4444440007
62869  40.522  -34.489  31.361 0.3333329856
61662  40.499  -35.295  31.754 0.4444440007
61675  40.629  -35.221  30.985 0.2222220004
61651  40.480  -35.260  32.415 0.5555559993
61632  42.268  -35.846  34.166 0.8888890147
61620  41.756  -36.003  34.396 0.7777780294
62837  41.514  -35.383  33.827 0.7777780294
62848  40.891  -34.701  33.214 0.6666669846
61633  40.684  -35.802  33.485 0.7777780294
62846  42.691  -34.774  33.871 0.8888890147
61631  42.824  -35.710  33.912 0.8888890147
60429  42.406  -36.480  34.208 0.8888890147
60428  42.815  -36.668  33.734 0.8888890147
60444  43.228  -36.414  33.105 0.8888890147
61642  43.219  -35.659  33.386 0.8888890147
61641  43.559  -35.695  32.771 0.8888890147
59319  43.323  -37.609  31.903 0.7777780294
59332  43.499  -37.615  31.210 0.7777780294
59347  43.535  -37.648  30.596 0.4444440007
58191  43.149  -38.429  29.586 0.3333329856
62861  40.565  -34.506  32.120 0.4444440007
63981  40.300  -33.807  31.122 0.4444440007
62847  42.173  -35.227  33.937 0.7777780294
62836  41.893  -35.222  33.884 0.7777780294
62838  41.199  -35.122  33.576 0.7777780294
63971  40.454  -33.758  31.816 0.5555559993
63972  40.106  -33.095  31.499 0.4444440007
63926  42.058  -34.639  33.842 0.8888890147
62854  43.146  -34.911  33.596 0.8888890147
63953  43.250  -33.856  33.552 0.8888890147
62853  43.591  -34.646  33.130 0.8888890147
60458  43.662  -36.849  31.644 0.6666669846
61661  43.680  -36.090  31.103 0.6666669846
61674  43.316  -35.993  30.209 0.5555559993
61687  43.008  -36.074  29.394 0.5555559993
62886  43.026  -34.375  29.107 0.5555559993
60474  43.636  -37.021  31.017 0.6666669846
60491  43.524  -36.885  30.459 0.5555559993
60509  42.945  -36.864  29.188 0.4444440007
63964  40.361  -33.012  32.281 0.6666669846
63943  41.270  -33.783  33.489 0.7777780294
63955  40.569  -33.053  32.802 0.6666669846
63942  41.746  -33.709  33.787 0.8888890147
63954  40.808  -33.559  33.053 0.6666669846
63963  40.607  -33.724  32.498 0.5555559993
63940  42.788  -33.896  33.863 0.8888890147
63941  42.248  -34.160  33.885 0.8888890147
63952  43.720  -33.840  33.215 0.8888890147
63962  44.028  -33.890  32.832 0.7777780294
63970  44.004  -33.944  32.027 0.7777780294
63980  44.018  -33.975  31.082 0.7777780294
65061  43.995  -33.046  31.622 0.7777780294
61650  43.764  -35.875  32.029 0.7777780294
62868  43.903  -34.953  31.570 0.6666669846
62875  43.677  -35.009  30.629 0.5555559993
65077  43.535  -33.403  29.945 0.6666669846
63988  43.283  -33.894  29.525 0.5555559993
66147  42.808  -31.360  29.255 0.4444440007
65052  39.992  -32.251  32.011 0.5555559993
65041  40.649  -32.815  33.066 0.5555559993
65027  41.467  -32.692  33.745 0.7777780294
65026  42.115  -32.865  33.875 0.8888890147
65040  43.328  -33.014  33.558 0.8888890147
65051  44.017  -33.081  32.491 0.7777780294
66139  43.836  -32.241  31.352 0.7777780294
65070  43.775  -32.903  30.543 0.7777780294
65071  43.457  -32.261  30.125 0.6666669846
66146  43.129  -31.716  29.773 0.5555559993
67241  42.825  -31.121  29.623 0.6666669846
67242  42.409  -30.565  29.330 0.6666669846
65028  40.841  -32.481  33.414 0.5555559993
65029  40.478  -31.878  33.346 0.7777780294
65025  42.923  -32.975  33.986 0.8888890147
66082  41.812  -31.847  33.723 0.8888890147
66081  42.519  -32.020  33.841 0.8888890147
65039  43.725  -33.087  33.193 0.7777780294
66107  43.693  -32.485  32.835 0.7777780294
66124  43.863  -32.293  32.142 0.7777780294
66125  43.471  -31.529  31.742 0.7777780294
66140  43.414  -31.700  30.706 0.6666669846
67210  42.790  -30.597  31.241 0.6666669846
68345  42.140  -29.611  31.451 0.7777780294
67211  42.342  -29.908  30.947 0.7777780294
69402  41.721  -28.743  31.732 0.7777780294
69415  41.871  -28.627  30.955 0.8888890147
68373  42.063  -29.447  29.763 0.7777780294
66096  43.223  -32.284  33.316 0.7777780294
67184  42.407  -31.096  33.294 0.8888890147
66108  43.363  -31.752  32.581 0.7777780294
67195  42.938  -30.930  32.259 0.7777780294
68317  42.391  -30.700  32.889 0.7777780294
68331  42.061  -29.748  32.297 0.8888890147
68330  42.479  -30.505  32.639 0.8888890147
67171  41.493  -30.880  33.764 0.8888890147
67170  42.108  -31.086  33.472 0.8888890147
68306  41.711  -30.246  33.521 0.8888890147
68305  41.894  -30.575  33.360 0.8888890147
67183  42.684  -31.157  32.992 0.7777780294
68318  42.091  -30.363  33.053 0.8888890147
69392  41.211  -28.820  33.032 0.7777780294
69391  41.604  -28.960  32.512 0.7777780294
68308  40.701  -30.027  33.879 0.6666669846
68307  41.231  -29.948  33.938 0.7777780294
69375  41.411  -29.544  33.527 0.8888890147
69393  40.671  -28.754  33.289 0.6666669846
68319  41.644  -29.567  33.193 0.8888890147
47893  18.678  -48.015  39.277 0.4444440007
50490  19.477  -45.511  37.114 0.2222220004
47867  19.630  -47.879  39.499 0.5555559993
51620  20.653  -44.661  35.264 0.2222220004
43418  21.046  -50.874  39.365 0.5555559993
49236  18.644  -46.859  37.602 0.2222220004
49208  20.792  -46.945  38.809 0.4444440007
44552  21.297  -50.210  37.847 0.4444440007
50451  20.898  -46.177  39.233 0.4444440007
47877  18.992  -48.130  39.598 0.4444440007
46722  19.510  -48.618  39.880 0.4444440007
49207  21.223  -46.674  38.775 0.4444440007
44533  20.725  -49.840  39.307 0.5555559993
44525  20.499  -50.129  39.735 0.5555559993
43472  23.061  -52.078  35.067 0.1111110002
49224  18.716  -46.898  38.603 0.3333329856
50481  18.851  -46.031  37.919 0.2222220004
50449  22.574  -45.895  39.982 0.4444440007
50463  21.745  -45.804  38.909 0.4444440007
49235  21.575  -47.083  37.685 0.4444440007
44531  21.593  -51.021  38.854 0.5555559993
49189  23.194  -46.381  39.676 0.4444440007
50448  23.327  -46.132  40.072 0.4444440007
51577  22.052  -44.991  38.267 0.4444440007
51611  21.699  -44.594  36.291 0.3333329856
51597  20.874  -44.929  37.212 0.2222220004
51614  19.525  -45.447  35.666 0.2222220004
47953  21.609  -47.729  36.331 0.2222220004
47887  25.086  -46.787  38.378 0.2222220004
51595  22.802  -44.729  37.430 0.4444440007
50491  18.871  -46.043  36.886 0.2222220004
50477  26.627  -45.330  37.933 0.4444440007
49201  27.422  -46.326  37.791 0.3333329856
47919  27.611  -47.928  37.454 0.2222220004
47902  27.319  -47.411  37.562 0.3333329856
50476  27.119  -45.328  37.958 0.4444440007
49200  28.131  -46.364  37.619 0.5555559993
50475  27.940  -45.431  37.600 0.5555559993
46756  27.852  -48.270  37.263 0.3333329856
46770  28.087  -48.342  36.720 0.3333329856
49302  24.362  -46.463  32.380 0.1111110002
49218  29.360  -46.497  37.374 0.5555559993
52639  28.873  -44.291  36.159 0.7777780294
50473  29.999  -45.738  37.173 0.5555559993
47898  30.656  -46.925  37.095 0.4444440007
47917  30.316  -47.417  37.104 0.3333329856
46752  30.801  -47.341  36.291 0.5555559993
52626  29.949  -44.582  36.319 0.6666669846
47932  31.745  -46.861  35.747 0.5555559993
52652  30.350  -44.423  35.584 0.7777780294
52636  31.057  -44.441  35.645 0.6666669846
53688  30.946  -44.341  35.496 0.6666669846
54703  33.271  -42.696  34.641 0.6666669846
51603  34.558  -44.639  35.370 0.6666669846
54679  34.978  -42.264  35.504 0.8888890147
56796  36.355  -40.877  34.977 0.8888890147
54692  36.216  -42.204  35.334 0.8888890147
56817  36.952  -40.209  34.737 0.8888890147
58095  36.511  -39.552  33.953 0.7777780294
58078  37.934  -39.491  34.684 0.8888890147
53708  38.177  -42.410  32.285 0.6666669846
52684  38.223  -43.468  32.117 0.6666669846
58110  36.373  -39.242  33.514 0.6666669846
54708  38.798  -40.588  34.179 0.8888890147
55666  38.923  -40.258  34.717 0.7777780294
59280  37.973  -38.933  34.565 0.8888890147
59292  37.309  -38.700  34.087 0.7777780294
60418  38.633  -38.060  34.252 0.7777780294
60447  38.642  -37.818  33.838 0.7777780294
55718  40.392  -39.869  33.126 0.8888890147
54727  39.387  -40.992  32.255 0.7777780294
54741  39.640  -41.237  31.802 0.7777780294
53726  38.940  -42.242  31.661 0.6666669846
60409  39.554  -37.915  35.119 0.8888890147
59367  39.797  -37.117  30.428 0.2222220004
56867  41.237  -39.310  34.139 0.8888890147
55703  40.945  -39.603  33.543 0.8888890147
55717  41.153  -39.714  32.891 0.7777780294
55731  41.041  -40.161  31.913 0.7777780294
54739  40.828  -41.037  31.392 0.6666669846
59276  40.440  -38.257  35.392 0.8888890147
58092  41.010  -38.539  34.953 0.8888890147
60417  39.558  -37.493  34.625 0.7777780294
60445  39.640  -36.933  33.486 0.6666669846
56866  41.892  -39.192  33.834 0.7777780294
55730  41.829  -39.809  31.882 0.7777780294
58142  42.640  -38.654  32.538 0.7777780294
56920  42.456  -39.119  32.310 0.7777780294
56919  42.618  -39.112  31.679 0.6666669846
59288  40.466  -37.425  35.167 0.8888890147
58091  41.647  -38.311  34.785 0.8888890147
60416  40.460  -36.903  34.865 0.7777780294
61621  41.257  -36.104  34.416 0.7777780294
58106  42.538  -38.291  33.814 0.8888890147
58121  42.606  -38.475  33.121 0.7777780294
59308  43.026  -37.774  32.581 0.7777780294
56947  43.125  -38.924  30.778 0.5555559993
58161  43.228  -38.304  31.337 0.7777780294
55760  42.660  -39.865  30.337 0.3333329856
54774  42.557  -41.000  29.582 0.2222220004
52743  42.490  -43.290  29.027 0.2222220004
55778  42.899  -39.408  30.402 0.4444440007
55796  42.576  -40.059  29.458 0.3333329856
55797  42.407  -40.142  28.901 0.2222220004
52744  42.285  -42.859  28.605 0.2222220004
53793  41.843  -41.901  28.237 0.2222220004
55813  41.507  -40.175  27.890 0.2222220004
53805  41.234  -42.112  27.220 0.2222220004
53806  40.894  -42.196  26.634 0.2222220004
60414  41.878  -36.825  34.781 0.8888890147
59309  43.011  -37.318  33.167 0.8888890147
58190  43.428  -38.399  30.142 0.4444440007
58203  42.699  -38.407  29.069 0.3333329856
62855  40.651  -34.524  32.741 0.5555559993
63928  41.571  -34.485  33.657 0.7777780294
60443  43.449  -36.793  32.480 0.8888890147
59365  43.474  -37.653  29.965 0.4444440007
59366  43.094  -37.635  29.387 0.4444440007
63927  41.837  -34.558  33.775 0.7777780294
63987  43.638  -34.027  30.209 0.7777780294
60508  43.251  -36.862  29.786 0.5555559993
62885  43.196  -35.005  29.540 0.6666669846
61703  42.992  -35.561  29.145 0.4444440007
62860  43.855  -34.824  32.422 0.7777780294
65078  43.216  -32.818  29.536 0.5555559993
66155  42.962  -31.993  29.074 0.4444440007
66080  42.996  -32.114  33.895 0.7777780294
67225  42.852  -30.944  30.173 0.6666669846
67226  42.347  -30.151  30.366 0.7777780294
68357  42.065  -29.379  30.627 0.7777780294
68344  42.538  -30.234  32.043 0.6666669846
70490  41.835  -27.767  31.162 0.8888890147
70474  41.620  -27.742  31.787 0.8888890147
67169  42.733  -31.571  33.576 0.8888890147
70463  41.325  -27.668  32.279 0.8888890147
46729  18.779  -48.828  39.934 0.4444440007
45662  19.457  -49.360  40.383 0.4444440007
44515  19.952  -50.029  40.500 0.4444440007
43428  21.726  -51.492  38.615 0.4444440007
31281  6.309  -61.717  38.132 0.1111110002
29063  7.539  -62.488  37.438 0.1111110002
32346  6.673  -61.401  38.544 0.1111110002
29072  8.595  -62.709  37.447 0.1111110002
30170  7.873  -62.124  37.924 0.1111110002
32340  6.070  -60.825  38.723 0.1111110002
32372  9.565  -61.305  35.992 0.1111110002
52671  27.411  -43.920  34.725 0.5555559993
30163  14.686  -63.344  38.272 0.1111110002
30190  10.119  -62.806  36.755 0.1111110002
29061  8.963  -62.642  37.803 0.1111110002
30169  8.731  -62.372  38.036 0.1111110002
32360  10.981  -61.972  36.756 0.1111110002
31293  10.339  -62.222  36.713 0.1111110002
29082  9.052  -62.890  37.276 0.1111110002
31268  7.754  -61.211  38.888 0.1111110002
32371  10.637  -61.469  36.296 0.1111110002
31304  9.965  -61.791  36.270 0.1111110002
31294  9.181  -62.462  36.584 0.1111110002
34402  11.484  -59.694  35.660 0.1111110002
33382  11.027  -60.511  35.900 0.1111110002
33383  9.948  -60.522  35.785 0.1111110002
31305  9.288  -61.919  36.190 0.1111110002
35491  11.937  -59.077  35.305 0.1111110002
35492  11.110  -59.035  35.312 0.1111110002
52672  26.437  -43.867  34.627 0.5555559993
32344  15.080  -61.772  38.422 0.2222220004
31273  15.246  -62.701  38.261 0.1111110002
29057  14.232  -63.661  38.091 0.1111110002
29081  9.711  -62.761  37.487 0.1111110002
29070  9.858  -62.691  37.780 0.1111110002
31277  9.098  -62.061  38.374 0.1111110002
31278  8.630  -61.967  38.352 0.1111110002
31279  7.993  -61.673  38.438 0.1111110002
31267  8.525  -61.414  38.749 0.1111110002
33370  16.244  -61.009  37.865 0.3333329856
32359  11.578  -61.878  36.689 0.1111110002
34373  7.504  -59.233  40.009 0.1111110002
32330  7.149  -60.444  39.530 0.1111110002
34401  12.453  -59.715  35.573 0.1111110002
32370  11.710  -61.250  36.279 0.1111110002
35490  12.474  -59.176  35.251 0.1111110002
34412  12.878  -59.318  35.235 0.1111110002
52688  27.192  -43.743  33.891 0.5555559993
52673  25.492  -43.890  34.529 0.3333329856
52689  26.215  -43.710  33.803 0.3333329856
52690  25.253  -43.695  33.736 0.2222220004
52691  24.320  -43.751  33.671 0.2222220004
53717  24.020  -43.352  32.965 0.2222220004
32345  14.457  -61.631  38.731 0.2222220004
30164  13.655  -63.118  38.514 0.1111110002
29067  14.729  -64.088  37.721 0.1111110002
30165  12.554  -62.955  38.175 0.1111110002
30166  11.362  -62.599  38.003 0.1111110002
30179  10.431  -62.602  37.641 0.1111110002
31266  9.330  -61.646  38.600 0.1111110002
32337  8.290  -60.776  39.242 0.1111110002
33365  15.572  -60.946  38.277 0.3333329856
30177  12.326  -62.854  37.750 0.1111110002
30188  12.270  -62.766  37.344 0.1111110002
31292  11.455  -62.307  37.055 0.1111110002
33348  8.339  -59.654  39.958 0.1111110002
33359  7.994  -60.244  39.576 0.1111110002
34385  15.960  -60.144  38.082 0.3333329856
34390  16.702  -60.063  37.529 0.3333329856
31291  12.297  -62.452  36.861 0.1111110002
32358  12.373  -61.872  36.472 0.1111110002
35479  15.950  -59.261  37.723 0.3333329856
31289  13.693  -62.716  36.389 0.1111110002
30187  12.917  -63.186  36.916 0.1111110002
31290  13.127  -62.466  36.460 0.1111110002
33379  13.881  -60.646  35.593 0.1111110002
33380  12.965  -60.605  35.801 0.1111110002
34399  13.996  -59.926  35.124 0.1111110002
34400  13.297  -59.885  35.425 0.1111110002
34411  13.480  -59.300  34.930 0.1111110002
52687  28.206  -43.888  33.984 0.4444440007
34410  14.390  -59.431  34.506 0.1111110002
43457  17.472  -52.016  36.263 0.2222220004
53715  25.948  -43.326  33.056 0.2222220004
43465  18.048  -51.507  35.994 0.2222220004
53716  24.969  -43.234  33.051 0.2222220004
53718  23.155  -43.527  32.901 0.1111110002
30158  12.895  -62.840  38.794 0.1111110002
31264  11.598  -62.035  38.680 0.1111110002
32334  11.177  -61.256  38.868 0.1111110002
35475  15.626  -59.628  38.187 0.3333329856
34386  15.351  -60.063  38.507 0.3333329856
34387  14.833  -60.232  38.744 0.3333329856
30160  11.174  -62.337  38.229 0.1111110002
31265  10.337  -61.944  38.406 0.1111110002
32336  9.180  -60.904  39.041 0.1111110002
33358  8.992  -60.088  39.720 0.1111110002
32368  13.483  -61.669  36.060 0.1111110002
41228  18.056  -53.119  36.670 0.2222220004
41215  16.688  -52.752  36.104 0.2222220004
42355  17.588  -52.537  36.539 0.3333329856
43458  16.593  -51.918  36.296 0.2222220004
52668  30.219  -44.373  35.001 0.6666669846
44575  18.616  -50.914  35.503 0.2222220004
53736  23.686  -43.123  32.185 0.1111110002
44587  18.514  -50.893  34.683 0.1111110002
53755  23.448  -43.151  31.234 0.1111110002
32331  13.830  -61.532  38.984 0.2222220004
33354  12.744  -60.570  39.090 0.2222220004
33355  11.831  -60.499  39.254 0.1111110002
33356  10.860  -60.372  39.111 0.1111110002
34381  10.559  -59.569  39.527 0.1111110002
31262  13.353  -62.331  39.039 0.1111110002
32332  13.040  -61.492  39.104 0.1111110002
32333  12.143  -61.419  39.145 0.1111110002
32335  10.126  -61.056  38.771 0.1111110002
33357  9.930  -60.331  39.375 0.1111110002
35476  15.215  -59.068  38.364 0.3333329856
35480  15.555  -58.475  37.898 0.3333329856
36670  15.387  -57.699  37.559 0.3333329856
37826  14.636  -57.318  38.143 0.3333329856
41170  12.601  -54.693  39.931 0.1111110002
39972  13.076  -54.748  39.334 0.1111110002
39984  12.872  -54.546  38.421 0.1111110002
53713  27.950  -43.581  33.141 0.4444440007
53714  26.943  -43.306  33.158 0.4444440007
41205  12.686  -53.501  37.886 0.1111110002
52670  28.395  -43.943  34.844 0.5555559993
42331  13.153  -52.568  37.415 0.1111110002
42341  16.991  -52.612  36.146 0.2222220004
44544  13.182  -51.530  38.039 0.1111110002
42356  17.028  -52.344  36.215 0.2222220004
43466  17.190  -51.639  35.917 0.2222220004
44554  15.165  -51.575  36.619 0.1111110002
44576  17.787  -51.368  35.357 0.2222220004
53756  22.691  -43.579  31.155 0.1111110002
53738  22.086  -44.257  31.711 0.1111110002
45724  18.931  -50.006  34.050 0.1111110002
53757  22.131  -43.922  30.923 0.1111110002
52726  21.207  -44.276  30.512 0.1111110002
51655  20.567  -44.762  31.089 0.1111110002
46825  19.109  -48.982  33.423 0.1111110002
52738  21.339  -44.289  29.441 0.1111110002
47992  18.947  -48.020  32.831 0.1111110002
34378  13.358  -59.687  38.938 0.2222220004
34379  12.467  -59.574  39.256 0.1111110002
35468  11.103  -58.771  39.568 0.1111110002
36656  12.791  -57.911  39.497 0.2222220004
36657  12.409  -57.944  39.683 0.1111110002
35467  12.157  -58.442  39.606 0.1111110002
36655  13.668  -57.724  39.103 0.1111110002
38910  12.773  -55.967  40.456 0.1111110002
38909  13.184  -55.734  39.774 0.1111110002
39960  12.512  -54.956  40.270 0.1111110002
41192  12.617  -53.352  39.157 0.1111110002
42294  12.003  -53.830  39.637 0.1111110002
53734  25.650  -42.901  32.331 0.2222220004
53735  24.660  -42.916  32.272 0.1111110002
43441  13.130  -51.642  38.579 0.1111110002
53754  24.377  -42.844  31.382 0.1111110002
43450  13.707  -51.815  36.986 0.1111110002
53739  21.541  -44.293  31.368 0.1111110002
43449  14.550  -51.946  36.657 0.1111110002
52714  20.951  -44.407  31.493 0.1111110002
44566  15.534  -51.153  36.328 0.1111110002
51656  20.059  -45.279  31.598 0.1111110002
51670  20.199  -45.368  30.776 0.1111110002
50531  19.549  -45.789  32.100 0.1111110002
44577  16.601  -51.256  35.607 0.1111110002
44565  16.224  -51.483  36.174 0.1111110002
50544  19.229  -46.373  31.745 0.1111110002
44588  17.509  -51.247  34.604 0.1111110002
50543  19.657  -45.832  31.293 0.1111110002
53758  21.607  -44.091  30.820 0.1111110002
50567  19.438  -46.377  31.072 0.1111110002
45729  19.039  -50.121  32.987 0.1111110002
51669  20.703  -44.862  30.160 0.1111110002
50588  19.957  -45.936  29.383 0.1111110002
48048  19.172  -47.724  31.489 0.1111110002
46839  19.187  -48.983  32.391 0.1111110002
37806  11.789  -56.013  40.788 0.1111110002
36647  13.094  -57.273  39.554 0.1111110002
36648  12.272  -57.558  39.977 0.1111110002
35456  11.532  -58.032  39.900 0.1111110002
39961  11.938  -54.908  40.441 0.1111110002
36641  10.949  -56.868  40.679 0.1111110002
41180  11.251  -54.017  39.862 0.1111110002
42319  11.488  -53.002  39.048 0.1111110002
43431  13.137  -52.151  38.785 0.1111110002
52685  30.033  -44.139  34.369 0.4444440007
52686  29.230  -43.858  34.181 0.6666669846
53711  30.379  -43.549  33.577 0.4444440007
43448  15.324  -52.087  36.553 0.1111110002
49327  19.244  -47.003  31.285 0.1111110002
44600  18.347  -50.912  33.739 0.1111110002
50565  20.268  -45.490  29.896 0.1111110002
50566  19.795  -46.047  30.416 0.1111110002
49356  19.621  -46.643  29.837 0.1111110002
49357  19.485  -46.814  30.553 0.1111110002
37807  11.174  -56.441  40.727 0.1111110002
39963  10.605  -55.122  40.439 0.1111110002
42318  12.740  -52.802  38.959 0.1111110002
53733  26.645  -42.854  32.426 0.2222220004
44555  14.559  -51.335  36.783 0.1111110002
53710  31.535  -42.885  33.152 0.4444440007
53729  30.706  -43.059  32.640 0.3333329856
53731  28.717  -43.296  32.417 0.4444440007
53752  26.323  -42.477  31.648 0.2222220004
53753  25.362  -42.670  31.499 0.2222220004
44578  15.544  -50.811  35.527 0.1111110002
53732  27.665  -43.030  32.428 0.4444440007
54749  25.116  -42.554  30.576 0.1111110002
43459  15.812  -51.686  36.490 0.1111110002
53751  27.339  -42.545  31.694 0.2222220004
54747  26.991  -42.260  30.868 0.2222220004
54748  25.980  -41.998  30.877 0.2222220004
44589  16.414  -51.021  34.596 0.1111110002
53750  28.385  -42.763  31.685 0.3333329856
54764  26.678  -42.038  30.034 0.2222220004
55770  25.724  -41.800  29.191 0.1111110002
54766  24.795  -42.173  29.525 0.1111110002
54746  28.023  -42.353  30.929 0.2222220004
54763  27.673  -42.165  30.069 0.2222220004
54765  25.774  -41.998  29.927 0.1111110002
54775  24.708  -41.770  28.811 0.1111110002
50532  19.124  -46.386  32.596 0.1111110002
55768  27.327  -41.759  29.315 0.2222220004
55769  26.461  -41.749  29.273 0.1111110002
55788  25.359  -41.570  28.616 0.1111110002
49305  18.948  -47.200  32.154 0.1111110002
55767  28.298  -41.703  29.502 0.1111110002
55787  26.230  -41.446  28.639 0.1111110002
55802  27.878  -41.254  28.292 0.1111110002
55786  27.047  -41.321  28.657 0.1111110002
56965  27.234  -41.094  28.051 0.1111110002
56982  27.854  -40.884  27.763 0.1111110002
57003  27.560  -40.253  26.855 0.1111110002
41181  10.847  -54.115  39.794 0.1111110002
42320  11.110  -53.572  39.379 0.1111110002
44568  13.754  -50.790  36.236 0.1111110002
41182  10.403  -54.645  39.653 0.1111110002
44580  13.714  -50.798  35.171 0.1111110002
44556  13.629  -51.234  37.257 0.1111110002
44567  14.620  -50.834  36.352 0.1111110002
53730  29.797  -43.309  32.572 0.5555559993
44590  15.376  -50.780  34.482 0.1111110002
54718  32.241  -42.486  32.914 0.4444440007
53703  31.576  -43.259  34.052 0.5555559993
54750  24.167  -42.892  30.504 0.1111110002
54729  32.891  -42.036  32.326 0.3333329856
53712  29.054  -43.624  33.295 0.5555559993
54767  23.645  -43.041  29.863 0.1111110002
44601  17.257  -51.274  33.608 0.1111110002
53749  29.501  -42.877  31.748 0.4444440007
54745  29.121  -42.181  31.144 0.3333329856
54762  28.640  -41.821  30.363 0.2222220004
48020  19.109  -48.096  32.041 0.1111110002
55801  28.435  -41.096  28.367 0.1111110002
55784  28.836  -41.383  29.006 0.1111110002
57002  28.505  -40.424  26.904 0.1111110002
57023  28.125  -40.069  25.919 0.1111110002
54730  31.664  -42.514  32.213 0.3333329856
53728  31.214  -42.808  32.519 0.4444440007
53769  23.201  -43.282  30.648 0.1111110002
53748  30.337  -42.937  31.985 0.3333329856
55747  34.289  -40.863  31.718 0.2222220004
55748  33.361  -41.342  31.478 0.1111110002
44612  18.146  -51.115  32.484 0.1111110002
53779  22.587  -43.562  29.638 0.1111110002
54777  23.233  -43.099  29.093 0.1111110002
54761  29.653  -41.688  30.533 0.2222220004
55766  29.158  -41.296  29.864 0.1111110002
55783  29.726  -41.149  29.222 0.1111110002
55800  29.337  -40.902  28.488 0.1111110002
56981  28.916  -40.712  27.741 0.1111110002
44602  16.135  -51.161  33.514 0.1111110002
56938  34.580  -40.384  31.073 0.2222220004
45735  19.026  -50.079  31.787 0.1111110002
56937  35.275  -40.066  31.429 0.3333329856
54731  30.932  -42.759  32.075 0.2222220004
54744  30.630  -42.207  31.226 0.3333329856
54760  30.340  -41.670  30.471 0.1111110002
55765  30.089  -41.348  29.965 0.1111110002
55799  30.316  -40.817  28.546 0.1111110002
56980  29.926  -40.622  27.763 0.1111110002
44579  14.572  -50.666  35.396 0.1111110002
56948  34.985  -39.715  30.396 0.3333329856
54743  32.024  -42.001  31.482 0.2222220004
55764  31.055  -41.486  30.179 0.1111110002
55750  31.652  -41.651  30.836 0.2222220004
55782  30.715  -41.093  29.316 0.1111110002
58178  36.382  -39.182  30.348 0.2222220004
58179  35.711  -39.255  30.095 0.2222220004
59370  37.242  -38.735  29.638 0.1111110002
59371  36.746  -38.983  29.972 0.1111110002
55761  33.888  -40.781  30.971 0.1111110002
54742  32.717  -41.767  31.542 0.1111110002
59385  39.272  -37.838  28.898 0.1111110002
59386  38.054  -38.562  28.590 0.1111110002
56949  34.003  -40.203  30.230 0.1111110002
55749  32.491  -41.474  31.005 0.1111110002
56960  34.457  -39.575  29.685 0.1111110002
59352  37.008  -38.885  30.500 0.1111110002
59369  38.155  -38.224  29.772 0.1111110002
58193  36.346  -38.953  29.422 0.1111110002
60549  39.452  -36.664  27.996 0.1111110002
58192  36.956  -38.864  29.118 0.1111110002
61722  39.274  -35.531  27.616 0.1111110002
59387  37.306  -38.807  28.950 0.1111110002
58206  37.007  -38.840  28.360 0.1111110002
58205  37.706  -38.642  27.887 0.1111110002
62921  39.003  -34.663  27.383 0.1111110002
60567  38.993  -36.458  27.048 0.1111110002
59401  38.200  -38.228  27.393 0.1111110002
62905  39.397  -34.494  28.230 0.1111110002
59400  38.900  -37.649  27.736 0.1111110002
64013  38.929  -33.486  27.363 0.1111110002
65103  38.930  -32.280  27.254 0.1111110002
65091  38.882  -32.391  28.122 0.1111110002
61737  38.856  -35.341  26.925 0.1111110002
66157  38.925  -31.371  28.624 0.2222220004
66148  38.958  -31.267  29.556 0.3333329856
69403  39.425  -28.502  32.547 0.5555559993
68333  39.152  -29.306  32.144 0.5555559993
67213  38.894  -30.321  31.166 0.4444440007
66142  39.030  -31.309  30.429 0.4444440007
68332  39.619  -29.452  32.827 0.5555559993
67197  39.012  -29.824  31.748 0.4444440007
67227  38.837  -30.319  30.063 0.4444440007
62938  38.874  -34.454  26.639 0.1111110002
68358  38.705  -29.316  30.563 0.4444440007
67243  38.928  -30.340  29.071 0.4444440007
69394  39.945  -28.578  33.150 0.5555559993
68346  38.872  -29.265  31.447 0.4444440007
70465  40.371  -27.838  32.835 0.6666669846
70464  40.913  -27.807  32.755 0.7777780294
69430  42.020  -28.579  30.150 0.7777780294
69445  42.151  -28.568  29.297 0.7777780294
69458  42.419  -28.588  28.403 0.6666669846
65113  38.951  -32.584  26.460 0.1111110002
69416  38.765  -28.386  31.047 0.5555559993
70475  39.385  -27.672  32.142 0.5555559993
69404  39.049  -28.441  31.850 0.5555559993
74986  46.001  -24.323  28.173 0.6666669846
74971  46.103  -24.674  29.071 0.6666669846
72740  45.784  -25.529  29.637 0.6666669846
72725  45.331  -25.717  29.921 0.6666669846
71627  45.157  -26.609  29.795 0.5555559993
75000  46.632  -24.255  26.940 0.5555559993
69443  44.039  -27.849  29.041 0.5555559993
69457  43.272  -28.123  28.237 0.5555559993
75011  46.366  -24.080  26.110 0.6666669846
75023  46.443  -23.863  24.989 0.5555559993
70514  43.981  -27.674  29.614 0.5555559993
75035  46.493  -23.656  23.998 0.3333329856
77490  48.655  -22.346  22.998 0.4444440007
76270  47.924  -23.011  24.062 0.5555559993
76292  47.902  -22.886  22.779 0.3333329856
76272  47.233  -23.307  23.402 0.6666669846
75053  46.676  -23.779  23.139 0.3333329856
75062  46.266  -24.166  22.959 0.3333329856
76293  47.341  -23.391  22.529 0.5555559993
75061  46.609  -24.042  22.334 0.3333329856
67254  38.958  -30.412  28.069 0.1111110002
66167  38.982  -31.413  27.638 0.1111110002
70466  39.823  -27.729  32.666 0.5555559993
71580  41.441  -26.991  32.075 0.7777780294
70503  42.164  -27.782  30.471 0.7777780294
75001  45.804  -24.226  27.286 0.6666669846
74960  45.614  -24.753  29.494 0.6666669846
72741  45.385  -25.354  29.931 0.6666669846
71610  44.980  -26.059  30.140 0.6666669846
70501  44.105  -27.414  29.990 0.6666669846
70516  42.535  -27.889  29.783 0.7777780294
70488  43.532  -26.834  30.663 0.7777780294
70515  43.432  -27.661  29.635 0.6666669846
69444  42.877  -27.936  29.036 0.6666669846
75036  45.865  -24.203  24.582 0.3333329856
77509  48.367  -22.063  22.159 0.3333329856
76311  47.829  -22.749  22.017 0.4444440007
75054  46.025  -24.136  23.584 0.3333329856
73942  45.703  -24.696  22.784 0.2222220004
72877  45.592  -25.200  22.184 0.2222220004
78653  49.455  -20.566  21.519 0.3333329856
78655  47.989  -20.876  21.417 0.2222220004
76312  47.156  -23.018  21.536 0.3333329856
75071  46.509  -23.904  21.223 0.3333329856
73956  45.912  -25.083  20.769 0.1111110002
72900  45.498  -25.892  20.938 0.1111110002
72901  45.064  -26.331  20.454 0.1111110002
76347  45.497  -23.066  19.435 0.1111110002
75088  45.935  -23.926  20.257 0.1111110002
73964  45.538  -24.906  19.819 0.1111110002
75105  45.301  -23.989  19.292 0.1111110002
66179  39.107  -31.540  26.679 0.1111110002
71598  39.868  -26.887  32.149 0.5555559993
71582  40.645  -27.006  32.501 0.6666669846
74972  45.487  -24.514  29.106 0.6666669846
73843  44.867  -24.508  29.244 0.7777780294
73809  45.032  -24.955  30.287 0.7777780294
72726  44.859  -25.376  30.401 0.7777780294
70487  44.511  -26.698  30.310 0.7777780294
74987  45.182  -24.438  28.344 0.5555559993
73810  44.483  -24.934  30.698 0.7777780294
70502  43.020  -27.341  30.196 0.7777780294
75012  45.472  -24.238  26.561 0.4444440007
73901  45.161  -24.511  25.584 0.3333329856
73914  45.243  -24.615  25.133 0.3333329856
73915  44.594  -25.013  24.839 0.3333329856
78654  48.804  -20.632  21.601 0.3333329856
78643  48.509  -21.146  22.067 0.2222220004
73931  45.332  -24.629  24.105 0.3333329856
73943  44.982  -25.276  23.080 0.1111110002
72859  44.636  -25.523  23.210 0.1111110002
72860  43.945  -25.893  23.404 0.1111110002
77516  47.644  -21.990  21.460 0.4444440007
77517  47.030  -22.076  20.782 0.2222220004
76331  46.568  -22.843  20.730 0.2222220004
76332  45.985  -22.740  20.103 0.1111110002
72878  44.974  -25.719  22.587 0.1111110002
72892  44.822  -26.358  21.497 0.1111110002
72879  43.827  -26.502  22.340 0.1111110002
71725  43.131  -26.969  21.702 0.1111110002
78663  47.574  -20.796  20.514 0.4444440007
78664  46.936  -21.317  19.969 0.1111110002
77526  46.429  -22.096  20.193 0.1111110002
77527  46.047  -22.128  19.829 0.1111110002
79853  50.250  -20.652  21.172 0.3333329856
78671  46.202  -21.460  18.821 0.1111110002
77535  45.786  -22.184  19.230 0.1111110002
76348  45.023  -23.228  18.696 0.1111110002
79903  46.829  -21.128  18.238 0.1111110002
70476  39.030  -27.615  31.501 0.5555559993
71614  39.579  -26.614  31.645 0.4444440007
72700  40.912  -26.347  32.309 0.6666669846
73844  44.098  -24.606  29.708 0.7777780294
73826  44.113  -24.750  30.493 0.7777780294
71613  42.062  -27.033  31.301 0.7777780294
73859  44.477  -24.517  28.877 0.7777780294
72727  44.083  -25.310  31.193 0.7777780294
70489  42.520  -27.095  30.795 0.7777780294
75002  45.023  -24.342  27.361 0.5555559993
73874  44.421  -24.608  28.082 0.6666669846
71611  43.982  -26.001  31.040 0.7777780294
75013  44.917  -24.371  26.643 0.3333329856
73902  44.700  -24.693  25.956 0.3333329856
72825  40.745  -26.653  25.595 0.2222220004
73916  43.956  -25.468  24.516 0.1111110002
72840  43.618  -25.822  24.166 0.1111110002
72822  43.266  -25.915  24.856 0.1111110002
72842  41.773  -26.566  24.452 0.2222220004
72841  42.852  -26.245  24.086 0.1111110002
79872  48.589  -20.180  21.105 0.2222220004
72861  42.908  -26.463  23.060 0.1111110002
79870  49.979  -20.054  21.035 0.3333329856
79871  49.281  -20.059  21.128 0.2222220004
79883  48.067  -20.109  20.425 0.3333329856
79884  47.474  -20.556  19.901 0.3333329856
77534  46.256  -21.789  19.619 0.1111110002
79854  49.976  -20.484  21.268 0.3333329856
79892  47.884  -20.200  19.392 0.3333329856
79893  47.081  -20.750  19.161 0.2222220004
79869  50.586  -20.120  20.756 0.3333329856
79902  47.659  -20.623  18.493 0.2222220004
68388  38.799  -29.387  28.509 0.4444440007
68374  38.720  -29.337  29.539 0.3333329856
71599  39.366  -27.075  31.773 0.5555559993
71597  40.364  -26.689  32.341 0.6666669846
67262  39.141  -30.500  27.060 0.1111110002
71595  41.868  -26.514  31.661 0.7777780294
73860  43.740  -24.650  28.823 0.7777780294
73827  43.353  -24.769  30.539 0.7777780294
73811  43.562  -24.911  31.230 0.7777780294
72713  42.862  -25.461  31.481 0.7777780294
72728  43.553  -25.287  31.398 0.7777780294
72712  43.576  -25.550  31.417 0.7777780294
71594  43.160  -25.901  31.418 0.7777780294
71612  42.843  -26.466  31.139 0.7777780294
73875  43.588  -24.806  27.842 0.4444440007
71593  43.614  -25.797  31.373 0.7777780294
73889  43.576  -24.993  26.754 0.4444440007
73903  43.682  -25.421  25.598 0.3333329856
73904  42.811  -25.862  25.591 0.2222220004
72823  42.367  -26.150  25.028 0.2222220004
79881  49.918  -19.725  20.518 0.3333329856
79882  49.039  -19.862  20.484 0.3333329856
79891  48.838  -19.847  19.635 0.3333329856
79880  50.451  -19.811  20.594 0.3333329856
79852  50.423  -20.855  21.123 0.3333329856
78652  50.894  -20.995  20.882 0.3333329856
79922  47.264  -20.933  17.613 0.1111110002
79868  51.159  -20.379  20.554 0.3333329856
77514  51.508  -21.055  20.354 0.3333329856
79921  48.285  -20.600  17.627 0.1111110002
78695  47.568  -20.884  16.893 0.1111110002
78650  52.262  -20.607  19.682 0.3333329856
79940  48.323  -20.855  16.806 0.1111110002
79878  52.795  -19.986  19.329 0.3333329856
73813  41.843  -24.905  31.318 0.7777780294
72714  41.822  -25.691  31.723 0.7777780294
71581  41.202  -26.890  32.280 0.7777780294
73845  43.076  -24.744  29.667 0.6666669846
73812  42.753  -24.891  31.226 0.7777780294
73800  42.307  -25.196  31.587 0.7777780294
73828  42.396  -24.780  30.523 0.7777780294
73861  42.793  -24.820  28.648 0.6666669846
73891  41.698  -25.833  26.520 0.4444440007
73878  40.816  -25.850  27.458 0.4444440007
73876  42.621  -25.007  27.552 0.4444440007
73890  42.593  -25.558  26.485 0.2222220004
72803  42.018  -25.948  25.829 0.3333329856
72824  41.488  -26.382  25.299 0.4444440007
79890  49.653  -19.565  19.877 0.3333329856
81036  50.685  -19.470  20.173 0.3333329856
79900  49.920  -19.528  18.931 0.1111110002
79901  48.622  -20.040  18.639 0.2222220004
81027  50.920  -19.690  20.371 0.3333329856
79920  49.429  -20.042  17.785 0.2222220004
81025  51.767  -19.732  19.924 0.3333329856
78651  51.664  -20.681  20.192 0.3333329856
69446  38.485  -28.467  28.945 0.4444440007
72716  40.447  -26.049  31.989 0.5555559993
69431  38.547  -28.250  30.015 0.3333329856
73829  41.317  -24.876  30.505 0.7777780294
73802  40.996  -25.588  31.857 0.7777780294
73846  42.016  -24.815  29.533 0.7777780294
73847  40.863  -25.152  29.348 0.6666669846
72754  40.174  -25.736  28.694 0.5555559993
72755  39.522  -25.993  29.029 0.5555559993
73862  41.751  -24.991  28.409 0.6666669846
73863  40.861  -25.467  28.172 0.4444440007
72766  40.251  -25.996  27.812 0.3333329856
73877  41.616  -25.516  27.350 0.4444440007
72784  40.442  -26.338  27.096 0.4444440007
81045  50.557  -19.363  19.693 0.3333329856
81055  50.359  -19.424  19.369 0.3333329856
79938  50.188  -20.399  17.008 0.3333329856
79939  49.121  -20.678  16.984 0.2222220004
70504  38.684  -27.353  29.991 0.5555559993
70491  38.786  -27.506  30.730 0.5555559993
72730  39.737  -26.056  31.150 0.5555559993
72717  39.887  -26.379  31.772 0.5555559993
73814  40.824  -25.281  31.448 0.5555559993
72729  40.333  -25.704  31.476 0.5555559993
73848  40.044  -25.585  29.547 0.4444440007
81054  50.817  -19.428  19.234 0.3333329856
79963  54.227  -19.242  14.094 0.2222220004
72731  39.220  -26.479  30.793 0.5555559993
71628  38.949  -26.848  30.449 0.5555559993
73830  40.292  -25.349  30.514 0.5555559993
72742  39.567  -25.877  30.014 0.4444440007
72743  39.206  -26.376  30.256 0.4444440007
81113  54.895  -18.754  13.593 0.3333329856
31274  14.410  -62.542  38.604 0.1111110002
33367  14.372  -60.793  38.824 0.3333329856
34376  14.916  -59.647  38.698 0.3333329856
29079  14.295  -63.888  37.249 0.1111110002
29080  13.522  -63.574  37.238 0.1111110002
36654  14.514  -58.398  38.652 0.3333329856
30202  14.400  -63.363  36.386 0.1111110002
33353  13.620  -60.660  38.935 0.2222220004
36664  15.057  -58.046  38.313 0.3333329856
29058  13.444  -63.385  38.099 0.1111110002
29069  13.011  -63.313  37.897 0.1111110002
30176  12.963  -63.317  37.503 0.1111110002
34377  14.280  -59.848  38.783 0.3333329856
31303  13.632  -62.375  36.281 0.1111110002
38915  13.608  -56.098  38.409 0.1111110002
35465  13.959  -58.887  38.882 0.2222220004
37812  13.446  -56.791  39.425 0.2222220004
79889  52.990  -19.505  19.220 0.3333329856
81042  52.717  -19.247  19.268 0.3333329856
79867  52.022  -20.215  19.767 0.3333329856
79879  52.258  -19.756  19.586 0.3333329856
81051  53.179  -19.086  18.581 0.3333329856
81034  51.994  -19.552  19.640 0.3333329856
79919  50.652  -19.771  17.853 0.1111110002
81026  51.318  -19.799  20.206 0.3333329856
81044  51.088  -19.314  19.569 0.3333329856
81043  51.908  -19.242  19.455 0.3333329856
79899  51.104  -19.514  18.616 0.1111110002
31280  7.158  -61.629  38.474 0.1111110002
29062  8.270  -62.474  37.606 0.1111110002
32339  6.847  -60.857  39.034 0.1111110002
30191  8.784  -62.752  36.860 0.1111110002
30189  11.276  -62.503  37.452 0.1111110002
30168  9.410  -62.502  38.073 0.1111110002
33381  12.046  -60.486  35.955 0.1111110002
33366  14.977  -60.891  38.619 0.3333329856
32343  15.765  -61.886  38.080 0.2222220004
30178  11.365  -62.616  37.720 0.1111110002
30167  10.234  -62.516  38.030 0.1111110002
31276  9.789  -62.328  38.217 0.1111110002
32338  7.488  -60.602  39.397 0.1111110002
33349  7.539  -60.023  39.701 0.1111110002
32369  12.584  -61.288  36.142 0.1111110002
32357  12.889  -61.841  36.261 0.1111110002
31275  13.758  -62.672  38.844 0.1111110002
29068  13.756  -63.606  37.731 0.1111110002
30186  13.835  -63.289  36.675 0.1111110002
33378  14.863  -60.462  35.073 0.1111110002
30159  12.048  -62.603  38.495 0.1111110002
31263  12.491  -62.242  39.018 0.1111110002
36669  16.030  -58.402  37.397 0.3333329856
31261  13.979  -62.187  38.893 0.1111110002
34380  11.511  -59.542  39.352 0.1111110002
34382  9.852  -59.737  39.829 0.1111110002
37818  14.418  -57.656  38.619 0.3333329856
37827  14.093  -56.645  37.958 0.1111110002
37819  13.984  -56.890  38.739 0.3333329856
38908  13.508  -56.187  39.079 0.1111110002
35466  13.106  -58.694  39.252 0.1111110002
37813  12.857  -56.628  40.027 0.1111110002
46846  19.130  -48.753  31.263 0.1111110002
53770  22.752  -43.525  30.360 0.1111110002
54776  24.064  -42.133  28.638 0.1111110002
73824  45.638  -24.979  29.780 0.6666669846
70500  44.956  -27.137  29.644 0.5555559993
76228  47.097  -23.579  25.221 0.5555559993
76246  46.922  -23.390  24.156 0.5555559993
77508  48.700  -21.636  22.333 0.3333329856
77491  48.293  -22.609  22.892 0.4444440007
76271  47.856  -22.955  23.587 0.4444440007
73941  46.201  -24.373  22.399 0.3333329856
73949  46.281  -24.415  22.086 0.3333329856
73825  44.954  -24.685  29.927 0.7777780294
73950  45.987  -24.762  21.667 0.1111110002
78656  47.408  -21.350  20.854 0.4444440007
75087  46.262  -23.340  20.574 0.2222220004
75072  46.186  -24.449  20.959 0.1111110002
72908  45.493  -25.647  20.281 0.1111110002
75024  45.553  -24.295  25.653 0.4444440007
73933  44.008  -25.552  23.941 0.1111110002
72880  42.847  -26.825  22.357 0.2222220004
77545  45.485  -22.244  18.492 0.1111110002
73888  44.368  -24.629  27.116 0.4444440007
72804  41.257  -26.222  26.093 0.4444440007
73799  42.893  -25.111  31.433 0.7777780294
81037  50.194  -19.439  20.008 0.3333329856
78662  52.714  -20.498  19.462 0.3333329856
77513  52.020  -21.196  19.835 0.2222220004
81033  52.582  -19.524  19.422 0.3333329856
73801  41.505  -25.394  31.702 0.7777780294
72715  41.169  -25.840  31.971 0.7777780294
72783  41.064  -26.056  26.836 0.4444440007
81035  51.365  -19.426  19.984 0.3333329856
72767  39.660  -26.246  28.122 0.4444440007
72756  39.143  -26.376  29.385 0.5555559993
81041  53.331  -19.368  18.740 0.3333329856
81052  52.442  -19.024  18.864 0.3333329856
81053  51.650  -19.229  18.894 0.3333329856
79898  51.571  -19.396  18.552 0.1111110002
47950  27.247  -47.763  35.334 0.1111110002
46804  28.674  -47.901  35.564 0.2222220004
47933  28.017  -48.046  36.281 0.2222220004
47967  28.355  -47.876  34.736 0.1111110002
47968  27.184  -47.524  34.209 0.1111110002
47989  27.013  -47.414  33.103 0.1111110002
46785  29.175  -47.942  35.962 0.2222220004
46784  29.863  -48.047  35.614 0.2222220004
46803  29.263  -48.004  35.138 0.2222220004
47966  29.132  -47.961  34.588 0.2222220004
47987  29.320  -47.770  33.891 0.1111110002
48013  28.817  -47.495  32.669 0.1111110002
47988  28.042  -47.741  33.475 0.1111110002
48014  27.696  -47.505  32.381 0.1111110002
46783  30.443  -47.828  35.261 0.2222220004
46802  29.990  -48.030  34.955 0.2222220004
46822  29.983  -47.911  34.262 0.1111110002
46823  29.580  -48.007  34.589 0.1111110002
47986  30.544  -47.562  33.721 0.2222220004
45704  31.242  -47.977  35.216 0.3333329856
46801  30.735  -47.773  34.777 0.3333329856
45695  30.612  -47.688  35.373 0.3333329856
46821  31.004  -47.498  34.007 0.2222220004
46819  32.901  -47.863  33.984 0.3333329856
46799  32.276  -47.654  34.586 0.3333329856
46782  31.384  -47.607  35.191 0.3333329856
46837  32.613  -47.598  33.705 0.2222220004
46820  32.067  -47.474  34.128 0.2222220004
45713  31.675  -47.722  34.838 0.3333329856
48010  32.373  -47.388  33.173 0.2222220004
47984  32.205  -47.424  33.677 0.2222220004
46800  31.511  -47.647  34.622 0.3333329856
47985  31.573  -47.400  33.696 0.2222220004
48037  32.856  -46.846  32.468 0.2222220004
46764  32.478  -47.360  35.174 0.4444440007
46798  33.378  -47.866  34.309 0.3333329856
46780  32.951  -47.471  34.771 0.4444440007
46836  33.206  -47.764  33.471 0.2222220004
47948  32.916  -47.180  35.082 0.4444440007
47931  32.608  -46.868  35.398 0.4444440007
46778  34.589  -47.343  34.231 0.4444440007
46797  34.296  -47.785  34.107 0.4444440007
46779  33.939  -47.448  34.500 0.4444440007
50515  36.821  -45.283  33.904 0.6666669846
46817  34.640  -47.662  33.601 0.3333329856
50514  37.626  -45.191  33.274 0.5555559993
46835  34.099  -47.656  33.286 0.2222220004
49271  37.675  -46.051  33.401 0.4444440007
46834  35.030  -47.427  33.125 0.2222220004
48009  33.472  -47.378  32.908 0.2222220004
47982  38.059  -46.979  33.088 0.3333329856
47946  34.661  -46.902  34.533 0.4444440007
51617  36.329  -44.370  34.395 0.6666669846
47965  34.955  -47.085  34.160 0.4444440007
47945  35.152  -46.557  34.442 0.5555559993
50507  36.155  -44.960  34.467 0.5555559993
49273  36.213  -46.356  34.058 0.5555559993
47964  35.570  -46.837  34.096 0.5555559993
46796  35.051  -47.289  33.819 0.4444440007
49272  36.848  -46.145  33.767 0.5555559993
46815  36.428  -47.626  33.197 0.4444440007
47962  37.359  -46.535  33.472 0.4444440007
46814  37.305  -47.540  33.020 0.3333329856
53744  41.794  -41.646  30.847 0.5555559993
53767  42.076  -42.001  30.608 0.4444440007
59302  36.746  -38.765  33.196 0.5555559993
59312  37.419  -38.449  32.975 0.4444440007
59322  38.147  -37.965  32.541 0.3333329856
67172  40.911  -30.743  33.928 0.6666669846
65042  40.296  -32.286  32.919 0.4444440007
65062  39.736  -32.367  31.130 0.4444440007
66083  41.160  -31.657  33.809 0.5555559993
66141  39.359  -31.733  30.908 0.3333329856
65072  39.370  -32.415  30.201 0.3333329856
65080  38.967  -32.400  29.255 0.2222220004
67173  40.446  -30.580  33.581 0.5555559993
68320  40.798  -29.449  33.799 0.5555559993
64000  42.922  -33.719  28.788 0.4444440007
66126  39.519  -31.433  31.628 0.3333329856
66109  39.876  -31.352  32.520 0.3333329856
67212  39.189  -30.828  31.535 0.3333329856
66084  40.666  -31.434  33.593 0.3333329856
66097  40.242  -31.337  33.237 0.3333329856
67185  39.926  -30.441  33.029 0.3333329856
67196  39.372  -30.370  32.101 0.3333329856
71639  38.843  -26.847  29.586 0.4444440007
72785  39.889  -26.577  27.318 0.2222220004
72805  40.615  -26.499  26.371 0.3333329856
68387  42.083  -29.485  28.768 0.6666669846
67253  42.261  -30.461  28.138 0.4444440007
68400  42.232  -29.411  27.717 0.5555559993
67261  42.215  -30.370  27.038 0.4444440007
79937  51.452  -20.027  16.844 0.1111110002
79947  51.556  -20.617  15.900 0.1111110002
79946  52.518  -20.079  15.896 0.1111110002
79955  53.701  -19.593  14.966 0.1111110002
79956  52.742  -20.521  14.851 0.1111110002
79964  53.705  -19.924  13.546 0.1111110002
79971  54.261  -19.346  13.004 0.1111110002
87131  55.916  -12.457  0.751 0.1111110002
87116  56.014  -12.351  1.428 0.1111110002
47983  37.248  -47.207  33.250 0.4444440007
48007  35.429  -47.267  32.516 0.2222220004
48008  34.470  -47.224  32.763 0.2222220004
46794  36.778  -47.324  33.307 0.4444440007
46795  36.048  -47.279  33.578 0.4444440007
46816  35.535  -47.504  33.377 0.2222220004
46833  35.925  -47.640  32.862 0.2222220004
46781  32.105  -47.708  35.091 0.3333329856
49255  36.196  -45.680  34.256 0.5555559993
65079  39.253  -32.932  29.653 0.3333329856
68321  40.243  -29.578  33.508 0.4444440007
65073  39.072  -31.850  29.863 0.3333329856
72806  40.119  -26.860  26.564 0.2222220004
47949  28.053  -47.825  35.764 0.1111110002
48012  29.998  -47.321  32.895 0.1111110002
46818  33.783  -48.030  33.779 0.2222220004
59335  38.050  -37.772  31.652 0.1111110002
40062  19.260  -54.431  33.197 0.2222220004
38983  19.786  -55.083  32.401 0.3333329856
38994  19.325  -55.830  31.868 0.3333329856
40061  20.087  -54.538  33.960 0.2222220004
38982  20.507  -54.944  33.031 0.2222220004
39002  20.172  -56.357  31.654 0.2222220004
36728  20.270  -58.171  32.043 0.2222220004
40042  19.356  -54.201  34.611 0.2222220004
38993  20.519  -55.685  32.060 0.2222220004
37907  21.155  -56.702  31.775 0.1111110002
40041  20.471  -54.381  34.979 0.2222220004
38992  21.155  -55.645  32.647 0.1111110002
37890  21.240  -56.049  32.202 0.2222220004
38970  20.817  -54.908  34.040 0.2222220004
37881  22.092  -55.914  33.898 0.1111110002
38969  21.615  -55.267  34.782 0.2222220004
38954  22.417  -55.636  35.413 0.1111110002
40077  18.576  -54.966  32.439 0.3333329856
40063  17.985  -54.399  33.228 0.3333329856
40043  18.310  -54.095  34.302 0.2222220004
40021  20.373  -54.247  36.158 0.2222220004
40040  21.130  -54.565  35.707 0.2222220004
38955  21.802  -55.012  36.177 0.2222220004
38943  22.136  -54.873  37.065 0.2222220004
37858  23.246  -56.008  35.490 0.2222220004
40064  16.901  -54.658  33.186 0.3333329856
40078  17.741  -55.057  32.683 0.3333329856
38995  18.165  -55.804  32.262 0.3333329856
37892  18.681  -56.780  32.076 0.3333329856
40022  19.493  -54.099  35.788 0.1111110002
40009  18.730  -53.759  36.564 0.2222220004
40023  18.542  -53.915  35.440 0.2222220004
39997  19.169  -53.744  37.346 0.2222220004
40020  21.061  -54.441  36.463 0.2222220004
39995  20.763  -54.129  37.731 0.1111110002
39981  21.830  -53.792  37.946 0.2222220004
39994  21.698  -54.303  37.602 0.2222220004
40006  21.338  -54.498  37.067 0.2222220004
39980  22.671  -53.955  37.771 0.2222220004
39993  22.431  -54.391  37.602 0.2222220004
40044  17.263  -54.048  34.117 0.2222220004
40024  17.510  -53.728  35.200 0.2222220004
40010  18.003  -53.489  35.987 0.2222220004
41229  17.138  -53.039  35.965 0.2222220004
40008  19.629  -54.080  36.818 0.1111110002
41213  19.277  -53.387  37.839 0.1111110002
41214  18.672  -53.199  37.481 0.1111110002
39996  19.867  -53.832  37.692 0.1111110002
39983  20.347  -53.623  38.206 0.1111110002
41200  22.105  -53.250  38.075 0.2222220004
42327  22.344  -52.727  38.053 0.2222220004
46758  20.905  -48.504  37.378 0.3333329856
45687  21.677  -50.105  36.667 0.3333329856
38984  16.398  -55.563  33.211 0.3333329856
38996  17.263  -55.673  32.738 0.3333329856
40045  16.208  -53.964  34.085 0.2222220004
41203  19.714  -53.022  38.434 0.1111110002
41204  19.111  -52.879  38.118 0.1111110002
42329  19.617  -52.448  38.869 0.1111110002
42340  18.736  -52.378  38.004 0.3333329856
41202  20.408  -53.029  38.691 0.2222220004
41188  20.417  -52.247  39.335 0.2222220004
42328  21.752  -52.568  38.427 0.4444440007
43438  22.051  -51.533  38.238 0.4444440007
43427  22.123  -51.820  38.253 0.3333329856
47908  20.598  -47.886  38.584 0.3333329856
46746  20.640  -48.643  38.398 0.3333329856
43437  22.430  -51.900  37.944 0.3333329856
46745  20.830  -48.330  37.918 0.3333329856
46759  20.716  -49.036  37.880 0.3333329856
45688  21.102  -49.607  37.328 0.3333329856
40065  15.863  -54.748  33.485 0.2222220004
38985  15.573  -55.567  33.616 0.3333329856
41189  19.851  -52.381  39.169 0.2222220004
42315  19.579  -52.138  39.086 0.2222220004
43439  18.912  -51.484  38.454 0.3333329856
41175  20.088  -51.721  39.706 0.3333329856
41176  19.942  -51.903  39.553 0.3333329856
42314  20.721  -52.004  39.377 0.3333329856
42299  20.940  -51.257  39.405 0.3333329856
52674  24.570  -43.930  34.461 0.2222220004
46832  36.817  -47.727  32.666 0.2222220004
42316  19.406  -51.645  39.393 0.3333329856
43430  18.996  -51.092  39.181 0.3333329856
44534  18.773  -50.588  38.967 0.3333329856
42302  19.495  -51.422  39.855 0.3333329856
43420  18.984  -51.188  40.117 0.3333329856
45690  18.801  -49.844  37.498 0.2222220004
42300  20.328  -51.425  39.759 0.4444440007
46773  18.656  -48.894  36.804 0.2222220004
43410  20.229  -50.730  40.223 0.3333329856
52645  23.278  -44.254  35.918 0.3333329856
48004  37.957  -47.491  32.042 0.2222220004
44526  18.626  -50.513  39.805 0.3333329856
44517  18.833  -50.371  40.463 0.3333329856
45683  18.671  -49.760  38.486 0.3333329856
43411  19.741  -50.731  40.658 0.3333329856
46760  18.626  -48.802  37.886 0.3333329856
52646  22.527  -44.306  35.849 0.2222220004
52660  23.018  -43.993  35.197 0.2222220004
52676  22.756  -43.997  34.379 0.1111110002
52677  21.889  -43.980  34.331 0.1111110002
52678  21.130  -44.413  34.258 0.2222220004
48003  38.487  -47.311  32.243 0.1111110002
48031  38.590  -47.146  31.537 0.1111110002
45676  18.570  -49.731  39.371 0.3333329856
45669  18.606  -49.654  40.049 0.3333329856
46747  18.523  -48.831  38.877 0.3333329856
46736  18.591  -48.994  39.588 0.3333329856
49270  38.302  -45.690  32.927 0.2222220004
47981  39.075  -46.475  32.529 0.2222220004
53702  32.286  -42.866  33.807 0.5555559993
54711  32.325  -43.069  34.361 0.5555559993
53704  30.915  -43.818  34.466 0.3333329856
55722  33.778  -41.716  33.261 0.3333329856
54717  32.914  -42.407  33.444 0.2222220004
53709  32.233  -42.642  33.353 0.4444440007
55736  33.986  -41.288  32.433 0.3333329856
56923  34.859  -40.389  31.860 0.2222220004
51626  38.430  -44.851  32.575 0.4444440007
49285  38.978  -45.980  32.610 0.3333329856
53694  32.591  -43.088  34.775 0.5555559993
54710  33.003  -42.688  34.266 0.5555559993
54704  32.673  -42.985  34.604 0.4444440007
55706  34.356  -41.413  33.910 0.5555559993
55707  33.741  -41.883  33.864 0.5555559993
55720  34.860  -40.253  33.021 0.5555559993
55721  34.519  -40.887  33.234 0.4444440007
56922  35.220  -39.978  32.415 0.3333329856
55735  34.694  -40.513  32.528 0.3333329856
58144  35.926  -39.779  31.961 0.3333329856
52667  37.102  -43.289  33.482 0.5555559993
58163  35.847  -39.614  30.890 0.2222220004
58194  35.175  -39.090  29.404 0.1111110002
53727  38.459  -42.350  31.942 0.6666669846
56843  34.737  -41.254  34.235 0.5555559993
55691  33.618  -42.337  34.440 0.5555559993
56871  34.920  -40.837  33.832 0.5555559993
58124  35.699  -39.474  32.751 0.4444440007
55734  34.969  -40.060  32.791 0.3333329856
58143  36.469  -39.281  32.404 0.3333329856
58123  36.194  -39.028  33.004 0.2222220004
53725  41.328  -41.277  31.161 0.4444440007
59323  37.497  -38.316  32.182 0.2222220004
72889  46.995  -25.600  21.534 0.1111110002
75103  47.815  -23.874  18.911 0.1111110002
62889  39.407  -33.915  28.814 0.1111110002
72782  47.762  -26.250  26.572 0.2222220004
71656  47.659  -26.729  27.046 0.2222220004
71646  47.248  -26.888  27.722 0.2222220004
71667  48.009  -25.792  25.876 0.2222220004
70553  47.821  -27.496  26.647 0.2222220004
72857  48.249  -25.642  23.832 0.1111110002
72821  48.433  -25.851  25.330 0.2222220004
73930  48.372  -24.916  23.214 0.1111110002
75069  47.804  -24.029  21.076 0.1111110002
73947  47.617  -24.692  21.713 0.1111110002
72858  47.690  -26.048  23.262 0.1111110002
75085  47.850  -23.944  20.040 0.1111110002
75070  47.564  -24.390  20.639 0.1111110002
75102  48.610  -23.223  18.688 0.1111110002
72739  46.408  -25.849  29.165 0.4444440007
71626  45.692  -26.208  29.570 0.4444440007
70499  45.616  -26.980  29.312 0.4444440007
73840  46.732  -25.541  28.446 0.4444440007
71625  46.277  -26.376  29.159 0.4444440007
73857  47.156  -25.508  27.532 0.4444440007
73839  46.941  -25.747  28.079 0.4444440007
72753  46.753  -26.003  28.658 0.4444440007
70498  46.161  -26.858  29.009 0.4444440007
69427  45.484  -27.515  28.973 0.4444440007
69456  44.327  -28.151  28.013 0.4444440007
73856  47.401  -25.215  26.936 0.4444440007
72752  46.989  -26.124  28.116 0.3333329856
75010  48.532  -24.092  25.602 0.3333329856
73873  47.880  -25.034  26.290 0.3333329856
72765  47.456  -26.117  27.378 0.3333329856
75022  48.868  -24.279  24.921 0.2222220004
73887  48.298  -24.810  25.975 0.2222220004
75051  49.135  -23.075  23.301 0.1111110002
75034  48.793  -24.031  24.372 0.2222220004
72820  48.644  -25.409  25.350 0.2222220004
75052  49.023  -23.592  23.171 0.1111110002
76310  49.415  -22.817  21.070 0.1111110002
75059  48.681  -23.718  21.923 0.1111110002
73939  48.683  -24.324  22.925 0.1111110002
76329  50.238  -22.297  20.290 0.2222220004
75068  48.600  -23.360  20.662 0.1111110002
63989  39.677  -33.370  29.794 0.1111110002
74985  46.487  -24.606  27.829 0.4444440007
73823  46.167  -25.273  29.377 0.4444440007
69428  44.720  -27.580  29.317 0.4444440007
74970  46.582  -25.001  28.383 0.4444440007
74998  47.452  -24.428  26.364 0.4444440007
73858  46.884  -25.354  27.903 0.4444440007
69472  43.541  -28.369  27.467 0.4444440007
69473  42.782  -28.653  27.562 0.3333329856
69490  43.579  -28.615  26.742 0.3333329856
68416  42.677  -29.255  26.541 0.3333329856
76201  47.934  -23.870  26.023 0.4444440007
76242  49.019  -23.161  24.327 0.2222220004
76268  49.159  -22.670  23.182 0.1111110002
75021  48.998  -23.968  24.986 0.2222220004
76269  49.232  -23.029  22.688 0.1111110002
76308  50.446  -21.736  21.244 0.2222220004
76290  49.887  -22.125  22.057 0.2222220004
76328  51.216  -21.671  20.281 0.2222220004
62903  43.074  -34.804  28.467 0.2222220004
62920  42.963  -34.789  27.562 0.3333329856
73842  46.120  -24.965  29.381 0.4444440007
66166  42.472  -31.510  27.470 0.3333329856
64011  42.851  -33.670  27.569 0.3333329856
74999  46.967  -24.391  26.784 0.4444440007
76202  47.575  -23.768  25.912 0.4444440007
74984  46.902  -24.947  27.443 0.4444440007
76225  48.439  -23.632  24.903 0.4444440007
76213  48.056  -23.726  25.769 0.4444440007
77488  49.600  -21.916  22.500 0.3333329856
77462  49.087  -22.502  23.353 0.3333329856
77507  50.252  -21.797  21.889 0.2222220004
65090  42.732  -32.045  27.954 0.3333329856
65089  42.837  -32.663  28.351 0.4444440007
76203  47.225  -23.905  26.172 0.4444440007
76215  47.208  -23.859  25.946 0.4444440007
76244  47.974  -23.202  24.645 0.4444440007
76245  47.630  -23.231  24.527 0.4444440007
77441  48.324  -22.998  24.259 0.4444440007
82418  56.557  -18.522  5.340 0.1111110002
82430  56.426  -18.718  4.428 0.1111110002
36747  20.181  -57.821  31.883 0.2222220004
37908  20.123  -57.199  31.595 0.2222220004
35535  20.559  -58.958  32.348 0.2222220004
36729  19.481  -57.962  32.281 0.3333329856
35548  21.798  -58.727  31.800 0.2222220004
45689  20.873  -49.546  37.941 0.3333329856
44550  22.299  -51.440  37.749 0.3333329856
53696  31.039  -44.132  34.897 0.4444440007
55690  34.372  -41.778  34.557 0.5555559993
50513  38.195  -45.135  32.799 0.4444440007
56842  35.237  -40.973  34.399 0.4444440007
56870  35.618  -40.114  33.580 0.4444440007
58111  35.752  -39.452  33.157 0.5555559993
61690  40.347  -35.497  29.630 0.1111110002
66156  42.649  -31.494  28.502 0.4444440007
43445  22.707  -52.122  37.379 0.3333329856
45663  18.943  -49.499  40.447 0.3333329856
42312  21.940  -52.097  38.404 0.4444440007
58162  36.698  -39.303  31.285 0.2222220004
63990  39.311  -33.424  29.243 0.1111110002
69429  44.230  -27.640  29.550 0.4444440007
49286  38.416  -46.266  32.903 0.2222220004
46830  37.969  -47.467  32.376 0.2222220004
46813  37.877  -47.412  32.633 0.2222220004
59313  36.895  -38.779  32.689 0.2222220004
37891  19.402  -56.875  31.710 0.3333329856
36746  20.898  -57.974  31.798 0.2222220004
37906  21.896  -56.839  32.002 0.1111110002
38981  21.394  -55.459  33.485 0.1111110002
37871  22.146  -55.779  34.521 0.1111110002
40007  20.475  -54.252  37.044 0.2222220004
39982  21.013  -53.761  38.264 0.2222220004
41201  21.186  -52.896  38.650 0.2222220004
42354  18.315  -52.504  37.211 0.1111110002
42330  19.276  -52.160  38.702 0.2222220004
42313  21.249  -51.924  39.064 0.4444440007
44543  18.815  -50.739  38.058 0.3333329856
42292  19.368  -51.238  40.313 0.3333329856
42290  20.022  -51.058  40.401 0.3333329856
43412  19.232  -50.930  40.668 0.4444440007
48032  37.704  -47.118  31.414 0.1111110002
52661  22.055  -44.145  35.254 0.1111110002
51619  21.292  -44.488  35.599 0.1111110002
50522  38.883  -45.315  32.528 0.4444440007
56898  34.992  -40.328  33.365 0.4444440007
56897  35.184  -39.800  33.047 0.4444440007
72876  47.302  -25.982  22.552 0.1111110002
73948  47.385  -24.776  20.924 0.1111110002
75084  48.553  -23.263  19.602 0.1111110002
73962  47.574  -24.275  19.559 0.1111110002
72802  47.865  -25.863  26.007 0.2222220004
72781  48.042  -25.497  25.979 0.2222220004
71668  47.902  -26.299  26.133 0.2222220004
72801  48.188  -25.455  25.856 0.2222220004
71679  48.204  -25.818  25.653 0.2222220004
73929  48.705  -24.638  23.869 0.1111110002
72856  48.700  -25.251  24.483 0.2222220004
72839  48.521  -25.824  24.823 0.1111110002
72838  48.820  -25.340  24.909 0.2222220004
71680  48.110  -26.413  25.351 0.2222220004
70563  47.954  -27.424  25.807 0.2222220004
72875  47.894  -25.390  22.942 0.1111110002
71704  47.762  -26.321  23.683 0.1111110002
71689  47.838  -26.669  24.350 0.1111110002
75060  48.067  -24.230  21.819 0.1111110002
75086  47.653  -24.224  20.464 0.1111110002
72888  47.570  -25.225  22.262 0.1111110002
71705  47.180  -26.882  23.287 0.1111110002
73822  46.461  -25.417  29.049 0.4444440007
74969  46.756  -25.241  28.087 0.4444440007
74983  47.366  -24.912  26.842 0.4444440007
71638  46.612  -26.559  28.617 0.3333329856
69426  46.056  -27.496  28.694 0.4444440007
69442  45.338  -27.976  28.385 0.4444440007
72764  47.541  -25.536  26.763 0.3333329856
74982  47.831  -25.165  26.585 0.4444440007
74997  48.038  -24.441  26.062 0.4444440007
71637  46.885  -26.678  28.107 0.3333329856
76200  48.492  -24.228  25.960 0.4444440007
76211  49.066  -23.599  25.878 0.4444440007
73900  48.849  -24.993  25.484 0.2222220004
75033  48.909  -23.329  23.919 0.1111110002
73913  48.829  -24.798  24.863 0.2222220004
76291  49.379  -22.947  21.862 0.1111110002
76309  50.146  -22.221  21.212 0.1111110002
77525  51.399  -21.303  20.335 0.2222220004
73940  48.123  -24.606  22.437 0.1111110002
76330  49.318  -22.704  20.060 0.1111110002
73841  46.416  -25.111  29.023 0.4444440007
69491  43.082  -28.660  27.065 0.4444440007
67271  42.219  -30.374  25.985 0.3333329856
76212  48.513  -23.879  25.486 0.4444440007
76224  48.637  -23.930  25.228 0.3333329856
65102  42.734  -32.597  27.556 0.3333329856
64012  42.734  -33.008  27.046 0.3333329856
76214  47.757  -23.776  25.726 0.4444440007
76243  48.747  -23.153  24.117 0.4444440007
76226  47.846  -23.149  24.979 0.4444440007
76227  47.677  -23.510  25.214 0.4444440007
52683  38.684  -43.938  31.861 0.5555559993
51637  38.803  -44.432  32.172 0.4444440007
52702  39.225  -43.607  31.565 0.3333329856
51647  39.422  -44.386  31.855 0.4444440007
51646  40.081  -44.571  31.733 0.3333329856
51645  40.735  -44.337  31.227 0.3333329856
52713  39.576  -42.490  31.278 0.3333329856
52701  40.356  -43.889  31.247 0.3333329856
52700  40.725  -43.999  31.091 0.3333329856
58295  49.215  -38.395  22.825 0.1111110002
58314  49.421  -38.603  21.981 0.1111110002
52712  40.176  -42.988  30.880 0.3333329856
59431  48.360  -36.776  24.764 0.1111110002
59432  47.888  -36.869  24.547 0.1111110002
60603  47.794  -36.213  24.470 0.1111110002
58253  48.825  -38.198  24.402 0.1111110002
58236  47.931  -37.507  24.567 0.1111110002
58237  47.656  -37.409  24.393 0.1111110002
60622  47.496  -36.285  24.096 0.1111110002
58273  49.072  -38.472  23.684 0.1111110002
59449  47.513  -37.130  24.192 0.1111110002
58272  49.944  -38.236  23.361 0.1111110002
59450  47.336  -37.639  24.014 0.1111110002
60623  47.136  -36.340  23.643 0.1111110002
52725  41.439  -42.937  30.538 0.3333329856
60585  48.186  -35.881  24.900 0.1111110002
61749  47.960  -34.869  25.327 0.1111110002
59448  48.536  -37.515  24.629 0.1111110002
61764  47.787  -35.220  24.779 0.1111110002
62965  47.383  -34.581  24.877 0.1111110002
61782  47.165  -35.244  23.968 0.1111110002
62982  46.671  -34.240  23.972 0.1111110002
53768  41.667  -42.611  30.555 0.3333329856
62951  47.062  -34.005  25.313 0.1111110002
65119  46.483  -32.786  25.653 0.1111110002
64035  46.736  -33.440  25.163 0.1111110002
59447  49.274  -37.432  24.613 0.1111110002
65130  46.009  -32.401  24.564 0.1111110002
66198  45.434  -31.534  24.280 0.1111110002
60565  48.341  -35.178  25.485 0.1111110002
62919  47.951  -34.064  26.224 0.1111110002
64046  46.381  -33.414  24.355 0.1111110002
65141  45.541  -32.400  23.797 0.1111110002
65142  45.045  -32.144  23.266 0.1111110002
64010  46.962  -32.898  26.696 0.1111110002
65111  46.596  -32.534  26.362 0.1111110002
66176  46.442  -31.742  26.639 0.1111110002
67260  45.854  -30.373  26.636 0.1111110002
52731  42.317  -43.167  29.775 0.2222220004
64009  47.541  -33.446  26.525 0.1111110002
67270  45.582  -30.503  25.731 0.1111110002
67279  45.402  -30.672  24.797 0.1111110002
62900  48.027  -33.709  26.431 0.1111110002
68434  44.954  -30.180  24.343 0.1111110002
68372  46.035  -28.632  28.102 0.1111110002
68386  46.074  -28.844  27.820 0.1111110002
66154  47.164  -31.362  27.525 0.1111110002
66164  46.727  -31.328  27.248 0.1111110002
67259  46.369  -30.353  27.246 0.1111110002
68385  46.619  -29.279  27.892 0.1111110002
68399  45.842  -29.407  27.143 0.1111110002
68413  45.280  -29.538  26.230 0.1111110002
67250  47.409  -30.559  27.287 0.1111110002
68414  44.552  -29.084  25.825 0.2222220004
62901  47.886  -33.572  26.539 0.1111110002
63998  47.734  -33.047  26.740 0.1111110002
66152  47.501  -31.562  27.059 0.1111110002
68424  44.965  -29.728  25.149 0.1111110002
68435  44.197  -29.796  24.397 0.1111110002
69441  46.070  -28.064  28.318 0.2222220004
67240  46.888  -29.518  27.922 0.1111110002
68370  46.885  -29.011  28.033 0.1111110002
69489  44.381  -28.683  26.421 0.2222220004
68415  43.648  -28.957  26.004 0.2222220004
67238  47.087  -29.713  27.780 0.1111110002
67251  47.151  -30.513  27.610 0.1111110002
68426  43.035  -29.370  25.465 0.1111110002
69454  47.408  -28.508  27.501 0.1111110002
69469  47.720  -28.498  26.948 0.1111110002
68412  47.759  -29.442  26.446 0.1111110002
67258  47.626  -30.556  26.562 0.1111110002
68397  47.568  -29.479  27.132 0.1111110002
69487  47.866  -28.405  26.236 0.1111110002
69497  47.848  -28.302  25.621 0.1111110002
70513  46.504  -27.452  28.409 0.2222220004
69440  46.515  -28.213  28.156 0.1111110002
69439  47.196  -28.273  27.920 0.1111110002
66187  42.044  -31.302  25.343 0.1111110002
70538  47.551  -27.642  27.324 0.1111110002
66178  42.257  -31.358  26.393 0.2222220004
65112  42.535  -32.359  26.757 0.1111110002
70512  46.856  -27.267  28.061 0.2222220004
64036  42.135  -33.305  25.243 0.1111110002
65131  41.941  -32.298  24.728 0.1111110002
61766  41.978  -35.113  24.975 0.1111110002
59451  41.566  -36.414  25.093 0.1111110002
58238  40.990  -38.212  25.119 0.1111110002
57034  40.492  -39.380  25.287 0.1111110002
59453  40.926  -37.579  24.239 0.1111110002
58239  40.576  -38.794  24.712 0.1111110002
58204  42.275  -38.390  28.474 0.2222220004
56993  41.387  -39.227  27.546 0.2222220004
64025  42.524  -33.443  26.387 0.1111110002
58216  41.377  -38.444  27.130 0.2222220004
62952  42.230  -34.294  25.588 0.1111110002
60604  41.722  -35.887  25.429 0.1111110002
59433  41.619  -36.739  25.634 0.1111110002
57033  40.794  -38.842  25.942 0.1111110002
59434  41.436  -37.491  25.499 0.1111110002
59382  42.654  -37.543  28.769 0.2222220004
58215  41.804  -38.251  27.800 0.2222220004
61735  42.683  -35.200  27.235 0.1111110002
60548  42.321  -36.330  27.360 0.1111110002
58226  41.729  -37.778  27.084 0.2222220004
62937  42.472  -34.497  26.387 0.1111110002
60586  41.842  -35.989  26.219 0.1111110002
58227  41.440  -38.070  26.241 0.1111110002
61750  42.056  -35.167  25.892 0.1111110002
59416  41.622  -37.327  25.982 0.1111110002
77464  48.299  -22.879  23.936 0.3333329856
77463  48.799  -22.827  23.620 0.3333329856
61688  42.890  -36.368  28.988 0.2222220004
59383  42.249  -37.692  28.216 0.2222220004
62902  43.007  -35.304  28.952 0.2222220004
60547  42.643  -36.491  28.037 0.1111110002
59399  42.159  -37.227  27.629 0.2222220004
77489  49.175  -21.862  22.993 0.2222220004
78626  48.935  -21.540  22.611 0.2222220004
78641  49.641  -20.989  21.816 0.2222220004
78625  49.577  -21.490  22.249 0.2222220004
78640  49.915  -21.090  21.630 0.2222220004
78728  56.290  -20.441  15.330 0.2222220004
82337  58.306  -17.991  11.985 0.2222220004
78623  49.906  -21.271  21.782 0.2222220004
77506  50.267  -21.537  21.482 0.2222220004
77574  55.730  -21.253  16.671 0.1111110002
81110  57.904  -19.006  12.936 0.2222220004
82316  58.153  -18.185  12.393 0.2222220004
82354  58.386  -17.648  10.871 0.2222220004
83613  58.155  -17.314  8.971 0.2222220004
82393  57.718  -18.207  7.591 0.1111110002
83630  57.804  -17.645  8.288 0.2222220004
77515  50.949  -21.352  20.753 0.1111110002
76344  51.016  -22.068  19.432 0.1111110002
79953  56.443  -19.619  14.597 0.2222220004
78712  55.880  -20.525  16.209 0.2222220004
76345  50.045  -22.396  19.366 0.1111110002
76357  54.647  -21.245  17.369 0.1111110002
76360  52.693  -21.953  18.424 0.1111110002
76361  51.654  -22.119  18.496 0.1111110002
81100  57.164  -18.861  13.874 0.2222220004
79952  56.889  -19.562  13.944 0.2222220004
82294  57.332  -18.358  13.462 0.2222220004
82338  57.783  -17.499  11.811 0.2222220004
82355  57.692  -17.000  10.851 0.2222220004
83590  57.488  -16.825  9.962 0.2222220004
83589  58.186  -17.023  9.944 0.2222220004
83632  57.404  -17.129  8.592 0.2222220004
83614  57.785  -16.892  9.207 0.2222220004
83631  57.821  -17.131  8.510 0.2222220004
83640  57.526  -17.284  8.226 0.1111110002
81181  55.585  -18.720  6.610 0.1111110002
83638  57.649  -17.830  7.886 0.1111110002
77524  51.846  -21.144  19.916 0.1111110002
76327  52.242  -21.261  19.522 0.1111110002
79944  55.901  -19.759  15.653 0.2222220004
77557  54.896  -21.032  17.233 0.1111110002
77542  54.620  -21.055  17.517 0.1111110002
77543  54.337  -20.957  17.877 0.1111110002
76342  52.875  -21.375  19.086 0.1111110002
76341  53.340  -21.262  18.832 0.1111110002
76343  52.009  -21.704  19.260 0.1111110002
82317  57.863  -18.042  12.766 0.2222220004
83591  57.013  -16.918  9.846 0.1111110002
82373  55.975  -17.674  9.086 0.1111110002
81157  55.460  -18.407  8.515 0.1111110002
82395  57.091  -17.512  7.630 0.1111110002
82384  56.741  -17.344  8.710 0.1111110002
82385  56.063  -17.733  8.040 0.1111110002
82396  56.170  -18.066  7.024 0.1111110002
81171  55.550  -18.516  7.500 0.1111110002
82407  56.814  -18.061  6.364 0.1111110002
77523  52.775  -20.971  19.448 0.1111110002
78661  53.176  -20.545  19.191 0.2222220004
76326  52.677  -21.188  19.369 0.1111110002
78693  55.131  -20.410  16.970 0.2222220004
77558  54.679  -20.590  17.450 0.1111110002
81091  56.052  -18.952  15.135 0.2222220004
81102  55.782  -18.488  14.177 0.2222220004
81101  56.528  -18.690  14.234 0.2222220004
82318  57.104  -17.623  12.542 0.2222220004
82296  56.442  -17.930  13.234 0.2222220004
80009  53.954  -19.784  9.459 0.1111110002
82357  56.003  -17.624  10.107 0.1111110002
81147  55.397  -18.327  9.593 0.1111110002
79897  53.951  -19.729  18.136 0.2222220004
79888  53.316  -19.783  18.900 0.2222220004
79877  53.242  -20.141  19.065 0.2222220004
79915  54.717  -19.774  17.314 0.2222220004
79896  54.329  -19.899  17.746 0.2222220004
78670  53.580  -20.286  18.665 0.2222220004
77522  53.225  -20.862  19.184 0.1111110002
77533  53.191  -21.156  19.082 0.1111110002
81082  55.478  -19.244  16.003 0.2222220004
79914  55.046  -20.000  16.944 0.2222220004
78678  54.327  -20.257  17.804 0.2222220004
78669  53.948  -20.619  18.285 0.1111110002
77532  53.612  -20.965  18.734 0.1111110002
82319  56.293  -17.759  12.237 0.2222220004
81112  55.661  -18.293  12.941 0.2222220004
79997  54.105  -19.533  10.759 0.1111110002
81126  55.496  -18.198  11.811 0.2222220004
81139  55.345  -18.173  10.692 0.1111110002
81148  54.795  -19.019  10.144 0.1111110002
79918  51.870  -19.455  18.058 0.1111110002
81050  53.853  -19.122  18.173 0.2222220004
79917  52.471  -19.307  17.782 0.1111110002
79916  54.316  -19.283  17.660 0.2222220004
81069  53.504  -18.961  17.860 0.2222220004
81067  54.776  -19.048  17.137 0.2222220004
81084  54.406  -18.881  16.663 0.2222220004
81083  55.055  -18.895  16.357 0.2222220004
81103  54.574  -18.813  14.770 0.2222220004
81092  55.294  -18.823  15.407 0.2222220004
81127  54.892  -18.789  12.438 0.1111110002
79983  54.149  -19.350  11.883 0.1111110002
81086  53.155  -19.031  17.539 0.1111110002
81085  53.570  -18.997  16.993 0.2222220004
79935  53.207  -19.201  16.822 0.1111110002
81093  54.610  -18.869  15.791 0.2222220004
81094  53.946  -18.972  16.019 0.1111110002
79945  53.288  -19.340  16.309 0.1111110002
81104  54.157  -18.887  15.382 0.2222220004
52723  42.212  -42.686  30.229 0.2222220004
56992  41.849  -39.229  28.186 0.2222220004
61704  42.930  -35.867  28.664 0.2222220004
60527  42.754  -36.700  28.664 0.2222220004
78642  48.977  -21.161  22.205 0.2222220004
81071  52.212  -19.170  18.512 0.2222220004
53745  41.193  -42.079  30.667 0.3333329856
70526  47.216  -27.732  27.739 0.1111110002
69471  44.401  -28.338  27.129 0.2222220004
68427  42.495  -29.800  25.590 0.2222220004
61720  42.830  -35.619  27.750 0.1111110002
64024  42.676  -34.065  26.831 0.2222220004
61781  47.593  -35.624  24.369 0.1111110002
59473  47.364  -36.844  23.916 0.1111110002
59430  48.955  -36.747  24.969 0.1111110002
62950  47.486  -34.455  25.341 0.1111110002
62966  47.005  -34.270  24.597 0.1111110002
61798  46.717  -35.484  23.221 0.1111110002
62983  46.376  -34.085  23.539 0.1111110002
62934  47.594  -34.142  25.933 0.1111110002
61734  47.889  -34.453  25.695 0.1111110002
64023  46.772  -33.381  25.971 0.1111110002
64022  46.930  -33.652  26.111 0.1111110002
62935  47.135  -33.947  25.823 0.1111110002
61719  48.236  -34.591  25.749 0.1111110002
65129  46.446  -32.841  24.990 0.1111110002
65120  46.242  -32.307  25.286 0.1111110002
64047  45.943  -32.905  24.079 0.1111110002
66186  45.871  -31.519  25.264 0.1111110002
67292  45.143  -30.775  24.109 0.1111110002
63999  47.397  -32.721  26.880 0.1111110002
65088  47.108  -32.143  27.168 0.1111110002
65100  46.802  -32.148  26.883 0.1111110002
66177  46.016  -31.222  26.219 0.1111110002
66165  46.243  -31.042  26.880 0.1111110002
68398  46.440  -29.621  27.597 0.1111110002
66185  46.242  -32.043  25.939 0.1111110002
67252  46.873  -30.218  27.682 0.1111110002
69470  45.150  -28.737  26.725 0.2222220004
69455  45.336  -28.365  27.496 0.2222220004
65087  47.386  -32.177  27.069 0.1111110002
69488  44.914  -28.920  26.247 0.1111110002
66153  47.358  -31.442  27.269 0.1111110002
68425  43.926  -29.270  25.177 0.1111110002
65086  47.619  -32.385  26.746 0.1111110002
68371  46.658  -28.916  28.008 0.1111110002
67239  46.947  -29.757  27.913 0.1111110002
68369  47.074  -29.106  27.919 0.1111110002
68384  47.266  -29.294  27.645 0.1111110002
70564  47.825  -27.857  25.252 0.1111110002
65121  42.258  -32.330  25.795 0.2222220004
58257  40.994  -37.771  24.535 0.1111110002
58258  40.668  -38.214  24.228 0.1111110002
57053  40.108  -39.344  24.233 0.1111110002
55831  40.271  -40.391  25.871 0.1111110002
57014  40.504  -39.586  26.148 0.2222220004
62936  42.698  -34.598  27.032 0.1111110002
60566  42.075  -36.030  26.862 0.1111110002
61721  42.424  -35.683  27.200 0.1111110002
59415  41.834  -36.938  26.629 0.2222220004
61736  42.317  -35.300  26.696 0.1111110002
81124  58.145  -18.614  12.348 0.2222220004
82276  57.119  -18.270  13.896 0.2222220004
82339  56.984  -17.411  11.528 0.2222220004
82356  56.834  -17.151  10.459 0.2222220004
83615  57.190  -16.975  9.316 0.2222220004
81192  55.466  -18.955  5.824 0.1111110002
82394  57.579  -17.964  7.440 0.1111110002
79933  55.334  -19.843  16.565 0.2222220004
77544  53.990  -21.250  18.119 0.1111110002
77531  53.957  -20.876  18.319 0.1111110002
82295  57.142  -17.888  13.376 0.2222220004
82372  56.618  -17.232  9.594 0.1111110002
78694  54.711  -20.256  17.372 0.2222220004
82277  56.627  -18.085  13.891 0.2222220004
82340  56.127  -17.638  11.161 0.2222220004
81140  54.771  -18.815  11.292 0.1111110002
81070  52.719  -19.077  18.070 0.2222220004
81068  54.162  -18.947  17.479 0.2222220004
79934  55.126  -19.317  16.721 0.2222220004
29076  17.058  -64.452  36.794 0.1111110002
30210  19.702  -64.012  34.985 0.2222220004
30198  19.210  -63.968  35.471 0.2222220004
29087  18.490  -64.655  35.913 0.1111110002
29075  17.863  -64.802  36.376 0.1111110002
29077  16.458  -64.604  36.952 0.1111110002
30199  18.604  -63.970  35.956 0.1111110002
26861  16.820  -65.657  35.929 0.1111110002
27955  16.349  -65.279  35.908 0.1111110002
30184  17.403  -63.876  36.850 0.1111110002
29065  16.282  -64.256  37.393 0.1111110002
27947  16.212  -64.638  37.110 0.1111110002
27951  16.634  -65.040  36.521 0.1111110002
27956  15.999  -64.826  36.672 0.1111110002
30197  19.774  -63.434  34.982 0.2222220004
27952  15.970  -64.684  37.132 0.1111110002
31287  18.281  -62.754  36.404 0.1111110002
31288  17.616  -63.233  36.834 0.1111110002
30174  16.942  -63.759  37.234 0.1111110002
31298  19.374  -62.772  35.284 0.2222220004
31299  18.711  -63.277  35.924 0.1111110002
32351  16.477  -61.990  37.736 0.1111110002
31286  18.781  -62.305  35.857 0.1111110002
32356  17.760  -62.107  36.753 0.1111110002
31284  16.696  -63.039  37.634 0.1111110002
32379  19.726  -62.025  34.691 0.2222220004
29055  15.790  -64.065  37.759 0.1111110002
31272  15.990  -62.858  37.964 0.1111110002
31313  19.796  -62.658  34.856 0.2222220004
33372  18.092  -61.066  36.448 0.2222220004
33373  17.519  -61.136  36.964 0.2222220004
33387  19.381  -61.043  34.850 0.2222220004
33375  18.907  -60.940  35.406 0.2222220004
32364  18.755  -61.390  35.767 0.2222220004
33386  19.939  -61.105  34.177 0.2222220004
35497  18.419  -59.316  34.688 0.2222220004
34393  17.637  -60.188  36.432 0.2222220004
34397  18.514  -60.220  35.370 0.2222220004
34392  18.170  -60.475  36.001 0.2222220004
34408  18.842  -59.996  34.700 0.2222220004
34396  18.996  -60.485  34.917 0.2222220004
34407  19.434  -60.183  34.260 0.2222220004
35487  18.122  -59.659  35.394 0.2222220004
34398  17.971  -59.965  35.765 0.2222220004
34389  17.263  -60.432  37.119 0.2222220004
35515  18.317  -58.412  33.820 0.2222220004
35514  19.155  -59.127  33.478 0.2222220004
35484  16.803  -58.970  36.877 0.2222220004
35488  17.609  -59.099  35.754 0.2222220004
35483  17.351  -59.489  36.530 0.2222220004
35498  17.702  -58.410  34.550 0.2222220004
36709  18.660  -58.150  33.056 0.2222220004
36730  18.358  -57.478  32.586 0.2222220004
37832  14.662  -57.006  37.418 0.2222220004
36676  15.161  -57.196  36.707 0.2222220004
36675  16.109  -57.795  36.617 0.2222220004
36698  15.725  -57.080  34.991 0.2222220004
36687  15.469  -57.189  35.779 0.2222220004
35489  16.817  -58.256  35.995 0.2222220004
36697  16.354  -57.261  34.475 0.2222220004
37882  16.934  -56.424  33.164 0.2222220004
36712  16.793  -56.999  33.743 0.2222220004
36696  17.156  -57.656  34.146 0.2222220004
36685  16.950  -58.089  35.053 0.2222220004
37893  17.749  -56.683  32.602 0.2222220004
36710  18.060  -57.743  33.225 0.2222220004
35516  17.754  -57.869  33.821 0.2222220004
43446  18.628  -51.682  37.632 0.2222220004
36731  17.862  -57.307  32.870 0.2222220004
43456  18.288  -51.806  36.711 0.1111110002
41244  16.716  -53.477  35.439 0.1111110002
37859  14.655  -56.798  35.971 0.2222220004
37883  16.144  -56.387  33.765 0.2222220004
37872  15.723  -56.656  34.437 0.2222220004
37873  14.966  -56.422  34.913 0.2222220004
37884  15.395  -56.170  34.082 0.2222220004
44564  18.665  -50.922  36.275 0.1111110002
37845  14.460  -56.841  36.719 0.1111110002
37846  13.932  -56.402  36.310 0.1111110002
40025  16.736  -53.745  34.823 0.1111110002
38971  14.595  -55.840  34.617 0.1111110002
40066  15.076  -54.905  33.745 0.2222220004
41230  16.235  -53.247  35.845 0.1111110002
41245  16.000  -53.538  35.125 0.1111110002
40046  15.282  -54.225  33.998 0.1111110002
45698  18.924  -49.979  36.535 0.1111110002
41216  16.307  -52.904  36.151 0.1111110002
43454  22.993  -52.182  36.722 0.2222220004
49232  24.042  -46.708  37.071 0.1111110002
49261  23.567  -46.610  35.440 0.1111110002
49277  22.663  -46.744  34.692 0.1111110002
49262  22.748  -46.777  35.777 0.1111110002
49278  22.104  -46.968  35.388 0.1111110002
44574  22.217  -50.608  35.261 0.1111110002
43473  22.626  -51.310  34.666 0.1111110002
47991  22.318  -47.441  33.818 0.1111110002
44586  22.262  -50.407  34.213 0.1111110002
43480  22.660  -51.181  33.693 0.1111110002
47924  18.476  -47.812  37.199 0.2222220004
49246  22.641  -46.701  36.632 0.1111110002
47970  21.871  -47.422  34.765 0.1111110002
46805  21.885  -48.418  34.348 0.1111110002
46824  22.197  -48.349  33.211 0.1111110002
45716  22.067  -49.393  33.724 0.1111110002
44599  22.411  -50.266  33.174 0.1111110002
45723  22.305  -49.281  32.711 0.1111110002
47909  18.613  -47.827  38.286 0.2222220004
47937  21.243  -47.722  37.046 0.2222220004
46772  21.219  -48.551  36.650 0.1111110002
45697  21.491  -49.325  36.304 0.1111110002
45696  21.809  -49.968  35.832 0.1111110002
49263  22.155  -47.156  36.100 0.1111110002
47971  21.762  -47.597  35.588 0.1111110002
46787  21.677  -48.749  35.128 0.1111110002
45706  21.874  -49.555  34.854 0.1111110002
49284  39.652  -45.801  32.455 0.2222220004
47980  39.519  -46.190  32.492 0.2222220004
48001  40.214  -46.384  32.158 0.1111110002
50521  39.729  -45.109  32.235 0.3333329856
49300  40.266  -45.711  32.181 0.1111110002
48000  40.726  -46.242  31.690 0.1111110002
50530  40.433  -45.282  31.909 0.2222220004
49299  40.824  -45.873  31.568 0.1111110002
48028  41.002  -46.322  31.208 0.1111110002
48027  41.395  -46.225  30.763 0.1111110002
48058  41.029  -46.534  30.563 0.1111110002
50540  41.286  -45.059  31.057 0.1111110002
50529  40.922  -45.095  31.423 0.1111110002
50539  41.717  -45.098  30.654 0.1111110002
49298  41.134  -45.576  31.249 0.1111110002
49314  41.478  -45.889  30.820 0.1111110002
48057  41.831  -46.371  30.375 0.1111110002
49338  42.758  -45.724  29.720 0.1111110002
48056  42.472  -46.371  30.006 0.1111110002
48081  41.853  -46.803  29.744 0.1111110002
48079  43.342  -46.468  28.904 0.1111110002
48098  42.337  -46.621  28.806 0.1111110002
51653  41.575  -44.187  30.565 0.1111110002
50555  42.206  -45.075  30.284 0.1111110002
50554  42.574  -45.203  29.879 0.1111110002
49339  42.374  -45.945  30.190 0.1111110002
50553  42.920  -45.555  29.473 0.1111110002
49365  43.030  -46.050  29.419 0.1111110002
49366  42.648  -46.267  29.744 0.1111110002
49384  43.579  -45.999  28.683 0.1111110002
48080  42.680  -46.591  29.485 0.1111110002
48096  43.472  -46.321  28.235 0.1111110002
48111  43.491  -46.166  27.840 0.1111110002
48097  43.017  -46.629  28.434 0.1111110002
48113  42.440  -46.454  27.686 0.1111110002
52710  41.497  -43.752  30.554 0.1111110002
52724  41.837  -43.364  30.345 0.1111110002
51664  42.152  -44.528  30.148 0.1111110002
51677  42.419  -44.450  29.788 0.1111110002
50573  43.161  -45.373  28.989 0.1111110002
51692  43.255  -45.041  28.630 0.1111110002
49397  43.677  -45.969  28.045 0.1111110002
48112  43.103  -46.325  27.426 0.1111110002
48128  42.680  -46.109  26.477 0.1111110002
49429  42.691  -45.849  26.149 0.1111110002
50641  42.361  -45.320  25.868 0.1111110002
54810  40.184  -41.406  25.550 0.1111110002
51749  40.901  -44.232  25.285 0.1111110002
50642  41.953  -45.113  25.519 0.1111110002
53766  42.402  -42.172  30.143 0.1111110002
52732  42.252  -44.024  29.842 0.1111110002
51676  42.625  -44.523  29.338 0.1111110002
51675  43.028  -44.908  28.819 0.1111110002
51693  42.938  -44.522  28.481 0.1111110002
50593  43.489  -45.335  28.248 0.1111110002
50594  43.289  -44.785  27.923 0.1111110002
50609  43.198  -45.253  27.455 0.1111110002
49398  43.432  -45.905  27.565 0.1111110002
50625  42.668  -45.207  26.652 0.1111110002
49411  42.953  -45.788  26.862 0.1111110002
50640  42.716  -45.577  26.350 0.1111110002
52782  41.471  -43.257  26.776 0.1111110002
51729  42.165  -44.408  26.736 0.1111110002
57013  40.853  -39.162  26.801 0.1111110002
51730  41.659  -44.067  26.390 0.1111110002
54801  40.495  -41.319  26.326 0.1111110002
52783  40.898  -42.836  26.340 0.1111110002
52801  41.389  -43.879  26.212 0.1111110002
51747  42.211  -44.807  26.128 0.1111110002
55822  40.559  -40.307  26.647 0.1111110002
51748  41.661  -44.547  25.781 0.1111110002
52802  40.779  -43.495  25.866 0.1111110002
52758  42.477  -43.653  28.336 0.1111110002
51708  42.652  -44.339  27.667 0.1111110002
52759  41.888  -43.122  27.885 0.1111110002
51709  42.160  -43.949  27.392 0.1111110002
51728  42.701  -44.842  27.131 0.1111110002
53794  41.531  -42.032  27.770 0.1111110002
52781  41.888  -43.744  27.220 0.1111110002
71647  38.870  -26.731  28.944 0.2222220004
72786  39.389  -26.757  27.442 0.2222220004
71640  38.674  -27.006  28.939 0.2222220004
44553  18.830  -50.891  37.122 0.2222220004
49245  23.432  -46.659  36.397 0.1111110002
55821  41.030  -40.203  27.296 0.1111110002
30162  15.498  -63.543  38.052 0.1111110002
33369  16.953  -61.092  37.492 0.2222220004
34394  17.206  -59.799  36.942 0.2222220004
72768  39.111  -26.602  28.371 0.2222220004
51654  41.202  -44.602  30.954 0.1111110002
52711  41.056  -43.650  30.762 0.1111110002
30183  18.046  -63.919  36.464 0.1111110002
29064  16.725  -64.173  37.143 0.1111110002
31283  17.270  -62.852  37.217 0.1111110002
30175  16.521  -63.758  37.555 0.1111110002
30161  16.126  -63.743  37.752 0.1111110002
32350  17.147  -62.030  37.336 0.1111110002
32355  18.485  -61.729  36.206 0.1111110002
32363  19.086  -61.718  35.394 0.2222220004
33376  18.551  -60.938  35.924 0.2222220004
35496  18.951  -59.666  34.284 0.2222220004
36686  16.249  -57.618  35.488 0.2222220004
36711  17.439  -57.257  33.318 0.2222220004
46788  21.597  -48.459  35.817 0.1111110002
45707  21.676  -49.215  35.583 0.1111110002
46806  21.596  -48.094  35.103 0.1111110002
50574  42.840  -45.217  29.397 0.1111110002
50608  43.560  -45.655  27.812 0.1111110002
53819  40.496  -42.319  26.032 0.1111110002
52760  41.529  -42.651  27.416 0.1111110002
52659  23.907  -43.980  35.221 0.1111110002
52675  23.663  -43.978  34.415 0.1111110002
50501  19.081  -45.967  35.793 0.1111110002
52694  21.714  -43.893  33.526 0.1111110002
51621  19.981  -45.105  35.130 0.1111110002
51629  20.440  -44.760  34.553 0.1111110002
49248  18.739  -46.846  36.478 0.1111110002
59336  37.462  -38.191  31.334 0.1111110002
59337  37.164  -38.639  31.086 0.1111110002
69459  38.499  -28.430  27.886 0.1111110002
70527  38.330  -27.950  28.530 0.1111110002
70528  38.421  -27.514  28.135 0.1111110002
70539  38.398  -27.542  27.224 0.1111110002
71657  38.696  -27.175  27.655 0.1111110002
71648  38.719  -26.978  28.397 0.1111110002
72787  38.996  -26.962  27.468 0.1111110002
72808  39.239  -27.231  26.615 0.1111110002
72807  39.638  -27.085  26.599 0.1111110002
72827  39.765  -27.129  25.754 0.1111110002
72826  40.260  -26.884  25.896 0.1111110002
71691  41.993  -26.749  23.558 0.1111110002
72844  40.077  -26.933  25.028 0.1111110002
42326  22.886  -52.807  37.613 0.2222220004
42339  23.292  -52.778  37.060 0.2222220004
72843  40.831  -26.779  24.695 0.1111110002
70517  38.485  -27.516  29.112 0.1111110002
69460  38.324  -27.863  27.572 0.1111110002
69475  38.414  -28.128  27.004 0.1111110002
76289  50.234  -21.786  21.617 0.1111110002
77591  56.521  -20.886  14.950 0.1111110002
77590  56.706  -21.634  14.788 0.1111110002
78745  56.474  -20.339  14.754 0.1111110002
77610  56.650  -21.497  13.739 0.1111110002
77631  56.571  -21.406  12.819 0.1111110002
77646  56.395  -21.213  11.873 0.1111110002
77661  56.283  -21.640  10.219 0.1111110002
76450  56.001  -22.321  10.479 0.1111110002
78744  56.625  -20.425  14.109 0.1111110002
78764  56.747  -20.475  13.104 0.1111110002
78780  56.769  -20.435  12.281 0.1111110002
77660  56.409  -21.124  10.756 0.1111110002
76449  56.229  -21.737  10.709 0.1111110002
75306  59.386  -22.804  3.939 0.1111110002
81111  57.654  -18.698  13.235 0.1111110002
79969  57.730  -19.314  12.539 0.1111110002
78795  57.520  -19.767  11.034 0.1111110002
78815  57.551  -19.885  10.035 0.1111110002
78830  57.321  -20.393  8.851 0.1111110002
78831  57.089  -20.343  9.649 0.1111110002
78846  57.708  -20.590  7.754 0.1111110002
77676  58.040  -21.413  7.327 0.1111110002
78845  58.079  -20.827  7.106 0.1111110002
77693  58.903  -21.538  6.126 0.1111110002
77685  58.973  -21.848  6.166 0.1111110002
76476  59.601  -22.359  5.533 0.1111110002
76525  59.749  -22.429  3.611 0.1111110002
76500  60.046  -22.451  4.127 0.1111110002
76526  59.473  -22.517  3.600 0.1111110002
75318  59.243  -22.621  3.577 0.1111110002
81138  58.382  -18.549  11.327 0.1111110002
79982  58.004  -19.269  11.672 0.1111110002
80008  57.930  -19.261  9.464 0.1111110002
80030  57.761  -19.583  8.317 0.1111110002
81170  57.987  -18.823  8.682 0.1111110002
80029  57.935  -19.867  7.271 0.1111110002
78858  58.769  -20.868  6.016 0.1111110002
78855  58.341  -20.612  6.700 0.1111110002
77692  59.316  -21.618  5.761 0.1111110002
77698  60.203  -21.752  4.299 0.1111110002
76551  59.772  -22.025  3.151 0.1111110002
76578  59.437  -21.723  2.973 0.1111110002
76579  58.909  -21.639  2.604 0.1111110002
76580  58.309  -21.676  2.095 0.1111110002
77743  58.124  -20.569  1.205 0.1111110002
77730  57.938  -21.128  1.501 0.1111110002
81156  58.228  -18.486  9.288 0.1111110002
81146  58.328  -18.486  10.224 0.1111110002
81169  57.779  -18.842  7.864 0.1111110002
81180  58.076  -19.066  6.987 0.1111110002
80046  58.397  -19.886  6.485 0.1111110002
80063  59.044  -19.996  5.230 0.1111110002
80055  58.730  -19.957  5.720 0.1111110002
78861  59.674  -20.944  5.290 0.1111110002
80062  59.537  -20.131  4.820 0.1111110002
78864  60.102  -20.916  4.583 0.1111110002
80068  59.896  -20.258  4.017 0.1111110002
78870  60.066  -20.983  3.730 0.1111110002
80070  59.721  -20.163  3.209 0.1111110002
77717  59.624  -21.536  2.981 0.1111110002
78879  59.730  -20.962  3.059 0.1111110002
78887  59.414  -21.022  2.623 0.1111110002
77729  58.644  -20.959  1.727 0.1111110002
77731  57.176  -21.074  1.424 0.1111110002
77744  57.456  -20.644  1.025 0.1111110002
78902  56.973  -20.184  0.486 0.1111110002
78925  56.460  -19.748  -0.135 0.1111110002
77767  55.152  -20.232  0.179 0.1111110002
77768  54.658  -20.394  0.310 0.1111110002
82371  58.364  -17.798  9.620 0.1111110002
82383  57.992  -18.157  8.433 0.1111110002
82392  57.775  -18.488  7.530 0.1111110002
82404  57.985  -18.675  6.780 0.1111110002
81191  58.462  -19.203  6.186 0.1111110002
81201  58.816  -19.453  5.121 0.1111110002
81209  59.506  -19.780  4.081 0.1111110002
81210  59.050  -19.304  4.123 0.1111110002
81219  59.422  -19.475  3.356 0.1111110002
80071  59.465  -19.606  2.847 0.1111110002
78880  59.449  -20.592  2.536 0.1111110002
80080  59.340  -19.848  2.283 0.1111110002
78888  59.161  -20.541  1.949 0.1111110002
77742  58.466  -20.437  1.260 0.1111110002
78900  58.277  -20.025  0.942 0.1111110002
78901  57.701  -20.080  0.724 0.1111110002
78939  55.964  -19.592  -0.545 0.1111110002
78940  55.381  -19.525  -0.658 0.1111110002
78928  53.733  -20.086  0.066 0.1111110002
78929  52.628  -20.237  -0.187 0.1111110002
78924  57.305  -19.653  -0.009 0.1111110002
80127  54.119  -19.556  -0.622 0.1111110002
80128  53.641  -19.653  -0.562 0.1111110002
80096  59.034  -19.630  1.237 0.1111110002
80110  58.719  -19.286  0.523 0.1111110002
78922  58.481  -19.515  0.550 0.1111110002
80123  58.592  -18.907  -0.439 0.1111110002
80129  52.197  -19.805  -0.741 0.1111110002
81278  51.494  -19.032  -0.919 0.1111110002
80124  57.772  -19.111  -0.698 0.1111110002
80125  56.892  -19.401  -0.780 0.1111110002
80143  54.335  -19.201  -1.195 0.1111110002
80144  53.469  -19.274  -1.187 0.1111110002
80145  52.544  -19.322  -1.153 0.1111110002
80146  52.013  -19.389  -1.032 0.1111110002
81288  58.119  -18.627  -2.022 0.1111110002
80155  57.057  -18.604  -2.405 0.1111110002
80141  56.102  -19.161  -1.211 0.1111110002
80142  55.094  -19.107  -1.236 0.1111110002
80158  54.564  -18.828  -1.757 0.1111110002
81302  56.794  -18.074  -2.840 0.1111110002
80156  56.424  -18.624  -2.148 0.1111110002
80157  55.463  -18.722  -1.942 0.1111110002
80109  58.849  -18.673  -0.112 0.1111110002
80138  59.110  -18.522  -1.505 0.1111110002
80139  58.402  -18.722  -1.582 0.1111110002
80153  59.030  -18.486  -2.016 0.1111110002
81289  53.357  -18.882  -1.593 0.1111110002
81290  52.923  -18.850  -1.594 0.1111110002
81300  58.576  -18.438  -2.242 0.1111110002
81304  54.826  -18.263  -2.476 0.1111110002
81305  53.689  -18.529  -1.983 0.1111110002
81301  57.650  -18.365  -2.540 0.1111110002
81303  55.837  -17.992  -2.505 0.1111110002
81316  55.328  -17.703  -2.757 0.1111110002
81315  56.750  -17.798  -3.736 0.1111110002
82545  56.243  -17.480  -3.087 0.1111110002
81285  59.477  -18.039  -1.169 0.1111110002
81299  59.274  -18.115  -2.121 0.1111110002
82543  59.413  -17.479  -2.002 0.1111110002
83760  58.773  -16.868  -2.222 0.1111110002
81313  58.074  -17.845  -2.849 0.1111110002
82561  58.268  -17.399  -2.871 0.1111110002
83802  57.733  -16.667  -3.162 0.1111110002
81314  57.407  -17.835  -3.416 0.1111110002
82566  54.493  -17.063  -2.945 0.1111110002
84968  57.761  -16.388  -2.615 0.1111110002
83804  57.407  -16.434  -4.015 0.1111110002
85012  57.613  -15.752  -3.616 0.1111110002
81322  56.872  -17.424  -4.145 0.1111110002
83805  56.729  -16.419  -4.143 0.1111110002
85031  55.412  -15.349  -4.038 0.1111110002
83786  54.834  -16.419  -3.547 0.1111110002
85016  54.961  -15.554  -3.940 0.1111110002
86130  55.208  -14.605  -3.705 0.1111110002
85014  56.431  -15.460  -4.173 0.1111110002
87214  55.645  -14.452  -3.791 0.1111110002
87200  56.397  -13.423  -3.346 0.1111110002
87201  55.498  -13.592  -3.501 0.1111110002
79961  57.674  -19.210  12.903 0.1111110002
82382  57.762  -18.384  7.926 0.1111110002
79962  57.217  -19.414  13.195 0.1111110002
78796  56.845  -20.317  11.384 0.1111110002
76444  56.166  -21.876  11.332 0.1111110002
79970  57.129  -19.802  12.575 0.1111110002
78779  57.393  -19.784  11.919 0.1111110002
78816  56.947  -20.305  10.366 0.1111110002
79996  58.029  -19.226  10.661 0.1111110002
77686  58.596  -21.616  6.644 0.1111110002
78857  59.202  -21.018  5.567 0.1111110002
76481  59.969  -22.406  4.859 0.1111110002
75289  59.681  -22.768  4.676 0.1111110002
77695  60.030  -21.689  5.147 0.1111110002
77707  60.086  -21.818  3.447 0.1111110002
80054  59.127  -20.501  5.386 0.1111110002
77728  59.196  -21.249  2.509 0.1111110002
76553  58.630  -22.128  2.863 0.1111110002
81200  59.230  -19.681  4.528 0.1111110002
78899  58.681  -20.085  1.176 0.1111110002
80126  56.337  -19.505  -0.688 0.1111110002
78926  55.625  -19.921  0.011 0.1111110002
78903  56.231  -20.173  0.436 0.1111110002
78927  54.779  -19.873  -0.196 0.1111110002
82415  58.287  -18.768  5.883 0.1111110002
82427  58.443  -18.726  4.592 0.1111110002
78923  58.021  -19.500  0.234 0.1111110002
78942  53.252  -19.775  -0.530 0.1111110002
78943  52.818  -19.706  -0.786 0.1111110002
78941  54.745  -19.434  -0.767 0.1111110002
81291  51.850  -18.765  -1.408 0.1111110002
80130  51.472  -19.538  -0.653 0.1111110002
80140  57.327  -18.902  -1.718 0.1111110002
80159  54.014  -18.960  -1.538 0.1111110002
80122  59.156  -18.445  -0.890 0.1111110002
81286  59.481  -18.213  -1.566 0.1111110002
81312  58.751  -17.893  -2.659 0.1111110002
82547  54.177  -17.696  -2.610 0.1111110002
82565  55.452  -17.132  -3.165 0.1111110002
81317  54.852  -17.594  -2.811 0.1111110002
82564  56.325  -17.090  -3.857 0.1111110002
83785  55.706  -16.474  -3.719 0.1111110002
82544  58.913  -17.426  -2.532 0.1111110002
83782  58.194  -16.864  -2.808 0.1111110002
84957  57.957  -16.385  -2.128 0.1111110002
82562  57.732  -17.330  -3.528 0.1111110002
83803  57.661  -16.669  -3.584 0.1111110002
82563  57.540  -17.586  -3.927 0.1111110002
84989  55.716  -16.091  -3.844 0.1111110002
85029  56.194  -15.069  -4.249 0.1111110002
83806  55.396  -16.168  -3.813 0.1111110002
86129  56.883  -14.714  -4.308 0.1111110002
86147  56.304  -14.798  -4.246 0.1111110002
87213  56.295  -14.215  -3.917 0.1111110002
29092  19.614  -64.636  34.880 0.1111110002
27954  18.555  -65.495  35.452 0.1111110002
31297  19.820  -62.940  34.928 0.1111110002
32378  20.613  -61.928  34.074 0.1111110002
34406  20.100  -60.419  33.778 0.1111110002
33411  23.295  -60.832  32.664 0.1111110002
33412  22.227  -60.429  32.829 0.1111110002
32391  21.243  -61.564  33.750 0.1111110002
34440  20.983  -59.703  32.643 0.1111110002
35534  21.228  -59.017  32.032 0.1111110002
34422  21.283  -60.077  32.882 0.1111110002
33398  21.584  -60.766  33.401 0.1111110002
42325  23.555  -53.330  37.212 0.1111110002
34438  22.545  -59.881  32.190 0.1111110002
37844  23.683  -55.842  35.952 0.1111110002
34451  22.636  -59.161  31.830 0.1111110002
41212  24.180  -53.845  36.988 0.1111110002
41198  23.523  -53.766  37.440 0.1111110002
39978  23.630  -54.136  37.450 0.1111110002
38941  23.814  -55.527  36.402 0.1111110002
39990  24.290  -54.556  36.779 0.1111110002
40005  24.243  -54.998  36.607 0.1111110002
38940  24.559  -55.549  36.191 0.1111110002
37843  24.285  -56.040  35.923 0.1111110002
41211  24.344  -54.370  36.742 0.1111110002
41260  14.811  -53.971  34.552 0.1111110002
38987  14.562  -55.121  34.188 0.1111110002
38942  22.922  -55.426  36.433 0.1111110002
39979  23.346  -54.095  37.587 0.1111110002
39991  23.930  -54.508  37.123 0.1111110002
41199  22.832  -53.468  37.725 0.1111110002
38928  23.973  -55.138  36.686 0.1111110002
39992  23.131  -54.553  37.530 0.1111110002
48011  31.163  -47.203  33.043 0.1111110002
48038  31.798  -46.827  32.407 0.1111110002
48002  39.302  -46.935  32.225 0.1111110002
48036  33.867  -46.727  32.409 0.1111110002
48035  34.887  -46.689  32.154 0.1111110002
48006  36.331  -47.487  32.239 0.1111110002
48033  36.756  -47.153  31.578 0.1111110002
48034  35.836  -46.928  31.792 0.1111110002
49318  35.325  -46.001  31.302 0.1111110002
48005  37.208  -47.571  32.062 0.1111110002
38986  14.828  -55.583  34.096 0.1111110002
38930  22.744  -54.897  37.297 0.1111110002
38929  23.445  -55.091  37.039 0.1111110002
35536  19.768  -58.871  32.748 0.1111110002
29091  20.309  -64.739  34.226 0.1111110002
27949  18.084  -65.294  36.024 0.1111110002
29086  19.047  -64.857  35.399 0.1111110002
31312  20.332  -62.937  34.626 0.1111110002
34424  19.857  -59.821  33.555 0.1111110002
35513  19.976  -59.374  33.039 0.1111110002
30208  21.114  -63.893  34.325 0.1111110002
32377  21.285  -62.080  33.860 0.1111110002
33396  23.219  -61.499  33.226 0.1111110002
34439  21.572  -59.647  32.324 0.1111110002
32389  23.112  -61.993  33.664 0.1111110002
33397  22.626  -61.225  33.375 0.1111110002
34450  23.053  -58.978  31.786 0.1111110002
27948  16.014  -64.550  37.353 0.1111110002
29054  16.052  -64.070  37.672 0.1111110002
29059  10.127  -62.692  38.098 0.1111110002
29060  9.475  -62.615  38.152 0.1111110002
29071  9.275  -62.761  37.629 0.1111110002
29073  7.835  -62.621  37.226 0.1111110002
30157  13.411  -62.826  38.856 0.1111110002
30209  20.198  -63.971  34.706 0.2222220004
31270  5.974  -61.332  38.353 0.1111110002
31302  14.212  -62.615  36.170 0.1111110002
32329  7.366  -60.367  39.546 0.1111110002
32347  6.369  -61.250  38.543 0.1111110002
32354  18.767  -61.751  35.823 0.2222220004
33350  6.856  -60.088  39.616 0.1111110002
33360  7.608  -60.324  39.563 0.1111110002
33413  21.672  -60.221  32.879 0.1111110002
34437  23.468  -59.540  31.952 0.1111110002
34452  22.127  -59.378  31.956 0.1111110002
35455  12.017  -58.008  39.858 0.1111110002
35464  14.620  -59.146  38.694 0.2222220004
35549  21.097  -58.666  31.940 0.2222220004
36642  10.508  -57.001  40.740 0.1111110002
36646  13.431  -57.231  39.347 0.1111110002
36649  11.170  -57.226  40.472 0.1111110002
37808  10.208  -56.472  40.756 0.1111110002
37814  12.036  -56.529  40.607 0.1111110002
37815  11.483  -56.726  40.666 0.1111110002
37842  24.860  -56.201  35.847 0.1111110002
37874  14.384  -55.886  34.986 0.1111110002
38902  12.801  -55.402  40.324 0.1111110002
38903  12.264  -55.585  40.648 0.1111110002
38904  11.550  -55.575  40.720 0.1111110002
38916  13.288  -55.428  38.870 0.1111110002
38931  22.289  -54.625  37.431 0.1111110002
38968  22.210  -55.731  34.831 0.1111110002
39003  19.739  -56.546  31.613 0.3333329856
39962  11.245  -54.958  40.537 0.1111110002
39966  12.871  -54.952  39.954 0.1111110002
40004  24.603  -54.824  36.404 0.1111110002
40067  14.710  -55.009  33.974 0.1111110002
40076  19.236  -54.990  32.370 0.3333329856
41171  12.275  -54.360  39.848 0.1111110002
41172  11.611  -54.310  39.991 0.1111110002
41173  10.997  -54.463  40.241 0.1111110002
41174  10.589  -54.719  40.077 0.1111110002
41177  19.678  -51.821  39.461 0.3333329856
41178  12.705  -54.388  39.587 0.1111110002
41179  12.531  -53.785  39.428 0.1111110002
41187  20.906  -52.310  39.183 0.3333329856
41190  19.697  -52.144  39.183 0.3333329856
41191  12.949  -53.678  38.972 0.1111110002
41261  14.531  -54.193  34.647 0.1111110002
42291  19.671  -51.154  40.400 0.4444440007
42293  12.267  -53.804  39.540 0.1111110002
42301  19.790  -51.304  40.103 0.3333329856
42303  12.282  -53.197  39.312 0.1111110002
42304  11.625  -53.463  39.476 0.1111110002
42305  11.197  -53.771  39.664 0.1111110002
42311  22.387  -52.237  38.064 0.3333329856
42317  12.987  -52.700  38.383 0.1111110002
42333  11.100  -53.448  38.755 0.1111110002
42342  16.450  -52.509  36.309 0.2222220004
43419  20.646  -50.857  39.669 0.3333329856
43421  11.975  -52.635  39.350 0.1111110002
43422  11.725  -52.775  39.218 0.1111110002
43429  21.387  -51.164  39.154 0.4444440007
43432  12.591  -52.018  39.157 0.1111110002
43440  13.371  -51.884  38.009 0.1111110002
44516  19.319  -50.168  40.719 0.3333329856
44535  12.310  -51.643  38.758 0.1111110002
44540  22.189  -51.477  38.045 0.5555559993
44545  12.789  -51.393  38.166 0.1111110002
45681  21.043  -49.923  38.119 0.4444440007
45703  31.808  -47.888  35.166 0.3333329856
45705  30.745  -47.693  35.206 0.3333329856
45714  31.250  -47.691  34.940 0.3333329856
45715  30.829  -47.683  35.026 0.3333329856
46723  19.131  -48.778  40.048 0.4444440007
46743  29.316  -47.796  37.473 0.3333329856
46757  27.465  -48.108  37.212 0.2222220004
46766  31.015  -47.392  35.701 0.4444440007
46831  37.558  -47.597  32.491 0.2222220004
47876  19.868  -47.552  39.431 0.5555559993
47883  28.536  -46.825  37.577 0.4444440007
47889  23.819  -46.721  38.556 0.3333329856
47890  21.243  -46.562  38.796 0.4444440007
47891  20.943  -46.649  38.956 0.4444440007
47918  28.052  -48.050  37.496 0.3333329856
47963  36.775  -46.844  33.551 0.4444440007
48148  42.621  -46.098  25.990 0.1111110002
49183  19.317  -47.778  39.507 0.4444440007
49194  19.103  -47.471  39.468 0.4444440007
49219  23.816  -46.661  37.602 0.1111110002
49241  34.658  -46.012  35.052 0.5555559993
49313  41.958  -45.606  30.499 0.1111110002
49315  41.116  -46.060  31.231 0.1111110002
49340  41.923  -46.106  30.478 0.1111110002
50470  32.067  -45.348  36.085 0.5555559993
50471  31.587  -45.653  36.420 0.5555559993
50528  41.300  -45.361  31.063 0.1111110002
50538  42.208  -45.406  30.330 0.1111110002
50587  20.240  -45.520  29.459 0.1111110002
50626  42.412  -44.936  26.295 0.1111110002
51565  32.451  -45.049  35.938 0.6666669846
51610  22.612  -44.548  36.574 0.2222220004
51636  39.549  -44.651  32.033 0.4444440007
51663  42.488  -44.689  29.800 0.1111110002
52662  21.354  -44.233  34.962 0.1111110002
52703  38.490  -42.860  31.814 0.6666669846
52715  20.410  -44.842  31.819 0.1111110002
53685  36.200  -42.804  35.424 0.8888890147
53724  41.695  -41.255  31.105 0.5555559993
53746  40.168  -41.855  31.078 0.6666669846
53747  39.577  -41.637  31.555 0.7777780294
54723  42.267  -40.238  31.255 0.6666669846
54736  42.581  -40.018  30.760 0.5555559993
54738  42.091  -41.184  30.964 0.6666669846
54751  23.582  -43.124  30.566 0.1111110002
54757  42.588  -40.032  30.509 0.4444440007
54768  23.072  -43.405  29.735 0.1111110002
55649  35.497  -41.587  35.358 0.8888890147
55671  34.486  -41.968  34.908 0.5555559993
55688  38.571  -40.172  34.695 0.7777780294
55728  42.649  -39.434  31.292 0.6666669846
55733  39.936  -40.283  32.749 0.8888890147
55743  42.748  -39.556  31.018 0.5555559993
55745  40.809  -40.589  31.682 0.7777780294
55785  27.884  -41.406  28.758 0.1111110002
56838  40.926  -39.189  34.680 0.8888890147
56840  39.454  -39.533  34.954 0.7777780294
56895  42.056  -39.393  33.202 0.7777780294
56964  27.518  -41.226  28.313 0.1111110002
58093  40.264  -38.805  35.217 0.8888890147
58122  42.265  -38.967  33.687 0.7777780294
59289  39.356  -38.249  34.897 0.8888890147
59324  37.193  -38.853  31.857 0.1111110002
59333  39.509  -37.220  32.354 0.5555559993
59398  42.495  -37.124  28.268 0.2222220004
60432  38.373  -37.989  34.002 0.7777780294
60446  39.029  -37.539  33.584 0.7777780294
60492  40.480  -35.909  31.398 0.2222220004
61643  40.519  -35.435  32.973 0.5555559993
61652  40.285  -36.046  32.614 0.3333329856
61765  47.440  -34.997  24.512 0.1111110002
62876  40.369  -34.398  30.402 0.2222220004
62887  40.397  -34.896  29.852 0.2222220004
64061  46.334  -33.784  23.867 0.1111110002
65101  42.817  -32.977  27.818 0.3333329856
66095  43.576  -32.607  33.102 0.7777780294
66127  39.143  -31.145  31.153 0.3333329856
66199  45.015  -31.176  23.721 0.1111110002
69376  41.122  -29.229  33.657 0.8888890147
70518  38.556  -27.202  28.652 0.1111110002
71583  40.211  -27.201  32.535 0.5555559993
71596  41.346  -26.202  32.002 0.7777780294
71609  45.337  -25.975  29.876 0.6666669846
71615  39.149  -26.817  31.207 0.5555559993
72701  40.608  -26.495  32.317 0.6666669846
72769  38.869  -26.912  27.997 0.1111110002
72891  45.588  -25.583  21.648 0.1111110002
73815  40.286  -25.562  31.200 0.5555559993
73932  44.642  -25.248  23.735 0.1111110002
73954  47.611  -24.264  19.886 0.1111110002
74959  45.828  -24.812  29.479 0.6666669846
75009  49.119  -23.918  25.684 0.3333329856
75025  45.142  -24.337  26.206 0.3333329856
75319  58.921  -22.517  3.361 0.1111110002
76552  59.340  -22.197  3.247 0.1111110002
77442  48.047  -22.902  24.951 0.4444440007
77487  49.948  -21.483  21.897 0.2222220004
78624  49.781  -21.361  21.986 0.2222220004
78639  50.116  -21.207  21.529 0.2222220004
78679  53.925  -20.230  18.217 0.1111110002
79866  52.456  -20.325  19.551 0.3333329856
79954  54.088  -19.079  14.601 0.2222220004
80079  59.587  -20.408  2.783 0.1111110002
80137  59.399  -18.326  -1.297 0.1111110002
80154  58.853  -18.616  -1.883 0.1111110002
81046  50.132  -19.428  19.582 0.3333329856
81125  57.978  -18.568  12.865 0.2222220004
81218  59.673  -19.900  3.665 0.1111110002
81287  58.428  -18.656  -1.982 0.1111110002
81298  59.609  -17.903  -1.682 0.1111110002
81321  57.222  -17.702  -4.067 0.1111110002
82275  57.197  -18.468  13.740 0.2222220004
82546  55.722  -17.515  -2.818 0.1111110002
82576  57.530  -17.042  -3.986 0.1111110002
82577  57.291  -17.151  -4.141 0.1111110002
82578  56.806  -17.054  -4.198 0.1111110002
83639  57.578  -17.527  8.062 0.1111110002
83783  57.889  -17.020  -3.164 0.1111110002
83784  56.222  -16.519  -3.901 0.1111110002
83807  55.025  -16.110  -3.836 0.1111110002
84986  57.604  -16.136  -2.907 0.1111110002
84988  56.108  -16.062  -3.862 0.1111110002
85011  57.631  -16.329  -3.369 0.1111110002
85015  55.786  -15.998  -3.965 0.1111110002
85017  55.100  -15.221  -4.348 0.1111110002
85030  56.245  -15.313  -4.138 0.1111110002
85032  55.141  -15.168  -4.377 0.1111110002
86106  55.284  -14.250  -3.618 0.1111110002
86131  54.983  -14.987  -3.863 0.1111110002
86132  54.990  -15.212  -4.048 0.1111110002
86148  56.041  -14.878  -4.191 0.1111110002
86149  55.653  -15.165  -4.073 0.1111110002
86150  55.270  -15.144  -4.176 0.1111110002
87215  55.373  -14.843  -3.878 0.1111110002
87216  55.046  -14.834  -3.950 0.1111110002
87224  56.012  -14.655  -4.060 0.1111110002
87225  55.708  -14.877  -4.004 0.1111110002
87226  55.478  -14.975  -4.056 0.1111110002
87227  55.198  -15.011  -4.121 0.1111110002
88194  56.338  -12.276  1.480 0.1111110002
