#!ascii label  , from subject sub-01 vox2ras=TkReg
6362
111536  44.412  9.645  22.504 0.2000000030
109729  42.674  8.357  22.177 0.3000000119
109728  43.463  8.731  22.515 0.2000000030
110638  44.528  9.030  22.613 0.2000000030
107668  42.724  6.925  23.224 0.2000000030
108682  43.865  7.455  23.574 0.3000000119
109714  43.927  8.392  23.015 0.2000000030
109702  44.447  8.017  23.422 0.3000000119
107656  42.535  6.090  23.545 0.3000000119
106634  43.994  5.663  23.931 0.3000000119
107654  44.367  6.542  23.968 0.4000000060
108681  44.783  7.354  23.719 0.2000000030
105519  42.911  4.266  22.365 0.4000000060
105486  42.877  4.898  23.491 0.3000000119
105485  43.686  4.908  23.716 0.4000000060
106633  44.893  5.731  24.406 0.3000000119
104463  43.034  3.822  20.814 0.5000000000
104453  43.435  3.882  21.695 0.5000000000
105502  43.382  4.332  23.153 0.5000000000
104426  44.815  3.956  23.679 0.5000000000
105484  44.826  4.732  24.218 0.4000000060
103472  43.340  3.071  18.949 0.4000000060
103457  43.597  3.157  19.765 0.5000000000
104462  43.866  3.293  21.051 0.5000000000
104452  44.309  3.539  21.958 0.5000000000
104439  45.242  3.365  23.273 0.5000000000
104425  45.585  3.869  24.009 0.5000000000
105468  45.773  4.823  24.575 0.4000000060
103493  43.543  2.935  17.730 0.4000000060
103456  44.331  2.799  20.126 0.5000000000
103445  44.709  2.976  21.347 0.5000000000
103435  44.875  3.197  21.910 0.5000000000
104424  46.533  3.902  23.983 0.4000000060
103519  43.280  3.322  15.877 0.4000000060
103492  44.724  2.758  17.561 0.4000000060
103471  44.547  2.573  18.764 0.5000000000
103444  45.547  2.593  21.048 0.5000000000
104450  45.666  2.944  22.685 0.5000000000
104438  46.259  3.073  23.341 0.5000000000
104550  44.112  4.165  14.897 0.5000000000
104535  44.327  3.294  16.250 0.4000000060
103470  45.814  2.614  18.558 0.5000000000
103443  46.694  2.426  20.834 0.5000000000
103433  46.491  2.689  22.149 0.5000000000
103424  46.925  2.736  22.953 0.5000000000
103561  44.378  2.756  7.843 0.8000000119
105694  44.156  4.368  8.412 0.8999999762
106792  43.742  5.611  9.455 0.8000000119
106761  43.619  5.623  12.413 0.6000000238
105621  44.433  4.635  14.428 0.6000000238
104534  44.878  3.424  16.117 0.5000000000
103508  45.359  3.254  16.577 0.5000000000
103454  46.881  2.476  19.638 0.5000000000
104423  47.086  3.769  23.642 0.4000000060
101698  44.737  1.380  7.015 0.8000000119
104596  44.767  3.680  8.057 0.8999999762
106799  44.438  5.140  8.824 0.8000000119
107780  44.669  6.234  11.183 0.8000000119
106752  44.800  5.483  13.127 0.6999999881
104549  44.684  4.266  14.802 0.5000000000
103469  47.138  3.058  18.463 0.5000000000
103432  47.580  2.379  21.651 0.5000000000
103423  47.471  2.629  22.526 0.5000000000
101730  43.505  1.260  4.765 0.6999999881
101708  44.508  1.156  6.528 0.8000000119
106791  44.761  5.734  9.515 0.8000000119
106759  45.490  5.966  12.399 0.6999999881
105634  45.603  5.143  14.142 0.6000000238
104541  45.840  4.107  15.584 0.5000000000
103490  46.742  3.282  17.568 0.5000000000
103442  47.777  2.388  20.622 0.5000000000
103574  45.069  2.278  7.593 0.8999999762
105693  45.126  4.532  8.451 0.8999999762
106780  45.067  6.133  10.373 0.8000000119
105609  46.362  4.558  15.306 0.5000000000
104532  47.181  3.977  16.431 0.5000000000
103453  47.992  2.673  19.658 0.5000000000
101729  44.409  1.396  5.073 0.6999999881
103560  45.348  3.001  7.732 0.8999999762
104595  45.770  3.843  8.080 0.8999999762
106790  45.818  5.622  9.513 0.8000000119
106768  46.253  5.991  11.482 0.8999999762
106739  46.214  5.377  13.958 0.5000000000
104518  47.412  3.563  17.529 0.5000000000
102600  43.508  1.584  3.785 0.6999999881
102570  46.127  2.079  7.154 0.8999999762
105678  46.485  5.316  9.267 0.8000000119
106758  46.531  5.894  12.459 0.5000000000
105619  46.107  4.966  14.647 0.6000000238
104494  48.011  3.470  18.338 0.5000000000
99107  43.195  -2.602  -1.981 0.6000000238
100930  42.702  -0.987  -1.480 0.6999999881
101749  42.932  0.910  1.157 0.6999999881
102610  43.552  1.625  2.831 0.6999999881
102599  44.462  1.693  4.111 0.6999999881
102579  45.794  1.594  6.298 0.8999999762
104610  46.271  3.159  7.649 0.8999999762
105692  46.277  4.902  8.575 0.8999999762
106778  46.929  5.681  10.642 0.8999999762
105618  47.079  4.945  14.773 0.5000000000
104531  47.864  4.153  17.114 0.5000000000
100057  42.979  -1.838  -1.787 0.6999999881
101766  42.585  -0.258  -0.036 0.6999999881
102634  43.279  1.215  1.292 0.6999999881
101728  45.020  1.490  5.414 0.8000000119
102578  46.330  2.058  6.631 0.8000000119
104594  46.780  3.979  7.939 0.8999999762
106777  47.815  5.267  10.633 0.8999999762
106757  47.500  5.483  12.459 0.6000000238
105608  47.303  4.562  15.536 0.5000000000
100065  43.208  -1.820  -2.384 0.6999999881
100922  42.866  -0.227  -1.175 0.6999999881
101757  43.176  0.876  0.623 0.6999999881
102621  44.284  1.918  2.093 0.6999999881
102608  45.468  1.893  3.287 0.6999999881
102589  45.705  1.779  5.466 0.8999999762
105677  47.130  5.107  9.243 0.8999999762
106749  47.753  5.265  13.367 0.5000000000
100936  42.996  -1.179  -2.254 0.6999999881
101765  43.014  0.354  -0.404 0.6999999881
102633  44.007  1.620  1.301 0.6999999881
102609  44.456  1.808  3.064 0.6999999881
102598  45.394  1.851  4.531 0.8000000119
102597  46.275  2.284  4.732 0.8999999762
103572  46.661  2.625  7.109 0.8000000119
105691  47.626  4.558  8.411 0.8999999762
106756  48.354  4.976  12.465 0.6000000238
100064  43.373  -1.490  -3.014 0.6999999881
100929  43.001  -0.347  -1.933 0.6999999881
101773  43.983  0.902  -0.847 0.6999999881
102632  44.922  1.792  1.259 0.6999999881
102620  45.329  1.838  2.199 0.6999999881
102588  46.546  2.248  5.687 0.8000000119
103585  47.087  2.718  6.245 0.8000000119
103571  47.401  3.225  6.831 0.8999999762
105703  48.261  4.188  7.870 0.8999999762
101781  43.507  0.238  -2.321 0.6999999881
101780  44.120  0.847  -1.787 0.6999999881
102645  44.368  1.407  0.557 0.6999999881
102596  46.905  2.692  4.969 0.8000000119
102644  45.349  1.560  0.396 0.6000000238
102631  45.964  1.662  1.225 0.6000000238
102607  46.413  2.217  3.560 0.8000000119
102606  46.880  2.576  4.182 0.8000000119
102587  46.982  2.671  5.444 0.8000000119
101789  44.069  0.816  -2.826 0.6999999881
102672  44.899  1.385  -2.223 0.6000000238
102619  46.608  1.767  2.305 0.6000000238
103621  46.974  2.166  2.748 0.8000000119
103620  47.420  2.429  3.422 0.8000000119
102655  45.647  1.478  -0.561 0.6000000238
103630  47.041  1.952  2.460 0.8000000119
102663  45.804  1.545  -1.614 0.6000000238
102643  46.287  1.749  0.179 0.6000000238
102654  46.667  1.790  -0.950 0.6000000238
112480  43.943  11.149  21.628 0.2000000030
111548  44.937  10.427  22.203 0.2000000030
111534  45.186  9.959  22.207 0.2000000030
110627  44.795  8.589  22.841 0.2000000030
107653  45.446  6.401  24.134 0.2000000030
107643  45.933  5.902  24.433 0.3000000119
101699  43.845  1.149  7.021 0.8000000119
104436  47.998  2.878  22.587 0.4000000060
101719  43.609  0.928  5.621 0.6999999881
103431  48.454  2.389  21.332 0.5000000000
102601  42.868  1.286  3.373 0.6999999881
103441  48.608  2.517  20.480 0.5000000000
98051  43.071  -2.923  -1.587 0.5000000000
99081  42.678  -2.429  -0.497 0.6000000238
101750  42.539  0.462  1.376 0.6999999881
98049  44.239  -3.749  -2.132 0.5000000000
100923  42.559  -0.720  -0.554 0.6999999881
98070  43.694  -3.118  -2.821 0.6000000238
100049  42.654  -1.673  -0.949 0.6999999881
101758  42.533  0.064  0.487 0.6999999881
102623  42.846  1.019  1.835 0.6999999881
104517  48.365  3.945  17.847 0.5000000000
98088  43.695  -2.745  -3.269 0.6999999881
105601  47.732  4.418  15.951 0.6000000238
105590  48.507  4.406  17.111 0.6000000238
98087  44.164  -3.064  -3.735 0.6999999881
106748  48.560  4.947  13.174 0.5000000000
105617  48.131  4.736  14.563 0.5000000000
99125  43.731  -2.244  -3.714 0.6999999881
100935  43.239  -0.563  -2.727 0.6999999881
105676  48.172  4.808  9.554 0.8999999762
101790  43.574  0.024  -3.216 0.6999999881
103598  47.505  3.042  5.417 0.8000000119
103584  48.097  3.404  6.334 0.8000000119
102681  44.765  1.477  -3.357 0.6000000238
102630  47.051  1.635  0.997 0.6999999881
103629  47.465  2.090  2.391 0.8000000119
102671  45.856  2.007  -2.741 0.6000000238
102662  46.551  2.002  -2.013 0.6000000238
103636  47.663  2.326  1.418 0.8000000119
102642  47.035  1.946  -0.113 0.6999999881
103648  47.363  2.545  -0.605 0.6999999881
103649  47.205  2.238  -1.082 0.6999999881
103656  47.434  2.798  -1.473 0.6999999881
113363  44.319  11.537  21.433 0.2000000030
113384  44.048  12.525  20.910 0.2000000030
112498  44.662  11.183  21.312 0.2000000030
110637  44.969  9.139  22.349 0.2000000030
109701  44.983  8.129  23.301 0.2000000030
109712  44.912  8.400  22.520 0.2000000030
108680  45.363  7.311  23.448 0.2000000030
106620  46.699  5.320  24.119 0.3000000119
105482  47.016  4.349  23.640 0.3000000119
104449  48.544  2.783  21.822 0.5000000000
104448  48.768  2.600  21.277 0.5000000000
103440  49.066  2.765  20.367 0.5000000000
96974  46.200  -4.288  -2.557 0.6000000238
96976  44.564  -3.858  -2.271 0.5000000000
104493  48.755  3.399  18.531 0.5000000000
103452  48.801  2.796  19.724 0.5000000000
96990  46.884  -4.176  -3.521 0.6000000238
96992  45.350  -3.891  -3.225 0.6000000238
105632  49.121  4.772  13.659 0.5000000000
105606  49.133  4.603  15.598 0.6000000238
96991  45.973  -3.983  -3.501 0.6000000238
98086  45.205  -3.635  -3.754 0.6000000238
105666  49.721  4.445  10.695 0.6999999881
105657  48.989  4.575  11.643 0.6999999881
99136  43.872  -1.843  -4.139 0.6999999881
100072  43.694  -1.427  -3.798 0.6999999881
104592  49.688  4.145  8.235 0.8999999762
105690  48.953  4.313  8.461 0.8999999762
98102  44.869  -2.973  -4.646 0.6000000238
104623  48.936  3.547  6.917 0.8999999762
99134  44.840  -2.482  -4.967 0.6000000238
100080  43.989  -1.457  -4.308 0.6000000238
100950  43.844  -0.720  -4.147 0.6999999881
103609  48.261  3.205  4.765 0.8000000119
100949  44.159  -0.417  -4.577 0.6000000238
103628  48.226  2.524  2.914 0.8000000119
103610  47.552  2.808  4.417 0.8000000119
101797  44.056  0.399  -4.127 0.6999999881
101805  44.690  0.726  -5.037 0.5000000000
102688  44.841  1.415  -4.465 0.6000000238
103641  47.410  2.432  0.375 0.6999999881
100957  45.387  -0.477  -5.813 0.5000000000
102696  45.168  1.319  -5.282 0.5000000000
102680  45.454  2.151  -3.929 0.5000000000
102670  46.525  2.228  -2.533 0.6000000238
104685  47.378  3.206  -0.184 0.6999999881
102695  45.948  1.635  -5.823 0.5000000000
103701  46.003  2.297  -5.287 0.5000000000
103679  46.270  2.602  -3.604 0.5000000000
103667  47.048  2.463  -2.551 0.6000000238
103657  47.140  2.302  -1.722 0.6000000238
103700  46.770  2.505  -5.524 0.5000000000
103689  46.846  2.980  -4.348 0.5000000000
103678  47.022  2.716  -3.378 0.5000000000
104706  48.103  3.396  -2.904 0.6000000238
104699  47.676  3.489  -2.100 0.6999999881
103688  47.427  3.118  -3.818 0.5000000000
104711  47.961  3.390  -3.744 0.5000000000
104705  48.325  3.903  -3.592 0.5000000000
114268  43.515  13.000  21.108 0.2000000030
114290  42.804  13.220  20.776 0.2000000030
112499  44.495  11.857  20.962 0.2000000030
111562  45.178  10.474  21.490 0.2000000030
112510  44.104  11.624  20.506 0.2000000030
112509  44.562  11.261  20.857 0.2000000030
110651  45.374  9.742  21.815 0.2000000030
111563  44.879  10.603  20.944 0.2000000030
108691  45.239  7.448  22.705 0.2000000030
109741  45.209  9.250  21.503 0.2000000030
109727  44.859  8.689  21.600 0.2000000030
107652  45.817  6.150  23.452 0.2000000030
108692  44.767  7.392  22.127 0.2000000030
107651  46.481  5.752  23.634 0.3000000119
107667  44.649  7.044  21.826 0.2000000030
107666  45.149  6.417  22.232 0.3000000119
106647  46.562  5.045  23.085 0.3000000119
107683  44.871  5.958  21.691 0.3000000119
105518  46.216  4.663  21.832 0.3000000119
105499  47.134  4.482  22.848 0.3000000119
105498  47.704  3.606  22.813 0.4000000060
105517  47.121  4.373  21.914 0.3000000119
105515  48.387  3.353  21.999 0.4000000060
105532  47.916  4.364  21.101 0.3000000119
104461  48.725  3.134  21.528 0.5000000000
105549  48.570  4.408  20.244 0.4000000060
105530  49.050  3.429  20.563 0.4000000060
105548  49.248  4.105  19.970 0.4000000060
103466  49.262  3.256  19.231 0.5000000000
96973  47.192  -4.359  -2.584 0.5000000000
105598  49.672  4.735  16.851 0.6000000238
105588  49.565  4.488  17.887 0.6000000238
104515  49.358  3.977  18.618 0.6000000238
98083  48.708  -4.155  -3.593 0.5000000000
98084  47.807  -4.007  -3.578 0.6000000238
105605  49.825  4.761  15.801 0.6000000238
97002  49.915  -4.356  -4.397 0.5000000000
105631  50.014  4.432  13.874 0.6000000238
98098  49.256  -4.078  -4.425 0.6000000238
98085  45.906  -3.755  -4.091 0.6999999881
105644  50.019  4.428  12.888 0.6000000238
105656  49.934  4.386  11.829 0.5000000000
105645  49.194  4.650  12.611 0.5000000000
97004  46.400  -3.798  -4.245 0.6000000238
98101  46.075  -3.362  -4.785 0.6000000238
105689  49.938  4.284  8.747 0.8999999762
98099  48.489  -3.714  -4.484 0.5000000000
104591  50.164  4.017  8.166 0.8999999762
104622  49.695  3.560  6.981 0.8000000119
98111  49.068  -3.808  -5.128 0.5000000000
99132  47.504  -2.982  -5.279 0.6000000238
99133  47.048  -2.921  -5.209 0.6000000238
103583  49.140  3.435  6.304 0.8000000119
99145  45.204  -2.098  -5.333 0.6000000238
99146  44.685  -1.646  -5.074 0.6000000238
103618  48.817  3.287  4.401 0.8999999762
98113  47.794  -3.048  -5.347 0.5000000000
99144  46.407  -2.380  -5.534 0.6000000238
100089  46.006  -1.302  -5.955 0.6000000238
100958  44.570  -0.213  -5.189 0.6000000238
103635  48.178  2.501  2.132 0.8000000119
99142  48.288  -2.930  -6.314 0.6000000238
99143  47.719  -2.509  -5.935 0.6000000238
100088  47.098  -1.628  -6.129 0.6000000238
104676  47.474  3.394  0.775 0.6999999881
100087  47.672  -1.751  -6.520 0.6000000238
100966  46.181  -0.190  -6.430 0.5000000000
101804  45.319  0.539  -5.841 0.5000000000
104692  47.348  3.516  -1.113 0.6999999881
100099  47.465  -1.108  -6.667 0.6000000238
101811  46.801  0.553  -6.680 0.5000000000
105782  46.756  4.290  -0.824 0.8000000119
100964  47.616  -0.607  -7.080 0.5000000000
101810  47.433  0.351  -7.173 0.5000000000
102694  46.683  1.805  -6.184 0.5000000000
105803  48.043  4.345  -2.907 0.6000000238
105794  46.961  4.547  -1.758 0.8000000119
100098  47.832  -1.493  -7.129 0.5000000000
100972  47.690  -0.470  -7.537 0.5000000000
103711  47.003  2.066  -6.284 0.5000000000
104720  47.540  3.400  -4.712 0.5000000000
104710  48.305  3.811  -4.427 0.5000000000
105824  48.457  4.780  -4.385 0.5000000000
105813  48.271  4.736  -3.855 0.6000000238
101817  47.699  0.556  -7.698 0.5000000000
102704  47.516  1.380  -7.292 0.5000000000
103709  47.762  2.871  -6.787 0.5000000000
104729  47.852  3.611  -6.122 0.5000000000
105823  48.508  4.531  -5.024 0.5000000000
102713  47.536  2.005  -7.626 0.5000000000
103718  47.619  2.474  -7.138 0.5000000000
98139  46.880  -3.116  -7.461 0.4000000060
99168  46.717  -2.261  -7.773 0.4000000060
115177  41.440  14.094  21.158 0.2000000030
113385  43.450  12.732  20.668 0.2000000030
115165  39.232  14.223  21.960 0.1000000015
114271  40.498  13.983  21.143 0.1000000015
114291  41.707  13.526  20.612 0.2000000030
113393  43.607  12.223  20.451 0.2000000030
114293  39.706  13.604  20.308 0.1000000015
114309  41.011  13.135  19.921 0.1000000015
113395  42.090  12.302  19.597 0.2000000030
113396  41.227  12.524  19.497 0.2000000030
111573  43.810  10.766  20.111 0.2000000030
113401  41.334  11.888  19.184 0.2000000030
112512  42.566  11.753  19.641 0.2000000030
110668  44.489  9.796  20.606 0.2000000030
109742  44.850  8.934  21.083 0.2000000030
112516  41.896  11.321  19.146 0.2000000030
110683  42.614  9.577  19.418 0.2000000030
109753  43.629  8.685  20.285 0.2000000030
109754  42.960  8.667  19.680 0.2000000030
108709  44.078  7.319  21.208 0.2000000030
106702  43.411  5.777  18.325 0.2000000030
106687  43.715  5.756  19.305 0.3000000119
107697  43.641  6.621  20.288 0.3000000119
107684  44.345  6.515  21.282 0.3000000119
106686  44.602  5.190  19.488 0.3000000119
107696  44.028  6.019  20.617 0.3000000119
105592  45.612  4.963  18.291 0.3000000119
106700  45.081  5.074  18.666 0.3000000119
105552  45.467  4.772  19.676 0.3000000119
105534  45.764  4.692  20.807 0.3000000119
106717  47.294  5.594  18.187 0.3000000119
106699  47.047  5.017  18.585 0.3000000119
105572  45.591  4.865  18.836 0.3000000119
105551  46.546  4.445  19.899 0.3000000119
107739  48.006  6.325  18.227 0.4000000060
106698  47.909  5.307  18.970 0.3000000119
105570  47.170  4.612  19.184 0.3000000119
105550  47.711  4.458  19.953 0.3000000119
105533  46.899  4.426  20.942 0.3000000119
107720  48.425  5.882  18.816 0.4000000060
106696  49.450  5.437  18.911 0.4000000060
106697  48.756  5.496  19.159 0.4000000060
106716  50.044  5.651  17.485 0.6000000238
105568  49.654  5.194  18.489 0.5000000000
105569  49.487  4.588  18.830 0.5000000000
105597  50.047  5.059  17.196 0.6000000238
106735  50.789  5.099  14.195 0.6000000238
105614  50.645  4.891  14.852 0.6000000238
105604  50.235  5.059  16.161 0.6000000238
105654  51.259  4.730  12.465 0.6000000238
105642  51.068  4.806  13.324 0.6000000238
105655  50.743  4.446  12.130 0.6000000238
106776  51.438  5.257  10.953 0.6999999881
105664  51.210  4.798  11.403 0.6000000238
104582  50.923  4.162  9.086 0.8000000119
106797  51.557  5.147  9.255 0.6999999881
104590  50.742  3.822  8.252 0.8999999762
104581  51.122  4.144  8.741 0.8000000119
103558  51.028  3.533  7.578 0.8999999762
103570  50.838  3.430  7.272 0.8999999762
103596  49.455  3.404  5.586 0.8999999762
98112  48.436  -3.370  -5.624 0.5000000000
104618  51.650  3.892  5.957 0.6999999881
103594  50.996  3.417  5.930 0.8999999762
103595  50.370  3.415  5.457 0.8999999762
104646  49.353  3.416  4.661 0.8999999762
103616  51.186  3.341  4.283 0.8999999762
104655  50.441  3.441  3.626 0.8999999762
104667  49.705  3.646  2.772 0.8999999762
104657  48.744  2.852  3.231 0.8000000119
98123  48.429  -3.398  -6.657 0.5000000000
105758  48.465  3.590  1.988 0.8999999762
104675  48.196  3.101  1.660 0.8999999762
99155  47.945  -2.046  -6.648 0.6000000238
105748  48.699  4.231  2.321 0.8999999762
105759  47.809  4.076  1.690 0.8999999762
104677  46.948  3.971  0.475 0.8999999762
97040  48.271  -4.002  -7.052 0.5000000000
99154  48.262  -2.502  -6.945 0.6000000238
105783  46.105  4.734  -0.326 0.8999999762
98137  48.210  -3.339  -7.363 0.6000000238
100097  47.879  -2.063  -7.470 0.6000000238
106890  46.315  4.994  -1.572 0.8000000119
98138  47.598  -3.286  -7.587 0.6000000238
100108  47.783  -2.152  -7.697 0.5000000000
100985  47.634  -0.216  -8.002 0.5000000000
106917  48.147  5.439  -4.567 0.5000000000
106910  47.076  5.634  -3.394 0.8000000119
107934  46.942  6.681  -5.586 0.6000000238
99167  47.489  -2.487  -7.729 0.6000000238
100109  47.554  -1.403  -7.902 0.5000000000
100125  47.208  -0.826  -8.304 0.5000000000
101825  47.590  0.743  -8.077 0.5000000000
105833  48.169  4.101  -6.052 0.5000000000
106924  48.311  4.831  -5.833 0.5000000000
107933  47.499  6.126  -4.925 0.5000000000
100110  46.559  -1.270  -8.079 0.4000000060
100973  46.843  -0.633  -8.339 0.5000000000
101826  47.103  0.919  -8.243 0.5000000000
102725  47.423  1.698  -7.983 0.5000000000
104751  47.685  3.127  -7.271 0.5000000000
105848  47.298  4.510  -6.750 0.5000000000
105849  46.675  4.917  -6.562 0.5000000000
114273  38.407  13.823  21.182 0.1000000015
113397  40.380  12.617  19.355 0.1000000015
111579  42.213  10.412  19.189 0.2000000030
107707  43.073  6.705  18.984 0.2000000030
109767  41.542  8.502  18.326 0.2000000030
106721  43.313  5.839  17.523 0.3000000119
106703  42.853  6.041  17.989 0.2000000030
108742  41.985  7.643  18.663 0.2000000030
107758  44.011  6.838  16.039 0.3000000119
107759  43.130  6.925  15.979 0.3000000119
106728  43.733  5.871  16.913 0.3000000119
106701  44.327  5.300  18.492 0.3000000119
108777  44.938  7.356  15.932 0.3000000119
108768  45.346  6.920  16.497 0.3000000119
107742  45.154  5.912  17.249 0.3000000119
107749  46.522  6.860  16.911 0.3000000119
107740  46.901  6.244  17.419 0.4000000060
108766  47.272  7.299  16.976 0.4000000060
108758  47.609  6.779  17.549 0.4000000060
108757  48.145  7.135  17.581 0.4000000060
107738  48.868  6.788  17.984 0.4000000060
108756  48.852  7.417  17.382 0.4000000060
107737  49.547  6.832  17.340 0.4000000060
107718  49.520  6.266  18.230 0.4000000060
107748  49.871  6.702  16.740 0.4000000060
106727  50.222  5.668  16.613 0.6000000238
107765  50.521  6.183  14.061 0.6000000238
106736  50.682  5.579  14.408 0.6000000238
106747  50.732  5.748  13.718 0.6000000238
106746  50.931  5.326  13.502 0.6000000238
106765  51.544  5.219  11.928 0.6000000238
106824  51.503  5.361  5.982 0.6999999881
106811  51.846  4.930  6.954 0.6999999881
105721  51.543  5.081  5.274 0.6999999881
104632  51.604  3.925  5.042 0.8999999762
105745  51.446  4.778  2.851 0.8999999762
104653  51.666  4.116  3.900 0.8999999762
105747  49.855  4.577  2.441 0.8999999762
105746  50.753  4.799  2.436 0.8000000119
106848  48.981  5.400  2.485 0.8999999762
106862  47.019  4.835  1.870 0.8999999762
105760  46.637  4.415  0.994 0.8999999762
105772  45.861  4.793  0.332 0.8999999762
106872  45.166  5.526  0.591 0.8999999762
106891  45.695  5.557  -1.355 0.8999999762
107915  45.677  6.684  -3.408 0.8000000119
107924  46.611  6.411  -4.305 0.8000000119
108952  45.612  7.338  -4.736 0.6999999881
107744  41.851  6.719  17.205 0.3000000119
109776  41.000  8.349  17.515 0.2000000030
110694  40.894  9.425  17.946 0.2000000030
110709  44.670  9.003  15.239 0.2000000030
109793  44.395  8.197  15.387 0.3000000119
108779  42.764  7.578  15.451 0.3000000119
106730  42.620  6.220  17.108 0.3000000119
108769  41.093  7.685  16.155 0.3000000119
110698  39.973  9.486  17.044 0.2000000030
110716  45.783  10.014  14.719 0.3000000119
110717  44.898  9.881  14.945 0.3000000119
109792  45.406  8.316  15.598 0.3000000119
108776  45.645  7.743  15.932 0.3000000119
107760  42.192  6.976  15.865 0.3000000119
109797  40.566  8.622  15.329 0.3000000119
110703  39.968  9.219  15.843 0.2000000030
111589  39.085  10.454  16.330 0.1000000015
110707  46.233  9.362  14.830 0.3000000119
110708  45.592  9.228  15.195 0.3000000119
109784  46.093  8.016  15.941 0.3000000119
109783  46.845  7.996  16.267 0.3000000119
109791  46.489  8.568  15.418 0.3000000119
109790  47.484  8.176  15.850 0.3000000119
109782  47.707  8.030  16.600 0.3000000119
108775  48.787  7.521  15.865 0.5000000000
108755  49.297  7.446  17.020 0.4000000060
108786  49.450  7.106  14.200 0.5000000000
108774  49.425  7.086  15.261 0.5000000000
108762  49.951  6.766  15.505 0.5000000000
108801  49.847  7.251  12.043 0.6000000238
108785  50.223  6.708  13.594 0.6000000238
107757  50.395  6.259  15.060 0.5000000000
108811  50.099  7.012  10.024 0.5000000000
108805  50.640  6.749  10.799 0.6000000238
107776  51.211  6.384  12.084 0.6000000238
107773  50.860  6.034  13.063 0.6000000238
107800  50.146  6.570  8.318 0.6000000238
107784  51.063  6.319  10.368 0.6000000238
107783  51.398  5.790  10.704 0.6000000238
107778  51.483  5.807  11.544 0.6000000238
107805  49.914  6.666  7.383 0.6000000238
107804  50.648  6.411  7.754 0.6000000238
107791  51.394  5.747  9.855 0.6999999881
106787  51.587  5.292  10.159 0.6000000238
107812  49.763  6.771  6.445 0.5000000000
107811  50.387  6.371  6.888 0.6000000238
107810  50.959  6.124  7.246 0.6999999881
107825  49.745  6.946  5.524 0.5000000000
107824  50.279  6.440  5.914 0.6000000238
107823  50.934  6.043  6.437 0.6000000238
106804  51.609  5.146  8.033 0.6999999881
109868  50.249  7.920  3.046 0.6000000238
107842  50.601  6.608  3.678 0.6000000238
107833  50.917  6.080  5.403 0.6000000238
109869  49.781  8.225  3.109 0.6000000238
108874  50.647  7.406  2.234 0.6999999881
106845  51.396  5.588  3.166 0.6999999881
108890  48.702  7.971  1.333 0.6999999881
107852  49.192  6.454  2.156 0.6999999881
106849  47.750  5.195  2.345 0.8999999762
109893  48.529  8.870  0.726 0.6999999881
109894  47.756  8.641  1.421 0.6999999881
108878  46.421  7.016  2.481 0.8000000119
106850  46.555  5.566  2.295 0.8999999762
110825  46.909  9.357  1.141 0.8000000119
109896  45.493  8.041  2.028 0.8000000119
107866  45.393  6.319  1.924 0.8000000119
107876  45.090  6.034  1.262 0.8999999762
107896  44.688  6.642  -1.303 0.8999999762
110880  42.603  9.228  -3.618 0.8999999762
110826  45.773  9.168  1.491 0.8000000119
108892  44.842  7.187  1.860 0.8000000119
107877  44.487  6.428  0.663 0.8000000119
108922  44.316  7.189  -1.454 0.8999999762
108934  43.650  7.976  -2.657 0.8999999762
110827  44.644  8.869  1.510 0.8000000119
109897  44.331  8.013  1.651 0.8000000119
108893  43.990  7.186  1.184 0.8000000119
108914  43.730  7.305  -0.611 0.8000000119
109898  43.628  8.152  1.117 0.8000000119
110718  43.755  9.420  14.646 0.2000000030
109794  43.428  8.327  15.034 0.2000000030
108778  43.791  7.498  15.575 0.3000000119
112555  46.858  11.284  13.953 0.2000000030
111600  44.305  10.607  14.517 0.2000000030
109795  42.323  8.246  14.976 0.2000000030
110712  39.559  9.745  15.271 0.2000000030
111593  39.096  10.489  15.511 0.2000000030
111617  46.782  10.839  12.624 0.2000000030
110730  46.492  9.962  13.189 0.2000000030
110715  46.460  10.000  14.139 0.2000000030
110719  42.475  9.657  14.330 0.2000000030
110721  40.414  9.625  14.586 0.2000000030
111604  39.680  10.372  14.672 0.2000000030
112544  38.849  11.345  14.949 0.2000000030
109816  46.820  9.107  13.646 0.2000000030
109802  46.753  8.895  14.491 0.3000000119
109801  47.434  8.352  14.999 0.3000000119
109821  47.273  8.413  12.287 0.4000000060
109818  47.319  8.474  13.172 0.4000000060
109815  47.522  8.341  14.029 0.3000000119
109800  48.128  7.912  15.435 0.3000000119
108803  47.898  7.868  12.818 0.4000000060
108797  48.456  7.560  13.704 0.4000000060
108787  48.696  7.422  14.876 0.5000000000
108813  48.114  7.765  10.860 0.4000000060
108807  49.006  7.417  11.457 0.6000000238
108802  48.817  7.422  12.477 0.5000000000
108822  48.082  7.738  8.701 0.5000000000
108816  48.991  7.365  9.366 0.5000000000
108812  49.099  7.454  10.436 0.5000000000
108806  49.971  7.204  11.072 0.5000000000
108826  48.057  7.792  7.644 0.4000000060
108821  48.810  7.345  8.301 0.6000000238
108815  49.606  6.860  8.892 0.6000000238
113534  43.137  12.594  1.822 0.6000000238
113543  42.639  12.405  1.378 0.6000000238
109844  47.993  7.951  6.456 0.4000000060
108825  48.743  7.498  7.341 0.6000000238
108820  49.391  6.963  7.864 0.6000000238
114497  45.697  13.572  1.342 0.6999999881
114499  44.004  13.300  0.658 0.6000000238
113542  43.301  12.845  1.030 0.6000000238
109853  47.546  8.723  5.519 0.4000000060
108833  48.535  7.588  6.401 0.5000000000
108824  49.297  7.182  6.908 0.6000000238
114505  45.569  13.559  0.338 0.6000000238
114498  44.762  13.505  1.076 0.6000000238
113551  43.464  13.148  0.085 0.6000000238
113552  42.721  12.679  0.312 0.6000000238
109861  47.562  8.984  4.927 0.4000000060
109860  48.133  8.562  4.700 0.5000000000
108832  49.123  7.132  5.952 0.5000000000
114506  44.728  13.525  0.055 0.6000000238
114513  44.548  13.792  -0.727 0.6000000238
113559  43.580  13.457  -0.458 0.6000000238
110786  48.072  9.099  3.829 0.4000000060
108856  48.931  7.819  4.370 0.5000000000
114511  46.324  13.631  -0.317 0.6000000238
114512  45.413  13.705  -0.667 0.6000000238
115344  44.921  13.820  -1.198 0.6000000238
109880  49.007  8.827  2.799 0.6000000238
109879  49.441  8.786  2.495 0.6000000238
109892  49.795  8.434  1.621 0.6000000238
114521  47.037  13.489  -0.898 0.6000000238
114535  46.919  13.397  -1.637 0.6000000238
114536  46.244  13.334  -1.844 0.6000000238
114538  44.514  13.641  -2.377 0.6000000238
110834  49.339  9.463  1.046 0.6999999881
112676  47.185  12.154  -1.890 0.6000000238
112677  46.168  12.144  -1.669 0.6000000238
113570  45.169  12.787  -1.937 0.6000000238
113571  44.603  12.681  -2.077 0.6999999881
109905  49.359  8.729  0.830 0.6999999881
110823  48.261  9.347  0.282 0.6999999881
111755  47.895  10.789  -0.899 0.6999999881
112661  46.207  11.589  -1.089 0.6999999881
112663  44.318  11.579  -0.792 0.8000000119
112679  43.924  12.249  -2.065 0.8000000119
110838  46.114  10.086  0.838 0.6999999881
111740  46.385  10.662  -0.174 0.6999999881
111741  45.273  10.691  0.337 0.6999999881
111759  43.509  10.560  -0.154 0.8000000119
111760  42.575  10.489  -0.785 0.8000000119
110862  42.397  9.441  -1.529 0.8000000119
110870  42.322  9.491  -2.496 0.8999999762
111742  44.316  10.333  0.525 0.8000000119
110851  42.731  9.367  -0.404 0.8000000119
109915  43.141  8.321  -0.926 0.8000000119
110839  44.922  9.841  1.083 0.8000000119
110840  43.767  9.273  0.752 0.8000000119
112562  47.507  11.835  12.083 0.2000000030
112559  47.459  11.698  12.867 0.2000000030
113454  48.225  12.951  12.185 0.2000000030
112560  47.201  11.390  12.462 0.2000000030
112565  47.566  11.841  11.222 0.2000000030
110732  46.378  9.856  12.209 0.3000000119
109822  46.623  8.976  11.762 0.4000000060
109824  47.279  8.329  11.303 0.4000000060
108808  48.101  7.929  11.869 0.4000000060
110736  46.152  9.581  10.082 0.3000000119
109825  46.540  8.823  10.719 0.3000000119
109829  46.512  8.720  9.610 0.3000000119
109828  47.232  8.170  10.243 0.4000000060
110743  46.270  9.462  7.953 0.4000000060
109837  47.301  8.215  8.013 0.5000000000
114489  43.833  13.027  1.947 0.6999999881
114490  43.116  12.754  2.336 0.6999999881
110750  46.487  9.452  7.117 0.4000000060
109845  47.385  8.436  6.680 0.4000000060
114488  44.854  13.746  2.153 0.6000000238
114477  44.004  13.623  3.190 0.5000000000
111670  46.522  10.207  5.980 0.4000000060
114496  46.654  13.464  1.544 0.5000000000
114487  45.935  13.780  2.352 0.5000000000
111681  46.701  10.424  5.181 0.4000000060
110772  47.159  9.230  5.154 0.4000000060
114504  46.497  13.415  0.618 0.6999999881
114503  47.023  13.379  0.437 0.5000000000
110787  47.405  9.413  4.342 0.4000000060
113549  47.459  13.119  0.398 0.6000000238
111693  47.962  9.894  3.263 0.4000000060
110800  48.308  9.432  3.231 0.5000000000
110813  49.184  9.416  2.280 0.6000000238
113567  47.929  12.302  -1.176 0.6999999881
111709  48.374  10.200  2.702 0.5000000000
111723  49.079  9.929  2.081 0.5000000000
111736  49.229  10.028  1.474 0.6000000238
112659  48.248  11.788  -0.826 0.6999999881
110835  48.649  9.629  0.261 0.6999999881
110850  48.150  10.094  -0.395 0.6999999881
110849  48.321  10.280  -0.355 0.6999999881
113457  48.635  13.028  10.988 0.2000000030
113458  47.998  12.400  11.597 0.2000000030
113461  48.261  12.357  10.622 0.2000000030
112563  47.063  11.314  11.823 0.2000000030
111619  46.583  10.590  11.550 0.2000000030
112566  46.938  11.269  10.881 0.2000000030
110734  46.324  9.706  11.158 0.2000000030
111621  46.422  10.497  10.506 0.3000000119
110739  46.228  9.518  8.983 0.3000000119
111624  46.314  10.436  9.428 0.3000000119
112597  47.540  11.708  8.165 0.3000000119
112598  46.821  11.021  7.742 0.3000000119
113503  47.959  12.479  6.585 0.3000000119
112610  46.695  10.866  6.650 0.3000000119
114475  46.332  14.072  3.310 0.5000000000
112616  47.222  11.666  6.046 0.3000000119
112617  46.754  10.921  5.631 0.3000000119
114474  47.314  14.440  3.462 0.5000000000
114486  46.948  13.900  2.507 0.5000000000
112623  46.753  10.899  5.185 0.4000000060
114484  48.145  13.511  2.935 0.5000000000
114485  47.769  13.922  2.662 0.5000000000
114495  47.535  13.525  1.802 0.5000000000
113540  47.236  13.120  1.123 0.5000000000
113511  47.794  12.395  5.498 0.4000000060
112629  47.547  11.545  3.723 0.4000000060
112636  47.738  11.779  3.038 0.5000000000
113532  48.292  12.625  2.310 0.5000000000
114494  48.093  13.355  2.142 0.5000000000
113539  48.116  12.809  1.144 0.5000000000
113548  47.985  12.489  -0.067 0.6000000238
112635  48.254  11.489  2.444 0.5000000000
112641  48.522  11.654  1.458 0.5000000000
112646  48.426  11.679  0.357 0.5000000000
111724  48.803  10.667  1.815 0.6000000238
111737  48.870  10.561  0.831 0.6000000238
111754  48.448  10.764  -0.162 0.6999999881
114386  49.255  13.855  10.183 0.2000000030
113460  48.970  12.947  9.952 0.2000000030
114385  49.639  14.240  9.350 0.2000000030
114395  49.701  14.112  8.662 0.2000000030
112572  47.582  11.830  10.241 0.2000000030
113470  49.056  12.853  8.950 0.2000000030
113471  48.323  12.358  9.598 0.2000000030
112573  46.830  11.254  9.850 0.3000000119
114407  49.638  13.985  7.877 0.2000000030
113469  49.452  13.477  8.348 0.2000000030
113484  48.336  12.290  8.577 0.3000000119
112584  47.550  11.807  9.205 0.3000000119
113483  48.918  12.904  7.987 0.2000000030
112585  46.768  11.202  8.781 0.3000000119
113494  48.213  12.328  7.573 0.3000000119
113493  48.860  12.867  7.034 0.3000000119
114464  44.538  13.703  4.298 0.5000000000
113502  48.658  13.135  6.098 0.3000000119
114476  45.187  14.050  3.225 0.5000000000
113517  48.216  12.989  4.133 0.4000000060
114472  48.289  13.730  3.872 0.5000000000
113518  47.832  12.268  4.452 0.4000000060
113526  47.879  12.340  3.563 0.5000000000
113525  48.174  12.955  3.270 0.5000000000
115246  49.534  14.839  9.780 0.2000000030
116036  49.346  15.651  9.366 0.2000000030
115255  49.661  14.784  8.988 0.2000000030
116052  48.951  15.449  8.694 0.2000000030
116051  49.430  15.098  8.660 0.2000000030
113482  49.338  13.426  7.490 0.2000000030
114434  49.157  13.848  6.314 0.2000000030
115293  49.202  14.303  6.814 0.2000000030
114435  48.943  13.561  6.069 0.3000000119
114463  45.791  13.992  4.202 0.5000000000
114454  44.024  13.479  5.445 0.3000000119
113510  48.401  12.981  5.049 0.4000000060
114449  48.740  13.721  5.577 0.3000000119
115318  48.378  14.176  4.784 0.4000000060
115319  47.916  14.624  4.444 0.5000000000
114452  46.603  14.236  5.096 0.5000000000
116780  48.780  16.566  9.892 0.2000000030
116781  48.106  16.719  9.746 0.2000000030
116782  47.264  16.827  10.118 0.2000000030
116783  46.042  16.512  9.937 0.2000000030
117498  44.570  17.595  8.397 0.2000000030
116037  48.658  15.973  9.354 0.2000000030
116039  46.847  15.730  9.696 0.2000000030
117489  44.257  16.980  8.618 0.2000000030
117490  43.485  16.847  8.469 0.2000000030
116795  42.841  16.123  8.669 0.2000000030
116053  48.465  15.533  8.949 0.2000000030
115256  47.400  15.229  9.206 0.2000000030
116784  44.900  16.309  9.527 0.2000000030
116794  43.907  16.130  8.987 0.2000000030
116796  41.891  16.239  8.642 0.2000000030
117492  41.832  16.986  8.416 0.2000000030
117502  41.260  17.553  8.090 0.2000000030
115270  48.066  14.742  8.386 0.2000000030
116054  43.077  15.291  8.913 0.2000000030
116797  41.117  16.495  8.351 0.2000000030
115269  49.122  14.840  8.138 0.2000000030
115283  48.241  14.712  6.913 0.2000000030
114436  47.758  14.589  6.252 0.2000000030
114422  46.663  13.836  7.216 0.2000000030
114423  45.539  13.450  7.397 0.2000000030
114411  43.742  13.594  8.432 0.3000000119
114441  42.532  13.749  6.631 0.3000000119
114427  41.657  14.140  7.163 0.2000000030
114448  48.979  14.063  5.928 0.2000000030
115295  48.265  14.670  6.042 0.2000000030
114450  47.902  14.682  5.755 0.2000000030
114437  47.102  14.059  6.221 0.2000000030
114438  45.997  13.736  6.258 0.3000000119
114439  44.797  13.279  6.372 0.3000000119
114440  43.599  13.400  6.530 0.3000000119
114455  43.046  13.661  5.767 0.3000000119
115307  48.628  14.305  5.750 0.2000000030
115309  47.412  14.570  4.798 0.3000000119
118195  44.023  18.009  7.546 0.2000000030
117500  43.294  17.496  8.021 0.2000000030
118196  43.208  18.134  7.512 0.2000000030
118198  41.034  18.557  7.503 0.2000000030
118197  42.219  18.388  7.495 0.2000000030
117501  42.402  17.596  8.035 0.2000000030
116040  45.737  15.468  9.747 0.2000000030
115258  45.344  14.551  9.438 0.2000000030
116041  44.761  15.292  9.564 0.2000000030
116805  40.337  16.672  7.985 0.2000000030
115260  43.981  14.535  9.217 0.2000000030
116055  42.136  15.400  8.654 0.2000000030
115257  46.619  14.662  9.155 0.2000000030
115272  44.833  14.124  9.198 0.2000000030
116065  40.094  15.542  7.295 0.2000000030
115271  47.089  14.315  8.478 0.2000000030
114421  47.525  14.384  7.140 0.2000000030
114409  46.308  13.896  8.313 0.2000000030
114410  44.984  13.700  8.568 0.2000000030
114412  42.774  13.879  8.300 0.2000000030
115285  41.386  14.547  7.600 0.2000000030
114397  45.745  14.025  9.054 0.2000000030
118209  43.208  18.667  6.869 0.2000000030
118210  42.515  18.908  6.847 0.2000000030
118972  44.057  18.936  6.189 0.2000000030
118974  42.108  19.297  6.394 0.2000000030
116057  40.600  16.019  8.039 0.2000000030
116806  39.389  16.751  7.478 0.2000000030
115274  43.412  14.401  8.894 0.2000000030
115275  42.444  14.578  8.533 0.2000000030
115276  41.740  14.820  8.297 0.2000000030
115273  44.204  14.068  9.057 0.2000000030
114413  42.274  14.131  8.177 0.2000000030
116064  40.792  15.040  7.567 0.2000000030
110652  43.386  9.451  22.136 0.3000000119
109715  43.231  8.131  22.723 0.2000000030
107655  43.189  6.491  23.548 0.2000000030
105503  42.264  4.641  23.062 0.3000000119
104440  44.320  3.725  22.991 0.5000000000
104475  42.999  3.505  19.794 0.4000000060
103510  43.729  3.147  16.552 0.5000000000
103455  45.635  2.388  19.816 0.5000000000
104543  43.892  3.563  15.629 0.5000000000
103509  44.816  3.105  16.707 0.5000000000
105622  43.726  4.543  14.344 0.6000000238
104597  43.825  3.544  8.165 0.8000000119
106770  44.264  6.073  11.469 0.8000000119
107787  44.627  6.164  10.672 0.8000000119
106760  44.554  5.851  12.323 0.6999999881
106753  44.112  5.415  12.967 0.6000000238
105635  44.945  5.095  13.930 0.6000000238
104542  45.030  3.875  15.298 0.6000000238
103491  45.885  3.072  17.310 0.5000000000
102571  45.431  1.701  7.122 0.8000000119
106769  45.155  6.247  11.357 0.6999999881
106751  45.736  5.614  13.387 0.6999999881
105610  45.668  4.396  15.110 0.6000000238
104519  46.637  3.368  16.966 0.5000000000
101718  44.412  1.141  5.858 0.8000000119
104540  46.465  4.179  15.867 0.5000000000
101717  45.127  1.346  6.054 0.8999999762
106779  46.004  5.924  10.514 0.8000000119
106767  47.237  5.642  11.535 0.8999999762
106750  46.809  5.687  13.354 0.5000000000
99094  42.877  -2.434  -1.313 0.6000000238
102622  43.427  1.548  1.977 0.6999999881
101756  43.784  1.211  0.473 0.6999999881
106766  48.108  5.083  11.561 0.8000000119
105607  48.297  4.515  15.431 0.5000000000
101774  43.397  0.332  -1.415 0.6999999881
104593  47.601  4.032  7.702 0.8999999762
104609  47.147  3.445  7.393 0.8999999762
105667  48.686  4.659  10.625 0.8000000119
102656  44.712  1.250  -0.265 0.6999999881
102664  44.848  1.319  -1.196 0.6000000238
102618  47.290  1.798  1.780 0.8000000119
98069  44.420  -3.657  -2.794 0.6000000238
105589  49.058  4.387  17.451 0.6000000238
105599  49.101  4.591  16.538 0.6000000238
105675  49.363  4.423  9.601 0.8000000119
104607  49.387  3.904  7.646 0.8999999762
105674  50.431  4.315  9.469 0.8000000119
98114  45.517  -2.765  -5.196 0.6000000238
103619  48.368  2.824  3.855 0.8000000119
103608  48.973  3.317  5.038 0.8000000119
100090  44.991  -1.159  -5.420 0.6000000238
103690  46.055  2.601  -4.621 0.5000000000
104693  47.192  3.702  -0.528 0.6999999881
102706  46.541  1.259  -6.409 0.5000000000
103666  47.581  2.850  -2.290 0.6000000238
104721  47.032  3.116  -4.993 0.5000000000
103677  47.670  2.857  -3.119 0.5000000000
105793  47.505  4.119  -1.905 0.6999999881
104719  48.070  3.778  -5.362 0.5000000000
105802  48.321  4.318  -3.613 0.6000000238
110681  44.089  10.283  20.341 0.2000000030
108721  44.356  8.398  21.061 0.2000000030
106648  45.980  5.372  22.681 0.3000000119
106662  45.362  5.358  21.704 0.3000000119
106684  48.472  4.932  19.608 0.3000000119
106682  49.362  4.778  19.351 0.4000000060
105615  49.983  4.517  14.820 0.6000000238
105643  50.730  4.479  13.136 0.6000000238
98100  47.338  -3.541  -4.622 0.5000000000
105665  50.599  4.544  10.919 0.6999999881
104606  50.220  3.722  7.581 0.8999999762
103582  49.970  3.501  6.342 0.8999999762
104656  49.243  3.393  3.683 0.8999999762
104668  48.862  3.083  2.484 0.8000000119
100100  46.839  -0.910  -6.394 0.5000000000
100965  47.142  -0.320  -6.750 0.5000000000
104686  47.096  3.819  -0.019 0.8000000119
106880  46.076  5.014  -0.883 0.8999999762
102705  47.122  1.407  -6.677 0.5000000000
105804  47.379  4.677  -2.364 0.6999999881
106900  47.474  5.069  -2.900 0.6999999881
103710  47.404  2.430  -6.576 0.5000000000
103699  47.266  2.841  -5.824 0.5000000000
104742  47.725  3.147  -6.458 0.5000000000
102714  47.643  1.539  -7.676 0.5000000000
103729  47.488  2.464  -7.538 0.5000000000
114292  40.740  13.622  20.460 0.2000000030
114307  42.438  12.740  20.174 0.2000000030
111574  43.047  10.537  19.649 0.2000000030
110669  43.973  9.291  20.460 0.2000000030
108722  43.895  7.825  20.768 0.2000000030
108732  42.698  7.747  19.125 0.2000000030
105535  45.088  4.932  20.421 0.3000000119
106719  45.230  5.313  17.864 0.3000000119
106718  46.324  5.171  17.984 0.4000000060
107736  50.094  6.286  17.047 0.5000000000
106732  50.436  5.628  15.548 0.6000000238
105673  51.224  4.631  9.861 0.8000000119
105701  51.605  4.527  7.829 0.6999999881
104588  51.589  3.878  7.416 0.6999999881
104619  51.326  3.540  6.425 0.8999999762
105720  51.670  4.547  5.515 0.6999999881
104633  51.337  3.592  5.486 0.8999999762
103607  50.729  3.270  4.451 0.8999999762
104645  50.015  3.524  4.506 0.8999999762
104666  50.668  3.905  2.743 0.8999999762
105749  47.991  4.520  2.110 0.8999999762
105771  46.527  4.287  0.116 0.8999999762
106881  45.383  5.348  -0.418 0.8999999762
106902  45.979  5.555  -2.044 0.8000000119
107905  46.120  5.861  -2.419 0.8000000119
106916  48.374  5.186  -5.296 0.5000000000
107923  47.495  5.997  -4.468 0.6000000238
107914  46.375  6.174  -2.965 0.8000000119
108951  46.425  7.068  -5.015 0.6000000238
106926  46.920  5.729  -6.007 0.5000000000
100986  47.168  -0.069  -8.318 0.5000000000
105859  47.657  3.531  -7.233 0.5000000000
106937  47.869  4.793  -6.300 0.5000000000
105834  47.129  4.905  -5.947 0.5000000000
104764  46.962  2.806  -7.808 0.5000000000
104753  46.822  3.385  -7.648 0.5000000000
105861  46.471  4.426  -7.345 0.5000000000
107722  42.163  6.597  18.137 0.2000000030
110697  40.562  8.949  17.393 0.2000000030
107752  43.502  6.368  16.479 0.3000000119
108743  41.541  7.563  17.925 0.3000000119
107751  44.613  6.356  16.619 0.3000000119
107750  45.774  6.539  16.973 0.4000000060
108767  46.060  7.360  16.431 0.3000000119
109781  48.260  8.075  16.731 0.5000000000
108763  49.519  7.125  16.351 0.5000000000
107747  50.094  6.366  16.137 0.5000000000
108773  50.070  6.750  14.623 0.6000000238
107772  51.154  5.538  12.878 0.6000000238
105729  51.579  4.922  4.675 0.6999999881
106837  51.450  5.496  4.070 0.6000000238
104665  51.204  4.226  2.759 0.8999999762
106847  50.022  5.708  2.133 0.8000000119
106860  50.374  6.322  1.813 0.6999999881
106863  45.855  5.349  1.587 0.8999999762
106851  45.864  5.805  2.213 0.8000000119
106882  44.784  5.757  -0.089 0.8999999762
107895  44.991  5.980  -1.058 0.8999999762
107906  45.429  6.408  -2.169 0.8000000119
107907  44.768  6.925  -1.841 0.8999999762
107925  45.660  6.905  -4.111 0.6999999881
108932  45.080  6.899  -2.999 0.8000000119
108941  45.034  7.508  -3.734 0.8000000119
107761  41.594  7.230  15.935 0.3000000119
109785  40.846  8.091  16.817 0.2000000030
109803  42.779  8.875  14.630 0.2000000030
109786  40.470  8.514  16.286 0.2000000030
111599  45.316  10.730  14.624 0.2000000030
109796  41.395  8.367  15.038 0.3000000119
110722  39.860  9.700  14.810 0.2000000030
108796  49.592  7.144  13.088 0.6000000238
108795  50.475  6.790  12.568 0.6000000238
108800  50.643  6.871  11.623 0.6000000238
107779  51.154  6.362  11.197 0.6000000238
107792  51.020  6.210  9.529 0.6999999881
107798  51.287  5.733  8.910 0.6999999881
108844  49.292  7.325  5.069 0.5000000000
108854  50.178  7.148  3.826 0.6000000238
107834  50.245  6.725  4.740 0.6000000238
108866  49.457  7.934  3.714 0.5000000000
109891  50.405  7.911  1.894 0.6999999881
107850  50.919  6.545  2.798 0.6000000238
107849  51.137  6.082  3.583 0.6000000238
109870  48.836  8.590  3.378 0.6000000238
107865  50.345  6.900  1.481 0.6999999881
108889  49.593  7.788  1.237 0.6999999881
108875  49.215  7.222  1.636 0.6999999881
108901  49.296  8.413  0.844 0.6999999881
108891  47.960  7.835  1.859 0.8000000119
107853  48.154  6.290  2.403 0.8000000119
108876  48.512  7.226  2.074 0.8000000119
107854  47.044  6.255  2.516 0.8000000119
110824  47.805  9.350  0.611 0.6999999881
109895  46.622  8.528  1.774 0.8000000119
108879  45.622  7.054  2.330 0.8000000119
109882  46.522  7.739  2.223 0.8000000119
107855  46.067  6.301  2.503 0.8000000119
107887  44.400  6.436  -0.343 0.8999999762
107888  43.851  6.858  -0.081 0.8999999762
109936  42.809  8.899  -2.786 0.8999999762
108933  44.516  7.334  -2.493 0.8999999762
108923  43.686  7.746  -1.693 0.8999999762
109925  43.013  8.580  -1.984 0.8999999762
108942  44.141  7.988  -3.371 0.8000000119
108943  43.703  8.250  -3.195 0.8000000119
109907  43.188  8.133  0.232 0.8000000119
111614  46.760  10.872  13.572 0.2000000030
111613  47.126  11.247  13.156 0.2000000030
110720  41.373  9.692  14.323 0.2000000030
109819  46.707  9.088  12.740 0.2000000030
108798  47.763  8.008  13.445 0.3000000119
109814  48.018  7.861  14.630 0.4000000060
108817  48.148  7.795  9.787 0.5000000000
109832  47.285  8.200  9.136 0.5000000000
113544  42.083  11.892  1.920 0.6000000238
108845  48.604  7.680  5.369 0.5000000000
113553  41.939  12.136  0.804 0.6000000238
109846  46.752  8.969  6.891 0.4000000060
114515  43.230  13.746  -1.257 0.6000000238
114522  46.261  13.606  -1.198 0.6000000238
114523  45.423  13.608  -1.512 0.6000000238
115354  44.330  14.016  -2.031 0.6000000238
113558  47.577  13.052  -0.496 0.6000000238
113581  46.190  12.843  -2.078 0.6000000238
113582  45.167  13.098  -1.993 0.6000000238
113583  44.301  13.191  -2.733 0.6999999881
111767  47.315  11.505  -1.365 0.6000000238
112678  44.956  12.325  -1.482 0.6999999881
110837  47.113  9.925  0.273 0.6999999881
111739  47.352  10.349  -0.517 0.6999999881
112662  45.529  11.673  -0.863 0.6999999881
111758  44.440  10.989  0.047 0.8000000119
112664  43.050  11.375  -1.243 0.8000000119
111770  41.741  10.523  -2.151 0.8000000119
110861  42.693  8.862  -1.174 0.8999999762
111778  41.624  10.415  -2.912 0.8000000119
109833  46.612  8.745  8.518 0.5000000000
111631  46.343  10.335  8.368 0.3000000119
109838  46.697  8.799  7.500 0.4000000060
113541  46.766  13.131  1.012 0.5000000000
111680  46.995  10.245  4.510 0.4000000060
111710  47.742  11.072  3.007 0.4000000060
112609  47.396  11.706  7.126 0.3000000119
115329  47.794  14.661  3.809 0.5000000000
115320  47.327  14.753  4.067 0.5000000000
113533  47.948  12.302  2.855 0.5000000000
114396  49.490  13.560  9.239 0.2000000030
115281  49.338  14.358  7.594 0.2000000030
113492  49.170  13.437  6.703 0.3000000119
114453  45.272  13.749  5.278 0.3000000119
114460  48.428  13.548  4.676 0.4000000060
116038  47.891  15.831  9.395 0.2000000030
117478  45.498  17.131  9.614 0.2000000030
116793  44.496  16.677  9.022 0.2000000030
118186  45.017  17.946  8.353 0.2000000030
117499  44.045  17.520  8.159 0.2000000030
116056  41.139  15.470  8.168 0.2000000030
114424  44.282  13.255  7.504 0.3000000119
114425  43.127  13.511  7.516 0.3000000119
116066  38.896  16.060  6.916 0.2000000030
94564  50.145  -5.833  5.342 0.3000000119
94565  49.334  -6.258  5.400 0.3000000119
94567  47.297  -6.600  5.586 0.3000000119
91353  54.466  -8.938  7.334 0.2000000030
90326  54.635  -10.180  7.898 0.2000000030
95713  49.567  -5.748  4.662 0.3000000119
94566  48.316  -6.518  5.499 0.3000000119
95715  47.533  -6.167  4.802 0.3000000119
94568  46.356  -6.689  5.574 0.3000000119
92333  54.465  -8.232  6.572 0.2000000030
95727  49.827  -5.208  3.961 0.3000000119
95714  48.547  -6.058  4.695 0.3000000119
95716  46.596  -6.277  4.913 0.3000000119
95717  45.995  -6.417  5.007 0.3000000119
93366  54.772  -8.031  6.070 0.2000000030
94578  54.988  -6.356  4.676 0.3000000119
96848  54.650  -4.865  4.395 0.3000000119
97980  54.852  -3.316  3.612 0.3000000119
95744  49.649  -5.097  3.420 0.3000000119
95728  48.801  -5.637  3.959 0.3000000119
95729  47.773  -5.705  4.052 0.3000000119
95730  46.748  -5.708  4.212 0.3000000119
94579  45.109  -6.191  4.725 0.3000000119
95745  49.045  -5.236  3.197 0.3000000119
95746  48.077  -5.456  3.335 0.3000000119
95747  47.053  -5.416  3.174 0.3000000119
95731  45.660  -5.983  4.451 0.3000000119
95749  44.953  -5.364  3.690 0.3000000119
99092  53.056  -2.218  -0.150 0.3000000119
95748  45.949  -5.456  3.499 0.3000000119
99104  53.074  -2.403  -1.205 0.3000000119
99115  52.481  -2.843  -1.712 0.3000000119
96987  51.477  -4.416  -3.124 0.3000000119
96986  52.249  -4.211  -2.897 0.3000000119
95835  51.654  -5.001  -2.923 0.3000000119
95705  50.885  -5.567  5.846 0.3000000119
94549  50.149  -6.224  6.138 0.3000000119
94550  49.163  -6.739  6.334 0.3000000119
94551  48.051  -6.988  6.398 0.3000000119
94540  46.683  -7.347  7.164 0.3000000119
90323  54.276  -9.957  8.831 0.2000000030
140350  54.902  -10.931  8.779 0.2000000030
95711  51.337  -4.840  5.004 0.3000000119
94552  46.988  -7.048  6.373 0.3000000119
94553  45.896  -7.110  6.453 0.3000000119
93369  45.069  -7.286  7.016 0.3000000119
92323  53.308  -8.349  7.961 0.2000000030
91348  54.540  -9.482  7.612 0.2000000030
97973  52.645  -3.063  4.601 0.3000000119
96843  51.233  -4.780  4.741 0.3000000119
95726  50.465  -5.017  4.227 0.3000000119
94554  44.801  -6.836  6.123 0.3000000119
99035  53.279  -2.562  4.333 0.3000000119
97974  52.322  -3.447  4.329 0.3000000119
96863  51.131  -4.269  3.362 0.3000000119
96852  50.351  -4.925  3.954 0.3000000119
94569  45.370  -6.493  5.282 0.3000000119
94556  43.154  -6.653  6.087 0.2000000030
94563  54.030  -6.221  5.401 0.3000000119
96840  54.344  -4.458  5.217 0.3000000119
97972  54.639  -3.653  4.270 0.3000000119
99021  54.267  -2.775  4.667 0.3000000119
99051  53.343  -2.437  3.324 0.3000000119
97995  52.438  -3.290  2.935 0.3000000119
96865  49.579  -5.021  3.118 0.3000000119
95718  44.079  -5.843  4.721 0.3000000119
95720  42.867  -5.816  5.006 0.2000000030
97966  54.326  -3.508  5.423 0.3000000119
98018  51.929  -3.030  0.961 0.3000000119
96900  50.988  -4.014  1.850 0.3000000119
96885  49.455  -4.765  2.485 0.3000000119
95764  47.686  -5.355  2.862 0.3000000119
95751  43.457  -5.347  3.827 0.4000000060
95734  42.981  -5.457  4.182 0.3000000119
99093  52.464  -2.580  0.386 0.3000000119
98007  51.452  -3.536  1.434 0.3000000119
96901  50.080  -4.093  1.535 0.3000000119
96886  48.505  -4.945  2.109 0.3000000119
96866  46.769  -5.279  2.478 0.3000000119
96868  45.248  -4.935  2.859 0.3000000119
96869  44.253  -4.940  2.999 0.4000000060
96870  43.054  -4.966  3.143 0.4000000060
98031  51.794  -3.054  -0.017 0.3000000119
98020  50.454  -3.725  0.565 0.3000000119
96902  49.040  -4.459  1.425 0.3000000119
96904  47.144  -4.755  1.258 0.3000000119
96889  45.658  -4.747  2.007 0.3000000119
96891  43.754  -4.620  2.516 0.4000000060
98063  51.672  -3.347  -2.056 0.3000000119
96905  46.233  -4.699  1.195 0.3000000119
96890  44.478  -4.510  2.037 0.3000000119
98064  50.614  -3.831  -2.234 0.4000000060
96988  50.725  -4.607  -3.506 0.4000000060
95836  51.012  -5.194  -3.346 0.4000000060
98080  51.144  -3.873  -2.978 0.4000000060
94662  50.599  -6.239  -3.416 0.3000000119
94661  51.085  -5.515  -3.084 0.3000000119
94687  49.553  -6.391  -4.674 0.5000000000
95846  50.021  -5.878  -4.393 0.4000000060
95858  49.620  -5.543  -5.057 0.5000000000
93485  49.274  -6.781  -4.857 0.5000000000
93356  48.551  -7.125  8.405 0.3000000119
94538  48.840  -7.111  7.623 0.3000000119
93358  47.177  -7.485  8.052 0.3000000119
93347  46.660  -7.497  8.827 0.3000000119
89278  54.488  -10.433  9.128 0.2000000030
95697  51.581  -5.072  6.540 0.3000000119
95698  51.014  -5.925  6.893 0.3000000119
94537  50.036  -6.524  7.251 0.3000000119
94539  47.646  -7.290  7.269 0.3000000119
93368  45.739  -7.352  7.258 0.3000000119
93361  44.412  -7.419  7.743 0.3000000119
91345  54.083  -9.460  8.329 0.2000000030
140348  54.832  -10.749  8.356 0.2000000030
97967  52.783  -3.047  5.610 0.3000000119
96835  52.460  -3.655  5.858 0.3000000119
95704  51.464  -4.938  5.533 0.3000000119
93362  43.460  -7.261  7.447 0.3000000119
99015  53.338  -2.765  6.305 0.3000000119
96841  52.354  -3.566  4.982 0.3000000119
96842  51.816  -4.372  5.048 0.3000000119
94555  43.913  -6.696  6.037 0.2000000030
94542  42.913  -6.918  6.772 0.2000000030
94536  53.402  -6.459  6.831 0.3000000119
93367  53.923  -7.438  6.270 0.3000000119
99022  53.763  -2.446  5.035 0.3000000119
94557  42.458  -6.595  6.189 0.2000000030
94558  41.702  -6.325  6.181 0.2000000030
95703  53.639  -5.672  6.401 0.3000000119
95702  54.003  -5.076  5.902 0.3000000119
99013  54.148  -2.844  5.730 0.3000000119
95721  42.031  -5.708  5.252 0.2000000030
95710  53.864  -5.781  5.724 0.3000000119
96844  41.492  -4.627  5.076 0.2000000030
97975  41.595  -3.914  4.182 0.4000000060
96871  42.490  -4.831  3.638 0.4000000060
99024  41.385  -2.809  4.328 0.4000000060
98044  51.648  -3.177  -0.984 0.3000000119
98032  51.024  -3.469  -0.240 0.3000000119
98033  50.163  -3.854  -0.337 0.3000000119
96919  48.678  -4.336  0.530 0.3000000119
96920  47.790  -4.502  0.461 0.3000000119
99037  41.841  -3.047  3.247 0.4000000060
98045  50.825  -3.587  -1.228 0.4000000060
96935  49.276  -4.180  -0.311 0.3000000119
96922  45.982  -4.650  0.328 0.4000000060
97997  43.254  -3.950  1.979 0.4000000060
99053  42.193  -2.416  2.452 0.4000000060
98046  49.835  -4.089  -1.340 0.4000000060
96954  48.335  -4.363  -1.171 0.4000000060
96937  47.614  -4.457  -0.449 0.4000000060
96907  44.448  -4.326  1.056 0.4000000060
98009  43.731  -3.973  0.968 0.4000000060
99052  42.562  -2.640  1.585 0.4000000060
95857  50.182  -5.275  -4.555 0.4000000060
94672  50.318  -6.063  -4.002 0.3000000119
95845  50.500  -5.428  -3.963 0.4000000060
98047  49.041  -4.240  -1.771 0.4000000060
96938  46.712  -4.535  -0.559 0.4000000060
96924  44.202  -4.269  0.200 0.4000000060
98010  43.075  -3.345  0.839 0.4000000060
98081  50.379  -4.236  -3.087 0.4000000060
98065  49.759  -4.178  -2.456 0.4000000060
97010  49.533  -4.465  -5.225 0.5000000000
91330  54.256  -9.303  11.311 0.2000000030
90305  54.320  -10.306  11.480 0.1000000015
94525  48.884  -6.943  8.820 0.3000000119
94526  48.266  -6.863  9.327 0.3000000119
93335  47.335  -7.017  9.496 0.3000000119
92315  53.625  -8.242  10.241 0.2000000030
91340  53.927  -9.201  10.446 0.2000000030
89270  54.486  -10.830  10.512 0.1000000015
96823  52.158  -4.449  8.383 0.3000000119
96829  52.165  -4.403  7.255 0.3000000119
95692  50.859  -5.993  8.126 0.3000000119
94524  49.843  -6.578  8.464 0.3000000119
93345  48.333  -7.069  8.736 0.3000000119
93346  47.597  -7.189  9.089 0.3000000119
93348  45.717  -7.513  8.724 0.3000000119
93349  44.713  -7.345  8.723 0.3000000119
92316  53.269  -8.099  9.491 0.3000000119
91342  53.705  -9.088  9.356 0.2000000030
89276  54.420  -10.442  9.891 0.2000000030
140342  54.705  -10.860  9.423 0.1000000015
96828  52.537  -3.650  6.893 0.3000000119
93360  45.320  -7.492  7.877 0.3000000119
93350  43.700  -7.259  8.639 0.3000000119
92324  52.916  -7.752  8.070 0.3000000119
93334  52.824  -7.135  8.707 0.3000000119
97962  52.915  -3.088  6.583 0.3000000119
96836  52.075  -4.351  6.160 0.3000000119
93351  42.781  -7.300  8.228 0.2000000030
93342  53.148  -6.904  7.790 0.3000000119
93354  53.303  -7.249  7.411 0.3000000119
94543  42.171  -6.819  6.894 0.2000000030
94531  41.138  -6.642  8.017 0.2000000030
99014  53.755  -2.600  6.028 0.3000000119
94559  41.002  -6.129  6.574 0.2000000030
95699  40.119  -5.406  7.404 0.2000000030
96837  40.926  -4.217  5.788 0.3000000119
96838  40.484  -4.800  6.525 0.3000000119
97968  41.202  -3.553  5.037 0.4000000060
99997  41.577  -1.567  5.426 0.6000000238
100006  41.455  -1.861  4.652 0.5000000000
100016  41.467  -1.932  3.774 0.5000000000
100026  41.805  -1.813  2.902 0.5000000000
100025  42.145  -1.489  1.973 0.6000000238
100904  41.883  -0.976  2.650 0.6000000238
97001  50.307  -4.774  -4.214 0.4000000060
96989  50.217  -4.406  -3.787 0.5000000000
98048  48.396  -4.292  -1.965 0.4000000060
96956  46.485  -4.505  -1.570 0.4000000060
96957  45.468  -4.330  -1.593 0.4000000060
96940  44.789  -4.390  -0.665 0.4000000060
98034  43.357  -3.660  -0.817 0.4000000060
100032  42.359  -1.605  0.922 0.5000000000
100910  42.212  -0.606  1.178 0.6000000238
100903  42.115  -0.376  2.072 0.6000000238
98082  49.615  -4.263  -3.523 0.4000000060
98066  48.947  -4.274  -2.675 0.4000000060
96958  44.432  -3.997  -1.634 0.4000000060
96959  43.782  -3.877  -1.275 0.4000000060
98035  42.879  -3.115  -1.069 0.5000000000
100041  42.456  -1.622  -0.045 0.6000000238
97009  50.080  -4.815  -4.830 0.4000000060
93327  54.027  -7.392  11.616 0.2000000030
92305  54.227  -8.438  11.876 0.2000000030
92313  54.090  -8.311  11.066 0.2000000030
91331  54.193  -9.440  12.108 0.2000000030
96814  51.915  -4.352  9.447 0.3000000119
95678  51.393  -5.114  8.819 0.3000000119
95679  50.431  -5.754  9.482 0.3000000119
94508  49.556  -6.430  9.346 0.3000000119
94509  48.826  -6.462  9.817 0.3000000119
94510  48.043  -6.553  9.922 0.3000000119
94512  46.439  -6.536  9.914 0.3000000119
93330  53.283  -7.301  9.975 0.3000000119
97951  52.918  -2.984  8.656 0.3000000119
96822  52.609  -3.678  7.971 0.3000000119
93338  45.263  -7.137  9.345 0.3000000119
93333  52.928  -7.266  9.330 0.3000000119
97956  52.989  -3.093  7.611 0.3000000119
94529  43.918  -6.960  9.086 0.3000000119
95684  42.518  -6.007  9.832 0.3000000119
94507  52.969  -6.770  8.554 0.3000000119
94506  53.175  -6.352  8.929 0.3000000119
99009  53.417  -2.774  7.304 0.3000000119
94516  41.950  -6.982  9.042 0.2000000030
95685  41.290  -5.622  9.584 0.3000000119
94522  53.266  -6.440  7.901 0.3000000119
99008  53.822  -2.533  7.033 0.3000000119
94517  40.842  -6.190  8.754 0.2000000030
95696  53.547  -5.578  7.335 0.3000000119
97961  54.340  -3.422  6.461 0.3000000119
99007  54.201  -2.814  6.754 0.3000000119
96830  39.898  -4.332  7.035 0.2000000030
95700  39.764  -5.346  7.913 0.2000000030
95686  40.169  -5.477  8.968 0.2000000030
97963  40.973  -3.158  5.791 0.5000000000
97964  40.502  -3.734  6.410 0.3000000119
99010  41.226  -2.278  5.878 0.6000000238
100885  41.596  -1.098  4.278 0.6000000238
100873  41.996  -0.510  5.006 0.6000000238
100893  41.994  -0.225  2.937 0.6000000238
101743  42.403  0.469  2.352 0.6000000238
94480  53.806  -6.541  12.389 0.2000000030
93329  53.665  -7.265  10.745 0.2000000030
93319  53.891  -7.674  12.226 0.2000000030
94495  53.493  -6.177  9.917 0.3000000119
96813  52.484  -3.618  9.064 0.3000000119
96815  51.218  -4.897  9.773 0.3000000119
95664  49.859  -5.507  10.380 0.3000000119
95665  48.952  -5.611  10.479 0.3000000119
94498  47.607  -5.991  10.309 0.3000000119
94499  46.790  -5.943  10.323 0.3000000119
94500  45.931  -5.898  10.313 0.3000000119
99002  53.436  -2.768  8.307 0.3000000119
94513  45.439  -6.404  9.907 0.3000000119
95682  44.686  -5.871  10.021 0.3000000119
95683  43.688  -5.922  9.837 0.3000000119
95671  43.031  -5.121  10.277 0.3000000119
95690  53.653  -5.447  8.351 0.3000000119
95677  53.545  -5.658  8.936 0.3000000119
99001  53.852  -2.607  8.029 0.3000000119
95673  41.429  -4.991  9.872 0.2000000030
96808  41.276  -4.489  10.220 0.2000000030
96821  53.913  -4.841  8.229 0.3000000119
97955  54.371  -3.432  7.501 0.3000000119
99000  54.216  -2.839  7.774 0.3000000119
96817  40.574  -4.924  9.698 0.2000000030
97939  39.435  -3.683  10.266 0.2000000030
96826  54.233  -4.162  7.157 0.3000000119
99004  39.628  -2.566  7.227 0.3000000119
96824  39.311  -4.648  8.411 0.2000000030
97947  39.049  -3.830  9.380 0.2000000030
97940  38.377  -3.140  10.327 0.2000000030
96834  53.841  -4.867  6.781 0.3000000119
99992  41.419  -1.474  6.448 0.5000000000
99986  40.471  -1.587  7.107 0.4000000060
99987  39.379  -1.689  7.528 0.3000000119
96833  54.200  -4.216  6.167 0.3000000119
100857  42.431  -0.211  6.567 0.5000000000
101710  42.904  0.379  6.169 0.6000000238
101720  42.762  0.471  5.344 0.6000000238
101731  42.558  0.784  4.264 0.6000000238
101736  42.386  0.584  3.251 0.6000000238
94464  52.036  -6.685  13.897 0.2000000030
94481  53.457  -6.854  12.767 0.2000000030
93302  52.984  -7.081  12.950 0.2000000030
95655  53.986  -4.960  10.888 0.3000000119
94491  53.804  -6.088  11.110 0.3000000119
97945  52.798  -2.848  9.800 0.3000000119
97946  52.240  -3.592  10.117 0.3000000119
96798  51.587  -4.291  10.440 0.3000000119
96799  50.596  -4.867  10.614 0.3000000119
96800  49.529  -4.874  10.960 0.3000000119
95666  48.016  -5.353  10.595 0.3000000119
96802  47.581  -4.635  11.069 0.3000000119
95668  46.213  -5.210  10.677 0.3000000119
98997  53.368  -2.615  9.260 0.3000000119
98991  53.353  -2.506  10.038 0.3000000119
95670  44.115  -5.102  10.313 0.3000000119
96805  44.548  -4.296  10.673 0.3000000119
94505  53.508  -5.800  9.255 0.3000000119
98996  53.864  -2.614  8.974 0.3000000119
98990  53.832  -2.598  9.839 0.3000000119
96806  43.502  -4.267  10.583 0.3000000119
95689  53.881  -4.896  8.511 0.3000000119
96807  42.440  -4.293  10.447 0.2000000030
97937  41.874  -3.710  10.825 0.2000000030
97922  41.394  -3.592  11.335 0.2000000030
97938  40.707  -3.837  10.681 0.2000000030
97924  39.160  -3.661  11.016 0.2000000030
96791  37.872  -4.221  11.379 0.2000000030
96827  53.891  -4.834  7.702 0.3000000119
96820  54.179  -4.351  8.271 0.3000000119
99988  38.603  -1.629  8.120 0.3000000119
97953  38.610  -3.315  8.688 0.2000000030
97948  38.505  -3.204  9.499 0.2000000030
97941  37.709  -2.971  10.669 0.2000000030
97926  37.424  -3.524  11.110 0.2000000030
102573  43.093  1.400  7.444 0.6000000238
101690  40.997  0.544  7.739 0.5000000000
100860  40.001  -0.726  7.543 0.4000000060
100861  39.189  -0.980  7.841 0.3000000119
98992  37.922  -2.422  9.551 0.2000000030
98984  37.765  -2.570  10.169 0.2000000030
97942  37.122  -2.891  10.859 0.2000000030
97927  36.565  -3.414  11.159 0.2000000030
99983  37.634  -0.880  9.215 0.3000000119
99979  37.210  -1.318  9.780 0.2000000030
99974  36.851  -1.825  10.382 0.2000000030
98987  35.845  -2.174  10.953 0.2000000030
94463  53.197  -6.644  13.270 0.2000000030
94462  53.764  -5.946  13.137 0.2000000030
95644  53.916  -5.310  11.704 0.2000000030
98971  52.773  -2.695  11.693 0.3000000119
97931  52.545  -3.041  10.838 0.3000000119
97932  51.989  -3.628  11.109 0.3000000119
96783  51.171  -4.120  11.407 0.3000000119
96784  50.128  -4.240  11.530 0.3000000119
96782  54.133  -4.337  11.085 0.2000000030
98969  54.018  -2.935  11.158 0.3000000119
98982  53.710  -2.611  10.633 0.3000000119
96785  49.095  -4.243  11.649 0.3000000119
96801  48.542  -4.757  11.018 0.3000000119
96803  46.614  -4.559  11.118 0.3000000119
96804  45.573  -4.283  10.998 0.3000000119
96789  45.618  -3.819  11.335 0.3000000119
95663  53.899  -5.077  10.135 0.3000000119
96797  54.256  -4.225  10.237 0.3000000119
97930  54.343  -3.517  10.390 0.3000000119
98983  53.095  -2.606  10.746 0.3000000119
95676  53.786  -5.149  9.112 0.3000000119
96812  54.207  -4.237  9.315 0.3000000119
97944  54.368  -3.467  9.492 0.3000000119
98989  54.266  -2.880  9.664 0.3000000119
97935  43.944  -3.581  10.966 0.3000000119
97921  42.530  -3.295  11.494 0.2000000030
98977  43.099  -2.886  11.752 0.3000000119
98995  54.229  -2.878  8.751 0.3000000119
97903  40.822  -3.795  11.672 0.2000000030
96777  40.131  -4.334  11.860 0.2000000030
95650  38.640  -5.413  11.681 0.2000000030
97950  54.352  -3.462  8.529 0.3000000119
97904  39.831  -3.846  11.485 0.2000000030
97905  39.289  -3.931  11.406 0.2000000030
95658  37.385  -5.116  11.502 0.2000000030
95652  35.993  -5.410  11.800 0.2000000030
96792  36.995  -4.260  11.303 0.2000000030
95660  35.960  -4.841  11.620 0.2000000030
95653  35.610  -4.960  12.037 0.2000000030
102561  43.860  2.342  7.815 0.6999999881
102574  42.125  1.002  7.580 0.5000000000
100853  39.461  -0.362  7.935 0.4000000060
100854  38.680  -0.555  8.309 0.4000000060
98986  36.547  -2.411  10.743 0.2000000030
98978  35.945  -2.876  11.137 0.2000000030
97906  35.228  -3.472  12.366 0.2000000030
96779  35.421  -4.310  12.217 0.3000000119
104598  42.937  3.399  8.371 0.6999999881
103564  41.710  2.226  8.363 0.6000000238
103553  40.330  2.511  8.773 0.5000000000
101692  39.494  0.397  8.253 0.4000000060
101694  37.848  0.230  9.005 0.3000000119
100850  37.474  -0.342  9.308 0.3000000119
100848  35.721  -0.537  10.891 0.3000000119
99976  35.493  -1.498  11.237 0.4000000060
104600  41.034  2.836  8.627 0.6000000238
103554  39.551  2.418  9.141 0.5000000000
102566  39.184  1.367  8.842 0.4000000060
101686  38.078  0.794  9.044 0.3000000119
102558  37.003  1.700  9.988 0.3000000119
94424  52.305  -5.665  15.326 0.2000000030
94425  51.777  -5.930  15.967 0.2000000030
94444  53.586  -5.849  13.642 0.2000000030
96697  46.134  -4.590  18.827 0.1000000015
96719  44.302  -4.677  18.124 0.1000000015
95632  53.870  -5.429  12.609 0.2000000030
96733  46.936  -5.311  17.257 0.1000000015
96717  46.560  -5.232  18.097 0.1000000015
95577  45.072  -5.405  17.303 0.1000000015
95579  43.633  -5.171  17.560 0.1000000015
95580  42.663  -5.103  17.560 0.1000000015
95581  41.700  -5.025  17.558 0.1000000015
95602  40.087  -5.666  17.424 0.1000000015
95603  39.411  -5.648  17.687 0.1000000015
95566  37.296  -5.989  18.584 0.1000000015
94371  36.243  -6.188  19.202 0.2000000030
96732  47.670  -5.102  16.866 0.1000000015
95594  47.092  -5.227  16.555 0.1000000015
94428  45.426  -5.765  16.225 0.1000000015
95596  45.548  -5.568  16.833 0.1000000015
94411  44.488  -6.020  16.435 0.1000000015
94412  43.662  -6.222  16.402 0.1000000015
95600  42.104  -5.763  17.048 0.1000000015
94415  40.393  -6.318  16.573 0.1000000015
94416  39.081  -6.235  17.115 0.1000000015
94395  37.084  -6.318  17.848 0.1000000015
94381  36.064  -6.460  18.456 0.1000000015
94382  35.098  -6.719  18.258 0.2000000030
98972  52.167  -2.772  12.132 0.3000000119
97911  52.236  -3.067  11.567 0.3000000119
97912  51.600  -3.306  12.009 0.3000000119
95611  47.371  -5.064  16.220 0.1000000015
95612  46.879  -5.254  15.789 0.1000000015
94448  45.511  -5.828  15.637 0.1000000015
94430  44.290  -6.299  15.741 0.1000000015
94431  43.378  -6.580  15.597 0.1000000015
94432  42.287  -6.825  15.475 0.1000000015
94433  40.870  -6.952  15.332 0.1000000015
94417  37.902  -6.636  16.910 0.1000000015
94396  35.909  -6.876  17.512 0.1000000015
94383  34.084  -6.686  18.119 0.2000000030
97909  54.140  -3.613  11.274 0.3000000119
98970  53.532  -2.790  11.528 0.3000000119
98956  52.587  -2.566  12.651 0.3000000119
97894  51.067  -3.138  12.653 0.3000000119
97913  50.676  -3.657  12.191 0.3000000119
97914  49.676  -3.675  12.271 0.3000000119
97915  48.646  -3.614  12.224 0.3000000119
96787  47.092  -3.977  11.551 0.3000000119
95633  45.839  -5.154  14.297 0.1000000015
94466  44.723  -6.068  14.522 0.1000000015
94467  44.046  -6.281  14.039 0.1000000015
94452  42.077  -7.081  14.396 0.1000000015
93281  40.421  -7.016  15.049 0.1000000015
93283  39.260  -7.185  15.294 0.1000000015
94436  37.656  -7.181  16.138 0.1000000015
94418  36.834  -7.125  16.663 0.1000000015
94397  34.783  -6.899  17.276 0.1000000015
97917  46.550  -3.320  11.966 0.3000000119
96788  46.129  -3.903  11.472 0.3000000119
97918  45.440  -3.431  11.587 0.3000000119
94482  42.444  -6.139  13.055 0.1000000015
93308  40.397  -7.279  14.061 0.1000000015
93295  38.968  -7.450  14.482 0.1000000015
93286  36.141  -7.404  15.316 0.1000000015
94420  34.408  -6.895  16.166 0.1000000015
94399  32.781  -6.162  17.081 0.1000000015
97919  44.369  -3.246  11.483 0.3000000119
98976  43.828  -2.963  11.833 0.3000000119
98965  43.176  -2.995  12.123 0.2000000030
97901  43.330  -3.615  12.454 0.2000000030
95646  42.641  -5.254  12.771 0.1000000015
94483  41.675  -6.083  12.812 0.1000000015
93322  39.397  -7.118  12.853 0.1000000015
93297  36.767  -7.426  14.308 0.1000000015
93298  35.831  -7.264  14.544 0.1000000015
94439  34.298  -6.312  15.001 0.1000000015
94421  33.526  -6.157  16.085 0.1000000015
94422  32.889  -5.683  16.337 0.2000000030
97902  42.151  -3.471  12.000 0.2000000030
95647  41.469  -5.139  12.484 0.2000000030
95648  40.374  -5.147  12.203 0.2000000030
94485  39.585  -6.240  12.260 0.2000000030
93324  37.544  -6.940  12.440 0.2000000030
94472  35.914  -6.811  13.085 0.1000000015
94455  35.260  -6.700  14.086 0.1000000015
94440  33.703  -5.644  15.289 0.2000000030
95605  32.672  -5.016  16.052 0.2000000030
94487  37.237  -6.110  11.866 0.2000000030
94473  35.247  -6.003  13.035 0.2000000030
95614  34.129  -5.203  14.567 0.1000000015
96745  33.567  -4.216  15.340 0.2000000030
95638  34.946  -4.772  13.289 0.1000000015
97889  34.755  -3.755  13.887 0.2000000030
97861  33.536  -3.518  15.664 0.2000000030
97848  33.237  -3.269  16.012 0.2000000030
98979  35.360  -2.572  11.662 0.2000000030
98967  35.057  -2.562  12.671 0.3000000119
97888  34.966  -3.437  13.261 0.3000000119
97870  34.936  -3.197  13.920 0.3000000119
102559  36.424  1.154  10.384 0.3000000119
101684  35.588  0.080  11.422 0.4000000060
99972  35.026  -1.612  12.137 0.3000000119
98952  35.148  -2.567  13.550 0.4000000060
104599  41.945  3.256  8.530 0.6000000238
104583  41.170  3.630  8.817 0.5000000000
104585  39.343  3.336  9.673 0.4000000060
103555  38.688  2.517  9.624 0.3000000119
103556  37.872  2.316  9.860 0.3000000119
95469  34.879  -5.504  25.394 0.1000000015
95493  33.920  -5.383  24.776 0.1000000015
95494  33.023  -5.417  24.625 0.1000000015
96597  35.294  -4.826  25.288 0.1000000015
96610  34.679  -4.617  24.843 0.1000000015
96611  33.713  -4.525  24.405 0.1000000015
96612  32.739  -4.550  24.151 0.1000000015
96613  31.766  -4.795  24.201 0.1000000015
98823  35.288  -2.850  24.119 0.1000000015
97740  33.987  -3.098  23.822 0.1000000015
97731  33.496  -3.717  23.999 0.1000000015
96624  32.270  -4.186  23.773 0.1000000015
96614  30.897  -5.000  24.090 0.1000000015
96626  30.714  -4.471  23.466 0.1000000015
98844  38.058  -2.269  22.928 0.1000000015
98834  36.129  -2.428  23.519 0.1000000015
98824  34.579  -2.837  23.838 0.1000000015
98836  34.237  -2.726  23.290 0.1000000015
97741  33.407  -3.134  23.420 0.1000000015
97743  31.449  -3.839  23.030 0.1000000015
99917  38.631  -2.175  22.492 0.1000000015
98846  36.008  -2.848  22.561 0.1000000015
98847  34.896  -2.796  22.745 0.1000000015
98848  34.090  -2.794  22.753 0.1000000015
98849  33.753  -2.848  22.745 0.1000000015
97757  32.258  -3.500  22.439 0.1000000015
93270  48.426  -7.096  16.839 0.2000000030
98857  39.777  -2.307  21.487 0.1000000015
98859  36.953  -3.052  22.125 0.1000000015
97753  35.887  -3.131  22.275 0.2000000030
97755  34.510  -3.102  22.311 0.2000000030
97778  34.103  -3.479  21.751 0.2000000030
97758  31.297  -3.669  22.330 0.1000000015
95529  48.502  -4.992  20.643 0.2000000030
98875  38.917  -3.166  21.081 0.1000000015
97797  38.436  -3.736  20.932 0.1000000015
97775  37.599  -3.681  21.448 0.2000000030
97777  35.146  -3.559  21.812 0.2000000030
97779  33.019  -3.506  21.708 0.1000000015
97780  32.037  -3.813  21.741 0.1000000015
94445  52.650  -5.881  14.560 0.2000000030
96680  48.486  -4.636  19.609 0.2000000030
96661  48.884  -4.703  20.168 0.2000000030
96662  47.793  -4.597  20.370 0.2000000030
97805  46.892  -4.078  19.922 0.2000000030
97795  40.016  -3.308  20.135 0.1000000015
97813  39.624  -3.875  19.782 0.1000000015
96665  37.730  -4.255  20.811 0.2000000030
96666  36.679  -4.905  20.523 0.2000000030
96652  33.737  -4.132  21.241 0.2000000030
96653  32.734  -4.198  21.180 0.2000000030
96679  49.416  -4.695  19.440 0.2000000030
96695  48.073  -4.988  18.921 0.2000000030
96682  46.659  -4.266  19.506 0.2000000030
97822  45.230  -3.700  19.501 0.1000000015
96699  43.946  -3.918  18.705 0.1000000015
96700  42.910  -3.811  18.591 0.1000000015
96702  41.173  -3.963  18.598 0.1000000015
96724  40.183  -4.558  18.570 0.1000000015
96704  39.715  -4.492  19.015 0.1000000015
96686  37.487  -4.892  20.057 0.2000000030
95537  36.563  -5.358  20.177 0.2000000030
96669  33.398  -4.887  20.821 0.2000000030
96693  49.863  -4.461  18.609 0.2000000030
96694  49.040  -4.542  18.612 0.2000000030
95575  48.001  -5.181  18.558 0.2000000030
96721  42.302  -4.456  18.085 0.1000000015
95582  40.772  -5.033  17.765 0.1000000015
95583  39.785  -5.061  18.276 0.1000000015
95565  37.948  -5.593  18.825 0.2000000030
94370  36.633  -6.058  19.248 0.2000000030
95539  35.081  -5.524  20.391 0.2000000030
95540  34.062  -5.582  20.379 0.2000000030
97837  49.159  -4.267  17.422 0.2000000030
97838  48.698  -4.518  17.113 0.2000000030
94373  34.421  -6.518  18.992 0.2000000030
95555  32.747  -6.101  19.331 0.2000000030
96773  53.917  -4.558  11.946 0.2000000030
97878  53.856  -3.936  12.802 0.2000000030
97879  53.582  -3.452  13.297 0.2000000030
98942  53.090  -2.710  13.196 0.2000000030
98943  52.441  -2.539  13.660 0.2000000030
98944  51.436  -2.548  13.745 0.2000000030
98958  50.978  -2.798  13.161 0.2000000030
96741  48.335  -4.275  16.105 0.2000000030
96743  47.173  -5.004  15.271 0.1000000015
95623  46.017  -5.501  14.920 0.1000000015
94384  33.017  -6.476  18.151 0.2000000030
95567  32.196  -6.135  18.605 0.2000000030
97892  53.909  -3.919  12.136 0.3000000119
97893  53.721  -3.335  12.314 0.3000000119
98955  53.260  -2.810  12.448 0.3000000119
98957  51.729  -2.691  12.829 0.3000000119
97896  49.238  -3.107  12.940 0.3000000119
97916  47.627  -3.483  12.069 0.3000000119
96765  45.958  -4.585  13.965 0.1000000015
94385  32.282  -6.164  17.882 0.2000000030
97897  48.191  -3.097  12.672 0.3000000119
97898  47.217  -3.051  12.456 0.3000000119
98973  46.398  -3.095  12.299 0.3000000119
97885  45.429  -3.880  13.245 0.1000000015
95634  45.072  -5.480  14.043 0.1000000015
95588  31.399  -5.430  17.171 0.2000000030
98962  46.561  -2.986  12.696 0.3000000119
98963  45.395  -3.184  12.445 0.3000000119
97886  44.254  -3.820  12.753 0.2000000030
96767  43.802  -4.479  12.864 0.1000000015
96766  44.725  -4.611  13.290 0.1000000015
95606  31.960  -4.896  16.521 0.2000000030
95616  33.205  -4.782  15.596 0.2000000030
96735  32.475  -4.258  16.136 0.2000000030
96736  31.748  -4.161  16.421 0.2000000030
97849  32.515  -3.413  16.191 0.2000000030
98910  31.156  -2.452  16.406 0.2000000030
97871  34.578  -3.524  14.472 0.3000000119
98923  33.638  -3.016  15.903 0.2000000030
98933  35.192  -2.652  14.405 0.3000000119
98907  34.139  -2.265  16.095 0.3000000119
102554  36.334  1.676  11.030 0.3000000119
101681  35.530  0.086  12.232 0.4000000060
100841  35.784  -0.837  13.624 0.3000000119
99968  35.568  -1.829  13.913 0.4000000060
98921  35.150  -2.407  15.171 0.3000000119
99955  35.248  -1.587  15.732 0.3000000119
105695  43.240  4.236  8.585 0.6999999881
105680  42.021  4.687  9.024 0.6000000238
105681  41.005  4.485  9.446 0.5000000000
104577  38.973  3.720  10.279 0.4000000060
104578  38.288  3.429  10.700 0.4000000060
103546  37.288  2.788  11.730 0.3000000119
102551  36.315  1.560  12.164 0.4000000060
102549  36.738  1.479  13.035 0.4000000060
106800  43.556  4.911  8.874 0.6999999881
94294  33.443  -6.891  26.859 0.1000000015
94312  31.938  -6.659  26.202 0.1000000015
94310  33.796  -6.532  25.962 0.1000000015
94311  32.872  -6.649  26.041 0.1000000015
96595  36.678  -4.439  25.766 0.1000000015
95471  33.355  -6.115  25.228 0.1000000015
95472  32.420  -6.114  25.324 0.1000000015
95495  32.068  -5.401  24.757 0.1000000015
95496  31.103  -5.546  24.823 0.1000000015
91303  44.226  -10.256  16.819 0.1000000015
98800  38.351  -2.627  25.951 0.1000000015
98809  37.792  -2.646  25.383 0.1000000015
97719  35.792  -3.874  25.065 0.1000000015
97729  35.388  -3.611  24.697 0.1000000015
92272  44.428  -9.377  16.894 0.1000000015
92278  45.117  -9.422  16.224 0.1000000015
98821  37.449  -2.415  24.536 0.1000000015
98822  36.308  -2.873  24.525 0.1000000015
96615  30.165  -5.129  23.871 0.1000000015
98832  38.199  -2.081  23.793 0.1000000015
98833  37.180  -2.313  23.688 0.1000000015
96627  29.651  -4.721  23.336 0.1000000015
94362  48.778  -6.144  19.699 0.2000000030
99915  40.301  -1.741  22.001 0.1000000015
99916  39.256  -1.968  22.246 0.1000000015
97744  30.546  -3.983  22.883 0.1000000015
93262  47.247  -7.493  17.679 0.2000000030
94349  48.174  -5.631  20.546 0.2000000030
94350  47.164  -5.680  20.518 0.2000000030
95531  46.426  -5.103  20.906 0.2000000030
95532  45.487  -5.316  21.072 0.2000000030
99904  42.312  -1.857  21.825 0.1000000015
99914  41.405  -1.821  21.627 0.1000000015
98856  40.838  -2.091  21.351 0.1000000015
97759  30.398  -3.590  22.216 0.1000000015
97760  29.378  -3.693  22.175 0.1000000015
94392  49.025  -6.637  17.502 0.2000000030
94348  49.026  -5.453  20.226 0.2000000030
95530  47.224  -4.860  20.773 0.2000000030
95519  46.523  -4.551  21.128 0.2000000030
95520  45.819  -4.594  21.414 0.2000000030
96643  45.263  -3.920  21.745 0.2000000030
97769  44.606  -3.081  21.604 0.2000000030
98869  43.650  -2.311  21.326 0.2000000030
98872  41.549  -2.032  20.986 0.1000000015
95548  49.792  -5.017  19.568 0.2000000030
95528  49.226  -5.034  20.299 0.2000000030
96663  46.856  -4.256  20.823 0.2000000030
97793  45.135  -2.946  20.893 0.2000000030
97808  44.111  -2.750  20.255 0.1000000015
98886  42.270  -2.245  20.314 0.1000000015
98887  41.430  -2.586  20.133 0.1000000015
97828  40.276  -3.894  19.248 0.1000000015
97781  31.136  -3.726  21.580 0.2000000030
97782  30.203  -3.556  21.275 0.1000000015
94406  50.534  -6.065  16.883 0.2000000030
94407  49.706  -6.612  16.670 0.2000000030
96692  50.637  -4.444  18.271 0.2000000030
97807  45.405  -3.312  20.027 0.2000000030
97824  43.511  -3.227  19.281 0.1000000015
97827  40.898  -3.606  19.101 0.1000000015
96670  32.437  -4.875  20.651 0.2000000030
95619  53.873  -5.440  13.362 0.2000000030
95620  53.623  -5.300  14.047 0.2000000030
97819  50.155  -4.025  18.035 0.2000000030
97820  49.600  -4.228  18.045 0.2000000030
96671  31.452  -4.801  20.308 0.2000000030
96655  31.015  -4.023  20.870 0.2000000030
97835  50.592  -3.686  17.452 0.2000000030
97845  50.157  -3.275  16.663 0.2000000030
97846  49.315  -3.581  16.392 0.2000000030
97847  48.749  -4.161  16.533 0.2000000030
95542  32.224  -5.493  20.064 0.2000000030
96762  53.947  -4.665  12.860 0.2000000030
96749  53.943  -4.852  13.590 0.2000000030
97880  53.089  -3.031  13.813 0.2000000030
98927  51.993  -2.485  14.609 0.2000000030
98905  49.665  -3.086  15.934 0.2000000030
96742  47.690  -4.607  15.719 0.1000000015
95557  30.865  -5.344  18.870 0.2000000030
98945  50.432  -2.700  13.712 0.2000000030
97881  49.761  -2.906  13.351 0.3000000119
98960  48.701  -2.811  13.256 0.3000000119
98946  49.409  -2.683  13.730 0.3000000119
98919  49.017  -3.083  15.333 0.2000000030
98931  48.194  -3.029  14.561 0.2000000030
97868  47.589  -3.724  14.631 0.2000000030
97869  46.986  -4.075  14.298 0.1000000015
96754  46.225  -5.001  14.413 0.1000000015
98961  47.722  -2.813  13.086 0.3000000119
98948  47.304  -3.074  13.683 0.3000000119
97883  47.283  -3.379  14.108 0.1000000015
96738  30.029  -3.866  16.708 0.2000000030
95569  30.598  -5.302  18.008 0.2000000030
98949  46.040  -3.316  13.097 0.1000000015
96737  30.776  -4.169  16.578 0.2000000030
97851  30.510  -3.269  16.509 0.2000000030
98909  32.244  -2.502  16.310 0.2000000030
99945  32.984  -1.649  16.472 0.3000000119
100818  31.459  -0.622  16.879 0.3000000119
99944  34.200  -1.634  16.332 0.3000000119
101674  36.597  0.385  13.699 0.4000000060
101675  36.096  -0.208  13.571 0.4000000060
100832  36.443  -0.624  14.436 0.3000000119
99954  35.961  -1.130  15.557 0.3000000119
99943  34.883  -1.168  16.276 0.3000000119
107789  42.135  5.613  9.874 0.6000000238
105669  40.389  4.839  10.536 0.5000000000
105660  39.427  4.416  11.625 0.4000000060
104574  38.511  3.720  11.746 0.3000000119
103543  37.436  2.416  12.873 0.2000000030
102548  37.343  1.702  13.383 0.4000000060
101665  37.410  0.637  14.490 0.3000000119
101666  36.840  0.108  14.321 0.4000000060
95473  31.487  -6.188  25.462 0.1000000015
95474  30.476  -6.475  25.566 0.1000000015
90272  44.655  -11.251  17.003 0.1000000015
91307  44.822  -10.480  16.332 0.1000000015
99881  39.875  -1.224  25.418 0.1000000015
99882  39.274  -1.433  25.335 0.1000000015
98808  38.594  -1.988  25.379 0.1000000015
95497  30.027  -5.888  24.645 0.1000000015
92270  45.709  -8.253  16.920 0.1000000015
99891  40.165  -1.426  24.572 0.2000000030
100775  39.395  -1.256  24.405 0.2000000030
98820  38.365  -1.988  24.619 0.1000000015
100766  39.996  -1.143  24.146 0.2000000030
99897  40.297  -1.484  23.672 0.2000000030
99908  38.826  -1.849  23.031 0.1000000015
99906  40.777  -1.655  22.679 0.1000000015
99907  39.712  -1.560  22.889 0.1000000015
93244  48.068  -6.402  19.703 0.2000000030
93245  47.493  -6.642  19.606 0.2000000030
93246  46.584  -7.005  19.418 0.2000000030
94351  46.183  -5.890  20.535 0.2000000030
94352  45.112  -6.096  20.490 0.2000000030
97749  43.157  -2.543  22.138 0.2000000030
97750  42.853  -2.519  22.193 0.2000000030
95533  44.384  -5.393  20.984 0.2000000030
96644  44.184  -3.794  21.800 0.2000000030
95522  43.697  -4.612  21.465 0.2000000030
96645  43.099  -3.796  21.957 0.2000000030
97761  28.437  -3.806  21.876 0.1000000015
94391  49.766  -6.292  17.762 0.2000000030
97783  29.168  -3.381  21.262 0.1000000015
96672  30.362  -4.271  20.298 0.2000000030
97799  29.679  -3.616  20.615 0.2000000030
95621  53.148  -5.025  14.620 0.2000000030
96730  51.757  -3.542  16.831 0.2000000030
98904  50.313  -2.851  16.035 0.2000000030
96673  29.571  -3.996  19.960 0.2000000030
97800  28.940  -3.277  20.238 0.2000000030
96750  53.612  -4.395  14.041 0.2000000030
96751  52.943  -4.231  14.727 0.2000000030
97865  53.275  -3.622  14.145 0.2000000030
97866  52.806  -3.140  14.673 0.2000000030
98918  49.835  -2.712  15.327 0.2000000030
97830  28.329  -2.943  18.823 0.2000000030
98916  51.564  -2.526  15.260 0.2000000030
98928  51.059  -2.493  14.555 0.2000000030
98930  49.164  -2.720  14.551 0.2000000030
98947  48.407  -2.712  13.814 0.2000000030
96707  29.444  -3.936  18.272 0.2000000030
98929  50.117  -2.581  14.554 0.2000000030
96725  30.040  -4.445  16.945 0.2000000030
97839  29.060  -3.251  17.666 0.2000000030
98912  28.916  -2.406  16.999 0.2000000030
98899  28.661  -2.723  17.698 0.2000000030
99947  30.773  -1.556  16.564 0.3000000119
98911  30.087  -2.425  16.541 0.2000000030
101654  30.011  0.039  17.000 0.3000000119
100819  30.380  -0.718  16.735 0.3000000119
100807  31.644  -0.104  17.168 0.3000000119
99946  31.859  -1.584  16.511 0.3000000119
100805  33.110  -0.075  17.262 0.3000000119
100813  36.327  -0.371  16.192 0.3000000119
100814  35.450  -0.703  16.391 0.3000000119
100804  34.142  -0.061  17.234 0.3000000119
106771  43.316  5.938  11.385 0.6999999881
106783  41.960  5.673  10.388 0.6000000238
105659  40.563  4.950  11.765 0.5000000000
105650  40.055  4.330  12.565 0.4000000060
104570  38.799  3.241  12.896 0.3000000119
103539  38.491  2.193  13.651 0.4000000060
102545  37.693  1.441  13.917 0.3000000119
101659  37.575  0.580  15.334 0.4000000060
101660  36.945  0.060  15.736 0.3000000119
90262  43.822  -10.726  17.448 0.1000000015
92271  45.109  -8.450  17.107 0.1000000015
98819  40.587  -2.060  24.594 0.1000000015
93263  45.990  -7.948  17.220 0.2000000030
93234  40.877  -7.681  21.659 0.1000000015
93232  40.509  -6.982  22.503 0.1000000015
94342  40.295  -5.930  22.518 0.1000000015
93261  48.260  -7.028  18.153 0.2000000030
93255  47.376  -7.153  18.812 0.2000000030
93264  45.362  -8.107  17.446 0.1000000015
95516  40.480  -4.804  22.561 0.1000000015
96634  40.835  -3.680  22.722 0.1000000015
98831  40.670  -1.973  23.747 0.2000000030
96628  28.580  -4.933  23.195 0.1000000015
94379  48.995  -6.506  18.575 0.2000000030
93256  46.280  -7.434  18.392 0.2000000030
96647  41.410  -3.440  22.333 0.2000000030
97752  41.247  -2.659  22.781 0.2000000030
93254  48.174  -6.658  19.154 0.2000000030
94365  45.848  -6.647  19.970 0.2000000030
94366  44.721  -6.820  19.755 0.2000000030
94367  43.559  -6.955  19.554 0.2000000030
94354  42.775  -6.291  20.114 0.2000000030
96646  42.068  -3.736  21.969 0.2000000030
97772  41.811  -3.025  22.343 0.2000000030
93248  44.274  -7.525  18.960 0.1000000015
95534  43.182  -5.443  20.847 0.2000000030
95523  42.488  -4.627  21.439 0.2000000030
97771  42.596  -3.051  22.234 0.2000000030
94405  51.184  -5.617  17.239 0.2000000030
97784  28.201  -3.411  21.113 0.1000000015
95609  52.515  -5.127  15.488 0.2000000030
95593  51.799  -5.314  16.759 0.2000000030
94389  50.791  -5.467  18.116 0.2000000030
96713  51.354  -3.892  17.417 0.2000000030
97816  28.266  -2.875  19.689 0.1000000015
95592  52.108  -4.649  16.562 0.2000000030
96729  52.173  -3.691  16.400 0.2000000030
97844  51.093  -3.130  16.572 0.2000000030
96740  52.507  -3.959  15.600 0.2000000030
97855  52.243  -2.920  15.634 0.2000000030
97843  51.866  -3.085  16.361 0.2000000030
97856  51.564  -2.726  15.914 0.2000000030
98894  27.699  -2.523  19.143 0.2000000030
98917  50.801  -2.598  15.483 0.2000000030
97840  28.598  -2.924  18.155 0.2000000030
98901  27.450  -1.559  18.065 0.2000000030
99949  28.758  -1.371  16.762 0.2000000030
99951  27.693  -0.689  17.276 0.2000000030
101655  29.115  0.124  16.930 0.2000000030
100821  28.558  -0.557  16.833 0.2000000030
101642  30.583  0.704  17.340 0.3000000119
102512  32.001  1.238  17.951 0.3000000119
101641  31.544  0.428  17.430 0.3000000119
105647  42.883  5.161  13.078 0.5000000000
105639  41.596  4.383  13.530 0.4000000060
104563  40.772  3.566  13.919 0.4000000060
103537  40.162  2.806  14.015 0.4000000060
101637  35.601  0.631  17.450 0.3000000119
101638  34.720  0.596  17.752 0.3000000119
101639  33.680  0.772  17.857 0.3000000119
106763  41.871  5.628  12.083 0.6000000238
105649  40.896  4.593  12.952 0.4000000060
104568  40.375  4.065  13.177 0.4000000060
104564  39.733  3.040  13.563 0.4000000060
103529  39.257  1.850  14.331 0.4000000060
102536  38.589  1.270  14.621 0.4000000060
101649  37.253  0.696  15.968 0.4000000060
101636  36.221  0.740  17.086 0.3000000119
89212  44.089  -11.988  17.986 0.1000000015
90263  43.097  -10.983  18.103 0.1000000015
90264  42.288  -11.078  18.904 0.1000000015
91298  43.894  -9.789  17.277 0.1000000015
91299  43.309  -9.870  17.808 0.1000000015
91301  41.681  -10.175  19.052 0.1000000015
92255  41.284  -8.495  20.925 0.1000000015
93235  40.449  -6.701  21.655 0.1000000015
92265  44.123  -8.847  17.686 0.1000000015
92267  41.746  -9.290  18.837 0.1000000015
92261  41.372  -8.768  19.788 0.1000000015
93239  40.596  -6.415  21.163 0.1000000015
93257  44.991  -7.966  17.979 0.1000000015
93258  43.755  -8.222  18.418 0.1000000015
92266  42.840  -8.778  18.422 0.1000000015
92260  41.865  -8.391  18.993 0.1000000015
93251  41.557  -7.711  19.667 0.1000000015
95536  41.266  -5.390  21.066 0.1000000015
93247  45.466  -7.247  19.109 0.2000000030
93249  43.090  -7.863  18.918 0.1000000015
92259  42.456  -8.199  18.844 0.1000000015
94368  42.525  -7.162  19.570 0.1000000015
95535  41.881  -5.568  20.820 0.2000000030
100798  26.334  -0.083  18.185 0.1000000015
99934  26.728  -1.056  18.403 0.1000000015
100810  26.925  -0.044  17.763 0.1000000015
100797  26.948  -0.484  17.853 0.2000000030
102517  27.560  1.451  17.697 0.2000000030
101645  27.911  0.732  17.426 0.2000000030
103503  28.747  2.347  17.629 0.2000000030
102516  28.362  1.542  17.516 0.2000000030
100808  28.282  0.098  17.091 0.2000000030
102514  30.232  1.597  17.659 0.3000000119
101643  29.668  0.825  17.256 0.3000000119
103481  30.763  2.657  18.357 0.2000000030
102500  30.759  1.883  18.115 0.2000000030
102498  32.460  1.858  18.529 0.3000000119
102499  31.461  1.870  18.376 0.3000000119
105646  43.558  5.199  13.227 0.5000000000
105638  42.390  4.555  13.559 0.4000000060
104562  42.033  4.039  14.117 0.4000000060
104553  41.043  3.080  14.658 0.4000000060
103528  40.434  2.446  14.738 0.4000000060
102509  35.233  1.178  17.982 0.3000000119
102510  34.746  1.074  18.086 0.3000000119
103479  33.063  2.605  19.224 0.3000000119
102535  39.457  1.584  15.051 0.4000000060
102522  38.467  1.921  16.188 0.4000000060
102523  37.278  1.515  16.507 0.4000000060
102494  35.852  2.086  18.261 0.4000000060
108715  29.240  7.091  21.292 0.2000000030
107715  27.724  6.215  19.487 0.2000000030
105582  26.914  4.435  19.003 0.2000000030
103483  27.409  2.604  17.961 0.2000000030
101646  27.041  0.611  17.741 0.2000000030
109735  30.804  8.159  21.103 0.2000000030
108739  29.387  7.365  19.600 0.2000000030
107732  28.916  6.348  18.511 0.2000000030
104507  28.506  3.725  18.027 0.2000000030
103504  27.895  2.255  17.735 0.2000000030
108738  30.345  7.701  19.453 0.2000000030
107731  29.898  6.556  18.362 0.3000000119
105579  30.128  4.661  18.088 0.2000000030
104506  29.562  3.616  18.150 0.2000000030
105594  30.470  5.044  17.881 0.2000000030
104505  30.504  3.664  18.258 0.2000000030
103482  30.133  3.105  18.246 0.2000000030
103480  31.854  2.623  18.846 0.2000000030
104551  43.012  4.020  14.655 0.4000000060
104552  41.841  3.378  14.849 0.3000000119
103522  40.544  2.427  15.846 0.4000000060
102527  39.995  2.127  15.734 0.4000000060
103477  35.050  2.154  19.007 0.3000000119
103478  34.175  2.340  18.978 0.3000000119
102521  39.043  2.109  16.278 0.4000000060
103499  37.309  2.447  17.423 0.4000000060
103475  36.329  2.408  18.444 0.4000000060
103476  35.705  2.282  18.793 0.4000000060
108737  31.186  8.002  19.008 0.3000000119
107730  30.967  6.441  18.227 0.3000000119
107729  31.965  6.384  18.320 0.3000000119
106708  31.423  5.394  18.031 0.2000000030
105577  32.057  4.413  18.541 0.2000000030
105563  32.748  4.046  19.057 0.2000000030
104544  42.812  3.465  15.412 0.3000000119
103521  41.569  3.020  15.668 0.3000000119
103459  35.547  2.659  19.408 0.4000000060
103460  34.767  2.777  19.503 0.3000000119
104485  33.770  3.583  19.542 0.3000000119
103512  41.260  3.144  16.844 0.3000000119
103458  36.077  2.580  19.149 0.4000000060
104483  35.346  3.255  19.932 0.3000000119
106707  32.479  5.441  18.396 0.3000000119
105576  32.985  4.682  18.745 0.2000000030
105562  33.417  4.150  19.226 0.2000000030
105560  35.186  4.193  20.075 0.3000000119
104484  34.534  3.502  19.749 0.3000000119
93272  46.329  -8.070  16.680 0.1000000015
94361  49.634  -5.467  19.476 0.2000000030
94360  49.991  -5.427  19.056 0.2000000030
94390  50.454  -5.917  17.956 0.2000000030
106782  42.848  6.022  10.197 0.6999999881
106762  42.660  5.620  12.250 0.5000000000
101709  43.664  0.877  6.388 0.6000000238
99067  42.628  -2.483  0.461 0.4000000060
100917  42.376  -0.783  0.327 0.6000000238
98067  48.106  -4.202  -2.652 0.4000000060
105637  43.187  4.638  13.784 0.5000000000
95712  50.675  -5.194  4.815 0.3000000119
96864  50.196  -4.839  3.371 0.3000000119
94548  53.720  -6.418  5.962 0.3000000119
95709  54.282  -5.534  5.137 0.3000000119
95732  44.594  -5.840  4.462 0.3000000119
94580  44.837  -6.231  4.896 0.3000000119
95762  48.804  -5.091  2.615 0.3000000119
95763  48.245  -5.248  2.717 0.3000000119
95750  44.021  -5.325  3.736 0.3000000119
95733  43.793  -5.560  4.314 0.3000000119
99080  52.593  -2.688  1.384 0.3000000119
96867  46.157  -5.207  2.646 0.3000000119
99105  52.363  -2.672  -0.767 0.3000000119
99114  53.084  -2.766  -1.967 0.3000000119
99116  52.083  -3.003  -1.418 0.3000000119
98062  52.573  -3.377  -2.445 0.3000000119
98079  51.890  -3.708  -2.924 0.3000000119
93359  46.217  -7.484  7.852 0.3000000119
99023  53.240  -2.686  5.320 0.3000000119
97981  52.842  -2.907  3.670 0.3000000119
96851  50.979  -4.662  4.211 0.3000000119
96850  51.903  -3.867  4.210 0.3000000119
94570  44.325  -6.258  5.217 0.2000000030
93370  44.204  -7.130  6.806 0.2000000030
99034  53.880  -2.036  4.023 0.3000000119
97982  52.345  -3.389  3.853 0.3000000119
96862  51.809  -3.713  3.270 0.3000000119
96882  51.872  -3.617  2.562 0.3000000119
94573  42.190  -6.283  5.760 0.2000000030
94572  42.676  -6.266  5.587 0.2000000030
94571  43.423  -6.253  5.458 0.3000000119
97994  52.932  -2.803  2.893 0.3000000119
98005  52.721  -2.939  2.361 0.3000000119
96884  50.533  -4.381  2.516 0.3000000119
96883  51.325  -3.994  2.602 0.3000000119
95719  43.584  -5.827  4.836 0.2000000030
95735  42.500  -5.497  4.660 0.2000000030
98006  52.215  -3.274  1.924 0.3000000119
98008  50.817  -3.739  1.208 0.3000000119
96887  47.478  -5.171  2.206 0.3000000119
96853  42.642  -5.080  3.775 0.3000000119
98019  51.246  -3.438  0.643 0.3000000119
96918  49.570  -4.018  0.576 0.3000000119
96903  48.083  -4.688  1.327 0.3000000119
96888  46.533  -5.038  1.942 0.3000000119
96906  45.317  -4.502  1.180 0.4000000060
93337  46.091  -7.150  9.477 0.3000000119
90321  54.136  -9.916  9.724 0.2000000030
91343  53.347  -8.517  9.053 0.2000000030
94530  41.978  -7.034  7.784 0.2000000030
94545  40.693  -6.178  7.284 0.2000000030
95706  41.146  -5.367  5.995 0.2000000030
96854  42.176  -4.968  4.241 0.3000000119
97984  42.210  -4.290  3.502 0.4000000060
97983  42.500  -3.903  2.820 0.4000000060
99036  42.453  -3.181  2.420 0.4000000060
96936  48.439  -4.372  -0.317 0.4000000060
96953  48.987  -4.289  -0.983 0.4000000060
96921  46.889  -4.517  0.393 0.4000000060
96923  45.079  -4.447  0.279 0.4000000060
97996  43.919  -4.289  1.507 0.4000000060
96939  45.749  -4.544  -0.609 0.4000000060
96955  47.556  -4.448  -1.560 0.4000000060
98021  43.498  -3.790  0.087 0.4000000060
98022  42.909  -3.195  -0.140 0.4000000060
90317  54.228  -10.037  10.599 0.1000000015
95691  51.591  -5.185  7.667 0.3000000119
94514  44.413  -6.697  9.407 0.3000000119
93340  43.020  -7.276  8.935 0.3000000119
94532  40.464  -6.067  8.045 0.2000000030
96831  39.559  -4.845  7.756 0.2000000030
99016  41.273  -2.535  5.190 0.5000000000
100894  41.692  -1.021  3.400 0.6000000238
96941  43.920  -4.165  -0.694 0.4000000060
95680  49.587  -6.073  10.000 0.3000000119
94497  48.291  -6.031  10.278 0.3000000119
94501  45.454  -5.865  10.235 0.3000000119
94515  43.327  -6.850  9.301 0.3000000119
95672  42.017  -5.018  9.946 0.3000000119
96816  41.137  -4.984  9.837 0.2000000030
95694  39.660  -5.234  8.356 0.2000000030
97959  38.796  -3.479  8.158 0.2000000030
95687  39.589  -5.064  8.799 0.2000000030
96818  39.574  -4.609  9.286 0.2000000030
99993  40.724  -2.009  6.695 0.4000000060
99003  40.304  -2.400  6.852 0.3000000119
99985  41.227  -1.107  7.055 0.5000000000
99996  41.895  -1.003  5.824 0.5000000000
100865  42.379  -0.428  5.948 0.6000000238
100884  41.935  -0.198  3.877 0.6000000238
95667  47.139  -5.277  10.689 0.3000000119
95669  45.222  -5.277  10.422 0.3000000119
96809  40.128  -4.311  10.085 0.2000000030
96810  39.527  -4.090  9.780 0.2000000030
97958  39.246  -3.768  7.660 0.3000000119
97925  38.226  -3.551  11.034 0.2000000030
100859  40.978  -0.613  7.340 0.5000000000
100858  41.833  -0.532  7.004 0.5000000000
100866  42.052  -0.756  6.470 0.5000000000
102575  41.667  0.849  7.664 0.5000000000
101700  42.731  0.489  7.032 0.5000000000
97936  42.945  -3.578  10.913 0.2000000030
97923  40.218  -3.543  11.109 0.2000000030
96790  38.763  -4.121  11.417 0.2000000030
99005  38.754  -2.718  7.873 0.2000000030
98998  38.289  -2.463  8.736 0.2000000030
102562  43.281  2.116  7.776 0.6999999881
102563  42.379  1.727  7.921 0.6000000238
101702  40.667  0.029  7.636 0.4000000060
101691  40.443  0.584  7.927 0.5000000000
102564  41.318  1.179  7.928 0.5000000000
100855  37.931  -0.419  8.816 0.3000000119
98993  37.557  -2.070  9.885 0.2000000030
99978  37.621  -1.820  9.525 0.2000000030
96793  36.220  -4.277  11.425 0.2000000030
97928  35.706  -3.647  11.593 0.2000000030
99975  36.299  -1.375  10.492 0.2000000030
99980  36.665  -0.831  10.037 0.2000000030
97910  53.883  -3.304  11.667 0.3000000119
98981  54.235  -2.885  10.517 0.3000000119
96786  48.095  -4.079  11.577 0.3000000119
97934  44.879  -3.682  11.113 0.3000000119
98966  42.705  -3.009  11.867 0.2000000030
96776  41.171  -4.245  12.208 0.2000000030
96778  39.382  -4.278  11.600 0.2000000030
95649  39.263  -5.119  11.776 0.2000000030
94486  38.435  -6.070  11.844 0.2000000030
94493  37.988  -5.581  11.603 0.2000000030
95657  38.420  -4.950  11.569 0.2000000030
95656  38.967  -4.590  11.587 0.2000000030
95659  36.515  -4.941  11.516 0.2000000030
95651  36.630  -5.592  11.717 0.2000000030
94489  35.596  -5.551  12.341 0.2000000030
95637  35.261  -5.039  12.744 0.1000000015
96768  35.104  -4.223  12.911 0.3000000119
101703  39.995  0.011  7.805 0.4000000060
102567  38.495  1.046  8.965 0.3000000119
103563  42.633  2.575  8.178 0.6999999881
105696  42.412  4.072  8.611 0.6999999881
104584  40.320  3.351  9.132 0.5000000000
102565  40.210  1.241  8.350 0.4000000060
101687  37.414  0.621  9.424 0.3000000119
100851  36.898  -0.277  9.727 0.3000000119
101688  36.602  0.584  9.996 0.3000000119
100845  35.290  -0.675  11.722 0.4000000060
100847  36.321  -0.320  10.262 0.3000000119
102557  38.205  1.552  9.341 0.3000000119
102553  36.875  2.146  10.675 0.3000000119
96698  45.051  -4.229  18.936 0.1000000015
96718  45.418  -5.106  17.935 0.1000000015
96720  43.271  -4.529  18.129 0.1000000015
96715  48.411  -4.957  17.846 0.2000000030
96716  47.458  -5.310  17.912 0.1000000015
96734  46.202  -5.389  17.385 0.1000000015
95599  43.111  -5.816  17.078 0.1000000015
95601  41.086  -5.689  17.121 0.1000000015
94393  38.649  -6.014  17.562 0.1000000015
95585  37.758  -5.984  18.174 0.1000000015
95584  38.707  -5.694  18.012 0.1000000015
95586  37.362  -6.073  18.181 0.1000000015
94372  35.384  -6.428  19.111 0.2000000030
95552  35.744  -5.965  19.787 0.2000000030
94429  45.001  -6.046  15.948 0.1000000015
94413  42.667  -6.352  16.365 0.1000000015
94414  41.549  -6.348  16.334 0.1000000015
94374  33.582  -6.463  18.869 0.2000000030
94449  45.010  -6.059  15.166 0.1000000015
94450  44.127  -6.421  14.925 0.1000000015
94451  43.184  -6.767  14.639 0.1000000015
94434  39.714  -6.780  15.939 0.1000000015
94435  38.666  -7.003  16.184 0.1000000015
97895  50.265  -3.133  12.911 0.3000000119
94468  42.952  -6.458  13.601 0.1000000015
94453  41.074  -7.149  14.174 0.1000000015
94469  41.858  -6.726  13.468 0.1000000015
93282  40.061  -6.978  15.121 0.1000000015
93285  37.146  -7.395  15.468 0.1000000015
93294  39.819  -7.266  14.564 0.1000000015
93273  36.881  -7.359  16.071 0.1000000015
94419  35.627  -7.267  16.346 0.1000000015
94398  33.738  -6.592  17.144 0.1000000015
98975  44.838  -3.018  11.946 0.3000000119
95635  43.722  -5.438  13.244 0.1000000015
95636  42.957  -5.846  13.117 0.1000000015
94470  40.803  -6.811  13.312 0.1000000015
93296  37.917  -7.444  14.423 0.1000000015
93310  38.728  -7.448  13.531 0.1000000015
93309  39.782  -7.341  13.618 0.1000000015
94438  35.129  -7.190  15.207 0.1000000015
93274  36.505  -7.400  15.994 0.1000000015
98964  44.204  -3.256  12.260 0.3000000119
97900  44.010  -3.507  12.444 0.2000000030
96775  42.301  -4.261  12.466 0.2000000030
96774  43.156  -4.346  12.668 0.2000000030
97887  43.615  -3.997  12.680 0.2000000030
95645  43.341  -4.857  12.831 0.1000000015
94471  40.083  -6.772  12.842 0.1000000015
94484  40.686  -6.056  12.563 0.1000000015
93311  37.698  -7.450  13.374 0.2000000030
93323  38.586  -7.043  12.583 0.2000000030
93312  36.708  -7.323  13.180 0.1000000015
95604  33.239  -5.398  15.744 0.1000000015
95587  32.266  -5.555  16.741 0.2000000030
93325  36.658  -6.774  12.483 0.2000000030
95615  33.605  -4.935  15.197 0.1000000015
94456  34.681  -5.793  13.957 0.1000000015
94488  36.106  -6.140  12.234 0.2000000030
94474  34.928  -5.333  13.366 0.1000000015
95625  34.635  -4.960  13.821 0.2000000030
96744  34.018  -4.278  14.783 0.2000000030
97862  32.955  -3.743  15.935 0.2000000030
96755  34.460  -4.330  14.177 0.2000000030
97860  34.102  -3.519  15.145 0.3000000119
99970  35.197  -1.676  13.125 0.3000000119
98934  34.712  -2.992  15.006 0.3000000119
101680  35.819  0.861  11.696 0.4000000060
99961  35.756  -1.728  14.725 0.4000000060
105697  41.671  4.081  8.751 0.5000000000
105682  39.935  4.099  9.803 0.5000000000
105670  39.436  4.257  10.490 0.4000000060
103549  38.185  2.851  10.137 0.3000000119
104586  38.672  3.199  10.037 0.4000000060
103550  37.473  2.673  10.661 0.3000000119
103547  36.737  2.217  11.925 0.3000000119
95492  34.423  -5.371  25.035 0.1000000015
95468  35.690  -5.384  25.661 0.1000000015
96609  35.388  -4.247  25.087 0.1000000015
96596  35.916  -4.484  25.403 0.1000000015
97730  34.420  -3.551  24.289 0.1000000015
98835  35.157  -2.556  23.352 0.1000000015
97732  32.846  -3.779  23.741 0.1000000015
97742  32.420  -3.563  23.271 0.1000000015
96625  31.586  -4.296  23.623 0.1000000015
98845  37.103  -2.536  22.745 0.1000000015
97756  33.440  -3.051  22.566 0.1000000015
98874  39.393  -2.838  21.078 0.1000000015
98858  38.392  -2.810  21.810 0.1000000015
97776  36.239  -3.407  21.919 0.2000000030
97774  38.176  -3.451  21.449 0.1000000015
98873  40.450  -2.726  20.582 0.1000000015
97796  39.408  -3.329  20.526 0.1000000015
97798  37.959  -3.952  21.125 0.1000000015
96649  36.921  -4.067  21.193 0.2000000030
96650  35.870  -4.179  21.304 0.2000000030
96651  34.780  -4.170  21.319 0.2000000030
96681  47.447  -4.501  19.708 0.2000000030
97806  46.386  -3.734  19.999 0.2000000030
96683  45.843  -3.892  19.460 0.1000000015
97812  40.514  -3.328  19.730 0.1000000015
96664  38.288  -4.191  20.598 0.1000000015
96684  39.290  -4.356  19.516 0.1000000015
96685  38.615  -4.452  19.952 0.2000000030
96667  35.495  -4.949  20.938 0.2000000030
96668  34.410  -4.925  20.963 0.2000000030
96654  31.797  -4.229  21.071 0.2000000030
96678  50.112  -4.777  19.045 0.2000000030
95562  47.712  -5.135  18.720 0.2000000030
96696  47.206  -4.992  18.851 0.1000000015
97823  44.561  -3.469  19.450 0.1000000015
97826  41.644  -3.411  19.063 0.1000000015
96722  41.414  -4.447  18.113 0.1000000015
95563  39.489  -4.854  18.750 0.1000000015
95549  38.534  -4.851  19.483 0.1000000015
95550  38.075  -5.096  19.504 0.1000000015
95551  36.894  -5.625  19.629 0.2000000030
96714  49.010  -4.537  17.999 0.2000000030
95553  34.732  -6.096  19.769 0.2000000030
95541  33.083  -5.582  20.231 0.2000000030
97836  49.839  -3.731  17.399 0.2000000030
95554  33.755  -6.110  19.633 0.2000000030
95556  31.628  -5.628  19.343 0.2000000030
96763  53.870  -4.273  13.348 0.2000000030
96752  47.586  -4.287  15.004 0.1000000015
97884  46.659  -3.736  13.885 0.1000000015
95568  31.508  -5.813  18.192 0.2000000030
98974  45.852  -3.114  12.156 0.3000000119
94400  32.038  -5.860  17.415 0.2000000030
95589  30.545  -4.982  17.053 0.2000000030
95607  31.260  -4.787  16.679 0.2000000030
98950  44.929  -3.442  12.686 0.1000000015
97850  31.488  -3.343  16.350 0.2000000030
98922  34.292  -2.673  15.673 0.3000000119
98908  33.434  -2.578  16.192 0.2000000030
99956  34.498  -2.058  15.986 0.3000000119
101677  35.989  0.809  12.717 0.4000000060
101678  35.773  -0.035  13.144 0.4000000060
100833  35.911  -1.275  14.171 0.4000000060
100843  35.282  -0.749  12.690 0.4000000060
106793  42.712  5.250  9.338 0.6999999881
106794  41.768  5.246  9.688 0.6000000238
106784  41.145  5.206  10.417 0.5000000000
104573  38.858  4.003  10.947 0.4000000060
104579  37.847  3.216  11.417 0.3000000119
103544  36.758  1.963  12.519 0.4000000060
102546  37.118  1.187  13.596 0.4000000060
94313  31.017  -6.834  26.347 0.1000000015
97717  37.215  -3.666  25.698 0.1000000015
97718  36.393  -3.667  25.214 0.1000000015
98810  37.023  -3.035  25.067 0.1000000015
99905  41.815  -1.869  22.034 0.1000000015
97745  29.822  -3.965  22.738 0.1000000015
94364  46.874  -6.357  20.060 0.2000000030
98853  43.246  -2.215  21.742 0.2000000030
98871  42.447  -1.804  21.052 0.1000000015
97767  46.361  -3.919  21.211 0.2000000030
97768  45.652  -3.555  21.340 0.2000000030
97794  44.231  -2.554  21.122 0.2000000030
95521  44.827  -4.630  21.551 0.2000000030
98885  43.132  -2.238  20.597 0.2000000030
98870  43.199  -1.993  21.217 0.2000000030
97792  46.141  -3.647  20.716 0.2000000030
97809  42.946  -2.649  19.811 0.1000000015
97810  42.009  -2.769  19.583 0.1000000015
94376  50.526  -5.430  18.457 0.2000000030
95610  52.135  -5.314  16.247 0.2000000030
97857  49.035  -3.378  15.777 0.2000000030
97859  47.858  -4.072  15.206 0.2000000030
96688  30.848  -4.951  19.598 0.2000000030
96689  30.050  -4.585  19.031 0.2000000030
97867  48.177  -3.377  14.961 0.2000000030
98932  47.581  -3.221  14.258 0.2000000030
97852  29.627  -3.236  16.853 0.2000000030
96706  29.947  -4.626  17.758 0.2000000030
100817  32.526  -0.795  16.817 0.3000000119
100815  34.569  -0.723  16.644 0.3000000119
100816  33.590  -0.789  16.723 0.3000000119
100840  36.266  -0.349  13.811 0.4000000060
100826  36.492  -0.704  15.441 0.3000000119
100825  37.095  -0.112  14.988 0.3000000119
99960  36.073  -1.235  15.192 0.4000000060
100827  35.927  -0.926  15.872 0.3000000119
106772  42.328  5.826  11.295 0.6999999881
105661  38.930  3.974  12.266 0.4000000060
104571  38.076  2.893  12.794 0.4000000060
103540  37.726  1.967  13.489 0.3000000119
101664  38.040  0.981  14.639 0.3000000119
100768  39.406  -1.282  24.807 0.1000000015
100773  40.005  -1.133  23.853 0.2000000030
99899  39.116  -1.455  23.876 0.1000000015
97739  40.694  -2.823  23.653 0.1000000015
98843  40.944  -1.877  23.095 0.2000000030
99898  39.953  -1.309  23.523 0.1000000015
98842  41.603  -2.049  22.507 0.2000000030
97751  42.099  -2.531  22.276 0.2000000030
94353  43.968  -6.110  20.207 0.2000000030
94378  49.701  -6.028  18.757 0.2000000030
97815  28.757  -3.217  19.343 0.2000000030
96690  29.308  -3.693  19.258 0.2000000030
97829  28.925  -3.321  18.596 0.2000000030
98913  28.298  -1.761  17.262 0.2000000030
98900  28.104  -2.268  18.041 0.2000000030
99939  27.814  -1.561  17.577 0.2000000030
100820  29.414  -0.658  16.709 0.2000000030
99948  29.702  -1.532  16.581 0.2000000030
101653  30.914  0.003  16.971 0.3000000119
100806  32.137  -0.150  17.289 0.3000000119
101640  32.560  0.572  17.658 0.3000000119
101651  35.969  0.036  16.877 0.3000000119
100803  35.114  -0.116  17.145 0.3000000119
105658  41.299  5.204  12.245 0.6000000238
104569  39.850  3.699  13.120 0.4000000060
104565  39.171  2.688  13.496 0.4000000060
102544  38.301  1.565  14.181 0.4000000060
102537  37.995  1.220  14.430 0.4000000060
102530  37.630  0.992  15.803 0.4000000060
101658  38.100  0.802  14.908 0.4000000060
101650  36.661  0.521  16.462 0.3000000119
96623  40.567  -3.894  23.575 0.1000000015
95524  41.174  -4.679  21.590 0.1000000015
97773  41.497  -3.011  22.518 0.2000000030
97801  28.066  -2.950  20.445 0.1000000015
95574  51.444  -4.838  17.525 0.2000000030
98889  27.613  -2.576  20.001 0.1000000015
98895  27.265  -1.850  18.741 0.2000000030
100822  27.967  -0.480  17.078 0.2000000030
100809  27.488  -0.157  17.426 0.2000000030
101644  28.769  0.830  17.257 0.2000000030
102513  31.094  1.282  17.827 0.3000000119
102511  32.862  1.268  18.036 0.3000000119
105648  41.912  5.134  12.926 0.5000000000
103538  39.582  2.427  13.930 0.4000000060
101629  34.058  1.263  18.207 0.3000000119
102497  33.564  1.700  18.431 0.3000000119
103530  38.688  1.681  14.188 0.4000000060
102529  38.341  1.285  15.504 0.4000000060
102524  36.557  1.092  16.885 0.4000000060
102508  36.188  1.564  17.601 0.4000000060
91300  42.374  -10.066  18.369 0.1000000015
93238  40.953  -7.316  20.665 0.1000000015
94369  41.947  -7.348  19.623 0.1000000015
94356  40.956  -5.907  20.832 0.1000000015
94355  41.725  -6.746  20.132 0.1000000015
102518  26.865  1.511  17.983 0.2000000030
104526  28.961  3.051  17.854 0.2000000030
102515  29.268  1.631  17.467 0.2000000030
104528  27.718  2.817  17.873 0.2000000030
103502  29.757  2.523  17.925 0.2000000030
103501  30.372  2.158  18.033 0.2000000030
104504  31.401  3.540  18.560 0.2000000030
103527  41.225  2.932  14.974 0.3000000119
102534  40.018  2.003  15.414 0.4000000060
102495  35.436  1.797  18.363 0.3000000119
102496  34.590  1.558  18.414 0.3000000119
102528  39.387  1.898  15.821 0.4000000060
103516  37.935  2.338  16.660 0.4000000060
102507  36.828  1.966  17.286 0.4000000060
107702  28.652  7.087  20.556 0.2000000030
108727  29.112  7.371  20.547 0.2000000030
108714  30.043  7.638  21.196 0.2000000030
106712  27.610  5.430  18.852 0.2000000030
107703  28.245  6.766  20.288 0.2000000030
107733  28.185  6.142  18.812 0.2000000030
104508  27.434  3.412  18.203 0.2000000030
105581  27.952  4.548  18.370 0.2000000030
108726  29.977  7.709  20.201 0.2000000030
108740  28.731  7.213  20.017 0.2000000030
107713  29.295  6.942  18.890 0.2000000030
108752  29.857  7.287  18.917 0.2000000030
106710  29.447  5.559  18.161 0.2000000030
106711  28.485  5.473  18.423 0.2000000030
108751  30.596  7.299  18.655 0.3000000119
106709  30.440  5.522  17.962 0.2000000030
105580  28.993  4.613  18.154 0.2000000030
105578  31.021  4.444  17.981 0.2000000030
104503  32.293  3.459  19.116 0.2000000030
104545  42.217  3.279  15.473 0.3000000119
103513  40.218  2.759  16.584 0.4000000060
103514  39.467  2.433  16.472 0.4000000060
103462  33.437  3.128  19.545 0.2000000030
104486  33.087  3.493  19.392 0.2000000030
104536  40.433  3.201  17.132 0.4000000060
103515  38.709  2.415  16.632 0.4000000060
104502  36.455  2.713  19.089 0.4000000060
108750  31.508  7.271  18.524 0.3000000119
103461  33.945  2.934  19.552 0.3000000119
105561  34.274  4.340  19.454 0.3000000119
92452  46.558  -8.119  -3.921 0.2000000030
93464  45.033  -7.811  -3.861 0.3000000119
92454  43.682  -7.781  -4.228 0.2000000030
104474  43.586  3.298  20.290 0.4000000060
94674  47.711  -7.030  -5.016 0.4000000060
95859  48.833  -5.853  -5.474 0.4000000060
94675  47.195  -6.971  -4.811 0.4000000060
93487  48.487  -7.289  -4.817 0.4000000060
93475  46.820  -7.552  -4.378 0.4000000060
92451  47.179  -7.960  -4.155 0.2000000030
93473  48.823  -7.457  -4.434 0.3000000119
93476  45.732  -7.633  -4.104 0.3000000119
94678  44.410  -6.656  -4.500 0.2000000030
93478  43.642  -7.322  -4.532 0.2000000030
93488  43.081  -7.440  -5.306 0.2000000030
92463  42.587  -8.015  -5.550 0.1000000015
93502  41.356  -7.690  -6.759 0.1000000015
111551  42.403  10.562  21.169 0.2000000030
110654  41.782  9.661  20.941 0.2000000030
95879  48.606  -5.172  -5.874 0.4000000060
95860  48.075  -5.903  -5.657 0.4000000060
95878  49.179  -5.134  -5.571 0.4000000060
95861  47.309  -5.871  -5.801 0.4000000060
94676  46.350  -6.906  -4.682 0.3000000119
93477  44.541  -7.423  -4.039 0.2000000030
92477  41.468  -8.453  -6.433 0.1000000015
93489  42.457  -7.582  -6.115 0.1000000015
93501  41.912  -7.434  -6.922 0.1000000015
93503  41.053  -7.503  -6.498 0.1000000015
93513  41.725  -6.876  -7.255 0.1000000015
94720  41.119  -6.606  -7.089 0.1000000015
95899  40.804  -5.567  -7.001 0.2000000030
97046  40.861  -4.977  -7.069 0.2000000030
98129  40.854  -3.085  -6.536 0.2000000030
99158  41.340  -2.272  -6.668 0.2000000030
97022  48.994  -4.610  -5.761 0.4000000060
95880  47.908  -5.203  -6.196 0.4000000060
95862  46.462  -5.852  -5.793 0.4000000060
95882  46.207  -5.298  -6.448 0.3000000119
94677  45.353  -6.684  -4.622 0.3000000119
95863  45.267  -5.877  -5.498 0.3000000119
95848  44.437  -6.187  -4.940 0.3000000119
94693  43.678  -6.590  -4.912 0.3000000119
95864  43.910  -5.696  -5.202 0.3000000119
94694  43.068  -6.607  -5.664 0.2000000030
94708  42.488  -6.612  -6.511 0.1000000015
94718  42.055  -6.499  -7.218 0.1000000015
94719  41.557  -6.445  -7.393 0.1000000015
100073  40.053  -1.320  -3.696 0.1000000015
97030  41.619  -4.236  -7.031 0.2000000030
97045  41.111  -4.992  -7.218 0.2000000030
100083  39.674  -1.945  -3.906 0.1000000015
98128  41.548  -3.076  -7.100 0.2000000030
100952  40.797  -0.644  -4.262 0.1000000015
100101  41.362  -1.551  -6.081 0.2000000030
100091  41.071  -1.465  -5.450 0.2000000030
97011  49.048  -4.047  -5.718 0.4000000060
97023  48.560  -4.319  -6.333 0.4000000060
95881  47.110  -5.297  -6.427 0.4000000060
97025  46.976  -4.719  -7.077 0.4000000060
97026  46.054  -4.466  -6.891 0.4000000060
95883  45.414  -5.079  -6.267 0.3000000119
97012  44.674  -5.158  -5.780 0.3000000119
95865  42.933  -5.696  -5.867 0.3000000119
95897  41.878  -5.679  -7.278 0.2000000030
100944  39.732  -1.071  -3.000 0.1000000015
97044  41.622  -5.045  -7.284 0.2000000030
97031  40.946  -4.397  -6.607 0.2000000030
100951  41.211  -0.635  -4.836 0.2000000030
100081  41.000  -1.217  -4.903 0.2000000030
97041  47.686  -4.045  -7.366 0.5000000000
97042  46.952  -3.912  -7.322 0.5000000000
97027  44.885  -4.410  -6.344 0.3000000119
98124  45.595  -3.850  -6.923 0.4000000060
97014  42.870  -4.898  -6.115 0.2000000030
101799  41.232  0.169  -4.793 0.2000000030
100959  41.465  -0.729  -5.468 0.2000000030
101800  40.913  -0.052  -4.345 0.2000000030
102682  41.292  1.275  -3.729 0.2000000030
99169  45.700  -2.054  -7.470 0.3000000119
100112  44.225  -1.143  -7.324 0.3000000119
99171  43.396  -2.138  -6.905 0.3000000119
98143  42.136  -2.710  -7.206 0.2000000030
99173  41.843  -2.079  -7.162 0.2000000030
100111  45.431  -1.142  -7.585 0.3000000119
99172  42.446  -2.083  -7.102 0.3000000119
100113  43.137  -1.215  -7.214 0.2000000030
100114  42.416  -1.364  -6.987 0.2000000030
100968  41.959  -0.428  -6.545 0.2000000030
100977  42.675  -0.293  -7.239 0.2000000030
102689  41.420  1.198  -4.641 0.2000000030
101806  41.565  0.265  -5.860 0.2000000030
102698  41.544  1.093  -5.491 0.2000000030
100974  46.244  -0.323  -8.084 0.4000000060
100975  45.018  -0.266  -7.736 0.4000000060
100976  43.833  -0.288  -7.551 0.2000000030
100967  42.282  -0.099  -6.971 0.2000000030
102673  41.337  1.576  -2.695 0.1000000015
101814  41.893  0.512  -6.459 0.2000000030
104701  41.992  3.231  -1.179 0.2000000030
101827  46.558  1.043  -8.135 0.4000000060
102683  40.861  0.953  -3.084 0.1000000015
103670  41.793  2.143  -3.233 0.1000000015
107870  38.126  7.136  1.415 0.3000000119
101818  45.817  0.655  -7.926 0.4000000060
102715  45.292  1.478  -7.665 0.4000000060
101820  43.564  0.602  -7.545 0.2000000030
101819  44.607  0.615  -7.699 0.3000000119
103703  41.881  1.611  -5.625 0.2000000030
103681  41.843  1.923  -4.244 0.2000000030
101821  42.881  0.701  -7.350 0.2000000030
101813  42.328  0.437  -6.950 0.3000000119
104694  42.127  3.987  -1.011 0.3000000119
105785  41.751  4.468  -0.377 0.2000000030
106884  41.910  5.325  -0.668 0.3000000119
103731  47.029  2.251  -8.038 0.4000000060
104765  46.599  2.744  -7.882 0.4000000060
108895  38.133  7.480  0.862 0.4000000060
103659  41.752  2.488  -1.944 0.2000000030
107869  38.938  6.599  1.090 0.3000000119
102717  43.379  1.370  -7.371 0.4000000060
103692  41.857  1.763  -5.135 0.2000000030
102707  42.222  1.299  -6.508 0.2000000030
102697  41.868  1.449  -5.965 0.2000000030
106883  42.272  5.153  -1.163 0.3000000119
107880  41.169  6.061  -0.206 0.3000000119
108896  37.411  7.680  1.320 0.3000000119
104766  46.209  2.622  -7.892 0.4000000060
108908  36.653  8.216  0.707 0.4000000060
102716  44.236  1.462  -7.545 0.4000000060
103721  44.934  2.350  -7.434 0.4000000060
108906  38.484  7.480  0.070 0.3000000119
103723  43.207  1.799  -7.152 0.3000000119
108905  39.313  7.330  -0.270 0.3000000119
107882  39.219  7.034  0.277 0.3000000119
107879  41.578  5.706  -0.424 0.3000000119
107891  40.263  6.819  -0.787 0.3000000119
104754  45.805  3.250  -7.775 0.4000000060
105862  45.287  4.437  -7.479 0.4000000060
104756  43.804  2.867  -7.032 0.4000000060
103691  42.391  2.456  -4.839 0.3000000119
108907  37.366  8.001  0.227 0.4000000060
104755  44.441  3.389  -7.244 0.4000000060
103712  43.514  2.622  -6.929 0.4000000060
104745  42.906  2.666  -6.215 0.3000000119
103702  42.347  2.092  -5.848 0.3000000119
108918  37.847  8.238  -0.531 0.4000000060
109908  37.069  8.513  -0.485 0.4000000060
109918  36.688  8.937  -0.876 0.4000000060
110853  35.977  9.231  -0.832 0.4000000060
103722  43.779  2.281  -7.260 0.4000000060
103713  42.978  2.187  -6.760 0.3000000119
109930  37.082  9.099  -1.153 0.4000000060
104700  42.400  3.587  -1.790 0.3000000119
108916  39.868  7.311  -0.960 0.3000000119
108917  38.811  8.027  -0.995 0.4000000060
109916  38.014  8.586  -1.114 0.4000000060
105795  42.480  4.543  -1.428 0.3000000119
107889  41.653  6.047  -0.842 0.3000000119
106938  46.310  5.510  -6.428 0.4000000060
106950  45.812  5.231  -7.112 0.4000000060
107941  46.053  5.954  -6.162 0.4000000060
104743  44.248  3.990  -6.492 0.4000000060
103680  42.421  2.601  -3.835 0.2000000030
103669  42.244  2.911  -2.922 0.3000000119
111772  36.253  10.342  -1.127 0.4000000060
111773  35.677  10.204  -1.058 0.4000000060
112671  35.935  10.875  -0.447 0.4000000060
110865  36.735  9.565  -1.254 0.4000000060
111761  35.924  10.628  -0.799 0.4000000060
104707  42.615  3.614  -2.648 0.3000000119
108927  38.883  8.259  -1.714 0.4000000060
109929  37.638  9.145  -1.489 0.4000000060
110864  37.433  9.667  -1.639 0.5000000000
107899  41.228  6.912  -1.582 0.3000000119
108915  40.373  6.967  -1.154 0.3000000119
107897  42.758  5.994  -2.121 0.3000000119
106893  42.130  5.741  -1.200 0.3000000119
107898  42.002  6.567  -1.798 0.3000000119
108925  40.672  7.364  -1.697 0.3000000119
110806  34.648  9.935  3.767 0.4000000060
111701  34.899  10.240  3.025 0.6000000238
107940  46.446  6.160  -6.070 0.4000000060
111717  35.423  10.496  2.172 0.6000000238
111730  36.033  10.521  1.350 0.6000000238
106951  45.003  5.209  -6.985 0.4000000060
104732  44.395  4.313  -5.847 0.4000000060
111747  35.773  10.717  0.573 0.6000000238
112655  35.638  10.919  0.050 0.4000000060
104723  43.023  3.140  -4.395 0.3000000119
112654  36.311  11.113  0.060 0.5000000000
104713  42.857  3.364  -3.457 0.3000000119
111771  37.394  10.233  -1.642 0.4000000060
109940  38.160  9.131  -1.927 0.5000000000
110873  38.091  9.711  -2.119 0.5000000000
105805  43.444  4.856  -2.740 0.3000000119
105806  42.887  4.496  -2.232 0.3000000119
108937  39.885  8.460  -2.579 0.5000000000
109939  38.556  9.009  -2.417 0.5000000000
106904  43.130  5.455  -2.371 0.3000000119
108935  41.349  7.342  -2.539 0.3000000119
110778  35.722  9.756  5.246 0.3000000119
110779  34.736  9.790  5.274 0.2000000030
110793  36.196  9.980  4.259 0.4000000060
110794  35.132  9.829  4.417 0.4000000060
111687  36.340  10.164  3.520 0.5000000000
111700  35.857  10.315  3.023 0.6000000238
106939  45.563  5.497  -6.280 0.4000000060
111716  36.400  10.542  2.218 0.6000000238
105836  45.151  5.273  -5.828 0.4000000060
105837  44.698  4.891  -5.493 0.4000000060
111745  37.670  10.820  0.682 0.6000000238
105825  44.382  5.181  -4.781 0.4000000060
105826  43.965  4.574  -4.350 0.4000000060
112653  37.297  11.197  0.006 0.6000000238
104712  43.518  3.892  -3.893 0.3000000119
105815  43.232  4.137  -3.052 0.3000000119
112684  37.348  10.903  -1.193 0.6000000238
106903  43.505  5.521  -2.962 0.3000000119
107908  43.427  5.929  -3.206 0.4000000060
112697  38.013  10.847  -1.814 0.5000000000
109938  39.316  8.670  -2.696 0.5000000000
110872  38.651  9.599  -2.882 0.5000000000
111780  38.190  10.454  -2.169 0.5000000000
107909  42.952  6.285  -2.840 0.3000000119
107910  42.109  7.094  -3.095 0.4000000060
108936  40.517  8.103  -2.900 0.5000000000
109951  39.599  9.080  -3.419 0.5000000000
110884  39.078  9.725  -3.783 0.6000000238
110792  37.332  9.945  4.611 0.3000000119
110777  36.739  9.860  5.325 0.3000000119
107935  45.843  6.465  -5.760 0.5000000000
111686  37.045  10.102  3.747 0.5000000000
111699  36.769  10.228  2.974 0.5000000000
106928  44.741  5.806  -5.253 0.4000000060
111729  37.024  10.545  1.427 0.6000000238
111715  37.413  10.382  2.288 0.6000000238
106919  44.226  6.015  -4.679 0.4000000060
105814  43.790  4.845  -3.438 0.4000000060
107927  43.598  6.755  -4.425 0.4000000060
106920  43.935  5.609  -4.070 0.4000000060
112670  36.886  11.078  -0.537 0.6999999881
107916  43.406  6.222  -3.630 0.4000000060
107917  42.728  7.071  -3.827 0.4000000060
112683  38.433  11.477  -1.713 0.6000000238
108955  42.370  7.774  -4.588 0.5000000000
111779  38.607  10.347  -2.996 0.6999999881
108944  42.196  7.560  -3.999 0.5000000000
108945  41.488  7.840  -3.879 0.5000000000
109962  40.485  8.646  -4.621 0.5000000000
109950  40.350  8.733  -3.810 0.5000000000
110883  39.936  9.336  -4.098 0.5000000000
112703  38.963  11.086  -3.305 0.6999999881
110892  40.312  9.316  -4.794 0.5000000000
109972  40.622  8.734  -5.195 0.5000000000
108961  46.056  7.088  -5.354 0.5000000000
108962  45.245  7.400  -5.342 0.6000000238
108963  44.313  7.632  -5.273 0.5000000000
107926  44.327  6.714  -4.968 0.4000000060
108953  43.930  7.268  -4.860 0.5000000000
108954  43.405  7.834  -4.766 0.5000000000
107928  43.028  7.385  -4.375 0.5000000000
112696  38.661  11.150  -2.494 0.6999999881
109960  42.320  8.155  -5.037 0.6000000238
112702  39.437  11.442  -3.839 0.6999999881
108966  41.748  8.254  -5.324 0.6000000238
109961  40.866  8.086  -4.894 0.6000000238
111796  39.371  10.543  -4.215 0.6000000238
111795  39.688  10.669  -4.393 0.6000000238
110901  41.570  9.435  -5.262 0.6000000238
109971  41.310  8.591  -5.363 0.6000000238
111794  40.526  10.251  -4.926 0.6000000238
111801  40.989  9.919  -5.269 0.6000000238
109945  44.993  8.162  -4.523 0.6000000238
109967  44.719  8.035  -5.380 0.5000000000
109957  45.024  8.213  -5.137 0.6000000238
109968  44.180  8.618  -5.290 0.6000000238
109946  44.535  8.601  -4.026 0.6999999881
108964  43.779  8.230  -5.218 0.6000000238
110899  43.384  9.219  -5.081 0.6000000238
109948  43.259  8.882  -3.394 0.6999999881
109969  43.190  8.628  -5.064 0.6000000238
110900  42.492  9.226  -5.130 0.6000000238
110890  42.622  9.331  -4.585 0.6000000238
110891  41.778  9.596  -4.671 0.6999999881
111786  41.364  10.308  -3.879 0.6999999881
110881  41.869  9.445  -4.085 0.6999999881
110653  42.618  9.473  21.501 0.2000000030
97013  43.788  -4.850  -5.716 0.3000000119
97028  43.671  -4.148  -6.318 0.3000000119
98126  43.504  -3.185  -6.780 0.2000000030
98127  42.325  -3.287  -6.951 0.2000000030
99157  42.566  -2.577  -6.985 0.2000000030
97043  46.306  -3.698  -7.196 0.4000000060
98140  45.848  -3.048  -7.267 0.3000000119
97024  47.766  -4.611  -6.800 0.4000000060
100987  46.618  0.450  -8.230 0.4000000060
110889  43.468  9.295  -4.510 0.6000000238
110888  44.186  9.223  -4.393 0.6000000238
93472  49.393  -7.028  -4.494 0.4000000060
94688  49.139  -6.462  -5.148 0.4000000060
93486  48.963  -7.102  -4.968 0.4000000060
94689  48.326  -6.799  -5.229 0.4000000060
93474  47.861  -7.565  -4.464 0.4000000060
94690  47.556  -6.537  -5.340 0.4000000060
94691  46.813  -6.451  -5.307 0.4000000060
94692  46.047  -6.398  -5.227 0.3000000119
95847  44.884  -6.335  -4.869 0.3000000119
92476  41.989  -8.090  -6.454 0.1000000015
95898  41.262  -5.743  -7.472 0.2000000030
100978  42.286  -0.901  -6.840 0.2000000030
95884  42.399  -5.677  -6.690 0.2000000030
97029  42.374  -4.515  -6.728 0.2000000030
98125  44.729  -3.556  -6.799 0.3000000119
98141  44.736  -2.737  -7.159 0.3000000119
99170  44.586  -1.951  -7.248 0.3000000119
98142  44.045  -2.505  -7.028 0.3000000119
99156  42.881  -2.771  -6.796 0.3000000119
102727  46.173  1.548  -7.973 0.4000000060
103720  45.830  2.256  -7.825 0.4000000060
108926  39.568  8.035  -1.985 0.3000000119
105863  44.582  4.482  -7.048 0.4000000060
104744  43.561  3.095  -6.530 0.3000000119
104734  43.025  3.057  -5.518 0.3000000119
110805  35.428  10.052  3.654 0.4000000060
104733  43.803  3.781  -5.759 0.4000000060
105838  44.122  4.413  -5.193 0.4000000060
111746  36.666  10.733  0.624 0.6000000238
104722  43.587  3.787  -4.856 0.3000000119
108946  40.785  8.248  -3.733 0.4000000060
106927  45.297  5.934  -5.679 0.5000000000
112669  38.121  11.601  -0.848 0.6000000238
111698  37.726  10.129  3.123 0.5000000000
107936  44.980  6.682  -5.393 0.5000000000
109958  44.576  8.806  -4.800 0.6000000238
110898  44.111  9.390  -5.037 0.6000000238
109746  39.249  8.233  20.104 0.2000000030
109747  38.615  7.860  19.830 0.2000000030
108733  38.297  7.131  19.695 0.2000000030
107711  36.836  6.174  19.542 0.2000000030
107701  38.217  5.604  20.795 0.2000000030
106688  37.203  5.554  20.145 0.2000000030
106689  36.607  5.364  19.955 0.2000000030
106704  35.258  5.512  19.129 0.2000000030
106705  34.405  5.303  18.851 0.2000000030
106675  37.741  5.175  20.574 0.2000000030
106676  37.010  4.929  20.328 0.2000000030
105544  36.050  4.360  20.414 0.2000000030
105543  36.732  4.377  20.438 0.3000000119
104482  36.308  3.063  19.752 0.2000000030
108724  39.753  7.221  20.598 0.2000000030
108734  37.294  7.203  19.282 0.2000000030
107724  36.518  6.577  19.132 0.2000000030
107709  38.555  6.556  20.243 0.2000000030
106674  38.338  5.166  21.164 0.2000000030
109756  37.992  8.222  19.435 0.2000000030
108744  36.820  7.699  18.980 0.2000000030
108746  35.441  7.143  18.627 0.2000000030
105575  33.720  4.749  18.918 0.2000000030
105542  37.424  4.383  20.359 0.2000000030
107726  34.937  6.254  18.689 0.2000000030
107727  33.964  6.283  18.397 0.2000000030
104481  37.331  3.759  19.871 0.3000000119
111564  41.481  10.597  20.793 0.1000000015
110670  41.136  9.858  20.504 0.1000000015
110671  40.447  9.536  20.259 0.1000000015
110672  39.725  9.196  19.916 0.2000000030
109745  40.257  8.389  20.481 0.1000000015
111575  39.346  9.634  19.744 0.2000000030
110685  38.372  9.174  19.510 0.2000000030
110686  37.548  9.197  19.415 0.2000000030
109768  36.468  7.997  18.874 0.2000000030
107700  38.923  6.069  21.130 0.2000000030
106665  38.671  5.120  21.901 0.2000000030
109757  37.025  8.351  19.103 0.2000000030
105541  38.255  4.558  20.638 0.2000000030
106706  33.431  5.452  18.556 0.2000000030
105558  37.883  4.247  20.020 0.3000000119
104501  37.056  2.923  18.832 0.3000000119
105451  33.361  4.357  26.070 0.1000000015
105459  32.563  4.373  25.576 0.1000000015
112481  43.015  11.475  21.428 0.1000000015
111550  43.349  10.399  21.615 0.1000000015
111565  40.634  10.489  20.470 0.1000000015
104487  25.991  3.781  19.324 0.1000000015
103485  25.950  2.459  18.750 0.1000000015
109731  41.016  8.120  20.890 0.1000000015
103484  26.760  2.461  18.263 0.1000000015
107699  40.119  6.688  21.462 0.2000000030
107698  40.723  7.027  21.489 0.2000000030
107689  39.107  5.520  22.051 0.2000000030
105524  38.673  4.705  21.347 0.3000000119
110687  36.663  9.268  19.455 0.2000000030
108747  34.442  7.194  18.481 0.2000000030
105540  39.088  4.345  20.793 0.3000000119
104480  38.206  4.056  19.450 0.2000000030
104500  37.892  3.630  18.799 0.3000000119
104524  37.673  3.050  18.021 0.3000000119
105444  35.003  4.265  26.965 0.1000000015
104381  34.489  3.359  27.036 0.1000000015
105450  34.180  4.331  26.541 0.1000000015
106605  33.842  4.833  26.267 0.1000000015
105458  33.123  4.830  25.681 0.1000000015
106613  32.813  5.324  25.338 0.1000000015
106614  32.163  4.952  25.126 0.1000000015
106624  31.451  5.170  24.624 0.1000000015
105507  29.051  4.861  23.209 0.1000000015
113364  43.668  12.284  21.390 0.1000000015
105525  27.051  4.799  21.828 0.1000000015
112482  41.816  11.645  21.194 0.1000000015
106693  26.534  4.843  19.712 0.1000000015
104509  26.279  3.529  18.907 0.1000000015
111549  44.198  10.242  22.262 0.1000000015
109730  41.764  8.503  21.353 0.1000000015
112501  40.079  11.297  20.705 0.1000000015
111566  39.642  10.294  20.038 0.2000000030
108712  41.178  7.499  21.444 0.1000000015
111577  38.024  9.990  19.668 0.2000000030
108710  42.328  7.609  22.408 0.1000000015
107687  41.084  6.624  22.076 0.2000000030
107688  39.807  5.927  22.385 0.2000000030
109758  36.183  8.632  19.100 0.2000000030
109770  34.892  8.041  18.652 0.2000000030
108748  33.438  7.248  18.434 0.2000000030
107670  40.826  5.900  22.848 0.2000000030
107671  40.240  5.571  22.856 0.2000000030
107728  32.957  6.362  18.386 0.2000000030
105505  40.457  4.791  22.499 0.2000000030
105557  38.771  4.069  19.806 0.3000000119
105556  39.765  4.173  19.884 0.3000000119
104499  38.883  3.935  18.931 0.2000000030
104523  38.542  3.413  17.888 0.3000000119
104498  40.025  4.128  18.714 0.4000000060
103498  38.177  2.858  17.209 0.3000000119
103496  39.724  2.885  16.968 0.3000000119
102444  34.042  1.664  27.937 0.1000000015
102433  33.492  1.036  28.441 0.1000000015
103375  34.747  2.422  27.567 0.1000000015
102432  34.393  0.975  28.677 0.1000000015
104380  35.417  3.252  27.445 0.1000000015
103367  36.196  2.024  28.720 0.1000000015
105443  36.122  4.180  27.583 0.1000000015
104379  36.188  3.155  27.913 0.1000000015
103374  35.684  2.348  28.137 0.1000000015
102430  36.295  1.558  29.284 0.1000000015
106603  34.950  5.253  26.776 0.1000000015
103373  36.350  2.555  28.415 0.1000000015
106612  33.617  5.357  25.940 0.1000000015
107635  33.263  6.356  25.264 0.1000000015
105471  30.632  4.291  24.403 0.1000000015
107636  32.645  5.913  24.975 0.1000000015
107646  31.414  5.953  24.173 0.1000000015
105487  30.227  4.667  23.976 0.1000000015
105488  29.558  4.477  23.610 0.1000000015
106637  30.948  5.645  24.062 0.1000000015
106638  30.268  5.418  23.625 0.1000000015
106639  29.518  5.247  23.328 0.1000000015
106654  29.121  5.527  22.718 0.1000000015
106655  28.322  5.276  21.950 0.1000000015
106656  27.593  5.091  21.742 0.1000000015
107673  30.029  6.425  22.603 0.1000000015
107674  28.908  6.272  21.737 0.1000000015
106666  27.848  5.548  21.505 0.1000000015
107690  28.601  6.900  20.987 0.1000000015
107692  27.265  5.854  20.850 0.1000000015
106678  26.843  5.544  20.528 0.1000000015
113365  42.506  12.496  21.521 0.1000000015
109766  42.228  8.599  19.028 0.1000000015
112500  40.942  11.236  20.844 0.1000000015
111576  38.862  9.846  19.664 0.2000000030
110673  37.150  9.934  19.893 0.2000000030
108749  32.438  7.353  18.512 0.2000000030
106650  41.564  5.416  23.236 0.2000000030
109759  35.320  8.716  19.088 0.2000000030
109771  33.896  8.103  18.615 0.2000000030
106649  42.320  5.228  23.479 0.2000000030
105504  41.306  4.788  22.696 0.2000000030
105522  40.220  4.545  21.807 0.3000000119
105521  41.128  4.545  21.917 0.3000000119
105555  40.704  4.384  20.097 0.3000000119
105536  42.682  4.158  21.637 0.3000000119
105554  41.638  4.288  20.210 0.3000000119
104478  40.611  4.230  19.315 0.3000000119
104477  41.411  4.085  19.382 0.3000000119
104464  42.385  3.945  20.290 0.3000000119
104497  41.132  3.954  18.614 0.3000000119
104537  40.042  3.050  17.064 0.3000000119
103473  42.612  3.330  18.640 0.3000000119
103494  42.347  3.315  17.880 0.3000000119
103520  42.687  3.236  15.953 0.2000000030
101565  33.735  0.375  29.134 0.1000000015
106593  35.614  5.164  27.217 0.1000000015
105430  36.567  3.637  27.948 0.1000000015
104377  36.781  3.115  28.349 0.1000000015
102429  36.877  1.626  29.421 0.1000000015
102418  36.936  1.499  30.216 0.1000000015
107625  34.772  5.749  26.508 0.1000000015
107634  34.373  6.198  26.077 0.1000000015
108671  34.120  7.022  25.436 0.1000000015
107644  33.031  6.861  24.679 0.1000000015
107645  32.242  6.419  24.409 0.1000000015
107657  31.938  6.950  23.707 0.1000000015
107658  31.147  6.453  23.393 0.1000000015
107659  30.317  6.016  23.196 0.1000000015
108686  31.857  7.302  23.275 0.1000000015
107672  30.751  6.996  22.676 0.1000000015
108699  29.668  7.030  21.853 0.1000000015
114269  42.732  13.303  21.487 0.1000000015
113366  41.360  12.695  21.847 0.1000000015
110693  41.791  9.483  18.771 0.1000000015
112502  39.077  11.215  20.714 0.1000000015
111567  38.586  10.543  20.169 0.2000000030
110688  35.780  9.304  19.593 0.2000000030
109772  32.934  8.053  18.799 0.2000000030
103511  42.530  3.171  16.760 0.2000000030
111720  33.011  9.649  2.648 0.2000000030
109872  32.454  8.729  3.267 0.3000000119
109887  33.360  8.732  2.636 0.2000000030
111733  34.011  9.881  1.197 0.3000000119
110830  33.838  9.383  1.761 0.2000000030
109902  33.889  8.865  1.929 0.2000000030
110855  34.547  9.350  -0.070 0.3000000119
110843  34.249  9.448  0.689 0.3000000119
109901  34.332  8.925  1.326 0.3000000119
109911  34.606  8.971  0.422 0.3000000119
109885  35.096  8.437  1.828 0.3000000119
109900  35.095  8.646  0.930 0.3000000119
109909  36.236  8.833  -0.127 0.3000000119
107610  35.971  5.738  27.303 0.1000000015
106592  36.327  5.201  27.509 0.1000000015
107624  35.502  6.270  26.764 0.1000000015
107633  35.107  6.768  26.145 0.1000000015
108670  34.857  7.161  25.713 0.1000000015
108676  32.931  7.231  24.347 0.1000000015
108685  32.558  7.528  23.698 0.1000000015
108696  32.239  7.766  22.976 0.1000000015
108698  30.380  7.390  22.188 0.1000000015
115175  42.664  13.753  21.373 0.1000000015
114270  41.988  13.166  21.931 0.1000000015
112483  40.661  11.982  21.263 0.1000000015
111568  37.659  10.614  20.413 0.2000000030
109760  34.370  8.773  19.064 0.2000000030
108736  31.919  7.922  18.792 0.2000000030
111703  32.619  9.861  3.200 0.3000000119
111704  32.049  9.638  3.530 0.3000000119
111719  33.664  9.833  2.252 0.3000000119
111749  34.367  10.027  0.291 0.3000000119
111732  34.327  10.339  1.203 0.4000000060
111762  35.311  10.303  -0.612 0.3000000119
109919  34.805  9.047  -0.291 0.3000000119
109920  34.690  8.967  -0.051 0.3000000119
110854  35.141  9.310  -0.653 0.3000000119
109910  35.188  8.822  0.005 0.3000000119
109899  35.874  8.519  0.725 0.3000000119
112695  39.319  11.701  -3.078 0.6000000238
108673  35.244  7.813  25.464 0.1000000015
108674  34.625  7.694  25.103 0.1000000015
108684  33.298  7.714  24.052 0.1000000015
109705  33.491  8.179  23.405 0.1000000015
109706  32.848  8.045  22.985 0.1000000015
108697  31.403  7.733  22.538 0.1000000015
109718  32.446  8.290  22.388 0.1000000015
109719  31.900  8.339  22.042 0.1000000015
108713  30.776  7.948  21.752 0.1000000015
109733  32.374  8.612  21.550 0.1000000015
109748  32.082  8.732  20.763 0.2000000030
109749  31.290  8.472  20.522 0.1000000015
115161  42.715  14.313  21.894 0.1000000015
109762  32.141  8.614  19.512 0.2000000030
109763  30.995  8.157  19.818 0.1000000015
109764  30.463  7.916  19.979 0.1000000015
113367  40.322  12.435  21.892 0.1000000015
110691  33.114  9.031  19.856 0.2000000030
109761  33.387  8.677  19.226 0.2000000030
110689  34.859  9.297  19.686 0.2000000030
110695  40.369  9.922  17.705 0.1000000015
112642  41.379  11.276  1.447 0.5000000000
111725  41.230  10.800  2.227 0.5000000000
111726  40.463  10.584  1.680 0.5000000000
111713  39.628  10.258  2.507 0.5000000000
111702  33.759  10.001  3.472 0.3000000119
113560  43.022  13.278  -0.694 0.5000000000
112643  40.684  11.044  0.780 0.5000000000
111718  34.516  10.196  2.185 0.4000000060
113561  41.764  12.637  -0.597 0.5000000000
112649  41.200  11.670  0.285 0.5000000000
111731  35.117  10.620  1.281 0.5000000000
115346  43.933  14.131  -1.633 0.5000000000
114526  42.844  13.881  -1.762 0.6000000238
113573  42.483  13.322  -1.240 0.5000000000
115356  42.941  14.271  -2.483 0.6000000238
113587  39.561  12.329  -2.982 0.6000000238
113588  39.170  12.058  -2.426 0.6000000238
113602  41.199  12.198  -4.375 0.6000000238
113603  40.628  12.219  -4.425 0.6000000238
112701  41.302  11.389  -4.153 0.6000000238
112708  40.901  11.336  -4.743 0.6000000238
112709  40.254  11.293  -4.553 0.6000000238
111793  41.175  10.318  -4.755 0.6000000238
107623  36.191  6.766  27.000 0.1000000015
107609  36.553  6.208  27.394 0.1000000015
107608  37.560  6.140  28.088 0.1000000015
108658  36.079  7.124  26.668 0.1000000015
108669  35.652  7.453  26.093 0.1000000015
109691  35.749  8.187  25.520 0.1000000015
109694  35.392  8.423  24.818 0.1000000015
109695  34.537  8.105  24.361 0.1000000015
109716  33.951  8.852  23.009 0.1000000015
109732  32.970  8.717  21.918 0.1000000015
110643  33.547  8.964  21.835 0.2000000030
110658  32.606  8.793  20.996 0.2000000030
110657  33.120  8.938  21.220 0.2000000030
114258  42.365  13.803  22.484 0.1000000015
110677  33.532  9.233  20.517 0.2000000030
110678  32.751  8.945  20.474 0.2000000030
114259  41.578  13.285  22.478 0.1000000015
110675  35.401  9.715  20.370 0.2000000030
110690  33.942  9.133  19.789 0.2000000030
113351  41.246  12.954  22.366 0.1000000015
112484  39.530  11.964  21.654 0.1000000015
110674  36.300  9.789  20.143 0.2000000030
111580  41.403  10.379  18.619 0.1000000015
113402  40.632  12.048  18.953 0.1000000015
112503  38.216  11.102  20.796 0.2000000030
111583  39.984  10.383  17.717 0.1000000015
112521  40.241  10.927  18.192 0.1000000015
111584  39.246  10.584  17.156 0.1000000015
112637  41.485  11.317  2.639 0.5000000000
112631  41.257  11.232  3.390 0.5000000000
111712  40.822  10.719  2.838 0.5000000000
111696  39.674  10.213  3.447 0.4000000060
110802  39.168  9.887  3.059 0.4000000060
111727  39.207  10.473  1.578 0.5000000000
111697  38.684  9.973  3.313 0.4000000060
111743  39.812  10.747  0.696 0.5000000000
111728  38.084  10.486  1.502 0.4000000060
112666  40.756  12.035  -0.411 0.5000000000
112650  40.332  11.311  0.007 0.6000000238
111744  38.727  10.823  0.713 0.5000000000
114516  41.221  13.032  -1.203 0.6000000238
113563  39.566  12.306  -1.128 0.6000000238
115355  43.605  14.252  -2.204 0.6000000238
114539  42.319  13.966  -2.365 0.6000000238
114528  40.690  13.481  -2.038 0.6000000238
113584  43.456  12.925  -3.209 0.6000000238
113593  43.619  13.550  -3.429 0.6000000238
114550  42.981  13.790  -3.551 0.6000000238
113576  39.129  12.374  -1.692 0.6000000238
113594  42.776  13.179  -3.523 0.6000000238
114553  40.148  12.820  -3.746 0.6000000238
114559  41.397  12.869  -4.217 0.6000000238
112694  41.561  11.506  -3.078 0.6000000238
113586  42.023  12.293  -3.159 0.6000000238
113595  41.823  12.485  -3.725 0.6000000238
112682  41.583  10.984  -2.467 0.6999999881
108657  36.717  7.382  27.063 0.1000000015
108668  36.332  7.709  26.449 0.1000000015
109690  36.444  8.403  25.901 0.1000000015
109703  35.039  8.681  24.092 0.2000000030
110624  35.547  9.113  24.226 0.2000000030
110630  35.226  9.277  23.511 0.2000000030
110631  34.551  9.218  23.026 0.2000000030
110642  34.269  9.173  22.226 0.2000000030
115162  42.093  14.651  21.689 0.1000000015
115945  42.603  15.030  22.132 0.1000000015
110656  33.960  9.390  21.305 0.2000000030
115152  42.608  14.527  22.605 0.1000000015
111570  36.033  9.982  20.987 0.2000000030
110676  34.439  9.530  20.508 0.2000000030
114247  42.357  14.169  23.443 0.1000000015
111552  37.259  10.863  21.153 0.2000000030
113352  40.738  12.814  22.562 0.1000000015
113368  39.883  12.330  21.927 0.1000000015
112485  38.556  11.354  21.486 0.2000000030
113535  42.607  12.469  2.382 0.5000000000
113536  41.961  12.210  2.827 0.5000000000
111695  40.647  10.835  3.968 0.4000000060
111683  39.785  10.532  4.644 0.3000000119
111684  38.927  10.136  4.206 0.4000000060
110775  38.658  10.219  5.627 0.2000000030
111685  37.993  9.996  3.969 0.4000000060
112651  39.342  11.328  0.028 0.6000000238
113575  39.981  12.969  -1.603 0.6000000238
112668  39.002  11.819  -0.583 0.6000000238
112652  38.333  11.329  0.012 0.6000000238
115362  44.112  14.349  -2.767 0.6000000238
115364  42.449  14.364  -2.989 0.6000000238
115373  43.192  14.207  -3.334 0.6000000238
115374  42.283  13.969  -3.474 0.6000000238
114540  41.532  13.956  -2.588 0.6000000238
114541  40.636  13.776  -3.060 0.6000000238
112680  42.868  12.014  -2.074 0.6999999881
113585  42.624  12.614  -3.218 0.6000000238
115376  41.076  13.732  -3.879 0.6000000238
112665  42.382  10.940  -1.293 0.6999999881
108645  37.192  6.902  27.576 0.1000000015
108656  37.378  7.568  27.471 0.1000000015
107607  38.074  6.664  28.214 0.1000000015
109678  36.777  8.160  26.606 0.1000000015
109689  37.112  8.688  26.353 0.1000000015
110619  36.594  9.018  25.309 0.1000000015
109693  36.083  8.646  25.240 0.1000000015
110623  36.196  9.196  24.685 0.2000000030
110629  36.114  9.686  23.820 0.2000000030
110640  35.820  9.774  23.123 0.2000000030
115137  42.189  14.537  23.857 0.1000000015
110641  35.251  9.636  22.555 0.2000000030
115930  42.566  15.049  22.712 0.1000000015
114239  41.921  13.687  24.232 0.1000000015
111540  35.608  9.948  22.055 0.2000000030
110655  35.080  9.783  21.463 0.2000000030
114248  41.642  13.569  23.316 0.1000000015
113341  40.039  12.481  23.145 0.1000000015
112469  39.367  11.992  22.764 0.2000000030
111538  37.384  10.803  22.188 0.2000000030
111554  35.908  10.067  21.702 0.2000000030
114249  41.180  13.176  22.894 0.1000000015
113353  39.929  12.399  22.313 0.1000000015
112471  38.116  11.122  21.973 0.2000000030
111553  36.560  10.450  21.522 0.2000000030
114478  42.811  13.168  3.080 0.4000000060
113527  42.248  12.758  3.044 0.5000000000
112630  41.675  11.903  3.474 0.5000000000
112625  41.244  11.778  4.334 0.3000000119
111682  40.410  11.239  4.850 0.3000000119
108644  37.831  7.192  27.873 0.1000000015
109668  37.775  7.833  27.611 0.1000000015
109677  37.499  8.433  27.162 0.1000000015
110618  37.302  9.251  25.701 0.2000000030
110622  36.955  9.536  24.982 0.2000000030
110628  36.762  9.777  24.324 0.2000000030
111528  36.327  9.962  23.220 0.2000000030
111527  37.113  10.261  23.480 0.2000000030
111539  36.224  10.168  22.493 0.2000000030
113340  40.829  12.908  23.526 0.1000000015
112465  39.512  12.005  23.702 0.2000000030
112470  38.633  11.443  22.385 0.2000000030
109676  38.287  8.778  27.380 0.1000000015
110606  37.629  9.071  26.419 0.1000000015
110617  38.015  9.463  26.070 0.2000000030
110605  38.338  9.387  26.809 0.1000000015
111524  37.464  10.083  24.630 0.2000000030
111519  37.470  9.753  25.198 0.2000000030
111523  38.456  10.809  24.233 0.2000000030
112460  39.202  11.452  24.105 0.2000000030
111526  38.061  10.999  23.014 0.2000000030
112466  38.838  11.472  23.376 0.2000000030
113328  40.140  12.449  23.978 0.2000000030
111537  38.063  11.064  22.390 0.2000000030
110596  38.909  9.098  27.544 0.1000000015
109667  38.499  8.060  27.852 0.1000000015
111506  38.468  9.743  26.151 0.2000000030
111518  38.213  10.064  25.465 0.2000000030
111522  39.263  11.260  24.570 0.2000000030
111517  39.485  10.985  25.280 0.2000000030
110595  39.864  9.498  27.449 0.1000000015
109666  39.632  8.584  27.898 0.1000000015
108695  42.098  7.195  22.591 0.2000000030
107669  41.969  6.532  23.125 0.2000000030
105520  42.020  4.409  22.168 0.3000000119
112517  40.907  11.235  18.635 0.1000000015
104495  42.641  3.413  19.106 0.3000000119
106692  26.901  5.377  19.636 0.1000000015
107704  27.358  6.128  20.335 0.1000000015
109734  31.485  8.379  21.501 0.1000000015
103474  36.911  2.554  18.117 0.3000000119
106691  34.989  4.888  19.483 0.2000000030
107691  27.883  6.177  21.144 0.1000000015
104521  40.848  3.650  17.718 0.2000000030
111748  35.059  10.628  0.334 0.4000000060
111763  34.712  9.772  -0.380 0.3000000119
113564  38.916  12.080  -1.057 0.6000000238
113604  39.967  11.893  -4.225 0.6000000238
104467  35.851  3.670  20.319 0.2000000030
110684  39.062  9.111  19.666 0.2000000030
108725  38.946  7.129  20.192 0.2000000030
107710  37.881  6.168  20.182 0.2000000030
108735  36.773  6.790  19.186 0.2000000030
107725  35.986  6.168  19.077 0.2000000030
107712  36.328  5.686  19.576 0.2000000030
106690  35.825  5.150  19.823 0.2000000030
104466  36.554  3.799  20.400 0.3000000119
108723  40.523  7.447  21.018 0.2000000030
108745  36.420  7.191  18.880 0.2000000030
109744  41.120  8.983  20.623 0.1000000015
109769  35.806  7.987  18.765 0.2000000030
106664  39.236  5.106  22.485 0.2000000030
105523  39.296  4.596  21.780 0.3000000119
105539  39.972  4.404  20.929 0.3000000119
106625  30.651  5.068  24.213 0.1000000015
106668  26.517  5.022  20.803 0.1000000015
108711  41.879  7.478  22.023 0.1000000015
105506  39.764  4.766  22.378 0.2000000030
106651  40.665  5.237  22.936 0.2000000030
105573  39.273  4.068  19.360 0.3000000119
104522  39.693  3.518  17.594 0.4000000060
102443  35.031  1.579  28.307 0.1000000015
102442  35.734  1.624  28.708 0.1000000015
102423  36.944  1.381  29.781 0.1000000015
105538  40.933  4.557  21.014 0.3000000119
105537  41.975  4.259  21.156 0.3000000119
104496  42.016  3.605  18.730 0.3000000119
103495  41.561  3.438  17.563 0.3000000119
108675  33.680  7.428  24.702 0.1000000015
109773  32.351  8.049  18.821 0.2000000030
109888  32.746  8.913  2.820 0.2000000030
110817  33.267  9.419  2.401 0.2000000030
109886  34.301  8.438  2.186 0.2000000030
108881  35.984  7.887  2.178 0.3000000119
109696  33.904  7.989  24.007 0.1000000015
109717  33.380  8.585  22.529 0.1000000015
113562  40.557  12.680  -1.078 0.6000000238
114527  41.728  13.398  -1.717 0.6000000238
114529  39.832  13.221  -2.328 0.6000000238
109704  34.418  8.568  23.599 0.2000000030
111569  36.785  10.359  20.643 0.2000000030
112486  37.855  11.113  21.414 0.2000000030
111714  38.572  10.177  2.474 0.4000000060
115365  41.538  14.101  -3.314 0.6000000238
110790  39.167  10.104  5.040 0.2000000030
110791  38.321  9.904  4.833 0.2000000030
86105  57.569  -14.824  -2.906 0.1000000015
87168  55.738  -13.294  -1.460 0.1000000015
86074  56.384  -14.080  -2.216 0.1000000015
88242  56.170  -12.488  -1.261 0.1000000015
87198  57.026  -13.983  -2.888 0.1000000015
87184  56.578  -13.527  -2.220 0.1000000015
88225  55.850  -12.549  -0.477 0.1000000015
88207  55.845  -12.553  0.271 0.1000000015
88243  55.899  -12.854  -1.298 0.1000000015
87199  56.881  -13.593  -3.124 0.1000000015
89382  56.752  -12.266  -2.061 0.1000000015
88271  56.779  -12.986  -2.559 0.1000000015
88206  56.258  -12.287  0.854 0.1000000015
88205  56.912  -11.922  1.255 0.1000000015
87116  56.014  -12.351  1.428 0.1000000015
88224  56.398  -11.968  0.173 0.1000000015
89366  56.484  -11.979  -1.381 0.1000000015
87200  56.397  -13.423  -3.346 0.1000000015
88258  56.495  -11.988  -2.654 0.1000000015
87213  56.295  -14.215  -3.917 0.1000000015
87201  55.498  -13.592  -3.501 0.1000000015
87202  54.429  -13.334  -3.371 0.1000000015
88193  56.705  -12.247  1.774 0.1000000015
88204  57.312  -11.885  1.696 0.1000000015
89338  57.017  -11.334  0.842 0.1000000015
90392  57.007  -10.787  0.539 0.1000000015
89351  56.503  -11.476  -0.328 0.1000000015
90407  56.606  -10.992  -0.223 0.1000000015
89352  56.373  -11.276  -0.934 0.1000000015
90425  56.262  -10.711  -1.221 0.1000000015
88259  56.269  -12.011  -2.731 0.1000000015
89368  56.373  -11.155  -1.897 0.1000000015
91453  56.226  -10.235  -1.067 0.1000000015
88273  55.945  -12.403  -3.079 0.1000000015
88276  53.546  -12.720  -2.622 0.1000000015
86136  41.766  -14.370  -4.097 0.1000000015
85020  42.037  -15.096  -4.611 0.1000000015
83796  42.055  -15.912  -3.468 0.1000000015
86153  42.204  -14.838  -4.929 0.1000000015
89337  57.242  -11.585  1.467 0.1000000015
90374  57.253  -10.648  1.380 0.1000000015
89322  57.272  -10.868  1.213 0.1000000015
90375  57.167  -10.908  0.964 0.1000000015
91433  56.359  -10.319  -0.377 0.1000000015
92416  56.132  -9.979  -0.739 0.1000000015
89397  55.512  -11.844  -2.743 0.1000000015
89385  55.464  -11.398  -2.391 0.1000000015
90438  55.621  -11.016  -2.032 0.1000000015
89398  55.028  -11.679  -2.538 0.1000000015
89399  54.763  -11.656  -2.211 0.1000000015
88261  53.440  -12.446  -2.033 0.1000000015
88262  52.330  -12.956  -1.813 0.1000000015
86094  47.333  -15.189  -2.113 0.1000000015
84974  46.660  -15.706  -2.752 0.1000000015
83768  45.960  -16.671  -2.523 0.1000000015
84996  45.871  -15.750  -3.265 0.1000000015
84997  44.932  -15.720  -3.302 0.1000000015
82569  44.924  -16.558  -3.102 0.1000000015
82570  44.290  -16.617  -3.049 0.1000000015
83793  44.536  -16.288  -3.277 0.1000000015
82571  43.891  -16.682  -3.018 0.1000000015
83794  43.642  -16.446  -3.170 0.1000000015
83772  42.837  -16.637  -2.957 0.1000000015
87193  42.203  -13.592  -2.908 0.1000000015
85000  42.337  -15.325  -3.686 0.1000000015
92365  56.722  -9.323  1.557 0.1000000015
91389  57.172  -9.911  1.938 0.1000000015
92371  56.510  -9.618  0.794 0.1000000015
91396  56.974  -10.048  1.052 0.1000000015
92386  56.247  -10.017  0.118 0.1000000015
91413  56.617  -10.260  0.287 0.1000000015
92418  55.401  -9.853  -0.413 0.1000000015
90440  54.826  -11.391  -1.930 0.1000000015
90428  54.542  -10.982  -1.168 0.1000000015
89369  54.124  -11.353  -1.368 0.1000000015
88244  53.414  -11.996  -1.508 0.1000000015
88246  51.811  -12.587  -0.964 0.1000000015
88263  51.275  -13.284  -1.696 0.1000000015
88248  49.865  -13.206  -1.021 0.1000000015
87173  48.472  -13.941  -1.252 0.1000000015
87174  47.425  -14.171  -1.158 0.1000000015
86081  46.933  -14.729  -1.728 0.1000000015
89355  52.125  -11.472  -0.252 0.1000000015
88227  51.673  -12.118  -0.296 0.1000000015
88210  50.309  -12.384  0.397 0.1000000015
88230  49.109  -12.929  -0.076 0.1000000015
87155  48.985  -13.320  -0.636 0.1000000015
87156  47.909  -13.723  -0.299 0.1000000015
87175  46.463  -14.127  -1.219 0.1000000015
86082  46.011  -14.588  -1.800 0.1000000015
86095  46.379  -15.190  -2.401 0.1000000015
89341  50.805  -11.801  0.956 0.1000000015
88212  48.258  -12.783  0.986 0.1000000015
87137  47.848  -13.326  0.553 0.1000000015
87138  47.064  -13.540  0.422 0.1000000015
87158  45.949  -13.732  -0.569 0.1000000015
87176  45.625  -13.904  -1.308 0.1000000015
86096  45.602  -14.783  -2.469 0.1000000015
86114  44.441  -15.028  -3.192 0.1000000015
89325  50.229  -11.182  1.312 0.1000000015
88196  48.623  -12.067  1.276 0.1000000015
89327  48.201  -11.365  1.565 0.1000000015
88213  47.344  -12.958  1.088 0.1000000015
88199  45.979  -12.403  1.274 0.1000000015
87159  45.144  -13.463  -0.512 0.1000000015
87160  44.387  -13.377  -0.726 0.1000000015
87178  43.913  -13.596  -1.326 0.1000000015
86098  43.829  -14.436  -2.903 0.1000000015
86115  43.628  -15.012  -3.307 0.1000000015
84999  43.198  -15.630  -3.477 0.1000000015
89326  49.205  -11.431  1.332 0.1000000015
89328  47.234  -11.450  1.488 0.1000000015
88198  46.801  -12.285  1.365 0.1000000015
89330  45.406  -11.984  1.357 0.1000000015
88216  44.335  -12.521  0.341 0.1000000015
88232  43.667  -12.846  -0.333 0.1000000015
87179  43.177  -13.706  -1.678 0.1000000015
87192  42.860  -14.021  -2.558 0.1000000015
86099  43.307  -14.507  -3.115 0.1000000015
90382  47.712  -10.551  1.442 0.1000000015
90397  47.184  -10.270  1.039 0.1000000015
90398  46.524  -10.344  0.814 0.1000000015
90399  45.532  -10.536  0.625 0.1000000015
90414  44.239  -10.432  -0.407 0.1000000015
89357  43.308  -11.544  -0.383 0.1000000015
88250  42.510  -12.909  -1.636 0.1000000015
87206  42.494  -13.999  -3.233 0.1000000015
86116  42.805  -14.730  -3.427 0.1000000015
90431  43.072  -10.276  -1.649 0.1000000015
89374  42.193  -11.538  -1.816 0.1000000015
89375  41.654  -12.037  -2.519 0.1000000015
90432  42.450  -10.631  -2.352 0.1000000015
92356  56.836  -9.208  2.229 0.1000000015
92372  56.167  -8.748  1.330 0.1000000015
92401  56.039  -9.924  -0.091 0.1000000015
92387  56.148  -9.467  0.565 0.1000000015
91435  55.409  -9.660  0.192 0.1000000015
91414  55.888  -9.410  0.521 0.1000000015
91437  54.570  -10.122  -0.192 0.1000000015
90410  53.736  -10.674  -0.448 0.1000000015
90411  52.631  -10.881  -0.009 0.1000000015
91419  52.209  -10.027  1.001 0.1000000015
88208  51.679  -11.761  0.042 0.1000000015
89323  51.481  -10.818  0.791 0.1000000015
90379  50.703  -10.359  1.369 0.1000000015
91404  49.214  -9.536  1.308 0.1000000015
91421  48.676  -9.205  0.930 0.1000000015
91405  48.334  -9.823  1.209 0.1000000015
91423  47.197  -9.751  0.505 0.1000000015
91440  46.977  -9.354  -0.340 0.1000000015
91441  46.169  -9.661  -0.567 0.1000000015
91458  46.055  -9.642  -1.355 0.1000000015
91443  44.569  -9.810  -1.074 0.1000000015
91460  44.216  -9.524  -1.722 0.1000000015
91461  43.489  -9.599  -2.250 0.1000000015
90441  42.878  -9.988  -2.455 0.1000000015
91470  43.183  -9.405  -2.953 0.1000000015
92366  56.689  -8.460  1.976 0.1000000015
93410  56.417  -7.572  1.844 0.1000000015
92373  55.586  -8.510  1.301 0.1000000015
91397  56.018  -9.109  0.804 0.1000000015
92374  55.054  -8.179  1.418 0.1000000015
91415  55.586  -9.280  0.732 0.1000000015
92390  54.863  -8.797  1.297 0.1000000015
90376  54.043  -10.011  0.869 0.1000000015
90377  53.606  -10.026  1.021 0.1000000015
91401  52.838  -9.498  1.326 0.1000000015
91402  51.520  -9.626  1.409 0.1000000015
93417  50.521  -7.900  1.232 0.1000000015
92380  49.064  -8.881  1.004 0.1000000015
92392  48.769  -8.478  0.305 0.1000000015
91422  48.083  -9.390  0.572 0.1000000015
92405  47.786  -8.858  -0.645 0.1000000015
92406  47.147  -9.092  -0.900 0.1000000015
91466  46.641  -9.359  -1.760 0.1000000015
91467  46.090  -9.555  -2.220 0.1000000015
91459  45.253  -9.604  -1.580 0.1000000015
91468  45.153  -9.345  -2.311 0.1000000015
91469  44.215  -9.173  -2.542 0.1000000015
91479  45.123  -8.951  -2.965 0.1000000015
91481  43.073  -8.986  -3.739 0.1000000015
92455  42.880  -8.345  -4.798 0.1000000015
92335  55.801  -8.648  4.876 0.1000000015
93393  56.660  -7.603  3.061 0.1000000015
92358  56.476  -8.513  3.679 0.1000000015
93402  56.705  -7.575  2.373 0.1000000015
94611  56.245  -6.618  1.691 0.1000000015
93411  55.939  -7.522  1.550 0.1000000015
93412  55.361  -7.385  1.490 0.1000000015
94612  55.648  -6.509  1.488 0.1000000015
92375  54.379  -8.337  1.525 0.1000000015
91400  54.054  -9.409  1.246 0.1000000015
92376  53.313  -8.408  1.696 0.1000000015
93415  52.596  -7.354  1.818 0.1000000015
92377  52.068  -8.483  1.791 0.1000000015
93424  50.225  -7.377  0.474 0.2000000030
93432  49.347  -7.669  -0.384 0.2000000030
93440  49.417  -7.643  -1.526 0.2000000030
92404  48.594  -8.143  -1.035 0.1000000015
92420  47.976  -8.700  -1.788 0.1000000015
92421  47.199  -9.023  -1.469 0.1000000015
92429  48.845  -7.923  -3.027 0.2000000030
92430  48.086  -8.390  -2.764 0.2000000030
92431  47.022  -8.967  -2.475 0.1000000015
92432  46.315  -9.207  -2.722 0.1000000015
92442  45.098  -8.282  -3.598 0.1000000015
93465  44.647  -7.918  -3.798 0.1000000015
92444  43.110  -8.617  -4.188 0.1000000015
90338  56.084  -9.916  5.611 0.1000000015
89292  56.582  -10.671  5.854 0.1000000015
87033  56.698  -12.312  5.892 0.1000000015
89291  56.778  -11.009  5.651 0.1000000015
92346  55.778  -8.106  4.749 0.1000000015
92336  55.562  -8.683  5.343 0.1000000015
91361  55.716  -9.345  5.561 0.1000000015
93381  55.504  -7.417  4.890 0.1000000015
93380  56.094  -7.405  4.321 0.1000000015
94601  56.608  -6.458  3.011 0.2000000030
94590  56.341  -6.464  3.572 0.2000000030
93394  56.429  -7.516  3.715 0.1000000015
95761  56.524  -5.964  2.684 0.2000000030
95760  56.619  -6.154  2.419 0.2000000030
95772  56.662  -6.349  2.270 0.2000000030
95774  55.836  -5.599  1.438 0.2000000030
94613  54.984  -6.457  1.392 0.1000000015
94614  54.199  -6.363  1.617 0.2000000030
93414  53.753  -7.296  1.798 0.1000000015
94625  52.702  -5.520  0.821 0.1000000015
95801  52.242  -5.278  -0.533 0.2000000030
94616  52.125  -6.652  1.444 0.1000000015
94626  51.728  -6.085  0.564 0.2000000030
94636  50.830  -6.570  -0.289 0.2000000030
93431  50.113  -7.139  -0.876 0.2000000030
93439  50.176  -7.134  -1.999 0.2000000030
93450  50.268  -7.138  -2.980 0.2000000030
93451  49.516  -7.608  -2.578 0.2000000030
92419  48.736  -8.073  -2.139 0.2000000030
93460  50.140  -6.959  -3.454 0.2000000030
92440  47.426  -8.255  -3.562 0.1000000015
92441  46.187  -8.701  -3.241 0.1000000015
92453  45.922  -8.190  -3.711 0.1000000015
87018  55.957  -12.107  7.896 0.1000000015
87034  56.391  -13.017  6.460 0.1000000015
87023  56.311  -12.240  6.842 0.1000000015
88137  55.947  -11.570  7.038 0.1000000015
93373  55.226  -8.090  5.664 0.1000000015
93382  55.089  -6.754  4.898 0.1000000015
94577  55.462  -6.305  4.361 0.1000000015
95725  54.822  -5.841  4.520 0.2000000030
95742  56.200  -5.556  3.060 0.2000000030
95743  55.855  -5.782  3.649 0.2000000030
95724  55.229  -5.341  3.891 0.2000000030
96861  55.700  -4.811  3.072 0.2000000030
95773  56.495  -5.930  1.993 0.2000000030
96881  56.057  -4.918  2.407 0.2000000030
96897  56.324  -5.386  2.254 0.2000000030
97993  55.663  -4.067  2.150 0.2000000030
99065  53.144  -2.451  2.166 0.2000000030
96898  55.920  -4.826  1.608 0.2000000030
99078  53.766  -2.118  0.496 0.2000000030
95786  55.321  -4.920  0.900 0.2000000030
95775  55.204  -5.641  1.229 0.2000000030
96915  54.935  -4.380  0.259 0.2000000030
99077  54.374  -2.534  0.074 0.2000000030
95787  54.663  -4.967  0.725 0.2000000030
96932  54.615  -4.016  -0.401 0.2000000030
98030  53.987  -3.619  -1.243 0.2000000030
99091  53.717  -2.434  -0.561 0.2000000030
95788  53.569  -5.043  0.691 0.2000000030
96933  53.950  -4.030  -0.754 0.2000000030
96971  53.428  -3.796  -1.919 0.2000000030
98043  53.801  -3.366  -1.636 0.2000000030
95800  52.977  -4.723  -0.322 0.2000000030
96952  53.155  -4.288  -1.706 0.2000000030
96972  52.908  -4.081  -2.365 0.2000000030
95812  52.068  -5.295  -1.520 0.2000000030
95822  52.579  -4.757  -2.015 0.2000000030
95834  52.298  -4.662  -2.557 0.2000000030
94635  51.450  -5.867  -0.867 0.2000000030
94641  51.353  -5.834  -1.910 0.2000000030
94642  50.775  -6.503  -1.425 0.2000000030
94650  50.749  -6.452  -2.435 0.2000000030
94649  51.205  -5.698  -2.696 0.2000000030
93461  49.510  -7.429  -3.662 0.2000000030
92439  48.306  -8.020  -3.438 0.1000000015
93463  48.051  -7.928  -3.852 0.2000000030
140349  55.120  -10.975  7.877 0.1000000015
88135  55.390  -11.564  8.416 0.1000000015
89285  55.334  -10.763  7.570 0.1000000015
89282  55.586  -11.157  7.445 0.1000000015
90330  54.991  -9.800  7.426 0.1000000015
89284  55.807  -10.726  6.920 0.1000000015
89283  55.942  -11.118  6.837 0.1000000015
91352  55.120  -9.277  7.072 0.1000000015
90329  55.532  -10.117  7.144 0.1000000015
90334  55.734  -9.850  6.551 0.1000000015
91357  55.365  -9.170  6.463 0.1000000015
96847  55.049  -4.292  3.699 0.2000000030
97979  55.173  -3.501  3.033 0.2000000030
99033  54.575  -2.682  3.446 0.2000000030
99032  54.872  -2.789  2.652 0.2000000030
99050  53.872  -1.993  2.839 0.2000000030
99048  55.157  -2.951  1.837 0.2000000030
99049  54.496  -2.334  2.268 0.2000000030
95785  55.646  -4.872  1.148 0.2000000030
99062  55.046  -2.890  0.624 0.2000000030
99063  54.474  -2.340  1.146 0.2000000030
99064  53.801  -1.999  1.650 0.2000000030
96914  55.503  -4.277  0.550 0.2000000030
98017  55.532  -3.834  0.477 0.2000000030
98041  55.369  -3.753  -1.108 0.2000000030
98029  54.437  -3.565  -0.952 0.2000000030
99090  54.340  -2.872  -0.914 0.2000000030
94673  49.956  -6.594  -4.074 0.2000000030
92332  55.005  -8.669  6.449 0.1000000015
92327  54.643  -8.672  6.942 0.1000000015
92306  53.778  -8.510  12.433 0.1000000015
92292  52.416  -8.090  12.764 0.1000000015
93304  51.202  -7.274  13.904 0.1000000015
93289  50.338  -6.921  14.856 0.1000000015
93277  50.159  -6.936  15.533 0.1000000015
93279  48.218  -7.525  15.647 0.1000000015
93271  46.975  -7.873  16.393 0.1000000015
93321  52.794  -7.831  12.756 0.1000000015
93303  52.468  -7.372  13.133 0.1000000015
93288  50.960  -6.939  14.495 0.1000000015
93278  49.545  -7.055  15.889 0.1000000015
101768  39.726  0.613  -0.873 0.1000000015
102666  40.641  1.608  -1.571 0.1000000015
93320  53.288  -7.434  12.698 0.1000000015
94465  51.512  -6.829  14.165 0.1000000015
93269  49.187  -6.822  16.545 0.1000000015
102658  40.043  1.278  -0.205 0.1000000015
102647  40.412  1.747  0.076 0.1000000015
102649  39.239  1.152  1.028 0.1000000015
102657  40.398  1.637  -0.694 0.1000000015
102648  39.864  1.501  0.511 0.1000000015
103660  41.153  2.009  -1.641 0.1000000015
102636  39.556  1.834  1.379 0.1000000015
103631  39.562  2.602  1.955 0.1000000015
103651  40.964  2.291  -1.131 0.1000000015
94446  51.279  -6.575  14.718 0.1000000015
94447  50.700  -6.690  15.116 0.1000000015
103632  38.955  2.339  2.686 0.1000000015
103643  40.997  2.553  0.137 0.1000000015
103637  40.675  3.098  0.827 0.1000000015
103638  40.164  2.628  1.049 0.1000000015
105751  38.816  4.358  2.859 0.1000000015
105739  37.379  4.369  3.877 0.1000000015
106832  36.380  5.082  4.376 0.1000000015
106825  35.390  5.227  5.268 0.1000000015
103650  41.528  2.826  -0.797 0.1000000015
106838  38.296  5.017  2.945 0.1000000015
106839  37.632  5.287  3.260 0.1000000015
104678  40.486  3.780  1.280 0.1000000015
104679  39.843  3.575  1.843 0.1000000015
104669  39.307  3.451  2.566 0.1000000015
106840  36.746  5.455  3.829 0.1000000015
107826  35.473  5.671  4.947 0.1000000015
106826  34.647  5.324  5.755 0.1000000015
104688  40.979  3.496  0.732 0.1000000015
105763  39.935  4.558  1.732 0.1000000015
107843  37.623  5.910  2.792 0.1000000015
107844  37.050  6.197  3.074 0.1000000015
105773  41.365  4.705  0.278 0.1000000015
105774  40.939  4.465  0.850 0.1000000015
106865  39.841  5.559  1.395 0.1000000015
106853  38.717  5.390  2.340 0.1000000015
107857  37.828  6.554  2.162 0.1000000015
107858  36.597  7.107  2.684 0.1000000015
106875  40.868  5.493  0.458 0.2000000030
106876  40.239  5.846  0.811 0.2000000030
106866  39.130  5.774  1.749 0.1000000015
107856  38.642  6.068  1.828 0.1000000015
107845  35.748  6.730  3.521 0.1000000015
107859  35.845  7.331  2.731 0.1000000015
107881  40.068  6.555  0.054 0.2000000030
108882  35.101  7.672  2.596 0.1000000015
108897  36.438  8.080  1.421 0.2000000030
108880  36.924  7.582  2.048 0.2000000030
108867  34.776  7.302  3.195 0.1000000015
108883  34.167  7.870  2.841 0.1000000015
108884  33.676  8.059  3.270 0.1000000015
109873  31.879  8.944  3.519 0.2000000030
111690  31.830  9.899  3.958 0.2000000030
110781  31.163  9.483  5.115 0.2000000030
110808  31.717  9.306  3.757 0.2000000030
111689  32.567  10.195  4.277 0.2000000030
111676  31.651  9.945  5.124 0.1000000015
111688  33.362  10.267  4.770 0.2000000030
111675  32.574  10.324  5.416 0.1000000015
110795  34.201  9.942  4.489 0.3000000119
111674  33.336  10.264  5.756 0.1000000015
114479  42.160  13.076  3.418 0.3000000119
113528  41.828  12.691  3.549 0.3000000119
114465  43.009  13.563  4.551 0.3000000119
115322  41.889  13.964  4.886 0.2000000030
115297  41.427  14.294  6.567 0.2000000030
115296  41.949  13.938  6.439 0.2000000030
91355  55.872  -9.694  5.728 0.1000000015
89287  56.691  -11.126  6.122 0.1000000015
89289  56.034  -10.559  6.547 0.1000000015
92331  55.297  -8.786  5.989 0.1000000015
115311  42.127  13.914  5.745 0.2000000030
90325  55.067  -10.523  7.689 0.1000000015
93374  54.773  -7.274  5.491 0.1000000015
94562  54.572  -6.427  5.053 0.2000000030
97971  54.930  -3.657  3.650 0.2000000030
99102  54.051  -3.008  -1.435 0.2000000030
98061  53.364  -3.312  -2.145 0.2000000030
95823  51.895  -5.223  -2.319 0.2000000030
99079  53.101  -2.208  0.985 0.2000000030
92443  43.833  -8.180  -3.836 0.1000000015
92438  48.815  -7.799  -3.511 0.2000000030
103642  41.460  3.134  -0.235 0.1000000015
106874  41.507  5.322  -0.083 0.2000000030
107868  39.805  6.190  0.892 0.2000000030
86089  57.077  -14.556  -2.583 0.1000000015
87167  56.177  -13.253  -1.709 0.1000000015
88257  56.679  -13.172  -1.936 0.1000000015
89395  56.687  -12.368  -2.492 0.1000000015
89367  56.462  -11.423  -1.566 0.1000000015
90393  57.148  -11.029  0.791 0.1000000015
89383  56.541  -11.886  -2.402 0.1000000015
88274  55.091  -12.449  -3.100 0.1000000015
86130  55.208  -14.605  -3.705 0.1000000015
88275  54.230  -12.397  -2.533 0.1000000015
87203  53.309  -13.273  -3.127 0.1000000015
86108  53.771  -14.328  -3.552 0.1000000015
90408  56.377  -11.185  -1.084 0.1000000015
92400  56.152  -9.846  -0.359 0.1000000015
89384  56.230  -11.541  -2.442 0.1000000015
90426  56.016  -10.705  -1.629 0.1000000015
91454  55.833  -10.198  -1.082 0.1000000015
87185  53.223  -12.857  -2.645 0.1000000015
88260  53.985  -12.215  -2.087 0.1000000015
86135  42.428  -14.829  -4.468 0.1000000015
86117  42.248  -14.401  -3.612 0.1000000015
84976  41.548  -15.800  -3.272 0.1000000015
83773  42.094  -16.373  -3.107 0.1000000015
90373  57.415  -10.927  1.888 0.1000000015
90365  57.360  -10.489  2.034 0.1000000015
91434  55.702  -9.653  0.219 0.1000000015
92417  55.744  -9.898  -0.614 0.1000000015
90439  55.153  -11.190  -1.986 0.1000000015
90427  55.439  -10.724  -1.416 0.1000000015
91455  55.182  -10.180  -0.761 0.1000000015
88245  52.867  -12.204  -1.364 0.1000000015
89370  53.577  -11.388  -1.165 0.1000000015
84995  46.313  -16.124  -3.255 0.1000000015
84975  46.294  -15.400  -2.995 0.1000000015
83791  45.865  -16.512  -3.259 0.1000000015
82568  45.374  -16.548  -3.165 0.1000000015
83769  45.043  -16.710  -2.476 0.1000000015
86113  45.283  -15.090  -3.048 0.1000000015
82555  43.715  -16.703  -2.913 0.1000000015
88265  42.156  -13.252  -2.413 0.1000000015
91436  55.012  -9.766  -0.015 0.1000000015
90409  54.432  -10.525  -0.655 0.1000000015
91456  54.727  -10.417  -0.722 0.1000000015
90429  53.952  -10.953  -0.976 0.1000000015
89371  52.577  -11.801  -0.807 0.1000000015
89353  53.435  -11.064  -0.752 0.1000000015
89354  53.005  -11.197  -0.590 0.1000000015
89372  52.088  -12.018  -0.549 0.1000000015
88228  50.902  -12.597  -0.358 0.1000000015
88247  50.534  -13.152  -1.168 0.1000000015
87172  49.662  -13.607  -1.454 0.1000000015
88229  49.794  -12.919  -0.409 0.1000000015
86080  47.934  -14.569  -1.787 0.1000000015
90396  51.964  -10.554  0.561 0.1000000015
89340  51.562  -11.316  0.454 0.1000000015
88209  51.235  -12.105  0.266 0.1000000015
89342  49.850  -11.943  1.052 0.1000000015
87136  48.569  -13.136  0.217 0.1000000015
88211  49.192  -12.446  0.621 0.1000000015
87157  46.812  -13.888  -0.430 0.1000000015
86083  45.266  -14.233  -1.954 0.1000000015
89324  51.096  -11.027  1.127 0.1000000015
89343  49.322  -11.993  1.103 0.1000000015
87139  46.138  -13.528  0.204 0.1000000015
88214  46.387  -13.049  0.970 0.1000000015
87140  45.574  -13.490  -0.035 0.1000000015
86084  44.816  -14.091  -1.988 0.1000000015
86097  44.713  -14.397  -2.531 0.1000000015
90380  49.718  -10.418  1.459 0.1000000015
88197  47.739  -12.189  1.447 0.1000000015
89329  46.249  -11.561  1.365 0.1000000015
88215  45.254  -12.921  0.625 0.1000000015
89346  43.868  -11.959  0.280 0.1000000015
87177  44.812  -13.733  -1.446 0.1000000015
88249  43.160  -13.208  -1.087 0.1000000015
87191  43.807  -14.144  -2.120 0.1000000015
90381  48.723  -10.515  1.437 0.1000000015
90383  46.815  -10.810  1.284 0.1000000015
89345  44.720  -11.609  0.780 0.1000000015
90384  46.102  -10.851  1.146 0.1000000015
89356  44.093  -11.206  0.187 0.1000000015
88233  42.953  -12.524  -0.827 0.1000000015
91424  46.317  -9.855  0.214 0.1000000015
91425  45.647  -9.942  -0.046 0.1000000015
90400  44.655  -10.716  0.336 0.1000000015
91442  45.269  -9.800  -0.695 0.1000000015
90415  43.420  -10.636  -0.884 0.1000000015
89373  42.818  -11.128  -1.092 0.1000000015
88251  41.903  -12.564  -2.187 0.1000000015
92357  56.649  -8.622  2.805 0.1000000015
91416  55.265  -9.440  0.699 0.1000000015
91398  55.845  -8.991  0.940 0.1000000015
91438  54.137  -10.223  0.037 0.1000000015
91418  54.325  -10.000  0.553 0.1000000015
91417  54.830  -9.558  0.854 0.1000000015
90395  53.004  -10.388  0.643 0.1000000015
90394  53.836  -10.223  0.423 0.1000000015
91420  51.750  -10.121  0.999 0.1000000015
90378  51.404  -10.405  1.063 0.1000000015
91403  50.291  -9.489  1.499 0.1000000015
92379  49.761  -8.476  1.124 0.1000000015
92393  48.095  -9.031  0.053 0.1000000015
91457  46.685  -9.320  -1.090 0.1000000015
91471  42.619  -9.737  -3.596 0.1000000015
92389  55.206  -8.927  1.178 0.1000000015
91399  54.592  -9.036  1.283 0.1000000015
92378  50.899  -8.546  1.525 0.1000000015
93425  49.425  -7.839  0.279 0.1000000015
92391  49.524  -8.019  0.586 0.1000000015
91478  45.805  -9.251  -2.752 0.1000000015
91480  44.082  -8.752  -3.217 0.1000000015
94600  56.702  -6.677  2.624 0.1000000015
94589  56.621  -6.903  3.199 0.1000000015
94610  56.656  -6.750  2.083 0.2000000030
93413  54.678  -7.313  1.571 0.1000000015
94615  53.044  -6.143  1.446 0.1000000015
93416  51.350  -7.358  1.330 0.2000000030
93423  51.087  -6.910  0.679 0.2000000030
94627  50.972  -6.740  0.361 0.2000000030
90333  56.034  -10.181  6.222 0.1000000015
90332  56.425  -10.501  5.970 0.1000000015
88150  56.838  -11.691  5.332 0.1000000015
94591  55.970  -6.283  3.997 0.2000000030
96880  56.266  -5.386  2.619 0.2000000030
95776  54.477  -5.606  1.268 0.2000000030
95777  53.856  -5.674  1.397 0.2000000030
95789  52.619  -5.249  0.262 0.2000000030
95811  52.702  -4.713  -1.208 0.2000000030
88141  56.322  -11.306  6.539 0.1000000015
99089  54.813  -3.228  -0.632 0.2000000030
99076  54.851  -3.004  -0.180 0.2000000030
96916  54.218  -4.382  0.080 0.2000000030
96951  53.628  -3.903  -1.407 0.2000000030
96917  53.620  -4.460  -0.266 0.2000000030
96934  53.340  -4.322  -0.968 0.2000000030
98004  55.520  -3.665  0.976 0.2000000030
98027  55.975  -3.837  -0.004 0.2000000030
105738  38.155  4.324  3.366 0.1000000015
105740  36.782  4.649  4.259 0.1000000015
106833  35.855  5.245  4.744 0.1000000015
107836  35.516  6.091  4.528 0.1000000015
106841  36.068  5.734  4.213 0.1000000015
105723  35.326  4.327  5.631 0.1000000015
106854  38.007  5.619  2.688 0.1000000015
105750  39.425  4.445  2.303 0.1000000015
105762  40.389  4.740  1.333 0.1000000015
106852  39.445  5.169  1.955 0.1000000015
110796  31.386  9.344  4.489 0.2000000030
111493  39.615  9.945  27.004 0.1000000015
111492  40.249  10.189  26.919 0.1000000015
111505  39.235  10.159  26.373 0.1000000015
111504  40.472  10.983  26.140 0.1000000015
111516  40.235  11.283  25.521 0.1000000015
112448  40.860  11.741  25.409 0.1000000015
112431  41.104  11.454  26.114 0.1000000015
112458  40.546  12.000  24.883 0.1000000015
112459  39.955  11.798  24.670 0.1000000015
111503  41.214  11.239  26.427 0.1000000015
109864  31.695  8.475  4.238 0.1000000015
111597  46.566  10.945  14.055 0.1000000015
112554  47.199  11.703  13.750 0.1000000015
113448  47.782  12.365  13.214 0.1000000015
111637  29.385  10.500  8.587 0.1000000015
112579  28.516  11.624  9.994 0.1000000015
112592  30.468  11.149  8.535 0.1000000015
112578  29.687  11.428  9.281 0.1000000015
112569  27.089  12.048  10.164 0.1000000015
112605  31.853  11.060  7.594 0.1000000015
111598  46.126  10.815  14.399 0.1000000015
112536  47.167  11.973  14.207 0.1000000015
113428  47.497  12.547  14.497 0.1000000015
113420  47.364  12.894  15.436 0.1000000015
113427  48.078  13.142  14.132 0.1000000015
114342  47.736  13.469  15.411 0.1000000015
113447  48.202  13.129  13.381 0.1000000015
114350  48.002  13.392  14.563 0.1000000015
114349  47.932  13.669  13.845 0.1000000015
115233  47.471  14.587  13.535 0.1000000015
114368  48.082  13.803  13.066 0.1000000015
114379  48.267  13.755  12.300 0.1000000015
114466  41.845  13.502  4.048 0.1000000015
113476  30.164  12.435  9.781 0.1000000015
113478  28.575  12.367  10.326 0.1000000015
113464  28.014  12.779  10.548 0.1000000015
113466  26.541  12.538  10.056 0.1000000015
111649  32.249  10.827  7.142 0.1000000015
113475  31.114  12.650  9.717 0.1000000015
113462  29.621  13.141  10.284 0.1000000015
111664  32.821  10.487  6.465 0.1000000015
112604  32.361  11.220  7.895 0.1000000015
112591  31.477  11.299  8.259 0.1000000015
110765  33.792  10.057  5.963 0.1000000015
112538  45.858  11.539  14.633 0.1000000015
113429  46.473  12.142  14.978 0.1000000015
112537  46.741  11.631  14.315 0.1000000015
113421  46.778  12.714  15.452 0.1000000015
114334  47.472  13.915  16.424 0.1000000015
115212  47.609  14.546  15.696 0.1000000015
115222  47.645  14.273  14.511 0.1000000015
115242  47.700  14.686  12.883 0.1000000015
116018  47.448  15.369  12.835 0.1000000015
116024  47.757  15.504  12.220 0.1000000015
115241  48.028  14.467  12.420 0.1000000015
116027  48.744  15.370  10.871 0.1000000015
114382  48.620  13.795  11.256 0.1000000015
116026  49.249  15.658  10.178 0.1000000015
114387  30.589  14.123  10.249 0.1000000015
115249  30.160  14.822  10.300 0.1000000015
115250  29.312  14.756  10.514 0.1000000015
116031  28.698  15.573  10.492 0.1000000015
114402  31.361  13.746  9.977 0.1000000015
114388  29.878  14.000  10.384 0.1000000015
115251  28.402  14.639  10.632 0.1000000015
113474  32.028  12.867  9.617 0.1000000015
114389  29.047  13.868  10.576 0.1000000015
115252  27.461  14.469  10.640 0.1000000015
115323  41.224  14.075  4.781 0.1000000015
113519  41.430  12.769  4.235 0.1000000015
113488  33.457  12.588  9.295 0.1000000015
112575  32.615  12.228  9.240 0.1000000015
112576  31.766  11.950  9.245 0.1000000015
112577  30.790  11.795  9.156 0.1000000015
115253  26.675  14.170  10.437 0.1000000015
113520  40.913  12.597  4.759 0.2000000030
111632  34.781  11.167  8.200 0.1000000015
111633  33.932  11.202  8.274 0.1000000015
111634  33.372  11.280  8.283 0.1000000015
112603  32.951  11.323  8.289 0.1000000015
112590  32.432  11.584  8.675 0.1000000015
112624  41.692  12.289  3.959 0.1000000015
111661  35.813  10.275  6.885 0.1000000015
111662  34.813  10.217  6.872 0.1000000015
111663  33.765  10.275  6.648 0.1000000015
113435  40.338  12.470  14.102 0.1000000015
112543  39.974  11.450  14.286 0.1000000015
113434  41.202  12.650  13.802 0.1000000015
115228  40.200  14.221  14.304 0.1000000015
114357  39.706  13.293  14.306 0.1000000015
112539  44.868  11.537  14.575 0.1000000015
112540  43.772  11.550  14.333 0.1000000015
113433  42.717  12.525  13.915 0.1000000015
112556  41.871  12.155  13.703 0.1000000015
114356  40.730  13.380  14.005 0.1000000015
116005  39.751  15.110  14.593 0.1000000015
116006  38.881  15.220  14.750 0.1000000015
115217  38.183  14.908  14.954 0.1000000015
113430  45.501  12.363  14.893 0.1000000015
113431  44.407  12.406  14.579 0.1000000015
114353  43.863  13.224  14.594 0.1000000015
114354  42.755  13.183  14.126 0.1000000015
116003  41.962  14.898  14.517 0.1000000015
116004  40.859  15.080  14.439 0.1000000015
115996  38.393  15.790  15.162 0.1000000015
116740  37.782  16.356  15.579 0.1000000015
117444  37.984  17.037  15.966 0.1000000015
114351  45.670  12.951  15.236 0.1000000015
114352  45.012  13.249  15.061 0.1000000015
115215  43.829  14.653  15.203 0.1000000015
116002  42.706  14.603  14.727 0.1000000015
115993  41.597  15.743  14.984 0.1000000015
116737  41.060  16.469  15.649 0.1000000015
116738  39.910  16.536  15.594 0.1000000015
116723  39.489  17.079  16.184 0.1000000015
117443  38.474  17.247  16.221 0.1000000015
117427  37.579  17.957  17.092 0.1000000015
114344  45.877  13.379  15.885 0.1000000015
115204  45.454  14.580  16.672 0.1000000015
115991  44.183  15.332  15.936 0.1000000015
115992  42.907  15.309  15.221 0.1000000015
116721  41.652  16.835  16.727 0.1000000015
116722  40.474  16.952  16.311 0.1000000015
117437  38.959  17.604  16.688 0.1000000015
118137  38.336  17.988  17.012 0.1000000015
118130  37.897  18.294  17.378 0.1000000015
115203  47.015  14.367  17.121 0.1000000015
115196  46.446  14.903  17.481 0.1000000015
116735  43.481  16.035  16.033 0.1000000015
116720  42.993  16.667  16.716 0.1000000015
116710  41.848  17.165  17.348 0.1000000015
117425  40.431  17.749  17.354 0.1000000015
117436  39.967  17.418  16.784 0.1000000015
118129  39.050  18.203  17.486 0.1000000015
115988  47.267  15.587  15.967 0.1000000015
116000  47.190  15.171  15.026 0.1000000015
118116  39.707  18.652  18.273 0.1000000015
116008  47.064  15.436  13.933 0.1000000015
116756  47.092  16.449  12.996 0.1000000015
116766  47.683  16.139  12.144 0.1000000015
117466  48.384  17.341  11.035 0.1000000015
116769  48.694  16.384  10.673 0.1000000015
117474  48.363  17.404  10.442 0.1000000015
116075  38.070  15.612  6.708 0.1000000015
115298  40.526  14.713  6.255 0.1000000015
116073  39.901  15.126  6.401 0.1000000015
116074  39.225  15.254  6.590 0.1000000015
115301  37.560  14.428  6.677 0.1000000015
116076  37.011  15.566  6.366 0.1000000015
116046  31.535  15.708  9.431 0.1000000015
116047  31.020  15.750  9.652 0.1000000015
116029  30.524  15.652  9.974 0.1000000015
116030  29.618  15.614  10.299 0.1000000015
116774  29.058  16.540  10.134 0.1000000015
116032  27.709  15.453  10.606 0.1000000015
116776  27.141  16.275  10.495 0.1000000015
115300  38.714  14.546  6.500 0.1000000015
115302  36.535  14.875  6.603 0.1000000015
115303  35.862  15.191  6.538 0.1000000015
116079  34.958  15.957  6.535 0.1000000015
116058  34.465  15.841  7.906 0.1000000015
116043  34.213  15.386  8.642 0.1000000015
116059  33.725  15.985  8.540 0.1000000015
116060  33.217  15.951  8.872 0.1000000015
116045  32.589  15.654  9.201 0.1000000015
115248  30.982  14.766  10.115 0.1000000015
116033  26.558  15.316  10.385 0.1000000015
115314  40.081  14.058  5.468 0.1000000015
115299  39.737  14.486  5.975 0.1000000015
114443  39.186  13.838  6.245 0.1000000015
115287  37.300  13.837  7.006 0.1000000015
115288  36.822  14.103  7.136 0.1000000015
115289  35.832  14.530  7.412 0.1000000015
115277  35.588  14.201  8.116 0.1000000015
115278  34.950  14.678  8.322 0.1000000015
115261  34.128  14.724  9.106 0.1000000015
114399  33.785  14.091  9.426 0.1000000015
115262  33.310  14.767  9.385 0.1000000015
114401  32.308  13.815  9.655 0.1000000015
115264  31.790  14.798  9.654 0.1000000015
116777  26.343  16.402  10.268 0.1000000015
115324  40.872  14.053  4.813 0.1000000015
115313  40.574  14.271  5.217 0.1000000015
113512  40.378  12.893  5.349 0.1000000015
113504  39.121  12.911  6.339 0.1000000015
112612  38.633  11.864  6.621 0.1000000015
113505  38.221  12.724  6.784 0.1000000015
114428  37.143  13.491  7.307 0.1000000015
114429  36.489  13.436  7.789 0.1000000015
113485  35.991  12.791  8.352 0.1000000015
113486  35.100  12.680  8.780 0.1000000015
114416  34.548  13.677  9.109 0.1000000015
113472  33.683  13.294  9.446 0.1000000015
114400  33.105  13.927  9.522 0.1000000015
116791  25.674  16.485  9.789 0.1000000015
112618  40.530  11.862  5.190 0.2000000030
112611  39.525  12.004  6.195 0.1000000015
111657  39.204  11.427  6.241 0.1000000015
112613  38.197  11.276  6.687 0.1000000015
112600  37.715  11.707  7.117 0.1000000015
112601  36.642  11.714  7.751 0.1000000015
112587  35.642  11.735  8.309 0.1000000015
112588  34.517  11.834  8.653 0.1000000015
113487  34.168  12.584  9.195 0.1000000015
110774  39.255  10.506  5.472 0.1000000015
111658  38.718  10.870  6.270 0.1000000015
111659  37.682  10.766  6.665 0.1000000015
111644  37.048  11.050  7.215 0.1000000015
111660  36.734  10.450  6.789 0.1000000015
110760  38.066  10.177  6.187 0.1000000015
110762  36.254  9.980  6.112 0.1000000015
111601  43.140  10.581  14.233 0.1000000015
111603  40.732  10.551  14.211 0.1000000015
114358  38.840  13.142  14.534 0.1000000015
111602  41.910  10.628  14.049 0.1000000015
113436  39.299  12.351  14.476 0.1000000015
115218  37.404  14.589  15.180 0.1000000015
115997  37.560  15.477  15.328 0.1000000015
116725  37.248  16.820  16.166 0.1000000015
117428  37.088  17.911  17.250 0.1000000015
118131  36.886  18.480  17.874 0.1000000015
115197  45.823  14.725  17.254 0.1000000015
115980  44.903  15.405  16.759 0.1000000015
118118  37.741  18.865  18.379 0.1000000015
115978  47.316  15.611  16.780 0.1000000015
115972  46.665  15.627  17.817 0.1000000015
116707  44.880  16.242  17.768 0.1000000015
116708  43.670  16.846  17.872 0.1000000015
116709  42.482  17.106  17.440 0.1000000015
117423  41.891  17.526  17.877 0.1000000015
118127  40.904  18.031  17.940 0.1000000015
118855  39.519  19.146  18.910 0.1000000015
118117  38.736  18.732  18.231 0.1000000015
118856  38.557  19.267  18.985 0.1000000015
116744  46.723  16.608  15.228 0.1000000015
116705  46.806  16.511  17.778 0.1000000015
116697  46.254  16.780  18.334 0.1000000015
116699  44.521  16.902  18.614 0.1000000015
117421  43.513  17.306  18.594 0.1000000015
117422  42.850  17.440  18.199 0.1000000015
118105  40.671  18.876  19.118 0.1000000015
116748  46.789  16.361  14.285 0.1000000015
116757  46.895  16.578  13.605 0.1000000015
117411  45.011  17.686  19.124 0.1000000015
117403  43.550  17.951  19.620 0.1000000015
118103  42.577  18.443  19.739 0.1000000015
118104  41.301  18.702  19.323 0.1000000015
118837  40.553  19.419  19.687 0.1000000015
119617  40.002  20.068  20.204 0.1000000015
117453  47.094  17.386  12.762 0.1000000015
117464  47.632  17.358  12.016 0.1000000015
118173  47.844  18.195  10.395 0.1000000015
117475  47.979  17.535  9.988 0.1000000015
116807  38.224  16.796  7.079 0.1000000015
116815  37.203  16.721  6.292 0.1000000015
116816  36.607  16.130  5.986 0.1000000015
116824  34.964  16.569  5.694 0.1000000015
117520  34.791  17.073  5.576 0.1000000015
116818  34.082  16.602  6.762 0.1000000015
117514  33.849  17.077  6.566 0.1000000015
116788  30.868  16.323  9.473 0.1000000015
116773  29.893  16.259  10.024 0.1000000015
116790  29.622  16.699  9.880 0.1000000015
117469  28.857  17.214  9.970 0.1000000015
116084  35.754  16.073  5.612 0.1000000015
116085  35.169  16.190  5.864 0.1000000015
116817  34.527  16.544  6.223 0.1000000015
116810  33.720  16.684  7.332 0.1000000015
116811  33.388  16.746  7.925 0.1000000015
117493  32.735  16.967  8.257 0.1000000015
116786  32.422  16.320  8.850 0.1000000015
116787  31.832  16.432  8.944 0.1000000015
117472  26.829  16.953  10.301 0.1000000015
118201  33.378  17.525  7.046 0.1000000015
118202  32.834  18.146  7.244 0.1000000015
117508  32.287  17.765  7.834 0.1000000015
117494  32.191  17.065  8.385 0.1000000015
118177  31.509  17.337  8.668 0.1000000015
117485  26.240  17.359  9.957 0.1000000015
110761  37.213  10.063  6.168 0.1000000015
110776  37.740  9.847  5.501 0.1000000015
113437  38.261  12.457  14.964 0.1000000015
114346  37.388  13.636  15.151 0.1000000015
114347  36.815  13.435  15.637 0.1000000015
115998  36.757  15.115  15.547 0.1000000015
117440  35.832  17.005  16.760 0.1000000015
118119  36.783  18.900  18.766 0.1000000015
118858  37.026  19.143  19.590 0.1000000015
116717  46.899  16.717  16.976 0.1000000015
118857  37.667  19.248  19.241 0.1000000015
116733  46.884  16.495  16.153 0.1000000015
117410  45.926  17.280  18.464 0.1000000015
118124  45.980  18.202  17.629 0.1000000015
118838  39.351  19.704  19.585 0.1000000015
118839  38.386  19.712  19.772 0.1000000015
117450  46.702  17.407  14.459 0.1000000015
117454  46.832  17.334  13.466 0.1000000015
118111  45.668  18.045  18.380 0.1000000015
118112  44.975  18.625  18.558 0.1000000015
118102  43.747  18.529  19.996 0.1000000015
118086  42.698  19.003  20.299 0.1000000015
118814  41.378  19.822  20.420 0.1000000015
118147  46.692  18.433  14.577 0.1000000015
118156  46.834  17.966  13.301 0.1000000015
118851  44.168  19.390  18.553 0.1000000015
118166  47.647  18.612  11.490 0.1000000015
118937  47.453  18.852  10.352 0.1000000015
118168  48.127  18.218  10.868 0.1000000015
118174  47.206  18.251  10.053 0.1000000015
116771  47.531  17.362  10.014 0.1000000015
117503  40.098  17.697  7.749 0.1000000015
117504  38.918  17.812  7.430 0.1000000015
116808  37.717  17.252  6.785 0.1000000015
116821  36.658  17.161  5.432 0.1000000015
118215  34.271  17.468  6.038 0.1000000015
117518  36.547  17.375  4.801 0.1000000015
117525  36.233  17.381  4.282 0.1000000015
116828  35.975  16.887  4.671 0.1000000015
117519  35.299  17.097  5.131 0.1000000015
118223  34.577  18.116  5.453 0.1000000015
118216  33.691  18.139  6.434 0.1000000015
118950  31.343  18.912  8.092 0.1000000015
118228  35.270  18.064  4.652 0.1000000015
118229  34.909  18.714  4.737 0.1000000015
118994  34.341  19.177  5.111 0.1000000015
118224  33.919  18.847  5.798 0.1000000015
118217  32.969  18.799  6.698 0.1000000015
118203  31.990  18.567  7.651 0.1000000015
118187  31.564  17.989  8.303 0.1000000015
112532  38.737  10.997  15.552 0.1000000015
112533  38.217  11.279  15.856 0.1000000015
112545  38.279  11.764  15.262 0.1000000015
113424  37.262  12.663  15.591 0.1000000015
113415  37.214  12.150  16.568 0.1000000015
114337  36.233  13.625  16.215 0.1000000015
115206  36.013  14.669  15.926 0.1000000015
115982  36.099  15.670  15.928 0.1000000015
116727  35.554  16.209  16.461 0.1000000015
116711  35.106  16.770  17.078 0.1000000015
117429  35.751  17.795  17.712 0.1000000015
118120  35.858  18.497  18.771 0.1000000015
118817  37.440  19.617  21.043 0.1000000015
118816  38.219  19.971  20.677 0.1000000015
118798  37.525  19.302  22.163 0.1000000015
117442  46.674  17.538  16.365 0.1000000015
117433  46.647  17.339  17.305 0.1000000015
118134  46.338  18.266  16.789 0.1000000015
119601  38.148  20.009  21.689 0.1000000015
119583  38.354  19.803  22.615 0.1000000015
117447  46.685  17.561  15.395 0.1000000015
118141  46.529  18.882  15.425 0.1000000015
118868  45.961  19.238  16.004 0.1000000015
118136  44.950  18.793  16.850 0.1000000015
118864  44.385  19.050  17.437 0.1000000015
118811  43.962  20.250  20.268 0.1000000015
118812  43.496  19.978  20.670 0.1000000015
119596  42.987  20.646  21.178 0.1000000015
119598  40.734  20.403  20.712 0.1000000015
119580  40.331  21.089  21.470 0.1000000015
119581  39.513  20.875  21.842 0.1000000015
119582  38.827  20.410  22.272 0.1000000015
119558  39.219  21.272  23.667 0.1000000015
118870  44.314  19.138  16.265 0.1000000015
118852  43.277  20.262  18.478 0.1000000015
119595  43.721  21.047  20.625 0.1000000015
119578  42.402  21.337  21.353 0.1000000015
121202  41.701  22.465  22.052 0.1000000015
120411  40.062  21.526  22.345 0.1000000015
119568  39.342  21.082  22.811 0.1000000015
120383  39.725  22.107  24.065 0.1000000015
118898  46.933  19.898  12.905 0.1000000015
118931  47.723  18.734  10.638 0.1000000015
118169  47.819  19.105  11.109 0.1000000015
118938  47.109  19.482  9.808 0.1000000015
117477  46.239  17.624  9.979 0.1000000015
118176  45.917  18.525  9.484 0.1000000015
117511  38.256  18.255  7.052 0.1000000015
117512  37.604  17.935  6.484 0.1000000015
118214  37.666  18.620  5.796 0.1000000015
117517  37.088  17.937  5.233 0.1000000015
117524  36.922  17.881  3.838 0.1000000015
117526  35.662  17.281  4.550 0.1000000015
117540  36.430  17.885  2.996 0.1000000015
118242  36.288  18.397  2.756 0.1000000015
118235  35.663  18.145  3.790 0.1000000015
119010  34.897  19.502  4.217 0.1000000015
119755  34.162  20.150  4.781 0.1000000015
119756  33.447  20.713  5.330 0.1000000015
119019  35.570  19.201  3.431 0.1000000015
119784  35.313  20.345  3.546 0.1000000015
119769  34.978  20.628  3.913 0.1000000015
121404  34.929  22.292  4.877 0.1000000015
113411  36.885  12.464  17.350 0.1000000015
114338  35.792  13.608  16.850 0.1000000015
115207  35.400  14.218  16.678 0.1000000015
115983  35.378  15.248  16.353 0.1000000015
114331  35.083  13.643  18.042 0.1000000015
115198  35.093  14.081  17.194 0.1000000015
115984  34.818  14.848  16.888 0.1000000015
116728  34.840  15.813  16.837 0.1000000015
117416  34.630  17.459  18.495 0.1000000015
117415  35.097  18.037  18.900 0.1000000015
118106  36.310  18.821  19.605 0.1000000015
119570  38.528  19.656  23.139 0.1000000015
119559  38.451  20.628  23.915 0.1000000015
118140  46.692  19.475  14.961 0.1000000015
118878  45.418  19.756  15.023 0.1000000015
118869  45.145  19.181  16.070 0.1000000015
118152  46.852  19.093  13.765 0.1000000015
119669  46.610  20.783  14.050 0.1000000015
119662  46.117  20.488  14.649 0.1000000015
118880  43.486  19.169  15.461 0.1000000015
118865  43.371  19.648  17.515 0.1000000015
120436  43.468  21.915  19.928 0.1000000015
121201  42.081  22.881  21.850 0.1000000015
121998  40.855  23.815  22.177 0.1000000015
121983  40.592  23.355  23.266 0.1000000015
121172  40.049  22.762  24.223 0.1000000015
121174  38.466  22.356  23.665 0.1000000015
120385  37.821  21.570  23.563 0.1000000015
119699  47.593  20.767  11.102 0.1000000015
118871  43.381  19.324  16.474 0.1000000015
121250  42.134  22.440  19.150 0.1000000015
121216  41.853  23.421  20.679 0.1000000015
122011  40.648  23.920  21.152 0.1000000015
121984  39.449  23.427  23.256 0.1000000015
121189  38.663  22.957  23.421 0.1000000015
120398  37.319  21.956  22.955 0.1000000015
118932  47.512  19.405  10.509 0.1000000015
118939  46.389  19.285  9.302 0.1000000015
117488  44.946  17.346  8.974 0.1000000015
118211  40.666  19.076  7.072 0.1000000015
118961  39.556  19.177  6.899 0.1000000015
118213  38.277  18.867  6.442 0.1000000015
118227  37.551  18.543  4.031 0.1000000015
118234  37.662  18.611  2.795 0.1000000015
117531  37.074  17.994  2.713 0.1000000015
117539  36.732  18.006  2.590 0.1000000015
119048  38.156  19.627  0.579 0.1000000015
119030  36.986  19.239  1.876 0.1000000015
119031  36.150  19.506  2.674 0.1000000015
119809  39.345  20.699  1.024 0.1000000015
119783  35.815  20.381  3.220 0.1000000015
120598  35.986  20.923  3.441 0.1000000015
120588  35.778  21.300  3.854 0.1000000015
121402  36.357  22.231  4.462 0.1000000015
120611  39.714  21.198  1.340 0.1000000015
114322  35.685  13.383  18.560 0.1000000015
114323  34.671  13.678  18.626 0.1000000015
115200  34.121  14.397  18.105 0.1000000015
115976  33.910  14.865  17.934 0.1000000015
116701  34.022  16.686  18.324 0.1000000015
118107  35.342  18.292  19.689 0.1000000015
116693  34.136  17.124  18.950 0.1000000015
117405  34.493  17.614  19.599 0.1000000015
118088  35.332  18.071  20.729 0.1000000015
118799  36.983  18.845  21.884 0.1000000015
118068  38.334  18.978  23.390 0.1000000015
118779  38.670  19.700  24.028 0.1000000015
118768  38.328  19.917  24.391 0.1000000015
120525  47.554  21.583  10.204 0.1000000015
119688  47.118  20.868  12.055 0.1000000015
118889  44.771  19.867  14.332 0.1000000015
120386  37.346  21.048  23.521 0.1000000015
120512  47.291  21.746  11.230 0.1000000015
120505  46.594  21.678  12.048 0.1000000015
120491  45.881  21.372  13.775 0.1000000015
118872  42.201  19.679  16.621 0.1000000015
119631  42.278  20.995  18.266 0.1000000015
119632  41.568  21.307  17.961 0.1000000015
120541  47.424  21.353  9.159 0.1000000015
119715  47.528  20.461  10.109 0.1000000015
120451  42.764  21.765  19.155 0.1000000015
120452  41.530  21.762  18.340 0.1000000015
122023  40.852  23.432  20.318 0.1000000015
121217  39.984  23.313  20.365 0.1000000015
122012  39.539  23.607  21.239 0.1000000015
121190  37.723  22.574  22.767 0.1000000015
118947  46.739  19.973  8.968 0.1000000015
118949  45.868  19.054  8.152 0.1000000015
118207  44.788  18.536  7.056 0.1000000015
118960  41.324  19.143  6.959 0.1000000015
118212  40.177  19.252  6.839 0.1000000015
118977  38.924  19.452  5.823 0.1000000015
118220  38.192  19.135  5.590 0.1000000015
118992  38.641  19.538  4.741 0.1000000015
119008  37.936  19.061  3.284 0.1000000015
118239  38.242  18.587  2.015 0.1000000015
118250  37.822  18.673  1.074 0.1000000015
119046  39.256  19.792  -0.026 0.1000000015
118258  38.127  19.109  0.484 0.1000000015
120620  40.000  20.834  0.768 0.1000000015
118257  38.694  18.693  0.133 0.1000000015
114315  34.540  13.301  19.669 0.1000000015
114324  34.070  13.643  19.084 0.1000000015
115969  32.898  14.775  18.887 0.1000000015
116702  33.410  16.082  18.537 0.1000000015
115963  32.896  15.692  18.968 0.1000000015
116694  33.515  16.649  19.467 0.1000000015
118089  34.796  17.856  20.256 0.1000000015
118076  36.427  18.305  21.863 0.1000000015
118069  37.624  18.510  23.127 0.1000000015
118060  38.518  18.933  23.871 0.1000000015
118051  38.409  19.175  24.531 0.1000000015
118780  37.320  20.139  24.022 0.1000000015
120506  46.115  21.809  12.487 0.1000000015
120399  36.731  21.457  22.716 0.1000000015
120507  45.502  21.487  12.329 0.1000000015
119681  44.658  20.311  13.375 0.1000000015
118882  41.430  19.285  15.434 0.1000000015
119652  41.472  20.310  16.906 0.1000000015
121205  36.600  22.263  21.927 0.1000000015
119691  43.865  20.162  12.559 0.1000000015
118910  43.317  19.698  12.998 0.1000000015
118892  41.501  19.059  14.498 0.1000000015
121263  40.578  22.103  18.042 0.1000000015
121251  40.889  22.479  18.655 0.1000000015
121234  39.328  22.901  19.467 0.1000000015
121219  37.985  23.059  20.362 0.1000000015
121204  37.223  22.919  21.533 0.1000000015
121221  36.416  22.586  20.796 0.1000000015
121206  36.079  21.897  21.625 0.1000000015
118957  46.314  19.680  7.637 0.1000000015
118883  40.209  19.956  15.408 0.1000000015
120470  39.592  21.279  16.532 0.1000000015
121252  39.683  22.623  18.570 0.1000000015
121253  38.557  22.603  18.514 0.1000000015
121220  37.145  22.937  20.508 0.1000000015
118206  45.281  18.684  7.337 0.1000000015
120462  38.806  22.054  16.990 0.1000000015
118208  44.037  18.435  6.846 0.1000000015
118975  40.980  19.457  6.369 0.1000000015
118991  39.745  19.901  5.113 0.1000000015
119017  38.446  19.039  2.485 0.1000000015
118249  38.787  18.455  1.038 0.1000000015
121438  40.841  21.860  0.653 0.1000000015
122173  41.788  23.243  0.709 0.1000000015
121428  41.058  22.542  0.894 0.1000000015
120630  40.788  20.898  -0.173 0.1000000015
113371  32.598  12.674  21.755 0.1000000015
113386  33.122  12.761  21.119 0.1000000015
114299  32.981  13.153  20.425 0.1000000015
114317  32.790  13.589  19.951 0.1000000015
115964  32.415  15.107  19.468 0.1000000015
115193  33.111  14.328  19.049 0.1000000015
116695  32.671  15.844  19.652 0.1000000015
116682  33.348  16.676  20.651 0.1000000015
118077  35.571  17.921  21.468 0.1000000015
116683  32.656  16.145  20.343 0.1000000015
117388  35.061  17.716  21.307 0.1000000015
118061  38.201  18.391  24.332 0.1000000015
116676  32.635  16.223  21.317 0.1000000015
117382  34.549  17.187  21.621 0.1000000015
119571  36.367  20.582  22.875 0.1000000015
121332  47.140  22.068  9.272 0.1000000015
121318  47.046  22.290  10.312 0.1000000015
121312  46.190  22.231  11.249 0.1000000015
120400  36.081  20.997  22.327 0.1000000015
120553  47.336  21.129  8.135 0.1000000015
121345  47.220  21.861  8.188 0.1000000015
121319  46.291  22.442  10.424 0.1000000015
121313  45.810  21.968  11.591 0.1000000015
119690  44.878  20.778  12.490 0.1000000015
119584  35.203  20.815  21.614 0.1000000015
120562  47.418  20.740  7.315 0.1000000015
121333  46.458  22.354  9.407 0.1000000015
121334  45.594  22.250  9.549 0.1000000015
120527  44.685  21.597  10.482 0.1000000015
119701  44.119  20.652  11.635 0.1000000015
119692  42.735  19.791  12.237 0.1000000015
118902  41.926  19.171  13.705 0.1000000015
120426  34.630  21.058  20.673 0.1000000015
119740  47.162  20.364  7.356 0.1000000015
118969  46.700  19.761  6.839 0.1000000015
120543  44.075  21.485  9.866 0.1000000015
119717  43.362  20.615  10.955 0.1000000015
119703  42.008  20.139  11.502 0.1000000015
118912  41.314  19.535  12.957 0.1000000015
118893  40.522  19.454  14.529 0.1000000015
119673  39.140  20.139  15.013 0.1000000015
120461  39.370  21.867  17.161 0.1000000015
121235  38.279  22.796  19.473 0.1000000015
121237  36.420  22.602  19.723 0.1000000015
121238  35.560  22.199  19.957 0.1000000015
120438  35.122  21.844  19.921 0.1000000015
118970  45.719  19.186  6.642 0.1000000015
118985  45.867  19.257  5.701 0.1000000015
119704  40.978  20.249  11.553 0.1000000015
119694  40.662  19.895  12.292 0.1000000015
118904  39.856  19.624  13.575 0.1000000015
119674  38.411  20.395  14.616 0.1000000015
120483  38.630  21.132  15.699 0.1000000015
121272  38.481  22.140  16.868 0.1000000015
121254  37.520  22.603  18.555 0.1000000015
121255  36.567  22.541  18.667 0.1000000015
121256  35.713  22.266  18.857 0.1000000015
118987  44.050  19.392  5.507 0.1000000015
118989  41.947  19.836  5.585 0.1000000015
118990  40.839  19.928  5.421 0.1000000015
119005  40.720  20.315  4.404 0.1000000015
119016  39.326  19.727  2.709 0.1000000015
119007  38.605  19.525  3.530 0.1000000015
119027  39.676  19.158  1.672 0.1000000015
119038  39.100  18.441  1.250 0.1000000015
119037  39.462  18.506  1.129 0.1000000015
118256  39.452  18.342  0.058 0.1000000015
119832  39.815  20.076  -0.155 0.1000000015
118263  39.448  18.748  -0.448 0.1000000015
122912  42.976  24.425  0.188 0.1000000015
124391  43.278  26.756  -0.404 0.1000000015
122913  41.985  24.321  0.812 0.1000000015
113357  32.880  12.454  22.684 0.1000000015
113358  31.908  12.689  22.507 0.1000000015
114300  32.157  13.636  20.467 0.1000000015
113372  31.763  13.066  21.560 0.1000000015
114278  31.761  13.470  21.056 0.1000000015
115953  32.176  15.425  20.190 0.1000000015
114279  31.330  13.757  21.456 0.1000000015
115179  31.709  14.222  20.868 0.1000000015
115946  32.027  15.673  20.968 0.1000000015
117380  36.280  17.727  22.611 0.1000000015
117381  35.509  17.574  22.037 0.1000000015
117377  35.780  17.144  23.041 0.1000000015
118769  37.756  19.690  24.495 0.1000000015
118770  37.270  19.203  24.574 0.1000000015
120583  47.412  20.537  5.137 0.1000000015
121374  47.617  21.398  6.354 0.1000000015
121361  46.928  22.329  7.167 0.1000000015
121347  45.705  22.251  8.465 0.1000000015
118801  33.451  19.558  21.202 0.1000000015
119761  47.255  20.028  4.770 0.1000000015
119753  47.507  20.094  6.015 0.1000000015
121335  44.609  21.894  9.669 0.1000000015
120440  33.897  20.916  19.843 0.1000000015
118999  46.689  19.584  5.125 0.1000000015
119000  45.932  19.294  4.796 0.1000000015
120529  42.719  20.919  10.219 0.1000000015
119719  41.311  20.595  10.826 0.1000000015
121257  35.052  21.886  19.063 0.1000000015
120439  34.568  21.566  19.594 0.1000000015
118986  44.981  19.232  5.508 0.1000000015
120545  41.993  21.525  9.580 0.1000000015
119720  40.323  20.557  10.804 0.1000000015
119696  38.640  20.110  12.484 0.1000000015
120494  37.506  21.326  14.812 0.1000000015
121273  37.770  22.267  16.557 0.1000000015
121267  36.711  22.560  17.615 0.1000000015
119002  43.953  19.773  4.804 0.1000000015
119765  41.725  20.559  3.715 0.1000000015
119766  40.689  20.456  3.331 0.1000000015
119779  40.646  20.235  2.321 0.1000000015
118262  39.992  18.408  -0.476 0.1000000015
119838  40.736  20.235  -0.893 0.1000000015
119054  40.403  19.260  -0.683 0.1000000015
123654  44.157  25.804  -0.832 0.1000000015
122189  42.969  23.137  -0.081 0.1000000015
121447  42.310  22.438  -0.410 0.1000000015
120629  41.298  21.231  -0.493 0.1000000015
113347  32.096  12.348  23.537 0.1000000015
115947  31.509  15.209  21.515 0.1000000015
115939  31.964  15.715  21.830 0.1000000015
116675  33.565  16.621  21.730 0.1000000015
117378  35.027  16.932  22.385 0.1000000015
117373  36.359  17.023  23.881 0.1000000015
121375  47.204  21.835  5.987 0.1000000015
117371  37.946  17.779  24.877 0.1000000015
118062  36.158  19.140  23.846 0.1000000015
118791  35.559  19.916  22.780 0.1000000015
118792  34.519  19.512  22.406 0.1000000015
120576  47.383  21.146  5.310 0.1000000015
121376  45.978  22.171  6.213 0.1000000015
118800  34.109  19.868  21.539 0.1000000015
118820  32.330  19.394  20.307 0.1000000015
121362  45.838  22.276  7.361 0.1000000015
121348  44.677  22.245  8.557 0.1000000015
120427  34.089  20.704  20.394 0.1000000015
119603  33.591  20.212  20.391 0.1000000015
119604  32.889  19.800  20.150 0.1000000015
119773  47.189  20.038  3.850 0.1000000015
119013  46.711  19.628  4.274 0.1000000015
121363  44.736  22.363  7.507 0.1000000015
121336  43.370  21.888  9.157 0.1000000015
120455  33.517  21.101  18.673 0.1000000015
119619  33.164  20.586  19.240 0.1000000015
119774  45.799  19.526  3.301 0.1000000015
119776  43.861  20.358  3.183 0.1000000015
121349  43.584  22.235  8.476 0.1000000015
121350  42.559  22.440  8.413 0.1000000015
120547  40.125  21.700  9.698 0.1000000015
119721  39.485  20.575  10.896 0.1000000015
119707  38.179  20.495  11.876 0.1000000015
119675  37.609  20.829  14.221 0.1000000015
120495  36.890  21.914  14.399 0.1000000015
121283  36.630  22.605  15.592 0.1000000015
121275  35.891  22.447  16.638 0.1000000015
121268  35.807  22.224  17.726 0.1000000015
120454  34.271  21.659  18.345 0.1000000015
120464  33.484  21.368  17.491 0.1000000015
119634  32.445  20.525  18.396 0.1000000015
119635  31.512  19.898  18.636 0.1000000015
119763  43.895  20.113  4.067 0.1000000015
119764  42.827  20.377  3.932 0.1000000015
119778  41.604  20.606  2.668 0.1000000015
121339  40.244  22.608  9.137 0.1000000015
121340  39.347  22.213  9.851 0.1000000015
121341  38.810  22.222  10.221 0.1000000015
120517  37.648  21.164  11.726 0.1000000015
120502  36.851  21.712  13.955 0.1000000015
121282  37.360  22.103  15.711 0.1000000015
121284  36.017  22.733  15.795 0.1000000015
121276  34.815  22.054  16.665 0.1000000015
120463  34.221  21.726  17.223 0.1000000015
119793  41.431  20.286  1.604 0.1000000015
119807  41.286  19.560  0.607 0.1000000015
119794  40.458  19.532  1.440 0.1000000015
119045  40.550  18.827  -0.316 0.1000000015
119036  40.312  18.962  0.598 0.1000000015
119062  41.166  19.719  -1.274 0.1000000015
124389  44.845  26.601  -1.095 0.1000000015
122925  43.618  24.680  -0.409 0.1000000015
113336  31.340  12.436  24.474 0.1000000015
114265  30.987  13.501  22.035 0.1000000015
115157  30.995  14.817  22.004 0.1000000015
115940  31.324  15.373  22.236 0.1000000015
116671  32.582  16.094  22.447 0.1000000015
116670  33.622  16.406  22.873 0.1000000015
116668  35.645  16.679  23.812 0.1000000015
117372  36.953  17.504  24.533 0.1000000015
117368  37.070  17.831  25.111 0.1000000015
118053  36.629  18.716  24.551 0.1000000015
118071  33.974  18.990  22.751 0.1000000015
120577  46.961  21.344  4.812 0.1000000015
118793  33.387  19.085  22.200 0.1000000015
120584  47.101  20.672  4.514 0.1000000015
121388  46.213  21.851  5.002 0.1000000015
118079  31.573  19.108  20.770 0.1000000015
118821  31.411  19.261  20.380 0.1000000015
121377  44.822  22.348  6.461 0.1000000015
118844  30.664  19.521  19.757 0.1000000015
119025  46.429  19.547  3.159 0.1000000015
119790  44.894  20.246  2.434 0.1000000015
121390  44.108  22.621  5.890 0.1000000015
121378  43.611  22.685  6.537 0.1000000015
121365  42.608  22.863  7.605 0.1000000015
121351  41.548  22.802  8.362 0.1000000015
121338  41.316  22.222  9.033 0.1000000015
120465  32.836  20.949  17.805 0.1000000015
119621  31.887  19.708  19.278 0.1000000015
119791  43.759  20.597  2.219 0.1000000015
122112  43.015  23.155  6.043 0.1000000015
122113  42.510  23.470  6.597 0.1000000015
122114  41.991  23.731  7.105 0.1000000015
122094  40.734  23.461  8.450 0.1000000015
122083  39.886  23.912  9.128 0.1000000015
122821  38.808  23.568  10.306 0.1000000015
121314  37.864  22.637  11.266 0.1000000015
122073  37.559  23.033  11.921 0.1000000015
121301  36.614  22.381  13.932 0.1000000015
122049  36.318  22.988  15.197 0.1000000015
121286  33.985  22.292  15.633 0.1000000015
119645  31.443  20.454  17.661 0.1000000015
119792  42.574  20.658  1.920 0.1000000015
122819  39.968  24.674  9.395 0.1000000015
122820  39.392  24.507  10.196 0.1000000015
122817  38.725  23.922  10.968 0.1000000015
122067  38.019  23.847  12.107 0.1000000015
122069  36.719  23.024  13.193 0.1000000015
122065  36.058  23.821  14.253 0.1000000015
122797  35.307  24.005  14.434 0.1000000015
121285  35.086  22.712  15.557 0.1000000015
121277  34.146  21.921  16.276 0.1000000015
120475  32.460  21.231  16.637 0.1000000015
119644  32.068  20.789  17.341 0.1000000015
120626  44.353  21.280  -1.083 0.1000000015
119829  42.587  19.679  -0.657 0.1000000015
122809  36.744  24.257  13.101 0.1000000015
122802  36.163  24.229  13.767 0.1000000015
121445  44.071  21.896  -1.296 0.1000000015
120627  43.209  21.097  -1.486 0.1000000015
119053  41.322  19.167  -0.932 0.1000000015
119035  41.001  19.231  0.347 0.1000000015
122204  45.333  23.758  -1.583 0.1000000015
120628  42.303  21.507  -1.268 0.1000000015
119836  41.766  20.238  -1.421 0.1000000015
123653  44.769  25.625  -1.215 0.1000000015
121446  43.477  22.266  -1.037 0.1000000015
120637  41.667  20.815  -1.196 0.1000000015
113335  32.465  12.175  24.698 0.1000000015
113348  30.935  12.817  23.306 0.1000000015
115158  30.541  14.391  22.520 0.1000000015
115941  30.745  15.057  22.678 0.1000000015
116672  31.774  15.714  22.548 0.1000000015
116669  34.773  16.544  23.212 0.1000000015
116663  34.998  16.392  24.347 0.1000000015
116661  36.678  17.168  25.228 0.1000000015
116665  32.742  16.105  23.609 0.1000000015
116664  33.864  16.230  23.961 0.1000000015
116662  36.126  16.700  24.702 0.1000000015
118064  34.508  18.843  23.514 0.1000000015
118802  32.495  19.072  21.372 0.1000000015
120585  46.594  21.259  4.183 0.1000000015
118804  30.129  19.789  21.507 0.1000000015
118822  30.505  19.502  20.528 0.1000000015
118803  31.411  19.143  21.304 0.1000000015
120593  46.900  20.719  3.525 0.1000000015
121400  45.262  22.440  4.296 0.1000000015
121389  44.731  22.535  5.277 0.1000000015
119637  29.726  20.030  18.847 0.1000000015
119788  46.964  20.053  2.886 0.1000000015
119789  45.992  19.848  2.615 0.1000000015
122122  44.050  23.099  4.885 0.1000000015
118860  30.585  19.677  19.126 0.1000000015
119647  29.888  20.207  17.966 0.1000000015
119802  46.489  20.499  2.108 0.1000000015
122123  43.515  23.328  5.413 0.1000000015
122861  42.759  24.299  5.734 0.1000000015
122852  42.276  24.338  6.362 0.1000000015
122853  41.820  24.419  6.983 0.1000000015
122830  40.562  24.707  8.645 0.1000000015
123534  39.888  25.020  11.180 0.1000000015
119657  30.606  20.664  17.035 0.1000000015
119814  46.387  20.649  1.334 0.1000000015
119804  44.748  20.385  1.476 0.1000000015
123541  40.765  25.421  9.048 0.1000000015
122816  39.238  24.541  11.377 0.1000000015
122807  38.608  24.617  12.290 0.1000000015
122060  35.205  23.493  14.872 0.1000000015
121297  34.211  22.999  15.060 0.1000000015
121298  33.648  22.844  15.088 0.1000000015
120486  32.641  21.857  15.653 0.1000000015
119656  31.338  20.863  16.919 0.1000000015
120478  29.707  21.127  16.390 0.1000000015
119826  45.342  20.576  -0.043 0.1000000015
119816  44.573  20.407  0.528 0.1000000015
123519  39.322  25.345  12.551 0.1000000015
123520  38.157  25.336  12.502 0.1000000015
124253  36.700  25.714  12.933 0.1000000015
123512  35.116  25.314  13.815 0.1000000015
122798  34.719  24.289  14.327 0.1000000015
122062  33.487  23.500  14.796 0.1000000015
121287  32.951  22.721  15.144 0.1000000015
120487  31.673  21.717  15.767 0.1000000015
120489  30.222  21.440  16.038 0.1000000015
121444  45.896  22.158  -1.162 0.1000000015
124223  40.311  26.886  14.311 0.1000000015
124251  38.570  26.377  12.837 0.1000000015
124964  37.148  26.630  12.921 0.1000000015
124242  35.157  26.227  13.934 0.1000000015
124243  34.625  25.685  14.041 0.1000000015
122800  32.960  24.463  14.935 0.1000000015
122052  32.725  23.674  14.956 0.1000000015
121289  30.897  22.425  15.531 0.1000000015
124931  39.500  27.527  14.627 0.1000000015
124910  38.676  27.960  15.612 0.1000000015
124950  38.022  27.362  13.484 0.1000000015
124952  35.714  26.893  13.994 0.1000000015
124224  34.821  26.757  14.978 0.1000000015
123503  32.956  25.078  15.158 0.1000000015
122791  32.335  24.241  15.212 0.1000000015
122053  32.083  23.477  15.157 0.1000000015
124908  41.022  27.718  16.013 0.1000000015
124909  39.763  27.754  15.979 0.1000000015
125561  38.178  28.021  16.228 0.1000000015
124933  37.120  27.655  14.594 0.1000000015
124912  36.277  27.605  15.747 0.1000000015
124202  34.371  26.623  15.922 0.1000000015
125559  39.453  27.978  16.940 0.1000000015
125544  38.709  28.066  17.434 0.1000000015
124911  37.503  27.894  15.889 0.1000000015
124894  35.602  27.404  16.752 0.1000000015
124914  34.649  26.786  16.320 0.1000000015
124877  37.007  27.946  17.304 0.1000000015
124878  36.114  27.814  17.327 0.1000000015
113349  30.305  13.168  23.781 0.1000000015
114255  30.081  13.752  23.236 0.1000000015
115148  30.212  14.683  23.151 0.1000000015
116666  31.837  15.867  23.284 0.1000000015
118805  29.595  20.295  21.005 0.1000000015
120594  46.386  21.470  3.332 0.1000000015
121399  45.894  21.860  3.950 0.1000000015
121410  45.506  22.385  3.753 0.1000000015
118823  29.699  20.039  20.497 0.1000000015
118845  29.943  19.825  19.761 0.1000000015
120601  46.684  21.115  2.571 0.1000000015
120602  46.274  21.882  2.705 0.1000000015
119648  29.208  20.490  17.956 0.1000000015
122869  43.779  24.216  4.623 0.1000000015
123587  43.615  25.196  5.269 0.1000000015
123572  41.928  25.171  6.953 0.1000000015
123553  41.662  25.277  7.536 0.1000000015
124273  41.962  26.228  8.997 0.1000000015
120479  29.115  20.769  17.143 0.1000000015
123540  41.243  25.445  8.456 0.1000000015
123536  41.268  25.830  9.464 0.1000000015
123538  40.016  25.118  10.548 0.1000000015
121278  29.232  21.746  16.060 0.1000000015
124267  42.845  26.460  9.572 0.1000000015
123525  42.555  25.876  11.286 0.1000000015
123526  41.553  25.537  11.595 0.1000000015
123527  40.657  25.182  11.815 0.1000000015
121290  29.822  22.083  15.753 0.1000000015
124248  44.266  26.727  12.395 0.1000000015
123515  43.352  26.000  11.952 0.1000000015
123507  42.210  25.783  13.224 0.1000000015
123508  41.151  25.783  13.176 0.1000000015
124234  43.867  27.007  13.894 0.1000000015
124221  42.293  26.737  14.976 0.1000000015
124237  40.721  26.352  13.740 0.1000000015
122792  31.647  24.312  15.481 0.1000000015
122054  31.206  23.395  15.413 0.1000000015
124200  42.917  27.020  15.480 0.1000000015
124222  41.196  26.739  14.596 0.1000000015
124190  33.694  26.392  16.415 0.1000000015
123488  32.419  25.230  15.700 0.1000000015
124879  35.239  27.513  17.432 0.1000000015
124191  32.845  26.227  16.493 0.1000000015
125534  34.957  27.903  17.373 0.1000000015
124895  34.442  26.841  17.000 0.1000000015
115926  30.380  15.525  24.076 0.1000000015
116657  31.670  16.183  24.363 0.1000000015
116654  35.314  16.336  25.386 0.1000000015
118795  31.136  19.433  22.507 0.1000000015
120401  30.153  21.851  22.744 0.1000000015
119575  29.610  21.367  21.859 0.1000000015
119587  29.903  20.363  21.984 0.1000000015
119588  29.507  20.839  21.445 0.1000000015
120441  28.928  21.139  20.094 0.1000000015
119638  28.778  20.657  18.628 0.1000000015
122868  44.310  24.200  4.120 0.1000000015
124312  44.236  26.073  5.624 0.1000000015
124293  43.769  26.193  6.214 0.1000000015
124279  42.044  26.035  8.025 0.1000000015
121258  28.311  22.495  18.771 0.1000000015
120457  28.393  21.499  18.595 0.1000000015
120466  28.559  21.148  17.729 0.1000000015
124277  43.675  26.590  7.222 0.1000000015
121279  28.593  21.822  16.562 0.1000000015
124276  44.522  26.809  6.894 0.1000000015
124271  43.692  26.719  8.185 0.1000000015
124272  42.818  26.524  8.590 0.1000000015
124265  44.491  27.218  8.671 0.1000000015
124260  44.498  27.271  9.651 0.1000000015
122055  30.157  23.297  15.551 0.1000000015
122056  28.849  23.197  15.806 0.1000000015
125640  45.240  28.670  8.493 0.1000000015
124255  44.473  27.175  10.659 0.1000000015
123489  31.230  25.226  15.773 0.1000000015
124192  32.291  26.356  16.390 0.1000000015
125548  33.483  27.375  16.778 0.1000000015
125547  34.307  27.823  16.977 0.1000000015
125564  33.509  28.091  16.201 0.1000000015
116655  34.126  16.319  25.059 0.1000000015
120388  30.694  21.869  23.396 0.1000000015
123597  44.495  24.958  4.301 0.1000000015
123608  45.431  25.004  3.750 0.1000000015
123569  44.757  26.377  5.552 0.1000000015
124292  44.723  26.558  6.000 0.1000000015
121270  28.200  22.220  17.771 0.1000000015
123596  45.579  25.713  4.425 0.1000000015
123585  45.674  26.413  5.179 0.1000000015
124275  45.374  27.060  6.721 0.1000000015
123595  46.363  26.250  4.672 0.1000000015
124985  45.107  27.280  7.371 0.1000000015
124992  46.443  27.812  6.402 0.1000000015
124984  45.752  27.944  7.168 0.1000000015
122794  29.614  24.376  15.588 0.1000000015
125649  45.377  28.700  7.753 0.1000000015
123490  30.208  25.321  15.572 0.1000000015
122793  30.671  24.316  15.596 0.1000000015
124898  31.984  26.718  16.248 0.1000000015
124897  32.534  26.864  16.535 0.1000000015
125563  34.395  28.513  16.145 0.1000000015
118796  30.327  20.106  22.500 0.1000000015
119574  29.917  20.952  22.385 0.1000000015
121223  29.323  22.673  20.912 0.1000000015
124325  47.011  26.505  4.417 0.1000000015
124309  46.661  26.796  5.191 0.1000000015
124993  46.036  27.298  6.528 0.1000000015
125003  46.947  27.556  5.511 0.1000000015
116652  36.599  17.232  25.791 0.1000000015
116656  32.889  16.228  24.755 0.1000000015
115247  49.018  14.682  10.594 0.1000000015
117467  47.900  17.456  9.843 0.1000000015
115286  40.764  14.752  7.076 0.1000000015
118973  43.153  19.100  6.214 0.1000000015
118988  43.009  19.543  5.537 0.1000000015
118185  45.439  18.349  8.763 0.1000000015
118193  45.403  18.478  7.925 0.1000000015
110763  35.281  9.728  6.143 0.1000000015
110764  34.331  9.826  6.081 0.1000000015
110780  33.922  10.030  5.370 0.1000000015
111672  39.754  11.138  5.604 0.2000000030
115312  41.298  14.313  5.524 0.1000000015
113477  29.258  12.299  10.091 0.1000000015
112567  28.226  12.198  10.349 0.1000000015
112568  27.757  12.099  10.320 0.1000000015
113465  27.201  12.696  10.432 0.1000000015
114343  47.076  13.156  16.066 0.1000000015
113463  28.794  13.015  10.455 0.1000000015
114391  27.338  13.516  10.603 0.1000000015
114404  26.054  13.232  9.848 0.1000000015
111648  33.210  10.890  7.588 0.1000000015
113422  46.079  12.683  15.320 0.1000000015
114335  46.625  13.706  16.693 0.1000000015
115202  47.450  14.859  16.602 0.1000000015
116023  48.160  15.515  11.658 0.1000000015
115244  48.447  14.571  11.471 0.1000000015
116765  48.193  16.698  11.486 0.1000000015
114403  30.477  13.324  10.140 0.1000000015
116775  28.055  16.357  10.400 0.1000000015
114390  28.176  13.711  10.622 0.1000000015
114467  40.911  13.541  4.739 0.1000000015
112589  33.403  11.823  8.873 0.1000000015
112574  33.098  12.389  9.236 0.1000000015
113473  32.902  13.002  9.448 0.1000000015
111647  34.308  10.656  7.613 0.1000000015
111645  36.306  10.865  7.422 0.1000000015
111646  35.407  10.794  7.676 0.1000000015
114355  41.763  13.349  13.807 0.1000000015
113432  43.348  12.442  14.230 0.1000000015
115226  42.309  14.090  14.245 0.1000000015
115227  41.297  14.222  14.083 0.1000000015
115995  39.332  15.918  15.044 0.1000000015
115994  40.407  15.880  14.954 0.1000000015
114359  38.163  13.435  14.784 0.1000000015
115224  44.331  13.925  15.052 0.1000000015
115216  43.159  14.654  14.963 0.1000000015
116736  42.298  16.276  15.804 0.1000000015
114345  45.237  13.725  15.466 0.1000000015
115223  44.910  13.833  15.302 0.1000000015
115990  44.756  14.978  16.211 0.1000000015
117439  36.663  17.315  16.775 0.1000000015
114336  45.884  13.934  16.729 0.1000000015
115981  44.329  15.699  16.436 0.1000000015
117434  41.454  17.265  17.314 0.1000000015
115971  47.145  15.901  17.360 0.1000000015
116719  44.199  16.187  16.812 0.1000000015
118115  40.654  18.519  18.541 0.1000000015
116067  38.277  16.196  6.819 0.1000000015
116814  37.911  16.302  6.766 0.1000000015
117480  31.221  16.999  9.034 0.1000000015
116772  30.351  16.234  9.811 0.1000000015
114444  38.407  13.638  6.550 0.1000000015
114445  37.666  13.361  6.964 0.1000000015
116077  36.190  15.742  5.982 0.1000000015
116078  35.531  15.712  6.182 0.1000000015
116068  35.367  15.406  6.881 0.1000000015
115290  35.112  15.260  7.540 0.1000000015
116069  34.871  15.764  7.179 0.1000000015
116809  34.396  16.263  7.067 0.1000000015
116798  34.101  16.335  7.579 0.1000000015
116800  32.961  16.544  8.508 0.1000000015
116044  33.558  15.460  9.039 0.1000000015
115263  32.622  14.598  9.517 0.1000000015
114457  39.811  13.544  5.764 0.1000000015
113506  37.764  12.787  7.090 0.1000000015
114430  35.927  13.868  8.060 0.1000000015
114415  35.461  13.615  8.462 0.1000000015
116048  26.107  14.543  10.062 0.1000000015
116034  25.937  15.879  10.113 0.1000000015
112619  40.117  12.106  5.760 0.1000000015
113513  39.836  12.708  5.926 0.1000000015
113497  36.564  12.544  7.952 0.1000000015
113496  37.266  12.675  7.441 0.1000000015
112586  36.266  12.164  8.191 0.1000000015
112602  36.020  11.246  7.833 0.1000000015
116726  36.368  16.530  16.268 0.1000000015
115967  45.744  16.103  18.124 0.1000000015
116698  45.534  16.578  18.494 0.1000000015
116700  43.933  17.082  18.618 0.1000000015
118114  41.678  18.075  18.633 0.1000000015
118123  46.341  17.742  17.617 0.1000000015
117412  44.003  17.447  19.141 0.1000000015
117401  44.635  18.104  19.512 0.1000000015
118101  44.497  18.701  19.540 0.1000000015
118836  41.787  19.142  20.023 0.1000000015
119597  41.896  20.708  20.994 0.1000000015
118155  47.005  18.404  12.758 0.1000000015
117505  38.047  17.615  7.102 0.1000000015
116822  36.213  16.576  5.307 0.1000000015
116083  36.052  16.055  5.559 0.1000000015
116823  35.457  16.650  5.290 0.1000000015
116789  30.107  16.679  9.713 0.1000000015
116829  35.806  16.737  4.879 0.1000000015
117507  33.035  17.210  7.790 0.1000000015
118178  31.013  17.773  8.999 0.1000000015
118182  26.763  18.233  9.789 0.1000000015
118135  45.645  18.687  16.856 0.1000000015
119618  39.080  20.157  20.353 0.1000000015
118833  44.068  20.001  19.545 0.1000000015
120410  40.832  21.700  21.927 0.1000000015
118146  46.776  19.378  14.604 0.1000000015
118908  47.267  19.742  11.835 0.1000000015
118175  46.667  18.563  9.908 0.1000000015
117476  47.258  17.713  10.108 0.1000000015
118199  39.885  18.664  7.327 0.1000000015
117533  36.084  17.639  3.499 0.1000000015
119009  35.301  18.714  4.173 0.1000000015
118995  33.518  19.720  5.643 0.1000000015
118978  33.376  19.064  6.255 0.1000000015
112529  37.833  11.660  16.687 0.1000000015
113416  36.655  12.795  16.415 0.1000000015
117430  34.688  17.086  17.740 0.1000000015
118087  36.182  18.611  20.578 0.1000000015
119600  38.900  20.373  21.281 0.1000000015
118877  46.128  19.834  15.176 0.1000000015
119614  44.076  20.472  19.985 0.1000000015
119577  43.081  21.570  21.223 0.1000000015
120409  41.700  21.710  21.609 0.1000000015
120396  40.627  22.076  22.792 0.1000000015
120450  43.436  21.439  19.468 0.1000000015
120422  42.797  22.298  21.116 0.1000000015
122010  41.631  23.602  21.337 0.1000000015
118922  47.679  19.711  10.994 0.1000000015
118940  45.929  19.021  8.847 0.1000000015
118221  37.768  18.879  4.938 0.1000000015
117532  36.547  17.780  3.274 0.1000000015
120589  34.892  21.700  4.508 0.1000000015
120578  34.154  21.211  4.831 0.1000000015
119799  36.105  19.972  2.726 0.1000000015
119768  35.475  20.796  3.608 0.1000000015
121403  35.479  22.229  4.636 0.1000000015
121393  34.331  22.328  5.354 0.1000000015
114330  35.515  13.587  17.521 0.1000000015
115199  34.629  14.260  17.646 0.1000000015
115975  34.323  15.319  17.371 0.1000000015
119671  45.437  20.534  14.168 0.1000000015
118879  44.495  19.369  15.263 0.1000000015
119678  46.752  20.947  13.109 0.1000000015
119679  46.403  21.288  13.571 0.1000000015
118890  43.726  19.409  14.505 0.1000000015
118881  42.442  19.079  15.601 0.1000000015
119651  42.078  20.144  17.150 0.1000000015
121999  40.055  23.708  22.262 0.1000000015
121232  41.681  23.173  19.886 0.1000000015
121233  40.424  22.959  19.559 0.1000000015
122001  38.086  23.285  21.953 0.1000000015
118948  46.345  19.682  8.410 0.1000000015
118976  39.877  19.570  6.200 0.1000000015
118240  37.581  18.496  1.938 0.1000000015
118233  38.067  18.740  2.381 0.1000000015
117538  37.015  18.056  2.181 0.1000000015
118241  37.068  18.405  1.893 0.1000000015
119039  37.524  19.378  1.149 0.1000000015
119798  36.545  20.024  2.491 0.1000000015
119782  36.898  20.641  2.806 0.1000000015
120597  36.488  20.991  3.419 0.1000000015
120587  36.876  21.508  3.970 0.1000000015
121391  35.924  22.962  5.076 0.1000000015
117406  33.996  17.117  19.733 0.1000000015
121304  46.436  22.100  11.603 0.1000000015
118900  44.001  19.855  13.625 0.1000000015
119689  45.354  21.105  12.906 0.1000000015
118901  42.993  19.359  13.716 0.1000000015
118891  42.545  18.996  14.691 0.1000000015
118143  42.016  18.920  15.363 0.1000000015
119643  40.607  21.131  17.072 0.1000000015
119653  40.381  20.704  16.436 0.1000000015
119724  47.196  20.536  9.045 0.1000000015
121218  38.951  23.168  20.354 0.1000000015
118958  45.838  19.171  7.399 0.1000000015
119006  39.622  20.083  3.840 0.1000000015
114316  33.470  13.552  19.589 0.1000000015
117389  34.539  17.585  20.665 0.1000000015
120413  35.617  21.386  21.619 0.1000000015
120508  45.010  21.079  12.027 0.1000000015
118873  40.987  19.987  16.155 0.1000000015
119702  43.101  20.213  11.569 0.1000000015
118903  40.913  19.360  13.690 0.1000000015
121264  40.002  22.244  17.858 0.1000000015
120425  35.180  21.765  20.491 0.1000000015
119747  47.267  20.160  6.806 0.1000000015
119654  39.670  20.872  16.129 0.1000000015
118905  39.100  19.835  13.759 0.1000000015
120482  39.323  20.962  15.979 0.1000000015
121266  37.693  22.497  17.551 0.1000000015
120471  38.550  21.820  16.452 0.1000000015
121437  41.384  22.285  0.334 0.1000000015
113387  32.371  12.918  20.951 0.1000000015
117375  37.649  17.854  24.078 0.1000000015
118781  36.609  19.746  23.713 0.1000000015
119573  35.047  20.092  22.193 0.1000000015
121346  46.615  22.260  8.317 0.1000000015
121320  45.527  22.097  10.624 0.1000000015
121360  47.512  21.524  7.086 0.1000000015
120515  44.197  20.844  11.159 0.1000000015
119585  34.578  20.372  21.411 0.1000000015
120569  47.678  20.830  6.452 0.1000000015
120528  43.905  20.971  10.536 0.1000000015
119693  41.656  19.791  12.215 0.1000000015
118984  46.784  19.584  6.001 0.1000000015
119754  47.227  19.879  5.435 0.1000000015
119718  42.347  20.539  10.841 0.1000000015
119684  38.442  20.108  13.464 0.1000000015
118971  44.894  19.011  6.340 0.1000000015
120531  40.647  21.067  10.156 0.1000000015
119706  38.928  20.297  11.530 0.1000000015
119685  37.605  20.601  13.582 0.1000000015
120472  37.859  21.951  16.139 0.1000000015
121274  36.796  22.564  16.616 0.1000000015
121269  34.973  21.969  17.979 0.1000000015
119004  41.827  20.294  4.701 0.1000000015
123644  42.686  25.391  0.256 0.1000000015
117367  37.892  17.969  25.315 0.1000000015
119014  46.055  19.393  3.869 0.1000000015
121337  42.297  22.045  9.021 0.1000000015
120530  41.649  20.996  10.146 0.1000000015
119001  44.997  19.371  4.584 0.1000000015
120532  39.615  21.226  10.263 0.1000000015
120516  38.276  20.863  11.351 0.1000000015
119003  42.902  19.989  4.778 0.1000000015
122924  44.344  25.025  -1.008 0.1000000015
122188  43.601  23.358  -0.549 0.1000000015
121387  47.009  21.584  5.258 0.1000000015
118782  35.569  19.416  23.334 0.1000000015
121364  43.692  22.474  7.616 0.1000000015
119762  44.642  19.702  4.107 0.1000000015
121379  43.028  22.760  7.049 0.1000000015
121366  42.044  22.890  7.974 0.1000000015
120534  38.113  21.419  11.104 0.1000000015
120509  36.945  21.331  12.744 0.1000000015
122064  36.358  23.293  13.947 0.1000000015
120474  33.571  21.691  16.337 0.1000000015
119777  42.732  20.682  2.983 0.1000000015
122084  39.273  23.291  9.676 0.1000000015
122075  38.343  23.120  10.748 0.1000000015
121307  36.929  22.537  12.498 0.1000000015
122051  35.599  23.063  15.358 0.1000000015
122059  35.753  23.730  14.605 0.1000000015
119806  42.420  20.215  0.872 0.1000000015
119819  41.686  19.455  0.103 0.1000000015
122206  44.146  23.577  -0.984 0.1000000015
122102  41.608  23.564  7.687 0.1000000015
119805  43.596  20.432  1.206 0.1000000015
122860  43.278  24.269  5.144 0.1000000015
122842  41.220  24.643  7.922 0.1000000015
122072  38.194  23.447  11.468 0.1000000015
122068  37.258  23.532  12.536 0.1000000015
119817  43.444  20.158  0.191 0.1000000015
123537  40.408  25.313  9.827 0.1000000015
122812  39.167  24.624  12.114 0.1000000015
122808  37.666  24.460  12.492 0.1000000015
120485  33.302  22.048  15.593 0.1000000015
120476  31.454  21.201  16.349 0.1000000015
120635  44.748  22.100  -1.390 0.1000000015
119828  43.138  20.032  -0.920 0.1000000015
120625  45.608  21.289  -0.714 0.1000000015
119827  44.432  20.615  -0.369 0.1000000015
119060  42.519  19.767  -1.189 0.1000000015
124252  37.448  26.088  12.663 0.1000000015
123511  36.055  25.214  13.497 0.1000000015
121454  45.537  22.734  -1.520 0.1000000015
121456  44.066  23.129  -1.102 0.1000000015
122205  44.540  23.691  -1.293 0.1000000015
119803  45.788  20.254  1.742 0.1000000015
119815  45.734  20.456  0.759 0.1000000015
123571  42.374  25.130  6.382 0.1000000015
123518  40.450  25.375  12.513 0.1000000015
120617  46.104  20.811  -0.026 0.1000000015
122799  33.782  24.351  14.479 0.1000000015
121288  31.883  22.563  15.346 0.1000000015
120624  46.430  21.512  -0.159 0.1000000015
123510  39.646  25.988  12.904 0.1000000015
123509  40.181  25.903  13.013 0.1000000015
124963  37.597  26.805  12.919 0.1000000015
124241  36.165  26.285  13.371 0.1000000015
124930  40.556  27.313  15.128 0.1000000015
124238  39.583  26.625  13.456 0.1000000015
124949  38.905  27.405  13.792 0.1000000015
124951  36.767  27.073  13.475 0.1000000015
124226  33.628  25.684  14.808 0.1000000015
124932  38.298  27.776  14.612 0.1000000015
124913  35.107  27.055  15.787 0.1000000015
123475  33.071  25.879  15.968 0.1000000015
124891  40.394  27.836  17.039 0.1000000015
124907  42.222  27.449  15.980 0.1000000015
124890  41.489  27.788  16.902 0.1000000015
125545  37.840  28.055  16.899 0.1000000015
124893  36.586  27.759  16.679 0.1000000015
125529  40.161  28.237  18.438 0.1000000015
119622  29.107  20.565  19.641 0.1000000015
123598  43.906  24.819  4.690 0.1000000015
124294  42.921  26.023  6.721 0.1000000015
124268  42.072  26.171  9.948 0.1000000015
123532  41.572  25.842  10.562 0.1000000015
124266  43.722  26.764  9.150 0.1000000015
124261  43.723  26.698  10.146 0.1000000015
124256  43.716  26.501  11.233 0.1000000015
123516  42.444  25.669  12.288 0.1000000015
123517  41.436  25.469  12.466 0.1000000015
124235  42.874  26.336  14.076 0.1000000015
124236  41.775  26.258  13.966 0.1000000015
124278  42.848  26.369  7.628 0.1000000015
122046  27.974  23.252  16.950 0.1000000015
124976  44.950  28.159  8.966 0.1000000015
123607  46.773  25.660  3.470 0.1000000015
95826  39.935  -4.901  -2.268 0.1000000015
96978  39.387  -4.347  -2.490 0.1000000015
96977  40.085  -4.751  -2.572 0.1000000015
96994  39.719  -4.031  -3.205 0.1000000015
97005  40.726  -4.641  -4.162 0.1000000015
94709  40.999  -6.537  -6.416 0.1000000015
98090  39.416  -3.418  -3.465 0.1000000015
98089  39.926  -3.898  -3.539 0.1000000015
95850  41.108  -5.303  -4.484 0.1000000015
98104  40.276  -3.841  -4.265 0.1000000015
97015  40.789  -4.664  -5.257 0.1000000015
98116  40.339  -3.356  -5.573 0.1000000015
99148  39.929  -2.705  -4.938 0.1000000015
99137  40.144  -2.032  -4.888 0.1000000015
99159  40.722  -2.396  -6.059 0.1000000015
99147  40.219  -2.412  -5.291 0.1000000015
100102  40.743  -1.886  -5.659 0.1000000015
96993  40.262  -4.459  -3.244 0.1000000015
99138  39.796  -2.464  -4.431 0.1000000015
98117  40.002  -2.881  -5.192 0.1000000015
82552  45.326  -16.738  -2.970 0.1000000015
82553  44.664  -16.693  -2.868 0.1000000015
82554  44.079  -16.678  -2.883 0.1000000015
83770  44.291  -16.610  -2.571 0.1000000015
83790  46.506  -16.374  -2.976 0.1000000015
83792  45.269  -16.281  -3.300 0.1000000015
83795  42.672  -16.166  -3.362 0.1000000015
83808  42.837  -15.168  -5.416 0.1000000015
83809  42.393  -15.079  -5.392 0.1000000015
83810  42.238  -15.408  -5.153 0.1000000015
83817  42.681  -15.081  -5.433 0.1000000015
83818  42.277  -15.150  -5.390 0.1000000015
84998  44.088  -15.732  -3.464 0.1000000015
85018  42.855  -14.931  -5.374 0.1000000015
85019  42.252  -14.965  -5.196 0.1000000015
85033  42.709  -14.772  -5.377 0.1000000015
85034  42.059  -14.670  -5.059 0.1000000015
85035  41.925  -14.945  -4.782 0.1000000015
86106  55.284  -14.250  -3.618 0.1000000015
86112  45.922  -15.210  -2.908 0.1000000015
86131  54.983  -14.987  -3.863 0.1000000015
86133  43.078  -14.907  -5.422 0.1000000015
86134  42.793  -14.782  -5.221 0.1000000015
86151  42.934  -14.670  -5.389 0.1000000015
86152  42.514  -14.677  -5.072 0.1000000015
86154  41.543  -14.518  -4.190 0.1000000015
87154  49.554  -13.238  -0.913 0.1000000015
87190  44.424  -14.021  -1.890 0.1000000015
87215  55.373  -14.843  -3.878 0.1000000015
87216  55.046  -14.834  -3.950 0.1000000015
88138  56.150  -11.217  6.665 0.1000000015
88140  56.613  -11.519  6.254 0.1000000015
88195  49.071  -12.001  1.129 0.1000000015
88231  44.490  -13.125  -0.047 0.1000000015
88266  41.673  -12.916  -2.875 0.1000000015
88272  56.509  -12.551  -2.772 0.1000000015
89280  54.557  -10.388  8.543 0.2000000030
89288  56.379  -10.887  6.361 0.1000000015
89321  57.317  -11.175  1.468 0.1000000015
89339  57.152  -11.122  0.932 0.1000000015
89344  45.552  -11.260  1.157 0.1000000015
89358  42.645  -11.931  -1.085 0.1000000015
89386  54.178  -11.755  -1.766 0.1000000015
89387  53.682  -11.901  -1.590 0.1000000015
89396  56.497  -12.068  -2.661 0.1000000015
90328  55.880  -10.401  6.715 0.1000000015
90337  56.459  -10.296  5.318 0.1000000015
90412  52.019  -10.999  0.115 0.1000000015
90413  45.023  -10.184  0.029 0.1000000015
90424  56.372  -10.528  -0.775 0.1000000015
90430  43.878  -10.063  -1.111 0.1000000015
90449  55.038  -11.320  -2.284 0.1000000015
90450  54.914  -11.440  -2.160 0.1000000015
91346  53.536  -8.764  8.548 0.2000000030
91349  53.965  -8.913  7.822 0.2000000030
91351  55.553  -9.577  6.689 0.1000000015
91356  55.614  -9.462  6.069 0.1000000015
91388  57.142  -10.273  2.423 0.1000000015
91406  47.680  -9.913  1.032 0.1000000015
91439  47.624  -9.253  0.045 0.1000000015
91452  56.299  -10.258  -0.814 0.1000000015
92264  44.712  -8.383  17.587 0.1000000015
92268  41.551  -9.513  19.316 0.1000000015
92279  44.545  -9.846  16.481 0.1000000015
92319  52.928  -8.012  8.733 0.3000000119
92320  52.847  -7.499  8.418 0.3000000119
92328  53.941  -8.212  7.251 0.1000000015
92329  53.265  -7.842  7.666 0.3000000119
92388  55.428  -9.058  1.041 0.1000000015
92402  55.627  -9.794  -0.195 0.1000000015
92403  55.359  -9.765  -0.166 0.1000000015
92415  56.303  -9.745  -0.919 0.1000000015
93250  42.180  -7.754  19.202 0.1000000015
93259  43.218  -8.301  18.564 0.1000000015
93284  38.260  -7.284  15.337 0.1000000015
93293  40.420  -7.116  14.718 0.1000000015
93336  46.941  -7.068  9.485 0.3000000119
93339  43.372  -7.191  9.021 0.3000000119
93343  52.981  -7.078  8.108 0.3000000119
93344  48.582  -7.037  8.642 0.3000000119
93355  53.104  -7.488  7.818 0.3000000119
93357  48.053  -7.279  8.193 0.3000000119
93363  42.660  -7.112  7.425 0.2000000030
93365  55.123  -8.398  6.053 0.1000000015
93371  43.539  -6.936  6.628 0.2000000030
93375  54.110  -6.824  5.522 0.1000000015
93462  48.580  -7.767  -3.917 0.1000000015
93514  41.477  -7.053  -7.122 0.1000000015
93515  41.260  -7.211  -6.904 0.1000000015
94344  40.516  -5.730  21.670 0.1000000015
94347  49.411  -5.265  20.055 0.2000000030
94363  47.796  -6.187  20.110 0.2000000030
94377  50.223  -5.556  18.676 0.2000000030
94380  36.720  -6.180  18.844 0.2000000030
94394  38.195  -6.166  17.613 0.1000000015
94408  49.067  -6.693  16.872 0.1000000015
94409  45.346  -5.672  16.494 0.1000000015
94410  45.101  -5.794  16.474 0.1000000015
94426  50.478  -6.671  15.778 0.1000000015
94427  49.980  -6.917  16.167 0.1000000015
94437  37.124  -7.314  16.103 0.1000000015
94443  53.773  -5.735  13.377 0.2000000030
94454  36.049  -7.197  13.830 0.1000000015
94492  38.385  -5.510  11.651 0.2000000030
94496  53.133  -6.730  9.613 0.3000000119
94511  47.343  -6.679  9.810 0.3000000119
94518  40.383  -5.849  8.508 0.2000000030
94523  53.098  -6.639  8.391 0.3000000119
94527  47.834  -6.867  9.566 0.3000000119
94528  44.196  -7.086  8.992 0.3000000119
94541  46.140  -7.328  7.165 0.3000000119
94544  41.394  -6.619  7.098 0.2000000030
94576  55.959  -6.732  4.294 0.1000000015
94663  50.074  -6.847  -3.669 0.2000000030
95470  34.190  -5.957  25.284 0.1000000015
95518  46.739  -4.738  21.207 0.2000000030
95527  49.571  -5.119  19.959 0.2000000030
95538  36.092  -5.468  20.314 0.2000000030
95546  50.331  -5.206  18.822 0.2000000030
95547  50.147  -5.233  18.995 0.2000000030
95559  50.563  -5.191  18.541 0.2000000030
95560  50.308  -5.341  18.753 0.2000000030
95561  47.912  -5.130  18.781 0.2000000030
95564  38.914  -4.998  19.024 0.1000000015
95573  51.859  -4.577  17.080 0.2000000030
95576  47.767  -5.233  18.406 0.2000000030
95578  44.534  -5.258  17.466 0.1000000015
95595  46.469  -5.411  16.640 0.1000000015
95597  44.794  -5.648  16.930 0.1000000015
95598  44.027  -5.701  16.985 0.1000000015
95613  46.009  -5.609  16.001 0.1000000015
95622  46.815  -5.180  15.110 0.1000000015
95624  45.225  -5.810  14.632 0.1000000015
95681  45.200  -5.863  10.180 0.3000000119
95693  40.034  -5.635  8.215 0.2000000030
95707  40.622  -5.616  6.722 0.2000000030
96641  46.628  -4.367  21.073 0.2000000030
96642  46.107  -4.117  21.457 0.2000000030
96648  37.421  -4.013  21.163 0.1000000015
96660  49.456  -4.860  19.987 0.2000000030
96677  50.393  -4.979  18.807 0.2000000030
96687  37.010  -5.136  20.061 0.2000000030
96701  41.981  -3.872  18.574 0.1000000015
96703  40.497  -4.161  18.769 0.1000000015
96705  39.145  -4.580  19.363 0.1000000015
96712  51.888  -4.189  17.048 0.2000000030
96723  40.638  -4.513  18.310 0.1000000015
96726  29.601  -3.951  17.318 0.2000000030
96731  48.307  -4.630  16.679 0.2000000030
96746  33.028  -4.256  15.733 0.2000000030
96753  46.950  -4.675  14.659 0.1000000015
96764  46.640  -4.234  14.187 0.1000000015
96769  34.805  -4.253  13.562 0.1000000015
96794  35.748  -4.425  11.744 0.3000000119
96849  52.328  -3.482  4.572 0.3000000119
96860  56.064  -5.166  2.772 0.2000000030
96899  51.596  -3.753  2.056 0.3000000119
96913  55.501  -3.932  0.251 0.2000000030
96930  55.517  -4.152  0.069 0.2000000030
96931  55.332  -4.200  -0.343 0.2000000030
96949  56.000  -4.131  -0.647 0.2000000030
96950  55.784  -4.044  -1.123 0.2000000030
96969  56.191  -3.806  -1.107 0.2000000030
96970  56.142  -3.876  -1.478 0.2000000030
96975  45.167  -4.032  -2.584 0.5000000000
97003  46.658  -4.022  -4.040 0.6000000238
97728  35.953  -3.478  24.885 0.1000000015
97754  35.439  -3.148  22.297 0.1000000015
97770  43.471  -2.829  22.044 0.2000000030
97791  46.991  -3.936  20.086 0.2000000030
97811  41.257  -3.080  19.557 0.1000000015
97814  39.026  -3.842  20.285 0.1000000015
97821  49.259  -4.405  18.040 0.2000000030
97825  42.500  -3.240  19.109 0.1000000015
97858  48.451  -3.731  15.558 0.2000000030
97882  49.449  -2.861  13.349 0.3000000119
97899  46.672  -3.059  12.349 0.3000000119
97920  43.432  -3.140  11.402 0.3000000119
97933  45.369  -3.767  11.256 0.3000000119
97952  38.986  -3.994  8.595 0.2000000030
97957  40.013  -3.240  6.890 0.3000000119
98003  55.355  -3.263  0.491 0.2000000030
98016  55.478  -3.546  0.264 0.2000000030
98028  54.745  -3.495  -0.699 0.2000000030
98040  56.096  -3.398  -0.811 0.2000000030
98042  54.143  -3.264  -1.294 0.2000000030
98050  43.594  -3.416  -1.866 0.5000000000
98059  56.089  -3.423  -1.396 0.2000000030
98060  55.727  -3.778  -1.727 0.2000000030
98068  45.030  -3.853  -3.093 0.6000000238
98103  44.361  -2.710  -4.281 0.6000000238
98105  39.849  -3.119  -4.707 0.1000000015
98115  45.087  -2.624  -5.108 0.6000000238
98144  41.953  -2.488  -7.268 0.2000000030
98837  33.750  -2.787  22.985 0.1000000015
98840  43.056  -2.382  22.054 0.2000000030
98841  42.488  -2.113  22.033 0.2000000030
98852  43.879  -2.536  21.601 0.2000000030
98854  42.673  -1.878  21.601 0.1000000015
98855  41.304  -1.944  21.323 0.1000000015
98860  36.393  -3.095  22.215 0.2000000030
98876  27.461  -2.876  20.500 0.1000000015
98884  43.690  -2.310  20.914 0.2000000030
98888  40.935  -2.907  19.963 0.1000000015
98906  49.288  -3.266  15.842 0.2000000030
98920  48.474  -3.259  15.093 0.2000000030
98951  44.334  -3.472  12.494 0.2000000030
98959  49.204  -2.832  13.324 0.3000000119
98985  37.265  -2.282  10.374 0.2000000030
99011  40.718  -2.602  6.406 0.4000000060
99061  55.192  -3.127  0.219 0.2000000030
99066  52.694  -2.828  1.941 0.3000000119
99075  55.294  -2.847  -0.030 0.2000000030
99088  55.806  -2.889  -0.449 0.2000000030
99100  55.757  -2.953  -1.062 0.2000000030
99101  55.216  -3.127  -1.232 0.2000000030
99103  53.671  -2.797  -1.485 0.2000000030
99106  43.430  -2.919  -2.347 0.6000000238
99112  55.677  -3.217  -1.560 0.2000000030
99113  55.477  -3.492  -1.434 0.2000000030
99117  43.433  -2.401  -2.712 0.6999999881
99118  43.207  -2.181  -2.198 0.6999999881
99124  44.105  -2.571  -4.106 0.6999999881
99135  44.346  -2.138  -4.581 0.6000000238
99166  48.027  -2.640  -7.630 0.6000000238
99892  39.856  -1.238  24.876 0.2000000030
99893  38.961  -1.430  24.745 0.1000000015
99913  42.128  -1.764  21.586 0.1000000015
99922  41.889  -1.745  21.304 0.1000000015
99923  41.655  -1.815  21.304 0.1000000015
99940  27.385  -0.978  17.609 0.2000000030
99950  27.975  -1.102  17.059 0.2000000030
99982  37.927  -1.442  8.959 0.3000000119
99991  41.959  -0.933  6.195 0.5000000000
100039  55.090  -2.851  -0.323 0.2000000030
100040  54.909  -3.083  -0.444 0.2000000030
100047  55.310  -2.878  -0.513 0.2000000030
100048  54.954  -2.904  -0.734 0.2000000030
100055  55.555  -2.748  -0.727 0.2000000030
100056  55.343  -2.909  -0.835 0.2000000030
100079  44.346  -1.113  -4.768 0.6000000238
100092  40.528  -1.734  -5.163 0.1000000015
100115  41.886  -1.452  -6.730 0.2000000030
100124  47.464  -0.635  -8.186 0.5000000000
100758  39.643  -1.267  24.981 0.1000000015
100759  39.410  -1.300  25.044 0.1000000015
100767  39.733  -1.212  24.541 0.2000000030
100774  39.704  -1.151  24.064 0.2000000030
100831  36.926  0.017  14.586 0.4000000060
100874  41.634  -1.252  4.857 0.6000000238
100942  43.537  -0.744  -3.440 0.6999999881
101628  34.369  1.037  18.084 0.3000000119
101652  31.406  -0.067  17.090 0.3000000119
101673  37.202  0.920  13.937 0.4000000060
101683  35.973  0.541  10.721 0.4000000060
101693  38.503  0.432  8.687 0.3000000119
101697  45.122  1.434  6.967 0.8000000119
101701  41.551  0.360  7.507 0.5000000000
101707  45.140  1.381  6.689 0.8999999762
101764  43.843  1.043  0.003 0.6999999881
101791  41.122  0.765  -4.297 0.2000000030
101792  40.754  0.321  -3.884 0.2000000030
101798  43.690  -0.258  -3.742 0.6999999881
101812  46.086  0.799  -6.415 0.5000000000
102556  38.933  1.943  9.270 0.3000000119
102572  44.241  1.811  7.549 0.8000000119
102611  42.843  1.174  2.608 0.6999999881
102635  42.872  0.929  1.414 0.6999999881
102646  43.728  1.315  0.822 0.6999999881
102653  47.108  2.072  -0.681 0.6999999881
102687  45.497  1.990  -4.936 0.5000000000
102708  41.689  0.959  -6.140 0.2000000030
102718  42.775  1.322  -7.091 0.3000000119
102724  47.440  2.106  -7.762 0.5000000000
102726  46.846  1.619  -8.153 0.4000000060
103422  48.140  2.435  22.098 0.5000000000
103430  48.939  2.502  20.954 0.5000000000
103434  45.422  2.983  21.922 0.5000000000
103451  49.244  3.047  19.664 0.5000000000
103467  49.021  3.103  19.142 0.5000000000
103468  48.343  3.113  19.001 0.5000000000
103497  39.069  2.900  17.119 0.3000000119
103500  36.669  2.229  17.749 0.4000000060
103505  27.298  2.054  17.915 0.2000000030
103523  39.946  2.295  16.053 0.4000000060
103542  38.191  2.702  13.073 0.4000000060
103551  36.896  2.347  11.183 0.3000000119
103559  50.821  3.551  7.659 0.8999999762
103562  43.493  2.778  8.028 0.6999999881
103565  40.777  1.980  8.462 0.5000000000
103566  40.002  1.917  8.679 0.4000000060
103569  51.077  3.356  6.964 0.8999999762
103573  45.845  2.400  7.461 0.8999999762
103580  51.042  3.385  6.507 0.8999999762
103581  50.685  3.412  6.604 0.8999999762
103597  48.570  3.334  5.580 0.8000000119
103599  47.033  2.653  5.699 0.8000000119
103606  51.069  3.297  5.022 0.8999999762
103617  51.024  3.262  3.911 0.8999999762
103644  40.369  2.094  0.459 0.1000000015
103658  42.300  3.114  -2.315 0.3000000119
103668  46.574  2.400  -2.939 0.5000000000
103719  47.578  1.970  -7.293 0.5000000000
103730  47.330  2.327  -7.755 0.5000000000
103732  46.486  2.183  -8.000 0.4000000060
104409  46.209  4.402  24.386 0.4000000060
104410  45.943  4.224  24.391 0.4000000060
104437  47.273  3.181  23.317 0.4000000060
104441  43.679  3.975  22.439 0.5000000000
104451  44.956  3.226  22.479 0.5000000000
104460  49.014  2.944  21.029 0.5000000000
104465  37.029  4.020  20.448 0.3000000119
104473  49.229  3.261  20.175 0.5000000000
104476  42.200  3.803  19.553 0.3000000119
104479  38.628  4.032  19.416 0.2000000030
104491  49.326  3.626  19.332 0.5000000000
104492  49.220  3.459  18.821 0.5000000000
104516  49.072  3.911  18.215 0.6000000238
104520  41.639  3.667  18.045 0.3000000119
104525  37.234  2.747  18.104 0.3000000119
104527  28.200  2.956  17.809 0.2000000030
104533  45.894  3.599  16.251 0.5000000000
104561  42.653  4.293  14.029 0.4000000060
104575  37.934  3.131  12.277 0.3000000119
104589  51.261  3.890  7.934 0.8999999762
104603  51.727  3.813  6.802 0.6999999881
104604  51.370  3.586  7.206 0.8999999762
104605  50.639  3.549  7.488 0.8999999762
104608  48.213  3.761  7.262 0.8999999762
104620  50.638  3.446  7.120 0.8999999762
104621  50.321  3.503  7.025 0.8999999762
104634  49.721  3.442  5.094 0.8999999762
104635  49.378  3.374  5.120 0.8999999762
104643  51.650  3.945  4.267 0.8999999762
104644  51.415  3.583  4.590 0.8999999762
104654  51.396  3.789  3.577 0.8999999762
104687  41.409  3.739  0.184 0.1000000015
104695  41.719  3.547  -0.562 0.1000000015
104730  47.545  3.270  -5.809 0.5000000000
104731  47.228  3.075  -5.372 0.5000000000
104741  47.853  3.371  -6.728 0.5000000000
104752  47.393  3.222  -7.481 0.5000000000
104763  47.402  2.770  -7.547 0.5000000000
105449  34.596  4.778  26.681 0.1000000015
105467  46.477  4.706  24.304 0.3000000119
105469  45.270  5.225  24.565 0.3000000119
105472  30.026  4.107  24.030 0.1000000015
105481  47.334  3.709  23.415 0.4000000060
105483  45.539  4.400  24.355 0.4000000060
105497  48.250  3.110  22.372 0.5000000000
105500  46.587  4.720  22.537 0.3000000119
105501  44.217  4.346  23.551 0.5000000000
105516  47.898  3.994  22.013 0.4000000060
105531  48.641  3.673  21.076 0.5000000000
105553  44.866  5.012  20.030 0.3000000119
105559  37.533  4.111  20.148 0.3000000119
105564  26.635  4.732  19.485 0.1000000015
105565  26.168  4.253  19.576 0.1000000015
105571  46.299  4.667  18.885 0.3000000119
105574  38.976  4.001  19.389 0.2000000030
105583  26.441  4.084  19.144 0.1000000015
105587  49.799  5.100  18.022 0.6000000238
105591  45.949  4.819  18.436 0.3000000119
105593  30.584  4.798  17.903 0.2000000030
105600  48.241  4.449  16.324 0.6000000238
105613  50.760  4.908  14.346 0.6000000238
105616  49.162  4.631  14.662 0.6000000238
105620  45.190  4.592  14.632 0.6000000238
105629  50.809  4.911  14.008 0.6000000238
105630  50.593  4.640  13.993 0.6000000238
105633  48.257  4.962  13.783 0.5000000000
105636  44.067  5.081  13.747 0.6000000238
105651  39.373  4.003  12.547 0.4000000060
105668  40.930  4.896  10.057 0.5000000000
105679  42.694  4.608  8.869 0.6999999881
105683  39.378  3.908  10.000 0.4000000060
105686  51.531  4.173  7.791 0.6999999881
105687  51.442  4.474  8.514 0.8000000119
105688  50.419  4.080  8.662 0.8999999762
105700  51.796  4.289  7.274 0.6999999881
105702  48.750  4.060  7.771 0.8999999762
105711  51.848  4.334  6.456 0.6999999881
105728  51.638  4.335  4.546 0.6999999881
105736  51.665  4.239  4.115 0.8999999762
105737  51.652  4.641  3.818 0.6999999881
105761  45.814  4.957  0.917 0.8999999762
105781  47.187  4.121  -1.376 0.6999999881
105784  42.127  4.690  -0.912 0.3000000119
105812  48.440  4.337  -4.137 0.5000000000
105835  46.697  5.237  -6.144 0.5000000000
105847  47.950  4.021  -6.860 0.5000000000
105850  45.135  5.217  -6.255 0.4000000060
105851  44.808  4.809  -6.331 0.4000000060
105860  47.356  3.869  -7.300 0.5000000000
106604  34.285  5.268  26.391 0.1000000015
106611  34.068  5.620  26.172 0.1000000015
106621  46.198  5.428  24.486 0.3000000119
106622  45.607  5.606  24.518 0.3000000119
106623  32.269  5.550  24.884 0.1000000015
106631  46.718  5.217  23.579 0.3000000119
106632  46.370  5.540  23.358 0.3000000119
106635  42.945  5.565  23.655 0.3000000119
106636  42.200  5.764  23.531 0.3000000119
106652  39.908  5.161  22.881 0.2000000030
106653  29.815  5.771  23.148 0.1000000015
106663  44.766  5.637  21.297 0.3000000119
106667  27.104  5.395  21.298 0.1000000015
106671  45.032  5.117  21.005 0.3000000119
106672  44.519  5.451  20.558 0.3000000119
106673  44.007  5.728  20.079 0.3000000119
106677  36.421  4.844  20.286 0.2000000030
106679  26.448  4.974  20.122 0.1000000015
106683  49.090  4.946  19.651 0.4000000060
106685  45.183  4.980  19.155 0.3000000119
106695  49.795  5.644  18.170 0.4000000060
106720  44.241  5.583  17.479 0.3000000119
106722  42.695  6.135  17.511 0.2000000030
106723  30.757  5.078  17.828 0.2000000030
106724  30.569  5.254  17.853 0.2000000030
106729  43.027  6.040  16.982 0.3000000119
106737  47.634  5.040  14.122 0.5000000000
106738  46.941  5.302  14.095 0.5000000000
106755  51.312  5.198  12.740 0.6000000238
106773  41.385  5.478  11.314 0.6000000238
106774  40.802  5.217  10.923 0.5000000000
106781  44.142  6.046  10.489 0.8000000119
106785  40.786  5.089  10.628 0.5000000000
106788  47.383  5.324  9.960 0.8999999762
106789  46.644  5.517  9.840 0.8000000119
106795  41.193  4.997  9.875 0.6000000238
106798  45.299  5.274  8.872 0.8000000119
106801  43.058  4.745  8.912 0.6999999881
106803  51.723  4.705  7.526 0.6999999881
106812  51.398  5.630  7.112 0.6999999881
106823  51.767  4.779  6.226 0.6999999881
106831  51.340  5.507  4.952 0.6999999881
106846  50.894  5.858  2.250 0.6999999881
106859  50.594  6.472  1.854 0.6999999881
106861  47.646  4.642  2.026 0.8999999762
106864  40.493  5.247  1.030 0.2000000030
106873  44.667  6.022  0.218 0.8999999762
106892  42.618  5.451  -1.692 0.3000000119
106901  46.720  5.314  -2.426 0.8000000119
106909  47.825  5.203  -3.587 0.6000000238
106911  43.649  5.626  -3.454 0.4000000060
106918  47.475  5.770  -4.060 0.6000000238
106925  47.750  5.548  -5.628 0.5000000000
106936  48.117  4.453  -6.269 0.5000000000
106940  45.096  5.221  -6.507 0.4000000060
106949  46.352  5.118  -6.956 0.4000000060
107641  46.623  5.842  23.880 0.3000000119
107642  46.295  6.010  24.233 0.3000000119
107675  28.249  5.841  21.563 0.1000000015
107685  43.831  7.053  20.992 0.2000000030
107686  41.745  6.936  22.464 0.2000000030
107708  42.431  7.129  18.792 0.2000000030
107714  28.603  6.772  19.350 0.2000000030
107717  49.884  6.165  17.696 0.5000000000
107719  48.903  6.184  18.713 0.4000000060
107721  42.844  6.212  18.392 0.2000000030
107723  41.689  7.055  17.599 0.3000000119
107741  45.888  5.813  17.440 0.3000000119
107743  42.314  6.352  17.317 0.3000000119
107753  42.503  6.485  16.635 0.3000000119
107754  41.693  7.002  16.463 0.3000000119
107775  51.390  5.710  12.377 0.6000000238
107781  44.489  6.194  10.943 0.8000000119
107785  50.709  6.556  9.941 0.6000000238
107786  44.796  6.278  10.897 0.8000000119
107788  42.330  5.807  10.032 0.6000000238
107793  50.414  6.520  9.267 0.6999999881
107794  42.454  5.673  9.777 0.6000000238
107795  42.266  5.457  9.651 0.6000000238
107799  50.860  6.279  8.645 0.6999999881
107803  51.282  6.008  7.963 0.6999999881
107835  49.791  7.178  4.942 0.5000000000
107841  50.928  6.057  4.379 0.6000000238
107851  49.813  6.657  1.541 0.6999999881
107864  50.724  6.791  1.950 0.6000000238
107867  44.728  6.621  1.404 0.8000000119
107878  44.021  6.726  0.263 0.8999999762
107886  44.832  5.848  -0.492 0.8999999762
107890  40.884  6.592  -1.041 0.3000000119
107918  42.153  7.442  -3.685 0.5000000000
108683  43.148  7.222  23.286 0.3000000119
108693  43.370  7.737  23.102 0.2000000030
108694  42.685  7.456  22.835 0.2000000030
108707  44.686  8.066  21.888 0.2000000030
108708  44.448  7.841  21.483 0.2000000030
108728  28.677  7.156  20.358 0.2000000030
108731  43.277  7.701  19.872 0.2000000030
108759  41.351  7.465  17.097 0.3000000119
108764  48.818  7.816  16.735 0.4000000060
108765  48.175  7.851  17.175 0.5000000000
108770  40.757  8.183  15.813 0.3000000119
108780  41.725  7.655  15.482 0.3000000119
108781  41.072  8.066  15.539 0.3000000119
108810  50.675  6.667  10.324 0.6000000238
108834  48.147  7.843  6.905 0.4000000060
108855  49.717  7.429  4.318 0.6000000238
108864  50.517  7.391  3.072 0.6000000238
108865  50.057  7.736  3.541 0.5000000000
108877  47.422  7.227  2.348 0.8000000119
108888  50.369  7.553  1.611 0.6999999881
108894  43.560  7.663  0.754 0.8000000119
108902  49.070  8.305  0.809 0.6999999881
108903  43.979  6.857  0.643 0.8000000119
108904  43.644  7.199  0.367 0.8000000119
108913  44.272  6.896  -0.925 0.8999999762
108924  41.359  7.123  -1.843 0.3000000119
108956  41.571  7.900  -5.037 0.6000000238
108965  42.038  8.062  -5.178 0.6000000238
109700  45.277  8.036  23.006 0.2000000030
109713  44.562  8.439  23.083 0.2000000030
109726  45.070  8.935  21.954 0.2000000030
109743  44.208  8.848  20.740 0.2000000030
109750  30.595  8.018  20.468 0.2000000030
109755  38.667  8.535  19.667 0.2000000030
109777  40.529  8.645  17.017 0.2000000030
109789  48.232  8.016  16.233 0.5000000000
109804  41.873  8.908  14.549 0.2000000030
109805  40.961  8.955  14.638 0.2000000030
109806  40.452  9.063  14.825 0.2000000030
109852  48.013  8.129  5.847 0.4000000060
109878  50.265  8.094  2.464 0.6000000238
109881  47.270  8.030  1.996 0.8000000119
109883  45.989  7.466  2.315 0.8000000119
109884  35.702  8.363  1.431 0.3000000119
109906  49.034  8.731  0.526 0.6999999881
109917  37.366  8.740  -0.957 0.4000000060
109926  42.649  9.114  -2.184 0.8999999762
109927  38.883  8.455  -2.144 0.5000000000
109928  38.396  8.645  -1.693 0.5000000000
109935  43.331  8.490  -2.973 0.8999999762
109937  40.004  8.737  -3.010 0.5000000000
109947  43.853  8.667  -3.559 0.6999999881
109949  40.790  8.310  -4.243 0.5000000000
109952  38.947  9.157  -3.112 0.5000000000
109959  42.692  8.268  -4.897 0.6000000238
109970  42.181  8.579  -5.276 0.6000000238
110604  39.147  9.718  27.117 0.1000000015
110626  44.971  8.440  22.804 0.2000000030
110639  43.991  9.306  22.588 0.2000000030
110667  45.270  9.820  21.124 0.2000000030
110682  43.601  9.715  20.051 0.2000000030
110699  39.434  10.106  16.661 0.2000000030
110704  39.467  9.888  16.109 0.2000000030
110710  44.069  8.732  15.072 0.2000000030
110711  40.028  9.230  15.027 0.2000000030
110758  47.034  9.021  5.824 0.4000000060
110759  46.684  9.355  6.363 0.4000000060
110773  46.714  9.623  5.529 0.4000000060
110788  46.881  9.747  4.888 0.4000000060
110789  39.521  10.537  5.215 0.2000000030
110801  47.783  9.607  3.608 0.4000000060
110803  38.859  9.914  2.867 0.4000000060
110804  35.936  10.140  3.605 0.6000000238
110807  32.168  9.328  3.290 0.3000000119
110814  48.834  9.247  2.696 0.6000000238
110815  39.428  10.015  2.921 0.4000000060
110816  39.127  9.999  2.731 0.4000000060
110818  32.711  9.271  2.822 0.2000000030
110822  49.425  9.355  1.796 0.6999999881
110828  43.976  8.618  1.386 0.8000000119
110829  34.090  9.376  1.200 0.3000000119
110836  47.906  9.707  -0.162 0.6999999881
110841  35.671  9.095  -0.540 0.3000000119
110842  35.512  9.001  -0.374 0.3000000119
110844  34.058  9.621  1.111 0.3000000119
110852  42.233  9.927  -0.887 0.8000000119
110863  41.937  9.923  -1.965 0.8000000119
110866  35.717  9.818  -1.144 0.4000000060
110871  41.875  10.023  -2.484 0.8000000119
110878  44.158  9.054  -3.931 0.6999999881
110879  43.637  9.138  -3.917 0.6000000238
110882  40.268  8.999  -4.377 0.5000000000
110893  39.797  9.931  -4.423 0.6000000238
110894  39.365  10.297  -4.213 0.6000000238
110902  40.838  9.445  -5.300 0.5000000000
111535  44.773  9.798  22.430 0.2000000030
111547  45.290  10.432  21.957 0.2000000030
111572  44.391  10.757  20.520 0.2000000030
111581  40.625  10.370  18.146 0.1000000015
111594  38.788  10.847  15.956 0.1000000015
111616  47.162  11.282  12.802 0.2000000030
111643  46.396  10.207  7.404 0.3000000119
111656  46.408  10.015  6.678 0.4000000060
111671  40.271  11.395  5.239 0.2000000030
111673  39.114  10.653  5.771 0.1000000015
111694  47.498  10.392  3.670 0.4000000060
111708  48.892  9.702  2.416 0.6000000238
111711  41.240  10.906  2.585 0.5000000000
111738  47.857  10.192  -0.564 0.6999999881
111750  34.110  9.778  0.787 0.3000000119
111756  46.816  11.200  -1.077 0.6999999881
111757  46.164  11.284  -0.683 0.6999999881
111768  46.898  11.689  -1.616 0.6000000238
111769  42.033  10.394  -1.411 0.8000000119
111777  42.048  9.805  -2.987 0.8000000119
111785  41.784  9.755  -3.456 0.8000000119
111787  39.456  11.028  -4.172 0.6000000238
111788  39.118  10.660  -3.960 0.6000000238
111802  40.768  9.879  -5.254 0.6000000238
112449  40.124  11.457  25.231 0.1000000015
112478  45.064  10.714  21.984 0.2000000030
112479  44.646  10.872  21.775 0.2000000030
112497  45.013  10.761  21.729 0.2000000030
112504  37.718  11.033  20.904 0.2000000030
112511  43.271  11.522  19.962 0.2000000030
112515  42.621  11.132  19.459 0.2000000030
112534  37.539  11.825  15.960 0.1000000015
112541  42.559  11.734  13.876 0.1000000015
112542  41.230  11.717  13.856 0.1000000015
112557  41.512  12.289  13.734 0.1000000015
112599  38.137  12.161  6.956 0.1000000015
112622  47.034  11.291  4.808 0.4000000060
112638  41.232  11.068  2.963 0.5000000000
112647  45.693  11.143  -0.297 0.6999999881
112648  45.046  11.295  -0.239 0.6999999881
112660  47.704  11.665  -1.297 0.6000000238
112667  39.931  11.843  -0.622 0.6000000238
112672  35.443  10.724  -0.188 0.4000000060
112675  47.774  12.130  -1.392 0.6999999881
112681  42.070  11.332  -1.958 0.6999999881
112685  36.438  10.757  -0.802 0.4000000060
112689  46.797  12.589  -2.211 0.6000000238
112690  46.617  12.397  -2.107 0.6000000238
112691  43.764  12.700  -2.766 0.6999999881
112692  43.168  12.502  -2.685 0.6000000238
112693  42.326  12.144  -2.663 0.6000000238
112710  39.735  11.286  -4.298 0.6000000238
113359  31.266  13.107  22.300 0.1000000015
113373  31.327  13.344  21.826 0.1000000015
113383  44.328  11.960  21.222 0.2000000030
113388  31.939  13.187  20.935 0.1000000015
113394  42.907  12.382  20.195 0.2000000030
113423  37.864  11.972  15.453 0.1000000015
113425  36.679  13.105  15.917 0.1000000015
113438  37.741  13.039  15.072 0.1000000015
113449  42.291  12.457  13.751 0.1000000015
113450  41.803  12.644  13.692 0.1000000015
113455  47.790  12.269  12.411 0.2000000030
113495  37.843  12.401  7.110 0.1000000015
113501  49.040  13.497  6.292 0.3000000119
113550  46.976  13.193  0.704 0.5000000000
113557  47.930  12.503  -0.839 0.6000000238
113568  47.511  12.788  -1.399 0.6000000238
113569  45.712  12.730  -1.988 0.6000000238
113572  42.916  13.570  -1.248 0.6000000238
113574  40.501  13.139  -1.552 0.6000000238
113580  47.003  12.996  -2.213 0.6000000238
113592  44.080  13.782  -3.410 0.6000000238
113596  40.253  12.538  -4.052 0.6000000238
113597  39.761  12.283  -3.612 0.6000000238
114254  30.729  13.353  22.612 0.1000000015
114256  29.820  14.081  23.621 0.1000000015
114260  41.208  13.042  22.597 0.1000000015
114266  30.628  13.820  22.326 0.1000000015
114280  30.909  13.816  21.888 0.1000000015
114289  43.557  12.965  20.872 0.2000000030
114301  31.733  13.776  20.955 0.1000000015
114308  41.905  12.957  20.081 0.2000000030
114327  46.267  14.254  17.142 0.1000000015
114328  45.826  14.310  17.028 0.1000000015
114329  36.204  13.095  17.094 0.1000000015
114369  42.519  12.777  13.850 0.1000000015
114370  42.244  12.908  13.763 0.1000000015
114392  26.630  13.326  10.318 0.1000000015
114398  45.222  14.026  9.146 0.2000000030
114408  47.215  14.115  7.932 0.2000000030
114414  35.994  13.424  8.207 0.1000000015
114420  49.440  13.901  7.099 0.2000000030
114426  42.140  13.947  7.572 0.2000000030
114442  41.889  13.949  6.874 0.2000000030
114451  47.503  14.443  5.549 0.3000000119
114456  40.343  13.706  5.264 0.1000000015
114461  47.128  14.669  3.829 0.5000000000
114462  46.775  14.537  4.057 0.5000000000
114473  48.063  14.235  3.388 0.5000000000
114507  44.024  13.516  -0.236 0.6000000238
114510  47.089  13.583  -0.025 0.6000000238
114514  43.766  13.868  -0.953 0.6000000238
114517  40.911  13.209  -1.500 0.6000000238
114524  44.823  13.578  -1.881 0.6000000238
114525  43.488  14.030  -1.570 0.6000000238
114530  39.499  12.676  -2.454 0.6000000238
114537  45.381  13.269  -1.863 0.6000000238
114542  39.866  12.978  -3.167 0.6000000238
114543  39.537  12.547  -2.736 0.6000000238
114548  44.293  14.054  -3.227 0.6000000238
114549  43.750  14.091  -3.597 0.6000000238
114551  41.963  13.403  -3.875 0.6000000238
114552  40.783  13.304  -4.027 0.6000000238
114560  41.010  12.705  -4.406 0.6000000238
115143  42.378  14.799  22.975 0.1000000015
115166  31.340  14.536  21.411 0.1000000015
115167  30.880  14.195  21.879 0.1000000015
115176  42.218  13.990  21.282 0.1000000015
115178  32.029  14.589  20.149 0.1000000015
115188  33.221  14.072  19.182 0.1000000015
115189  32.682  14.167  19.513 0.1000000015
115191  34.262  14.133  18.225 0.1000000015
115192  33.658  14.230  18.637 0.1000000015
115195  47.127  15.182  17.289 0.1000000015
115205  45.031  14.839  16.351 0.1000000015
115208  34.956  14.354  17.068 0.1000000015
115213  45.581  14.064  16.279 0.1000000015
115214  44.994  14.394  15.764 0.1000000015
115219  36.717  14.178  15.538 0.1000000015
115221  47.684  14.102  13.810 0.1000000015
115225  43.259  14.041  14.721 0.1000000015
115229  38.920  14.205  14.494 0.1000000015
115230  37.978  14.164  14.838 0.1000000015
115232  47.825  14.171  13.274 0.1000000015
115259  44.489  14.600  9.366 0.2000000030
115268  49.506  14.526  8.318 0.2000000030
115282  48.874  14.657  7.352 0.2000000030
115284  41.939  14.349  8.091 0.2000000030
115294  48.757  14.526  6.491 0.2000000030
115306  49.033  14.256  6.226 0.2000000030
115308  48.026  14.547  5.284 0.2000000030
115310  47.019  14.615  4.436 0.5000000000
115321  47.024  14.708  4.179 0.5000000000
115328  48.225  14.399  4.023 0.4000000060
115330  47.499  14.697  3.750 0.5000000000
115345  44.388  13.964  -1.372 0.5000000000
115353  44.757  13.767  -1.615 0.6000000238
115363  43.401  14.453  -2.932 0.6000000238
115366  41.057  13.847  -3.665 0.6000000238
115372  43.830  14.418  -3.322 0.6000000238
115375  41.440  13.780  -3.740 0.6000000238
115925  31.050  15.757  23.744 0.1000000015
115931  42.369  15.098  22.849 0.1000000015
115932  31.185  15.553  22.964 0.1000000015
115933  30.564  15.302  23.381 0.1000000015
115937  42.654  14.944  22.550 0.1000000015
115938  42.394  15.146  22.592 0.1000000015
115944  42.721  14.757  22.306 0.1000000015
115954  31.719  14.968  20.807 0.1000000015
115966  46.184  16.109  18.228 0.1000000015
115968  33.336  15.248  18.388 0.1000000015
115973  45.666  15.584  17.632 0.1000000015
115974  45.061  15.784  17.344 0.1000000015
115979  45.462  15.054  17.100 0.1000000015
115989  46.833  16.083  15.695 0.1000000015
116001  46.807  15.838  15.190 0.1000000015
116009  46.884  15.649  14.632 0.1000000015
116017  47.797  15.071  12.375 0.1000000015
116028  31.185  15.347  9.794 0.1000000015
116042  43.945  15.138  9.296 0.2000000030
116674  34.310  16.699  22.336 0.1000000015
116704  47.110  16.339  17.280 0.1000000015
116706  45.486  16.138  18.022 0.1000000015
116712  34.379  16.298  17.467 0.1000000015
116713  33.782  15.793  17.896 0.1000000015
116716  47.167  16.171  16.850 0.1000000015
116718  44.770  15.913  17.172 0.1000000015
116724  38.911  17.164  16.177 0.1000000015
116732  47.154  15.942  16.464 0.1000000015
116734  44.037  15.820  16.296 0.1000000015
116739  38.769  16.684  15.681 0.1000000015
116741  36.930  16.036  15.716 0.1000000015
116747  46.933  16.189  13.699 0.1000000015
116768  49.145  16.261  10.126 0.1000000015
116770  47.779  17.281  9.909 0.1000000015
116779  49.255  16.096  9.846 0.1000000015
116785  44.362  15.716  9.356 0.2000000030
116799  33.769  16.426  8.001 0.1000000015
116801  32.336  16.591  8.670 0.1000000015
117376  36.839  17.631  23.429 0.1000000015
117383  33.954  17.082  20.963 0.1000000015
117390  33.957  17.133  20.167 0.1000000015
117402  44.305  17.999  19.646 0.1000000015
117404  34.952  18.011  19.380 0.1000000015
117409  46.261  17.089  18.369 0.1000000015
117413  43.043  17.732  19.016 0.1000000015
117414  42.367  17.736  18.559 0.1000000015
117419  46.437  17.223  18.085 0.1000000015
117420  46.131  17.702  18.103 0.1000000015
117424  41.144  17.611  17.570 0.1000000015
117426  39.688  17.843  17.201 0.1000000015
117435  40.833  17.279  17.020 0.1000000015
117438  37.803  17.663  16.701 0.1000000015
117463  48.138  17.318  11.458 0.1000000015
117468  47.725  17.503  9.935 0.1000000015
117479  31.673  16.944  8.744 0.1000000015
117481  30.459  17.220  9.367 0.1000000015
117484  27.056  17.563  10.119 0.1000000015
117487  45.511  17.834  9.452 0.2000000030
117491  42.613  16.888  8.411 0.2000000030
117506  33.473  17.102  7.170 0.1000000015
117513  34.340  17.010  6.076 0.1000000015
118052  37.845  18.614  25.014 0.1000000015
118070  36.850  17.982  22.721 0.1000000015
118075  37.159  18.726  22.242 0.1000000015
118078  31.888  19.040  20.780 0.1000000015
118084  44.023  19.368  20.282 0.1000000015
118085  43.223  19.083  20.413 0.1000000015
118090  31.837  19.178  20.482 0.1000000015
118091  31.640  19.171  20.538 0.1000000015
118108  34.950  18.014  20.058 0.1000000015
118113  42.407  17.962  19.017 0.1000000015
118125  45.325  18.583  17.670 0.1000000015
118126  41.395  17.808  17.997 0.1000000015
118128  40.082  18.229  17.744 0.1000000015
118132  36.294  18.449  18.256 0.1000000015
118138  38.001  18.031  16.978 0.1000000015
118142  42.255  18.947  15.420 0.1000000015
118148  42.242  18.888  15.196 0.1000000015
118149  41.905  18.855  15.036 0.1000000015
118153  46.760  18.126  13.717 0.1000000015
118165  48.059  17.790  11.354 0.1000000015
118194  44.730  18.090  7.801 0.2000000030
118200  38.906  18.793  7.147 0.1000000015
118222  35.170  17.506  5.098 0.1000000015
118247  40.046  18.380  0.363 0.1000000015
118248  39.715  18.338  0.515 0.1000000015
118255  40.065  18.289  0.072 0.1000000015
118264  38.991  19.099  -0.377 0.1000000015
118783  35.030  19.183  23.287 0.1000000015
118786  30.372  20.502  22.903 0.1000000015
118788  38.561  19.435  23.509 0.1000000015
118789  38.222  19.245  22.997 0.1000000015
118790  36.028  20.202  22.891 0.1000000015
118813  42.519  19.661  20.551 0.1000000015
118815  40.783  19.855  20.288 0.1000000015
118818  36.858  19.016  21.315 0.1000000015
118819  33.094  19.698  20.478 0.1000000015
118834  43.734  20.578  19.199 0.1000000015
118835  42.405  19.024  20.201 0.1000000015
118840  37.580  19.504  20.089 0.1000000015
118841  36.882  19.131  20.355 0.1000000015
118842  32.053  19.604  19.610 0.1000000015
118843  31.433  19.539  19.480 0.1000000015
118853  42.565  20.473  17.954 0.1000000015
118854  40.220  18.936  18.888 0.1000000015
118859  31.012  19.647  18.897 0.1000000015
118861  30.220  19.748  19.366 0.1000000015
118866  42.616  20.140  17.523 0.1000000015
118874  40.412  20.252  15.962 0.1000000015
118876  46.673  20.058  14.778 0.1000000015
118884  39.520  20.084  15.152 0.1000000015
118887  46.969  20.101  13.931 0.1000000015
118888  45.250  20.055  14.508 0.1000000015
118894  39.411  19.856  14.538 0.1000000015
118895  38.799  19.978  14.105 0.1000000015
118899  44.597  20.070  13.813 0.1000000015
118909  43.829  19.945  13.083 0.1000000015
118911  42.326  19.476  12.935 0.1000000015
118913  40.463  19.614  12.979 0.1000000015
118959  41.852  18.948  7.127 0.1000000015
118962  39.062  19.253  6.573 0.1000000015
118968  47.103  19.927  6.653 0.1000000015
118983  47.152  19.880  6.413 0.1000000015
118993  38.029  19.159  4.121 0.1000000015
119015  45.316  19.511  3.806 0.1000000015
119018  37.992  19.020  2.846 0.1000000015
119020  35.221  20.009  3.572 0.1000000015
119024  46.786  19.630  3.546 0.1000000015
119026  40.133  19.196  1.239 0.1000000015
119028  38.964  18.608  1.592 0.1000000015
119043  42.005  19.444  -0.390 0.1000000015
119044  41.422  19.268  -0.137 0.1000000015
119047  38.809  19.486  0.033 0.1000000015
119051  42.678  19.706  -1.011 0.1000000015
119052  42.248  19.522  -0.802 0.1000000015
119055  39.513  19.557  -0.265 0.1000000015
119056  39.069  19.331  -0.270 0.1000000015
119061  41.941  19.685  -1.312 0.1000000015
119063  40.688  19.984  -1.025 0.1000000015
119547  38.191  20.272  24.267 0.1000000015
119548  38.059  20.103  24.426 0.1000000015
119560  37.775  20.511  24.055 0.1000000015
119561  37.016  20.605  23.549 0.1000000015
119569  38.734  20.252  23.299 0.1000000015
119572  35.534  20.577  22.229 0.1000000015
119579  41.969  21.257  21.318 0.1000000015
119586  33.940  19.991  21.123 0.1000000015
119594  44.024  20.691  20.205 0.1000000015
119599  39.749  20.536  20.944 0.1000000015
119602  34.229  20.590  20.702 0.1000000015
119605  29.281  20.743  20.541 0.1000000015
119615  43.902  20.949  19.752 0.1000000015
119616  40.511  19.916  20.231 0.1000000015
119620  32.495  19.954  19.488 0.1000000015
119623  28.543  21.012  19.139 0.1000000015
119630  43.284  21.011  19.058 0.1000000015
119633  33.043  20.739  18.661 0.1000000015
119636  30.542  19.874  18.511 0.1000000015
119641  42.023  20.476  17.567 0.1000000015
119642  41.268  21.017  17.424 0.1000000015
119646  30.637  20.227  17.817 0.1000000015
119655  31.828  20.979  16.783 0.1000000015
119658  29.879  20.494  17.263 0.1000000015
119659  29.500  20.485  17.572 0.1000000015
119661  46.395  20.656  14.425 0.1000000015
119663  45.795  20.230  14.820 0.1000000015
119664  40.100  20.361  15.843 0.1000000015
119665  39.386  20.507  15.578 0.1000000015
119666  38.645  20.685  15.287 0.1000000015
119670  46.112  21.150  14.139 0.1000000015
119672  44.905  20.193  13.916 0.1000000015
119680  45.223  20.820  13.295 0.1000000015
119682  44.101  20.072  13.160 0.1000000015
119683  39.128  19.912  13.142 0.1000000015
119695  39.642  19.856  12.473 0.1000000015
119697  37.783  20.494  12.597 0.1000000015
119700  44.715  20.909  11.889 0.1000000015
119705  39.989  20.145  11.539 0.1000000015
119716  43.909  20.740  11.071 0.1000000015
119731  46.873  20.436  8.037 0.1000000015
119732  46.564  20.028  7.838 0.1000000015
119741  46.866  20.087  7.327 0.1000000015
119748  47.010  19.986  6.971 0.1000000015
119760  47.449  20.244  5.401 0.1000000015
119767  39.989  20.205  2.843 0.1000000015
119775  44.959  19.901  3.359 0.1000000015
119780  39.997  19.742  2.110 0.1000000015
119781  37.361  20.801  2.615 0.1000000015
119795  40.036  19.456  1.757 0.1000000015
119808  40.673  19.334  0.886 0.1000000015
119818  42.273  19.668  -0.145 0.1000000015
119820  40.226  20.568  0.153 0.1000000015
119821  39.565  20.351  0.377 0.1000000015
119822  38.538  20.008  0.595 0.1000000015
119823  38.196  19.884  0.653 0.1000000015
119830  40.968  20.633  -0.665 0.1000000015
119831  40.463  20.343  -0.413 0.1000000015
119835  42.494  20.209  -1.435 0.1000000015
119837  41.099  20.436  -1.012 0.1000000015
120384  38.850  21.783  24.018 0.1000000015
120397  39.930  21.798  23.293 0.1000000015
120402  29.757  21.881  22.097 0.1000000015
120407  42.962  22.053  21.198 0.1000000015
120408  42.431  22.150  21.433 0.1000000015
120412  36.227  21.793  21.977 0.1000000015
120414  35.023  20.913  21.302 0.1000000015
120415  29.410  21.871  21.457 0.1000000015
120421  43.209  22.122  20.788 0.1000000015
120423  41.719  21.223  21.305 0.1000000015
120424  41.205  21.185  21.285 0.1000000015
120437  42.966  22.139  19.620 0.1000000015
120453  40.875  21.998  18.146 0.1000000015
120456  32.982  20.804  18.371 0.1000000015
120459  41.226  21.446  17.797 0.1000000015
120460  40.534  21.621  17.519 0.1000000015
120469  40.269  21.180  16.897 0.1000000015
120473  34.184  21.828  16.607 0.1000000015
120477  30.674  21.105  16.389 0.1000000015
120484  37.842  21.664  15.722 0.1000000015
120488  30.775  21.614  15.884 0.1000000015
120492  45.760  21.167  13.950 0.1000000015
120493  38.255  20.841  15.142 0.1000000015
120498  46.351  21.503  12.943 0.1000000015
120499  46.001  21.639  13.351 0.1000000015
120500  45.613  21.227  13.444 0.1000000015
120501  37.116  21.160  13.808 0.1000000015
120510  36.803  21.546  13.436 0.1000000015
120513  45.265  21.739  11.209 0.1000000015
120514  44.724  21.148  11.405 0.1000000015
120526  45.146  21.886  10.700 0.1000000015
120533  38.740  21.118  10.770 0.1000000015
120542  44.487  21.663  10.013 0.1000000015
120544  43.062  21.411  9.672 0.1000000015
120546  40.976  21.652  9.567 0.1000000015
120570  47.668  21.228  5.930 0.1000000015
120575  47.640  20.675  5.685 0.1000000015
120610  40.340  21.449  1.050 0.1000000015
120618  41.099  21.554  0.087 0.1000000015
120619  40.561  21.187  0.430 0.1000000015
120634  45.244  21.880  -1.252 0.1000000015
120636  42.281  20.746  -1.494 0.1000000015
120638  41.366  20.791  -0.928 0.1000000015
121173  39.287  22.746  24.046 0.1000000015
121185  41.874  23.125  22.131 0.1000000015
121186  41.756  22.966  22.351 0.1000000015
121187  41.155  22.701  22.847 0.1000000015
121188  40.436  22.559  23.635 0.1000000015
121191  37.077  22.092  22.607 0.1000000015
121203  41.189  22.136  22.280 0.1000000015
121214  42.891  22.413  20.488 0.1000000015
121215  42.399  22.831  20.931 0.1000000015
121222  35.859  22.089  21.081 0.1000000015
121230  43.141  22.262  20.294 0.1000000015
121231  42.762  22.525  19.945 0.1000000015
121236  37.311  22.736  19.553 0.1000000015
121239  35.105  21.850  19.637 0.1000000015
121249  42.693  22.249  19.460 0.1000000015
121265  38.795  22.288  17.508 0.1000000015
121291  29.052  22.176  15.929 0.1000000015
121294  37.347  21.833  15.298 0.1000000015
121295  36.792  22.292  14.839 0.1000000015
121296  34.713  23.223  15.041 0.1000000015
121305  46.201  22.006  11.866 0.1000000015
121306  45.934  21.901  12.102 0.1000000015
121308  36.645  22.078  13.261 0.1000000015
121311  46.707  22.242  11.196 0.1000000015
121315  37.309  22.103  11.800 0.1000000015
121321  45.025  21.903  10.385 0.1000000015
121322  38.925  21.764  10.294 0.1000000015
121323  38.327  22.113  10.645 0.1000000015
121324  37.791  21.886  11.254 0.1000000015
121352  40.932  22.759  8.703 0.1000000015
121436  42.028  22.650  0.050 0.1000000015
121448  41.598  22.038  -0.282 0.1000000015
121455  44.534  22.788  -1.401 0.1000000015
121971  40.432  23.048  24.013 0.1000000015
121972  39.988  23.275  24.022 0.1000000015
121980  42.015  22.971  22.037 0.1000000015
121981  41.805  23.221  22.207 0.1000000015
121982  41.428  23.333  22.609 0.1000000015
121985  38.578  23.212  22.757 0.1000000015
121996  41.915  23.179  21.970 0.1000000015
121997  41.673  23.470  22.025 0.1000000015
122000  39.050  23.484  22.136 0.1000000015
122009  41.971  23.222  21.639 0.1000000015
122013  38.549  23.365  21.192 0.1000000015
122014  37.760  23.208  21.107 0.1000000015
122022  41.374  23.596  20.658 0.1000000015
122050  36.019  23.209  15.216 0.1000000015
122058  36.298  23.170  14.813 0.1000000015
122061  34.346  23.616  14.670 0.1000000015
122085  38.762  22.770  10.195 0.1000000015
122093  41.232  23.366  8.123 0.1000000015
122101  42.165  23.428  7.245 0.1000000015
122103  41.115  23.614  8.067 0.1000000015
122124  42.857  23.534  5.886 0.1000000015
122132  43.874  23.477  4.767 0.1000000015
122171  43.227  23.842  -0.022 0.1000000015
122172  42.410  23.233  0.303 0.1000000015
122187  44.260  24.171  -0.905 0.1000000015
122803  35.506  24.455  14.056 0.1000000015
122804  34.803  24.909  13.990 0.1000000015
122806  39.051  24.833  12.326 0.1000000015
122813  38.684  24.129  11.750 0.1000000015
122829  40.958  24.968  8.296 0.1000000015
122843  40.951  24.007  8.060 0.1000000015
122911  43.305  24.323  -0.066 0.1000000015
122926  43.168  25.118  -0.082 0.1000000015
123476  32.668  25.845  16.115 0.1000000015
123487  33.172  25.506  15.320 0.1000000015
123501  34.144  25.212  14.222 0.1000000015
123502  33.342  25.092  14.700 0.1000000015
123513  34.663  25.297  13.986 0.1000000015
123521  37.223  25.157  12.699 0.1000000015
123522  36.705  25.097  13.054 0.1000000015
123524  43.228  26.039  11.399 0.1000000015
123528  39.839  24.864  11.985 0.1000000015
123531  42.275  25.984  10.723 0.1000000015
123533  40.650  25.365  10.953 0.1000000015
123552  42.259  25.700  7.186 0.1000000015
123568  45.076  26.508  5.533 0.1000000015
123570  43.093  25.533  6.074 0.1000000015
123584  46.233  26.543  5.157 0.1000000015
123586  44.721  25.963  5.168 0.1000000015
123588  42.914  25.062  5.830 0.1000000015
123609  44.909  24.756  3.834 0.1000000015
124189  34.164  26.571  16.545 0.1000000015
124199  43.235  27.072  15.435 0.1000000015
124201  34.768  26.798  15.594 0.1000000015
124203  33.656  26.086  15.522 0.1000000015
124204  32.382  25.915  16.257 0.1000000015
124205  31.719  26.072  16.154 0.1000000015
124225  34.240  26.159  14.680 0.1000000015
124239  38.797  26.978  13.333 0.1000000015
124240  36.815  26.392  12.968 0.1000000015
124247  44.535  27.102  11.495 0.1000000015
124249  43.334  26.009  13.053 0.1000000015
124250  39.316  26.078  12.885 0.1000000015
124257  43.130  26.047  11.101 0.1000000015
124262  42.837  26.151  10.543 0.1000000015
124263  42.174  26.057  10.454 0.1000000015
124270  44.479  27.008  7.771 0.1000000015
124290  46.452  27.070  5.955 0.1000000015
124291  45.667  26.804  5.943 0.1000000015
124308  47.226  27.049  4.929 0.1000000015
124310  46.157  26.731  5.503 0.1000000015
124311  44.552  26.265  5.576 0.1000000015
124876  40.316  27.982  17.782 0.1000000015
124880  34.718  27.494  17.314 0.1000000015
124892  37.207  27.896  16.732 0.1000000015
124896  33.284  26.742  16.909 0.1000000015
124929  41.479  27.184  15.340 0.1000000015
124934  35.983  27.387  14.665 0.1000000015
124935  35.347  27.016  14.744 0.1000000015
124953  35.248  26.750  14.393 0.1000000015
124975  45.220  28.409  8.590 0.1000000015
124979  45.348  28.284  8.220 0.1000000015
124980  45.124  27.628  8.090 0.1000000015
124983  46.200  28.069  6.732 0.1000000015
125002  47.064  27.444  5.012 0.1000000015
125543  39.659  28.031  17.698 0.1000000015
125549  32.919  27.176  16.738 0.1000000015
125560  38.762  28.042  16.516 0.1000000015
125682  46.956  27.776  4.973 0.1000000015
