#!ascii label  , from subject sub-01 vox2ras=TkReg
3474
42297  3.832  -51.558  39.551 0.6250000000
43417  3.567  -50.950  39.427 0.6250000000
44522  3.678  -50.181  39.706 0.5000000000
44523  3.398  -50.162  39.339 0.5000000000
42298  3.336  -51.798  39.593 0.6250000000
43425  2.965  -51.391  39.223 0.5000000000
41184  4.074  -53.331  39.612 0.6250000000
42309  3.593  -52.496  39.739 0.6250000000
42310  2.962  -52.530  39.734 0.5000000000
43435  2.555  -51.834  39.023 0.2500000000
41185  3.305  -53.427  39.901 0.5000000000
42323  2.514  -52.584  39.139 0.2500000000
42324  2.441  -52.040  38.840 0.2500000000
41186  2.803  -53.524  39.567 0.3750000000
41197  2.471  -53.801  38.971 0.2500000000
42336  2.326  -53.079  38.727 0.2500000000
41209  2.373  -53.501  38.161 0.2500000000
44518  6.283  -49.190  40.425 0.6250000000
43413  5.506  -50.283  39.648 0.6250000000
44519  5.767  -49.511  40.279 0.6250000000
44528  5.959  -49.940  39.688 0.6250000000
43423  5.468  -50.744  39.181 0.6250000000
43424  5.217  -50.781  39.420 0.6250000000
43414  4.956  -50.522  39.745 0.6250000000
44521  4.654  -49.999  40.042 0.6250000000
43416  4.074  -50.511  39.755 0.6250000000
42295  4.751  -50.958  39.509 0.6250000000
42296  4.388  -51.237  39.532 0.6250000000
42306  5.396  -51.613  38.870 0.6250000000
42307  4.910  -51.669  39.296 0.6250000000
42322  5.318  -52.515  38.749 0.6250000000
41183  4.497  -52.645  39.447 0.6250000000
42308  4.198  -52.192  39.513 0.6250000000
43444  2.611  -51.372  37.844 0.2500000000
43436  2.708  -51.363  38.603 0.2500000000
43426  3.011  -50.925  38.796 0.3750000000
41195  4.735  -53.258  39.139 0.7500000000
42364  2.423  -52.913  36.848 0.2500000000
42351  2.409  -52.250  37.485 0.2500000000
42337  2.382  -52.379  38.372 0.2500000000
39969  3.580  -54.204  39.588 0.5000000000
41210  2.342  -52.853  37.772 0.2500000000
39971  2.887  -54.376  39.312 0.5000000000
39989  2.580  -54.559  38.309 0.3750000000
40003  2.532  -54.415  37.418 0.2500000000
37822  4.758  -56.832  38.693 0.2500000000
36662  3.765  -57.390  39.106 0.3750000000
37830  5.201  -56.485  38.021 0.2500000000
37823  4.012  -56.581  39.050 0.3750000000
35478  3.298  -57.911  38.416 0.3750000000
35482  3.113  -57.847  37.663 0.3750000000
46726  7.981  -47.576  41.034 0.6250000000
45671  6.934  -48.899  40.204 0.6250000000
44527  6.365  -49.334  40.194 0.6250000000
44537  6.445  -49.512  39.614 0.6250000000
44547  6.375  -49.640  38.871 0.7500000000
44538  6.073  -50.107  38.958 0.7500000000
43434  5.595  -51.030  38.628 0.7500000000
43453  2.500  -51.317  37.041 0.2500000000
44548  5.855  -50.399  38.329 1.0000000000
41196  4.367  -53.754  39.329 0.6250000000
43462  2.327  -51.132  36.092 0.2500000000
42365  2.341  -52.347  36.554 0.2500000000
42335  5.486  -52.797  37.974 0.8750000000
39976  4.171  -54.393  39.220 0.5000000000
41223  2.437  -53.334  37.225 0.2500000000
41208  5.198  -53.541  38.321 0.7500000000
38913  3.346  -54.738  39.264 0.6250000000
38927  2.852  -55.429  38.428 0.3750000000
41239  2.350  -53.275  36.447 0.2500000000
39988  4.328  -54.895  38.813 0.6250000000
40016  2.397  -54.225  36.383 0.2500000000
40002  5.203  -54.473  37.709 0.5000000000
38925  5.068  -55.453  37.976 0.3750000000
38920  3.636  -55.553  38.965 0.5000000000
38919  4.188  -55.555  38.902 0.5000000000
38918  4.732  -55.931  38.461 0.3750000000
46732  8.068  -47.733  40.532 0.6250000000
45670  7.602  -48.438  40.039 0.6250000000
45678  6.928  -48.981  39.446 0.6250000000
42372  2.303  -52.136  35.479 0.2500000000
43443  5.769  -51.324  37.968 1.0000000000
41266  2.627  -53.060  33.997 0.2500000000
41254  2.335  -53.041  34.887 0.2500000000
42334  5.625  -52.135  37.624 1.0000000000
41240  2.248  -53.063  35.758 0.2500000000
42362  5.515  -52.433  35.914 0.8750000000
42363  5.436  -52.854  36.440 0.5000000000
41222  5.358  -53.635  37.381 0.6250000000
40051  2.504  -54.416  35.011 0.2500000000
40032  2.329  -54.261  35.597 0.2500000000
42349  5.426  -52.873  37.115 0.5000000000
44621  6.553  -50.946  32.286 0.3750000000
42386  6.197  -52.450  32.839 0.1250000000
42378  5.740  -52.316  33.757 0.3750000000
42371  5.555  -52.412  34.798 0.3750000000
41238  5.465  -53.634  36.316 0.2500000000
44609  6.316  -50.688  32.946 0.5000000000
44620  6.760  -50.138  32.085 0.5000000000
46730  9.458  -46.994  40.015 0.5000000000
46738  9.014  -47.456  39.359 0.5000000000
46739  8.235  -47.924  39.707 0.6250000000
45685  6.729  -48.940  38.558 0.7500000000
46748  8.720  -47.301  38.343 0.7500000000
46749  8.140  -47.828  38.701 0.7500000000
44559  6.097  -49.660  37.951 1.0000000000
43452  5.821  -51.592  37.282 1.0000000000
45684  7.203  -48.180  38.126 0.8750000000
44571  6.476  -49.836  37.047 1.0000000000
44560  6.067  -50.714  37.357 1.0000000000
43461  5.907  -51.507  36.534 1.0000000000
44583  6.261  -50.626  35.196 0.7500000000
45710  6.504  -49.821  35.119 0.7500000000
45730  7.700  -48.809  31.569 0.3750000000
45738  7.499  -49.599  31.435 0.5000000000
45719  6.558  -49.642  34.436 0.7500000000
45737  8.090  -49.109  30.928 0.2500000000
44636  7.444  -50.369  31.407 0.3750000000
45731  7.268  -49.009  32.132 0.5000000000
44608  6.563  -49.871  33.353 0.5000000000
43484  5.980  -51.430  33.413 0.5000000000
47879  10.918  -46.557  39.986 0.5000000000
47895  10.036  -47.059  39.460 0.5000000000
47894  10.700  -46.635  38.974 0.5000000000
47912  9.480  -47.278  38.769 0.7500000000
45691  7.041  -48.280  36.961 0.8750000000
45692  6.585  -48.969  37.491 1.0000000000
46774  7.280  -47.630  36.134 0.7500000000
45700  5.976  -48.956  36.147 0.8750000000
46790  7.297  -47.505  34.902 0.8750000000
45709  6.703  -49.053  34.946 0.7500000000
46809  6.933  -48.289  34.436 0.8750000000
45718  6.691  -49.132  33.952 0.8750000000
46842  7.351  -48.447  32.765 0.6250000000
45725  6.991  -49.170  32.986 0.6250000000
46847  8.607  -48.205  30.796 0.5000000000
46840  8.405  -47.617  31.630 0.6250000000
46841  7.793  -48.147  32.132 0.6250000000
46828  7.120  -48.348  33.510 0.8750000000
50483  11.438  -44.952  38.225 0.6250000000
47910  10.344  -46.248  38.075 0.6250000000
47925  10.268  -46.091  37.263 0.7500000000
47926  9.850  -46.452  37.491 0.7500000000
49237  11.014  -45.355  36.870 0.6250000000
47939  10.363  -45.777  36.725 0.7500000000
47928  8.662  -46.949  37.238 0.7500000000
47957  8.889  -46.373  35.546 0.8750000000
47958  8.110  -46.987  35.280 0.8750000000
46808  7.400  -47.597  33.935 0.8750000000
49362  9.327  -47.039  30.335 0.3750000000
48051  9.097  -47.027  30.967 0.7500000000
46827  7.743  -47.680  33.081 0.7500000000
49380  10.517  -46.656  28.908 0.1250000000
49361  9.705  -46.763  29.858 0.5000000000
50493  11.312  -45.096  37.146 0.6250000000
51580  11.502  -44.250  37.947 0.5000000000
49251  10.592  -45.364  36.408 0.7500000000
47955  10.101  -45.409  36.035 0.8750000000
49267  10.596  -45.232  35.402 0.7500000000
47974  9.496  -45.929  34.712 0.8750000000
49282  10.774  -45.442  34.383 0.8750000000
47975  8.744  -46.487  34.439 1.0000000000
48021  10.217  -45.751  32.970 1.0000000000
47995  8.590  -46.875  33.284 1.0000000000
47996  7.896  -47.232  33.610 0.8750000000
48049  10.197  -45.841  32.152 0.7500000000
49359  11.382  -45.547  30.548 0.7500000000
49331  10.666  -45.969  31.312 0.7500000000
48050  9.635  -46.207  31.642 0.7500000000
49393  11.475  -46.473  28.062 0.2500000000
49379  11.268  -45.726  29.365 0.6250000000
51599  11.490  -44.285  36.679 0.5000000000
51579  11.531  -44.402  37.371 0.5000000000
50511  11.657  -44.530  34.810 0.8750000000
51615  11.561  -44.041  35.605 0.5000000000
50518  11.966  -44.532  33.494 0.8750000000
49281  11.348  -45.281  33.873 1.0000000000
49280  11.698  -45.015  33.519 0.8750000000
49294  10.961  -45.493  33.235 1.0000000000
49293  11.466  -45.096  32.988 1.0000000000
49309  10.897  -45.689  32.243 1.0000000000
49330  11.445  -45.467  31.416 0.7500000000
49378  11.980  -45.180  29.977 0.7500000000
49392  11.930  -45.377  28.710 0.8750000000
53689  12.290  -42.521  35.162 0.6250000000
52616  11.500  -43.602  37.408 0.5000000000
51624  12.162  -43.896  34.249 0.7500000000
51651  12.476  -43.900  31.552 0.8750000000
50525  11.806  -44.575  32.610 0.8750000000
50534  12.270  -44.440  31.501 0.8750000000
49307  11.677  -44.814  32.121 1.0000000000
50546  12.682  -44.747  30.881 1.0000000000
49328  12.089  -44.755  31.420 1.0000000000
50590  13.158  -44.386  29.160 0.8750000000
50570  12.550  -44.969  30.420 1.0000000000
49358  12.023  -45.199  30.780 1.0000000000
50606  12.568  -44.908  28.364 0.8750000000
50591  12.531  -44.784  29.551 0.8750000000
52841  21.060  -43.835  22.752 0.1250000000
51805  19.356  -44.561  22.176 0.5000000000
53863  19.928  -42.585  21.445 0.3750000000
52848  18.135  -43.304  22.147 0.7500000000
52680  12.495  -43.007  33.268 0.7500000000
51642  12.332  -43.604  32.181 0.8750000000
50524  12.020  -44.145  32.431 0.8750000000
51657  13.596  -43.694  30.456 0.8750000000
51650  13.033  -43.496  30.967 0.8750000000
50533  12.976  -44.177  30.967 0.8750000000
50568  13.706  -44.284  29.601 1.0000000000
50545  13.387  -44.295  30.320 1.0000000000
50589  13.892  -44.256  28.749 0.8750000000
51743  14.803  -44.110  26.461 0.7500000000
50604  13.954  -44.211  27.799 0.8750000000
54845  20.651  -41.228  21.359 0.2500000000
54834  21.152  -41.826  21.574 0.2500000000
55876  20.277  -40.701  21.293 0.5000000000
54847  19.242  -41.546  21.611 0.6250000000
53853  18.571  -41.983  21.941 0.7500000000
53855  17.712  -42.919  22.551 0.7500000000
52717  13.764  -42.735  30.396 0.8750000000
52708  12.914  -42.867  31.072 0.8750000000
52728  14.063  -43.257  30.006 0.8750000000
52756  15.082  -42.912  28.321 0.8750000000
51671  14.427  -43.257  29.443 0.8750000000
52774  14.900  -43.436  27.478 0.7500000000
51705  14.826  -43.399  28.047 0.8750000000
52795  15.781  -42.550  25.771 0.7500000000
52797  14.914  -43.497  27.092 0.7500000000
52814  16.161  -42.868  24.700 0.7500000000
52815  15.676  -43.533  25.265 0.7500000000
55856  17.803  -40.897  23.533 0.7500000000
54822  17.294  -41.356  23.998 0.7500000000
53839  16.749  -42.134  24.125 0.7500000000
57107  19.918  -39.229  21.714 0.7500000000
57108  19.395  -39.871  22.187 0.8750000000
55865  18.903  -40.547  22.629 0.8750000000
54828  18.245  -41.036  22.885 0.7500000000
53847  17.416  -42.387  23.171 0.7500000000
53774  15.288  -41.823  29.643 0.8750000000
53759  14.434  -42.122  30.094 0.8750000000
52727  14.461  -42.606  29.811 0.8750000000
52740  15.049  -42.523  29.023 0.8750000000
52772  15.621  -42.295  26.918 0.7500000000
52755  15.561  -42.158  28.183 0.8750000000
52773  15.151  -43.061  27.543 0.7500000000
53825  16.797  -41.256  25.691 0.7500000000
53826  16.464  -42.011  25.263 0.7500000000
55846  17.761  -40.533  24.330 0.8750000000
53838  16.941  -41.525  24.850 0.7500000000
58288  19.773  -38.007  23.190 0.8750000000
57088  19.654  -39.014  22.755 0.8750000000
57089  19.136  -39.705  23.231 0.8750000000
55855  18.349  -40.238  23.569 0.8750000000
58145  26.849  -36.596  34.288 0.3750000000
58147  25.490  -36.985  33.581 0.6250000000
58165  24.465  -36.870  32.748 0.6250000000
60451  29.042  -35.588  34.528 0.5000000000
60465  27.413  -35.214  33.622 0.6250000000
59338  26.312  -36.008  33.395 0.6250000000
59340  25.059  -36.407  32.372 0.7500000000
59341  24.368  -36.511  32.099 0.8750000000
58180  23.070  -36.546  32.020 0.7500000000
58167  22.621  -37.083  32.405 0.6250000000
58183  20.136  -37.359  30.769 0.8750000000
58184  19.015  -37.465  30.469 0.8750000000
58185  17.678  -37.406  30.130 0.8750000000
61657  29.164  -33.880  33.278 0.7500000000
61669  27.615  -34.202  32.609 0.7500000000
61670  26.240  -34.960  31.921 0.6250000000
60498  25.361  -35.700  31.536 1.0000000000
59354  24.230  -36.146  31.533 1.0000000000
59355  23.153  -35.990  31.405 1.0000000000
59357  21.351  -36.428  30.480 0.8750000000
58196  20.558  -36.771  30.246 0.8750000000
58199  17.348  -37.818  29.152 0.8750000000
54770  15.441  -41.211  29.941 0.8750000000
61668  29.536  -33.361  31.835 0.8750000000
61682  26.933  -34.089  30.945 0.8750000000
61683  25.573  -35.051  31.137 0.8750000000
60499  24.881  -35.831  31.229 1.0000000000
59372  22.613  -35.699  30.786 1.0000000000
59373  21.912  -35.831  30.258 0.8750000000
58211  19.562  -36.821  29.373 0.8750000000
56966  18.911  -37.085  29.328 0.8750000000
58213  17.668  -37.754  28.616 0.8750000000
56968  16.703  -39.032  29.014 0.8750000000
55790  16.576  -39.594  28.920 0.8750000000
55771  16.116  -40.508  29.804 0.8750000000
52739  15.464  -42.097  28.861 0.8750000000
61680  30.055  -33.886  30.400 0.8750000000
61696  26.691  -33.900  30.380 0.8750000000
61697  26.111  -34.174  30.403 0.8750000000
61699  24.141  -34.790  29.929 1.0000000000
60520  22.227  -35.340  29.755 1.0000000000
59389  20.728  -36.150  28.872 1.0000000000
57007  19.494  -36.765  28.744 0.8750000000
56988  18.133  -37.478  28.349 0.8750000000
56989  17.284  -38.478  28.186 0.8750000000
55807  16.698  -39.615  28.476 0.8750000000
54786  16.305  -40.812  28.094 0.8750000000
54778  16.232  -40.941  28.827 0.8750000000
62892  28.672  -33.025  28.986 1.0000000000
62910  26.274  -33.175  28.744 0.8750000000
62911  24.755  -33.731  29.053 0.8750000000
61728  23.611  -34.180  28.591 1.0000000000
60537  22.031  -35.106  29.061 1.0000000000
59402  21.283  -35.523  28.519 1.0000000000
58223  19.535  -36.755  27.134 1.0000000000
57029  18.797  -37.590  26.584 0.8750000000
57009  17.897  -38.213  27.158 0.7500000000
54793  17.210  -39.729  26.671 0.7500000000
54795  16.429  -40.695  27.604 0.8750000000
53798  16.195  -41.261  27.340 0.7500000000
61727  29.302  -33.018  26.845 1.0000000000
62926  27.036  -32.294  27.478 1.0000000000
62928  24.002  -33.594  28.080 1.0000000000
60555  22.582  -34.698  28.727 1.0000000000
59419  21.064  -35.286  27.685 1.0000000000
59403  20.446  -36.037  27.718 1.0000000000
57030  18.413  -38.629  25.973 0.7500000000
55825  17.664  -39.212  26.284 0.7500000000
54794  16.680  -40.453  27.072 0.7500000000
53797  16.454  -40.891  26.990 0.7500000000
60612  30.533  -34.227  24.168 1.0000000000
61757  28.979  -32.778  25.360 1.0000000000
62941  28.131  -32.596  26.267 1.0000000000
64015  25.863  -32.260  26.869 0.8750000000
62943  24.520  -32.789  27.472 1.0000000000
62945  22.952  -33.537  26.706 1.0000000000
60575  20.949  -34.867  26.505 1.0000000000
59421  20.033  -36.331  26.045 0.8750000000
58233  19.289  -37.041  26.102 0.8750000000
55833  18.025  -39.435  25.442 0.7500000000
54805  17.198  -40.406  26.050 0.7500000000
61791  29.465  -33.525  23.432 1.0000000000
62972  27.813  -32.417  24.385 0.8750000000
62958  26.995  -32.287  25.007 0.8750000000
64041  23.945  -32.569  25.708 0.8750000000
62960  22.626  -33.509  25.724 0.8750000000
61759  21.712  -34.211  25.668 0.8750000000
59437  20.386  -36.006  25.304 0.8750000000
58268  19.707  -37.639  24.360 0.8750000000
57048  19.213  -38.050  25.373 0.8750000000
55845  18.186  -39.802  24.569 0.8750000000
55834  17.779  -40.200  25.249 0.7500000000
62990  28.155  -32.550  23.283 1.0000000000
62973  27.026  -32.423  24.037 0.8750000000
64054  25.078  -32.333  24.026 0.8750000000
64056  22.976  -32.799  24.062 0.8750000000
61774  21.678  -34.352  24.474 0.8750000000
60613  20.893  -35.561  24.537 0.8750000000
59484  20.166  -36.967  23.545 0.8750000000
57066  19.231  -38.696  23.956 0.8750000000
57067  18.690  -39.478  24.023 0.8750000000
61775  21.393  -35.139  23.948 0.8750000000
60463  30.271  -34.364  33.337 0.7500000000
60462  31.327  -34.403  32.611 0.7500000000
60479  31.164  -34.265  31.604 0.7500000000
61667  30.646  -34.058  30.992 0.8750000000
61679  30.820  -34.486  29.963 1.0000000000
61694  30.681  -34.195  29.310 1.0000000000
60534  30.979  -34.428  28.372 1.0000000000
61710  29.758  -33.317  28.206 1.0000000000
60554  30.787  -34.429  27.413 1.0000000000
61725  30.315  -33.855  27.335 1.0000000000
60591  30.961  -34.714  25.449 1.0000000000
61741  30.144  -33.775  26.595 1.0000000000
60611  30.888  -34.634  24.362 1.0000000000
60497  31.246  -34.608  30.340 0.8750000000
60514  31.690  -34.781  29.725 0.8750000000
60532  31.657  -34.632  28.794 1.0000000000
60552  31.558  -34.774  27.832 1.0000000000
60571  31.461  -34.769  26.825 1.0000000000
60610  31.274  -34.824  24.574 1.0000000000
60646  31.125  -35.105  22.499 1.0000000000
60645  31.598  -35.007  22.117 0.8750000000
61854  31.997  -35.069  20.226 0.8750000000
63043  32.588  -34.523  20.199 0.7500000000
63060  32.848  -34.127  19.755 0.7500000000
60494  32.392  -34.412  30.569 0.8750000000
60495  32.222  -34.480  30.827 0.8750000000
60512  32.315  -34.516  30.297 0.8750000000
60513  31.926  -34.926  30.026 1.0000000000
60550  32.094  -34.476  28.654 1.0000000000
60531  32.030  -34.647  29.238 1.0000000000
60551  31.828  -34.652  28.139 1.0000000000
60588  32.048  -34.440  26.510 1.0000000000
61770  32.455  -34.358  24.908 1.0000000000
60570  31.748  -34.608  27.163 1.0000000000
60608  32.151  -34.627  25.448 1.0000000000
61789  31.905  -34.289  23.381 1.0000000000
60609  31.753  -34.889  24.945 1.0000000000
60628  32.065  -34.545  24.347 1.0000000000
61788  32.264  -34.105  23.871 1.0000000000
60629  31.522  -34.645  23.462 1.0000000000
61825  32.530  -34.535  21.966 1.0000000000
61826  32.105  -35.086  21.498 1.0000000000
61853  32.663  -34.690  21.031 1.0000000000
63042  32.995  -34.190  20.711 0.7500000000
65205  32.715  -33.014  19.956 0.6250000000
63073  32.967  -34.286  18.489 0.6250000000
64143  33.114  -33.436  18.371 0.6250000000
61676  32.843  -33.989  30.501 0.6250000000
62891  32.950  -33.795  30.051 0.8750000000
61677  32.581  -34.235  30.718 0.6250000000
61692  32.532  -34.277  30.072 0.7500000000
62907  32.859  -33.694  29.105 1.0000000000
62906  33.106  -33.310  28.617 1.0000000000
61708  32.426  -34.195  29.240 1.0000000000
61739  32.558  -33.937  27.528 1.0000000000
62940  32.824  -33.599  27.016 1.0000000000
61724  32.353  -34.222  28.102 1.0000000000
61740  32.301  -34.200  26.988 1.0000000000
62956  32.744  -33.618  25.888 1.0000000000
61753  32.503  -33.924  26.424 1.0000000000
61787  32.574  -33.997  24.555 1.0000000000
63003  32.433  -33.544  22.916 1.0000000000
62988  32.250  -33.838  23.122 1.0000000000
63023  32.700  -33.694  22.228 1.0000000000
63004  32.550  -34.001  22.396 1.0000000000
64103  32.773  -33.550  21.709 1.0000000000
63024  32.922  -34.117  21.613 1.0000000000
64104  33.016  -33.849  21.165 0.8750000000
65192  32.650  -33.269  21.713 0.7500000000
64123  32.886  -33.588  20.630 0.7500000000
65193  32.464  -33.132  21.105 0.7500000000
65194  32.242  -32.819  20.384 0.6250000000
65206  32.337  -32.494  19.583 0.6250000000
64002  33.419  -32.832  29.115 0.8750000000
62922  32.982  -33.311  27.770 0.8750000000
64027  33.250  -32.638  26.792 0.8750000000
62955  33.022  -33.179  26.336 0.8750000000
64038  33.238  -32.673  25.767 1.0000000000
62971  32.808  -33.590  24.829 1.0000000000
64068  32.585  -32.977  23.657 1.0000000000
65161  32.581  -32.658  23.133 1.0000000000
65178  32.628  -33.060  22.313 0.8750000000
66240  32.569  -32.792  22.201 0.7500000000
66241  32.312  -32.454  21.759 0.7500000000
66254  32.139  -32.738  20.963 0.6250000000
66255  31.839  -32.218  20.512 0.6250000000
65092  33.562  -32.225  28.645 0.8750000000
66168  33.549  -31.681  28.013 0.8750000000
67283  33.012  -30.882  25.678 1.0000000000
65123  33.491  -32.083  26.275 1.0000000000
66189  33.418  -31.537  25.854 1.0000000000
68440  32.746  -30.806  25.371 1.0000000000
64051  32.999  -32.827  24.672 1.0000000000
65133  33.373  -32.084  25.186 1.0000000000
67297  33.051  -31.410  25.254 1.0000000000
67298  32.840  -31.281  25.077 1.0000000000
65147  32.658  -32.247  24.042 1.0000000000
67313  32.658  -31.501  24.445 1.0000000000
64083  32.599  -33.241  22.622 1.0000000000
66214  32.550  -31.890  23.672 1.0000000000
66215  32.345  -31.508  23.557 1.0000000000
66226  32.531  -32.460  22.669 1.0000000000
66227  32.245  -31.628  22.822 0.8750000000
66242  31.655  -31.543  21.787 0.6250000000
67342  30.854  -30.905  22.035 0.7500000000
66256  31.240  -31.503  20.724 0.6250000000
67352  30.710  -31.032  21.019 0.6250000000
68479  30.183  -30.148  22.141 0.6250000000
67299  32.592  -31.180  24.679 1.0000000000
67314  32.332  -31.165  24.147 1.0000000000
66228  31.813  -31.287  22.571 1.0000000000
67341  31.457  -31.101  22.503 0.8750000000
68471  30.642  -30.207  22.812 0.8750000000
69546  30.311  -29.697  22.676 0.8750000000
68441  32.393  -30.514  24.934 1.0000000000
69507  31.926  -29.426  25.025 1.0000000000
69515  31.914  -29.921  24.622 1.0000000000
67315  31.943  -30.781  23.817 1.0000000000
69508  31.490  -29.051  24.740 1.0000000000
68454  31.527  -30.243  23.822 1.0000000000
69532  31.156  -29.770  23.734 1.0000000000
69533  30.614  -29.253  23.304 0.8750000000
69547  29.858  -29.183  22.258 0.7500000000
70572  31.695  -28.717  25.595 1.0000000000
70573  31.454  -28.694  25.076 1.0000000000
69516  31.372  -29.395  24.245 1.0000000000
70581  31.177  -28.647  24.685 1.0000000000
69517  30.856  -28.879  23.920 1.0000000000
70593  30.422  -28.392  23.817 1.0000000000
69534  30.010  -28.738  22.876 0.8750000000
70605  29.709  -28.194  22.541 0.7500000000
71753  29.445  -27.600  22.179 0.8750000000
71737  28.951  -26.392  22.420 0.8750000000
72902  28.361  -25.495  20.862 0.8750000000
72919  28.591  -25.390  18.188 0.6250000000
71658  31.612  -27.433  27.770 0.8750000000
70567  31.787  -28.440  26.369 1.0000000000
71683  31.456  -27.941  25.853 1.0000000000
71672  31.211  -26.791  26.631 1.0000000000
71696  31.054  -27.901  25.145 1.0000000000
71684  31.027  -27.004  26.045 1.0000000000
71714  30.152  -27.521  24.389 1.0000000000
71713  30.808  -28.182  24.637 1.0000000000
72867  30.130  -26.531  24.994 1.0000000000
71735  29.933  -27.900  23.689 1.0000000000
71736  29.412  -27.220  23.092 1.0000000000
72869  29.240  -25.705  23.687 1.0000000000
72894  28.702  -25.548  21.926 0.8750000000
72885  28.944  -25.863  23.014 0.8750000000
73951  28.756  -24.484  21.577 1.0000000000
72895  28.508  -24.928  21.287 1.0000000000
73966  29.435  -23.803  19.609 0.7500000000
73967  28.959  -24.480  19.004 0.7500000000
73958  28.827  -24.252  20.469 0.8750000000
72770  31.313  -26.635  28.324 0.7500000000
72788  31.283  -26.775  27.420 0.7500000000
72809  31.322  -26.788  26.933 0.8750000000
72830  30.963  -26.545  26.505 0.8750000000
72811  30.666  -25.592  27.225 0.8750000000
72831  30.523  -26.027  26.347 0.8750000000
73905  30.320  -25.059  26.796 0.8750000000
72848  30.331  -26.275  25.619 1.0000000000
72832  30.114  -25.742  25.846 0.8750000000
72849  29.853  -25.744  25.286 1.0000000000
72868  29.523  -26.127  24.373 1.0000000000
73935  29.233  -24.948  23.378 1.0000000000
75065  29.178  -23.933  22.219 1.0000000000
73944  28.972  -24.803  22.546 1.0000000000
75098  29.701  -23.369  20.259 0.8750000000
75099  29.321  -23.588  20.793 1.0000000000
75081  29.185  -23.733  21.354 1.0000000000
73957  29.314  -23.789  20.107 0.7500000000
72757  31.524  -26.261  29.332 0.7500000000
72771  31.084  -25.750  28.661 0.7500000000
72789  30.884  -26.120  27.791 0.8750000000
72790  30.701  -25.227  28.032 0.8750000000
72772  30.879  -24.884  28.834 0.8750000000
73879  30.584  -24.119  28.211 0.8750000000
73892  30.428  -24.681  27.451 0.8750000000
73880  30.366  -23.810  27.506 0.8750000000
73906  29.859  -24.782  25.985 0.8750000000
76219  30.861  -22.027  26.107 0.8750000000
75015  30.155  -23.096  26.264 1.0000000000
73917  29.459  -24.794  24.667 1.0000000000
75026  29.689  -23.407  25.090 1.0000000000
75037  29.513  -23.688  23.772 1.0000000000
75038  29.378  -24.343  23.517 1.0000000000
75055  29.704  -23.486  22.719 1.0000000000
75056  29.346  -24.194  23.028 1.0000000000
76323  30.928  -22.536  21.305 1.0000000000
76304  30.885  -22.373  22.145 1.0000000000
76284  30.311  -22.857  23.055 1.0000000000
75112  31.023  -22.866  19.168 0.8750000000
75097  30.668  -22.777  19.984 0.8750000000
72745  31.632  -25.123  30.216 0.6250000000
72758  31.367  -25.217  29.581 0.6250000000
72759  31.075  -24.665  29.315 0.8750000000
73864  30.863  -24.084  29.085 0.7500000000
76178  32.006  -22.202  29.471 0.8750000000
74974  31.168  -23.265  29.554 0.8750000000
76192  32.536  -21.657  28.544 0.8750000000
76193  31.577  -22.183  28.361 0.8750000000
74988  30.966  -23.160  28.662 0.8750000000
75003  30.790  -22.906  27.743 0.8750000000
77420  33.416  -21.171  27.547 0.5000000000
76206  32.420  -21.596  27.749 0.7500000000
76207  31.590  -21.901  27.353 0.8750000000
75004  30.431  -23.259  27.066 0.8750000000
73893  30.065  -24.121  26.927 0.8750000000
77434  33.504  -21.121  26.971 0.7500000000
76217  32.626  -21.392  26.894 0.7500000000
75014  30.805  -22.360  26.882 0.8750000000
77453  33.415  -21.020  26.391 0.5000000000
77435  33.108  -21.057  26.550 0.8750000000
76232  31.663  -21.653  25.418 0.8750000000
76233  30.478  -22.182  25.276 1.0000000000
77452  33.923  -21.114  26.225 0.8750000000
76231  32.952  -21.069  25.825 1.0000000000
76254  30.187  -22.428  24.110 1.0000000000
76252  32.603  -21.472  24.507 1.0000000000
76253  31.336  -21.721  24.328 1.0000000000
76282  32.206  -21.410  23.351 1.0000000000
76283  31.100  -22.001  23.207 1.0000000000
75078  31.239  -22.485  20.629 1.0000000000
75096  31.621  -22.664  19.897 1.0000000000
75077  32.090  -22.131  20.516 1.0000000000
75124  31.289  -23.073  18.424 0.7500000000
75146  31.337  -23.444  17.677 0.7500000000
73831  32.008  -25.288  31.127 0.5000000000
73832  31.736  -24.666  30.726 0.6250000000
74962  31.401  -23.881  30.273 0.6250000000
73849  31.520  -24.781  30.100 0.6250000000
76160  32.230  -22.848  31.210 0.5000000000
74973  31.585  -23.024  30.177 0.7500000000
77404  34.876  -20.765  28.607 0.5000000000
77419  33.966  -20.952  27.872 0.5000000000
76191  33.330  -21.433  28.628 0.5000000000
77418  35.172  -20.603  27.717 0.5000000000
77433  34.475  -20.879  26.890 0.5000000000
76230  34.190  -20.953  25.469 0.5000000000
76251  33.774  -20.974  24.614 1.0000000000
76321  32.590  -21.746  21.320 1.0000000000
75111  31.893  -22.750  19.124 0.8750000000
75095  32.500  -22.468  19.818 1.0000000000
72966  33.846  -25.571  14.692 0.1250000000
74025  32.214  -24.645  15.495 0.2500000000
74005  31.855  -23.979  16.370 0.5000000000
75145  32.108  -23.292  17.306 0.5000000000
75123  32.056  -22.936  18.319 0.8750000000
75194  32.451  -23.631  15.774 0.2500000000
75175  32.408  -23.236  16.602 0.5000000000
74953  32.184  -23.664  31.600 0.3750000000
77358  32.522  -22.423  31.443 0.5000000000
76167  32.118  -22.629  30.470 0.6250000000
77390  32.485  -21.995  30.264 0.7500000000
77371  33.556  -21.031  30.327 0.3750000000
77372  32.865  -21.511  30.719 0.3750000000
77369  35.322  -20.636  30.003 0.2500000000
77388  33.815  -21.115  29.523 0.3750000000
77389  32.919  -21.454  29.752 0.3750000000
78565  36.094  -20.320  29.864 0.2500000000
77370  34.406  -20.795  30.096 0.3750000000
76177  32.845  -21.641  29.075 0.3750000000
77386  35.620  -20.516  29.296 0.2500000000
77405  33.922  -21.192  28.745 0.5000000000
77403  36.001  -20.411  28.494 0.3750000000
77451  34.904  -20.952  25.868 0.5000000000
76229  34.679  -20.894  25.397 0.7500000000
76281  33.442  -21.257  23.473 1.0000000000
75076  33.060  -22.018  20.458 1.0000000000
75110  32.738  -22.557  19.050 0.8750000000
75094  33.366  -22.292  19.732 1.0000000000
72965  34.514  -25.803  14.605 0.1250000000
71881  35.265  -26.195  14.514 0.1250000000
72979  33.915  -24.698  14.590 0.1250000000
76152  32.815  -22.806  32.716 0.2500000000
79707  38.407  -18.798  34.133 0.2500000000
77346  33.293  -21.740  32.849 0.1250000000
79725  38.809  -18.848  33.274 0.2500000000
77357  32.818  -21.887  31.745 0.1250000000
76159  32.512  -22.880  31.858 0.3750000000
79726  37.845  -18.974  33.233 0.2500000000
78513  37.228  -19.535  32.236 0.2500000000
78514  35.982  -19.605  32.743 0.2500000000
78515  34.613  -20.307  32.723 0.2500000000
78534  34.224  -20.586  31.644 0.2500000000
78496  38.537  -19.094  32.805 0.2500000000
79740  37.623  -19.343  32.654 0.2500000000
78532  36.568  -19.692  31.510 0.2500000000
78533  35.359  -20.026  31.636 0.2500000000
78552  34.073  -20.680  30.778 0.2500000000
77356  33.442  -21.057  31.205 0.3750000000
78512  38.288  -19.573  32.296 0.2500000000
78551  34.867  -20.343  30.731 0.2500000000
78531  37.689  -19.842  31.326 0.2500000000
78549  37.061  -19.817  30.733 0.2500000000
78550  35.987  -20.076  30.611 0.2500000000
77354  38.061  -20.105  30.623 0.2500000000
77355  37.664  -19.940  30.745 0.2500000000
78564  36.700  -20.025  30.135 0.2500000000
77368  37.477  -20.026  30.250 0.2500000000
77385  36.903  -20.176  29.391 0.2500000000
77417  36.344  -20.552  27.577 0.5000000000
77432  35.559  -20.685  26.785 0.5000000000
77450  35.914  -20.750  25.948 0.5000000000
77473  35.471  -20.774  25.422 0.7500000000
76280  34.692  -20.948  23.625 1.0000000000
76301  34.322  -21.431  22.460 1.0000000000
76320  33.835  -21.643  21.226 1.0000000000
75122  32.913  -22.628  18.222 0.8750000000
75109  33.634  -22.320  19.005 0.8750000000
75193  33.025  -23.049  15.507 0.5000000000
75174  32.757  -22.852  16.324 0.5000000000
75144  33.113  -22.618  17.294 0.8750000000
74039  34.334  -24.204  14.507 0.1250000000
79727  36.883  -19.393  33.837 0.2500000000
78495  39.110  -19.195  32.665 0.2500000000
79741  36.997  -19.284  32.994 0.2500000000
78516  33.839  -20.888  32.501 0.2500000000
78530  38.704  -19.873  31.092 0.2500000000
77367  38.019  -20.286  29.926 0.2500000000
77384  38.001  -20.373  29.079 0.2500000000
77402  37.165  -20.454  28.334 0.3750000000
76249  35.731  -20.599  24.587 0.8750000000
76339  33.875  -22.040  20.325 1.0000000000
76411  33.323  -22.106  16.587 0.6250000000
75121  33.844  -22.182  18.226 0.8750000000
76420  33.385  -22.312  15.313 0.3750000000
78511  39.354  -19.564  31.965 0.2500000000
77431  36.617  -20.796  26.712 0.5000000000
77472  36.107  -20.607  25.020 0.7500000000
77498  36.659  -20.451  24.552 1.0000000000
76279  36.122  -20.525  23.898 1.0000000000
76338  34.695  -21.769  20.488 1.0000000000
76319  35.144  -21.500  21.469 1.0000000000
75093  34.256  -22.138  19.722 1.0000000000
76371  34.277  -21.890  18.236 1.0000000000
77588  33.396  -21.538  15.886 0.7500000000
77581  33.522  -21.317  16.652 0.8750000000
78548  38.581  -20.225  30.333 0.2500000000
77401  38.105  -20.623  28.173 0.5000000000
77430  37.603  -20.733  26.587 0.5000000000
77449  36.869  -20.565  25.869 0.5000000000
76300  35.591  -21.097  22.584 1.0000000000
75108  34.638  -22.066  19.005 1.0000000000
75107  35.141  -21.695  19.385 1.0000000000
76370  34.689  -21.611  18.553 1.0000000000
77580  33.761  -21.073  17.285 1.0000000000
77607  33.665  -21.546  14.875 0.8750000000
77366  38.736  -20.381  29.725 0.2500000000
77383  38.839  -20.338  28.890 0.2500000000
77415  38.306  -20.766  27.296 0.5000000000
77448  37.823  -20.215  25.791 0.5000000000
76278  37.491  -20.412  23.336 1.0000000000
76318  36.407  -21.334  21.622 1.0000000000
76337  35.876  -21.517  20.553 1.0000000000
76354  35.102  -21.525  19.127 1.0000000000
76389  34.773  -21.088  18.253 1.0000000000
78725  33.821  -20.595  16.654 1.0000000000
77565  34.320  -20.907  17.694 1.0000000000
78741  34.119  -20.218  15.604 0.6250000000
78742  33.571  -20.907  15.712 0.7500000000
78760  34.144  -20.715  14.494 0.3750000000
78761  33.716  -20.770  15.100 0.6250000000
78775  36.054  -20.431  13.176 0.1250000000
79967  35.489  -19.406  13.747 0.3750000000
77429  38.498  -20.370  26.449 0.5000000000
77470  38.096  -20.068  24.857 0.5000000000
76298  37.925  -21.003  22.586 1.0000000000
76277  38.523  -20.407  23.148 1.0000000000
77496  38.276  -20.311  24.007 1.0000000000
77497  37.292  -20.307  24.270 1.0000000000
76296  39.559  -20.954  22.807 1.0000000000
76316  38.326  -21.415  21.963 1.0000000000
77528  39.857  -20.593  21.244 1.0000000000
76333  39.635  -21.120  21.580 1.0000000000
76315  39.156  -21.432  22.001 1.0000000000
75073  38.522  -21.595  21.398 1.0000000000
76317  37.516  -21.319  21.735 1.0000000000
76334  38.970  -21.472  21.074 1.0000000000
75090  38.069  -21.646  21.013 1.0000000000
76336  37.341  -21.430  20.884 1.0000000000
76349  39.294  -20.919  21.022 1.0000000000
76350  38.675  -20.903  20.639 1.0000000000
76351  37.750  -20.854  20.243 1.0000000000
76352  36.637  -21.095  20.132 1.0000000000
78674  38.245  -19.910  19.897 1.0000000000
77548  37.545  -20.403  19.724 1.0000000000
76367  37.014  -20.742  19.790 1.0000000000
76368  36.236  -20.793  19.568 1.0000000000
76353  35.641  -21.352  19.646 1.0000000000
78675  37.884  -20.146  19.717 1.0000000000
77562  36.401  -20.104  18.893 1.0000000000
76388  35.205  -20.717  18.461 1.0000000000
77578  35.384  -20.047  17.860 1.0000000000
78703  34.447  -20.409  17.343 1.0000000000
77564  35.062  -20.601  17.897 1.0000000000
81089  35.386  -18.863  16.232 0.8750000000
78724  34.651  -19.840  16.660 0.8750000000
79957  34.791  -19.186  14.846 0.5000000000
79958  34.359  -19.904  14.878 0.5000000000
79966  36.454  -19.562  13.077 0.1250000000
78759  34.669  -20.014  14.167 0.3750000000
76276  39.300  -20.601  23.235 1.0000000000
77519  40.321  -20.783  21.874 1.0000000000
76314  40.013  -21.119  22.406 1.0000000000
78666  40.107  -19.879  20.868 1.0000000000
78673  39.044  -19.455  20.293 1.0000000000
78686  36.947  -19.674  18.938 1.0000000000
79906  38.256  -19.119  19.062 1.0000000000
79907  37.524  -19.163  18.777 1.0000000000
78702  35.789  -19.596  17.967 1.0000000000
81074  36.267  -18.703  17.414 1.0000000000
79941  35.821  -19.089  17.360 1.0000000000
81088  35.894  -18.390  16.646 0.8750000000
79942  35.341  -19.180  16.713 1.0000000000
81108  35.550  -18.589  14.573 0.6250000000
81097  35.389  -18.632  15.595 0.7500000000
82310  37.171  -17.509  13.185 0.3750000000
81117  36.953  -18.753  12.816 0.2500000000
81119  35.848  -18.753  13.999 0.6250000000
79841  42.356  -19.433  23.727 0.7500000000
78645  41.547  -20.011  23.174 0.8750000000
79856  42.311  -19.226  23.176 0.8750000000
79857  41.632  -19.520  22.611 0.8750000000
81015  42.420  -18.663  22.631 0.8750000000
81029  42.094  -18.408  21.973 0.8750000000
79874  41.350  -19.196  21.898 0.8750000000
78657  40.918  -20.109  22.263 1.0000000000
77518  40.524  -20.726  22.473 1.0000000000
77495  39.135  -20.432  23.857 0.8750000000
81030  41.381  -18.464  21.258 0.8750000000
78665  40.765  -19.765  21.493 0.8750000000
78658  40.440  -20.279  21.517 1.0000000000
79885  40.904  -19.228  20.955 1.0000000000
79905  38.747  -18.976  19.473 1.0000000000
82231  38.510  -18.012  18.566 1.0000000000
81058  37.927  -18.428  18.436 1.0000000000
81073  37.042  -18.293  17.634 1.0000000000
82244  37.690  -17.795  17.621 1.0000000000
81087  36.797  -17.596  16.316 1.0000000000
82271  37.529  -16.969  15.581 0.7500000000
81107  36.166  -18.274  14.202 0.6250000000
81096  36.067  -17.757  15.270 0.6250000000
82331  38.090  -17.408  12.302 0.3750000000
82292  36.573  -17.513  14.209 0.6250000000
81131  38.050  -18.606  11.847 0.2500000000
81039  40.115  -18.150  20.064 1.0000000000
81038  40.785  -18.378  20.619 0.8750000000
79886  40.138  -19.039  20.375 1.0000000000
82224  40.602  -16.704  19.071 1.0000000000
82230  39.053  -17.537  18.802 1.0000000000
81048  39.119  -18.057  19.196 1.0000000000
82270  38.782  -16.729  15.881 1.0000000000
82257  37.813  -17.392  16.878 1.0000000000
82290  38.565  -16.363  14.821 0.7500000000
82309  38.085  -16.579  13.452 0.6250000000
82291  37.356  -16.826  14.353 0.7500000000
83583  40.966  -16.047  11.453 0.8750000000
83584  39.994  -16.443  11.448 0.7500000000
83585  39.399  -16.439  11.847 0.3750000000
82330  38.882  -16.457  12.680 0.6250000000
82362  41.988  -17.196  9.706 0.3750000000
83604  41.171  -16.416  10.644 0.7500000000
83605  40.590  -16.466  10.964 0.6250000000
83568  39.147  -16.442  12.107 0.5000000000
82351  38.505  -17.990  11.687 0.3750000000
82376  42.574  -17.209  9.197 0.2500000000
83624  43.318  -16.233  8.827 0.2500000000
82375  43.584  -17.485  8.620 0.2500000000
82216  41.838  -17.497  21.249 0.8750000000
83483  42.541  -16.465  20.888 0.7500000000
82220  41.682  -16.865  20.741 0.8750000000
82221  40.870  -17.300  20.246 0.8750000000
82229  40.045  -16.664  18.367 1.0000000000
83497  40.605  -16.370  18.191 1.0000000000
82241  40.090  -16.407  17.182 1.0000000000
82242  39.206  -16.833  17.700 1.0000000000
82256  38.691  -16.982  17.017 1.0000000000
83538  39.217  -16.360  15.281 0.8750000000
82307  39.961  -15.880  13.860 0.8750000000
82289  39.485  -16.114  14.745 0.7500000000
83546  38.969  -16.277  15.122 0.8750000000
83564  42.534  -15.258  12.013 1.0000000000
83565  41.600  -15.529  12.172 1.0000000000
83566  40.636  -15.772  12.296 0.8750000000
83553  40.371  -15.591  13.181 0.8750000000
82329  39.409  -15.915  13.212 0.6250000000
83581  42.783  -15.321  11.032 0.8750000000
83625  42.681  -16.158  9.369 0.6250000000
84861  43.709  -15.345  9.138 0.8750000000
82389  43.859  -16.794  8.420 0.3750000000
83634  44.253  -16.389  8.303 0.5000000000
83623  43.938  -15.753  8.607 0.8750000000
83633  45.041  -16.275  7.888 0.3750000000
83476  43.302  -16.672  21.766 0.7500000000
83484  41.664  -16.320  20.262 0.8750000000
84740  42.320  -15.728  20.168 0.8750000000
83487  41.276  -16.287  19.380 1.0000000000
82228  40.598  -16.486  18.476 1.0000000000
83486  41.850  -15.620  18.708 1.0000000000
83496  41.101  -16.130  18.275 1.0000000000
83512  41.336  -15.657  17.137 1.0000000000
82254  40.313  -16.354  16.288 1.0000000000
83536  41.581  -15.991  15.747 1.0000000000
83525  40.890  -15.945  16.534 1.0000000000
82264  45.241  -16.013  14.728 1.0000000000
82265  44.119  -15.512  14.862 1.0000000000
82266  43.096  -15.596  14.873 1.0000000000
82287  41.576  -15.811  14.654 1.0000000000
82288  40.497  -15.948  14.751 1.0000000000
83533  45.637  -15.836  15.208 1.0000000000
82284  44.873  -16.026  14.155 1.0000000000
82304  43.285  -15.730  13.434 1.0000000000
82286  42.659  -15.653  14.392 1.0000000000
82306  40.993  -15.752  13.925 1.0000000000
82303  44.542  -16.023  13.469 1.0000000000
83551  42.365  -15.429  12.908 1.0000000000
82305  42.061  -15.628  13.783 1.0000000000
83552  41.336  -15.466  13.099 1.0000000000
82348  44.308  -15.403  11.865 0.8750000000
83580  43.805  -15.058  11.167 0.8750000000
83602  43.244  -15.351  9.918 0.7500000000
84844  44.012  -14.819  9.641 0.8750000000
84873  44.450  -15.577  8.275 0.7500000000
84860  44.353  -14.844  8.912 0.8750000000
83482  43.700  -15.862  21.008 0.6250000000
84739  43.201  -15.525  20.249 0.7500000000
84738  44.217  -15.296  20.289 0.6250000000
84753  42.765  -15.358  19.230 1.0000000000
84771  42.683  -15.274  18.065 0.8750000000
84784  46.201  -14.659  16.993 0.5000000000
84787  43.364  -15.187  17.307 1.0000000000
84788  42.604  -15.312  17.234 1.0000000000
84798  46.369  -15.131  15.994 0.6250000000
83507  45.566  -15.086  16.330 1.0000000000
83508  44.728  -15.186  16.539 1.0000000000
83521  44.383  -15.048  15.837 1.0000000000
83510  42.983  -15.310  16.538 1.0000000000
83524  41.796  -15.891  16.130 1.0000000000
82268  41.015  -15.934  15.610 1.0000000000
84807  46.571  -15.490  15.467 0.6250000000
82251  43.308  -15.453  15.180 1.0000000000
82252  42.776  -15.687  15.456 1.0000000000
82267  42.115  -15.931  15.315 1.0000000000
83532  46.433  -15.858  15.117 0.7500000000
82263  46.153  -16.141  14.657 0.8750000000
82283  45.873  -16.225  14.160 0.7500000000
82301  46.588  -16.151  13.728 0.7500000000
82326  45.405  -15.831  12.876 0.7500000000
83579  44.804  -15.016  11.410 0.7500000000
84879  45.756  -14.789  7.257 0.6250000000
84872  44.979  -14.803  8.084 0.7500000000
85898  48.560  -14.459  18.381 0.5000000000
84751  44.756  -14.740  19.644 0.7500000000
84752  43.859  -14.928  19.411 0.8750000000
84767  46.605  -14.640  18.252 0.5000000000
85882  45.086  -14.463  18.986 0.5000000000
85883  44.465  -14.482  19.010 0.7500000000
84770  43.748  -14.967  18.319 0.8750000000
84783  47.443  -14.601  17.159 0.5000000000
84768  45.474  -14.666  18.192 0.6250000000
84786  44.265  -15.233  17.333 0.8750000000
84797  47.153  -14.843  16.092 0.6250000000
84785  45.155  -15.070  17.249 0.7500000000
83509  43.868  -15.243  16.554 0.8750000000
83517  47.780  -15.073  15.481 0.3750000000
84806  46.904  -15.209  15.588 0.3750000000
83531  47.250  -15.551  15.110 0.5000000000
82262  46.980  -16.018  14.572 0.5000000000
81116  46.847  -16.028  13.523 0.6250000000
82325  46.666  -15.794  13.103 0.7500000000
82346  46.175  -15.700  12.190 0.7500000000
83577  46.721  -15.474  11.503 0.7500000000
83578  45.772  -15.287  11.453 0.7500000000
83622  46.956  -14.936  10.609 0.8750000000
83599  46.356  -15.004  10.703 0.8750000000
83600  45.352  -14.757  10.751 0.7500000000
84841  46.319  -14.713  10.262 0.8750000000
84843  44.867  -14.601  9.879 1.0000000000
84869  48.379  -14.156  9.339 0.8750000000
84870  47.286  -13.962  9.160 1.0000000000
84857  47.909  -14.247  10.184 0.8750000000
84842  45.838  -14.707  10.112 0.8750000000
84859  45.360  -14.216  9.300 1.0000000000
85958  47.869  -13.846  8.390 1.0000000000
85960  46.437  -13.792  8.125 1.0000000000
84871  46.083  -13.829  8.477 0.8750000000
85972  46.415  -13.924  7.729 0.8750000000
85983  46.558  -14.214  7.070 0.3750000000
84765  48.934  -14.494  17.790 0.3750000000
84764  49.371  -14.549  17.698 0.3750000000
84781  49.679  -14.737  17.270 0.3750000000
84782  48.598  -14.607  17.127 0.3750000000
84796  48.177  -14.791  16.209 0.3750000000
83516  48.625  -14.756  15.270 0.3750000000
83530  48.162  -15.266  14.734 0.5000000000
82261  47.784  -15.673  14.345 0.5000000000
82280  48.414  -15.650  13.799 0.5000000000
82281  47.468  -16.005  14.055 0.5000000000
81106  47.391  -15.996  13.845 0.6250000000
82299  48.584  -15.639  13.350 0.6250000000
81114  47.921  -15.563  13.433 0.6250000000
82324  47.659  -15.538  12.805 0.6250000000
82345  47.259  -15.476  12.180 0.7500000000
82360  47.860  -15.407  11.810 0.6250000000
82361  47.447  -15.424  11.581 0.7500000000
83620  48.498  -15.003  10.717 0.7500000000
83597  48.074  -15.322  11.356 0.7500000000
83598  47.214  -15.362  10.993 0.8750000000
84855  49.956  -14.437  10.158 0.8750000000
87030  48.160  -13.525  7.854 0.8750000000
87021  48.428  -13.723  8.303 0.8750000000
84780  50.764  -15.079  17.084 0.3750000000
84794  50.484  -14.984  16.213 0.3750000000
84795  49.352  -14.824  16.063 0.3750000000
84805  49.443  -14.527  15.002 0.3750000000
82279  49.334  -15.651  13.825 0.5000000000
82298  49.307  -15.690  13.292 0.6250000000
82323  48.434  -15.608  12.869 0.6250000000
82322  49.313  -15.712  12.837 0.6250000000
83575  48.675  -15.632  11.779 0.6250000000
82359  49.350  -15.657  11.829 0.6250000000
83619  49.503  -15.008  10.791 0.7500000000
83596  49.036  -15.432  11.327 0.6250000000
83574  49.955  -15.449  11.915 0.6250000000
84867  50.400  -13.849  9.446 0.8750000000
85968  50.154  -13.305  8.454 0.8750000000
83544  49.625  -15.405  14.128 0.3750000000
82278  49.779  -15.629  13.581 0.5000000000
82297  49.865  -15.621  13.334 0.6250000000
83561  50.692  -15.504  12.741 0.3750000000
82321  50.127  -15.554  12.891 0.6250000000
83573  50.617  -15.433  12.087 0.5000000000
82342  49.918  -15.526  12.407 0.6250000000
83594  50.989  -15.437  11.203 0.3750000000
83595  49.986  -15.276  11.643 0.6250000000
84852  52.334  -15.029  10.112 0.3750000000
84854  50.917  -14.425  10.102 0.7500000000
83618  50.477  -14.942  10.773 0.7500000000
84865  52.303  -14.353  9.413 0.5000000000
84877  50.931  -13.487  8.858 0.7500000000
85967  51.208  -13.307  8.241 0.7500000000
85980  51.738  -13.138  7.827 0.6250000000
87027  51.083  -12.913  7.706 0.8750000000
83560  51.351  -15.411  12.279 0.2500000000
84838  53.606  -15.407  11.291 0.1250000000
84832  52.797  -15.269  11.751 0.1250000000
83572  51.550  -15.497  11.571 0.2500000000
83593  51.929  -15.464  10.733 0.1250000000
84864  52.763  -14.957  9.608 0.2500000000
85954  52.992  -14.498  8.926 0.5000000000
85966  52.329  -13.661  8.303 0.6250000000
83548  51.337  -15.397  12.947 0.2500000000
84829  52.019  -15.218  12.503 0.1250000000
84828  52.759  -14.986  12.732 0.1250000000
84833  52.011  -15.404  11.850 0.2500000000
84831  53.683  -15.275  12.121 0.1250000000
85932  54.433  -14.607  12.149 0.1250000000
87001  54.660  -13.623  12.318 0.1250000000
85936  54.352  -15.202  11.345 0.1250000000
85955  52.484  -13.987  8.872 0.6250000000
85935  54.688  -14.929  10.686 0.2500000000
85950  53.264  -15.073  9.764 0.2500000000
43415  4.617  -50.452  39.778 0.6250000000
39970  3.111  -54.208  39.663 0.5000000000
43408  4.419  -50.089  39.967 0.6250000000
38912  3.715  -54.887  39.202 0.5000000000
38921  3.260  -55.198  38.886 0.5000000000
39977  2.784  -54.692  38.860 0.3750000000
38937  2.655  -55.422  37.672 0.3750000000
36661  4.459  -57.705  39.054 0.2500000000
37824  3.578  -56.379  38.834 0.3750000000
36668  3.007  -57.138  38.197 0.3750000000
42321  5.593  -51.938  38.364 1.0000000000
39975  4.479  -53.958  39.112 0.7500000000
39987  4.684  -54.398  38.611 0.6250000000
38926  4.559  -55.253  38.549 0.6250000000
38950  2.601  -55.421  36.584 0.2500000000
42379  2.444  -52.122  34.504 0.2500000000
40052  2.565  -53.978  34.374 0.2500000000
42387  2.510  -52.183  33.562 0.2500000000
40033  2.287  -53.771  35.247 0.2500000000
43469  5.910  -51.484  35.529 0.5000000000
41237  5.427  -53.136  35.986 0.3750000000
42348  5.584  -52.220  36.831 0.8750000000
40015  5.421  -54.468  36.748 0.3750000000
38976  2.899  -54.977  34.343 0.2500000000
38962  2.568  -55.064  35.459 0.2500000000
42395  7.717  -52.543  32.036 0.1250000000
43495  6.382  -51.538  32.515 0.3750000000
42385  7.139  -53.062  32.472 0.1250000000
41276  6.502  -53.398  33.055 0.1250000000
41277  5.943  -52.919  33.321 0.2500000000
41265  5.819  -53.399  33.906 0.2500000000
43476  5.888  -51.415  34.474 0.5000000000
41253  5.555  -53.932  35.787 0.3750000000
44596  6.270  -50.393  34.123 0.6250000000
45677  7.559  -48.476  39.108 0.7500000000
46762  7.900  -47.380  37.509 0.7500000000
44572  6.156  -50.459  36.221 0.8750000000
45701  6.254  -49.977  35.674 0.7500000000
46848  8.094  -48.351  31.394 0.5000000000
44595  6.465  -49.745  33.976 0.7500000000
45749  8.500  -49.647  30.510 0.2500000000
47911  10.036  -46.907  38.394 0.7500000000
47927  9.243  -46.944  37.812 0.7500000000
45699  6.662  -48.191  36.393 0.7500000000
47942  8.366  -46.975  36.399 0.8750000000
46791  6.708  -48.213  35.404 0.8750000000
46775  6.487  -48.101  36.038 0.8750000000
46854  8.913  -48.648  30.179 0.5000000000
46826  8.241  -47.381  32.442 0.7500000000
48023  8.790  -46.745  32.082 0.7500000000
49225  11.015  -45.386  37.942 0.6250000000
49226  10.900  -45.979  38.551 0.5000000000
47940  9.947  -46.060  36.620 0.8750000000
47941  9.205  -46.468  36.703 0.8750000000
47956  9.534  -45.788  35.779 0.8750000000
47976  7.949  -47.003  34.230 1.0000000000
49332  9.814  -46.328  30.746 0.7500000000
49381  9.896  -47.066  29.145 0.3750000000
48093  9.524  -48.067  29.325 0.3750000000
48074  9.150  -47.694  30.018 0.3750000000
49360  10.499  -45.947  30.113 0.7500000000
50503  11.144  -45.044  36.510 0.6250000000
47973  10.083  -45.442  35.007 0.8750000000
49249  11.338  -44.891  35.182 0.6250000000
49266  11.146  -45.191  34.836 0.8750000000
47993  10.239  -45.759  33.993 1.0000000000
47994  9.513  -46.171  33.667 1.0000000000
48022  9.487  -46.196  32.636 1.0000000000
52630  11.531  -43.719  36.491 0.5000000000
49265  11.646  -45.014  34.302 0.8750000000
49292  11.701  -44.807  32.955 1.0000000000
49308  11.393  -45.245  32.213 1.0000000000
49329  11.932  -44.997  31.312 0.7500000000
52664  12.424  -43.043  34.186 0.7500000000
52647  11.882  -43.263  35.438 0.6250000000
50517  12.043  -44.105  33.130 0.7500000000
49306  11.910  -44.651  31.680 0.8750000000
51641  12.615  -43.315  31.592 0.8750000000
50605  13.229  -44.425  28.100 0.8750000000
50569  13.111  -44.663  30.054 1.0000000000
54835  20.497  -42.246  21.535 0.3750000000
53852  20.907  -42.918  21.813 0.1250000000
52846  19.844  -43.542  21.804 0.3750000000
50700  18.771  -45.104  22.419 0.5000000000
52847  18.806  -43.721  21.839 0.5000000000
50699  19.450  -45.396  22.546 0.1250000000
52863  18.913  -43.126  21.436 0.5000000000
54846  19.998  -41.651  21.394 0.3750000000
52862  19.388  -42.883  21.350 0.6250000000
53854  18.177  -42.252  22.367 0.7500000000
52698  12.538  -42.935  32.279 0.7500000000
51672  13.992  -43.849  29.879 0.8750000000
51690  14.304  -43.892  29.174 0.8750000000
51706  14.407  -43.823  28.359 0.8750000000
51721  14.606  -43.773  27.501 0.7500000000
57124  19.805  -40.042  21.413 0.5000000000
55877  19.440  -40.834  21.739 0.6250000000
54836  18.696  -41.494  22.121 0.7500000000
54837  18.221  -41.606  22.611 0.7500000000
54829  17.791  -41.670  23.116 0.7500000000
52716  14.212  -42.490  30.092 0.8750000000
51689  14.680  -43.308  28.733 0.8750000000
53813  16.136  -41.656  26.234 0.6250000000
52796  15.300  -43.288  26.404 0.7500000000
51742  15.317  -44.073  25.701 0.7500000000
54813  17.430  -40.966  25.089 0.8750000000
59505  20.226  -37.446  22.509 0.7500000000
58311  20.106  -38.348  22.157 0.8750000000
53783  15.423  -42.038  29.159 0.8750000000
59328  26.012  -36.504  33.440 0.5000000000
59329  25.346  -36.474  33.138 0.3750000000
58164  24.917  -36.710  33.088 0.6250000000
58166  23.664  -36.930  32.491 0.7500000000
58149  24.080  -37.435  33.113 0.5000000000
61658  28.214  -34.565  33.531 0.7500000000
60481  26.475  -35.303  33.014 0.6250000000
59326  27.750  -35.637  34.411 0.6250000000
60480  27.137  -34.904  33.168 0.7500000000
59339  25.706  -36.048  32.953 0.7500000000
60482  25.633  -35.756  32.121 0.6250000000
59353  24.781  -36.265  31.722 0.7500000000
59342  23.737  -36.402  31.913 1.0000000000
58181  22.229  -36.611  31.695 0.8750000000
59356  22.001  -36.170  30.992 0.8750000000
58168  21.604  -37.268  32.121 0.8750000000
58169  20.650  -37.636  31.728 0.6250000000
58182  21.189  -36.882  31.150 0.8750000000
58170  19.614  -37.864  31.422 0.7500000000
61671  25.676  -35.443  31.641 0.7500000000
61684  24.967  -35.327  30.888 1.0000000000
60501  23.357  -35.595  30.777 1.0000000000
58197  19.501  -37.032  29.776 0.8750000000
58198  18.431  -37.237  29.540 0.8750000000
53773  15.670  -41.516  29.433 0.8750000000
61656  30.322  -33.909  32.253 0.7500000000
61681  28.564  -33.356  30.889 0.7500000000
61698  24.889  -34.714  30.365 1.0000000000
60518  23.956  -35.292  30.405 1.0000000000
60519  22.899  -35.294  30.265 1.0000000000
59388  21.521  -35.696  29.431 1.0000000000
59374  21.050  -36.295  29.785 0.8750000000
58210  20.064  -36.648  29.310 0.8750000000
56987  19.044  -36.905  28.975 0.8750000000
58212  18.007  -37.430  28.912 0.8750000000
55791  16.397  -40.083  29.229 0.8750000000
61695  29.669  -33.427  29.492 1.0000000000
62880  28.369  -33.248  29.942 1.0000000000
62893  27.094  -33.420  29.812 0.8750000000
62881  27.712  -33.463  30.434 1.0000000000
62894  25.642  -33.847  29.733 0.8750000000
62895  24.890  -34.104  29.795 0.8750000000
60535  23.548  -34.914  29.909 1.0000000000
60536  22.880  -34.845  29.453 1.0000000000
57008  18.977  -37.204  27.902 0.8750000000
58222  19.868  -36.577  28.305 0.8750000000
57010  17.361  -38.789  27.448 0.8750000000
55817  17.017  -39.479  27.526 0.8750000000
53790  15.993  -41.356  28.308 0.8750000000
62909  27.787  -32.851  28.371 1.0000000000
62908  29.006  -32.916  27.872 1.0000000000
61711  24.463  -34.368  29.707 1.0000000000
62912  24.020  -33.998  28.748 1.0000000000
61713  23.186  -34.496  28.820 1.0000000000
61729  22.911  -34.247  28.070 1.0000000000
60556  21.931  -34.887  28.113 1.0000000000
58224  19.617  -36.665  26.483 0.8750000000
55816  17.347  -39.040  26.975 0.8750000000
61742  29.735  -33.378  26.365 1.0000000000
62925  28.548  -32.718  27.189 1.0000000000
61743  29.125  -32.918  26.258 1.0000000000
62927  25.344  -32.830  27.944 0.8750000000
62929  23.225  -33.708  27.450 1.0000000000
62944  23.703  -32.997  27.077 1.0000000000
61730  22.179  -34.494  27.453 1.0000000000
59420  20.517  -35.489  26.639 1.0000000000
59405  19.796  -36.528  26.300 1.0000000000
55826  17.614  -39.811  25.830 0.7500000000
61771  30.258  -33.753  24.876 1.0000000000
60592  30.581  -34.328  25.162 1.0000000000
60631  30.601  -34.641  23.405 1.0000000000
61773  28.815  -32.698  24.259 1.0000000000
61772  29.670  -33.227  24.568 1.0000000000
62957  27.965  -32.563  25.242 1.0000000000
61755  30.241  -33.818  25.806 1.0000000000
62942  27.034  -32.209  26.093 0.8750000000
64029  24.717  -32.430  26.487 0.8750000000
64030  23.892  -32.705  26.398 0.8750000000
61758  22.354  -33.921  26.428 0.8750000000
61744  22.594  -34.051  27.164 1.0000000000
60594  20.860  -34.954  25.690 1.0000000000
61745  21.949  -34.356  26.723 1.0000000000
59438  19.956  -36.591  25.430 0.8750000000
59439  19.716  -36.680  25.797 0.8750000000
58248  19.630  -37.108  25.368 0.8750000000
57049  18.501  -38.929  24.820 0.7500000000
63005  28.953  -33.207  22.610 1.0000000000
62989  28.971  -32.990  23.199 1.0000000000
62991  26.985  -32.436  23.230 0.8750000000
64039  26.037  -32.209  24.592 0.8750000000
64028  25.941  -32.221  25.705 0.8750000000
64055  23.757  -32.536  24.480 0.8750000000
64040  24.892  -32.155  25.174 0.8750000000
62974  23.237  -32.920  25.379 0.8750000000
62975  22.710  -33.165  24.632 0.8750000000
62961  22.095  -33.742  24.917 0.8750000000
61760  21.249  -34.805  24.854 0.8750000000
59462  20.048  -36.785  24.679 0.8750000000
59461  20.533  -36.348  24.152 0.8750000000
63006  28.134  -32.809  21.978 1.0000000000
64070  26.294  -32.338  22.666 0.8750000000
64053  26.152  -32.213  23.606 0.8750000000
64072  24.249  -32.420  23.235 0.8750000000
62976  22.156  -33.835  24.016 0.8750000000
60635  20.542  -36.558  23.294 0.7500000000
60478  31.813  -34.484  31.497 0.8750000000
61693  30.977  -34.502  29.449 1.0000000000
60515  31.302  -34.603  29.405 0.8750000000
61709  30.538  -33.886  28.357 1.0000000000
60533  31.342  -34.610  28.498 1.0000000000
60572  31.081  -34.711  26.548 1.0000000000
60573  30.601  -34.304  26.322 1.0000000000
60630  31.022  -34.873  23.482 1.0000000000
60590  31.389  -34.857  25.738 1.0000000000
60647  30.679  -34.933  22.642 0.8750000000
61805  31.987  -34.620  22.472 1.0000000000
60668  31.231  -35.247  21.473 0.8750000000
61855  31.178  -35.206  20.508 0.8750000000
61827  31.650  -35.294  21.060 1.0000000000
61882  31.759  -35.008  18.848 0.7500000000
63061  32.393  -34.601  19.292 0.7500000000
61691  32.799  -33.946  29.903 0.8750000000
60569  32.061  -34.466  27.583 1.0000000000
62987  32.480  -33.636  23.859 1.0000000000
64136  32.968  -33.519  19.308 0.6250000000
62879  33.175  -33.756  30.895 0.7500000000
61707  32.678  -33.934  29.438 1.0000000000
62970  33.024  -33.230  25.473 1.0000000000
64067  32.747  -32.528  24.192 1.0000000000
65114  33.454  -32.116  27.311 1.0000000000
66180  33.461  -31.536  26.885 0.8750000000
66202  33.126  -31.600  25.125 1.0000000000
65134  33.036  -31.925  24.640 1.0000000000
66203  32.829  -31.748  24.507 1.0000000000
68470  31.094  -30.218  23.369 1.0000000000
71671  31.494  -27.390  26.763 0.8750000000
71697  30.557  -26.987  25.354 1.0000000000
71715  29.520  -26.847  23.908 1.0000000000
73934  29.326  -25.228  24.002 1.0000000000
75113  30.153  -23.259  19.307 0.7500000000
76305  30.239  -23.020  22.290 1.0000000000
75079  30.442  -22.839  20.814 1.0000000000
75063  30.356  -22.892  21.600 1.0000000000
76322  31.570  -22.048  21.328 1.0000000000
75125  30.518  -23.352  18.387 0.7500000000
73850  31.219  -24.358  29.763 0.6250000000
76205  33.195  -21.332  28.011 0.5000000000
76218  31.739  -21.682  26.418 0.8750000000
76303  31.875  -21.705  22.263 1.0000000000
73816  32.265  -24.782  31.791 0.3750000000
73817  31.910  -24.175  31.300 0.5000000000
76250  35.025  -20.685  24.878 1.0000000000
76302  33.071  -21.558  22.350 1.0000000000
74024  33.098  -24.325  14.855 0.2500000000
77387  34.691  -20.911  29.368 0.3750000000
72978  34.642  -25.172  14.564 0.1250000000
74040  33.755  -24.135  14.626 0.1250000000
78535  33.462  -21.155  31.996 0.2500000000
75143  33.679  -22.187  17.651 0.8750000000
75208  33.719  -23.277  14.643 0.1250000000
77416  37.367  -20.840  27.464 0.5000000000
76391  33.558  -22.168  17.325 1.0000000000
77471  37.140  -20.350  25.062 0.7500000000
75092  35.060  -21.768  19.789 1.0000000000
76390  33.958  -21.659  17.736 1.0000000000
78704  34.032  -20.694  17.319 1.0000000000
76299  36.849  -20.923  22.592 1.0000000000
76369  35.334  -20.901  19.014 1.0000000000
77579  34.976  -20.098  17.458 1.0000000000
78740  34.609  -19.778  15.902 0.6250000000
78776  35.158  -20.523  13.592 0.3750000000
75074  37.988  -21.568  21.397 1.0000000000
76335  38.231  -21.362  20.727 1.0000000000
77537  39.235  -20.349  20.730 1.0000000000
77538  38.468  -20.298  20.314 1.0000000000
77549  36.861  -20.318  19.353 1.0000000000
77550  36.107  -20.499  19.096 1.0000000000
78701  36.351  -19.642  18.466 1.0000000000
77563  35.679  -20.246  18.515 1.0000000000
78723  35.330  -19.638  17.361 1.0000000000
81118  36.233  -18.804  13.548 0.2500000000
78683  38.775  -19.137  19.859 1.0000000000
81059  37.342  -18.747  18.347 1.0000000000
79925  36.383  -19.100  17.874 1.0000000000
82332  37.491  -18.173  12.417 0.3750000000
82311  36.560  -18.136  13.546 0.5000000000
79840  42.685  -19.127  23.903 0.6250000000
79894  39.532  -18.769  20.038 1.0000000000
81057  38.800  -18.453  19.023 1.0000000000
81056  38.988  -18.670  19.476 1.0000000000
81072  37.708  -17.999  17.946 1.0000000000
82243  38.275  -17.565  17.928 1.0000000000
81095  36.774  -17.331  15.563 0.7500000000
82272  36.795  -17.171  15.003 0.6250000000
82217  41.206  -17.924  20.872 0.8750000000
82222  40.296  -17.672  19.944 0.8750000000
82225  39.900  -17.485  19.497 1.0000000000
82255  39.503  -16.636  16.603 1.0000000000
83545  39.135  -16.174  14.974 0.6250000000
82308  38.997  -15.969  13.796 0.6250000000
82350  39.081  -17.182  11.615 0.3750000000
83567  39.638  -15.961  12.460 0.6250000000
83603  42.124  -16.239  10.055 0.5000000000
82363  41.384  -17.198  10.038 0.3750000000
83582  41.833  -15.729  11.205 0.7500000000
82364  40.424  -17.222  10.569 0.6250000000
82349  39.755  -17.238  11.043 0.3750000000
83513  40.653  -16.157  17.618 1.0000000000
82269  39.875  -16.418  15.573 1.0000000000
83554  39.794  -15.708  13.215 0.7500000000
82328  43.190  -15.580  12.595 1.0000000000
83563  43.493  -15.307  11.947 0.8750000000
83495  41.939  -15.579  17.675 1.0000000000
83537  41.339  -15.987  15.988 1.0000000000
83520  45.199  -15.299  15.750 1.0000000000
83519  45.963  -15.519  15.645 1.0000000000
82285  43.788  -15.694  14.170 1.0000000000
82302  45.663  -16.077  13.580 0.7500000000
82327  44.195  -15.882  12.563 0.8750000000
82347  45.130  -15.554  12.091 0.8750000000
83601  44.309  -14.754  10.503 0.8750000000
83481  44.536  -15.476  20.898 0.5000000000
83511  42.174  -15.533  16.736 1.0000000000
83522  43.461  -15.301  15.699 1.0000000000
83523  42.581  -15.722  16.030 1.0000000000
82282  46.704  -16.245  14.172 0.6250000000
84769  44.643  -14.924  18.006 0.8750000000
83621  47.555  -14.879  10.681 0.8750000000
84858  46.618  -14.331  10.066 0.8750000000
85957  48.867  -13.846  8.721 0.8750000000
85959  46.872  -13.796  8.247 1.0000000000
85971  47.184  -13.686  7.606 1.0000000000
83529  49.086  -15.179  14.393 0.5000000000
82344  48.209  -15.530  12.205 0.6250000000
84856  48.943  -14.639  10.056 0.7500000000
84868  49.408  -14.165  9.415 0.8750000000
85969  49.341  -13.477  8.480 0.8750000000
85956  49.743  -13.618  8.942 0.8750000000
82343  49.133  -15.819  12.290 0.6250000000
84878  50.326  -13.445  8.926 0.8750000000
87028  50.261  -12.864  7.833 0.8750000000
83571  52.326  -15.572  11.243 0.2500000000
83617  51.343  -15.017  10.527 0.3750000000
84840  52.553  -15.408  10.497 0.2500000000
84853  51.746  -14.589  10.036 0.3750000000
84851  52.867  -15.365  10.101 0.1250000000
84866  51.412  -13.952  9.477 0.6250000000
84876  51.859  -13.652  8.847 0.6250000000
84839  52.999  -15.441  10.783 0.1250000000
85942  53.827  -15.080  10.471 0.2500000000
49425  13.804  -46.148  26.416 0.6250000000
49454  19.675  -46.781  24.581 0.1250000000
48172  19.108  -47.263  24.464 0.1250000000
48142  15.673  -47.851  25.252 0.1250000000
49471  19.339  -46.509  23.600 0.2500000000
49472  18.429  -46.597  23.331 0.2500000000
49424  14.653  -46.183  25.580 0.6250000000
50636  14.484  -45.181  26.091 0.6250000000
50619  13.512  -44.946  27.103 0.6250000000
51806  18.229  -44.324  22.266 0.5000000000
61808  21.708  -34.690  22.310 0.7500000000
61834  22.311  -35.392  20.943 0.6250000000
45792  18.809  -49.485  27.743 0.1250000000
48141  19.233  -48.449  26.853 0.1250000000
46903  18.708  -48.834  26.007 0.1250000000
46904  17.336  -48.891  25.875 0.1250000000
48140  19.614  -47.925  26.206 0.1250000000
46902  19.173  -48.306  25.563 0.1250000000
46917  17.866  -48.329  25.266 0.1250000000
46918  16.814  -48.103  25.354 0.1250000000
48159  19.260  -47.733  25.012 0.1250000000
48173  18.543  -47.391  24.401 0.1250000000
48174  17.965  -47.438  24.405 0.1250000000
49442  16.351  -46.774  24.335 0.2500000000
49443  15.427  -46.684  24.996 0.2500000000
50682  17.453  -45.888  23.021 0.2500000000
50667  17.013  -46.435  23.446 0.2500000000
50654  15.630  -45.928  24.444 0.2500000000
50655  15.007  -45.544  25.128 0.6250000000
50618  14.194  -44.511  26.904 0.6250000000
51791  18.062  -45.149  22.647 0.3750000000
50668  16.351  -45.800  23.646 0.2500000000
51762  15.610  -44.709  24.659 0.5000000000
52842  17.327  -43.365  22.802 0.6250000000
51776  16.683  -44.104  23.280 0.6250000000
51777  16.427  -44.492  23.539 0.6250000000
61793  21.716  -34.514  23.448 0.7500000000
63050  23.077  -34.743  20.620 0.6250000000
63028  23.075  -33.428  21.499 0.6250000000
62993  22.129  -33.891  22.949 0.7500000000
63049  23.723  -33.918  20.492 0.6250000000
58148  24.721  -37.183  33.400 0.5000000000
52829  16.660  -43.417  23.551 0.6250000000
62992  22.634  -33.284  23.622 0.7500000000
64109  23.930  -33.053  21.376 0.7500000000
64127  24.211  -33.259  20.887 0.6250000000
64088  23.588  -32.797  22.346 0.7500000000
64087  24.633  -32.485  22.061 0.7500000000
63064  25.613  -35.071  19.350 0.5000000000
63048  24.773  -34.188  20.023 0.3750000000
64126  24.656  -33.301  20.555 0.7500000000
63047  25.619  -34.206  19.518 0.5000000000
64071  25.325  -32.346  22.967 0.7500000000
61884  30.578  -35.232  19.492 0.7500000000
61885  29.834  -35.284  19.245 0.6250000000
65181  25.004  -32.549  21.555 0.7500000000
61905  30.695  -35.654  18.730 0.7500000000
60716  30.092  -35.992  18.729 0.6250000000
60717  29.277  -36.315  18.646 0.6250000000
61886  28.651  -35.480  18.746 0.5000000000
63062  27.084  -34.264  19.242 0.5000000000
63063  26.301  -34.616  19.114 0.6250000000
64125  25.430  -33.324  20.084 0.5000000000
61858  28.485  -34.216  19.491 0.6250000000
61859  27.623  -34.277  19.220 0.6250000000
60737  30.687  -36.659  18.396 0.5000000000
60667  31.646  -35.195  21.505 0.7500000000
60693  30.979  -35.222  21.022 0.7500000000
61856  30.562  -34.958  20.709 0.7500000000
64086  25.525  -32.383  22.016 0.7500000000
61857  29.637  -34.566  20.006 0.6250000000
64106  26.479  -32.860  20.447 0.7500000000
64107  25.405  -32.592  21.052 0.7500000000
63046  26.635  -33.677  19.600 0.6250000000
53706  12.485  -41.900  33.434 0.6250000000
53698  12.400  -41.985  35.133 0.6250000000
53722  12.517  -41.872  32.801 0.6250000000
53705  12.512  -42.393  32.909 0.6250000000
52697  12.658  -42.916  31.597 0.7500000000
58171  18.431  -37.658  31.268 0.6250000000
53760  14.030  -41.787  30.448 0.7500000000
60670  30.441  -34.849  22.150 0.7500000000
61829  30.158  -34.608  21.573 0.6250000000
64085  26.401  -32.489  21.645 0.6250000000
60669  30.702  -35.024  21.740 0.7500000000
61828  30.494  -34.882  21.380 0.7500000000
61830  29.312  -34.014  20.882 0.6250000000
63044  28.535  -33.586  20.447 0.6250000000
63027  27.235  -33.106  20.178 0.6250000000
64105  27.247  -32.904  20.702 0.6250000000
63045  27.691  -33.633  19.744 0.6250000000
53721  12.611  -41.912  32.103 0.6250000000
58155  17.826  -37.781  32.208 0.5000000000
56927  14.832  -38.947  31.537 0.5000000000
54732  13.746  -41.269  30.959 0.7500000000
53741  12.915  -41.788  31.255 0.7500000000
58154  19.049  -37.975  32.283 0.6250000000
58172  17.166  -37.634  31.117 0.5000000000
56939  15.592  -38.980  30.882 0.6250000000
55773  15.331  -39.944  30.685 0.6250000000
54753  14.320  -41.236  30.588 0.7500000000
58187  16.358  -38.690  30.134 0.6250000000
56952  15.824  -39.414  30.408 0.6250000000
55751  15.021  -40.815  30.392 0.6250000000
54752  14.860  -41.280  30.259 0.7500000000
58201  16.429  -38.900  29.840 0.7500000000
56970  16.306  -39.110  30.026 0.7500000000
56951  16.170  -40.036  29.938 0.7500000000
58200  16.687  -38.396  29.584 0.7500000000
60633  29.740  -34.185  22.986 0.8750000000
60648  30.191  -34.618  22.556 0.7500000000
60649  29.901  -34.399  22.801 0.8750000000
61807  29.622  -34.126  22.299 0.8750000000
61806  29.994  -34.525  22.167 0.6250000000
63025  28.817  -33.446  21.511 0.6250000000
63026  27.923  -33.051  20.808 0.6250000000
54719  12.631  -41.245  32.017 0.6250000000
55753  14.493  -39.802  31.363 0.6250000000
55737  14.065  -40.785  31.029 0.6250000000
55752  14.650  -40.586  30.817 0.6250000000
64069  27.214  -32.597  22.387 0.7500000000
64084  27.254  -32.769  21.345 0.6250000000
63983  33.657  -32.933  31.004 0.7500000000
65074  33.584  -32.347  30.609 0.6250000000
65081  33.468  -32.284  29.652 0.6250000000
66149  33.458  -31.774  30.132 0.6250000000
66158  33.574  -31.707  29.121 0.6250000000
67273  33.302  -30.910  26.409 0.8750000000
65063  33.740  -32.350  31.463 0.6250000000
66143  33.688  -31.768  31.050 0.6250000000
67228  33.450  -31.207  30.597 0.6250000000
67244  33.407  -31.209  29.612 0.7500000000
67255  33.490  -31.127  28.598 0.7500000000
68402  33.371  -30.517  28.163 0.7500000000
67263  33.437  -31.040  27.547 0.7500000000
68419  33.236  -30.519  27.302 0.8750000000
68420  32.863  -30.148  26.719 0.6250000000
69494  32.508  -29.525  26.652 0.7500000000
68431  32.330  -29.928  25.410 0.8750000000
67214  33.573  -31.078  31.541 0.5000000000
68359  33.292  -30.461  31.092 0.5000000000
68375  33.161  -30.616  30.119 0.6250000000
68389  33.326  -30.578  29.137 0.6250000000
68390  33.153  -29.917  28.718 0.6250000000
69461  32.740  -29.358  28.407 0.6250000000
68403  33.089  -29.921  27.776 0.7500000000
69476  32.541  -29.203  27.510 0.6250000000
69477  32.198  -28.634  27.387 0.7500000000
72910  28.352  -25.495  19.488 0.6250000000
73972  29.686  -23.817  18.511 0.6250000000
68348  33.272  -29.517  31.523 0.3750000000
68360  33.020  -29.769  30.631 0.6250000000
69432  32.731  -29.060  30.175 0.6250000000
68376  32.999  -29.924  29.658 0.6250000000
69447  32.709  -29.319  29.243 0.6250000000
70519  32.393  -28.534  29.631 0.5000000000
70529  32.481  -28.864  28.903 0.6250000000
70530  32.229  -28.233  28.921 0.7500000000
70541  32.120  -28.248  27.999 0.7500000000
70556  31.861  -28.190  27.197 0.8750000000
69406  33.411  -28.565  31.929 0.2500000000
69417  33.122  -28.746  31.060 0.5000000000
70492  33.213  -27.794  31.565 0.1250000000
70505  32.586  -27.870  30.650 0.5000000000
70506  32.150  -27.285  30.398 0.5000000000
70520  32.035  -27.717  29.799 0.5000000000
71649  31.818  -27.325  28.881 0.7500000000
83477  42.576  -17.056  21.505 0.7500000000
70478  33.432  -27.651  32.456 0.1250000000
71616  33.230  -26.982  32.098 0.1250000000
71629  32.881  -27.144  31.385 0.3750000000
71630  32.345  -26.729  30.894 0.5000000000
71641  31.769  -26.871  30.046 0.6250000000
84699  49.513  -15.503  22.961 0.2500000000
83437  48.976  -16.429  23.649 0.2500000000
83439  47.360  -16.311  23.463 0.2500000000
82190  46.163  -16.591  23.864 0.3750000000
84700  48.689  -15.605  22.466 0.2500000000
83456  47.990  -15.998  22.955 0.2500000000
83458  45.874  -15.613  22.714 0.3750000000
82204  44.282  -16.717  23.045 0.3750000000
82205  43.319  -17.437  22.694 0.6250000000
84701  47.864  -15.577  22.216 0.2500000000
83473  46.512  -15.396  22.138 0.2500000000
83475  44.469  -15.870  21.626 0.3750000000
82215  42.652  -17.567  21.953 0.6250000000
84725  46.903  -15.301  21.252 0.2500000000
84726  46.401  -15.145  20.922 0.2500000000
83480  45.173  -15.354  21.010 0.2500000000
71601  33.511  -26.626  33.062 0.1250000000
71602  33.160  -26.318  32.445 0.2500000000
71617  32.806  -26.452  31.755 0.2500000000
72732  32.337  -25.805  31.399 0.3750000000
72744  31.821  -25.758  30.445 0.5000000000
83435  50.379  -16.521  24.154 0.2500000000
83436  49.737  -16.282  23.827 0.2500000000
82188  48.346  -16.659  24.088 0.2500000000
81003  45.720  -16.938  24.581 0.3750000000
84680  49.758  -15.887  23.527 0.2500000000
82189  47.449  -16.645  24.012 0.2500000000
82191  44.657  -16.853  23.772 0.3750000000
82193  43.177  -17.873  23.286 0.6250000000
84698  50.035  -14.986  22.993 0.2500000000
84722  49.300  -15.094  21.910 0.2500000000
84723  48.578  -15.274  21.594 0.2500000000
82192  43.691  -17.435  23.487 0.3750000000
81028  42.608  -18.076  22.523 0.7500000000
84724  47.805  -15.400  21.358 0.2500000000
84736  45.998  -14.897  20.501 0.3750000000
84750  45.719  -14.613  19.382 0.3750000000
84737  45.070  -14.983  20.369 0.5000000000
73804  33.065  -24.859  33.054 0.2500000000
85816  50.404  -14.815  23.759 0.2500000000
84679  50.397  -15.715  23.722 0.2500000000
81006  43.149  -18.282  23.823 0.5000000000
84720  50.304  -14.675  22.541 0.2500000000
79855  42.737  -18.771  23.492 0.6250000000
84731  49.782  -14.726  21.329 0.2500000000
81014  42.774  -18.335  23.107 0.7500000000
84746  49.103  -14.834  20.177 0.3750000000
84733  48.521  -15.087  20.732 0.3750000000
84735  46.939  -15.087  20.308 0.3750000000
84747  48.558  -14.805  19.884 0.3750000000
84748  47.826  -14.653  19.489 0.3750000000
84749  46.834  -14.657  19.406 0.3750000000
84721  49.967  -14.822  22.118 0.2500000000
85850  50.197  -14.480  21.275 0.2500000000
85867  50.097  -14.458  20.449 0.3750000000
85880  48.675  -14.519  19.001 0.3750000000
84766  47.900  -14.473  18.303 0.3750000000
77469  38.967  -20.531  24.641 0.7500000000
77468  39.837  -20.760  24.337 0.7500000000
77447  38.775  -20.225  25.513 0.6250000000
52849  17.690  -43.340  22.465 0.6250000000
52681  12.515  -42.509  33.635 0.6250000000
53740  13.268  -42.148  30.838 0.7500000000
52830  16.043  -43.784  24.319 0.6250000000
54823  17.158  -41.881  23.665 0.6250000000
59375  17.238  -37.658  29.591 0.7500000000
55772  15.535  -40.578  30.221 0.7500000000
62890  33.175  -33.368  29.626 0.7500000000
63991  33.388  -32.882  30.143 0.6250000000
69501  32.612  -29.864  26.262 0.8750000000
72903  28.505  -24.696  20.889 0.7500000000
83460  44.013  -16.499  22.376 0.6250000000
85879  49.434  -14.567  19.298 0.3750000000
50681  18.810  -45.931  22.789 0.2500000000
50637  13.991  -45.182  26.613 0.6250000000
51763  14.977  -44.680  25.565 0.6250000000
64073  23.261  -32.755  23.395 0.7500000000
61883  31.186  -35.163  19.346 0.7500000000
48162  16.153  -47.534  24.929 0.2500000000
46919  16.151  -48.061  25.278 0.1250000000
49456  17.704  -46.923  23.879 0.2500000000
63008  22.228  -33.988  21.746 0.6250000000
63007  22.779  -33.324  22.594 0.7500000000
63029  22.727  -34.176  20.860 0.6250000000
61835  21.427  -36.180  21.285 0.6250000000
46885  17.935  -49.502  26.653 0.1250000000
48160  18.289  -47.829  24.797 0.1250000000
48161  17.285  -47.484  24.662 0.1250000000
49441  17.041  -46.991  24.167 0.1250000000
51792  17.125  -44.430  22.891 0.5000000000
51793  16.745  -44.663  23.180 0.6250000000
64124  26.018  -33.411  19.739 0.6250000000
61887  27.187  -35.107  18.691 0.6250000000
60719  27.446  -36.636  18.537 0.3750000000
54733  12.970  -41.208  31.492 0.7500000000
58173  16.101  -38.443  30.927 0.5000000000
58186  16.770  -37.873  30.165 0.6250000000
59359  16.935  -37.826  29.664 0.7500000000
69495  32.219  -28.892  26.838 0.7500000000
83455  48.824  -16.099  23.118 0.2500000000
83438  48.186  -16.341  23.573 0.2500000000
83457  46.890  -15.880  22.842 0.2500000000
82202  46.076  -15.945  23.303 0.3750000000
82203  45.289  -16.191  23.285 0.3750000000
83459  44.910  -15.986  22.488 0.3750000000
84702  47.206  -15.359  22.017 0.2500000000
83474  45.757  -15.393  21.606 0.3750000000
72718  33.360  -25.783  32.983 0.2500000000
72719  32.792  -25.705  32.281 0.2500000000
81004  44.928  -17.114  24.432 0.3750000000
84734  47.755  -15.130  20.488 0.2500000000
84732  49.273  -14.810  20.903 0.2500000000
33426  3.009  -59.911  31.395 0.1250000000
33441  3.070  -59.750  30.486 0.1250000000
33442  2.467  -59.140  29.628 0.1250000000
33461  2.437  -59.333  29.254 0.1250000000
33474  1.710  -59.525  28.582 0.1250000000
32420  3.485  -60.465  32.175 0.1250000000
33419  2.908  -59.567  31.256 0.1250000000
34456  2.664  -58.924  30.720 0.1250000000
33427  2.812  -59.366  30.544 0.1250000000
35562  2.019  -58.411  30.259 0.1250000000
34464  1.493  -58.998  29.178 0.1250000000
33463  1.264  -59.149  29.243 0.1250000000
34498  1.185  -59.425  28.160 0.1250000000
32385  4.397  -60.804  35.022 0.1250000000
34417  4.148  -59.223  35.109 0.1250000000
33404  3.645  -60.299  33.662 0.1250000000
34418  3.786  -59.182  34.147 0.1250000000
33405  3.440  -59.960  33.018 0.1250000000
34430  3.474  -58.999  33.270 0.1250000000
34446  3.230  -59.215  32.282 0.1250000000
35526  3.853  -57.881  33.582 0.1250000000
35555  2.626  -58.238  31.166 0.1250000000
36761  1.768  -57.579  30.357 0.1250000000
37938  1.724  -56.478  29.933 0.1250000000
36778  1.320  -58.121  28.779 0.1250000000
35571  1.226  -58.745  29.115 0.1250000000
32376  4.758  -60.917  36.139 0.1250000000
33385  4.285  -60.114  35.588 0.1250000000
34405  3.983  -59.293  36.228 0.1250000000
36680  3.005  -57.097  36.503 0.1250000000
36674  2.864  -57.095  37.426 0.1250000000
37839  2.763  -56.296  37.100 0.1250000000
36699  3.890  -57.368  34.648 0.1250000000
36753  3.096  -57.042  31.864 0.1250000000
36741  3.669  -56.810  32.756 0.1250000000
37919  2.789  -56.088  31.810 0.1250000000
36754  2.515  -57.172  31.231 0.1250000000
37930  2.246  -56.366  30.821 0.1250000000
36768  1.544  -57.389  29.346 0.1250000000
37944  1.845  -56.590  28.952 0.1250000000
36777  1.552  -57.344  28.381 0.1250000000
35602  1.090  -58.784  27.613 0.1250000000
36797  1.218  -58.027  27.780 0.1250000000
34388  4.112  -59.343  38.844 0.2500000000
32352  4.945  -61.112  37.469 0.1250000000
33371  4.256  -60.050  37.553 0.1250000000
35477  3.616  -58.641  38.675 0.2500000000
35485  3.476  -58.457  36.878 0.2500000000
36679  3.463  -57.793  36.375 0.2500000000
37831  2.756  -56.313  37.962 0.1250000000
36688  3.593  -57.440  35.579 0.1250000000
37852  2.755  -56.358  36.324 0.1250000000
36721  3.898  -56.749  34.091 0.1250000000
37875  3.211  -55.862  34.740 0.1250000000
37918  3.175  -56.431  32.212 0.1250000000
37901  3.293  -55.847  32.617 0.1250000000
37885  3.487  -55.831  33.660 0.1250000000
38998  2.909  -54.993  32.227 0.1250000000
37902  3.000  -55.545  32.296 0.1250000000
40115  2.468  -54.637  29.984 0.1250000000
39020  2.273  -55.481  30.408 0.1250000000
39033  2.117  -55.721  29.492 0.1250000000
39043  2.140  -55.895  28.591 0.1250000000
40133  2.347  -55.106  29.055 0.1250000000
36796  1.578  -57.274  27.517 0.1250000000
37971  1.938  -56.867  26.887 0.1250000000
35474  3.549  -57.939  38.931 0.2500000000
36663  3.393  -57.190  38.718 0.2500000000
37825  3.171  -56.286  38.526 0.2500000000
38989  3.306  -54.605  33.026 0.1250000000
38977  3.071  -54.502  33.775 0.1250000000
40087  2.796  -54.130  31.788 0.1250000000
40098  2.583  -53.828  30.543 0.1250000000
40099  2.376  -54.192  30.950 0.1250000000
40114  2.703  -53.951  30.175 0.1250000000
42417  3.312  -52.629  30.411 0.1250000000
41317  2.666  -54.167  29.851 0.1250000000
41316  2.990  -53.646  29.866 0.1250000000
41334  2.600  -54.318  29.369 0.1250000000
40132  2.712  -54.679  28.582 0.1250000000
39054  2.281  -55.891  27.768 0.1250000000
40149  2.827  -55.166  27.643 0.1250000000
37956  2.230  -56.394  27.185 0.1250000000
36813  1.514  -57.602  26.701 0.1250000000
40166  2.918  -55.138  26.432 0.1250000000
39053  2.545  -55.866  26.959 0.1250000000
37988  2.065  -56.757  25.707 0.1250000000
40068  3.016  -53.845  33.524 0.1250000000
41278  2.643  -53.120  33.057 0.1250000000
41296  2.674  -53.182  31.595 0.1250000000
42407  2.673  -52.563  31.877 0.1250000000
41306  2.847  -53.260  30.528 0.1250000000
41333  3.041  -53.761  28.952 0.1250000000
41345  3.950  -53.787  27.748 0.1250000000
37970  2.303  -56.309  26.341 0.1250000000
39081  2.497  -55.689  25.637 0.1250000000
38006  1.998  -56.862  24.411 0.1250000000
39100  2.549  -55.160  24.995 0.1250000000
39101  2.330  -55.761  24.757 0.1250000000
41403  1.946  -54.063  24.022 0.1250000000
42398  2.535  -52.231  32.515 0.1250000000
43477  2.480  -50.666  34.543 0.1250000000
42419  2.653  -51.973  31.246 0.1250000000
42399  2.499  -51.699  32.255 0.1250000000
45732  2.384  -50.186  33.488 0.1250000000
44598  2.365  -50.356  34.250 0.1250000000
44623  2.455  -50.593  32.554 0.1250000000
45733  2.356  -49.675  33.249 0.1250000000
42418  2.843  -52.297  30.870 0.1250000000
44664  4.512  -50.516  30.175 0.1250000000
42431  3.516  -53.011  29.559 0.1250000000
42446  3.433  -53.235  28.940 0.1250000000
42444  4.931  -52.184  28.615 0.1250000000
41331  4.157  -53.079  28.229 0.1250000000
40131  3.281  -54.270  28.102 0.1250000000
41344  4.523  -53.101  27.552 0.1250000000
40148  3.650  -54.590  27.173 0.1250000000
41355  4.494  -53.114  26.658 0.1250000000
40165  3.571  -54.047  26.110 0.1250000000
41356  3.936  -53.151  26.078 0.1250000000
40179  3.150  -53.811  25.472 0.1250000000
40180  2.828  -54.464  25.297 0.1250000000
42469  4.266  -52.286  26.291 0.1250000000
41368  3.355  -53.249  25.574 0.1250000000
42470  3.570  -52.420  25.752 0.1250000000
42477  2.953  -52.564  25.296 0.1250000000
41385  2.427  -53.644  24.618 0.1250000000
40198  2.425  -54.582  24.558 0.1250000000
42478  2.451  -52.760  24.761 0.1250000000
41386  2.102  -53.765  24.153 0.1250000000
43579  2.625  -51.720  25.116 0.1250000000
44549  2.763  -50.430  37.376 0.1250000000
45712  2.489  -49.817  35.584 0.1250000000
44561  2.539  -50.384  36.686 0.1250000000
45726  2.178  -49.947  33.881 0.1250000000
45721  2.406  -49.584  34.689 0.1250000000
43515  2.712  -51.476  31.210 0.1250000000
45741  2.323  -49.857  32.245 0.1250000000
46844  2.338  -48.686  33.107 0.1250000000
44667  3.111  -50.672  31.047 0.1250000000
45739  2.765  -49.063  31.613 0.1250000000
44665  3.839  -50.512  30.465 0.1250000000
43513  3.629  -51.847  30.385 0.1250000000
43525  4.164  -51.434  30.082 0.1250000000
42429  4.606  -51.837  29.490 0.1250000000
42445  3.941  -52.884  28.899 0.1250000000
43539  5.138  -51.556  28.947 0.1250000000
42443  5.428  -51.582  28.289 0.1250000000
42458  4.928  -52.206  27.176 0.1250000000
43552  5.510  -51.045  27.944 0.1250000000
44686  5.267  -50.245  27.548 0.1250000000
43553  5.123  -51.176  27.269 0.1250000000
43566  4.481  -51.335  26.635 0.1250000000
43567  3.639  -51.436  26.072 0.1250000000
44695  3.947  -50.488  26.514 0.1250000000
43578  3.145  -51.854  25.555 0.1250000000
44696  3.201  -50.465  26.083 0.1250000000
43590  2.242  -52.284  24.334 0.1250000000
44529  3.225  -50.404  38.876 0.3750000000
45680  3.178  -49.466  38.346 0.3750000000
45693  2.675  -49.501  36.985 0.1250000000
45686  2.891  -49.468  37.666 0.2500000000
47978  2.255  -47.748  34.589 0.1250000000
46776  2.506  -48.302  35.706 0.1250000000
47999  2.285  -47.692  33.502 0.1250000000
47961  2.288  -46.985  34.595 0.1250000000
47960  2.407  -47.276  35.054 0.1250000000
45752  3.248  -49.363  31.400 0.1250000000
46843  2.439  -48.182  32.586 0.1250000000
47979  2.155  -47.435  34.053 0.1250000000
46868  3.966  -49.560  31.032 0.1250000000
45768  3.702  -49.871  31.022 0.1250000000
45769  3.289  -50.084  31.224 0.1250000000
44663  5.205  -50.328  29.764 0.1250000000
43523  5.318  -50.755  29.280 0.1250000000
44677  5.506  -50.198  29.054 0.1250000000
50620  12.928  -45.182  27.531 0.5000000000
49406  12.593  -46.252  27.325 0.3750000000
44694  4.680  -50.400  26.942 0.1250000000
45806  4.237  -49.768  26.802 0.1250000000
44512  4.608  -49.511  40.230 0.5000000000
44514  3.616  -49.601  39.781 0.3750000000
45667  3.467  -49.132  39.537 0.3750000000
46740  3.366  -48.863  38.854 0.3750000000
47897  3.249  -47.452  38.357 0.2500000000
47929  2.581  -47.401  36.732 0.1250000000
47913  2.798  -47.414  37.644 0.1250000000
49240  2.694  -46.208  37.079 0.1250000000
49269  2.053  -46.224  35.074 0.1250000000
50506  2.166  -45.041  35.829 0.1250000000
48055  2.842  -47.928  31.915 0.1250000000
49297  2.387  -46.559  33.666 0.1250000000
50520  2.113  -45.356  34.561 0.1250000000
56929  13.442  -39.379  32.355 0.5000000000
55723  12.834  -40.590  31.897 0.5000000000
48025  2.579  -47.511  32.489 0.1250000000
50527  2.382  -45.348  34.037 0.1250000000
51643  2.277  -44.739  34.367 0.1250000000
55739  13.362  -39.837  31.929 0.5000000000
46858  3.762  -48.928  31.335 0.1250000000
49310  2.670  -46.848  32.430 0.1250000000
50536  2.488  -45.743  33.128 0.1250000000
51644  2.424  -44.514  34.192 0.1250000000
46867  4.272  -49.315  30.934 0.1250000000
48078  3.417  -47.979  31.540 0.1250000000
45751  4.936  -49.047  30.608 0.1250000000
48077  3.988  -47.964  31.360 0.1250000000
45765  5.547  -49.358  29.651 0.1250000000
46865  6.253  -48.481  29.129 0.1250000000
45785  5.947  -49.354  28.665 0.1250000000
45798  5.760  -49.223  27.786 0.1250000000
44510  5.650  -48.985  40.707 0.5000000000
45658  4.900  -48.724  40.777 0.5000000000
44520  4.998  -49.879  40.110 0.5000000000
45659  4.399  -48.623  40.438 0.5000000000
46720  4.121  -47.893  40.313 0.3750000000
47881  3.814  -47.561  39.441 0.3750000000
49198  3.953  -46.951  39.232 0.3750000000
50468  3.416  -45.263  39.401 0.1250000000
56856  14.632  -38.121  35.737 0.2500000000
56886  13.302  -38.735  34.656 0.2500000000
56857  13.594  -38.404  35.860 0.2500000000
56887  12.673  -39.089  35.151 0.3750000000
50484  2.682  -45.186  37.752 0.1250000000
50469  3.042  -45.349  38.719 0.1250000000
55712  12.519  -39.915  33.706 0.3750000000
51581  2.712  -44.387  38.649 0.1250000000
56911  13.508  -38.817  33.225 0.5000000000
55713  12.473  -39.601  34.581 0.3750000000
51616  2.317  -44.124  36.107 0.1250000000
51600  2.389  -43.908  36.932 0.1250000000
55724  12.857  -39.895  32.573 0.3750000000
54720  12.515  -41.107  32.798 0.5000000000
52665  2.208  -43.558  35.787 0.1250000000
55738  13.797  -40.421  31.403 0.5000000000
49337  2.724  -45.706  32.603 0.1250000000
51662  2.843  -44.909  33.307 0.1250000000
52709  2.810  -43.774  33.993 0.1250000000
49335  3.500  -46.294  31.734 0.1250000000
46856  5.033  -48.471  30.702 0.1250000000
48052  4.139  -47.356  31.373 0.1250000000
48075  5.513  -47.530  30.483 0.1250000000
59503  24.838  -38.292  21.937 0.1250000000
45656  6.091  -48.604  41.032 0.5000000000
45651  5.651  -47.980  41.499 0.5000000000
46713  5.276  -47.352  41.606 0.5000000000
45665  6.648  -48.774  40.735 0.5000000000
47864  4.698  -46.643  41.327 0.3750000000
47865  4.283  -46.923  40.768 0.3750000000
49187  4.084  -45.947  40.862 0.3750000000
50446  3.931  -44.998  40.643 0.2500000000
56858  12.378  -39.056  35.803 0.3750000000
55699  12.025  -39.952  35.153 0.3750000000
52617  2.655  -43.514  38.519 0.1250000000
56885  14.598  -38.051  34.620 0.2500000000
54706  12.255  -41.274  35.090 0.5000000000
54705  12.409  -41.545  34.533 0.5000000000
56910  14.979  -38.031  33.298 0.3750000000
56928  14.303  -39.023  31.859 0.5000000000
57122  21.706  -39.926  20.953 0.1250000000
55875  21.199  -40.769  21.169 0.1250000000
57140  22.121  -39.242  20.851 0.1250000000
58347  21.695  -38.592  20.611 0.1250000000
59504  24.220  -38.607  22.124 0.1250000000
58326  23.655  -38.645  21.917 0.1250000000
58327  23.113  -38.863  21.592 0.1250000000
59502  25.209  -37.991  21.731 0.1250000000
60652  24.600  -37.321  21.845 0.1250000000
58307  26.243  -39.400  21.473 0.2500000000
59500  25.783  -38.424  21.309 0.2500000000
59501  25.545  -37.855  21.634 0.1250000000
58306  27.384  -39.929  21.699 0.1250000000
58325  27.036  -39.238  20.687 0.2500000000
59517  26.186  -38.498  20.604 0.2500000000
58344  28.698  -39.308  19.982 0.1250000000
58343  29.762  -39.547  20.033 0.1250000000
58370  28.345  -38.724  19.233 0.1250000000
46709  8.270  -46.524  42.017 0.5000000000
46710  7.336  -46.909  42.090 0.3750000000
45650  6.287  -47.724  41.663 0.3750000000
45664  7.488  -48.109  40.925 0.5000000000
55662  15.755  -38.813  37.621 0.2500000000
58066  14.540  -38.047  36.933 0.2500000000
58086  13.806  -38.237  36.555 0.2500000000
56832  12.175  -38.972  36.369 0.2500000000
56833  11.671  -39.437  36.627 0.5000000000
55680  16.028  -38.773  37.162 0.2500000000
55681  15.818  -38.753  37.322 0.2500000000
56831  14.265  -38.216  36.412 0.2500000000
58100  13.006  -38.545  36.199 0.2500000000
56859  11.893  -39.475  36.156 0.3750000000
55683  11.603  -40.063  36.269 0.5000000000
55698  16.233  -38.578  36.709 0.3750000000
56829  15.645  -38.220  36.529 0.2500000000
55682  11.893  -40.582  35.863 0.5000000000
56855  15.868  -38.130  35.875 0.3750000000
56953  15.440  -39.610  30.773 0.5000000000
58348  20.960  -38.667  20.707 0.2500000000
58346  22.435  -38.609  20.843 0.1250000000
60697  21.639  -37.517  20.634 0.1250000000
60653  24.349  -37.794  21.835 0.1250000000
60674  23.597  -37.175  21.186 0.1250000000
59520  22.822  -37.936  20.947 0.1250000000
60650  25.351  -36.888  21.395 0.1250000000
60651  25.141  -36.917  21.767 0.1250000000
59518  25.744  -37.603  20.743 0.2500000000
59536  26.876  -38.360  19.789 0.2500000000
58345  27.807  -38.855  19.967 0.2500000000
58368  30.234  -38.800  19.036 0.2500000000
58369  29.166  -38.926  19.121 0.1250000000
59572  32.191  -37.461  18.273 0.2500000000
58386  31.759  -38.207  18.650 0.2500000000
58387  30.932  -38.275  18.646 0.2500000000
60734  33.624  -36.480  18.162 0.2500000000
60735  32.671  -36.580  18.059 0.2500000000
46725  8.450  -47.102  41.007 0.5000000000
55612  16.232  -40.042  40.803 0.2500000000
55621  15.880  -39.245  40.182 0.2500000000
56776  15.276  -38.384  39.563 0.2500000000
54648  16.671  -40.470  40.297 0.2500000000
55620  16.272  -39.733  39.754 0.2500000000
55630  15.801  -39.057  39.189 0.2500000000
56789  14.632  -37.939  38.833 0.2500000000
58057  13.723  -37.704  38.183 0.2500000000
54659  17.032  -40.593  39.628 0.2500000000
54660  16.511  -40.102  39.236 0.2500000000
55629  16.122  -39.512  38.898 0.2500000000
56788  15.270  -38.405  38.586 0.2500000000
58068  12.574  -38.259  37.470 0.2500000000
56808  11.500  -39.172  37.358 0.2500000000
54670  16.773  -40.109  38.606 0.2500000000
55641  16.400  -39.641  38.065 0.2500000000
55642  16.012  -39.464  38.118 0.2500000000
56805  15.138  -38.217  37.634 0.2500000000
56807  12.056  -38.798  36.864 0.2500000000
55663  11.219  -40.194  36.899 0.5000000000
54684  17.213  -39.958  38.212 0.2500000000
55679  16.613  -39.069  37.134 0.2500000000
55661  16.094  -39.170  37.667 0.2500000000
53681  11.548  -42.202  36.641 0.5000000000
55678  17.289  -39.281  37.034 0.3750000000
54696  11.807  -41.453  36.283 0.5000000000
52648  11.862  -42.601  35.907 0.5000000000
55697  16.783  -38.763  36.485 0.3750000000
56854  16.935  -38.421  35.688 0.3750000000
56909  16.462  -37.974  33.864 0.3750000000
56884  16.037  -37.832  34.772 0.3750000000
58137  15.843  -37.992  32.706 0.3750000000
60675  21.985  -36.953  20.606 0.3750000000
60672  25.036  -36.186  20.964 0.1250000000
61832  24.288  -35.711  20.673 0.1250000000
60695  25.647  -36.484  19.958 0.2500000000
60696  25.272  -36.277  20.452 0.2500000000
59558  26.817  -37.496  19.103 0.2500000000
59537  26.128  -37.581  19.788 0.2500000000
59557  27.666  -37.996  18.912 0.2500000000
59555  29.523  -38.323  18.587 0.2500000000
59573  31.232  -37.550  18.336 0.2500000000
61919  33.865  -35.204  17.735 0.5000000000
63072  34.964  -34.804  18.185 0.3750000000
63085  33.733  -34.568  17.790 0.3750000000
55606  15.767  -39.511  42.089 0.2500000000
56754  15.389  -38.756  42.246 0.2500000000
58037  15.054  -37.991  40.327 0.2500000000
55605  16.126  -40.259  41.855 0.2500000000
56762  15.505  -38.749  41.322 0.2500000000
59260  12.968  -37.352  39.370 0.2500000000
58047  12.402  -37.658  38.878 0.2500000000
58045  14.803  -37.876  39.606 0.2500000000
58046  13.886  -37.626  39.312 0.2500000000
58058  12.645  -37.948  38.317 0.2500000000
58069  11.864  -38.546  37.913 0.2500000000
55644  10.846  -40.250  37.951 0.5000000000
54687  11.098  -41.473  37.117 0.5000000000
56883  17.181  -38.262  34.884 0.3750000000
56908  17.437  -38.306  34.237 0.3750000000
58156  16.502  -37.895  31.974 0.3750000000
60435  30.128  -35.432  34.934 0.3750000000
59325  28.559  -35.648  34.621 0.3750000000
60450  29.625  -35.365  34.486 0.3750000000
60464  28.783  -34.992  34.181 0.6250000000
60676  20.977  -36.938  21.181 0.3750000000
60677  20.526  -36.986  21.963 0.5000000000
61863  23.659  -35.082  20.466 0.1250000000
61833  23.552  -35.872  20.743 0.2500000000
61888  25.892  -35.613  19.154 0.2500000000
61861  25.194  -35.443  20.010 0.2500000000
60720  26.345  -36.558  18.969 0.2500000000
60739  29.091  -37.213  18.511 0.3750000000
60718  28.434  -36.960  18.502 0.3750000000
60738  29.765  -36.963  18.454 0.2500000000
59575  29.428  -37.694  18.422 0.2500000000
61903  32.159  -35.764  18.191 0.5000000000
60736  31.694  -36.671  18.197 0.3750000000
61902  33.212  -35.449  17.919 0.6250000000
64149  34.876  -33.686  17.562 0.2500000000
63084  34.499  -34.535  17.771 0.2500000000
58028  14.470  -37.723  41.092 0.2500000000
59250  13.318  -37.135  40.086 0.2500000000
56882  17.948  -38.772  34.959 0.3750000000
56907  18.152  -38.446  34.116 0.3750000000
58136  17.235  -38.084  33.212 0.3750000000
59327  26.815  -36.156  33.897 0.3750000000
60422  30.169  -35.746  35.437 0.3750000000
60411  30.556  -35.474  36.225 0.3750000000
60449  30.722  -34.749  33.871 0.6250000000
60410  31.048  -34.678  35.599 0.3750000000
60420  31.400  -34.651  34.682 0.3750000000
60434  31.250  -34.767  34.235 0.3750000000
60433  31.732  -34.712  34.191 0.3750000000
60448  31.652  -34.589  33.216 0.6250000000
61654  32.735  -34.176  32.312 0.3750000000
61653  33.076  -33.930  31.965 0.5000000000
61678  32.510  -34.275  31.119 0.5000000000
60654  20.902  -36.368  22.060 0.6250000000
64151  33.482  -33.780  17.926 0.5000000000
65222  34.484  -32.957  17.416 0.1250000000
64150  34.075  -33.742  17.569 0.2500000000
58135  18.510  -38.083  33.232 0.3750000000
61615  31.821  -34.414  35.943 0.3750000000
62840  33.116  -33.573  35.007 0.2500000000
61614  32.548  -33.979  35.423 0.2500000000
62826  33.403  -33.045  35.544 0.2500000000
61635  32.919  -34.063  33.718 0.2500000000
61646  32.586  -34.307  33.237 0.2500000000
62850  33.240  -33.660  34.173 0.2500000000
61655  32.276  -34.442  32.711 0.3750000000
61645  32.997  -33.940  32.852 0.3750000000
62878  33.327  -33.416  30.554 0.6250000000
65215  32.828  -32.758  18.760 0.5000000000
58134  19.611  -38.133  33.251 0.3750000000
62827  32.948  -33.458  35.854 0.2500000000
65053  33.719  -32.254  32.290 0.3750000000
56924  23.219  -37.960  33.515 0.3750000000
58151  22.118  -37.667  32.873 0.3750000000
58150  23.168  -37.618  33.035 0.3750000000
58153  20.128  -38.083  32.409 0.5000000000
67198  33.638  -30.815  32.471 0.2500000000
66128  33.732  -31.678  31.944 0.2500000000
58152  21.132  -37.954  32.712 0.5000000000
68480  29.670  -29.963  21.216 0.5000000000
70606  29.263  -28.274  21.606 0.5000000000
71754  28.980  -26.872  21.573 0.6250000000
71775  28.466  -26.675  20.113 0.6250000000
74952  32.608  -23.810  32.419 0.2500000000
76294  40.590  -20.752  23.350 0.7500000000
81176  46.402  -18.482  7.968 0.1250000000
80040  46.108  -19.385  8.414 0.1250000000
81177  45.334  -18.650  8.344 0.1250000000
81188  46.956  -18.340  7.688 0.1250000000
82387  45.688  -17.631  7.830 0.1250000000
82400  46.584  -17.637  7.264 0.1250000000
82398  48.858  -18.232  6.738 0.1250000000
82399  47.861  -17.705  6.856 0.1250000000
82401  45.679  -16.793  7.278 0.2500000000
83641  47.139  -16.755  6.579 0.1250000000
82412  48.575  -17.465  6.196 0.1250000000
82413  47.792  -16.988  6.176 0.1250000000
83646  48.179  -16.497  5.611 0.1250000000
84880  45.234  -15.439  7.587 0.6250000000
83643  45.418  -15.903  7.214 0.2500000000
83642  46.169  -16.140  6.715 0.1250000000
83647  47.516  -16.143  6.092 0.1250000000
83645  49.109  -17.108  5.601 0.1250000000
83666  49.731  -15.960  4.273 0.1250000000
85970  47.724  -13.685  7.913 0.7500000000
84884  46.555  -14.975  6.542 0.2500000000
84883  47.279  -15.114  6.081 0.2500000000
83648  46.951  -15.827  6.429 0.2500000000
84892  48.096  -15.354  5.037 0.1250000000
84891  49.071  -15.481  4.610 0.1250000000
83656  48.760  -16.346  5.016 0.2500000000
87029  49.128  -13.097  7.897 0.7500000000
87042  47.583  -13.444  7.373 0.5000000000
85982  47.193  -13.953  6.617 0.2500000000
85997  47.559  -14.329  5.986 0.3750000000
84893  47.670  -14.891  5.605 0.2500000000
84882  47.724  -15.626  5.665 0.2500000000
84903  50.038  -15.513  3.600 0.1250000000
83665  50.445  -16.749  4.190 0.1250000000
87039  50.525  -12.421  7.230 0.7500000000
87053  48.287  -13.136  6.177 0.5000000000
87041  48.046  -13.070  7.021 0.3750000000
88154  49.802  -12.388  6.032 0.6250000000
87052  48.769  -12.948  5.479 0.5000000000
85981  47.763  -13.658  6.223 0.3750000000
87070  49.847  -13.185  4.168 0.1250000000
85996  47.960  -14.010  5.499 0.3750000000
87071  49.174  -13.425  4.743 0.3750000000
85995  48.619  -14.240  4.834 0.3750000000
86024  50.327  -14.513  3.103 0.1250000000
84904  49.487  -15.160  4.038 0.1250000000
45666  6.221  -49.021  40.600 0.5000000000
44513  4.057  -49.611  40.012 0.5000000000
44539  3.012  -50.470  37.992 0.1250000000
44530  3.142  -50.466  38.493 0.1250000000
35481  3.448  -58.625  37.872 0.2500000000
34391  3.888  -59.357  38.121 0.2500000000
35486  3.114  -57.687  36.971 0.1250000000
46717  7.922  -47.264  41.499 0.5000000000
43471  2.466  -51.075  35.013 0.1250000000
44585  2.454  -50.445  35.522 0.1250000000
43505  7.225  -50.759  31.600 0.1250000000
49407  12.039  -46.842  27.513 0.1250000000
57123  20.613  -39.662  20.917 0.2500000000
58328  20.419  -38.598  21.265 0.3750000000
59314  29.395  -35.909  34.926 0.3750000000
61794  21.406  -35.198  23.007 0.6250000000
60634  20.920  -36.024  23.270 0.6250000000
60461  31.975  -34.495  32.171 0.5000000000
63074  32.431  -34.956  18.377 0.6250000000
61666  32.402  -34.348  31.689 0.6250000000
66266  31.989  -31.907  19.347 0.5000000000
69548  29.390  -29.179  21.362 0.5000000000
74946  33.017  -23.818  33.356 0.1250000000
35473  4.067  -58.477  39.234 0.2500000000
37864  2.825  -56.063  35.643 0.1250000000
43478  2.521  -51.180  34.105 0.1250000000
60655  20.509  -36.708  22.767 0.6250000000
87040  49.282  -12.513  6.837 0.7500000000
49405  13.174  -45.622  27.047 0.5000000000
61809  21.379  -35.602  22.106 0.5000000000
61864  23.108  -35.263  20.586 0.5000000000
61862  24.351  -35.016  20.228 0.2500000000
61860  25.559  -35.778  19.677 0.2500000000
54712  12.294  -41.226  34.056 0.5000000000
58138  14.955  -38.344  32.268 0.3750000000
58157  15.262  -38.537  31.690 0.3750000000
61904  31.311  -35.795  18.483 0.6250000000
33460  3.174  -59.522  29.475 0.1250000000
34463  2.210  -58.808  29.778 0.1250000000
33418  3.240  -59.929  32.043 0.1250000000
34447  2.965  -59.167  31.523 0.1250000000
36762  1.585  -58.239  29.997 0.1250000000
36769  1.467  -58.152  29.553 0.1250000000
35587  1.040  -58.789  28.408 0.1250000000
33394  3.959  -60.090  34.419 0.1250000000
35493  3.908  -58.374  35.828 0.2500000000
32396  3.900  -60.891  33.932 0.1250000000
35507  3.782  -58.613  33.876 0.1250000000
35506  3.959  -58.238  34.613 0.1250000000
35542  3.246  -58.119  32.235 0.1250000000
35543  3.039  -58.738  31.749 0.1250000000
35554  2.866  -57.663  31.571 0.1250000000
33374  4.229  -60.130  36.652 0.2500000000
36700  3.445  -56.679  35.111 0.1250000000
39008  2.533  -55.236  31.330 0.1250000000
32362  4.651  -60.722  37.105 0.2500000000
32353  4.707  -60.579  37.806 0.1250000000
30182  5.597  -62.065  37.186 0.1250000000
34395  3.777  -59.374  37.229 0.2500000000
38988  3.303  -55.147  33.370 0.1250000000
37957  1.897  -56.605  27.893 0.1250000000
40079  3.161  -53.949  32.615 0.1250000000
41307  2.530  -52.896  30.971 0.1250000000
39067  2.524  -55.790  26.332 0.1250000000
39082  2.317  -56.196  25.427 0.1250000000
41287  2.836  -53.156  32.197 0.1250000000
41308  2.642  -52.011  30.990 0.1250000000
40147  4.311  -53.907  26.890 0.1250000000
40199  2.137  -54.722  24.043 0.1250000000
39122  2.147  -55.718  23.760 0.1250000000
42486  1.539  -53.168  23.971 0.1250000000
43485  2.508  -51.344  33.260 0.1250000000
43496  2.483  -51.300  32.629 0.1250000000
44610  2.439  -50.584  33.684 0.1250000000
44584  2.548  -50.381  35.000 0.1250000000
44573  2.378  -50.275  36.087 0.1250000000
43506  2.548  -51.383  31.671 0.1250000000
45722  2.143  -48.930  34.413 0.1250000000
44651  2.583  -50.742  31.606 0.1250000000
44666  3.441  -50.503  30.801 0.1250000000
40164  4.121  -53.611  26.393 0.1250000000
43568  3.015  -51.201  25.666 0.1250000000
45702  2.463  -49.599  36.271 0.1250000000
46793  2.478  -48.974  35.545 0.1250000000
46812  2.068  -48.386  34.234 0.1250000000
46810  2.463  -48.168  35.015 0.1250000000
45754  2.645  -50.081  31.627 0.1250000000
46851  2.282  -48.888  32.291 0.1250000000
46829  2.129  -48.500  33.643 0.1250000000
45672  3.352  -49.444  38.896 0.3750000000
46750  2.882  -48.467  38.064 0.2500000000
46777  2.512  -48.563  36.376 0.1250000000
46763  2.636  -48.489  37.304 0.1250000000
47943  2.501  -48.020  35.492 0.1250000000
47944  2.505  -47.540  35.764 0.1250000000
48026  2.467  -47.335  33.114 0.1250000000
49283  2.250  -46.309  34.317 0.1250000000
49268  2.363  -46.769  35.464 0.1250000000
49254  2.043  -45.630  35.517 0.1250000000
48054  2.927  -47.289  31.965 0.1250000000
44511  5.238  -49.209  40.523 0.5000000000
45660  3.863  -48.858  40.019 0.3750000000
46727  3.682  -48.190  39.810 0.3750000000
46733  3.505  -48.529  39.178 0.3750000000
46734  3.634  -48.039  39.010 0.3750000000
46741  3.302  -48.429  38.692 0.3750000000
47882  3.712  -47.520  38.865 0.3750000000
49252  2.428  -45.569  36.362 0.1250000000
50495  2.537  -45.293  36.765 0.1250000000
50512  1.820  -45.180  35.164 0.1250000000
50496  2.407  -44.689  36.466 0.1250000000
49312  2.459  -46.272  33.231 0.1250000000
52682  2.248  -43.673  35.097 0.1250000000
51625  2.110  -44.344  35.428 0.1250000000
51652  2.676  -44.644  33.720 0.1250000000
49336  2.874  -46.068  32.223 0.1250000000
46857  4.411  -48.586  31.115 0.1250000000
46864  6.502  -48.027  28.671 0.1250000000
45657  5.439  -48.619  40.996 0.5000000000
45653  4.731  -48.126  40.950 0.5000000000
45652  5.092  -48.104  41.288 0.5000000000
46719  4.503  -47.619  40.844 0.5000000000
49197  3.795  -46.264  39.885 0.3750000000
47872  3.921  -47.144  40.189 0.3750000000
49213  3.656  -45.772  39.559 0.2500000000
49214  3.625  -46.348  38.937 0.2500000000
49227  3.013  -46.341  38.090 0.1250000000
50485  2.528  -44.616  37.119 0.1250000000
51582  2.581  -44.138  37.759 0.1250000000
52618  2.481  -43.405  37.654 0.1250000000
45649  6.757  -47.415  41.807 0.5000000000
46712  5.819  -47.155  41.957 0.3750000000
46714  4.845  -47.490  41.304 0.5000000000
45655  6.940  -47.860  41.415 0.5000000000
50454  3.733  -45.155  39.956 0.2500000000
56830  15.100  -38.170  36.778 0.2500000000
58101  12.581  -38.765  36.251 0.2500000000
52611  3.032  -43.583  39.563 0.1250000000
53670  2.873  -42.800  39.197 0.1250000000
57141  21.404  -39.225  20.702 0.1250000000
57139  22.619  -39.141  21.140 0.1250000000
59519  23.478  -38.199  21.585 0.1250000000
60673  24.383  -36.488  21.236 0.1250000000
58308  25.803  -38.822  21.846 0.2500000000
58324  28.139  -39.823  20.861 0.1250000000
46718  7.417  -47.450  41.592 0.5000000000
46711  6.492  -47.119  42.072 0.3750000000
46707  6.173  -46.676  42.122 0.3750000000
55643  15.757  -38.946  38.303 0.2500000000
58067  13.916  -37.897  37.294 0.2500000000
58087  12.830  -38.438  36.680 0.2500000000
53690  12.128  -42.023  35.747 0.5000000000
59540  20.747  -38.066  20.931 0.3750000000
60698  21.347  -37.364  20.770 0.3750000000
60671  25.462  -36.849  20.914 0.1250000000
59574  30.229  -37.807  18.380 0.2500000000
59556  28.729  -38.060  18.559 0.2500000000
55613  15.867  -39.463  41.161 0.2500000000
56769  15.581  -38.766  40.528 0.2500000000
56806  14.646  -37.881  38.088 0.2500000000
54671  16.331  -39.844  38.529 0.2500000000
54685  16.797  -39.694  37.999 0.2500000000
55659  16.989  -39.471  37.665 0.2500000000
61831  24.710  -35.613  20.456 0.1250000000
55598  15.981  -40.210  42.900 0.2500000000
58027  14.922  -38.009  41.384 0.2500000000
58038  14.314  -37.646  40.549 0.2500000000
58048  11.225  -38.077  39.006 0.2500000000
58059  11.668  -38.336  38.442 0.2500000000
60421  30.465  -35.285  35.381 0.3750000000
59304  29.588  -36.098  35.370 0.3750000000
61636  32.232  -34.518  34.117 0.2500000000
61625  32.010  -34.412  35.025 0.2500000000
61647  32.033  -34.609  33.610 0.3750000000
61624  32.767  -34.089  34.557 0.2500000000
62857  33.250  -33.644  33.341 0.2500000000
82386  46.218  -17.932  7.693 0.1250000000
88145  50.063  -12.232  6.657 0.7500000000
86012  49.231  -14.301  4.278 0.1250000000
49179  5.230  -45.258  41.580 0.2500000000
49180  4.621  -45.554  41.351 0.2500000000
49181  4.366  -46.279  41.133 0.2500000000
47859  5.021  -46.954  41.543 0.2500000000
50436  5.604  -44.389  42.399 0.2500000000
50441  4.917  -44.661  41.559 0.2500000000
47848  7.598  -45.829  42.668 0.2500000000
47850  6.157  -45.953  42.091 0.2500000000
49176  5.778  -44.989  41.924 0.2500000000
47856  8.072  -46.263  42.436 0.2500000000
46706  6.658  -46.476  42.289 0.2500000000
47857  5.866  -46.532  42.009 0.2500000000
46716  8.796  -46.346  41.586 0.3750000000
61560  13.386  -35.817  41.755 0.1250000000
61576  10.375  -35.876  40.705 0.1250000000
59225  8.811  -37.582  42.235 0.1250000000
58008  8.611  -38.459  42.784 0.1250000000
55591  8.341  -40.351  43.838 0.1250000000
55589  15.689  -39.546  43.553 0.1250000000
56745  15.357  -38.725  43.207 0.1250000000
58019  14.718  -37.785  42.847 0.1250000000
60360  13.308  -36.430  41.015 0.1250000000
60361  12.579  -35.872  40.674 0.1250000000
60379  10.710  -36.468  40.017 0.1250000000
59238  9.485  -37.846  40.991 0.1250000000
58030  9.348  -38.257  41.405 0.1250000000
56755  9.196  -39.552  42.203 0.1250000000
55600  9.192  -40.532  42.806 0.1250000000
53625  9.211  -42.331  43.756 0.1250000000
52583  8.654  -42.848  44.316 0.1250000000
50424  8.215  -43.852  43.991 0.2500000000
50421  7.359  -43.510  44.079 0.2500000000
50432  5.892  -44.157  42.926 0.2500000000
51541  5.215  -43.498  42.654 0.2500000000
55588  15.948  -40.283  43.771 0.1250000000
55599  15.685  -39.366  42.852 0.1250000000
58018  14.930  -38.079  42.399 0.1250000000
59224  14.273  -37.326  42.076 0.1250000000
60378  12.161  -36.314  39.964 0.1250000000
59252  10.563  -37.179  39.730 0.1250000000
58029  9.597  -38.403  40.954 0.1250000000
58020  9.416  -38.819  41.575 0.1250000000
55607  9.603  -40.550  41.770 0.1250000000
54619  9.268  -41.629  43.198 0.1250000000
52587  9.562  -43.383  43.190 0.1250000000
50422  9.324  -44.455  43.652 0.2500000000
49162  8.534  -44.658  43.536 0.2500000000
50431  6.537  -44.293  43.165 0.2500000000
59237  14.084  -37.448  41.133 0.1250000000
60392  11.651  -36.897  39.527 0.1250000000
60393  11.208  -36.796  39.610 0.1250000000
59263  10.307  -37.803  39.814 0.1250000000
53650  9.833  -42.566  41.926 0.2500000000
53639  9.533  -42.671  42.757 0.1250000000
49166  9.900  -45.415  42.952 0.3750000000
47846  9.037  -45.865  42.884 0.3750000000
59262  11.012  -37.413  39.367 0.1250000000
47861  9.743  -45.989  41.574 0.3750000000
47853  9.681  -45.756  42.126 0.3750000000
59261  12.191  -37.145  39.408 0.1250000000
46731  8.753  -47.277  40.293 0.3750000000
59293  30.293  -35.940  36.102 0.2500000000
59294  30.125  -36.091  35.839 0.2500000000
58039  9.978  -38.482  40.340 0.1250000000
56763  9.667  -39.370  41.130 0.1250000000
52586  10.324  -43.974  42.956 0.3750000000
51539  9.744  -44.010  43.255 0.2500000000
54618  15.948  -41.096  43.068 0.1250000000
58049  10.451  -38.380  39.632 0.1250000000
56770  10.116  -39.353  40.176 0.1250000000
55614  9.865  -40.443  40.726 0.2500000000
53659  10.096  -42.607  41.445 0.2500000000
52591  10.393  -43.905  42.305 0.2500000000
50435  10.699  -45.098  42.603 0.3750000000
53648  16.484  -41.344  42.845 0.1250000000
54626  16.375  -41.157  42.516 0.1250000000
56779  10.468  -39.207  39.241 0.1250000000
55622  10.201  -40.234  39.810 0.2500000000
54650  10.189  -41.263  40.265 0.3750000000
52601  10.978  -43.489  40.781 0.3750000000
51549  10.627  -44.261  41.935 0.3750000000
49178  10.312  -45.460  41.715 0.3750000000
47871  9.976  -46.161  41.017 0.3750000000
53635  17.266  -41.664  43.106 0.1250000000
53647  16.823  -41.609  42.583 0.1250000000
56778  10.995  -38.850  38.655 0.1250000000
55631  10.293  -40.132  39.000 0.3750000000
54662  10.223  -40.981  39.325 0.3750000000
54661  10.412  -41.946  39.709 0.3750000000
51552  11.436  -44.703  40.868 0.3750000000
47869  11.151  -46.123  40.446 0.3750000000
47870  10.482  -46.144  40.683 0.3750000000
63890  32.287  -32.461  38.800 0.1250000000
62788  32.030  -33.432  38.680 0.1250000000
53646  17.572  -42.086  42.599 0.1250000000
54634  16.762  -41.484  41.979 0.1250000000
54635  16.544  -40.858  41.422 0.1250000000
54673  10.434  -40.636  38.654 0.3750000000
50453  11.927  -45.325  40.562 0.3750000000
49196  11.494  -46.412  39.921 0.3750000000
63889  32.694  -32.322  38.337 0.1250000000
62787  32.457  -32.841  38.187 0.1250000000
61580  31.664  -34.251  38.509 0.1250000000
53656  17.909  -42.146  41.961 0.1250000000
54647  17.306  -41.275  40.985 0.1250000000
50467  11.841  -45.272  39.503 0.3750000000
64983  32.942  -31.789  38.544 0.1250000000
62798  32.661  -33.073  37.483 0.1250000000
62799  32.117  -33.619  38.003 0.1250000000
61593  31.264  -35.037  38.276 0.1250000000
60405  30.607  -35.714  37.132 0.1250000000
53664  18.090  -41.815  41.360 0.1250000000
62812  32.203  -33.744  37.193 0.1250000000
60397  31.215  -35.100  37.461 0.2500000000
54658  17.791  -40.540  40.025 0.1250000000
61604  32.348  -33.868  36.313 0.1250000000
61605  31.704  -34.395  36.874 0.2500000000
59273  30.107  -36.426  37.253 0.1250000000
58064  29.559  -36.982  37.170 0.1250000000
54669  17.438  -40.388  38.965 0.1250000000
60404  31.095  -34.951  36.540 0.2500000000
58081  29.815  -36.555  36.547 0.2500000000
56821  28.234  -37.622  36.452 0.1250000000
55658  17.675  -39.719  37.716 0.1250000000
58096  29.602  -36.567  36.167 0.2500000000
58098  28.544  -37.062  36.039 0.2500000000
56844  28.119  -37.352  36.023 0.2500000000
59315  28.926  -35.928  34.788 0.2500000000
58125  27.944  -36.411  35.244 0.2500000000
58115  27.656  -36.958  35.361 0.2500000000
59316  27.999  -35.941  34.947 0.2500000000
58126  27.282  -36.574  34.854 0.2500000000
52600  11.385  -44.105  40.436 0.3750000000
53633  18.903  -41.903  43.105 0.1250000000
53634  18.050  -42.030  43.245 0.1250000000
53669  10.819  -42.740  39.133 0.3750000000
52605  11.117  -43.443  39.891 0.3750000000
51554  11.763  -44.660  40.034 0.3750000000
53632  19.660  -41.607  42.819 0.1250000000
53645  18.405  -42.198  42.566 0.1250000000
54672  10.506  -41.548  38.510 0.3750000000
52609  11.325  -43.345  39.132 0.3750000000
52604  11.477  -43.959  39.532 0.3750000000
66048  33.926  -30.788  38.047 0.1250000000
62789  31.573  -34.041  39.061 0.1250000000
53655  18.677  -42.132  41.849 0.1250000000
53672  10.920  -42.421  38.002 0.3750000000
52608  11.469  -43.634  38.484 0.3750000000
51562  11.600  -44.474  39.001 0.3750000000
65001  33.717  -31.600  36.804 0.1250000000
64993  33.610  -31.613  37.674 0.1250000000
61566  30.997  -34.487  39.219 0.1250000000
61581  31.191  -34.815  38.858 0.1250000000
54657  18.714  -40.746  39.956 0.1250000000
53682  11.106  -42.329  37.271 0.3750000000
63904  33.259  -32.769  37.000 0.1250000000
62811  32.804  -33.313  36.684 0.1250000000
59243  30.240  -36.500  39.119 0.1250000000
60399  30.605  -36.209  38.490 0.1250000000
59268  30.291  -36.567  38.009 0.1250000000
54668  18.222  -40.319  39.211 0.1250000000
52631  11.538  -43.044  36.577 0.3750000000
63929  33.714  -32.499  35.262 0.1250000000
63913  33.603  -32.441  36.295 0.1250000000
63914  33.292  -33.052  36.287 0.1250000000
59258  29.829  -36.972  38.873 0.1250000000
59257  30.337  -36.607  38.657 0.1250000000
58054  29.657  -37.008  37.855 0.1250000000
56798  28.657  -37.684  36.927 0.1250000000
54682  18.548  -40.260  38.621 0.1250000000
54683  17.924  -40.080  38.448 0.1250000000
58042  29.542  -37.139  38.392 0.1250000000
56784  28.139  -38.403  37.828 0.1250000000
56822  27.502  -38.291  36.431 0.2500000000
62839  33.443  -33.104  34.659 0.1250000000
56800  27.574  -39.026  37.095 0.2500000000
56846  26.702  -38.160  35.727 0.2500000000
56873  26.803  -37.575  35.215 0.2500000000
55696  17.611  -39.094  36.190 0.2500000000
62849  33.461  -33.178  33.817 0.1250000000
56823  26.664  -38.870  36.416 0.2500000000
58117  26.489  -37.469  34.639 0.2500000000
62863  33.289  -33.634  32.471 0.3750000000
56875  25.010  -38.400  34.857 0.2500000000
56899  25.565  -37.750  34.212 0.2500000000
58128  26.024  -37.504  34.059 0.2500000000
62871  33.301  -33.688  31.647 0.3750000000
56900  25.102  -37.942  34.224 0.2500000000
58130  24.523  -37.675  33.719 0.2500000000
53643  20.089  -41.921  42.225 0.1250000000
53654  19.514  -42.024  41.668 0.1250000000
66064  33.911  -30.823  36.400 0.1250000000
53663  18.899  -41.763  41.175 0.1250000000
53662  19.679  -41.717  40.993 0.1250000000
65008  33.860  -31.728  35.871 0.1250000000
54656  19.526  -41.097  39.803 0.1250000000
65016  34.040  -31.866  34.928 0.1250000000
54667  19.066  -40.543  39.113 0.1250000000
55640  18.918  -40.352  38.507 0.1250000000
63944  33.726  -32.576  34.342 0.1250000000
59244  29.654  -36.563  39.344 0.1250000000
58034  28.637  -37.415  39.288 0.1250000000
55657  18.634  -40.134  37.877 0.1250000000
63956  33.626  -32.654  33.479 0.1250000000
65043  33.741  -32.094  33.156 0.1250000000
56766  27.722  -38.549  39.356 0.1250000000
56853  17.613  -38.785  35.482 0.2500000000
62856  33.435  -33.218  32.964 0.1250000000
63965  33.587  -32.762  32.613 0.2500000000
56774  27.239  -39.235  39.095 0.1250000000
63973  33.655  -32.874  31.804 0.5000000000
56824  25.638  -39.163  36.523 0.1250000000
56876  24.011  -38.441  34.956 0.1250000000
56925  22.610  -37.941  33.522 0.2500000000
58131  23.782  -37.878  33.564 0.2500000000
66072  34.043  -30.951  35.482 0.1250000000
53642  20.857  -41.739  41.988 0.1250000000
53661  20.165  -41.672  40.847 0.1250000000
66085  34.162  -31.103  34.567 0.1250000000
54641  22.192  -41.416  41.031 0.1250000000
54655  20.350  -41.284  39.855 0.1250000000
55639  19.450  -40.452  38.480 0.1250000000
54653  21.993  -41.198  40.195 0.1250000000
55638  20.441  -40.573  38.533 0.1250000000
55656  19.729  -40.123  37.729 0.1250000000
65030  34.021  -31.987  34.011 0.1250000000
58036  27.336  -37.911  40.177 0.1250000000
55655  20.877  -40.108  37.740 0.1250000000
55675  20.034  -39.591  36.894 0.1250000000
55695  18.375  -39.393  36.189 0.2500000000
56775  26.347  -39.514  39.463 0.1250000000
55693  20.271  -39.064  35.951 0.2500000000
55710  18.560  -39.096  35.526 0.2500000000
55711  18.007  -39.123  35.637 0.2500000000
56787  25.645  -39.932  38.212 0.1250000000
56879  20.663  -38.624  35.154 0.2500000000
56880  19.668  -38.618  34.842 0.2500000000
56881  18.764  -38.672  34.867 0.2500000000
56825  24.565  -39.322  36.588 0.1250000000
56904  21.159  -38.283  34.087 0.2500000000
56905  20.139  -38.386  34.117 0.2500000000
56926  21.690  -38.012  33.461 0.1250000000
67174  34.006  -30.270  34.241 0.1250000000
67163  34.041  -30.092  35.110 0.1250000000
66098  34.023  -31.275  33.686 0.1250000000
67186  33.815  -30.506  33.375 0.1250000000
66110  33.746  -31.485  32.833 0.1250000000
55627  22.786  -40.850  39.832 0.1250000000
55635  24.044  -40.185  38.520 0.1250000000
55654  22.053  -39.994  37.799 0.1250000000
55652  24.212  -39.900  37.812 0.1250000000
55672  22.850  -39.561  36.958 0.1250000000
56828  21.867  -39.200  36.619 0.1250000000
56852  20.851  -38.877  35.805 0.2500000000
56850  22.655  -38.988  35.825 0.1250000000
56903  22.232  -38.118  34.246 0.1250000000
70666  29.977  -27.806  17.261 0.1250000000
71830  29.403  -26.497  16.937 0.1250000000
70617  28.697  -27.945  20.437 0.5000000000
70650  28.843  -27.763  17.828 0.1250000000
70634  28.368  -27.103  18.474 0.2500000000
70633  28.503  -27.666  19.105 0.3750000000
71815  28.742  -26.448  17.596 0.1250000000
72911  28.214  -25.987  18.652 0.2500000000
71796  28.218  -26.579  19.062 0.3750000000
72932  29.430  -25.333  17.104 0.2500000000
74026  31.716  -24.755  15.888 0.2500000000
74006  31.092  -24.827  16.269 0.2500000000
74007  30.500  -24.830  16.521 0.2500000000
73986  29.633  -24.662  17.324 0.2500000000
73973  29.326  -24.555  17.827 0.3750000000
73984  31.476  -24.002  17.018 0.3750000000
73985  30.285  -24.298  17.224 0.5000000000
76437  34.924  -22.171  13.850 0.2500000000
77606  34.172  -21.507  14.301 0.3750000000
77627  35.754  -21.320  13.450 0.2500000000
78777  34.632  -20.662  13.954 0.2500000000
81005  43.912  -17.540  24.227 0.3750000000
80994  43.503  -18.221  24.559 0.3750000000
78628  42.209  -19.617  24.163 0.5000000000
77510  40.863  -20.540  22.941 0.6250000000
85828  50.488  -14.371  22.900 0.1250000000
79831  43.002  -18.797  24.526 0.5000000000
78629  41.710  -20.086  23.943 0.6250000000
84646  50.618  -15.278  24.888 0.1250000000
84645  51.037  -15.744  25.396 0.1250000000
86908  50.766  -13.530  23.891 0.1250000000
84662  51.133  -16.134  24.455 0.1250000000
82170  50.353  -17.098  24.985 0.1250000000
82157  48.368  -16.898  25.223 0.1250000000
80977  46.368  -17.347  25.612 0.1250000000
82173  47.651  -16.954  24.578 0.1250000000
80992  45.100  -17.190  25.103 0.2500000000
80993  44.177  -17.781  25.014 0.2500000000
85815  50.591  -13.967  23.651 0.1250000000
80991  46.125  -17.061  25.048 0.1250000000
85849  50.533  -14.341  21.813 0.1250000000
82175  46.242  -16.873  24.490 0.1250000000
79830  43.440  -18.533  25.166 0.3750000000
78627  42.546  -19.277  24.528 0.5000000000
78612  42.107  -19.665  24.827 0.5000000000
85866  50.592  -14.092  20.671 0.2500000000
85896  50.259  -14.447  18.401 0.2500000000
85878  50.257  -14.398  19.370 0.2500000000
77492  41.059  -20.610  23.661 0.6250000000
76274  40.506  -20.802  23.794 0.6250000000
85897  49.445  -14.486  18.109 0.2500000000
85770  50.536  -15.488  26.197 0.1250000000
82156  48.898  -16.644  25.327 0.1250000000
80976  47.092  -17.381  25.612 0.1250000000
83402  49.925  -16.235  26.058 0.1250000000
80978  45.370  -17.371  25.796 0.1250000000
80979  44.545  -17.496  25.631 0.1250000000
79820  43.902  -18.043  26.004 0.3750000000
78611  42.698  -19.082  25.199 0.5000000000
77443  41.691  -20.126  25.054 0.6250000000
77444  41.210  -20.661  25.076 0.6250000000
77466  41.396  -20.467  24.434 0.6250000000
76248  40.259  -20.819  24.081 0.6250000000
77493  40.920  -20.771  24.072 0.6250000000
76275  39.893  -20.790  23.594 0.6250000000
85895  51.086  -14.296  18.445 0.2500000000
85908  50.185  -14.641  17.663 0.2500000000
80963  46.522  -17.461  26.050 0.1250000000
79819  44.621  -17.561  26.107 0.1250000000
78598  43.317  -18.633  26.421 0.1250000000
78599  42.701  -19.068  26.048 0.1250000000
78589  42.045  -19.590  26.488 0.3750000000
78590  41.342  -20.060  26.290 0.5000000000
78600  42.094  -19.587  25.533 0.5000000000
77445  40.452  -20.749  25.118 0.6250000000
77446  39.638  -20.520  25.257 0.6250000000
78610  43.207  -18.712  25.749 0.3750000000
77425  41.521  -20.069  25.656 0.6250000000
84793  51.375  -14.913  16.260 0.2500000000
84804  50.257  -14.709  15.213 0.2500000000
84607  48.265  -15.234  26.988 0.1250000000
77427  40.288  -20.081  25.809 0.5000000000
77428  39.340  -19.841  26.121 0.3750000000
83527  50.631  -15.138  14.382 0.2500000000
83562  50.543  -15.552  12.997 0.2500000000
77414  39.142  -20.324  27.108 0.2500000000
77413  40.035  -19.797  26.882 0.3750000000
87037  52.348  -12.683  6.376 0.5000000000
88143  51.387  -12.385  6.212 0.5000000000
88144  50.661  -12.321  6.509 0.6250000000
53631  20.507  -41.422  42.573 0.1250000000
46724  9.327  -46.509  40.939 0.3750000000
49212  11.332  -46.315  39.438 0.3750000000
53671  11.312  -42.915  37.574 0.3750000000
58146  26.365  -36.897  33.843 0.2500000000
72920  28.321  -26.136  18.125 0.2500000000
76431  33.711  -22.370  14.702 0.2500000000
77628  34.766  -21.421  13.837 0.2500000000
85907  51.001  -14.638  17.629 0.2500000000
83542  50.881  -15.399  13.894 0.2500000000
68347  33.413  -30.179  32.016 0.1250000000
82187  49.205  -16.579  24.169 0.1250000000
85803  50.341  -14.481  24.351 0.1250000000
85868  49.660  -14.669  20.041 0.2500000000
62862  33.500  -33.294  32.124 0.5000000000
46708  8.691  -46.101  41.994 0.3750000000
46705  7.097  -46.274  42.468 0.2500000000
46715  9.360  -46.138  41.504 0.3750000000
56790  11.202  -39.116  38.121 0.2500000000
55645  10.550  -40.171  38.544 0.3750000000
59223  14.565  -37.725  41.678 0.1250000000
56906  19.134  -38.355  34.107 0.2500000000
58133  20.562  -38.202  33.305 0.2500000000
56902  23.297  -38.167  34.112 0.2500000000
58132  21.134  -38.184  33.361 0.2500000000
59305  29.001  -36.235  35.242 0.2500000000
60377  12.881  -36.680  40.226 0.1250000000
47863  4.985  -45.959  41.523 0.2500000000
47858  5.450  -46.253  41.732 0.2500000000
50437  5.215  -44.310  42.083 0.2500000000
49175  5.859  -44.602  42.457 0.2500000000
51545  4.936  -43.785  42.146 0.2500000000
49170  7.245  -44.716  43.062 0.2500000000
49169  8.116  -45.080  43.137 0.2500000000
47849  6.830  -45.709  42.532 0.2500000000
49172  6.069  -45.349  42.037 0.2500000000
49171  6.278  -44.953  42.526 0.2500000000
47847  8.398  -45.781  42.842 0.2500000000
61574  12.187  -35.715  40.575 0.1250000000
60380  9.848  -36.703  40.630 0.1250000000
58021  9.053  -38.497  42.019 0.1250000000
56756  8.880  -39.046  42.507 0.1250000000
56748  8.719  -39.612  43.064 0.1250000000
56747  9.035  -39.919  42.680 0.1250000000
55601  8.808  -40.397  43.329 0.1250000000
55590  8.935  -40.993  43.564 0.1250000000
56737  15.282  -38.438  43.686 0.1250000000
59253  9.875  -37.525  40.311 0.1250000000
54627  9.619  -41.618  42.324 0.1250000000
52582  9.241  -43.270  43.934 0.1250000000
53626  8.848  -42.107  44.226 0.1250000000
51533  8.566  -43.537  44.246 0.2500000000
50420  7.783  -43.562  44.183 0.2500000000
51528  7.990  -43.368  44.397 0.2500000000
50423  9.002  -44.466  43.806 0.2500000000
49163  7.922  -44.312  43.502 0.2500000000
50426  7.003  -43.860  43.687 0.2500000000
49164  7.485  -44.134  43.548 0.2500000000
51536  5.945  -43.347  43.463 0.2500000000
49161  8.978  -45.026  43.550 0.2500000000
50429  9.658  -44.740  43.370 0.3750000000
49167  9.365  -45.393  43.271 0.3750000000
54637  10.029  -41.803  41.245 0.2500000000
52592  9.851  -43.656  42.662 0.2500000000
50428  10.300  -45.124  43.038 0.3750000000
49165  10.258  -45.379  42.688 0.3750000000
47845  9.551  -45.698  42.665 0.3750000000
59283  30.038  -36.365  36.502 0.2500000000
51544  10.962  -44.438  42.610 0.3750000000
54649  10.388  -42.125  40.628 0.3750000000
52597  10.609  -43.693  41.515 0.3750000000
53658  10.447  -42.744  41.080 0.2500000000
51543  10.789  -44.857  42.326 0.3750000000
53666  10.751  -42.746  40.244 0.3750000000
52596  11.029  -44.190  41.220 0.3750000000
50444  11.085  -45.050  41.070 0.3750000000
49185  10.570  -45.679  40.924 0.3750000000
53657  17.252  -41.907  41.920 0.1250000000
56791  10.684  -39.616  38.571 0.2500000000
61592  31.678  -34.358  37.763 0.1250000000
63898  33.141  -32.279  37.819 0.1250000000
60398  30.821  -35.869  37.990 0.1250000000
59272  30.312  -36.162  37.201 0.1250000000
54646  18.313  -41.244  40.709 0.1250000000
58053  29.886  -36.711  37.506 0.1250000000
58097  29.159  -36.838  36.243 0.2500000000
58083  29.117  -37.262  36.740 0.1250000000
58084  28.747  -37.264  36.433 0.2500000000
56845  27.564  -37.561  35.790 0.2500000000
56783  28.559  -37.858  37.407 0.1250000000
58113  29.032  -36.539  35.741 0.2500000000
56872  27.268  -37.296  35.329 0.2500000000
59306  28.489  -36.205  35.170 0.2500000000
58116  26.990  -37.115  34.979 0.2500000000
53644  19.245  -42.088  42.431 0.1250000000
53668  11.272  -43.001  38.501 0.3750000000
60385  30.860  -35.581  38.657 0.1250000000
60386  30.579  -36.071  38.957 0.1250000000
54645  19.172  -41.375  40.496 0.1250000000
59269  30.002  -36.861  38.378 0.1250000000
58065  29.119  -37.424  37.340 0.1250000000
58043  28.974  -37.395  38.764 0.1250000000
58055  28.892  -37.546  38.006 0.1250000000
56773  27.951  -38.673  38.708 0.1250000000
58056  28.400  -37.990  38.488 0.1250000000
55677  18.097  -39.525  36.984 0.1250000000
56785  27.335  -39.120  38.122 0.1250000000
56847  25.806  -38.626  35.637 0.2500000000
56874  25.955  -38.005  34.757 0.2500000000
56901  24.297  -38.084  34.205 0.2500000000
54644  19.923  -41.503  40.410 0.1250000000
54666  19.937  -40.964  39.110 0.1250000000
59259  29.229  -37.075  39.204 0.1250000000
58044  28.265  -37.987  39.079 0.1250000000
55676  18.983  -39.713  36.944 0.1250000000
56786  26.281  -39.667  38.451 0.1250000000
56801  26.500  -39.293  37.374 0.1250000000
56848  24.805  -38.854  35.699 0.1250000000
56802  25.369  -39.660  37.566 0.1250000000
53652  20.949  -41.727  41.543 0.1250000000
54624  21.442  -41.413  42.320 0.1250000000
54632  21.482  -41.582  41.546 0.1250000000
54642  21.434  -41.519  40.756 0.1250000000
54631  22.285  -41.335  41.838 0.1250000000
54654  21.157  -41.308  40.033 0.1250000000
54665  20.877  -41.066  39.277 0.1250000000
54664  21.579  -41.113  39.554 0.1250000000
55619  23.060  -40.923  40.617 0.1250000000
55628  22.059  -41.061  39.563 0.1250000000
56759  26.703  -38.083  40.357 0.1250000000
58025  27.075  -37.421  40.379 0.1250000000
56767  26.981  -38.742  39.976 0.1250000000
55637  21.734  -40.765  38.806 0.1250000000
55694  19.231  -39.334  36.135 0.2500000000
55624  25.672  -39.905  39.003 0.1250000000
56768  26.001  -39.292  40.117 0.1250000000
55692  20.965  -39.055  36.132 0.2500000000
55674  21.221  -39.356  36.815 0.2500000000
55708  19.986  -38.832  35.321 0.2500000000
55709  19.389  -38.961  35.422 0.2500000000
55634  25.056  -40.031  38.325 0.1250000000
55651  24.759  -39.859  37.747 0.1250000000
56849  23.735  -38.952  35.786 0.1250000000
56877  22.955  -38.646  34.942 0.1250000000
55626  23.843  -40.361  39.536 0.1250000000
55636  22.980  -40.475  38.637 0.1250000000
55625  24.827  -40.102  39.252 0.1250000000
55653  23.217  -39.940  37.569 0.1250000000
55673  22.280  -39.503  37.072 0.1250000000
56804  23.810  -39.743  37.354 0.1250000000
56827  22.445  -39.244  36.538 0.1250000000
56826  23.450  -39.440  36.733 0.1250000000
56851  21.558  -39.026  35.961 0.2500000000
56878  21.851  -38.482  35.087 0.2500000000
72947  29.706  -26.159  16.570 0.1250000000
70651  28.444  -26.877  18.029 0.1250000000
76436  35.551  -22.096  13.738 0.1250000000
82172  48.481  -16.799  24.766 0.1250000000
80990  46.998  -17.268  25.054 0.1250000000
80974  48.207  -17.134  25.683 0.1250000000
85877  50.910  -14.131  19.559 0.2500000000
87038  51.490  -12.728  7.088 0.6250000000
56803  24.363  -39.672  37.301 0.1250000000
61918  34.149  -34.996  17.688 0.3750000000
85979  52.430  -13.282  7.436 0.5000000000
88153  50.561  -12.314  5.689 0.2500000000
88142  51.818  -12.366  5.904 0.3750000000
87036  53.178  -12.888  6.075 0.3750000000
61901  34.437  -35.587  18.242 0.2500000000
50438  4.828  -44.127  41.819 0.1250000000
50442  4.510  -44.412  41.391 0.1250000000
51540  5.552  -43.674  42.988 0.1250000000
51535  6.499  -43.425  43.750 0.1250000000
51542  4.893  -43.321  42.264 0.1250000000
51550  4.450  -43.757  41.539 0.1250000000
50443  4.160  -44.393  41.097 0.1250000000
52584  5.620  -42.814  43.487 0.1250000000
52598  3.797  -43.116  41.237 0.1250000000
51530  6.849  -43.142  44.090 0.1250000000
51563  3.534  -44.446  39.797 0.1250000000
52588  4.935  -42.793  42.665 0.1250000000
52593  4.453  -43.101  41.820 0.1250000000
52578  7.474  -42.551  44.533 0.1250000000
49426  13.303  -47.061  26.557 0.2500000000
58367  31.281  -38.723  19.287 0.1250000000
57136  32.219  -39.601  20.818 0.1250000000
58342  30.817  -39.279  19.972 0.1250000000
58385  32.595  -37.960  18.820 0.1250000000
59553  33.731  -37.596  19.277 0.1250000000
59552  34.301  -37.118  19.156 0.1250000000
66280  31.695  -31.522  19.055 0.3750000000
67366  30.809  -31.084  19.989 0.3750000000
67343  30.321  -30.523  21.399 0.3750000000
67367  30.328  -30.491  19.442 0.3750000000
67353  30.194  -30.510  20.513 0.3750000000
67381  31.275  -31.031  18.724 0.1250000000
68481  29.340  -29.480  20.885 0.3750000000
67382  30.717  -30.298  18.762 0.1250000000
67368  29.816  -30.025  19.580 0.3750000000
68501  30.960  -29.616  18.393 0.1250000000
69556  29.020  -28.992  20.672 0.3750000000
72931  29.882  -24.951  16.749 0.1250000000
72946  30.251  -25.521  16.290 0.1250000000
79728  35.844  -19.667  34.035 0.1250000000
79708  37.497  -19.130  34.457 0.1250000000
79742  36.443  -19.484  33.410 0.1250000000
79706  39.201  -18.617  33.864 0.1250000000
79724  39.577  -18.862  33.138 0.1250000000
78529  39.774  -19.649  31.038 0.1250000000
77400  38.941  -20.398  27.995 0.2500000000
77382  39.686  -20.358  28.647 0.1250000000
77399  39.810  -20.206  27.788 0.1250000000
77412  40.818  -20.098  26.550 0.2500000000
81162  42.559  -18.065  9.304 0.1250000000
86054  52.632  -14.965  0.621 0.1250000000
87120  53.669  -13.210  1.748 0.1250000000
86053  53.280  -14.485  0.335 0.1250000000
87135  53.779  -13.619  0.942 0.1250000000
86052  53.854  -13.918  -0.006 0.1250000000
87068  52.504  -12.564  4.492 0.1250000000
88165  52.245  -12.497  5.007 0.1250000000
87085  53.538  -12.690  3.431 0.1250000000
88166  51.636  -12.444  4.643 0.1250000000
87119  54.287  -13.012  1.724 0.1250000000
87134  54.378  -13.244  0.749 0.1250000000
87153  54.472  -13.561  -0.287 0.1250000000
85994  53.926  -12.983  6.185 0.2500000000
85978  53.400  -13.265  7.008 0.2500000000
86008  54.854  -12.706  4.895 0.1250000000
86009  54.495  -12.708  5.054 0.1250000000
87051  52.671  -12.579  5.472 0.2500000000
86022  54.596  -12.619  4.227 0.1250000000
86023  54.191  -12.529  4.564 0.1250000000
87067  53.609  -12.608  4.465 0.1250000000
88151  52.043  -12.431  5.472 0.1250000000
88167  50.597  -12.331  4.764 0.1250000000
87102  54.208  -12.791  2.691 0.1250000000
87133  54.914  -12.894  0.520 0.1250000000
85977  54.396  -13.561  6.872 0.1250000000
85964  54.072  -13.920  7.723 0.1250000000
85965  53.168  -13.953  7.941 0.2500000000
85974  56.100  -13.246  5.728 0.1250000000
85991  55.505  -13.138  5.470 0.1250000000
85992  55.145  -13.220  5.753 0.1250000000
86007  55.139  -12.724  4.849 0.1250000000
87083  54.676  -12.612  3.858 0.1250000000
87082  55.007  -12.533  3.630 0.1250000000
87101  54.690  -12.637  2.667 0.1250000000
87100  55.215  -12.449  2.558 0.1250000000
87099  55.791  -12.253  2.402 0.1250000000
87118  54.855  -12.783  1.612 0.1250000000
87117  55.428  -12.571  1.482 0.1250000000
85963  54.967  -13.954  7.703 0.1250000000
85953  53.894  -14.299  8.581 0.3750000000
85976  55.142  -13.784  6.609 0.1250000000
85975  55.837  -13.600  6.334 0.1250000000
89302  56.813  -11.157  4.701 0.1250000000
87063  56.140  -12.296  4.841 0.1250000000
88163  56.679  -11.327  3.943 0.1250000000
87062  56.045  -11.811  4.197 0.1250000000
86006  55.403  -12.507  4.543 0.1250000000
90357  56.918  -10.615  3.261 0.1250000000
88174  56.722  -11.544  3.190 0.1250000000
87080  56.142  -12.066  3.154 0.1250000000
86020  55.251  -12.388  3.777 0.1250000000
90364  57.190  -10.786  2.466 0.1250000000
87097  56.719  -12.193  2.468 0.1250000000
87035  56.139  -13.509  7.314 0.1250000000
87034  56.391  -13.017  6.460 0.1250000000
87033  56.698  -12.312  5.892 0.1250000000
90337  56.459  -10.296  5.318 0.1250000000
87048  56.586  -12.203  4.990 0.1250000000
87049  56.386  -12.765  5.479 0.1250000000
90348  56.929  -10.443  4.262 0.1250000000
89301  57.028  -11.046  4.074 0.1250000000
91370  56.884  -9.856  3.701 0.1250000000
89309  56.879  -11.108  3.521 0.1250000000
88150  56.838  -11.691  5.332 0.1250000000
90336  56.720  -10.767  4.996 0.1250000000
89291  56.778  -11.009  5.651 0.1250000000
90349  56.629  -10.051  4.641 0.1250000000
91380  56.618  -9.281  3.527 0.1250000000
50445  4.183  -44.990  41.059 0.1250000000
51553  3.925  -43.946  40.918 0.1250000000
59571  33.153  -37.398  18.528 0.1250000000
60733  34.198  -36.518  18.496 0.1250000000
52602  3.599  -43.455  40.753 0.1250000000
49186  4.345  -45.227  41.187 0.1250000000
51546  4.655  -43.598  41.843 0.1250000000
51551  4.198  -43.645  41.365 0.1250000000
58341  31.802  -39.211  20.062 0.1250000000
58366  32.257  -38.604  19.396 0.1250000000
58365  33.148  -38.092  19.479 0.1250000000
58364  33.628  -37.878  19.730 0.1250000000
67354  29.889  -30.196  20.043 0.3750000000
68491  29.395  -29.770  20.204 0.3750000000
68503  29.556  -29.687  19.455 0.3750000000
68502  30.088  -29.859  18.844 0.3750000000
69565  29.079  -29.011  19.238 0.3750000000
78497  34.999  -19.952  33.592 0.1250000000
79709  36.490  -19.440  34.828 0.1250000000
78498  34.296  -20.600  33.788 0.1250000000
86041  53.140  -14.062  1.126 0.1250000000
87050  53.407  -12.649  5.377 0.1250000000
87066  53.749  -12.608  4.072 0.1250000000
87103  53.610  -12.830  2.570 0.1250000000
85993  54.630  -13.173  6.016 0.1250000000
86010  54.118  -12.760  5.446 0.1250000000
87084  54.192  -12.673  3.617 0.1250000000
85990  55.781  -12.837  5.186 0.1250000000
86021  55.041  -12.622  4.301 0.1250000000
87081  55.541  -12.220  3.672 0.1250000000
85962  55.613  -13.802  7.319 0.1250000000
88164  56.542  -11.636  4.497 0.1250000000
87079  56.589  -11.995  2.871 0.1250000000
89313  56.995  -11.264  2.818 0.1250000000
40030  5.675  -54.660  34.930 0.2500000000
40050  6.090  -54.527  34.236 0.2500000000
41252  5.540  -53.632  35.279 0.2500000000
48092  10.110  -47.769  28.781 0.1250000000
65216  32.430  -32.107  18.807 0.2500000000
63071  35.650  -34.542  18.495 0.1250000000
69570  28.880  -28.291  18.581 0.1250000000
77398  40.650  -20.156  27.526 0.1250000000
76430  34.319  -22.327  14.243 0.1250000000
75207  34.758  -23.459  14.289 0.1250000000
76429  35.233  -22.775  13.966 0.1250000000
86961  51.269  -13.083  20.451 0.1250000000
85876  51.294  -13.713  19.940 0.1250000000
84779  51.582  -14.879  16.989 0.1250000000
84778  51.867  -14.673  16.929 0.1250000000
84792  51.990  -14.521  16.425 0.1250000000
84803  51.194  -14.984  15.178 0.1250000000
85949  53.848  -14.651  9.504 0.2500000000
45736  8.617  -49.039  30.470 0.1250000000
46863  9.304  -48.707  29.649 0.1250000000
46862  9.921  -48.797  29.149 0.1250000000
61900  35.128  -35.136  18.506 0.1250000000
63083  35.148  -34.264  17.925 0.1250000000
65223  33.516  -32.858  17.719 0.2500000000
35463  5.735  -59.264  39.188 0.1250000000
34383  5.375  -59.483  39.168 0.1250000000
34384  4.698  -59.336  39.141 0.1250000000
36660  5.424  -58.109  38.727 0.1250000000
36667  5.471  -57.417  38.080 0.1250000000
36672  6.170  -57.541  37.437 0.1250000000
36673  5.594  -57.027  37.517 0.1250000000
36677  6.875  -57.510  37.076 0.1250000000
37837  5.907  -57.013  36.982 0.1250000000
37850  6.199  -56.588  36.288 0.1250000000
37838  5.484  -56.286  37.165 0.1250000000
38948  5.838  -55.798  35.855 0.1250000000
38949  5.566  -55.214  36.257 0.1250000000
38959  6.888  -55.995  34.923 0.1250000000
38960  5.856  -55.479  35.076 0.1250000000
40031  5.576  -54.537  35.754 0.1250000000
58283  26.962  -39.922  22.391 0.1250000000
66279  32.142  -31.532  18.684 0.1250000000
78809  39.617  -20.334  11.455 0.1250000000
79989  39.368  -19.532  11.363 0.1250000000
81142  38.985  -18.394  11.438 0.1250000000
81141  39.792  -18.231  10.844 0.1250000000
82374  44.029  -17.843  8.525 0.1250000000
88168  49.669  -12.572  5.081 0.1250000000
38936  5.359  -55.301  37.059 0.1250000000
82388  44.494  -17.562  8.331 0.1250000000
49470  19.845  -46.268  23.997 0.1250000000
79990  38.706  -18.931  11.593 0.1250000000
33364  4.705  -59.877  38.780 0.1250000000
33368  4.432  -59.936  38.271 0.1250000000
38974  6.564  -55.301  34.498 0.1250000000
66278  32.907  -31.825  17.970 0.1250000000
38961  5.658  -55.273  35.710 0.1250000000
35472  5.048  -58.780  39.116 0.1250000000
35471  5.951  -58.899  39.128 0.1250000000
33363  5.189  -59.985  39.058 0.1250000000
36678  6.463  -57.179  36.823 0.1250000000
37849  7.178  -57.144  36.433 0.1250000000
37863  6.335  -56.169  35.485 0.1250000000
37851  5.618  -55.874  36.491 0.1250000000
40049  7.225  -54.950  34.068 0.1250000000
78808  40.135  -20.372  11.150 0.1250000000
31285  5.306  -61.592  37.423 0.1250000000
32342  5.036  -60.238  38.708 0.1250000000
32409  3.563  -60.559  32.914 0.1250000000
33395  3.596  -59.749  33.696 0.1250000000
33443  1.803  -59.019  29.186 0.1250000000
33462  1.755  -59.262  29.013 0.1250000000
33473  2.419  -59.527  28.535 0.1250000000
33475  1.298  -59.463  28.778 0.1250000000
34481  0.955  -59.138  28.990 0.1250000000
35525  4.031  -57.759  34.230 0.1250000000
35563  1.664  -58.570  29.596 0.1250000000
36689  3.063  -56.754  35.815 0.1250000000
36720  4.076  -57.437  34.111 0.1250000000
37987  2.286  -56.300  25.758 0.1250000000
38914  3.136  -54.597  39.338 0.5000000000
38975  5.977  -55.036  34.598 0.2500000000
38997  3.221  -55.225  32.662 0.1250000000
40017  2.267  -53.734  35.889 0.2500000000
40150  2.402  -55.354  28.332 0.1250000000
41224  2.383  -52.788  37.440 0.2500000000
41286  2.800  -52.934  32.045 0.1250000000
41295  2.809  -53.112  31.881 0.1250000000
41297  2.590  -52.505  31.415 0.1250000000
41332  3.589  -53.492  28.459 0.1250000000
41369  2.851  -53.414  25.108 0.1250000000
42350  2.425  -52.717  37.136 0.2500000000
42397  2.703  -52.719  32.117 0.1250000000
42406  2.735  -52.895  31.807 0.1250000000
42408  2.568  -51.942  31.765 0.1250000000
42416  3.739  -52.404  30.080 0.1250000000
42430  4.172  -52.311  29.608 0.1250000000
42457  5.383  -51.730  27.807 0.1250000000
42485  1.885  -53.035  24.398 0.1250000000
43409  4.244  -49.923  40.008 0.6250000000
43470  2.506  -50.572  34.789 0.1250000000
43497  2.461  -51.302  32.145 0.1250000000
43512  3.948  -52.021  30.106 0.1250000000
43514  3.120  -51.479  30.789 0.1250000000
43524  4.977  -51.263  29.448 0.1250000000
43526  3.515  -51.088  30.502 0.1250000000
43527  3.252  -50.909  30.744 0.1250000000
43538  5.426  -51.149  28.758 0.1250000000
43591  1.682  -52.713  24.169 0.1250000000
44597  2.482  -50.242  34.666 0.1250000000
44622  2.514  -50.603  33.138 0.1250000000
44637  2.399  -50.798  32.029 0.1250000000
44650  2.808  -50.967  31.149 0.1250000000
44668  2.826  -50.551  31.357 0.1250000000
44685  5.690  -50.234  28.259 0.1250000000
45654  7.447  -47.690  41.364 0.5000000000
45673  3.292  -49.952  38.610 0.3750000000
45679  3.292  -49.055  38.684 0.3750000000
45711  2.573  -50.027  35.152 0.1250000000
45720  2.551  -50.031  34.860 0.1250000000
45727  1.936  -49.196  34.000 0.1250000000
45740  2.461  -49.343  31.811 0.1250000000
45750  5.249  -49.005  30.343 0.1250000000
45753  2.892  -49.701  31.495 0.1250000000
45766  4.829  -49.603  30.429 0.1250000000
45767  4.115  -49.886  30.634 0.1250000000
45770  2.977  -50.231  31.349 0.1250000000
45784  6.147  -48.934  28.219 0.1250000000
45793  18.363  -49.859  27.471 0.1250000000
45797  6.129  -48.739  27.959 0.1250000000
46737  9.533  -47.238  39.552 0.5000000000
46761  8.605  -47.073  37.751 0.7500000000
46792  2.492  -48.326  35.283 0.1250000000
46811  2.363  -48.514  34.796 0.1250000000
46849  3.001  -48.441  31.636 0.1250000000
46850  2.482  -48.467  31.984 0.1250000000
46855  5.628  -48.397  30.007 0.1250000000
46866  4.662  -49.024  30.784 0.1250000000
46877  6.338  -48.381  28.281 0.1250000000
46878  6.201  -48.800  28.563 0.1250000000
46916  18.693  -48.274  25.283 0.1250000000
47851  5.862  -45.626  41.874 0.2500000000
47852  9.843  -45.811  41.868 0.3750000000
47854  9.136  -45.812  42.192 0.3750000000
47855  8.624  -46.032  42.383 0.3750000000
47860  10.143  -45.855  41.337 0.3750000000
47862  9.400  -45.900  41.797 0.3750000000
47878  11.442  -46.365  40.152 0.3750000000
47880  10.062  -46.548  40.373 0.5000000000
47896  9.545  -47.317  39.303 0.5000000000
47959  2.471  -47.877  35.230 0.1250000000
47977  2.394  -47.917  34.904 0.1250000000
47997  2.604  -47.046  32.738 0.1250000000
47998  2.551  -47.236  32.675 0.1250000000
48024  2.586  -47.360  32.536 0.1250000000
48053  3.665  -47.247  31.546 0.1250000000
48073  9.585  -47.422  29.366 0.3750000000
48163  15.506  -47.379  25.146 0.1250000000
49168  8.752  -45.358  43.284 0.2500000000
49173  10.256  -45.441  42.299 0.3750000000
49174  9.918  -45.621  42.444 0.3750000000
49177  10.693  -45.300  41.222 0.3750000000
49184  11.262  -45.618  40.705 0.3750000000
49195  11.996  -46.208  40.092 0.3750000000
49211  11.510  -45.731  38.988 0.5000000000
49238  10.633  -45.733  37.424 0.6250000000
49239  2.501  -45.713  36.557 0.1250000000
49250  10.898  -44.955  35.905 0.6250000000
49253  2.357  -46.126  36.053 0.1250000000
49295  2.603  -47.174  32.533 0.1250000000
49296  2.675  -47.062  32.333 0.1250000000
49311  2.533  -46.240  32.761 0.1250000000
49333  9.470  -46.755  30.491 0.7500000000
49455  18.815  -46.949  24.019 0.1250000000
49457  16.837  -46.673  23.822 0.1250000000
50419  8.017  -43.607  44.212 0.2500000000
50425  7.659  -43.836  43.857 0.2500000000
50427  6.366  -43.805  43.426 0.1250000000
50430  9.271  -44.937  43.523 0.2500000000
50433  5.452  -44.011  42.619 0.1250000000
50434  10.893  -44.990  42.449 0.3750000000
50439  10.603  -45.015  41.938 0.3750000000
50440  10.461  -45.248  42.202 0.3750000000
50482  11.472  -44.595  37.716 0.5000000000
50492  11.466  -44.704  37.220 0.5000000000
50494  2.495  -45.437  36.560 0.1250000000
50502  11.263  -44.655  36.134 0.5000000000
50504  2.450  -45.332  36.436 0.1250000000
50505  2.365  -45.316  36.248 0.1250000000
50519  2.260  -45.037  34.315 0.1250000000
50526  2.366  -44.861  34.177 0.1250000000
50535  11.828  -44.485  32.021 0.8750000000
50537  2.511  -45.539  33.453 0.1250000000
50547  12.372  -45.014  30.846 1.0000000000
50551  2.706  -45.375  32.920 0.1250000000
50552  2.587  -45.368  33.196 0.1250000000
50683  16.761  -45.068  23.186 0.6250000000
51527  8.207  -43.224  44.412 0.2500000000
51529  7.409  -43.121  44.308 0.2500000000
51532  9.303  -44.106  43.773 0.2500000000
51534  8.257  -43.602  44.234 0.2500000000
51537  5.495  -43.233  43.159 0.1250000000
51538  10.435  -44.581  43.102 0.3750000000
51547  4.387  -43.352  41.642 0.1250000000
51548  10.808  -44.629  41.701 0.3750000000
51555  3.810  -44.231  40.376 0.2500000000
51623  12.356  -43.502  33.761 0.7500000000
51632  12.264  -43.639  33.132 0.7500000000
51633  12.145  -44.077  33.485 0.7500000000
51634  2.165  -44.895  34.494 0.1250000000
51635  2.143  -44.543  34.699 0.1250000000
51720  14.877  -43.414  27.712 0.7500000000
51804  20.276  -44.430  22.431 0.3750000000
51807  17.665  -43.760  22.464 0.6250000000
52577  8.084  -42.676  44.575 0.2500000000
52589  4.550  -42.792  42.185 0.1250000000
52615  11.559  -44.065  37.199 0.5000000000
52663  12.407  -43.321  33.564 0.7500000000
52699  2.465  -43.730  34.481 0.1250000000
52864  18.554  -43.248  21.761 0.7500000000
53614  8.910  -42.547  44.199 0.1250000000
53637  16.310  -41.253  42.999 0.1250000000
53638  9.832  -43.351  42.195 0.2500000000
53649  10.122  -43.262  41.668 0.2500000000
53653  20.380  -41.792  41.390 0.1250000000
53665  17.606  -41.871  41.546 0.1250000000
53697  12.490  -42.030  34.415 0.5000000000
53720  12.719  -42.447  31.479 0.7500000000
53782  15.744  -41.651  29.026 0.8750000000
53812  16.537  -40.964  26.554 0.7500000000
53846  17.835  -42.116  22.917 0.7500000000
53864  18.906  -42.207  21.439 0.6250000000
53865  18.474  -42.824  21.757 0.7500000000
54596  16.063  -40.504  43.970 0.1250000000
54608  9.066  -41.595  43.737 0.1250000000
54617  16.227  -40.916  43.521 0.1250000000
54625  16.629  -41.465  42.383 0.1250000000
54633  20.994  -41.663  41.177 0.1250000000
54636  10.307  -42.231  40.997 0.2500000000
54643  20.641  -41.562  40.629 0.1250000000
54652  22.632  -41.114  40.591 0.1250000000
54686  11.511  -41.731  36.674 0.5000000000
54697  11.548  -40.778  36.497 0.5000000000
54713  12.243  -40.421  34.489 0.5000000000
54769  15.918  -41.100  29.583 0.8750000000
54785  16.588  -40.241  27.888 0.8750000000
54804  17.419  -39.790  26.195 0.7500000000
54830  17.382  -41.793  23.466 0.7500000000
55633  25.703  -39.955  38.517 0.1250000000
55660  16.487  -39.280  37.665 0.2500000000
55700  11.859  -39.822  35.801 0.3750000000
55808  16.446  -40.351  28.522 0.8750000000
55874  22.088  -40.612  21.281 0.1250000000
56777  14.705  -37.894  39.302 0.2500000000
56799  28.204  -38.283  36.982 0.1250000000
56820  28.687  -37.475  36.645 0.1250000000
56940  15.072  -39.382  31.158 0.5000000000
56941  14.618  -39.428  31.482 0.5000000000
56967  18.515  -37.182  29.012 0.8750000000
56969  16.386  -39.310  29.719 0.7500000000
56986  19.558  -36.762  29.132 0.8750000000
57137  31.362  -39.676  20.729 0.1250000000
58063  29.815  -36.634  36.939 0.2500000000
58082  29.575  -36.759  36.577 0.2500000000
58085  14.456  -38.161  36.630 0.2500000000
58099  28.076  -37.127  35.753 0.2500000000
58112  29.465  -36.476  35.885 0.2500000000
58114  28.398  -36.629  35.540 0.2500000000
58127  26.672  -37.054  34.396 0.2500000000
58129  25.203  -37.483  33.916 0.2500000000
58158  14.789  -38.602  31.932 0.3750000000
58174  15.485  -38.812  31.159 0.5000000000
58234  19.571  -36.709  26.098 1.0000000000
58249  19.515  -36.870  25.834 0.8750000000
58384  33.029  -37.785  18.948 0.1250000000
59236  14.521  -37.737  41.334 0.2500000000
59251  12.669  -36.817  39.886 0.1250000000
59254  9.552  -37.333  40.896 0.1250000000
59267  30.420  -36.220  37.576 0.1250000000
59282  30.291  -36.078  36.725 0.2500000000
59284  29.853  -36.467  36.236 0.2500000000
59295  29.815  -36.321  35.833 0.2500000000
59303  29.999  -35.990  35.488 0.3750000000
59317  27.282  -36.178  34.511 0.3750000000
59358  17.130  -37.579  29.839 0.7500000000
59376  17.027  -37.885  29.426 0.7500000000
59404  20.017  -36.335  26.732 1.0000000000
59422  19.772  -36.566  26.064 1.0000000000
59483  20.557  -36.498  23.565 0.7500000000
59521  20.913  -37.563  20.923 0.3750000000
59522  20.530  -37.697  21.535 0.3750000000
59538  22.000  -37.898  20.506 0.1250000000
59539  21.297  -37.930  20.659 0.1250000000
59554  33.260  -37.717  19.039 0.1250000000
59569  34.264  -36.813  18.792 0.1250000000
59570  33.921  -37.059  18.641 0.1250000000
60367  30.735  -35.309  39.116 0.1250000000
60436  29.684  -35.751  34.901 0.3750000000
60466  26.713  -35.722  33.544 0.6250000000
60477  32.138  -34.479  31.493 0.6250000000
60483  25.142  -36.071  31.730 0.7500000000
60496  31.731  -34.655  30.604 0.8750000000
60500  24.072  -35.761  30.996 1.0000000000
60516  30.984  -34.341  29.013 1.0000000000
60517  24.576  -35.436  30.791 1.0000000000
60530  32.194  -34.541  29.614 1.0000000000
60553  31.212  -34.735  27.581 1.0000000000
60574  21.409  -34.823  27.115 1.0000000000
60589  31.744  -34.661  26.088 1.0000000000
60593  21.348  -34.589  26.372 1.0000000000
60632  30.068  -34.289  23.350 0.8750000000
60692  34.669  -36.993  19.452 0.1250000000
60694  30.892  -35.165  21.257 0.7500000000
61637  31.881  -34.705  33.999 0.2500000000
61664  32.981  -33.937  31.172 0.6250000000
61665  32.765  -34.128  31.458 0.5000000000
61712  23.825  -34.429  29.273 1.0000000000
61723  32.602  -33.919  28.623 1.0000000000
61726  29.657  -33.343  27.199 1.0000000000
61754  32.303  -34.232  25.907 1.0000000000
61756  29.759  -33.263  25.540 1.0000000000
61769  32.604  -34.019  25.396 1.0000000000
61790  30.092  -33.787  24.046 1.0000000000
61792  28.955  -32.864  23.539 1.0000000000
61804  32.161  -34.163  22.782 1.0000000000
61889  25.550  -35.499  19.549 0.2500000000
62870  33.504  -33.386  31.346 0.6250000000
62923  32.780  -33.642  28.111 1.0000000000
62924  29.181  -32.943  27.266 1.0000000000
62939  33.065  -33.120  27.167 1.0000000000
62959  23.377  -33.055  26.180 1.0000000000
63897  33.443  -32.024  37.585 0.1250000000
63903  33.512  -32.146  37.217 0.1250000000
64014  33.271  -32.708  27.937 0.8750000000
64016  25.103  -32.508  27.251 0.8750000000
64052  32.664  -33.271  24.222 1.0000000000
64108  24.610  -32.821  21.215 0.7500000000
64122  32.711  -33.418  21.322 0.7500000000
64994  33.350  -31.777  38.127 0.1250000000
65104  33.510  -32.169  27.981 0.8750000000
65146  32.988  -32.259  24.501 1.0000000000
65162  25.391  -32.474  21.863 0.7500000000
65163  25.149  -32.475  21.838 0.7500000000
65179  32.578  -32.981  21.866 0.7500000000
65180  25.291  -32.505  21.638 0.7500000000
66243  31.113  -31.285  21.401 0.6250000000
66267  31.432  -31.591  19.680 0.3750000000
67274  33.047  -30.555  26.107 1.0000000000
67282  33.161  -31.274  25.530 1.0000000000
67331  32.153  -31.207  23.517 1.0000000000
67332  31.714  -30.888  23.171 1.0000000000
67333  31.136  -30.720  22.837 0.8750000000
68430  32.697  -30.288  25.783 0.8750000000
68453  31.922  -30.345  24.286 1.0000000000
68490  29.769  -30.130  20.501 0.3750000000
68513  31.275  -30.128  18.450 0.1250000000
68514  30.746  -29.966  18.580 0.1250000000
69502  32.233  -29.398  25.974 0.7500000000
70540  32.444  -28.782  28.342 0.7500000000
70582  30.813  -28.527  24.297 1.0000000000
70594  29.960  -28.312  23.266 0.8750000000
70667  29.301  -27.177  17.212 0.1250000000
71685  30.632  -26.579  25.848 1.0000000000
71695  31.414  -28.321  25.392 1.0000000000
71797  28.290  -26.524  18.401 0.2500000000
71816  28.392  -26.490  18.019 0.1250000000
71882  34.937  -25.873  14.514 0.1250000000
72810  31.026  -26.358  26.970 0.8750000000
72884  29.314  -26.361  23.621 1.0000000000
73833  31.475  -24.443  30.227 0.6250000000
73918  29.353  -24.587  23.876 1.0000000000
73952  28.617  -24.525  21.030 0.7500000000
73959  28.666  -24.475  20.799 0.7500000000
73983  31.810  -23.749  16.901 0.2500000000
74961  31.803  -23.531  30.861 0.6250000000
75064  29.727  -23.345  21.891 1.0000000000
75075  37.659  -21.515  21.259 1.0000000000
75080  29.750  -23.212  21.120 1.0000000000
75089  38.491  -21.651  20.978 1.0000000000
75091  37.791  -21.613  21.087 1.0000000000
75120  34.419  -21.970  18.494 1.0000000000
75147  30.836  -23.433  17.882 0.6250000000
76179  31.378  -22.652  29.008 0.8750000000
76190  33.621  -21.305  28.615 0.5000000000
76204  33.602  -21.244  28.382 0.5000000000
76216  33.039  -21.298  27.424 0.5000000000
76247  40.492  -20.829  24.107 0.6250000000
76273  40.696  -20.756  23.617 0.6250000000
76295  40.146  -20.874  23.143 0.7500000000
76297  38.805  -21.034  22.631 1.0000000000
76313  40.410  -20.819  22.873 1.0000000000
76410  33.622  -21.543  17.098 1.0000000000
77373  32.495  -22.188  30.972 0.5000000000
77406  33.399  -21.446  29.118 0.3750000000
77426  40.964  -20.403  25.735 0.5000000000
77465  41.751  -20.060  24.726 0.6250000000
77467  40.648  -20.839  24.382 0.6250000000
77494  39.583  -20.629  23.748 0.7500000000
77539  38.012  -20.378  19.921 1.0000000000
78613  41.828  -19.968  24.450 0.6250000000
78644  42.047  -19.674  23.654 0.8750000000
78684  38.456  -19.399  19.672 1.0000000000
78685  37.722  -19.792  19.389 1.0000000000
78726  33.490  -21.070  16.244 1.0000000000
79873  42.002  -19.034  22.451 0.8750000000
79904  39.033  -18.856  19.831 1.0000000000
79924  36.927  -19.110  18.373 1.0000000000
79948  34.968  -19.306  15.917 0.6250000000
79949  34.547  -19.656  15.429 0.5000000000
80964  45.877  -17.526  26.148 0.1250000000
80975  47.676  -17.434  25.677 0.1250000000
80988  48.083  -17.151  25.273 0.1250000000
80989  47.689  -17.212  25.157 0.1250000000
81047  39.336  -18.297  19.579 1.0000000000
81105  47.825  -15.698  13.793 0.6250000000
81115  47.270  -15.954  13.651 0.6250000000
81128  47.881  -15.541  13.127 0.6250000000
81129  47.409  -15.705  13.295 0.6250000000
81130  47.042  -15.913  13.419 0.6250000000
81143  38.567  -18.482  11.642 0.1250000000
82141  49.537  -16.444  25.754 0.1250000000
82155  50.002  -16.893  25.369 0.1250000000
82171  49.754  -16.726  24.678 0.1250000000
82174  46.813  -16.943  24.490 0.1250000000
82186  49.808  -16.508  24.209 0.2500000000
82226  39.323  -17.849  19.309 1.0000000000
82253  42.315  -15.902  15.719 1.0000000000
82259  49.032  -15.550  14.143 0.5000000000
82260  48.628  -15.534  14.166 0.5000000000
82300  47.098  -16.181  13.887 0.6250000000
82320  50.461  -15.624  12.788 0.3750000000
82341  50.374  -15.485  12.628 0.3750000000
82358  49.721  -15.608  12.070 0.6250000000
83411  50.390  -16.381  25.721 0.1250000000
83420  50.980  -16.831  25.158 0.1250000000
83421  50.547  -16.916  24.621 0.2500000000
83434  51.014  -16.751  24.369 0.2500000000
83454  49.367  -16.074  23.421 0.2500000000
83518  47.274  -15.162  15.533 0.3750000000
83528  49.880  -14.964  14.394 0.3750000000
83534  44.804  -15.579  15.284 1.0000000000
83535  44.200  -15.295  15.365 1.0000000000
83539  38.895  -16.422  15.309 0.8750000000
83543  49.947  -15.484  14.009 0.5000000000
83549  50.842  -15.542  13.157 0.2500000000
83550  50.396  -15.563  13.250 0.2500000000
83576  48.219  -15.466  11.778 0.6250000000
83592  52.485  -15.560  10.793 0.1250000000
83616  51.865  -15.048  10.349 0.2500000000
83635  43.841  -16.299  8.530 0.8750000000
84608  48.393  -14.826  26.783 0.1250000000
84625  50.316  -15.780  26.098 0.1250000000
84663  50.910  -15.343  24.390 0.1250000000
84678  50.954  -16.358  23.966 0.1250000000
84697  50.278  -14.726  22.941 0.1250000000
84754  41.854  -15.723  19.605 0.8750000000
85771  50.295  -15.302  26.120 0.1250000000
85785  50.794  -15.379  26.019 0.1250000000
85829  50.275  -14.899  23.311 0.2500000000
85881  48.220  -14.477  18.730 0.3750000000
85884  44.033  -14.658  18.732 0.8750000000
85899  48.212  -14.453  18.451 0.3750000000
85900  44.820  -14.620  18.529 0.8750000000
85901  44.302  -14.735  18.505 0.8750000000
85902  44.022  -14.801  18.506 0.8750000000
85906  51.883  -14.456  17.303 0.1250000000
85909  49.785  -14.609  17.657 0.3750000000
85943  53.257  -15.315  10.250 0.2500000000
87020  48.778  -13.529  8.273 0.8750000000
87031  47.661  -13.580  7.696 0.7500000000
87064  55.038  -12.847  4.072 0.1250000000
87065  54.970  -12.719  4.690 0.1250000000
87098  56.394  -12.223  2.251 0.1250000000
88152  51.350  -12.300  5.449 0.3750000000
88175  56.366  -11.645  3.613 0.1250000000
90347  57.069  -10.827  3.788 0.1250000000
90358  56.962  -10.184  3.543 0.1250000000
91359  56.414  -9.723  4.726 0.1250000000
