#!ascii label  , from subject sub-01 vox2ras=TkReg
5001
44514  3.616  -49.601  39.781 0.6250000000
44522  3.678  -50.181  39.706 0.6250000000
44523  3.398  -50.162  39.339 0.6250000000
45653  4.731  -48.126  40.950 0.5000000000
45659  4.399  -48.623  40.438 0.5000000000
44510  5.650  -48.985  40.707 0.5000000000
45657  5.439  -48.619  40.996 0.5000000000
45658  4.900  -48.724  40.777 0.5000000000
45660  3.863  -48.858  40.019 0.6250000000
45666  6.221  -49.021  40.600 0.5000000000
44519  5.767  -49.511  40.279 0.5000000000
44511  5.238  -49.209  40.523 0.5000000000
44512  4.608  -49.511  40.230 0.5000000000
44513  4.057  -49.611  40.012 0.5000000000
44520  4.998  -49.879  40.110 0.5000000000
44529  3.225  -50.404  38.876 0.6250000000
43444  2.611  -51.372  37.844 0.7500000000
49171  6.278  -44.953  42.526 0.7500000000
49172  6.069  -45.349  42.037 0.7500000000
47863  4.985  -45.959  41.523 0.7500000000
47864  4.698  -46.643  41.327 0.7500000000
49170  7.245  -44.716  43.062 0.7500000000
47849  6.830  -45.709  42.532 0.7500000000
47857  5.866  -46.532  42.009 0.7500000000
47858  5.450  -46.253  41.732 0.7500000000
47859  5.021  -46.954  41.543 0.7500000000
46714  4.845  -47.490  41.304 0.5000000000
46720  4.121  -47.893  40.313 0.6250000000
47848  7.598  -45.829  42.668 0.7500000000
46707  6.173  -46.676  42.122 0.6250000000
46712  5.819  -47.155  41.957 0.6250000000
46713  5.276  -47.352  41.606 0.7500000000
46719  4.503  -47.619  40.844 0.6250000000
47856  8.072  -46.263  42.436 0.6250000000
46710  7.336  -46.909  42.090 0.6250000000
45650  6.287  -47.724  41.663 0.6250000000
45651  5.651  -47.980  41.499 0.5000000000
45652  5.092  -48.104  41.288 0.5000000000
46727  3.682  -48.190  39.810 0.6250000000
46718  7.417  -47.450  41.592 0.5000000000
45655  6.940  -47.860  41.415 0.5000000000
45665  6.648  -48.774  40.735 0.5000000000
45656  6.091  -48.604  41.032 0.5000000000
46733  3.505  -48.529  39.178 0.6250000000
45667  3.467  -49.132  39.537 0.6250000000
46717  7.922  -47.264  41.499 0.5000000000
45664  7.488  -48.109  40.925 0.5000000000
45672  3.352  -49.444  38.896 0.6250000000
45680  3.178  -49.466  38.346 0.6250000000
44530  3.142  -50.466  38.493 0.6250000000
45693  2.675  -49.501  36.985 0.6250000000
44549  2.763  -50.430  37.376 0.6250000000
44539  3.012  -50.470  37.992 0.7500000000
44561  2.539  -50.384  36.686 0.6250000000
43426  3.011  -50.925  38.796 0.7500000000
43462  2.327  -51.132  36.092 0.6250000000
43436  2.708  -51.363  38.603 0.7500000000
49175  5.859  -44.602  42.457 0.7500000000
49179  5.230  -45.258  41.580 0.7500000000
49181  4.366  -46.279  41.133 0.7500000000
50431  6.537  -44.293  43.165 0.7500000000
50432  5.892  -44.157  42.926 0.7500000000
50437  5.215  -44.310  42.083 0.7500000000
50438  4.828  -44.127  41.819 0.8750000000
49187  4.084  -45.947  40.862 0.7500000000
47865  4.283  -46.923  40.768 0.6250000000
49163  7.922  -44.312  43.502 0.7500000000
49164  7.485  -44.134  43.548 0.7500000000
50426  7.003  -43.860  43.687 0.7500000000
49213  3.656  -45.772  39.559 0.6250000000
49197  3.795  -46.264  39.885 0.6250000000
47847  8.398  -45.781  42.842 0.7500000000
50468  3.416  -45.263  39.401 0.6250000000
49198  3.953  -46.951  39.232 0.6250000000
47881  3.814  -47.561  39.441 0.6250000000
49227  3.013  -46.341  38.090 0.6250000000
47882  3.712  -47.520  38.865 0.6250000000
46734  3.634  -48.039  39.010 0.6250000000
46716  8.796  -46.346  41.586 0.5000000000
49240  2.694  -46.208  37.079 0.6250000000
47913  2.798  -47.414  37.644 0.6250000000
46750  2.882  -48.467  38.064 0.6250000000
46763  2.636  -48.489  37.304 0.6250000000
45686  2.891  -49.468  37.666 0.6250000000
46793  2.478  -48.974  35.545 0.6250000000
46777  2.512  -48.563  36.376 0.6250000000
45721  2.406  -49.584  34.689 0.6250000000
44573  2.378  -50.275  36.087 0.6250000000
44598  2.365  -50.356  34.250 0.5000000000
44585  2.454  -50.445  35.522 0.6250000000
43485  2.508  -51.344  33.260 0.5000000000
43478  2.521  -51.180  34.105 0.5000000000
42387  2.510  -52.183  33.562 0.5000000000
41278  2.643  -53.120  33.057 0.5000000000
55564  7.623  -40.834  44.879 0.7500000000
55565  7.301  -40.402  45.047 0.7500000000
54586  7.339  -41.067  45.122 0.7500000000
55578  7.738  -40.497  44.578 0.7500000000
54585  7.587  -41.071  44.954 0.7500000000
53608  6.904  -41.788  44.755 0.7500000000
52579  6.914  -42.485  44.384 0.7500000000
52581  5.927  -42.636  43.891 0.8750000000
52585  5.264  -42.741  43.146 0.8750000000
51546  4.655  -43.598  41.843 0.7500000000
52593  4.453  -43.101  41.820 0.7500000000
56738  7.907  -39.389  43.890 0.7500000000
56726  7.764  -39.950  44.235 0.7500000000
52577  8.084  -42.676  44.575 0.8750000000
52578  7.474  -42.551  44.533 0.8750000000
51535  6.499  -43.425  43.750 0.8750000000
51540  5.552  -43.674  42.988 0.8750000000
51545  4.936  -43.785  42.146 0.7500000000
51550  4.450  -43.757  41.539 0.8750000000
52587  9.562  -43.383  43.190 0.8750000000
52582  9.241  -43.270  43.934 0.7500000000
50424  8.215  -43.852  43.991 0.7500000000
50420  7.783  -43.562  44.183 0.7500000000
52610  3.314  -44.037  39.701 0.8750000000
51553  3.925  -43.946  40.918 0.8750000000
51539  9.744  -44.010  43.255 0.7500000000
50429  9.658  -44.740  43.370 0.6250000000
50423  9.002  -44.466  43.806 0.7500000000
51581  2.712  -44.387  38.649 0.7500000000
50435  10.699  -45.098  42.603 0.6250000000
49166  9.900  -45.415  42.952 0.6250000000
47846  9.037  -45.865  42.884 0.6250000000
50484  2.682  -45.186  37.752 0.7500000000
49178  10.312  -45.460  41.715 0.6250000000
49165  10.258  -45.379  42.688 0.6250000000
50506  2.166  -45.041  35.829 0.7500000000
47871  9.976  -46.161  41.017 0.6250000000
47861  9.743  -45.989  41.574 0.6250000000
46725  8.450  -47.102  41.007 0.5000000000
49269  2.053  -46.224  35.074 0.6250000000
47944  2.505  -47.540  35.764 0.6250000000
47929  2.581  -47.401  36.732 0.6250000000
47870  10.482  -46.144  40.683 0.6250000000
46730  9.458  -46.994  40.015 0.6250000000
46724  9.327  -46.509  40.939 0.6250000000
46732  8.068  -47.733  40.532 0.5000000000
47961  2.288  -46.985  34.595 0.6250000000
47943  2.501  -48.020  35.492 0.6250000000
46739  8.235  -47.924  39.707 0.3750000000
46829  2.129  -48.500  33.643 0.5000000000
45722  2.143  -48.930  34.413 0.6250000000
46844  2.338  -48.686  33.107 0.5000000000
45726  2.178  -49.947  33.881 0.5000000000
45754  2.645  -50.081  31.627 0.5000000000
44623  2.455  -50.593  32.554 0.5000000000
45732  2.384  -50.186  33.488 0.5000000000
43515  2.712  -51.476  31.210 0.5000000000
42399  2.499  -51.699  32.255 0.5000000000
42419  2.653  -51.973  31.246 0.5000000000
42417  3.312  -52.629  30.411 0.5000000000
57996  7.315  -38.120  44.320 0.7500000000
52594  4.041  -42.642  41.815 0.7500000000
57994  8.217  -38.818  43.377 0.7500000000
55591  8.341  -40.351  43.838 0.6250000000
54609  8.634  -41.405  44.191 0.8750000000
52606  3.543  -43.723  40.120 1.0000000000
52598  3.797  -43.116  41.237 0.7500000000
56748  8.719  -39.612  43.064 0.6250000000
55590  8.935  -40.993  43.564 0.7500000000
53626  8.848  -42.107  44.226 0.7500000000
53670  2.873  -42.800  39.197 0.8750000000
52611  3.032  -43.583  39.563 0.8750000000
53639  9.533  -42.671  42.757 0.7500000000
53674  2.491  -42.919  37.489 0.8750000000
52617  2.655  -43.514  38.519 0.7500000000
52592  9.851  -43.656  42.662 0.8750000000
51616  2.317  -44.124  36.107 0.7500000000
50485  2.528  -44.616  37.119 0.7500000000
51544  10.962  -44.438  42.610 0.6250000000
52682  2.248  -43.673  35.097 0.7500000000
50444  11.085  -45.050  41.070 0.6250000000
51643  2.277  -44.739  34.367 0.8750000000
50512  1.820  -45.180  35.164 0.7500000000
47869  11.151  -46.123  40.446 0.6250000000
49312  2.459  -46.272  33.231 0.5000000000
50520  2.113  -45.356  34.561 0.6250000000
49196  11.494  -46.412  39.921 0.6250000000
48025  2.579  -47.511  32.489 0.5000000000
47999  2.285  -47.692  33.502 0.6250000000
45739  2.765  -49.063  31.613 0.6250000000
46851  2.282  -48.888  32.291 0.5000000000
44666  3.441  -50.503  30.801 0.6250000000
44667  3.111  -50.672  31.047 0.6250000000
43513  3.629  -51.847  30.385 0.5000000000
42431  3.516  -53.011  29.559 0.5000000000
59209  8.330  -37.438  42.927 0.6250000000
59210  7.880  -37.636  43.446 0.7500000000
59225  8.811  -37.582  42.235 0.7500000000
58021  9.053  -38.497  42.019 0.6250000000
56756  8.880  -39.046  42.507 0.6250000000
55601  8.808  -40.397  43.329 0.7500000000
54674  3.026  -42.284  38.738 1.0000000000
53667  3.222  -42.583  40.124 1.0000000000
58020  9.416  -38.819  41.575 0.7500000000
55607  9.603  -40.550  41.770 0.7500000000
55600  9.192  -40.532  42.806 0.7500000000
54689  2.645  -42.535  37.305 1.0000000000
56763  9.667  -39.370  41.130 0.7500000000
54627  9.619  -41.618  42.324 0.7500000000
53707  2.477  -42.938  34.770 1.0000000000
53699  2.262  -42.958  35.478 1.0000000000
53659  10.096  -42.607  41.445 0.7500000000
53723  2.823  -42.981  34.227 1.0000000000
51644  2.424  -44.514  34.192 0.8750000000
52597  10.609  -43.693  41.515 0.6250000000
51661  3.270  -44.677  33.043 1.0000000000
51662  2.843  -44.909  33.307 0.7500000000
52596  11.029  -44.190  41.220 0.6250000000
50550  3.070  -45.275  32.564 1.0000000000
49337  2.724  -45.706  32.603 0.8750000000
50453  11.927  -45.325  40.562 0.6250000000
49335  3.500  -46.294  31.734 0.6250000000
48054  2.927  -47.289  31.965 0.6250000000
50467  11.841  -45.272  39.503 0.6250000000
49212  11.332  -46.315  39.438 0.6250000000
48077  3.988  -47.964  31.360 0.6250000000
46858  3.762  -48.928  31.335 0.6250000000
51562  11.600  -44.474  39.001 0.6250000000
46867  4.272  -49.315  30.934 0.6250000000
45768  3.702  -49.871  31.022 0.6250000000
44664  4.512  -50.516  30.175 0.6250000000
42429  4.606  -51.837  29.490 0.5000000000
42458  4.928  -52.206  27.176 0.5000000000
42444  4.931  -52.184  28.615 0.5000000000
41344  4.523  -53.101  27.552 0.5000000000
41355  4.494  -53.114  26.658 0.5000000000
40165  3.571  -54.047  26.110 0.5000000000
61545  9.663  -35.223  42.122 0.6250000000
61546  8.911  -35.510  42.713 0.6250000000
61563  9.996  -35.516  41.417 0.6250000000
60363  9.142  -36.826  41.734 0.6250000000
55664  3.108  -42.115  37.375 0.8750000000
61544  12.654  -34.691  42.470 0.6250000000
61562  10.928  -35.116  41.101 0.6250000000
60380  9.848  -36.703  40.630 0.5000000000
59238  9.485  -37.846  40.991 0.6250000000
55684  3.321  -41.815  36.641 0.8750000000
54707  2.476  -42.493  35.965 1.0000000000
61574  12.187  -35.715  40.575 0.5000000000
60379  10.710  -36.468  40.017 0.5000000000
59252  10.563  -37.179  39.730 0.5000000000
58039  9.978  -38.482  40.340 0.6250000000
55614  9.865  -40.443  40.726 0.7500000000
54722  2.882  -42.135  34.352 1.0000000000
54714  2.562  -42.335  35.200 1.0000000000
59263  10.307  -37.803  39.814 0.5000000000
56770  10.116  -39.353  40.176 0.7500000000
54637  10.029  -41.803  41.245 0.7500000000
54735  3.023  -42.496  33.991 1.0000000000
55622  10.201  -40.234  39.810 0.7500000000
54650  10.189  -41.263  40.265 0.6250000000
52601  10.978  -43.489  40.781 0.6250000000
52721  3.578  -43.762  32.912 1.0000000000
53666  10.751  -42.746  40.244 0.6250000000
52600  11.385  -44.105  40.436 0.6250000000
51659  3.826  -44.478  31.841 1.0000000000
52605  11.117  -43.443  39.891 0.6250000000
51554  11.763  -44.660  40.034 0.6250000000
50572  4.794  -45.770  30.917 0.8750000000
50548  4.184  -45.365  31.484 1.0000000000
52604  11.477  -43.959  39.532 0.6250000000
49364  5.158  -46.583  30.749 0.7500000000
49334  4.309  -46.599  31.341 0.7500000000
50483  11.438  -44.952  38.225 0.6250000000
46856  5.033  -48.471  30.702 0.5000000000
45751  4.936  -49.047  30.608 0.5000000000
44663  5.205  -50.328  29.764 0.5000000000
42443  5.428  -51.582  28.289 0.5000000000
40164  4.121  -53.611  26.393 0.5000000000
40179  3.150  -53.811  25.472 0.3750000000
59208  14.352  -37.249  43.004 0.5000000000
61543  13.488  -35.416  42.553 0.6250000000
61531  12.984  -34.684  43.326 0.6250000000
56811  4.098  -40.594  37.747 0.8750000000
60345  13.841  -36.458  42.298 0.5000000000
61560  13.386  -35.817  41.755 0.5000000000
55714  3.375  -41.524  34.891 1.0000000000
59224  14.273  -37.326  42.076 0.5000000000
60361  12.579  -35.872  40.674 0.5000000000
60378  12.161  -36.314  39.964 0.5000000000
60393  11.208  -36.796  39.610 0.5000000000
55725  3.737  -41.524  33.853 0.8750000000
55726  3.316  -41.634  34.160 1.0000000000
59223  14.565  -37.725  41.678 0.5000000000
59237  14.084  -37.448  41.133 0.5000000000
60377  12.881  -36.680  40.226 0.5000000000
59262  11.012  -37.413  39.367 0.5000000000
58049  10.451  -38.380  39.632 0.7500000000
56779  10.468  -39.207  39.241 0.7500000000
55757  3.950  -41.709  33.114 1.0000000000
55742  3.573  -41.691  33.590 1.0000000000
58028  14.470  -37.723  41.092 0.3750000000
59260  12.968  -37.352  39.370 0.5000000000
58048  11.225  -38.077  39.006 0.5000000000
56778  10.995  -38.850  38.655 0.5000000000
54773  4.103  -42.086  32.567 1.0000000000
53763  3.789  -42.930  32.485 1.0000000000
54662  10.223  -40.981  39.325 0.6250000000
53669  10.819  -42.740  39.133 0.6250000000
53762  4.215  -43.262  31.914 1.0000000000
52719  4.162  -43.781  31.701 1.0000000000
52608  11.469  -43.634  38.484 0.6250000000
49363  6.051  -46.577  30.127 0.7500000000
52616  11.500  -43.602  37.408 0.6250000000
48075  5.513  -47.530  30.483 0.5000000000
48095  6.224  -47.554  29.724 0.6250000000
45765  5.547  -49.358  29.651 0.5000000000
45785  5.947  -49.354  28.665 0.5000000000
44677  5.506  -50.198  29.054 0.5000000000
43552  5.510  -51.045  27.944 0.5000000000
44686  5.267  -50.245  27.548 0.5000000000
44694  4.680  -50.400  26.942 0.5000000000
43553  5.123  -51.176  27.269 0.5000000000
43566  4.481  -51.335  26.635 0.5000000000
42469  4.266  -52.286  26.291 0.5000000000
43567  3.639  -51.436  26.072 0.3750000000
41356  3.936  -53.151  26.078 0.5000000000
42470  3.570  -52.420  25.752 0.3750000000
42478  2.451  -52.760  24.761 0.3750000000
43590  2.242  -52.284  24.334 0.3750000000
56793  3.769  -40.323  38.839 0.8750000000
56864  4.502  -41.057  35.592 0.8750000000
56810  4.449  -39.949  37.683 0.8750000000
53622  17.681  -41.420  43.453 0.3750000000
53612  16.971  -40.749  43.917 0.3750000000
55576  15.958  -39.979  44.304 0.3750000000
56725  15.621  -39.035  44.398 0.3750000000
56737  15.282  -38.438  43.686 0.3750000000
58006  15.049  -38.200  43.098 0.3750000000
56893  3.832  -41.337  34.780 0.8750000000
53633  18.903  -41.903  43.105 0.2500000000
53634  18.050  -42.030  43.245 0.2500000000
53636  16.548  -41.256  43.163 0.3750000000
54618  15.948  -41.096  43.068 0.2500000000
55589  15.689  -39.546  43.553 0.2500000000
56754  15.389  -38.756  42.246 0.5000000000
56892  4.334  -41.120  34.766 0.8750000000
53645  18.405  -42.198  42.566 0.2500000000
53646  17.572  -42.086  42.599 0.2500000000
53647  16.823  -41.609  42.583 0.2500000000
54626  16.375  -41.157  42.516 0.2500000000
55598  15.981  -40.210  42.900 0.2500000000
58027  14.922  -38.009  41.384 0.3750000000
56917  4.342  -41.258  33.941 0.8750000000
53656  17.909  -42.146  41.961 0.2500000000
53664  18.090  -41.815  41.360 0.2500000000
54634  16.762  -41.484  41.979 0.2500000000
54635  16.544  -40.858  41.422 0.2500000000
55613  15.867  -39.463  41.161 0.3750000000
56769  15.581  -38.766  40.528 0.5000000000
58037  15.054  -37.991  40.327 0.5000000000
58046  13.886  -37.626  39.312 0.5000000000
58047  12.402  -37.658  38.878 0.5000000000
58059  11.668  -38.336  38.442 0.5000000000
56791  10.684  -39.616  38.571 0.5000000000
55645  10.550  -40.171  38.544 0.5000000000
55741  4.155  -41.470  33.378 1.0000000000
55621  15.880  -39.245  40.182 0.3750000000
55630  15.801  -39.057  39.189 0.5000000000
56789  14.632  -37.939  38.833 0.5000000000
58057  13.723  -37.704  38.183 0.5000000000
58069  11.864  -38.546  37.913 0.5000000000
55644  10.846  -40.250  37.951 0.3750000000
54672  10.506  -41.548  38.510 0.6250000000
54772  4.513  -42.156  32.221 1.0000000000
58068  12.574  -38.259  37.470 0.5000000000
56808  11.500  -39.172  37.358 0.3750000000
54687  11.098  -41.473  37.117 0.5000000000
53672  10.920  -42.421  38.002 0.6250000000
53668  11.272  -43.001  38.501 0.6250000000
53775  4.801  -43.135  31.312 1.0000000000
53671  11.312  -42.915  37.574 0.6250000000
51674  4.999  -44.854  30.865 0.8750000000
52631  11.538  -43.044  36.577 0.6250000000
50571  5.638  -45.521  30.340 0.8750000000
49383  6.496  -46.688  29.025 0.7500000000
46864  6.502  -48.027  28.671 0.5000000000
45798  5.760  -49.223  27.786 0.5000000000
46893  5.419  -48.382  27.309 0.6250000000
45806  4.237  -49.768  26.802 0.6250000000
45800  4.103  -49.113  27.041 0.5000000000
44696  3.201  -50.465  26.083 0.3750000000
44707  2.707  -50.570  25.429 0.3750000000
44722  2.655  -50.916  24.605 0.5000000000
45817  2.548  -49.619  25.088 0.3750000000
43579  2.625  -51.720  25.116 0.3750000000
43607  3.174  -51.740  23.690 0.2500000000
53642  20.857  -41.739  41.988 0.2500000000
53631  20.507  -41.422  42.573 0.2500000000
53632  19.660  -41.607  42.819 0.3750000000
56809  4.812  -39.762  37.309 0.8750000000
53643  20.089  -41.921  42.225 0.2500000000
53661  20.165  -41.672  40.847 0.2500000000
53662  19.679  -41.717  40.993 0.2500000000
53644  19.245  -42.088  42.431 0.2500000000
56862  5.329  -39.991  35.591 0.8750000000
56834  5.070  -39.876  36.543 0.8750000000
54655  20.350  -41.284  39.855 0.2500000000
53663  18.899  -41.763  41.175 0.2500000000
56891  4.897  -40.705  34.718 0.8750000000
54665  20.877  -41.066  39.277 0.2500000000
54645  19.172  -41.375  40.496 0.2500000000
54647  17.306  -41.275  40.985 0.3750000000
54659  17.032  -40.593  39.628 0.3750000000
55620  16.272  -39.733  39.754 0.3750000000
55612  16.232  -40.042  40.803 0.3750000000
56934  4.785  -41.145  33.201 1.0000000000
56890  5.508  -40.151  34.585 0.8750000000
55637  21.734  -40.765  38.806 0.3750000000
54666  19.937  -40.964  39.110 0.6250000000
54667  19.066  -40.543  39.113 0.5000000000
54669  17.438  -40.388  38.965 0.5000000000
54670  16.773  -40.109  38.606 0.5000000000
55629  16.122  -39.512  38.898 0.5000000000
56788  15.270  -38.405  38.586 0.5000000000
56806  14.646  -37.881  38.088 0.5000000000
56946  4.985  -41.125  32.788 1.0000000000
56933  5.418  -40.344  32.870 1.0000000000
55656  19.729  -40.123  37.729 0.7500000000
55640  18.918  -40.352  38.507 0.3750000000
54683  17.924  -40.080  38.448 0.5000000000
54684  17.213  -39.958  38.212 0.5000000000
55641  16.400  -39.641  38.065 0.6250000000
55662  15.755  -38.813  37.621 0.6250000000
56805  15.138  -38.217  37.634 0.6250000000
58087  12.830  -38.438  36.680 0.6250000000
56833  11.671  -39.437  36.627 0.3750000000
55663  11.219  -40.194  36.899 0.3750000000
53682  11.106  -42.329  37.271 0.6250000000
54771  5.201  -42.286  31.227 1.0000000000
55755  5.469  -40.720  31.618 1.0000000000
55677  18.097  -39.525  36.984 0.5000000000
55658  17.675  -39.719  37.716 0.6250000000
55659  16.989  -39.471  37.665 0.6250000000
55680  16.028  -38.773  37.162 0.6250000000
55681  15.818  -38.753  37.322 0.6250000000
58100  13.006  -38.545  36.199 0.6250000000
58101  12.581  -38.765  36.251 0.6250000000
55683  11.603  -40.063  36.269 0.3750000000
54696  11.807  -41.453  36.283 0.5000000000
52742  5.639  -43.460  30.196 1.0000000000
53785  5.573  -43.019  30.275 1.0000000000
56856  14.632  -38.121  35.737 0.6250000000
56886  13.302  -38.735  34.656 0.6250000000
56887  12.673  -39.089  35.151 0.5000000000
55682  11.893  -40.582  35.863 0.3750000000
53690  12.128  -42.023  35.747 0.5000000000
53681  11.548  -42.202  36.641 0.5000000000
52741  5.911  -43.825  29.869 0.8750000000
53792  5.996  -42.726  29.490 0.8750000000
54787  6.166  -42.544  28.457 0.8750000000
55713  12.473  -39.601  34.581 0.5000000000
54712  12.294  -41.226  34.056 0.3750000000
53689  12.290  -42.521  35.162 0.5000000000
52648  11.862  -42.601  35.907 0.5000000000
49395  6.372  -47.012  28.413 0.7500000000
51707  6.133  -44.752  27.945 0.7500000000
53799  5.876  -43.293  27.781 0.8750000000
53800  5.202  -43.403  26.641 0.7500000000
53706  12.485  -41.900  33.434 0.2500000000
52681  12.515  -42.509  33.635 0.3750000000
48124  6.288  -47.954  27.904 0.6250000000
49396  6.144  -46.568  27.996 0.7500000000
50621  5.941  -45.655  27.401 0.7500000000
51722  5.459  -44.834  26.953 0.7500000000
52776  4.850  -44.150  26.664 0.6250000000
51724  3.693  -44.813  26.327 0.6250000000
53705  12.512  -42.393  32.909 0.3750000000
48125  5.978  -47.488  27.584 0.7500000000
49409  4.469  -46.572  27.026 0.6250000000
50638  3.477  -46.355  26.315 0.6250000000
50639  3.189  -45.792  25.915 0.6250000000
50656  2.641  -45.772  25.306 0.6250000000
46894  4.512  -48.369  27.122 0.6250000000
48127  4.041  -47.485  27.079 0.6250000000
48146  3.400  -47.478  26.486 0.6250000000
49427  3.440  -46.823  26.394 0.6250000000
49444  2.748  -46.721  25.529 0.6250000000
46895  3.660  -48.417  26.918 0.6250000000
46908  3.100  -48.528  26.241 0.6250000000
48147  2.924  -47.631  25.828 0.5000000000
48164  2.547  -47.686  25.194 0.5000000000
48176  2.716  -47.823  24.657 0.5000000000
45808  2.882  -49.543  25.853 0.6250000000
46909  2.721  -48.601  25.501 0.5000000000
46920  2.549  -48.623  24.840 0.3750000000
46931  2.752  -48.532  24.422 0.5000000000
44742  3.002  -50.735  24.068 0.2500000000
45850  3.264  -49.605  23.824 0.2500000000
44741  3.624  -50.639  23.661 0.2500000000
54624  21.442  -41.413  42.320 0.2500000000
58072  5.252  -39.083  37.589 0.7500000000
54631  22.285  -41.335  41.838 0.2500000000
54632  21.482  -41.582  41.546 0.2500000000
58090  5.739  -39.251  36.518 0.8750000000
58105  5.798  -39.569  35.840 0.8750000000
54653  21.993  -41.198  40.195 0.1250000000
54654  21.157  -41.308  40.033 0.2500000000
56861  5.979  -39.751  35.296 0.8750000000
56889  6.255  -39.676  34.492 0.8750000000
54664  21.579  -41.113  39.554 0.2500000000
56915  5.832  -40.018  33.680 0.8750000000
56914  6.695  -39.491  33.692 0.8750000000
56931  7.317  -39.314  32.908 0.8750000000
55638  20.441  -40.573  38.533 0.6250000000
56932  6.376  -39.862  32.753 0.8750000000
56943  7.178  -39.691  31.819 0.8750000000
56955  8.154  -39.152  30.845 0.7500000000
56971  8.744  -38.921  29.745 0.7500000000
56990  8.750  -39.183  28.718 0.7500000000
55654  22.053  -39.994  37.799 0.7500000000
55655  20.877  -40.108  37.740 0.7500000000
56957  6.233  -40.162  30.923 0.8750000000
56956  6.878  -40.007  30.583 0.7500000000
56973  7.159  -39.991  29.914 0.7500000000
56972  7.871  -39.844  29.657 0.7500000000
56991  8.162  -39.940  28.531 0.7500000000
57011  8.597  -39.282  27.696 0.7500000000
55675  20.034  -39.591  36.894 0.6250000000
55676  18.983  -39.713  36.944 0.6250000000
55678  17.289  -39.281  37.034 0.5000000000
55679  16.613  -39.069  37.134 0.5000000000
55698  16.233  -38.578  36.709 0.6250000000
55775  6.086  -40.479  30.721 0.8750000000
55794  6.173  -41.236  29.731 0.7500000000
55793  6.872  -40.293  29.601 0.7500000000
55809  7.487  -40.404  28.428 0.7500000000
55818  7.461  -40.859  27.384 0.7500000000
57032  8.004  -40.181  26.545 0.7500000000
55695  18.375  -39.393  36.189 0.6250000000
55711  18.007  -39.123  35.637 0.6250000000
56854  16.935  -38.421  35.688 0.5000000000
56855  15.868  -38.130  35.875 0.5000000000
56885  14.598  -38.051  34.620 0.6250000000
54779  6.168  -42.048  29.432 0.8750000000
55811  6.451  -41.750  28.460 0.8750000000
55819  6.914  -41.527  27.399 0.8750000000
54797  6.897  -41.532  26.867 0.8750000000
55828  6.653  -41.311  26.452 0.8750000000
56911  13.508  -38.817  33.225 0.3750000000
55712  12.519  -39.915  33.706 0.5000000000
55820  6.436  -42.077  27.199 0.8750000000
54808  5.325  -42.103  26.021 0.8750000000
55724  12.857  -39.895  32.573 0.6250000000
54720  12.515  -41.107  32.798 0.3750000000
54799  5.050  -42.860  26.274 0.7500000000
53801  4.309  -43.605  26.329 0.7500000000
53827  4.148  -42.803  25.617 0.7500000000
53740  13.268  -42.148  30.838 0.2500000000
53721  12.611  -41.912  32.103 0.3750000000
51725  3.196  -44.819  25.991 0.6250000000
51744  2.879  -45.026  25.607 0.6250000000
49459  2.586  -46.721  24.751 0.5000000000
48175  3.018  -47.278  24.358 0.3750000000
48194  2.999  -48.034  24.331 0.3750000000
45849  4.077  -49.584  23.614 0.1250000000
44740  4.528  -50.593  23.499 0.1250000000
54630  23.055  -41.099  42.090 0.1250000000
55619  23.060  -40.923  40.617 0.1250000000
55628  22.059  -41.061  39.563 0.2500000000
58088  6.696  -37.814  36.386 0.7500000000
55636  22.980  -40.475  38.637 0.3750000000
58103  7.085  -38.189  35.446 0.8750000000
56913  7.445  -38.794  33.774 0.8750000000
55653  23.217  -39.940  37.569 0.5000000000
56930  7.858  -38.634  33.159 0.8750000000
56942  8.125  -38.921  32.127 0.8750000000
58189  8.500  -38.676  31.444 0.8750000000
58202  9.085  -38.066  29.907 0.7500000000
55674  21.221  -39.356  36.815 0.6250000000
59377  8.957  -37.167  30.268 0.7500000000
58214  9.058  -38.145  28.880 0.7500000000
55693  20.271  -39.064  35.951 0.6250000000
55694  19.231  -39.334  36.135 0.6250000000
55710  18.560  -39.096  35.526 0.6250000000
57051  7.539  -39.802  25.580 0.7500000000
57031  8.428  -39.373  26.782 0.7500000000
56879  20.663  -38.624  35.154 0.6250000000
55708  19.986  -38.832  35.321 0.6250000000
56881  18.764  -38.672  34.867 0.6250000000
56882  17.948  -38.772  34.959 0.6250000000
56884  16.037  -37.832  34.772 0.5000000000
55837  5.226  -41.121  25.300 0.7500000000
55835  6.869  -40.555  25.684 0.8750000000
56906  19.134  -38.355  34.107 0.6250000000
56907  18.152  -38.446  34.116 0.5000000000
56908  17.437  -38.306  34.237 0.5000000000
56909  16.462  -37.974  33.864 0.5000000000
56910  14.979  -38.031  33.298 0.5000000000
55838  4.465  -41.434  25.219 0.7500000000
55830  5.082  -41.727  25.684 0.8750000000
55738  13.797  -40.421  31.403 0.5000000000
55723  12.834  -40.590  31.897 0.6250000000
54719  12.631  -41.245  32.017 0.6250000000
53829  2.916  -42.685  25.381 0.7500000000
53828  3.539  -42.765  25.504 0.7500000000
54733  12.970  -41.208  31.492 0.2500000000
51745  1.497  -43.598  25.852 0.6250000000
52798  2.630  -44.037  25.745 0.6250000000
53760  14.030  -41.787  30.448 0.2500000000
52816  2.450  -43.976  24.894 0.5000000000
50669  2.645  -45.584  24.597 0.3750000000
51778  2.601  -44.613  24.338 0.3750000000
49458  2.975  -46.691  24.339 0.5000000000
49473  3.973  -46.593  23.456 0.1250000000
49474  3.509  -46.571  23.932 0.1250000000
48192  4.166  -47.391  23.423 0.1250000000
48193  3.402  -47.765  23.982 0.2500000000
48211  4.872  -46.941  22.952 0.1250000000
46950  4.583  -48.576  23.495 0.1250000000
55626  23.843  -40.361  39.536 0.2500000000
55618  23.670  -40.525  40.734 0.1250000000
55635  24.044  -40.185  38.520 0.5000000000
59285  6.773  -37.206  36.135 0.7500000000
55652  24.212  -39.900  37.812 0.5000000000
58119  7.420  -38.443  34.388 0.7500000000
58139  7.850  -38.148  33.815 0.8750000000
60437  7.587  -36.515  33.800 0.7500000000
60452  7.815  -36.471  32.888 0.7500000000
56803  24.363  -39.672  37.301 0.5000000000
59318  8.211  -37.137  33.447 0.8750000000
60467  8.626  -36.794  31.982 0.8750000000
60485  8.354  -36.481  31.425 0.8750000000
56825  24.565  -39.322  36.588 0.6250000000
55672  22.850  -39.561  36.958 0.7500000000
59390  8.869  -37.250  29.211 0.7500000000
56847  25.806  -38.626  35.637 0.6250000000
56876  24.011  -38.441  34.956 0.7500000000
56849  23.735  -38.952  35.786 0.7500000000
56850  22.655  -38.988  35.825 0.7500000000
55692  20.965  -39.055  36.132 0.6250000000
59423  8.496  -37.605  26.935 0.7500000000
58115  27.656  -36.958  35.361 0.7500000000
56873  26.803  -37.575  35.215 0.7500000000
56875  25.010  -38.400  34.857 0.7500000000
56877  22.955  -38.646  34.942 0.7500000000
56878  21.851  -38.482  35.087 0.6250000000
56905  20.139  -38.386  34.117 0.6250000000
58269  6.334  -38.916  24.498 0.8750000000
58252  7.114  -38.796  24.949 0.8750000000
58125  27.944  -36.411  35.244 0.7500000000
58116  26.990  -37.115  34.979 0.7500000000
56899  25.565  -37.750  34.212 0.7500000000
56901  24.297  -38.084  34.205 0.7500000000
56902  23.297  -38.167  34.112 0.7500000000
56903  22.232  -38.118  34.246 0.7500000000
58134  19.611  -38.133  33.251 0.6250000000
58136  17.235  -38.084  33.212 0.5000000000
58137  15.843  -37.992  32.706 0.5000000000
55851  2.851  -40.917  24.392 0.6250000000
55840  3.241  -41.467  24.684 0.7500000000
59306  28.489  -36.205  35.170 0.7500000000
58126  27.282  -36.574  34.854 0.7500000000
58146  26.365  -36.897  33.843 0.7500000000
58128  26.024  -37.504  34.059 0.7500000000
58130  24.523  -37.675  33.719 0.7500000000
56924  23.219  -37.960  33.515 0.6250000000
56926  21.690  -38.012  33.461 0.8750000000
58133  20.562  -38.202  33.305 0.6250000000
58154  19.049  -37.975  32.283 0.5000000000
58155  17.826  -37.781  32.208 0.3750000000
58156  16.502  -37.895  31.974 0.5000000000
58157  15.262  -38.537  31.690 0.6250000000
56928  14.303  -39.023  31.859 0.3750000000
55737  14.065  -40.785  31.029 0.5000000000
54825  2.513  -41.875  24.026 0.5000000000
54817  2.584  -42.360  24.600 0.5000000000
59325  28.559  -35.648  34.621 0.6250000000
59316  27.999  -35.941  34.947 0.7500000000
58167  22.621  -37.083  32.405 0.5000000000
58168  21.604  -37.268  32.121 0.6250000000
58169  20.650  -37.636  31.728 0.5000000000
58170  19.614  -37.864  31.422 0.5000000000
58171  18.431  -37.658  31.268 0.5000000000
58173  16.101  -38.443  30.927 0.5000000000
56953  15.440  -39.610  30.773 0.5000000000
55773  15.331  -39.944  30.685 0.3750000000
54753  14.320  -41.236  30.588 0.2500000000
52844  2.506  -42.978  23.716 0.5000000000
52832  2.270  -43.185  24.531 0.6250000000
59359  16.935  -37.826  29.664 0.2500000000
58187  16.358  -38.690  30.134 0.3750000000
56952  15.824  -39.414  30.408 0.3750000000
55751  15.021  -40.815  30.392 0.3750000000
54752  14.860  -41.280  30.259 0.2500000000
52872  4.034  -42.574  22.736 0.1250000000
52855  3.646  -42.679  22.955 0.3750000000
51814  3.374  -43.516  23.316 0.3750000000
52831  2.576  -43.694  24.097 0.2500000000
58200  16.687  -38.396  29.584 0.2500000000
55790  16.576  -39.594  28.920 0.2500000000
56951  16.170  -40.036  29.938 0.2500000000
52854  4.202  -43.300  22.898 0.1250000000
51812  4.439  -44.325  22.901 0.3750000000
50707  3.411  -44.458  23.356 0.2500000000
50685  3.101  -45.355  23.801 0.3750000000
52852  5.633  -43.600  22.505 0.1250000000
51811  5.250  -44.451  22.750 0.1250000000
50705  4.828  -45.316  22.978 0.1250000000
49494  3.889  -46.101  23.475 0.1250000000
50684  3.612  -45.816  23.614 0.2500000000
51809  7.243  -44.567  22.395 0.1250000000
50703  6.667  -45.417  22.564 0.1250000000
49492  5.275  -46.196  22.973 0.1250000000
49493  4.421  -46.261  23.211 0.1250000000
49490  7.103  -46.266  22.695 0.1250000000
49491  6.157  -46.218  22.834 0.1250000000
48210  5.654  -46.999  22.944 0.1250000000
56785  27.335  -39.120  38.122 0.6250000000
56786  26.281  -39.667  38.451 0.6250000000
55625  24.827  -40.102  39.252 0.5000000000
56801  26.500  -39.293  37.374 0.6250000000
55634  25.056  -40.031  38.325 0.5000000000
56800  27.574  -39.026  37.095 0.5000000000
56823  26.664  -38.870  36.416 0.7500000000
56802  25.369  -39.660  37.566 0.5000000000
60469  7.202  -36.335  32.148 0.7500000000
56822  27.502  -38.291  36.431 0.6250000000
56824  25.638  -39.163  36.523 0.7500000000
60522  7.859  -36.414  29.925 0.8750000000
58098  28.544  -37.062  36.039 0.7500000000
56845  27.564  -37.561  35.790 0.6250000000
56846  26.702  -38.160  35.727 0.6250000000
56848  24.805  -38.854  35.699 0.7500000000
60577  7.197  -36.638  26.979 0.7500000000
60576  7.594  -36.602  27.232 0.7500000000
58113  29.032  -36.539  35.741 0.7500000000
56844  28.119  -37.352  36.023 0.6250000000
58291  4.334  -38.604  23.653 0.7500000000
59485  5.343  -38.465  23.914 0.7500000000
59463  6.639  -38.225  24.716 0.8750000000
59424  7.628  -37.005  26.567 0.7500000000
55885  2.593  -40.466  21.468 0.2500000000
55886  1.983  -41.037  22.053 0.1250000000
57093  2.532  -39.823  23.420 0.5000000000
57072  3.094  -40.335  24.475 0.7500000000
58271  4.970  -39.418  24.008 0.7500000000
60450  29.625  -35.365  34.486 0.6250000000
59314  29.395  -35.909  34.926 0.6250000000
55884  3.356  -40.730  21.234 0.1250000000
54855  2.978  -41.408  21.664 0.1250000000
54857  2.085  -41.529  22.174 0.1250000000
55858  2.169  -40.879  23.494 0.5000000000
60449  30.722  -34.749  33.871 0.5000000000
54854  3.821  -41.437  21.652 0.1250000000
53859  2.901  -42.240  22.586 0.1250000000
52857  2.664  -42.840  23.328 0.3750000000
54852  5.638  -41.492  21.477 0.1250000000
53871  5.277  -42.204  21.833 0.1250000000
52856  3.009  -42.713  23.161 0.3750000000
54851  6.614  -41.456  21.631 0.1250000000
52869  5.871  -42.826  22.197 0.1250000000
52853  4.779  -43.540  22.724 0.2500000000
53869  7.110  -42.420  22.124 0.1250000000
52851  6.772  -43.439  22.321 0.1250000000
54866  9.571  -41.463  21.216 0.1250000000
54849  8.894  -41.612  21.484 0.1250000000
53868  8.307  -42.826  22.000 0.1250000000
52850  7.972  -43.717  22.308 0.1250000000
51808  8.173  -44.805  22.274 0.1250000000
56784  28.139  -38.403  37.828 0.6250000000
56766  27.722  -38.549  39.356 0.5000000000
58055  28.892  -37.546  38.006 0.5000000000
56773  27.951  -38.673  38.708 0.6250000000
56798  28.657  -37.684  36.927 0.5000000000
60505  6.508  -36.758  30.143 0.8750000000
60487  6.478  -36.770  31.206 0.8750000000
58083  29.117  -37.262  36.740 0.5000000000
56821  28.234  -37.622  36.452 0.6250000000
59392  5.897  -36.759  28.745 0.8750000000
60524  6.405  -36.646  29.256 0.8750000000
58097  29.159  -36.838  36.243 0.7500000000
58084  28.747  -37.264  36.433 0.6250000000
59488  3.728  -37.603  23.316 0.6250000000
59465  4.867  -36.926  24.585 0.7500000000
59425  6.505  -36.613  26.715 0.8750000000
60559  7.061  -36.414  27.531 0.7500000000
58096  29.602  -36.567  36.167 0.7500000000
58312  2.505  -38.924  22.755 0.5000000000
58293  2.995  -38.655  23.443 0.5000000000
59486  5.077  -37.965  23.673 0.7500000000
59464  5.900  -37.880  24.394 0.8750000000
59304  29.588  -36.098  35.370 0.6250000000
59305  29.001  -36.235  35.242 0.7500000000
55900  3.786  -40.089  20.857 0.1250000000
55901  3.070  -40.099  20.967 0.1250000000
57128  2.070  -39.970  22.138 0.3750000000
57109  2.244  -40.157  22.853 0.5000000000
60435  30.128  -35.432  34.934 0.6250000000
55897  6.281  -40.119  20.786 0.1250000000
55899  4.617  -40.098  20.720 0.1250000000
55883  4.200  -40.766  21.155 0.1250000000
55898  5.493  -40.113  20.692 0.1250000000
60462  31.327  -34.403  32.611 0.5000000000
55880  7.044  -40.539  21.172 0.1250000000
55881  6.024  -40.727  21.147 0.1250000000
55896  8.479  -40.348  21.097 0.1250000000
57160  9.587  -39.068  20.044 0.1250000000
57143  9.146  -39.498  20.498 0.1250000000
55895  9.103  -40.634  21.082 0.1250000000
58372  9.481  -38.301  19.514 0.1250000000
59268  30.291  -36.567  38.009 0.6250000000
58042  29.542  -37.139  38.392 0.3750000000
59273  30.107  -36.426  37.253 0.5000000000
58054  29.657  -37.008  37.855 0.6250000000
59272  30.312  -36.162  37.201 0.6250000000
58064  29.559  -36.982  37.170 0.6250000000
59293  30.293  -35.940  36.102 0.6250000000
58081  29.815  -36.555  36.547 0.6250000000
59466  4.117  -36.779  24.028 0.7500000000
60410  31.048  -34.678  35.599 0.5000000000
60422  30.169  -35.746  35.437 0.7500000000
58330  2.367  -38.808  21.960 0.2500000000
60433  31.732  -34.712  34.191 0.6250000000
60421  30.465  -35.285  35.381 0.5000000000
57149  3.498  -39.433  20.840 0.1250000000
58329  2.757  -38.813  21.424 0.1250000000
57127  2.480  -39.554  21.589 0.2500000000
61636  32.232  -34.518  34.117 0.6250000000
60434  31.250  -34.767  34.235 0.6250000000
57147  5.045  -39.422  20.387 0.1250000000
61655  32.276  -34.442  32.711 0.6250000000
58350  8.190  -38.827  20.309 0.1250000000
58374  7.420  -38.188  19.961 0.1250000000
58352  6.292  -38.929  20.242 0.1250000000
61666  32.402  -34.348  31.689 0.5000000000
58351  7.212  -38.877  20.455 0.1250000000
57145  6.915  -39.722  20.754 0.1250000000
57144  8.103  -39.744  20.972 0.1250000000
59258  29.829  -36.972  38.873 0.6250000000
59269  30.002  -36.861  38.378 0.6250000000
60405  30.607  -35.714  37.132 0.6250000000
60397  31.215  -35.100  37.461 0.6250000000
60404  31.095  -34.951  36.540 0.6250000000
59489  3.222  -37.452  23.030 0.5000000000
58355  3.867  -38.638  20.642 0.1250000000
61625  32.010  -34.412  35.025 0.6250000000
61646  32.586  -34.307  33.237 0.7500000000
61654  32.735  -34.176  32.312 0.6250000000
62871  33.301  -33.688  31.647 0.6250000000
58353  5.469  -38.847  20.161 0.1250000000
58354  4.650  -38.588  20.327 0.1250000000
61678  32.510  -34.275  31.119 0.5000000000
58376  5.795  -38.328  20.111 0.1250000000
60399  30.605  -36.209  38.490 0.6250000000
59257  30.337  -36.607  38.657 0.6250000000
61581  31.191  -34.815  38.858 0.6250000000
60385  30.860  -35.581  38.657 0.6250000000
61593  31.264  -35.037  38.276 0.6250000000
61605  31.704  -34.395  36.874 0.6250000000
61615  31.821  -34.414  35.943 0.6250000000
61614  32.548  -33.979  35.423 0.6250000000
61635  32.919  -34.063  33.718 0.6250000000
62863  33.289  -33.634  32.471 0.6250000000
62862  33.500  -33.294  32.124 0.6250000000
62878  33.327  -33.416  30.554 0.3750000000
62890  33.175  -33.368  29.626 0.2500000000
60723  6.933  -36.821  19.386 0.1250000000
58375  6.546  -38.264  20.055 0.1250000000
61580  31.664  -34.251  38.509 0.6250000000
62812  32.203  -33.744  37.193 0.6250000000
62827  32.948  -33.458  35.854 0.7500000000
62826  33.403  -33.045  35.544 0.6250000000
62850  33.240  -33.660  34.173 0.6250000000
62857  33.250  -33.644  33.341 0.7500000000
63973  33.655  -32.874  31.804 0.7500000000
63983  33.657  -32.933  31.004 0.5000000000
65074  33.584  -32.347  30.609 0.3750000000
66149  33.458  -31.774  30.132 0.2500000000
64002  33.419  -32.832  29.115 0.2500000000
66158  33.574  -31.707  29.121 0.2500000000
67263  33.437  -31.040  27.547 0.2500000000
66180  33.461  -31.536  26.885 0.1250000000
63904  33.259  -32.769  37.000 0.7500000000
63914  33.292  -33.052  36.287 0.7500000000
63944  33.726  -32.576  34.342 0.7500000000
63956  33.626  -32.654  33.479 0.8750000000
62849  33.461  -33.178  33.817 0.7500000000
65053  33.719  -32.254  32.290 0.6250000000
66143  33.688  -31.768  31.050 0.3750000000
67255  33.490  -31.127  28.598 0.2500000000
68389  33.326  -30.578  29.137 0.2500000000
68419  33.236  -30.519  27.302 0.1250000000
68420  32.863  -30.148  26.719 0.1250000000
69501  32.612  -29.864  26.262 0.1250000000
63913  33.603  -32.441  36.295 0.6250000000
63929  33.714  -32.499  35.262 0.7500000000
65030  34.021  -31.987  34.011 0.8750000000
66128  33.732  -31.678  31.944 0.7500000000
68359  33.292  -30.461  31.092 0.5000000000
68375  33.161  -30.616  30.119 0.3750000000
69461  32.740  -29.358  28.407 0.3750000000
68403  33.089  -29.921  27.776 0.2500000000
68431  32.330  -29.928  25.410 0.1250000000
65001  33.717  -31.600  36.804 0.6250000000
65008  33.860  -31.728  35.871 0.6250000000
66072  34.043  -30.951  35.482 0.6250000000
66085  34.162  -31.103  34.567 0.8750000000
67174  34.006  -30.270  34.241 0.8750000000
67198  33.638  -30.815  32.471 0.8750000000
68347  33.413  -30.179  32.016 0.8750000000
68360  33.020  -29.769  30.631 0.3750000000
68376  32.999  -29.924  29.658 0.3750000000
69447  32.709  -29.319  29.243 0.3750000000
69476  32.541  -29.203  27.510 0.3750000000
69494  32.508  -29.525  26.652 0.2500000000
69477  32.198  -28.634  27.387 0.2500000000
69495  32.219  -28.892  26.838 0.2500000000
70567  31.787  -28.440  26.369 0.1250000000
66064  33.911  -30.823  36.400 0.6250000000
67163  34.041  -30.092  35.110 0.8750000000
67186  33.815  -30.506  33.375 1.0000000000
68334  33.591  -29.598  32.952 1.0000000000
68348  33.272  -29.517  31.523 0.6250000000
68335  33.450  -29.279  32.260 1.0000000000
69417  33.122  -28.746  31.060 0.5000000000
70492  33.213  -27.794  31.565 0.5000000000
69432  32.731  -29.060  30.175 0.3750000000
70520  32.035  -27.717  29.799 0.5000000000
70530  32.229  -28.233  28.921 0.2500000000
70541  32.120  -28.248  27.999 0.2500000000
70556  31.861  -28.190  27.197 0.2500000000
67149  34.242  -29.919  36.880 0.6250000000
68322  33.765  -29.347  33.943 1.0000000000
69405  33.513  -28.495  32.765 1.0000000000
70478  33.432  -27.651  32.456 1.0000000000
70505  32.586  -27.870  30.650 0.5000000000
70519  32.393  -28.534  29.631 0.5000000000
71629  32.881  -27.144  31.385 0.5000000000
70506  32.150  -27.285  30.398 0.5000000000
71641  31.769  -26.871  30.046 0.3750000000
71649  31.818  -27.325  28.881 0.2500000000
67157  34.090  -29.956  36.004 0.7500000000
68292  34.281  -29.075  35.615 0.6250000000
68309  34.010  -29.141  34.803 0.8750000000
69395  33.577  -28.384  33.615 1.0000000000
69377  33.891  -28.019  34.493 1.0000000000
70477  33.548  -27.525  33.291 0.8750000000
71630  32.345  -26.729  30.894 0.5000000000
72757  31.524  -26.261  29.332 0.3750000000
68277  34.416  -28.933  36.467 0.5000000000
69346  34.449  -28.291  35.998 0.5000000000
69360  34.320  -28.025  35.354 0.7500000000
70441  34.344  -27.087  34.989 0.7500000000
70467  33.765  -27.305  33.985 0.8750000000
71600  33.740  -26.780  33.677 0.8750000000
71601  33.511  -26.626  33.062 0.8750000000
71617  32.806  -26.452  31.755 0.7500000000
72732  32.337  -25.805  31.399 0.6250000000
72744  31.821  -25.758  30.445 0.5000000000
69359  34.541  -27.610  35.978 0.5000000000
70440  34.565  -27.007  35.635 0.6250000000
71560  34.581  -26.417  35.294 0.6250000000
71584  34.124  -26.363  34.130 0.8750000000
72703  33.785  -25.756  33.540 0.7500000000
72718  33.360  -25.783  32.983 0.8750000000
73804  33.065  -24.859  33.054 0.7500000000
73816  32.265  -24.782  31.791 0.7500000000
71551  35.215  -26.088  36.711 0.3750000000
71559  34.852  -26.070  35.872 0.3750000000
72676  35.220  -25.031  36.381 0.3750000000
72692  34.636  -25.343  34.947 0.6250000000
72702  34.160  -25.651  33.975 0.7500000000
73791  33.935  -24.822  33.911 0.7500000000
73803  33.571  -25.339  33.422 0.8750000000
74946  33.017  -23.818  33.356 1.0000000000
74952  32.608  -23.810  32.419 0.7500000000
72682  34.853  -25.229  35.563 0.3750000000
73783  34.708  -24.601  35.265 0.5000000000
73784  34.442  -24.685  34.632 0.6250000000
74939  33.555  -23.924  33.933 0.7500000000
76145  33.311  -22.884  33.773 0.8750000000
76152  32.815  -22.806  32.716 0.8750000000
74905  35.307  -23.292  36.619 0.3750000000
73763  35.433  -24.012  36.842 0.3750000000
76105  34.857  -22.899  35.990 0.5000000000
74918  34.967  -23.790  36.021 0.3750000000
76134  34.294  -22.768  35.133 0.5000000000
76135  33.792  -22.922  34.534 0.5000000000
74938  33.930  -23.925  34.356 0.6250000000
76136  33.536  -22.448  34.155 0.5000000000
76144  33.656  -23.453  34.216 0.6250000000
77337  33.466  -21.872  33.792 0.5000000000
79707  38.407  -18.798  34.133 0.1250000000
79708  37.497  -19.130  34.457 0.1250000000
77345  33.817  -21.038  33.289 0.5000000000
79727  36.883  -19.393  33.837 0.1250000000
78497  34.999  -19.952  33.592 0.5000000000
78498  34.296  -20.600  33.788 0.3750000000
77346  33.293  -21.740  32.849 0.6250000000
79742  36.443  -19.484  33.410 0.5000000000
78515  34.613  -20.307  32.723 0.5000000000
78514  35.982  -19.605  32.743 0.5000000000
78535  33.462  -21.155  31.996 0.5000000000
76104  35.153  -22.408  36.357 0.3750000000
76121  34.725  -22.560  35.761 0.5000000000
77326  34.093  -21.726  34.723 0.5000000000
79709  36.490  -19.440  34.828 0.2500000000
78481  34.176  -20.978  34.363 0.5000000000
77336  33.812  -21.305  34.102 0.5000000000
79728  35.844  -19.667  34.035 0.3750000000
79725  38.809  -18.848  33.274 0.1250000000
78495  39.110  -19.195  32.665 0.2500000000
78447  36.321  -20.461  37.275 0.2500000000
78448  35.923  -20.991  37.027 0.3750000000
77294  35.817  -21.428  37.265 0.3750000000
78462  36.474  -20.142  36.803 0.2500000000
78463  35.978  -20.621  36.619 0.2500000000
77317  35.388  -21.452  36.329 0.3750000000
76120  34.996  -21.973  36.149 0.3750000000
79681  37.016  -19.516  36.604 0.2500000000
79682  36.412  -20.001  36.538 0.2500000000
78472  35.569  -20.737  35.998 0.3750000000
77318  35.011  -21.493  35.909 0.3750000000
79692  36.147  -19.850  35.923 0.2500000000
79693  35.633  -20.322  35.650 0.2500000000
78473  35.151  -20.738  35.503 0.5000000000
77325  34.588  -21.622  35.361 0.5000000000
79690  38.114  -18.981  35.116 0.2500000000
79691  37.154  -19.190  35.512 0.2500000000
79710  35.586  -19.968  35.146 0.5000000000
78480  34.716  -20.515  34.650 0.5000000000
78511  39.354  -19.564  31.965 0.5000000000
78530  38.704  -19.873  31.092 0.3750000000
80850  38.067  -18.654  36.472 0.2500000000
79680  37.841  -19.037  35.922 0.2500000000
80876  39.574  -18.480  34.408 0.2500000000
78529  39.774  -19.649  31.038 0.5000000000
78548  38.581  -20.225  30.333 0.3750000000
79706  39.201  -18.617  33.864 0.2500000000
79724  39.577  -18.862  33.138 0.3750000000
77366  38.736  -20.381  29.725 0.3750000000
77383  38.839  -20.338  28.890 0.6250000000
77401  38.105  -20.623  28.173 0.7500000000
77415  38.306  -20.766  27.296 0.6250000000
78547  39.281  -20.243  30.326 0.5000000000
77400  38.941  -20.398  27.995 0.6250000000
77429  38.498  -20.370  26.449 0.6250000000
77447  38.775  -20.225  25.513 0.6250000000
77470  38.096  -20.068  24.857 0.2500000000
77382  39.686  -20.358  28.647 0.8750000000
77399  39.810  -20.206  27.788 0.8750000000
77414  39.142  -20.324  27.108 0.6250000000
78645  41.547  -20.011  23.174 0.3750000000
77469  38.967  -20.531  24.641 0.2500000000
76294  40.590  -20.752  23.350 0.3750000000
76296  39.559  -20.954  22.807 0.3750000000
76275  39.893  -20.790  23.594 0.3750000000
77495  39.135  -20.432  23.857 0.2500000000
77365  39.567  -20.420  29.517 0.6250000000
77398  40.650  -20.156  27.526 0.7500000000
77413  40.035  -19.797  26.882 0.6250000000
77427  40.288  -20.081  25.809 0.5000000000
77446  39.638  -20.520  25.257 0.3750000000
77428  39.340  -19.841  26.121 0.6250000000
79855  42.737  -18.771  23.492 0.3750000000
78628  42.209  -19.617  24.163 0.5000000000
76248  40.259  -20.819  24.081 0.3750000000
77468  39.837  -20.760  24.337 0.2500000000
81028  42.608  -18.076  22.523 0.2500000000
78629  41.710  -20.086  23.943 0.5000000000
77510  40.863  -20.540  22.941 0.3750000000
76274  40.506  -20.802  23.794 0.3750000000
78561  42.018  -19.874  29.825 0.7500000000
78562  41.295  -20.230  29.506 0.6250000000
78573  41.255  -20.202  28.348 0.7500000000
78563  40.440  -20.440  29.105 0.7500000000
78574  40.388  -20.337  28.310 0.8750000000
82157  48.368  -16.898  25.223 0.6250000000
80990  46.998  -17.268  25.054 0.6250000000
78590  41.342  -20.060  26.290 0.7500000000
82172  48.481  -16.799  24.766 0.6250000000
80991  46.125  -17.061  25.048 0.7500000000
80992  45.100  -17.190  25.103 0.8750000000
80993  44.177  -17.781  25.014 0.7500000000
79830  43.440  -18.533  25.166 0.6250000000
78600  42.094  -19.587  25.533 0.5000000000
77425  41.521  -20.069  25.656 0.3750000000
77445  40.452  -20.749  25.118 0.5000000000
82187  49.205  -16.579  24.169 0.6250000000
82173  47.651  -16.954  24.578 0.7500000000
81003  45.720  -16.938  24.581 0.7500000000
81004  44.928  -17.114  24.432 0.7500000000
79831  43.002  -18.797  24.526 0.5000000000
78627  42.546  -19.277  24.528 0.6250000000
78612  42.107  -19.665  24.827 0.5000000000
77443  41.691  -20.126  25.054 0.5000000000
82189  47.449  -16.645  24.012 0.8750000000
82175  46.242  -16.873  24.490 0.8750000000
81005  43.912  -17.540  24.227 0.6250000000
81006  43.149  -18.282  23.823 0.6250000000
77466  41.396  -20.467  24.434 0.5000000000
77493  40.920  -20.771  24.072 0.3750000000
77444  41.210  -20.661  25.076 0.3750000000
82190  46.163  -16.591  23.864 0.8750000000
82192  43.691  -17.435  23.487 0.6250000000
82191  44.657  -16.853  23.772 0.6250000000
82193  43.177  -17.873  23.286 0.5000000000
77492  41.059  -20.610  23.661 0.3750000000
82204  44.282  -16.717  23.045 0.6250000000
82205  43.319  -17.437  22.694 0.3750000000
82215  42.652  -17.567  21.953 0.3750000000
83476  43.302  -16.672  21.766 0.3750000000
79777  42.585  -19.696  29.488 0.7500000000
79790  42.767  -19.503  28.795 0.8750000000
78572  42.131  -20.021  28.961 0.7500000000
79784  46.952  -17.802  27.339 0.7500000000
80935  46.896  -17.968  28.011 0.6250000000
78580  42.353  -19.413  27.868 0.8750000000
80948  47.115  -17.528  26.636 0.7500000000
79808  46.065  -17.722  26.576 0.8750000000
78581  41.419  -20.001  27.166 0.8750000000
83402  49.925  -16.235  26.058 0.3750000000
80974  48.207  -17.134  25.683 0.6250000000
80976  47.092  -17.381  25.612 0.6250000000
80963  46.522  -17.461  26.050 0.7500000000
79820  43.902  -18.043  26.004 0.7500000000
77412  40.818  -20.098  26.550 0.8750000000
82170  50.353  -17.098  24.985 0.5000000000
80977  46.368  -17.347  25.612 0.7500000000
80978  45.370  -17.371  25.796 0.7500000000
78610  43.207  -18.712  25.749 0.7500000000
78589  42.045  -19.590  26.488 0.7500000000
83435  50.379  -16.521  24.154 0.5000000000
80979  44.545  -17.496  25.631 0.7500000000
82188  48.346  -16.659  24.088 0.6250000000
82203  45.289  -16.191  23.285 0.6250000000
83459  44.910  -15.986  22.488 0.5000000000
83460  44.013  -16.499  22.376 0.3750000000
79785  46.271  -18.137  27.627 0.7500000000
79786  45.462  -18.355  28.017 0.8750000000
79801  43.290  -19.017  27.959 0.8750000000
79798  45.697  -18.046  27.235 0.8750000000
79799  44.794  -18.323  27.613 0.8750000000
79811  43.553  -18.720  27.510 0.8750000000
79802  42.948  -19.252  28.337 0.8750000000
79809  44.997  -17.777  26.648 0.8750000000
79810  43.858  -18.434  27.019 0.8750000000
78579  42.908  -19.117  27.616 0.8750000000
79819  44.621  -17.561  26.107 0.7500000000
78598  43.317  -18.633  26.421 0.7500000000
78588  43.001  -18.893  27.067 0.8750000000
84645  51.037  -15.744  25.396 0.3750000000
78599  42.701  -19.068  26.048 0.8750000000
83436  49.737  -16.282  23.827 0.3750000000
83437  48.976  -16.429  23.649 0.5000000000
83438  48.186  -16.341  23.573 0.6250000000
83439  47.360  -16.311  23.463 0.7500000000
83457  46.890  -15.880  22.842 0.6250000000
82202  46.076  -15.945  23.303 0.6250000000
83458  45.874  -15.613  22.714 0.6250000000
83473  46.512  -15.396  22.138 0.6250000000
83474  45.757  -15.393  21.606 0.6250000000
83475  44.469  -15.870  21.626 0.6250000000
83482  43.700  -15.862  21.008 0.5000000000
83480  45.173  -15.354  21.010 0.7500000000
85802  51.096  -13.546  23.780 0.5000000000
85816  50.404  -14.815  23.759 0.6250000000
84662  51.133  -16.134  24.455 0.5000000000
88020  50.566  -12.857  22.459 0.5000000000
86926  50.690  -13.279  22.615 0.5000000000
85828  50.488  -14.371  22.900 0.5000000000
84698  50.035  -14.986  22.993 0.6250000000
84680  49.758  -15.887  23.527 0.6250000000
85848  50.692  -13.797  22.164 0.6250000000
85849  50.533  -14.341  21.813 0.7500000000
84720  50.304  -14.675  22.541 0.6250000000
84699  49.513  -15.503  22.961 0.6250000000
83455  48.824  -16.099  23.118 0.6250000000
86942  50.765  -13.255  21.550 0.7500000000
85850  50.197  -14.480  21.275 0.7500000000
84731  49.782  -14.726  21.329 0.6250000000
84722  49.300  -15.094  21.910 0.6250000000
84700  48.689  -15.605  22.466 0.6250000000
83456  47.990  -15.998  22.955 0.6250000000
84732  49.273  -14.810  20.903 0.7500000000
84723  48.578  -15.274  21.594 0.6250000000
84701  47.864  -15.577  22.216 0.6250000000
84746  49.103  -14.834  20.177 0.6250000000
84733  48.521  -15.087  20.732 0.7500000000
84724  47.805  -15.400  21.358 0.7500000000
84747  48.558  -14.805  19.884 0.6250000000
84734  47.755  -15.130  20.488 0.6250000000
84736  45.998  -14.897  20.501 0.7500000000
84726  46.401  -15.145  20.922 0.7500000000
84737  45.070  -14.983  20.369 0.5000000000
86927  50.633  -12.945  21.887 0.6250000000
86943  50.896  -12.730  21.103 0.6250000000
85866  50.592  -14.092  20.671 0.8750000000
85865  50.737  -13.669  21.070 0.8750000000
85867  50.097  -14.458  20.449 0.8750000000
85868  49.660  -14.669  20.041 0.7500000000
85878  50.257  -14.398  19.370 0.7500000000
85879  49.434  -14.567  19.298 0.7500000000
84748  47.826  -14.653  19.489 0.6250000000
85898  48.560  -14.459  18.381 0.6250000000
85880  48.675  -14.519  19.001 0.6250000000
86961  51.269  -13.083  20.451 0.8750000000
85876  51.294  -13.713  19.940 0.8750000000
85896  50.259  -14.447  18.401 0.7500000000
85908  50.185  -14.641  17.663 0.7500000000
85897  49.445  -14.486  18.109 0.7500000000
88050  50.767  -12.217  20.608 0.5000000000
89181  50.570  -11.955  19.913 0.5000000000
88075  51.368  -12.554  19.588 0.7500000000
86970  51.803  -13.135  19.272 0.7500000000
85895  51.086  -14.296  18.445 0.7500000000
88089  51.122  -12.133  18.941 0.6250000000
85894  52.053  -13.977  18.531 0.6250000000
84779  51.582  -14.879  16.989 0.7500000000
84780  50.764  -15.079  17.084 0.7500000000
84794  50.484  -14.984  16.213 0.7500000000
84793  51.375  -14.913  16.260 0.6250000000
84803  51.194  -14.984  15.178 0.8750000000
83527  50.631  -15.138  14.382 0.6250000000
83542  50.881  -15.399  13.894 0.7500000000
83562  50.543  -15.552  12.997 0.7500000000
89193  50.702  -11.960  19.145 0.5000000000
89205  50.955  -11.644  18.427 0.5000000000
88088  51.652  -12.507  18.662 0.6250000000
85893  52.342  -13.908  17.931 0.6250000000
85905  52.312  -14.015  17.480 0.6250000000
84778  51.867  -14.673  16.929 0.7500000000
84792  51.990  -14.521  16.425 0.6250000000
84802  51.933  -14.710  15.414 0.6250000000
84813  51.342  -15.288  14.139 0.8750000000
83561  50.692  -15.504  12.741 0.6250000000
90259  50.575  -11.614  18.568 0.3750000000
88093  51.337  -11.985  18.114 0.5000000000
88092  51.749  -12.433  17.843 0.5000000000
86980  52.213  -13.236  17.297 0.6250000000
86979  52.218  -13.618  16.842 0.6250000000
85911  52.349  -14.187  16.423 0.6250000000
84791  52.287  -14.338  16.093 0.6250000000
84812  51.949  -15.033  14.448 0.6250000000
84821  51.267  -15.425  13.488 0.8750000000
84820  51.998  -15.210  13.583 0.6250000000
84828  52.759  -14.986  12.732 0.6250000000
85924  53.872  -14.086  13.270 0.3750000000
84827  53.463  -14.767  13.000 0.5000000000
84831  53.683  -15.275  12.121 0.5000000000
85932  54.433  -14.607  12.149 0.3750000000
89216  50.988  -11.406  17.551 0.3750000000
88097  51.458  -12.065  17.228 0.3750000000
88095  52.030  -13.193  16.728 0.5000000000
88100  51.783  -12.975  16.038 0.5000000000
84801  52.520  -14.382  15.478 0.5000000000
85915  52.685  -13.900  15.370 0.6250000000
84810  52.827  -14.337  14.715 0.5000000000
84811  52.479  -14.679  14.552 0.6250000000
86985  53.038  -13.717  14.560 0.5000000000
84818  53.072  -14.445  13.903 0.5000000000
85918  52.311  -14.994  14.055 0.6250000000
85917  53.214  -14.064  14.217 0.5000000000
84819  52.601  -14.844  13.674 0.6250000000
86991  53.501  -13.565  13.795 0.3750000000
88101  51.511  -12.358  16.312 0.2500000000
88105  51.627  -12.527  15.679 0.3750000000
86982  52.215  -13.489  15.785 0.5000000000
86987  52.294  -13.038  15.156 0.3750000000
86986  52.676  -13.312  14.834 0.3750000000
88103  52.519  -12.845  14.742 0.3750000000
86992  53.217  -13.192  14.137 0.3750000000
88118  52.911  -12.614  13.925 0.3750000000
86998  53.713  -13.017  13.599 0.3750000000
89250  53.511  -12.221  13.034 0.3750000000
86997  54.233  -13.256  13.181 0.3750000000
87001  54.660  -13.623  12.318 0.3750000000
88111  52.551  -12.584  14.312 0.2500000000
88116  54.086  -12.458  12.988 0.3750000000
89251  52.744  -12.273  13.443 0.3750000000
47850  6.157  -45.953  42.091 0.7500000000
49176  5.778  -44.989  41.924 0.7500000000
49169  8.116  -45.080  43.137 0.7500000000
46706  6.658  -46.476  42.289 0.7500000000
46705  7.097  -46.274  42.468 0.7500000000
46711  6.492  -47.119  42.072 0.6250000000
46709  8.270  -46.524  42.017 0.5000000000
45649  6.757  -47.415  41.807 0.5000000000
46740  3.366  -48.863  38.854 0.6250000000
45702  2.463  -49.599  36.271 0.6250000000
43453  2.500  -51.317  37.041 0.6250000000
50436  5.604  -44.389  42.399 0.7500000000
50441  4.917  -44.661  41.559 0.7500000000
49180  4.621  -45.554  41.351 0.7500000000
51536  5.945  -43.347  43.463 0.7500000000
51541  5.215  -43.498  42.654 0.6250000000
50442  4.510  -44.412  41.391 0.8750000000
49186  4.345  -45.227  41.187 0.8750000000
51542  4.893  -43.321  42.264 0.8750000000
50445  4.183  -44.990  41.059 0.8750000000
47872  3.921  -47.144  40.189 0.6250000000
49162  8.534  -44.658  43.536 0.7500000000
50421  7.359  -43.510  44.079 0.7500000000
51530  6.849  -43.142  44.090 0.7500000000
49214  3.625  -46.348  38.937 0.6250000000
50454  3.733  -45.155  39.956 0.7500000000
50446  3.931  -44.998  40.643 0.7500000000
49161  8.978  -45.026  43.550 0.7500000000
50469  3.042  -45.349  38.719 0.7500000000
47897  3.249  -47.452  38.357 0.6250000000
46708  8.691  -46.101  41.994 0.5000000000
46741  3.302  -48.429  38.692 0.6250000000
46776  2.506  -48.302  35.706 0.6250000000
45712  2.489  -49.817  35.584 0.6250000000
46810  2.463  -48.168  35.015 0.6250000000
44584  2.548  -50.381  35.000 0.6250000000
43477  2.480  -50.666  34.543 0.5000000000
44610  2.439  -50.584  33.684 0.5000000000
43471  2.466  -51.075  35.013 0.6250000000
42398  2.535  -52.231  32.515 0.5000000000
43496  2.483  -51.300  32.629 0.5000000000
41287  2.836  -53.156  32.197 0.5000000000
40068  3.016  -53.845  33.524 0.5000000000
54597  7.978  -41.278  44.708 0.7500000000
53607  7.433  -41.786  44.799 0.7500000000
53606  7.806  -41.670  44.784 0.8750000000
53609  6.316  -41.851  44.611 0.7500000000
52580  6.370  -42.521  44.214 0.8750000000
52584  5.620  -42.814  43.487 0.7500000000
52588  4.935  -42.793  42.665 0.7500000000
51551  4.198  -43.645  41.365 0.8750000000
57995  7.720  -38.417  43.877 0.7500000000
53615  8.445  -42.096  44.495 0.8750000000
51533  8.566  -43.537  44.246 0.7500000000
52583  8.654  -42.848  44.316 0.8750000000
51528  7.990  -43.368  44.397 0.7500000000
50443  4.160  -44.393  41.097 0.8750000000
54619  9.268  -41.629  43.198 0.7500000000
53625  9.211  -42.331  43.756 0.7500000000
50422  9.324  -44.455  43.652 0.7500000000
52607  3.352  -43.060  40.469 1.0000000000
51563  3.534  -44.446  39.797 0.8750000000
51564  3.079  -44.522  39.360 0.8750000000
52602  3.599  -43.455  40.753 0.8750000000
52586  10.324  -43.974  42.956 0.6250000000
50428  10.300  -45.124  43.038 0.6250000000
49167  9.365  -45.393  43.271 0.6250000000
51582  2.581  -44.138  37.759 0.7500000000
51543  10.789  -44.857  42.326 0.6250000000
47853  9.681  -45.756  42.126 0.6250000000
47845  9.551  -45.698  42.665 0.5000000000
50495  2.537  -45.293  36.765 0.7500000000
49185  10.570  -45.679  40.924 0.6250000000
46715  9.360  -46.138  41.504 0.6250000000
49254  2.043  -45.630  35.517 0.7500000000
50496  2.407  -44.689  36.466 0.7500000000
49252  2.428  -45.569  36.362 0.7500000000
49268  2.363  -46.769  35.464 0.7500000000
46731  8.753  -47.277  40.293 0.6250000000
47960  2.407  -47.276  35.054 0.6250000000
47978  2.255  -47.748  34.589 0.6250000000
49283  2.250  -46.309  34.317 0.6250000000
47979  2.155  -47.435  34.053 0.6250000000
46812  2.068  -48.386  34.234 0.5000000000
45733  2.356  -49.675  33.249 0.5000000000
45741  2.323  -49.857  32.245 0.5000000000
44651  2.583  -50.742  31.606 0.5000000000
45769  3.289  -50.084  31.224 0.5000000000
43506  2.548  -51.383  31.671 0.5000000000
42418  2.843  -52.297  30.870 0.5000000000
41308  2.642  -52.011  30.990 0.5000000000
41333  3.041  -53.761  28.952 0.5000000000
59199  7.468  -37.343  44.006 0.7500000000
58009  8.152  -38.170  43.277 0.7500000000
52603  3.489  -42.703  41.091 0.7500000000
56747  9.035  -39.919  42.680 0.6250000000
58008  8.611  -38.459  42.784 0.6250000000
54663  3.186  -42.012  39.822 0.8750000000
53650  9.833  -42.566  41.926 0.7500000000
54675  2.833  -42.640  37.918 1.0000000000
52618  2.481  -43.405  37.654 0.7500000000
51600  2.389  -43.908  36.932 0.7500000000
53673  2.717  -42.914  38.241 0.8750000000
52632  2.260  -43.268  37.084 0.8750000000
52591  10.393  -43.905  42.305 0.7500000000
53683  2.223  -42.885  36.874 0.8750000000
52665  2.208  -43.558  35.787 0.7500000000
51625  2.110  -44.344  35.428 0.7500000000
51549  10.627  -44.261  41.935 0.6250000000
51552  11.436  -44.703  40.868 0.6250000000
50527  2.382  -45.348  34.037 0.7500000000
48026  2.467  -47.335  33.114 0.6250000000
51652  2.676  -44.644  33.720 0.7500000000
50536  2.488  -45.743  33.128 0.5000000000
49297  2.387  -46.559  33.666 0.6250000000
46843  2.439  -48.182  32.586 0.5000000000
49310  2.670  -46.848  32.430 0.5000000000
48055  2.842  -47.928  31.915 0.6250000000
45752  3.248  -49.363  31.400 0.6250000000
44665  3.839  -50.512  30.465 0.6250000000
43525  4.164  -51.434  30.082 0.5000000000
61547  8.354  -36.154  42.955 0.6250000000
60346  8.619  -36.602  42.506 0.6250000000
59239  9.245  -37.621  41.486 0.7500000000
58030  9.348  -38.257  41.405 0.6250000000
56755  9.196  -39.552  42.203 0.7500000000
55623  3.351  -41.131  40.462 0.8750000000
54638  3.292  -41.305  41.389 0.8750000000
58029  9.597  -38.403  40.954 0.6250000000
54688  3.062  -42.344  37.946 1.0000000000
54698  2.438  -42.553  36.637 1.0000000000
52709  2.810  -43.774  33.993 0.7500000000
53658  10.447  -42.744  41.080 0.7500000000
52722  3.226  -43.845  33.529 1.0000000000
53765  3.232  -43.167  33.495 1.0000000000
49336  2.874  -46.068  32.223 0.5000000000
50549  3.407  -45.303  32.015 1.0000000000
48052  4.139  -47.356  31.373 0.6250000000
48078  3.417  -47.979  31.540 0.6250000000
46868  3.966  -49.560  31.032 0.6250000000
46857  4.411  -48.586  31.115 0.6250000000
43539  5.138  -51.556  28.947 0.5000000000
61564  9.265  -35.957  41.902 0.6250000000
62760  9.460  -34.987  42.606 0.6250000000
61532  8.798  -35.196  43.212 0.6250000000
60362  9.664  -36.291  41.241 0.6250000000
61561  12.415  -35.198  41.344 0.6250000000
61576  10.375  -35.876  40.705 0.5000000000
61575  11.474  -35.668  40.494 0.5000000000
59253  9.875  -37.525  40.311 0.6250000000
56812  3.676  -41.332  37.858 0.8750000000
56837  3.917  -41.344  36.678 0.8750000000
55702  2.899  -42.044  35.820 1.0000000000
55701  3.404  -41.638  35.723 1.0000000000
54721  3.111  -41.884  34.038 1.0000000000
54649  10.388  -42.125  40.628 0.6250000000
54734  3.193  -42.141  33.688 1.0000000000
54661  10.412  -41.946  39.709 0.6250000000
52720  3.805  -43.772  32.240 1.0000000000
53764  3.287  -42.808  33.232 1.0000000000
52609  11.325  -43.345  39.132 0.6250000000
52718  4.617  -43.667  31.354 0.8750000000
43523  5.318  -50.755  29.280 0.5000000000
60331  14.097  -36.383  43.261 0.3750000000
58019  14.718  -37.785  42.847 0.3750000000
56836  4.425  -40.840  36.640 0.8750000000
56792  4.080  -39.696  38.720 0.8750000000
60360  13.308  -36.430  41.015 0.5000000000
58018  14.930  -38.079  42.399 0.3750000000
60392  11.651  -36.897  39.527 0.5000000000
59250  13.318  -37.135  40.086 0.3750000000
59261  12.191  -37.145  39.408 0.5000000000
54755  3.695  -42.147  32.844 1.0000000000
58038  14.314  -37.646  40.549 0.5000000000
55631  10.293  -40.132  39.000 0.6250000000
54673  10.434  -40.636  38.654 0.6250000000
46865  6.253  -48.481  29.129 0.5000000000
44695  3.947  -50.488  26.514 0.5000000000
43568  3.015  -51.201  25.666 0.3750000000
43578  3.145  -51.854  25.555 0.3750000000
42477  2.953  -52.564  25.296 0.3750000000
43608  2.415  -51.987  23.921 0.2500000000
56863  4.834  -40.578  35.620 0.8750000000
53635  17.266  -41.664  43.106 0.2500000000
54606  16.212  -40.714  43.792 0.3750000000
55577  15.712  -39.566  44.151 0.3750000000
55588  15.948  -40.283  43.771 0.2500000000
57992  15.484  -38.689  44.314 0.3750000000
56745  15.357  -38.725  43.207 0.3750000000
58007  14.972  -37.918  43.454 0.3750000000
53648  16.484  -41.344  42.845 0.2500000000
55599  15.685  -39.366  42.852 0.3750000000
53655  18.677  -42.132  41.849 0.2500000000
53657  17.252  -41.907  41.920 0.2500000000
55605  16.126  -40.259  41.855 0.1250000000
55606  15.767  -39.511  42.089 0.2500000000
56762  15.505  -38.749  41.322 0.3750000000
54646  18.313  -41.244  40.709 0.2500000000
54648  16.671  -40.470  40.297 0.3750000000
56776  15.276  -38.384  39.563 0.5000000000
58045  14.803  -37.876  39.606 0.5000000000
58058  12.645  -37.948  38.317 0.5000000000
56790  11.202  -39.116  38.121 0.5000000000
55777  4.886  -41.784  32.048 1.0000000000
56807  12.056  -38.798  36.864 0.6250000000
58067  13.916  -37.897  37.294 0.6250000000
52730  5.316  -43.826  30.723 1.0000000000
51673  5.688  -44.450  30.316 1.0000000000
50592  6.238  -45.790  29.523 0.7500000000
45807  3.496  -49.500  26.597 0.5000000000
45830  2.696  -49.516  24.336 0.3750000000
42499  2.664  -52.728  23.452 0.2500000000
53652  20.949  -41.727  41.543 0.2500000000
53654  19.514  -42.024  41.668 0.2500000000
54644  19.923  -41.503  40.410 0.3750000000
54642  21.434  -41.519  40.756 0.2500000000
54656  19.526  -41.097  39.803 0.3750000000
54657  18.714  -40.746  39.956 0.2500000000
54658  17.791  -40.540  40.025 0.3750000000
54660  16.511  -40.102  39.236 0.5000000000
55639  19.450  -40.452  38.480 0.6250000000
54668  18.222  -40.319  39.211 0.5000000000
54682  18.548  -40.260  38.621 0.5000000000
54671  16.331  -39.844  38.529 0.5000000000
55643  15.757  -38.946  38.303 0.5000000000
56945  5.170  -40.774  32.435 1.0000000000
55657  18.634  -40.134  37.877 0.3750000000
54685  16.797  -39.694  37.999 0.5000000000
55661  16.094  -39.170  37.667 0.6250000000
55642  16.012  -39.464  38.118 0.6250000000
58066  14.540  -38.047  36.933 0.6250000000
58086  13.806  -38.237  36.555 0.6250000000
56832  12.175  -38.972  36.369 0.6250000000
56859  11.893  -39.475  36.156 0.5000000000
55776  5.475  -41.366  31.200 1.0000000000
55696  17.611  -39.094  36.190 0.6250000000
56829  15.645  -38.220  36.529 0.6250000000
56830  15.100  -38.170  36.778 0.6250000000
56858  12.378  -39.056  35.803 0.6250000000
56831  14.265  -38.216  36.412 0.6250000000
56857  13.594  -38.404  35.860 0.6250000000
55699  12.025  -39.952  35.153 0.3750000000
53784  5.775  -43.331  29.889 1.0000000000
55795  5.811  -41.865  30.356 1.0000000000
54706  12.255  -41.274  35.090 0.3750000000
53698  12.400  -41.985  35.133 0.3750000000
53791  5.899  -43.214  29.185 0.8750000000
50607  6.230  -45.665  28.525 0.7500000000
52757  5.970  -43.952  28.569 0.8750000000
54705  12.409  -41.545  34.533 0.5000000000
53722  12.517  -41.872  32.801 0.3750000000
48126  4.996  -47.470  27.151 0.6250000000
50622  4.971  -45.699  26.849 0.6250000000
51723  4.459  -44.884  26.610 0.6250000000
49410  3.724  -46.717  26.701 0.6250000000
46952  3.021  -48.659  24.008 0.2500000000
58071  6.042  -38.240  37.473 0.7500000000
54641  22.192  -41.416  41.031 0.2500000000
58104  6.294  -39.139  35.839 0.8750000000
58089  6.426  -38.456  36.483 0.7500000000
56888  7.000  -39.075  34.534 0.8750000000
58225  8.952  -38.315  27.798 0.7500000000
55697  16.783  -38.763  36.485 0.3750000000
56853  17.613  -38.785  35.482 0.6250000000
56883  17.181  -38.262  34.884 0.5000000000
53814  4.533  -43.052  26.087 0.7500000000
53802  3.651  -43.661  26.235 0.6250000000
53816  3.120  -43.345  25.931 0.7500000000
53741  12.915  -41.788  31.255 0.2500000000
54732  13.746  -41.269  30.959 0.3750000000
52697  12.658  -42.916  31.597 0.2500000000
46951  3.712  -48.592  23.709 0.1250000000
54640  22.968  -41.073  41.245 0.1250000000
55627  22.786  -40.850  39.832 0.2500000000
55673  22.280  -39.503  37.072 0.7500000000
58160  8.503  -37.874  32.626 0.8750000000
58175  8.891  -37.740  31.789 0.7500000000
60521  8.442  -36.591  30.255 0.7500000000
56852  20.851  -38.877  35.805 0.6250000000
55709  19.389  -38.961  35.422 0.6250000000
58251  7.869  -38.610  25.506 0.7500000000
58250  8.408  -38.607  26.192 0.7500000000
57052  6.737  -39.862  24.910 0.7500000000
58235  8.663  -38.537  26.924 0.7500000000
56880  19.668  -38.618  34.842 0.6250000000
55847  5.430  -40.528  24.752 0.7500000000
58135  18.510  -38.083  33.232 0.6250000000
56929  13.442  -39.379  32.355 0.3750000000
55839  3.707  -41.443  24.919 0.7500000000
55753  14.493  -39.802  31.363 0.5000000000
55739  13.362  -39.837  31.929 0.5000000000
53830  2.401  -42.659  25.205 0.7500000000
53817  2.297  -43.128  25.838 0.6250000000
49475  2.955  -46.181  24.315 0.3750000000
48191  5.109  -47.753  23.104 0.1250000000
45848  5.023  -49.573  23.538 0.1250000000
55611  23.901  -40.288  41.595 0.1250000000
59297  7.080  -36.964  35.438 0.7500000000
56804  23.810  -39.743  37.354 0.5000000000
55651  24.759  -39.859  37.747 0.5000000000
60423  7.307  -36.687  34.664 0.7500000000
59331  8.462  -36.914  32.617 0.8750000000
60454  6.127  -36.029  33.319 0.7500000000
56826  23.450  -39.440  36.733 0.6250000000
60486  7.561  -36.419  31.340 0.8750000000
56827  22.445  -39.244  36.538 0.7500000000
56828  21.867  -39.200  36.619 0.7500000000
59407  8.140  -36.839  27.279 0.7500000000
60557  8.428  -36.626  28.740 0.7500000000
56851  21.558  -39.026  35.961 0.6250000000
56872  27.268  -37.296  35.329 0.7500000000
58117  26.489  -37.469  34.639 0.7500000000
56874  25.955  -38.005  34.757 0.7500000000
56900  25.102  -37.942  34.224 0.7500000000
56904  21.159  -38.283  34.087 0.6250000000
55849  3.968  -40.661  24.733 0.7500000000
59442  7.060  -37.539  25.353 0.8750000000
58148  24.721  -37.183  33.400 0.6250000000
58131  23.782  -37.878  33.564 0.7500000000
56925  22.610  -37.941  33.522 0.7500000000
58132  21.134  -38.184  33.361 0.7500000000
58138  14.955  -38.344  32.268 0.5000000000
57070  4.380  -39.773  24.185 0.7500000000
55852  2.561  -41.136  23.989 0.5000000000
59315  28.926  -35.928  34.788 0.7500000000
59327  26.815  -36.156  33.897 0.7500000000
58150  23.168  -37.618  33.035 0.6250000000
58151  22.118  -37.667  32.873 0.6250000000
58152  21.132  -37.954  32.712 0.7500000000
58153  20.128  -38.083  32.409 0.5000000000
58172  17.166  -37.634  31.117 0.5000000000
56939  15.592  -38.980  30.882 0.5000000000
56927  14.832  -38.947  31.537 0.5000000000
55752  14.650  -40.586  30.817 0.3750000000
54831  1.888  -41.779  23.320 0.5000000000
58186  16.770  -37.873  30.165 0.3750000000
52843  2.877  -43.290  23.524 0.2500000000
58185  17.678  -37.406  30.130 0.2500000000
59375  17.238  -37.658  29.591 0.2500000000
58201  16.429  -38.900  29.840 0.2500000000
56970  16.306  -39.110  30.026 0.2500000000
55772  15.535  -40.578  30.221 0.2500000000
53873  3.539  -42.075  22.322 0.1250000000
52871  4.337  -42.682  22.588 0.1250000000
51813  3.827  -43.950  23.042 0.2500000000
50706  3.919  -45.220  23.247 0.1250000000
52870  5.021  -42.805  22.377 0.1250000000
50704  5.724  -45.362  22.773 0.1250000000
50702  7.613  -45.496  22.429 0.1250000000
56774  27.239  -39.235  39.095 0.6250000000
56775  26.347  -39.514  39.463 0.5000000000
56787  25.645  -39.932  38.212 0.6250000000
55624  25.672  -39.905  39.003 0.5000000000
56783  28.559  -37.858  37.407 0.6250000000
60523  7.099  -36.464  29.563 0.8750000000
60558  7.915  -36.289  27.971 0.7500000000
57092  2.985  -39.700  24.101 0.7500000000
58292  3.673  -38.610  23.610 0.6250000000
59487  4.375  -37.648  23.514 0.7500000000
57090  4.315  -39.135  23.913 0.7500000000
59443  5.758  -36.858  25.507 0.7500000000
55902  2.792  -40.075  21.143 0.1250000000
55866  1.862  -40.924  22.704 0.3750000000
60464  28.783  -34.992  34.181 0.5000000000
54839  1.881  -41.676  22.504 0.2500000000
53872  4.404  -42.152  22.003 0.1250000000
53870  6.155  -42.186  21.904 0.1250000000
55882  5.101  -40.805  21.043 0.1250000000
54850  7.714  -41.583  21.611 0.1250000000
55878  8.754  -40.960  21.301 0.1250000000
53867  9.371  -42.776  21.549 0.1250000000
58065  29.119  -37.424  37.340 0.5000000000
59378  5.888  -36.849  29.789 0.8750000000
60488  5.685  -36.722  31.698 0.8750000000
58053  29.886  -36.711  37.506 0.6250000000
59426  5.311  -36.540  26.651 0.8750000000
59294  30.125  -36.091  35.839 0.7500000000
59283  30.038  -36.365  36.502 0.6250000000
57146  5.912  -39.517  20.433 0.1250000000
60463  30.271  -34.364  33.337 0.3750000000
60448  31.652  -34.589  33.216 0.3750000000
61647  32.033  -34.609  33.610 0.7500000000
60461  31.975  -34.495  32.171 0.6250000000
55879  8.209  -40.678  21.248 0.1250000000
60398  30.821  -35.869  37.990 0.6250000000
60411  30.556  -35.474  36.225 0.5000000000
60420  31.400  -34.651  34.682 0.5000000000
61624  32.767  -34.089  34.557 0.6250000000
61592  31.678  -34.358  37.763 0.6250000000
61645  32.997  -33.940  32.852 0.6250000000
61653  33.076  -33.930  31.965 0.5000000000
62879  33.175  -33.756  30.895 0.3750000000
61604  32.348  -33.868  36.313 0.7500000000
62840  33.116  -33.573  35.007 0.6250000000
62856  33.435  -33.218  32.964 0.8750000000
63965  33.587  -32.762  32.613 0.7500000000
63991  33.388  -32.882  30.143 0.3750000000
62798  32.661  -33.073  37.483 0.7500000000
62811  32.804  -33.313  36.684 0.7500000000
62839  33.443  -33.104  34.659 0.7500000000
65043  33.741  -32.094  33.156 0.8750000000
65063  33.740  -32.350  31.463 0.6250000000
67228  33.450  -31.207  30.597 0.3750000000
67244  33.407  -31.209  29.612 0.2500000000
65081  33.468  -32.284  29.652 0.2500000000
68402  33.371  -30.517  28.163 0.2500000000
67273  33.302  -30.910  26.409 0.1250000000
65016  34.040  -31.866  34.928 0.7500000000
67214  33.573  -31.078  31.541 0.5000000000
68390  33.153  -29.917  28.718 0.3750000000
66098  34.023  -31.275  33.686 0.8750000000
66110  33.746  -31.485  32.833 0.8750000000
70529  32.481  -28.864  28.903 0.3750000000
69406  33.411  -28.565  31.929 0.7500000000
71616  33.230  -26.982  32.098 0.7500000000
70449  34.103  -26.961  34.474 0.7500000000
71585  33.874  -26.221  33.710 0.8750000000
71602  33.160  -26.318  32.445 0.6250000000
72719  32.792  -25.705  32.281 0.7500000000
71568  34.678  -25.832  35.266 0.5000000000
71569  34.449  -26.201  34.762 0.6250000000
72693  34.401  -25.562  34.432 0.6250000000
73772  34.947  -24.499  35.830 0.3750000000
73764  35.225  -24.201  36.366 0.3750000000
74930  34.752  -24.034  35.593 0.3750000000
74932  34.247  -23.775  34.745 0.6250000000
74906  34.973  -23.174  36.132 0.3750000000
74931  34.549  -23.730  35.265 0.5000000000
77306  35.653  -21.536  36.777 0.3750000000
78434  36.430  -20.438  38.098 0.2500000000
77293  35.882  -21.221  37.828 0.2500000000
80851  37.508  -18.959  37.082 0.2500000000
81014  42.774  -18.335  23.107 0.3750000000
82156  48.898  -16.644  25.327 0.5000000000
80994  43.503  -18.221  24.559 0.6250000000
78611  42.698  -19.082  25.199 0.5000000000
83477  42.576  -17.056  21.505 0.2500000000
79800  44.039  -18.667  27.925 0.8750000000
79787  44.660  -18.707  28.625 0.8750000000
84679  50.397  -15.715  23.722 0.5000000000
84702  47.206  -15.359  22.017 0.6250000000
85815  50.591  -13.967  23.651 0.6250000000
85827  50.731  -13.784  23.011 0.5000000000
84721  49.967  -14.822  22.118 0.6250000000
84725  46.903  -15.301  21.252 0.6250000000
84735  46.939  -15.087  20.308 0.7500000000
84750  45.719  -14.613  19.382 0.6250000000
85877  50.910  -14.131  19.559 0.7500000000
85907  51.001  -14.638  17.629 0.6250000000
88076  50.997  -12.118  19.787 0.6250000000
86977  52.207  -13.028  18.105 0.6250000000
84804  50.257  -14.709  15.213 0.6250000000
90267  50.799  -11.333  18.138 0.3750000000
88096  51.896  -12.734  17.078 0.3750000000
35474  3.549  -57.939  38.931 0.1250000000
36662  3.765  -57.390  39.106 0.1250000000
36663  3.393  -57.190  38.718 0.1250000000
37825  3.171  -56.286  38.526 0.1250000000
37824  3.578  -56.379  38.834 0.1250000000
36668  3.007  -57.138  38.197 0.1250000000
37830  5.201  -56.485  38.021 0.1250000000
38919  4.188  -55.555  38.902 0.1250000000
36680  3.005  -57.097  36.503 0.2500000000
38925  5.068  -55.453  37.976 0.1250000000
38918  4.732  -55.931  38.461 0.1250000000
37864  2.825  -56.063  35.643 0.2500000000
40002  5.203  -54.473  37.709 0.1250000000
38920  3.636  -55.553  38.965 0.1250000000
38926  4.559  -55.253  38.549 0.1250000000
37831  2.756  -56.313  37.962 0.2500000000
37839  2.763  -56.296  37.100 0.3750000000
37875  3.211  -55.862  34.740 0.3750000000
37885  3.487  -55.831  33.660 0.2500000000
37930  2.246  -56.366  30.821 0.2500000000
37919  2.789  -56.088  31.810 0.2500000000
38913  3.346  -54.738  39.264 0.1250000000
38921  3.260  -55.198  38.886 0.1250000000
38927  2.852  -55.429  38.428 0.2500000000
39976  4.171  -54.393  39.220 0.1250000000
38912  3.715  -54.887  39.202 0.1250000000
38937  2.655  -55.422  37.672 0.3750000000
38950  2.601  -55.421  36.584 0.3750000000
38962  2.568  -55.064  35.459 0.3750000000
38976  2.899  -54.977  34.343 0.2500000000
38998  2.909  -54.993  32.227 0.2500000000
38988  3.303  -55.147  33.370 0.2500000000
37902  3.000  -55.545  32.296 0.2500000000
39020  2.273  -55.481  30.408 0.3750000000
39977  2.784  -54.692  38.860 0.2500000000
39970  3.111  -54.208  39.663 0.2500000000
39989  2.580  -54.559  38.309 0.2500000000
41208  5.198  -53.541  38.321 0.1250000000
40051  2.504  -54.416  35.011 0.3750000000
38989  3.306  -54.605  33.026 0.2500000000
38977  3.071  -54.502  33.775 0.2500000000
40087  2.796  -54.130  31.788 0.3750000000
41334  2.600  -54.318  29.369 0.3750000000
41317  2.666  -54.167  29.851 0.3750000000
40115  2.468  -54.637  29.984 0.3750000000
40132  2.712  -54.679  28.582 0.3750000000
40133  2.347  -55.106  29.055 0.3750000000
40131  3.281  -54.270  28.102 0.3750000000
41185  3.305  -53.427  39.901 0.3750000000
42310  2.962  -52.530  39.734 0.5000000000
41184  4.074  -53.331  39.612 0.3750000000
42309  3.593  -52.496  39.739 0.3750000000
41186  2.803  -53.524  39.567 0.5000000000
39969  3.580  -54.204  39.588 0.2500000000
39971  2.887  -54.376  39.312 0.3750000000
41197  2.471  -53.801  38.971 0.5000000000
41196  4.367  -53.754  39.329 0.2500000000
41195  4.735  -53.258  39.139 0.1250000000
41223  2.437  -53.334  37.225 0.5000000000
40032  2.329  -54.261  35.597 0.3750000000
40052  2.565  -53.978  34.374 0.3750000000
40079  3.161  -53.949  32.615 0.2500000000
41306  2.847  -53.260  30.528 0.3750000000
41296  2.674  -53.182  31.595 0.3750000000
40098  2.583  -53.828  30.543 0.3750000000
41316  2.990  -53.646  29.866 0.3750000000
41331  4.157  -53.079  28.229 0.3750000000
42446  3.433  -53.235  28.940 0.3750000000
41345  3.950  -53.787  27.748 0.3750000000
43425  2.965  -51.391  39.223 0.5000000000
42323  2.514  -52.584  39.139 0.5000000000
42308  4.198  -52.192  39.513 0.3750000000
42324  2.441  -52.040  38.840 0.5000000000
42336  2.326  -53.079  38.727 0.5000000000
41183  4.497  -52.645  39.447 0.3750000000
42337  2.382  -52.379  38.372 0.5000000000
41210  2.342  -52.853  37.772 0.5000000000
42322  5.318  -52.515  38.749 0.3750000000
42364  2.423  -52.913  36.848 0.3750000000
42365  2.341  -52.347  36.554 0.3750000000
41240  2.248  -53.063  35.758 0.3750000000
41254  2.335  -53.041  34.887 0.3750000000
41266  2.627  -53.060  33.997 0.3750000000
42407  2.673  -52.563  31.877 0.3750000000
42445  3.941  -52.884  28.899 0.3750000000
40147  4.311  -53.907  26.890 0.3750000000
42296  4.388  -51.237  39.532 0.3750000000
42297  3.832  -51.558  39.551 0.3750000000
42307  4.910  -51.669  39.296 0.3750000000
43435  2.555  -51.834  39.023 0.6250000000
42306  5.396  -51.613  38.870 0.3750000000
42351  2.409  -52.250  37.485 0.3750000000
42372  2.303  -52.136  35.479 0.3750000000
42379  2.444  -52.122  34.504 0.3750000000
42298  3.336  -51.798  39.593 0.3750000000
42295  4.751  -50.958  39.509 0.3750000000
43423  5.468  -50.744  39.181 0.2500000000
43434  5.595  -51.030  38.628 0.2500000000
43408  4.419  -50.089  39.967 0.3750000000
43416  4.074  -50.511  39.755 0.3750000000
44521  4.654  -49.999  40.042 0.3750000000
43417  3.567  -50.950  39.427 0.3750000000
43424  5.217  -50.781  39.420 0.3750000000
43413  5.506  -50.283  39.648 0.3750000000
44538  6.073  -50.107  38.958 0.2500000000
44537  6.445  -49.512  39.614 0.2500000000
45677  7.559  -48.476  39.108 0.2500000000
44547  6.375  -49.640  38.871 0.2500000000
45685  6.729  -48.940  38.558 0.1250000000
46749  8.140  -47.828  38.701 0.2500000000
45684  7.203  -48.180  38.126 0.1250000000
47928  8.662  -46.949  37.238 0.2500000000
46762  7.900  -47.380  37.509 0.2500000000
44527  6.365  -49.334  40.194 0.3750000000
45671  6.934  -48.899  40.204 0.3750000000
45670  7.602  -48.438  40.039 0.3750000000
45678  6.928  -48.981  39.446 0.3750000000
46748  8.720  -47.301  38.343 0.2500000000
46738  9.014  -47.456  39.359 0.3750000000
47912  9.480  -47.278  38.769 0.2500000000
47926  9.850  -46.452  37.491 0.2500000000
47911  10.036  -46.907  38.394 0.2500000000
47927  9.243  -46.944  37.812 0.2500000000
49237  11.014  -45.355  36.870 0.3750000000
47940  9.947  -46.060  36.620 0.2500000000
46726  7.981  -47.576  41.034 0.3750000000
47895  10.036  -47.059  39.460 0.3750000000
47879  10.918  -46.557  39.986 0.5000000000
49226  10.900  -45.979  38.551 0.5000000000
47910  10.344  -46.248  38.075 0.3750000000
49225  11.015  -45.386  37.942 0.3750000000
47925  10.268  -46.091  37.263 0.2500000000
50503  11.144  -45.044  36.510 0.5000000000
49251  10.592  -45.364  36.408 0.3750000000
49249  11.338  -44.891  35.182 0.5000000000
50493  11.312  -45.096  37.146 0.5000000000
51615  11.561  -44.041  35.605 0.5000000000
59329  25.346  -36.474  33.138 0.6250000000
58147  25.490  -36.985  33.581 0.5000000000
59340  25.059  -36.407  32.372 0.3750000000
51580  11.502  -44.250  37.947 0.5000000000
52630  11.531  -43.719  36.491 0.5000000000
51599  11.490  -44.285  36.679 0.5000000000
58149  24.080  -37.435  33.113 0.5000000000
59353  24.781  -36.265  31.722 0.3750000000
60498  25.361  -35.700  31.536 0.1250000000
52647  11.882  -43.263  35.438 0.3750000000
51624  12.162  -43.896  34.249 0.3750000000
61684  24.967  -35.327  30.888 0.1250000000
59328  26.012  -36.504  33.440 0.5000000000
59339  25.706  -36.048  32.953 0.3750000000
61699  24.141  -34.790  29.929 0.1250000000
61698  24.889  -34.714  30.365 0.1250000000
61711  24.463  -34.368  29.707 0.1250000000
61671  25.676  -35.443  31.641 0.2500000000
61683  25.573  -35.051  31.137 0.1250000000
62911  24.755  -33.731  29.053 0.1250000000
52599  3.649  -42.368  41.602 0.6250000000
58145  26.849  -36.596  34.288 0.6250000000
60479  31.164  -34.265  31.604 0.2500000000
62928  24.002  -33.594  28.080 0.1250000000
59444  4.677  -36.589  25.837 0.6250000000
60615  4.150  -36.419  24.987 0.6250000000
59467  3.552  -36.674  23.748 0.5000000000
60616  3.684  -36.214  24.585 0.5000000000
53616  5.433  -42.120  43.775 0.7500000000
53617  4.810  -41.965  43.201 0.7500000000
53640  3.707  -42.041  42.045 0.7500000000
53660  3.347  -42.225  40.804 0.7500000000
56782  3.429  -40.581  40.197 0.7500000000
56794  3.522  -40.909  39.161 0.7500000000
61619  3.299  -34.249  36.989 0.5000000000
62834  2.686  -33.862  36.623 0.5000000000
59338  26.312  -36.008  33.395 0.3750000000
62844  2.732  -34.204  36.025 0.5000000000
60481  26.475  -35.303  33.014 0.3750000000
60482  25.633  -35.756  32.121 0.3750000000
61640  2.824  -34.463  35.319 0.5000000000
60451  29.042  -35.588  34.528 0.5000000000
60480  27.137  -34.904  33.168 0.3750000000
61670  26.240  -34.960  31.921 0.1250000000
61638  4.083  -34.907  34.970 0.5000000000
61649  3.056  -34.578  34.576 0.5000000000
60473  4.524  -35.133  33.443 0.5000000000
61669  27.615  -34.202  32.609 0.2500000000
61682  26.933  -34.089  30.945 0.1250000000
61697  26.111  -34.174  30.403 0.1250000000
60439  5.826  -36.102  34.289 0.6250000000
60456  4.726  -35.475  33.929 0.5000000000
61648  3.790  -34.855  34.081 0.5000000000
61659  4.131  -34.718  33.123 0.5000000000
61657  29.164  -33.880  33.278 0.2500000000
61681  28.564  -33.356  30.889 0.2500000000
61696  26.691  -33.900  30.380 0.1250000000
62894  25.642  -33.847  29.733 0.1250000000
60455  5.346  -35.878  33.580 0.6250000000
60472  5.080  -35.653  32.865 0.5000000000
62865  4.031  -34.288  32.590 0.5000000000
62910  26.274  -33.175  28.744 0.1250000000
62895  24.890  -34.104  29.795 0.1250000000
60471  5.575  -36.151  32.566 0.6250000000
60490  4.765  -35.526  32.048 0.6250000000
60489  5.061  -36.355  31.695 0.7500000000
61673  4.608  -35.013  31.693 0.6250000000
61677  32.581  -34.235  30.718 0.5000000000
60614  4.416  -36.528  25.403 0.6250000000
60597  3.583  -36.231  25.483 0.6250000000
60580  2.985  -36.036  25.932 0.6250000000
60598  3.242  -35.737  25.130 0.6250000000
60581  2.638  -35.338  25.682 0.6250000000
60617  3.237  -35.974  24.261 0.5000000000
60599  2.810  -35.357  24.753 0.5000000000
53629  3.776  -41.582  42.500 0.7500000000
54611  3.376  -40.705  42.677 0.7500000000
53651  3.429  -41.873  41.502 0.7500000000
54620  3.246  -40.733  42.344 0.7500000000
54651  3.308  -41.684  40.690 0.7500000000
55608  3.061  -40.315  41.841 0.7500000000
55632  3.340  -41.477  39.504 0.7500000000
56772  3.161  -40.202  40.982 0.7500000000
58073  4.707  -39.287  38.010 0.7500000000
61612  3.935  -34.449  37.498 0.5000000000
63924  2.071  -33.243  36.798 0.5000000000
61618  3.878  -34.761  36.524 0.5000000000
62835  2.307  -33.612  36.296 0.5000000000
60413  5.730  -36.005  36.254 0.5000000000
61617  4.535  -35.204  36.197 0.5000000000
63938  2.047  -33.428  36.017 0.5000000000
60412  6.378  -36.434  35.824 0.6250000000
61616  5.095  -35.559  35.889 0.5000000000
62852  2.444  -33.403  34.799 0.5000000000
60424  6.512  -36.302  34.965 0.6250000000
60425  5.481  -35.980  35.294 0.6250000000
60426  4.792  -35.551  35.119 0.5000000000
60441  4.422  -35.230  34.777 0.5000000000
62867  2.744  -33.844  34.074 0.5000000000
62866  3.225  -34.111  33.582 0.5000000000
63968  3.340  -33.527  33.147 0.5000000000
62927  25.344  -32.830  27.944 0.1250000000
62864  4.365  -34.138  32.099 0.5000000000
62943  24.520  -32.789  27.472 0.1250000000
59345  5.783  -36.982  31.004 0.7500000000
60506  4.718  -36.213  30.982 0.7500000000
60507  4.572  -35.768  30.554 0.7500000000
61672  4.686  -34.903  31.114 0.6250000000
64015  25.863  -32.260  26.869 0.1250000000
64029  24.717  -32.430  26.487 0.1250000000
59379  5.302  -36.880  29.552 0.7500000000
61686  4.641  -35.264  30.384 0.7500000000
59393  5.136  -36.726  28.532 0.7500000000
59380  4.780  -36.620  29.364 0.7500000000
59409  5.646  -36.579  27.690 0.7500000000
59381  4.362  -36.154  29.216 0.7500000000
59410  4.876  -36.584  27.546 0.7500000000
59395  4.014  -36.113  27.997 0.7500000000
61716  3.225  -34.895  27.780 0.6250000000
59411  4.208  -36.592  27.398 0.7500000000
59396  3.262  -36.094  27.576 0.7500000000
60544  3.009  -35.525  27.421 0.7500000000
59445  4.268  -36.609  26.264 0.7500000000
60560  3.092  -36.678  26.796 0.7500000000
61717  2.789  -34.966  27.003 0.6250000000
62916  2.637  -34.594  26.700 0.6250000000
61746  2.475  -34.665  25.853 0.3750000000
54600  4.357  -41.087  43.787 0.7500000000
55602  3.041  -40.013  42.319 0.7500000000
56765  3.012  -39.716  41.657 0.7500000000
58032  3.024  -38.779  41.791 0.7500000000
56771  3.295  -39.762  40.754 0.7500000000
58041  3.389  -38.799  40.994 0.7500000000
58031  3.103  -38.466  41.709 0.7500000000
56780  3.836  -39.544  39.523 0.7500000000
58052  3.692  -39.066  40.198 0.7500000000
61578  3.084  -35.394  40.505 0.5000000000
62785  2.930  -34.591  40.338 0.5000000000
63896  2.550  -33.543  40.186 0.5000000000
58051  4.040  -38.649  39.761 0.7500000000
60382  3.700  -36.254  40.349 0.5000000000
61591  3.398  -35.061  40.059 0.5000000000
62797  2.858  -33.932  39.964 0.5000000000
64992  2.197  -32.823  39.503 0.5000000000
58062  4.444  -39.097  38.742 0.7500000000
58050  4.529  -38.259  39.421 0.6250000000
60396  4.312  -36.429  39.860 0.5000000000
61590  3.924  -35.109  39.586 0.5000000000
62795  3.492  -34.286  39.278 0.5000000000
62810  2.872  -33.554  39.062 0.5000000000
63902  2.502  -33.232  39.190 0.5000000000
59271  5.336  -37.656  38.847 0.6250000000
59264  5.357  -36.850  39.064 0.6250000000
61589  4.784  -35.190  38.839 0.5000000000
61603  4.129  -34.507  38.473 0.5000000000
63912  2.314  -33.358  38.055 0.5000000000
65007  1.643  -32.718  37.455 0.5000000000
58060  5.509  -38.190  38.255 0.6250000000
60394  5.454  -35.982  38.630 0.6250000000
60403  5.838  -36.311  37.908 0.6250000000
61611  4.524  -35.082  37.105 0.5000000000
59275  6.262  -37.060  37.392 0.6250000000
63950  2.258  -33.447  35.519 0.5000000000
65038  2.202  -32.441  34.826 0.5000000000
60406  6.308  -36.645  36.613 0.6250000000
63961  2.365  -33.080  34.577 0.5000000000
65060  2.441  -32.788  33.934 0.5000000000
65059  2.793  -32.758  33.548 0.5000000000
63978  3.669  -33.260  32.663 0.5000000000
62873  4.823  -34.495  31.296 0.5000000000
61685  4.745  -34.921  30.292 0.6250000000
62884  5.037  -34.589  30.185 0.6250000000
64041  23.945  -32.569  25.708 0.1250000000
60525  4.310  -35.594  29.474 0.6250000000
61702  3.736  -35.126  28.486 0.6250000000
61715  3.707  -34.658  28.425 0.6250000000
60543  3.615  -35.576  28.105 0.6250000000
62915  2.702  -34.246  27.096 0.5000000000
62930  2.496  -33.909  26.635 0.3750000000
60364  2.994  -37.093  41.428 0.6250000000
59255  3.709  -37.498  40.544 0.6250000000
60383  3.072  -36.671  40.925 0.5000000000
65000  1.851  -32.787  38.553 0.5000000000
66070  1.474  -31.865  36.788 0.5000000000
66078  1.455  -31.632  35.830 0.5000000000
65024  1.839  -32.491  35.335 0.5000000000
63966  4.232  -33.881  32.183 0.5000000000
62872  5.218  -34.095  31.020 0.6250000000
62914  3.040  -34.194  27.909 0.5000000000
73817  31.910  -24.175  31.300 0.5000000000
74953  32.184  -23.664  31.600 0.6250000000
76167  32.118  -22.629  30.470 0.5000000000
79840  42.685  -19.127  23.903 0.3750000000
77358  32.522  -22.423  31.443 0.5000000000
77390  32.485  -21.995  30.264 0.3750000000
85814  51.336  -13.478  23.750 0.2500000000
76178  32.006  -22.202  29.471 0.5000000000
76192  32.536  -21.657  28.544 0.2500000000
84646  50.618  -15.278  24.888 0.2500000000
85803  50.341  -14.481  24.351 0.3750000000
88000  50.510  -12.817  23.310 0.3750000000
84765  48.934  -14.494  17.790 0.6250000000
83517  47.780  -15.073  15.481 0.6250000000
84806  46.904  -15.209  15.588 0.6250000000
77357  32.818  -21.887  31.745 0.8750000000
77372  32.865  -21.511  30.719 0.6250000000
77389  32.919  -21.454  29.752 0.6250000000
76177  32.845  -21.641  29.075 0.6250000000
76205  33.195  -21.332  28.011 0.5000000000
77420  33.416  -21.171  27.547 0.5000000000
80961  47.648  -17.451  26.234 0.6250000000
77453  33.415  -21.020  26.391 0.5000000000
77452  33.923  -21.114  26.225 0.3750000000
84764  49.371  -14.549  17.698 0.6250000000
84782  48.598  -14.607  17.127 0.6250000000
84795  49.352  -14.824  16.063 0.6250000000
83516  48.625  -14.756  15.270 0.6250000000
83531  47.250  -15.551  15.110 0.5000000000
83532  46.433  -15.858  15.117 0.2500000000
82263  46.153  -16.141  14.657 0.1250000000
82303  44.542  -16.023  13.469 0.1250000000
82261  47.784  -15.673  14.345 0.5000000000
83530  48.162  -15.266  14.734 0.5000000000
83563  43.493  -15.307  11.947 0.1250000000
79775  43.747  -19.083  29.296 0.6250000000
79789  43.320  -19.135  28.747 0.7500000000
77405  33.922  -21.192  28.745 0.6250000000
77419  33.966  -20.952  27.872 0.5000000000
77433  34.475  -20.879  26.890 0.5000000000
77430  37.603  -20.733  26.587 0.5000000000
77431  36.617  -20.796  26.712 0.5000000000
77450  35.914  -20.750  25.948 0.5000000000
77451  34.904  -20.952  25.868 0.5000000000
77434  33.504  -21.121  26.971 0.5000000000
77449  36.869  -20.565  25.869 0.5000000000
76230  34.190  -20.953  25.469 0.5000000000
77471  37.140  -20.350  25.062 0.3750000000
77472  36.107  -20.607  25.020 0.2500000000
77473  35.471  -20.774  25.422 0.3750000000
76229  34.679  -20.894  25.397 0.3750000000
82262  46.980  -16.018  14.572 0.5000000000
82282  46.704  -16.245  14.172 0.3750000000
82283  45.873  -16.225  14.160 0.2500000000
82302  45.663  -16.077  13.580 0.2500000000
83529  49.086  -15.179  14.393 0.5000000000
82281  47.468  -16.005  14.055 0.5000000000
82301  46.588  -16.151  13.728 0.3750000000
82326  45.405  -15.831  12.876 0.2500000000
82327  44.195  -15.882  12.563 0.1250000000
81106  47.391  -15.996  13.845 0.3750000000
81116  46.847  -16.028  13.523 0.3750000000
82325  46.666  -15.794  13.103 0.2500000000
82347  45.130  -15.554  12.091 0.1250000000
82348  44.308  -15.403  11.865 0.1250000000
83580  43.805  -15.058  11.167 0.1250000000
83601  44.309  -14.754  10.503 0.1250000000
77388  33.815  -21.115  29.523 0.6250000000
77402  37.165  -20.454  28.334 0.5000000000
77418  35.172  -20.603  27.717 0.5000000000
77416  37.367  -20.840  27.464 0.5000000000
77432  35.559  -20.685  26.785 0.5000000000
82299  48.584  -15.639  13.350 0.3750000000
82322  49.313  -15.712  12.837 0.3750000000
82324  47.659  -15.538  12.805 0.3750000000
82345  47.259  -15.476  12.180 0.2500000000
82346  46.175  -15.700  12.190 0.2500000000
82359  49.350  -15.657  11.829 0.3750000000
83575  48.675  -15.632  11.779 0.3750000000
82360  47.860  -15.407  11.810 0.3750000000
82361  47.447  -15.424  11.581 0.2500000000
83577  46.721  -15.474  11.503 0.2500000000
83578  45.772  -15.287  11.453 0.2500000000
83579  44.804  -15.016  11.410 0.2500000000
83596  49.036  -15.432  11.327 0.2500000000
83597  48.074  -15.322  11.356 0.2500000000
83599  46.356  -15.004  10.703 0.1250000000
83600  45.352  -14.757  10.751 0.2500000000
83621  47.555  -14.879  10.681 0.1250000000
83622  46.956  -14.936  10.609 0.1250000000
84842  45.838  -14.707  10.112 0.1250000000
84869  48.379  -14.156  9.339 0.1250000000
84857  47.909  -14.247  10.184 0.1250000000
84858  46.618  -14.331  10.066 0.1250000000
84843  44.867  -14.601  9.879 0.1250000000
84877  50.931  -13.487  8.858 0.2500000000
84868  49.408  -14.165  9.415 0.1250000000
87021  48.428  -13.723  8.303 0.1250000000
77417  36.344  -20.552  27.577 0.6250000000
77404  34.876  -20.765  28.607 0.5000000000
83573  50.617  -15.433  12.087 0.6250000000
83574  49.955  -15.449  11.915 0.3750000000
83595  49.986  -15.276  11.643 0.2500000000
83620  48.498  -15.003  10.717 0.2500000000
83594  50.989  -15.437  11.203 0.6250000000
83618  50.477  -14.942  10.773 0.2500000000
83619  49.503  -15.008  10.791 0.2500000000
84851  52.867  -15.365  10.101 0.8750000000
84840  52.553  -15.408  10.497 0.7500000000
84854  50.917  -14.425  10.102 0.2500000000
84855  49.956  -14.437  10.158 0.2500000000
84856  48.943  -14.639  10.056 0.2500000000
85950  53.264  -15.073  9.764 0.7500000000
84865  52.303  -14.353  9.413 0.5000000000
84866  51.412  -13.952  9.477 0.3750000000
84867  50.400  -13.849  9.446 0.3750000000
84878  50.326  -13.445  8.926 0.1250000000
44518  6.283  -49.190  40.425 0.3750000000
43414  4.956  -50.522  39.745 0.3750000000
53628  4.356  -42.078  42.622 0.7500000000
53618  4.166  -41.405  43.119 0.7500000000
41307  2.530  -52.896  30.971 0.3750000000
47894  10.700  -46.635  38.974 0.3750000000
40148  3.650  -54.590  27.173 0.3750000000
55646  3.312  -41.776  38.448 0.7500000000
51579  11.531  -44.402  37.371 0.5000000000
60438  6.768  -36.153  34.061 0.6250000000
59326  27.750  -35.637  34.411 0.5000000000
60465  27.413  -35.214  33.622 0.3750000000
60470  6.322  -36.375  32.351 0.7500000000
59362  5.481  -36.966  30.416 0.7500000000
76159  32.512  -22.880  31.858 0.6250000000
77384  38.001  -20.373  29.079 0.6250000000
77448  37.823  -20.215  25.791 0.5000000000
84781  49.679  -14.737  17.270 0.6250000000
82342  49.918  -15.526  12.407 0.3750000000
55615  3.202  -40.722  41.223 0.7500000000
59270  5.827  -37.197  38.346 0.6250000000
61658  28.214  -34.565  33.531 0.2500000000
61656  30.322  -33.909  32.253 0.2500000000
37823  4.012  -56.581  39.050 0.1250000000
37852  2.755  -56.358  36.324 0.2500000000
36688  3.593  -57.440  35.579 0.2500000000
39988  4.328  -54.895  38.813 0.1250000000
39987  4.684  -54.398  38.611 0.1250000000
39008  2.533  -55.236  31.330 0.2500000000
40003  2.532  -54.415  37.418 0.5000000000
39975  4.479  -53.958  39.112 0.1250000000
40016  2.397  -54.225  36.383 0.3750000000
39033  2.117  -55.721  29.492 0.3750000000
40033  2.287  -53.771  35.247 0.3750000000
40099  2.376  -54.192  30.950 0.3750000000
40114  2.703  -53.951  30.175 0.3750000000
40149  2.827  -55.166  27.643 0.3750000000
41209  2.373  -53.501  38.161 0.5000000000
41239  2.350  -53.275  36.447 0.3750000000
43415  4.617  -50.452  39.778 0.3750000000
44528  5.959  -49.940  39.688 0.2500000000
47939  10.363  -45.777  36.725 0.2500000000
53641  3.479  -41.637  42.034 0.7500000000
60596  4.044  -36.546  25.882 0.6250000000
56781  3.602  -39.881  39.998 0.7500000000
63911  2.555  -33.495  37.782 0.5000000000
62823  3.601  -34.091  38.005 0.5000000000
61628  4.083  -34.983  35.492 0.5000000000
62851  2.539  -33.862  34.979 0.5000000000
60442  4.107  -34.933  34.720 0.5000000000
62893  27.094  -33.420  29.812 0.1250000000
62874  4.521  -34.600  31.793 0.5000000000
54628  3.218  -40.989  41.941 0.7500000000
58061  4.999  -38.522  38.725 0.6250000000
61601  5.279  -35.525  37.702 0.5000000000
63925  1.677  -33.060  36.140 0.5000000000
60407  5.881  -36.073  37.131 0.5000000000
65015  1.502  -32.623  35.833 0.5000000000
59394  4.569  -36.454  28.330 0.7500000000
60542  4.099  -35.771  28.686 0.7500000000
59428  3.912  -36.724  26.590 0.7500000000
56764  3.133  -39.279  41.414 0.7500000000
59240  3.131  -37.765  41.643 0.7500000000
58040  3.652  -38.349  40.566 0.7500000000
61577  3.495  -35.438  40.176 0.5000000000
59266  4.182  -37.420  39.977 0.7500000000
62796  3.245  -34.395  39.778 0.5000000000
59265  4.835  -37.342  39.447 0.6250000000
60395  4.864  -36.099  39.397 0.5000000000
62808  3.551  -34.166  38.696 0.5000000000
61588  5.079  -35.344  38.324 0.5000000000
61700  4.607  -34.739  29.504 0.6250000000
61701  4.263  -35.056  29.260 0.6250000000
60365  2.661  -36.933  41.813 0.5000000000
76160  32.230  -22.848  31.210 0.5000000000
76191  33.330  -21.433  28.628 0.5000000000
84796  48.177  -14.791  16.209 0.6250000000
82280  48.414  -15.650  13.799 0.5000000000
81114  47.921  -15.563  13.433 0.3750000000
82323  48.434  -15.608  12.869 0.3750000000
82343  49.133  -15.819  12.290 0.3750000000
82344  48.209  -15.530  12.205 0.3750000000
83598  47.214  -15.362  10.993 0.1250000000
84841  46.319  -14.713  10.262 0.1250000000
85957  48.867  -13.846  8.721 0.1250000000
85956  49.743  -13.618  8.942 0.1250000000
83572  51.550  -15.497  11.571 0.7500000000
83571  52.326  -15.572  11.243 0.7500000000
83617  51.343  -15.017  10.527 0.6250000000
84852  52.334  -15.029  10.112 0.6250000000
84838  53.606  -15.407  11.291 0.6250000000
84864  52.763  -14.957  9.608 0.7500000000
84853  51.746  -14.589  10.036 0.6250000000
85954  52.992  -14.498  8.926 0.5000000000
85949  53.848  -14.651  9.504 0.6250000000
45691  7.041  -48.280  36.961 0.1250000000
47942  8.366  -46.975  36.399 0.1250000000
46774  7.280  -47.630  36.134 0.1250000000
45699  6.662  -48.191  36.393 0.1250000000
47958  8.110  -46.987  35.280 0.1250000000
46791  6.708  -48.213  35.404 0.1250000000
47973  10.083  -45.442  35.007 0.1250000000
47957  8.889  -46.373  35.546 0.1250000000
49282  10.774  -45.442  34.383 0.1250000000
47941  9.205  -46.468  36.703 0.1250000000
47955  10.101  -45.409  36.035 0.1250000000
47956  9.534  -45.788  35.779 0.1250000000
47974  9.496  -45.929  34.712 0.1250000000
55583  3.102  -39.636  43.262 0.6250000000
49267  10.596  -45.232  35.402 0.2500000000
56740  2.690  -39.106  43.216 0.6250000000
56749  2.739  -39.169  42.775 0.6250000000
58010  2.272  -38.339  43.112 0.6250000000
58022  2.735  -38.476  42.319 0.6250000000
55570  4.360  -40.007  44.441 0.6250000000
55581  4.010  -40.191  44.061 0.6250000000
65985  16.013  -32.522  46.487 0.2500000000
64936  15.196  -32.657  47.096 0.2500000000
64937  14.337  -32.433  47.321 0.2500000000
56730  3.407  -39.299  44.206 0.6250000000
57986  2.825  -38.511  44.226 0.6250000000
67042  16.239  -32.256  45.905 0.2500000000
65986  15.380  -32.257  46.811 0.2500000000
65987  14.656  -31.938  47.181 0.2500000000
59195  2.393  -37.645  44.088 0.6250000000
67052  16.484  -31.674  45.460 0.2500000000
67043  15.711  -31.654  46.032 0.2500000000
67031  15.088  -31.538  46.762 0.2500000000
65988  13.687  -31.727  47.513 0.2500000000
59201  2.040  -37.585  43.422 0.6250000000
67032  14.004  -31.380  47.075 0.2500000000
59227  2.294  -37.680  42.486 0.6250000000
60349  2.237  -37.227  42.378 0.5000000000
67065  16.808  -31.096  45.076 0.2500000000
67053  15.944  -31.221  45.581 0.2500000000
61676  32.843  -33.989  30.501 0.3750000000
61692  32.532  -34.277  30.072 0.2500000000
61493  14.863  -34.297  46.624 0.2500000000
62705  13.992  -33.721  46.287 0.2500000000
62706  13.121  -33.406  46.480 0.2500000000
62721  11.986  -33.282  45.816 0.5000000000
54598  5.362  -41.548  44.347 0.6250000000
63826  15.832  -33.420  47.065 0.2500000000
62689  15.562  -34.006  46.981 0.2500000000
62691  14.157  -33.513  46.775 0.2500000000
62707  12.192  -33.131  46.486 0.5000000000
62708  11.140  -33.009  46.339 0.5000000000
54599  4.914  -41.416  44.067 0.6250000000
64943  17.293  -32.910  46.058 0.2500000000
63842  16.306  -33.585  46.966 0.2500000000
63827  15.007  -33.192  47.115 0.2500000000
62693  12.378  -32.998  47.078 0.2500000000
59187  4.229  -37.503  45.142 0.6250000000
56721  4.279  -39.273  44.660 0.6250000000
64944  16.684  -32.929  46.497 0.2500000000
64934  16.211  -32.866  46.751 0.2500000000
64935  15.841  -32.804  46.920 0.2500000000
63828  14.165  -33.001  47.276 0.2500000000
63829  13.349  -32.897  47.487 0.2500000000
63831  11.755  -32.568  47.525 0.5000000000
60313  4.268  -36.505  45.365 0.5000000000
57977  3.717  -38.421  44.725 0.6250000000
66003  17.709  -32.315  45.462 0.2500000000
66004  17.250  -32.411  45.560 0.2500000000
65998  16.426  -32.569  46.192 0.2500000000
64926  12.778  -32.147  48.180 0.2500000000
63832  10.891  -32.340  47.317 0.5000000000
62714  5.620  -34.172  46.500 0.5000000000
61504  4.848  -35.101  46.187 0.5000000000
60314  3.559  -36.692  45.112 0.6250000000
59188  3.671  -37.623  44.894 0.6250000000
67062  18.320  -31.860  44.947 0.2500000000
67050  17.582  -32.079  45.299 0.2500000000
67051  17.091  -32.149  45.391 0.2500000000
63818  12.016  -32.368  48.043 0.3750000000
63819  11.250  -32.086  47.809 0.5000000000
63821  9.531  -32.053  47.608 0.5000000000
63835  8.194  -32.504  46.997 0.5000000000
62699  6.885  -33.478  46.763 0.5000000000
63838  5.761  -33.217  46.792 0.3750000000
61514  3.649  -35.659  45.453 0.5000000000
60320  3.183  -37.059  44.817 0.6250000000
67085  18.671  -31.631  43.970 0.1250000000
67064  17.340  -31.498  45.051 0.2500000000
65977  12.709  -31.804  48.253 0.2500000000
64928  11.613  -31.818  48.209 0.5000000000
63820  10.392  -31.957  47.642 0.5000000000
64931  9.145  -31.787  47.924 0.3750000000
63836  7.369  -32.632  47.172 0.5000000000
62727  4.495  -34.457  46.204 0.3750000000
61521  3.111  -35.334  45.153 0.3750000000
60321  2.571  -36.754  44.487 0.3750000000
67095  18.822  -31.536  43.123 0.1250000000
67075  17.588  -31.055  44.451 0.1250000000
65989  13.009  -31.540  48.051 0.2500000000
65978  12.121  -31.415  48.360 0.3750000000
65979  11.190  -31.314  48.258 0.3750000000
64930  9.957  -31.632  47.917 0.5000000000
64940  6.681  -32.322  47.503 0.3750000000
63845  5.065  -33.474  46.529 0.3750000000
63856  3.812  -33.505  45.549 0.3750000000
61528  2.159  -35.750  44.011 0.3750000000
60334  1.753  -36.755  42.935 0.5000000000
67086  18.264  -31.237  43.776 0.1250000000
68133  14.453  -31.005  46.704 0.1250000000
63857  3.230  -33.669  44.853 0.3750000000
67087  17.740  -30.885  43.627 0.1250000000
67066  16.153  -30.868  44.985 0.1250000000
67044  15.293  -31.071  46.276 0.1250000000
60384  2.782  -36.675  41.358 0.3750000000
67076  16.949  -30.848  44.316 0.1250000000
54594  16.827  -40.370  44.173 0.2500000000
55561  16.364  -39.296  45.020 0.2500000000
56715  15.723  -38.878  44.722 0.2500000000
57993  15.252  -38.118  44.145 0.2500000000
59198  14.590  -37.265  43.793 0.3750000000
62772  11.137  -34.574  41.842 0.5000000000
53621  18.455  -41.510  43.513 0.2500000000
56714  15.945  -38.725  45.125 0.2500000000
57969  15.776  -38.276  45.310 0.2500000000
59191  14.835  -37.262  44.496 0.2500000000
61530  13.824  -35.401  43.635 0.3750000000
62771  11.914  -34.454  42.235 0.5000000000
57964  15.758  -37.781  45.491 0.2500000000
59177  15.401  -36.912  45.516 0.2500000000
60317  14.591  -36.162  44.734 0.2500000000
61525  14.070  -35.251  44.358 0.2500000000
61526  13.144  -34.723  44.158 0.3750000000
62757  12.065  -34.227  43.051 0.5000000000
62759  10.133  -34.605  42.479 0.5000000000
62752  9.255  -34.770  43.197 0.5000000000
56728  6.912  -39.025  44.882 0.6250000000
55566  6.852  -40.287  45.267 0.6250000000
60306  16.834  -36.128  45.771 0.2500000000
59175  16.059  -36.774  45.834 0.2500000000
60307  15.000  -36.339  45.594 0.2500000000
60300  14.679  -35.699  45.779 0.2500000000
61517  14.141  -34.943  45.054 0.2500000000
62741  12.484  -34.101  44.635 0.2500000000
62750  11.232  -34.010  43.649 0.5000000000
62743  10.363  -33.924  44.267 0.5000000000
62745  8.688  -34.792  43.824 0.5000000000
61527  8.193  -35.137  44.270 0.5000000000
60325  7.553  -35.951  44.223 0.5000000000
57983  6.979  -38.390  44.715 0.6250000000
57972  6.646  -38.672  44.901 0.6250000000
60297  15.964  -35.820  46.151 0.2500000000
60298  15.514  -35.918  46.079 0.2500000000
61499  14.469  -34.877  46.061 0.2500000000
62730  13.744  -34.244  45.498 0.2500000000
62731  12.947  -33.979  45.261 0.3750000000
62732  11.711  -33.536  45.161 0.5000000000
60326  7.068  -36.830  44.408 0.5000000000
59192  6.662  -37.264  44.662 0.6250000000
56718  6.252  -39.355  45.071 0.6250000000
55568  5.624  -40.292  45.026 0.6250000000
61507  17.065  -35.240  45.925 0.2500000000
62703  16.269  -34.177  46.900 0.2500000000
61492  15.179  -34.246  46.825 0.2500000000
62720  13.021  -33.572  45.910 0.2500000000
62733  10.546  -33.611  45.057 0.5000000000
62734  9.459  -33.826  44.839 0.5000000000
62735  8.605  -34.409  44.579 0.5000000000
61519  7.799  -34.949  44.951 0.5000000000
60319  6.923  -35.917  44.768 0.5000000000
59183  6.350  -36.427  44.909 0.6250000000
57973  6.217  -38.187  45.071 0.6250000000
56719  5.629  -39.348  45.016 0.6250000000
63848  18.147  -33.639  45.477 0.2500000000
63849  17.661  -33.674  45.892 0.2500000000
62688  15.921  -33.859  47.085 0.2500000000
62722  10.804  -33.348  45.747 0.5000000000
62723  9.623  -33.531  45.587 0.5000000000
62724  8.526  -33.884  45.459 0.5000000000
62725  7.819  -34.310  45.635 0.5000000000
60309  6.606  -35.585  45.203 0.5000000000
59184  5.968  -36.840  45.038 0.5000000000
59185  5.527  -37.210  45.238 0.6250000000
57975  4.901  -38.396  45.136 0.6250000000
56720  4.969  -39.324  44.871 0.6250000000
63839  17.755  -33.209  45.956 0.2500000000
63841  16.712  -33.623  46.756 0.2500000000
63843  9.175  -33.385  45.836 0.5000000000
62710  8.847  -33.274  46.008 0.5000000000
61500  7.183  -34.462  46.004 0.5000000000
61511  6.613  -35.212  45.510 0.5000000000
60311  5.610  -36.160  45.390 0.5000000000
60312  5.000  -36.284  45.535 0.5000000000
57976  4.287  -38.402  44.915 0.6250000000
64947  18.510  -32.812  45.301 0.2500000000
66007  18.481  -32.177  44.981 0.2500000000
62709  9.919  -33.227  46.229 0.5000000000
62697  8.452  -32.901  46.496 0.5000000000
62713  6.427  -34.227  46.490 0.5000000000
61503  5.391  -35.104  46.152 0.5000000000
66011  18.944  -32.227  44.237 0.2500000000
67073  18.466  -31.771  44.660 0.2500000000
62695  10.469  -32.684  46.768 0.5000000000
63833  9.951  -32.330  47.193 0.5000000000
62712  7.127  -34.110  46.424 0.5000000000
66015  19.057  -32.023  43.383 0.1250000000
62698  7.605  -33.205  46.582 0.5000000000
66019  19.231  -31.869  42.506 0.1250000000
65981  9.570  -31.386  48.191 0.3750000000
64932  8.401  -31.924  47.797 0.3750000000
64939  7.384  -32.174  47.594 0.3750000000
61566  30.997  -34.487  39.219 0.5000000000
65980  10.361  -31.307  48.214 0.3750000000
65995  5.476  -32.155  47.022 0.3750000000
63846  4.838  -33.005  46.447 0.3750000000
62754  2.011  -34.696  43.430 0.3750000000
63878  31.921  -32.536  39.196 0.5000000000
62775  31.782  -33.157  39.139 0.6250000000
67034  12.616  -31.219  48.182 0.3750000000
67027  9.966  -31.044  48.422 0.3750000000
65982  8.665  -31.430  48.145 0.3750000000
65993  7.187  -31.699  47.682 0.3750000000
64946  4.730  -32.605  46.284 0.3750000000
66040  32.787  -31.390  39.097 0.3750000000
64973  32.171  -31.889  39.283 0.3750000000
62788  32.030  -33.432  38.680 0.6250000000
64969  19.856  -32.130  41.114 0.1250000000
67096  18.542  -30.995  42.934 0.1250000000
68134  13.459  -30.914  46.990 0.1250000000
68129  12.347  -30.694  47.844 0.2500000000
67026  10.696  -30.936  48.420 0.3750000000
67036  9.626  -30.726  48.249 0.3750000000
65991  8.343  -31.116  48.103 0.3750000000
67040  6.765  -31.297  47.335 0.3750000000
61565  2.178  -35.932  41.686 0.3750000000
63890  32.287  -32.461  38.800 0.6250000000
62799  32.117  -33.619  38.003 0.6250000000
66027  19.739  -31.685  41.651 0.1250000000
67111  19.327  -31.234  42.307 0.1250000000
67054  15.347  -30.884  45.652 0.1250000000
68141  14.749  -30.766  46.215 0.1250000000
61579  2.576  -36.092  41.145 0.3750000000
66039  33.303  -31.053  38.851 0.6250000000
64983  32.942  -31.789  38.544 0.6250000000
63889  32.694  -32.322  38.337 0.5000000000
66038  33.641  -30.710  38.537 0.6250000000
66049  33.526  -31.326  38.344 0.6250000000
63898  33.141  -32.279  37.819 0.5000000000
66048  33.926  -30.788  38.047 0.5000000000
64993  33.610  -31.613  37.674 0.5000000000
67133  33.809  -30.139  38.320 0.5000000000
66057  33.930  -30.779  37.281 0.6250000000
54605  17.943  -41.009  43.574 0.2500000000
54593  17.646  -40.344  43.960 0.2500000000
55574  16.906  -39.794  44.664 0.2500000000
55560  16.878  -39.258  45.294 0.2500000000
53620  19.259  -41.380  43.395 0.2500000000
55573  17.569  -39.524  44.660 0.2500000000
56713  16.363  -38.616  45.543 0.2500000000
57968  16.627  -38.229  45.882 0.2500000000
56711  17.414  -38.798  45.428 0.2500000000
57967  17.090  -38.166  45.905 0.2500000000
57963  16.165  -37.766  45.756 0.2500000000
59178  17.618  -36.571  45.157 0.2500000000
59180  16.980  -37.285  45.749 0.2500000000
60316  17.744  -36.011  44.976 0.2500000000
60304  17.523  -35.800  45.285 0.2500000000
60305  17.288  -35.991  45.504 0.2500000000
61523  17.885  -35.241  44.408 0.2500000000
61505  17.567  -35.182  45.266 0.2500000000
61506  17.348  -35.198  45.610 0.2500000000
62739  18.222  -34.409  44.301 0.2500000000
62716  17.777  -34.546  45.237 0.2500000000
62717  17.488  -34.318  45.822 0.2500000000
62729  18.057  -34.441  44.838 0.2500000000
63859  18.618  -33.682  44.157 0.2500000000
63855  18.572  -33.617  44.755 0.2500000000
63865  18.664  -33.390  42.933 0.2500000000
64955  19.083  -33.091  44.017 0.2500000000
59243  30.240  -36.500  39.119 0.5000000000
64962  18.490  -33.167  42.067 0.1250000000
64961  18.893  -32.922  42.285 0.2500000000
64958  19.102  -33.071  43.185 0.2500000000
61567  30.450  -34.889  39.486 0.6250000000
64970  19.131  -32.447  41.342 0.1250000000
66020  19.139  -32.450  42.809 0.1250000000
63880  31.023  -33.371  39.585 0.5000000000
66028  19.355  -32.241  41.928 0.1250000000
63864  1.980  -33.718  43.358 0.3750000000
62761  1.712  -34.832  42.548 0.3750000000
64964  31.422  -31.958  39.595 0.3750000000
65999  5.767  -31.498  46.730 0.3750000000
66001  4.640  -32.240  46.013 0.3750000000
63861  2.082  -33.851  44.074 0.3750000000
67124  32.176  -30.287  39.502 0.3750000000
64974  31.779  -31.959  39.477 0.3750000000
64978  20.105  -32.027  40.625 0.1250000000
68135  12.626  -30.587  47.336 0.2500000000
68130  11.703  -30.640  48.014 0.2500000000
67035  10.223  -30.743  48.326 0.2500000000
67037  8.776  -30.813  48.114 0.3750000000
67039  7.422  -31.087  47.631 0.3750000000
62774  1.815  -34.881  41.651 0.3750000000
66031  32.588  -31.004  39.479 0.3750000000
62786  2.511  -34.777  40.838 0.3750000000
67122  33.119  -30.377  39.158 0.3750000000
67112  19.001  -30.440  41.969 0.1250000000
67067  15.481  -30.807  44.868 0.1250000000
67134  33.337  -30.134  38.847 0.3750000000
67142  34.177  -29.852  37.753 0.5000000000
55559  17.230  -39.130  45.398 0.2500000000
55587  18.540  -39.547  43.870 0.2500000000
56724  17.854  -38.943  44.813 0.2500000000
57979  17.893  -38.355  44.820 0.2500000000
56735  18.657  -39.178  43.808 0.2500000000
57978  18.123  -38.133  44.350 0.2500000000
59190  17.749  -37.535  45.014 0.2500000000
57966  17.507  -38.040  45.378 0.2500000000
57990  18.587  -38.428  43.330 0.2500000000
59196  18.067  -37.187  44.128 0.2500000000
59189  17.858  -36.963  44.717 0.2500000000
57991  18.345  -37.768  43.173 0.2500000000
59197  18.171  -37.182  43.546 0.2500000000
60322  17.868  -36.152  44.524 0.2500000000
59207  18.194  -37.210  42.920 0.2500000000
60330  17.916  -36.218  43.336 0.2500000000
61529  17.920  -35.259  43.728 0.2500000000
62740  18.129  -34.664  43.932 0.2500000000
61541  17.583  -35.093  43.086 0.2500000000
62747  18.349  -34.145  43.904 0.2500000000
61542  17.113  -35.151  42.240 0.2500000000
62756  17.521  -34.223  42.506 0.2500000000
62755  17.829  -34.101  43.056 0.2500000000
63862  18.595  -33.612  43.561 0.2500000000
62770  17.268  -34.179  41.624 0.1250000000
63867  17.716  -33.666  42.067 0.2500000000
63863  18.268  -33.754  43.148 0.2500000000
62783  16.931  -34.404  40.495 0.1250000000
63876  17.720  -33.480  41.577 0.1250000000
63875  18.140  -33.286  41.874 0.2500000000
63887  16.991  -33.607  40.286 0.1250000000
63886  17.480  -33.363  40.856 0.1250000000
63885  18.039  -33.072  41.351 0.1250000000
62762  30.476  -33.608  39.671 0.5000000000
63895  16.854  -33.370  39.703 0.1250000000
64981  17.622  -32.819  40.361 0.1250000000
64971  18.536  -32.889  41.612 0.1250000000
63868  1.890  -33.822  42.739 0.3750000000
64991  16.775  -32.961  39.196 0.1250000000
64989  18.800  -31.982  39.946 0.1250000000
67049  5.717  -31.340  46.344 0.3750000000
66009  3.547  -31.792  44.743 0.3750000000
64960  2.204  -32.827  43.136 0.3750000000
64990  17.505  -32.377  39.594 0.1250000000
68138  10.228  -30.389  47.992 0.2500000000
67038  8.076  -30.901  47.892 0.2500000000
63877  1.739  -33.874  41.852 0.3750000000
64998  17.258  -32.035  38.769 0.1250000000
66046  18.425  -31.646  39.358 0.1250000000
66044  20.067  -31.519  39.896 0.1250000000
67127  19.946  -30.981  41.383 0.1250000000
67055  14.860  -30.781  45.432 0.1250000000
68142  13.906  -30.718  46.381 0.1250000000
63888  2.220  -33.841  41.041 0.3750000000
69312  33.129  -28.347  39.218 0.2500000000
69297  32.615  -28.458  39.343 0.2500000000
66045  19.231  -31.528  39.521 0.1250000000
66035  20.191  -31.616  40.709 0.1250000000
67088  17.025  -30.695  43.459 0.1250000000
67077  16.233  -30.698  44.194 0.1250000000
70411  33.211  -27.545  39.378 0.2500000000
67135  33.024  -29.582  39.068 0.3750000000
69310  34.341  -27.984  38.315 0.2500000000
68244  34.310  -28.993  37.821 0.3750000000
68227  33.954  -29.130  38.364 0.3750000000
68243  34.489  -28.434  37.589 0.3750000000
68260  34.408  -29.000  37.251 0.3750000000
54603  19.484  -40.757  43.419 0.2500000000
55586  19.105  -40.033  43.584 0.2500000000
56734  19.463  -39.594  43.208 0.2500000000
58005  18.671  -38.001  42.745 0.2500000000
57989  19.849  -39.147  42.763 0.2500000000
59222  18.539  -37.513  42.117 0.2500000000
60343  17.608  -36.355  42.343 0.2500000000
60344  17.146  -35.789  41.849 0.2500000000
60359  17.364  -36.159  41.303 0.2500000000
61559  17.058  -35.243  41.338 0.2500000000
61573  17.246  -35.601  40.445 0.2500000000
62793  17.025  -35.047  39.578 0.1250000000
67082  4.862  -30.782  44.665 0.2500000000
62794  16.754  -34.168  39.575 0.1250000000
67070  5.633  -30.835  45.460 0.2500000000
67072  4.475  -31.318  44.983 0.3750000000
67093  3.799  -30.665  43.758 0.2500000000
66017  2.598  -31.763  42.997 0.3750000000
62807  16.913  -34.499  38.774 0.1250000000
68140  8.716  -30.492  47.794 0.2500000000
67047  7.046  -30.854  47.093 0.2500000000
67060  5.395  -31.327  45.779 0.3750000000
66013  3.460  -31.351  44.278 0.3750000000
66022  2.137  -31.780  42.203 0.3750000000
63901  16.658  -33.629  38.888 0.1250000000
67113  17.884  -30.243  41.808 0.1250000000
67098  16.999  -30.534  42.522 0.1250000000
67089  16.184  -30.590  43.285 0.1250000000
68143  12.947  -30.418  46.563 0.1250000000
68136  11.872  -30.415  47.543 0.2500000000
68137  11.115  -30.302  47.774 0.2500000000
64963  1.918  -32.817  42.175 0.3750000000
64972  2.040  -32.995  41.213 0.3750000000
66037  2.087  -32.294  40.515 0.3750000000
67097  17.896  -30.629  42.732 0.1250000000
68151  14.360  -30.657  45.854 0.1250000000
67138  20.147  -31.023  40.415 0.1250000000
71528  33.337  -26.847  39.441 0.2500000000
66052  19.461  -30.936  39.289 0.1250000000
70410  33.649  -27.424  39.152 0.2500000000
69309  34.542  -27.671  38.115 0.3750000000
69322  34.582  -27.824  37.875 0.3750000000
54616  19.931  -41.122  42.951 0.2500000000
54602  20.199  -40.857  42.935 0.2500000000
55585  20.288  -40.452  42.931 0.2500000000
58004  19.422  -38.543  42.567 0.2500000000
71459  15.165  -26.346  44.219 0.1250000000
71460  14.324  -26.395  44.316 0.1250000000
72611  13.778  -26.088  44.169 0.1250000000
71461  13.396  -26.713  44.354 0.1250000000
71473  15.315  -26.914  44.258 0.1250000000
71474  14.527  -27.004  44.375 0.1250000000
70378  15.528  -27.363  43.446 0.1250000000
70369  15.170  -27.286  43.859 0.1250000000
71475  13.725  -27.109  44.438 0.1250000000
71476  13.048  -27.271  44.444 0.1250000000
60358  17.975  -37.041  41.328 0.2500000000
70385  15.494  -27.604  42.595 0.1250000000
60376  17.742  -36.510  40.483 0.2500000000
70393  16.425  -27.581  41.498 0.1250000000
69292  15.382  -28.047  41.811 0.1250000000
70379  14.637  -27.654  43.435 0.1250000000
70380  14.217  -27.739  43.789 0.1250000000
70372  13.174  -27.641  44.358 0.1250000000
60391  18.183  -36.573  39.999 0.2500000000
69281  14.627  -28.070  42.670 0.1250000000
69274  13.757  -28.149  43.433 0.1250000000
69266  13.476  -28.083  43.931 0.1250000000
61587  17.773  -35.958  39.550 0.1250000000
69305  16.784  -28.184  40.657 0.1250000000
69291  16.072  -28.147  41.224 0.1250000000
69293  14.795  -28.576  42.084 0.1250000000
68174  13.912  -29.496  42.683 0.1250000000
68164  6.508  -29.994  45.105 0.1250000000
69272  6.112  -30.226  44.034 0.2500000000
68181  4.907  -30.347  43.742 0.2500000000
61586  18.339  -35.986  39.188 0.1250000000
68216  17.326  -29.002  40.573 0.1250000000
68217  16.642  -28.916  40.785 0.1250000000
68199  15.932  -28.883  41.213 0.1250000000
67100  15.116  -30.002  42.226 0.1250000000
68158  7.695  -30.056  46.052 0.1250000000
68159  6.456  -30.404  45.748 0.1250000000
68165  5.918  -30.460  45.202 0.2500000000
68172  4.602  -30.451  44.176 0.2500000000
67115  15.936  -29.859  41.554 0.1250000000
67090  15.276  -30.446  43.119 0.1250000000
68153  12.238  -29.652  45.833 0.1250000000
68145  11.326  -29.877  47.199 0.1250000000
68146  10.486  -29.797  47.415 0.1250000000
68157  8.990  -29.741  46.570 0.1250000000
67094  3.266  -31.072  43.384 0.2500000000
66021  2.464  -31.332  42.501 0.3750000000
68197  17.645  -29.695  41.035 0.1250000000
67114  16.860  -30.224  41.590 0.1250000000
67069  13.915  -30.618  44.586 0.1250000000
68152  13.350  -30.426  45.500 0.1250000000
68144  12.076  -30.124  46.858 0.1250000000
68139  9.226  -30.383  47.883 0.2500000000
68149  7.845  -30.345  46.881 0.1250000000
67058  6.796  -30.625  46.425 0.2500000000
67106  2.425  -31.132  42.056 0.3750000000
68196  18.688  -29.863  41.001 0.1250000000
67068  14.750  -30.774  44.706 0.1250000000
67056  14.245  -30.721  45.274 0.1250000000
66029  2.051  -32.119  41.348 0.3750000000
67128  19.578  -30.328  40.722 0.1250000000
67078  15.428  -30.639  44.035 0.1250000000
64982  2.268  -32.957  40.386 0.3750000000
66043  20.266  -31.430  40.324 0.1250000000
66047  2.039  -32.401  39.832 0.3750000000
71511  32.921  -26.281  39.677 0.2500000000
71527  34.015  -26.239  39.108 0.2500000000
70408  34.642  -27.192  38.172 0.2500000000
71537  34.998  -26.458  38.076 0.2500000000
70420  34.881  -27.110  37.638 0.2500000000
54614  22.369  -40.737  43.036 0.1250000000
55596  21.458  -40.381  42.790 0.2500000000
72638  13.611  -25.906  42.234 0.1250000000
72644  13.138  -26.125  41.971 0.1250000000
71497  12.489  -26.468  42.141 0.1250000000
71498  11.804  -26.812  42.342 0.1250000000
54615  20.936  -40.941  42.906 0.2500000000
55597  20.915  -40.659  42.888 0.2500000000
73713  14.042  -26.028  42.933 0.1250000000
73720  13.607  -26.148  42.671 0.1250000000
72639  13.056  -26.242  42.525 0.1250000000
72640  12.118  -26.512  42.641 0.1250000000
71499  11.288  -27.156  42.583 0.1250000000
70388  10.632  -27.702  42.466 0.1250000000
55584  20.869  -40.182  42.801 0.2500000000
73702  14.396  -25.720  43.549 0.1250000000
73703  13.709  -26.124  43.394 0.1250000000
73714  13.351  -26.304  42.989 0.1250000000
72634  11.919  -26.530  43.195 0.1250000000
71489  10.991  -27.230  43.038 0.1250000000
56733  20.433  -39.818  42.810 0.2500000000
73683  14.638  -25.666  44.020 0.1250000000
72624  14.155  -25.693  43.955 0.1250000000
73691  13.378  -26.147  43.751 0.1250000000
73704  13.110  -26.331  43.456 0.1250000000
72633  12.652  -26.411  43.270 0.1250000000
72635  11.318  -26.992  43.332 0.1250000000
69294  10.392  -28.199  41.884 0.1250000000
58017  19.239  -38.062  42.309 0.2500000000
72612  12.948  -26.427  44.116 0.1250000000
72626  12.611  -26.435  43.749 0.1250000000
72628  11.314  -27.078  43.843 0.1250000000
69284  9.812  -28.343  42.613 0.1250000000
69283  10.260  -28.051  42.320 0.1250000000
58016  19.967  -38.346  42.040 0.2500000000
71462  12.510  -27.139  44.478 0.1250000000
72613  12.187  -26.776  44.211 0.1250000000
72615  10.903  -27.351  44.447 0.1250000000
71477  10.774  -27.403  43.658 0.1250000000
69276  9.482  -28.472  43.587 0.1250000000
59235  18.993  -37.412  41.328 0.2500000000
59221  19.515  -37.846  41.802 0.2500000000
70365  11.907  -27.689  45.044 0.1250000000
71478  10.250  -27.720  44.184 0.1250000000
69268  9.459  -28.537  43.984 0.1250000000
70361  11.440  -28.232  45.488 0.1250000000
70366  11.340  -27.670  45.242 0.1250000000
71454  9.989  -27.861  45.355 0.1250000000
69269  9.093  -28.852  44.278 0.1250000000
68168  8.113  -29.380  43.625 0.1250000000
70364  12.483  -27.868  44.696 0.1250000000
69262  11.919  -28.288  45.226 0.1250000000
70363  10.129  -28.246  45.569 0.1250000000
70368  9.492  -28.230  44.864 0.1250000000
68169  7.280  -29.643  43.967 0.1250000000
68178  7.244  -29.674  43.143 0.2500000000
60375  18.642  -36.975  40.540 0.2500000000
68175  13.323  -29.104  42.993 0.1250000000
69267  12.882  -28.401  44.144 0.1250000000
69258  10.288  -28.919  45.992 0.1250000000
69263  9.778  -28.722  45.654 0.1250000000
69265  8.323  -29.350  45.141 0.1250000000
69270  8.035  -29.433  44.379 0.1250000000
68179  6.626  -29.959  43.559 0.2500000000
68189  5.459  -30.525  42.845 0.2500000000
60390  18.784  -36.515  39.593 0.2500000000
67092  13.640  -29.814  43.156 0.1250000000
68176  12.959  -29.259  43.459 0.1250000000
69261  12.092  -28.858  45.057 0.1250000000
69256  11.705  -28.946  45.644 0.1250000000
69257  11.056  -28.865  45.954 0.1250000000
69260  8.781  -29.544  45.796 0.1250000000
68170  6.497  -29.991  44.211 0.1250000000
69279  5.940  -30.283  43.749 0.2500000000
68190  4.944  -30.578  43.251 0.2500000000
67091  14.360  -30.101  43.009 0.1250000000
68166  13.130  -29.752  43.534 0.1250000000
68162  12.443  -29.621  44.738 0.1250000000
68154  11.525  -29.461  46.418 0.1250000000
68156  9.898  -29.374  46.786 0.1250000000
69259  9.517  -29.257  46.014 0.1250000000
67104  4.164  -30.743  42.980 0.2500000000
67080  13.736  -30.272  43.731 0.1250000000
68161  13.104  -30.143  44.325 0.1250000000
68155  10.768  -29.317  46.713 0.1250000000
67079  14.568  -30.542  43.874 0.1250000000
67121  2.266  -31.345  41.410 0.3750000000
67132  2.156  -31.554  40.584 0.3750000000
71510  33.473  -26.020  39.535 0.2500000000
72645  33.747  -25.374  39.419 0.2500000000
66122  2.513  -31.857  33.770 0.3750000000
66106  2.151  -31.927  34.397 0.3750000000
71526  34.618  -26.454  38.467 0.2500000000
71538  34.955  -25.784  38.349 0.2500000000
66138  3.538  -32.322  32.894 0.3750000000
66121  3.353  -31.669  33.182 0.3750000000
71545  35.260  -26.243  37.479 0.2500000000
65068  3.445  -32.745  32.979 0.3750000000
70433  34.781  -26.933  36.308 0.2500000000
65067  3.886  -32.770  32.466 0.3750000000
70387  11.410  -27.301  42.006 0.1250000000
56732  21.239  -39.820  42.622 0.2500000000
57987  21.611  -39.317  42.290 0.2500000000
57988  20.823  -39.328  42.408 0.2500000000
58002  21.382  -38.781  41.911 0.2500000000
58015  20.821  -38.488  41.743 0.2500000000
58003  20.386  -38.805  42.234 0.2500000000
59220  20.402  -38.071  41.546 0.2500000000
69277  8.894  -28.920  43.189 0.1250000000
60357  20.898  -37.601  40.747 0.2500000000
59233  20.774  -37.779  41.053 0.2500000000
59234  19.887  -37.643  41.253 0.2500000000
68177  8.080  -29.434  42.725 0.2500000000
68187  7.283  -29.899  42.227 0.2500000000
59248  20.159  -37.416  40.790 0.2500000000
59249  19.455  -37.283  40.873 0.2500000000
60374  19.592  -36.988  40.321 0.2500000000
68188  6.324  -30.159  42.743 0.2500000000
67103  4.981  -30.706  42.752 0.2500000000
67118  4.681  -30.659  42.108 0.2500000000
67119  3.763  -30.715  41.789 0.2500000000
68208  3.337  -30.640  40.974 0.3750000000
67131  2.587  -31.022  40.740 0.3750000000
67141  1.968  -31.764  39.755 0.3750000000
68327  3.111  -29.343  33.760 0.3750000000
68328  2.606  -29.692  34.071 0.3750000000
66056  1.794  -32.189  39.079 0.3750000000
72646  33.269  -25.319  39.720 0.1250000000
68342  3.553  -29.553  33.391 0.3750000000
67194  1.985  -31.564  34.515 0.3750000000
67181  1.819  -31.294  34.707 0.3750000000
66063  1.600  -31.960  38.022 0.3750000000
73739  34.291  -24.207  39.174 0.1250000000
73738  34.711  -24.243  38.786 0.2500000000
67206  4.278  -30.338  32.837 0.3750000000
67207  3.485  -30.708  33.245 0.3750000000
67208  2.815  -31.109  33.604 0.3750000000
72655  34.566  -25.444  38.658 0.2500000000
72663  35.284  -25.502  38.010 0.2500000000
72670  35.391  -25.029  37.348 0.2500000000
66137  3.988  -32.048  32.558 0.3750000000
65066  4.607  -32.619  32.047 0.3750000000
63977  4.461  -33.619  32.000 0.3750000000
55595  22.705  -40.105  42.777 0.2500000000
56744  22.111  -39.678  42.501 0.2500000000
59205  21.975  -38.397  41.590 0.2500000000
59206  21.570  -38.460  41.587 0.2500000000
68204  7.427  -30.056  41.252 0.2500000000
68222  6.672  -30.160  40.436 0.2500000000
68223  5.672  -30.227  40.561 0.2500000000
68205  6.466  -30.203  41.518 0.2500000000
68206  5.411  -30.449  41.811 0.2500000000
67130  3.942  -30.541  41.030 0.2500000000
67140  2.419  -30.956  39.723 0.3750000000
69390  2.839  -29.200  34.665 0.3750000000
68303  2.476  -29.691  35.937 0.3750000000
68291  2.189  -30.295  36.497 0.3750000000
67148  1.940  -31.310  38.751 0.3750000000
68316  1.926  -30.369  34.792 0.3750000000
68304  1.958  -30.260  35.636 0.3750000000
67162  1.677  -30.946  36.249 0.3750000000
74856  34.039  -23.419  39.636 0.1250000000
66093  1.620  -31.607  35.235 0.3750000000
74868  34.518  -23.354  39.357 0.1250000000
73737  35.185  -23.725  38.582 0.2500000000
73757  35.376  -24.281  37.712 0.2500000000
73756  35.433  -24.010  37.392 0.2500000000
72675  35.344  -24.464  36.624 0.2500000000
66136  4.763  -31.707  32.285 0.3750000000
65065  5.464  -32.282  31.793 0.3750000000
63976  5.402  -33.288  31.460 0.3750000000
68239  5.960  -29.931  39.473 0.2500000000
68224  4.593  -30.320  40.701 0.2500000000
68256  5.232  -29.675  38.331 0.2500000000
68240  4.952  -29.867  39.533 0.2500000000
68257  4.349  -29.582  38.573 0.2500000000
68241  4.003  -29.954  39.499 0.3750000000
68225  3.646  -30.352  40.333 0.2500000000
68258  3.465  -29.736  38.362 0.3750000000
68242  3.144  -30.284  39.447 0.3750000000
68226  2.959  -30.613  40.356 0.3750000000
68274  2.979  -30.011  37.371 0.3750000000
67147  2.567  -30.418  38.397 0.3750000000
68275  2.489  -30.290  37.102 0.3750000000
67156  1.973  -30.872  37.435 0.3750000000
76047  34.165  -22.545  39.616 0.1250000000
76063  34.673  -22.559  39.503 0.2500000000
74866  35.506  -22.843  38.729 0.2500000000
73748  35.379  -23.655  37.954 0.2500000000
69332  4.592  -29.482  37.810 0.3750000000
69333  4.001  -29.295  37.840 0.3750000000
76046  34.830  -21.952  39.587 0.2500000000
78402  35.063  -20.754  39.772 0.2500000000
76060  35.656  -21.977  38.686 0.2500000000
76076  35.620  -22.022  38.130 0.2500000000
76092  35.589  -22.298  36.953 0.2500000000
77280  35.880  -21.156  38.424 0.2500000000
76091  35.641  -22.134  37.541 0.2500000000
77356  33.442  -21.057  31.205 0.5000000000
78516  33.839  -20.888  32.501 0.3750000000
78534  34.224  -20.586  31.644 0.3750000000
77371  33.556  -21.031  30.327 0.5000000000
78533  35.359  -20.026  31.636 0.3750000000
78552  34.073  -20.680  30.778 0.3750000000
77370  34.406  -20.795  30.096 0.5000000000
79856  42.311  -19.226  23.176 0.2500000000
78551  34.867  -20.343  30.731 0.5000000000
79841  42.356  -19.433  23.727 0.2500000000
84749  46.834  -14.657  19.406 0.5000000000
84767  46.605  -14.640  18.252 0.5000000000
78532  36.568  -19.692  31.510 0.3750000000
78550  35.987  -20.076  30.611 0.5000000000
77369  35.322  -20.636  30.003 0.5000000000
84783  47.443  -14.601  17.159 0.5000000000
84797  47.153  -14.843  16.092 0.3750000000
84807  46.571  -15.490  15.467 0.3750000000
78513  37.228  -19.535  32.236 0.5000000000
77355  37.664  -19.940  30.745 0.3750000000
78549  37.061  -19.817  30.733 0.5000000000
77367  38.019  -20.286  29.926 0.5000000000
77386  35.620  -20.516  29.296 0.5000000000
78565  36.094  -20.320  29.864 0.5000000000
76250  35.025  -20.685  24.878 0.2500000000
84805  49.443  -14.527  15.002 0.5000000000
83544  49.625  -15.405  14.128 0.5000000000
77496  38.276  -20.311  24.007 0.1250000000
90275  49.974  -11.106  17.291 0.2500000000
90274  50.383  -11.173  17.340 0.2500000000
89237  49.481  -11.360  15.436 0.1250000000
89226  50.330  -11.314  16.715 0.1250000000
89225  51.040  -11.774  16.463 0.1250000000
89247  49.940  -11.541  14.893 0.1250000000
89246  50.458  -11.633  14.306 0.1250000000
89234  51.799  -12.176  14.812 0.1250000000
84829  52.019  -15.218  12.503 0.6250000000
88021  50.503  -12.517  21.628 0.3750000000
89228  48.683  -11.165  16.615 0.1250000000
90269  49.713  -11.165  17.946 0.2500000000
89238  48.686  -11.244  15.838 0.1250000000
90294  49.516  -11.028  14.278 0.1250000000
90285  49.029  -11.022  14.656 0.1250000000
90286  48.529  -11.027  14.956 0.1250000000
90293  49.974  -11.008  13.776 0.1250000000
89245  51.453  -12.085  14.285 0.1250000000
89253  51.087  -11.648  13.402 0.1250000000
84832  52.797  -15.269  11.751 0.7500000000
84839  52.999  -15.441  10.783 0.7500000000
90295  48.565  -10.509  14.058 0.1250000000
90296  47.729  -10.554  14.562 0.1250000000
89252  51.907  -11.961  13.459 0.1250000000
83593  51.929  -15.464  10.733 0.7500000000
89259  52.481  -11.407  12.845 0.1250000000
85935  54.688  -14.929  10.686 0.5000000000
85955  52.484  -13.987  8.872 0.1250000000
85967  51.208  -13.307  8.241 0.1250000000
89258  53.497  -11.499  12.678 0.1250000000
88122  54.686  -12.762  12.400 0.2500000000
85931  55.026  -14.793  11.252 0.2500000000
87000  55.275  -14.047  11.450 0.2500000000
87005  55.155  -14.350  10.394 0.2500000000
85966  52.329  -13.661  8.303 0.1250000000
85980  51.738  -13.138  7.827 0.1250000000
87039  50.525  -12.421  7.230 0.1250000000
88144  50.661  -12.321  6.509 0.1250000000
89257  54.608  -11.637  11.749 0.1250000000
88127  55.523  -13.615  10.620 0.2500000000
88126  55.336  -13.622  9.540 0.3750000000
85948  54.732  -14.223  9.245 0.3750000000
85952  54.568  -14.100  8.358 0.5000000000
85979  52.430  -13.282  7.436 0.1250000000
87038  51.490  -12.728  7.088 0.1250000000
87037  52.348  -12.683  6.376 0.1250000000
88142  51.818  -12.366  5.904 0.1250000000
88153  50.561  -12.314  5.689 0.1250000000
88167  50.597  -12.331  4.764 0.1250000000
87070  49.847  -13.185  4.168 0.1250000000
87088  50.496  -13.486  3.457 0.1250000000
87106  50.900  -13.734  2.709 0.1250000000
88120  55.467  -13.041  10.227 0.2500000000
140340  55.247  -13.797  9.002 0.3750000000
85978  53.400  -13.265  7.008 0.2500000000
85977  54.396  -13.561  6.872 0.2500000000
87036  53.178  -12.888  6.075 0.1250000000
88151  52.043  -12.431  5.472 0.1250000000
88166  51.636  -12.444  4.643 0.1250000000
88177  50.888  -12.627  3.969 0.1250000000
87087  51.578  -12.857  3.531 0.1250000000
86054  52.632  -14.965  0.621 0.1250000000
86041  53.140  -14.062  1.126 0.1250000000
86043  51.746  -14.717  1.682 0.1250000000
85963  54.967  -13.954  7.703 0.3750000000
85976  55.142  -13.784  6.609 0.1250000000
87050  53.407  -12.649  5.377 0.1250000000
87051  52.671  -12.579  5.472 0.1250000000
88165  52.245  -12.497  5.007 0.1250000000
87068  52.504  -12.564  4.492 0.1250000000
87105  51.877  -13.332  2.617 0.1250000000
87121  52.919  -13.450  1.744 0.1250000000
87104  52.787  -12.946  2.510 0.1250000000
87120  53.669  -13.210  1.748 0.1250000000
86031  52.158  -13.883  1.960 0.1250000000
87135  53.779  -13.619  0.942 0.1250000000
85975  55.837  -13.600  6.334 0.1250000000
85994  53.926  -12.983  6.185 0.1250000000
85991  55.505  -13.138  5.470 0.1250000000
85992  55.145  -13.220  5.753 0.1250000000
86010  54.118  -12.760  5.446 0.1250000000
87067  53.609  -12.608  4.465 0.1250000000
86022  54.596  -12.619  4.227 0.1250000000
86023  54.191  -12.529  4.564 0.1250000000
87083  54.676  -12.612  3.858 0.1250000000
87102  54.208  -12.791  2.691 0.1250000000
87085  53.538  -12.690  3.431 0.1250000000
87086  52.686  -12.695  3.455 0.1250000000
87103  53.610  -12.830  2.570 0.1250000000
87119  54.287  -13.012  1.724 0.1250000000
86007  55.139  -12.724  4.849 0.1250000000
86021  55.041  -12.622  4.301 0.1250000000
87100  55.215  -12.449  2.558 0.1250000000
87101  54.690  -12.637  2.667 0.1250000000
65990  12.615  -31.475  48.259 0.3750000000
55579  7.333  -40.066  44.879 0.6250000000
56717  6.828  -39.438  45.035 0.6250000000
54587  6.882  -41.105  45.253 0.6250000000
56727  7.343  -39.444  44.655 0.6250000000
53610  5.839  -41.977  44.302 0.6250000000
59200  7.086  -37.616  44.465 0.5000000000
60333  7.969  -36.679  43.317 0.6250000000
55575  16.333  -39.888  44.522 0.2500000000
55562  15.998  -39.379  44.699 0.2500000000
57980  15.471  -38.488  44.571 0.2500000000
60386  30.579  -36.071  38.957 0.5000000000
62789  31.573  -34.041  39.061 0.5000000000
69334  34.670  -27.866  37.257 0.3750000000
69345  34.627  -27.859  36.565 0.2500000000
70427  35.029  -27.053  36.987 0.2500000000
74891  35.519  -22.849  37.212 0.2500000000
74890  35.500  -22.993  37.705 0.2500000000
83481  44.536  -15.476  20.898 0.5000000000
84766  47.900  -14.473  18.303 0.5000000000
82278  49.779  -15.629  13.581 0.5000000000
90268  50.445  -11.205  17.886 0.2500000000
89235  51.286  -12.156  15.328 0.1250000000
89244  52.114  -12.276  14.275 0.1250000000
54588  6.252  -41.148  45.132 0.6250000000
62751  10.228  -34.231  43.393 0.5000000000
60324  14.361  -36.325  44.071 0.3750000000
85882  45.086  -14.463  18.986 0.5000000000
49266  11.146  -45.191  34.836 0.1250000000
54601  3.882  -40.744  43.489 0.6250000000
54610  3.577  -40.711  43.078 0.6250000000
55592  3.305  -40.173  43.071 0.6250000000
55593  3.077  -39.902  42.784 0.6250000000
59242  2.533  -37.909  42.323 0.6250000000
59241  2.980  -37.888  41.857 0.6250000000
84798  46.369  -15.131  15.994 0.3750000000
77387  34.691  -20.911  29.368 0.3750000000
82279  49.334  -15.651  13.825 0.3750000000
84876  51.859  -13.652  8.847 0.1250000000
77403  36.001  -20.411  28.494 0.3750000000
85942  53.827  -15.080  10.471 0.6250000000
85941  54.475  -14.642  10.078 0.5000000000
56750  2.674  -38.553  42.499 0.6250000000
77385  36.903  -20.176  29.391 0.5000000000
85936  54.352  -15.202  11.345 0.2500000000
85953  53.894  -14.299  8.581 0.3750000000
56731  2.899  -39.189  43.731 0.6250000000
57997  2.415  -38.421  43.665 0.6250000000
59212  2.086  -37.849  42.876 0.6250000000
56729  3.949  -39.554  44.401 0.6250000000
55580  4.574  -40.701  44.341 0.6250000000
56722  3.712  -39.016  44.551 0.6250000000
67030  15.655  -32.097  46.374 0.2500000000
57985  3.318  -38.593  44.523 0.6250000000
64938  13.319  -32.235  47.789 0.2500000000
59194  3.059  -37.797  44.627 0.6250000000
60327  2.021  -36.719  43.724 0.5000000000
61548  1.801  -35.875  42.356 0.3750000000
60348  2.152  -36.892  42.340 0.5000000000
61498  14.912  -35.124  46.408 0.2500000000
61494  14.544  -34.273  46.330 0.2500000000
62690  14.834  -33.701  46.906 0.2500000000
62719  13.934  -33.973  45.833 0.2500000000
54590  5.045  -41.060  44.526 0.6250000000
62692  13.236  -33.254  47.016 0.2500000000
62694  11.477  -32.755  46.952 0.5000000000
64948  18.086  -32.794  45.673 0.2500000000
63830  12.570  -32.755  47.581 0.3750000000
63817  12.730  -32.440  47.993 0.2500000000
61512  5.005  -35.516  45.838 0.5000000000
61513  4.438  -35.487  45.769 0.6250000000
62715  5.052  -34.622  46.394 0.5000000000
62700  6.248  -33.613  46.718 0.5000000000
67074  18.108  -31.373  44.561 0.2500000000
64927  12.334  -32.032  48.312 0.3750000000
64929  10.802  -31.622  47.976 0.5000000000
63834  9.042  -32.442  47.111 0.5000000000
63822  8.730  -32.185  47.534 0.5000000000
63823  8.042  -32.244  47.438 0.3750000000
63837  6.471  -32.958  47.051 0.3750000000
63852  4.723  -33.847  46.355 0.5000000000
64941  5.876  -32.519  47.210 0.3750000000
62728  3.902  -34.883  45.862 0.3750000000
61515  3.065  -36.009  45.234 0.3750000000
60315  2.931  -36.484  44.970 0.6250000000
64933  7.841  -32.058  47.671 0.3750000000
62736  3.969  -34.148  45.871 0.3750000000
63853  4.420  -33.430  46.193 0.3750000000
61522  2.636  -35.702  44.763 0.3750000000
62737  3.491  -34.559  45.360 0.3750000000
62738  2.942  -34.716  44.779 0.3750000000
67033  12.960  -31.028  47.735 0.2500000000
67024  12.280  -30.899  48.126 0.3750000000
64949  4.227  -32.681  45.838 0.3750000000
62746  2.445  -34.835  44.238 0.3750000000
61534  1.781  -35.773  43.183 0.3750000000
64952  3.673  -32.683  45.218 0.3750000000
63858  2.647  -34.114  44.509 0.3750000000
57981  15.238  -37.920  44.638 0.2500000000
54604  18.588  -40.909  43.623 0.2500000000
56709  16.057  -38.185  45.608 0.2500000000
57970  15.431  -37.983  45.067 0.2500000000
59182  14.937  -37.060  44.997 0.2500000000
62758  11.108  -34.187  42.736 0.5000000000
59176  15.697  -36.869  45.703 0.2500000000
59181  15.175  -36.988  45.305 0.2500000000
60308  14.727  -36.040  45.343 0.2500000000
62749  12.222  -34.246  43.921 0.5000000000
61518  13.359  -34.591  44.724 0.2500000000
62744  9.377  -34.223  44.008 0.5000000000
57962  16.573  -37.531  45.798 0.2500000000
59179  17.332  -36.962  45.423 0.2500000000
59174  16.434  -36.571  45.823 0.2500000000
60299  15.052  -36.015  45.941 0.2500000000
61508  14.351  -34.986  45.631 0.2500000000
62742  11.425  -33.833  44.472 0.5000000000
57984  6.555  -38.021  44.902 0.6250000000
55567  6.276  -40.279  45.241 0.6250000000
60296  16.354  -35.711  46.079 0.2500000000
61495  16.626  -35.106  46.317 0.2500000000
61496  16.102  -35.062  46.583 0.2500000000
61497  15.475  -34.913  46.656 0.2500000000
59193  6.310  -37.386  44.896 0.5000000000
62702  17.066  -34.364  46.365 0.2500000000
62704  15.861  -34.540  46.855 0.2500000000
63840  17.295  -33.620  46.274 0.2500000000
61520  7.294  -35.291  45.007 0.5000000000
61510  7.216  -34.879  45.460 0.5000000000
57974  5.562  -38.335  45.164 0.6250000000
63847  18.623  -33.232  45.090 0.2500000000
63844  8.821  -33.464  45.808 0.5000000000
62711  7.811  -33.874  46.011 0.5000000000
60310  6.169  -35.676  45.424 0.5000000000
59186  4.883  -37.396  45.361 0.6250000000
62696  9.435  -32.754  46.620 0.5000000000
61501  6.585  -34.812  45.914 0.5000000000
60301  6.123  -35.193  45.837 0.5000000000
60302  5.772  -35.433  45.775 0.5000000000
60303  5.351  -35.673  45.694 0.5000000000
64950  18.852  -32.905  44.700 0.2500000000
61502  6.005  -34.878  46.190 0.5000000000
66012  19.168  -32.596  44.059 0.2500000000
67028  9.315  -31.089  48.328 0.3750000000
65983  7.935  -31.737  47.851 0.3750000000
62776  31.296  -33.665  39.369 0.6250000000
67025  11.514  -30.925  48.351 0.3750000000
65994  6.036  -31.730  47.274 0.3750000000
66032  31.992  -31.350  39.544 0.3750000000
63879  31.519  -32.646  39.462 0.3750000000
67023  12.538  -30.815  47.945 0.1250000000
65992  7.921  -31.332  47.943 0.3750000000
66000  5.211  -31.879  46.375 0.3750000000
64953  3.036  -32.720  44.645 0.3750000000
63860  2.606  -33.396  44.501 0.3750000000
68131  10.983  -30.641  48.181 0.3750000000
62787  32.457  -32.841  38.187 0.5000000000
54592  18.409  -40.291  43.771 0.2500000000
55572  18.357  -39.813  43.955 0.2500000000
61516  17.759  -35.264  44.846 0.2500000000
61524  17.991  -35.129  44.090 0.2500000000
62777  30.736  -34.078  39.534 0.6250000000
64957  2.046  -33.252  43.656 0.3750000000
64979  19.601  -32.152  40.433 0.1250000000
67048  6.281  -31.166  46.768 0.2500000000
66006  4.429  -31.922  45.570 0.3750000000
66005  5.012  -31.673  45.762 0.3750000000
64956  2.382  -32.701  44.071 0.3750000000
68210  32.607  -29.279  39.258 0.2500000000
66023  31.659  -30.942  39.594 0.3750000000
67046  7.795  -30.627  47.363 0.2500000000
68228  33.333  -29.091  38.842 0.2500000000
54591  18.700  -40.527  43.670 0.2500000000
56723  18.292  -39.027  44.348 0.2500000000
60323  18.036  -36.069  44.012 0.2500000000
62748  18.061  -34.345  43.546 0.2500000000
64980  18.331  -32.560  40.724 0.1250000000
67059  6.008  -30.877  46.030 0.2500000000
67061  4.899  -31.467  45.442 0.3750000000
64959  2.542  -32.252  43.536 0.3750000000
64999  16.684  -32.594  38.431 0.1250000000
69311  33.814  -28.229  38.814 0.2500000000
70409  34.212  -27.266  38.691 0.2500000000
68171  5.616  -30.342  44.340 0.1250000000
67071  5.120  -31.072  45.204 0.2500000000
67083  3.960  -30.882  44.403 0.2500000000
66014  3.023  -31.769  43.923 0.3750000000
68191  4.587  -30.524  43.434 0.2500000000
66018  2.197  -32.291  42.648 0.3750000000
68147  9.535  -29.903  47.413 0.1250000000
68148  8.519  -30.263  47.239 0.2500000000
67057  7.425  -30.502  46.776 0.2500000000
67099  16.045  -30.400  42.338 0.1250000000
72623  15.717  -26.335  44.226 0.1250000000
70370  14.627  -27.398  44.009 0.1250000000
71487  15.713  -27.106  44.013 0.1250000000
70386  15.037  -27.617  43.032 0.1250000000
69280  15.126  -27.858  42.327 0.1250000000
70394  15.835  -27.553  42.011 0.1250000000
70371  13.814  -27.709  44.115 0.1250000000
69273  14.298  -27.905  43.173 0.1250000000
69282  13.889  -28.619  42.758 0.1250000000
69275  13.004  -28.800  43.533 0.1250000000
68201  14.697  -28.936  41.984 0.1250000000
68200  15.078  -28.864  41.692 0.1250000000
68163  7.333  -29.637  44.834 0.1250000000
69271  6.334  -30.123  44.037 0.2500000000
68180  5.463  -30.379  43.548 0.2500000000
68198  16.693  -29.494  41.032 0.1250000000
67116  15.331  -29.432  41.676 0.1250000000
67105  2.993  -30.917  42.514 0.3750000000
67120  2.847  -30.850  41.492 0.3750000000
72656  34.155  -24.964  39.074 0.2500000000
71488  11.532  -26.796  42.878 0.1250000000
70381  10.447  -27.621  43.192 0.1250000000
72627  11.988  -26.632  43.781 0.1250000000
72614  11.508  -27.126  44.306 0.1250000000
70373  10.250  -27.785  43.698 0.1250000000
71463  11.707  -27.281  44.711 0.1250000000
71464  10.908  -27.412  45.000 0.1250000000
71465  10.052  -27.564  44.840 0.1250000000
70374  9.773  -28.218  44.035 0.1250000000
69285  8.918  -29.128  42.252 0.1250000000
71453  10.333  -27.755  45.347 0.1250000000
71466  9.701  -27.936  44.709 0.1250000000
70362  10.769  -28.100  45.592 0.1250000000
69264  9.248  -28.908  45.305 0.1250000000
69286  6.226  -30.213  43.440 0.2500000000
68167  12.683  -29.366  43.878 0.1250000000
69255  11.973  -29.172  45.526 0.1250000000
73726  33.829  -24.317  39.540 0.1250000000
67192  2.415  -30.750  33.892 0.3750000000
72664  35.000  -24.955  38.393 0.2500000000
59219  21.385  -38.156  41.309 0.2500000000
67117  5.176  -30.600  42.462 0.2500000000
68207  4.771  -30.519  41.509 0.2500000000
67168  1.677  -31.016  35.366 0.3750000000
73749  35.263  -24.374  38.106 0.2500000000
60342  21.877  -37.917  41.044 0.2500000000
68221  7.665  -30.188  40.311 0.2500000000
68315  2.308  -29.583  35.054 0.3750000000
74878  35.353  -23.469  38.361 0.2500000000
74867  35.167  -23.152  39.056 0.2500000000
68238  6.961  -30.310  39.432 0.2500000000
67155  2.484  -30.345  37.587 0.3750000000
77254  33.760  -21.651  39.590 0.1250000000
77266  35.769  -21.271  39.058 0.2500000000
77267  35.362  -21.385  39.487 0.2500000000
77253  34.533  -21.487  39.658 0.2500000000
77265  35.849  -21.171  38.771 0.2500000000
84784  46.201  -14.659  16.993 0.5000000000
78531  37.689  -19.842  31.326 0.3750000000
78564  36.700  -20.025  30.135 0.5000000000
90270  49.261  -11.058  17.664 0.2500000000
89227  49.437  -11.172  16.537 0.1250000000
89236  50.426  -11.689  15.559 0.1250000000
89239  48.203  -11.239  16.074 0.1250000000
90297  47.219  -10.599  14.912 0.1250000000
91317  46.899  -9.978  14.572 0.1250000000
89260  51.652  -11.270  12.883 0.1250000000
89249  54.017  -11.881  12.739 0.1250000000
88121  55.254  -12.948  11.371 0.2500000000
85965  53.168  -13.953  7.941 0.2500000000
88143  51.387  -12.385  6.212 0.1250000000
85964  54.072  -13.920  7.723 0.3750000000
88168  49.669  -12.572  5.081 0.1250000000
86011  49.797  -14.347  3.689 0.1250000000
87026  55.073  -13.981  8.571 0.3750000000
87069  51.827  -12.627  4.156 0.1250000000
85962  55.613  -13.802  7.319 0.2500000000
85993  54.630  -13.173  6.016 0.1250000000
87035  56.139  -13.509  7.314 0.2500000000
86008  54.854  -12.706  4.895 0.1250000000
86009  54.495  -12.708  5.054 0.1250000000
87084  54.192  -12.673  3.617 0.1250000000
87066  53.749  -12.608  4.072 0.1250000000
87118  54.855  -12.783  1.612 0.1250000000
86006  55.403  -12.507  4.543 0.1250000000
86020  55.251  -12.388  3.777 0.1250000000
87082  55.007  -12.533  3.630 0.1250000000
87081  55.541  -12.220  3.672 0.1250000000
60368  30.179  -35.816  39.399 0.5000000000
61568  29.788  -35.173  39.832 0.5000000000
61549  30.115  -34.369  39.837 0.2500000000
60350  29.036  -35.419  40.122 0.3750000000
60369  29.331  -35.946  39.653 0.3750000000
59228  28.212  -36.508  39.966 0.3750000000
58024  27.668  -37.398  40.194 0.3750000000
61552  27.580  -35.342  40.123 0.2500000000
61536  26.426  -35.916  40.512 0.1250000000
58013  25.112  -38.082  41.266 0.1250000000
56753  24.029  -39.699  41.842 0.1250000000
58000  23.399  -38.705  41.860 0.1250000000
59214  25.553  -37.230  41.286 0.1250000000
61539  24.466  -36.533  41.187 0.1250000000
61557  23.659  -36.571  40.790 0.1250000000
60355  22.528  -37.061  40.640 0.1250000000
60388  20.765  -36.697  39.353 0.1250000000
62769  25.189  -35.689  40.584 0.1250000000
62782  24.386  -35.741  40.097 0.1250000000
61583  22.766  -36.246  39.295 0.1250000000
61596  21.801  -35.887  38.747 0.1250000000
62801  24.943  -34.805  38.139 0.1250000000
62802  23.829  -35.221  38.388 0.1250000000
61594  23.143  -35.578  38.488 0.1250000000
62817  21.827  -34.739  37.490 0.1250000000
63908  23.692  -34.168  36.933 0.1250000000
62816  22.945  -34.460  37.342 0.1250000000
62829  22.017  -34.279  36.778 0.1250000000
65019  23.603  -33.330  35.237 0.1250000000
63931  22.750  -33.611  35.811 0.1250000000
63918  22.285  -33.889  36.311 0.1250000000
63919  21.600  -34.049  36.198 0.1250000000
59468  3.156  -36.431  23.583 0.3750000000
65020  22.341  -33.378  35.032 0.1250000000
59490  3.047  -36.659  23.170 0.3750000000
60658  2.935  -36.680  22.844 0.3750000000
62913  3.754  -34.099  28.306 0.2500000000
64004  4.978  -33.013  28.083 0.1250000000
64005  4.059  -33.416  27.920 0.2500000000
64017  4.391  -32.507  27.654 0.1250000000
64006  2.985  -33.437  27.676 0.2500000000
65096  3.181  -32.911  27.593 0.2500000000
62946  2.346  -33.805  26.264 0.3750000000
64020  2.396  -33.410  26.850 0.1250000000
65097  2.810  -32.910  27.492 0.2500000000
60618  2.855  -35.760  23.894 0.3750000000
61761  2.474  -34.724  25.226 0.2500000000
64032  2.276  -33.802  25.422 0.2500000000
61776  2.395  -34.459  24.066 0.1250000000
62962  2.385  -34.148  25.082 0.2500000000
64003  5.649  -33.007  28.722 0.2500000000
65094  5.789  -32.386  28.341 0.1250000000
62898  4.759  -34.288  28.960 0.3750000000
63995  5.007  -33.726  28.486 0.3750000000
65107  2.717  -32.406  27.345 0.2500000000
65108  2.195  -32.522  26.921 0.2500000000
64042  2.050  -33.239  25.102 0.1250000000
65115  1.884  -32.766  26.368 0.2500000000
64058  2.261  -33.600  24.871 0.2500000000
71658  31.612  -27.433  27.770 0.2500000000
62882  5.654  -33.687  29.896 0.2500000000
63992  6.505  -32.894  30.146 0.2500000000
65083  6.745  -32.344  29.229 0.1250000000
63993  5.990  -33.212  29.458 0.2500000000
65093  6.421  -32.010  28.435 0.1250000000
66169  6.236  -30.962  27.898 0.1250000000
62897  5.362  -33.880  29.244 0.2500000000
66162  5.419  -31.737  27.818 0.1250000000
65105  4.264  -31.945  27.507 0.1250000000
66172  3.788  -31.327  27.318 0.1250000000
66182  1.901  -31.829  26.335 0.1250000000
66173  2.915  -31.467  27.135 0.1250000000
73831  32.008  -25.288  31.127 0.5000000000
65124  1.851  -32.570  25.625 0.1250000000
67267  3.309  -30.464  27.151 0.1250000000
72745  31.632  -25.123  30.216 0.3750000000
72758  31.367  -25.217  29.581 0.3750000000
72770  31.313  -26.635  28.324 0.2500000000
72771  31.084  -25.750  28.661 0.2500000000
67223  6.386  -30.428  31.426 0.2500000000
67237  6.952  -30.585  30.969 0.2500000000
67236  7.318  -30.469  30.391 0.1250000000
63975  6.061  -32.789  31.345 0.2500000000
63984  6.433  -32.730  30.923 0.2500000000
66145  6.928  -31.273  30.873 0.2500000000
66150  7.334  -31.169  29.688 0.2500000000
66159  7.265  -30.970  29.047 0.1250000000
67256  7.146  -30.341  28.679 0.1250000000
63986  5.571  -33.772  30.628 0.2500000000
67264  5.886  -30.302  27.671 0.1250000000
67265  5.055  -30.359  27.419 0.1250000000
66171  4.703  -31.280  27.580 0.1250000000
67266  4.147  -30.407  27.312 0.1250000000
67285  2.173  -31.231  25.764 0.1250000000
67276  2.004  -31.375  25.943 0.1250000000
66181  2.396  -31.319  26.691 0.1250000000
73832  31.736  -24.666  30.726 0.3750000000
66191  2.166  -31.723  25.453 0.1250000000
74962  31.401  -23.881  30.273 0.3750000000
73849  31.520  -24.781  30.100 0.3750000000
73850  31.219  -24.358  29.763 0.3750000000
69344  3.665  -29.638  37.218 0.2500000000
68290  2.686  -29.950  36.636 0.2500000000
69343  4.287  -29.544  37.101 0.2500000000
69358  3.188  -29.498  36.322 0.2500000000
70484  5.456  -27.678  32.487 0.2500000000
70497  6.152  -27.805  32.056 0.2500000000
70496  6.635  -27.441  31.641 0.1250000000
69425  5.801  -28.389  32.109 0.2500000000
69424  6.552  -28.444  31.532 0.1250000000
68383  7.574  -29.468  29.887 0.1250000000
66119  4.873  -30.895  32.474 0.2500000000
66118  5.242  -30.738  32.324 0.2500000000
68355  6.793  -29.445  31.318 0.2500000000
68354  7.125  -29.289  31.100 0.1250000000
67249  7.417  -30.331  29.426 0.1250000000
67257  6.594  -30.337  28.091 0.1250000000
68407  6.290  -29.521  27.765 0.1250000000
68409  4.588  -29.522  27.210 0.1250000000
67275  2.394  -30.875  26.122 0.1250000000
68411  2.957  -29.551  27.041 0.1250000000
68410  3.719  -29.531  27.167 0.1250000000
67284  2.400  -31.006  25.402 0.1250000000
68421  2.686  -29.668  26.384 0.1250000000
69356  4.704  -29.411  36.201 0.2500000000
69357  3.991  -29.454  36.225 0.2500000000
69374  2.956  -29.196  35.340 0.2500000000
71578  6.541  -26.675  33.755 0.1250000000
71591  6.372  -26.158  33.268 0.1250000000
69373  3.695  -28.950  35.424 0.2500000000
71592  5.635  -26.703  33.266 0.1250000000
71607  6.320  -26.423  32.696 0.1250000000
69372  4.473  -28.760  35.454 0.2500000000
69389  3.363  -28.609  34.596 0.2500000000
70485  4.568  -27.915  32.858 0.2500000000
71608  5.681  -26.950  32.764 0.2500000000
70483  6.229  -27.119  32.309 0.2500000000
71624  7.006  -26.517  31.853 0.1250000000
69400  3.241  -28.853  33.883 0.2500000000
69414  3.702  -28.637  33.417 0.2500000000
69412  5.017  -28.676  32.424 0.2500000000
70511  7.021  -27.838  31.048 0.1250000000
68341  4.535  -29.467  32.710 0.2500000000
69437  7.436  -28.423  30.431 0.1250000000
69453  7.683  -28.540  29.321 0.1250000000
68395  7.453  -29.487  28.968 0.1250000000
68396  6.960  -29.509  28.282 0.1250000000
69468  6.679  -28.707  27.902 0.1250000000
69482  5.924  -28.720  27.524 0.1250000000
69483  5.081  -28.668  27.248 0.1250000000
69485  3.493  -28.679  26.975 0.1250000000
68432  2.504  -29.746  25.533 0.1250000000
69486  3.052  -28.687  26.606 0.1250000000
70552  3.472  -28.014  26.695 0.1250000000
70562  3.225  -27.622  26.293 0.1250000000
70561  3.455  -27.299  26.795 0.1250000000
69383  8.817  -28.597  34.881 0.1250000000
69369  7.251  -28.843  35.280 0.1250000000
69384  8.012  -28.386  34.720 0.1250000000
70456  8.992  -27.721  34.476 0.1250000000
70457  7.793  -27.539  34.261 0.1250000000
70458  6.757  -27.379  34.236 0.1250000000
71577  7.476  -26.752  33.849 0.1250000000
71576  8.523  -26.658  34.059 0.1250000000
69385  7.013  -28.171  34.702 0.2500000000
70459  5.812  -27.285  34.175 0.2500000000
71590  7.279  -26.144  33.404 0.1250000000
71579  5.793  -26.713  33.692 0.2500000000
72710  7.136  -25.867  32.956 0.1250000000
69388  4.149  -28.064  34.815 0.2500000000
70473  3.647  -28.108  33.673 0.2500000000
70460  4.854  -27.222  33.988 0.2500000000
70471  5.077  -27.319  33.168 0.2500000000
70462  3.438  -28.248  34.083 0.2500000000
70486  3.983  -28.116  33.213 0.2500000000
69413  4.187  -28.698  32.967 0.2500000000
72737  7.556  -25.836  31.557 0.1250000000
71635  7.442  -26.458  31.017 0.1250000000
70510  7.393  -27.295  30.526 0.1250000000
70525  7.756  -27.519  29.668 0.1250000000
71645  7.808  -26.543  30.049 0.1250000000
71654  7.791  -26.627  29.033 0.1250000000
70536  7.594  -27.651  28.703 0.1250000000
69467  7.301  -28.623  28.484 0.1250000000
71655  7.048  -26.790  28.270 0.1250000000
70537  6.952  -27.812  28.022 0.1250000000
70548  6.302  -28.039  27.667 0.1250000000
71663  6.182  -27.115  27.706 0.1250000000
70549  5.580  -27.881  27.465 0.1250000000
70550  4.717  -27.770  27.281 0.1250000000
69496  2.851  -28.631  25.968 0.1250000000
70551  3.877  -27.678  27.079 0.1250000000
71677  3.241  -26.589  26.611 0.1250000000
89115  49.574  -12.320  22.741 0.2500000000
88001  49.826  -12.677  23.368 0.1250000000
89143  49.926  -12.068  21.964 0.2500000000
89114  50.175  -12.426  22.756 0.3750000000
71678  2.943  -26.565  26.051 0.1250000000
89142  50.275  -12.422  22.172 0.2500000000
68302  5.848  -29.238  35.767 0.2500000000
69370  6.322  -28.728  35.271 0.2500000000
70455  9.661  -27.286  34.587 0.1250000000
69386  6.035  -28.052  34.721 0.2500000000
69387  5.089  -28.023  34.713 0.2500000000
70461  3.806  -27.764  34.147 0.2500000000
72709  8.206  -25.338  33.306 0.1250000000
72724  6.985  -26.086  32.506 0.1250000000
72738  7.242  -25.991  32.073 0.1250000000
72778  6.138  -25.873  27.959 0.1250000000
87988  48.010  -12.956  24.229 0.1250000000
87987  49.197  -13.189  24.083 0.1250000000
87972  49.242  -13.449  24.830 0.1250000000
89116  49.093  -12.363  22.701 0.1250000000
88002  48.890  -12.635  23.297 0.1250000000
86909  49.825  -13.772  24.230 0.1250000000
87986  50.076  -12.905  23.836 0.1250000000
89169  49.409  -12.178  21.327 0.1250000000
89144  49.250  -12.227  22.178 0.2500000000
87985  50.934  -12.825  23.712 0.2500000000
88022  50.244  -12.206  21.495 0.1250000000
90253  50.420  -11.902  19.319 0.2500000000
90254  50.236  -11.877  19.500 0.2500000000
90240  50.614  -11.883  20.277 0.2500000000
88051  50.467  -12.127  20.970 0.2500000000
79741  36.997  -19.284  32.994 0.2500000000
88003  47.783  -12.616  23.354 0.1250000000
85787  49.556  -14.356  25.419 0.1250000000
84626  49.563  -15.452  26.255 0.2500000000
86897  49.519  -13.868  24.949 0.1250000000
88053  47.909  -12.494  21.694 0.1250000000
89184  47.813  -12.117  20.085 0.1250000000
88078  48.354  -12.422  20.915 0.1250000000
88052  48.772  -12.353  21.633 0.1250000000
89207  49.342  -11.315  18.398 0.1250000000
89195  49.123  -11.599  19.220 0.1250000000
89206  49.777  -11.482  18.613 0.1250000000
89182  49.857  -11.890  19.793 0.2500000000
89168  50.121  -12.004  20.724 0.1250000000
84607  48.265  -15.234  26.988 0.2500000000
83393  48.002  -16.483  27.469 0.3750000000
82108  47.704  -17.098  27.793 0.5000000000
84627  48.859  -15.135  26.354 0.2500000000
83391  48.581  -15.931  26.475 0.3750000000
82125  48.025  -16.623  26.937 0.3750000000
85773  48.670  -14.495  26.402 0.2500000000
80959  48.405  -16.811  26.058 0.3750000000
80946  47.679  -17.034  27.004 0.5000000000
88004  46.893  -12.195  23.322 0.1250000000
87990  46.601  -11.612  23.842 0.1250000000
87989  47.221  -11.977  24.258 0.1250000000
88025  46.448  -12.277  22.505 0.1250000000
88005  45.974  -11.807  23.309 0.1250000000
88079  47.374  -12.370  20.867 0.1250000000
88080  46.380  -12.319  20.835 0.1250000000
88027  44.965  -11.456  22.340 0.1250000000
89146  44.097  -10.704  21.926 0.1250000000
89218  49.266  -11.108  17.904 0.1250000000
89197  47.090  -11.839  19.210 0.1250000000
89186  45.761  -12.187  19.984 0.1250000000
88082  44.738  -11.959  20.762 0.1250000000
89171  44.067  -11.053  21.330 0.1250000000
89200  44.049  -12.026  19.312 0.1250000000
79772  46.060  -18.222  28.332 0.5000000000
77368  37.477  -20.026  30.250 0.3750000000
83392  48.207  -15.987  27.151 0.3750000000
86886  48.476  -13.685  26.390 0.1250000000
85788  48.869  -14.065  25.898 0.1250000000
89094  46.137  -11.008  23.894 0.1250000000
89118  44.978  -10.942  22.803 0.1250000000
89117  45.497  -10.975  23.387 0.1250000000
90231  44.669  -10.538  22.587 0.1250000000
91263  46.150  -8.873  24.345 0.1250000000
83548  51.337  -15.397  12.947 0.6250000000
84833  52.011  -15.404  11.850 0.6250000000
83560  51.351  -15.411  12.279 0.6250000000
58001  22.375  -38.876  42.078 0.1250000000
59202  24.400  -38.045  41.526 0.1250000000
60336  26.230  -36.252  40.782 0.1250000000
62780  26.009  -34.777  39.640 0.1250000000
62767  26.549  -35.103  40.033 0.1250000000
61553  26.833  -35.438  40.147 0.1250000000
66024  31.140  -31.262  39.587 0.2500000000
59204  22.891  -38.071  41.498 0.1250000000
61550  29.482  -34.639  40.265 0.2500000000
60339  24.214  -37.236  41.372 0.1250000000
60370  28.645  -36.055  39.836 0.3750000000
62765  28.370  -34.357  40.379 0.2500000000
61554  26.125  -35.684  40.498 0.1250000000
61555  25.459  -35.849  40.780 0.1250000000
58026  26.322  -37.655  40.655 0.2500000000
63884  26.727  -34.095  39.535 0.1250000000
59507  3.099  -37.076  22.787 0.3750000000
83403  49.217  -15.973  26.110 0.3750000000
85786  50.385  -15.092  25.482 0.2500000000
89113  50.485  -12.706  22.751 0.2500000000
90246  50.500  -11.839  19.936 0.2500000000
62883  5.344  -34.147  29.992 0.2500000000
74973  31.585  -23.024  30.177 0.2500000000
85804  49.798  -14.185  24.672 0.1250000000
63871  30.326  -33.120  39.607 0.2500000000
63870  31.011  -32.774  39.665 0.2500000000
61599  18.746  -35.925  38.836 0.1250000000
60402  19.396  -36.328  39.120 0.1250000000
60373  20.643  -37.255  40.296 0.1250000000
60356  21.517  -37.644  40.792 0.1250000000
60389  19.878  -36.698  39.623 0.1250000000
69401  3.027  -29.079  34.304 0.2500000000
56743  23.088  -39.396  42.413 0.1250000000
59217  22.658  -37.738  41.196 0.1250000000
60341  22.347  -37.625  40.981 0.1250000000
62763  29.832  -33.915  39.980 0.2500000000
61551  28.669  -34.914  40.389 0.2500000000
59245  28.708  -36.797  39.615 0.3750000000
58035  27.976  -37.780  39.776 0.3750000000
59246  28.084  -37.069  40.063 0.3750000000
60351  28.117  -35.832  40.034 0.3750000000
59229  27.602  -36.749  40.247 0.3750000000
60352  27.197  -36.193  40.252 0.3750000000
61535  26.896  -35.765  40.221 0.1250000000
60353  26.581  -36.375  40.599 0.1250000000
60338  25.020  -36.812  41.435 0.1250000000
58012  25.659  -37.851  40.955 0.2500000000
56751  25.264  -38.394  41.013 0.2500000000
57999  24.106  -38.569  41.601 0.1250000000
56742  23.894  -39.248  41.833 0.1250000000
57998  24.595  -38.379  41.432 0.1250000000
55603  24.189  -39.706  41.474 0.1250000000
56752  24.637  -38.957  41.284 0.1250000000
60328  23.709  -37.501  41.384 0.1250000000
59203  23.850  -37.927  41.558 0.1250000000
61538  25.204  -36.219  41.143 0.1250000000
60337  25.691  -36.493  41.171 0.1250000000
59213  26.175  -36.688  40.995 0.2500000000
61556  24.651  -35.968  40.730 0.1250000000
60354  23.142  -36.890  40.821 0.1250000000
61558  23.055  -36.767  40.637 0.1250000000
60340  23.256  -37.281  41.146 0.1250000000
61570  23.840  -36.069  40.050 0.1250000000
61540  23.927  -36.845  41.155 0.1250000000
60372  21.692  -37.018  40.005 0.1250000000
61571  22.795  -36.603  40.180 0.1250000000
60371  22.315  -36.851  40.253 0.1250000000
60387  21.394  -36.734  39.464 0.1250000000
62768  25.710  -35.489  40.319 0.1250000000
62781  24.937  -35.474  40.153 0.1250000000
62792  24.242  -35.579  39.548 0.1250000000
61595  22.593  -35.741  38.600 0.1250000000
61582  23.437  -35.811  39.068 0.1250000000
61584  21.835  -36.510  39.422 0.1250000000
61597  20.674  -35.944  38.718 0.1250000000
62791  24.975  -35.113  39.142 0.1250000000
62814  25.001  -34.355  37.404 0.1250000000
62815  24.133  -34.578  37.478 0.1250000000
62803  22.671  -35.194  38.067 0.1250000000
62804  21.785  -35.264  38.242 0.1250000000
62830  20.930  -34.438  36.605 0.1250000000
63917  23.066  -33.865  36.562 0.1250000000
62828  22.547  -34.066  36.783 0.1250000000
63930  23.444  -33.679  35.982 0.1250000000
61796  2.684  -35.479  23.503 0.2500000000
61777  2.474  -34.761  24.355 0.2500000000
64043  2.233  -33.679  25.164 0.2500000000
66174  2.289  -31.873  26.987 0.1250000000
72788  31.283  -26.775  27.420 0.2500000000
67268  2.746  -30.559  26.759 0.1250000000
65064  6.340  -32.063  31.377 0.2500000000
68356  5.803  -29.401  31.913 0.2500000000
68340  5.119  -29.422  32.349 0.2500000000
69484  4.205  -28.637  27.117 0.1250000000
71664  5.279  -27.026  27.494 0.1250000000
71666  3.686  -26.567  27.109 0.1250000000
70568  2.925  -27.517  25.591 0.1250000000
71589  8.025  -26.170  33.627 0.1250000000
72799  3.190  -25.490  26.951 0.1250000000
88023  48.481  -12.490  22.496 0.2500000000
87973  48.459  -12.942  25.216 0.1250000000
88077  48.964  -12.341  21.044 0.1250000000
89194  49.773  -11.668  19.020 0.1250000000
85772  49.627  -14.954  26.053 0.2500000000
88054  46.925  -12.434  21.683 0.1250000000
89183  49.040  -12.136  20.259 0.1250000000
89196  48.155  -11.738  19.274 0.1250000000
84628  48.545  -14.936  26.616 0.2500000000
88024  47.413  -12.468  22.521 0.1250000000
89093  46.728  -10.986  24.425 0.1250000000
88026  45.607  -11.897  22.402 0.1250000000
89185  46.755  -12.126  20.025 0.1250000000
88056  44.934  -11.838  21.564 0.1250000000
88055  45.967  -12.209  21.643 0.1250000000
88081  45.430  -12.221  20.812 0.1250000000
89145  44.468  -10.918  22.205 0.1250000000
89170  44.586  -11.358  21.892 0.1250000000
90232  44.081  -10.167  22.288 0.1250000000
89198  46.057  -11.987  19.133 0.1250000000
89187  44.859  -12.053  20.042 0.1250000000
89199  45.034  -12.095  19.098 0.1250000000
90219  45.079  -10.141  23.064 0.1250000000
59215  24.801  -37.620  41.459 0.1250000000
59230  26.714  -36.854  40.603 0.1250000000
59231  26.115  -37.231  40.986 0.2500000000
62779  26.960  -34.368  39.817 0.1250000000
62766  27.504  -34.479  40.096 0.1250000000
63874  28.218  -33.901  40.239 0.2500000000
56760  25.689  -38.620  40.575 0.2500000000
56759  26.703  -38.083  40.357 0.2500000000
64965  30.804  -32.184  39.641 0.1250000000
55594  23.757  -39.891  42.722 0.1250000000
36679  3.463  -57.793  36.375 0.1250000000
35554  2.866  -57.663  31.571 0.1250000000
36721  3.898  -56.749  34.091 0.1250000000
36753  3.096  -57.042  31.864 0.1250000000
36741  3.669  -56.810  32.756 0.1250000000
36754  2.515  -57.172  31.231 0.1250000000
36761  1.768  -57.579  30.357 0.1250000000
36777  1.552  -57.344  28.381 0.1250000000
37901  3.293  -55.847  32.617 0.1250000000
37938  1.724  -56.478  29.933 0.2500000000
39043  2.140  -55.895  28.591 0.1250000000
36768  1.544  -57.389  29.346 0.1250000000
37957  1.897  -56.605  27.893 0.2500000000
39054  2.281  -55.891  27.768 0.2500000000
37956  2.230  -56.394  27.185 0.2500000000
39082  2.317  -56.196  25.427 0.1250000000
40166  2.918  -55.138  26.432 0.2500000000
39053  2.545  -55.866  26.959 0.2500000000
39081  2.497  -55.689  25.637 0.2500000000
39067  2.524  -55.790  26.332 0.2500000000
40180  2.828  -54.464  25.297 0.2500000000
40198  2.425  -54.582  24.558 0.1250000000
41385  2.427  -53.644  24.618 0.2500000000
41386  2.102  -53.765  24.153 0.1250000000
41368  3.355  -53.249  25.574 0.2500000000
60478  31.813  -34.484  31.497 0.1250000000
61668  29.536  -33.361  31.835 0.1250000000
60514  31.690  -34.781  29.725 0.1250000000
60497  31.246  -34.608  30.340 0.1250000000
61667  30.646  -34.058  30.992 0.1250000000
61679  30.820  -34.486  29.963 0.1250000000
61680  30.055  -33.886  30.400 0.1250000000
60494  32.392  -34.412  30.569 0.1250000000
60512  32.315  -34.516  30.297 0.1250000000
50518  11.966  -44.532  33.494 0.2500000000
51642  12.332  -43.604  32.181 0.2500000000
50517  12.043  -44.105  33.130 0.2500000000
52698  12.538  -42.935  32.279 0.2500000000
50524  12.020  -44.145  32.431 0.2500000000
58165  24.465  -36.870  32.748 0.3750000000
58164  24.917  -36.710  33.088 0.3750000000
59341  24.368  -36.511  32.099 0.1250000000
59342  23.737  -36.402  31.913 0.1250000000
52664  12.424  -43.043  34.186 0.2500000000
52680  12.495  -43.007  33.268 0.2500000000
58166  23.664  -36.930  32.491 0.3750000000
58180  23.070  -36.546  32.020 0.2500000000
58181  22.229  -36.611  31.695 0.2500000000
76206  32.420  -21.596  27.749 0.2500000000
76217  32.626  -21.392  26.894 0.2500000000
79774  44.847  -18.863  29.387 0.3750000000
78570  44.445  -18.925  29.389 0.5000000000
77498  36.659  -20.451  24.552 0.1250000000
76249  35.731  -20.599  24.587 0.1250000000
83298  45.553  -17.064  30.723 0.2500000000
82054  45.011  -17.564  31.073 0.2500000000
80895  43.954  -17.851  31.947 0.1250000000
80885  43.574  -18.401  32.347 0.1250000000
85745  47.796  -15.254  28.439 0.2500000000
84588  47.506  -16.518  28.776 0.2500000000
84549  46.962  -15.934  29.526 0.2500000000
83341  46.511  -16.916  29.619 0.2500000000
80903  45.433  -17.802  30.695 0.2500000000
80894  44.584  -18.249  31.768 0.2500000000
79736  44.498  -19.025  31.550 0.2500000000
78507  42.828  -19.776  31.721 0.2500000000
78508  41.929  -19.526  31.742 0.2500000000
83378  48.052  -16.315  27.980 0.2500000000
82109  47.293  -17.594  28.340 0.2500000000
82093  46.113  -17.400  28.921 0.2500000000
82079  46.391  -17.640  29.331 0.2500000000
79750  45.150  -18.608  30.328 0.2500000000
78541  44.383  -19.292  30.622 0.3750000000
78524  44.056  -19.648  31.158 0.3750000000
78526  42.599  -19.868  31.211 0.3750000000
78527  41.735  -19.742  31.227 0.3750000000
78545  41.451  -19.952  30.460 0.3750000000
80921  46.369  -18.047  28.516 0.3750000000
79773  45.398  -18.513  28.777 0.3750000000
79761  44.821  -18.962  30.104 0.3750000000
78559  44.415  -19.138  29.951 0.5000000000
79762  43.536  -19.389  29.943 0.3750000000
78546  40.393  -20.222  30.219 0.5000000000
86829  47.096  -14.812  29.631 0.2500000000
85733  47.553  -15.183  28.969 0.2500000000
84568  47.363  -16.272  29.089 0.2500000000
83342  46.574  -17.337  29.345 0.2500000000
84586  48.096  -15.699  27.977 0.2500000000
82092  46.700  -17.754  28.794 0.2500000000
79738  41.416  -19.468  31.590 0.3750000000
83483  42.541  -16.465  20.888 0.2500000000
84738  44.217  -15.296  20.289 0.3750000000
84739  43.201  -15.525  20.249 0.2500000000
84751  44.756  -14.740  19.644 0.2500000000
84752  43.859  -14.928  19.411 0.2500000000
85883  44.465  -14.482  19.010 0.2500000000
84770  43.748  -14.967  18.319 0.1250000000
84753  42.765  -15.358  19.230 0.1250000000
84786  44.265  -15.233  17.333 0.1250000000
84787  43.364  -15.187  17.307 0.1250000000
84769  44.643  -14.924  18.006 0.1250000000
84785  45.155  -15.070  17.249 0.2500000000
83507  45.566  -15.086  16.330 0.2500000000
83508  44.728  -15.186  16.539 0.1250000000
83509  43.868  -15.243  16.554 0.1250000000
60495  32.222  -34.480  30.827 0.1250000000
79764  42.437  -19.678  29.977 0.3750000000
78544  42.342  -19.772  30.519 0.5000000000
36700  3.445  -56.679  35.111 0.1250000000
37918  3.175  -56.431  32.212 0.1250000000
84768  45.474  -14.666  18.192 0.3750000000
35542  3.246  -58.119  32.235 0.1250000000
37944  1.845  -56.590  28.952 0.1250000000
36796  1.578  -57.274  27.517 0.1250000000
37971  1.938  -56.867  26.887 0.2500000000
60515  31.302  -34.603  29.405 0.1250000000
79760  45.418  -18.679  29.543 0.2500000000
79735  44.819  -18.479  30.976 0.2500000000
79718  44.124  -18.808  32.109 0.1250000000
79719  43.414  -19.126  32.286 0.1250000000
82078  46.260  -17.459  30.081 0.2500000000
78523  44.377  -19.301  31.224 0.2500000000
78489  43.713  -19.528  32.009 0.2500000000
78491  42.242  -19.402  32.151 0.1250000000
78525  43.411  -19.833  31.172 0.3750000000
78542  43.896  -19.503  30.471 0.3750000000
78543  43.155  -19.698  30.598 0.3750000000
78528  40.922  -19.628  31.279 0.3750000000
84771  42.683  -15.274  18.065 0.1250000000
61691  32.799  -33.946  29.903 0.1250000000
59244  29.654  -36.563  39.344 0.2500000000
59259  29.229  -37.075  39.204 0.3750000000
58043  28.974  -37.395  38.764 0.3750000000
58056  28.400  -37.990  38.488 0.3750000000
62891  32.950  -33.795  30.051 0.1250000000
58034  28.637  -37.415  39.288 0.3750000000
58044  28.265  -37.987  39.079 0.3750000000
62764  29.185  -34.130  40.388 0.1250000000
63872  29.650  -33.473  39.793 0.1250000000
63873  28.901  -33.691  40.103 0.1250000000
58036  27.336  -37.911  40.177 0.2500000000
56767  26.981  -38.742  39.976 0.2500000000
69298  32.107  -28.670  39.420 0.1250000000
70397  32.675  -27.532  39.493 0.1250000000
56768  26.001  -39.292  40.117 0.1250000000
71512  32.235  -26.521  39.702 0.1250000000
55616  25.460  -39.659  39.741 0.1250000000
72648  31.850  -25.628  39.843 0.1250000000
55617  24.490  -39.810  40.096 0.1250000000
73864  30.863  -24.084  29.085 0.2500000000
68186  8.188  -29.751  41.876 0.1250000000
68254  7.432  -30.303  38.455 0.1250000000
68237  8.019  -30.204  39.365 0.1250000000
68272  5.798  -29.780  37.355 0.1250000000
69341  5.463  -29.621  36.783 0.1250000000
69296  8.862  -29.426  41.516 0.1250000000
68203  8.314  -29.817  41.010 0.1250000000
68202  9.182  -29.515  40.841 0.1250000000
68220  8.640  -29.977  40.173 0.1250000000
68271  6.946  -30.125  37.491 0.1250000000
68288  6.692  -29.768  36.582 0.1250000000
78419  35.476  -20.643  39.599 0.1250000000
68269  8.949  -29.804  37.581 0.1250000000
68286  8.558  -29.639  36.836 0.1250000000
68285  9.441  -29.467  36.702 0.1250000000
68300  7.451  -29.343  35.984 0.1250000000
78418  35.807  -20.564  39.321 0.1250000000
78417  36.220  -20.468  38.790 0.1250000000
79662  36.673  -19.676  38.327 0.1250000000
79672  36.946  -19.527  37.580 0.1250000000
80862  38.647  -18.812  35.703 0.1250000000
80861  39.376  -18.490  35.322 0.1250000000
79632  35.178  -20.296  39.756 0.1250000000
79648  35.456  -19.939  39.564 0.1250000000
79647  36.205  -19.775  39.101 0.1250000000
80813  36.576  -19.044  38.528 0.1250000000
80827  36.964  -18.922  37.883 0.1250000000
80838  37.388  -18.795  37.463 0.1250000000
78494  39.908  -19.151  32.526 0.3750000000
80815  35.267  -18.824  38.914 0.1250000000
80814  36.047  -19.023  39.004 0.1250000000
81978  36.000  -18.397  38.690 0.1250000000
81976  36.527  -18.633  38.277 0.1250000000
80826  37.396  -18.296  37.417 0.1250000000
80837  37.859  -18.357  37.053 0.1250000000
80849  39.034  -18.274  36.148 0.1250000000
81988  35.454  -18.105  38.056 0.1250000000
81987  35.837  -18.011  38.304 0.1250000000
83225  36.143  -17.683  37.941 0.1250000000
83223  37.234  -17.637  37.275 0.1250000000
81984  37.368  -17.936  37.359 0.1250000000
81997  38.076  -17.616  36.936 0.1250000000
82011  38.552  -18.053  36.717 0.1250000000
78510  40.282  -19.356  31.881 0.3750000000
82010  39.194  -17.344  36.257 0.1250000000
79705  39.921  -18.711  33.648 0.1250000000
83519  45.963  -15.519  15.645 0.1250000000
82297  49.865  -15.621  13.334 0.2500000000
82298  49.307  -15.690  13.292 0.2500000000
87034  56.391  -13.017  6.460 0.1250000000
87033  56.698  -12.312  5.892 0.1250000000
140332  55.389  -13.385  9.200 0.1250000000
87019  55.738  -12.578  8.383 0.1250000000
87025  55.508  -13.363  8.587 0.1250000000
87024  56.163  -12.829  7.631 0.1250000000
88137  55.947  -11.570  7.038 0.1250000000
88150  56.838  -11.691  5.332 0.1250000000
89269  54.879  -11.474  9.814 0.1250000000
140333  55.431  -13.209  9.466 0.1250000000
140346  55.197  -11.872  9.518 0.1250000000
87016  55.493  -12.061  8.812 0.1250000000
140339  55.388  -12.268  9.320 0.1250000000
87018  55.957  -12.107  7.896 0.1250000000
89284  55.807  -10.726  6.920 0.1250000000
89282  55.586  -11.157  7.445 0.1250000000
90333  56.034  -10.181  6.222 0.1250000000
89289  56.034  -10.559  6.547 0.1250000000
89283  55.942  -11.118  6.837 0.1250000000
87023  56.311  -12.240  6.842 0.1250000000
91361  55.716  -9.345  5.561 0.1250000000
90338  56.084  -9.916  5.611 0.1250000000
90332  56.425  -10.501  5.970 0.1250000000
89287  56.691  -11.126  6.122 0.1250000000
92335  55.801  -8.648  4.876 0.1250000000
92345  56.119  -8.376  4.400 0.1250000000
89256  55.145  -12.259  10.259 0.1250000000
89270  54.486  -10.830  10.512 0.1250000000
89276  54.420  -10.442  9.891 0.1250000000
90323  54.276  -9.957  8.831 0.1250000000
140350  54.902  -10.931  8.779 0.1250000000
90326  54.635  -10.180  7.898 0.1250000000
90325  55.067  -10.523  7.689 0.1250000000
88135  55.390  -11.564  8.416 0.1250000000
91352  55.120  -9.277  7.072 0.1250000000
90330  54.991  -9.800  7.426 0.1250000000
89285  55.334  -10.763  7.570 0.1250000000
90329  55.532  -10.117  7.144 0.1250000000
91355  55.872  -9.694  5.728 0.1250000000
93381  55.504  -7.417  4.890 0.1250000000
92346  55.778  -8.106  4.749 0.1250000000
91348  54.540  -9.482  7.612 0.1250000000
92327  54.643  -8.672  6.942 0.1250000000
91353  54.466  -8.938  7.334 0.1250000000
92332  55.005  -8.669  6.449 0.1250000000
93373  55.226  -8.090  5.664 0.1250000000
92331  55.297  -8.786  5.989 0.1250000000
94591  55.970  -6.283  3.997 0.1250000000
82321  50.127  -15.554  12.891 0.2500000000
68255  6.325  -30.096  38.428 0.1250000000
68273  5.197  -29.625  37.663 0.1250000000
79633  34.916  -20.277  39.697 0.1250000000
58025  27.075  -37.421  40.379 0.2500000000
69355  5.330  -29.445  36.251 0.1250000000
68301  6.555  -29.324  35.815 0.1250000000
56761  24.698  -39.244  40.894 0.1250000000
55609  25.049  -39.277  40.300 0.1250000000
55610  24.333  -39.800  40.925 0.1250000000
68270  7.993  -29.981  37.589 0.1250000000
68253  8.443  -30.000  38.450 0.1250000000
68287  7.664  -29.728  36.762 0.1250000000
79646  36.487  -19.726  38.741 0.1250000000
81985  36.731  -18.312  37.831 0.1250000000
83224  36.508  -17.766  37.600 0.1250000000
88141  56.322  -11.306  6.539 0.1250000000
140338  55.223  -12.418  9.914 0.1250000000
140342  54.705  -10.860  9.423 0.1250000000
140349  55.120  -10.975  7.877 0.1250000000
90334  55.734  -9.850  6.551 0.1250000000
91357  55.365  -9.170  6.463 0.1250000000
91360  55.989  -9.355  5.092 0.1250000000
92336  55.562  -8.683  5.343 0.1250000000
140348  54.832  -10.749  8.356 0.1250000000
42335  5.486  -52.797  37.974 0.1250000000
42349  5.426  -52.873  37.115 0.1250000000
52795  15.781  -42.550  25.771 0.1250000000
49281  11.348  -45.281  33.873 0.1250000000
49292  11.701  -44.807  32.955 0.1250000000
49280  11.698  -45.015  33.519 0.1250000000
49307  11.677  -44.814  32.121 0.1250000000
49328  12.089  -44.755  31.420 0.1250000000
50533  12.976  -44.177  30.967 0.1250000000
50568  13.706  -44.284  29.601 0.1250000000
51657  13.596  -43.694  30.456 0.1250000000
51690  14.304  -43.892  29.174 0.1250000000
51672  13.992  -43.849  29.879 0.1250000000
51689  14.680  -43.308  28.733 0.1250000000
52772  15.621  -42.295  26.918 0.1250000000
52756  15.082  -42.912  28.321 0.1250000000
57030  18.413  -38.629  25.973 0.1250000000
55825  17.664  -39.212  26.284 0.1250000000
55826  17.614  -39.811  25.830 0.1250000000
53825  16.797  -41.256  25.691 0.1250000000
53813  16.136  -41.656  26.234 0.1250000000
57048  19.213  -38.050  25.373 0.1250000000
55834  17.779  -40.200  25.249 0.1250000000
53838  16.941  -41.525  24.850 0.1250000000
53826  16.464  -42.011  25.263 0.1250000000
49265  11.646  -45.014  34.302 0.1250000000
49306  11.910  -44.651  31.680 0.1250000000
50525  11.806  -44.575  32.610 0.1250000000
50534  12.270  -44.440  31.501 0.1250000000
51651  12.476  -43.900  31.552 0.1250000000
59356  22.001  -36.170  30.992 0.1250000000
59357  21.351  -36.428  30.480 0.1250000000
58196  20.558  -36.771  30.246 0.1250000000
51671  14.427  -43.257  29.443 0.1250000000
59373  21.912  -35.831  30.258 0.1250000000
58210  20.064  -36.648  29.310 0.1250000000
57007  19.494  -36.765  28.744 0.1250000000
52755  15.561  -42.158  28.183 0.1250000000
59389  20.728  -36.150  28.872 0.1250000000
57008  18.977  -37.204  27.902 0.1250000000
57009  17.897  -38.213  27.158 0.1250000000
58223  19.535  -36.755  27.134 0.1250000000
57029  18.797  -37.590  26.584 0.1250000000
54805  17.198  -40.406  26.050 0.1250000000
53797  16.454  -40.891  26.990 0.1250000000
53798  16.195  -41.261  27.340 0.1250000000
58233  19.289  -37.041  26.102 0.1250000000
50511  11.657  -44.530  34.810 0.1250000000
52728  14.063  -43.257  30.006 0.1250000000
58183  20.136  -37.359  30.769 0.1250000000
58211  19.562  -36.821  29.373 0.1250000000
52739  15.464  -42.097  28.861 0.1250000000
52740  15.049  -42.523  29.023 0.1250000000
56987  19.044  -36.905  28.975 0.1250000000
54795  16.429  -40.695  27.604 0.1250000000
54786  16.305  -40.812  28.094 0.1250000000
53790  15.993  -41.356  28.308 0.1250000000
56988  18.133  -37.478  28.349 0.1250000000
55816  17.347  -39.040  26.975 0.1250000000
54793  17.210  -39.729  26.671 0.1250000000
51641  12.615  -43.315  31.592 0.1250000000
53759  14.434  -42.122  30.094 0.1250000000
52717  13.764  -42.735  30.396 0.1250000000
51650  13.033  -43.496  30.967 0.1250000000
58184  19.015  -37.465  30.469 0.1250000000
52716  14.212  -42.490  30.092 0.1250000000
58199  17.348  -37.818  29.152 0.1250000000
55771  16.116  -40.508  29.804 0.1250000000
53773  15.670  -41.516  29.433 0.1250000000
53774  15.288  -41.823  29.643 0.1250000000
52727  14.461  -42.606  29.811 0.1250000000
58197  19.501  -37.032  29.776 0.1250000000
58212  18.007  -37.430  28.912 0.1250000000
56968  16.703  -39.032  29.014 0.1250000000
54778  16.232  -40.941  28.827 0.1250000000
56989  17.284  -38.478  28.186 0.1250000000
55807  16.698  -39.615  28.476 0.1250000000
57010  17.361  -38.789  27.448 0.1250000000
55817  17.017  -39.479  27.526 0.1250000000
52708  12.914  -42.867  31.072 0.1250000000
60680  2.934  -37.272  21.822 0.1250000000
60657  2.998  -36.589  22.503 0.2500000000
65136  2.310  -32.486  24.760 0.1250000000
64057  2.329  -33.566  24.455 0.1250000000
62994  2.387  -34.168  23.930 0.1250000000
77354  38.061  -20.105  30.623 0.2500000000
79726  37.845  -18.974  33.233 0.1250000000
78496  38.537  -19.094  32.805 0.2500000000
79740  37.623  -19.343  32.654 0.1250000000
78512  38.288  -19.573  32.296 0.2500000000
82220  41.682  -16.865  20.741 0.1250000000
82222  40.296  -17.672  19.944 0.1250000000
84740  42.320  -15.728  20.168 0.1250000000
82221  40.870  -17.300  20.246 0.1250000000
79885  40.904  -19.228  20.955 0.1250000000
82216  41.838  -17.497  21.249 0.1250000000
81030  41.381  -18.464  21.258 0.1250000000
81038  40.785  -18.378  20.619 0.1250000000
78665  40.765  -19.765  21.493 0.1250000000
79857  41.632  -19.520  22.611 0.1250000000
81015  42.420  -18.663  22.631 0.1250000000
78657  40.918  -20.109  22.263 0.1250000000
81029  42.094  -18.408  21.973 0.1250000000
79874  41.350  -19.196  21.898 0.1250000000
87999  50.828  -12.853  23.216 0.2500000000
54770  15.441  -41.211  29.941 0.1250000000
55791  16.397  -40.083  29.229 0.1250000000
59506  2.745  -37.603  22.424 0.2500000000
58213  17.668  -37.754  28.616 0.1250000000
58182  21.189  -36.882  31.150 0.1250000000
83484  41.664  -16.320  20.262 0.1250000000
51705  14.826  -43.399  28.047 0.1250000000
52773  15.151  -43.061  27.543 0.1250000000
55833  18.025  -39.435  25.442 0.1250000000
57049  18.501  -38.929  24.820 0.1250000000
59374  21.050  -36.295  29.785 0.1250000000
58222  19.868  -36.577  28.305 0.1250000000
53783  15.423  -42.038  29.159 0.1250000000
54794  16.680  -40.453  27.072 0.1250000000
56966  18.911  -37.085  29.328 0.1250000000
58198  18.431  -37.237  29.540 0.1250000000
82224  40.602  -16.704  19.071 0.1250000000
82217  41.206  -17.924  20.872 0.1250000000
37970  2.303  -56.309  26.341 0.1250000000
39100  2.549  -55.160  24.995 0.1250000000
39101  2.330  -55.761  24.757 0.1250000000
62922  32.982  -33.311  27.770 0.1250000000
64027  33.250  -32.638  26.792 0.1250000000
65092  33.562  -32.225  28.645 0.1250000000
66168  33.549  -31.681  28.013 0.1250000000
71671  31.494  -27.390  26.763 0.1250000000
72809  31.322  -26.788  26.933 0.1250000000
72789  30.884  -26.120  27.791 0.1250000000
72811  30.666  -25.592  27.225 0.1250000000
72831  30.523  -26.027  26.347 0.1250000000
73905  30.320  -25.059  26.796 0.1250000000
72832  30.114  -25.742  25.846 0.1250000000
72790  30.701  -25.227  28.032 0.1250000000
73906  29.859  -24.782  25.985 0.1250000000
72772  30.879  -24.884  28.834 0.1250000000
73879  30.584  -24.119  28.211 0.1250000000
73880  30.366  -23.810  27.506 0.1250000000
75004  30.431  -23.259  27.066 0.1250000000
73893  30.065  -24.121  26.927 0.1250000000
75014  30.805  -22.360  26.882 0.1250000000
75015  30.155  -23.096  26.264 0.1250000000
76219  30.861  -22.027  26.107 0.1250000000
74988  30.966  -23.160  28.662 0.1250000000
75003  30.790  -22.906  27.743 0.1250000000
74974  31.168  -23.265  29.554 0.1250000000
76232  31.663  -21.653  25.418 0.1250000000
84534  46.196  -15.712  30.160 0.1250000000
83319  46.208  -16.543  30.203 0.1250000000
86842  47.315  -14.325  29.221 0.1250000000
86830  46.830  -14.254  29.693 0.1250000000
85708  46.702  -15.165  29.899 0.1250000000
83318  46.397  -16.158  29.950 0.1250000000
86854  47.642  -14.700  28.608 0.1250000000
76193  31.577  -22.183  28.361 0.1250000000
86855  47.552  -13.957  28.508 0.1250000000
85757  47.982  -14.987  27.866 0.1250000000
76218  31.739  -21.682  26.418 0.1250000000
83299  45.113  -16.970  30.906 0.1250000000
82055  44.521  -17.482  31.420 0.1250000000
84550  45.668  -14.751  30.081 0.1250000000
86831  46.386  -13.782  29.986 0.1250000000
86870  47.892  -14.379  27.942 0.1250000000
76207  31.590  -21.901  27.353 0.1250000000
85758  48.202  -14.601  27.233 0.1250000000
85770  50.536  -15.488  26.197 0.1250000000
76231  32.952  -21.069  25.825 0.1250000000
79720  42.507  -19.196  32.441 0.1250000000
78493  40.695  -19.215  32.512 0.1250000000
77435  33.108  -21.057  26.550 0.1250000000
79723  40.310  -19.036  33.063 0.1250000000
72759  31.075  -24.665  29.315 0.1250000000
84535  45.659  -15.536  30.254 0.1250000000
78509  41.108  -19.204  31.854 0.1250000000
62955  33.022  -33.179  26.336 0.1250000000
72830  30.963  -26.545  26.505 0.1250000000
73892  30.428  -24.681  27.451 0.1250000000
85709  46.340  -14.997  30.151 0.1250000000
79721  41.755  -19.292  32.776 0.1250000000
36689  3.063  -56.754  35.815 0.2500000000
36720  4.076  -57.437  34.111 0.1250000000
37987  2.286  -56.300  25.758 0.1250000000
38914  3.136  -54.597  39.338 0.2500000000
38997  3.221  -55.225  32.662 0.2500000000
40017  2.267  -53.734  35.889 0.3750000000
40150  2.402  -55.354  28.332 0.3750000000
41224  2.383  -52.788  37.440 0.5000000000
41286  2.800  -52.934  32.045 0.3750000000
41295  2.809  -53.112  31.881 0.3750000000
41297  2.590  -52.505  31.415 0.5000000000
41332  3.589  -53.492  28.459 0.3750000000
41369  2.851  -53.414  25.108 0.2500000000
42350  2.425  -52.717  37.136 0.3750000000
42397  2.703  -52.719  32.117 0.3750000000
42406  2.735  -52.895  31.807 0.3750000000
42408  2.568  -51.942  31.765 0.5000000000
42416  3.739  -52.404  30.080 0.5000000000
42430  4.172  -52.311  29.608 0.5000000000
42457  5.383  -51.730  27.807 0.5000000000
43409  4.244  -49.923  40.008 0.3750000000
43470  2.506  -50.572  34.789 0.6250000000
43497  2.461  -51.302  32.145 0.5000000000
43512  3.948  -52.021  30.106 0.5000000000
43514  3.120  -51.479  30.789 0.6250000000
43524  4.977  -51.263  29.448 0.5000000000
43526  3.515  -51.088  30.502 0.6250000000
43527  3.252  -50.909  30.744 0.6250000000
43538  5.426  -51.149  28.758 0.5000000000
44597  2.482  -50.242  34.666 0.6250000000
44622  2.514  -50.603  33.138 0.5000000000
44637  2.399  -50.798  32.029 0.5000000000
44650  2.808  -50.967  31.149 0.5000000000
44668  2.826  -50.551  31.357 0.5000000000
44685  5.690  -50.234  28.259 0.5000000000
45654  7.447  -47.690  41.364 0.5000000000
45673  3.292  -49.952  38.610 0.6250000000
45679  3.292  -49.055  38.684 0.6250000000
45711  2.573  -50.027  35.152 0.6250000000
45720  2.551  -50.031  34.860 0.6250000000
45727  1.936  -49.196  34.000 0.5000000000
45740  2.461  -49.343  31.811 0.6250000000
45750  5.249  -49.005  30.343 0.5000000000
45753  2.892  -49.701  31.495 0.6250000000
45766  4.829  -49.603  30.429 0.5000000000
45767  4.115  -49.886  30.634 0.6250000000
45770  2.977  -50.231  31.349 0.5000000000
45784  6.147  -48.934  28.219 0.5000000000
45797  6.129  -48.739  27.959 0.5000000000
45799  4.883  -49.358  27.156 0.6250000000
46737  9.533  -47.238  39.552 0.3750000000
46761  8.605  -47.073  37.751 0.2500000000
46792  2.492  -48.326  35.283 0.6250000000
46811  2.363  -48.514  34.796 0.6250000000
46849  3.001  -48.441  31.636 0.6250000000
46850  2.482  -48.467  31.984 0.6250000000
46855  5.628  -48.397  30.007 0.5000000000
46866  4.662  -49.024  30.784 0.6250000000
46877  6.338  -48.381  28.281 0.5000000000
46878  6.201  -48.800  28.563 0.5000000000
46892  6.043  -48.367  27.739 0.6250000000
47851  5.862  -45.626  41.874 0.7500000000
47852  9.843  -45.811  41.868 0.6250000000
47854  9.136  -45.812  42.192 0.5000000000
47855  8.624  -46.032  42.383 0.5000000000
47860  10.143  -45.855  41.337 0.6250000000
47862  9.400  -45.900  41.797 0.6250000000
47878  11.442  -46.365  40.152 0.6250000000
47880  10.062  -46.548  40.373 0.6250000000
47896  9.545  -47.317  39.303 0.3750000000
47959  2.471  -47.877  35.230 0.6250000000
47977  2.394  -47.917  34.904 0.6250000000
47997  2.604  -47.046  32.738 0.5000000000
47998  2.551  -47.236  32.675 0.5000000000
48024  2.586  -47.360  32.536 0.5000000000
48053  3.665  -47.247  31.546 0.6250000000
48076  4.682  -47.594  31.113 0.7500000000
48094  6.550  -47.586  28.962 0.7500000000
48109  6.397  -47.588  28.299 0.6250000000
48110  6.214  -47.152  28.069 0.7500000000
49168  8.752  -45.358  43.284 0.7500000000
49173  10.256  -45.441  42.299 0.6250000000
49174  9.918  -45.621  42.444 0.6250000000
49177  10.693  -45.300  41.222 0.6250000000
49184  11.262  -45.618  40.705 0.6250000000
49195  11.996  -46.208  40.092 0.6250000000
49211  11.510  -45.731  38.988 0.5000000000
49238  10.633  -45.733  37.424 0.3750000000
49239  2.501  -45.713  36.557 0.7500000000
49250  10.898  -44.955  35.905 0.5000000000
49253  2.357  -46.126  36.053 0.7500000000
49293  11.466  -45.096  32.988 0.1250000000
49295  2.603  -47.174  32.533 0.5000000000
49296  2.675  -47.062  32.333 0.5000000000
49311  2.533  -46.240  32.761 0.5000000000
49382  6.490  -47.195  28.682 0.7500000000
49408  5.489  -46.565  27.174 0.7500000000
49428  3.187  -46.790  26.063 0.6250000000
50419  8.017  -43.607  44.212 0.7500000000
50425  7.659  -43.836  43.857 0.7500000000
50427  6.366  -43.805  43.426 0.8750000000
50430  9.271  -44.937  43.523 0.7500000000
50433  5.452  -44.011  42.619 0.8750000000
50434  10.893  -44.990  42.449 0.6250000000
50439  10.603  -45.015  41.938 0.6250000000
50440  10.461  -45.248  42.202 0.6250000000
50482  11.472  -44.595  37.716 0.5000000000
50492  11.466  -44.704  37.220 0.5000000000
50494  2.495  -45.437  36.560 0.7500000000
50502  11.263  -44.655  36.134 0.5000000000
50504  2.450  -45.332  36.436 0.7500000000
50505  2.365  -45.316  36.248 0.7500000000
50519  2.260  -45.037  34.315 0.8750000000
50526  2.366  -44.861  34.177 0.8750000000
50535  11.828  -44.485  32.021 0.1250000000
50537  2.511  -45.539  33.453 0.7500000000
50551  2.706  -45.375  32.920 0.8750000000
50552  2.587  -45.368  33.196 0.5000000000
50623  3.880  -45.733  26.545 0.6250000000
50624  3.482  -45.267  26.173 0.6250000000
51527  8.207  -43.224  44.412 0.7500000000
51529  7.409  -43.121  44.308 0.7500000000
51531  6.320  -43.016  43.917 0.8750000000
51532  9.303  -44.106  43.773 0.7500000000
51534  8.257  -43.602  44.234 0.7500000000
51537  5.495  -43.233  43.159 0.7500000000
51538  10.435  -44.581  43.102 0.6250000000
51547  4.387  -43.352  41.642 0.8750000000
51548  10.808  -44.629  41.701 0.6250000000
51555  3.810  -44.231  40.376 0.7500000000
51623  12.356  -43.502  33.761 0.2500000000
51632  12.264  -43.639  33.132 0.2500000000
51633  12.145  -44.077  33.485 0.2500000000
51634  2.165  -44.895  34.494 0.8750000000
51635  2.143  -44.543  34.699 0.8750000000
51658  4.506  -44.308  31.361 1.0000000000
51660  3.526  -44.557  32.490 1.0000000000
51691  6.093  -44.803  29.324 0.8750000000
51726  1.556  -43.354  26.082 0.6250000000
51727  1.273  -43.251  26.094 0.6250000000
51746  1.579  -43.300  25.767 0.6250000000
51764  2.580  -44.833  25.122 0.3750000000
51765  1.647  -43.543  25.677 0.6250000000
51766  1.438  -43.394  25.658 0.6250000000
51794  2.943  -44.161  23.677 0.2500000000
51810  6.210  -44.487  22.544 0.1250000000
52589  4.550  -42.792  42.185 0.7500000000
52590  4.151  -42.296  42.260 0.7500000000
52595  3.741  -42.248  41.913 0.7500000000
52615  11.559  -44.065  37.199 0.5000000000
52649  2.193  -43.414  36.487 0.8750000000
52663  12.407  -43.321  33.564 0.2500000000
52699  2.465  -43.730  34.481 0.8750000000
52729  5.669  -43.992  30.336 1.0000000000
52775  5.652  -44.038  27.367 0.7500000000
52777  3.996  -44.182  26.435 0.7500000000
52778  3.305  -44.124  26.218 0.6250000000
52779  1.864  -43.171  26.118 0.6250000000
52780  1.552  -43.031  26.162 0.6250000000
52799  2.182  -43.367  25.736 0.6250000000
52800  1.214  -43.105  25.798 0.6250000000
52817  2.143  -43.468  25.382 0.6250000000
52818  1.768  -43.296  25.393 0.6250000000
52833  2.046  -43.262  24.990 0.6250000000
52868  6.472  -42.714  22.166 0.1250000000
53611  17.286  -40.834  43.696 0.3750000000
53613  16.544  -40.628  44.110 0.3750000000
53614  8.910  -42.547  44.199 0.8750000000
53619  3.829  -41.101  43.066 0.7500000000
53623  16.976  -41.157  43.439 0.3750000000
53624  16.459  -40.936  43.612 0.3750000000
53627  4.673  -42.422  42.645 0.7500000000
53630  3.426  -41.168  42.369 0.7500000000
53637  16.310  -41.253  42.999 0.2500000000
53638  9.832  -43.351  42.195 0.8750000000
53649  10.122  -43.262  41.668 0.7500000000
53653  20.380  -41.792  41.390 0.2500000000
53665  17.606  -41.871  41.546 0.2500000000
53691  2.158  -42.933  36.195 1.0000000000
53697  12.490  -42.030  34.415 0.5000000000
53720  12.719  -42.447  31.479 0.2500000000
53742  3.215  -42.568  33.537 1.0000000000
53743  3.127  -42.936  33.720 1.0000000000
53761  4.414  -43.428  31.584 0.8750000000
53776  4.443  -42.673  31.992 1.0000000000
53777  4.076  -42.362  32.451 1.0000000000
53782  15.744  -41.651  29.026 0.1250000000
53803  2.073  -43.056  26.168 0.6250000000
53804  1.890  -42.924  26.134 0.6250000000
53812  16.537  -40.964  26.554 0.1250000000
53815  3.842  -43.230  25.931 0.7500000000
53818  1.892  -42.896  25.807 0.6250000000
53831  1.881  -42.873  25.283 0.6250000000
53840  2.294  -42.622  24.634 0.5000000000
53841  1.960  -43.016  24.853 0.6250000000
53848  2.399  -42.467  23.849 0.5000000000
53857  7.655  -43.112  22.256 0.1250000000
53858  3.325  -42.231  22.600 0.1250000000
53860  2.197  -42.537  22.996 0.3750000000
53874  2.741  -41.820  22.125 0.1250000000
54589  5.585  -41.217  44.787 0.6250000000
54595  16.297  -40.457  44.083 0.2500000000
54596  16.063  -40.504  43.970 0.2500000000
54607  15.759  -40.719  43.623 0.3750000000
54608  9.066  -41.595  43.737 0.7500000000
54617  16.227  -40.916  43.521 0.2500000000
54625  16.629  -41.465  42.383 0.2500000000
54633  20.994  -41.663  41.177 0.2500000000
54636  10.307  -42.231  40.997 0.7500000000
54643  20.641  -41.562  40.629 0.2500000000
54652  22.632  -41.114  40.591 0.1250000000
54686  11.511  -41.731  36.674 0.5000000000
54697  11.548  -40.778  36.497 0.5000000000
54713  12.243  -40.421  34.489 0.3750000000
54754  4.300  -41.844  32.631 1.0000000000
54756  3.375  -42.183  33.260 1.0000000000
54769  15.918  -41.100  29.583 0.1250000000
54780  5.925  -42.409  30.083 1.0000000000
54785  16.588  -40.241  27.888 0.1250000000
54788  6.127  -42.437  29.379 0.8750000000
54796  7.131  -41.330  26.846 0.8750000000
54798  5.643  -42.580  26.721 0.8750000000
54804  17.419  -39.790  26.195 0.1250000000
54806  6.976  -41.235  26.571 0.8750000000
54807  6.868  -41.384  26.671 0.8750000000
54809  4.792  -42.365  25.805 0.7500000000
54813  17.430  -40.966  25.089 0.1250000000
54814  4.034  -42.224  25.208 0.7500000000
54815  3.408  -42.167  24.963 0.7500000000
54816  2.951  -42.057  24.562 0.5000000000
54824  2.766  -41.501  24.203 0.6250000000
54838  2.279  -41.903  22.313 0.1250000000
54853  4.713  -41.505  21.476 0.1250000000
54856  2.358  -41.414  21.903 0.1250000000
55563  15.808  -39.393  44.465 0.3750000000
55569  4.922  -40.288  44.695 0.6250000000
55571  18.897  -40.393  43.648 0.2500000000
55582  3.472  -39.965  43.559 0.6250000000
55604  23.899  -40.177  42.147 0.1250000000
55633  25.703  -39.955  38.517 0.6250000000
55660  16.487  -39.280  37.665 0.5000000000
55665  2.709  -42.366  36.961 1.0000000000
55685  2.803  -42.241  36.553 1.0000000000
55700  11.859  -39.822  35.801 0.5000000000
55715  2.933  -41.793  35.038 1.0000000000
55727  3.072  -41.698  34.532 1.0000000000
55740  4.537  -41.370  33.121 1.0000000000
55754  5.766  -40.415  31.280 0.8750000000
55756  4.807  -41.357  32.624 1.0000000000
55758  3.506  -41.918  33.310 1.0000000000
55774  6.548  -40.199  30.270 0.7500000000
55792  7.601  -40.154  29.053 0.7500000000
55808  16.446  -40.351  28.522 0.1250000000
55810  6.769  -40.950  28.458 0.7500000000
55827  7.283  -40.828  26.386 0.8750000000
55829  5.743  -41.655  26.111 0.8750000000
55836  6.076  -40.741  25.351 0.7500000000
55848  4.743  -40.620  24.685 0.7500000000
55850  3.327  -40.782  24.681 0.7500000000
55857  2.529  -40.483  23.918 0.7500000000
56710  15.978  -38.369  45.447 0.2500000000
56712  16.950  -38.786  45.766 0.2500000000
56716  7.179  -39.848  44.996 0.6250000000
56736  15.460  -38.925  43.988 0.3750000000
56739  7.587  -38.996  44.258 0.6250000000
56741  24.319  -38.847  41.511 0.1250000000
56746  15.201  -38.344  43.398 0.3750000000
56757  2.858  -39.147  42.238 0.6250000000
56758  2.710  -38.653  42.344 0.6250000000
56777  14.705  -37.894  39.302 0.5000000000
56799  28.204  -38.283  36.982 0.6250000000
56820  28.687  -37.475  36.645 0.5000000000
56835  4.713  -40.362  36.564 0.8750000000
56860  6.569  -39.242  35.160 0.8750000000
56865  3.952  -41.337  35.630 1.0000000000
56912  7.715  -38.533  33.588 0.8750000000
56916  5.090  -40.623  33.813 0.8750000000
56918  3.812  -41.409  34.245 0.8750000000
56935  4.363  -41.362  33.509 0.8750000000
56940  15.072  -39.382  31.158 0.5000000000
56941  14.618  -39.428  31.482 0.5000000000
56944  5.986  -40.208  31.630 0.8750000000
56954  8.791  -38.621  30.375 0.7500000000
56967  18.515  -37.182  29.012 0.1250000000
56969  16.386  -39.310  29.719 0.2500000000
56986  19.558  -36.762  29.132 0.1250000000
57012  8.128  -40.105  27.559 0.7500000000
57050  8.196  -39.352  26.005 0.7500000000
57068  5.905  -39.872  24.540 0.8750000000
57069  5.163  -39.938  24.240 0.7500000000
57071  3.529  -40.068  24.413 0.7500000000
57091  3.820  -39.318  23.974 0.7500000000
57125  7.469  -40.122  21.073 0.1250000000
57126  7.127  -40.115  20.982 0.1250000000
57142  9.836  -39.530  20.213 0.1250000000
57150  2.881  -39.620  21.140 0.1250000000
57965  15.450  -37.464  45.361 0.2500000000
57971  15.098  -37.602  44.822 0.2500000000
57982  7.382  -38.695  44.410 0.7500000000
58011  2.208  -38.027  42.972 0.6250000000
58014  21.322  -38.487  41.617 0.2500000000
58023  2.516  -38.146  42.505 0.6250000000
58033  2.686  -38.088  42.246 0.6250000000
58063  29.815  -36.634  36.939 0.6250000000
58070  6.448  -37.802  36.946 0.7500000000
58082  29.575  -36.759  36.577 0.7500000000
58085  14.456  -38.161  36.630 0.6250000000
58099  28.076  -37.127  35.753 0.6250000000
58102  7.366  -37.851  35.056 0.7500000000
58112  29.465  -36.476  35.885 0.7500000000
58114  28.398  -36.629  35.540 0.7500000000
58118  7.513  -37.899  34.684 0.7500000000
58127  26.672  -37.054  34.396 0.7500000000
58129  25.203  -37.483  33.916 0.7500000000
58140  7.576  -38.473  34.001 0.8750000000
58158  14.789  -38.602  31.932 0.5000000000
58159  8.797  -37.514  32.145 0.7500000000
58174  15.485  -38.812  31.159 0.5000000000
58176  8.665  -38.324  31.815 0.8750000000
58188  8.966  -38.198  30.981 0.8750000000
58270  5.493  -39.009  24.090 0.7500000000
58289  5.234  -38.761  23.922 0.7500000000
58290  4.884  -38.886  23.846 0.7500000000
59211  1.889  -37.504  42.948 0.6250000000
59216  24.373  -37.691  41.486 0.1250000000
59218  22.187  -38.021  41.224 0.1250000000
59226  1.976  -37.212  42.609 0.6250000000
59232  21.238  -37.905  41.048 0.2500000000
59236  14.521  -37.737  41.334 0.3750000000
59247  20.615  -37.525  40.758 0.1250000000
59251  12.669  -36.817  39.886 0.5000000000
59254  9.552  -37.333  40.896 0.6250000000
59256  3.379  -37.669  41.119 0.7500000000
59267  30.420  -36.220  37.576 0.6250000000
59274  6.505  -37.312  36.720 0.6250000000
59282  30.291  -36.078  36.725 0.6250000000
59284  29.853  -36.467  36.236 0.7500000000
59295  29.815  -36.321  35.833 0.7500000000
59296  7.419  -37.467  34.975 0.7500000000
59303  29.999  -35.990  35.488 0.7500000000
59307  7.786  -37.281  34.310 0.7500000000
59317  27.282  -36.178  34.511 0.7500000000
59330  8.727  -37.245  32.274 0.8750000000
59343  8.946  -37.195  31.854 0.7500000000
59344  6.054  -36.967  30.941 0.7500000000
59346  5.296  -36.887  31.080 0.7500000000
59358  17.130  -37.579  29.839 0.2500000000
59360  9.075  -37.255  31.216 0.7500000000
59361  5.994  -36.931  30.588 0.8750000000
59363  4.947  -36.724  30.463 0.7500000000
59364  4.654  -36.342  30.109 0.7500000000
59376  17.027  -37.885  29.426 0.2500000000
59391  6.335  -36.584  28.496 0.8750000000
59397  2.819  -35.958  27.197 0.7500000000
59406  8.747  -37.163  28.044 0.7500000000
59408  6.345  -36.506  27.947 0.8750000000
59412  3.507  -36.684  27.159 0.7500000000
59413  2.887  -36.436  27.145 0.7500000000
59414  2.743  -36.091  26.889 0.7500000000
59427  4.519  -36.627  26.714 0.7500000000
59429  3.583  -36.781  26.691 0.7500000000
59440  8.500  -38.094  26.451 0.7500000000
59441  8.103  -37.808  26.035 0.7500000000
59469  2.933  -36.261  23.508 0.3750000000
60318  7.364  -35.506  44.771 0.5000000000
60329  23.434  -37.674  41.407 0.1250000000
60332  8.293  -36.835  42.923 0.6250000000
60335  26.779  -36.014  40.367 0.1250000000
60347  8.310  -36.575  42.940 0.6250000000
60366  2.399  -37.408  42.308 0.6250000000
60367  30.735  -35.309  39.116 0.5000000000
60381  9.447  -36.946  41.168 0.7500000000
60400  20.519  -36.340  39.010 0.1250000000
60427  4.472  -35.253  35.212 0.5000000000
60436  29.684  -35.751  34.901 0.6250000000
60440  5.019  -35.773  34.497 0.5000000000
60453  7.027  -36.034  33.087 0.7500000000
60457  4.206  -35.041  34.330 0.5000000000
60466  26.713  -35.722  33.544 0.3750000000
60468  8.049  -36.458  32.085 0.8750000000
60477  32.138  -34.479  31.493 0.5000000000
60483  25.142  -36.071  31.730 0.3750000000
60484  8.824  -36.812  31.484 0.8750000000
60496  31.731  -34.655  30.604 0.1250000000
60502  8.705  -36.680  30.884 0.7500000000
60503  8.061  -36.357  30.710 0.8750000000
60504  7.263  -36.557  30.478 0.8750000000
60517  24.576  -35.436  30.791 0.1250000000
60526  4.035  -35.422  28.776 0.6250000000
60538  8.444  -36.643  29.557 0.7500000000
60539  7.792  -36.313  29.042 0.7500000000
60540  6.868  -36.340  28.562 0.8750000000
60541  6.349  -36.613  28.758 0.8750000000
60561  2.869  -36.298  26.581 0.7500000000
60562  2.709  -35.648  26.636 0.6250000000
60578  3.785  -36.653  26.269 0.6250000000
60579  3.442  -36.587  26.339 0.7500000000
60595  4.357  -36.530  25.717 0.6250000000
60636  2.794  -36.165  23.324 0.3750000000
61509  7.816  -34.517  45.430 0.5000000000
61533  8.368  -35.542  43.501 0.5000000000
61537  25.859  -36.054  40.902 0.1250000000
61569  24.468  -35.809  40.334 0.1250000000
61572  22.182  -36.755  39.997 0.1250000000
61585  21.180  -36.501  39.194 0.1250000000
61602  4.638  -34.944  37.994 0.5000000000
61610  5.175  -35.533  36.713 0.5000000000
61613  3.415  -34.101  37.566 0.5000000000
61626  4.970  -35.612  35.444 0.5000000000
61627  4.641  -35.342  35.535 0.5000000000
61629  3.135  -34.586  35.964 0.5000000000
61630  2.749  -34.335  35.762 0.5000000000
61637  31.881  -34.705  33.999 0.6250000000
61639  3.633  -34.816  34.926 0.5000000000
61660  3.354  -34.550  33.938 0.5000000000
61664  32.981  -33.937  31.172 0.5000000000
61665  32.765  -34.128  31.458 0.5000000000
61708  32.426  -34.195  29.240 0.1250000000
61714  4.219  -34.598  28.863 0.6250000000
61731  2.563  -34.918  26.372 0.6250000000
61813  2.689  -36.084  22.973 0.3750000000
62701  17.328  -34.085  46.218 0.2500000000
62718  17.251  -34.758  45.952 0.2500000000
62726  4.977  -34.113  46.438 0.5000000000
62753  8.753  -35.053  43.438 0.6250000000
62773  10.349  -34.947  41.753 0.6250000000
62784  16.793  -33.892  40.030 0.1250000000
62809  3.185  -33.814  38.868 0.5000000000
62824  2.970  -33.748  37.831 0.5000000000
62825  2.809  -33.511  38.434 0.5000000000
62845  2.504  -33.913  35.803 0.5000000000
62858  2.834  -34.155  34.271 0.5000000000
62859  2.553  -33.630  34.455 0.5000000000
62870  33.504  -33.386  31.346 0.3750000000
62896  5.611  -33.584  29.378 0.2500000000
62931  2.516  -34.297  26.359 0.3750000000
62947  2.395  -34.089  25.694 0.2500000000
62977  2.364  -34.180  24.306 0.2500000000
62978  2.356  -33.976  24.708 0.2500000000
63824  7.666  -32.272  47.473 0.5000000000
63825  16.301  -33.186  46.915 0.2500000000
63850  9.005  -33.497  45.614 0.5000000000
63851  8.811  -33.563  45.632 0.5000000000
63854  18.719  -33.232  44.861 0.2500000000
63866  18.181  -33.508  42.524 0.2500000000
63869  31.318  -32.463  39.608 0.3750000000
63894  17.269  -33.097  40.170 0.1250000000
63897  33.443  -32.024  37.585 0.5000000000
63903  33.512  -32.146  37.217 0.5000000000
63923  2.507  -33.491  37.418 0.5000000000
63939  1.869  -33.034  35.647 0.5000000000
63951  2.267  -33.068  35.127 0.5000000000
63967  3.967  -33.811  32.435 0.5000000000
63969  2.597  -33.337  33.923 0.5000000000
63974  6.287  -32.548  31.238 0.2500000000
63979  3.282  -33.010  33.154 0.3750000000
63985  6.028  -33.319  30.595 0.2500000000
63994  5.466  -33.448  28.867 0.3750000000
64007  2.697  -33.809  27.440 0.2500000000
64014  33.271  -32.708  27.937 0.1250000000
64016  25.103  -32.508  27.251 0.1250000000
64018  4.243  -32.875  27.711 0.1250000000
64019  2.549  -32.923  27.304 0.2500000000
64031  2.058  -33.435  25.815 0.2500000000
64942  17.662  -32.741  45.792 0.2500000000
64945  5.267  -32.663  46.679 0.3750000000
64951  18.820  -33.316  44.415 0.2500000000
64954  19.069  -32.670  44.282 0.2500000000
64984  32.515  -31.843  38.935 0.3750000000
64988  19.530  -31.900  39.861 0.1250000000
64994  33.350  -31.777  38.127 0.6250000000
65014  1.498  -32.662  36.501 0.5000000000
65050  2.332  -32.639  34.291 0.5000000000
65058  3.145  -32.353  33.324 0.3750000000
65069  3.176  -32.723  33.294 0.3750000000
65075  7.255  -31.760  30.045 0.2500000000
65076  6.883  -32.288  30.500 0.2500000000
65082  7.208  -31.763  29.510 0.2500000000
65084  6.053  -32.797  28.905 0.2500000000
65095  4.922  -32.166  27.784 0.1250000000
65104  33.510  -32.169  27.981 0.1250000000
65106  3.643  -32.373  27.492 0.2500000000
65984  7.582  -31.935  47.747 0.3750000000
65996  17.358  -32.586  45.721 0.2500000000
65997  16.854  -32.555  45.830 0.2500000000
66002  18.211  -32.392  45.360 0.2500000000
66008  18.109  -32.114  45.253 0.2500000000
66010  2.969  -32.220  44.364 0.3750000000
66016  19.182  -32.556  43.616 0.2500000000
66025  30.599  -31.488  39.540 0.1250000000
66030  33.072  -30.724  39.216 0.3750000000
66036  20.166  -31.914  40.355 0.1250000000
66071  1.335  -32.206  36.061 0.5000000000
66079  1.494  -32.092  35.500 0.3750000000
66094  1.873  -31.889  34.978 0.3750000000
66105  2.230  -31.721  34.141 0.3750000000
66120  4.084  -31.221  32.733 0.3750000000
66123  2.369  -32.392  33.984 0.5000000000
66134  6.323  -31.217  31.429 0.2500000000
66135  5.633  -31.103  32.010 0.2500000000
66144  7.275  -31.188  30.271 0.2500000000
66151  7.169  -31.566  29.149 0.1250000000
66160  6.808  -31.321  28.479 0.1250000000
66161  6.090  -31.646  27.994 0.1250000000
66170  5.556  -31.056  27.720 0.1250000000
66205  2.349  -31.956  25.018 0.1250000000
67029  15.905  -32.311  46.255 0.2500000000
67041  16.700  -32.334  45.668 0.2500000000
67045  8.371  -30.607  47.723 0.2500000000
67063  17.938  -31.813  45.146 0.2500000000
67081  5.443  -30.719  44.952 0.2500000000
67084  3.441  -31.089  43.976 0.3750000000
67101  14.453  -29.631  42.405 0.1250000000
67102  5.234  -30.622  42.711 0.2500000000
67107  31.741  -30.323  39.566 0.3750000000
67123  32.862  -30.217  39.262 0.3750000000
67129  4.357  -30.561  41.424 0.2500000000
67182  1.929  -31.682  34.714 0.5000000000
67193  2.142  -31.394  34.195 0.3750000000
67205  5.168  -30.200  32.354 0.2500000000
67209  2.413  -31.288  33.863 0.3750000000
67224  5.717  -30.277  31.889 0.2500000000
68132  10.546  -30.676  48.269 0.2500000000
68150  14.872  -30.706  45.866 0.1250000000
68160  5.979  -30.618  45.613 0.2500000000
68173  4.111  -30.478  44.041 0.2500000000
68182  4.340  -30.478  43.696 0.2500000000
68183  14.784  -29.341  41.999 0.1250000000
68184  14.284  -28.958  42.306 0.1250000000
68185  13.773  -29.033  42.606 0.1250000000
68209  2.924  -30.792  40.884 0.3750000000
68229  32.990  -29.085  39.059 0.3750000000
68259  34.532  -28.424  37.254 0.3750000000
68276  34.554  -28.413  36.946 0.3750000000
68289  5.904  -29.598  36.393 0.1250000000
68329  2.065  -30.688  34.266 0.3750000000
68343  2.906  -30.344  33.584 0.3750000000
68367  7.272  -29.457  30.774 0.1250000000
68368  7.004  -30.099  31.024 0.1250000000
68408  5.482  -29.520  27.406 0.1250000000
68430  32.697  -30.288  25.783 0.1250000000
69278  6.290  -30.160  43.801 0.2500000000
69287  5.898  -30.347  43.285 0.2500000000
69323  34.386  -28.491  38.031 0.3750000000
69331  4.955  -29.563  37.755 0.1250000000
69342  4.986  -29.622  37.131 0.1250000000
69371  5.369  -28.775  35.477 0.2500000000
69423  7.137  -28.905  31.099 0.1250000000
69438  7.087  -28.388  31.059 0.1250000000
69502  32.233  -29.398  25.974 0.2500000000
70367  9.735  -28.222  45.310 0.1250000000
70375  9.592  -28.236  44.513 0.1250000000
70382  9.965  -28.017  43.345 0.1250000000
70384  16.342  -27.395  42.390 0.1250000000
70389  10.181  -27.871  42.903 0.1250000000
70472  4.268  -27.638  33.493 0.2500000000
70540  32.444  -28.782  28.342 0.2500000000
71451  14.878  -26.073  44.165 0.1250000000
71452  14.602  -26.047  44.215 0.1250000000
71479  9.854  -27.905  44.483 0.1250000000
71525  34.767  -26.709  38.223 0.2500000000
71623  7.346  -26.264  31.475 0.1250000000
71636  7.091  -27.095  31.203 0.1250000000
72603  14.765  -25.859  44.084 0.1250000000
72610  14.414  -25.884  44.147 0.1250000000
72625  13.858  -25.907  43.754 0.1250000000
72629  10.685  -27.441  44.215 0.1250000000
72669  35.423  -24.531  36.919 0.2500000000
72699  8.521  -25.951  33.811 0.1250000000
72711  6.643  -26.030  32.856 0.1250000000
72810  31.026  -26.358  26.970 0.1250000000
73682  14.896  -25.690  43.924 0.1250000000
73692  12.974  -26.316  43.753 0.1250000000
73750  35.049  -24.321  38.454 0.2500000000
73785  34.204  -24.340  34.427 0.7500000000
73790  34.302  -25.187  34.235 0.7500000000
73792  33.413  -24.398  33.610 0.7500000000
73833  31.475  -24.443  30.227 0.3750000000
74865  35.573  -22.526  38.629 0.2500000000
74877  35.524  -22.783  38.351 0.2500000000
74904  35.478  -23.451  37.164 0.3750000000
74919  34.757  -23.394  35.768 0.3750000000
74961  31.803  -23.531  30.861 0.3750000000
76061  35.498  -22.179  39.115 0.2500000000
76062  35.057  -22.425  39.382 0.2500000000
76179  31.378  -22.652  29.008 0.1250000000
76190  33.621  -21.305  28.615 0.6250000000
76204  33.602  -21.244  28.382 0.6250000000
76216  33.039  -21.298  27.424 0.5000000000
76247  40.492  -20.829  24.107 0.3750000000
76273  40.696  -20.756  23.617 0.3750000000
76295  40.146  -20.874  23.143 0.3750000000
77252  34.993  -21.390  39.719 0.2500000000
77327  33.674  -22.053  34.337 0.5000000000
77373  32.495  -22.188  30.972 0.5000000000
77406  33.399  -21.446  29.118 0.6250000000
77426  40.964  -20.403  25.735 0.7500000000
77465  41.751  -20.060  24.726 0.5000000000
77467  40.648  -20.839  24.382 0.3750000000
77494  39.583  -20.629  23.748 0.2500000000
78490  43.067  -19.589  32.128 0.1250000000
78492  41.451  -19.256  32.378 0.1250000000
78504  44.367  -19.281  31.489 0.2500000000
78505  44.160  -19.464  31.625 0.2500000000
78506  43.592  -19.754  31.675 0.2500000000
78560  44.081  -19.161  29.719 0.5000000000
78571  44.206  -18.870  29.180 0.5000000000
78587  43.355  -18.598  26.804 0.8750000000
78613  41.828  -19.968  24.450 0.5000000000
78644  42.047  -19.674  23.654 0.3750000000
79689  38.925  -18.758  34.780 0.1250000000
79737  44.073  -19.266  32.012 0.2500000000
79739  41.029  -19.364  31.626 0.3750000000
79751  44.628  -18.928  30.794 0.3750000000
79752  41.362  -19.592  31.380 0.3750000000
79753  41.180  -19.475  31.500 0.3750000000
79763  42.881  -19.533  30.020 0.3750000000
79776  43.165  -19.376  29.384 0.6250000000
79788  43.901  -18.816  28.658 0.8750000000
79796  47.007  -17.701  26.985 0.7500000000
79797  46.592  -17.799  26.885 0.7500000000
79807  46.579  -17.593  26.433 0.7500000000
79873  42.002  -19.034  22.451 0.1250000000
80828  35.332  -18.346  38.395 0.1250000000
80884  44.113  -18.512  32.085 0.1250000000
80892  45.220  -17.814  30.820 0.2500000000
80893  45.102  -17.969  30.971 0.2500000000
80904  45.364  -18.183  30.577 0.2500000000
80911  45.810  -17.861  30.454 0.2500000000
80912  45.958  -18.262  29.926 0.2500000000
80922  46.056  -18.061  28.955 0.2500000000
80933  47.511  -17.110  27.181 0.5000000000
80934  47.406  -17.344  27.343 0.5000000000
80947  47.394  -17.395  26.843 0.5000000000
80960  48.147  -17.014  26.360 0.6250000000
80962  47.036  -17.444  26.197 0.7500000000
80964  45.877  -17.526  26.148 0.7500000000
80973  48.426  -16.818  25.811 0.3750000000
80975  47.676  -17.434  25.677 0.6250000000
80988  48.083  -17.151  25.273 0.6250000000
80989  47.689  -17.212  25.157 0.6250000000
81105  47.825  -15.698  13.793 0.3750000000
81115  47.270  -15.954  13.651 0.3750000000
81128  47.881  -15.541  13.127 0.3750000000
81129  47.409  -15.705  13.295 0.3750000000
81130  47.042  -15.913  13.419 0.3750000000
81977  36.382  -18.540  38.469 0.1250000000
81986  36.270  -18.050  38.186 0.1250000000
82053  45.333  -17.597  30.796 0.2500000000
82064  45.803  -17.389  30.559 0.2500000000
82107  47.687  -16.979  27.260 0.5000000000
82124  48.456  -16.255  26.481 0.3750000000
82126  47.847  -16.761  27.359 0.3750000000
82141  49.537  -16.444  25.754 0.3750000000
82142  48.622  -16.512  25.982 0.3750000000
82143  48.315  -16.616  26.435 0.3750000000
82155  50.002  -16.893  25.369 0.5000000000
82171  49.754  -16.726  24.678 0.5000000000
82174  46.813  -16.943  24.490 0.8750000000
82186  49.808  -16.508  24.209 0.5000000000
82259  49.032  -15.550  14.143 0.5000000000
82260  48.628  -15.534  14.166 0.5000000000
82300  47.098  -16.181  13.887 0.3750000000
82320  50.461  -15.624  12.788 0.6250000000
82341  50.374  -15.485  12.628 0.6250000000
82358  49.721  -15.608  12.070 0.3750000000
83226  36.059  -17.643  38.032 0.1250000000
83236  36.191  -17.525  37.807 0.1250000000
83340  46.561  -16.261  29.773 0.2500000000
83361  46.895  -16.473  29.470 0.2500000000
83362  47.020  -17.099  29.208 0.2500000000
83363  46.494  -17.620  29.101 0.2500000000
83377  48.180  -15.983  27.729 0.2500000000
83379  47.481  -16.920  28.564 0.2500000000
83411  50.390  -16.381  25.721 0.1250000000
83420  50.980  -16.831  25.158 0.5000000000
83421  50.547  -16.916  24.621 0.5000000000
83434  51.014  -16.751  24.369 0.5000000000
83454  49.367  -16.074  23.421 0.6250000000
83518  47.274  -15.162  15.533 0.6250000000
83528  49.880  -14.964  14.394 0.5000000000
83533  45.637  -15.836  15.208 0.1250000000
83543  49.947  -15.484  14.009 0.5000000000
83549  50.842  -15.542  13.157 0.7500000000
83550  50.396  -15.563  13.250 0.7500000000
83576  48.219  -15.466  11.778 0.3750000000
83592  52.485  -15.560  10.793 0.7500000000
83616  51.865  -15.048  10.349 0.7500000000
84515  45.653  -16.372  30.463 0.2500000000
84516  45.179  -16.422  30.621 0.1250000000
84533  46.540  -15.831  29.851 0.1250000000
84567  47.657  -15.695  28.722 0.2500000000
84569  47.374  -16.707  28.915 0.2500000000
84587  47.728  -16.220  28.543 0.2500000000
84606  48.712  -15.602  26.442 0.3750000000
84608  48.393  -14.826  26.783 0.2500000000
84625  50.316  -15.780  26.098 0.1250000000
84663  50.910  -15.343  24.390 0.5000000000
84678  50.954  -16.358  23.966 0.5000000000
84697  50.278  -14.726  22.941 0.5000000000
84754  41.854  -15.723  19.605 0.1250000000
84800  52.747  -14.300  15.073 0.5000000000
85721  47.340  -15.095  29.414 0.2500000000
85722  47.020  -15.379  29.622 0.2500000000
85734  47.352  -15.579  29.257 0.2500000000
85771  50.295  -15.302  26.120 0.1250000000
85785  50.794  -15.379  26.019 0.1250000000
85801  51.540  -13.522  23.656 0.2500000000
85829  50.275  -14.899  23.311 0.6250000000
85881  48.220  -14.477  18.730 0.6250000000
85884  44.033  -14.658  18.732 0.1250000000
85899  48.212  -14.453  18.451 0.6250000000
85900  44.820  -14.620  18.529 0.1250000000
85901  44.302  -14.735  18.505 0.1250000000
85902  44.022  -14.801  18.506 0.1250000000
85906  51.883  -14.456  17.303 0.7500000000
85909  49.785  -14.609  17.657 0.6250000000
85912  52.116  -14.411  16.742 0.6250000000
85914  52.908  -14.055  15.006 0.5000000000
85919  52.142  -15.173  14.074 0.6250000000
85925  52.242  -15.120  13.876 0.6250000000
85926  52.141  -15.220  13.860 0.6250000000
85943  53.257  -15.315  10.250 0.6250000000
86819  46.859  -14.881  29.818 0.1250000000
86820  46.706  -14.708  29.897 0.1250000000
86821  46.485  -14.437  30.036 0.1250000000
86828  47.282  -14.864  29.461 0.2500000000
86841  47.407  -14.817  29.247 0.1250000000
86906  51.576  -13.284  23.692 0.2500000000
86907  51.450  -13.382  23.847 0.2500000000
86908  50.766  -13.530  23.891 0.5000000000
86916  51.012  -13.326  23.615 0.5000000000
86962  51.163  -12.477  20.352 0.5000000000
86976  52.310  -13.646  17.713 0.6250000000
86983  52.032  -13.034  15.470 0.5000000000
87020  48.778  -13.529  8.273 0.1250000000
87064  55.038  -12.847  4.072 0.1250000000
87065  54.970  -12.719  4.690 0.1250000000
87984  51.298  -13.250  23.725 0.3750000000
88006  45.378  -11.464  22.899 0.1250000000
88057  44.449  -11.660  21.010 0.1250000000
88099  52.003  -13.378  16.349 0.5000000000
88104  52.057  -12.557  15.113 0.1250000000
88110  52.917  -12.862  14.284 0.2500000000
88117  53.311  -12.678  13.634 0.3750000000
88138  56.150  -11.217  6.665 0.1250000000
88140  56.613  -11.519  6.254 0.1250000000
88152  51.350  -12.300  5.449 0.1250000000
88176  51.496  -12.614  4.046 0.1250000000
89141  50.416  -12.645  22.290 0.2500000000
89167  50.598  -11.988  20.425 0.2500000000
89217  50.617  -11.231  17.402 0.2500000000
89255  55.328  -12.879  10.054 0.1250000000
89280  54.557  -10.388  8.543 0.1250000000
89288  56.379  -10.887  6.361 0.1250000000
90220  44.602  -9.717  22.791 0.1250000000
90239  50.780  -11.647  20.233 0.2500000000
90241  43.858  -10.566  21.752 0.1250000000
90247  50.507  -11.897  20.056 0.2500000000
90260  50.103  -11.576  18.642 0.1250000000
90261  49.762  -11.368  18.394 0.1250000000
90276  49.312  -11.045  17.267 0.2500000000
90328  55.880  -10.401  6.715 0.1250000000
90337  56.459  -10.296  5.318 0.1250000000
91349  53.965  -8.913  7.822 0.1250000000
91351  55.553  -9.577  6.689 0.1250000000
91356  55.614  -9.462  6.069 0.1250000000
92328  53.941  -8.212  7.251 0.1250000000
93365  55.123  -8.398  6.053 0.1250000000
140331  55.541  -12.983  8.896 0.1250000000
140334  55.501  -12.578  8.968 0.1250000000
140335  55.498  -12.101  9.002 0.1250000000
140336  55.215  -12.497  10.124 0.1250000000
140337  55.496  -13.134  9.084 0.1250000000
140341  54.992  -11.855  10.003 0.1250000000
140343  55.321  -11.964  9.307 0.1250000000
140344  55.367  -12.518  9.530 0.1250000000
140345  55.247  -12.125  9.639 0.1250000000
140347  55.358  -13.586  9.049 0.3750000000
