#!ascii label  , from subject sub-01 vox2ras=TkReg
4141
14898  7.129  -77.696  -15.442 0.0000000000
35200  19.713  -59.734  -22.388 0.0000000000
5077  10.483  -91.184  -29.752 0.0000000000
8792  13.240  -85.516  -23.075 0.0000000000
4477  4.784  -91.609  -35.815 0.0000000000
10580  -0.154  -83.219  -25.610 0.0000000000
25395  10.708  -69.146  -18.093 0.0000000000
1723  7.104  -96.490  -39.130 0.0000000000
12113  2.611  -81.057  -10.928 0.0000000000
26435  10.936  -67.590  -12.809 0.0000000000
32991  18.258  -61.619  -18.678 0.0000000000
3950  16.480  -92.156  -44.323 0.0000000000
12258  11.736  -80.669  -20.314 0.0000000000
8829  6.769  -84.653  -25.052 0.0000000000
12290  4.237  -82.010  -20.071 0.0000000000
28807  15.877  -65.045  -19.992 0.0000000000
29906  7.815  -64.019  -20.304 0.0000000000
35184  13.568  -59.574  -21.795 0.0000000000
9555  4.208  -84.398  -14.706 0.0000000000
28681  3.871  -65.334  -12.104 0.0000000000
28751  13.685  -65.606  -17.523 0.0000000000
2594  8.739  -94.646  -33.588 0.0000000000
2179  14.686  -95.432  -39.140 0.0000000000
3825  17.104  -92.118  -34.724 0.0000000000
42048  17.547  -53.755  -24.592 0.0000000000
6320  11.001  -88.818  -24.928 0.0000000000
5760  13.353  -89.607  -32.210 0.0000000000
8909  7.551  -85.399  -31.690 0.0000000000
7221  1.733  -87.884  -31.097 0.0000000000
19723  7.478  -74.125  -14.671 0.0000000000
16684  1.393  -75.986  -12.785 0.0000000000
25351  3.674  -68.482  -14.533 0.0000000000
38676  11.661  -56.343  -24.544 0.0000000000
1227  1.665  -97.718  -31.794 0.0000000000
3134  1.775  -93.115  -28.657 0.0000000000
6322  2.739  -88.819  -25.328 0.0000000000
7065  5.273  -88.357  -19.183 0.0000000000
10470  8.729  -83.721  -17.578 0.0000000000
11207  8.447  -82.799  -9.767 0.0000000000
20727  0.356  -72.699  -8.286 0.0000000000
18548  6.350  -73.956  -8.045 0.0000000000
16658  12.528  -76.395  -11.050 0.0000000000
20846  15.471  -72.816  -15.286 0.0000000000
25404  19.317  -68.271  -18.034 0.0000000000
33006  22.942  -62.035  -19.021 0.0000000000
677  15.675  -98.473  -39.262 0.0000000000
2738  21.253  -94.407  -43.102 0.0000000000
3275  11.064  -94.369  -39.233 0.0000000000
14923  9.946  -78.238  -17.413 0.0000000000
12286  7.737  -81.566  -20.058 0.0000000000
13989  5.973  -79.317  -18.053 0.0000000000
32074  17.603  -62.427  -21.502 0.0000000000
32078  14.148  -62.252  -21.945 0.0000000000
35203  17.030  -59.492  -22.649 0.0000000000
3788  10.073  -92.665  -31.391 0.0000000000
2589  13.302  -94.489  -33.632 0.0000000000
3784  14.417  -92.276  -31.578 0.0000000000
8848  11.809  -86.713  -24.042 0.0000000000
8042  11.520  -85.866  -28.981 0.0000000000
10608  11.165  -82.955  -28.412 0.0000000000
8834  2.956  -85.599  -24.701 0.0000000000
7155  3.981  -87.078  -28.069 0.0000000000
8046  1.378  -85.667  -28.503 0.0000000000
9762  2.255  -84.241  -31.608 0.0000000000
11515  -0.444  -82.419  -29.556 0.0000000000
23058  8.520  -71.473  -16.601 0.0000000000
23024  5.443  -71.264  -15.236 0.0000000000
25380  7.377  -68.809  -17.086 0.0000000000
33015  7.305  -61.260  -19.238 0.0000000000
30993  4.395  -62.967  -18.953 0.0000000000
39740  15.092  -55.415  -25.503 0.0000000000
2065  1.674  -95.468  -30.791 0.0000000000
4312  2.234  -91.314  -22.543 0.0000000000
6269  1.348  -88.816  -21.022 0.0000000000
6279  4.755  -88.725  -22.326 0.0000000000
7915  1.316  -86.893  -19.400 0.0000000000
12185  2.008  -81.371  -14.406 0.0000000000
11337  4.528  -82.116  -17.803 0.0000000000
12201  6.107  -81.099  -14.615 0.0000000000
11310  9.146  -82.908  -15.133 0.0000000000
11224  5.321  -82.871  -9.962 0.0000000000
26439  7.016  -67.378  -12.414 0.0000000000
22999  5.339  -69.750  -10.013 0.0000000000
22996  8.626  -70.070  -10.446 0.0000000000
17541  9.578  -75.103  -8.587 0.0000000000
20804  11.916  -72.193  -11.476 0.0000000000
18614  13.784  -74.171  -13.793 0.0000000000
23038  13.685  -70.102  -13.177 0.0000000000
30975  15.817  -63.455  -18.515 0.0000000000
27620  16.700  -66.817  -16.112 0.0000000000
29836  18.915  -64.695  -17.343 0.0000000000
28769  21.502  -65.117  -18.744 0.0000000000
32980  21.073  -62.005  -18.093 0.0000000000
686  7.733  -98.787  -37.760 0.0000000000
470  11.544  -99.485  -37.668 0.0000000000
997  10.775  -98.180  -39.776 0.0000000000
3297  18.806  -93.328  -40.506 0.0000000000
2200  18.567  -95.273  -40.738 0.0000000000
2218  18.925  -93.771  -44.345 0.0000000000
3961  19.933  -92.260  -45.210 0.0000000000
3967  17.269  -92.427  -46.511 0.0000000000
4458  9.391  -91.607  -34.070 0.0000000000
3827  12.208  -92.483  -35.352 0.0000000000
3247  8.334  -93.316  -37.547 0.0000000000
20828  -0.300  -72.511  -12.981 0.0000000000
16730  -0.107  -76.563  -15.333 0.0000000000
11408  13.865  -82.409  -21.870 0.0000000000
11458  10.312  -82.462  -25.940 0.0000000000
10542  9.763  -83.268  -22.317 0.0000000000
9641  5.870  -84.057  -22.074 0.0000000000
9646  1.245  -84.301  -21.955 0.0000000000
26567  12.800  -66.954  -18.964 0.0000000000
26570  9.500  -66.848  -19.291 0.0000000000
28812  11.045  -64.975  -20.669 0.0000000000
32082  10.324  -62.191  -21.392 0.0000000000
36312  10.124  -57.876  -19.777 0.0000000000
7816  1.753  -86.924  -14.051 0.0000000000
9497  1.562  -84.446  -11.427 0.0000000000
13020  0.772  -80.871  -11.140 0.0000000000
28712  8.727  -65.930  -16.154 0.0000000000
27605  11.964  -67.122  -15.572 0.0000000000
29869  10.676  -63.670  -18.567 0.0000000000
32018  13.147  -62.520  -19.281 0.0000000000
2118  7.076  -95.072  -36.095 0.0000000000
1705  10.572  -96.468  -38.368 0.0000000000
2113  11.667  -96.344  -35.893 0.0000000000
2644  16.027  -94.034  -36.799 0.0000000000
4517  17.311  -91.429  -39.416 0.0000000000
6498  4.496  -88.665  -36.942 0.0000000000
4523  5.299  -91.473  -39.557 0.0000000000
39697  21.489  -55.446  -22.444 0.0000000000
38638  18.424  -56.759  -23.071 0.0000000000
5678  10.778  -89.689  -27.301 0.0000000000
5716  15.501  -89.294  -29.895 0.0000000000
8039  14.282  -86.806  -29.092 0.0000000000
6417  9.314  -88.163  -31.609 0.0000000000
5779  6.462  -89.129  -33.819 0.0000000000
10611  6.384  -83.622  -28.827 0.0000000000
6419  4.696  -87.864  -30.870 0.0000000000
5121  2.834  -90.551  -33.659 0.0000000000
8959  3.770  -86.081  -34.433 0.0000000000
16664  6.400  -76.178  -13.323 0.0000000000
17636  3.967  -75.493  -15.422 0.0000000000
19690  3.584  -73.612  -13.470 0.0000000000
21880  1.792  -71.604  -12.310 0.0000000000
25335  0.836  -68.184  -13.181 0.0000000000
27643  5.033  -66.497  -17.656 0.0000000000
28717  2.259  -64.980  -15.509 0.0000000000
38657  15.861  -57.090  -23.233 0.0000000000
37526  12.723  -58.404  -23.091 0.0000000000
947  4.176  -97.845  -36.486 0.0000000000
2139  2.669  -95.845  -36.572 0.0000000000
3206  3.771  -93.745  -34.428 0.0000000000
3810  4.354  -92.854  -32.313 0.0000000000
4414  5.784  -92.019  -29.765 0.0000000000
1985  2.513  -94.909  -24.466 0.0000000000
5030  2.009  -90.319  -27.585 0.0000000000
5682  6.543  -91.142  -27.034 0.0000000000
5002  6.888  -91.646  -25.023 0.0000000000
6277  8.596  -89.435  -21.992 0.0000000000
7075  10.438  -88.410  -20.185 0.0000000000
9606  2.191  -84.176  -18.064 0.0000000000
7857  6.986  -86.953  -16.759 0.0000000000
7867  12.028  -86.642  -18.105 0.0000000000
11346  12.687  -82.951  -17.503 0.0000000000
13077  12.103  -80.768  -15.511 0.0000000000
13027  9.857  -80.078  -12.707 0.0000000000
16645  1.643  -77.213  -10.076 0.0000000000
19648  2.950  -73.549  -9.131 0.0000000000
14788  3.666  -78.530  -8.088 0.0000000000
14771  7.021  -78.851  -6.865 0.0000000000
13849  10.021  -79.399  -8.657 0.0000000000
14840  9.463  -78.072  -12.350 0.0000000000
16697  10.203  -76.130  -13.787 0.0000000000
19743  11.282  -73.832  -15.913 0.0000000000
21950  12.793  -71.596  -17.735 0.0000000000
25363  14.883  -68.356  -14.705 0.0000000000
23065  17.235  -70.368  -16.945 0.0000000000
24255  15.369  -69.414  -18.351 0.0000000000
27670  17.565  -66.815  -19.818 0.0000000000
29894  19.644  -64.636  -20.697 0.0000000000
34082  21.893  -60.617  -21.150 0.0000000000
36303  23.455  -58.013  -19.385 0.0000000000
38622  23.239  -57.008  -21.476 0.0000000000
2146  19.681  -96.090  -37.068 0.0000000000
1323  14.860  -96.927  -39.832 0.0000000000
1299  19.093  -96.067  -40.245 0.0000000000
3269  21.531  -93.581  -39.705 0.0000000000
5109  15.352  -90.426  -33.416 0.0000000000
4497  14.451  -92.177  -37.507 0.0000000000
3299  13.419  -93.418  -41.200 0.0000000000
2719  7.098  -93.964  -41.729 0.0000000000
2213  10.803  -94.621  -43.458 0.0000000000
3345  13.650  -93.732  -45.737 0.0000000000
6618  15.311  -88.733  -45.627 0.0000000000
13961  2.584  -79.059  -16.033 0.0000000000
12243  -0.241  -81.604  -18.810 0.0000000000
13168  -0.238  -80.601  -22.023 0.0000000000
14076  -0.771  -79.271  -26.333 0.0000000000
14911  8.541  -78.092  -16.481 0.0000000000
14935  8.160  -78.426  -17.993 0.0000000000
14912  7.402  -77.651  -16.513 0.0000000000
33084  18.812  -61.078  -22.368 0.0000000000
33085  17.849  -61.078  -22.325 0.0000000000
35201  18.999  -59.554  -22.540 0.0000000000
4410  9.986  -91.718  -30.293 0.0000000000
3786  12.160  -92.548  -31.194 0.0000000000
4408  12.131  -91.918  -30.365 0.0000000000
8826  12.061  -85.487  -23.983 0.0000000000
9701  11.711  -85.002  -25.564 0.0000000000
9716  12.744  -83.962  -25.702 0.0000000000
8854  1.272  -85.281  -25.165 0.0000000000
8003  1.519  -85.975  -26.548 0.0000000000
8878  0.304  -84.302  -26.959 0.0000000000
9746  0.886  -84.014  -29.374 0.0000000000
10613  -0.171  -83.077  -28.073 0.0000000000
24223  10.166  -70.729  -17.946 0.0000000000
24212  7.792  -70.474  -16.744 0.0000000000
25396  9.383  -68.931  -17.978 0.0000000000
36316  6.336  -58.306  -19.123 0.0000000000
34039  5.713  -60.121  -18.899 0.0000000000
4924  1.814  -90.203  -19.575 0.0000000000
6216  1.019  -88.964  -17.821 0.0000000000
6258  0.986  -87.964  -20.059 0.0000000000
7030  0.540  -87.649  -17.976 0.0000000000
13029  2.679  -80.876  -13.222 0.0000000000
13068  4.557  -80.336  -14.594 0.0000000000
12154  4.167  -80.937  -12.959 0.0000000000
11270  5.727  -82.711  -12.644 0.0000000000
12111  3.802  -81.975  -10.334 0.0000000000
27553  8.554  -66.984  -13.007 0.0000000000
25297  7.586  -68.652  -11.301 0.0000000000
24164  10.009  -69.115  -11.517 0.0000000000
21851  10.436  -71.101  -10.615 0.0000000000
23023  11.720  -69.909  -11.959 0.0000000000
21891  12.439  -70.915  -11.943 0.0000000000
24175  12.279  -69.095  -12.887 0.0000000000
32014  17.602  -62.507  -18.379 0.0000000000
30958  17.553  -64.119  -17.774 0.0000000000
30972  18.748  -63.391  -17.818 0.0000000000
30955  20.227  -63.631  -17.640 0.0000000000
32990  19.367  -61.563  -18.581 0.0000000000
973  7.007  -98.066  -38.594 0.0000000000
971  8.662  -98.562  -39.043 0.0000000000
1302  8.403  -97.583  -39.353 0.0000000000
4554  18.259  -91.535  -42.594 0.0000000000
3321  18.873  -92.932  -43.232 0.0000000000
3331  18.346  -92.822  -44.378 0.0000000000
2771  18.386  -93.992  -46.289 0.0000000000
3344  16.465  -93.671  -45.106 0.0000000000
4475  6.946  -91.192  -35.589 0.0000000000
3862  8.647  -92.503  -36.153 0.0000000000
3877  6.934  -92.722  -36.856 0.0000000000
23030  -0.372  -70.217  -13.887 0.0000000000
19744  0.174  -73.265  -15.594 0.0000000000
12281  12.915  -81.326  -20.544 0.0000000000
11419  12.018  -82.418  -22.612 0.0000000000
11388  11.357  -81.809  -21.038 0.0000000000
12288  5.854  -81.435  -20.015 0.0000000000
10512  6.770  -83.011  -20.896 0.0000000000
10514  4.738  -83.170  -20.879 0.0000000000
9643  3.992  -84.216  -22.011 0.0000000000
10516  2.868  -83.270  -20.877 0.0000000000
28793  14.178  -65.602  -19.622 0.0000000000
27675  12.464  -66.179  -19.468 0.0000000000
28810  12.943  -65.026  -20.394 0.0000000000
32099  13.585  -61.533  -22.108 0.0000000000
32080  11.999  -62.119  -21.838 0.0000000000
33063  11.605  -61.243  -21.617 0.0000000000
34063  10.235  -60.443  -20.327 0.0000000000
35158  11.580  -59.061  -20.564 0.0000000000
10331  1.223  -83.529  -9.500 0.0000000000
10359  0.594  -83.217  -11.409 0.0000000000
29808  7.421  -64.258  -15.680 0.0000000000
30960  8.607  -63.789  -16.914 0.0000000000
28755  9.373  -65.168  -17.430 0.0000000000
30981  9.983  -62.754  -17.988 0.0000000000
2102  8.202  -95.312  -34.692 0.0000000000
1657  9.728  -96.736  -35.833 0.0000000000
2100  10.249  -96.281  -34.279 0.0000000000
3200  15.651  -93.453  -34.390 0.0000000000
3219  14.729  -94.094  -35.288 0.0000000000
3228  17.193  -93.174  -36.099 0.0000000000
3872  18.113  -92.394  -37.976 0.0000000000
4481  17.551  -91.914  -36.675 0.0000000000
8129  5.279  -86.841  -36.904 0.0000000000
7335  5.658  -88.252  -38.264 0.0000000000
42024  22.600  -53.630  -22.748 0.0000000000
40904  20.996  -54.450  -22.535 0.0000000000
6334  11.215  -89.299  -25.850 0.0000000000
6349  12.926  -88.460  -27.080 0.0000000000
7143  13.056  -87.467  -26.318 0.0000000000
8899  9.149  -85.301  -30.624 0.0000000000
7184  10.844  -86.479  -29.864 0.0000000000
7217  8.699  -87.144  -31.795 0.0000000000
6431  8.411  -88.375  -32.438 0.0000000000
7230  7.182  -87.114  -32.712 0.0000000000
10578  8.641  -83.334  -25.828 0.0000000000
10594  8.793  -82.811  -27.070 0.0000000000
8875  6.533  -84.188  -26.837 0.0000000000
7189  2.880  -88.059  -28.987 0.0000000000
7170  4.600  -86.853  -29.349 0.0000000000
6400  3.366  -89.018  -30.513 0.0000000000
5750  4.074  -89.331  -31.613 0.0000000000
6436  2.094  -88.760  -32.501 0.0000000000
6459  2.842  -88.367  -34.483 0.0000000000
8084  2.698  -86.991  -33.328 0.0000000000
18599  7.195  -74.674  -13.867 0.0000000000
17573  5.633  -75.253  -13.559 0.0000000000
19706  6.278  -73.984  -14.210 0.0000000000
24197  5.002  -69.964  -14.966 0.0000000000
21897  3.831  -71.391  -13.936 0.0000000000
24180  2.576  -69.589  -13.473 0.0000000000
24166  0.963  -69.527  -12.787 0.0000000000
26459  1.933  -67.804  -13.613 0.0000000000
27693  8.143  -65.865  -20.189 0.0000000000
26549  6.640  -67.027  -18.718 0.0000000000
28771  5.879  -65.733  -19.210 0.0000000000
30961  3.031  -63.926  -17.723 0.0000000000
39708  18.167  -55.160  -23.518 0.0000000000
38639  17.408  -56.955  -23.056 0.0000000000
39710  17.031  -55.500  -24.357 0.0000000000
39742  13.788  -55.938  -25.085 0.0000000000
37567  14.091  -57.618  -25.146 0.0000000000
36413  12.352  -58.098  -24.578 0.0000000000
37527  11.676  -58.212  -22.407 0.0000000000
36414  11.427  -58.011  -24.505 0.0000000000
1226  2.705  -98.197  -31.893 0.0000000000
1253  2.208  -97.051  -34.805 0.0000000000
1645  1.736  -96.297  -34.596 0.0000000000
2634  2.933  -94.678  -36.019 0.0000000000
2087  1.567  -95.523  -33.242 0.0000000000
2042  1.750  -94.620  -28.989 0.0000000000
3155  2.607  -93.479  -31.590 0.0000000000
3778  2.735  -92.462  -30.945 0.0000000000
4432  5.327  -92.154  -30.844 0.0000000000
4417  2.709  -91.761  -30.087 0.0000000000
5629  1.530  -89.706  -24.405 0.0000000000
4343  1.782  -91.458  -24.589 0.0000000000
5664  2.283  -89.614  -26.584 0.0000000000
5707  4.352  -89.926  -28.177 0.0000000000
5661  4.924  -90.258  -26.365 0.0000000000
5019  6.393  -91.336  -25.927 0.0000000000
5641  4.889  -90.486  -25.247 0.0000000000
6256  4.910  -88.471  -20.642 0.0000000000
5584  5.604  -89.982  -21.689 0.0000000000
6254  6.714  -89.526  -20.087 0.0000000000
6265  9.294  -88.955  -21.363 0.0000000000
7064  8.100  -88.746  -19.200 0.0000000000
8680  3.310  -85.558  -14.779 0.0000000000
8714  1.330  -84.814  -15.960 0.0000000000
9565  2.421  -83.965  -15.991 0.0000000000
11349  6.578  -82.633  -18.307 0.0000000000
9583  5.783  -84.754  -18.045 0.0000000000
8729  7.831  -85.463  -16.826 0.0000000000
7869  9.859  -87.319  -17.393 0.0000000000
9578  10.878  -84.928  -16.642 0.0000000000
9598  12.777  -84.586  -17.732 0.0000000000
10451  10.760  -83.829  -16.937 0.0000000000
10375  8.663  -83.874  -12.489 0.0000000000
12196  10.566  -82.624  -15.279 0.0000000000
11244  10.602  -82.345  -12.909 0.0000000000
13038  10.923  -80.845  -13.692 0.0000000000
12120  10.147  -81.959  -11.825 0.0000000000
18530  0.115  -74.821  -7.871 0.0000000000
15736  -0.147  -77.100  -9.596 0.0000000000
18554  0.675  -74.565  -9.348 0.0000000000
27531  2.613  -67.016  -11.110 0.0000000000
20767  5.520  -71.587  -8.844 0.0000000000
21830  4.057  -71.227  -9.342 0.0000000000
19646  4.980  -73.283  -8.526 0.0000000000
17542  3.229  -75.660  -8.148 0.0000000000
17521  5.208  -75.495  -7.404 0.0000000000
14773  5.083  -78.701  -6.750 0.0000000000
16606  6.803  -76.346  -7.127 0.0000000000
17556  11.444  -75.742  -9.277 0.0000000000
15715  9.811  -77.468  -8.257 0.0000000000
14802  11.446  -78.055  -9.737 0.0000000000
13879  10.668  -79.202  -10.213 0.0000000000
15765  11.257  -77.900  -11.900 0.0000000000
16660  9.973  -77.123  -12.787 0.0000000000
16676  12.260  -77.059  -12.526 0.0000000000
19732  14.840  -73.131  -14.289 0.0000000000
18638  12.647  -74.614  -15.539 0.0000000000
19749  13.968  -73.726  -16.332 0.0000000000
20863  12.861  -73.244  -16.849 0.0000000000
21933  14.860  -72.433  -17.340 0.0000000000
28728  13.167  -66.233  -16.943 0.0000000000
26490  13.504  -67.421  -15.161 0.0000000000
26507  14.522  -67.166  -15.798 0.0000000000
26503  18.216  -67.953  -16.463 0.0000000000
25375  17.661  -68.807  -16.276 0.0000000000
24220  17.904  -69.588  -16.967 0.0000000000
24237  16.857  -70.060  -18.076 0.0000000000
25406  17.822  -68.938  -18.780 0.0000000000
26540  16.390  -68.085  -18.995 0.0000000000
26538  18.364  -68.240  -18.982 0.0000000000
29881  22.076  -64.097  -19.132 0.0000000000
28802  20.916  -65.472  -19.994 0.0000000000
30998  21.455  -63.794  -20.540 0.0000000000
32051  21.156  -62.746  -20.981 0.0000000000
33033  21.941  -61.805  -20.741 0.0000000000
37495  23.352  -57.498  -20.939 0.0000000000
39693  23.646  -55.321  -21.571 0.0000000000
679  14.197  -98.443  -38.518 0.0000000000
951  14.108  -98.498  -37.360 0.0000000000
949  16.358  -97.744  -37.723 0.0000000000
1288  18.115  -97.468  -38.284 0.0000000000
1716  12.996  -96.122  -38.921 0.0000000000
1744  12.822  -96.793  -40.350 0.0000000000
2197  14.975  -95.934  -39.760 0.0000000000
1759  20.138  -94.978  -41.888 0.0000000000
1319  18.916  -96.387  -40.595 0.0000000000
1737  20.326  -95.133  -40.996 0.0000000000
1712  20.929  -95.869  -39.749 0.0000000000
2694  21.386  -94.289  -40.621 0.0000000000
4529  22.123  -91.998  -40.742 0.0000000000
3924  21.495  -92.926  -42.332 0.0000000000
5220  19.345  -90.442  -45.853 0.0000000000
6411  15.130  -88.650  -31.115 0.0000000000
5088  16.006  -90.316  -31.460 0.0000000000
5095  13.852  -90.198  -32.764 0.0000000000
3232  11.236  -93.550  -37.046 0.0000000000
3840  13.229  -92.478  -36.058 0.0000000000
3888  12.787  -93.453  -38.404 0.0000000000
3899  13.819  -92.988  -39.372 0.0000000000
3288  12.417  -93.953  -40.397 0.0000000000
5177  6.205  -90.629  -40.961 0.0000000000
3291  6.249  -93.272  -40.487 0.0000000000
5203  11.524  -90.477  -43.305 0.0000000000
3955  9.506  -92.551  -44.078 0.0000000000
3953  11.584  -92.556  -44.265 0.0000000000
2756  12.364  -94.113  -44.376 0.0000000000
4599  12.951  -92.228  -45.134 0.0000000000
5234  14.110  -91.033  -45.996 0.0000000000
5877  13.879  -89.775  -45.353 0.0000000000
16714  2.608  -75.971  -14.336 0.0000000000
14917  3.134  -78.208  -15.895 0.0000000000
14882  1.592  -77.919  -14.065 0.0000000000
16741  -0.075  -77.204  -17.553 0.0000000000
14930  -0.307  -79.206  -17.143 0.0000000000
14944  -0.201  -78.638  -19.218 0.0000000000
12292  -0.301  -81.215  -20.483 0.0000000000
14030  -0.081  -79.357  -21.374 0.0000000000
13984  11.187  -79.228  -18.700 0.0000000000
12284  9.924  -81.189  -20.173 0.0000000000
14004  8.991  -79.553  -19.149 0.0000000000
13131  7.659  -80.262  -19.213 0.0000000000
13133  5.469  -80.353  -19.101 0.0000000000
31003  16.249  -63.703  -20.751 0.0000000000
31005  14.376  -63.630  -20.929 0.0000000000
32076  15.701  -62.431  -21.602 0.0000000000
33087  15.850  -61.158  -22.283 0.0000000000
34111  15.398  -60.327  -22.307 0.0000000000
3164  9.172  -93.884  -32.591 0.0000000000
2592  10.181  -95.000  -33.207 0.0000000000
3162  11.278  -93.909  -32.226 0.0000000000
3160  13.390  -93.598  -32.586 0.0000000000
3816  16.179  -92.556  -33.114 0.0000000000
7978  11.767  -87.364  -24.167 0.0000000000
8014  12.260  -86.070  -26.741 0.0000000000
8864  11.987  -85.704  -25.726 0.0000000000
9733  10.995  -83.999  -28.918 0.0000000000
10625  8.829  -83.790  -30.513 0.0000000000
7966  4.843  -85.257  -25.055 0.0000000000
7998  5.163  -84.875  -26.653 0.0000000000
8000  3.727  -86.422  -26.521 0.0000000000
7158  2.028  -87.062  -27.422 0.0000000000
8045  1.744  -86.089  -29.143 0.0000000000
8064  2.114  -86.507  -31.454 0.0000000000
9744  1.933  -84.605  -30.270 0.0000000000
10640  0.714  -83.154  -31.180 0.0000000000
12435  0.304  -81.503  -32.357 0.0000000000
21908  7.944  -72.289  -16.078 0.0000000000
21893  6.654  -72.317  -15.421 0.0000000000
23042  6.973  -71.344  -16.201 0.0000000000
24196  6.122  -69.951  -15.677 0.0000000000
25368  5.632  -68.335  -15.667 0.0000000000
32056  7.637  -62.661  -19.723 0.0000000000
30991  6.107  -63.415  -19.389 0.0000000000
32040  5.766  -62.304  -19.070 0.0000000000
33018  4.266  -60.785  -18.863 0.0000000000
40937  16.486  -54.532  -25.321 0.0000000000
42058  16.096  -53.564  -25.384 0.0000000000
1218  1.701  -97.146  -30.452 0.0000000000
1172  1.591  -98.087  -27.829 0.0000000000
1558  1.791  -96.524  -27.623 0.0000000000
2013  1.957  -95.998  -26.540 0.0000000000
4297  2.393  -91.721  -20.360 0.0000000000
4938  1.527  -89.990  -21.671 0.0000000000
6299  1.658  -88.574  -23.782 0.0000000000
6297  3.609  -88.156  -23.631 0.0000000000
7102  1.812  -87.498  -22.213 0.0000000000
7091  3.117  -87.204  -21.292 0.0000000000
7927  3.417  -87.203  -19.437 0.0000000000
11297  3.096  -82.841  -14.704 0.0000000000
10444  3.193  -82.993  -16.404 0.0000000000
12218  3.592  -81.481  -16.264 0.0000000000
12216  5.369  -80.620  -16.785 0.0000000000
12226  7.888  -82.038  -17.096 0.0000000000
12225  8.715  -82.500  -16.952 0.0000000000
11294  7.193  -82.691  -14.429 0.0000000000
10377  6.769  -83.644  -12.165 0.0000000000
10330  7.086  -83.385  -9.806 0.0000000000
27556  5.034  -66.443  -12.673 0.0000000000
26420  4.031  -67.405  -11.671 0.0000000000
25319  6.107  -68.172  -11.774 0.0000000000
22997  7.419  -70.058  -9.787 0.0000000000
20765  7.687  -72.024  -8.921 0.0000000000
18524  7.984  -74.915  -7.909 0.0000000000
20763  9.345  -72.604  -9.616 0.0000000000
19667  10.774  -73.903  -10.096 0.0000000000
18578  12.025  -74.493  -10.841 0.0000000000
17585  13.135  -75.654  -12.209 0.0000000000
19703  12.865  -73.500  -12.005 0.0000000000
20821  13.910  -72.594  -12.910 0.0000000000
21904  15.325  -71.487  -14.129 0.0000000000
29865  15.146  -64.391  -18.192 0.0000000000
27640  15.621  -66.247  -16.788 0.0000000000
29838  16.924  -64.785  -17.457 0.0000000000
28746  18.485  -65.538  -16.982 0.0000000000
27637  19.788  -66.373  -17.505 0.0000000000
26535  20.190  -66.895  -18.199 0.0000000000
28744  20.414  -65.408  -17.648 0.0000000000
29833  21.471  -63.898  -17.947 0.0000000000
31997  22.118  -62.225  -18.165 0.0000000000
462  10.972  -99.808  -37.023 0.0000000000
684  9.835  -99.032  -38.313 0.0000000000
696  11.146  -98.860  -38.915 0.0000000000
704  12.679  -98.524  -39.222 0.0000000000
2696  17.506  -94.420  -39.544 0.0000000000
2195  16.632  -95.320  -39.731 0.0000000000
2726  18.820  -94.571  -41.016 0.0000000000
2739  19.395  -94.441  -42.979 0.0000000000
2216  20.147  -94.093  -44.172 0.0000000000
3329  21.053  -93.541  -44.295 0.0000000000
2761  20.015  -93.612  -44.844 0.0000000000
3965  18.504  -92.361  -46.410 0.0000000000
5229  18.152  -90.066  -46.449 0.0000000000
5113  10.909  -90.883  -33.000 0.0000000000
4443  12.168  -91.466  -33.912 0.0000000000
3829  10.466  -92.414  -34.857 0.0000000000
3221  10.007  -93.063  -36.133 0.0000000000
3261  9.786  -94.079  -38.413 0.0000000000
18604  -0.092  -74.557  -12.381 0.0000000000
15800  0.238  -76.951  -13.903 0.0000000000
18635  -0.232  -74.281  -14.362 0.0000000000
17640  0.270  -75.513  -16.897 0.0000000000
9639  14.312  -84.482  -22.230 0.0000000000
11455  13.099  -82.680  -25.395 0.0000000000
11426  12.346  -82.506  -23.611 0.0000000000
11428  10.254  -82.946  -23.945 0.0000000000
10551  8.755  -83.674  -23.848 0.0000000000
11413  8.833  -82.944  -20.923 0.0000000000
10544  7.739  -83.997  -22.016 0.0000000000
9667  6.530  -84.398  -23.580 0.0000000000
8797  4.037  -85.094  -23.171 0.0000000000
9669  2.022  -84.853  -23.250 0.0000000000
9671  0.621  -84.134  -23.400 0.0000000000
25412  11.456  -68.450  -18.386 0.0000000000
25414  9.760  -68.287  -18.245 0.0000000000
26568  11.720  -66.921  -19.203 0.0000000000
27677  10.146  -66.199  -19.821 0.0000000000
28814  9.193  -64.999  -20.645 0.0000000000
31007  12.800  -63.518  -21.247 0.0000000000
29924  10.665  -63.569  -21.402 0.0000000000
31008  9.399  -63.214  -20.951 0.0000000000
33036  8.753  -61.519  -19.841 0.0000000000
34036  8.497  -59.714  -19.227 0.0000000000
37463  8.604  -57.122  -19.801 0.0000000000
7801  5.131  -86.124  -12.802 0.0000000000
8640  3.683  -85.162  -11.020 0.0000000000
9514  3.939  -84.454  -12.737 0.0000000000
10407  1.592  -83.297  -13.182 0.0000000000
12138  0.987  -81.772  -12.713 0.0000000000
13018  1.775  -80.878  -11.582 0.0000000000
28690  6.442  -65.439  -14.199 0.0000000000
27590  7.666  -66.088  -14.735 0.0000000000
27588  10.120  -66.850  -14.183 0.0000000000
26473  10.985  -67.313  -14.224 0.0000000000
27626  10.368  -66.284  -16.134 0.0000000000
28730  10.944  -65.937  -16.907 0.0000000000
29843  12.168  -64.801  -18.200 0.0000000000
30978  12.458  -63.207  -19.002 0.0000000000
29866  13.962  -64.189  -18.376 0.0000000000
30976  14.659  -63.405  -18.653 0.0000000000
32993  16.076  -61.786  -19.376 0.0000000000
2151  7.315  -95.658  -37.747 0.0000000000
1707  8.573  -96.309  -38.417 0.0000000000
1694  9.071  -96.344  -37.509 0.0000000000
1692  11.036  -96.473  -37.625 0.0000000000
2148  13.039  -95.708  -37.234 0.0000000000
2609  12.542  -95.391  -34.240 0.0000000000
2646  14.242  -94.824  -36.469 0.0000000000
2671  15.597  -94.630  -38.205 0.0000000000
3270  18.266  -93.405  -38.918 0.0000000000
4530  17.959  -91.646  -40.498 0.0000000000
4545  16.309  -91.302  -41.403 0.0000000000
5154  3.679  -90.913  -36.878 0.0000000000
3880  4.901  -92.115  -37.993 0.0000000000
5820  4.777  -89.769  -38.664 0.0000000000
5827  6.308  -89.376  -39.838 0.0000000000
37518  20.325  -57.499  -22.473 0.0000000000
37519  19.148  -57.626  -22.786 0.0000000000
39698  20.371  -55.346  -22.657 0.0000000000
39699  19.354  -55.114  -23.022 0.0000000000
5721  10.425  -89.925  -28.850 0.0000000000
5053  12.098  -90.466  -29.273 0.0000000000
5698  12.984  -89.016  -28.331 0.0000000000
6378  15.055  -88.015  -29.233 0.0000000000
6393  13.980  -87.854  -30.620 0.0000000000
8041  12.639  -86.348  -28.947 0.0000000000
6395  11.823  -87.977  -30.574 0.0000000000
5747  11.824  -89.158  -31.532 0.0000000000
5099  9.608  -89.913  -32.695 0.0000000000
5116  8.162  -89.945  -33.706 0.0000000000
5133  5.560  -90.428  -34.639 0.0000000000
11491  10.654  -81.888  -27.491 0.0000000000
10609  8.065  -82.798  -29.263 0.0000000000
10627  6.591  -83.547  -30.605 0.0000000000
8030  4.905  -85.221  -28.434 0.0000000000
8892  5.066  -85.378  -29.860 0.0000000000
8072  5.779  -86.336  -32.202 0.0000000000
6434  5.070  -87.989  -32.143 0.0000000000
5781  4.597  -89.766  -33.183 0.0000000000
4464  3.751  -91.383  -34.700 0.0000000000
5794  3.033  -89.578  -35.661 0.0000000000
7283  4.079  -87.595  -35.681 0.0000000000
8994  4.847  -85.262  -36.115 0.0000000000
8924  2.980  -85.373  -33.045 0.0000000000
14856  6.236  -77.749  -13.785 0.0000000000
16725  5.966  -76.722  -15.562 0.0000000000
16699  4.874  -76.190  -14.214 0.0000000000
17590  3.529  -75.207  -13.892 0.0000000000
17576  2.901  -75.015  -12.351 0.0000000000
20808  4.798  -72.806  -14.342 0.0000000000
20787  3.260  -72.984  -12.772 0.0000000000
19693  1.703  -73.512  -11.690 0.0000000000
21857  -0.019  -72.340  -11.710 0.0000000000
23014  -0.145  -70.392  -12.940 0.0000000000
26526  7.822  -67.941  -18.054 0.0000000000
26511  6.369  -67.728  -17.100 0.0000000000
26496  4.453  -67.084  -15.727 0.0000000000
29872  4.306  -64.796  -18.572 0.0000000000
28735  3.935  -65.736  -16.964 0.0000000000
27592  3.278  -66.699  -14.933 0.0000000000
27594  1.569  -66.456  -14.117 0.0000000000
37520  18.037  -57.745  -22.886 0.0000000000
36365  16.601  -58.656  -22.687 0.0000000000
36367  14.841  -58.496  -22.224 0.0000000000
38672  15.867  -56.872  -24.181 0.0000000000
37524  14.219  -58.146  -22.810 0.0000000000
37499  13.050  -58.393  -21.899 0.0000000000
38612  11.890  -56.987  -20.944 0.0000000000
38628  10.395  -56.779  -21.303 0.0000000000
688  5.624  -98.589  -37.116 0.0000000000
1291  5.180  -97.388  -37.775 0.0000000000
1251  3.967  -97.655  -34.385 0.0000000000
1276  3.302  -97.367  -36.271 0.0000000000
2154  4.410  -95.429  -38.238 0.0000000000
2649  5.292  -94.636  -36.948 0.0000000000
2615  5.384  -94.336  -35.086 0.0000000000
3204  5.920  -93.839  -34.321 0.0000000000
3172  1.905  -94.084  -32.692 0.0000000000
3169  3.864  -93.123  -33.007 0.0000000000
3166  7.091  -93.192  -32.989 0.0000000000
3807  7.582  -92.952  -32.222 0.0000000000
4430  7.584  -92.683  -30.775 0.0000000000
5080  7.825  -92.359  -29.379 0.0000000000
2502  2.321  -94.202  -25.433 0.0000000000
3697  3.112  -93.090  -23.282 0.0000000000
3739  1.913  -92.698  -25.704 0.0000000000
3749  1.662  -92.093  -27.122 0.0000000000
5063  3.623  -90.796  -29.247 0.0000000000
5726  5.962  -91.742  -28.204 0.0000000000
5723  8.898  -91.348  -28.190 0.0000000000
5680  8.860  -90.893  -26.966 0.0000000000
5657  9.466  -90.468  -26.164 0.0000000000
4999  9.561  -90.132  -24.797 0.0000000000
5612  5.348  -90.300  -23.206 0.0000000000
4948  7.621  -90.631  -22.762 0.0000000000
6295  9.721  -89.184  -23.207 0.0000000000
7116  10.348  -88.746  -22.896 0.0000000000
7097  11.150  -88.400  -21.869 0.0000000000
7933  11.962  -87.513  -21.044 0.0000000000
7858  0.689  -86.311  -16.604 0.0000000000
8774  1.677  -85.984  -18.660 0.0000000000
7047  3.820  -86.859  -18.084 0.0000000000
10475  3.912  -83.125  -18.236 0.0000000000
7874  4.687  -85.916  -17.476 0.0000000000
7044  6.569  -88.266  -18.152 0.0000000000
7024  8.644  -87.978  -18.068 0.0000000000
7910  11.378  -87.632  -19.482 0.0000000000
8783  12.695  -86.674  -20.710 0.0000000000
9634  13.865  -84.852  -20.033 0.0000000000
10467  14.016  -83.157  -19.016 0.0000000000
12238  13.760  -81.453  -19.030 0.0000000000
12223  10.804  -82.876  -16.645 0.0000000000
12209  12.429  -81.650  -16.713 0.0000000000
13982  12.418  -79.793  -17.862 0.0000000000
14908  11.348  -78.853  -16.718 0.0000000000
13947  9.789  -78.851  -15.275 0.0000000000
13935  8.405  -79.088  -14.363 0.0000000000
14826  0.862  -78.713  -10.484 0.0000000000
14824  2.320  -78.835  -10.237 0.0000000000
22981  1.256  -70.153  -8.868 0.0000000000
24155  3.597  -69.049  -10.798 0.0000000000
21832  2.179  -70.865  -9.764 0.0000000000
20747  1.764  -72.480  -9.288 0.0000000000
17543  2.475  -75.640  -8.950 0.0000000000
15734  3.002  -77.800  -8.984 0.0000000000
12993  3.319  -80.725  -9.415 0.0000000000
12974  4.542  -80.666  -7.783 0.0000000000
12064  6.296  -81.258  -7.217 0.0000000000
12081  7.673  -81.888  -8.090 0.0000000000
15717  8.040  -77.558  -7.278 0.0000000000
13850  9.039  -79.491  -7.761 0.0000000000
12080  8.702  -81.391  -8.728 0.0000000000
13004  9.839  -80.385  -11.150 0.0000000000
13017  9.730  -79.558  -12.208 0.0000000000
13894  7.688  -78.449  -12.964 0.0000000000
16643  8.130  -77.147  -12.838 0.0000000000
17570  8.472  -76.109  -13.256 0.0000000000
17608  9.071  -75.417  -14.149 0.0000000000
17622  12.469  -75.597  -14.407 0.0000000000
18631  10.612  -74.750  -15.126 0.0000000000
19735  9.736  -73.860  -15.504 0.0000000000
20851  9.708  -72.790  -16.205 0.0000000000
21936  10.734  -72.083  -17.392 0.0000000000
23083  11.968  -71.032  -18.035 0.0000000000
25345  13.163  -68.396  -13.965 0.0000000000
24191  14.709  -69.590  -14.010 0.0000000000
23056  15.914  -70.428  -14.768 0.0000000000
26505  16.272  -67.577  -15.935 0.0000000000
25361  16.407  -69.171  -15.367 0.0000000000
21920  16.317  -71.567  -15.541 0.0000000000
21948  15.179  -71.645  -17.771 0.0000000000
23081  14.417  -70.812  -17.984 0.0000000000
25393  13.011  -69.256  -18.058 0.0000000000
26542  14.323  -67.895  -18.674 0.0000000000
26565  14.923  -67.182  -19.051 0.0000000000
28791  16.196  -65.857  -19.826 0.0000000000
27668  19.547  -66.877  -19.546 0.0000000000
28804  18.922  -65.437  -20.459 0.0000000000
29896  17.531  -64.568  -20.653 0.0000000000
31024  18.658  -63.235  -21.157 0.0000000000
33054  20.366  -61.388  -21.870 0.0000000000
35182  21.133  -59.752  -21.814 0.0000000000
34028  18.821  -60.089  -19.437 0.0000000000
34014  19.855  -60.675  -19.007 0.0000000000
32988  21.458  -61.253  -18.348 0.0000000000
32986  22.900  -60.905  -18.759 0.0000000000
35110  23.009  -58.710  -18.841 0.0000000000
34027  23.436  -60.266  -19.561 0.0000000000
35157  22.856  -60.053  -20.795 0.0000000000
36345  22.446  -58.725  -21.423 0.0000000000
36346  21.582  -58.774  -21.787 0.0000000000
38635  22.028  -56.417  -22.317 0.0000000000
40902  23.015  -54.547  -22.497 0.0000000000
460  12.532  -99.722  -36.663 0.0000000000
668  14.260  -98.853  -36.004 0.0000000000
1746  10.696  -96.952  -40.026 0.0000000000
1005  12.454  -98.028  -40.324 0.0000000000
980  14.994  -98.111  -39.454 0.0000000000
1754  16.714  -96.164  -39.661 0.0000000000
1307  17.368  -97.265  -39.891 0.0000000000
977  17.659  -97.875  -39.722 0.0000000000
1701  19.607  -96.405  -38.398 0.0000000000
2144  20.982  -94.996  -37.887 0.0000000000
5201  21.319  -90.944  -43.572 0.0000000000
4406  14.446  -91.318  -30.587 0.0000000000
4421  16.373  -91.026  -32.078 0.0000000000
4441  16.647  -91.498  -33.778 0.0000000000
4454  13.435  -91.588  -34.754 0.0000000000
4470  14.962  -91.535  -35.825 0.0000000000
4483  16.426  -91.452  -36.726 0.0000000000
4507  15.765  -91.761  -38.658 0.0000000000
4533  15.300  -91.826  -40.535 0.0000000000
3927  14.619  -92.626  -42.515 0.0000000000
3264  6.388  -93.314  -38.493 0.0000000000
2688  7.303  -94.042  -40.113 0.0000000000
2702  8.832  -94.415  -40.681 0.0000000000
3941  7.928  -92.676  -43.401 0.0000000000
2734  8.927  -94.313  -42.636 0.0000000000
2715  11.243  -94.804  -41.555 0.0000000000
2730  12.612  -94.551  -42.698 0.0000000000
2741  14.107  -94.038  -43.368 0.0000000000
3334  15.325  -93.524  -44.311 0.0000000000
3352  14.957  -93.240  -46.129 0.0000000000
5232  15.887  -90.426  -45.918 0.0000000000
14914  5.465  -77.604  -16.936 0.0000000000
13976  3.855  -79.068  -17.290 0.0000000000
13114  2.469  -81.147  -18.374 0.0000000000
14903  0.095  -78.965  -15.513 0.0000000000
13101  1.457  -80.928  -17.218 0.0000000000
12268  1.795  -82.160  -18.892 0.0000000000
10497  0.205  -82.831  -20.110 0.0000000000
11421  -0.260  -82.527  -22.377 0.0000000000
11429  -0.117  -82.637  -23.640 0.0000000000
14987  -0.265  -78.243  -22.988 0.0000000000
13188  -0.293  -80.310  -24.579 0.0000000000
12353  -0.518  -81.365  -26.499 0.0000000000
12370  -1.086  -80.919  -28.860 0.0000000000
14897  8.322  -78.281  -15.394 0.0000000000
34108  18.414  -60.324  -22.531 0.0000000000
4409  10.966  -91.795  -30.246 0.0000000000
5076  11.554  -91.189  -29.754 0.0000000000
8805  12.409  -85.682  -23.599 0.0000000000
9682  12.277  -85.025  -24.341 0.0000000000
9681  13.107  -84.458  -24.261 0.0000000000
9705  0.373  -84.085  -25.391 0.0000000000
8855  0.715  -84.784  -25.562 0.0000000000
9720  -0.004  -83.874  -26.367 0.0000000000
9729  -0.048  -83.602  -27.440 0.0000000000
10596  -0.255  -83.016  -26.591 0.0000000000
24243  9.847  -69.852  -18.168 0.0000000000
24244  9.182  -69.699  -17.945 0.0000000000
5549  1.633  -89.655  -17.350 0.0000000000
6203  1.034  -88.919  -16.759 0.0000000000
6217  0.729  -88.355  -18.131 0.0000000000
6190  0.849  -88.083  -16.479 0.0000000000
12135  3.023  -81.148  -12.421 0.0000000000
12155  3.339  -80.782  -13.288 0.0000000000
12123  3.121  -81.459  -11.424 0.0000000000
12134  4.160  -81.784  -12.013 0.0000000000
12122  3.625  -81.899  -11.081 0.0000000000
26458  9.777  -67.156  -12.904 0.0000000000
25316  9.020  -68.123  -11.523 0.0000000000
25315  10.161  -68.149  -11.847 0.0000000000
23007  10.924  -69.912  -11.469 0.0000000000
24163  10.936  -69.098  -11.900 0.0000000000
24176  11.672  -69.136  -12.436 0.0000000000
25331  11.632  -68.214  -12.932 0.0000000000
32013  18.844  -62.607  -18.131 0.0000000000
1724  6.278  -96.898  -38.828 0.0000000000
987  7.765  -97.893  -39.057 0.0000000000
1736  7.819  -97.126  -39.052 0.0000000000
4569  16.992  -91.217  -43.570 0.0000000000
4584  17.779  -91.697  -43.842 0.0000000000
3949  17.618  -92.198  -44.380 0.0000000000
3343  16.757  -93.443  -45.025 0.0000000000
3333  16.220  -93.380  -44.672 0.0000000000
4476  5.914  -91.401  -35.681 0.0000000000
3847  6.674  -91.815  -36.029 0.0000000000
3848  5.744  -91.937  -36.258 0.0000000000
11387  12.424  -81.670  -21.141 0.0000000000
12282  12.042  -81.169  -20.666 0.0000000000
12289  5.120  -81.765  -20.004 0.0000000000
11393  6.065  -82.194  -20.465 0.0000000000
11395  4.100  -82.608  -20.484 0.0000000000
10515  3.796  -83.216  -20.885 0.0000000000
11396  3.203  -82.631  -20.397 0.0000000000
28808  14.865  -64.930  -19.930 0.0000000000
28809  13.905  -65.000  -20.198 0.0000000000
34086  13.273  -60.389  -21.849 0.0000000000
33062  12.601  -61.237  -21.857 0.0000000000
34087  12.237  -60.371  -21.485 0.0000000000
35186  11.984  -59.450  -20.975 0.0000000000
35185  12.757  -59.560  -21.523 0.0000000000
30959  9.256  -63.203  -17.371 0.0000000000
2612  8.491  -94.974  -34.037 0.0000000000
2101  9.144  -95.753  -34.101 0.0000000000
2086  9.570  -95.215  -33.547 0.0000000000
3199  16.318  -92.982  -34.197 0.0000000000
3217  16.616  -93.091  -35.117 0.0000000000
3856  17.630  -92.425  -36.608 0.0000000000
4467  17.338  -91.893  -36.060 0.0000000000
8143  5.561  -86.452  -37.343 0.0000000000
8142  5.906  -86.482  -37.892 0.0000000000
43126  23.141  -52.700  -22.999 0.0000000000
43127  22.107  -52.743  -22.947 0.0000000000
6319  11.197  -89.119  -25.516 0.0000000000
6333  11.722  -89.005  -25.958 0.0000000000
7144  12.445  -87.818  -25.645 0.0000000000
8900  8.336  -85.384  -31.159 0.0000000000
8051  9.098  -86.136  -30.772 0.0000000000
8908  8.118  -85.818  -31.539 0.0000000000
7218  7.928  -86.897  -32.300 0.0000000000
8070  7.408  -86.488  -32.322 0.0000000000
9703  7.639  -83.993  -25.792 0.0000000000
9719  7.220  -83.881  -26.687 0.0000000000
8865  6.825  -84.368  -26.189 0.0000000000
6382  1.938  -88.222  -30.207 0.0000000000
6381  2.561  -88.489  -29.802 0.0000000000
6401  2.300  -88.976  -30.688 0.0000000000
5752  2.601  -89.478  -31.462 0.0000000000
6422  1.944  -88.661  -31.690 0.0000000000
7233  2.262  -87.914  -32.561 0.0000000000
7220  1.918  -87.543  -31.541 0.0000000000
18619  7.734  -74.681  -14.142 0.0000000000
18600  6.098  -74.423  -13.870 0.0000000000
20806  6.661  -73.537  -14.596 0.0000000000
24198  4.089  -69.417  -14.524 0.0000000000
24179  3.407  -69.803  -13.926 0.0000000000
25332  3.047  -68.964  -13.929 0.0000000000
25333  2.229  -68.731  -13.534 0.0000000000
25352  2.799  -68.048  -14.014 0.0000000000
28815  8.053  -65.152  -20.331 0.0000000000
27680  7.483  -66.069  -19.902 0.0000000000
29883  7.177  -64.735  -19.960 0.0000000000
40912  17.668  -54.508  -24.140 0.0000000000
39709  17.433  -55.422  -23.855 0.0000000000
40913  17.322  -55.006  -24.244 0.0000000000
38675  12.653  -56.442  -24.780 0.0000000000
37568  12.990  -57.417  -24.965 0.0000000000
37569  12.049  -57.297  -24.761 0.0000000000
36391  11.659  -58.687  -24.059 0.0000000000
37570  11.252  -57.232  -24.631 0.0000000000
893  2.458  -98.264  -30.610 0.0000000000
892  3.020  -98.272  -30.534 0.0000000000
905  2.267  -98.171  -31.168 0.0000000000
1233  1.911  -97.286  -32.957 0.0000000000
1633  1.607  -96.306  -33.794 0.0000000000
1621  1.528  -96.599  -32.713 0.0000000000
2550  1.714  -94.059  -28.600 0.0000000000
3152  1.991  -93.067  -30.236 0.0000000000
3143  1.880  -92.800  -29.214 0.0000000000
3779  2.254  -92.174  -30.124 0.0000000000
3767  1.978  -92.008  -29.399 0.0000000000
6312  1.724  -89.021  -24.945 0.0000000000
5645  1.760  -89.587  -25.730 0.0000000000
5644  2.463  -89.149  -26.002 0.0000000000
5662  3.950  -89.541  -26.572 0.0000000000
5643  3.295  -89.130  -25.915 0.0000000000
5642  4.142  -89.530  -25.470 0.0000000000
7077  5.337  -88.535  -19.767 0.0000000000
6255  5.497  -89.016  -20.358 0.0000000000
6244  6.464  -89.000  -19.524 0.0000000000
6243  7.392  -89.020  -19.477 0.0000000000
6228  6.973  -88.813  -19.111 0.0000000000
8679  4.287  -85.262  -14.408 0.0000000000
8696  2.725  -85.028  -15.312 0.0000000000
9557  3.043  -84.260  -15.568 0.0000000000
11347  7.925  -82.919  -18.012 0.0000000000
9601  7.350  -84.209  -18.044 0.0000000000
9580  8.446  -84.701  -17.095 0.0000000000
8728  8.831  -85.425  -16.636 0.0000000000
9579  9.570  -84.572  -16.887 0.0000000000
10452  9.580  -83.636  -17.233 0.0000000000
10339  8.914  -83.457  -11.251 0.0000000000
10374  9.699  -83.661  -12.709 0.0000000000
11221  9.312  -83.068  -11.118 0.0000000000
12109  9.652  -82.378  -11.285 0.0000000000
19608  -0.140  -73.678  -7.075 0.0000000000
19624  0.058  -73.529  -8.278 0.0000000000
18555  0.147  -74.675  -8.842 0.0000000000
19651  0.389  -73.807  -8.971 0.0000000000
28662  3.411  -65.759  -11.527 0.0000000000
19644  6.716  -73.076  -8.205 0.0000000000
20743  5.874  -72.500  -8.532 0.0000000000
18549  5.331  -73.987  -8.068 0.0000000000
18527  4.794  -74.781  -7.880 0.0000000000
18526  5.815  -74.737  -7.811 0.0000000000
16607  5.732  -76.213  -6.915 0.0000000000
17520  6.314  -75.467  -7.407 0.0000000000
16659  12.326  -76.290  -10.377 0.0000000000
16624  11.720  -76.972  -9.313 0.0000000000
15746  11.980  -77.326  -9.997 0.0000000000
14817  11.730  -77.906  -10.319 0.0000000000
15764  12.168  -77.359  -10.979 0.0000000000
15783  11.744  -77.521  -12.186 0.0000000000
15782  12.380  -77.218  -11.805 0.0000000000
19739  15.080  -73.092  -14.762 0.0000000000
19740  14.510  -73.763  -15.303 0.0000000000
20847  14.863  -73.432  -15.898 0.0000000000
20862  14.593  -73.278  -16.727 0.0000000000
20861  15.605  -72.631  -16.368 0.0000000000
27623  13.830  -66.769  -16.371 0.0000000000
28727  14.179  -66.236  -17.043 0.0000000000
25391  18.931  -68.450  -17.294 0.0000000000
25374  18.290  -68.826  -16.777 0.0000000000
24235  18.338  -69.261  -17.634 0.0000000000
24252  18.068  -69.423  -18.263 0.0000000000
25405  18.723  -68.820  -18.305 0.0000000000
26537  19.216  -68.062  -18.665 0.0000000000
32032  22.554  -62.938  -19.440 0.0000000000
30997  22.165  -63.758  -19.930 0.0000000000
32050  22.105  -62.808  -20.310 0.0000000000
33032  22.757  -61.647  -19.914 0.0000000000
678  15.105  -98.382  -38.909 0.0000000000
958  14.691  -98.273  -38.176 0.0000000000
957  15.946  -98.157  -38.631 0.0000000000
948  17.010  -97.550  -37.729 0.0000000000
956  17.393  -97.871  -38.345 0.0000000000
2180  13.805  -95.650  -38.788 0.0000000000
1715  13.832  -95.864  -39.309 0.0000000000
2190  15.059  -95.672  -39.577 0.0000000000
2199  20.341  -94.827  -42.543 0.0000000000
1750  20.108  -94.958  -41.599 0.0000000000
2198  20.846  -94.784  -42.263 0.0000000000
2193  20.860  -94.951  -41.096 0.0000000000
2710  21.266  -94.359  -41.814 0.0000000000
3296  21.526  -93.412  -41.556 0.0000000000
3308  21.458  -93.804  -42.592 0.0000000000
5745  13.892  -88.915  -31.771 0.0000000000
5759  14.338  -89.494  -32.258 0.0000000000
3244  11.444  -93.745  -37.924 0.0000000000
3243  12.236  -93.600  -38.124 0.0000000000
3258  12.342  -93.766  -38.796 0.0000000000
3273  12.637  -93.696  -39.446 0.0000000000
3274  11.651  -94.216  -39.424 0.0000000000
5845  6.994  -90.055  -41.498 0.0000000000
4548  6.615  -91.559  -41.982 0.0000000000
4588  11.163  -91.887  -43.980 0.0000000000
4571  12.258  -91.199  -43.915 0.0000000000
3952  12.459  -92.643  -44.759 0.0000000000
5214  12.827  -90.680  -44.268 0.0000000000
5213  13.341  -90.588  -44.818 0.0000000000
5866  13.030  -89.860  -44.097 0.0000000000
16701  1.689  -76.371  -13.297 0.0000000000
14881  2.258  -77.582  -14.328 0.0000000000
15798  1.561  -77.067  -13.668 0.0000000000
15845  -0.000  -77.243  -18.669 0.0000000000
15846  -0.201  -77.997  -18.446 0.0000000000
14943  -0.003  -77.925  -19.630 0.0000000000
14018  -0.340  -79.709  -20.011 0.0000000000
14933  10.201  -78.544  -18.246 0.0000000000
14003  9.942  -79.543  -19.331 0.0000000000
13986  9.534  -78.952  -18.781 0.0000000000
13988  7.128  -79.073  -18.290 0.0000000000
14006  7.359  -79.770  -18.847 0.0000000000
13110  6.351  -79.580  -18.459 0.0000000000
13111  5.688  -79.824  -18.507 0.0000000000
31026  16.921  -62.985  -20.979 0.0000000000
31027  15.971  -63.011  -21.116 0.0000000000
32075  16.624  -62.401  -21.513 0.0000000000
34109  17.448  -60.315  -22.544 0.0000000000
33086  16.864  -61.100  -22.324 0.0000000000
34110  16.447  -60.322  -22.486 0.0000000000
35204  16.057  -59.462  -22.475 0.0000000000
3805  9.635  -93.288  -31.882 0.0000000000
3163  10.213  -93.933  -32.251 0.0000000000
3804  10.660  -93.208  -31.875 0.0000000000
3785  13.335  -92.372  -31.301 0.0000000000
3802  12.771  -92.977  -31.979 0.0000000000
3801  13.858  -92.844  -32.099 0.0000000000
3159  14.413  -93.297  -32.821 0.0000000000
3800  14.898  -92.615  -32.257 0.0000000000
7977  12.090  -87.021  -24.895 0.0000000000
8847  11.821  -86.095  -24.731 0.0000000000
10601  11.608  -83.392  -27.782 0.0000000000
9725  11.424  -84.172  -27.753 0.0000000000
10616  10.361  -83.118  -29.278 0.0000000000
9740  10.287  -83.910  -29.590 0.0000000000
8833  3.995  -85.538  -24.544 0.0000000000
7981  4.239  -86.142  -25.777 0.0000000000
7969  3.042  -86.081  -25.281 0.0000000000
8021  1.371  -85.710  -27.085 0.0000000000
8020  1.692  -86.475  -27.327 0.0000000000
8033  1.557  -86.503  -28.330 0.0000000000
8894  2.028  -85.309  -29.788 0.0000000000
8895  1.416  -85.066  -29.121 0.0000000000
10621  0.228  -83.030  -29.515 0.0000000000
10629  0.646  -83.299  -30.491 0.0000000000
11521  -0.309  -82.474  -30.493 0.0000000000
11541  0.267  -82.492  -31.479 0.0000000000
12389  -0.450  -82.081  -31.197 0.0000000000
23040  8.174  -71.890  -16.305 0.0000000000
23041  7.729  -71.601  -16.317 0.0000000000
23059  7.843  -71.142  -16.531 0.0000000000
25366  7.399  -69.562  -16.747 0.0000000000
24213  6.816  -69.781  -16.254 0.0000000000
24214  6.453  -69.475  -15.884 0.0000000000
25349  5.815  -69.199  -15.446 0.0000000000
25367  6.688  -68.885  -15.975 0.0000000000
32038  7.648  -61.888  -19.484 0.0000000000
32039  7.076  -62.453  -19.495 0.0000000000
33016  6.321  -61.265  -18.981 0.0000000000
34040  4.759  -59.994  -19.081 0.0000000000
43159  16.783  -52.685  -25.197 0.0000000000
40929  13.562  -54.281  -24.757 0.0000000000
871  1.745  -98.668  -28.839 0.0000000000
1156  2.130  -97.770  -25.977 0.0000000000
1522  2.153  -96.819  -25.554 0.0000000000
4923  2.228  -91.150  -19.326 0.0000000000
5570  1.332  -89.295  -19.765 0.0000000000
4929  1.680  -90.009  -20.593 0.0000000000
5595  1.282  -89.432  -22.370 0.0000000000
5596  1.228  -88.895  -22.232 0.0000000000
7119  1.375  -87.981  -22.802 0.0000000000
6281  1.274  -88.453  -22.091 0.0000000000
7068  0.996  -87.304  -19.446 0.0000000000
7093  1.605  -87.383  -21.244 0.0000000000
7937  1.659  -86.989  -20.463 0.0000000000
7080  3.487  -87.297  -20.581 0.0000000000
7929  2.010  -86.728  -19.934 0.0000000000
11298  2.273  -82.289  -14.614 0.0000000000
11315  2.838  -82.096  -15.164 0.0000000000
12203  3.118  -81.256  -15.564 0.0000000000
13067  5.184  -80.570  -14.336 0.0000000000
13088  5.538  -80.523  -15.947 0.0000000000
13087  6.154  -80.731  -15.457 0.0000000000
12215  6.604  -80.961  -16.232 0.0000000000
12200  6.518  -81.402  -15.076 0.0000000000
12199  7.355  -82.166  -15.323 0.0000000000
12182  6.340  -82.012  -14.054 0.0000000000
11235  5.421  -82.921  -11.092 0.0000000000
11246  5.938  -83.167  -12.012 0.0000000000
10356  6.325  -83.547  -11.186 0.0000000000
10355  7.470  -83.834  -11.369 0.0000000000
10342  6.348  -83.480  -10.187 0.0000000000
27555  6.175  -66.577  -13.162 0.0000000000
26440  5.773  -67.458  -12.256 0.0000000000
25318  6.814  -68.090  -11.852 0.0000000000
24151  7.528  -69.322  -10.757 0.0000000000
21854  7.823  -70.678  -9.389 0.0000000000
21827  7.378  -71.027  -9.171 0.0000000000
21826  8.115  -71.579  -9.209 0.0000000000
19670  8.365  -72.572  -8.961 0.0000000000
20785  8.963  -71.774  -9.579 0.0000000000
20805  11.258  -71.921  -11.055 0.0000000000
20783  10.580  -71.961  -10.642 0.0000000000
20782  11.355  -72.580  -11.115 0.0000000000
18579  11.283  -74.236  -10.259 0.0000000000
19686  12.159  -73.450  -11.429 0.0000000000
20803  12.720  -72.669  -11.962 0.0000000000
23021  13.218  -70.348  -12.731 0.0000000000
21890  13.316  -71.192  -12.527 0.0000000000
21906  13.752  -70.904  -12.968 0.0000000000
21905  14.511  -71.314  -13.441 0.0000000000
29864  16.291  -64.252  -18.036 0.0000000000
29839  15.889  -65.046  -17.677 0.0000000000
30957  18.420  -64.016  -17.625 0.0000000000
29837  17.956  -64.709  -17.195 0.0000000000
27638  18.958  -66.529  -16.974 0.0000000000
28745  19.414  -65.532  -17.318 0.0000000000
29835  19.868  -64.564  -17.454 0.0000000000
31999  20.580  -62.729  -17.933 0.0000000000
30954  21.041  -63.386  -17.769 0.0000000000
30953  21.589  -63.193  -17.929 0.0000000000
31998  21.478  -62.600  -17.956 0.0000000000
473  8.291  -99.145  -37.205 0.0000000000
472  9.320  -99.377  -37.528 0.0000000000
685  8.811  -98.864  -38.051 0.0000000000
708  9.725  -98.570  -39.246 0.0000000000
697  10.330  -98.826  -38.926 0.0000000000
706  10.877  -98.528  -39.363 0.0000000000
705  11.700  -98.629  -39.311 0.0000000000
710  11.406  -98.384  -39.678 0.0000000000
2695  18.148  -94.028  -40.030 0.0000000000
2712  17.606  -94.777  -40.039 0.0000000000
2711  18.525  -94.212  -40.593 0.0000000000
2750  18.954  -93.678  -44.081 0.0000000000
2740  19.225  -93.932  -42.768 0.0000000000
2749  19.424  -94.210  -43.294 0.0000000000
2217  19.557  -94.028  -43.899 0.0000000000
2222  19.884  -93.728  -44.981 0.0000000000
2223  19.382  -93.773  -44.720 0.0000000000
3349  17.696  -93.492  -46.891 0.0000000000
3348  18.541  -93.574  -46.839 0.0000000000
3975  17.777  -92.512  -46.716 0.0000000000
4605  18.168  -91.080  -46.415 0.0000000000
4606  17.321  -91.265  -46.450 0.0000000000
4445  10.146  -91.339  -33.489 0.0000000000
4444  11.158  -91.509  -33.592 0.0000000000
3235  8.028  -92.828  -36.812 0.0000000000
3861  9.112  -92.688  -36.131 0.0000000000
3234  9.147  -93.065  -36.547 0.0000000000
3246  9.441  -93.609  -37.562 0.0000000000
3262  8.645  -93.870  -38.486 0.0000000000
19724  -0.307  -73.582  -12.727 0.0000000000
18620  -0.267  -74.399  -13.407 0.0000000000
19737  -0.365  -73.398  -13.725 0.0000000000
19750  0.238  -73.438  -16.262 0.0000000000
18643  0.193  -73.834  -15.858 0.0000000000
17643  0.295  -75.500  -17.741 0.0000000000
18658  0.286  -74.470  -17.456 0.0000000000
10526  14.533  -83.350  -21.976 0.0000000000
11417  14.011  -82.760  -22.888 0.0000000000
11418  13.104  -82.343  -22.761 0.0000000000
11420  11.071  -82.733  -22.324 0.0000000000
11427  11.049  -82.803  -23.473 0.0000000000
10550  9.792  -83.244  -23.298 0.0000000000
10563  9.627  -83.147  -24.315 0.0000000000
12285  8.771  -81.488  -20.113 0.0000000000
11390  9.338  -82.140  -20.561 0.0000000000
11391  8.301  -82.255  -20.500 0.0000000000
10531  6.335  -83.590  -21.471 0.0000000000
10530  7.325  -83.598  -21.433 0.0000000000
9640  6.832  -83.974  -22.080 0.0000000000
9652  7.308  -83.965  -22.896 0.0000000000
9653  6.260  -84.239  -22.790 0.0000000000
8795  5.774  -84.831  -23.339 0.0000000000
9654  5.396  -84.541  -22.661 0.0000000000
9645  2.098  -84.338  -21.970 0.0000000000
9657  2.580  -84.706  -22.755 0.0000000000
9658  1.664  -84.532  -22.647 0.0000000000
9670  1.264  -84.677  -23.395 0.0000000000
9659  0.853  -84.307  -22.603 0.0000000000
26544  12.132  -67.743  -18.751 0.0000000000
28811  11.884  -65.114  -20.465 0.0000000000
27676  11.368  -66.010  -19.896 0.0000000000
27690  10.599  -65.568  -20.339 0.0000000000
27691  9.670  -65.653  -20.321 0.0000000000
28813  10.178  -64.974  -20.755 0.0000000000
31029  14.226  -63.012  -21.470 0.0000000000
31006  13.506  -63.615  -21.123 0.0000000000
31030  13.360  -62.919  -21.560 0.0000000000
32081  11.057  -62.123  -21.666 0.0000000000
31032  11.339  -62.908  -21.570 0.0000000000
31033  10.563  -62.846  -21.502 0.0000000000
29925  10.053  -63.347  -21.395 0.0000000000
32083  9.708  -62.290  -20.998 0.0000000000
32054  9.026  -62.370  -20.395 0.0000000000
33035  9.615  -61.445  -20.434 0.0000000000
35160  10.414  -59.489  -20.031 0.0000000000
35161  9.732  -59.665  -19.761 0.0000000000
35134  9.862  -58.782  -19.686 0.0000000000
36314  8.242  -57.998  -19.123 0.0000000000
36313  9.213  -57.986  -19.576 0.0000000000
6967  4.512  -86.897  -12.883 0.0000000000
7786  4.807  -86.805  -11.678 0.0000000000
9487  2.216  -84.746  -10.551 0.0000000000
8628  3.021  -85.053  -9.703 0.0000000000
9496  2.715  -84.694  -11.491 0.0000000000
9495  3.759  -84.837  -11.909 0.0000000000
9515  2.937  -84.137  -12.700 0.0000000000
9516  1.848  -84.244  -12.283 0.0000000000
12114  0.578  -81.645  -10.964 0.0000000000
11250  0.680  -82.615  -12.291 0.0000000000
12125  0.742  -81.766  -11.767 0.0000000000
13031  1.455  -81.313  -12.347 0.0000000000
13019  1.191  -80.756  -11.480 0.0000000000
28691  5.892  -65.051  -13.799 0.0000000000
29800  6.402  -64.657  -14.096 0.0000000000
28734  7.871  -65.095  -16.108 0.0000000000
28700  7.090  -65.536  -15.207 0.0000000000
27608  8.371  -66.109  -15.396 0.0000000000
27589  8.841  -66.477  -14.483 0.0000000000
27607  9.532  -66.399  -15.403 0.0000000000
27627  9.490  -66.087  -16.333 0.0000000000
29845  9.769  -64.299  -18.053 0.0000000000
28754  10.381  -65.330  -17.672 0.0000000000
29844  10.997  -64.703  -18.353 0.0000000000
28753  11.527  -65.400  -17.594 0.0000000000
32019  12.130  -62.314  -19.329 0.0000000000
30977  13.539  -63.312  -18.782 0.0000000000
32017  14.169  -62.578  -19.072 0.0000000000
32994  15.215  -61.710  -19.500 0.0000000000
2135  7.541  -95.582  -36.548 0.0000000000
1695  8.162  -96.070  -37.847 0.0000000000
2150  8.247  -95.984  -37.019 0.0000000000
2114  10.550  -96.619  -35.217 0.0000000000
1656  10.633  -96.702  -36.171 0.0000000000
1655  11.146  -96.561  -36.466 0.0000000000
1690  12.313  -96.112  -37.579 0.0000000000
2132  12.473  -95.911  -36.616 0.0000000000
2590  12.666  -94.873  -33.563 0.0000000000
2591  11.433  -95.484  -33.485 0.0000000000
3230  15.588  -93.996  -36.179 0.0000000000
2647  13.711  -94.954  -35.827 0.0000000000
2645  15.229  -94.353  -36.728 0.0000000000
2660  14.834  -94.737  -37.534 0.0000000000
2659  15.793  -94.340  -37.439 0.0000000000
2669  17.120  -93.960  -38.399 0.0000000000
3256  17.183  -93.647  -37.664 0.0000000000
4505  17.508  -91.657  -38.373 0.0000000000
4516  18.139  -91.974  -39.150 0.0000000000
4544  17.305  -91.250  -41.511 0.0000000000
4531  16.886  -91.280  -40.462 0.0000000000
5814  3.724  -90.453  -36.932 0.0000000000
5153  3.915  -90.774  -37.366 0.0000000000
6515  4.692  -89.145  -38.037 0.0000000000
6547  5.753  -89.052  -39.052 0.0000000000
6559  7.216  -88.657  -40.220 0.0000000000
38636  20.895  -56.423  -22.432 0.0000000000
42026  20.548  -53.487  -22.681 0.0000000000
40905  19.933  -54.304  -22.674 0.0000000000
42027  19.543  -53.330  -22.929 0.0000000000
40906  19.024  -54.093  -23.104 0.0000000000
5700  11.008  -89.510  -28.180 0.0000000000
5720  11.499  -89.784  -28.889 0.0000000000
5699  11.995  -89.261  -28.287 0.0000000000
7153  14.464  -87.376  -28.027 0.0000000000
6364  14.119  -88.285  -27.950 0.0000000000
7180  14.629  -87.177  -29.287 0.0000000000
7199  14.352  -87.483  -29.933 0.0000000000
7200  13.450  -87.384  -30.073 0.0000000000
8029  11.977  -85.744  -27.687 0.0000000000
8013  12.662  -86.174  -27.131 0.0000000000
6397  9.932  -87.730  -31.089 0.0000000000
7202  11.235  -87.286  -30.145 0.0000000000
6396  10.752  -87.806  -30.798 0.0000000000
6415  11.317  -88.490  -31.162 0.0000000000
5748  10.800  -89.035  -31.636 0.0000000000
5763  10.195  -89.502  -32.110 0.0000000000
5749  9.921  -88.878  -31.726 0.0000000000
5766  7.017  -88.570  -33.447 0.0000000000
5777  7.978  -89.394  -33.552 0.0000000000
5117  7.091  -89.741  -34.126 0.0000000000
5132  6.651  -90.156  -34.745 0.0000000000
5118  5.982  -89.723  -34.238 0.0000000000
11456  12.273  -82.205  -25.495 0.0000000000
11474  11.841  -81.991  -26.424 0.0000000000
11475  10.924  -82.006  -26.643 0.0000000000
10603  7.417  -83.349  -27.951 0.0000000000
10602  8.122  -82.845  -28.177 0.0000000000
10610  7.102  -83.354  -28.698 0.0000000000
10619  7.328  -83.129  -29.909 0.0000000000
10620  6.389  -83.519  -29.492 0.0000000000
8016  4.815  -85.945  -27.551 0.0000000000
8015  4.894  -85.077  -27.814 0.0000000000
8032  4.389  -86.511  -28.132 0.0000000000
7206  4.441  -87.508  -30.094 0.0000000000
8044  4.764  -86.457  -29.815 0.0000000000
8052  4.942  -86.279  -30.672 0.0000000000
8902  5.246  -85.385  -31.040 0.0000000000
7219  5.024  -87.098  -31.256 0.0000000000
7232  5.389  -86.958  -31.958 0.0000000000
5101  3.444  -90.191  -32.654 0.0000000000
5769  4.007  -89.760  -32.306 0.0000000000
5120  3.838  -90.515  -33.465 0.0000000000
5135  3.929  -91.180  -34.291 0.0000000000
5136  3.139  -91.119  -34.475 0.0000000000
5141  3.014  -90.734  -35.687 0.0000000000
5795  2.524  -90.105  -35.010 0.0000000000
7264  3.336  -87.577  -34.762 0.0000000000
7284  3.627  -87.709  -35.260 0.0000000000
7263  3.761  -87.286  -35.191 0.0000000000
8116  4.511  -86.920  -35.807 0.0000000000
8958  4.140  -86.297  -35.013 0.0000000000
8912  2.504  -85.568  -31.888 0.0000000000
8925  2.697  -85.675  -32.584 0.0000000000
9777  2.895  -84.649  -32.552 0.0000000000
15770  6.223  -76.909  -13.356 0.0000000000
15786  5.804  -77.146  -13.617 0.0000000000
15771  5.466  -76.534  -13.590 0.0000000000
18582  4.976  -74.481  -13.900 0.0000000000
16666  4.479  -75.151  -13.786 0.0000000000
17575  3.535  -74.805  -13.637 0.0000000000
17591  2.625  -75.406  -13.238 0.0000000000
18584  3.330  -74.236  -12.764 0.0000000000
21894  5.903  -71.984  -15.360 0.0000000000
20827  5.564  -72.555  -14.765 0.0000000000
21895  5.034  -71.895  -14.715 0.0000000000
23010  3.038  -71.044  -13.072 0.0000000000
21878  3.333  -71.679  -13.354 0.0000000000
20812  2.423  -72.251  -12.419 0.0000000000
19692  2.527  -73.311  -11.782 0.0000000000
20789  1.935  -72.613  -11.929 0.0000000000
20790  1.051  -72.796  -11.677 0.0000000000
21855  1.193  -72.065  -11.766 0.0000000000
25320  0.705  -68.869  -13.002 0.0000000000
23013  0.447  -70.437  -12.428 0.0000000000
24167  0.335  -69.532  -12.950 0.0000000000
24168  0.006  -69.436  -13.490 0.0000000000
26443  0.303  -68.117  -13.808 0.0000000000
26546  9.781  -67.694  -18.596 0.0000000000
26525  8.906  -68.113  -18.191 0.0000000000
26547  8.594  -67.370  -18.829 0.0000000000
27642  5.959  -66.914  -18.276 0.0000000000
26527  6.706  -67.580  -18.025 0.0000000000
26528  5.890  -67.242  -17.582 0.0000000000
26512  5.531  -67.243  -16.818 0.0000000000
27628  4.980  -66.795  -16.817 0.0000000000
30992  5.132  -63.171  -19.144 0.0000000000
29885  5.262  -64.284  -19.281 0.0000000000
29886  4.571  -63.774  -19.014 0.0000000000
29820  2.307  -64.317  -16.535 0.0000000000
29848  3.525  -64.757  -17.640 0.0000000000
28737  2.813  -64.890  -16.094 0.0000000000
27630  3.711  -65.809  -16.266 0.0000000000
27612  2.810  -65.752  -15.206 0.0000000000
27593  2.732  -66.480  -14.742 0.0000000000
28703  2.041  -65.649  -14.782 0.0000000000
38640  16.519  -57.200  -22.970 0.0000000000
37521  17.048  -57.842  -22.865 0.0000000000
37522  16.198  -57.909  -22.769 0.0000000000
36366  15.706  -58.603  -22.493 0.0000000000
37523  15.400  -57.830  -22.774 0.0000000000
39739  16.058  -55.379  -25.478 0.0000000000
38689  16.383  -55.910  -25.249 0.0000000000
38690  15.718  -56.489  -25.314 0.0000000000
36388  13.875  -58.352  -24.326 0.0000000000
37545  14.161  -58.250  -24.073 0.0000000000
37525  13.533  -58.265  -23.191 0.0000000000
37498  13.614  -58.326  -22.202 0.0000000000
38624  13.047  -58.249  -22.213 0.0000000000
38625  12.474  -57.873  -21.703 0.0000000000
38644  12.539  -58.116  -22.317 0.0000000000
37528  10.494  -58.251  -22.278 0.0000000000
37502  10.895  -57.478  -21.848 0.0000000000
37503  9.792  -57.654  -21.794 0.0000000000
38629  9.400  -56.838  -21.092 0.0000000000
953  4.841  -98.308  -36.804 0.0000000000
963  5.203  -98.175  -37.238 0.0000000000
1285  4.635  -97.713  -37.159 0.0000000000
1224  4.145  -97.190  -30.981 0.0000000000
1238  4.334  -97.286  -33.448 0.0000000000
1680  2.402  -96.520  -36.166 0.0000000000
1266  2.550  -97.195  -35.691 0.0000000000
1679  3.130  -96.583  -36.909 0.0000000000
1696  3.816  -96.689  -37.548 0.0000000000
2155  3.500  -95.901  -37.924 0.0000000000
2662  4.712  -94.793  -37.691 0.0000000000
2651  3.219  -95.131  -36.918 0.0000000000
2617  3.083  -94.069  -35.232 0.0000000000
2632  4.850  -94.387  -36.073 0.0000000000
2616  4.269  -94.140  -35.209 0.0000000000
2614  6.485  -94.434  -34.876 0.0000000000
3205  4.839  -93.798  -34.365 0.0000000000
1603  1.621  -96.196  -30.315 0.0000000000
2072  1.558  -95.587  -31.470 0.0000000000
2573  1.826  -94.825  -31.518 0.0000000000
3811  3.520  -93.111  -32.234 0.0000000000
3812  2.955  -93.430  -32.177 0.0000000000
3818  4.762  -92.921  -33.082 0.0000000000
3168  5.571  -92.867  -33.118 0.0000000000
3809  5.428  -92.785  -32.535 0.0000000000
3808  6.539  -92.783  -32.351 0.0000000000
4415  4.636  -91.821  -30.204 0.0000000000
4431  6.447  -92.388  -30.774 0.0000000000
4413  7.086  -92.400  -30.033 0.0000000000
4412  8.310  -92.511  -30.103 0.0000000000
5081  6.738  -92.203  -29.279 0.0000000000
1999  2.212  -95.460  -25.517 0.0000000000
3673  3.172  -92.573  -22.042 0.0000000000
3031  3.272  -93.155  -21.916 0.0000000000
3698  2.806  -92.491  -23.532 0.0000000000
5021  1.641  -90.676  -26.454 0.0000000000
3712  1.847  -92.063  -25.143 0.0000000000
4370  1.638  -91.565  -26.600 0.0000000000
3107  1.777  -92.574  -26.634 0.0000000000
4380  1.652  -91.264  -27.465 0.0000000000
4389  1.912  -91.182  -28.524 0.0000000000
5042  2.512  -90.606  -28.614 0.0000000000
5706  5.251  -90.396  -27.958 0.0000000000
5705  6.049  -91.229  -27.670 0.0000000000
5725  6.753  -91.922  -27.949 0.0000000000
5704  7.195  -91.559  -27.371 0.0000000000
5703  8.381  -91.389  -27.424 0.0000000000
5681  7.710  -91.273  -26.915 0.0000000000
5018  7.534  -91.273  -25.822 0.0000000000
5001  8.027  -91.318  -24.987 0.0000000000
5016  9.391  -90.414  -25.374 0.0000000000
4340  7.886  -91.325  -24.329 0.0000000000
6280  4.225  -88.284  -22.993 0.0000000000
6296  4.474  -88.884  -23.511 0.0000000000
5594  4.887  -89.198  -23.006 0.0000000000
5583  6.661  -90.296  -21.446 0.0000000000
4936  6.271  -90.590  -22.002 0.0000000000
4934  7.642  -90.276  -22.261 0.0000000000
5611  8.511  -90.216  -23.061 0.0000000000
5591  8.902  -89.542  -22.766 0.0000000000
7129  10.372  -88.889  -23.323 0.0000000000
6276  9.480  -88.986  -22.415 0.0000000000
7076  9.584  -88.731  -20.319 0.0000000000
7088  10.325  -88.630  -21.119 0.0000000000
7087  11.098  -88.284  -20.927 0.0000000000
7942  11.784  -87.927  -21.667 0.0000000000
7934  11.557  -87.906  -20.774 0.0000000000
6980  1.410  -87.184  -14.679 0.0000000000
6997  1.040  -87.268  -15.794 0.0000000000
7828  1.252  -86.440  -15.036 0.0000000000
9585  1.660  -84.168  -17.498 0.0000000000
9586  1.142  -84.915  -17.723 0.0000000000
8751  1.851  -85.242  -18.197 0.0000000000
7890  2.579  -85.881  -18.275 0.0000000000
7889  3.344  -85.976  -18.095 0.0000000000
11338  3.870  -82.287  -17.454 0.0000000000
10455  3.351  -82.795  -17.523 0.0000000000
10454  3.852  -82.588  -17.986 0.0000000000
8730  6.628  -85.704  -17.020 0.0000000000
8731  5.533  -85.338  -17.527 0.0000000000
7872  6.234  -86.705  -16.894 0.0000000000
7027  5.372  -87.230  -17.331 0.0000000000
7026  6.472  -87.581  -17.309 0.0000000000
7025  7.566  -87.797  -17.576 0.0000000000
7871  7.903  -87.438  -17.201 0.0000000000
7868  11.302  -86.961  -17.830 0.0000000000
7887  10.855  -87.589  -18.561 0.0000000000
7886  11.864  -86.998  -18.838 0.0000000000
7909  11.886  -87.150  -19.783 0.0000000000
8772  12.597  -86.506  -19.730 0.0000000000
8782  13.418  -85.764  -20.737 0.0000000000
8771  13.262  -85.451  -19.326 0.0000000000
10469  12.718  -83.457  -17.579 0.0000000000
10468  13.566  -83.670  -18.388 0.0000000000
11344  13.943  -82.550  -18.869 0.0000000000
11345  13.119  -82.463  -17.902 0.0000000000
12198  8.330  -82.584  -15.697 0.0000000000
12224  9.681  -82.735  -16.809 0.0000000000
12197  9.319  -82.841  -15.721 0.0000000000
12179  11.482  -81.761  -14.721 0.0000000000
12210  11.978  -82.119  -16.092 0.0000000000
13086  12.492  -80.851  -16.307 0.0000000000
13085  12.619  -80.826  -17.008 0.0000000000
13957  12.493  -80.255  -16.684 0.0000000000
13971  11.885  -79.301  -17.493 0.0000000000
13945  11.643  -79.889  -15.589 0.0000000000
13039  10.150  -80.302  -13.462 0.0000000000
13933  10.304  -79.619  -14.692 0.0000000000
13913  9.764  -79.789  -14.178 0.0000000000
13934  9.111  -79.068  -14.711 0.0000000000
13040  9.339  -79.871  -13.306 0.0000000000
16647  0.542  -76.584  -10.157 0.0000000000
14827  0.146  -77.773  -10.006 0.0000000000
15751  1.336  -77.729  -10.256 0.0000000000
14825  1.627  -78.604  -10.459 0.0000000000
15750  2.017  -77.808  -10.081 0.0000000000
25300  4.660  -68.421  -11.312 0.0000000000
25301  3.632  -68.389  -11.177 0.0000000000
24137  3.988  -69.430  -10.201 0.0000000000
21806  3.817  -71.994  -9.247 0.0000000000
21831  3.009  -71.075  -9.901 0.0000000000
21807  3.254  -71.931  -9.618 0.0000000000
21808  2.354  -71.754  -9.718 0.0000000000
20746  2.627  -72.640  -9.397 0.0000000000
19649  1.997  -73.520  -9.301 0.0000000000
18552  2.289  -74.548  -9.210 0.0000000000
16609  3.602  -76.661  -7.842 0.0000000000
16627  2.717  -76.856  -8.621 0.0000000000
15719  3.353  -77.642  -8.302 0.0000000000
14789  3.262  -78.384  -8.765 0.0000000000
13852  3.372  -79.384  -8.839 0.0000000000
12975  3.787  -80.292  -8.488 0.0000000000
13851  3.999  -79.522  -7.910 0.0000000000
14772  6.053  -78.773  -6.641 0.0000000000
12960  5.857  -80.537  -6.871 0.0000000000
12959  6.861  -80.572  -6.915 0.0000000000
12082  6.646  -81.898  -7.860 0.0000000000
12958  7.779  -80.596  -7.240 0.0000000000
18546  8.926  -74.523  -8.405 0.0000000000
17518  8.425  -75.738  -7.752 0.0000000000
17517  9.357  -75.576  -8.201 0.0000000000
14785  10.264  -78.535  -8.728 0.0000000000
14786  9.451  -78.521  -8.092 0.0000000000
12957  8.654  -80.568  -7.761 0.0000000000
12972  9.491  -80.314  -8.649 0.0000000000
12991  9.479  -80.471  -9.818 0.0000000000
12990  9.838  -80.152  -9.365 0.0000000000
14819  10.449  -78.801  -11.281 0.0000000000
13880  10.060  -79.559  -10.886 0.0000000000
13881  9.609  -78.963  -12.236 0.0000000000
13893  8.504  -78.881  -12.764 0.0000000000
14821  8.572  -78.218  -12.668 0.0000000000
14822  7.726  -77.813  -12.859 0.0000000000
15748  8.760  -77.738  -12.632 0.0000000000
16678  10.143  -76.725  -13.083 0.0000000000
16661  9.332  -76.893  -12.876 0.0000000000
17586  9.439  -76.035  -13.735 0.0000000000
17587  8.594  -75.608  -13.708 0.0000000000
17607  9.786  -75.608  -14.247 0.0000000000
18615  13.437  -74.830  -13.537 0.0000000000
17604  12.980  -75.856  -13.461 0.0000000000
17621  13.104  -75.410  -14.067 0.0000000000
18630  12.016  -75.120  -15.112 0.0000000000
18640  11.001  -74.209  -15.566 0.0000000000
18632  9.719  -74.438  -15.200 0.0000000000
19734  10.525  -73.824  -15.698 0.0000000000
20836  9.954  -73.273  -15.868 0.0000000000
20850  10.602  -73.094  -16.326 0.0000000000
21934  13.484  -72.355  -17.308 0.0000000000
21935  12.026  -72.036  -17.434 0.0000000000
21951  12.140  -71.534  -17.719 0.0000000000
23067  11.040  -71.305  -17.729 0.0000000000
26492  11.855  -67.337  -14.901 0.0000000000
26472  11.784  -67.590  -14.286 0.0000000000
26471  12.523  -67.704  -14.439 0.0000000000
26489  14.291  -67.553  -15.190 0.0000000000
25344  14.144  -68.576  -14.181 0.0000000000
25343  14.921  -69.115  -14.342 0.0000000000
24190  15.301  -69.790  -14.351 0.0000000000
24210  15.541  -69.322  -14.653 0.0000000000
27639  16.210  -66.334  -16.465 0.0000000000
27621  15.840  -66.802  -16.252 0.0000000000
24221  17.336  -69.707  -16.169 0.0000000000
25376  16.681  -68.686  -15.742 0.0000000000
23054  16.991  -70.538  -16.149 0.0000000000
23055  16.595  -70.573  -15.405 0.0000000000
21919  16.664  -71.268  -16.129 0.0000000000
21932  16.048  -71.941  -16.771 0.0000000000
21931  16.659  -71.105  -16.876 0.0000000000
24238  15.919  -70.102  -18.100 0.0000000000
23080  15.503  -70.801  -17.907 0.0000000000
24239  14.896  -70.024  -17.980 0.0000000000
24240  13.744  -69.852  -18.029 0.0000000000
24256  14.409  -69.324  -18.191 0.0000000000
25410  13.733  -68.735  -18.275 0.0000000000
25409  14.833  -68.699  -18.538 0.0000000000
26563  16.935  -67.544  -19.567 0.0000000000
26564  15.915  -67.374  -19.358 0.0000000000
27671  16.523  -66.722  -19.812 0.0000000000
27672  15.525  -66.544  -19.525 0.0000000000
28790  17.201  -65.984  -19.977 0.0000000000
27651  20.549  -66.473  -18.547 0.0000000000
27667  20.297  -66.722  -19.144 0.0000000000
28786  21.006  -65.851  -19.198 0.0000000000
29893  20.699  -64.671  -20.463 0.0000000000
28803  19.967  -65.466  -20.297 0.0000000000
28805  17.865  -65.353  -20.423 0.0000000000
29895  18.564  -64.614  -20.746 0.0000000000
31001  18.191  -63.830  -20.867 0.0000000000
31000  19.261  -63.720  -20.972 0.0000000000
33053  21.224  -61.673  -21.308 0.0000000000
32071  20.549  -62.256  -21.469 0.0000000000
34083  21.334  -60.702  -21.540 0.0000000000
34012  21.909  -60.296  -18.495 0.0000000000
35111  22.224  -59.161  -18.587 0.0000000000
36290  23.018  -57.655  -18.815 0.0000000000
34011  22.928  -60.136  -18.807 0.0000000000
35125  23.501  -59.177  -19.460 0.0000000000
34059  23.127  -60.579  -20.222 0.0000000000
35156  23.340  -59.495  -20.358 0.0000000000
36344  23.117  -58.521  -20.967 0.0000000000
37496  22.698  -57.628  -21.604 0.0000000000
37497  22.102  -58.166  -21.718 0.0000000000
37516  22.390  -57.034  -22.069 0.0000000000
38634  23.036  -56.458  -22.016 0.0000000000
39695  23.324  -55.398  -22.144 0.0000000000
42023  23.513  -53.587  -22.523 0.0000000000
461  11.872  -99.805  -36.990 0.0000000000
469  12.326  -99.390  -37.444 0.0000000000
1669  18.921  -96.254  -36.670 0.0000000000
2127  19.496  -95.287  -36.382 0.0000000000
2657  20.667  -94.662  -36.958 0.0000000000
1706  9.567  -96.496  -38.475 0.0000000000
1720  9.567  -96.624  -39.219 0.0000000000
1732  10.649  -96.551  -39.558 0.0000000000
1757  13.313  -96.878  -40.521 0.0000000000
1312  12.655  -97.013  -40.613 0.0000000000
1003  13.398  -97.662  -40.390 0.0000000000
994  13.625  -97.958  -39.962 0.0000000000
1001  15.067  -97.471  -39.792 0.0000000000
2201  17.676  -95.259  -40.012 0.0000000000
1753  18.039  -95.926  -39.893 0.0000000000
1318  19.142  -96.522  -40.880 0.0000000000
1306  18.270  -96.992  -39.989 0.0000000000
990  17.476  -97.622  -39.904 0.0000000000
975  18.177  -96.890  -39.788 0.0000000000
1294  18.915  -96.936  -38.831 0.0000000000
1293  19.347  -96.297  -39.425 0.0000000000
2680  21.304  -94.680  -39.335 0.0000000000
2161  21.013  -95.331  -38.482 0.0000000000
3253  21.500  -93.859  -38.781 0.0000000000
3239  21.419  -93.600  -37.737 0.0000000000
3884  21.922  -92.889  -38.828 0.0000000000
3947  20.672  -92.726  -44.592 0.0000000000
3946  21.223  -92.816  -43.924 0.0000000000
4582  20.366  -91.555  -44.750 0.0000000000
5051  14.393  -90.020  -29.613 0.0000000000
5074  13.870  -90.864  -29.978 0.0000000000
5073  14.969  -90.657  -30.115 0.0000000000
5093  15.746  -90.021  -32.457 0.0000000000
5087  16.261  -90.801  -31.830 0.0000000000
5092  16.214  -90.703  -32.300 0.0000000000
4437  16.415  -91.450  -32.643 0.0000000000
5127  15.710  -90.841  -34.125 0.0000000000
4455  12.379  -91.999  -34.675 0.0000000000
4442  12.923  -91.448  -34.198 0.0000000000
3857  13.691  -92.369  -36.579 0.0000000000
4471  13.944  -92.012  -35.720 0.0000000000
4485  14.442  -91.910  -36.844 0.0000000000
4469  15.943  -91.370  -35.792 0.0000000000
4484  15.468  -91.529  -36.790 0.0000000000
4495  16.048  -91.536  -37.687 0.0000000000
4496  15.027  -91.972  -37.825 0.0000000000
3908  13.921  -92.950  -40.284 0.0000000000
3898  14.492  -92.413  -39.698 0.0000000000
3907  14.396  -92.478  -40.608 0.0000000000
3916  15.022  -92.105  -41.850 0.0000000000
3298  14.062  -93.275  -42.039 0.0000000000
4510  4.792  -91.633  -38.663 0.0000000000
3890  5.371  -92.511  -38.559 0.0000000000
3900  5.568  -92.425  -39.507 0.0000000000
2720  6.774  -93.586  -41.249 0.0000000000
3290  6.720  -93.738  -40.061 0.0000000000
2703  7.736  -94.189  -40.781 0.0000000000
2687  8.267  -94.197  -39.624 0.0000000000
2718  8.291  -94.229  -41.671 0.0000000000
4559  8.374  -91.450  -42.959 0.0000000000
4574  9.378  -91.562  -43.431 0.0000000000
3339  10.068  -93.325  -43.958 0.0000000000
2760  9.157  -93.572  -43.657 0.0000000000
2745  10.049  -94.354  -43.245 0.0000000000
2733  10.050  -94.626  -42.450 0.0000000000
2205  10.723  -94.772  -42.849 0.0000000000
2714  11.980  -94.698  -41.795 0.0000000000
2204  11.480  -94.886  -43.160 0.0000000000
2769  13.145  -93.788  -44.907 0.0000000000
2742  13.477  -94.340  -43.628 0.0000000000
2755  13.302  -94.186  -44.446 0.0000000000
3323  14.609  -93.606  -43.586 0.0000000000
2767  14.682  -93.995  -45.370 0.0000000000
2766  15.347  -93.960  -45.555 0.0000000000
2776  14.254  -94.012  -45.789 0.0000000000
5891  14.381  -89.932  -45.806 0.0000000000
5233  14.922  -90.699  -46.072 0.0000000000
5889  15.985  -89.513  -45.719 0.0000000000
5888  16.801  -89.569  -46.003 0.0000000000
16727  4.621  -75.993  -15.578 0.0000000000
15835  6.028  -77.015  -16.371 0.0000000000
16735  4.423  -76.554  -16.121 0.0000000000
13960  3.334  -78.605  -16.459 0.0000000000
13977  2.605  -79.780  -16.950 0.0000000000
13113  3.615  -80.220  -18.176 0.0000000000
13100  2.554  -80.395  -17.520 0.0000000000
15815  0.009  -77.424  -14.573 0.0000000000
14884  0.094  -78.362  -14.931 0.0000000000
15830  -0.192  -77.942  -15.676 0.0000000000
13103  -0.240  -80.842  -17.655 0.0000000000
13092  -0.102  -80.699  -16.955 0.0000000000
13102  0.358  -81.178  -17.302 0.0000000000
13115  1.599  -81.595  -18.089 0.0000000000
12242  0.438  -82.065  -18.448 0.0000000000
11371  1.558  -82.593  -19.381 0.0000000000
11354  0.192  -82.360  -18.993 0.0000000000
11414  -0.202  -82.279  -21.389 0.0000000000
12308  -0.294  -81.680  -21.973 0.0000000000
12314  -0.343  -81.552  -22.922 0.0000000000
14064  -0.483  -79.081  -25.129 0.0000000000
13201  -0.441  -80.395  -25.639 0.0000000000
13200  -0.305  -80.867  -25.264 0.0000000000
13214  -1.024  -80.248  -26.862 0.0000000000
12364  -0.872  -81.101  -27.651 0.0000000000
13227  -1.172  -79.919  -28.080 0.0000000000
14924  8.875  -78.115  -17.344 0.0000000000
14934  9.192  -78.395  -18.152 0.0000000000
14925  7.890  -78.146  -17.303 0.0000000000
14936  7.506  -78.432  -17.835 0.0000000000
14926  6.902  -78.259  -17.572 0.0000000000
33056  18.246  -61.745  -21.917 0.0000000000
33057  17.252  -61.753  -21.916 0.0000000000
35202  18.023  -59.500  -22.641 0.0000000000
4428  9.550  -92.186  -30.861 0.0000000000
3787  11.057  -92.640  -31.369 0.0000000000
4426  11.343  -92.237  -30.802 0.0000000000
3775  13.225  -92.084  -30.880 0.0000000000
8827  11.756  -85.902  -24.003 0.0000000000
9683  11.866  -85.286  -24.802 0.0000000000
9717  12.188  -84.062  -26.265 0.0000000000
10600  11.863  -82.784  -27.514 0.0000000000
8835  1.980  -85.350  -24.468 0.0000000000
8853  2.148  -85.800  -25.138 0.0000000000
7985  1.329  -85.588  -26.040 0.0000000000
8004  1.287  -85.441  -26.573 0.0000000000
8877  0.936  -84.956  -27.086 0.0000000000
8885  0.875  -84.816  -28.276 0.0000000000
9728  0.407  -84.310  -27.638 0.0000000000
9736  0.257  -83.645  -28.384 0.0000000000
10612  -0.151  -82.742  -28.817 0.0000000000
23069  8.830  -71.037  -17.067 0.0000000000
24211  8.457  -70.844  -16.970 0.0000000000
24224  8.860  -70.366  -17.492 0.0000000000
25379  8.213  -69.518  -17.435 0.0000000000
35137  7.019  -59.158  -18.883 0.0000000000
34038  6.736  -60.205  -18.943 0.0000000000
5561  1.953  -90.159  -18.032 0.0000000000
5562  1.568  -89.607  -18.577 0.0000000000
6257  1.151  -88.687  -20.419 0.0000000000
6246  0.952  -88.441  -19.520 0.0000000000
6232  0.761  -88.058  -18.739 0.0000000000
7048  0.740  -87.311  -18.703 0.0000000000
13045  2.052  -80.963  -13.716 0.0000000000
13069  3.365  -80.436  -14.914 0.0000000000
13044  2.973  -80.734  -13.941 0.0000000000
12183  5.619  -81.077  -14.103 0.0000000000
12153  5.381  -81.898  -13.041 0.0000000000
12133  4.883  -82.203  -12.273 0.0000000000
11248  4.794  -82.409  -11.751 0.0000000000
11225  4.576  -82.457  -10.186 0.0000000000
26438  8.181  -67.355  -12.316 0.0000000000
25317  7.809  -67.988  -11.720 0.0000000000
24165  9.110  -69.227  -11.333 0.0000000000
23009  9.065  -69.858  -11.080 0.0000000000
21852  9.688  -70.969  -10.279 0.0000000000
23008  9.970  -69.985  -11.144 0.0000000000
21874  11.135  -70.960  -10.939 0.0000000000
21873  11.927  -71.264  -11.545 0.0000000000
20823  12.457  -71.803  -11.772 0.0000000000
23022  12.473  -70.033  -12.489 0.0000000000
23039  12.895  -69.680  -12.854 0.0000000000
30974  16.974  -63.513  -18.238 0.0000000000
29863  16.948  -64.199  -17.922 0.0000000000
30973  18.030  -63.366  -18.006 0.0000000000
30956  19.295  -63.782  -17.599 0.0000000000
32001  19.147  -63.207  -17.844 0.0000000000
32000  19.681  -63.049  -17.897 0.0000000000
32011  20.523  -62.129  -18.155 0.0000000000
700  7.349  -98.505  -38.209 0.0000000000
699  8.291  -98.641  -38.512 0.0000000000
972  7.930  -98.345  -38.802 0.0000000000
986  8.580  -98.163  -39.310 0.0000000000
998  9.784  -98.081  -39.702 0.0000000000
3915  18.637  -92.360  -41.161 0.0000000000
3309  18.990  -93.378  -41.678 0.0000000000
3935  18.565  -92.183  -43.211 0.0000000000
2751  18.130  -93.317  -44.934 0.0000000000
2763  18.546  -93.742  -45.215 0.0000000000
2764  17.151  -93.522  -45.403 0.0000000000
2773  16.518  -93.567  -45.890 0.0000000000
4473  8.261  -91.387  -34.978 0.0000000000
3845  8.461  -91.848  -35.289 0.0000000000
3846  7.522  -91.649  -35.731 0.0000000000
3863  7.520  -92.280  -36.315 0.0000000000
3248  7.134  -93.151  -37.442 0.0000000000
21898  -0.401  -71.346  -13.384 0.0000000000
20840  -0.352  -72.308  -14.123 0.0000000000
21911  -0.393  -71.146  -14.586 0.0000000000
11386  13.695  -81.890  -20.798 0.0000000000
11409  12.819  -82.040  -21.830 0.0000000000
11410  11.714  -82.188  -21.731 0.0000000000
11411  10.646  -82.483  -21.537 0.0000000000
12287  6.714  -81.507  -20.086 0.0000000000
11392  7.244  -82.257  -20.509 0.0000000000
10513  5.725  -83.063  -20.895 0.0000000000
10532  5.349  -83.672  -21.439 0.0000000000
9642  4.941  -84.247  -21.969 0.0000000000
10533  4.386  -83.724  -21.424 0.0000000000
10534  3.435  -83.740  -21.442 0.0000000000
10535  2.501  -83.838  -21.398 0.0000000000
27674  13.488  -66.248  -19.266 0.0000000000
28794  13.196  -65.562  -19.773 0.0000000000
28795  12.363  -65.602  -20.026 0.0000000000
32098  13.902  -61.687  -22.128 0.0000000000
32079  13.158  -62.022  -21.945 0.0000000000
33064  10.701  -61.357  -21.278 0.0000000000
33034  10.254  -61.174  -20.816 0.0000000000
34088  11.179  -60.284  -20.929 0.0000000000
35159  11.085  -59.361  -20.358 0.0000000000
36327  11.331  -58.440  -20.208 0.0000000000
9488  1.091  -84.135  -10.422 0.0000000000
9499  0.696  -83.776  -11.088 0.0000000000
10345  0.684  -83.275  -10.444 0.0000000000
11226  0.581  -82.430  -10.716 0.0000000000
12101  0.616  -81.591  -10.074 0.0000000000
30927  7.101  -63.941  -15.135 0.0000000000
30926  7.838  -63.592  -15.311 0.0000000000
30938  7.916  -64.002  -16.016 0.0000000000
28733  8.300  -65.113  -16.606 0.0000000000
28732  9.068  -65.580  -16.802 0.0000000000
29846  8.766  -64.403  -17.281 0.0000000000
29870  9.943  -63.313  -18.209 0.0000000000
32034  13.760  -61.821  -19.448 0.0000000000
2117  7.783  -95.431  -35.533 0.0000000000
2134  8.320  -96.035  -36.036 0.0000000000
2116  8.629  -95.928  -35.137 0.0000000000
2115  9.509  -96.396  -34.971 0.0000000000
2099  11.341  -96.214  -34.499 0.0000000000
3180  13.884  -94.010  -33.608 0.0000000000
2608  13.590  -94.640  -34.400 0.0000000000
3201  14.481  -94.030  -34.552 0.0000000000
3218  15.475  -93.791  -35.353 0.0000000000
3229  16.330  -93.690  -36.073 0.0000000000
3241  17.634  -93.224  -37.266 0.0000000000
4493  17.673  -91.914  -37.405 0.0000000000
4506  16.665  -91.529  -38.537 0.0000000000
6497  5.104  -88.057  -37.246 0.0000000000
6514  5.158  -88.460  -37.777 0.0000000000
7317  5.582  -87.425  -37.643 0.0000000000
7334  6.252  -87.620  -38.603 0.0000000000
40903  22.055  -54.535  -22.577 0.0000000000
42025  21.579  -53.592  -22.709 0.0000000000
5655  11.447  -89.445  -26.736 0.0000000000
5677  11.635  -89.309  -27.504 0.0000000000
6350  12.173  -88.986  -26.846 0.0000000000
6331  13.217  -87.943  -26.717 0.0000000000
8011  13.881  -86.614  -27.824 0.0000000000
8043  10.457  -85.792  -29.837 0.0000000000
8050  9.743  -85.967  -30.281 0.0000000000
7204  9.148  -86.772  -31.121 0.0000000000
7216  9.417  -87.349  -31.233 0.0000000000
6430  8.833  -88.434  -32.020 0.0000000000
6418  8.627  -87.981  -31.981 0.0000000000
6432  7.568  -88.086  -32.883 0.0000000000
6433  6.368  -87.761  -33.132 0.0000000000
10577  9.584  -82.976  -25.313 0.0000000000
10593  9.471  -82.784  -26.236 0.0000000000
10579  7.988  -83.484  -26.528 0.0000000000
10595  7.699  -83.357  -27.326 0.0000000000
9726  6.751  -83.806  -27.626 0.0000000000
7172  3.453  -87.477  -28.515 0.0000000000
7171  4.275  -87.107  -28.764 0.0000000000
7188  3.681  -87.751  -29.184 0.0000000000
6379  3.926  -88.007  -29.589 0.0000000000
6399  4.185  -88.177  -30.161 0.0000000000
6420  4.202  -88.829  -31.118 0.0000000000
5751  3.479  -89.419  -31.278 0.0000000000
5770  3.078  -90.084  -32.029 0.0000000000
5771  2.395  -89.531  -32.540 0.0000000000
6460  2.449  -89.012  -34.026 0.0000000000
6445  2.308  -88.751  -33.189 0.0000000000
7245  2.519  -87.942  -33.380 0.0000000000
10638  1.947  -83.381  -31.996 0.0000000000
10661  2.398  -83.527  -32.464 0.0000000000
10685  2.214  -82.872  -33.080 0.0000000000
17572  6.600  -75.549  -13.376 0.0000000000
18580  6.674  -74.985  -13.534 0.0000000000
18601  5.500  -74.381  -13.940 0.0000000000
19707  5.004  -73.828  -14.144 0.0000000000
24177  4.549  -70.545  -14.596 0.0000000000
21896  4.332  -71.542  -14.324 0.0000000000
24178  4.138  -70.267  -14.349 0.0000000000
23027  3.541  -70.797  -13.750 0.0000000000
23011  2.322  -70.873  -12.848 0.0000000000
23012  1.432  -70.474  -12.589 0.0000000000
24181  1.778  -69.479  -13.049 0.0000000000
25334  1.316  -68.542  -13.202 0.0000000000
26571  8.715  -66.755  -19.483 0.0000000000
26548  7.444  -67.330  -18.782 0.0000000000
27653  7.055  -66.684  -19.275 0.0000000000
27654  6.163  -66.341  -19.034 0.0000000000
27655  5.549  -66.429  -18.449 0.0000000000
32024  3.809  -62.426  -18.780 0.0000000000
30982  3.912  -63.561  -18.687 0.0000000000
38654  18.637  -55.877  -23.277 0.0000000000
38655  17.777  -56.067  -23.367 0.0000000000
38656  16.763  -56.356  -23.650 0.0000000000
38692  14.078  -56.236  -25.263 0.0000000000
37583  14.863  -57.072  -25.306 0.0000000000
38673  14.185  -56.794  -25.350 0.0000000000
36412  13.264  -58.162  -24.684 0.0000000000
37547  12.842  -58.533  -23.595 0.0000000000
36370  12.054  -58.665  -23.365 0.0000000000
1225  3.586  -97.796  -31.292 0.0000000000
1231  3.603  -97.512  -32.626 0.0000000000
1239  3.252  -97.518  -33.697 0.0000000000
1232  2.502  -97.728  -32.845 0.0000000000
1644  1.903  -96.697  -34.744 0.0000000000
2119  2.073  -95.714  -35.767 0.0000000000
2652  2.585  -95.215  -36.178 0.0000000000
2120  1.797  -95.295  -35.125 0.0000000000
2636  1.828  -94.831  -34.777 0.0000000000
2618  2.254  -94.281  -34.414 0.0000000000
2056  1.730  -95.298  -29.579 0.0000000000
2570  1.862  -94.407  -30.441 0.0000000000
3151  2.298  -93.184  -31.000 0.0000000000
3794  3.718  -92.490  -31.493 0.0000000000
3793  4.840  -92.519  -31.600 0.0000000000
4434  3.706  -92.008  -31.078 0.0000000000
4416  3.555  -91.749  -30.521 0.0000000000
2453  2.925  -94.845  -22.418 0.0000000000
4330  1.809  -91.013  -23.380 0.0000000000
4342  2.204  -91.810  -23.850 0.0000000000
4985  1.523  -90.615  -24.248 0.0000000000
5004  1.559  -90.601  -25.208 0.0000000000
5665  1.881  -89.961  -26.718 0.0000000000
5029  2.809  -89.896  -28.121 0.0000000000
5685  3.549  -89.641  -27.528 0.0000000000
5684  4.677  -89.839  -27.328 0.0000000000
5683  5.594  -90.530  -27.178 0.0000000000
5660  5.919  -90.985  -26.577 0.0000000000
5020  5.428  -91.035  -25.945 0.0000000000
5003  5.696  -91.314  -25.110 0.0000000000
7099  4.512  -88.076  -21.591 0.0000000000
6278  5.128  -89.405  -22.013 0.0000000000
6267  5.162  -89.235  -21.428 0.0000000000
5575  6.120  -89.885  -20.796 0.0000000000
5574  7.231  -89.900  -20.838 0.0000000000
6266  8.236  -89.493  -21.087 0.0000000000
6253  7.781  -89.449  -20.209 0.0000000000
6252  8.710  -89.128  -20.348 0.0000000000
7063  8.884  -88.688  -19.490 0.0000000000
7826  2.853  -86.199  -14.351 0.0000000000
7840  1.372  -85.881  -15.208 0.0000000000
8681  2.340  -85.650  -14.912 0.0000000000
9566  1.683  -84.355  -16.387 0.0000000000
10457  1.882  -83.799  -17.441 0.0000000000
11350  5.463  -82.654  -18.386 0.0000000000
10474  4.917  -83.385  -18.411 0.0000000000
9602  6.349  -84.167  -18.235 0.0000000000
9582  6.515  -84.822  -17.708 0.0000000000
8712  7.384  -86.263  -16.643 0.0000000000
7855  8.848  -86.864  -16.761 0.0000000000
8710  9.065  -86.185  -16.453 0.0000000000
8727  9.877  -85.892  -16.454 0.0000000000
8726  11.086  -86.258  -16.875 0.0000000000
8746  12.664  -85.881  -18.358 0.0000000000
9577  12.018  -85.361  -17.147 0.0000000000
10450  11.908  -84.153  -17.058 0.0000000000
10421  9.171  -83.587  -13.897 0.0000000000
11309  9.819  -82.867  -15.200 0.0000000000
10400  9.738  -83.569  -13.497 0.0000000000
11267  10.667  -82.470  -13.552 0.0000000000
12180  11.083  -81.924  -14.176 0.0000000000
13065  11.162  -80.610  -14.448 0.0000000000
12150  10.865  -81.589  -13.373 0.0000000000
12131  10.511  -81.354  -12.724 0.0000000000
12121  10.179  -80.932  -12.178 0.0000000000
16610  -0.182  -76.568  -8.477 0.0000000000
17524  -0.005  -75.674  -8.661 0.0000000000
17546  0.252  -75.708  -9.587 0.0000000000
17557  1.217  -75.896  -10.076 0.0000000000
26404  2.082  -67.504  -11.014 0.0000000000
22975  5.670  -70.396  -9.695 0.0000000000
22976  4.658  -70.160  -9.710 0.0000000000
20768  4.802  -71.458  -8.998 0.0000000000
20744  4.549  -72.253  -8.889 0.0000000000
19647  3.966  -73.417  -8.873 0.0000000000
18551  3.301  -74.537  -8.688 0.0000000000
18528  3.925  -74.891  -8.075 0.0000000000
17522  4.184  -75.650  -7.694 0.0000000000
16608  4.563  -76.555  -7.110 0.0000000000
14774  4.271  -78.620  -7.309 0.0000000000
16589  5.346  -77.041  -6.734 0.0000000000
16588  6.223  -77.072  -6.774 0.0000000000
15700  6.611  -77.950  -6.762 0.0000000000
18544  10.358  -75.111  -9.105 0.0000000000
16603  9.891  -76.298  -8.299 0.0000000000
16625  11.040  -76.325  -8.768 0.0000000000
15714  10.563  -77.765  -8.779 0.0000000000
14803  10.924  -78.367  -9.375 0.0000000000
13866  10.252  -79.734  -9.589 0.0000000000
14818  11.190  -78.592  -10.432 0.0000000000
14838  10.801  -78.331  -11.603 0.0000000000
15766  10.179  -77.669  -12.473 0.0000000000
15784  10.791  -77.393  -12.552 0.0000000000
16696  11.031  -76.468  -13.613 0.0000000000
19733  14.319  -73.493  -13.918 0.0000000000
18629  13.254  -74.994  -14.637 0.0000000000
18628  13.999  -74.287  -14.610 0.0000000000
19741  13.213  -74.088  -16.111 0.0000000000
20848  12.492  -73.775  -16.431 0.0000000000
20849  11.781  -73.491  -16.451 0.0000000000
27624  12.670  -66.980  -16.105 0.0000000000
26491  12.663  -67.321  -15.261 0.0000000000
26509  13.103  -67.258  -15.596 0.0000000000
26508  13.631  -67.201  -15.726 0.0000000000
26488  15.177  -67.760  -15.298 0.0000000000
27619  17.659  -67.012  -16.221 0.0000000000
26504  17.201  -67.821  -16.083 0.0000000000
23064  17.522  -70.042  -17.303 0.0000000000
23079  16.567  -70.709  -17.661 0.0000000000
23078  17.204  -70.268  -17.561 0.0000000000
24253  17.282  -69.488  -18.409 0.0000000000
24254  16.354  -69.458  -18.408 0.0000000000
25408  15.854  -68.756  -18.671 0.0000000000
25407  16.846  -68.848  -18.776 0.0000000000
26539  17.384  -68.210  -19.104 0.0000000000
26562  17.959  -67.564  -19.443 0.0000000000
29882  21.807  -64.598  -19.199 0.0000000000
28801  21.258  -65.297  -19.597 0.0000000000
29892  21.563  -64.669  -19.876 0.0000000000
30999  20.401  -63.777  -20.872 0.0000000000
36325  23.520  -58.317  -20.217 0.0000000000
38633  23.457  -55.895  -21.764 0.0000000000
681  12.162  -99.094  -38.191 0.0000000000
960  13.469  -98.741  -37.611 0.0000000000
959  13.843  -98.532  -37.894 0.0000000000
950  15.190  -97.903  -37.336 0.0000000000
1284  15.988  -97.622  -37.136 0.0000000000
1687  18.323  -96.845  -37.116 0.0000000000
1686  19.124  -96.651  -37.642 0.0000000000
1717  11.965  -96.505  -38.959 0.0000000000
1731  11.404  -96.552  -39.637 0.0000000000
1730  12.379  -96.511  -39.671 0.0000000000
1743  13.884  -96.564  -40.154 0.0000000000
1310  14.721  -96.689  -39.845 0.0000000000
1761  19.615  -94.884  -41.720 0.0000000000
1752  18.963  -95.593  -40.990 0.0000000000
1751  19.423  -95.562  -41.047 0.0000000000
1738  19.581  -95.625  -40.698 0.0000000000
1727  19.763  -95.801  -39.889 0.0000000000
1726  20.466  -95.523  -40.193 0.0000000000
3895  21.912  -92.588  -40.066 0.0000000000
3284  21.601  -93.284  -40.602 0.0000000000
3914  21.641  -92.494  -41.823 0.0000000000
4553  21.480  -91.963  -42.606 0.0000000000
4597  19.515  -91.348  -45.624 0.0000000000
5212  20.187  -90.543  -44.954 0.0000000000
6391  15.420  -88.841  -30.690 0.0000000000
5734  15.644  -89.521  -30.553 0.0000000000
5743  15.522  -89.340  -31.463 0.0000000000
5758  15.103  -89.518  -32.149 0.0000000000
5110  14.392  -90.546  -33.475 0.0000000000
3859  11.962  -93.259  -36.461 0.0000000000
3841  12.523  -92.771  -35.922 0.0000000000
3858  12.915  -92.874  -36.794 0.0000000000
3876  12.935  -93.230  -37.760 0.0000000000
3875  13.868  -92.583  -37.535 0.0000000000
3886  14.408  -92.495  -38.577 0.0000000000
3887  13.467  -93.149  -38.514 0.0000000000
3287  13.247  -93.397  -39.983 0.0000000000
4537  5.766  -91.648  -40.390 0.0000000000
3910  5.738  -92.152  -40.076 0.0000000000
4536  6.126  -91.415  -41.149 0.0000000000
3919  6.441  -92.318  -41.674 0.0000000000
3315  6.696  -92.935  -42.129 0.0000000000
5204  10.526  -90.622  -42.942 0.0000000000
4590  9.500  -91.956  -44.054 0.0000000000
4573  10.703  -91.311  -43.594 0.0000000000
3954  10.530  -92.600  -44.075 0.0000000000
3338  11.018  -93.368  -44.097 0.0000000000
2220  11.354  -94.595  -44.037 0.0000000000
3337  11.930  -93.355  -44.428 0.0000000000
3336  12.783  -93.352  -44.843 0.0000000000
3964  13.095  -92.854  -45.388 0.0000000000
3971  13.509  -92.565  -46.030 0.0000000000
4598  13.378  -91.589  -45.422 0.0000000000
5223  13.823  -90.578  -45.524 0.0000000000
6619  14.736  -89.237  -45.751 0.0000000000
17626  3.099  -75.501  -14.726 0.0000000000
16736  3.795  -76.853  -15.971 0.0000000000
15829  2.724  -77.259  -14.870 0.0000000000
14900  2.451  -78.253  -14.965 0.0000000000
13949  2.054  -78.921  -15.209 0.0000000000
16738  -0.090  -76.859  -16.751 0.0000000000
15840  -0.276  -78.214  -16.642 0.0000000000
15843  -0.274  -77.976  -17.523 0.0000000000
14937  -0.352  -78.939  -18.160 0.0000000000
14007  -0.405  -79.789  -18.820 0.0000000000
12269  -0.318  -81.430  -19.802 0.0000000000
13157  -0.262  -80.506  -20.856 0.0000000000
13127  11.703  -80.015  -19.780 0.0000000000
13147  11.078  -80.549  -20.219 0.0000000000
13128  10.400  -80.255  -19.913 0.0000000000
12259  9.719  -80.593  -19.894 0.0000000000
12260  9.101  -80.759  -19.819 0.0000000000
13987  8.495  -78.980  -18.582 0.0000000000
13130  8.566  -80.210  -19.407 0.0000000000
12261  8.177  -80.888  -19.664 0.0000000000
12263  6.173  -80.841  -19.619 0.0000000000
12264  5.219  -81.030  -19.607 0.0000000000
12265  4.285  -81.309  -19.642 0.0000000000
29898  15.563  -64.324  -20.360 0.0000000000
29899  14.588  -64.273  -20.422 0.0000000000
31004  15.293  -63.633  -20.764 0.0000000000
31028  15.075  -63.045  -21.294 0.0000000000
32077  14.886  -62.456  -21.747 0.0000000000
33058  16.282  -61.792  -21.945 0.0000000000
33060  14.784  -62.027  -22.048 0.0000000000
33088  14.699  -61.362  -22.191 0.0000000000
33089  13.905  -61.144  -22.183 0.0000000000
34112  14.191  -60.243  -22.042 0.0000000000
3183  9.143  -94.147  -33.056 0.0000000000
2578  9.835  -94.371  -32.817 0.0000000000
2577  10.798  -94.626  -32.694 0.0000000000
3182  11.936  -94.572  -32.804 0.0000000000
3803  11.701  -93.133  -31.882 0.0000000000
3161  12.350  -93.802  -32.332 0.0000000000
3181  12.942  -94.266  -33.052 0.0000000000
3179  14.988  -93.549  -33.617 0.0000000000
3178  15.880  -93.086  -33.620 0.0000000000
3177  16.443  -92.677  -33.692 0.0000000000
7136  11.471  -88.230  -24.442 0.0000000000
7145  12.283  -87.363  -25.230 0.0000000000
7997  12.369  -86.473  -25.814 0.0000000000
8874  11.705  -85.451  -26.938 0.0000000000
9718  11.614  -84.653  -26.567 0.0000000000
8882  11.338  -85.041  -28.293 0.0000000000
8889  10.640  -84.882  -29.455 0.0000000000
9749  9.281  -84.502  -30.453 0.0000000000
9751  7.915  -84.552  -31.196 0.0000000000
8830  6.114  -84.706  -24.890 0.0000000000
8850  6.122  -84.507  -25.738 0.0000000000
7980  4.899  -85.250  -25.672 0.0000000000
7999  4.645  -86.048  -26.578 0.0000000000
8017  4.012  -86.575  -27.404 0.0000000000
8001  2.860  -86.487  -26.441 0.0000000000
8018  3.159  -86.907  -27.064 0.0000000000
7156  3.321  -87.215  -27.787 0.0000000000
7173  2.617  -87.531  -28.313 0.0000000000
7190  1.872  -87.470  -29.231 0.0000000000
7208  1.763  -87.460  -30.629 0.0000000000
7207  1.840  -87.039  -31.137 0.0000000000
8054  1.871  -86.327  -30.126 0.0000000000
8903  2.092  -85.578  -30.946 0.0000000000
9754  1.998  -84.549  -30.844 0.0000000000
9755  1.402  -83.900  -30.665 0.0000000000
9763  1.736  -83.954  -31.183 0.0000000000
10639  1.222  -83.217  -31.621 0.0000000000
11562  0.854  -82.184  -32.520 0.0000000000
12452  0.287  -81.115  -32.841 0.0000000000
20824  7.766  -73.460  -15.355 0.0000000000
20825  7.144  -72.980  -15.149 0.0000000000
21909  7.230  -72.166  -15.885 0.0000000000
21910  6.558  -71.780  -15.840 0.0000000000
23043  6.125  -71.020  -15.811 0.0000000000
24194  7.434  -71.006  -16.419 0.0000000000
24195  6.824  -70.551  -16.274 0.0000000000
23044  5.529  -70.588  -15.269 0.0000000000
25350  4.783  -68.713  -15.072 0.0000000000
30990  7.036  -63.718  -19.781 0.0000000000
32041  4.664  -62.257  -18.932 0.0000000000
33017  5.157  -61.171  -18.767 0.0000000000
32998  4.457  -61.522  -18.809 0.0000000000
32023  4.221  -61.922  -18.850 0.0000000000
43158  17.325  -53.355  -24.981 0.0000000000
42049  17.270  -54.036  -24.761 0.0000000000
42057  16.949  -53.797  -25.106 0.0000000000
40938  15.551  -54.439  -25.462 0.0000000000
42059  15.109  -53.435  -25.305 0.0000000000
40939  14.461  -54.349  -25.137 0.0000000000
40928  14.018  -54.768  -24.885 0.0000000000
39725  13.332  -55.466  -24.736 0.0000000000
39726  12.254  -55.434  -24.497 0.0000000000
870  2.667  -99.116  -28.939 0.0000000000
894  1.888  -98.087  -30.430 0.0000000000
883  1.833  -98.328  -29.642 0.0000000000
1207  1.638  -97.749  -29.401 0.0000000000
1574  1.631  -97.238  -28.454 0.0000000000
1559  1.657  -97.336  -27.792 0.0000000000
1573  1.821  -96.324  -28.619 0.0000000000
2041  1.888  -95.218  -28.376 0.0000000000
2533  1.932  -94.581  -27.567 0.0000000000
4301  2.213  -91.275  -21.509 0.0000000000
4928  1.966  -90.841  -20.426 0.0000000000
4313  1.796  -90.739  -22.255 0.0000000000
4951  1.437  -90.147  -22.757 0.0000000000
5614  1.273  -89.400  -23.217 0.0000000000
6311  2.261  -88.609  -24.686 0.0000000000
6310  3.084  -88.461  -24.600 0.0000000000
6298  2.534  -87.982  -23.942 0.0000000000
7117  2.918  -87.679  -23.115 0.0000000000
7100  3.798  -87.744  -22.336 0.0000000000
7092  2.263  -87.080  -21.530 0.0000000000
7090  4.075  -87.649  -20.984 0.0000000000
7079  3.866  -87.493  -19.886 0.0000000000
7066  4.557  -87.916  -19.022 0.0000000000
10424  4.095  -83.848  -14.388 0.0000000000
10437  3.427  -83.533  -15.602 0.0000000000
11313  3.556  -83.297  -15.281 0.0000000000
11324  3.756  -82.037  -16.936 0.0000000000
11323  4.331  -81.514  -17.259 0.0000000000
13082  3.572  -80.545  -15.681 0.0000000000
12217  4.311  -80.930  -16.708 0.0000000000
12229  4.844  -81.137  -17.328 0.0000000000
11336  6.129  -81.879  -18.026 0.0000000000
11335  7.231  -82.069  -17.856 0.0000000000
11334  7.983  -82.469  -17.604 0.0000000000
11333  8.679  -82.930  -17.399 0.0000000000
11293  8.022  -83.083  -14.486 0.0000000000
11295  6.755  -82.721  -13.882 0.0000000000
11268  7.143  -83.089  -13.769 0.0000000000
10402  7.719  -83.640  -13.269 0.0000000000
10376  7.685  -83.832  -12.287 0.0000000000
10354  8.444  -83.753  -11.605 0.0000000000
10329  7.849  -83.348  -9.952 0.0000000000
28680  4.588  -65.508  -12.620 0.0000000000
27557  4.011  -66.408  -12.163 0.0000000000
26441  4.640  -67.082  -12.147 0.0000000000
26419  5.017  -67.908  -11.931 0.0000000000
24153  5.337  -69.181  -10.664 0.0000000000
25298  6.687  -68.658  -11.287 0.0000000000
24152  6.457  -69.272  -10.680 0.0000000000
22998  6.125  -69.857  -10.085 0.0000000000
22974  6.533  -70.458  -9.577 0.0000000000
20742  7.020  -72.325  -8.511 0.0000000000
18547  7.570  -73.894  -8.263 0.0000000000
19642  8.544  -73.350  -8.705 0.0000000000
19641  9.461  -73.791  -9.072 0.0000000000
20784  9.517  -72.080  -9.917 0.0000000000
19668  10.031  -73.349  -9.799 0.0000000000
18567  10.012  -74.148  -9.442 0.0000000000
18565  11.746  -74.829  -10.132 0.0000000000
17568  12.731  -75.543  -11.286 0.0000000000
18577  12.814  -74.599  -11.614 0.0000000000
18597  13.202  -74.575  -12.482 0.0000000000
19720  13.351  -73.497  -12.804 0.0000000000
20822  13.113  -72.104  -12.210 0.0000000000
19719  13.846  -73.461  -13.360 0.0000000000
20835  14.562  -72.457  -13.529 0.0000000000
20834  15.117  -72.405  -14.160 0.0000000000
29841  14.288  -65.015  -17.948 0.0000000000
27641  14.947  -66.157  -17.094 0.0000000000
28749  15.423  -65.693  -17.322 0.0000000000
28748  16.433  -65.818  -17.011 0.0000000000
28747  17.498  -65.524  -16.867 0.0000000000
28724  18.079  -66.262  -16.501 0.0000000000
27618  18.392  -67.057  -16.545 0.0000000000
26523  18.890  -67.503  -16.820 0.0000000000
26522  19.492  -67.379  -17.394 0.0000000000
26536  19.796  -67.575  -18.157 0.0000000000
26521  19.995  -66.958  -17.795 0.0000000000
27636  20.418  -66.368  -17.917 0.0000000000
28770  21.019  -65.769  -18.260 0.0000000000
29834  20.758  -64.300  -17.667 0.0000000000
28743  21.284  -64.827  -18.014 0.0000000000
29862  21.870  -64.225  -18.581 0.0000000000
30970  22.310  -63.636  -18.850 0.0000000000
32009  22.440  -62.672  -18.550 0.0000000000
471  10.504  -99.399  -37.774 0.0000000000
683  10.642  -99.054  -38.492 0.0000000000
682  11.338  -99.143  -38.343 0.0000000000
694  12.825  -98.707  -38.685 0.0000000000
703  13.397  -98.512  -39.038 0.0000000000
969  14.418  -98.363  -39.190 0.0000000000
2698  15.889  -94.887  -39.112 0.0000000000
2189  15.739  -95.261  -39.441 0.0000000000
2713  17.054  -94.851  -39.723 0.0000000000
2727  18.113  -94.739  -40.479 0.0000000000
2210  19.365  -94.780  -41.549 0.0000000000
2209  19.568  -94.582  -42.720 0.0000000000
2208  20.006  -94.745  -43.048 0.0000000000
2207  20.654  -94.618  -43.379 0.0000000000
2747  20.985  -94.175  -43.880 0.0000000000
2748  20.596  -93.871  -44.466 0.0000000000
3341  20.249  -93.269  -44.847 0.0000000000
3342  19.485  -93.113  -45.373 0.0000000000
2770  18.782  -93.711  -46.335 0.0000000000
3347  18.968  -93.186  -46.291 0.0000000000
3962  19.210  -92.296  -45.836 0.0000000000
4604  18.936  -91.306  -46.081 0.0000000000
5886  18.545  -89.378  -46.236 0.0000000000
5097  11.637  -90.329  -32.544 0.0000000000
5096  12.750  -90.352  -32.648 0.0000000000
5112  11.996  -90.998  -33.123 0.0000000000
4456  11.351  -92.079  -34.274 0.0000000000
3828  11.469  -92.497  -35.063 0.0000000000
3844  9.508  -92.557  -35.684 0.0000000000
3843  10.667  -92.913  -35.656 0.0000000000
3245  10.500  -93.782  -37.730 0.0000000000
3260  10.834  -94.211  -38.762 0.0000000000
5855  13.179  -88.688  -44.079 0.0000000000
17594  0.414  -75.499  -12.648 0.0000000000
16703  0.348  -76.328  -13.277 0.0000000000
17612  -0.068  -75.386  -13.276 0.0000000000
16715  0.004  -76.167  -14.178 0.0000000000
19745  -0.086  -73.270  -14.727 0.0000000000
18647  0.030  -74.878  -15.624 0.0000000000
17641  0.091  -75.605  -15.949 0.0000000000
16737  0.203  -76.120  -17.324 0.0000000000
16740  0.206  -76.565  -17.954 0.0000000000
9649  13.945  -84.676  -23.139 0.0000000000
10561  13.643  -83.813  -24.276 0.0000000000
11424  13.903  -83.213  -23.827 0.0000000000
11441  12.734  -82.480  -24.557 0.0000000000
11442  11.726  -82.373  -24.580 0.0000000000
11443  10.537  -82.616  -24.730 0.0000000000
9684  8.285  -83.913  -24.515 0.0000000000
9685  7.535  -84.302  -24.772 0.0000000000
12283  10.993  -81.151  -20.541 0.0000000000
11389  10.360  -81.992  -20.752 0.0000000000
10527  9.990  -83.023  -21.697 0.0000000000
10511  7.817  -83.016  -20.883 0.0000000000
10529  8.303  -83.531  -21.516 0.0000000000
10543  8.634  -83.679  -22.597 0.0000000000
9651  8.010  -83.947  -23.432 0.0000000000
9666  7.326  -84.165  -23.857 0.0000000000
8808  6.751  -84.603  -24.366 0.0000000000
8809  6.000  -84.852  -24.133 0.0000000000
8811  4.435  -85.227  -23.881 0.0000000000
8812  3.536  -85.245  -23.874 0.0000000000
9655  4.499  -84.634  -22.617 0.0000000000
8798  3.162  -85.004  -23.204 0.0000000000
8813  2.557  -85.129  -23.715 0.0000000000
8815  1.254  -84.997  -23.895 0.0000000000
9686  0.925  -84.787  -24.185 0.0000000000
9687  0.588  -84.071  -24.383 0.0000000000
25413  10.361  -68.354  -18.313 0.0000000000
26545  11.004  -67.702  -18.796 0.0000000000
26569  10.584  -66.903  -19.281 0.0000000000
27678  9.189  -66.288  -19.887 0.0000000000
27692  8.756  -65.757  -20.292 0.0000000000
29905  8.764  -64.154  -20.717 0.0000000000
29900  13.652  -64.307  -20.654 0.0000000000
29901  12.649  -64.236  -20.821 0.0000000000
29902  11.651  -64.333  -20.879 0.0000000000
31031  12.325  -63.009  -21.547 0.0000000000
29923  11.479  -63.662  -21.290 0.0000000000
29903  10.798  -64.326  -21.115 0.0000000000
29904  9.816  -64.152  -21.182 0.0000000000
31009  8.466  -63.223  -20.372 0.0000000000
32055  8.088  -62.367  -19.780 0.0000000000
33014  8.053  -61.397  -19.472 0.0000000000
34064  9.066  -60.420  -19.631 0.0000000000
34037  7.916  -60.284  -19.148 0.0000000000
35136  7.979  -59.037  -18.987 0.0000000000
36315  7.192  -58.111  -18.886 0.0000000000
37464  7.376  -57.299  -19.464 0.0000000000
7815  2.378  -86.796  -13.808 0.0000000000
7824  4.369  -85.873  -14.038 0.0000000000
8667  4.851  -85.466  -13.661 0.0000000000
8627  3.865  -85.848  -10.026 0.0000000000
8626  4.351  -86.261  -10.500 0.0000000000
8639  4.624  -85.742  -11.376 0.0000000000
8657  4.420  -85.029  -12.286 0.0000000000
9530  4.142  -84.146  -13.543 0.0000000000
9531  3.560  -84.045  -13.191 0.0000000000
10405  3.102  -83.457  -13.759 0.0000000000
11299  1.796  -82.480  -14.186 0.0000000000
10380  1.079  -83.462  -12.552 0.0000000000
11249  0.966  -82.769  -12.890 0.0000000000
12157  1.447  -81.595  -13.623 0.0000000000
13046  1.635  -81.231  -13.108 0.0000000000
13030  2.098  -81.057  -12.672 0.0000000000
12124  2.441  -81.141  -11.571 0.0000000000
29777  4.468  -64.854  -12.153 0.0000000000
28679  5.404  -65.649  -13.266 0.0000000000
27575  6.075  -65.802  -13.778 0.0000000000
28701  6.612  -65.033  -14.778 0.0000000000
27591  6.880  -65.699  -14.635 0.0000000000
27554  7.474  -66.802  -13.096 0.0000000000
27573  8.115  -66.545  -13.779 0.0000000000
27572  9.310  -66.893  -13.399 0.0000000000
26457  10.262  -67.122  -13.304 0.0000000000
26456  11.052  -67.479  -13.452 0.0000000000
27587  10.651  -67.041  -14.507 0.0000000000
27606  10.898  -66.946  -15.097 0.0000000000
27625  11.474  -66.568  -16.122 0.0000000000
28731  9.905  -65.828  -16.953 0.0000000000
28729  12.067  -66.082  -16.848 0.0000000000
28752  12.643  -65.493  -17.517 0.0000000000
29842  13.266  -64.873  -18.033 0.0000000000
29868  11.739  -63.944  -18.714 0.0000000000
29867  12.856  -64.072  -18.549 0.0000000000
32033  14.592  -61.973  -19.397 0.0000000000
32016  15.305  -62.542  -19.116 0.0000000000
32015  16.495  -62.575  -18.781 0.0000000000
32992  17.152  -61.623  -19.068 0.0000000000
2168  6.836  -95.401  -38.630 0.0000000000
1722  8.082  -96.576  -38.952 0.0000000000
1708  7.705  -96.004  -38.565 0.0000000000
1693  10.133  -96.527  -37.613 0.0000000000
1678  8.993  -96.458  -36.458 0.0000000000
1703  12.428  -96.161  -38.213 0.0000000000
2165  13.254  -95.758  -38.117 0.0000000000
2164  14.349  -95.239  -38.257 0.0000000000
2085  10.215  -95.685  -33.636 0.0000000000
2098  12.256  -95.873  -34.928 0.0000000000
2629  13.535  -94.914  -35.246 0.0000000000
2111  13.254  -95.224  -35.665 0.0000000000
2112  12.665  -95.649  -35.766 0.0000000000
2147  13.858  -95.271  -37.261 0.0000000000
2672  14.945  -94.856  -38.188 0.0000000000
2163  15.072  -94.955  -38.639 0.0000000000
2682  16.237  -94.588  -38.735 0.0000000000
3271  17.885  -93.893  -39.137 0.0000000000
3285  18.467  -93.443  -39.614 0.0000000000
3254  18.272  -93.069  -38.526 0.0000000000
3896  18.546  -92.775  -39.090 0.0000000000
3905  18.692  -92.456  -39.994 0.0000000000
4543  18.198  -91.550  -41.774 0.0000000000
4556  16.644  -91.151  -42.417 0.0000000000
4570  16.069  -91.333  -43.145 0.0000000000
4486  4.542  -91.799  -36.665 0.0000000000
3866  4.955  -92.093  -37.183 0.0000000000
4498  4.403  -91.436  -37.429 0.0000000000
5161  4.329  -90.701  -38.185 0.0000000000
5169  4.852  -90.661  -39.154 0.0000000000
6533  4.868  -89.322  -38.469 0.0000000000
5829  4.976  -90.052  -39.158 0.0000000000
5168  5.317  -90.650  -39.656 0.0000000000
5837  6.474  -89.856  -40.613 0.0000000000
5836  7.350  -89.457  -40.918 0.0000000000
36361  20.826  -58.321  -22.130 0.0000000000
36362  19.856  -58.765  -22.419 0.0000000000
38637  19.575  -56.305  -23.004 0.0000000000
38653  19.107  -55.653  -23.216 0.0000000000
39700  18.727  -54.782  -23.305 0.0000000000
40911  18.346  -54.260  -23.604 0.0000000000
42036  18.055  -53.635  -24.133 0.0000000000
43150  17.861  -52.725  -24.747 0.0000000000
5054  10.993  -90.490  -29.340 0.0000000000
5719  12.601  -89.686  -28.845 0.0000000000
5718  13.809  -89.373  -28.895 0.0000000000
6365  13.346  -88.570  -27.750 0.0000000000
5696  14.477  -88.584  -28.639 0.0000000000
5717  14.932  -89.133  -29.408 0.0000000000
6392  14.984  -88.083  -30.351 0.0000000000
6412  14.423  -88.397  -31.184 0.0000000000
5746  12.886  -89.083  -31.616 0.0000000000
7996  12.770  -86.672  -26.264 0.0000000000
8012  13.247  -86.340  -27.522 0.0000000000
8027  13.353  -86.367  -28.325 0.0000000000
7183  11.902  -86.720  -29.575 0.0000000000
7182  12.987  -86.874  -29.552 0.0000000000
6394  12.926  -87.936  -30.593 0.0000000000
6414  12.382  -88.544  -31.080 0.0000000000
5761  12.294  -89.725  -32.075 0.0000000000
5762  11.225  -89.693  -32.036 0.0000000000
5114  9.919  -90.636  -33.067 0.0000000000
5115  9.058  -90.333  -33.259 0.0000000000
5764  9.096  -89.073  -32.244 0.0000000000
5100  8.790  -89.697  -32.967 0.0000000000
4447  8.698  -90.625  -33.711 0.0000000000
4460  7.329  -90.748  -34.989 0.0000000000
4461  6.236  -90.763  -35.231 0.0000000000
4462  5.256  -91.212  -34.996 0.0000000000
10576  13.190  -83.500  -25.304 0.0000000000
11489  12.132  -82.275  -26.965 0.0000000000
11501  10.647  -81.973  -28.263 0.0000000000
11477  9.423  -82.280  -27.483 0.0000000000
11502  9.708  -81.999  -28.611 0.0000000000
11513  9.608  -82.475  -29.324 0.0000000000
10618  8.380  -83.086  -30.132 0.0000000000
10626  7.795  -83.681  -30.910 0.0000000000
9760  6.760  -84.747  -31.645 0.0000000000
8866  6.093  -84.427  -26.533 0.0000000000
8876  5.825  -84.446  -27.368 0.0000000000
8883  5.266  -84.587  -28.312 0.0000000000
8031  4.994  -86.075  -28.705 0.0000000000
8884  4.999  -85.181  -28.892 0.0000000000
8891  5.215  -84.617  -29.183 0.0000000000
9743  5.307  -84.890  -30.475 0.0000000000
9761  5.951  -84.990  -31.508 0.0000000000
8910  6.569  -85.566  -32.012 0.0000000000
7231  5.981  -87.033  -32.577 0.0000000000
5767  5.756  -88.542  -33.280 0.0000000000
6435  4.526  -89.086  -31.902 0.0000000000
5768  4.890  -89.102  -32.695 0.0000000000
5780  5.367  -89.316  -33.597 0.0000000000
5119  4.983  -90.122  -33.896 0.0000000000
5134  4.657  -90.899  -34.294 0.0000000000
4478  3.736  -91.417  -35.308 0.0000000000
5146  3.495  -90.699  -36.496 0.0000000000
5793  3.721  -89.064  -36.227 0.0000000000
5787  2.710  -89.210  -34.825 0.0000000000
6478  3.394  -88.422  -35.388 0.0000000000
6477  4.028  -88.330  -36.107 0.0000000000
7282  4.593  -87.344  -36.156 0.0000000000
8993  5.166  -86.008  -36.614 0.0000000000
8073  2.432  -86.628  -32.340 0.0000000000
8942  2.704  -86.099  -33.039 0.0000000000
8941  3.225  -85.904  -33.657 0.0000000000
9794  3.214  -84.453  -33.126 0.0000000000
9809  4.237  -85.662  -34.899 0.0000000000
14879  6.670  -77.727  -14.854 0.0000000000
14899  6.722  -77.474  -15.248 0.0000000000
15811  5.896  -77.052  -14.730 0.0000000000
16712  5.348  -76.536  -14.566 0.0000000000
16713  4.860  -75.777  -14.920 0.0000000000
16665  5.256  -75.786  -13.595 0.0000000000
17589  4.312  -75.472  -14.112 0.0000000000
17610  3.629  -75.244  -14.390 0.0000000000
17611  2.877  -75.467  -14.041 0.0000000000
16682  2.300  -75.783  -13.252 0.0000000000
17592  1.855  -75.368  -12.328 0.0000000000
20807  5.760  -73.274  -14.516 0.0000000000
19708  4.073  -73.186  -13.954 0.0000000000
21877  3.821  -71.981  -13.879 0.0000000000
20786  3.539  -72.976  -13.484 0.0000000000
19691  3.453  -73.520  -12.020 0.0000000000
17577  2.216  -74.900  -11.841 0.0000000000
18602  1.209  -75.228  -11.930 0.0000000000
18587  0.419  -74.261  -11.783 0.0000000000
20813  -0.371  -72.882  -11.927 0.0000000000
21882  -0.339  -71.539  -12.011 0.0000000000
25397  8.212  -68.662  -17.761 0.0000000000
25398  7.638  -68.387  -17.548 0.0000000000
26510  7.143  -68.098  -17.364 0.0000000000
25381  6.776  -68.255  -16.697 0.0000000000
26494  6.131  -67.904  -16.281 0.0000000000
25369  4.876  -67.886  -15.512 0.0000000000
26475  4.196  -67.746  -15.107 0.0000000000
29884  6.289  -64.492  -19.620 0.0000000000
29871  5.053  -65.048  -19.059 0.0000000000
28757  4.754  -65.848  -18.118 0.0000000000
29873  3.519  -64.083  -18.221 0.0000000000
29847  3.992  -65.063  -18.028 0.0000000000
27644  4.362  -66.093  -17.237 0.0000000000
27629  4.369  -66.451  -16.477 0.0000000000
27611  3.631  -66.444  -15.467 0.0000000000
26476  3.342  -67.265  -14.744 0.0000000000
26477  2.357  -67.193  -14.140 0.0000000000
26478  1.731  -67.179  -13.805 0.0000000000
26460  1.078  -67.362  -13.593 0.0000000000
27577  0.406  -66.682  -13.808 0.0000000000
26462  0.029  -67.605  -14.192 0.0000000000
36363  18.613  -58.638  -22.662 0.0000000000
36364  17.565  -58.646  -22.745 0.0000000000
35205  15.122  -59.363  -22.116 0.0000000000
35206  14.279  -59.128  -21.923 0.0000000000
38671  16.558  -56.179  -24.692 0.0000000000
37566  15.116  -57.516  -24.712 0.0000000000
37544  15.136  -57.649  -23.621 0.0000000000
36368  14.147  -58.443  -22.062 0.0000000000
36349  12.990  -58.874  -21.710 0.0000000000
36350  12.422  -58.718  -21.256 0.0000000000
36326  11.896  -58.463  -20.683 0.0000000000
37460  11.069  -57.212  -19.904 0.0000000000
37501  11.608  -57.484  -21.801 0.0000000000
38613  10.946  -56.698  -20.528 0.0000000000
38599  10.320  -56.742  -20.253 0.0000000000
38615  9.262  -56.847  -20.358 0.0000000000
37481  8.536  -56.965  -20.691 0.0000000000
475  6.692  -99.174  -36.836 0.0000000000
675  5.883  -99.044  -36.725 0.0000000000
687  6.571  -98.798  -37.364 0.0000000000
962  5.912  -98.158  -37.628 0.0000000000
1298  5.762  -97.346  -38.038 0.0000000000
2183  5.743  -96.587  -38.800 0.0000000000
1250  4.653  -97.725  -34.166 0.0000000000
939  3.914  -97.888  -35.624 0.0000000000
1252  3.087  -97.546  -34.868 0.0000000000
1265  3.152  -97.527  -35.651 0.0000000000
1292  4.388  -97.079  -37.493 0.0000000000
1711  4.379  -96.625  -38.135 0.0000000000
2170  5.118  -96.137  -38.735 0.0000000000
2153  5.374  -95.050  -38.229 0.0000000000
2137  5.873  -94.705  -37.472 0.0000000000
2648  5.995  -94.715  -36.842 0.0000000000
2633  3.761  -94.531  -36.063 0.0000000000
2631  6.106  -94.687  -36.020 0.0000000000
2630  7.143  -94.848  -35.339 0.0000000000
2613  7.569  -94.646  -34.415 0.0000000000
3185  7.564  -93.910  -33.575 0.0000000000
1613  1.495  -96.377  -31.390 0.0000000000
2597  1.798  -94.522  -33.737 0.0000000000
3190  2.406  -93.889  -33.666 0.0000000000
2572  2.125  -94.126  -31.984 0.0000000000
3170  3.032  -93.414  -32.906 0.0000000000
3189  3.361  -93.537  -33.676 0.0000000000
3187  5.418  -93.213  -33.582 0.0000000000
3186  6.500  -93.489  -33.641 0.0000000000
3165  8.110  -93.511  -32.793 0.0000000000
3806  8.587  -93.247  -32.005 0.0000000000
3790  8.068  -92.869  -31.407 0.0000000000
3792  5.938  -92.549  -31.599 0.0000000000
4429  8.675  -92.520  -30.765 0.0000000000
4411  9.166  -91.935  -30.245 0.0000000000
5078  9.580  -91.320  -29.740 0.0000000000
2517  2.107  -94.630  -26.610 0.0000000000
3120  1.914  -93.609  -27.278 0.0000000000
2452  3.165  -94.070  -22.771 0.0000000000
2470  2.977  -94.296  -23.458 0.0000000000
3711  2.238  -92.364  -24.562 0.0000000000
3079  2.678  -93.031  -24.322 0.0000000000
2486  2.748  -93.834  -24.476 0.0000000000
3106  1.934  -93.228  -26.271 0.0000000000
3121  1.798  -92.769  -27.001 0.0000000000
3759  1.729  -91.895  -28.424 0.0000000000
4398  2.472  -91.336  -29.334 0.0000000000
4397  3.204  -91.291  -29.684 0.0000000000
4395  4.862  -91.560  -29.451 0.0000000000
5028  3.568  -89.894  -28.343 0.0000000000
5061  5.098  -91.257  -28.936 0.0000000000
5060  5.684  -91.751  -28.873 0.0000000000
5058  7.329  -92.171  -28.615 0.0000000000
5057  8.434  -91.945  -28.750 0.0000000000
5056  9.279  -91.285  -29.010 0.0000000000
5722  9.620  -90.567  -28.530 0.0000000000
5702  9.303  -90.707  -27.713 0.0000000000
5679  9.817  -90.144  -27.090 0.0000000000
5659  7.040  -91.203  -26.503 0.0000000000
5658  8.225  -91.069  -26.388 0.0000000000
5640  10.291  -89.673  -25.267 0.0000000000
5625  9.914  -89.674  -24.543 0.0000000000
5628  4.544  -89.711  -24.375 0.0000000000
5627  5.226  -90.653  -24.101 0.0000000000
4984  6.191  -91.402  -24.201 0.0000000000
4950  5.720  -90.470  -22.547 0.0000000000
4969  5.939  -90.929  -23.334 0.0000000000
4968  7.043  -91.287  -23.540 0.0000000000
4967  8.100  -90.869  -23.552 0.0000000000
5626  9.604  -89.580  -23.966 0.0000000000
6307  10.561  -89.127  -24.311 0.0000000000
6308  10.301  -89.096  -23.647 0.0000000000
7128  11.058  -88.518  -23.598 0.0000000000
7965  11.766  -87.610  -23.521 0.0000000000
7098  10.291  -88.662  -22.075 0.0000000000
7115  11.149  -88.380  -22.770 0.0000000000
8807  11.959  -87.271  -23.341 0.0000000000
8806  12.105  -86.830  -23.185 0.0000000000
8794  12.282  -87.100  -22.585 0.0000000000
8793  12.672  -86.545  -22.536 0.0000000000
7013  0.557  -87.351  -16.992 0.0000000000
7876  0.602  -86.566  -17.845 0.0000000000
8715  0.926  -85.200  -16.170 0.0000000000
8734  0.805  -85.493  -17.292 0.0000000000
8775  1.283  -86.297  -18.917 0.0000000000
7913  2.366  -86.472  -18.876 0.0000000000
7912  3.185  -86.908  -18.860 0.0000000000
10438  2.889  -83.607  -15.990 0.0000000000
10445  2.528  -83.575  -16.726 0.0000000000
9605  3.238  -84.134  -18.213 0.0000000000
9603  5.277  -84.231  -18.257 0.0000000000
8748  4.520  -84.816  -18.109 0.0000000000
8749  3.677  -84.907  -18.125 0.0000000000
7029  4.117  -86.248  -17.811 0.0000000000
7046  4.489  -87.499  -18.036 0.0000000000
6230  5.901  -88.491  -18.715 0.0000000000
7043  7.530  -88.490  -18.636 0.0000000000
7042  8.472  -88.434  -18.817 0.0000000000
7062  9.751  -88.304  -19.472 0.0000000000
7023  9.414  -87.881  -18.211 0.0000000000
7888  9.931  -87.891  -18.645 0.0000000000
7911  10.576  -88.001  -19.401 0.0000000000
7925  11.673  -87.558  -20.267 0.0000000000
7932  12.405  -87.074  -21.233 0.0000000000
8787  13.353  -85.857  -22.034 0.0000000000
8781  13.872  -85.184  -21.704 0.0000000000
9633  14.245  -84.411  -21.045 0.0000000000
9625  14.259  -83.892  -19.995 0.0000000000
9597  13.268  -84.957  -18.562 0.0000000000
9626  13.814  -84.466  -19.187 0.0000000000
10494  14.312  -82.804  -19.754 0.0000000000
11368  14.081  -81.918  -19.707 0.0000000000
12256  13.580  -81.318  -20.051 0.0000000000
12257  12.780  -80.759  -19.851 0.0000000000
11332  9.704  -83.049  -17.155 0.0000000000
11331  10.775  -83.119  -17.029 0.0000000000
11330  12.183  -82.993  -17.157 0.0000000000
12211  10.776  -82.796  -16.067 0.0000000000
12222  11.917  -82.552  -16.756 0.0000000000
11329  12.656  -82.431  -17.482 0.0000000000
12221  12.659  -81.802  -17.407 0.0000000000
12239  13.117  -80.952  -18.476 0.0000000000
13126  12.596  -80.213  -19.195 0.0000000000
13983  11.908  -79.499  -18.405 0.0000000000
13972  11.382  -79.090  -18.088 0.0000000000
14909  10.644  -78.510  -16.523 0.0000000000
13932  10.923  -79.918  -14.963 0.0000000000
14910  9.553  -78.215  -16.562 0.0000000000
14896  9.228  -78.364  -15.783 0.0000000000
14877  8.332  -78.780  -14.759 0.0000000000
14878  7.648  -78.550  -14.584 0.0000000000
13884  0.693  -79.889  -10.206 0.0000000000
14807  -0.273  -77.828  -9.384 0.0000000000
14806  0.295  -78.671  -9.642 0.0000000000
13897  0.885  -79.900  -11.019 0.0000000000
13896  1.322  -80.019  -11.176 0.0000000000
13895  1.781  -79.930  -11.041 0.0000000000
13007  2.235  -80.507  -11.038 0.0000000000
21791  0.720  -71.312  -8.337 0.0000000000
27530  3.253  -66.753  -11.497 0.0000000000
25302  2.929  -68.336  -11.137 0.0000000000
25282  2.232  -68.513  -10.914 0.0000000000
22977  3.543  -70.211  -9.830 0.0000000000
22978  2.607  -70.181  -10.000 0.0000000000
24139  2.056  -69.426  -10.224 0.0000000000
21833  1.800  -70.646  -9.543 0.0000000000
21809  1.608  -71.295  -9.270 0.0000000000
20748  1.038  -72.268  -8.985 0.0000000000
19650  1.082  -73.442  -9.160 0.0000000000
18553  1.408  -74.480  -9.440 0.0000000000
16628  1.925  -76.706  -9.585 0.0000000000
15735  2.470  -77.677  -9.432 0.0000000000
14804  2.948  -78.583  -9.584 0.0000000000
13868  2.950  -79.617  -9.746 0.0000000000
12112  3.113  -81.391  -10.442 0.0000000000
12100  3.479  -81.540  -9.856 0.0000000000
12099  4.034  -81.756  -9.430 0.0000000000
11211  4.836  -82.417  -9.260 0.0000000000
13840  4.667  -79.588  -7.166 0.0000000000
12083  5.525  -81.591  -7.801 0.0000000000
11210  5.618  -82.787  -9.179 0.0000000000
11209  6.506  -83.014  -9.305 0.0000000000
11192  7.088  -82.527  -8.579 0.0000000000
11191  8.045  -82.361  -8.892 0.0000000000
17519  7.391  -75.630  -7.543 0.0000000000
16605  7.944  -76.721  -7.342 0.0000000000
15699  7.536  -77.998  -7.065 0.0000000000
16604  9.076  -76.554  -7.849 0.0000000000
14787  8.745  -78.549  -7.545 0.0000000000
14770  8.046  -78.954  -7.212 0.0000000000
11190  8.569  -82.070  -9.338 0.0000000000
12098  9.002  -81.566  -10.147 0.0000000000
12110  9.746  -81.454  -11.324 0.0000000000
13016  10.068  -80.247  -12.047 0.0000000000
13005  10.020  -79.612  -11.679 0.0000000000
13028  9.240  -79.583  -12.691 0.0000000000
13041  8.899  -79.642  -13.107 0.0000000000
13904  8.230  -79.212  -13.149 0.0000000000
14863  7.063  -78.459  -13.955 0.0000000000
14855  6.803  -78.111  -13.460 0.0000000000
15769  7.226  -77.128  -13.068 0.0000000000
16663  7.426  -76.501  -13.119 0.0000000000
15767  9.202  -77.604  -12.569 0.0000000000
16662  8.372  -76.761  -12.954 0.0000000000
17571  7.527  -75.698  -13.338 0.0000000000
17588  7.947  -75.395  -13.528 0.0000000000
18598  7.946  -75.049  -13.875 0.0000000000
18618  8.334  -74.886  -14.356 0.0000000000
16694  12.774  -76.477  -12.725 0.0000000000
16695  12.089  -76.692  -13.343 0.0000000000
17605  11.821  -76.124  -14.090 0.0000000000
17623  11.516  -75.515  -14.651 0.0000000000
17606  10.712  -75.711  -14.307 0.0000000000
18616  10.104  -75.253  -14.621 0.0000000000
19721  9.230  -74.203  -15.280 0.0000000000
19722  8.449  -74.125  -15.206 0.0000000000
20838  8.359  -73.077  -15.724 0.0000000000
21923  9.149  -72.265  -16.329 0.0000000000
23057  9.243  -71.857  -16.671 0.0000000000
20864  11.385  -72.826  -17.020 0.0000000000
21937  10.059  -72.150  -17.187 0.0000000000
23068  9.637  -71.482  -17.229 0.0000000000
24222  10.870  -70.788  -18.026 0.0000000000
24242  11.141  -70.203  -18.172 0.0000000000
25347  11.685  -67.824  -13.674 0.0000000000
25330  12.192  -68.431  -13.323 0.0000000000
24193  12.909  -68.986  -13.331 0.0000000000
26470  13.340  -67.797  -14.562 0.0000000000
24192  13.885  -69.284  -13.613 0.0000000000
23037  14.608  -70.357  -13.687 0.0000000000
23036  15.351  -70.505  -14.205 0.0000000000
21921  15.838  -71.540  -14.816 0.0000000000
27622  14.895  -66.640  -16.446 0.0000000000
26506  15.424  -67.300  -15.868 0.0000000000
25377  15.920  -67.955  -15.534 0.0000000000
25362  15.900  -68.649  -15.089 0.0000000000
24209  16.210  -69.642  -15.081 0.0000000000
20845  15.925  -72.225  -15.592 0.0000000000
21949  13.972  -71.680  -17.807 0.0000000000
23082  13.234  -70.859  -18.057 0.0000000000
24241  12.501  -70.068  -18.148 0.0000000000
25394  11.908  -69.255  -18.126 0.0000000000
25411  12.580  -68.525  -18.333 0.0000000000
26543  13.233  -67.797  -18.605 0.0000000000
26541  15.376  -67.986  -18.850 0.0000000000
26566  13.873  -67.058  -18.934 0.0000000000
27673  14.522  -66.378  -19.306 0.0000000000
28792  15.191  -65.703  -19.635 0.0000000000
26560  19.737  -67.395  -18.947 0.0000000000
26561  18.930  -67.567  -19.294 0.0000000000
27669  18.583  -66.860  -19.708 0.0000000000
28787  20.253  -66.201  -19.803 0.0000000000
28788  19.256  -66.166  -19.986 0.0000000000
28789  18.227  -66.063  -19.987 0.0000000000
28806  16.857  -65.222  -20.242 0.0000000000
29897  16.539  -64.459  -20.497 0.0000000000
31002  17.222  -63.776  -20.789 0.0000000000
31025  17.892  -63.061  -21.003 0.0000000000
32073  18.670  -62.542  -21.570 0.0000000000
32052  20.092  -63.016  -21.302 0.0000000000
32072  19.732  -62.360  -21.678 0.0000000000
33055  19.267  -61.709  -22.004 0.0000000000
33082  20.185  -60.791  -22.126 0.0000000000
35183  20.357  -59.678  -22.175 0.0000000000
34015  18.818  -60.734  -19.128 0.0000000000
32989  20.454  -61.481  -18.437 0.0000000000
34013  20.874  -60.448  -18.769 0.0000000000
32979  21.838  -61.880  -18.099 0.0000000000
32987  22.434  -61.442  -18.515 0.0000000000
33005  23.185  -61.104  -19.073 0.0000000000
33031  23.228  -60.931  -19.686 0.0000000000
34060  22.385  -60.822  -20.760 0.0000000000
35180  22.857  -59.352  -21.027 0.0000000000
35181  22.120  -59.872  -21.355 0.0000000000
36347  20.753  -59.055  -22.049 0.0000000000
37517  21.626  -57.541  -22.090 0.0000000000
39696  22.530  -55.485  -22.398 0.0000000000
289  12.114  -99.935  -36.481 0.0000000000
454  13.039  -99.614  -36.230 0.0000000000
673  13.341  -98.992  -37.053 0.0000000000
669  13.643  -99.154  -36.289 0.0000000000
1735  8.512  -97.010  -39.321 0.0000000000
1748  9.366  -97.227  -39.895 0.0000000000
1315  10.246  -97.585  -39.947 0.0000000000
1745  11.768  -96.884  -40.168 0.0000000000
1314  11.220  -97.516  -40.351 0.0000000000
996  11.920  -98.009  -40.167 0.0000000000
982  12.992  -98.227  -39.687 0.0000000000
981  13.810  -98.245  -39.403 0.0000000000
701  15.620  -98.562  -39.574 0.0000000000
2196  15.549  -95.771  -39.685 0.0000000000
1755  15.586  -96.554  -39.664 0.0000000000
1322  15.920  -97.100  -39.674 0.0000000000
1320  17.924  -96.202  -39.954 0.0000000000
1321  17.036  -96.887  -39.760 0.0000000000
1309  16.360  -97.407  -39.870 0.0000000000
991  16.692  -97.904  -40.161 0.0000000000
978  16.874  -98.270  -39.861 0.0000000000
966  17.086  -98.299  -39.228 0.0000000000
955  18.046  -97.726  -38.629 0.0000000000
1287  18.886  -96.982  -38.366 0.0000000000
1685  19.810  -96.142  -37.755 0.0000000000
1713  20.342  -96.134  -39.173 0.0000000000
2162  20.606  -95.795  -38.449 0.0000000000
2145  20.410  -95.395  -37.385 0.0000000000
2656  20.998  -94.558  -37.485 0.0000000000
4515  22.359  -91.912  -40.152 0.0000000000
3934  21.394  -92.903  -43.089 0.0000000000
4566  21.254  -92.083  -43.474 0.0000000000
5075  12.693  -91.042  -29.910 0.0000000000
4407  13.319  -91.643  -30.586 0.0000000000
4424  14.012  -91.954  -30.962 0.0000000000
5072  15.765  -90.383  -30.534 0.0000000000
4423  14.989  -91.704  -31.170 0.0000000000
3783  15.359  -91.989  -31.824 0.0000000000
3799  15.854  -92.153  -32.448 0.0000000000
3815  16.704  -92.098  -33.433 0.0000000000
4440  16.866  -91.700  -34.492 0.0000000000
5111  13.209  -90.948  -33.524 0.0000000000
5128  14.919  -90.825  -34.194 0.0000000000
4472  12.964  -92.228  -35.396 0.0000000000
4453  14.462  -91.340  -34.928 0.0000000000
4452  15.432  -91.192  -34.914 0.0000000000
4451  16.386  -91.280  -34.690 0.0000000000
4468  16.781  -91.501  -35.850 0.0000000000
4494  16.955  -91.520  -37.569 0.0000000000
4520  14.849  -92.243  -39.162 0.0000000000
4519  15.326  -91.898  -39.634 0.0000000000
4532  15.938  -91.529  -40.468 0.0000000000
4546  15.489  -91.666  -41.264 0.0000000000
4557  15.623  -91.519  -42.307 0.0000000000
3937  15.373  -92.138  -43.410 0.0000000000
3879  5.470  -92.511  -37.625 0.0000000000
3249  6.375  -93.146  -37.747 0.0000000000
3263  7.583  -93.567  -38.368 0.0000000000
3279  5.851  -93.024  -39.820 0.0000000000
3277  7.173  -93.801  -39.304 0.0000000000
3276  7.890  -93.957  -38.913 0.0000000000
2675  9.245  -94.258  -39.050 0.0000000000
2686  9.494  -94.460  -39.760 0.0000000000
2685  10.657  -94.519  -39.589 0.0000000000
3314  7.366  -93.253  -42.684 0.0000000000
3956  8.989  -92.886  -44.005 0.0000000000
3313  8.161  -93.860  -43.184 0.0000000000
2735  7.897  -94.033  -42.435 0.0000000000
2717  9.380  -94.533  -41.612 0.0000000000
2701  9.935  -94.696  -40.608 0.0000000000
2684  11.257  -94.501  -39.949 0.0000000000
2699  11.862  -94.573  -40.974 0.0000000000
3300  12.567  -94.224  -41.483 0.0000000000
3312  13.058  -94.063  -41.891 0.0000000000
2203  12.034  -94.929  -43.566 0.0000000000
3311  13.519  -93.870  -42.260 0.0000000000
3310  14.161  -93.574  -42.867 0.0000000000
3322  15.154  -93.174  -43.743 0.0000000000
3951  15.755  -92.931  -44.033 0.0000000000
2752  16.124  -93.889  -44.978 0.0000000000
2774  15.583  -93.597  -45.799 0.0000000000
3351  15.905  -93.093  -46.079 0.0000000000
3970  14.338  -92.579  -46.238 0.0000000000
4608  15.544  -91.483  -46.277 0.0000000000
4607  16.478  -91.385  -46.333 0.0000000000
5231  16.710  -90.456  -46.226 0.0000000000
5887  17.717  -89.414  -46.274 0.0000000000
6595  13.622  -88.097  -44.879 0.0000000000
6604  14.296  -88.670  -45.516 0.0000000000
15834  6.679  -77.314  -16.511 0.0000000000
14913  6.403  -77.599  -16.964 0.0000000000
14927  5.868  -78.187  -17.414 0.0000000000
15837  4.162  -77.246  -16.410 0.0000000000
14929  4.302  -78.308  -16.949 0.0000000000
13990  4.975  -79.486  -17.984 0.0000000000
13112  4.741  -80.025  -18.489 0.0000000000
13134  4.445  -80.600  -19.076 0.0000000000
13135  3.463  -80.994  -19.080 0.0000000000
14866  0.913  -77.661  -13.963 0.0000000000
14902  0.722  -78.860  -15.086 0.0000000000
13950  1.515  -79.234  -15.472 0.0000000000
14918  -0.101  -79.000  -16.234 0.0000000000
13963  0.604  -80.112  -16.227 0.0000000000
13962  1.564  -79.981  -16.347 0.0000000000
12266  3.302  -81.719  -19.697 0.0000000000
11370  2.636  -82.288  -19.836 0.0000000000
11398  1.576  -83.144  -20.215 0.0000000000
10518  1.173  -83.558  -20.705 0.0000000000
11399  -0.148  -81.966  -20.501 0.0000000000
10520  -0.069  -82.734  -20.738 0.0000000000
10538  -0.088  -83.305  -21.602 0.0000000000
10546  0.053  -83.519  -22.806 0.0000000000
10552  0.280  -83.547  -23.753 0.0000000000
11444  -0.193  -82.390  -24.875 0.0000000000
14974  0.009  -78.166  -21.855 0.0000000000
14973  0.132  -78.640  -22.123 0.0000000000
14044  -0.034  -79.292  -22.527 0.0000000000
14996  -0.426  -78.105  -24.266 0.0000000000
14052  -0.236  -79.235  -23.812 0.0000000000
13176  -0.299  -80.397  -23.340 0.0000000000
12327  -0.251  -81.377  -24.210 0.0000000000
12341  -0.282  -81.334  -25.294 0.0000000000
11461  -0.305  -82.280  -25.935 0.0000000000
11481  -0.358  -82.257  -26.760 0.0000000000
11508  -0.574  -82.095  -28.318 0.0000000000
11516  -0.837  -81.859  -29.302 0.0000000000
13239  -1.175  -80.232  -29.721 0.0000000000
13295  -0.195  -80.656  -31.905 0.0000000000
14208  0.436  -79.747  -33.222 0.0000000000
455  12.629  -99.819  -36.250 0.0000000000
459  12.932  -99.485  -36.805 0.0000000000
468  12.821  -99.305  -37.168 0.0000000000
474  7.278  -99.080  -36.954 0.0000000000
594  2.072  -99.303  -27.740 0.0000000000
674  6.404  -99.243  -36.733 0.0000000000
680  13.133  -98.786  -37.942 0.0000000000
689  5.219  -98.488  -36.992 0.0000000000
690  15.761  -98.597  -39.523 0.0000000000
691  15.435  -98.533  -39.419 0.0000000000
692  14.715  -98.391  -39.055 0.0000000000
693  13.794  -98.485  -38.802 0.0000000000
695  11.971  -98.913  -38.834 0.0000000000
698  9.367  -98.770  -38.913 0.0000000000
702  15.242  -98.380  -39.338 0.0000000000
707  10.143  -98.589  -39.228 0.0000000000
709  12.228  -98.366  -39.726 0.0000000000
711  11.024  -98.374  -39.605 0.0000000000
852  1.748  -99.024  -27.849 0.0000000000
882  2.378  -98.545  -29.821 0.0000000000
903  3.137  -98.164  -30.997 0.0000000000
904  2.837  -98.231  -31.099 0.0000000000
927  3.869  -97.864  -34.954 0.0000000000
952  13.671  -98.689  -37.493 0.0000000000
954  4.386  -97.832  -36.858 0.0000000000
961  6.634  -98.319  -38.007 0.0000000000
964  18.321  -97.127  -39.432 0.0000000000
965  18.079  -97.770  -39.131 0.0000000000
967  16.151  -98.486  -39.484 0.0000000000
968  15.765  -98.526  -39.655 0.0000000000
970  13.866  -98.442  -39.108 0.0000000000
974  6.369  -97.959  -38.095 0.0000000000
976  18.029  -97.392  -39.618 0.0000000000
979  15.887  -98.344  -39.758 0.0000000000
983  10.469  -98.433  -39.454 0.0000000000
984  10.043  -98.400  -39.466 0.0000000000
985  9.316  -98.423  -39.351 0.0000000000
988  18.593  -97.014  -40.162 0.0000000000
989  18.059  -97.183  -39.993 0.0000000000
992  15.759  -97.775  -39.961 0.0000000000
993  14.576  -97.827  -39.740 0.0000000000
995  12.767  -98.086  -40.122 0.0000000000
999  9.093  -98.075  -39.545 0.0000000000
1000  8.827  -98.150  -39.448 0.0000000000
1002  14.265  -97.524  -40.135 0.0000000000
1004  12.798  -97.814  -40.454 0.0000000000
1190  1.563  -97.965  -28.627 0.0000000000
1240  2.282  -97.338  -33.869 0.0000000000
1241  1.710  -96.954  -33.536 0.0000000000
1277  2.729  -96.995  -36.337 0.0000000000
1280  18.895  -96.948  -37.961 0.0000000000
1281  18.529  -97.051  -37.863 0.0000000000
1282  17.650  -97.297  -37.704 0.0000000000
1283  16.642  -97.351  -36.973 0.0000000000
1286  3.997  -97.265  -36.937 0.0000000000
1289  17.749  -97.594  -38.139 0.0000000000
1290  5.925  -97.679  -37.907 0.0000000000
1295  18.381  -97.409  -38.705 0.0000000000
1296  7.105  -97.387  -38.910 0.0000000000
1297  6.306  -97.471  -38.351 0.0000000000
1300  18.544  -96.486  -39.762 0.0000000000
1301  8.810  -97.274  -39.607 0.0000000000
1303  7.761  -97.532  -39.068 0.0000000000
1304  19.189  -96.264  -40.712 0.0000000000
1305  18.771  -96.538  -40.452 0.0000000000
1308  16.649  -97.502  -40.035 0.0000000000
1311  14.452  -96.731  -40.027 0.0000000000
1313  12.199  -97.283  -40.591 0.0000000000
1316  9.245  -97.572  -39.806 0.0000000000
1317  8.816  -97.917  -39.535 0.0000000000
1324  13.933  -97.059  -40.465 0.0000000000
1325  12.948  -97.240  -40.678 0.0000000000
1326  12.438  -97.722  -40.489 0.0000000000
1541  1.783  -97.101  -26.608 0.0000000000
1542  1.579  -97.419  -27.312 0.0000000000
1589  1.801  -96.300  -28.978 0.0000000000
1590  1.697  -96.551  -29.346 0.0000000000
1632  1.819  -96.832  -34.244 0.0000000000
1658  8.955  -96.473  -35.629 0.0000000000
1659  1.974  -96.526  -35.303 0.0000000000
1660  1.765  -95.857  -35.056 0.0000000000
1674  12.119  -96.212  -37.092 0.0000000000
1675  11.501  -96.418  -36.890 0.0000000000
1676  10.720  -96.554  -36.918 0.0000000000
1677  9.871  -96.604  -36.750 0.0000000000
1691  11.815  -96.317  -37.622 0.0000000000
1700  20.189  -96.027  -38.251 0.0000000000
1702  12.874  -95.983  -38.442 0.0000000000
1704  11.472  -96.393  -38.314 0.0000000000
1709  7.230  -95.719  -39.062 0.0000000000
1710  5.037  -96.783  -38.274 0.0000000000
1714  19.424  -96.578  -38.882 0.0000000000
1718  11.035  -96.360  -39.031 0.0000000000
1719  10.220  -96.530  -39.075 0.0000000000
1721  8.899  -96.589  -39.065 0.0000000000
1725  5.619  -96.935  -38.372 0.0000000000
1728  14.382  -95.984  -39.710 0.0000000000
1729  13.380  -96.310  -39.722 0.0000000000
1733  9.995  -96.716  -39.665 0.0000000000
1734  9.218  -96.938  -39.691 0.0000000000
1739  19.238  -96.230  -40.942 0.0000000000
1740  16.536  -95.777  -39.652 0.0000000000
1741  15.988  -96.009  -39.720 0.0000000000
1742  14.939  -96.389  -39.774 0.0000000000
1747  9.754  -97.128  -40.010 0.0000000000
1749  20.586  -94.908  -41.519 0.0000000000
1756  15.120  -96.637  -39.715 0.0000000000
1758  12.998  -96.916  -40.614 0.0000000000
1760  19.807  -94.863  -41.865 0.0000000000
2027  1.986  -95.405  -27.350 0.0000000000
2055  1.905  -95.964  -28.989 0.0000000000
2076  1.504  -95.601  -32.164 0.0000000000
2084  10.835  -96.013  -33.878 0.0000000000
2097  13.012  -95.323  -35.031 0.0000000000
2103  7.725  -94.996  -35.027 0.0000000000
2104  1.612  -95.410  -34.358 0.0000000000
2126  20.083  -95.144  -36.629 0.0000000000
2130  13.834  -95.155  -36.729 0.0000000000
2131  13.383  -95.335  -36.450 0.0000000000
2133  11.948  -96.238  -36.618 0.0000000000
2136  6.594  -95.121  -36.945 0.0000000000
2138  3.056  -95.868  -37.148 0.0000000000
2149  12.530  -95.975  -37.246 0.0000000000
2152  6.382  -95.100  -38.020 0.0000000000
2166  12.705  -95.929  -37.689 0.0000000000
2167  7.289  -95.656  -38.510 0.0000000000
2169  6.021  -95.500  -38.803 0.0000000000
2171  4.239  -96.012  -38.458 0.0000000000
2176  21.076  -95.648  -39.287 0.0000000000
2177  20.910  -95.886  -38.828 0.0000000000
2178  15.378  -95.037  -39.055 0.0000000000
2181  6.613  -95.806  -39.143 0.0000000000
2182  6.079  -96.255  -39.124 0.0000000000
2187  21.132  -95.296  -40.095 0.0000000000
2188  16.278  -95.123  -39.585 0.0000000000
2194  17.276  -95.128  -39.921 0.0000000000
2202  16.895  -95.612  -39.674 0.0000000000
2206  10.303  -94.597  -42.930 0.0000000000
2211  11.935  -94.779  -44.100 0.0000000000
2212  11.405  -94.922  -43.785 0.0000000000
2214  10.475  -94.566  -43.137 0.0000000000
2215  20.625  -94.216  -43.991 0.0000000000
2219  11.779  -94.429  -44.140 0.0000000000
2221  11.053  -94.670  -43.838 0.0000000000
2224  19.046  -93.851  -44.609 0.0000000000
2469  3.147  -94.011  -23.116 0.0000000000
2549  1.782  -94.142  -28.024 0.0000000000
2560  1.754  -93.902  -29.396 0.0000000000
2569  2.187  -93.872  -31.108 0.0000000000
2579  9.387  -94.196  -32.968 0.0000000000
2580  1.948  -94.093  -32.451 0.0000000000
2581  1.771  -94.595  -32.613 0.0000000000
2593  9.319  -94.583  -33.267 0.0000000000
2595  8.181  -94.487  -33.736 0.0000000000
2596  2.092  -94.174  -33.964 0.0000000000
2607  14.068  -94.374  -34.751 0.0000000000
2610  11.958  -95.830  -34.221 0.0000000000
2611  9.071  -95.009  -33.727 0.0000000000
2619  1.794  -94.713  -34.343 0.0000000000
2627  14.899  -94.245  -35.892 0.0000000000
2628  14.155  -94.502  -35.302 0.0000000000
2635  2.285  -94.807  -35.412 0.0000000000
2650  4.255  -94.670  -36.938 0.0000000000
2658  16.339  -94.070  -37.321 0.0000000000
2661  5.301  -94.699  -37.615 0.0000000000
2663  3.876  -95.000  -37.727 0.0000000000
2668  21.225  -94.518  -38.286 0.0000000000
2670  16.644  -94.076  -38.011 0.0000000000
2673  10.527  -94.386  -39.131 0.0000000000
2674  10.088  -94.369  -39.094 0.0000000000
2681  17.101  -94.231  -38.798 0.0000000000
2683  15.627  -94.808  -38.771 0.0000000000
2697  16.542  -94.838  -39.377 0.0000000000
2700  11.007  -94.694  -40.609 0.0000000000
2704  6.888  -93.770  -40.789 0.0000000000
2705  6.618  -93.432  -40.995 0.0000000000
2716  10.381  -94.758  -41.499 0.0000000000
2725  21.287  -94.435  -42.494 0.0000000000
2728  14.021  -94.005  -42.986 0.0000000000
2729  13.685  -94.153  -42.935 0.0000000000
2731  11.459  -94.832  -42.373 0.0000000000
2732  10.756  -94.826  -42.155 0.0000000000
2743  12.672  -94.699  -43.891 0.0000000000
2744  10.524  -94.434  -43.488 0.0000000000
2746  9.054  -93.928  -43.427 0.0000000000
2753  15.498  -93.985  -44.923 0.0000000000
2754  14.439  -94.031  -44.339 0.0000000000
2757  11.488  -94.063  -44.184 0.0000000000
2758  10.637  -94.221  -43.826 0.0000000000
2759  9.690  -93.775  -43.644 0.0000000000
2762  19.137  -93.680  -45.555 0.0000000000
2765  16.101  -93.807  -45.401 0.0000000000
2768  13.818  -93.894  -45.340 0.0000000000
2772  17.466  -93.906  -46.112 0.0000000000
2775  14.805  -93.951  -46.004 0.0000000000
3044  3.296  -93.551  -22.499 0.0000000000
3045  3.179  -93.963  -22.015 0.0000000000
3061  3.193  -93.623  -23.094 0.0000000000
3062  2.965  -93.397  -23.713 0.0000000000
3092  2.273  -93.129  -25.155 0.0000000000
3119  1.708  -92.912  -27.816 0.0000000000
3132  1.725  -93.146  -27.876 0.0000000000
3133  1.711  -93.353  -28.125 0.0000000000
3158  15.416  -92.954  -32.919 0.0000000000
3167  6.117  -92.925  -33.102 0.0000000000
3171  2.347  -93.826  -32.572 0.0000000000
3184  8.615  -94.138  -33.245 0.0000000000
3188  4.328  -93.383  -33.685 0.0000000000
3191  1.899  -94.066  -33.076 0.0000000000
3202  13.979  -94.211  -34.190 0.0000000000
3203  6.835  -94.004  -34.212 0.0000000000
3207  2.849  -93.821  -34.298 0.0000000000
3208  2.470  -93.980  -34.143 0.0000000000
3216  17.049  -92.904  -35.561 0.0000000000
3220  10.503  -93.178  -36.191 0.0000000000
3231  12.149  -93.446  -37.322 0.0000000000
3233  10.265  -93.414  -36.752 0.0000000000
3236  7.397  -92.764  -36.842 0.0000000000
3240  18.061  -92.898  -37.989 0.0000000000
3242  16.821  -93.762  -37.019 0.0000000000
3255  17.603  -93.609  -38.310 0.0000000000
3257  12.909  -93.503  -38.869 0.0000000000
3259  11.718  -93.949  -38.585 0.0000000000
3265  5.808  -93.012  -39.204 0.0000000000
3272  13.236  -93.372  -39.228 0.0000000000
3278  6.311  -93.414  -39.571 0.0000000000
3286  18.003  -93.944  -39.622 0.0000000000
3289  11.649  -94.395  -40.259 0.0000000000
3292  5.802  -92.694  -40.174 0.0000000000
3301  6.791  -93.435  -42.065 0.0000000000
3302  6.505  -93.222  -41.422 0.0000000000
3320  21.343  -93.682  -43.538 0.0000000000
3324  8.626  -93.272  -43.660 0.0000000000
3325  7.949  -93.315  -43.317 0.0000000000
3330  20.704  -93.438  -44.623 0.0000000000
3332  17.239  -92.964  -44.841 0.0000000000
3335  14.959  -93.673  -43.968 0.0000000000
3340  9.306  -93.248  -43.861 0.0000000000
3346  13.366  -93.509  -45.527 0.0000000000
3350  16.840  -93.220  -46.371 0.0000000000
3353  13.913  -93.530  -46.081 0.0000000000
3354  13.345  -93.084  -45.860 0.0000000000
3355  18.657  -93.015  -46.893 0.0000000000
3356  18.227  -93.087  -47.104 0.0000000000
3357  17.800  -92.841  -46.931 0.0000000000
3683  3.243  -92.886  -22.699 0.0000000000
3684  2.863  -91.989  -22.392 0.0000000000
3726  1.983  -92.524  -25.235 0.0000000000
3727  1.822  -92.242  -25.616 0.0000000000
3740  1.768  -92.279  -26.239 0.0000000000
3747  1.649  -92.732  -27.938 0.0000000000
3748  1.688  -92.574  -27.747 0.0000000000
3757  1.664  -92.877  -28.054 0.0000000000
3758  1.693  -92.695  -28.164 0.0000000000
3776  12.828  -92.139  -30.846 0.0000000000
3777  3.368  -92.082  -31.080 0.0000000000
3782  15.838  -91.767  -32.013 0.0000000000
3789  9.100  -92.797  -31.333 0.0000000000
3791  7.027  -92.631  -31.547 0.0000000000
3795  3.070  -92.963  -31.698 0.0000000000
3798  16.324  -92.054  -32.894 0.0000000000
3814  17.008  -91.924  -34.094 0.0000000000
3817  5.292  -92.862  -33.114 0.0000000000
3826  16.809  -92.496  -34.282 0.0000000000
3830  9.497  -92.074  -34.708 0.0000000000
3831  8.949  -91.655  -34.613 0.0000000000
3838  17.202  -92.476  -35.507 0.0000000000
3839  16.937  -92.503  -34.909 0.0000000000
3842  11.670  -92.957  -35.722 0.0000000000
3849  5.114  -91.965  -36.562 0.0000000000
3860  11.056  -93.275  -36.267 0.0000000000
3864  6.449  -92.337  -36.599 0.0000000000
3865  5.630  -92.342  -36.887 0.0000000000
3873  17.922  -92.485  -37.484 0.0000000000
3874  14.466  -92.332  -37.840 0.0000000000
3878  6.237  -92.818  -37.260 0.0000000000
3885  18.272  -92.496  -38.481 0.0000000000
3889  5.901  -92.964  -37.911 0.0000000000
3891  4.968  -92.110  -38.425 0.0000000000
3894  22.313  -92.142  -39.446 0.0000000000
3897  14.873  -92.108  -40.298 0.0000000000
3904  21.774  -92.553  -41.058 0.0000000000
3906  14.912  -92.134  -41.007 0.0000000000
3909  5.943  -92.435  -40.834 0.0000000000
3917  14.332  -92.671  -41.453 0.0000000000
3918  14.018  -92.868  -40.885 0.0000000000
3925  18.716  -92.173  -42.400 0.0000000000
3926  15.112  -92.044  -42.537 0.0000000000
3936  16.144  -91.567  -43.743 0.0000000000
3938  14.744  -92.997  -43.254 0.0000000000
3939  9.177  -92.023  -44.081 0.0000000000
3940  8.740  -92.385  -43.879 0.0000000000
3948  18.298  -92.260  -43.798 0.0000000000
3963  13.194  -92.420  -45.624 0.0000000000
3966  17.873  -92.064  -46.512 0.0000000000
3968  16.205  -92.361  -46.341 0.0000000000
3969  15.253  -92.425  -46.254 0.0000000000
3972  13.246  -92.754  -45.792 0.0000000000
3973  18.407  -92.791  -46.887 0.0000000000
3974  18.120  -92.616  -46.836 0.0000000000
4302  1.806  -90.645  -21.661 0.0000000000
4327  8.133  -91.134  -23.958 0.0000000000
4328  7.719  -91.282  -23.891 0.0000000000
4329  2.443  -91.675  -23.163 0.0000000000
4341  7.335  -91.475  -24.223 0.0000000000
4357  7.440  -91.516  -24.654 0.0000000000
4358  7.090  -91.604  -24.593 0.0000000000
4359  1.692  -91.562  -25.705 0.0000000000
4378  1.234  -92.907  -28.179 0.0000000000
4379  1.638  -92.635  -28.039 0.0000000000
4387  1.478  -92.598  -28.081 0.0000000000
4388  1.561  -92.565  -27.937 0.0000000000
4394  5.333  -91.673  -29.234 0.0000000000
4396  4.037  -91.392  -29.672 0.0000000000
4404  16.005  -90.789  -31.027 0.0000000000
4405  15.429  -91.060  -30.790 0.0000000000
4418  2.332  -91.822  -29.732 0.0000000000
4422  15.987  -91.289  -31.641 0.0000000000
4425  13.470  -92.046  -30.901 0.0000000000
4427  10.472  -92.157  -30.868 0.0000000000
4433  4.293  -91.999  -31.022 0.0000000000
4438  16.059  -91.656  -32.177 0.0000000000
4446  9.229  -91.010  -33.587 0.0000000000
4450  16.997  -91.805  -35.208 0.0000000000
4457  10.315  -92.004  -34.027 0.0000000000
4459  8.391  -91.072  -34.427 0.0000000000
4463  4.336  -91.426  -34.840 0.0000000000
4474  7.853  -91.294  -35.188 0.0000000000
4482  17.179  -91.631  -36.705 0.0000000000
4487  3.856  -91.310  -36.420 0.0000000000
4492  18.016  -92.158  -37.746 0.0000000000
4499  3.911  -91.135  -37.031 0.0000000000
4504  18.025  -92.037  -38.185 0.0000000000
4508  15.106  -92.111  -38.762 0.0000000000
4509  5.144  -92.058  -39.113 0.0000000000
4518  16.330  -91.526  -39.529 0.0000000000
4524  4.877  -91.276  -39.178 0.0000000000
4555  17.601  -91.232  -42.522 0.0000000000
4558  8.873  -91.274  -42.894 0.0000000000
4567  18.421  -91.777  -43.005 0.0000000000
4568  17.949  -91.434  -43.211 0.0000000000
4572  11.761  -91.259  -43.728 0.0000000000
4575  8.228  -91.932  -43.352 0.0000000000
4581  20.959  -91.806  -44.161 0.0000000000
4583  18.242  -91.844  -43.448 0.0000000000
4585  17.233  -91.675  -44.203 0.0000000000
4586  13.131  -91.291  -44.847 0.0000000000
4587  12.500  -91.544  -44.419 0.0000000000
4589  10.081  -91.941  -43.985 0.0000000000
4596  19.956  -91.245  -45.236 0.0000000000
4609  14.657  -91.684  -46.214 0.0000000000
4610  13.924  -91.885  -46.116 0.0000000000
4916  1.986  -90.400  -18.720 0.0000000000
4935  7.107  -90.540  -22.092 0.0000000000
4937  1.814  -90.555  -21.181 0.0000000000
4949  6.588  -90.872  -22.653 0.0000000000
4966  8.843  -90.260  -23.746 0.0000000000
4970  1.429  -90.193  -23.612 0.0000000000
4980  9.552  -89.892  -24.411 0.0000000000
4981  9.161  -90.240  -24.343 0.0000000000
4982  8.503  -90.897  -24.244 0.0000000000
4983  6.880  -91.566  -24.313 0.0000000000
5000  8.889  -90.673  -24.912 0.0000000000
5017  8.620  -90.927  -25.653 0.0000000000
5038  5.441  -91.171  -28.341 0.0000000000
5039  4.792  -90.611  -28.595 0.0000000000
5040  3.991  -90.356  -28.753 0.0000000000
5041  3.203  -90.293  -28.791 0.0000000000
5050  15.368  -89.863  -29.895 0.0000000000
5052  13.246  -90.241  -29.419 0.0000000000
5055  10.028  -90.723  -29.228 0.0000000000
5059  6.382  -92.091  -28.645 0.0000000000
5062  4.412  -90.954  -29.131 0.0000000000
5064  2.934  -90.760  -29.239 0.0000000000
5079  8.860  -91.895  -29.560 0.0000000000
5082  6.115  -92.053  -29.148 0.0000000000
5094  14.840  -89.996  -32.765 0.0000000000
5098  10.590  -90.158  -32.582 0.0000000000
5102  2.938  -90.336  -32.863 0.0000000000
5103  2.522  -90.079  -33.254 0.0000000000
5108  16.183  -90.803  -33.351 0.0000000000
5122  2.457  -90.128  -33.799 0.0000000000
5129  14.006  -91.124  -34.133 0.0000000000
5130  13.408  -91.281  -34.137 0.0000000000
5131  7.571  -90.310  -34.424 0.0000000000
5137  2.597  -90.437  -34.348 0.0000000000
5142  2.695  -90.679  -34.895 0.0000000000
5178  5.765  -90.684  -40.298 0.0000000000
5187  6.630  -90.652  -41.582 0.0000000000
5195  8.423  -91.098  -42.484 0.0000000000
5219  19.775  -90.466  -45.425 0.0000000000
5221  16.381  -89.978  -45.843 0.0000000000
5222  16.056  -89.948  -45.708 0.0000000000
5230  17.457  -90.278  -46.450 0.0000000000
5548  2.068  -90.342  -17.435 0.0000000000
5576  5.520  -89.570  -21.036 0.0000000000
5577  1.434  -89.287  -20.857 0.0000000000
5582  7.684  -90.010  -21.730 0.0000000000
5585  1.316  -89.055  -21.608 0.0000000000
5586  1.319  -88.678  -21.800 0.0000000000
5592  8.171  -90.012  -22.424 0.0000000000
5593  5.140  -89.691  -22.604 0.0000000000
5610  9.097  -89.719  -23.362 0.0000000000
5613  4.930  -89.722  -23.473 0.0000000000
5615  1.228  -89.094  -22.660 0.0000000000
5639  10.738  -89.499  -25.642 0.0000000000
5656  10.754  -89.657  -26.163 0.0000000000
5663  2.999  -89.446  -26.660 0.0000000000
5676  12.473  -88.872  -27.651 0.0000000000
5686  2.591  -89.742  -27.281 0.0000000000
5687  2.152  -89.885  -27.058 0.0000000000
5697  13.789  -88.788  -28.277 0.0000000000
5701  10.003  -89.839  -28.001 0.0000000000
5724  7.881  -91.884  -27.932 0.0000000000
5735  3.275  -89.313  -30.873 0.0000000000
5736  2.983  -89.375  -30.891 0.0000000000
5744  14.788  -88.994  -31.695 0.0000000000
5765  8.100  -89.052  -33.117 0.0000000000
5778  7.518  -89.269  -33.689 0.0000000000
5782  2.334  -89.582  -33.505 0.0000000000
5788  2.384  -89.770  -34.268 0.0000000000
5804  3.915  -89.374  -36.799 0.0000000000
5805  3.508  -89.970  -36.490 0.0000000000
5813  4.108  -89.845  -37.454 0.0000000000
5819  5.150  -89.539  -38.952 0.0000000000
5828  5.540  -89.788  -39.488 0.0000000000
5838  5.895  -90.097  -40.174 0.0000000000
5846  6.666  -90.153  -41.295 0.0000000000
5865  13.575  -89.241  -44.820 0.0000000000
5874  19.665  -89.904  -45.615 0.0000000000
5875  16.394  -89.621  -45.787 0.0000000000
5876  16.183  -89.725  -45.707 0.0000000000
5890  15.155  -89.743  -45.792 0.0000000000
6204  0.667  -88.244  -17.353 0.0000000000
6229  6.531  -88.668  -18.894 0.0000000000
6231  0.998  -88.804  -18.763 0.0000000000
6242  8.204  -89.072  -19.695 0.0000000000
6245  5.799  -88.728  -19.384 0.0000000000
6247  0.860  -87.806  -19.304 0.0000000000
6268  4.835  -88.631  -21.200 0.0000000000
6270  1.294  -88.266  -21.183 0.0000000000
6300  1.259  -88.655  -22.769 0.0000000000
6309  3.944  -88.849  -24.510 0.0000000000
6318  11.544  -88.956  -25.607 0.0000000000
6321  3.455  -88.880  -25.203 0.0000000000
6323  2.044  -88.954  -25.408 0.0000000000
6324  1.826  -89.202  -25.372 0.0000000000
6332  12.612  -88.319  -26.365 0.0000000000
6347  14.245  -87.737  -27.795 0.0000000000
6348  13.705  -87.973  -27.311 0.0000000000
6363  14.677  -87.868  -28.293 0.0000000000
6377  15.361  -88.781  -30.005 0.0000000000
6380  3.434  -88.332  -29.660 0.0000000000
6398  4.511  -87.674  -30.393 0.0000000000
6402  1.818  -88.279  -30.920 0.0000000000
6413  13.435  -88.419  -31.178 0.0000000000
6416  10.329  -88.360  -31.337 0.0000000000
6421  3.719  -89.175  -30.919 0.0000000000
6423  1.791  -88.128  -31.312 0.0000000000
6444  2.553  -88.351  -33.822 0.0000000000
6531  5.885  -88.572  -38.753 0.0000000000
6532  5.255  -89.095  -38.622 0.0000000000
6546  6.325  -88.711  -39.332 0.0000000000
6969  2.907  -87.373  -13.135 0.0000000000
6981  1.185  -86.742  -15.293 0.0000000000
7011  7.658  -87.428  -17.163 0.0000000000
7012  7.302  -87.384  -17.098 0.0000000000
7028  4.585  -86.704  -17.526 0.0000000000
7041  9.176  -88.187  -18.790 0.0000000000
7045  5.453  -88.058  -18.145 0.0000000000
7067  3.832  -87.379  -18.870 0.0000000000
7078  4.867  -88.066  -20.131 0.0000000000
7081  1.301  -87.364  -20.269 0.0000000000
7089  4.657  -88.140  -20.925 0.0000000000
7101  2.641  -87.346  -22.323 0.0000000000
7103  1.289  -87.915  -22.029 0.0000000000
7118  2.051  -87.651  -23.126 0.0000000000
7120  1.297  -88.262  -22.436 0.0000000000
7134  11.748  -88.655  -25.491 0.0000000000
7135  11.762  -88.163  -25.102 0.0000000000
7142  13.512  -87.342  -26.928 0.0000000000
7154  14.024  -87.234  -27.549 0.0000000000
7157  2.537  -87.213  -27.571 0.0000000000
7168  14.653  -87.231  -28.605 0.0000000000
7169  14.327  -86.966  -28.071 0.0000000000
7174  1.916  -87.184  -28.001 0.0000000000
7181  13.919  -87.003  -29.515 0.0000000000
7185  10.222  -86.289  -30.127 0.0000000000
7186  4.582  -87.093  -29.856 0.0000000000
7187  4.212  -87.476  -29.593 0.0000000000
7198  14.837  -87.643  -29.699 0.0000000000
7201  12.386  -87.390  -30.058 0.0000000000
7203  9.998  -86.894  -30.560 0.0000000000
7205  4.704  -87.138  -30.428 0.0000000000
7229  8.117  -87.599  -32.391 0.0000000000
7244  2.851  -87.673  -33.994 0.0000000000
7300  4.952  -87.576  -36.759 0.0000000000
7301  4.458  -87.912  -36.306 0.0000000000
7316  6.034  -87.011  -38.137 0.0000000000
7785  5.056  -86.093  -12.123 0.0000000000
7802  4.884  -86.647  -12.560 0.0000000000
7812  5.101  -85.869  -13.194 0.0000000000
7813  4.573  -86.337  -13.482 0.0000000000
7825  3.857  -86.053  -14.208 0.0000000000
7827  1.824  -86.322  -14.588 0.0000000000
7841  0.982  -86.177  -15.633 0.0000000000
7854  9.476  -86.639  -16.644 0.0000000000
7856  7.864  -87.042  -16.837 0.0000000000
7870  8.458  -87.458  -17.255 0.0000000000
7873  5.456  -86.253  -17.150 0.0000000000
7875  4.140  -85.756  -17.776 0.0000000000
7891  0.920  -86.598  -18.828 0.0000000000
7914  1.677  -86.643  -19.228 0.0000000000
7924  12.127  -87.069  -20.466 0.0000000000
7926  11.146  -88.010  -20.135 0.0000000000
7928  2.900  -86.958  -20.096 0.0000000000
7930  1.571  -86.914  -19.880 0.0000000000
7935  2.587  -86.921  -20.965 0.0000000000
7936  2.108  -86.835  -20.774 0.0000000000
7940  12.557  -86.935  -21.816 0.0000000000
7941  12.306  -87.328  -21.924 0.0000000000
7952  12.113  -87.487  -22.472 0.0000000000
7953  11.827  -87.803  -22.727 0.0000000000
7967  4.469  -85.673  -25.115 0.0000000000
7968  3.707  -86.021  -25.155 0.0000000000
7979  5.375  -84.711  -25.868 0.0000000000
7982  3.364  -86.277  -25.811 0.0000000000
7983  2.532  -86.201  -25.710 0.0000000000
7984  1.711  -86.003  -25.799 0.0000000000
7994  13.657  -86.780  -27.236 0.0000000000
7995  13.233  -86.704  -26.783 0.0000000000
8002  2.071  -86.376  -26.460 0.0000000000
8019  2.338  -86.873  -26.982 0.0000000000
8025  14.559  -86.874  -28.911 0.0000000000
8026  14.150  -86.698  -28.545 0.0000000000
8028  12.538  -86.077  -28.088 0.0000000000
8034  1.241  -85.739  -27.776 0.0000000000
8038  14.529  -86.947  -29.143 0.0000000000
8040  13.585  -86.593  -29.025 0.0000000000
8053  1.877  -86.595  -30.865 0.0000000000
8060  8.591  -86.243  -31.395 0.0000000000
8061  7.985  -86.246  -31.940 0.0000000000
8062  7.248  -85.964  -32.130 0.0000000000
8063  5.266  -86.273  -31.543 0.0000000000
8071  6.610  -86.281  -32.359 0.0000000000
8083  3.240  -86.829  -34.177 0.0000000000
8099  4.160  -86.829  -35.354 0.0000000000
8100  3.709  -86.799  -34.836 0.0000000000
8115  4.894  -86.722  -36.286 0.0000000000
8155  6.315  -86.531  -38.390 0.0000000000
8629  2.173  -84.640  -9.738 0.0000000000
8638  4.962  -85.750  -12.012 0.0000000000
8656  4.947  -85.484  -12.620 0.0000000000
8668  4.577  -85.752  -13.927 0.0000000000
8678  4.728  -85.086  -14.060 0.0000000000
8682  1.762  -85.743  -15.045 0.0000000000
8694  3.995  -84.694  -14.843 0.0000000000
8695  3.569  -84.863  -15.059 0.0000000000
8697  1.682  -85.159  -15.549 0.0000000000
8698  1.177  -85.587  -15.619 0.0000000000
8711  8.295  -86.189  -16.528 0.0000000000
8713  6.785  -86.384  -16.750 0.0000000000
8725  11.912  -86.285  -17.568 0.0000000000
8732  4.681  -85.348  -17.816 0.0000000000
8733  4.075  -85.366  -18.013 0.0000000000
8745  13.058  -85.427  -18.761 0.0000000000
8747  5.166  -84.936  -18.023 0.0000000000
8750  2.698  -85.136  -18.164 0.0000000000
8752  1.097  -85.570  -18.271 0.0000000000
8773  2.166  -85.774  -18.357 0.0000000000
8786  13.779  -85.194  -22.541 0.0000000000
8788  12.884  -86.555  -21.513 0.0000000000
8791  13.657  -85.153  -23.007 0.0000000000
8796  4.933  -85.058  -23.202 0.0000000000
8799  2.681  -84.992  -23.196 0.0000000000
8804  12.894  -85.261  -23.542 0.0000000000
8810  5.240  -85.111  -23.966 0.0000000000
8814  1.714  -85.044  -23.829 0.0000000000
8828  11.906  -86.833  -23.692 0.0000000000
8831  5.328  -84.956  -24.796 0.0000000000
8832  4.728  -85.276  -24.568 0.0000000000
8836  1.388  -85.120  -24.299 0.0000000000
8849  7.043  -84.516  -25.519 0.0000000000
8851  5.531  -84.710  -25.370 0.0000000000
8852  2.650  -86.011  -25.155 0.0000000000
8867  0.951  -85.142  -26.109 0.0000000000
8868  0.510  -84.554  -26.246 0.0000000000
8890  9.862  -85.151  -30.151 0.0000000000
8893  2.183  -85.121  -30.415 0.0000000000
8901  7.788  -85.006  -31.334 0.0000000000
8904  2.066  -85.599  -30.313 0.0000000000
8911  5.747  -85.672  -31.858 0.0000000000
8922  6.466  -85.916  -32.197 0.0000000000
8923  6.206  -85.915  -32.208 0.0000000000
8974  4.922  -86.272  -36.186 0.0000000000
8975  4.694  -86.103  -35.671 0.0000000000
9011  5.706  -85.518  -37.711 0.0000000000
9486  3.133  -85.030  -10.519 0.0000000000
9489  0.685  -83.639  -10.859 0.0000000000
9498  0.808  -83.936  -11.602 0.0000000000
9513  4.531  -84.747  -12.901 0.0000000000
9517  1.224  -84.130  -12.031 0.0000000000
9529  4.731  -84.881  -13.439 0.0000000000
9541  4.788  -85.000  -13.822 0.0000000000
9542  4.550  -84.621  -14.086 0.0000000000
9556  3.764  -84.254  -15.178 0.0000000000
9558  2.274  -84.503  -15.697 0.0000000000
9567  1.086  -84.712  -17.020 0.0000000000
9581  7.471  -84.787  -17.349 0.0000000000
9584  1.918  -83.863  -17.841 0.0000000000
9599  8.878  -84.106  -17.320 0.0000000000
9600  8.182  -84.161  -17.631 0.0000000000
9604  4.249  -84.098  -18.276 0.0000000000
9607  1.484  -84.824  -17.987 0.0000000000
9608  1.203  -85.081  -18.013 0.0000000000
9644  3.032  -84.267  -22.014 0.0000000000
9647  0.728  -84.206  -22.010 0.0000000000
9650  13.544  -85.060  -23.212 0.0000000000
9656  3.562  -84.638  -22.638 0.0000000000
9660  0.398  -84.040  -22.735 0.0000000000
9662  13.744  -84.480  -23.580 0.0000000000
9663  13.334  -84.849  -23.571 0.0000000000
9664  12.729  -85.002  -23.831 0.0000000000
9665  7.995  -84.049  -24.068 0.0000000000
9668  2.435  -84.972  -23.200 0.0000000000
9680  13.597  -84.336  -23.896 0.0000000000
9699  12.798  -84.215  -24.967 0.0000000000
9700  12.229  -84.582  -25.306 0.0000000000
9702  8.223  -83.870  -25.141 0.0000000000
9704  0.771  -84.619  -24.938 0.0000000000
9724  11.834  -83.713  -27.180 0.0000000000
9727  5.927  -84.039  -28.021 0.0000000000
9734  6.364  -83.738  -28.368 0.0000000000
9735  5.732  -83.901  -28.846 0.0000000000
9737  -0.051  -83.493  -27.983 0.0000000000
9741  9.850  -84.283  -30.048 0.0000000000
9742  5.530  -84.176  -30.108 0.0000000000
9745  1.534  -84.414  -29.830 0.0000000000
9750  8.567  -84.518  -30.861 0.0000000000
9752  6.106  -84.205  -31.184 0.0000000000
9753  5.548  -84.677  -30.903 0.0000000000
9756  1.137  -83.875  -30.082 0.0000000000
9759  7.423  -84.641  -31.428 0.0000000000
9776  3.120  -84.875  -33.013 0.0000000000
9793  3.352  -84.981  -33.406 0.0000000000
10328  8.249  -83.247  -10.072 0.0000000000
10332  0.816  -83.203  -9.826 0.0000000000
10340  8.415  -83.437  -10.610 0.0000000000
10341  7.245  -83.674  -10.473 0.0000000000
10343  5.762  -83.194  -10.340 0.0000000000
10344  0.838  -83.591  -10.032 0.0000000000
10353  9.394  -83.455  -11.796 0.0000000000
10357  5.941  -83.338  -10.703 0.0000000000
10358  0.697  -83.496  -11.942 0.0000000000
10373  10.317  -83.081  -13.100 0.0000000000
10378  2.521  -83.682  -13.267 0.0000000000
10379  1.970  -83.750  -12.978 0.0000000000
10381  0.656  -83.227  -12.086 0.0000000000
10399  10.222  -83.193  -13.768 0.0000000000
10401  8.918  -83.814  -13.336 0.0000000000
10403  7.114  -83.628  -12.761 0.0000000000
10404  3.860  -83.616  -13.986 0.0000000000
10406  2.075  -83.339  -13.544 0.0000000000
10420  9.705  -83.409  -14.076 0.0000000000
10422  8.412  -83.504  -13.944 0.0000000000
10423  7.676  -83.263  -14.014 0.0000000000
10425  3.637  -83.371  -14.350 0.0000000000
10436  3.939  -83.732  -15.066 0.0000000000
10446  1.912  -83.790  -17.128 0.0000000000
10453  8.918  -83.363  -17.445 0.0000000000
10456  2.251  -83.644  -17.619 0.0000000000
10471  8.208  -83.512  -17.999 0.0000000000
10472  7.132  -83.354  -18.292 0.0000000000
10473  5.960  -83.412  -18.418 0.0000000000
10476  2.813  -83.491  -18.087 0.0000000000
10477  2.294  -83.639  -18.034 0.0000000000
10495  14.074  -83.615  -19.218 0.0000000000
10496  0.878  -83.167  -20.009 0.0000000000
10498  -0.029  -82.451  -20.253 0.0000000000
10510  14.437  -83.020  -20.888 0.0000000000
10517  1.993  -83.430  -20.803 0.0000000000
10519  0.394  -83.336  -20.715 0.0000000000
10528  9.239  -83.274  -21.655 0.0000000000
10536  1.607  -84.001  -21.304 0.0000000000
10537  0.662  -84.005  -21.386 0.0000000000
10540  14.368  -83.717  -23.005 0.0000000000
10541  10.406  -82.985  -22.081 0.0000000000
10545  0.301  -84.018  -22.162 0.0000000000
10548  13.986  -84.046  -23.665 0.0000000000
10549  10.439  -83.076  -22.685 0.0000000000
10562  13.280  -83.891  -24.745 0.0000000000
10564  8.866  -83.513  -24.819 0.0000000000
10565  0.119  -83.352  -24.602 0.0000000000
10575  13.427  -83.477  -24.743 0.0000000000
10591  12.848  -83.231  -26.236 0.0000000000
10592  12.331  -83.309  -26.919 0.0000000000
10599  12.423  -82.751  -26.851 0.0000000000
10604  -0.292  -82.671  -27.427 0.0000000000
10607  11.292  -82.257  -27.935 0.0000000000
10617  9.477  -83.327  -29.959 0.0000000000
10624  9.372  -83.956  -30.295 0.0000000000
10628  0.947  -83.422  -31.014 0.0000000000
10636  7.538  -84.187  -31.273 0.0000000000
10637  7.015  -84.026  -31.360 0.0000000000
10662  1.689  -82.852  -32.536 0.0000000000
10683  3.476  -84.276  -33.597 0.0000000000
11193  6.088  -82.451  -8.469 0.0000000000
11194  5.283  -82.291  -8.568 0.0000000000
11208  7.517  -82.977  -9.331 0.0000000000
11212  0.976  -82.940  -9.403 0.0000000000
11222  9.182  -82.511  -10.632 0.0000000000
11223  5.882  -83.142  -9.770 0.0000000000
11233  9.804  -82.749  -11.615 0.0000000000
11234  5.878  -83.250  -11.440 0.0000000000
11236  4.340  -82.332  -11.095 0.0000000000
11237  0.567  -82.333  -11.459 0.0000000000
11245  10.243  -82.734  -12.294 0.0000000000
11247  5.273  -82.655  -12.199 0.0000000000
11269  6.455  -82.939  -13.146 0.0000000000
11271  2.659  -82.878  -14.326 0.0000000000
11272  2.151  -82.910  -14.102 0.0000000000
11273  1.347  -82.662  -13.572 0.0000000000
11274  0.955  -82.363  -13.001 0.0000000000
11291  10.168  -83.006  -14.535 0.0000000000
11292  8.989  -83.281  -14.505 0.0000000000
11296  3.674  -83.257  -14.916 0.0000000000
11311  8.248  -82.798  -15.014 0.0000000000
11312  7.683  -82.724  -14.848 0.0000000000
11314  3.271  -82.548  -15.682 0.0000000000
11348  7.411  -82.637  -18.131 0.0000000000
11351  4.688  -82.786  -18.319 0.0000000000
11352  1.221  -82.454  -18.935 0.0000000000
11353  0.855  -82.473  -18.920 0.0000000000
11369  3.184  -82.200  -20.023 0.0000000000
11372  0.557  -82.703  -19.468 0.0000000000
11373  -0.043  -82.235  -19.689 0.0000000000
11394  5.005  -82.479  -20.451 0.0000000000
11397  2.306  -82.901  -20.239 0.0000000000
11412  9.766  -82.728  -21.117 0.0000000000
11425  13.293  -82.640  -23.690 0.0000000000
11439  13.603  -83.255  -24.466 0.0000000000
11440  13.411  -82.827  -24.494 0.0000000000
11454  13.424  -83.108  -24.917 0.0000000000
11457  11.283  -82.136  -25.633 0.0000000000
11473  12.574  -82.391  -26.296 0.0000000000
11476  9.909  -82.219  -26.953 0.0000000000
11490  11.457  -82.033  -27.314 0.0000000000
11492  9.868  -81.896  -27.814 0.0000000000
11493  9.101  -82.281  -28.018 0.0000000000
11497  -0.507  -81.907  -27.335 0.0000000000
11500  11.053  -81.923  -27.808 0.0000000000
11503  8.822  -82.266  -28.895 0.0000000000
11507  -0.516  -82.298  -29.015 0.0000000000
11512  10.338  -82.401  -28.874 0.0000000000
11514  8.847  -82.646  -29.608 0.0000000000
11540  0.695  -82.529  -31.934 0.0000000000
11563  0.512  -82.191  -32.085 0.0000000000
11577  2.440  -82.567  -33.662 0.0000000000
12062  8.076  -81.240  -7.720 0.0000000000
12063  7.252  -81.335  -7.364 0.0000000000
12065  5.708  -81.130  -7.197 0.0000000000
12084  4.612  -81.722  -8.502 0.0000000000
12130  10.806  -81.957  -13.082 0.0000000000
12132  10.284  -80.602  -12.588 0.0000000000
12136  2.277  -81.196  -12.084 0.0000000000
12137  1.327  -81.435  -12.992 0.0000000000
12151  10.679  -80.995  -13.248 0.0000000000
12152  6.058  -82.286  -13.428 0.0000000000
12156  1.749  -81.228  -13.977 0.0000000000
12158  1.007  -82.059  -13.346 0.0000000000
12181  6.847  -82.075  -14.736 0.0000000000
12184  2.601  -80.976  -14.978 0.0000000000
12186  1.622  -82.058  -14.223 0.0000000000
12195  11.595  -81.968  -15.376 0.0000000000
12202  3.731  -80.792  -16.110 0.0000000000
12204  2.517  -81.569  -15.010 0.0000000000
12212  9.570  -82.801  -16.259 0.0000000000
12213  8.537  -82.474  -16.380 0.0000000000
12214  7.594  -81.955  -16.351 0.0000000000
12227  6.988  -81.464  -17.262 0.0000000000
12228  5.808  -81.050  -17.501 0.0000000000
12230  0.844  -81.619  -17.902 0.0000000000
12231  0.080  -81.497  -17.994 0.0000000000
12232  -0.194  -81.176  -18.202 0.0000000000
12240  1.915  -81.826  -18.587 0.0000000000
12241  1.275  -82.154  -18.601 0.0000000000
12262  7.181  -80.852  -19.617 0.0000000000
12267  2.350  -81.854  -19.144 0.0000000000
12291  3.605  -82.221  -20.141 0.0000000000
12302  -0.228  -81.383  -21.198 0.0000000000
12326  -0.224  -80.950  -24.852 0.0000000000
12340  -0.234  -81.004  -25.075 0.0000000000
12415  -0.333  -81.497  -31.574 0.0000000000
12434  0.571  -81.658  -32.700 0.0000000000
12451  0.627  -81.310  -33.141 0.0000000000
12961  5.077  -80.304  -7.019 0.0000000000
12971  10.017  -80.015  -9.000 0.0000000000
12973  5.265  -80.920  -7.220 0.0000000000
12992  3.992  -81.074  -8.678 0.0000000000
13006  2.639  -80.392  -10.304 0.0000000000
13008  0.622  -80.918  -10.423 0.0000000000
13026  10.113  -80.354  -12.922 0.0000000000
13032  1.001  -81.308  -11.908 0.0000000000
13042  4.845  -80.769  -13.774 0.0000000000
13043  3.872  -80.520  -13.895 0.0000000000
13064  11.741  -81.051  -14.910 0.0000000000
13066  10.423  -80.242  -14.088 0.0000000000
13070  2.532  -80.782  -14.433 0.0000000000
13078  11.421  -80.213  -15.137 0.0000000000
13079  6.176  -80.832  -15.007 0.0000000000
13080  5.556  -80.479  -14.953 0.0000000000
13081  4.434  -80.353  -15.728 0.0000000000
13089  4.920  -80.502  -16.346 0.0000000000
13090  1.010  -80.478  -16.574 0.0000000000
13091  0.503  -80.628  -16.743 0.0000000000
13098  12.746  -80.540  -17.730 0.0000000000
13099  3.173  -79.896  -17.461 0.0000000000
13108  12.608  -80.041  -18.472 0.0000000000
13109  12.132  -79.785  -19.031 0.0000000000
13116  -0.371  -80.708  -18.420 0.0000000000
13129  9.447  -80.140  -19.622 0.0000000000
13132  6.622  -80.061  -18.979 0.0000000000
13136  2.865  -81.378  -19.122 0.0000000000
13137  -0.449  -80.684  -19.311 0.0000000000
13148  10.596  -80.802  -20.212 0.0000000000
13149  -0.407  -80.724  -20.088 0.0000000000
13187  -0.281  -80.712  -25.082 0.0000000000
13309  0.112  -80.606  -32.890 0.0000000000
13836  8.214  -79.892  -7.324 0.0000000000
13837  7.401  -79.762  -7.010 0.0000000000
13838  6.454  -79.690  -6.742 0.0000000000
13839  5.501  -79.608  -6.758 0.0000000000
13848  10.311  -79.032  -8.864 0.0000000000
13865  10.533  -79.070  -9.290 0.0000000000
13867  9.937  -80.041  -9.887 0.0000000000
13878  10.882  -78.855  -9.809 0.0000000000
13882  2.549  -79.538  -10.176 0.0000000000
13883  2.218  -79.731  -10.618 0.0000000000
13905  7.489  -78.628  -13.226 0.0000000000
13914  9.096  -79.579  -13.956 0.0000000000
13915  8.132  -79.189  -13.780 0.0000000000
13916  7.652  -78.925  -13.512 0.0000000000
13946  10.928  -79.249  -15.565 0.0000000000
13948  9.096  -78.633  -15.276 0.0000000000
13951  0.739  -79.490  -15.738 0.0000000000
13952  0.170  -79.573  -15.981 0.0000000000
13958  11.946  -79.593  -16.370 0.0000000000
13959  11.249  -78.977  -16.262 0.0000000000
13964  -0.088  -80.002  -16.527 0.0000000000
13970  12.502  -79.959  -17.171 0.0000000000
13973  6.776  -78.691  -17.903 0.0000000000
13974  6.319  -78.732  -17.821 0.0000000000
13975  5.289  -78.811  -17.699 0.0000000000
13978  2.037  -80.299  -16.987 0.0000000000
13979  -0.255  -80.176  -17.205 0.0000000000
13985  10.436  -79.080  -18.813 0.0000000000
13991  4.289  -79.696  -17.997 0.0000000000
13992  -0.362  -79.971  -17.876 0.0000000000
14001  11.577  -79.571  -19.081 0.0000000000
14002  10.882  -79.546  -19.340 0.0000000000
14005  8.038  -79.660  -18.895 0.0000000000
14029  0.159  -78.889  -22.003 0.0000000000
14043  0.126  -78.872  -22.265 0.0000000000
14791  -0.456  -77.726  -8.912 0.0000000000
14805  2.531  -78.165  -9.942 0.0000000000
14820  9.643  -78.446  -12.240 0.0000000000
14823  2.738  -79.127  -9.995 0.0000000000
14837  11.536  -78.152  -11.082 0.0000000000
14839  9.959  -78.198  -12.131 0.0000000000
14841  7.871  -78.272  -12.854 0.0000000000
14842  7.124  -77.893  -13.091 0.0000000000
14843  6.387  -77.605  -13.413 0.0000000000
14844  1.920  -79.210  -10.811 0.0000000000
14845  1.419  -79.256  -10.966 0.0000000000
14846  1.065  -79.414  -11.049 0.0000000000
14862  7.531  -78.817  -14.117 0.0000000000
14864  6.233  -77.631  -14.353 0.0000000000
14865  1.191  -77.455  -13.821 0.0000000000
14880  6.246  -77.421  -14.720 0.0000000000
14883  0.702  -78.105  -14.439 0.0000000000
14895  10.057  -78.517  -15.887 0.0000000000
14901  1.489  -78.615  -14.808 0.0000000000
14915  4.594  -77.729  -16.821 0.0000000000
14916  3.827  -78.089  -16.563 0.0000000000
14921  11.639  -78.986  -17.014 0.0000000000
14922  11.038  -78.678  -17.497 0.0000000000
14928  4.876  -78.257  -17.237 0.0000000000
14932  10.864  -78.868  -18.298 0.0000000000
14986  0.033  -78.639  -22.366 0.0000000000
15698  8.238  -78.134  -7.316 0.0000000000
15701  5.656  -77.857  -6.593 0.0000000000
15702  4.708  -77.717  -6.834 0.0000000000
15716  8.790  -77.635  -7.620 0.0000000000
15718  3.943  -77.619  -7.513 0.0000000000
15720  -0.341  -77.437  -8.414 0.0000000000
15721  -0.445  -77.153  -9.050 0.0000000000
15731  11.666  -77.582  -9.676 0.0000000000
15732  11.202  -77.471  -9.076 0.0000000000
15733  10.508  -76.938  -8.560 0.0000000000
15747  9.213  -78.007  -12.430 0.0000000000
15749  7.996  -77.513  -12.795 0.0000000000
15752  0.699  -77.395  -10.211 0.0000000000
15753  0.175  -76.946  -10.020 0.0000000000
15763  12.455  -76.904  -11.428 0.0000000000
15768  8.599  -77.308  -12.725 0.0000000000
15785  10.240  -77.246  -12.716 0.0000000000
15787  5.238  -76.678  -13.768 0.0000000000
15795  5.570  -77.097  -14.106 0.0000000000
15796  5.131  -76.752  -13.981 0.0000000000
15797  1.958  -76.596  -13.645 0.0000000000
15799  0.788  -77.097  -13.678 0.0000000000
15810  6.258  -77.223  -14.973 0.0000000000
15812  2.289  -76.789  -14.154 0.0000000000
15813  1.982  -77.406  -13.938 0.0000000000
15814  0.478  -77.481  -14.082 0.0000000000
15825  6.780  -77.224  -16.077 0.0000000000
15826  6.333  -77.084  -15.490 0.0000000000
15827  6.035  -76.949  -15.133 0.0000000000
15828  3.245  -76.930  -15.518 0.0000000000
15836  5.007  -77.025  -16.553 0.0000000000
15838  3.496  -77.477  -16.006 0.0000000000
15839  3.040  -77.644  -15.425 0.0000000000
15842  -0.044  -77.408  -18.021 0.0000000000
15855  -0.094  -77.802  -19.096 0.0000000000
16586  7.662  -77.361  -7.165 0.0000000000
16587  7.120  -77.233  -7.053 0.0000000000
16611  -0.181  -76.424  -9.216 0.0000000000
16626  10.387  -76.267  -8.513 0.0000000000
16629  1.524  -76.189  -9.930 0.0000000000
16630  -0.010  -76.495  -9.711 0.0000000000
16641  12.045  -76.519  -9.791 0.0000000000
16642  11.664  -76.364  -9.187 0.0000000000
16644  7.695  -77.072  -12.947 0.0000000000
16646  1.214  -76.695  -10.157 0.0000000000
16648  0.168  -76.358  -9.982 0.0000000000
16675  12.798  -76.569  -11.840 0.0000000000
16677  11.322  -76.986  -12.861 0.0000000000
16679  9.150  -76.319  -13.328 0.0000000000
16680  4.872  -76.037  -13.790 0.0000000000
16681  4.359  -75.355  -13.854 0.0000000000
16683  2.057  -75.899  -13.005 0.0000000000
16685  0.806  -76.034  -12.777 0.0000000000
16698  5.192  -76.683  -14.202 0.0000000000
16700  2.248  -76.016  -13.620 0.0000000000
16702  1.063  -76.570  -13.148 0.0000000000
16726  5.615  -76.530  -15.330 0.0000000000
16728  3.725  -76.186  -15.638 0.0000000000
16729  2.889  -76.268  -15.022 0.0000000000
16733  5.914  -76.648  -15.804 0.0000000000
16734  5.309  -76.506  -16.043 0.0000000000
17516  9.816  -75.802  -8.354 0.0000000000
17539  10.760  -75.440  -9.012 0.0000000000
17540  10.099  -75.611  -8.656 0.0000000000
17544  1.622  -75.550  -9.538 0.0000000000
17545  0.944  -75.265  -9.922 0.0000000000
17555  11.856  -75.555  -9.878 0.0000000000
17558  0.708  -75.998  -10.153 0.0000000000
17559  0.340  -76.126  -10.067 0.0000000000
17569  12.291  -75.502  -10.542 0.0000000000
17574  4.630  -74.934  -13.778 0.0000000000
17593  1.020  -75.569  -12.346 0.0000000000
17609  4.342  -75.358  -14.563 0.0000000000
17624  4.307  -75.184  -14.866 0.0000000000
17625  3.756  -75.013  -15.030 0.0000000000
17627  -0.121  -75.103  -14.027 0.0000000000
17635  4.349  -75.379  -15.215 0.0000000000
17637  3.437  -75.640  -15.227 0.0000000000
17638  -0.139  -75.266  -14.967 0.0000000000
18523  8.697  -75.166  -8.018 0.0000000000
18525  6.883  -74.796  -7.935 0.0000000000
18545  9.849  -74.736  -9.064 0.0000000000
18550  4.366  -74.119  -8.352 0.0000000000
18566  10.817  -74.683  -9.597 0.0000000000
18581  5.909  -74.776  -13.595 0.0000000000
18583  3.896  -74.307  -13.784 0.0000000000
18585  2.597  -74.205  -11.750 0.0000000000
18586  1.411  -74.563  -11.701 0.0000000000
18588  -0.047  -74.064  -11.880 0.0000000000
18603  0.632  -75.039  -11.962 0.0000000000
18617  9.371  -74.895  -14.815 0.0000000000
18633  4.379  -75.128  -15.079 0.0000000000
18634  4.138  -74.973  -15.090 0.0000000000
18637  13.606  -74.484  -15.332 0.0000000000
18639  11.605  -74.460  -15.581 0.0000000000
18641  4.252  -75.167  -15.198 0.0000000000
18642  4.014  -75.147  -15.270 0.0000000000
18644  0.035  -74.185  -15.330 0.0000000000
18646  0.234  -74.438  -16.283 0.0000000000
19623  0.557  -72.969  -8.700 0.0000000000
19643  7.635  -72.764  -8.607 0.0000000000
19645  5.819  -73.338  -8.215 0.0000000000
19669  9.114  -72.912  -9.249 0.0000000000
19685  12.847  -74.010  -11.848 0.0000000000
19687  11.022  -73.350  -10.627 0.0000000000
19688  10.282  -72.688  -10.274 0.0000000000
19689  4.295  -74.018  -13.953 0.0000000000
19694  0.813  -73.595  -11.640 0.0000000000
19695  0.108  -73.570  -11.759 0.0000000000
19704  12.373  -72.952  -11.791 0.0000000000
19705  6.930  -74.065  -14.291 0.0000000000
19709  -0.339  -73.762  -11.993 0.0000000000
19736  8.992  -73.625  -15.499 0.0000000000
19742  12.163  -74.052  -16.016 0.0000000000
19748  14.503  -73.600  -16.090 0.0000000000
20714  0.592  -71.751  -8.102 0.0000000000
20726  0.657  -72.088  -8.406 0.0000000000
20741  7.474  -72.320  -8.678 0.0000000000
20745  3.517  -72.621  -9.185 0.0000000000
20764  8.705  -72.094  -9.416 0.0000000000
20766  6.614  -71.686  -8.771 0.0000000000
20788  2.920  -72.726  -12.033 0.0000000000
20791  0.326  -72.882  -11.696 0.0000000000
20809  3.930  -72.607  -13.916 0.0000000000
20810  3.389  -72.462  -13.373 0.0000000000
20811  2.973  -72.357  -12.795 0.0000000000
20826  6.313  -72.746  -14.897 0.0000000000
20837  9.209  -72.991  -15.860 0.0000000000
20839  7.670  -72.789  -15.675 0.0000000000
20852  0.150  -72.718  -16.142 0.0000000000
20860  16.018  -72.142  -16.075 0.0000000000
20865  10.447  -72.574  -17.016 0.0000000000
21810  0.976  -71.361  -8.772 0.0000000000
21828  6.144  -70.969  -9.180 0.0000000000
21829  5.153  -70.934  -9.260 0.0000000000
21853  8.587  -71.066  -9.482 0.0000000000
21856  0.465  -72.141  -11.684 0.0000000000
21875  10.174  -70.595  -10.729 0.0000000000
21876  4.353  -72.170  -14.258 0.0000000000
21879  2.628  -71.656  -12.839 0.0000000000
21881  0.801  -71.289  -11.860 0.0000000000
21889  14.115  -71.660  -12.937 0.0000000000
21892  11.659  -70.552  -11.563 0.0000000000
21907  8.547  -72.313  -16.171 0.0000000000
21922  9.764  -72.338  -16.725 0.0000000000
21947  16.089  -71.400  -17.530 0.0000000000
22955  1.257  -70.726  -8.920 0.0000000000
22956  0.894  -70.512  -8.511 0.0000000000
22979  1.890  -70.170  -9.823 0.0000000000
22980  1.524  -70.291  -9.343 0.0000000000
22995  9.499  -70.266  -10.753 0.0000000000
23025  4.845  -70.953  -14.782 0.0000000000
23026  4.227  -70.919  -14.264 0.0000000000
23028  2.866  -70.367  -13.314 0.0000000000
23029  2.219  -70.131  -12.985 0.0000000000
23066  11.788  -71.481  -17.728 0.0000000000
23084  11.236  -70.846  -18.031 0.0000000000
24117  0.930  -69.793  -8.752 0.0000000000
24136  4.750  -69.401  -10.200 0.0000000000
24138  3.017  -69.320  -10.380 0.0000000000
24150  8.370  -69.327  -11.074 0.0000000000
24154  4.321  -69.055  -10.826 0.0000000000
24199  3.564  -69.164  -14.209 0.0000000000
24208  16.782  -69.725  -15.568 0.0000000000
24219  18.382  -69.058  -17.182 0.0000000000
24225  8.132  -70.095  -17.203 0.0000000000
24236  17.667  -69.835  -17.776 0.0000000000
24257  13.873  -69.273  -18.089 0.0000000000
25281  3.054  -68.770  -10.986 0.0000000000
25296  8.374  -68.660  -11.329 0.0000000000
25299  5.692  -68.527  -11.386 0.0000000000
25314  10.984  -68.277  -12.341 0.0000000000
25321  0.399  -68.622  -13.403 0.0000000000
25346  12.355  -68.145  -13.833 0.0000000000
25348  6.288  -69.370  -15.720 0.0000000000
25364  14.039  -67.883  -14.716 0.0000000000
25365  7.804  -69.922  -17.061 0.0000000000
25378  8.860  -69.627  -17.789 0.0000000000
25390  19.462  -67.979  -17.703 0.0000000000
25392  13.593  -69.263  -18.077 0.0000000000
26418  5.630  -68.054  -11.907 0.0000000000
26421  2.926  -67.684  -11.257 0.0000000000
26436  10.266  -67.509  -12.524 0.0000000000
26437  9.284  -67.334  -12.512 0.0000000000
26442  4.200  -66.948  -12.016 0.0000000000
26461  0.352  -67.608  -13.621 0.0000000000
26474  10.591  -67.193  -13.795 0.0000000000
26493  11.372  -67.283  -14.632 0.0000000000
26495  5.277  -67.563  -16.039 0.0000000000
26497  3.932  -67.115  -15.227 0.0000000000
26513  4.936  -67.015  -16.360 0.0000000000
26524  9.476  -68.236  -18.219 0.0000000000
26559  20.115  -67.017  -18.595 0.0000000000
27552  9.030  -67.105  -12.995 0.0000000000
27571  9.894  -66.903  -13.607 0.0000000000
27574  6.933  -66.156  -13.951 0.0000000000
27576  0.907  -66.604  -13.797 0.0000000000
27578  -0.008  -66.918  -13.905 0.0000000000
27604  12.412  -67.173  -15.674 0.0000000000
27609  7.670  -65.725  -15.444 0.0000000000
27610  4.204  -66.610  -15.848 0.0000000000
27652  7.930  -66.827  -19.425 0.0000000000
27679  8.360  -66.311  -19.916 0.0000000000
27681  6.779  -66.215  -19.537 0.0000000000
27689  11.218  -65.438  -20.367 0.0000000000
28702  6.378  -65.022  -14.184 0.0000000000
28713  8.022  -65.543  -15.934 0.0000000000
28714  7.386  -65.082  -15.740 0.0000000000
28715  6.927  -65.071  -15.326 0.0000000000
28716  3.141  -65.448  -15.831 0.0000000000
28718  1.649  -65.129  -14.985 0.0000000000
28725  17.160  -66.181  -16.360 0.0000000000
28726  16.598  -66.217  -16.407 0.0000000000
28736  3.295  -65.092  -16.693 0.0000000000
28750  14.596  -65.674  -17.492 0.0000000000
28756  8.808  -65.106  -17.100 0.0000000000
28758  4.204  -65.562  -17.794 0.0000000000
28759  3.718  -65.315  -17.288 0.0000000000
28772  5.198  -65.745  -18.673 0.0000000000
28773  4.594  -65.518  -18.318 0.0000000000
28785  21.454  -65.125  -19.327 0.0000000000
28796  7.311  -65.395  -19.985 0.0000000000
28797  6.552  -65.556  -19.669 0.0000000000
28798  5.673  -65.176  -19.327 0.0000000000
29778  3.974  -64.895  -11.898 0.0000000000
29790  5.983  -64.423  -13.561 0.0000000000
29799  6.726  -64.270  -14.624 0.0000000000
29809  6.935  -64.582  -15.289 0.0000000000
29817  8.245  -64.210  -16.575 0.0000000000
29818  7.851  -64.622  -16.113 0.0000000000
29819  3.025  -64.563  -17.008 0.0000000000
29840  15.072  -65.191  -17.776 0.0000000000
29849  2.821  -64.189  -17.248 0.0000000000
29861  22.075  -64.005  -18.875 0.0000000000
29891  22.015  -64.193  -19.511 0.0000000000
29922  12.169  -63.741  -21.124 0.0000000000
30971  22.004  -63.425  -18.237 0.0000000000
30989  22.290  -63.750  -19.379 0.0000000000
31010  7.706  -63.100  -19.899 0.0000000000
31034  9.979  -62.795  -21.343 0.0000000000
32010  21.990  -62.826  -18.050 0.0000000000
32012  19.921  -62.272  -18.199 0.0000000000
32042  4.295  -62.557  -18.921 0.0000000000
32053  19.286  -62.994  -21.362 0.0000000000
32978  22.168  -61.854  -18.226 0.0000000000
32999  3.905  -61.489  -18.837 0.0000000000
33059  15.375  -61.896  -22.016 0.0000000000
33061  13.364  -61.196  -22.056 0.0000000000
33065  10.101  -61.696  -21.044 0.0000000000
33083  19.681  -60.967  -22.261 0.0000000000
34061  21.738  -61.103  -21.052 0.0000000000
34062  10.745  -59.916  -20.403 0.0000000000
34065  8.462  -60.922  -19.517 0.0000000000
34084  20.587  -60.442  -21.989 0.0000000000
34085  13.701  -60.084  -21.852 0.0000000000
34089  10.587  -60.825  -20.876 0.0000000000
34106  19.992  -60.327  -22.269 0.0000000000
34107  19.287  -60.343  -22.450 0.0000000000
34113  13.685  -60.753  -22.080 0.0000000000
35135  8.958  -59.080  -19.354 0.0000000000
35187  11.491  -59.568  -20.676 0.0000000000
36311  10.920  -57.736  -19.869 0.0000000000
36328  10.647  -58.615  -19.932 0.0000000000
36348  13.629  -58.760  -21.888 0.0000000000
36369  12.588  -58.559  -23.532 0.0000000000
36389  13.546  -58.409  -24.259 0.0000000000
36390  12.718  -58.590  -24.025 0.0000000000
36411  13.832  -58.257  -24.565 0.0000000000
37461  10.500  -57.051  -19.916 0.0000000000
37462  9.582  -57.271  -19.873 0.0000000000
37478  12.209  -57.814  -21.066 0.0000000000
37479  11.521  -57.447  -20.299 0.0000000000
37480  11.112  -56.911  -20.007 0.0000000000
37482  7.596  -57.305  -20.406 0.0000000000
37500  12.583  -58.312  -21.577 0.0000000000
37529  9.920  -58.244  -22.144 0.0000000000
37546  13.286  -58.494  -23.705 0.0000000000
37584  14.474  -57.000  -25.367 0.0000000000
38600  9.825  -56.868  -20.140 0.0000000000
38601  9.302  -56.946  -19.999 0.0000000000
38611  12.178  -57.415  -21.286 0.0000000000
38614  10.015  -56.664  -20.579 0.0000000000
38623  13.532  -58.235  -22.530 0.0000000000
38626  11.942  -57.350  -21.483 0.0000000000
38627  11.332  -56.922  -21.379 0.0000000000
38641  15.977  -57.469  -22.899 0.0000000000
38642  13.610  -58.159  -22.790 0.0000000000
38643  13.168  -58.233  -22.676 0.0000000000
38645  12.084  -57.727  -21.957 0.0000000000
38674  13.578  -56.580  -25.142 0.0000000000
38691  14.665  -56.369  -25.403 0.0000000000
39707  18.796  -55.312  -23.290 0.0000000000
39723  16.768  -55.392  -25.085 0.0000000000
39724  13.795  -54.997  -24.788 0.0000000000
39741  14.156  -55.445  -25.110 0.0000000000
40926  17.408  -54.229  -24.541 0.0000000000
40927  17.168  -54.630  -24.720 0.0000000000
42028  19.011  -53.464  -23.196 0.0000000000
42056  17.278  -53.748  -24.870 0.0000000000
43138  18.307  -53.097  -24.124 0.0000000000
