#!ascii label  , from subject sub-01 vox2ras=TkReg
10996
1620  3.993  -97.356  -32.511 0.6000000238
1239  3.252  -97.518  -33.697 0.5000000000
1238  4.334  -97.286  -33.448 0.6999999881
1252  3.087  -97.546  -34.868 0.4000000060
1253  2.208  -97.051  -34.805 0.2000000030
1251  3.967  -97.655  -34.385 0.5000000000
2064  4.871  -95.956  -30.756 0.8999999762
1611  4.516  -96.590  -31.571 0.6999999881
1609  6.198  -96.186  -31.507 0.8000000119
1631  4.689  -96.799  -33.084 0.6999999881
1630  5.188  -96.751  -33.316 0.8000000119
1250  4.653  -97.725  -34.166 0.6999999881
1237  5.311  -97.486  -33.767 0.6999999881
1265  3.152  -97.527  -35.651 0.4000000060
1266  2.550  -97.195  -35.691 0.3000000119
1206  3.658  -98.074  -29.691 0.6999999881
2557  6.591  -94.906  -29.199 0.8999999762
2568  5.845  -95.096  -30.260 0.8999999762
2054  4.589  -95.922  -29.756 0.8000000119
1224  4.145  -97.190  -30.981 0.6999999881
1225  3.586  -97.796  -31.292 0.6999999881
2052  6.732  -95.612  -29.874 0.8999999762
2069  5.751  -95.727  -31.304 0.8999999762
1231  3.603  -97.512  -32.626 0.5000000000
189  7.240  -101.293  -28.527 1.0000000000
178  6.662  -100.998  -27.855 1.0000000000
361  6.789  -100.353  -27.077 1.0000000000
867  6.407  -98.113  -28.706 0.8999999762
1571  6.860  -96.343  -29.271 0.8999999762
1601  6.617  -96.052  -30.705 0.8999999762
204  6.788  -101.351  -29.420 0.8999999762
377  6.021  -100.325  -28.339 1.0000000000
1204  6.524  -97.362  -29.775 0.8999999762
1587  6.738  -96.414  -30.155 0.8999999762
1223  6.418  -96.799  -31.982 0.8999999762
1232  2.502  -97.728  -32.845 0.2000000030
205  5.984  -101.215  -29.730 0.8999999762
191  5.844  -101.052  -29.156 0.8999999762
620  5.512  -100.025  -29.654 0.8999999762
890  6.272  -98.029  -30.839 0.8999999762
911  6.164  -97.858  -32.673 0.8000000119
1236  6.115  -97.260  -33.267 0.8000000119
1644  1.903  -96.697  -34.744 0.2000000030
916  5.759  -97.984  -33.356 0.8999999762
939  3.914  -97.888  -35.624 0.5000000000
947  4.176  -97.845  -36.486 0.3000000119
684  9.835  -99.032  -38.313 0.3000000119
971  8.662  -98.562  -39.043 0.3000000119
708  9.725  -98.570  -39.246 0.2000000030
697  10.330  -98.826  -38.926 0.3000000119
998  9.784  -98.081  -39.702 0.2000000030
850  4.227  -98.592  -27.587 0.8000000119
1155  4.618  -97.480  -26.912 1.0000000000
578  4.261  -99.174  -26.536 0.6999999881
1188  4.110  -97.830  -28.474 0.8000000119
869  3.646  -98.888  -28.491 0.4000000060
1171  4.386  -97.644  -27.712 0.8000000119
881  3.239  -98.490  -29.574 0.5000000000
870  2.667  -99.116  -28.939 0.4000000060
2012  4.905  -95.908  -27.092 1.0000000000
1557  4.581  -96.609  -27.854 0.8000000119
1572  4.305  -96.648  -29.034 0.6999999881
2532  5.201  -94.704  -27.957 0.8999999762
2515  6.327  -94.405  -26.691 1.0000000000
2040  4.639  -95.606  -28.716 0.8000000119
1216  3.936  -97.459  -30.538 0.6999999881
892  3.020  -98.272  -30.534 0.5000000000
2530  6.669  -94.447  -27.573 1.0000000000
2548  5.248  -94.725  -28.508 0.8000000119
2546  6.975  -94.772  -28.274 0.8999999762
2547  6.186  -94.490  -28.478 1.0000000000
1602  4.331  -96.731  -30.444 0.6999999881
831  9.706  -99.128  -27.229 0.6999999881
358  9.067  -100.814  -26.317 0.6999999881
165  8.445  -101.102  -26.549 0.8000000119
2039  7.025  -95.476  -28.829 0.8999999762
367  9.120  -100.423  -27.032 0.8000000119
368  8.657  -100.659  -27.739 1.0000000000
166  7.470  -100.898  -26.621 0.8000000119
2038  7.347  -95.238  -27.956 0.8999999762
604  9.234  -99.437  -28.528 0.8999999762
605  8.799  -100.065  -28.618 0.8999999762
188  8.024  -101.102  -28.597 1.0000000000
360  7.084  -100.059  -26.294 0.8000000119
577  6.821  -99.460  -26.960 1.0000000000
1170  6.782  -97.601  -28.043 0.8999999762
1186  7.034  -97.069  -28.059 0.8999999762
411  7.865  -99.934  -32.020 0.8999999762
388  7.830  -100.882  -29.872 1.0000000000
203  7.570  -101.153  -29.408 0.8999999762
606  6.058  -99.325  -28.547 1.0000000000
412  7.456  -100.564  -31.942 0.8999999762
217  6.628  -101.263  -30.501 0.8999999762
218  5.794  -101.185  -30.819 0.8999999762
628  5.084  -99.848  -30.718 0.8999999762
902  5.895  -98.408  -31.790 0.8999999762
426  7.743  -100.596  -32.528 0.8999999762
244  7.728  -100.943  -32.836 0.8999999762
231  6.271  -101.231  -31.648 0.8999999762
414  4.843  -100.537  -32.155 0.8999999762
629  4.843  -99.918  -31.398 0.8999999762
912  5.476  -98.673  -32.760 0.8999999762
94  9.004  -101.466  -33.308 0.8999999762
95  7.643  -101.475  -33.401 0.8999999762
96  6.893  -101.594  -33.487 0.8999999762
247  5.275  -100.987  -32.666 0.8999999762
257  5.362  -100.986  -33.441 0.8999999762
657  4.950  -99.337  -34.489 0.6999999881
666  5.130  -99.173  -35.284 0.6999999881
113  8.869  -101.648  -34.361 0.8000000119
114  7.843  -101.607  -34.384 0.8000000119
264  6.355  -101.199  -34.765 0.6999999881
278  6.107  -100.700  -35.100 0.6999999881
451  5.329  -99.927  -35.070 0.5000000000
671  5.343  -98.908  -36.246 0.5000000000
946  4.679  -98.415  -36.072 0.6000000238
111  10.734  -101.851  -33.914 0.6999999881
275  8.636  -101.079  -35.316 0.6999999881
285  8.352  -100.646  -35.741 0.6000000238
287  6.693  -100.339  -35.720 0.6000000238
675  5.883  -99.044  -36.725 0.5000000000
688  5.624  -98.589  -37.116 0.4000000060
1291  5.180  -97.388  -37.775 0.3000000119
282  11.033  -100.357  -35.401 0.6000000238
272  10.792  -100.858  -34.747 0.6000000238
283  9.931  -100.425  -35.569 0.6000000238
293  8.940  -100.213  -36.241 0.6000000238
464  8.689  -99.800  -36.813 0.6000000238
473  8.291  -99.145  -37.205 0.6000000238
687  6.571  -98.798  -37.364 0.4000000060
454  13.039  -99.614  -36.230 0.5000000000
289  12.114  -99.935  -36.481 0.5000000000
290  11.514  -100.028  -36.354 0.5000000000
463  9.786  -99.816  -36.830 0.6000000238
472  9.320  -99.377  -37.528 0.6000000238
685  8.811  -98.864  -38.051 0.4000000060
699  8.291  -98.641  -38.512 0.4000000060
460  12.532  -99.722  -36.663 0.5000000000
461  11.872  -99.805  -36.990 0.5000000000
470  11.544  -99.485  -37.668 0.3000000119
1302  8.403  -97.583  -39.353 0.2000000030
673  13.341  -98.992  -37.053 0.5000000000
469  12.326  -99.390  -37.444 0.3000000119
683  10.642  -99.054  -38.492 0.2000000030
706  10.877  -98.528  -39.363 0.2000000030
997  10.775  -98.180  -39.776 0.2000000030
1748  9.366  -97.227  -39.895 0.2000000030
960  13.469  -98.741  -37.611 0.3000000119
681  12.162  -99.094  -38.191 0.3000000119
694  12.825  -98.707  -38.685 0.2000000030
996  11.920  -98.009  -40.167 0.2000000030
959  13.843  -98.532  -37.894 0.3000000119
705  11.700  -98.629  -39.311 0.2000000030
710  11.406  -98.384  -39.678 0.2000000030
958  14.691  -98.273  -38.176 0.2000000030
679  14.197  -98.443  -38.518 0.2000000030
703  13.397  -98.512  -39.038 0.2000000030
704  12.679  -98.524  -39.222 0.2000000030
1005  12.454  -98.028  -40.324 0.2000000030
678  15.105  -98.382  -38.909 0.2000000030
969  14.418  -98.363  -39.190 0.2000000030
981  13.810  -98.245  -39.403 0.2000000030
994  13.625  -97.958  -39.962 0.2000000030
822  4.816  -98.966  -25.921 0.8000000119
608  3.334  -99.299  -27.933 0.4000000060
579  3.559  -99.566  -26.395 0.4000000060
567  4.352  -99.631  -25.363 0.6000000238
1521  5.296  -96.390  -25.525 1.0000000000
1540  4.696  -96.609  -27.067 1.0000000000
593  2.457  -99.399  -27.548 0.4000000060
351  3.841  -99.855  -24.780 0.6000000238
2011  5.338  -95.567  -26.353 1.0000000000
894  1.888  -98.087  -30.430 0.3000000119
2500  6.697  -94.370  -25.707 1.0000000000
2501  5.913  -94.895  -25.908 1.0000000000
2514  7.347  -94.553  -26.614 1.0000000000
2024  7.668  -95.024  -27.282 1.0000000000
846  9.948  -98.326  -27.615 0.8000000119
575  9.645  -99.846  -26.433 0.6999999881
156  8.917  -101.211  -25.525 0.6999999881
1538  7.937  -96.445  -26.244 1.0000000000
2010  7.978  -95.321  -26.593 1.0000000000
866  9.607  -98.671  -28.483 0.8999999762
847  9.623  -98.953  -27.766 0.8999999762
150  7.835  -100.955  -25.261 0.8000000119
158  7.730  -100.961  -25.785 0.8000000119
1556  7.675  -95.899  -27.306 0.8999999762
617  9.122  -99.219  -29.220 0.8999999762
618  8.550  -99.801  -29.860 1.0000000000
1153  7.604  -97.505  -26.310 0.8999999762
1169  7.242  -97.291  -27.272 0.8999999762
888  9.168  -98.338  -30.843 0.8999999762
889  8.510  -99.168  -30.794 1.0000000000
397  8.019  -100.477  -30.189 1.0000000000
832  7.290  -98.193  -26.620 0.8999999762
643  9.144  -99.683  -32.700 0.8999999762
576  7.153  -99.070  -26.315 0.8000000119
424  9.551  -100.618  -32.697 0.8999999762
93  9.955  -101.926  -32.750 0.8999999762
10  10.867  -102.044  -31.794 0.8999999762
20  10.121  -102.273  -32.856 0.8000000119
18  11.317  -102.175  -32.195 0.8999999762
110  11.675  -101.769  -33.742 0.6000000238
27  10.971  -102.237  -33.325 0.6999999881
101  11.582  -102.126  -33.091 0.8000000119
126  11.757  -100.591  -34.844 0.6000000238
100  12.419  -101.809  -33.135 0.6999999881
268  14.585  -99.591  -34.231 0.6999999881
269  13.686  -100.066  -34.440 0.6000000238
270  12.930  -100.290  -34.692 0.6000000238
108  13.023  -101.252  -33.698 0.6000000238
99  13.235  -101.345  -33.102 0.8000000119
449  14.009  -99.528  -34.702 0.6000000238
453  13.781  -99.307  -35.428 0.6000000238
669  13.643  -99.154  -36.289 0.5000000000
951  14.108  -98.498  -37.360 0.4000000060
950  15.190  -97.903  -37.336 0.4000000060
949  16.358  -97.744  -37.723 0.3000000119
957  15.946  -98.157  -38.631 0.1000000015
677  15.675  -98.473  -39.262 0.2000000030
701  15.620  -98.562  -39.574 0.2000000030
834  4.625  -98.514  -26.628 1.0000000000
555  5.105  -99.416  -24.502 0.8999999762
1154  5.000  -97.225  -26.065 1.0000000000
340  4.819  -99.833  -24.237 0.8000000119
330  4.150  -100.070  -23.641 0.8000000119
1984  5.704  -95.400  -25.062 1.0000000000
1508  5.617  -96.297  -24.559 1.0000000000
581  2.051  -99.291  -27.339 0.3000000119
580  2.516  -99.422  -26.532 0.3000000119
557  3.153  -99.637  -24.288 0.6999999881
331  3.590  -99.836  -23.574 0.8000000119
1207  1.638  -97.749  -29.401 0.3000000119
2484  6.836  -94.297  -24.464 1.0000000000
2499  7.513  -94.488  -25.362 1.0000000000
2467  7.664  -94.030  -23.553 1.0000000000
2483  7.869  -94.330  -24.466 0.8999999762
2498  8.151  -94.726  -25.023 1.0000000000
1982  8.570  -95.024  -24.585 0.8000000119
1168  10.370  -97.511  -27.715 0.8999999762
147  9.695  -101.023  -24.182 0.8000000119
148  9.190  -101.191  -24.520 0.8000000119
2009  8.206  -95.713  -25.920 1.0000000000
1997  8.400  -95.393  -25.293 1.0000000000
1971  8.911  -95.361  -24.025 0.8000000119
1569  10.494  -96.961  -28.446 0.8999999762
865  9.850  -98.260  -28.175 0.8999999762
140  9.317  -100.982  -23.639 0.8000000119
141  8.850  -100.832  -23.722 0.8000000119
149  8.458  -100.971  -24.496 0.8000000119
1520  8.033  -96.720  -25.668 0.8000000119
1507  8.657  -95.962  -24.706 0.8000000119
1600  11.007  -96.805  -29.960 0.8000000119
1213  10.557  -97.217  -30.508 0.8999999762
328  8.627  -100.419  -23.603 0.8000000119
553  8.073  -99.500  -24.095 0.8000000119
565  7.430  -99.545  -25.455 0.8000000119
1124  7.830  -97.885  -25.240 0.8000000119
898  10.562  -98.373  -31.910 0.8999999762
899  9.445  -98.346  -31.944 0.8999999762
820  7.558  -98.307  -25.782 0.8000000119
634  10.763  -99.422  -31.862 0.8999999762
909  9.766  -98.992  -32.497 1.0000000000
410  10.202  -100.840  -32.176 1.0000000000
215  10.613  -101.437  -31.682 1.0000000000
9  11.281  -101.784  -31.209 0.8999999762
12  12.368  -101.961  -31.405 0.8999999762
262  14.271  -100.163  -33.752 0.8000000119
98  13.850  -100.790  -33.141 0.8000000119
91  12.890  -101.754  -32.474 0.8000000119
263  13.744  -100.495  -33.988 0.6999999881
107  13.598  -100.779  -33.591 0.6999999881
90  13.505  -101.274  -32.502 0.8999999762
665  15.530  -98.631  -34.742 0.6000000238
1264  15.522  -97.592  -35.522 0.5000000000
668  14.260  -98.853  -36.004 0.5000000000
944  14.801  -97.986  -36.035 0.6000000238
1275  15.812  -97.430  -36.461 0.5000000000
1284  15.988  -97.622  -37.136 0.4000000060
1137  5.262  -97.614  -25.392 1.0000000000
821  5.230  -98.636  -25.341 1.0000000000
1125  5.452  -97.130  -24.772 1.0000000000
796  5.832  -98.582  -23.438 1.0000000000
1498  5.877  -96.162  -23.901 1.0000000000
871  1.745  -98.668  -28.839 0.3000000119
510  6.034  -99.405  -21.865 1.0000000000
1973  5.897  -95.590  -24.314 1.0000000000
1172  1.591  -98.087  -27.829 0.3000000119
836  1.721  -98.871  -27.035 0.3000000119
1983  6.127  -94.959  -24.492 1.0000000000
2451  6.711  -94.971  -22.814 1.0000000000
1603  1.621  -96.196  -30.315 0.3000000119
1574  1.631  -97.238  -28.454 0.3000000119
1573  1.821  -96.324  -28.619 0.3000000119
1157  1.646  -98.013  -26.770 0.3000000119
558  2.748  -99.226  -24.349 0.6000000238
2468  6.906  -94.474  -23.397 1.0000000000
1139  2.203  -97.622  -25.294 0.4000000060
811  2.524  -98.668  -24.382 0.6999999881
3059  8.326  -93.984  -23.162 1.0000000000
3060  7.921  -93.848  -22.778 1.0000000000
2466  8.561  -94.495  -23.772 0.8000000119
336  10.192  -100.591  -24.340 0.6999999881
2465  9.071  -94.962  -23.547 0.8000000119
1568  11.209  -96.116  -28.378 0.8000000119
133  9.463  -100.726  -22.623 0.8000000119
1586  10.828  -96.588  -29.219 0.8000000119
134  9.004  -100.714  -23.209 0.8000000119
1123  8.178  -97.359  -24.638 0.8000000119
1496  8.837  -96.379  -23.899 0.8000000119
1220  11.315  -97.506  -31.020 0.8000000119
524  8.695  -99.190  -22.615 0.6999999881
539  8.374  -99.395  -23.476 0.8000000119
794  8.341  -98.282  -23.739 0.8000000119
1112  8.743  -97.456  -23.448 0.8000000119
887  11.851  -98.268  -30.610 0.8999999762
809  7.810  -98.586  -24.986 0.8000000119
615  11.490  -99.717  -29.680 0.8999999762
396  10.829  -100.525  -30.550 0.8999999762
214  10.794  -101.173  -30.855 0.8999999762
386  11.017  -100.802  -29.654 0.8999999762
81  11.149  -101.532  -30.687 0.8999999762
7  12.191  -101.909  -30.879 0.8999999762
79  12.878  -101.864  -30.907 0.8999999762
227  13.559  -101.266  -31.379 0.8999999762
253  14.886  -99.814  -33.191 0.8999999762
241  14.322  -100.345  -32.576 1.0000000000
86  13.688  -101.149  -31.961 0.8999999762
267  15.228  -99.253  -34.211 0.8999999762
447  15.903  -99.047  -34.272 0.6999999881
440  16.460  -99.153  -33.932 0.8000000119
923  16.657  -97.708  -34.647 0.5000000000
664  16.547  -98.628  -34.402 0.6999999881
1263  16.106  -97.397  -35.203 0.5000000000
1654  15.965  -97.174  -35.853 0.5000000000
1689  16.832  -96.883  -36.547 0.5000000000
948  17.010  -97.550  -37.729 0.4000000060
1671  17.023  -96.364  -36.117 0.5000000000
956  17.393  -97.871  -38.345 0.1000000015
2129  17.761  -95.874  -35.692 0.5000000000
1114  5.783  -97.217  -23.916 1.0000000000
810  5.541  -98.129  -24.585 1.0000000000
511  5.296  -99.900  -21.912 0.8999999762
1497  6.048  -96.515  -23.207 1.0000000000
1485  6.297  -96.934  -22.518 1.0000000000
1113  6.132  -97.700  -23.002 1.0000000000
502  5.179  -99.597  -20.872 0.8999999762
503  4.544  -99.370  -20.842 0.8999999762
2438  6.816  -95.110  -22.031 1.0000000000
1960  6.415  -95.902  -22.495 1.0000000000
1471  7.037  -96.374  -21.047 1.0000000000
513  3.901  -99.577  -21.763 0.8000000119
2437  7.390  -94.567  -21.427 1.0000000000
2450  7.279  -94.327  -22.575 1.0000000000
2065  1.674  -95.468  -30.791 0.3000000119
528  3.025  -99.154  -22.757 0.6999999881
3042  8.600  -93.877  -22.444 0.8999999762
3043  7.826  -93.884  -22.043 1.0000000000
1522  2.153  -96.819  -25.554 0.4000000060
797  2.577  -98.327  -23.607 0.5000000000
1115  2.511  -97.628  -23.132 0.5000000000
1509  2.319  -96.149  -24.456 0.4000000060
1499  2.421  -96.643  -23.377 0.6000000238
1945  10.072  -94.975  -21.250 0.6999999881
2448  9.258  -94.640  -22.819 0.8000000119
1974  2.623  -95.485  -23.441 0.6000000238
1470  9.604  -96.443  -21.742 0.6999999881
1946  9.742  -95.305  -21.963 0.8000000119
305  10.266  -100.719  -21.701 0.6999999881
306  9.492  -100.232  -21.901 0.6999999881
1484  9.331  -96.925  -22.450 0.8000000119
1959  9.458  -95.904  -22.609 0.8000000119
2050  12.421  -95.776  -29.257 0.8000000119
1201  12.138  -96.843  -29.919 0.8000000119
307  9.046  -99.830  -22.092 0.6999999881
1100  9.131  -97.640  -22.456 0.6999999881
1212  11.589  -97.238  -30.457 0.8000000119
1211  12.155  -97.768  -30.258 0.8000000119
781  8.927  -98.438  -22.290 0.6999999881
782  8.639  -98.438  -23.048 0.8000000119
876  12.024  -98.874  -29.954 0.8999999762
603  11.788  -99.746  -28.679 0.8999999762
385  11.171  -100.313  -29.509 0.8999999762
186  11.479  -101.034  -28.515 0.8999999762
67  11.571  -101.408  -29.345 0.8000000119
72  12.648  -101.563  -29.945 0.8000000119
200  13.287  -101.165  -29.979 0.8000000119
212  13.698  -100.805  -30.763 0.8000000119
252  16.395  -99.322  -32.877 0.8999999762
421  15.114  -99.591  -32.471 1.0000000000
408  14.644  -99.810  -31.846 0.8999999762
261  15.793  -99.335  -33.673 0.8999999762
439  17.119  -99.015  -33.531 0.8999999762
446  16.932  -98.966  -34.024 0.8000000119
934  18.133  -98.236  -33.959 0.8000000119
935  17.164  -98.112  -34.374 0.8000000119
663  17.518  -98.619  -34.005 0.8000000119
1247  18.190  -97.085  -34.054 0.5000000000
1643  16.917  -96.695  -34.730 0.5000000000
1652  17.243  -96.136  -35.131 0.5000000000
1641  18.623  -96.188  -33.810 0.6000000238
2096  17.707  -95.854  -34.717 0.5000000000
2110  17.804  -95.677  -35.052 0.5000000000
1670  17.965  -96.264  -36.435 0.5000000000
1687  18.323  -96.845  -37.116 0.5000000000
2605  19.617  -94.393  -34.395 0.5000000000
2606  18.971  -94.838  -34.716 0.5000000000
2108  18.813  -95.145  -35.700 0.5000000000
2625  19.354  -94.633  -35.514 0.5000000000
2128  18.491  -95.642  -36.076 0.5000000000
1669  18.921  -96.254  -36.670 0.5000000000
2604  20.263  -93.811  -34.330 0.5000000000
2624  20.136  -93.751  -35.222 0.5000000000
2642  20.135  -94.557  -36.342 0.5000000000
2657  20.667  -94.662  -36.958 0.5000000000
3198  20.816  -93.096  -34.502 0.5000000000
3215  20.895  -92.875  -35.454 0.5000000000
2656  20.998  -94.558  -37.485 0.4000000060
3836  21.529  -92.346  -35.506 0.5000000000
3226  21.279  -92.893  -36.446 0.4000000060
3884  21.922  -92.889  -38.828 0.4000000060
783  6.223  -98.574  -22.666 1.0000000000
759  4.242  -99.072  -20.549 1.0000000000
1102  6.421  -97.753  -22.182 1.0000000000
501  6.055  -99.519  -20.888 1.0000000000
1935  7.295  -95.460  -20.678 1.0000000000
1948  6.715  -95.906  -21.715 1.0000000000
769  2.978  -98.534  -21.688 0.6999999881
3018  8.251  -93.840  -20.774 1.0000000000
2424  8.029  -94.260  -20.029 1.0000000000
1088  2.728  -97.620  -21.563 0.8999999762
3029  8.295  -93.740  -21.648 0.8999999762
3007  9.386  -93.336  -19.537 0.8000000119
3008  8.585  -93.823  -19.676 0.8000000119
2402  8.778  -94.616  -18.720 0.8000000119
1103  2.582  -97.699  -22.418 0.6999999881
1486  2.476  -97.029  -22.400 0.8000000119
1075  2.726  -96.919  -20.885 0.8000000119
3028  8.990  -93.705  -21.527 0.8999999762
3016  9.745  -93.255  -20.017 0.8000000119
1961  2.496  -95.986  -22.428 0.6999999881
1949  2.730  -95.472  -21.443 0.8000000119
2453  2.925  -94.845  -22.418 0.6999999881
1936  2.736  -94.908  -20.496 0.8000000119
1469  9.904  -95.799  -21.317 0.6999999881
1457  9.900  -96.373  -21.134 0.6999999881
1583  12.979  -96.790  -29.169 0.8000000119
1200  12.538  -97.479  -29.590 0.8000000119
500  9.694  -99.373  -21.076 0.6999999881
508  9.091  -99.204  -21.778 0.6999999881
756  9.445  -98.408  -21.265 0.6999999881
864  12.800  -98.206  -28.633 0.8000000119
602  12.341  -99.102  -28.572 0.8999999762
366  11.770  -100.722  -27.824 0.8999999762
163  12.137  -101.204  -27.326 0.8999999762
57  11.971  -101.499  -28.688 0.8999999762
56  12.706  -101.495  -28.252 0.8999999762
64  13.117  -101.520  -28.995 0.8000000119
198  15.381  -100.243  -29.349 0.8999999762
185  13.833  -100.975  -28.775 0.8000000119
199  14.310  -100.354  -29.814 0.8000000119
420  16.379  -99.308  -32.237 1.0000000000
407  15.548  -99.348  -31.729 1.0000000000
395  14.348  -100.100  -30.889 1.0000000000
251  17.506  -99.486  -32.486 1.0000000000
260  17.541  -99.176  -33.198 1.0000000000
438  18.250  -99.286  -33.103 0.8999999762
1261  18.667  -97.695  -33.811 0.6999999881
662  18.486  -98.640  -33.588 0.8000000119
11578  1.576  -82.047  -33.532 0.6000000238
933  19.104  -98.184  -33.586 0.8000000119
661  19.408  -98.642  -33.402 0.8999999762
1640  19.645  -96.282  -33.538 0.6000000238
1260  19.690  -97.533  -33.540 0.6999999881
932  20.373  -98.050  -33.440 0.8999999762
11588  2.429  -81.844  -34.543 0.6000000238
2082  19.648  -94.893  -33.777 0.6000000238
10702  3.001  -82.758  -34.004 0.5000000000
2587  20.234  -94.314  -33.846 0.5000000000
2586  21.312  -94.255  -33.590 0.5000000000
3175  21.315  -93.357  -33.812 0.5000000000
3820  23.831  -92.570  -34.755 0.6000000238
3196  22.400  -92.881  -33.842 0.5000000000
2092  22.272  -94.848  -33.793 0.6999999881
3821  23.064  -92.259  -34.548 0.5000000000
3855  22.220  -92.211  -36.434 0.5000000000
3834  23.511  -91.998  -35.409 0.5000000000
3871  22.019  -92.515  -37.559 0.4000000060
3854  23.105  -91.902  -36.319 0.5000000000
3870  22.887  -91.913  -37.390 0.4000000060
3883  22.607  -91.984  -38.560 0.4000000060
495  5.574  -99.460  -19.954 0.8999999762
760  3.812  -98.598  -20.464 1.0000000000
1074  3.307  -97.319  -20.215 1.0000000000
1459  3.136  -96.455  -19.873 0.8999999762
1460  2.849  -96.100  -20.447 0.8000000119
2426  2.711  -93.952  -20.527 0.6999999881
1071  9.821  -97.261  -20.968 0.6999999881
1567  13.479  -96.339  -28.591 0.8000000119
863  13.134  -97.640  -28.346 0.8000000119
755  9.891  -98.450  -20.401 0.6999999881
845  12.699  -98.908  -27.754 0.8000000119
586  12.143  -99.889  -27.702 0.8000000119
357  12.005  -100.800  -27.048 0.8000000119
47  12.957  -101.359  -27.047 0.8000000119
173  13.922  -101.164  -28.255 0.6999999881
184  14.710  -100.532  -28.683 0.8999999762
406  16.459  -99.767  -31.090 1.0000000000
393  15.883  -99.916  -30.437 0.8999999762
405  17.173  -99.775  -31.644 1.0000000000
250  18.240  -99.856  -32.370 1.0000000000
223  18.402  -100.687  -31.509 0.8999999762
259  18.584  -99.742  -32.653 1.0000000000
444  19.024  -99.131  -33.249 1.0000000000
14177  0.968  -79.328  -32.670 0.8000000119
12466  1.229  -81.036  -34.147 0.8000000119
12452  0.287  -81.115  -32.841 0.6999999881
660  20.099  -98.910  -33.194 0.8999999762
443  19.745  -99.354  -32.985 0.8999999762
14207  1.408  -79.603  -33.891 0.8000000119
11589  1.699  -81.503  -34.241 0.6000000238
13295  -0.195  -80.656  -31.905 0.6999999881
1259  20.892  -97.062  -33.567 0.8000000119
13326  1.263  -80.266  -34.560 0.8000000119
943  21.295  -97.347  -33.502 1.0000000000
658  21.648  -98.081  -33.097 0.8999999762
11597  3.395  -82.081  -35.288 0.5000000000
11598  2.784  -81.371  -35.609 0.6000000238
1625  20.960  -95.436  -33.483 0.6000000238
1638  21.524  -95.744  -33.656 0.8000000119
1667  22.385  -96.043  -33.949 0.8999999762
941  22.801  -96.930  -33.762 0.8999999762
2623  23.934  -93.806  -34.574 0.6999999881
2091  22.915  -94.632  -33.908 0.8000000119
2125  23.211  -95.320  -34.269 0.8999999762
1271  22.641  -96.483  -33.871 0.8000000119
2640  24.167  -94.213  -34.980 0.6000000238
2106  23.538  -94.659  -34.346 0.6999999881
2655  24.947  -93.557  -37.096 0.6999999881
2622  24.381  -93.652  -35.186 0.6999999881
3238  24.778  -92.911  -36.862 0.5000000000
3869  23.610  -91.887  -37.028 0.5000000000
488  5.099  -99.322  -19.453 1.0000000000
751  4.494  -99.027  -19.896 1.0000000000
1446  3.022  -95.981  -19.624 0.8000000119
2414  2.667  -94.228  -19.667 0.8000000119
4292  2.485  -92.022  -19.523 0.4000000060
3009  2.613  -93.355  -19.818 0.6000000238
2998  2.804  -93.425  -18.807 0.8000000119
1070  10.166  -97.426  -19.868 0.6999999881
4923  2.228  -91.150  -19.326 0.3000000119
1150  13.752  -97.280  -26.847 0.8000000119
828  13.505  -98.043  -26.873 0.8000000119
844  13.166  -98.134  -27.763 0.8000000119
562  12.489  -99.870  -26.140 0.8000000119
162  12.455  -100.956  -26.555 0.8000000119
154  13.773  -101.286  -25.581 0.8000000119
54  14.574  -101.194  -27.435 0.6999999881
55  13.654  -101.308  -27.929 0.6999999881
63  15.764  -100.808  -28.072 0.8000000119
171  15.084  -100.790  -27.959 0.6999999881
183  15.620  -100.622  -28.632 0.8000000119
60  17.455  -100.771  -29.071 0.8999999762
70  17.131  -100.833  -29.404 0.8999999762
78  17.585  -100.675  -30.292 0.8999999762
211  16.450  -100.293  -30.317 1.0000000000
85  18.038  -100.851  -30.957 0.8999999762
84  18.474  -100.779  -31.080 0.8999999762
236  19.084  -100.623  -31.977 0.8999999762
12413  2.835  -80.882  -31.123 1.0000000000
13294  2.788  -79.934  -32.394 0.8999999762
13275  2.073  -79.893  -31.452 0.8999999762
430  19.788  -99.897  -32.324 0.8999999762
14176  2.041  -79.374  -32.780 0.8000000119
14178  0.132  -79.757  -32.231 0.6999999881
14179  -0.357  -80.045  -31.623 0.6999999881
435  20.575  -99.330  -32.550 0.8999999762
649  21.571  -98.767  -32.248 0.8000000119
14236  1.675  -79.784  -35.067 0.8000000119
648  22.528  -98.250  -32.313 0.8999999762
12482  1.980  -80.934  -35.370 0.8000000119
1272  21.740  -96.805  -33.663 1.0000000000
12505  2.539  -80.796  -36.102 0.8999999762
929  23.203  -97.007  -33.571 0.8999999762
1682  26.127  -94.365  -36.798 0.8000000119
2143  24.924  -93.991  -36.407 0.6999999881
1684  25.027  -94.408  -35.993 0.8000000119
1279  25.190  -94.783  -35.713 0.6000000238
1665  24.215  -95.145  -34.991 0.6000000238
1257  23.616  -96.600  -33.821 0.6999999881
2123  24.606  -94.416  -35.600 0.6999999881
2667  24.967  -93.541  -37.811 0.6999999881
1923  2.834  -95.216  -19.553 0.8000000119
5561  1.953  -90.159  -18.032 0.3000000119
3652  2.689  -92.688  -18.631 0.6999999881
1553  13.830  -96.338  -27.721 0.8000000119
4915  2.317  -90.905  -18.078 0.3000000119
1533  13.964  -96.694  -26.526 0.8000000119
1132  13.647  -97.621  -26.313 0.8000000119
561  13.032  -99.491  -25.739 0.8000000119
347  12.701  -100.443  -25.773 0.8000000119
53  15.514  -101.074  -27.355 0.8000000119
45  14.855  -101.328  -26.651 0.8000000119
42  16.396  -100.675  -27.289 0.8999999762
50  17.177  -100.619  -28.353 0.8999999762
52  15.860  -100.862  -27.545 0.8999999762
61  16.867  -100.918  -28.603 0.8999999762
13292  3.878  -80.365  -32.315 1.0000000000
15095  0.542  -79.108  -31.096 0.6999999881
391  21.706  -99.106  -30.751 0.8000000119
402  22.085  -98.786  -31.157 0.8000000119
14175  3.107  -79.734  -33.098 0.8999999762
1634  27.583  -94.924  -34.752 0.8000000119
640  22.639  -98.435  -31.731 0.8000000119
14235  2.566  -79.484  -34.773 0.8999999762
14255  1.754  -79.952  -35.628 0.8000000119
1661  27.610  -94.731  -35.670 0.8999999762
1647  27.295  -95.073  -35.246 0.6000000238
914  23.683  -97.376  -32.369 0.8000000119
12504  3.256  -80.826  -36.626 0.8999999762
2122  27.365  -94.303  -36.607 0.8999999762
1681  26.556  -94.457  -36.646 0.8999999762
1648  26.454  -95.351  -35.058 0.5000000000
1242  25.540  -95.781  -34.049 0.6000000238
1623  25.758  -95.517  -33.225 0.5000000000
1608  25.194  -96.255  -31.440 0.6000000238
1228  24.626  -96.689  -31.951 0.6999999881
11608  4.374  -82.197  -36.516 0.6000000238
12503  4.031  -81.422  -36.957 0.8000000119
1697  26.184  -94.019  -37.330 0.8999999762
1663  26.045  -94.971  -35.878 0.5000000000
1255  25.058  -95.867  -34.609 0.5000000000
1234  25.373  -95.819  -33.425 0.6000000238
1244  24.133  -96.600  -33.366 0.6000000238
919  24.152  -96.718  -32.893 0.8000000119
2679  25.190  -93.267  -38.427 0.6000000238
2160  25.193  -93.675  -37.422 0.6999999881
3268  25.061  -92.978  -38.940 0.5000000000
3252  24.905  -93.087  -38.029 0.6000000238
3893  24.808  -92.556  -38.906 0.4000000060
5549  1.633  -89.655  -17.350 0.3000000119
4903  2.322  -90.830  -17.030 0.6999999881
4286  2.537  -91.968  -18.582 0.6999999881
1131  13.812  -97.263  -25.781 0.8000000119
817  13.625  -98.322  -25.729 0.8000000119
145  13.721  -100.819  -25.022 0.8000000119
144  14.564  -100.996  -24.760 0.8000000119
33  14.845  -101.226  -25.314 0.8000000119
37  15.529  -100.962  -26.227 0.8000000119
12367  4.310  -81.354  -28.561 0.8999999762
12368  3.535  -81.897  -28.797 1.0000000000
12375  2.998  -81.657  -29.600 1.0000000000
12388  2.588  -81.106  -30.332 1.0000000000
12373  4.500  -80.977  -29.868 1.0000000000
12412  3.581  -81.030  -31.263 1.0000000000
13252  1.546  -79.655  -30.467 0.8999999762
15075  0.541  -78.984  -30.798 0.6999999881
15097  -0.249  -79.139  -30.839 0.6000000238
379  22.111  -98.856  -30.427 0.8000000119
13250  4.585  -80.489  -30.857 1.0000000000
623  22.861  -98.476  -30.696 0.8000000119
14147  4.899  -79.861  -32.458 1.0000000000
14174  4.377  -79.899  -32.875 0.8999999762
14205  3.459  -79.518  -33.975 0.8999999762
14254  2.308  -79.666  -35.757 0.8000000119
2075  27.668  -94.635  -32.686 0.6999999881
854  24.727  -97.409  -29.136 0.6999999881
621  23.863  -97.877  -30.573 0.8000000119
14272  2.445  -79.878  -36.264 0.8000000119
2121  27.686  -94.336  -36.210 0.8999999762
1622  26.780  -95.103  -33.706 0.6000000238
1614  26.716  -95.049  -32.459 0.6000000238
885  24.525  -97.378  -30.357 0.8000000119
12526  3.837  -80.646  -37.323 0.8999999762
1607  26.069  -95.554  -31.340 0.6000000238
1209  25.916  -96.359  -30.019 0.6000000238
873  24.825  -97.325  -29.526 0.6000000238
906  24.202  -97.306  -31.669 0.8000000119
11620  5.303  -82.799  -37.694 0.6000000238
11621  4.859  -82.149  -37.336 0.6999999881
12525  4.491  -81.105  -37.627 0.8000000119
2173  26.349  -93.608  -39.079 0.8000000119
1616  25.129  -96.168  -32.258 0.6000000238
2186  25.607  -93.246  -39.638 0.6000000238
2692  25.545  -93.385  -40.107 0.6000000238
3903  24.807  -92.208  -39.856 0.4000000060
3913  24.777  -92.050  -40.943 0.4000000060
5535  1.655  -89.604  -16.148 0.6000000238
35  16.134  -100.660  -26.598 0.8999999762
13230  4.582  -80.360  -29.146 0.8999999762
13237  2.204  -80.979  -29.302 1.0000000000
13238  1.747  -79.897  -29.523 1.0000000000
14113  1.177  -79.127  -29.753 0.8999999762
14122  4.669  -79.686  -30.767 0.8999999762
15068  0.556  -78.788  -30.041 0.6999999881
840  23.802  -97.550  -28.734 0.6000000238
856  22.894  -98.023  -29.218 0.6999999881
15118  5.025  -78.886  -33.074 0.8999999762
3867  29.290  -92.126  -36.867 0.8999999762
3850  29.605  -92.449  -35.779 0.8000000119
855  23.772  -97.874  -29.418 0.8000000119
595  23.256  -98.218  -29.904 0.8000000119
14204  4.372  -79.132  -34.031 0.8999999762
2637  28.628  -93.178  -36.708 0.8000000119
3210  29.248  -93.179  -35.311 0.8000000119
2089  28.241  -94.359  -34.460 0.8000000119
2078  28.365  -94.236  -33.246 0.6999999881
14234  3.761  -79.057  -34.988 0.8999999762
14271  3.118  -79.440  -36.527 0.8999999762
14285  3.707  -79.260  -37.565 0.8999999762
3250  28.371  -92.474  -38.401 0.8999999762
2664  28.386  -92.848  -37.725 0.8999999762
2665  27.909  -93.151  -37.874 0.8999999762
2638  28.246  -93.748  -36.276 0.8000000119
2074  28.166  -94.363  -32.270 0.6999999881
2067  27.865  -94.676  -31.321 0.6000000238
1606  27.122  -95.240  -31.112 0.5000000000
838  25.363  -96.840  -28.662 0.6000000238
1143  25.768  -96.470  -27.957 0.5000000000
3267  28.050  -92.577  -39.292 1.0000000000
2676  27.567  -92.897  -38.830 0.8999999762
2666  27.297  -93.310  -38.358 1.0000000000
2066  28.316  -94.503  -30.642 0.6999999881
1605  27.774  -95.073  -30.446 0.5000000000
1593  27.270  -95.620  -29.858 0.5000000000
1192  27.131  -95.982  -29.102 0.5000000000
872  25.552  -96.850  -29.160 0.6000000238
10753  5.727  -83.533  -38.044 0.5000000000
12550  5.107  -81.187  -38.131 0.8999999762
3280  28.363  -92.199  -39.750 1.0000000000
2678  26.370  -93.182  -39.723 1.0000000000
1575  28.200  -95.348  -29.165 0.5000000000
1561  27.862  -95.874  -28.522 0.5000000000
1174  26.871  -96.329  -28.556 0.5000000000
2706  26.769  -93.205  -41.505 1.0000000000
2707  26.259  -93.391  -40.921 1.0000000000
2185  25.898  -93.457  -39.780 0.8000000119
2723  25.925  -92.969  -41.777 0.6999999881
2708  25.818  -93.321  -40.704 0.6999999881
3307  25.130  -92.617  -41.478 0.4000000060
3305  26.400  -92.833  -42.272 0.6999999881
3306  25.461  -92.725  -42.005 0.6000000238
4539  24.305  -91.478  -41.382 0.4000000060
3933  24.807  -91.637  -42.944 0.4000000060
3923  24.731  -91.806  -42.089 0.4000000060
4236  2.419  -91.139  -15.346 0.8000000119
4254  2.587  -91.224  -16.248 0.6999999881
3625  3.065  -92.043  -16.678 0.6999999881
3641  2.888  -92.584  -17.932 0.6999999881
4859  1.883  -90.125  -14.626 0.8000000119
4274  2.652  -91.604  -17.415 0.6000000238
7858  0.689  -86.311  -16.604 0.1000000015
11506  3.216  -82.082  -28.096 1.0000000000
12362  4.490  -81.203  -27.344 0.8999999762
14107  4.406  -79.526  -28.728 0.8999999762
13232  1.820  -80.158  -28.463 1.0000000000
14108  1.335  -79.199  -28.767 0.8000000119
15061  0.659  -78.375  -29.043 0.8000000119
1547  23.903  -96.211  -27.976 0.5000000000
15093  4.769  -78.808  -31.629 1.0000000000
4480  29.653  -91.776  -36.261 0.8999999762
839  24.627  -97.272  -28.752 0.4000000060
4488  29.209  -91.510  -37.310 0.8999999762
3192  29.728  -93.230  -34.209 0.8000000119
2575  28.803  -93.859  -32.372 0.8000000119
1545  25.394  -95.852  -27.458 0.4000000060
1528  25.086  -96.302  -27.907 0.4000000060
16015  4.420  -77.785  -33.299 1.0000000000
15157  4.139  -78.332  -35.180 0.8999999762
3892  28.571  -91.772  -39.263 0.8000000119
2574  29.521  -93.394  -32.822 0.8000000119
3157  29.442  -93.498  -31.956 0.6999999881
2561  28.957  -93.955  -30.053 0.6000000238
9882  6.971  -84.213  -39.205 0.8000000119
15199  3.500  -78.514  -36.311 0.8999999762
15215  3.627  -78.659  -36.980 0.8999999762
3901  28.526  -91.798  -40.535 0.8999999762
2057  28.393  -94.798  -29.766 0.5000000000
1142  26.391  -96.433  -27.889 0.5000000000
8186  7.811  -86.672  -39.844 0.8000000119
9900  7.859  -85.112  -39.923 0.8999999762
10771  6.957  -83.656  -39.249 0.6999999881
11636  6.263  -82.122  -38.766 0.8000000119
13386  4.140  -79.806  -37.911 0.8999999762
3282  27.570  -92.824  -40.688 1.0000000000
1544  27.988  -95.751  -27.766 0.5000000000
1524  27.529  -95.747  -27.158 0.5000000000
1525  26.840  -95.947  -27.280 0.5000000000
11662  7.032  -82.498  -39.271 0.8000000119
3902  28.315  -92.245  -40.864 1.0000000000
3303  27.552  -92.536  -41.784 0.8999999762
3921  27.831  -91.802  -41.842 0.8999999762
3316  26.699  -92.244  -42.618 0.8000000119
3318  25.638  -92.557  -42.558 0.6000000238
3327  25.652  -92.046  -43.065 0.6000000238
3945  25.210  -91.474  -43.479 0.5000000000
4580  24.598  -90.959  -43.467 0.5000000000
4551  24.217  -91.183  -42.142 0.4000000060
4219  2.342  -91.312  -14.588 0.8000000119
4237  2.083  -90.738  -14.967 0.8000000119
5489  1.802  -89.143  -13.640 0.4000000060
11495  3.898  -82.106  -27.191 0.8999999762
12352  2.916  -81.903  -26.544 0.8999999762
13225  2.288  -81.228  -27.036 1.0000000000
13231  2.253  -81.088  -28.070 1.0000000000
13213  2.083  -80.536  -26.453 1.0000000000
14100  1.530  -79.315  -27.693 1.0000000000
15051  1.140  -78.346  -28.096 1.0000000000
15993  0.138  -77.635  -28.507 0.8000000119
15980  0.784  -77.460  -27.603 0.8999999762
15994  -0.612  -77.842  -28.541 0.8000000119
14112  4.528  -79.608  -29.743 0.8999999762
15073  4.330  -78.937  -30.371 0.8999999762
4465  29.977  -91.882  -35.304 0.6999999881
16007  3.788  -77.697  -31.565 1.0000000000
16006  4.502  -78.006  -32.442 1.0000000000
4500  29.003  -91.229  -38.168 0.8000000119
3173  29.995  -92.905  -33.400 0.8000000119
3156  30.143  -92.818  -32.083 0.6999999881
3153  30.168  -92.826  -30.853 0.6999999881
15156  4.276  -77.794  -34.736 0.8999999762
4511  28.900  -91.177  -38.935 0.8000000119
3154  29.555  -93.353  -31.113 0.6000000238
2551  28.880  -93.941  -28.809 0.4000000060
1513  26.154  -95.784  -27.219 0.4000000060
15177  4.058  -77.829  -35.341 0.8999999762
15198  3.990  -77.994  -36.643 0.8999999762
4525  28.726  -91.052  -40.008 0.8999999762
1560  28.344  -95.332  -28.229 0.5000000000
2000  28.570  -95.221  -26.522 0.5000000000
1511  27.113  -95.622  -26.627 0.4000000060
8185  8.213  -86.697  -39.883 0.6000000238
3911  28.337  -91.433  -41.473 1.0000000000
2001  28.154  -95.534  -26.337 0.5000000000
10786  8.625  -84.007  -40.154 0.8999999762
10770  7.596  -83.393  -39.718 0.8000000119
13384  5.441  -80.472  -38.437 0.8999999762
4550  27.846  -91.173  -42.149 0.8999999762
12549  5.838  -81.345  -38.598 0.8999999762
4564  27.254  -91.186  -43.052 0.8000000119
3943  26.300  -91.652  -43.362 0.5000000000
3960  25.260  -90.772  -44.095 0.5000000000
5217  23.932  -89.787  -45.111 0.4000000060
4595  24.825  -90.456  -44.548 0.6000000238
5218  23.432  -89.605  -45.010 0.3000000119
4273  4.580  -92.495  -17.361 1.0000000000
2986  3.693  -93.784  -17.876 1.0000000000
3597  3.222  -92.187  -14.659 0.8999999762
3609  3.467  -92.058  -15.758 0.8000000119
3640  3.482  -92.743  -17.493 0.8000000119
2987  3.183  -93.327  -18.074 0.8000000119
3610  2.830  -91.704  -15.331 0.8000000119
14084  4.782  -79.845  -26.433 0.8999999762
13211  4.694  -80.464  -26.602 0.8999999762
12350  4.550  -81.352  -26.434 0.8999999762
12338  3.640  -81.909  -25.672 0.8999999762
12339  2.722  -81.463  -25.542 1.0000000000
13212  2.369  -81.214  -26.199 1.0000000000
15036  1.479  -78.237  -26.899 1.0000000000
15961  1.092  -77.206  -26.530 1.0000000000
14085  4.389  -79.418  -26.896 0.8999999762
14099  4.183  -79.347  -27.882 0.8999999762
16892  0.617  -77.158  -26.763 0.8000000119
16894  -0.188  -77.415  -27.402 0.8000000119
15037  -0.992  -78.425  -26.940 0.6999999881
1989  26.525  -95.304  -26.526 0.4000000060
15060  3.474  -78.165  -28.112 0.8999999762
15074  3.725  -78.261  -29.890 0.8999999762
15028  -0.544  -78.307  -26.065 0.6000000238
14076  -0.771  -79.271  -26.333 0.5000000000
4448  30.079  -91.289  -34.357 0.6999999881
1988  27.261  -95.305  -25.941 0.5000000000
15067  3.616  -78.179  -28.940 0.8999999762
16003  3.335  -77.640  -30.468 0.8999999762
5148  28.506  -90.730  -37.600 0.8000000119
3813  30.439  -92.021  -33.090 0.6999999881
3145  29.700  -93.264  -30.287 0.6000000238
16028  3.827  -77.123  -33.439 1.0000000000
16037  4.107  -77.017  -34.480 0.8999999762
5163  28.740  -90.604  -39.220 0.8000000119
3136  29.553  -93.315  -29.362 0.5000000000
2014  28.572  -95.030  -27.327 0.5000000000
1987  28.013  -95.368  -25.631 0.5000000000
5830  28.414  -90.317  -40.282 0.8999999762
9041  8.384  -86.144  -39.813 0.8999999762
15197  4.815  -77.816  -36.684 0.8999999762
14284  4.060  -78.845  -37.985 0.8999999762
4538  28.563  -90.956  -41.105 0.8999999762
5188  28.129  -90.356  -41.636 0.8999999762
9052  8.500  -85.205  -39.981 0.8000000119
4562  27.755  -90.325  -42.752 0.8999999762
5851  27.780  -89.728  -43.175 1.0000000000
11661  7.957  -82.364  -39.731 0.8999999762
12548  6.624  -81.422  -39.081 0.8999999762
4579  27.307  -90.834  -43.579 0.8999999762
5207  27.786  -89.859  -43.978 1.0000000000
5215  27.391  -89.886  -44.587 1.0000000000
5224  26.316  -89.835  -45.523 0.8999999762
4592  26.893  -90.570  -44.426 0.6999999881
4593  26.099  -90.694  -44.613 0.6000000238
5227  24.654  -89.968  -45.404 0.5000000000
5882  23.583  -88.977  -46.024 0.3000000119
6610  22.943  -88.450  -46.172 0.4000000060
4218  4.286  -91.431  -14.847 1.0000000000
3623  3.952  -92.208  -16.780 0.8999999762
3596  3.799  -92.019  -15.063 0.8999999762
4253  3.831  -91.988  -16.290 1.0000000000
3571  2.505  -92.025  -13.057 0.6999999881
3584  2.938  -92.313  -13.712 0.8000000119
14072  5.017  -79.397  -26.034 0.8000000119
13196  5.182  -80.467  -25.649 0.8999999762
13184  5.885  -80.562  -24.452 0.8000000119
13197  4.836  -80.978  -26.081 0.8999999762
12322  5.062  -81.377  -24.503 0.8999999762
12324  3.117  -81.409  -24.555 0.8999999762
14075  2.047  -79.714  -25.762 1.0000000000
14086  1.860  -79.561  -26.567 1.0000000000
14073  4.580  -78.874  -26.436 0.8000000119
16865  0.737  -76.907  -26.124 1.0000000000
16867  0.024  -77.223  -26.506 0.8000000119
3797  30.660  -92.054  -31.974 0.6000000238
15035  3.538  -77.997  -27.204 0.8999999762
15979  3.473  -77.486  -27.781 0.8999999762
15962  -0.453  -77.752  -26.776 0.6999999881
3780  30.827  -91.916  -30.977 0.6000000238
3769  30.610  -92.418  -30.341 0.6000000238
16004  2.717  -76.954  -30.098 0.8999999762
16017  3.037  -76.985  -31.918 1.0000000000
3781  30.607  -92.267  -31.206 0.6000000238
2534  28.890  -93.985  -28.095 0.5000000000
1986  28.722  -95.151  -25.778 0.5000000000
16921  2.308  -76.429  -30.630 0.8999999762
16941  2.840  -76.502  -32.612 1.0000000000
16952  3.456  -76.498  -33.547 1.0000000000
5832  27.413  -89.111  -40.966 0.8000000119
5822  28.183  -90.178  -39.471 0.6999999881
16054  4.114  -77.161  -35.189 0.8999999762
5852  27.548  -89.339  -43.105 1.0000000000
5840  27.626  -89.530  -41.572 0.8999999762
6591  27.360  -88.951  -43.552 0.8999999762
14296  5.178  -79.523  -38.257 0.8999999762
5860  27.660  -89.414  -43.776 1.0000000000
13400  7.012  -80.543  -39.281 0.8999999762
14295  5.932  -79.895  -38.583 0.8999999762
6597  26.840  -88.721  -44.793 1.0000000000
5868  27.092  -89.287  -45.048 1.0000000000
11676  9.231  -83.358  -39.696 0.8000000119
6605  26.769  -88.781  -45.534 1.0000000000
5878  26.643  -89.259  -45.616 1.0000000000
6607  25.952  -88.657  -46.729 1.0000000000
5880  25.442  -89.345  -46.350 0.8000000119
5881  24.455  -89.327  -46.067 0.6000000238
6609  24.080  -88.261  -46.712 0.4000000060
6608  25.131  -88.556  -46.809 1.0000000000
7421  23.377  -87.934  -46.650 0.5000000000
6611  21.918  -88.199  -45.883 0.4000000060
7423  21.469  -87.608  -45.956 0.6000000238
6623  24.377  -87.591  -47.158 0.6999999881
5505  4.860  -89.912  -14.923 1.0000000000
4872  5.285  -90.266  -16.119 1.0000000000
4251  5.462  -91.420  -17.123 1.0000000000
4843  4.815  -90.534  -13.875 1.0000000000
4187  4.685  -91.585  -12.863 1.0000000000
4873  4.550  -90.853  -15.821 1.0000000000
3583  3.891  -92.061  -13.790 1.0000000000
3570  3.184  -92.388  -12.800 0.8999999762
14062  5.826  -79.564  -25.143 0.8000000119
13183  6.573  -80.213  -23.894 0.6999999881
15024  5.651  -78.557  -25.571 0.6999999881
14061  6.710  -79.487  -24.226 0.6999999881
12311  4.523  -81.427  -23.887 0.8999999762
15938  6.895  -77.726  -25.830 0.6000000238
13172  5.324  -81.038  -23.476 0.8999999762
13174  3.193  -80.573  -23.328 0.8999999762
13186  2.531  -80.546  -24.315 1.0000000000
15939  6.011  -77.781  -25.849 0.6999999881
14050  3.140  -79.955  -22.745 0.8999999762
14063  2.378  -79.500  -24.003 1.0000000000
15027  2.012  -78.670  -25.703 1.0000000000
15942  1.671  -77.461  -25.893 1.0000000000
15940  5.290  -77.895  -26.049 0.6999999881
15959  4.608  -77.539  -26.487 0.6000000238
15026  2.184  -78.608  -24.579 1.0000000000
15941  2.091  -77.648  -25.060 1.0000000000
3111  29.628  -93.719  -26.836 0.5000000000
2504  29.212  -94.544  -26.330 0.5000000000
16891  3.799  -76.687  -27.673 0.6999999881
16909  2.920  -76.635  -28.599 0.8000000119
17807  2.325  -75.368  -29.304 0.8000000119
15926  2.134  -77.648  -24.131 1.0000000000
16845  0.531  -76.404  -25.669 1.0000000000
15943  -0.259  -77.437  -25.827 0.6999999881
4399  30.924  -91.767  -30.433 0.6000000238
3760  30.912  -92.064  -29.854 0.5000000000
3135  30.182  -92.774  -28.931 0.5000000000
3110  30.323  -93.109  -27.013 0.5000000000
16915  2.678  -76.805  -29.237 0.8999999762
16916  2.302  -76.275  -29.599 0.8000000119
16925  2.307  -76.276  -31.589 1.0000000000
15927  -0.328  -77.141  -24.795 0.6000000238
3125  29.627  -93.423  -28.061 0.5000000000
17853  2.158  -75.620  -32.251 1.0000000000
7276  16.473  -87.165  -35.607 0.8000000119
7277  15.745  -86.819  -36.079 0.8000000119
8125  14.652  -85.934  -36.326 0.8999999762
16988  3.836  -76.035  -34.624 0.8999999762
7383  27.901  -87.400  -42.722 0.8000000119
7394  27.178  -87.280  -43.304 0.6999999881
9059  24.055  -85.409  -41.156 0.6000000238
9060  23.357  -85.922  -40.797 0.5000000000
6510  17.253  -88.425  -37.665 0.8000000119
7295  16.592  -87.826  -36.662 0.8000000119
8136  14.894  -86.636  -37.390 0.8999999762
8989  12.797  -84.992  -36.678 0.8000000119
17004  5.045  -76.353  -36.256 0.8000000119
16075  4.461  -77.150  -35.936 0.8000000119
6581  27.144  -88.289  -43.118 0.8999999762
7397  24.977  -87.191  -43.807 0.8000000119
9065  24.770  -85.646  -42.587 0.8000000119
9067  23.013  -85.306  -41.827 0.6000000238
8193  22.600  -86.251  -41.235 0.6000000238
6526  16.657  -88.329  -38.509 0.8000000119
6527  15.794  -87.777  -38.409 0.8999999762
7312  15.326  -87.103  -37.452 0.8999999762
8140  12.309  -86.450  -37.107 0.8999999762
7314  11.931  -87.589  -37.099 0.8999999762
5802  10.392  -89.591  -36.554 0.8999999762
6495  9.149  -88.692  -36.374 0.8999999762
16094  5.793  -77.486  -36.890 0.8999999762
15232  5.459  -78.816  -37.862 0.8000000119
6593  26.358  -88.200  -44.090 0.8999999762
9066  23.904  -85.255  -42.269 0.6999999881
6540  15.979  -88.150  -39.404 0.8000000119
7364  14.847  -87.426  -39.785 0.8000000119
8151  13.547  -85.972  -38.296 0.8999999762
8167  12.633  -86.580  -39.040 0.8999999762
7332  11.801  -87.950  -38.453 0.8000000119
6513  9.130  -88.654  -37.573 0.8999999762
7333  9.267  -87.324  -38.712 0.8999999762
9009  9.433  -85.460  -37.774 0.8999999762
9863  9.464  -84.492  -38.737 0.8999999762
14311  7.411  -79.676  -39.184 0.8999999762
15231  6.318  -79.088  -38.225 0.8999999762
7414  26.338  -88.287  -45.502 0.8999999762
6539  16.925  -88.489  -39.472 0.8000000119
6555  15.111  -87.850  -40.346 0.8000000119
7349  13.405  -86.379  -39.494 0.8999999762
8183  12.310  -86.696  -39.867 0.8999999762
6542  11.584  -88.604  -39.107 0.8999999762
11660  8.782  -82.321  -39.857 1.0000000000
7431  25.969  -87.532  -46.863 0.8999999762
6622  24.936  -87.741  -47.229 1.0000000000
8249  24.922  -86.551  -47.089 0.8999999762
9109  20.340  -86.512  -45.448 0.6999999881
8242  19.882  -87.097  -45.713 0.6999999881
8243  18.959  -87.277  -45.585 0.6999999881
8251  23.537  -86.535  -46.492 0.8000000119
8239  22.951  -86.493  -46.022 0.8000000119
8240  22.134  -86.885  -45.958 0.6999999881
8241  20.911  -86.995  -45.799 0.6999999881
9112  17.651  -87.253  -45.318 0.6999999881
8246  16.710  -87.583  -45.400 0.6999999881
8236  14.473  -87.008  -45.157 0.6000000238
7435  23.237  -87.062  -46.661 0.8999999762
4842  5.184  -90.292  -13.449 1.0000000000
3569  4.033  -92.293  -12.427 1.0000000000
3558  2.552  -92.112  -12.115 0.8999999762
4827  1.833  -91.096  -11.940 0.6999999881
4796  2.272  -90.876  -10.761 0.6999999881
6135  2.266  -89.099  -11.739 0.5000000000
6937  2.504  -88.671  -12.048 0.6000000238
15932  12.663  -77.882  -25.358 0.4000000060
15018  11.257  -78.474  -24.985 0.4000000060
15019  10.206  -78.449  -25.080 0.4000000060
14993  8.741  -78.899  -23.667 0.5000000000
14047  8.416  -79.136  -23.198 0.5000000000
15951  12.375  -77.605  -26.217 0.4000000060
15933  11.831  -78.167  -25.689 0.4000000060
15020  9.190  -78.298  -25.138 0.4000000060
14048  7.791  -79.278  -23.528 0.6999999881
14038  6.548  -79.864  -22.588 0.6999999881
14025  6.251  -79.167  -21.890 0.8999999762
14039  5.562  -79.820  -22.271 0.8999999762
15953  10.310  -77.310  -26.680 0.4000000060
15935  9.738  -78.080  -25.943 0.4000000060
15937  7.800  -77.843  -25.889 0.6000000238
13171  6.279  -80.489  -23.397 0.8999999762
13165  4.914  -80.495  -22.649 0.8999999762
13166  3.939  -80.311  -22.601 0.8999999762
14984  3.405  -78.716  -21.652 0.8999999762
15954  9.176  -77.450  -26.502 0.4000000060
14995  2.556  -78.476  -22.726 0.8999999762
16837  1.648  -76.160  -24.843 1.0000000000
17729  1.542  -75.568  -23.895 1.0000000000
2488  29.443  -94.590  -25.122 0.4000000060
15956  7.395  -77.230  -26.578 0.6000000238
15957  6.427  -77.272  -26.402 0.6000000238
15958  5.519  -77.337  -26.411 0.6000000238
17756  0.723  -75.961  -25.450 1.0000000000
17745  0.188  -75.110  -24.976 1.0000000000
3124  30.685  -92.800  -28.021 0.5000000000
2503  29.916  -94.048  -25.655 0.5000000000
16890  4.456  -76.480  -27.473 0.6000000238
17805  3.611  -75.749  -28.272 0.6000000238
18805  3.107  -75.161  -28.975 0.6999999881
16838  -0.271  -76.158  -24.278 1.0000000000
18851  1.902  -74.659  -30.880 0.8000000119
17854  1.879  -75.115  -31.909 0.8000000119
22221  3.021  -72.043  -32.900 0.6000000238
22222  2.486  -72.263  -32.425 0.6000000238
19978  2.089  -73.878  -32.404 0.6000000238
18881  2.464  -74.819  -32.920 0.8000000119
17897  3.156  -75.458  -33.695 0.8999999762
16824  -0.408  -76.015  -23.502 0.8000000119
21107  3.382  -72.773  -33.551 0.5000000000
20005  2.902  -73.817  -33.495 0.6999999881
20029  3.214  -74.287  -34.040 0.6000000238
17920  3.882  -75.448  -34.814 0.8000000119
8164  23.357  -87.070  -39.464 0.5000000000
6523  19.668  -88.698  -38.579 0.6000000238
6508  19.150  -88.734  -37.564 0.8000000119
6509  18.135  -88.643  -37.610 0.8000000119
8987  14.315  -85.351  -35.974 0.8999999762
9805  11.677  -84.565  -34.528 0.8999999762
8954  11.002  -85.582  -34.707 0.8000000119
20028  3.574  -73.712  -34.261 0.6000000238
18903  4.062  -74.220  -34.798 0.6000000238
16987  4.146  -76.215  -35.243 0.8000000119
8180  22.926  -86.720  -40.288 0.5000000000
6524  18.587  -88.675  -38.559 0.8000000119
9833  12.355  -84.920  -36.149 0.8000000119
8972  11.533  -85.543  -35.379 0.8000000119
7297  11.527  -87.464  -35.986 0.8000000119
6494  10.138  -89.088  -35.936 0.8999999762
8128  8.745  -86.616  -36.033 1.0000000000
8127  9.054  -86.826  -37.152 1.0000000000
16093  6.504  -77.526  -37.453 0.8000000119
9921  23.315  -84.938  -42.503 0.6999999881
8194  21.769  -86.649  -41.539 0.6999999881
7373  21.127  -87.043  -41.636 0.6999999881
6537  19.016  -88.479  -39.530 0.8000000119
6538  17.955  -88.584  -39.518 0.8000000119
6512  11.595  -88.832  -37.546 0.8000000119
5810  11.030  -89.800  -37.063 0.8999999762
9850  9.558  -84.061  -37.786 1.0000000000
15212  6.081  -78.323  -37.468 0.8999999762
9931  23.472  -84.997  -43.254 0.8000000119
9923  22.170  -84.738  -43.100 0.6999999881
8207  21.494  -86.104  -42.308 0.6999999881
6552  18.356  -88.275  -40.483 0.8000000119
6553  17.256  -88.431  -40.461 0.8000000119
6568  14.704  -87.786  -41.428 0.8999999762
7377  14.008  -87.146  -41.462 0.8999999762
7378  12.965  -86.624  -41.124 0.8999999762
6529  11.622  -88.958  -38.479 0.8999999762
5164  11.307  -90.344  -38.823 0.8000000119
10751  9.662  -83.349  -38.636 0.8999999762
11659  9.436  -82.578  -39.386 0.8999999762
13399  7.902  -80.460  -39.439 0.8999999762
15230  7.129  -78.657  -38.399 1.0000000000
9940  23.236  -85.032  -44.240 0.8000000119
9932  22.663  -84.643  -43.578 0.6999999881
7390  13.180  -86.993  -42.375 0.6999999881
7391  12.255  -86.857  -42.147 0.6999999881
12572  9.836  -81.260  -38.973 0.8000000119
9104  24.728  -86.026  -45.866 0.8999999762
9953  23.776  -85.765  -45.278 0.8000000119
9098  20.737  -86.103  -45.090 0.8000000119
9110  19.445  -86.706  -45.347 0.8000000119
9111  18.532  -87.048  -45.235 0.8000000119
7405  13.537  -87.371  -43.585 0.6999999881
9114  24.142  -85.982  -46.275 0.8999999762
9096  22.740  -85.782  -45.180 0.8000000119
9108  21.371  -86.423  -45.483 0.8000000119
9092  16.682  -87.110  -44.815 0.6999999881
8228  15.810  -87.109  -44.757 0.6999999881
8223  14.701  -86.850  -44.246 0.6000000238
4186  5.112  -91.475  -12.122 1.0000000000
3556  4.085  -92.397  -11.530 0.8999999762
4154  2.762  -91.749  -10.374 0.8000000119
5456  2.170  -90.067  -11.287 0.8000000119
6120  2.729  -89.466  -10.934 0.6999999881
6980  1.410  -87.184  -14.679 0.3000000119
6954  2.476  -88.222  -12.516 0.5000000000
6970  1.903  -87.660  -13.495 0.4000000060
17749  14.429  -75.642  -24.854 0.3000000119
16842  13.797  -76.723  -25.100 0.3000000119
15923  13.397  -77.023  -24.866 0.3000000119
16830  12.499  -76.466  -24.368 0.2000000030
15003  11.706  -78.093  -24.213 0.4000000060
14991  10.695  -78.066  -23.307 0.2000000030
14981  9.793  -78.265  -22.432 0.4000000060
15950  13.129  -77.403  -25.977 0.4000000060
14967  8.157  -78.849  -21.938 0.6000000238
14026  5.236  -78.983  -21.808 0.8999999762
16859  11.188  -76.931  -26.902 0.3000000119
15975  10.018  -76.748  -27.183 0.4000000060
14027  4.270  -78.953  -21.670 0.8999999762
16886  8.788  -76.606  -27.625 0.4000000060
16887  7.626  -76.809  -27.390 0.6000000238
16906  7.051  -76.332  -28.375 0.5000000000
17802  6.463  -75.776  -29.017 0.5000000000
15910  2.430  -77.593  -22.256 1.0000000000
16822  2.068  -76.640  -23.753 1.0000000000
16888  6.482  -76.591  -27.629 0.6000000238
16907  6.054  -76.161  -28.308 0.5000000000
17818  5.028  -75.102  -29.162 0.5000000000
18824  5.293  -74.474  -29.682 0.6999999881
15917  2.326  -77.594  -23.216 1.0000000000
18744  0.148  -74.397  -23.940 1.0000000000
16889  5.358  -76.376  -27.727 0.6000000238
17783  5.078  -75.876  -28.237 0.5000000000
18803  4.332  -75.118  -29.015 0.6000000238
19936  2.480  -74.438  -29.822 0.8000000119
17746  -0.176  -75.364  -24.560 1.0000000000
19955  3.143  -73.548  -30.411 0.6000000238
19956  2.199  -73.981  -30.345 0.8000000119
22184  2.646  -72.041  -31.610 0.5000000000
21070  1.979  -73.200  -31.548 0.6000000238
7346  21.414  -88.091  -39.621 0.6000000238
6507  20.225  -88.895  -37.507 0.6999999881
9806  10.799  -85.096  -34.276 0.8999999762
8955  10.342  -85.691  -34.301 0.8999999762
7362  21.375  -87.491  -40.678 0.6999999881
6536  20.058  -88.433  -39.592 0.6999999881
8097  9.731  -86.358  -34.425 0.8999999762
9835  9.249  -84.652  -36.764 1.0000000000
20027  4.311  -73.513  -34.831 0.5000000000
17017  5.613  -76.274  -36.858 0.6999999881
6562  20.369  -87.817  -41.057 0.8000000119
6551  19.439  -88.162  -40.466 0.8000000119
12547  9.790  -81.177  -38.174 0.8000000119
17016  6.407  -76.653  -37.381 0.6999999881
17026  7.451  -77.628  -37.949 0.8000000119
9080  21.033  -85.550  -43.462 0.6999999881
7385  20.729  -86.759  -42.385 0.6999999881
6564  18.843  -87.933  -41.539 0.8000000119
6583  18.273  -87.756  -43.059 0.8000000119
7402  16.885  -87.500  -43.924 0.8999999762
13398  8.730  -80.347  -39.433 0.8999999762
15250  7.734  -78.822  -38.774 0.8000000119
7389  14.431  -87.578  -42.561 0.8000000119
9949  21.131  -85.894  -44.649 0.8999999762
9941  22.421  -85.067  -44.259 0.8000000119
9951  19.750  -86.152  -44.882 0.6999999881
9101  17.956  -86.972  -44.967 0.8000000119
7388  15.149  -87.771  -43.236 0.8999999762
4151  5.009  -91.875  -11.215 0.8999999762
4152  4.479  -92.167  -10.762 0.8000000119
4140  3.370  -92.015  -9.518 0.8999999762
3546  3.166  -92.283  -10.909 0.8999999762
4141  2.865  -91.552  -9.267 0.8999999762
4785  2.541  -90.945  -9.751 0.6999999881
5439  2.531  -90.139  -10.299 0.8000000119
6119  3.061  -88.857  -10.814 0.8000000119
6919  4.082  -87.771  -10.632 0.5000000000
6953  3.508  -87.769  -12.375 0.5000000000
6952  4.399  -87.264  -12.347 0.5000000000
8681  2.340  -85.650  -14.912 0.2000000030
7826  2.853  -86.199  -14.351 0.2000000030
6968  3.940  -87.157  -13.052 0.5000000000
7815  2.378  -86.796  -13.808 0.4000000060
17735  13.012  -75.782  -24.134 0.3000000119
15914  11.159  -77.535  -23.405 0.2000000030
15906  10.197  -77.863  -22.374 0.2000000030
15907  9.769  -77.558  -21.995 0.3000000119
15890  7.876  -77.754  -21.307 0.5000000000
14968  7.020  -78.545  -21.474 0.8999999762
14970  4.838  -78.222  -21.043 0.8999999762
15872  4.558  -77.508  -20.382 0.8999999762
16858  11.993  -77.034  -26.855 0.4000000060
16903  10.083  -76.012  -28.043 0.3000000119
16904  9.226  -76.059  -28.242 0.3000000119
14956  3.731  -77.946  -20.864 0.8999999762
17801  7.531  -75.680  -29.077 0.5000000000
15895  2.796  -77.592  -21.294 0.8999999762
17728  1.977  -76.063  -23.270 1.0000000000
17717  1.938  -75.462  -22.594 1.0000000000
17800  8.677  -75.254  -28.865 0.3000000119
17718  1.506  -74.798  -23.164 1.0000000000
18823  6.223  -74.312  -29.892 0.6000000238
18826  3.447  -74.661  -29.405 0.8000000119
19847  0.700  -73.801  -23.119 1.0000000000
25608  8.978  -68.994  -32.253 0.5000000000
24473  8.235  -69.393  -31.752 0.5000000000
24475  6.189  -69.185  -31.835 0.5000000000
19849  -0.101  -74.163  -23.641 0.8999999762
24505  4.743  -70.247  -32.364 0.6000000238
22181  4.673  -71.221  -31.327 0.5000000000
22175  3.917  -71.990  -31.083 0.5000000000
21059  4.337  -72.559  -30.844 0.6000000238
17719  -0.616  -75.538  -23.026 0.8999999762
17705  -0.589  -75.583  -22.123 0.8999999762
23357  4.475  -71.100  -32.998 0.6000000238
23343  3.527  -71.111  -31.960 0.6000000238
8956  9.668  -85.442  -34.090 1.0000000000
22220  3.813  -71.902  -33.287 0.5000000000
20044  5.060  -73.444  -35.363 0.5000000000
20060  4.950  -73.992  -36.227 0.6000000238
18960  6.065  -74.932  -37.110 0.6999999881
7398  20.486  -86.376  -42.932 0.8000000119
7399  20.034  -86.716  -43.075 0.8000000119
7400  19.070  -87.226  -43.190 0.8000000119
7401  17.983  -87.327  -43.726 0.6999999881
14309  8.943  -79.378  -39.022 0.8000000119
16126  8.150  -78.120  -38.430 0.6999999881
9942  21.504  -85.487  -44.239 0.6999999881
8218  19.569  -86.398  -43.711 0.8000000119
8219  18.677  -86.709  -44.051 0.6999999881
8220  17.623  -86.963  -44.514 0.8999999762
9943  20.599  -85.862  -44.427 0.8999999762
9090  18.210  -86.841  -44.723 0.8000000119
8221  16.330  -87.183  -44.440 0.8000000119
4794  5.362  -91.344  -10.832 0.8000000119
4784  4.481  -91.707  -9.209 0.8000000119
4129  3.922  -91.966  -8.976 0.8000000119
4774  3.124  -91.340  -8.276 0.8000000119
5426  2.502  -90.177  -9.230 0.8000000119
6111  2.816  -89.077  -9.914 0.8000000119
6110  3.317  -88.602  -10.377 0.8000000119
8680  3.310  -85.558  -14.779 0.2000000030
7786  4.807  -86.805  -11.678 0.5000000000
7824  4.369  -85.873  -14.038 0.4000000060
6967  4.512  -86.897  -12.883 0.5000000000
17736  12.203  -75.429  -24.512 0.2000000030
16832  10.697  -76.381  -24.388 0.2000000030
16833  9.743  -76.265  -24.183 0.2000000030
16834  8.835  -76.033  -23.908 0.4000000060
18762  14.714  -74.794  -25.284 0.2000000030
16831  11.627  -76.365  -24.363 0.2000000030
15915  10.460  -77.474  -22.890 0.2000000030
16807  9.126  -76.787  -22.394 0.4000000060
15908  8.692  -77.265  -21.752 0.4000000060
17766  14.449  -75.711  -25.753 0.2000000030
14969  5.947  -78.408  -21.251 0.8999999762
15871  5.369  -77.272  -20.308 0.8999999762
16856  13.811  -76.639  -26.046 0.3000000119
17780  12.749  -75.467  -27.785 0.3000000119
17782  11.250  -76.108  -27.711 0.3000000119
17799  9.840  -75.298  -28.491 0.3000000119
16776  3.944  -76.884  -19.839 0.8999999762
15874  3.130  -77.430  -20.757 0.8999999762
17704  2.347  -75.353  -21.256 1.0000000000
18721  1.931  -74.132  -21.991 1.0000000000
17815  7.832  -74.772  -29.535 0.4000000060
17816  6.855  -75.056  -29.616 0.5000000000
18733  1.341  -74.045  -22.845 1.0000000000
19931  6.541  -73.293  -30.355 0.5000000000
19932  5.564  -73.706  -30.213 0.5000000000
19832  0.244  -73.620  -22.736 1.0000000000
23319  8.760  -70.123  -31.391 0.4000000060
23321  6.868  -69.925  -31.166 0.5000000000
23307  6.597  -70.767  -30.907 0.5000000000
19933  4.664  -73.895  -30.017 0.6000000238
19821  -0.313  -73.574  -22.044 0.8999999762
17684  -0.500  -75.440  -20.905 0.6000000238
24476  5.297  -69.821  -31.809 0.5000000000
23308  5.876  -70.924  -31.034 0.5000000000
22174  4.579  -71.849  -31.110 0.5000000000
19953  4.919  -73.163  -30.536 0.5000000000
18723  -0.618  -74.474  -21.586 0.8999999762
18959  6.917  -75.069  -37.257 0.6000000238
17037  7.929  -77.226  -38.116 0.6999999881
4783  5.259  -91.089  -9.420 0.8999999762
4773  4.223  -91.256  -8.211 0.8999999762
5401  3.453  -90.631  -7.097 0.8000000119
5414  2.542  -90.369  -8.364 0.8000000119
6103  2.444  -89.321  -8.517 0.8999999762
6910  2.972  -88.119  -9.226 0.8000000119
7759  4.063  -87.424  -10.138 0.6999999881
7770  4.424  -87.009  -10.591 0.6999999881
7801  5.131  -86.124  -12.802 0.4000000060
19839  15.200  -73.379  -23.644 0.2000000030
19840  14.556  -73.733  -23.406 0.2000000030
18748  14.515  -74.821  -24.240 0.2000000030
18737  13.886  -74.726  -23.547 0.2000000030
17723  12.659  -75.105  -23.932 0.2000000030
18749  12.151  -74.777  -24.456 0.2000000030
20965  15.228  -73.520  -24.604 0.2000000030
19853  15.160  -73.611  -24.056 0.2000000030
17738  10.127  -75.908  -25.168 0.2000000030
16808  8.204  -76.625  -22.231 0.4000000060
16792  7.296  -76.819  -21.265 0.6999999881
16773  6.339  -76.793  -20.617 0.8999999762
19865  14.761  -74.004  -25.460 0.2000000030
18777  14.475  -74.893  -26.237 0.2000000030
17767  14.116  -75.666  -26.699 0.3000000119
16775  4.927  -76.750  -19.852 0.8999999762
16758  5.309  -75.928  -19.466 0.8999999762
18682  3.051  -74.228  -19.605 1.0000000000
18697  2.466  -74.087  -20.741 1.0000000000
18791  13.362  -74.693  -27.666 0.3000000119
17797  11.973  -75.219  -28.166 0.3000000119
17798  10.977  -75.545  -28.164 0.3000000119
16759  4.424  -76.118  -19.360 0.8999999762
17682  2.790  -75.232  -20.189 0.8999999762
18799  11.552  -74.563  -28.429 0.3000000119
18800  10.583  -74.458  -28.644 0.3000000119
18801  9.512  -74.335  -28.895 0.3000000119
26766  11.442  -68.331  -33.269 0.4000000060
19914  10.239  -73.440  -28.940 0.3000000119
18802  8.634  -74.209  -29.417 0.4000000060
18821  8.024  -74.059  -29.991 0.4000000060
24501  10.689  -69.339  -32.522 0.4000000060
23320  7.836  -70.012  -31.226 0.5000000000
19951  6.191  -72.722  -30.564 0.5000000000
17671  -0.328  -75.097  -19.981 0.6000000238
22170  7.845  -71.336  -30.516 0.4000000060
21057  5.901  -72.276  -30.714 0.5000000000
21991  -0.321  -71.952  -20.265 1.0000000000
18698  -0.477  -74.324  -20.513 0.8000000119
19779  -0.629  -73.297  -19.959 0.6999999881
5413  5.008  -90.387  -7.841 0.8999999762
5400  4.325  -90.345  -7.070 0.8999999762
5388  3.364  -90.064  -6.400 0.8000000119
6096  2.387  -88.976  -7.340 0.8999999762
6898  2.371  -88.054  -8.255 0.8999999762
6886  2.020  -87.786  -7.185 0.8999999762
7761  2.993  -87.119  -8.929 0.8999999762
8617  3.526  -86.509  -9.313 0.6000000238
8626  4.351  -86.261  -10.500 0.6999999881
8640  3.683  -85.162  -11.020 0.5000000000
8639  4.624  -85.742  -11.376 0.4000000060
19841  13.574  -73.845  -23.026 0.2000000030
18751  11.005  -73.909  -25.290 0.2000000030
17740  8.221  -75.586  -24.504 0.4000000060
16820  7.474  -76.200  -22.887 0.6999999881
16811  6.383  -76.000  -21.363 0.6999999881
17703  6.008  -75.476  -21.099 0.6999999881
19771  2.922  -73.401  -18.653 1.0000000000
20895  2.214  -72.654  -18.896 1.0000000000
20982  15.088  -73.229  -25.614 0.2000000030
20983  14.575  -73.508  -26.254 0.2000000030
19900  13.710  -73.953  -27.238 0.3000000119
16774  5.903  -76.421  -20.176 0.8999999762
17681  5.862  -75.297  -20.024 0.8999999762
17667  4.835  -75.436  -18.909 0.8999999762
18681  3.565  -74.654  -19.069 0.8999999762
21040  8.107  -72.604  -30.148 0.5000000000
21041  7.232  -72.581  -30.308 0.4000000060
22154  7.636  -71.920  -30.257 0.4000000060
22155  6.953  -71.958  -30.352 0.4000000060
6070  3.863  -89.162  -4.942 0.8000000119
6071  2.912  -88.971  -4.901 0.8999999762
6084  2.517  -88.660  -6.185 0.8000000119
7748  2.429  -86.936  -8.139 0.8999999762
8618  3.103  -86.044  -8.926 0.6999999881
8619  2.955  -84.889  -8.760 0.6000000238
8627  3.865  -85.848  -10.026 0.6000000238
9495  3.759  -84.837  -11.909 0.4000000060
17752  9.399  -75.357  -25.794 0.3000000119
17741  7.421  -75.357  -24.186 0.4000000060
17716  6.137  -75.607  -22.130 0.6999999881
19770  3.456  -73.849  -18.394 1.0000000000
17666  5.549  -75.033  -19.082 0.8999999762
18680  5.719  -74.231  -18.812 0.8999999762
18657  4.294  -73.999  -17.799 0.8999999762
6851  3.356  -87.907  -3.987 0.8000000119
6051  4.238  -88.583  -4.758 0.8000000119
6850  4.283  -87.745  -4.340 0.8000000119
6862  1.948  -87.256  -4.669 0.8999999762
6852  2.588  -87.868  -4.091 0.8999999762
6871  2.105  -87.727  -6.213 0.8999999762
6887  1.803  -87.131  -6.661 0.8999999762
7734  1.994  -86.667  -7.381 0.8999999762
8606  2.632  -85.974  -7.980 0.8999999762
9496  2.715  -84.694  -11.491 0.3000000119
8628  3.021  -85.053  -9.703 0.6000000238
9516  1.848  -84.244  -12.283 0.3000000119
9497  1.562  -84.446  -11.427 0.3000000119
17742  6.651  -75.049  -23.866 0.6000000238
17715  6.504  -75.965  -22.358 0.6999999881
17755  7.007  -74.839  -24.520 0.4000000060
18741  5.559  -74.481  -23.347 0.6999999881
18720  5.663  -74.366  -20.866 0.8999999762
19870  6.169  -73.753  -25.327 0.4000000060
18754  4.987  -74.085  -24.143 0.6999999881
18696  5.894  -74.293  -19.728 0.8999999762
19769  5.729  -73.527  -18.230 0.8999999762
19761  3.599  -73.437  -17.763 0.8999999762
19830  4.744  -73.228  -23.023 0.6999999881
20878  5.512  -72.713  -17.850 0.8999999762
21953  4.704  -71.665  -17.309 0.8999999762
19889  4.465  -72.773  -25.898 0.3000000119
19859  3.060  -73.186  -25.493 0.6000000238
20940  3.640  -72.246  -23.304 0.6999999881
19873  2.970  -72.827  -26.005 0.4000000060
20958  2.307  -72.321  -24.002 0.6999999881
21007  1.611  -72.077  -26.470 0.5000000000
20988  1.829  -72.404  -25.606 0.5000000000
20989  0.894  -72.018  -24.963 0.5000000000
21008  0.970  -71.833  -25.878 0.4000000060
22091  0.538  -71.217  -25.190 0.5000000000
22068  0.706  -71.430  -24.240 0.6000000238
6829  3.759  -87.260  -3.669 0.8000000119
7684  3.757  -86.531  -3.082 0.8000000119
6830  3.045  -86.973  -3.347 0.8000000119
7687  1.834  -86.666  -3.346 0.8000000119
7701  1.644  -86.564  -4.194 0.8999999762
6872  1.792  -87.052  -5.791 0.8999999762
8555  1.471  -85.693  -4.753 0.8999999762
7708  1.637  -86.438  -5.160 0.8999999762
8577  1.767  -85.693  -6.292 0.8999999762
8595  2.158  -85.435  -6.898 0.8999999762
8607  2.736  -85.225  -7.653 0.8000000119
8629  2.173  -84.640  -9.738 0.6000000238
10380  1.079  -83.462  -12.552 0.3000000119
9499  0.696  -83.776  -11.088 0.4000000060
9488  1.091  -84.135  -10.422 0.4000000060
10345  0.684  -83.275  -10.444 0.4000000060
18731  5.159  -73.755  -22.778 0.8000000119
19829  5.142  -73.536  -22.443 0.8000000119
19796  5.894  -73.186  -20.422 0.8999999762
20888  5.779  -72.613  -18.636 0.8999999762
20939  4.328  -72.337  -22.757 0.6999999881
22002  4.638  -71.440  -21.322 0.8999999762
21961  5.439  -71.965  -18.064 0.8999999762
22013  4.242  -71.635  -22.157 0.8999999762
23093  4.470  -70.663  -17.837 0.8999999762
21938  4.349  -71.286  -16.884 0.8999999762
21005  3.654  -72.334  -26.801 0.3000000119
22043  1.887  -71.826  -23.418 0.6000000238
22042  2.817  -71.986  -23.385 0.6999999881
22003  3.494  -71.176  -21.648 0.8999999762
21941  2.285  -71.105  -16.749 1.0000000000
21956  1.760  -71.300  -17.514 1.0000000000
19905  2.520  -72.337  -27.072 0.3000000119
22016  1.291  -71.384  -22.932 0.6999999881
23152  2.045  -70.949  -22.050 0.8999999762
21963  1.022  -71.296  -18.571 1.0000000000
22142  2.768  -71.186  -28.109 0.3000000119
23183  0.662  -70.665  -23.513 0.6999999881
23095  0.464  -70.792  -18.222 0.8999999762
21965  -0.312  -71.528  -18.708 0.8000000119
21033  1.957  -71.564  -27.943 0.4000000060
22128  1.693  -70.916  -27.806 0.4000000060
23208  0.591  -70.505  -24.429 0.6999999881
23259  1.202  -70.289  -26.966 0.4000000060
24388  1.082  -69.603  -26.110 0.5000000000
9444  1.551  -84.944  -5.351 1.0000000000
9453  2.035  -84.849  -6.216 1.0000000000
9467  2.746  -84.561  -7.170 0.8000000119
9474  2.600  -84.281  -8.248 0.6999999881
10320  1.890  -83.588  -8.609 0.6999999881
9479  1.930  -84.194  -9.234 0.5000000000
10331  1.223  -83.529  -9.500 0.6000000238
11250  0.680  -82.615  -12.291 0.2000000030
10359  0.594  -83.217  -11.409 0.2000000030
21987  5.496  -71.538  -19.890 0.8999999762
21989  3.862  -71.008  -20.880 0.8999999762
23119  4.088  -70.791  -19.548 0.8999999762
23086  3.976  -70.058  -17.354 0.8999999762
23120  3.425  -70.677  -20.155 0.8999999762
24263  3.175  -69.345  -18.605 0.8999999762
24245  3.394  -69.471  -16.958 0.8000000119
17657  -0.169  -75.026  -19.284 0.4000000060
19772  -0.411  -73.505  -18.788 0.6000000238
21019  3.418  -72.106  -27.129 0.3000000119
23154  0.837  -70.729  -22.740 0.8000000119
23121  2.340  -70.377  -20.517 0.8999999762
24226  2.859  -69.709  -16.554 0.8999999762
23087  1.004  -70.446  -17.628 0.8999999762
20884  -0.290  -72.416  -18.056 0.6000000238
24305  0.942  -69.850  -22.714 0.8999999762
24291  1.228  -70.019  -21.242 0.8999999762
23096  0.027  -70.874  -18.190 0.8999999762
21957  -0.263  -71.352  -17.666 0.6999999881
24325  0.991  -69.901  -23.656 0.8999999762
24346  1.080  -69.778  -24.603 0.6999999881
7668  1.654  -86.156  -2.882 0.8000000119
8541  1.409  -85.728  -3.657 0.8999999762
9415  1.146  -84.540  -3.424 0.8999999762
9402  1.286  -84.346  -2.439 0.8000000119
9430  1.269  -84.694  -4.511 1.0000000000
10288  1.799  -83.809  -5.509 1.0000000000
10297  2.475  -83.680  -6.756 0.8999999762
10311  2.434  -83.736  -7.765 0.8999999762
12114  0.578  -81.645  -10.964 0.2000000030
11196  0.989  -82.427  -9.059 0.4000000060
11226  0.581  -82.430  -10.716 0.2000000030
19763  0.266  -73.555  -16.992 0.4000000060
17643  0.295  -75.500  -17.741 0.2000000030
23103  2.732  -70.104  -19.819 0.8999999762
25422  2.995  -68.789  -18.099 0.8999999762
25415  2.946  -68.773  -17.414 0.8000000119
19764  -0.076  -73.470  -17.801 0.5000000000
20883  -0.002  -72.824  -17.290 0.6000000238
25431  1.277  -68.721  -20.001 0.8999999762
25416  2.547  -68.068  -17.929 0.8000000119
25383  1.928  -68.803  -16.565 0.8999999762
24247  0.117  -69.851  -17.209 0.8999999762
24280  0.927  -68.993  -21.104 0.8999999762
25400  2.359  -68.146  -17.078 0.8999999762
25384  1.035  -68.557  -16.782 0.8999999762
23089  -0.152  -70.512  -17.479 0.6999999881
23257  3.719  -70.801  -27.777 0.3000000119
24367  1.144  -69.576  -25.593 0.6000000238
24304  1.501  -69.466  -22.929 0.8999999762
24292  1.018  -69.540  -21.668 0.8999999762
10261  0.782  -82.832  -2.848 0.8000000119
10260  0.902  -83.597  -3.105 0.8000000119
10273  1.089  -83.297  -4.194 0.8999999762
11149  1.848  -82.443  -5.236 0.8999999762
11159  1.987  -82.636  -6.500 0.8999999762
11175  1.779  -82.945  -7.779 0.8000000119
12085  1.183  -82.305  -8.393 0.6999999881
12101  0.616  -81.591  -10.074 0.2000000030
12086  0.719  -81.470  -8.802 0.4000000060
20869  -0.170  -71.990  -16.753 0.6000000238
21942  -0.426  -70.794  -16.838 0.6999999881
24345  1.871  -69.186  -24.759 0.6000000238
24323  2.294  -69.201  -24.065 0.8000000119
23060  -0.350  -69.995  -16.177 0.6999999881
24324  1.796  -69.477  -23.727 0.8000000119
25453  2.434  -69.084  -23.441 0.8999999762
25424  1.812  -68.295  -19.355 0.8999999762
26572  1.619  -67.596  -18.797 0.8000000119
26515  0.813  -67.734  -16.813 0.8999999762
25385  0.420  -68.360  -16.549 0.8000000119
24230  -0.047  -69.305  -16.614 0.8000000119
25434  1.004  -68.484  -21.421 0.8999999762
25425  1.140  -68.037  -19.885 0.8999999762
26551  1.686  -67.391  -18.013 0.8000000119
26530  1.113  -67.344  -17.330 0.8999999762
24229  0.480  -69.203  -16.955 0.8999999762
11117  0.807  -82.001  -1.952 0.6999999881
10274  0.841  -83.001  -3.434 0.8000000119
11138  1.444  -81.975  -4.341 0.8999999762
12028  1.128  -81.116  -3.938 0.8999999762
12051  1.781  -81.489  -6.169 1.0000000000
12066  1.266  -81.691  -7.489 0.6999999881
12976  0.342  -80.377  -8.806 0.3000000119
12067  0.833  -81.135  -7.965 0.6000000238
25452  2.991  -69.016  -23.923 0.6000000238
25437  3.026  -68.621  -22.957 0.8000000119
26590  2.782  -67.671  -22.185 0.8999999762
25507  2.480  -68.027  -25.955 0.5000000000
25481  2.810  -68.447  -24.914 0.6000000238
25438  2.138  -68.781  -22.616 0.8999999762
26592  1.296  -68.019  -21.584 0.8999999762
21924  -0.420  -70.990  -15.808 0.5000000000
26584  1.201  -67.368  -21.076 0.8999999762
24215  -0.222  -69.003  -15.720 0.6000000238
25439  1.343  -68.791  -22.108 0.8999999762
26580  1.083  -67.358  -20.204 0.8999999762
26573  1.151  -67.377  -19.325 0.6999999881
27645  0.977  -67.147  -17.780 0.8999999762
26531  0.616  -67.089  -16.950 0.8999999762
11128  0.779  -82.073  -2.627 0.8000000119
12911  0.972  -80.212  -3.301 0.8999999762
12027  1.545  -81.285  -4.444 0.8999999762
12931  1.517  -80.433  -5.728 0.8999999762
12944  1.181  -80.637  -6.772 0.6999999881
13853  0.203  -79.605  -8.295 0.3000000119
12945  0.707  -80.321  -7.326 0.5000000000
12963  0.575  -80.505  -8.048 0.5000000000
25480  3.863  -68.054  -24.474 0.6000000238
25436  3.603  -68.521  -23.416 0.6999999881
26655  2.584  -67.113  -26.145 0.5000000000
26638  3.054  -67.341  -25.492 0.5000000000
26591  1.781  -67.477  -21.656 0.8999999762
26583  1.554  -67.113  -21.237 0.8999999762
25386  -0.058  -68.061  -16.107 0.6000000238
26516  0.284  -67.344  -16.493 0.8000000119
26552  1.168  -67.233  -18.598 0.8000000119
16523  4.796  -76.880  -3.777 0.8000000119
13758  0.967  -79.430  -1.389 0.8999999762
13814  1.100  -79.603  -5.786 0.8999999762
14737  0.772  -78.415  -4.584 0.8000000119
13841  0.416  -79.813  -7.567 0.4000000060
26589  4.056  -67.881  -22.604 0.6999999881
27716  3.471  -66.474  -21.886 0.8999999762
27717  2.339  -66.487  -21.765 0.8999999762
28844  1.714  -65.436  -21.696 0.8999999762
27718  1.902  -66.438  -21.479 0.8999999762
27694  1.142  -65.983  -20.687 0.8000000119
27695  1.078  -66.547  -20.445 0.8000000119
28817  0.777  -65.566  -20.013 0.8000000119
25370  -0.196  -68.053  -15.361 0.4000000060
27682  0.877  -66.515  -19.668 0.8000000119
27631  0.302  -66.802  -16.824 0.6999999881
26517  -0.067  -67.236  -16.186 0.6999999881
27657  0.679  -66.579  -18.692 0.8999999762
27646  0.362  -66.601  -17.535 0.8999999762
17424  5.791  -76.193  -4.356 0.8000000119
16549  4.509  -76.406  -4.526 0.8000000119
17455  3.192  -75.823  -5.058 0.8000000119
17426  2.243  -75.341  -3.854 0.8000000119
17403  1.255  -75.225  -2.665 0.8999999762
15623  0.587  -76.965  -2.452 0.8999999762
14712  0.695  -77.895  -2.764 0.8999999762
13778  1.022  -79.050  -2.676 0.8999999762
16496  0.276  -76.000  -2.812 0.8999999762
15624  0.174  -76.550  -3.199 0.8000000119
13793  1.052  -79.185  -3.851 0.8000000119
15686  0.088  -77.633  -6.650 0.6000000238
15663  0.259  -77.414  -4.384 0.6999999881
15703  -0.180  -77.862  -7.740 0.4000000060
14758  0.532  -78.746  -6.262 0.5000000000
14747  0.791  -78.776  -5.390 0.6999999881
28843  2.591  -65.463  -21.906 1.0000000000
29951  1.612  -64.361  -21.812 1.0000000000
30994  0.708  -63.899  -19.746 0.8000000119
32044  0.442  -62.947  -19.090 0.8000000119
29930  1.221  -64.505  -21.235 1.0000000000
30995  0.384  -63.432  -19.139 0.8000000119
25450  4.259  -68.075  -24.081 0.6000000238
29907  0.832  -64.710  -20.244 0.8999999762
29888  0.387  -64.651  -19.277 0.8000000119
28816  0.928  -65.413  -20.537 0.8000000119
29874  -0.261  -64.459  -17.964 0.8000000119
29908  0.658  -64.968  -19.854 0.8000000119
28774  -0.104  -65.630  -18.278 0.8000000119
28799  0.429  -65.801  -19.228 0.6999999881
27613  -0.272  -66.498  -15.310 0.4000000060
27647  -0.148  -66.125  -17.195 0.8000000119
27632  -0.124  -66.415  -16.442 0.6999999881
17456  2.578  -75.397  -4.749 0.8000000119
18425  1.832  -74.474  -3.875 0.8999999762
18404  0.755  -74.668  -2.825 0.8000000119
17479  3.477  -75.211  -5.483 0.8000000119
17405  -0.039  -75.305  -3.036 0.8000000119
15646  -0.051  -76.599  -3.873 0.8000000119
16575  -0.017  -76.677  -6.083 0.6999999881
16564  -0.264  -76.138  -5.271 0.8000000119
32043  0.779  -62.629  -19.587 0.8000000119
32006  0.730  -62.738  -17.748 0.6000000238
30963  1.088  -62.989  -16.989 0.5000000000
29949  2.851  -64.734  -22.087 1.0000000000
31040  1.523  -63.551  -21.521 1.0000000000
31011  1.015  -63.623  -20.570 0.8999999762
32028  0.397  -62.942  -18.535 0.8000000119
30941  0.766  -63.673  -16.493 0.5000000000
26610  4.819  -67.583  -23.510 0.6999999881
29850  -0.251  -64.167  -17.444 0.6999999881
30965  -0.138  -64.149  -16.685 0.6999999881
26637  3.697  -67.455  -24.917 0.6000000238
29851  -0.301  -64.597  -17.071 0.6999999881
28719  -0.119  -65.189  -15.071 0.3000000119
29875  -0.335  -65.151  -17.637 0.6999999881
28738  -0.281  -65.334  -16.428 0.6000000238
28720  -0.233  -65.558  -15.482 0.5000000000
27790  3.150  -66.241  -27.428 0.5000000000
19546  2.009  -73.949  -4.549 0.8999999762
18477  3.583  -74.354  -6.124 0.8000000119
18428  -0.006  -74.420  -3.719 0.8000000119
16551  -0.366  -75.781  -4.300 0.6999999881
33021  1.556  -61.281  -19.292 0.8000000119
32005  1.465  -62.602  -17.684 0.6000000238
30940  1.626  -63.640  -16.656 0.5000000000
31039  2.192  -63.495  -22.072 1.0000000000
32057  1.330  -62.558  -20.844 1.0000000000
27780  2.922  -66.317  -26.357 0.5000000000
27771  2.966  -66.388  -25.579 0.5000000000
19592  3.845  -73.242  -6.555 0.8000000119
20696  4.374  -72.503  -6.778 0.8000000119
20697  3.376  -72.471  -6.656 0.8999999762
20674  1.993  -72.677  -5.695 0.8999999762
33037  1.341  -61.565  -20.390 0.8000000119
27756  4.268  -66.564  -24.618 0.6000000238
21752  3.778  -71.712  -7.026 0.8000000119
21754  2.251  -71.767  -6.299 0.8000000119
22878  1.467  -71.382  -5.971 0.8000000119
22917  0.474  -71.023  -7.885 0.5000000000
20715  0.244  -72.225  -7.716 0.5000000000
32089  1.887  -62.509  -21.602 1.0000000000
27715  4.687  -66.813  -22.068 0.8000000119
29928  3.541  -64.374  -21.764 0.8999999762
27757  3.426  -66.471  -24.998 0.5000000000
28907  3.518  -65.696  -27.039 0.5000000000
28895  3.373  -65.592  -26.452 0.5000000000
29977  3.368  -64.899  -25.813 0.5000000000
22895  5.214  -70.729  -7.446 0.8000000119
22896  4.164  -70.860  -7.460 0.8000000119
22897  3.045  -70.919  -7.137 0.8999999762
24049  3.462  -70.017  -7.574 0.8000000119
22898  1.938  -71.007  -6.425 0.8000000119
21723  0.625  -72.081  -5.783 0.8000000119
21791  0.720  -71.312  -8.337 0.5000000000
21755  0.061  -71.287  -7.064 0.6000000238
21739  0.355  -71.664  -6.157 0.6000000238
24090  0.369  -69.972  -8.186 0.5000000000
24064  0.173  -69.851  -7.636 0.6000000238
33000  3.140  -61.542  -18.746 0.4000000060
33019  3.471  -60.782  -19.023 0.4000000060
34043  2.373  -60.400  -19.873 0.6999999881
35142  2.900  -59.953  -19.924 0.5000000000
28842  3.353  -65.346  -21.812 0.8999999762
34069  1.740  -60.888  -20.968 0.8000000119
34068  2.256  -60.369  -20.682 0.8000000119
27739  5.277  -67.004  -23.522 0.6999999881
27697  5.257  -66.010  -21.810 0.8999999762
28867  3.923  -65.539  -24.634 0.6000000238
28866  4.805  -65.644  -24.278 0.6000000238
29969  3.147  -64.809  -25.236 0.5000000000
29968  3.622  -64.684  -24.800 0.6000000238
25209  3.945  -69.175  -7.731 0.6999999881
25210  2.978  -69.189  -7.307 0.8000000119
24050  2.441  -70.051  -7.069 0.8000000119
24051  1.407  -70.045  -6.685 0.8000000119
28700  7.090  -65.536  -15.207 0.4000000060
27575  6.075  -65.802  -13.778 0.3000000119
27555  6.175  -66.577  -13.162 0.4000000060
26440  5.773  -67.458  -12.256 0.2000000030
22981  1.256  -70.153  -8.868 0.5000000000
24052  0.721  -69.730  -6.925 0.8000000119
28701  6.612  -65.033  -14.778 0.5000000000
27556  5.034  -66.443  -12.673 0.4000000060
26441  4.640  -67.082  -12.147 0.3000000119
25301  3.632  -68.389  -11.177 0.2000000030
25302  2.929  -68.336  -11.137 0.4000000060
24139  2.056  -69.426  -10.224 0.3000000119
25284  0.863  -69.264  -9.893 0.6000000238
28691  5.892  -65.051  -13.799 0.5000000000
28680  4.588  -65.508  -12.620 0.4000000060
27530  3.253  -66.753  -11.497 0.4000000060
26404  2.082  -67.504  -11.014 0.4000000060
25262  0.596  -69.188  -9.234 0.6000000238
27557  4.011  -66.408  -12.163 0.5000000000
27531  2.613  -67.016  -11.110 0.5000000000
29927  4.640  -64.487  -21.490 0.8999999762
32088  2.696  -62.424  -21.908 1.0000000000
33070  3.134  -61.416  -21.827 1.0000000000
32087  3.702  -62.391  -21.799 1.0000000000
27714  5.536  -66.537  -22.605 0.6999999881
28821  5.474  -65.419  -21.703 0.8000000119
28865  5.464  -65.620  -23.840 0.6999999881
25226  3.457  -68.443  -7.538 0.8000000119
25227  2.497  -68.463  -7.438 0.8000000119
29808  7.421  -64.258  -15.680 0.6000000238
25282  2.232  -68.513  -10.914 0.3000000119
28681  3.871  -65.334  -12.104 0.5000000000
25283  1.345  -68.879  -10.337 0.5000000000
25230  0.268  -69.243  -7.836 0.6999999881
28679  5.404  -65.649  -13.266 0.5000000000
35141  3.442  -59.667  -19.914 0.5000000000
34095  2.499  -60.596  -21.422 0.6999999881
34094  3.620  -60.459  -21.622 0.8999999762
29926  5.502  -64.822  -21.611 0.8999999762
31037  4.218  -63.443  -21.627 0.8999999762
33069  4.230  -61.388  -21.729 0.8999999762
31036  5.518  -63.683  -21.658 1.0000000000
32086  4.843  -62.457  -21.668 1.0000000000
28856  5.963  -65.593  -23.181 0.8000000119
29947  6.370  -64.610  -22.391 0.8999999762
31048  6.310  -63.969  -22.004 1.0000000000
29957  5.814  -64.553  -23.749 0.6000000238
29956  6.516  -64.581  -23.053 0.8000000119
30886  5.774  -63.870  -12.246 0.5000000000
26365  3.346  -67.080  -8.269 0.8000000119
26366  2.340  -67.132  -8.289 0.8000000119
30913  9.236  -63.064  -14.314 0.8000000119
30915  7.303  -63.665  -14.251 0.6999999881
29789  6.530  -64.051  -13.817 0.6000000238
29735  4.745  -64.617  -10.865 0.6999999881
28641  4.277  -65.123  -10.304 0.6999999881
27486  3.158  -66.282  -9.859 0.6999999881
29800  6.402  -64.657  -14.096 0.5000000000
29776  5.276  -64.582  -12.909 0.5000000000
29758  5.166  -64.240  -11.724 0.5000000000
29736  3.859  -64.881  -11.004 0.5000000000
27487  2.179  -66.749  -9.614 0.6000000238
27466  1.186  -66.843  -8.983 0.6999999881
25228  1.598  -68.545  -7.441 0.8000000119
29777  4.468  -64.854  -12.153 0.4000000060
28642  3.480  -65.535  -10.680 0.6000000238
27510  2.287  -66.962  -10.396 0.5000000000
26368  0.707  -67.992  -8.427 0.6999999881
30926  7.838  -63.592  -15.311 0.6000000238
28662  3.411  -65.759  -11.527 0.5000000000
27511  1.780  -67.059  -9.956 0.6000000238
26385  0.670  -68.247  -9.277 0.6000000238
35140  4.436  -59.171  -19.812 0.5000000000
35166  3.798  -59.496  -20.547 0.6000000238
35165  4.850  -59.050  -20.621 0.6999999881
35192  4.153  -59.668  -21.218 0.6999999881
32085  5.938  -62.468  -21.706 1.0000000000
31047  6.702  -63.632  -22.544 0.8999999762
28639  6.591  -65.104  -10.410 0.6999999881
31968  10.289  -62.809  -15.403 0.8999999762
30924  9.740  -62.939  -15.194 0.8999999762
30901  7.801  -63.035  -13.343 0.6000000238
30885  6.516  -63.434  -12.337 0.6000000238
28615  4.676  -65.585  -9.808 0.6999999881
27463  3.765  -66.574  -8.924 0.6999999881
27464  2.749  -66.698  -8.955 0.8000000119
32997  10.861  -61.548  -17.839 0.8999999762
31988  10.131  -62.512  -15.940 0.8999999762
30936  9.274  -62.781  -16.176 0.8999999762
30925  8.804  -63.216  -15.269 0.8999999762
30937  8.509  -63.502  -16.254 0.8000000119
36331  5.940  -58.366  -20.357 0.5000000000
34093  4.711  -60.431  -21.433 0.8999999762
34092  5.875  -60.363  -21.034 0.8999999762
35191  5.062  -59.638  -21.147 0.6999999881
33068  5.381  -61.411  -21.517 0.8999999762
31035  6.327  -63.268  -21.955 1.0000000000
29733  7.058  -64.369  -10.711 0.8000000119
29734  5.894  -64.267  -10.834 0.6999999881
28640  5.407  -65.320  -10.117 0.6999999881
27462  4.764  -66.718  -9.074 0.8000000119
31967  10.843  -62.801  -15.589 0.8000000119
30923  10.546  -63.220  -14.986 0.8000000119
30900  8.819  -62.987  -13.377 0.8000000119
30858  8.060  -63.253  -11.534 0.8000000119
30830  6.628  -63.794  -11.123 0.6999999881
31986  12.088  -62.060  -16.340 0.8999999762
30884  7.392  -63.015  -12.368 0.8000000119
30859  7.027  -63.339  -11.600 0.6999999881
29757  5.805  -63.923  -11.405 0.6999999881
34019  12.124  -60.658  -18.541 0.8000000119
32982  12.203  -61.007  -17.275 0.8999999762
31987  10.965  -61.931  -16.387 0.8000000119
35133  13.177  -59.724  -18.713 0.8999999762
34002  12.958  -60.528  -17.563 0.8999999762
33067  6.550  -61.388  -21.610 1.0000000000
32084  6.668  -62.488  -22.186 1.0000000000
31054  5.980  -63.457  -23.788 0.8000000119
32106  6.483  -62.781  -23.471 1.0000000000
32107  5.838  -62.509  -23.726 0.8000000119
32981  12.709  -61.070  -17.115 0.8999999762
35100  13.381  -59.930  -17.660 0.8999999762
33066  7.252  -60.956  -21.741 1.0000000000
35164  5.836  -59.319  -20.797 0.6999999881
33103  6.527  -61.627  -23.223 1.0000000000
32100  6.989  -62.638  -22.932 1.0000000000
33991  14.859  -60.225  -16.302 0.6999999881
36284  14.580  -58.493  -17.009 0.8000000119
39648  17.901  -55.958  -17.038 0.6000000238
39657  17.714  -55.565  -17.618 0.6000000238
33104  5.646  -61.527  -23.758 0.8000000119
36275  16.289  -58.452  -16.635 0.4000000060
36274  17.184  -57.895  -16.917 0.4000000060
36281  16.645  -57.517  -17.322 0.5000000000
38561  18.076  -56.323  -16.679 0.3000000119
39647  18.154  -55.444  -16.539 0.1000000015
41937  18.055  -53.991  -15.423 0.1000000015
38562  17.602  -56.442  -17.285 0.4000000060
41930  16.952  -53.218  -14.171 0.2000000030
43000  16.459  -52.999  -13.906 0.1000000015
39656  18.005  -55.081  -17.093 0.4000000060
40830  18.165  -54.621  -15.898 0.3000000119
41929  17.673  -53.694  -14.645 0.2000000030
43014  17.272  -52.980  -14.891 0.2000000030
43001  15.850  -52.936  -13.657 0.1000000015
40843  17.933  -54.627  -17.465 0.5000000000
41949  18.009  -53.984  -16.255 0.4000000060
41938  17.656  -53.308  -15.695 0.2000000030
43031  17.195  -52.623  -15.485 0.2000000030
43015  16.499  -52.392  -14.633 0.2000000030
43017  14.431  -52.469  -13.964 0.2000000030
43016  15.386  -52.347  -14.129 0.2000000030
44149  14.864  -51.801  -14.550 0.2000000030
44150  13.928  -51.933  -14.425 0.2000000030
37391  18.721  -56.865  -15.686 0.2000000030
36273  18.266  -57.648  -16.385 0.3000000119
38523  18.705  -56.059  -14.973 0.2000000030
38535  18.440  -56.115  -15.916 0.2000000030
40816  18.196  -54.463  -15.181 0.1000000015
39604  18.585  -55.261  -14.285 0.1000000015
40855  17.749  -54.681  -18.394 0.6000000238
40800  18.136  -54.420  -14.394 0.1000000015
40801  17.673  -54.026  -14.048 0.1000000015
41950  17.776  -53.382  -16.779 0.4000000060
43032  16.875  -52.028  -15.890 0.2000000030
44148  15.672  -51.796  -14.740 0.2000000030
44165  14.441  -51.345  -15.166 0.2000000030
38522  19.053  -56.371  -14.521 0.1000000015
40784  17.024  -53.991  -13.172 0.1000000015
40869  17.906  -54.712  -19.454 0.6999999881
41966  17.818  -53.693  -17.812 0.4000000060
43045  17.375  -52.663  -16.387 0.3000000119
44163  16.096  -51.631  -15.508 0.2000000030
40782  18.286  -54.774  -13.497 0.1000000015
39684  19.767  -55.586  -20.550 0.8999999762
40868  18.576  -54.348  -20.027 0.6000000238
41996  18.784  -53.582  -19.703 0.5000000000
41997  18.197  -53.632  -19.394 0.5000000000
43093  17.582  -52.720  -19.196 0.4000000060
43094  16.899  -52.310  -18.962 0.4000000060
40783  17.585  -54.270  -13.403 0.1000000015
40768  16.711  -54.482  -12.342 0.1000000015
43077  17.374  -52.787  -18.432 0.4000000060
43078  16.904  -52.307  -18.501 0.2000000030
44202  15.926  -51.208  -17.924 0.1000000015
45318  15.466  -50.928  -16.706 0.1000000015
45330  15.443  -50.721  -17.267 0.1000000015
41982  17.776  -53.709  -18.830 0.5000000000
43060  17.449  -52.763  -17.427 0.4000000060
44176  16.383  -51.535  -16.516 0.2000000030
44177  15.555  -51.238  -16.178 0.2000000030
45319  14.812  -50.819  -16.380 0.1000000015
45307  14.051  -50.899  -15.636 0.2000000030
37530  7.058  -57.505  -23.265 0.8000000119
37531  6.351  -57.554  -23.219 0.8000000119
37532  5.681  -57.675  -23.610 0.8000000119
39704  6.132  -56.221  -23.811 0.8000000119
38678  5.686  -56.881  -24.447 0.8000000119
38695  6.015  -57.057  -24.922 0.6999999881
39675  21.070  -55.674  -19.289 1.0000000000
39676  20.783  -55.454  -19.627 1.0000000000
40866  20.275  -54.518  -19.626 1.0000000000
43091  18.871  -53.116  -19.403 0.6000000238
43106  17.074  -52.064  -19.423 0.3000000119
44215  16.546  -51.660  -19.238 0.1000000015
39665  21.236  -55.369  -18.962 1.0000000000
40854  20.674  -54.511  -18.823 1.0000000000
44201  16.474  -51.839  -18.463 0.3000000119
38586  21.852  -56.261  -18.746 1.0000000000
39664  22.338  -55.270  -18.701 1.0000000000
39701  7.859  -55.053  -23.314 0.6999999881
38646  7.381  -56.617  -23.285 0.6999999881
39702  7.392  -55.687  -23.326 0.8000000119
39745  6.728  -56.047  -25.307 0.6000000238
41994  20.150  -53.910  -18.940 0.6000000238
41981  19.879  -53.246  -18.764 0.6000000238
43076  18.496  -52.207  -19.161 0.5000000000
43104  17.850  -52.040  -19.768 0.4000000060
44229  16.936  -51.399  -19.699 0.1000000015
44230  16.126  -50.937  -19.612 0.1000000015
40853  21.462  -54.428  -18.477 1.0000000000
44216  15.941  -51.167  -18.849 0.1000000015
40852  22.265  -54.202  -18.587 1.0000000000
38593  22.934  -55.761  -18.919 0.8999999762
40865  23.012  -54.418  -19.172 1.0000000000
40907  8.322  -54.409  -23.376 0.6000000238
39703  6.669  -55.830  -23.580 0.8000000119
40908  7.677  -54.584  -23.623 0.6999999881
39716  6.392  -55.601  -24.097 0.8000000119
38693  7.200  -56.863  -25.897 0.5000000000
39729  6.118  -56.401  -24.800 0.6999999881
45368  17.868  -51.320  -19.633 0.3000000119
45369  17.236  -50.791  -19.778 0.2000000030
45370  16.439  -50.491  -19.931 0.1000000015
43074  20.146  -52.499  -18.489 0.6000000238
41980  20.715  -53.513  -18.467 0.6999999881
44199  19.539  -51.647  -18.507 0.5000000000
41979  21.728  -53.450  -18.411 0.8000000119
43072  22.055  -52.723  -18.579 0.6999999881
43073  21.216  -52.444  -18.402 0.6000000238
41978  22.596  -53.404  -18.815 0.8999999762
41993  23.332  -53.353  -19.760 0.6999999881
43089  22.587  -52.405  -19.242 0.6999999881
43166  8.033  -53.068  -24.930 0.8000000119
42029  8.578  -53.453  -23.501 0.6000000238
42041  8.007  -53.683  -24.054 0.6999999881
40918  7.660  -54.313  -24.137 0.6000000238
40919  6.944  -54.853  -23.918 0.8000000119
40933  6.749  -55.040  -24.578 0.6999999881
42062  7.913  -54.052  -24.866 0.6999999881
42061  8.200  -53.882  -25.284 0.6999999881
44293  8.246  -52.096  -25.119 0.6999999881
43165  8.446  -52.808  -25.493 0.6999999881
43164  8.946  -52.370  -25.669 0.3000000119
45356  17.754  -50.625  -19.273 0.3000000119
45341  18.931  -50.770  -18.519 0.4000000060
45342  18.229  -50.497  -18.783 0.4000000060
46377  17.854  -49.951  -18.832 0.4000000060
44198  20.544  -51.530  -18.475 0.6000000238
45340  19.990  -50.697  -18.534 0.6000000238
46376  18.606  -49.898  -18.603 0.3000000119
44197  21.401  -51.458  -18.684 0.6000000238
45338  21.561  -50.950  -19.035 0.6000000238
45339  20.979  -50.547  -18.832 0.6000000238
44226  22.495  -51.049  -19.938 0.6999999881
45353  21.764  -50.457  -19.529 0.6999999881
42006  23.608  -52.864  -20.301 0.6999999881
43103  23.216  -52.331  -20.067 0.6999999881
44212  22.715  -51.703  -19.821 0.6999999881
42005  23.899  -53.423  -20.758 0.6999999881
43112  24.263  -52.471  -21.498 0.6999999881
43151  17.255  -52.206  -25.040 0.5000000000
43159  16.783  -52.685  -25.197 0.3000000119
43160  15.650  -52.559  -25.314 0.4000000060
43155  7.942  -52.911  -24.350 0.6999999881
43162  13.793  -52.367  -25.333 0.5000000000
43152  13.308  -52.502  -25.177 0.6000000238
43153  12.803  -52.397  -25.004 0.5000000000
43132  8.411  -52.743  -23.681 0.8000000119
43143  8.122  -52.815  -23.939 0.8000000119
45411  9.746  -50.952  -23.607 0.4000000060
44255  8.904  -51.769  -23.530 0.8000000119
44257  8.071  -52.085  -23.727 0.6999999881
44292  8.785  -51.860  -25.415 0.5000000000
45450  10.307  -50.650  -26.280 0.3000000119
47524  17.562  -49.464  -18.952 0.2000000030
46392  17.268  -49.894  -19.428 0.2000000030
46375  19.596  -49.723  -18.679 0.3000000119
47523  18.182  -49.175  -18.691 0.3000000119
45354  21.209  -50.079  -19.271 0.4000000060
46374  20.336  -50.088  -18.764 0.4000000060
47522  18.903  -49.333  -18.617 0.3000000119
45367  22.708  -50.359  -20.479 0.5000000000
46389  21.340  -49.884  -19.535 0.4000000060
44225  23.320  -51.305  -20.544 0.6999999881
45393  24.398  -51.113  -22.255 0.6999999881
44237  24.091  -51.097  -21.117 0.6000000238
44264  20.281  -51.358  -23.669 0.6000000238
44266  18.755  -51.929  -24.491 0.3000000119
44277  18.240  -51.702  -24.920 0.5000000000
44278  17.494  -51.772  -25.044 0.4000000060
44279  16.899  -51.709  -25.075 0.4000000060
44287  15.158  -51.602  -25.384 0.5000000000
44288  14.256  -51.556  -25.503 0.4000000060
44289  13.467  -51.516  -25.525 0.4000000060
43163  13.219  -52.069  -25.296 0.5000000000
44290  12.791  -51.515  -25.373 0.5000000000
45423  11.633  -50.827  -24.871 0.4000000060
44270  7.770  -52.119  -24.095 0.6999999881
44282  7.944  -52.174  -24.632 0.6000000238
46450  10.546  -49.625  -24.322 0.5000000000
45395  9.167  -50.847  -23.530 0.6999999881
45396  8.503  -51.062  -23.672 0.6000000238
46451  9.509  -49.985  -23.880 0.5000000000
46432  8.964  -50.383  -23.660 0.5000000000
46470  8.675  -50.243  -24.515 0.5000000000
45436  9.259  -50.871  -25.436 0.5000000000
45451  9.748  -50.971  -25.886 0.3000000119
46393  16.655  -49.429  -19.789 0.2000000030
47539  17.215  -48.821  -19.202 0.2000000030
47537  19.204  -48.633  -18.849 0.3000000119
47538  18.143  -48.336  -18.844 0.2000000030
48838  17.597  -47.748  -19.238 0.1000000015
50092  16.988  -47.038  -19.496 0.1000000015
46390  20.750  -49.492  -19.251 0.4000000060
46391  19.947  -49.084  -18.969 0.4000000060
48837  18.629  -47.663  -19.227 0.2000000030
50091  17.996  -46.909  -19.553 0.1000000015
46402  21.658  -49.553  -20.094 0.5000000000
46403  21.106  -49.150  -19.873 0.4000000060
47536  20.151  -48.609  -19.346 0.4000000060
45381  23.112  -49.940  -21.008 0.6000000238
47552  21.264  -48.915  -20.255 0.5000000000
46413  24.065  -50.024  -21.584 0.6999999881
46414  23.606  -49.490  -21.480 0.6000000238
46415  22.639  -49.459  -20.879 0.5000000000
47563  21.888  -48.670  -20.773 0.4000000060
45394  24.077  -50.693  -22.664 0.6999999881
46429  24.253  -49.716  -22.240 0.6000000238
45404  23.354  -50.559  -23.326 0.8000000119
45405  22.476  -50.460  -23.680 0.6999999881
45406  21.519  -50.526  -23.810 0.6000000238
45407  20.679  -50.692  -23.923 0.5000000000
45408  20.000  -50.758  -24.227 0.6000000238
45418  19.355  -50.765  -24.712 0.5000000000
45419  18.540  -50.654  -25.165 0.4000000060
45420  17.624  -51.077  -25.168 0.4000000060
45421  17.168  -51.308  -25.109 0.5000000000
45432  15.637  -50.765  -25.562 0.5000000000
46479  15.133  -49.954  -25.995 0.5000000000
45434  13.778  -50.690  -25.775 0.4000000060
45435  13.022  -50.848  -25.758 0.4000000060
45422  12.274  -50.527  -25.385 0.6000000238
46468  11.468  -49.781  -24.858 0.5000000000
46493  14.833  -49.216  -26.041 0.5000000000
46480  14.200  -49.679  -25.970 0.5000000000
47622  13.600  -48.596  -26.069 0.5000000000
46467  12.201  -49.258  -25.424 0.5000000000
46469  11.022  -49.562  -24.569 0.5000000000
47586  9.877  -48.797  -24.402 0.4000000060
47585  10.503  -48.642  -24.519 0.4000000060
47608  8.503  -48.184  -24.835 0.5000000000
46483  8.982  -50.252  -24.932 0.5000000000
47624  9.674  -49.224  -25.457 0.4000000060
47640  10.099  -48.626  -25.974 0.4000000060
47639  10.416  -48.878  -26.648 0.3000000119
47657  11.510  -48.356  -27.424 0.2000000030
48836  19.782  -47.708  -19.638 0.2000000030
47564  21.088  -48.424  -20.457 0.4000000060
48852  20.561  -48.029  -20.193 0.3000000119
48853  20.321  -47.411  -20.413 0.3000000119
50090  18.944  -46.940  -19.687 0.2000000030
50104  18.467  -46.086  -20.122 0.2000000030
50105  17.298  -46.180  -19.836 0.1000000015
50103  19.613  -46.728  -20.411 0.2000000030
51211  17.495  -45.279  -20.382 0.1000000015
47562  22.981  -48.714  -21.308 0.5000000000
47573  23.991  -49.079  -22.437 0.6000000238
47582  23.955  -49.299  -22.751 0.6000000238
46445  23.096  -49.706  -23.640 0.5000000000
46447  20.907  -49.995  -24.173 0.5000000000
46448  20.373  -50.310  -24.269 0.5000000000
46474  19.514  -49.427  -25.195 0.4000000060
45429  18.290  -50.014  -25.430 0.5000000000
45430  17.704  -50.297  -25.517 0.5000000000
46476  18.011  -49.490  -25.731 0.4000000060
46477  17.034  -49.634  -26.082 0.5000000000
46478  16.052  -50.018  -26.147 0.5000000000
47636  15.764  -48.460  -26.590 0.6000000238
47638  14.380  -48.811  -26.111 0.5000000000
47623  12.783  -48.688  -25.744 0.5000000000
47604  12.299  -48.193  -25.319 0.5000000000
47605  11.660  -48.628  -24.901 0.5000000000
47606  11.003  -49.020  -24.688 0.5000000000
48895  12.329  -47.340  -25.316 0.5000000000
48896  11.849  -47.616  -24.853 0.5000000000
48880  10.155  -47.904  -24.427 0.3000000119
50136  9.397  -47.151  -24.508 0.4000000060
48898  8.155  -47.508  -24.891 0.4000000060
48933  8.838  -48.015  -25.324 0.3000000119
48932  9.376  -47.918  -25.606 0.3000000119
46510  10.708  -49.250  -26.793 0.2000000030
47659  10.385  -48.326  -26.651 0.2000000030
48931  9.941  -47.573  -25.843 0.3000000119
48947  11.445  -47.157  -27.373 0.2000000030
48948  10.840  -47.569  -26.762 0.2000000030
48946  11.997  -46.915  -27.588 0.2000000030
48866  21.174  -47.694  -20.943 0.3000000119
48867  20.373  -47.039  -20.974 0.3000000119
50122  19.117  -45.913  -21.022 0.2000000030
51210  18.396  -45.353  -20.765 0.1000000015
51228  17.922  -44.738  -21.030 0.1000000015
48865  22.535  -47.867  -21.319 0.5000000000
50119  21.906  -47.151  -21.448 0.3000000119
50120  20.998  -46.699  -21.503 0.3000000119
51225  20.448  -46.036  -21.791 0.2000000030
51226  19.648  -45.681  -21.798 0.2000000030
51227  18.705  -45.123  -21.574 0.1000000015
48864  23.286  -48.197  -21.573 0.5000000000
48875  22.725  -47.102  -21.649 0.4000000060
51239  19.427  -44.879  -22.233 0.1000000015
47583  23.611  -48.682  -23.198 0.5000000000
50129  23.137  -46.719  -22.311 0.4000000060
47584  22.894  -49.142  -23.934 0.4000000060
47600  23.380  -47.791  -23.991 0.4000000060
48879  23.549  -47.367  -23.114 0.4000000060
46446  22.041  -49.595  -24.125 0.4000000060
47601  22.493  -48.517  -24.354 0.4000000060
46464  21.101  -49.287  -24.555 0.5000000000
46465  19.992  -49.837  -24.869 0.5000000000
47618  19.635  -48.819  -25.373 0.5000000000
47619  18.595  -48.507  -25.899 0.5000000000
47620  17.546  -48.880  -26.189 0.5000000000
46490  16.770  -49.065  -26.309 0.6000000238
47634  17.780  -48.084  -26.463 0.5000000000
47635  16.802  -48.456  -26.504 0.6000000238
48927  16.132  -47.546  -26.974 0.4000000060
48913  14.316  -47.318  -26.537 0.4000000060
48915  12.876  -47.635  -25.877 0.5000000000
50144  12.082  -46.828  -24.976 0.4000000060
50146  10.276  -46.807  -24.539 0.3000000119
50148  8.709  -46.624  -24.959 0.3000000119
50164  8.929  -46.747  -25.365 0.3000000119
50185  9.245  -47.252  -25.580 0.3000000119
51253  11.053  -45.728  -24.802 0.3000000119
50147  9.432  -46.311  -24.790 0.3000000119
50163  9.463  -46.147  -25.196 0.3000000119
48930  10.449  -47.229  -26.152 0.2000000030
50203  11.055  -46.310  -27.047 0.2000000030
50130  22.109  -46.351  -21.810 0.3000000119
50131  21.177  -45.943  -21.870 0.3000000119
51238  20.563  -45.252  -22.189 0.2000000030
51240  18.658  -44.558  -22.127 0.1000000015
51237  21.757  -45.423  -22.218 0.4000000060
52326  20.150  -44.137  -22.524 0.2000000030
52327  19.050  -44.113  -22.476 0.1000000015
50134  23.308  -46.416  -23.239 0.4000000060
52324  22.375  -44.911  -22.857 0.4000000060
52325  21.366  -44.491  -22.561 0.2000000030
48891  23.483  -46.988  -23.933 0.4000000060
50143  22.683  -46.215  -24.837 0.4000000060
48893  21.710  -47.905  -25.083 0.5000000000
48894  21.066  -48.238  -25.185 0.5000000000
48911  20.527  -47.605  -25.678 0.5000000000
48912  19.439  -48.044  -25.736 0.5000000000
47633  18.412  -47.820  -26.347 0.5000000000
48925  18.154  -47.285  -26.751 0.5000000000
50180  16.599  -46.512  -27.312 0.4000000060
50181  15.497  -46.544  -27.175 0.4000000060
50182  14.592  -46.607  -26.772 0.3000000119
51262  13.993  -45.964  -26.486 0.3000000119
51263  13.256  -45.571  -26.007 0.3000000119
52346  10.312  -44.597  -25.286 0.3000000119
51265  9.911  -45.320  -25.588 0.3000000119
50184  10.027  -46.414  -25.653 0.3000000119
52345  11.059  -44.690  -25.011 0.3000000119
51301  10.562  -45.236  -26.804 0.2000000030
50183  10.614  -46.412  -26.439 0.2000000030
51236  22.686  -45.857  -22.588 0.4000000060
52338  22.080  -43.905  -23.165 0.2000000030
50142  23.216  -46.264  -24.173 0.4000000060
51250  22.889  -45.430  -24.384 0.4000000060
53380  22.435  -43.668  -24.133 0.4000000060
53381  21.598  -42.833  -23.652 0.2000000030
48909  22.374  -46.679  -25.106 0.4000000060
51259  21.834  -45.489  -25.539 0.4000000060
52343  22.260  -44.882  -25.329 0.4000000060
50159  20.503  -46.370  -26.206 0.4000000060
48923  19.964  -46.903  -26.240 0.4000000060
50177  19.639  -46.143  -26.477 0.4000000060
48924  19.163  -47.349  -26.266 0.5000000000
50178  18.643  -46.336  -26.822 0.4000000060
50179  17.668  -46.450  -27.217 0.4000000060
51283  14.870  -45.381  -27.006 0.3000000119
52347  10.132  -44.574  -25.582 0.3000000119
53450  10.676  -43.481  -27.026 0.1000000015
52376  10.009  -44.288  -26.350 0.1000000015
52396  10.927  -44.319  -27.250 0.2000000030
53390  21.921  -42.995  -24.634 0.2000000030
52352  21.733  -44.570  -25.615 0.3000000119
51260  21.092  -45.401  -26.099 0.4000000060
52353  21.087  -44.345  -26.163 0.4000000060
51261  20.331  -45.603  -26.378 0.4000000060
51279  19.081  -45.289  -26.809 0.4000000060
51280  18.177  -45.413  -27.217 0.3000000119
51281  17.143  -45.450  -27.358 0.3000000119
52372  17.735  -44.432  -27.376 0.3000000119
52373  16.700  -44.405  -27.302 0.3000000119
54368  21.369  -42.265  -24.329 0.2000000030
53405  21.578  -43.505  -25.508 0.3000000119
54382  21.417  -42.477  -25.116 0.3000000119
51277  20.548  -44.947  -26.366 0.4000000060
53406  20.807  -43.438  -26.194 0.3000000119
54383  21.009  -42.592  -25.733 0.2000000030
51278  19.902  -45.100  -26.563 0.4000000060
52369  20.321  -44.264  -26.450 0.3000000119
53423  20.064  -43.438  -26.610 0.3000000119
52370  19.530  -44.320  -26.714 0.3000000119
52371  18.704  -44.402  -27.128 0.3000000119
54400  19.059  -42.466  -27.144 0.3000000119
53425  18.387  -43.442  -27.398 0.3000000119
53426  17.347  -43.414  -27.459 0.3000000119
53424  19.287  -43.448  -27.019 0.3000000119
54401  18.054  -42.418  -27.399 0.2000000030
54402  17.002  -42.392  -27.355 0.2000000030
540  5.324  -99.435  -23.438 1.0000000000
6203  1.034  -88.919  -16.759 0.4000000060
6190  0.849  -88.083  -16.479 0.3000000119
6189  1.351  -88.603  -15.535 0.5000000000
6996  1.360  -87.838  -15.078 0.4000000060
6164  1.769  -88.588  -13.211 0.4000000060
4220  2.016  -90.797  -14.146 0.6999999881
6955  1.922  -88.266  -12.852 0.4000000060
4188  2.019  -91.437  -12.511 0.8000000119
5457  1.835  -89.749  -11.957 0.6000000238
7313  14.875  -86.689  -37.857 0.8999999762
9005  14.081  -85.478  -36.683 0.8999999762
9817  13.363  -84.394  -35.466 0.8000000119
9007  12.744  -85.560  -37.143 0.8999999762
9804  12.694  -83.991  -34.801 0.8000000119
6556  14.476  -87.475  -40.874 0.8000000119
7365  14.186  -87.056  -40.270 0.8999999762
6566  16.500  -88.537  -41.448 0.8000000119
9789  11.261  -84.301  -33.702 0.8999999762
7403  15.726  -87.521  -43.808 0.8999999762
7395  26.328  -87.350  -43.449 0.6999999881
9077  24.286  -85.809  -43.263 0.8000000119
6599  25.647  -87.983  -44.790 0.8000000119
8213  27.971  -86.373  -43.507 0.6000000238
9064  25.727  -85.455  -42.638 0.6000000238
9078  24.057  -85.386  -42.969 0.8000000119
8224  24.851  -87.026  -44.903 0.8000000119
9094  24.295  -86.068  -45.152 0.8000000119
8215  25.953  -86.254  -43.229 0.6999999881
19831  0.889  -73.418  -22.536 1.0000000000
19797  2.200  -73.321  -20.700 1.0000000000
18683  -0.380  -74.278  -19.556 0.5000000000
21972  -0.567  -71.945  -19.682 0.8999999762
21971  -0.111  -71.511  -19.649 1.0000000000
21940  3.045  -71.513  -16.399 0.8999999762
19762  2.927  -73.076  -17.837 0.8999999762
20889  2.471  -72.663  -18.043 1.0000000000
20881  3.001  -72.454  -17.177 0.8999999762
28690  6.442  -65.439  -14.199 0.5000000000
30927  7.101  -63.941  -15.135 0.6000000238
1610  5.440  -96.112  -31.903 0.8000000119
925  4.991  -97.988  -34.203 0.6999999881
938  4.648  -98.404  -35.520 0.8000000119
2567  6.302  -95.077  -29.946 0.8999999762
176  7.808  -101.206  -27.597 0.8999999762
167  6.874  -100.874  -27.394 1.0000000000
590  6.343  -99.810  -27.641 1.0000000000
879  5.882  -98.834  -29.687 1.0000000000
216  7.101  -101.280  -29.968 0.8999999762
400  5.334  -100.757  -30.379 0.8999999762
918  4.907  -98.976  -34.195 0.8999999762
1285  4.635  -97.713  -37.159 0.4000000060
972  7.930  -98.345  -38.802 0.3000000119
986  8.580  -98.163  -39.310 0.2000000030
696  11.146  -98.860  -38.915 0.2000000030
1315  10.246  -97.585  -39.947 0.2000000030
157  8.096  -101.185  -25.674 0.8000000119
387  8.209  -100.731  -29.289 1.0000000000
833  7.045  -98.726  -26.938 0.8999999762
635  8.154  -99.543  -31.493 1.0000000000
644  8.452  -99.507  -32.259 1.0000000000
636  7.708  -100.159  -31.248 0.8999999762
425  8.252  -100.294  -32.684 0.8999999762
399  6.974  -101.138  -30.756 0.8999999762
230  6.921  -101.011  -32.118 0.8999999762
219  5.290  -100.987  -31.213 0.8999999762
232  5.601  -101.141  -31.625 0.8999999762
891  5.640  -99.006  -30.816 0.8999999762
637  5.144  -99.300  -31.709 0.8999999762
243  8.827  -100.918  -33.079 0.8999999762
245  6.645  -101.339  -32.884 0.8999999762
246  5.702  -101.215  -32.522 0.8999999762
646  4.888  -100.172  -32.751 0.8999999762
652  4.923  -99.588  -33.626 0.8999999762
26  9.523  -101.975  -33.379 0.8000000119
102  8.488  -101.709  -33.800 0.8999999762
103  7.340  -101.686  -33.882 0.8000000119
116  6.269  -101.557  -33.907 0.6999999881
115  6.781  -101.524  -34.408 0.6999999881
265  5.809  -101.155  -34.288 0.6999999881
441  5.588  -100.704  -34.751 0.6999999881
442  5.205  -100.359  -34.400 0.8999999762
123  8.922  -101.369  -34.903 0.8000000119
112  9.826  -101.860  -34.038 0.8000000119
125  7.500  -101.439  -34.861 0.8000000119
277  6.927  -101.101  -35.179 0.6999999881
457  6.121  -99.999  -35.617 0.6000000238
670  5.905  -99.330  -36.069 0.5000000000
953  4.841  -98.308  -36.804 0.5000000000
121  10.382  -101.385  -34.453 0.6999999881
120  11.264  -101.234  -34.415 0.6000000238
28  10.285  -102.218  -33.494 0.8000000119
274  9.366  -100.987  -35.202 0.6999999881
284  9.125  -100.591  -35.697 0.6000000238
295  7.345  -100.128  -36.154 0.6999999881
467  6.282  -99.503  -36.304 0.5000000000
466  6.826  -99.662  -36.443 0.5000000000
475  6.692  -99.174  -36.836 0.4000000060
963  5.203  -98.175  -37.238 0.3000000119
281  12.342  -100.068  -35.728 0.5000000000
292  9.627  -100.158  -36.089 0.6000000238
686  7.733  -98.787  -37.760 0.4000000060
700  7.349  -98.505  -38.209 0.3000000119
280  13.128  -99.764  -35.214 0.6000000238
462  10.972  -99.808  -37.023 0.5000000000
471  10.504  -99.399  -37.774 0.5000000000
672  13.899  -98.780  -36.676 0.5000000000
682  11.338  -99.143  -38.343 0.3000000119
982  12.992  -98.227  -39.687 0.2000000030
2513  8.070  -94.893  -25.847 1.0000000000
349  9.541  -100.599  -25.668 0.6999999881
877  9.435  -98.340  -29.670 0.8999999762
1202  10.268  -97.315  -29.468 0.8999999762
339  7.766  -100.386  -24.881 0.8000000119
1222  9.979  -97.666  -31.268 0.8999999762
900  8.644  -98.842  -31.714 1.0000000000
409  10.540  -100.438  -31.604 1.0000000000
89  10.484  -101.755  -32.203 0.8999999762
15  10.595  -102.106  -32.397 0.8999999762
13  11.649  -101.943  -31.518 0.8999999762
24  10.505  -102.446  -32.999 0.8000000119
17  12.048  -101.994  -31.962 0.8999999762
118  12.759  -100.929  -34.235 0.6000000238
117  13.329  -100.690  -34.118 0.6999999881
667  14.734  -98.627  -35.299 0.5000000000
318  5.117  -99.844  -22.871 0.8999999762
308  4.828  -99.993  -22.497 0.8999999762
527  3.459  -99.557  -22.840 0.6999999881
310  3.908  -99.799  -22.455 0.8999999762
1555  10.820  -96.877  -27.460 0.6999999881
633  11.297  -98.820  -31.252 0.8999999762
74  11.743  -101.647  -30.030 0.8000000119
936  16.111  -98.017  -34.825 0.5000000000
767  6.496  -98.687  -21.605 1.0000000000
1559  1.657  -97.336  -27.792 0.3000000119
1126  2.358  -97.536  -24.386 0.4000000060
3041  9.181  -94.002  -22.195 0.8999999762
2051  11.815  -95.614  -28.967 0.8000000119
875  12.413  -98.531  -29.371 0.8000000119
1985  2.513  -94.909  -24.466 0.4000000060
65  12.410  -101.580  -29.262 0.8000000119
2083  18.971  -95.267  -33.953 0.5000000000
2127  19.496  -95.287  -36.382 0.5000000000
2641  20.863  -93.973  -36.826 0.5000000000
3197  21.554  -92.723  -34.072 0.5000000000
3239  21.419  -93.600  -37.737 0.4000000060
2439  2.921  -94.461  -21.345 0.8000000119
1167  13.529  -97.220  -27.770 0.8000000119
573  12.684  -99.429  -26.779 0.8000000119
10662  1.689  -82.852  -32.536 0.5000000000
2585  21.876  -93.522  -33.679 0.5000000000
3852  24.434  -92.470  -36.286 0.5000000000
829  13.096  -98.692  -27.132 0.8000000119
356  12.219  -100.283  -26.672 0.8000000119
46  13.987  -101.387  -26.818 0.8000000119
224  17.442  -100.479  -31.094 1.0000000000
237  18.534  -100.419  -32.083 0.8999999762
431  19.276  -100.076  -32.430 0.8999999762
14149  1.445  -79.387  -32.111 0.6999999881
14208  0.436  -79.747  -33.222 0.6999999881
655  20.887  -98.875  -32.865 0.8999999762
1639  20.778  -96.271  -33.505 0.8999999762
930  22.268  -97.625  -33.207 0.8999999762
921  22.824  -97.683  -32.857 0.8999999762
1666  23.353  -95.665  -34.295 0.8000000119
346  13.004  -100.106  -25.361 0.8000000119
13276  1.388  -79.413  -31.024 0.8000000119
428  21.092  -99.216  -32.085 0.8999999762
647  23.222  -97.961  -32.019 0.8000000119
13356  3.339  -80.065  -37.123 0.8999999762
1268  25.473  -95.293  -35.405 0.6000000238
1256  24.124  -96.376  -33.940 0.6999999881
4904  1.989  -90.219  -16.720 0.6000000238
343  16.754  -100.001  -26.804 0.8999999762
622  23.293  -98.247  -30.627 0.8000000119
896  23.642  -97.863  -31.391 0.8000000119
2140  27.693  -93.860  -36.990 0.8999999762
2158  26.227  -93.612  -37.912 0.8000000119
884  25.299  -96.842  -29.734 0.6000000238
1219  24.535  -97.034  -31.171 0.6999999881
2174  26.041  -93.284  -38.651 0.6999999881
12369  2.760  -81.714  -28.602 1.0000000000
14253  3.088  -79.028  -35.704 0.8999999762
2621  28.679  -93.699  -35.360 0.8000000119
1594  26.463  -95.810  -30.421 0.6000000238
1193  26.216  -96.432  -29.211 0.5000000000
10752  6.326  -83.062  -38.731 0.6999999881
5521  1.717  -89.544  -15.235 0.5000000000
3209  29.644  -92.871  -34.899 0.8000000119
2599  29.129  -93.689  -34.198 0.8000000119
2571  28.827  -93.787  -31.288 0.6999999881
2690  26.804  -93.095  -40.494 1.0000000000
4844  1.878  -90.145  -13.566 0.6999999881
5506  1.757  -89.301  -14.485 0.6000000238
6997  1.040  -87.268  -15.794 0.2000000030
8715  0.926  -85.200  -16.170 0.2000000030
8734  0.805  -85.493  -17.292 0.1000000015
4466  29.695  -91.301  -35.568 0.6999999881
9025  7.039  -85.010  -39.062 0.6000000238
9898  8.799  -84.721  -40.032 0.8999999762
5473  1.808  -89.438  -12.729 0.6999999881
14101  -1.373  -79.002  -28.043 0.6999999881
3819  30.081  -92.387  -34.396 0.6999999881
5226  25.081  -89.910  -45.783 0.6999999881
12337  4.686  -81.487  -25.587 0.8999999762
13185  2.995  -80.947  -24.010 0.8999999762
5831  27.877  -89.824  -40.588 0.8000000119
12574  8.379  -81.350  -39.678 0.8999999762
17838  1.955  -75.490  -31.347 0.8000000119
5841  27.459  -88.822  -41.777 0.6999999881
6571  27.294  -88.674  -42.808 0.8999999762
6612  20.738  -88.359  -45.684 0.4000000060
15023  6.486  -78.206  -25.235 0.6999999881
14060  7.452  -78.894  -24.137 0.6000000238
15007  7.782  -78.489  -24.567 0.5000000000
15010  2.343  -78.565  -23.603 1.0000000000
18842  1.935  -74.824  -30.150 0.8000000119
7294  17.142  -88.147  -36.558 0.8000000119
7296  15.847  -87.236  -36.638 0.8999999762
6561  27.642  -88.160  -42.021 0.6999999881
9057  25.573  -85.112  -42.043 0.6000000238
8137  14.278  -86.055  -37.557 0.8999999762
8990  12.131  -85.629  -36.388 0.8000000119
17943  4.595  -75.114  -35.996 0.8000000119
8216  24.818  -86.495  -43.455 0.8000000119
8225  24.485  -86.544  -44.450 0.8000000119
8205  25.368  -86.014  -42.870 0.6999999881
8206  22.234  -85.933  -41.941 0.6999999881
8181  22.171  -86.862  -40.822 0.6999999881
7330  15.188  -87.160  -38.312 0.8000000119
8139  12.656  -86.088  -37.596 0.8999999762
8153  12.276  -86.798  -38.141 0.8999999762
8126  11.929  -86.723  -36.428 0.8999999762
5151  9.908  -90.226  -37.669 0.8999999762
6493  11.128  -88.620  -36.257 0.8999999762
7298  8.908  -87.932  -37.077 0.8999999762
6476  8.985  -88.280  -35.753 1.0000000000
7348  13.957  -86.468  -39.295 0.8999999762
8168  11.959  -87.107  -39.226 0.8000000119
5825  9.185  -89.656  -39.198 0.6999999881
8141  9.371  -86.611  -38.288 1.0000000000
7420  25.615  -87.081  -46.376 0.8999999762
6554  16.176  -88.425  -40.404 0.8000000119
6567  15.439  -88.358  -41.348 0.8000000119
8195  12.717  -86.528  -40.269 0.8999999762
8184  11.745  -87.260  -40.291 0.8999999762
8196  12.170  -86.738  -40.667 0.8999999762
5824  11.545  -89.545  -39.192 0.8999999762
6557  11.400  -88.711  -39.875 0.8999999762
8234  15.760  -87.412  -44.959 0.6000000238
4169  2.221  -91.478  -11.477 0.8999999762
14992  9.750  -78.625  -23.399 0.4000000060
15936  8.734  -77.949  -25.891 0.4000000060
15889  8.989  -78.106  -21.698 0.6000000238
14024  7.142  -79.241  -22.060 0.8999999762
14040  4.562  -79.699  -22.159 0.8999999762
15955  8.272  -77.456  -26.471 0.4000000060
18755  1.009  -74.990  -24.315 1.0000000000
21128  3.990  -72.840  -34.153 0.5000000000
7361  22.205  -87.159  -40.329 0.6999999881
6522  20.931  -88.676  -38.694 0.6000000238
8096  10.589  -86.454  -34.632 0.8000000119
8111  11.520  -86.516  -35.638 0.8000000119
18940  4.828  -74.668  -36.293 0.6999999881
6473  11.050  -87.880  -35.444 0.8999999762
7280  9.646  -87.442  -34.847 1.0000000000
8114  8.975  -86.460  -34.914 1.0000000000
8991  9.056  -85.780  -36.672 1.0000000000
7375  19.608  -87.757  -41.913 0.8000000119
9930  23.941  -85.464  -43.529 0.8000000119
6565  17.637  -88.260  -41.452 0.6999999881
6574  17.977  -88.036  -42.364 0.8000000119
6577  14.973  -88.117  -41.981 0.8999999762
13397  9.405  -80.251  -39.083 0.8000000119
7816  1.753  -86.924  -14.051 0.2000000030
16905  8.175  -76.265  -28.376 0.4000000060
16795  2.251  -76.584  -21.704 1.0000000000
21061  2.617  -73.050  -30.889 0.6000000238
7328  21.898  -88.284  -38.852 0.6000000238
6535  20.784  -88.280  -39.720 0.6999999881
9081  20.133  -85.873  -43.981 0.8000000119
7376  19.136  -87.773  -42.088 0.8000000119
6575  16.936  -88.428  -42.444 0.8999999762
6576  15.595  -88.349  -42.524 0.8000000119
15248  9.004  -78.524  -38.574 0.8000000119
9088  19.792  -86.059  -44.396 0.6999999881
4775  2.645  -91.023  -8.761 0.8000000119
7840  1.372  -85.881  -15.208 0.2000000030
8714  1.330  -84.814  -15.960 0.2000000030
7814  3.430  -86.702  -13.713 0.3000000119
15916  9.881  -76.950  -22.698 0.3000000119
15909  7.933  -76.942  -21.605 0.6000000238
15891  6.622  -77.507  -20.934 0.8999999762
16777  2.870  -76.583  -20.405 0.8999999762
18734  -0.600  -74.663  -22.821 0.8999999762
4761  3.814  -90.898  -7.441 0.8999999762
17737  11.248  -75.551  -25.224 0.2000000030
19818  2.013  -73.413  -21.241 1.0000000000
20928  0.500  -72.543  -21.392 1.0000000000
23304  9.336  -70.823  -30.896 0.4000000060
20915  -0.429  -72.660  -20.622 0.8999999762
5402  2.705  -90.210  -7.425 0.8000000119
17668  3.990  -75.315  -18.972 0.8999999762
21970  0.633  -71.509  -19.674 1.0000000000
20913  1.010  -72.108  -20.669 1.0000000000
5387  4.279  -89.607  -6.037 0.8999999762
5389  2.744  -89.523  -6.618 0.8000000119
5377  3.567  -89.463  -5.572 0.8000000119
17754  7.650  -74.960  -24.875 0.4000000060
18730  5.543  -74.405  -22.286 0.6999999881
20890  1.795  -72.065  -18.326 1.0000000000
19778  1.667  -72.507  -20.241 1.0000000000
17655  4.510  -74.904  -18.573 0.8999999762
6861  2.339  -87.956  -5.274 0.8999999762
17743  6.089  -74.941  -23.411 0.6999999881
19776  5.933  -73.392  -19.227 0.8999999762
9487  2.216  -84.746  -10.551 0.4000000060
18753  5.847  -74.493  -24.093 0.6000000238
18742  5.085  -73.876  -23.271 0.6999999881
19816  5.383  -73.298  -21.669 0.8999999762
18770  5.398  -74.118  -24.551 0.4000000060
19872  3.712  -73.076  -25.647 0.4000000060
19857  4.251  -73.766  -24.548 0.6000000238
20956  4.091  -72.800  -23.425 0.6999999881
20957  3.383  -72.777  -24.037 0.6999999881
19874  2.410  -72.668  -26.077 0.5000000000
20970  2.642  -72.932  -24.857 0.6999999881
20927  4.883  -72.288  -21.953 0.8999999762
20926  5.389  -72.307  -21.124 0.8999999762
20912  5.779  -72.153  -20.400 0.8999999762
22015  2.221  -71.412  -22.687 0.6999999881
23101  4.263  -70.684  -18.769 0.8999999762
23071  3.624  -70.546  -16.621 0.8999999762
23133  3.096  -70.845  -20.913 0.8999999762
23073  1.764  -70.449  -16.825 1.0000000000
23135  1.457  -70.465  -21.689 0.8999999762
24264  2.559  -69.302  -19.401 0.8999999762
18675  -0.119  -74.534  -18.779 0.5000000000
17656  0.141  -75.507  -18.645 0.3000000119
24278  2.107  -69.736  -19.998 0.8999999762
24228  1.192  -69.574  -16.807 0.8999999762
18658  0.286  -74.470  -17.456 0.3000000119
25432  0.956  -68.359  -20.626 0.8999999762
12932  1.357  -79.985  -5.038 0.8999999762
13824  0.707  -79.732  -6.761 0.5000000000
16494  1.625  -76.067  -2.237 0.8999999762
15687  0.098  -77.317  -5.868 0.6000000238
32027  1.033  -62.078  -18.418 0.6999999881
30964  0.013  -63.569  -17.318 0.6000000238
29823  -0.148  -64.640  -16.010 0.4000000060
34044  1.723  -60.787  -20.251 0.8000000119
32026  1.922  -62.134  -18.110 0.6000000238
31038  3.183  -63.348  -22.012 1.0000000000
33071  2.261  -61.576  -21.622 1.0000000000
22879  1.112  -70.876  -5.952 0.8000000119
33001  2.254  -61.555  -18.627 0.6999999881
24031  0.410  -70.192  -6.445 0.6000000238
33018  4.266  -60.785  -18.863 0.4000000060
32023  4.221  -61.922  -18.850 0.4000000060
35167  2.888  -59.876  -20.454 0.6000000238
25211  2.037  -69.178  -7.011 0.8000000119
27591  6.880  -65.699  -14.635 0.4000000060
30938  7.916  -64.002  -16.016 0.6999999881
30914  8.274  -63.217  -14.319 0.6000000238
30912  10.118  -63.311  -14.291 0.8000000119
30902  6.902  -63.465  -13.196 0.6000000238
30883  8.430  -62.960  -12.398 0.8000000119
32021  10.454  -62.010  -18.025 0.8000000119
30981  9.983  -62.754  -17.988 0.8000000119
32971  11.140  -61.428  -17.159 0.8999999762
32002  10.678  -61.681  -17.350 0.8999999762
32996  11.359  -61.253  -18.277 0.8999999762
32022  9.937  -62.581  -17.593 0.8999999762
32003  9.980  -62.263  -16.995 0.8999999762
31966  11.742  -62.784  -15.786 0.8000000119
31985  12.997  -62.046  -16.342 0.8000000119
32969  12.481  -61.478  -16.794 0.8999999762
34020  11.730  -60.868  -18.182 0.8999999762
33012  11.876  -60.990  -19.161 0.8000000119
34018  12.779  -60.095  -18.435 0.8000000119
34035  12.326  -60.707  -19.131 0.8000000119
35099  13.765  -59.396  -17.481 0.8999999762
34034  12.878  -60.271  -19.227 0.8000000119
33993  13.503  -60.843  -16.919 0.8000000119
33992  13.908  -60.307  -16.828 0.8000000119
32967  13.963  -61.231  -16.477 0.6999999881
31984  13.792  -61.886  -16.260 0.8000000119
35091  14.479  -59.455  -16.658 0.8000000119
34129  6.589  -60.772  -23.182 1.0000000000
35090  15.284  -59.535  -16.323 0.3000000119
37435  14.984  -57.923  -17.244 0.8000000119
36283  15.429  -58.080  -16.897 0.6999999881
36276  15.446  -58.797  -16.504 0.4000000060
36277  14.899  -59.025  -16.539 0.8000000119
37434  15.446  -57.659  -17.511 0.6999999881
36282  16.162  -57.754  -17.131 0.5000000000
37418  17.805  -57.076  -16.897 0.3000000119
37432  17.065  -57.115  -17.377 0.5000000000
37433  16.256  -57.259  -17.876 0.6000000238
39623  18.415  -55.181  -15.316 0.1000000015
41928  18.054  -54.121  -14.901 0.1000000015
41918  17.235  -53.786  -13.780 0.1000000015
40842  18.057  -54.640  -16.705 0.4000000060
41965  17.998  -54.054  -17.019 0.4000000060
37382  18.948  -56.708  -14.999 0.1000000015
37417  18.318  -56.810  -16.334 0.2000000030
44164  15.271  -51.434  -15.293 0.2000000030
43046  17.042  -52.032  -16.982 0.3000000119
40878  19.998  -54.891  -20.367 0.6999999881
40877  20.436  -55.060  -20.044 1.0000000000
40867  19.416  -54.221  -20.102 0.6999999881
43061  16.929  -52.247  -17.931 0.2000000030
44187  16.459  -51.655  -17.509 0.2000000030
44188  15.969  -51.094  -17.019 0.1000000015
45306  14.548  -51.074  -15.744 0.2000000030
38647  6.791  -56.630  -23.230 0.8000000119
41995  19.487  -53.598  -19.384 0.6999999881
43092  18.235  -52.571  -19.456 0.5000000000
43075  19.091  -52.626  -18.909 0.6000000238
44227  18.006  -51.865  -19.790 0.4000000060
39674  23.055  -55.341  -19.164 1.0000000000
40864  23.504  -54.233  -19.872 1.0000000000
42030  8.279  -53.624  -23.722 0.6999999881
40943  6.710  -55.363  -24.988 0.6999999881
40942  7.411  -54.876  -25.200 0.6999999881
45355  18.211  -51.165  -19.040 0.4000000060
44214  18.242  -51.820  -19.408 0.4000000060
44200  18.649  -51.751  -18.811 0.5000000000
44291  9.368  -51.714  -25.708 0.5000000000
44213  22.079  -51.416  -19.242 0.6999999881
43102  23.779  -52.360  -20.685 0.6999999881
44224  24.091  -51.752  -21.025 0.6999999881
43111  24.427  -52.005  -22.062 0.6999999881
44269  9.494  -51.705  -23.585 0.6999999881
45412  8.260  -50.795  -24.187 0.5000000000
46495  10.515  -49.600  -26.371 0.4000000060
44236  24.423  -51.532  -21.649 0.6999999881
45379  24.405  -50.662  -21.779 0.6000000238
44265  19.430  -51.664  -24.088 0.6000000238
44276  18.910  -51.382  -24.757 0.4000000060
44286  16.121  -51.663  -25.237 0.5000000000
45438  8.191  -51.575  -24.783 0.6000000238
46452  8.773  -49.999  -24.123 0.6000000238
47587  9.128  -48.737  -24.611 0.5000000000
47607  9.099  -49.263  -24.688 0.5000000000
46482  9.430  -49.905  -25.313 0.4000000060
46496  9.924  -49.995  -25.757 0.4000000060
48835  20.328  -48.238  -19.747 0.4000000060
46466  19.215  -50.230  -25.055 0.2000000030
46475  18.947  -49.608  -25.302 0.3000000119
45431  16.756  -50.787  -25.413 0.5000000000
46492  15.490  -49.215  -26.231 0.5000000000
46481  13.054  -49.772  -25.933 0.6000000238
47637  14.950  -48.577  -26.367 0.6000000238
48897  10.998  -47.910  -24.550 0.4000000060
48883  8.462  -47.551  -24.719 0.4000000060
47626  8.671  -48.498  -25.080 0.3000000119
47625  9.247  -49.128  -25.060 0.3000000119
47658  10.759  -48.651  -26.958 0.2000000030
46463  21.764  -49.008  -24.461 0.5000000000
46491  16.303  -49.140  -26.314 0.5000000000
48928  15.035  -47.625  -26.783 0.4000000060
48929  14.328  -48.061  -26.328 0.4000000060
48914  13.710  -47.514  -26.296 0.5000000000
50162  12.592  -46.452  -25.560 0.5000000000
50145  11.373  -46.797  -24.722 0.4000000060
50121  19.940  -46.466  -21.376 0.2000000030
48874  23.484  -47.707  -22.049 0.4000000060
47603  20.617  -48.752  -25.097 0.5000000000
48926  17.181  -47.411  -26.898 0.5000000000
50160  13.967  -46.809  -26.492 0.4000000060
50161  13.342  -46.653  -26.194 0.4000000060
51252  11.963  -45.954  -24.933 0.3000000119
51254  10.220  -45.514  -24.860 0.3000000119
52344  11.708  -44.843  -25.140 0.3000000119
51255  9.863  -45.383  -25.198 0.3000000119
51284  10.407  -45.764  -26.237 0.2000000030
52310  18.054  -44.429  -21.740 0.1000000015
51246  22.996  -45.540  -23.470 0.4000000060
52339  21.040  -43.519  -22.894 0.2000000030
48892  22.716  -47.196  -24.685 0.4000000060
51251  22.505  -45.468  -25.118 0.4000000060
53393  10.378  -43.883  -25.635 0.3000000119
52357  9.870  -44.428  -26.083 0.3000000119
51285  10.142  -45.118  -26.173 0.2000000030
52397  10.301  -44.227  -27.024 0.1000000015
52337  22.700  -44.626  -23.767 0.4000000060
52342  22.613  -44.569  -24.759 0.4000000060
53389  22.257  -43.794  -24.999 0.3000000119
53382  20.599  -42.694  -23.155 0.2000000030
48910  21.846  -47.032  -25.380 0.4000000060
50158  21.336  -46.372  -25.764 0.4000000060
51282  16.056  -45.435  -27.290 0.3000000119
52374  15.670  -44.316  -27.101 0.3000000119
53410  9.916  -43.814  -25.828 0.3000000119
19819  1.319  -72.956  -21.755 1.0000000000
6579  10.901  -88.380  -42.426 0.8000000119
7379  11.876  -86.887  -41.458 0.6999999881
6587  13.402  -87.850  -44.159 0.5000000000
6604  14.296  -88.670  -45.516 0.3000000119
7412  13.869  -87.203  -44.633 0.5000000000
5223  13.823  -90.578  -45.524 0.1000000015
6619  14.736  -89.237  -45.751 0.4000000060
7380  11.303  -87.683  -41.305 0.8000000119
5842  10.943  -89.302  -41.044 0.8000000119
5183  10.398  -90.569  -41.187 0.4000000060
5195  8.423  -91.098  -42.484 0.2000000030
5184  9.556  -90.783  -41.470 0.4000000060
4606  17.321  -91.265  -46.450 0.2000000030
5232  15.887  -90.426  -45.918 0.1000000015
6617  16.381  -88.728  -45.729 0.5000000000
7429  16.091  -88.109  -45.465 0.5000000000
5229  18.152  -90.066  -46.449 0.3000000119
5231  16.710  -90.456  -46.226 0.3000000119
5888  16.801  -89.569  -46.003 0.3000000119
6614  18.964  -88.579  -45.958 0.4000000060
6615  18.123  -88.635  -46.066 0.5000000000
5887  17.717  -89.414  -46.274 0.4000000060
6616  17.264  -88.694  -45.951 0.5000000000
7428  16.888  -88.018  -45.728 0.6000000238
76  18.792  -100.550  -30.665 0.8000000119
5173  11.246  -90.391  -39.579 0.6999999881
5175  9.834  -91.002  -40.359 0.4000000060
5185  8.473  -90.710  -41.641 0.2000000030
5186  7.551  -90.737  -42.180 0.3000000119
5845  6.994  -90.055  -41.498 0.3000000119
4548  6.615  -91.559  -41.982 0.3000000119
5177  6.205  -90.629  -40.961 0.3000000119
4537  5.766  -91.648  -40.390 0.2000000030
4607  16.478  -91.385  -46.333 0.1000000015
7426  18.528  -87.903  -45.863 0.5000000000
7427  17.801  -88.112  -45.967 0.6000000238
535  14.479  -99.206  -23.987 0.6999999881
549  13.991  -98.778  -24.603 0.6999999881
536  13.916  -99.442  -24.595 0.6999999881
777  17.124  -98.830  -22.915 0.6000000238
324  14.847  -100.018  -24.117 0.6999999881
520  16.322  -99.387  -23.263 0.6999999881
323  15.447  -100.093  -23.938 0.6999999881
69  17.779  -100.588  -29.845 0.8000000119
209  19.273  -100.340  -30.616 0.8000000119
194  19.523  -100.186  -30.176 0.8000000119
5150  10.493  -90.365  -37.566 0.6999999881
5166  9.709  -90.779  -39.255 0.6000000238
5165  10.656  -90.943  -39.202 0.6999999881
5167  9.224  -90.374  -39.962 0.6000000238
5836  7.350  -89.457  -40.918 0.4000000060
5837  6.474  -89.856  -40.613 0.2000000030
5168  5.317  -90.650  -39.656 0.2000000030
5827  6.308  -89.376  -39.838 0.2000000030
5829  4.976  -90.052  -39.158 0.2000000030
5169  4.852  -90.661  -39.154 0.1000000015
5820  4.777  -89.769  -38.664 0.1000000015
791  14.462  -98.179  -24.241 0.6999999881
776  18.164  -98.568  -23.000 0.5000000000
1097  16.116  -97.905  -23.160 0.6999999881
790  15.331  -98.317  -23.565 0.6999999881
137  15.010  -100.524  -24.346 0.6999999881
518  17.614  -99.175  -23.408 0.6000000238
519  16.844  -99.348  -23.321 0.6000000238
312  16.373  -99.740  -23.583 0.6999999881
135  15.892  -100.181  -24.253 0.6000000238
142  15.697  -100.259  -24.944 0.8000000119
515  20.207  -97.994  -23.424 0.4000000060
775  19.028  -98.265  -23.073 0.4000000060
530  20.029  -98.420  -23.753 0.4000000060
531  19.240  -98.821  -23.732 0.6000000238
532  18.309  -99.111  -23.788 0.6000000238
321  17.157  -99.504  -23.950 0.6000000238
160  16.922  -100.370  -27.580 0.8000000119
169  17.999  -100.205  -28.792 0.8000000119
181  18.731  -100.283  -29.749 0.8000000119
373  19.765  -99.409  -29.252 0.6999999881
221  20.073  -99.932  -31.208 0.8000000119
193  20.590  -99.803  -30.126 0.6999999881
179  20.240  -99.682  -29.696 0.6999999881
417  20.753  -99.530  -31.707 0.8000000119
372  20.979  -99.349  -29.677 0.6999999881
598  20.772  -98.659  -29.130 0.6999999881
859  20.062  -98.199  -28.951 0.5000000000
858  20.844  -97.924  -28.818 0.5000000000
5826  8.753  -89.543  -40.169 0.6000000238
6544  8.277  -88.555  -40.211 0.5000000000
5835  8.124  -89.659  -40.822 0.3000000119
4523  5.299  -91.473  -39.557 0.2000000030
7369  7.659  -87.800  -40.064 0.4000000060
6558  7.754  -88.629  -40.363 0.5000000000
6545  6.918  -88.312  -39.751 0.3000000119
5161  4.329  -90.701  -38.185 0.1000000015
7353  7.315  -87.483  -39.731 0.3000000119
6547  5.753  -89.052  -39.052 0.2000000030
6533  4.868  -89.322  -38.469 0.1000000015
7334  6.252  -87.620  -38.603 0.3000000119
7354  6.819  -87.755  -39.312 0.3000000119
816  13.914  -97.728  -25.303 0.6999999881
1095  17.819  -97.944  -22.882 0.4000000060
1108  15.079  -97.539  -24.103 0.6999999881
1121  14.432  -97.233  -24.879 0.6999999881
1092  20.147  -97.316  -22.809 0.4000000060
774  19.802  -97.900  -23.087 0.4000000060
1106  16.514  -97.385  -23.155 0.5000000000
1107  15.894  -97.236  -23.631 0.6999999881
803  17.634  -98.702  -25.348 0.6000000238
333  16.222  -99.756  -25.029 0.6000000238
153  16.125  -100.264  -25.935 0.6999999881
761  22.195  -96.880  -22.477 0.3000000119
762  21.686  -97.017  -22.650 0.3000000119
772  21.311  -97.412  -23.159 0.4000000060
801  19.472  -98.631  -24.818 0.6000000238
802  18.440  -98.648  -25.001 0.5000000000
559  16.889  -99.118  -25.777 0.6000000238
344  16.623  -99.868  -26.504 0.6999999881
364  17.556  -99.750  -27.916 0.6999999881
842  17.322  -98.609  -28.121 0.5000000000
789  21.340  -97.690  -23.602 0.4000000060
544  20.596  -98.325  -24.037 0.3000000119
545  19.846  -98.735  -24.169 0.4000000060
812  19.935  -98.173  -25.373 0.4000000060
1146  19.708  -97.150  -26.400 0.4000000060
814  18.089  -98.198  -25.899 0.5000000000
1148  17.656  -97.592  -27.142 0.4000000060
843  17.115  -97.990  -27.799 0.5000000000
353  17.635  -100.026  -28.192 0.6999999881
601  18.213  -99.033  -28.423 0.5000000000
770  22.680  -96.799  -22.749 0.3000000119
788  21.892  -97.438  -23.401 0.4000000060
798  21.979  -97.535  -23.807 0.3000000119
1118  21.267  -97.539  -25.163 0.4000000060
1127  21.008  -97.131  -25.835 0.3000000119
1128  20.393  -97.507  -25.852 0.4000000060
861  17.995  -98.539  -28.660 0.5000000000
1104  22.932  -96.779  -23.019 0.3000000119
1502  22.016  -96.792  -25.045 0.3000000119
600  18.798  -98.893  -28.592 0.6000000238
599  19.660  -98.839  -28.863 0.6000000238
1196  19.196  -97.232  -29.779 0.4000000060
207  20.691  -99.690  -30.725 0.8000000119
1194  20.545  -97.109  -29.228 0.6000000238
597  21.888  -98.624  -29.501 0.6999999881
596  22.697  -98.475  -29.824 0.6999999881
857  21.912  -97.866  -28.807 0.5000000000
1177  21.096  -97.188  -28.905 0.6000000238
6530  9.192  -88.371  -38.702 0.8000000119
7352  8.482  -87.518  -39.916 0.6000000238
5153  3.915  -90.774  -37.366 0.1000000015
6515  4.692  -89.145  -38.037 0.1000000015
7335  5.658  -88.252  -38.264 0.2000000030
2022  13.754  -95.562  -28.070 0.6999999881
1120  15.317  -96.686  -24.334 0.6999999881
1517  14.366  -96.370  -25.734 0.6999999881
1093  19.350  -97.586  -22.912 0.4000000060
1480  17.500  -97.178  -22.925 0.5000000000
1492  15.998  -96.156  -23.904 0.6999999881
571  16.984  -99.406  -27.144 0.6000000238
1531  19.334  -96.638  -26.935 0.4000000060
1550  18.792  -96.457  -27.505 0.4000000060
1551  18.038  -96.582  -27.952 0.4000000060
1117  22.175  -97.298  -24.288 0.3000000119
1529  20.768  -96.281  -26.489 0.3000000119
1530  20.143  -96.555  -26.618 0.3000000119
2020  18.910  -95.766  -28.135 0.4000000060
1166  17.532  -97.130  -27.951 0.5000000000
1181  17.556  -97.529  -28.867 0.5000000000
1515  21.491  -96.407  -25.950 0.3000000119
1180  18.571  -97.805  -29.257 0.4000000060
1179  19.553  -97.735  -29.251 0.4000000060
1580  18.946  -96.592  -30.180 0.4000000060
2059  19.911  -95.492  -30.353 0.4000000060
2046  20.501  -96.046  -30.082 0.4000000060
2045  21.329  -95.398  -29.781 0.4000000060
1578  20.712  -96.559  -29.543 0.4000000060
1164  22.634  -97.123  -28.400 0.6000000238
1563  22.373  -96.284  -28.553 0.5000000000
1564  21.546  -96.372  -29.037 0.4000000060
9816  14.063  -84.628  -34.998 0.6999999881
7315  9.221  -87.636  -37.911 0.8000000119
7351  8.997  -87.321  -39.409 0.6999999881
5154  3.679  -90.913  -36.878 0.1000000015
8172  6.969  -86.619  -39.071 0.4000000060
6514  5.158  -88.460  -37.777 0.1000000015
5814  3.724  -90.453  -36.932 0.1000000015
9043  7.049  -85.708  -39.017 0.5000000000
8142  5.906  -86.482  -37.892 0.4000000060
6497  5.104  -88.057  -37.246 0.1000000015
6498  4.496  -88.665  -36.942 0.1000000015
7317  5.582  -87.425  -37.643 0.2000000030
2037  11.844  -95.285  -28.266 0.6999999881
2542  13.167  -94.818  -28.509 0.6999999881
2525  14.045  -95.081  -27.408 0.6999999881
2004  21.037  -95.655  -26.697 0.4000000060
2018  20.113  -95.551  -27.358 0.4000000060
2019  19.501  -95.648  -27.701 0.4000000060
2034  18.199  -95.958  -28.780 0.4000000060
1198  17.856  -96.748  -29.346 0.4000000060
1514  22.279  -96.110  -25.299 0.2000000030
1992  21.574  -95.365  -26.379 0.2000000030
2523  20.156  -94.768  -27.735 0.4000000060
2524  19.573  -95.033  -28.054 0.4000000060
2032  19.236  -95.274  -28.276 0.4000000060
1598  18.576  -95.653  -30.189 0.4000000060
2493  21.897  -94.725  -26.282 0.3000000119
2508  21.239  -94.581  -27.115 0.4000000060
3115  20.388  -94.042  -27.979 0.4000000060
2540  19.515  -94.545  -28.608 0.4000000060
2555  19.297  -94.385  -29.475 0.4000000060
2564  20.189  -94.425  -30.444 0.4000000060
2563  21.140  -94.217  -30.441 0.4000000060
2058  20.637  -94.890  -30.354 0.4000000060
2030  22.574  -95.266  -28.884 0.4000000060
2562  22.012  -93.704  -30.295 0.4000000060
1548  23.091  -96.541  -28.178 0.5000000000
2029  23.208  -95.130  -28.212 0.4000000060
2044  22.243  -94.702  -29.536 0.4000000060
2537  23.592  -94.483  -28.616 0.4000000060
9803  13.622  -84.164  -34.419 0.8000000119
8110  14.774  -85.721  -35.698 0.8000000119
9802  14.510  -84.659  -34.231 0.6999999881
9024  9.317  -85.703  -39.022 0.8000000119
5793  3.721  -89.064  -36.227 0.1000000015
9042  7.492  -85.737  -39.498 0.6999999881
6477  4.028  -88.330  -36.107 0.1000000015
9026  6.417  -85.504  -38.513 0.4000000060
8129  5.279  -86.841  -36.904 0.2000000030
9865  6.541  -84.272  -38.789 0.5000000000
8143  5.561  -86.452  -37.343 0.4000000060
8993  5.166  -86.008  -36.614 0.2000000030
9866  5.963  -84.732  -38.131 0.4000000060
9837  5.097  -84.931  -36.841 0.4000000060
1073  7.016  -98.087  -20.962 0.8999999762
486  6.616  -99.086  -18.706 0.8999999762
494  6.474  -99.166  -19.669 0.8999999762
479  6.371  -98.888  -18.132 0.8999999762
742  4.710  -98.769  -18.596 0.8999999762
3101  21.700  -93.420  -27.214 0.4000000060
3129  20.940  -93.035  -28.305 0.4000000060
3130  20.275  -93.533  -28.624 0.4000000060
3141  20.072  -93.348  -29.519 0.4000000060
3766  20.450  -92.800  -29.675 0.4000000060
3150  19.842  -94.027  -30.347 0.4000000060
3149  20.437  -93.409  -30.279 0.4000000060
3148  21.457  -93.200  -30.506 0.4000000060
2538  22.863  -94.492  -29.251 0.4000000060
2553  22.662  -94.056  -29.884 0.4000000060
3139  23.457  -93.367  -30.024 0.4000000060
3146  22.975  -92.978  -30.468 0.4000000060
10698  11.932  -84.151  -34.017 0.8000000119
9787  14.772  -84.420  -33.179 0.6000000238
9788  14.122  -84.258  -33.793 0.6000000238
10696  12.958  -83.792  -34.083 0.8000000119
8973  8.753  -85.295  -34.663 0.8999999762
8992  8.817  -85.303  -35.702 0.8999999762
9808  8.819  -84.469  -34.141 0.8999999762
9880  9.166  -84.694  -39.536 0.8000000119
7284  3.627  -87.709  -35.260 0.1000000015
6478  3.394  -88.422  -35.388 0.1000000015
8116  4.511  -86.920  -35.807 0.1000000015
7283  4.079  -87.595  -35.681 0.1000000015
8994  4.847  -85.262  -36.115 0.2000000030
7282  4.593  -87.344  -36.156 0.1000000015
1396  6.572  -96.417  -14.320 0.8999999762
1406  6.050  -96.408  -15.462 0.8999999762
1085  6.974  -97.293  -21.157 0.8999999762
1458  7.347  -96.325  -20.282 0.8999999762
1072  7.283  -97.437  -20.352 0.8999999762
1875  5.987  -95.449  -15.537 0.8999999762
1062  7.581  -97.684  -19.407 0.8999999762
758  6.739  -98.788  -20.441 0.8999999762
740  7.480  -98.450  -18.624 0.8999999762
716  7.450  -98.590  -16.632 0.8999999762
485  7.060  -98.991  -18.609 0.8999999762
729  5.962  -98.562  -17.494 0.8999999762
752  3.845  -98.295  -19.262 0.8999999762
4402  22.268  -91.548  -30.463 0.4000000060
3772  21.890  -92.377  -30.546 0.4000000060
4401  23.086  -91.319  -30.573 0.4000000060
5068  23.926  -90.615  -30.410 0.3000000119
10676  14.368  -83.842  -32.571 0.6000000238
8921  15.663  -84.809  -32.779 0.5000000000
10678  12.604  -83.642  -33.497 0.6000000238
8937  15.564  -85.085  -33.366 0.6999999881
10680  10.684  -83.923  -33.269 0.6999999881
9792  9.315  -84.263  -33.719 0.8000000119
10699  9.087  -83.206  -33.821 0.6999999881
9820  8.454  -84.307  -34.985 0.8000000119
10710  8.333  -83.199  -35.273 0.8000000119
9836  8.793  -83.944  -35.957 0.8000000119
10735  9.664  -83.056  -37.830 0.8999999762
6459  2.842  -88.367  -34.483 0.1000000015
7263  3.761  -87.286  -35.191 0.1000000015
8958  4.140  -86.297  -35.013 0.1000000015
9851  5.414  -84.336  -37.477 0.3000000119
9838  4.726  -84.383  -36.157 0.3000000119
10736  5.100  -83.256  -37.212 0.4000000060
1375  8.174  -96.219  -13.200 0.8000000119
1839  9.445  -95.250  -11.876 0.8000000119
1849  8.951  -95.800  -12.599 0.8000000119
1008  7.496  -96.991  -13.960 0.8000000119
1016  6.756  -97.109  -14.521 0.8999999762
1387  6.781  -96.028  -13.795 0.8000000119
2413  7.853  -94.762  -19.889 0.8999999762
2381  5.320  -95.638  -16.681 0.8999999762
1921  7.696  -95.631  -19.657 0.8999999762
1908  8.125  -96.086  -18.829 0.8999999762
1434  7.862  -96.921  -19.019 0.8999999762
1920  8.255  -95.340  -18.984 0.8000000119
1907  8.612  -95.785  -18.291 0.8000000119
1052  8.044  -97.701  -18.421 0.8999999762
2392  5.297  -94.841  -16.954 0.8999999762
727  7.645  -98.695  -17.588 0.8999999762
2393  4.751  -95.250  -17.001 0.8999999762
717  6.538  -98.261  -16.427 0.8999999762
2394  3.736  -94.912  -17.583 0.8999999762
2403  3.256  -94.663  -18.261 0.8000000119
2997  3.181  -93.938  -18.383 0.8000000119
1445  3.252  -96.481  -19.175 0.6999999881
3697  3.112  -93.090  -23.282 0.4000000060
2452  3.165  -94.070  -22.771 0.5000000000
3031  3.272  -93.155  -21.916 0.5000000000
9773  16.585  -84.312  -32.189 0.5000000000
9775  14.881  -84.095  -32.459 0.5000000000
10677  13.620  -83.803  -33.320 0.6000000238
10659  12.838  -83.253  -32.783 0.6000000238
11574  11.140  -83.151  -33.004 0.6000000238
11575  10.378  -82.864  -33.371 0.6000000238
12449  10.094  -81.820  -33.783 0.5000000000
12450  9.397  -82.163  -33.923 0.5000000000
10719  9.331  -83.333  -36.901 0.8000000119
11619  9.533  -82.358  -37.390 0.6999999881
11635  9.855  -82.194  -38.339 0.8000000119
6445  2.308  -88.751  -33.189 0.1000000015
7264  3.336  -87.577  -34.762 0.1000000015
7233  2.262  -87.914  -32.561 0.1000000015
9821  4.487  -84.896  -35.319 0.3000000119
8959  3.770  -86.081  -34.433 0.1000000015
10721  4.950  -84.037  -36.818 0.3000000119
1426  8.781  -96.657  -17.490 0.8000000119
1029  8.721  -97.530  -16.626 0.8999999762
718  5.866  -98.162  -16.780 0.8999999762
1909  3.279  -95.694  -18.291 0.8999999762
1922  3.053  -95.697  -19.069 0.6999999881
1032  4.948  -97.573  -16.861 0.8999999762
1435  3.640  -96.840  -18.207 0.8999999762
10656  15.985  -83.566  -31.761 0.5000000000
10634  14.386  -82.784  -31.461 0.5000000000
10658  13.779  -83.160  -32.157 0.5000000000
12432  12.839  -81.328  -32.066 0.4000000060
11560  12.968  -82.426  -32.096 0.5000000000
12433  12.125  -81.976  -32.449 0.4000000060
11561  11.964  -82.943  -32.690 0.6000000238
13307  10.865  -81.340  -33.681 0.4000000060
13322  11.253  -80.287  -34.008 0.4000000060
12463  9.089  -81.635  -34.267 0.6000000238
13324  9.362  -80.628  -34.521 0.6000000238
13340  8.699  -80.765  -35.244 0.6000000238
12464  8.498  -81.546  -34.959 0.6999999881
14251  9.254  -79.636  -34.833 0.6000000238
13355  8.735  -80.942  -35.937 0.6999999881
12501  9.267  -81.583  -36.850 0.6999999881
13354  9.047  -80.774  -36.415 0.6999999881
13368  9.423  -80.645  -37.346 0.6999999881
8941  3.225  -85.904  -33.657 0.1000000015
8084  2.698  -86.991  -33.328 0.1000000015
7220  1.918  -87.543  -31.541 0.1000000015
14294  9.375  -79.189  -38.451 0.6999999881
9822  4.104  -84.075  -34.882 0.2000000030
9809  4.237  -85.662  -34.899 0.1000000015
10722  4.573  -83.242  -36.260 0.4000000060
10711  4.409  -83.928  -35.551 0.3000000119
10737  4.770  -82.696  -36.820 0.4000000060
1376  7.723  -95.866  -13.168 0.8000000119
2329  10.523  -95.081  -12.302 0.8000000119
2321  11.013  -94.366  -11.418 0.6999999881
2985  4.411  -94.036  -17.465 0.8999999762
712  8.124  -98.216  -16.025 0.8999999762
1043  5.307  -98.123  -17.065 0.8999999762
10633  15.369  -82.845  -31.236 0.5000000000
12409  14.866  -81.259  -30.570 0.4000000060
11538  13.736  -82.180  -31.427 0.4000000060
13270  15.784  -80.631  -30.881 0.3000000119
12411  13.444  -81.515  -31.529 0.4000000060
14145  14.626  -79.509  -31.438 0.3000000119
14172  13.028  -80.025  -32.770 0.4000000060
12447  12.143  -81.218  -32.912 0.4000000060
14202  12.597  -79.759  -33.337 0.4000000060
14203  12.151  -80.270  -33.625 0.4000000060
14231  10.888  -79.732  -34.129 0.6000000238
15175  9.850  -78.794  -34.549 0.6000000238
16053  9.329  -77.908  -35.614 0.6000000238
15176  9.121  -78.690  -35.355 0.6000000238
14269  8.924  -79.736  -36.222 0.6999999881
9794  3.214  -84.453  -33.126 0.1000000015
8924  2.980  -85.373  -33.045 0.1000000015
8073  2.432  -86.628  -32.340 0.1000000015
7221  1.733  -87.884  -31.097 0.1000000015
15196  9.192  -78.448  -36.595 0.6000000238
14283  9.336  -79.435  -37.505 0.6999999881
11587  3.351  -82.594  -34.594 0.3000000119
10701  3.629  -83.566  -34.193 0.1000000015
9810  3.860  -84.932  -34.241 0.1000000015
16125  8.742  -77.697  -38.405 0.6000000238
15229  9.221  -78.303  -38.289 0.6000000238
11609  3.542  -81.610  -36.143 0.5000000000
10723  4.021  -82.405  -35.855 0.4000000060
1372  9.914  -95.987  -12.848 0.8000000119
1865  6.192  -95.652  -14.555 0.8999999762
2354  6.040  -94.685  -14.836 0.8999999762
1383  9.198  -96.697  -13.547 0.8000000119
2379  6.016  -94.421  -16.262 0.8999999762
1857  10.254  -95.648  -13.056 0.6999999881
1007  8.105  -97.190  -13.961 0.8000000119
2984  5.423  -94.123  -17.134 0.8999999762
1416  5.539  -96.614  -16.281 0.8999999762
1031  5.799  -97.436  -16.289 0.8999999762
1897  4.461  -96.442  -16.953 0.8999999762
713  7.280  -98.188  -15.783 0.8999999762
13290  13.323  -80.274  -32.176 0.4000000060
15090  14.250  -78.810  -31.842 0.4000000060
14171  13.223  -79.425  -32.647 0.4000000060
14230  11.915  -79.862  -33.954 0.4000000060
15138  12.019  -78.620  -33.649 0.4000000060
15155  10.624  -78.929  -34.078 0.5000000000
16036  10.457  -78.222  -34.218 0.6000000238
16052  9.648  -78.107  -34.828 0.6000000238
10684  2.979  -83.526  -33.270 0.3000000119
8925  2.697  -85.675  -32.584 0.1000000015
7207  1.840  -87.039  -31.137 0.1000000015
17003  9.285  -76.970  -36.554 0.6000000238
16986  9.470  -77.236  -35.507 0.6000000238
17956  9.124  -76.333  -37.461 0.6000000238
16108  9.299  -77.526  -38.090 0.6000000238
17966  8.456  -76.087  -38.036 0.6000000238
2341  6.372  -95.060  -13.896 0.8000000119
2973  6.095  -93.773  -16.547 0.8999999762
1014  7.632  -97.513  -14.411 0.8000000119
1024  6.407  -97.163  -15.176 0.8999999762
1013  8.387  -97.581  -14.516 0.8000000119
1414  9.396  -96.261  -16.384 0.8000000119
1021  8.820  -97.566  -15.387 0.8000000119
714  6.820  -97.988  -15.719 0.8999999762
16011  14.614  -77.193  -32.471 0.3000000119
15116  12.998  -78.440  -32.892 0.4000000060
16012  13.657  -77.390  -32.449 0.3000000119
16013  12.550  -77.740  -33.007 0.3000000119
16025  11.455  -77.956  -33.721 0.5000000000
16950  10.560  -77.106  -33.650 0.5000000000
10685  2.214  -82.872  -33.080 0.3000000119
10661  2.398  -83.527  -32.464 0.2000000030
8912  2.504  -85.568  -31.888 0.1000000015
8054  1.871  -86.327  -30.126 0.1000000015
8894  2.028  -85.309  -29.788 0.1000000015
17917  9.064  -76.357  -35.721 0.6000000238
16966  9.935  -77.560  -34.503 0.6000000238
9762  2.255  -84.241  -31.608 0.1000000015
9754  1.998  -84.549  -30.844 0.1000000015
8903  2.092  -85.578  -30.946 0.1000000015
9763  1.736  -83.954  -31.183 0.1000000015
2964  6.340  -93.178  -15.795 0.8999999762
3638  4.842  -93.139  -17.593 0.8999999762
1873  10.298  -95.063  -15.201 0.6999999881
1394  9.533  -96.837  -14.336 0.8000000119
1012  9.003  -97.369  -14.593 0.8000000119
1864  9.997  -96.073  -14.853 0.8000000119
16934  14.722  -76.276  -32.939 0.4000000060
16935  13.858  -76.399  -32.560 0.4000000060
16936  12.821  -76.537  -32.584 0.4000000060
16949  11.381  -77.263  -33.423 0.4000000060
16939  9.631  -75.903  -32.889 0.5000000000
16938  10.369  -76.238  -32.898 0.5000000000
17894  8.942  -75.918  -34.436 0.6000000238
16967  9.588  -76.770  -34.562 0.6000000238
9744  1.933  -84.605  -30.270 0.1000000015
17918  8.464  -75.479  -35.412 0.6000000238
10639  1.222  -83.217  -31.621 0.2000000030
9755  1.402  -83.900  -30.665 0.1000000015
18977  8.144  -75.620  -37.544 0.6000000238
17941  8.602  -75.794  -36.484 0.6000000238
11562  0.854  -82.184  -32.520 0.3000000119
17967  7.860  -75.980  -37.880 0.6000000238
3622  6.327  -92.713  -16.788 0.8999999762
17852  9.993  -75.385  -32.683 0.5000000000
18917  7.757  -74.725  -35.189 0.5000000000
10640  0.714  -83.154  -31.180 0.1000000015
11541  0.267  -82.492  -31.479 0.2000000030
4871  6.623  -90.579  -16.101 0.8999999762
4232  7.192  -90.701  -15.190 0.8000000119
3607  6.627  -92.124  -15.700 0.8999999762
5534  5.909  -90.000  -16.193 0.8999999762
5519  5.641  -89.647  -15.578 0.8999999762
17895  8.287  -75.027  -34.295 0.6000000238
11521  -0.309  -82.474  -30.493 0.1000000015
10629  0.646  -83.299  -30.491 0.1000000015
18937  7.149  -74.451  -36.069 0.5000000000
4856  7.484  -90.166  -14.882 0.8000000119
4216  7.270  -91.182  -14.671 0.8000000119
6174  7.507  -88.868  -14.325 0.8000000119
5517  7.073  -89.893  -15.276 0.8000000119
4217  6.865  -91.606  -15.158 0.8000000119
5503  6.218  -89.180  -14.887 0.8000000119
5488  5.362  -89.689  -13.771 0.8999999762
10621  0.228  -83.030  -29.515 0.1000000015
12416  -0.636  -81.153  -31.386 0.4000000060
12389  -0.450  -82.081  -31.197 0.3000000119
4824  8.317  -90.585  -12.755 0.8000000119
5486  7.886  -89.358  -14.282 0.8000000119
4202  7.399  -91.546  -13.704 0.8000000119
6175  6.933  -88.711  -14.212 0.8000000119
6162  7.949  -88.369  -13.632 0.8000000119
6150  6.968  -88.518  -12.537 0.8000000119
5472  5.654  -89.824  -12.967 0.8000000119
5487  6.004  -89.040  -13.758 0.8000000119
5455  5.868  -90.281  -11.767 0.8000000119
12376  -1.133  -81.191  -29.927 0.3000000119
11515  -0.444  -82.419  -29.556 0.2000000030
6161  8.887  -88.411  -13.101 0.8000000119
5470  9.096  -89.210  -12.605 0.8000000119
5453  9.116  -89.515  -11.570 0.8000000119
6149  7.558  -88.045  -12.548 0.8000000119
5471  6.421  -89.136  -12.486 0.8000000119
14114  -1.144  -79.327  -29.584 0.6000000238
13239  -1.175  -80.232  -29.721 0.4000000060
11516  -0.837  -81.859  -29.302 0.2000000030
6950  9.034  -87.678  -12.487 0.6999999881
6148  9.374  -88.302  -12.452 0.8000000119
5452  9.551  -88.808  -11.193 0.6999999881
6132  7.634  -87.795  -11.309 0.8000000119
6966  8.296  -87.720  -12.901 0.8000000119
6133  7.027  -88.586  -11.804 0.8000000119
5454  6.556  -89.422  -11.268 0.8000000119
4807  5.406  -91.126  -11.773 0.6999999881
15069  -0.069  -78.306  -29.601 0.6000000238
11508  -0.574  -82.095  -28.318 0.1000000015
7782  9.330  -86.833  -11.109 0.6999999881
6107  9.790  -88.289  -9.927 0.6999999881
6933  8.978  -87.079  -11.717 0.6999999881
6118  6.994  -88.716  -10.606 0.8000000119
13233  -1.220  -79.884  -29.019 0.4000000060
12370  -1.086  -80.919  -28.860 0.2000000030
6917  10.112  -87.510  -10.405 0.6999999881
6905  10.180  -87.553  -9.503 0.6999999881
5438  6.120  -90.218  -10.390 0.8000000119
15999  -0.036  -77.885  -29.119 0.6999999881
15070  -0.907  -78.399  -29.270 0.6000000238
12364  -0.872  -81.101  -27.651 0.1000000015
7768  9.041  -86.505  -10.534 0.6999999881
8615  10.089  -85.871  -9.004 0.6999999881
6895  10.214  -87.445  -8.576 0.6999999881
6117  7.440  -87.878  -10.135 0.6999999881
7758  8.379  -86.663  -9.934 0.6999999881
7757  9.191  -86.153  -9.464 0.6999999881
5437  6.558  -89.435  -10.519 0.8000000119
13227  -1.172  -79.919  -28.080 0.3000000119
6896  7.493  -87.015  -8.834 0.6999999881
8604  9.366  -85.752  -8.581 0.6999999881
8572  10.046  -85.593  -7.597 0.6999999881
6109  6.917  -88.392  -9.384 0.6999999881
6907  7.249  -87.778  -9.247 0.6999999881
5412  5.740  -89.726  -8.241 0.8000000119
5425  5.936  -90.081  -9.196 0.6999999881
7745  8.820  -85.967  -8.801 0.6999999881
8592  9.094  -85.582  -7.798 0.6999999881
8560  9.783  -85.396  -5.970 0.6999999881
5411  6.279  -89.242  -8.959 0.6999999881
8667  4.851  -85.466  -13.661 0.3000000119
13200  -0.305  -80.867  -25.264 0.2000000030
8593  8.352  -85.841  -7.734 0.6999999881
8574  8.696  -85.415  -7.149 0.6999999881
9441  8.979  -84.450  -5.478 0.6999999881
6897  7.112  -87.607  -8.625 0.6999999881
7746  8.054  -86.420  -8.675 0.6999999881
9452  7.895  -84.924  -6.204 0.6999999881
6101  6.360  -88.687  -8.152 0.6999999881
6884  6.576  -87.848  -7.722 0.6999999881
9530  4.142  -84.146  -13.543 0.3000000119
8657  4.420  -85.029  -12.286 0.3000000119
9514  3.939  -84.454  -12.737 0.3000000119
13201  -0.441  -80.395  -25.639 0.3000000119
9410  9.118  -84.837  -4.282 0.6999999881
9442  7.978  -84.356  -5.628 0.6999999881
10270  8.359  -83.750  -4.309 0.6999999881
8576  6.848  -85.756  -6.166 0.6999999881
6093  6.241  -88.381  -7.555 0.6999999881
6870  5.795  -88.143  -6.511 0.6999999881
7718  6.871  -86.509  -6.721 0.6999999881
6102  5.845  -89.270  -7.724 0.6999999881
6082  5.397  -88.864  -6.463 0.6999999881
10256  8.073  -83.570  -3.380 0.6999999881
7706  6.332  -86.338  -5.935 0.6999999881
8561  7.207  -84.955  -5.952 0.6999999881
10287  7.254  -83.544  -4.648 0.6999999881
6859  5.334  -87.906  -5.599 0.6999999881
7719  6.078  -87.183  -6.181 0.6999999881
9443  6.854  -84.138  -5.091 0.6999999881
6095  5.041  -89.475  -6.666 0.6999999881
6083  4.941  -89.131  -6.080 0.6999999881
8563  5.549  -86.171  -4.770 0.6999999881
8553  5.217  -85.612  -4.012 0.6999999881
6860  4.716  -88.153  -4.985 0.6999999881
6849  5.056  -87.501  -4.911 0.6999999881
7699  5.078  -86.787  -4.490 0.6999999881
15011  -0.410  -77.989  -25.234 0.6000000238
14064  -0.483  -79.081  -25.129 0.4000000060
9413  5.370  -84.584  -3.404 0.6999999881
8539  4.973  -85.210  -3.299 0.6999999881
7700  4.453  -86.752  -3.784 0.6999999881
14996  -0.426  -78.105  -24.266 0.5000000000
9400  5.084  -84.303  -2.639 0.6999999881
9401  4.547  -84.922  -2.245 0.6999999881
14987  -0.265  -78.243  -22.988 0.4000000060
8527  3.560  -85.958  -1.973 0.6999999881
7666  3.049  -86.273  -2.519 0.6999999881
7667  2.212  -86.512  -2.795 0.6999999881
16813  -0.449  -76.279  -22.837 0.6000000238
15896  -0.217  -77.092  -21.812 0.3000000119
15918  -0.421  -77.003  -23.615 0.5000000000
15911  -0.310  -77.208  -22.545 0.3000000119
7649  2.329  -86.010  -1.934 0.6999999881
10218  1.502  -82.986  -0.465 0.6000000238
8528  1.478  -85.367  -2.677 0.6000000238
8518  1.795  -85.085  -1.590 0.6999999881
9390  1.426  -83.934  -1.639 0.6000000238
10247  1.081  -83.370  -2.247 0.6999999881
16590  0.056  -76.874  -7.582 0.2000000030
23045  -0.344  -69.891  -15.041 0.4000000060
11102  1.060  -82.116  -0.935 0.6999999881
18530  0.115  -74.821  -7.871 0.3000000119
17523  0.119  -75.880  -7.848 0.3000000119
19651  0.389  -73.807  -8.971 0.2000000030
18555  0.147  -74.675  -8.842 0.1000000015
30856  10.180  -63.178  -11.581 0.6000000238
30827  9.984  -63.263  -10.626 0.4000000060
20727  0.356  -72.699  -8.286 0.4000000060
19624  0.058  -73.529  -8.278 0.3000000119
19594  -0.182  -73.418  -5.946 0.6000000238
30880  11.435  -63.863  -12.768 0.6000000238
30881  10.407  -63.448  -12.555 0.6000000238
30857  9.148  -63.198  -11.500 0.6000000238
29822  0.568  -64.277  -15.874 0.3000000119
14689  0.900  -78.104  -1.748 0.8000000119
20657  1.723  -73.096  -5.150 0.8000000119
19525  1.575  -73.930  -3.905 0.6999999881
20658  1.098  -72.688  -5.170 0.6999999881
19569  0.570  -73.097  -5.121 0.6999999881
18479  -0.108  -74.137  -5.395 0.6000000238
17493  -0.050  -75.620  -6.243 0.6000000238
30854  12.029  -63.560  -11.811 0.5000000000
30855  11.132  -63.368  -11.743 0.5000000000
20699  -0.081  -72.429  -6.563 0.6000000238
30898  10.610  -63.683  -13.499 0.6999999881
30882  9.444  -63.139  -12.453 0.6999999881
30829  7.613  -63.760  -10.979 0.6000000238
30899  9.758  -63.272  -13.413 0.6999999881
32025  2.769  -62.250  -18.380 0.5000000000
29731  8.857  -64.268  -10.028 0.6000000238
29788  11.799  -64.115  -13.798 0.6000000238
30910  11.479  -63.957  -14.251 0.6999999881
30824  12.505  -63.245  -11.108 0.4000000060
31897  11.624  -62.996  -10.623 0.4000000060
30804  10.907  -63.226  -9.825 0.4000000060
30879  12.445  -63.889  -12.551 0.6000000238
28638  7.519  -65.043  -10.402 0.6000000238
27506  7.293  -65.770  -10.272 0.8000000119
29797  12.472  -64.144  -14.503 0.6000000238
27508  5.776  -66.006  -9.952 0.6000000238
29806  12.366  -63.943  -15.018 0.6999999881
30959  9.256  -63.203  -17.371 0.5000000000
30823  13.327  -63.262  -11.060 0.4000000060
30805  9.851  -63.755  -9.753 0.5000000000
29708  9.308  -64.533  -9.388 0.5000000000
30852  13.796  -63.546  -11.740 0.3000000119
30878  13.326  -63.818  -12.549 0.6000000238
30896  12.846  -64.143  -13.258 0.6000000238
28613  8.698  -65.425  -9.412 0.6000000238
26364  4.361  -67.244  -8.441 0.6999999881
30893  15.386  -63.463  -13.723 0.5000000000
30908  14.810  -63.685  -14.367 0.6000000238
29796  13.003  -64.066  -14.835 0.6000000238
31963  14.657  -62.271  -15.923 0.6000000238
30920  13.306  -63.549  -15.394 0.6999999881
29966  5.216  -65.061  -24.049 0.5000000000
31851  11.775  -63.062  -9.602 0.4000000060
30786  10.650  -63.753  -9.231 0.4000000060
29707  10.108  -64.217  -9.085 0.5000000000
27482  7.299  -66.850  -9.880 0.6000000238
26381  7.125  -67.533  -9.054 0.6999999881
26363  5.443  -67.529  -8.751 0.6999999881
27483  6.075  -66.598  -9.836 0.6999999881
33008  15.573  -61.018  -19.715 0.6000000238
33010  13.368  -61.013  -19.598 0.6999999881
32019  12.130  -62.314  -19.329 0.6999999881
32020  11.164  -61.846  -19.096 0.8000000119
29967  4.661  -64.384  -24.215 0.5000000000
29958  5.426  -63.924  -23.892 0.5000000000
36294  14.684  -57.982  -18.710 0.6999999881
35130  15.479  -59.298  -19.885 0.6999999881
35132  13.582  -59.480  -19.247 0.8000000119
35128  17.667  -59.300  -19.798 0.8000000119
36308  15.959  -58.405  -19.764 0.8000000119
31064  3.887  -63.630  -24.779 0.5000000000
31063  4.479  -63.208  -24.123 0.5000000000
37443  15.377  -57.522  -18.312 0.6999999881
37442  16.023  -57.222  -18.778 0.8000000119
36306  18.117  -58.420  -20.058 0.8000000119
38598  16.865  -56.916  -19.486 0.8000000119
37458  16.433  -57.516  -19.512 0.8000000119
39685  19.002  -55.746  -20.547 0.8000000119
39686  18.330  -55.907  -20.341 0.6999999881
38608  19.702  -56.444  -20.541 0.8999999762
38609  18.804  -56.421  -20.486 0.8000000119
39677  17.691  -55.679  -19.974 0.8000000119
39667  17.365  -55.695  -18.930 0.8000000119
37455  19.546  -57.443  -20.326 0.8999999762
37457  17.491  -57.343  -20.027 0.8000000119
36303  23.455  -58.013  -19.385 0.6999999881
34130  6.133  -60.752  -23.455 0.6999999881
33091  7.205  -61.446  -22.355 0.8999999762
33105  4.932  -61.475  -24.219 0.6000000238
40880  18.359  -55.190  -20.258 0.5000000000
38594  21.221  -56.176  -19.369 0.8999999762
38595  20.653  -56.379  -20.120 0.8999999762
37495  23.352  -57.498  -20.939 0.6000000238
35163  6.951  -59.107  -20.792 0.5000000000
34091  7.084  -60.285  -21.265 0.8000000119
33090  7.518  -60.902  -21.994 0.8999999762
34114  7.597  -60.454  -22.252 0.8999999762
34090  7.620  -60.483  -21.727 0.8999999762
34131  5.407  -60.450  -23.791 0.6999999881
34117  5.934  -60.015  -23.347 0.6999999881
34116  6.522  -60.139  -23.186 0.6999999881
34115  7.058  -60.514  -22.837 0.8999999762
35228  4.997  -59.541  -23.959 0.6999999881
35213  5.572  -59.402  -23.465 0.6999999881
36416  5.291  -58.724  -24.846 0.6000000238
44166  13.474  -51.403  -14.958 0.1000000015
38584  23.143  -56.617  -19.015 0.8000000119
38606  23.641  -56.010  -20.252 0.8000000119
35189  8.000  -59.447  -21.686 0.6000000238
35190  7.322  -59.681  -21.125 0.6000000238
35210  8.012  -59.778  -22.901 0.8999999762
35212  6.302  -59.308  -23.277 0.6999999881
35211  7.135  -59.414  -23.206 0.8000000119
37573  5.656  -58.178  -24.837 0.6999999881
36397  5.071  -58.750  -24.255 0.6999999881
39673  23.488  -55.125  -19.855 0.8000000119
39693  23.646  -55.321  -21.571 0.8000000119
39682  23.742  -55.288  -20.790 0.8999999762
38634  23.036  -56.458  -22.016 0.8000000119
39695  23.324  -55.398  -22.144 0.8000000119
43128  21.113  -52.699  -22.859 0.5000000000
42026  20.548  -53.487  -22.681 0.5000000000
43129  20.184  -52.623  -22.970 0.4000000060
35226  7.841  -58.935  -23.422 0.8000000119
38660  9.481  -56.527  -23.894 0.3000000119
36376  5.938  -58.483  -23.281 0.6999999881
36375  6.852  -58.388  -23.325 0.6999999881
37552  5.400  -57.490  -24.131 0.6999999881
43125  24.073  -52.458  -22.461 0.6000000238
42011  24.040  -53.519  -21.830 0.6000000238
44251  22.549  -51.908  -23.269 0.6000000238
43126  23.141  -52.700  -22.999 0.6999999881
43127  22.107  -52.743  -22.947 0.6000000238
43136  19.438  -52.508  -23.406 0.5000000000
35225  8.712  -59.135  -23.549 0.5000000000
37549  8.939  -57.487  -24.118 0.4000000060
36393  9.344  -58.489  -24.125 0.4000000060
36394  8.367  -58.323  -23.883 0.6999999881
36395  7.459  -58.111  -23.529 0.8000000119
39713  9.082  -55.635  -23.377 0.6000000238
38662  7.891  -56.573  -23.484 0.6000000238
42038  10.439  -53.479  -23.613 0.5000000000
43124  24.315  -51.885  -22.328 0.5000000000
44252  21.589  -51.952  -23.192 0.6000000238
44262  22.001  -51.210  -23.504 0.6000000238
44263  21.104  -51.250  -23.486 0.4000000060
42040  8.985  -53.815  -23.313 0.4000000060
42037  11.039  -53.269  -23.960 0.4000000060
42039  9.720  -53.684  -23.343 0.4000000060
40917  8.792  -54.814  -23.251 0.5000000000
40941  8.293  -54.771  -25.713 0.6000000238
44250  23.566  -51.595  -23.118 0.6000000238
44280  12.128  -51.595  -24.998 0.4000000060
44281  11.478  -51.614  -24.510 0.4000000060
43140  10.599  -52.542  -23.834 0.5000000000
43131  8.811  -52.733  -23.493 0.5000000000
45409  11.071  -50.557  -24.370 0.5000000000
44268  10.128  -51.687  -23.765 0.4000000060
46449  11.042  -49.870  -24.491 0.3000000119
53367  20.183  -43.271  -22.753 0.1000000015
54359  20.887  -42.145  -23.801 0.1000000015
54360  19.951  -42.024  -23.404 0.1000000015
52354  13.996  -44.779  -26.423 0.2000000030
51264  12.513  -45.209  -25.467 0.2000000030
54369  20.801  -41.728  -24.397 0.1000000015
54398  20.475  -42.590  -26.312 0.1000000015
55320  21.041  -41.774  -24.989 0.1000000015
53428  15.410  -43.279  -26.871 0.1000000015
52375  14.749  -44.047  -26.796 0.2000000030
52355  13.128  -44.379  -25.962 0.2000000030
54399  19.846  -42.578  -26.737 0.1000000015
55354  19.736  -41.568  -26.514 0.1000000015
55338  20.513  -41.615  -25.789 0.1000000015
55355  18.761  -41.445  -27.056 0.1000000015
55356  17.731  -41.420  -27.270 0.1000000015
53429  14.780  -43.251  -26.604 0.1000000015
53408  12.839  -43.297  -25.864 0.1000000015
53409  12.212  -43.318  -25.519 0.2000000030
55357  16.710  -41.403  -27.203 0.1000000015
54403  16.005  -42.358  -27.043 0.1000000015
54404  14.970  -42.318  -26.538 0.1000000015
54384  14.169  -42.291  -26.316 0.1000000015
54386  12.157  -42.439  -25.668 0.1000000015
53392  10.947  -43.942  -25.396 0.2000000030
55326  11.289  -42.192  -25.582 0.1000000015
55327  10.914  -42.303  -25.575 0.1000000015
54389  9.968  -43.011  -25.974 0.1000000015
56508  18.421  -40.466  -27.138 0.1000000015
55358  15.759  -41.388  -26.909 0.1000000015
56509  17.437  -40.455  -27.292 0.1000000015
55359  15.124  -41.355  -26.626 0.1000000015
54385  13.414  -42.288  -26.063 0.1000000015
55340  14.360  -41.251  -26.380 0.1000000015
55341  13.065  -41.207  -26.037 0.1000000015
55342  11.792  -41.246  -25.886 0.1000000015
1063  3.526  -97.375  -19.025 0.8000000119
1045  3.985  -97.411  -17.891 0.8999999762
487  5.777  -99.238  -18.802 0.8999999762
12435  0.304  -81.503  -32.357 0.3000000119
1054  4.293  -98.249  -18.285 0.8999999762
13253  -1.085  -80.462  -30.587 0.4000000060
2021  14.065  -95.805  -27.428 0.6999999881
380  21.525  -99.311  -30.284 0.6999999881
138  14.444  -100.544  -24.489 0.6999999881
32  15.403  -100.822  -25.578 0.8000000119
7424  20.357  -87.686  -45.839 0.4000000060
6603  14.860  -88.251  -45.499 0.5000000000
8939  10.227  -85.076  -33.953 0.8000000119
17502  0.437  -75.952  -7.008 0.4000000060
17481  -0.401  -75.031  -5.178 0.6000000238
29821  1.377  -64.089  -16.040 0.4000000060
19548  0.710  -73.326  -4.613 0.6999999881
18453  -0.076  -74.295  -4.646 0.6000000238
32004  1.978  -62.675  -17.741 0.5000000000
19608  -0.140  -73.678  -7.075 0.5000000000
20677  0.236  -72.592  -5.692 0.6999999881
31965  12.702  -62.775  -15.873 0.6999999881
35115  13.581  -59.184  -18.456 0.8000000119
32108  4.964  -62.381  -23.883 0.6999999881
36295  14.096  -58.469  -18.075 0.6999999881
38576  17.094  -56.549  -18.121 0.5000000000
34144  4.891  -60.514  -24.456 0.6000000238
40879  19.171  -54.954  -20.464 0.6000000238
38607  20.185  -55.994  -20.474 0.8999999762
37551  7.556  -57.238  -23.460 0.8000000119
36396  7.196  -58.405  -23.412 0.8000000119
36377  5.377  -58.651  -23.725 0.6999999881
37439  22.419  -57.086  -18.715 0.8000000119
38585  22.753  -56.296  -18.797 0.8000000119
39714  8.187  -55.603  -23.301 0.5000000000
38592  23.296  -56.164  -19.386 0.8000000119
40876  23.756  -54.404  -20.473 0.6999999881
45410  10.342  -50.698  -23.873 0.4000000060
44254  19.979  -52.002  -23.425 0.5000000000
44253  20.688  -51.954  -23.205 0.5000000000
44261  22.803  -51.149  -23.429 0.5000000000
53368  19.384  -43.432  -22.675 0.1000000015
53391  11.523  -43.549  -25.375 0.1000000015
54428  10.212  -43.632  -26.551 0.1000000015
54426  10.946  -42.450  -26.620 0.1000000015
53427  16.336  -43.363  -27.204 0.2000000030
55337  21.042  -42.078  -25.410 0.1000000015
10638  1.947  -83.381  -31.996 0.2000000030
31964  13.675  -62.677  -15.883 0.6999999881
32949  14.524  -61.556  -16.161 0.6999999881
38577  16.556  -56.941  -18.583 0.6000000238
43142  9.308  -53.052  -23.378 0.4000000060
52356  12.325  -44.087  -25.503 0.2000000030
54372  10.596  -43.166  -25.678 0.1000000015
53383  19.645  -42.704  -22.930 0.1000000015
5889  15.985  -89.513  -45.719 0.3000000119
5886  18.545  -89.378  -46.236 0.3000000119
6559  7.216  -88.657  -40.220 0.4000000060
332  16.756  -99.519  -24.499 0.6999999881
362  18.867  -99.543  -28.803 0.6000000238
1478  19.815  -96.840  -22.777 0.4000000060
1491  16.888  -96.579  -23.369 0.5000000000
827  17.188  -98.367  -26.651 0.6000000238
1119  20.570  -97.975  -25.287 0.4000000060
1130  18.788  -97.894  -25.985 0.5000000000
1147  18.649  -97.346  -26.680 0.4000000060
826  17.828  -97.848  -26.543 0.4000000060
1500  23.430  -96.378  -23.969 0.3000000119
1501  22.797  -96.437  -24.585 0.3000000119
1176  21.892  -96.986  -28.630 0.5000000000
1504  14.957  -96.131  -25.012 0.6999999881
2033  18.691  -95.378  -28.866 0.4000000060
1991  22.129  -95.412  -25.796 0.2000000030
2565  19.346  -94.624  -30.197 0.4000000060
2522  20.662  -94.230  -27.636 0.4000000060
3770  23.467  -91.763  -30.519 0.4000000060
11586  8.471  -82.400  -34.661 0.8000000119
11607  8.788  -81.975  -36.228 0.6999999881
7245  2.519  -87.942  -33.380 0.1000000015
12448  11.246  -82.003  -33.142 0.4000000060
13272  14.049  -80.279  -31.485 0.4000000060
14252  8.851  -80.126  -35.431 0.6000000238
8942  2.704  -86.099  -33.039 0.1000000015
10712  3.996  -83.088  -35.196 0.3000000119
9777  2.895  -84.649  -32.552 0.1000000015
8064  2.114  -86.507  -31.454 0.1000000015
15115  13.566  -78.532  -32.382 0.3000000119
4841  8.014  -90.457  -13.744 0.8000000119
6932  9.625  -87.531  -11.451 0.6999999881
6918  7.957  -87.189  -10.512 0.8000000119
7767  9.871  -86.667  -10.332 0.6999999881
6904  10.421  -86.936  -9.197 0.6999999881
6882  10.473  -86.416  -7.883 0.6999999881
9450  9.405  -84.859  -6.088 0.6999999881
9440  9.494  -84.958  -5.467 0.6999999881
7732  7.742  -86.203  -7.645 0.6999999881
7733  7.172  -86.885  -7.778 0.6999999881
8562  6.228  -85.542  -5.237 0.6999999881
9377  1.740  -83.874  -0.701 0.6000000238
18514  0.025  -74.979  -6.938 0.5000000000
30853  12.912  -63.534  -11.804 0.5000000000
31895  12.869  -62.973  -10.447 0.4000000060
30909  13.892  -63.937  -14.452 0.6000000238
30876  15.154  -63.447  -12.725 0.3000000119
30919  14.521  -63.355  -15.297 0.6000000238
34032  14.985  -60.194  -19.846 0.6999999881
32994  15.215  -61.710  -19.500 0.5000000000
36309  14.961  -58.490  -19.498 0.8000000119
36310  14.077  -58.676  -19.060 0.8000000119
35129  16.564  -59.299  -19.938 0.8000000119
34033  13.902  -60.206  -19.732 0.6999999881
35131  14.459  -59.348  -19.648 0.6999999881
36307  17.025  -58.365  -19.909 0.8000000119
37459  15.508  -57.765  -19.159 0.6999999881
38588  16.496  -56.970  -19.090 0.8000000119
38587  16.863  -56.526  -19.004 0.6999999881
37456  18.517  -57.638  -20.266 0.8000000119
38610  18.009  -56.541  -20.229 0.8000000119
38596  20.218  -56.984  -20.314 0.8999999762
37475  19.190  -56.849  -20.526 0.8999999762
37476  18.687  -57.016  -20.432 0.8000000119
38597  17.253  -56.394  -19.702 0.8000000119
35125  23.501  -59.177  -19.460 0.6000000238
36325  23.520  -58.317  -20.217 0.6000000238
37453  21.056  -56.844  -19.595 0.8999999762
36344  23.117  -58.521  -20.967 0.6000000238
37474  23.579  -57.077  -20.078 0.6000000238
38621  23.578  -56.344  -21.154 0.6999999881
38633  23.457  -55.895  -21.764 0.6999999881
40891  23.877  -54.433  -21.292 0.8000000119
40902  23.015  -54.547  -22.497 0.6999999881
40901  23.699  -54.502  -22.064 0.6999999881
42025  21.579  -53.592  -22.709 0.6000000238
42024  22.600  -53.630  -22.748 0.6999999881
42023  23.513  -53.587  -22.523 0.6999999881
37550  8.097  -57.385  -23.776 0.5000000000
38661  8.603  -56.539  -23.663 0.6000000238
44267  10.840  -51.594  -24.027 0.4000000060
53407  13.967  -43.325  -26.387 0.1000000015
56471  20.133  -40.839  -25.272 0.1000000015
54370  11.428  -42.704  -25.461 0.1000000015
54371  10.966  -42.818  -25.464 0.1000000015
54405  10.590  -42.279  -25.996 0.1000000015
54425  11.516  -42.320  -27.060 0.1000000015
33009  14.483  -61.135  -19.660 0.6999999881
1934  10.463  -94.571  -20.570 0.5000000000
2435  9.994  -94.155  -21.068 0.5000000000
2422  10.085  -93.580  -20.461 0.5000000000
2994  10.246  -92.970  -18.487 0.6999999881
3660  10.824  -92.869  -19.145 0.5000000000
830  10.088  -98.819  -26.606 0.6000000238
3542  15.670  -92.434  -10.486 0.3000000119
3553  15.791  -92.062  -11.624 0.3000000119
3564  15.451  -92.041  -12.778 0.2000000030
2933  16.018  -93.040  -12.522 0.2000000030
3578  15.197  -92.237  -13.309 0.4000000060
2944  14.886  -92.677  -14.104 0.4000000060
2363  13.880  -93.808  -15.630 0.4000000060
1442  11.445  -96.364  -18.732 0.5000000000
2399  12.277  -94.853  -18.301 0.5000000000
2388  12.806  -94.388  -17.428 0.5000000000
2970  13.523  -93.073  -16.445 0.5000000000
1456  10.233  -96.015  -20.491 0.6000000238
1919  10.916  -95.179  -19.731 0.5000000000
2980  13.156  -93.161  -17.271 0.5000000000
2410  11.725  -94.427  -19.230 0.5000000000
2409  12.183  -94.042  -18.778 0.5000000000
2993  11.807  -92.950  -18.767 0.5000000000
3634  12.433  -92.183  -17.778 0.5000000000
2995  9.654  -93.536  -18.547 0.6999999881
2411  10.877  -93.899  -19.900 0.5000000000
3650  11.268  -92.495  -18.619 0.6000000238
3636  10.652  -92.563  -17.884 0.6999999881
563  10.175  -99.642  -25.602 0.6000000238
3005  11.276  -93.142  -19.260 0.5000000000
3651  10.699  -92.707  -18.794 0.6000000238
1686  19.124  -96.651  -37.642 0.4000000060
1287  18.886  -96.982  -38.366 0.3000000119
1293  19.347  -96.297  -39.425 0.2000000030
1727  19.763  -95.801  -39.889 0.1000000015
2210  19.365  -94.780  -41.549 0.1000000015
1751  19.423  -95.562  -41.047 0.1000000015
2726  18.820  -94.571  -41.016 0.1000000015
3534  15.313  -92.538  -9.484 0.2000000030
2942  16.267  -93.699  -13.415 0.2000000030
2943  15.467  -92.830  -13.557 0.3000000119
2951  15.047  -93.251  -14.354 0.4000000060
3591  14.584  -92.099  -14.309 0.5000000000
3565  15.023  -91.803  -13.271 0.5000000000
4181  15.007  -91.161  -12.902 0.4000000060
2950  15.722  -93.558  -14.159 0.3000000119
2961  13.752  -92.744  -15.842 0.5000000000
1883  13.269  -95.096  -16.774 0.5000000000
1871  13.841  -94.755  -16.337 0.4000000060
1423  12.837  -96.692  -17.477 0.5000000000
1894  12.335  -96.205  -17.746 0.5000000000
1893  12.668  -95.581  -17.470 0.4000000060
819  10.568  -98.754  -25.714 0.6000000238
348  10.073  -100.296  -25.143 0.6000000238
499  10.463  -99.451  -20.358 0.6000000238
1051  10.944  -97.831  -18.939 0.6000000238
1443  10.867  -96.715  -19.186 0.5000000000
2390  9.444  -94.509  -17.826 0.6999999881
301  10.759  -100.204  -20.864 0.6000000238
2982  9.751  -93.816  -17.861 0.6999999881
538  10.969  -99.875  -23.721 0.6000000238
315  10.632  -100.779  -22.672 0.6000000238
4270  12.025  -91.552  -17.458 0.6000000238
2972  10.479  -93.001  -17.013 0.6999999881
552  10.738  -99.502  -24.540 0.6000000238
2146  19.681  -96.090  -37.068 0.4000000060
1685  19.810  -96.142  -37.755 0.3000000119
2145  20.410  -95.395  -37.385 0.4000000060
2162  20.606  -95.795  -38.449 0.3000000119
1712  20.929  -95.869  -39.749 0.1000000015
2740  19.225  -93.932  -42.768 0.1000000015
3309  18.990  -93.378  -41.678 0.1000000015
1726  20.466  -95.523  -40.193 0.1000000015
1750  20.108  -94.958  -41.599 0.1000000015
2217  19.557  -94.028  -43.899 0.1000000015
2749  19.424  -94.210  -43.294 0.1000000015
2924  16.057  -93.620  -11.308 0.2000000030
2916  15.533  -93.572  -10.064 0.2000000030
4146  15.642  -91.275  -10.654 0.4000000060
4180  15.481  -91.132  -12.172 0.4000000060
1403  14.027  -95.224  -16.634 0.4000000060
1422  13.633  -96.563  -17.391 0.5000000000
484  11.077  -98.911  -19.119 0.6000000238
1424  12.119  -96.947  -17.806 0.5000000000
2391  9.031  -95.219  -18.030 0.6999999881
304  11.313  -100.333  -21.655 0.6000000238
483  11.578  -98.980  -18.964 0.5000000000
723  13.061  -98.418  -17.881 0.5000000000
4248  12.662  -90.679  -16.773 0.6000000238
4268  13.212  -91.184  -17.037 0.5000000000
2377  10.279  -93.846  -16.679 0.6999999881
314  11.276  -100.272  -22.489 0.6000000238
300  11.420  -99.949  -20.621 0.6000000238
296  11.976  -99.388  -19.805 0.5000000000
3635  11.500  -91.993  -17.611 0.6000000238
3620  11.317  -91.871  -16.807 0.6999999881
735  13.635  -98.610  -18.631 0.5000000000
3606  10.987  -92.570  -16.181 0.6999999881
807  10.862  -98.699  -25.046 0.6000000238
4231  11.492  -91.361  -15.670 0.6999999881
2680  21.304  -94.680  -39.335 0.1000000015
2710  21.266  -94.359  -41.814 0.1000000015
2216  20.147  -94.093  -44.172 0.1000000015
3347  18.968  -93.186  -46.291 0.1000000015
4604  18.936  -91.306  -46.081 0.2000000030
3965  18.504  -92.361  -46.410 0.1000000015
1780  14.815  -94.869  -4.056 0.1000000015
2263  15.071  -94.338  -3.214 0.1000000015
2259  14.921  -93.846  -2.054 0.1000000015
2297  14.685  -94.348  -8.285 0.2000000030
2291  13.835  -94.235  -7.296 0.2000000030
1809  13.624  -95.048  -6.951 0.2000000030
1786  14.362  -95.053  -4.793 0.1000000015
2909  15.216  -93.394  -9.346 0.2000000030
1787  13.582  -95.189  -4.534 0.1000000015
3535  14.994  -93.014  -8.819 0.2000000030
2894  14.134  -93.278  -7.657 0.2000000030
2292  13.288  -94.298  -6.770 0.2000000030
1800  13.592  -95.303  -6.158 0.1000000015
2311  15.822  -94.372  -10.548 0.2000000030
4134  15.445  -91.508  -9.796 0.2000000030
3526  15.023  -92.258  -8.803 0.2000000030
4214  14.186  -91.635  -15.230 0.5000000000
4199  14.746  -91.268  -13.803 0.5000000000
4837  14.646  -90.305  -13.212 0.5000000000
3633  13.179  -91.990  -17.278 0.5000000000
4229  14.214  -90.666  -14.981 0.5000000000
1421  14.409  -96.279  -17.300 0.5000000000
1039  13.377  -97.497  -17.585 0.4000000060
1884  9.530  -95.416  -16.955 0.6999999881
3284  21.601  -93.284  -40.602 0.2000000030
3269  21.531  -93.581  -39.705 0.2000000030
3308  21.458  -93.804  -42.592 0.1000000015
2748  20.596  -93.871  -44.466 0.1000000015
3924  21.495  -92.926  -42.332 0.2000000030
3947  20.672  -92.726  -44.592 0.1000000015
5201  21.319  -90.944  -43.572 0.1000000015
5874  19.665  -89.904  -45.615 0.1000000015
2862  15.473  -93.395  -3.012 0.1000000015
2859  15.246  -93.256  -2.041 0.1000000015
1348  14.227  -95.268  -7.365 0.2000000030
1793  13.959  -95.249  -5.527 0.1000000015
2855  14.931  -93.321  -1.270 0.1000000015
1337  14.161  -95.398  -6.235 0.1000000015
1781  14.099  -95.130  -3.880 0.1000000015
1776  13.847  -94.987  -3.048 0.1000000015
1817  14.805  -94.921  -8.302 0.2000000030
2282  12.939  -94.185  -6.290 0.2000000030
2260  14.344  -94.573  -2.360 0.1000000015
2255  14.387  -94.053  -1.167 0.1000000015
2932  16.351  -94.109  -12.374 0.2000000030
4791  15.529  -90.423  -10.844 0.4000000060
2347  16.297  -94.305  -14.556 0.3000000119
4821  15.078  -90.355  -12.379 0.4000000060
5500  13.726  -89.532  -14.336 0.5000000000
4867  13.478  -90.016  -15.613 0.5000000000
4868  12.509  -89.991  -15.428 0.5000000000
4869  11.861  -90.685  -15.621 0.6000000238
2963  10.832  -93.182  -16.063 0.6000000238
2366  10.220  -94.672  -16.079 0.6000000238
3895  21.912  -92.588  -40.066 0.2000000030
3914  21.641  -92.494  -41.823 0.3000000119
4491  23.187  -91.673  -38.212 0.3000000119
4528  22.649  -91.448  -40.865 0.3000000119
4501  24.159  -91.786  -37.945 0.3000000119
4526  24.257  -91.505  -40.319 0.3000000119
5200  22.256  -90.137  -43.596 0.3000000119
5872  21.565  -89.014  -45.108 0.2000000030
5190  23.557  -90.832  -42.277 0.3000000119
5861  22.754  -89.337  -44.950 0.2000000030
9075  26.905  -85.124  -43.429 0.5000000000
4063  15.383  -92.062  -2.205 0.1000000015
3465  15.202  -92.681  -1.615 0.1000000015
2866  15.449  -93.907  -3.646 0.1000000015
3478  15.575  -92.660  -2.802 0.1000000015
4055  15.306  -91.852  -1.137 0.1000000015
4041  15.266  -91.808  -0.278 0.1000000015
2267  15.415  -94.311  -4.317 0.1000000015
1794  13.084  -95.082  -5.190 0.2000000030
2852  14.837  -93.115  -0.827 0.1000000015
4024  16.497  -91.246  0.680 0.1000000015
3527  14.591  -92.511  -8.218 0.2000000030
1777  13.177  -95.171  -2.750 0.1000000015
3519  13.806  -92.875  -7.114 0.2000000030
4779  15.338  -90.387  -9.829 0.3000000119
4766  15.300  -90.963  -9.301 0.3000000119
5466  14.537  -89.591  -12.286 0.5000000000
5465  15.105  -89.855  -11.812 0.4000000060
5418  15.126  -89.710  -10.078 0.4000000060
5482  14.107  -89.587  -13.494 0.5000000000
5501  13.071  -89.348  -14.170 0.5000000000
4855  11.973  -90.394  -14.708 0.5000000000
3593  11.405  -91.936  -15.089 0.6000000238
2365  10.589  -94.137  -15.671 0.6000000238
1405  9.178  -97.023  -16.114 0.6999999881
5209  23.074  -89.705  -44.443 0.2000000030
9063  26.377  -85.027  -42.881 0.5000000000
5335  18.667  -89.440  -1.418 0.1000000015
5336  18.030  -89.568  -1.323 0.1000000015
4707  17.286  -89.912  -1.310 0.1000000015
4711  16.283  -90.416  -2.135 0.1000000015
4062  15.791  -91.314  -2.698 0.1000000015
4054  15.678  -91.088  -1.610 0.1000000015
4708  16.410  -90.501  -1.063 0.1000000015
4696  16.581  -90.593  -0.434 0.1000000015
2861  15.736  -93.234  -3.515 0.1000000015
2261  13.682  -94.950  -2.295 0.1000000015
2856  14.702  -93.650  -1.085 0.1000000015
3459  14.670  -92.718  -0.167 0.1000000015
4025  15.668  -91.565  0.345 0.1000000015
1788  12.746  -95.405  -4.225 0.2000000030
2251  13.577  -94.268  -0.553 0.1000000015
2848  14.603  -92.757  0.630 0.1000000015
4780  15.116  -90.108  -9.284 0.3000000119
2887  13.047  -93.705  -6.408 0.2000000030
2250  13.953  -93.799  -0.046 0.1000000015
1769  13.118  -94.593  -0.956 0.1000000015
5483  13.374  -89.339  -13.496 0.5000000000
4215  11.607  -91.184  -14.849 0.6000000238
1874  9.839  -95.563  -15.951 0.6000000238
9908  25.712  -85.067  -41.235 0.4000000060
9920  26.228  -84.903  -42.421 0.4000000060
2273  12.490  -94.389  -5.140 0.2000000030
3510  13.918  -92.221  -6.937 0.2000000030
2274  11.938  -94.766  -4.380 0.2000000030
1789  11.939  -95.268  -3.890 0.2000000030
1778  12.512  -95.039  -2.374 0.1000000015
1773  13.130  -94.961  -1.842 0.1000000015
5467  13.692  -89.269  -12.491 0.5000000000
6129  14.389  -89.139  -11.053 0.4000000060
4838  12.456  -89.974  -13.460 0.5000000000
2954  11.193  -93.102  -14.881 0.6000000238
2352  10.739  -94.268  -14.604 0.6000000238
9047  25.251  -85.386  -40.458 0.3000000119
9890  25.910  -85.183  -40.731 0.3000000119
9907  26.491  -84.750  -41.706 0.3000000119
9919  27.176  -84.401  -42.754 0.3000000119
5433  14.248  -89.213  -10.249 0.4000000060
4767  14.887  -90.552  -8.657 0.4000000060
3501  13.362  -92.357  -6.061 0.2000000030
4755  14.163  -90.780  -7.321 0.4000000060
2876  12.930  -93.202  -5.732 0.2000000030
2268  11.945  -94.210  -4.323 0.2000000030
5434  13.490  -89.634  -10.252 0.5000000000
5406  14.359  -89.660  -8.710 0.4000000060
5393  14.113  -89.867  -7.865 0.4000000060
4107  13.774  -91.763  -6.462 0.3000000119
3502  13.142  -92.189  -5.505 0.2000000030
2269  11.757  -94.431  -3.665 0.2000000030
1784  12.010  -94.877  -3.012 0.2000000030
3487  12.781  -92.317  -4.769 0.2000000030
2863  12.088  -93.009  -3.726 0.2000000030
1779  11.958  -94.673  -2.063 0.1000000015
5407  13.661  -89.524  -8.452 0.4000000060
4747  13.616  -90.877  -6.254 0.3000000119
3580  11.549  -92.031  -13.989 0.6000000238
4737  13.358  -91.144  -5.619 0.2000000030
2351  10.994  -93.774  -14.456 0.6000000238
3032  3.002  -93.537  -21.240 0.6000000238
4023  17.596  -91.260  0.934 0.1000000015
3443  15.959  -91.747  1.095 0.1000000015
2849  14.269  -93.195  0.579 0.1000000015
3428  15.521  -92.236  1.522 0.1000000015
5468  12.889  -89.673  -12.759 0.5000000000
5451  13.278  -89.688  -11.579 0.5000000000
5420  13.955  -89.350  -9.332 0.5000000000
1770  12.665  -94.484  -0.498 0.1000000015
1765  13.165  -94.255  0.033 0.1000000015
4200  12.163  -90.624  -13.284 0.6000000238
4182  12.264  -90.898  -12.479 0.5000000000
2265  11.670  -94.240  -2.670 0.2000000030
2262  11.521  -94.299  -1.826 0.2000000030
1332  12.011  -94.625  -1.016 0.1000000015
4183  11.941  -91.445  -13.063 0.6000000238
4792  12.832  -90.352  -10.778 0.5000000000
5421  13.168  -89.677  -9.016 0.5000000000
4100  13.138  -91.522  -5.211 0.2000000030
4164  12.124  -91.715  -11.947 0.5000000000
4781  12.705  -90.276  -9.593 0.5000000000
5408  13.018  -89.632  -8.248 0.4000000060
4756  13.491  -90.145  -7.055 0.4000000060
3673  3.172  -92.573  -22.042 0.4000000060
4053  18.487  -90.467  -0.167 0.1000000015
4038  18.514  -91.000  0.435 0.1000000015
4050  20.941  -90.779  -0.559 0.1000000015
2245  13.707  -93.585  0.949 0.1000000015
2860  11.372  -93.551  -2.031 0.2000000030
4748  12.879  -90.199  -6.206 0.3000000119
3479  12.258  -92.330  -3.566 0.2000000030
3480  11.888  -92.695  -3.164 0.2000000030
4738  13.091  -90.720  -5.311 0.3000000119
4147  12.470  -91.150  -11.223 0.5000000000
2338  11.025  -93.926  -13.906 0.6000000238
1393  10.008  -96.280  -14.168 0.6000000238
3020  2.742  -93.185  -20.584 0.4000000060
3566  11.748  -92.465  -12.695 0.6000000238
4757  12.630  -89.930  -7.221 0.4000000060
2945  11.360  -93.217  -13.394 0.6000000238
2339  10.659  -94.826  -13.418 0.6000000238
8094  16.176  -86.268  -34.563 0.6999999881
4739  12.289  -90.361  -5.434 0.4000000060
4768  12.349  -90.210  -8.257 0.4000000060
3554  11.849  -92.810  -11.583 0.6000000238
8953  15.154  -85.214  -34.242 0.6999999881
4135  12.402  -91.145  -10.124 0.5000000000
2934  11.542  -93.512  -12.189 0.6000000238
1382  9.872  -96.289  -13.520 0.6999999881
2340  6.302  -94.086  -13.932 0.6999999881
2946  6.397  -92.967  -14.135 0.6999999881
1852  6.887  -95.379  -13.522 0.6999999881
2927  7.307  -93.888  -12.506 0.6999999881
2936  6.794  -93.434  -13.188 0.6999999881
3568  6.711  -92.639  -13.599 0.6999999881
1850  8.189  -95.500  -12.710 0.6999999881
1842  7.568  -94.778  -12.718 0.6999999881
2935  7.288  -93.196  -12.400 0.6999999881
1831  9.303  -94.652  -11.173 0.6999999881
1832  8.784  -94.313  -11.078 0.6999999881
1840  8.811  -95.050  -11.930 0.6999999881
1833  8.384  -94.253  -11.440 0.6999999881
2323  8.103  -94.159  -11.660 0.6999999881
2926  7.803  -93.537  -11.542 0.6999999881
2322  10.287  -94.857  -11.425 0.6000000238
2317  8.345  -93.925  -10.824 0.6999999881
3544  7.806  -92.451  -10.646 0.6999999881
3567  7.152  -92.391  -13.010 0.6999999881
3555  7.643  -92.479  -11.961 0.6999999881
3581  6.910  -92.094  -13.837 0.6999999881
2315  9.541  -94.522  -10.503 0.6000000238
1823  9.144  -94.297  -10.332 0.6999999881
2316  8.670  -93.989  -10.275 0.6999999881
2313  10.831  -94.239  -10.682 0.6000000238
2301  8.703  -93.848  -8.670 0.6000000238
2904  10.322  -93.514  -8.618 0.6000000238
2896  10.112  -93.132  -7.855 0.5000000000
2299  9.865  -93.845  -8.528 0.6000000238
2307  8.752  -94.042  -9.619 0.6999999881
2913  7.991  -93.389  -9.180 0.6999999881
3538  7.586  -92.727  -9.216 0.6999999881
2305  9.962  -94.026  -9.129 0.6000000238
2306  9.347  -94.227  -9.540 0.6000000238
2920  8.088  -93.337  -10.156 0.6999999881
2912  10.706  -93.720  -9.599 0.6000000238
4185  7.846  -91.434  -12.696 0.6999999881
2891  7.009  -93.036  -6.868 0.6999999881
2890  7.477  -93.260  -6.986 0.6000000238
2899  7.377  -93.273  -7.594 0.6000000238
2283  8.242  -93.449  -7.323 0.6000000238
2906  7.509  -93.208  -8.226 0.6999999881
2293  9.003  -93.650  -7.813 0.6000000238
2302  8.227  -93.646  -8.848 0.6999999881
4138  7.782  -91.738  -9.656 0.6999999881
4150  8.047  -91.345  -10.592 0.6999999881
4166  7.972  -91.561  -11.549 0.6999999881
4806  8.709  -90.093  -11.501 0.6999999881
11963  1.521  -81.851  0.013 0.6000000238
13703  2.581  -80.238  0.581 0.6000000238
12849  2.303  -80.912  0.688 0.6000000238
14645  4.605  -79.583  -0.330 0.6000000238
14629  3.752  -79.567  0.335 0.6000000238
14632  2.190  -79.629  0.314 0.6000000238
12872  1.411  -81.047  -0.393 0.6000000238
14668  4.070  -78.526  -0.278 0.6000000238
14648  2.637  -78.714  0.370 0.6000000238
13740  1.362  -79.745  -0.448 0.6000000238
12888  1.142  -80.657  -1.019 0.6000000238
12902  0.884  -80.490  -2.172 0.6000000238
15562  2.903  -78.110  0.109 0.6000000238
14649  1.826  -78.975  0.067 0.6000000238
15590  4.399  -77.665  -1.252 0.6000000238
15591  3.323  -77.375  -1.211 0.6000000238
15575  2.639  -77.730  -0.449 0.6000000238
16465  2.818  -76.986  -1.800 0.6999999881
15593  1.438  -77.206  -1.214 0.6999999881
15622  3.389  -77.190  -1.858 0.6999999881
16524  3.531  -76.695  -3.640 0.6999999881
16493  2.536  -76.493  -2.617 0.6999999881
16466  1.967  -76.720  -1.716 0.6999999881
15594  0.865  -77.171  -1.595 0.6999999881
17402  2.065  -75.613  -2.921 0.6999999881
17454  4.151  -75.814  -5.176 0.6999999881
17453  5.602  -75.602  -5.081 0.6999999881
17477  5.280  -74.694  -5.697 0.6999999881
19565  5.911  -73.409  -5.894 0.6999999881
18498  4.184  -73.827  -6.462 0.6999999881
19591  4.935  -73.314  -6.419 0.6999999881
20673  6.046  -72.531  -6.161 0.6999999881
21734  6.813  -71.883  -5.986 0.6000000238
19568  2.487  -73.553  -5.812 0.6999999881
21735  5.981  -71.893  -6.664 0.6999999881
22877  5.832  -71.288  -7.152 0.6999999881
22893  6.829  -70.598  -6.878 0.6000000238
21751  4.985  -71.721  -7.213 0.6999999881
25206  6.936  -69.195  -7.501 0.6000000238
26343  7.673  -67.906  -7.621 0.6000000238
25207  5.913  -69.323  -7.743 0.6999999881
24048  4.559  -69.970  -7.729 0.6999999881
25224  5.357  -68.656  -7.812 0.6999999881
26361  7.345  -67.715  -8.302 0.6000000238
26344  6.881  -68.326  -7.903 0.6000000238
28593  8.906  -65.889  -8.584 0.5000000000
27461  7.819  -67.164  -8.743 0.5000000000
26362  6.510  -67.848  -8.604 0.6000000238
26346  4.938  -67.872  -7.918 0.6000000238
25391  18.931  -68.450  -17.294 0.1000000015
26538  18.364  -68.240  -18.982 0.1000000015
27620  16.700  -66.817  -16.112 0.1000000015
27639  16.210  -66.334  -16.465 0.1000000015
27619  17.659  -67.012  -16.221 0.1000000015
25404  19.317  -68.271  -18.034 0.1000000015
27673  14.522  -66.378  -19.306 0.1000000015
26560  19.737  -67.395  -18.947 0.1000000015
26562  17.959  -67.564  -19.443 0.1000000015
27671  16.523  -66.722  -19.812 0.1000000015
28728  13.167  -66.233  -16.943 0.1000000015
27641  14.947  -66.157  -17.094 0.1000000015
29842  13.266  -64.873  -18.033 0.2000000030
28753  11.527  -65.400  -17.594 0.3000000119
28754  10.381  -65.330  -17.672 0.4000000060
28732  9.068  -65.580  -16.802 0.4000000060
28734  7.871  -65.095  -16.108 0.4000000060
27640  15.621  -66.247  -16.788 0.1000000015
29841  14.288  -65.015  -17.948 0.2000000030
28724  18.079  -66.262  -16.501 0.1000000015
29838  16.924  -64.785  -17.457 0.1000000015
29839  15.889  -65.046  -17.677 0.2000000030
26523  18.890  -67.503  -16.820 0.1000000015
27638  18.958  -66.529  -16.974 0.1000000015
26522  19.492  -67.379  -17.394 0.1000000015
26521  19.995  -66.958  -17.795 0.1000000015
27667  20.297  -66.722  -19.144 0.1000000015
27669  18.583  -66.860  -19.708 0.1000000015
28790  17.201  -65.984  -19.977 0.1000000015
28791  16.196  -65.857  -19.826 0.1000000015
28804  18.922  -65.437  -20.459 0.1000000015
28806  16.857  -65.222  -20.242 0.1000000015
29843  12.168  -64.801  -18.200 0.2000000030
29845  9.769  -64.299  -18.053 0.4000000060
29846  8.766  -64.403  -17.281 0.4000000060
29867  12.856  -64.072  -18.549 0.2000000030
30956  19.295  -63.782  -17.599 0.1000000015
29837  17.956  -64.709  -17.195 0.1000000015
29864  16.291  -64.252  -18.036 0.2000000030
29866  13.962  -64.189  -18.376 0.2000000030
30978  12.458  -63.207  -19.002 0.2000000030
30962  2.174  -63.393  -17.349 0.3000000119
29835  19.868  -64.564  -17.454 0.1000000015
27637  19.788  -66.373  -17.505 0.1000000015
30983  3.094  -63.192  -18.147 0.3000000119
28744  20.414  -65.408  -17.648 0.1000000015
27651  20.549  -66.473  -18.547 0.1000000015
28787  20.253  -66.201  -19.803 0.1000000015
27668  19.547  -66.877  -19.546 0.1000000015
29894  19.644  -64.636  -20.697 0.1000000015
29895  18.564  -64.614  -20.746 0.1000000015
28805  17.865  -65.353  -20.423 0.1000000015
32014  17.602  -62.507  -18.379 0.3000000119
30974  16.974  -63.513  -18.238 0.2000000030
30973  18.030  -63.366  -18.006 0.1000000015
30976  14.659  -63.405  -18.653 0.4000000060
30954  21.041  -63.386  -17.769 0.1000000015
30955  20.227  -63.631  -17.640 0.2000000030
30982  3.912  -63.561  -18.687 0.2000000030
29834  20.758  -64.300  -17.667 0.1000000015
28769  21.502  -65.117  -18.744 0.1000000015
28801  21.258  -65.297  -19.597 0.1000000015
29833  21.471  -63.898  -17.947 0.1000000015
28743  21.284  -64.827  -18.014 0.1000000015
29882  21.807  -64.598  -19.199 0.1000000015
30998  21.455  -63.794  -20.540 0.1000000015
31024  18.658  -63.235  -21.157 0.1000000015
32013  18.844  -62.607  -18.131 0.3000000119
32015  16.495  -62.575  -18.781 0.4000000060
32033  14.592  -61.973  -19.397 0.5000000000
32017  14.169  -62.578  -19.072 0.3000000119
31999  20.580  -62.729  -17.933 0.2000000030
32009  22.440  -62.672  -18.550 0.3000000119
32032  22.554  -62.938  -19.440 0.1000000015
32050  22.105  -62.808  -20.310 0.2000000030
29862  21.870  -64.225  -18.581 0.1000000015
30997  22.165  -63.758  -19.930 0.1000000015
32051  21.156  -62.746  -20.981 0.1000000015
32052  20.092  -63.016  -21.302 0.1000000015
33054  20.366  -61.388  -21.870 0.2000000030
32073  18.670  -62.542  -21.570 0.1000000015
34041  3.876  -60.014  -19.318 0.3000000119
33082  20.185  -60.791  -22.126 0.2000000030
36363  18.613  -58.638  -22.662 0.2000000030
32991  18.258  -61.619  -18.678 0.6000000238
32990  19.367  -61.563  -18.581 0.6000000238
34014  19.855  -60.675  -19.007 0.5000000000
35113  20.119  -59.521  -19.412 0.6999999881
32979  21.838  -61.880  -18.099 0.5000000000
35112  21.271  -59.393  -18.868 0.6999999881
36293  20.802  -58.526  -19.304 0.6999999881
32986  22.900  -60.905  -18.759 0.4000000060
33033  21.941  -61.805  -20.741 0.2000000030
33031  23.228  -60.931  -19.686 0.3000000119
34082  21.893  -60.617  -21.150 0.2000000030
34040  4.759  -59.994  -19.081 0.4000000060
34060  22.385  -60.822  -20.760 0.2000000030
35181  22.120  -59.872  -21.355 0.2000000030
35182  21.133  -59.752  -21.814 0.2000000030
36346  21.582  -58.774  -21.787 0.2000000030
35183  20.357  -59.678  -22.175 0.2000000030
36362  19.856  -58.765  -22.419 0.2000000030
37519  19.148  -57.626  -22.786 0.2000000030
37521  17.048  -57.842  -22.865 0.2000000030
34011  22.928  -60.136  -18.807 0.5000000000
35156  23.340  -59.495  -20.358 0.5000000000
35157  22.856  -60.053  -20.795 0.5000000000
37497  22.102  -58.166  -21.718 0.2000000030
37496  22.698  -57.628  -21.604 0.5000000000
37518  20.325  -57.499  -22.473 0.3000000119
38636  20.895  -56.423  -22.432 0.2000000030
38637  19.575  -56.305  -23.004 0.2000000030
38638  18.424  -56.759  -23.071 0.3000000119
39698  20.371  -55.346  -22.657 0.5000000000
39699  19.354  -55.114  -23.022 0.4000000060
38654  18.637  -55.877  -23.277 0.2000000030
38639  17.408  -56.955  -23.056 0.2000000030
40906  19.024  -54.093  -23.104 0.4000000060
39700  18.727  -54.782  -23.305 0.3000000119
39709  17.433  -55.422  -23.855 0.2000000030
38656  16.763  -56.356  -23.650 0.2000000030
37454  20.650  -57.489  -19.739 0.8000000119
36291  22.317  -58.045  -18.666 0.6999999881
37440  21.509  -57.279  -19.049 0.6999999881
35110  23.009  -58.710  -18.841 0.6999999881
38635  22.028  -56.417  -22.317 0.4000000060
37465  6.489  -57.627  -19.383 0.4000000060
36332  5.156  -58.661  -20.051 0.4000000060
39696  22.530  -55.485  -22.398 0.6999999881
40904  20.996  -54.450  -22.535 0.5000000000
37481  8.536  -56.965  -20.691 0.2000000030
36330  6.940  -57.983  -20.721 0.4000000060
42027  19.543  -53.330  -22.929 0.3000000119
38672  15.867  -56.872  -24.181 0.1000000015
37503  9.792  -57.654  -21.794 0.1000000015
37504  8.764  -57.490  -21.364 0.3000000119
36329  7.566  -57.767  -20.973 0.3000000119
42034  19.012  -53.034  -23.363 0.4000000060
42036  18.055  -53.635  -24.133 0.4000000060
40913  17.322  -55.006  -24.244 0.2000000030
38671  16.558  -56.179  -24.692 0.1000000015
37527  11.676  -58.212  -22.407 0.1000000015
37528  10.494  -58.251  -22.278 0.1000000015
43150  17.861  -52.725  -24.747 0.4000000060
42049  17.270  -54.036  -24.761 0.2000000030
36351  9.617  -58.282  -22.065 0.2000000030
35162  7.522  -58.461  -21.073 0.4000000060
39710  17.031  -55.500  -24.357 0.2000000030
38689  16.383  -55.910  -25.249 0.1000000015
37583  14.863  -57.072  -25.306 0.1000000015
38673  14.185  -56.794  -25.350 0.1000000015
36413  12.352  -58.098  -24.578 0.1000000015
36370  12.054  -58.665  -23.365 0.1000000015
36391  11.659  -58.687  -24.059 0.1000000015
36372  9.781  -58.778  -22.417 0.2000000030
43158  17.325  -53.355  -24.981 0.3000000119
42057  16.949  -53.797  -25.106 0.2000000030
42058  16.096  -53.564  -25.384 0.2000000030
36352  8.997  -58.468  -21.895 0.4000000060
39740  15.092  -55.415  -25.503 0.1000000015
38692  14.078  -56.236  -25.263 0.1000000015
39742  13.788  -55.938  -25.085 0.1000000015
37569  12.049  -57.297  -24.761 0.1000000015
35207  10.404  -59.226  -23.222 0.2000000030
36373  9.174  -58.947  -22.275 0.2000000030
35188  8.814  -59.066  -22.143 0.5000000000
39725  13.332  -55.466  -24.736 0.3000000119
38676  11.661  -56.343  -24.544 0.2000000030
36415  10.757  -57.766  -24.507 0.2000000030
36392  10.499  -58.581  -24.059 0.2000000030
35224  9.664  -59.186  -23.604 0.3000000119
38677  10.981  -56.619  -24.493 0.2000000030
37548  9.981  -57.530  -24.366 0.2000000030
2349  14.555  -93.587  -14.922 0.4000000060
2952  14.423  -92.893  -14.643 0.4000000060
3619  13.643  -91.893  -16.438 0.5000000000
1870  14.808  -94.732  -16.019 0.4000000060
1411  14.626  -95.472  -16.708 0.4000000060
2361  15.505  -94.370  -15.312 0.4000000060
10802  27.900  -84.137  -42.986 0.3000000119
36317  5.686  -58.422  -19.637 0.4000000060
1288  18.115  -97.468  -38.284 0.2000000030
2436  9.603  -94.280  -21.748 0.6999999881
2144  20.982  -94.996  -37.887 0.3000000119
3253  21.500  -93.859  -38.781 0.3000000119
748  10.596  -98.509  -19.460 0.6000000238
4490  23.582  -91.684  -37.735 0.3000000119
4514  22.855  -91.596  -39.694 0.3000000119
4502  23.711  -91.530  -38.531 0.3000000119
5171  23.339  -91.166  -40.979 0.3000000119
5198  23.994  -90.768  -43.089 0.3000000119
5208  23.962  -90.328  -44.021 0.3000000119
5871  22.512  -89.043  -45.376 0.2000000030
6601  22.169  -88.675  -45.682 0.2000000030
32024  3.809  -62.426  -18.780 0.3000000119
37438  23.005  -56.947  -18.809 0.6999999881
43149  18.399  -52.239  -24.553 0.4000000060
43137  18.721  -52.580  -24.037 0.4000000060
6613  19.801  -88.423  -45.829 0.2000000030
30993  4.395  -62.967  -18.953 0.2000000030
28733  8.300  -65.113  -16.606 0.4000000060
3975  17.777  -92.512  -46.716 0.1000000015
4605  18.168  -91.080  -46.415 0.2000000030
5228  18.795  -90.271  -46.246 0.2000000030
5885  19.421  -89.393  -45.876 0.2000000030
32993  16.076  -61.786  -19.376 0.5000000000
36304  20.015  -58.421  -19.857 0.8000000119
36353  8.081  -58.108  -21.416 0.3000000119
40905  19.933  -54.304  -22.674 0.5000000000
35209  9.064  -59.322  -22.687 0.3000000119
36290  23.018  -57.655  -18.815 0.6999999881
32016  15.305  -62.542  -19.116 0.5000000000
34027  23.436  -60.266  -19.561 0.4000000060
34059  23.127  -60.579  -20.222 0.4000000060
35180  22.857  -59.352  -21.027 0.2000000030
38622  23.239  -57.008  -21.476 0.6000000238
40903  22.055  -54.535  -22.577 0.5000000000
2376  13.259  -94.150  -16.689 0.4000000060
1431  11.551  -97.058  -18.427 0.5000000000
2400  11.910  -95.245  -18.772 0.6000000238
1918  11.492  -95.660  -19.033 0.5000000000
2992  12.410  -93.412  -18.290 0.5000000000
1701  19.607  -96.405  -38.398 0.3000000119
1713  20.342  -96.134  -39.173 0.1000000015
2739  19.395  -94.441  -42.979 0.1000000015
2209  19.568  -94.582  -42.720 0.1000000015
1761  19.615  -94.884  -41.720 0.1000000015
1759  20.138  -94.978  -41.888 0.1000000015
2362  14.768  -94.133  -15.283 0.4000000060
1040  12.578  -97.723  -17.673 0.5000000000
297  11.574  -99.544  -19.985 0.5000000000
1050  11.473  -97.984  -18.436 0.5000000000
2161  21.013  -95.331  -38.482 0.1000000015
2694  21.386  -94.289  -40.621 0.1000000015
2750  18.954  -93.678  -44.081 0.1000000015
3321  18.873  -92.932  -43.232 0.1000000015
1737  20.326  -95.133  -40.996 0.1000000015
2193  20.860  -94.951  -41.096 0.1000000015
2199  20.341  -94.827  -42.543 0.1000000015
2198  20.846  -94.784  -42.263 0.1000000015
2208  20.006  -94.745  -43.048 0.1000000015
724  12.280  -98.494  -18.070 0.5000000000
4230  14.033  -91.031  -15.586 0.5000000000
2738  21.253  -94.407  -43.102 0.1000000015
3296  21.526  -93.412  -41.556 0.2000000030
2207  20.654  -94.618  -43.379 0.1000000015
2222  19.884  -93.728  -44.981 0.1000000015
3348  18.541  -93.574  -46.839 0.1000000015
3962  19.210  -92.296  -45.836 0.1000000015
2761  20.015  -93.612  -44.844 0.1000000015
3342  19.485  -93.113  -45.373 0.1000000015
4597  19.515  -91.348  -45.624 0.1000000015
5220  19.345  -90.442  -45.853 0.2000000030
2304  15.127  -94.345  -9.077 0.2000000030
4115  14.500  -91.549  -7.861 0.3000000119
4529  22.123  -91.998  -40.742 0.3000000119
2747  20.985  -94.175  -43.880 0.1000000015
3934  21.394  -92.903  -43.089 0.1000000015
3329  21.053  -93.541  -44.295 0.1000000015
3341  20.249  -93.269  -44.847 0.1000000015
4553  21.480  -91.963  -42.606 0.2000000030
4566  21.254  -92.083  -43.474 0.1000000015
3961  19.933  -92.260  -45.210 0.1000000015
4582  20.366  -91.555  -44.750 0.1000000015
3946  21.223  -92.816  -43.924 0.1000000015
5211  20.723  -90.683  -44.394 0.1000000015
5853  21.497  -90.006  -43.983 0.3000000119
5212  20.187  -90.543  -44.954 0.1000000015
5864  20.496  -90.046  -44.775 0.1000000015
5884  20.053  -88.870  -45.716 0.2000000030
5873  20.364  -89.431  -45.300 0.2000000030
2256  13.736  -94.616  -1.519 0.1000000015
4515  22.359  -91.912  -40.152 0.3000000119
4542  22.028  -91.680  -41.624 0.3000000119
4513  23.644  -91.397  -39.482 0.3000000119
5181  22.875  -90.978  -41.618 0.3000000119
5210  22.491  -89.693  -44.157 0.3000000119
5199  23.252  -90.361  -43.327 0.3000000119
5192  21.932  -90.976  -42.592 0.3000000119
5191  22.682  -90.652  -42.540 0.3000000119
14670  1.156  -78.640  -0.558 0.6000000238
24235  18.338  -69.261  -17.634 0.1000000015
26503  18.216  -67.953  -16.463 0.1000000015
26537  19.216  -68.062  -18.665 0.1000000015
28748  16.433  -65.818  -17.011 0.1000000015
27618  18.392  -67.057  -16.545 0.1000000015
26536  19.796  -67.575  -18.157 0.1000000015
26535  20.190  -66.895  -18.199 0.1000000015
26561  18.930  -67.567  -19.294 0.1000000015
27670  17.565  -66.815  -19.818 0.1000000015
28751  13.685  -65.606  -17.523 0.2000000030
28727  14.179  -66.236  -17.043 0.1000000015
28749  15.423  -65.693  -17.322 0.1000000015
29844  10.997  -64.703  -18.353 0.3000000119
28755  9.373  -65.168  -17.430 0.4000000060
29865  15.146  -64.391  -18.192 0.2000000030
28746  18.485  -65.538  -16.982 0.1000000015
28747  17.498  -65.524  -16.867 0.1000000015
28745  19.414  -65.532  -17.318 0.1000000015
27636  20.418  -66.368  -17.917 0.1000000015
28786  21.006  -65.851  -19.198 0.1000000015
28788  19.256  -66.166  -19.986 0.1000000015
28789  18.227  -66.063  -19.987 0.1000000015
28803  19.967  -65.466  -20.297 0.1000000015
29869  10.676  -63.670  -18.567 0.5000000000
30972  18.748  -63.391  -17.818 0.3000000119
32001  19.147  -63.207  -17.844 0.1000000015
30957  18.420  -64.016  -17.625 0.1000000015
29836  18.915  -64.695  -17.343 0.1000000015
30958  17.553  -64.119  -17.774 0.1000000015
30975  15.817  -63.455  -18.515 0.2000000030
28770  21.019  -65.769  -18.260 0.1000000015
28802  20.916  -65.472  -19.994 0.1000000015
29893  20.699  -64.671  -20.463 0.1000000015
31000  19.261  -63.720  -20.972 0.1000000015
29863  16.948  -64.199  -17.922 0.1000000015
32000  19.681  -63.049  -17.897 0.3000000119
29892  21.563  -64.669  -19.876 0.1000000015
30953  21.589  -63.193  -17.929 0.2000000030
29881  22.076  -64.097  -19.132 0.1000000015
30999  20.401  -63.777  -20.872 0.1000000015
32072  19.732  -62.360  -21.678 0.1000000015
32992  17.152  -61.623  -19.068 0.6000000238
32980  21.073  -62.005  -18.093 0.5000000000
32011  20.523  -62.129  -18.155 0.5000000000
31997  22.118  -62.225  -18.165 0.2000000030
30970  22.310  -63.636  -18.850 0.2000000030
33006  22.942  -62.035  -19.021 0.2000000030
32987  22.434  -61.442  -18.515 0.5000000000
33032  22.757  -61.647  -19.914 0.2000000030
33053  21.224  -61.673  -21.308 0.2000000030
32071  20.549  -62.256  -21.469 0.1000000015
34083  21.334  -60.702  -21.540 0.2000000030
33055  19.267  -61.709  -22.004 0.1000000015
33084  18.812  -61.078  -22.368 0.1000000015
35200  19.713  -59.734  -22.388 0.2000000030
35201  18.999  -59.554  -22.540 0.2000000030
34017  17.190  -60.951  -19.411 0.6000000238
34016  17.801  -60.871  -19.208 0.6999999881
34015  18.818  -60.734  -19.128 0.6999999881
32989  20.454  -61.481  -18.437 0.5000000000
32988  21.458  -61.253  -18.348 0.6000000238
31998  21.478  -62.600  -17.956 0.3000000119
34012  21.909  -60.296  -18.495 0.6000000238
34013  20.874  -60.448  -18.769 0.6000000238
33005  23.185  -61.104  -19.073 0.3000000119
34039  5.713  -60.121  -18.899 0.4000000060
36345  22.446  -58.725  -21.423 0.3000000119
36347  20.753  -59.055  -22.049 0.2000000030
36361  20.826  -58.321  -22.130 0.2000000030
37520  18.037  -57.745  -22.886 0.2000000030
36292  21.540  -58.385  -18.854 0.6999999881
35111  22.224  -59.161  -18.587 0.6999999881
37517  21.626  -57.541  -22.090 0.3000000119
37516  22.390  -57.034  -22.069 0.4000000060
38653  19.107  -55.653  -23.216 0.3000000119
38655  17.777  -56.067  -23.367 0.2000000030
39708  18.167  -55.160  -23.518 0.2000000030
40911  18.346  -54.260  -23.604 0.3000000119
40912  17.668  -54.508  -24.140 0.2000000030
39697  21.489  -55.446  -22.444 0.5000000000
37464  7.376  -57.299  -19.464 0.3000000119
38629  9.400  -56.838  -21.092 0.1000000015
38690  15.718  -56.489  -25.314 0.1000000015
42048  17.547  -53.755  -24.592 0.3000000119
40937  16.486  -54.532  -25.321 0.2000000030
39739  16.058  -55.379  -25.478 0.2000000030
37568  12.990  -57.417  -24.965 0.1000000015
36412  13.264  -58.162  -24.684 0.1000000015
36414  11.427  -58.011  -24.505 0.2000000030
35208  10.032  -59.268  -23.061 0.2000000030
40938  15.551  -54.439  -25.462 0.3000000119
38675  12.653  -56.442  -24.780 0.1000000015
37570  11.252  -57.232  -24.631 0.2000000030
962  5.912  -98.158  -37.628 0.2000000030
1298  5.762  -97.346  -38.038 0.2000000030
987  7.765  -97.893  -39.057 0.2000000030
4964  16.362  -90.444  -23.827 0.4000000060
4977  16.064  -89.984  -24.879 0.3000000119
4978  15.306  -90.695  -24.596 0.4000000060
4325  15.733  -91.643  -23.542 0.3000000119
4326  14.839  -91.880  -23.722 0.4000000060
4997  15.483  -90.396  -25.495 0.4000000060
4338  14.490  -91.452  -24.532 0.4000000060
4355  14.517  -91.199  -25.488 0.4000000060
3709  13.612  -92.273  -24.582 0.5000000000
4367  15.138  -91.303  -26.131 0.4000000060
4356  14.024  -91.717  -25.815 0.5000000000
3710  13.159  -92.503  -25.278 0.5000000000
3737  13.882  -92.240  -26.263 0.5000000000
3738  13.082  -92.588  -26.354 0.5000000000
3091  12.739  -92.860  -25.733 0.5000000000
3103  14.503  -93.227  -26.715 0.6000000238
3118  12.739  -93.506  -27.228 0.5000000000
3105  12.565  -93.171  -26.531 0.5000000000
1151  11.272  -97.225  -26.241 0.5000000000
1152  10.707  -97.700  -26.646 0.5000000000
2510  14.500  -94.572  -26.680 0.6000000238
3116  14.061  -94.210  -27.377 0.6000000238
3117  13.449  -93.741  -27.423 0.6000000238
2527  12.634  -94.231  -27.768 0.5000000000
2023  11.532  -95.515  -27.525 0.6000000238
1554  11.196  -96.208  -27.363 0.5000000000
2007  14.325  -95.727  -26.667 0.6000000238
1869  15.771  -94.811  -15.736 0.3000000119
4996  16.346  -90.009  -25.757 0.4000000060
3694  15.143  -92.232  -23.378 0.3000000119
3695  14.536  -92.777  -23.239 0.4000000060
5014  15.769  -90.661  -26.162 0.4000000060
3708  14.204  -92.159  -23.910 0.5000000000
3734  16.093  -92.012  -26.166 0.4000000060
3077  13.400  -93.064  -24.040 0.5000000000
3102  15.003  -92.590  -26.307 0.5000000000
3090  14.957  -93.440  -26.070 0.6000000238
2496  12.227  -93.912  -25.604 0.5000000000
1518  11.591  -96.575  -25.783 0.5000000000
1133  11.177  -97.632  -25.626 0.5000000000
2497  11.788  -94.540  -26.133 0.5000000000
2512  11.633  -94.960  -26.795 0.5000000000
1996  11.673  -95.366  -25.846 0.5000000000
1994  14.783  -95.162  -25.600 0.6000000238
5124  28.970  -90.621  -34.418 0.5000000000
5138  29.043  -90.855  -35.636 0.6000000238
5139  28.139  -90.466  -35.490 0.5000000000
5157  28.078  -90.329  -38.226 0.6999999881
5816  27.462  -89.709  -38.570 0.6999999881
2337  16.776  -94.765  -13.199 0.2000000030
5624  16.851  -89.579  -24.502 0.2000000030
5609  16.899  -89.699  -23.871 0.2000000030
1879  16.119  -95.135  -15.990 0.3000000119
1410  15.486  -95.572  -16.680 0.3000000119
5637  17.116  -89.631  -25.338 0.3000000119
4324  16.351  -91.232  -23.434 0.3000000119
4311  16.077  -92.238  -23.178 0.3000000119
4365  16.515  -91.243  -26.296 0.4000000060
3723  15.904  -92.405  -25.972 0.5000000000
3682  14.957  -93.064  -22.820 0.4000000060
3057  13.774  -93.557  -23.264 0.4000000060
3075  16.359  -93.346  -25.241 0.4000000060
551  11.231  -98.939  -24.016 0.5000000000
3089  15.347  -92.914  -25.976 0.5000000000
2480  15.752  -93.897  -25.151 0.6000000238
3078  12.874  -93.153  -24.778 0.5000000000
2481  12.590  -94.117  -24.561 0.5000000000
806  11.238  -98.271  -24.600 0.5000000000
1122  11.490  -97.230  -24.917 0.5000000000
537  11.283  -99.429  -23.555 0.5000000000
1993  15.211  -94.306  -25.401 0.6000000238
1980  12.203  -95.211  -24.811 0.5000000000
1506  11.852  -96.415  -24.711 0.5000000000
1978  15.593  -94.839  -24.772 0.6000000238
5104  29.653  -90.780  -32.833 0.5000000000
5105  29.037  -90.448  -33.160 0.5000000000
4439  30.068  -91.267  -33.017 0.5000000000
5091  28.425  -90.022  -32.395 0.5000000000
5125  27.784  -90.187  -34.539 0.5000000000
5145  27.505  -90.201  -36.374 0.5000000000
5149  27.747  -90.289  -37.451 0.6000000238
5809  27.207  -89.542  -37.143 0.6000000238
5823  27.406  -89.382  -39.919 0.6999999881
6520  27.602  -88.402  -39.296 0.6000000238
6534  27.595  -88.442  -40.469 0.6999999881
6548  27.634  -88.325  -41.337 0.5000000000
7360  27.950  -87.866  -40.988 0.5000000000
3472  11.946  -91.945  -2.984 0.1000000015
3473  11.683  -92.465  -2.615 0.2000000030
4086  12.720  -91.329  -4.460 0.2000000030
1828  15.809  -95.097  -10.427 0.1000000015
2320  16.087  -94.769  -11.216 0.1000000015
1837  16.255  -95.369  -11.174 0.1000000015
1856  17.392  -95.585  -13.369 0.1000000015
1862  17.146  -95.311  -14.385 0.2000000030
1861  17.598  -95.776  -14.164 0.2000000030
4947  16.748  -91.034  -23.193 0.2000000030
1868  16.496  -95.088  -15.409 0.3000000119
1401  17.229  -95.933  -15.282 0.3000000119
4310  16.541  -91.817  -23.151 0.3000000119
3679  16.866  -92.121  -22.677 0.3000000119
1409  16.457  -95.710  -16.409 0.3000000119
1408  17.280  -96.344  -16.114 0.3000000119
1028  17.002  -96.502  -16.790 0.3000000119
5636  17.882  -89.790  -25.406 0.3000000119
1419  15.858  -95.936  -16.971 0.3000000119
1038  14.190  -97.127  -17.657 0.3000000119
4995  17.335  -90.393  -25.993 0.4000000060
3706  17.931  -92.341  -25.238 0.4000000060
3680  16.350  -92.603  -22.627 0.3000000119
3025  15.945  -93.339  -21.981 0.3000000119
1037  15.069  -96.720  -17.693 0.3000000119
4351  17.775  -91.381  -25.698 0.3000000119
3037  15.791  -92.975  -22.558 0.3000000119
3026  15.124  -93.742  -22.098 0.4000000060
3707  17.283  -92.524  -25.459 0.4000000060
3040  13.945  -94.136  -22.739 0.5000000000
2445  14.111  -94.703  -22.252 0.5000000000
299  11.950  -99.583  -20.220 0.5000000000
2463  13.322  -94.178  -23.509 0.5000000000
2446  13.480  -94.703  -22.978 0.5000000000
1110  11.907  -97.377  -23.996 0.5000000000
793  11.751  -98.578  -23.438 0.5000000000
507  11.939  -99.914  -21.665 0.5000000000
2464  12.936  -94.703  -23.844 0.5000000000
1494  12.080  -96.633  -24.146 0.5000000000
780  12.045  -98.845  -22.902 0.5000000000
522  11.864  -99.499  -22.536 0.5000000000
1503  15.477  -95.769  -24.491 0.5000000000
5086  28.823  -90.038  -31.616 0.4000000060
5085  29.578  -90.399  -31.220 0.5000000000
5084  30.373  -90.986  -30.999 0.5000000000
4436  30.560  -91.478  -32.051 0.5000000000
5756  27.644  -89.400  -32.726 0.4000000060
5791  26.831  -89.480  -35.274 0.5000000000
5799  26.955  -89.573  -36.062 0.5000000000
6484  27.226  -88.735  -36.277 0.5000000000
6504  27.571  -88.524  -37.795 0.5000000000
7343  28.083  -87.747  -40.228 0.5000000000
7382  28.544  -86.876  -42.801 0.3000000119
3466  11.124  -92.646  -1.407 0.2000000030
3467  10.645  -92.385  -0.652 0.2000000030
4716  11.826  -90.794  -4.047 0.2000000030
4065  11.525  -91.545  -2.782 0.2000000030
4727  11.953  -90.510  -4.705 0.2000000030
1822  15.142  -94.811  -9.066 0.1000000015
1346  15.624  -95.684  -8.549 0.1000000015
2312  15.452  -94.520  -9.761 0.1000000015
1829  15.506  -95.054  -9.701 0.1000000015
1354  15.445  -95.373  -9.202 0.1000000015
1361  15.737  -95.336  -9.957 0.1000000015
1360  16.226  -95.776  -10.415 0.1000000015
2326  16.480  -94.915  -12.067 0.1000000015
1836  16.610  -95.569  -11.608 0.1000000015
5608  17.520  -89.214  -23.613 0.2000000030
1845  16.863  -95.465  -12.328 0.1000000015
4946  17.302  -90.199  -22.783 0.2000000030
1379  18.370  -96.206  -13.461 0.2000000030
5623  17.767  -89.348  -24.710 0.2000000030
4309  17.078  -91.475  -22.643 0.2000000030
1391  17.939  -96.291  -14.512 0.2000000030
1390  18.821  -96.547  -14.399 0.2000000030
4300  17.471  -91.189  -21.814 0.2000000030
1400  17.674  -96.599  -15.549 0.2000000030
3671  17.180  -92.402  -21.995 0.2000000030
1027  17.727  -96.926  -16.435 0.3000000119
4336  18.492  -91.436  -25.140 0.3000000119
3672  16.608  -92.952  -22.079 0.3000000119
3015  17.557  -93.104  -20.728 0.3000000119
1034  18.079  -97.043  -17.371 0.3000000119
719  16.420  -97.056  -17.755 0.3000000119
3024  16.797  -93.334  -21.525 0.3000000119
2431  17.012  -93.946  -20.912 0.3000000119
1929  17.337  -94.883  -19.338 0.2000000030
1916  17.893  -95.243  -18.644 0.3000000119
744  15.914  -97.127  -18.515 0.3000000119
733  15.348  -97.199  -18.339 0.3000000119
722  13.985  -97.972  -17.891 0.4000000060
3073  18.124  -93.173  -24.450 0.4000000060
2433  15.460  -94.111  -21.549 0.3000000119
2421  16.611  -94.449  -20.460 0.3000000119
1452  16.771  -95.758  -19.325 0.3000000119
745  15.138  -97.396  -18.846 0.4000000060
734  14.534  -97.806  -18.503 0.4000000060
482  12.296  -98.945  -18.614 0.4000000060
2434  14.773  -94.326  -21.906 0.5000000000
1942  15.155  -94.812  -21.209 0.5000000000
1931  15.853  -95.063  -20.488 0.4000000060
489  13.219  -99.028  -19.266 0.4000000060
3074  17.241  -93.212  -25.007 0.4000000060
505  12.983  -99.130  -20.945 0.5000000000
498  12.482  -99.455  -20.502 0.4000000060
2479  16.493  -94.080  -24.630 0.4000000060
2447  13.071  -95.213  -23.348 0.5000000000
1483  12.697  -96.518  -22.958 0.5000000000
1099  12.860  -97.315  -22.393 0.5000000000
765  12.878  -98.570  -21.697 0.5000000000
506  12.387  -99.420  -21.485 0.5000000000
2462  16.855  -94.601  -24.105 0.4000000060
1969  12.661  -95.727  -23.673 0.5000000000
1109  12.386  -97.351  -23.167 0.5000000000
779  12.403  -98.357  -22.661 0.5000000000
521  12.474  -99.033  -22.138 0.5000000000
1490  17.929  -96.347  -23.037 0.4000000060
1977  16.310  -94.852  -24.281 0.4000000060
5008  32.859  -90.287  -25.945 0.2000000030
4988  33.407  -90.787  -25.427 0.1000000015
4345  33.494  -91.295  -24.829 0.1000000015
5650  32.492  -89.512  -26.554 0.1000000015
4346  32.830  -91.393  -25.484 0.2000000030
3714  32.899  -91.996  -25.077 0.2000000030
6328  31.753  -88.933  -26.958 0.2000000030
5672  30.415  -89.439  -27.847 0.3000000119
5022  31.170  -90.345  -26.979 0.2000000030
4372  31.335  -91.163  -27.057 0.2000000030
4371  31.542  -91.689  -26.841 0.3000000119
5691  29.676  -89.035  -29.039 0.2000000030
5044  30.389  -90.350  -29.299 0.4000000060
4390  31.084  -91.673  -29.489 0.4000000060
6371  29.323  -88.687  -29.525 0.2000000030
5741  28.249  -89.238  -31.441 0.3000000119
5775  27.546  -89.627  -33.470 0.5000000000
5757  27.425  -88.570  -32.896 0.3000000119
6443  27.397  -88.368  -33.678 0.3000000119
9905  28.067  -84.211  -42.073 0.2000000030
6465  27.200  -88.594  -35.324 0.4000000060
9086  28.394  -84.806  -43.909 0.4000000060
7325  28.242  -87.670  -39.434 0.5000000000
7358  29.294  -86.850  -41.610 0.3000000119
8211  29.589  -85.815  -43.430 0.3000000119
7341  29.356  -87.080  -39.414 0.3000000119
8177  29.925  -86.653  -41.100 0.3000000119
4561  6.921  -91.627  -42.480 0.2000000030
8191  29.927  -86.545  -42.164 0.3000000119
5843  10.822  -89.609  -41.725 0.4000000060
5204  10.526  -90.622  -42.942 0.3000000119
2258  10.805  -93.825  -0.838 0.2000000030
2854  10.501  -93.435  0.122 0.2000000030
4056  11.355  -91.767  -1.912 0.2000000030
4042  10.215  -91.875  -0.433 0.2000000030
4717  11.308  -90.926  -3.894 0.2000000030
4057  10.622  -91.649  -1.248 0.2000000030
1339  15.378  -95.542  -7.692 0.1000000015
4740  11.365  -90.542  -5.431 0.2000000030
4728  11.307  -90.711  -4.509 0.2000000030
1338  15.967  -95.700  -8.153 0.1000000015
1345  16.403  -95.971  -8.770 0.1000000015
1353  15.960  -96.009  -9.361 0.1000000015
1352  16.759  -96.275  -9.735 0.1000000015
1359  17.244  -96.276  -10.733 0.1000000015
1351  17.761  -96.286  -9.993 0.1000000015
1366  16.986  -96.009  -11.690 0.1000000015
1358  18.228  -96.295  -10.823 0.1000000015
1371  17.383  -95.816  -12.720 0.1000000015
1365  17.901  -96.332  -11.657 0.1000000015
1364  18.819  -96.244  -11.573 0.1000000015
1370  17.767  -96.171  -12.582 0.1000000015
1369  18.595  -96.227  -12.478 0.1000000015
1834  20.115  -95.372  -11.727 0.1000000015
1378  19.442  -96.147  -13.325 0.2000000030
1843  20.103  -95.396  -12.511 0.1000000015
1853  20.137  -95.653  -13.206 0.1000000015
3666  17.621  -91.933  -21.090 0.2000000030
1010  18.794  -97.002  -15.024 0.2000000030
1388  20.079  -96.164  -14.672 0.2000000030
3658  17.823  -91.925  -19.965 0.2000000030
1017  19.379  -96.863  -15.739 0.2000000030
1397  20.113  -96.088  -15.187 0.2000000030
2387  19.081  -94.727  -17.390 0.2000000030
1891  19.354  -95.534  -17.258 0.2000000030
1429  19.033  -96.364  -17.733 0.2000000030
2408  17.988  -94.454  -18.791 0.1000000015
2398  18.390  -94.557  -18.274 0.1000000015
1430  18.341  -96.235  -18.160 0.3000000119
1056  17.608  -96.612  -18.402 0.3000000119
1440  16.889  -96.281  -18.985 0.3000000119
1060  15.118  -97.323  -19.387 0.4000000060
746  14.489  -98.064  -19.404 0.4000000060
1943  14.329  -95.422  -21.544 0.5000000000
1454  15.267  -96.071  -20.094 0.5000000000
1068  14.664  -97.078  -20.190 0.5000000000
753  14.390  -97.954  -20.131 0.5000000000
747  13.762  -98.761  -19.476 0.4000000060
1467  14.380  -96.318  -21.012 0.5000000000
1081  14.049  -96.984  -21.022 0.5000000000
1069  13.981  -97.762  -20.643 0.5000000000
497  13.249  -99.080  -20.082 0.5000000000
2478  17.470  -93.967  -24.158 0.4000000060
1958  13.114  -95.691  -22.863 0.5000000000
1482  13.226  -96.543  -22.218 0.5000000000
1082  13.330  -97.428  -21.599 0.5000000000
6282  34.983  -88.413  -23.905 0.1000000015
6284  33.649  -88.640  -23.504 0.1000000015
4952  34.863  -89.828  -23.967 0.1000000015
5599  33.406  -89.624  -23.268 0.1000000015
5617  35.501  -89.204  -24.587 0.1000000015
4987  34.369  -90.581  -25.090 0.1000000015
4972  34.447  -90.487  -24.236 0.1000000015
4314  33.818  -91.021  -23.699 0.1000000015
5006  34.797  -90.058  -25.835 0.1000000015
5649  33.482  -89.589  -26.527 0.1000000015
3699  33.207  -91.872  -24.168 0.2000000030
3728  32.151  -91.987  -25.965 0.2000000030
3080  32.199  -92.587  -25.155 0.3000000119
3741  31.527  -92.101  -26.793 0.4000000060
6357  30.460  -88.634  -28.093 0.3000000119
3750  31.295  -92.090  -27.536 0.4000000060
3123  31.099  -92.375  -27.570 0.4000000060
7179  29.817  -87.936  -29.229 0.2000000030
6390  28.796  -88.380  -30.484 0.2000000030
6429  27.561  -87.922  -33.020 0.3000000119
7270  27.599  -88.264  -34.863 0.4000000060
9888  27.211  -84.692  -40.764 0.2000000030
7269  28.207  -88.048  -35.133 0.2000000030
7290  27.717  -88.340  -35.670 0.2000000030
9046  26.308  -85.255  -40.318 0.2000000030
7306  28.651  -87.757  -37.675 0.2000000030
6503  27.870  -88.243  -36.843 0.4000000060
7324  28.771  -87.413  -38.982 0.4000000060
9084  29.009  -84.742  -43.976 0.3000000119
8145  30.139  -86.946  -39.304 0.2000000030
9071  30.057  -85.179  -43.568 0.3000000119
8160  29.863  -86.719  -39.985 0.2000000030
8190  30.850  -86.533  -41.861 0.2000000030
8200  30.703  -86.204  -42.742 0.2000000030
5203  11.524  -90.477  -43.305 0.3000000119
4043  9.567  -91.776  0.062 0.2000000030
3460  10.229  -92.629  0.100 0.2000000030
4068  8.858  -91.466  -1.774 0.3000000119
4076  9.976  -91.320  -2.985 0.3000000119
4058  9.653  -91.474  -0.970 0.2000000030
4109  10.668  -91.315  -6.075 0.3000000119
4088  9.978  -91.298  -4.124 0.3000000119
4089  9.375  -91.544  -3.532 0.3000000119
4758  11.912  -90.259  -7.325 0.3000000119
4108  11.234  -90.715  -6.394 0.3000000119
4102  9.991  -91.545  -5.277 0.4000000060
1815  16.983  -95.646  -8.331 0.1000000015
4769  11.739  -90.651  -7.712 0.3000000119
4124  12.100  -90.947  -9.138 0.4000000060
4125  11.463  -91.471  -8.198 0.4000000060
1814  18.092  -95.547  -8.645 0.1000000015
1343  18.400  -95.999  -9.436 0.1000000015
1813  19.313  -95.411  -9.117 0.1000000015
4148  12.042  -92.149  -10.672 0.4000000060
1821  19.553  -95.495  -10.035 0.1000000015
1356  19.787  -95.828  -10.632 0.1000000015
1820  20.048  -95.135  -9.742 0.1000000015
1355  20.175  -95.545  -10.631 0.1000000015
2318  20.453  -94.592  -11.285 0.1000000015
2325  20.305  -94.943  -12.433 0.1000000015
2345  20.260  -95.241  -14.399 0.2000000030
2359  19.827  -94.614  -15.290 0.2000000030
1867  19.923  -95.643  -15.665 0.2000000030
2358  20.188  -95.189  -14.956 0.2000000030
3657  17.984  -92.605  -19.211 0.1000000015
2374  19.212  -94.110  -16.771 0.1000000015
2373  19.507  -94.702  -16.363 0.2000000030
3003  17.867  -92.997  -19.763 0.2000000030
3002  18.053  -93.614  -18.936 0.1000000015
2991  18.593  -93.654  -17.900 0.1000000015
9691  35.043  -84.629  -26.157 0.1000000015
9712  35.904  -84.037  -26.368 0.1000000015
8840  35.405  -85.612  -25.649 0.1000000015
8841  34.478  -85.318  -25.699 0.1000000015
9690  36.118  -85.010  -26.147 0.1000000015
7956  34.899  -86.628  -24.936 0.1000000015
7957  33.711  -86.598  -24.495 0.1000000015
7955  35.830  -87.074  -25.120 0.1000000015
7122  35.366  -87.685  -24.448 0.1000000015
7123  34.441  -87.279  -24.262 0.1000000015
7943  33.681  -87.110  -24.061 0.1000000015
6302  35.379  -88.484  -24.193 0.1000000015
6301  35.865  -88.477  -24.801 0.1000000015
5631  35.490  -89.619  -25.443 0.1000000015
5600  32.409  -89.798  -23.319 0.1000000015
4955  32.075  -90.747  -23.219 0.1000000015
5647  35.334  -89.583  -26.332 0.1000000015
5669  32.965  -89.118  -27.109 0.1000000015
4954  33.047  -90.594  -23.173 0.1000000015
4316  32.558  -91.491  -23.374 0.2000000030
5648  34.464  -89.613  -26.563 0.1000000015
6339  33.145  -88.658  -27.803 0.1000000015
3687  31.332  -92.632  -23.504 0.3000000119
3064  31.741  -92.974  -24.587 0.4000000060
3093  31.601  -92.645  -26.241 0.4000000060
2471  30.487  -94.096  -24.354 0.4000000060
7163  30.592  -87.902  -28.634 0.1000000015
3081  31.421  -93.138  -25.364 0.4000000060
3095  30.245  -93.599  -26.223 0.4000000060
7196  29.608  -87.452  -30.379 0.1000000015
7227  28.480  -87.412  -32.802 0.2000000030
7213  29.222  -87.304  -31.774 0.1000000015
7239  28.227  -87.568  -33.662 0.2000000030
9032  26.193  -85.505  -39.466 0.3000000119
8162  24.977  -86.373  -38.638 0.3000000119
8163  24.260  -86.780  -38.771 0.4000000060
7238  28.954  -87.465  -33.610 0.1000000015
9048  24.134  -85.886  -40.113 0.3000000119
7288  29.373  -87.727  -36.550 0.2000000030
7289  28.354  -88.038  -36.215 0.2000000030
7305  29.977  -87.526  -37.696 0.1000000015
10800  29.656  -83.279  -42.831 0.2000000030
7322  30.832  -87.280  -38.854 0.1000000015
10804  29.980  -83.846  -43.524 0.2000000030
9925  30.665  -84.574  -43.480 0.2000000030
8176  30.947  -86.736  -40.707 0.1000000015
8209  31.208  -85.873  -43.174 0.2000000030
6570  10.930  -88.574  -41.529 0.6000000238
5858  11.008  -89.713  -42.894 0.4000000060
8199  31.670  -86.243  -42.599 0.2000000030
5857  11.287  -89.517  -43.125 0.4000000060
5866  13.030  -89.860  -44.097 0.2000000030
2845  9.059  -93.156  2.344 0.3000000119
2248  10.556  -93.787  0.665 0.2000000030
3447  9.436  -92.597  1.088 0.2000000030
3414  8.330  -92.819  2.552 0.3000000119
2851  9.885  -93.346  1.166 0.2000000030
3448  8.298  -91.828  0.744 0.3000000119
2257  11.104  -94.178  -1.101 0.1000000015
3462  8.202  -91.543  -0.487 0.3000000119
3481  8.352  -91.719  -2.592 0.4000000060
3475  7.853  -91.648  -2.136 0.4000000060
3503  9.268  -91.863  -4.761 0.4000000060
3520  10.484  -92.434  -7.476 0.4000000060
3513  9.623  -92.301  -5.948 0.4000000060
4117  10.880  -91.726  -7.210 0.4000000060
4136  11.772  -91.828  -9.474 0.4000000060
3529  10.819  -92.624  -8.247 0.5000000000
3536  11.384  -92.879  -9.779 0.5000000000
1811  20.584  -94.476  -8.662 0.1000000015
2335  20.250  -94.843  -13.594 0.2000000030
2346  20.104  -94.662  -14.467 0.2000000030
2959  19.351  -93.676  -15.704 0.1000000015
10587  36.622  -83.276  -26.547 0.1000000015
10588  35.617  -83.133  -26.478 0.1000000015
8839  36.391  -85.821  -25.719 0.1000000015
7944  33.177  -87.054  -23.991 0.1000000015
7107  32.920  -87.852  -23.686 0.1000000015
7954  36.286  -87.258  -25.318 0.1000000015
6314  36.392  -88.262  -25.685 0.1000000015
6285  32.669  -88.828  -23.528 0.1000000015
5601  31.468  -89.943  -23.458 0.1000000015
2017  23.669  -95.413  -27.868 0.3000000119
5668  33.984  -89.138  -27.509 0.1000000015
4956  31.300  -90.729  -23.321 0.1000000015
3701  28.126  -92.487  -24.426 0.3000000119
3702  27.503  -92.701  -24.973 0.3000000119
3097  26.614  -93.040  -26.097 0.3000000119
4941  30.964  -91.433  -23.296 0.4000000060
3050  29.159  -93.069  -23.524 0.3000000119
2473  29.054  -94.304  -24.390 0.3000000119
2489  28.535  -94.775  -25.058 0.4000000060
2490  27.491  -94.485  -25.215 0.4000000060
3084  26.824  -94.025  -25.653 0.3000000119
2491  26.725  -94.637  -25.909 0.3000000119
6355  32.386  -88.128  -28.419 0.1000000015
7177  31.571  -87.565  -29.733 0.1000000015
4319  30.068  -91.768  -23.365 0.3000000119
3688  30.420  -92.671  -23.390 0.4000000060
3689  29.551  -92.551  -23.429 0.3000000119
2455  30.280  -93.935  -23.741 0.4000000060
7195  30.921  -87.457  -30.449 0.1000000015
7212  30.384  -87.463  -31.427 0.1000000015
7310  23.247  -88.023  -36.975 0.3000000119
7225  30.075  -87.533  -32.493 0.1000000015
9031  27.118  -85.039  -39.880 0.3000000119
9016  25.987  -85.903  -38.405 0.3000000119
8148  25.257  -86.444  -38.007 0.3000000119
8149  24.524  -87.025  -37.608 0.3000000119
7237  29.849  -87.602  -33.528 0.1000000015
7251  29.488  -87.735  -34.518 0.1000000015
9870  27.458  -84.664  -40.160 0.2000000030
7327  22.730  -88.106  -38.202 0.4000000060
7345  22.418  -87.593  -39.553 0.5000000000
7287  30.458  -87.836  -36.737 0.1000000015
9887  28.027  -84.222  -41.129 0.2000000030
7286  31.309  -88.188  -36.923 0.1000000015
7321  32.027  -87.923  -38.550 0.1000000015
7304  31.063  -87.842  -37.726 0.1000000015
7339  31.843  -87.341  -39.694 0.1000000015
9061  32.465  -85.929  -42.684 0.2000000030
8175  32.032  -86.998  -40.554 0.1000000015
8189  31.790  -86.594  -41.577 0.1000000015
6588  12.547  -87.992  -43.702 0.5000000000
7407  11.443  -87.532  -42.960 0.5000000000
5856  12.177  -89.285  -43.581 0.4000000060
6618  15.311  -88.733  -45.627 0.3000000119
3415  7.768  -92.703  2.727 0.3000000119
2253  10.893  -94.024  -0.262 0.2000000030
2243  10.825  -94.103  1.295 0.2000000030
3431  7.450  -92.262  1.635 0.3000000119
3449  7.198  -91.754  0.700 0.3000000119
3469  7.681  -91.428  -1.294 0.4000000060
3463  7.560  -91.518  -0.228 0.3000000119
3483  6.961  -91.760  -3.573 0.4000000060
3476  7.100  -91.575  -2.301 0.4000000060
3505  7.527  -92.515  -5.385 0.5000000000
3490  7.646  -92.131  -4.319 0.5000000000
2889  8.173  -93.200  -6.552 0.5000000000
2918  11.170  -93.878  -10.746 0.5000000000
2925  11.467  -93.586  -11.310 0.5000000000
2328  11.107  -94.229  -12.756 0.5000000000
3755  20.884  -92.486  -28.912 0.3000000119
8842  33.610  -85.141  -25.650 0.1000000015
7971  36.615  -86.732  -25.553 0.1000000015
6325  36.826  -87.745  -26.485 0.1000000015
5024  26.973  -90.566  -27.083 0.3000000119
4362  27.246  -91.624  -26.354 0.3000000119
3137  25.019  -93.119  -28.841 0.3000000119
3127  24.439  -93.751  -28.755 0.3000000119
5010  27.596  -90.651  -26.043 0.3000000119
3716  27.318  -92.275  -25.605 0.3000000119
3743  26.542  -92.565  -27.120 0.3000000119
3112  26.246  -93.292  -27.084 0.3000000119
3744  26.102  -93.079  -27.431 0.3000000119
2519  25.076  -94.818  -27.462 0.3000000119
3690  28.812  -92.478  -23.730 0.3000000119
3098  26.419  -93.640  -26.389 0.3000000119
3099  26.054  -94.224  -26.729 0.3000000119
3113  25.764  -93.814  -27.333 0.3000000119
2003  25.823  -95.452  -27.125 0.3000000119
7194  31.957  -87.765  -30.504 0.1000000015
4958  29.652  -90.820  -23.549 0.3000000119
7275  17.343  -87.963  -35.868 0.6000000238
9015  27.071  -84.946  -38.587 0.3000000119
6505  22.282  -88.521  -37.082 0.5000000000
6521  21.876  -88.623  -38.052 0.5000000000
5877  13.879  -89.775  -45.353 0.3000000119
3401  7.633  -92.762  3.504 0.2000000030
3402  6.978  -92.613  3.424 0.2000000030
2834  9.408  -93.547  2.657 0.2000000030
2835  8.610  -93.078  2.875 0.3000000119
2836  8.091  -92.878  3.346 0.3000000119
3403  5.939  -92.145  3.320 0.2000000030
2244  10.152  -93.748  1.310 0.2000000030
3416  6.630  -92.421  2.373 0.3000000119
3432  6.425  -91.870  1.319 0.3000000119
3433  5.890  -91.622  1.476 0.3000000119
3464  6.936  -91.341  0.053 0.4000000060
4028  6.353  -91.246  0.656 0.3000000119
3470  7.147  -91.194  -1.026 0.4000000060
4060  6.653  -91.026  -1.734 0.4000000060
3484  6.700  -91.533  -4.159 0.4000000060
4069  6.559  -91.247  -2.585 0.4000000060
3506  7.141  -92.332  -5.901 0.5000000000
3491  6.963  -91.953  -4.729 0.5000000000
4119  6.803  -92.308  -7.131 0.6000000238
3530  7.019  -92.581  -8.165 0.6000000238
3746  21.661  -92.537  -27.844 0.3000000119
4386  21.765  -91.573  -28.513 0.3000000119
4393  21.383  -91.645  -29.451 0.3000000119
3773  21.101  -92.608  -30.320 0.3000000119
3138  24.339  -93.119  -29.461 0.3000000119
3128  23.856  -93.781  -29.284 0.3000000119
4383  26.081  -91.507  -28.165 0.3000000119
3754  25.764  -92.626  -28.139 0.3000000119
3762  25.069  -92.251  -29.394 0.3000000119
4373  26.926  -91.682  -27.013 0.3000000119
3753  26.223  -92.037  -27.734 0.3000000119
6506  21.303  -88.876  -37.306 0.6000000238
3389  5.950  -91.310  5.170 0.2000000030
3395  5.856  -91.772  4.544 0.2000000030
3394  6.729  -92.395  4.423 0.1000000015
3393  7.520  -92.711  4.145 0.1000000015
4005  5.304  -91.442  3.720 0.2000000030
2238  10.116  -93.918  2.096 0.2000000030
4011  5.231  -91.401  2.665 0.2000000030
4029  6.236  -90.644  0.275 0.3000000119
4017  5.618  -90.968  1.367 0.2000000030
4045  6.634  -90.821  -0.524 0.4000000060
4712  5.943  -90.459  -2.975 0.4000000060
4091  6.498  -91.292  -4.483 0.6000000238
4718  6.065  -90.655  -3.579 0.4000000060
5349  6.027  -90.172  -3.647 0.5000000000
4112  6.852  -91.917  -6.452 0.6000000238
4752  6.758  -91.271  -5.695 0.6000000238
4729  6.313  -90.475  -4.444 0.6000000238
5361  6.499  -90.014  -4.367 0.5000000000
4118  6.981  -91.867  -7.495 0.6000000238
4128  7.455  -91.679  -8.561 0.6000000238
5071  21.821  -91.041  -29.984 0.3000000119
4392  24.662  -91.389  -29.983 0.3000000119
5034  25.569  -90.753  -29.183 0.3000000119
4391  25.253  -91.314  -29.469 0.3000000119
3763  23.955  -92.290  -30.211 0.3000000119
5025  26.406  -90.637  -28.064 0.2000000030
4384  25.650  -91.540  -28.862 0.3000000119
8951  16.348  -86.109  -34.090 0.6000000238
3992  7.032  -91.432  6.119 0.1000000015
4660  5.441  -90.244  4.905 0.2000000030
3387  7.794  -92.715  5.198 0.1000000015
3388  6.721  -91.921  5.622 0.1000000015
3999  4.707  -90.422  4.093 0.2000000030
2233  10.071  -93.981  3.246 0.1000000015
2800  9.063  -93.250  5.086 0.1000000015
2236  11.782  -93.946  2.009 0.1000000015
2823  9.158  -93.490  3.537 0.2000000030
2814  8.188  -92.922  4.388 0.2000000030
4686  4.865  -89.790  1.983 0.2000000030
4012  4.871  -90.568  2.302 0.2000000030
4046  6.280  -90.338  -0.528 0.3000000119
4685  5.430  -89.867  1.242 0.2000000030
4018  5.113  -90.348  1.713 0.2000000030
5337  5.931  -89.617  -1.712 0.4000000060
5318  5.801  -89.108  0.416 0.3000000119
5360  6.869  -89.297  -4.010 0.6000000238
5348  6.356  -89.393  -3.359 0.4000000060
5374  7.382  -89.635  -5.243 0.6000000238
4751  7.088  -90.754  -6.115 0.6000000238
4760  7.656  -90.650  -7.611 0.6000000238
4111  7.098  -91.320  -6.918 0.6000000238
4770  8.281  -90.414  -8.935 0.6000000238
4137  8.154  -90.923  -9.819 0.6000000238
4782  8.635  -90.208  -10.056 0.6000000238
3995  6.417  -91.120  5.679 0.2000000030
4675  4.391  -89.964  3.790 0.2000000030
4682  4.400  -89.792  2.845 0.2000000030
5309  5.148  -88.885  1.519 0.2000000030
5979  5.709  -88.144  0.710 0.2000000030
6022  6.293  -89.018  -2.627 0.3000000119
6007  6.754  -88.365  -1.493 0.3000000119
6788  6.171  -87.851  0.020 0.3000000119
6049  8.176  -88.356  -4.518 0.5000000000
6021  7.151  -88.408  -2.433 0.5000000000
6066  8.440  -88.485  -5.224 0.5000000000
5386  7.641  -90.055  -6.516 0.6000000238
5373  8.248  -89.048  -5.766 0.6000000238
5398  7.990  -89.921  -7.062 0.6000000238
5397  8.461  -89.608  -7.615 0.6000000238
6092  9.016  -88.717  -7.155 0.6000000238
4759  8.289  -90.069  -8.192 0.6000000238
5396  9.182  -88.845  -8.213 0.6000000238
5423  8.903  -89.583  -9.559 0.6000000238
5422  9.347  -88.980  -9.962 0.6000000238
5266  5.375  -89.407  4.485 0.2000000030
5927  5.841  -88.462  4.086 0.2000000030
5268  4.386  -89.122  4.003 0.2000000030
6721  5.151  -87.868  4.001 0.2000000030
5957  4.171  -87.952  2.861 0.2000000030
5968  4.520  -88.240  2.129 0.2000000030
6767  5.497  -87.376  1.299 0.2000000030
6828  7.819  -87.807  -3.237 0.4000000060
6800  7.294  -87.455  -1.670 0.3000000119
6801  6.928  -87.386  -0.914 0.3000000119
6779  6.363  -86.755  0.150 0.3000000119
6858  8.970  -87.668  -5.222 0.6000000238
6827  8.231  -87.590  -3.892 0.6000000238
7683  8.076  -86.931  -3.142 0.4000000060
7664  7.745  -86.703  -2.407 0.4000000060
7646  7.201  -86.419  -1.259 0.3000000119
6081  8.777  -88.563  -6.173 0.6000000238
6846  9.106  -87.107  -4.983 0.6000000238
7697  9.411  -86.460  -5.065 0.6000000238
6868  10.050  -86.751  -6.548 0.6000000238
6857  9.506  -87.151  -5.684 0.6000000238
6080  9.558  -87.783  -6.653 0.6000000238
5409  9.288  -88.902  -9.199 0.6000000238
24504  5.586  -69.368  -32.614 0.5000000000
24528  5.237  -70.255  -33.140 0.5000000000
23375  5.221  -71.152  -33.575 0.5000000000
6720  5.887  -87.618  3.855 0.2000000030
7597  4.964  -86.945  2.795 0.2000000030
7613  5.329  -86.821  2.374 0.2000000030
7620  6.268  -86.020  1.067 0.3000000119
7632  5.921  -86.888  0.989 0.3000000119
7639  7.030  -85.784  -0.824 0.3000000119
8550  9.508  -85.579  -4.997 0.6000000238
8538  8.888  -85.673  -3.982 0.5000000000
8524  8.034  -85.215  -2.576 0.5000000000
7705  9.824  -86.195  -5.776 0.6000000238
7716  10.089  -85.889  -6.603 0.6000000238
25639  6.315  -68.821  -32.711 0.5000000000
24527  5.909  -69.636  -33.399 0.5000000000
24525  7.337  -69.517  -33.777 0.5000000000
7596  5.549  -86.580  2.952 0.2000000030
8485  6.049  -85.875  2.085 0.2000000030
8483  6.807  -85.271  1.062 0.2000000030
8502  6.960  -85.364  -0.230 0.3000000119
9387  7.975  -84.239  -1.662 0.4000000060
9374  7.515  -84.721  -0.570 0.4000000060
9399  8.234  -84.070  -2.692 0.6000000238
10285  8.463  -83.985  -5.034 0.6000000238
10257  7.316  -83.004  -3.180 0.6000000238
10272  6.760  -83.420  -4.174 0.6000000238
25610  7.762  -68.887  -32.156 0.5000000000
25636  9.184  -69.044  -32.750 0.4000000060
25659  7.711  -69.174  -33.360 0.5000000000
9347  7.285  -84.850  1.228 0.2000000030
9361  8.088  -84.235  0.765 0.2000000030
9362  7.482  -84.708  0.218 0.2000000030
11082  8.117  -82.705  -0.341 0.3000000119
10215  8.330  -83.225  -0.156 0.3000000119
11115  6.330  -82.799  -2.019 0.4000000060
10242  7.835  -83.182  -2.176 0.5000000000
10230  5.076  -83.405  -1.386 0.5000000000
11116  5.699  -83.098  -1.946 0.5000000000
11083  7.495  -82.347  -0.470 0.3000000119
10231  4.543  -84.133  -1.096 0.6000000238
8526  4.036  -85.587  -1.796 0.6000000238
8540  4.450  -85.681  -2.863 0.6000000238
7648  2.810  -85.891  -1.736 0.6000000238
9555  4.208  -84.398  -14.706 0.2000000030
9515  2.937  -84.137  -12.700 0.2000000030
10407  1.592  -83.297  -13.182 0.2000000030
11298  2.273  -82.289  -14.614 0.1000000015
12157  1.447  -81.595  -13.623 0.1000000015
13045  2.052  -80.963  -13.716 0.1000000015
13030  2.098  -81.057  -12.672 0.1000000015
13869  0.246  -79.600  -9.231 0.2000000030
14790  -0.193  -78.468  -8.657 0.2000000030
14806  0.295  -78.671  -9.642 0.1000000015
14807  -0.273  -77.828  -9.384 0.2000000030
16610  -0.182  -76.568  -8.477 0.2000000030
15736  -0.147  -77.100  -9.596 0.2000000030
17422  7.272  -75.720  -4.129 0.5000000000
18422  8.500  -75.265  -4.655 0.3000000119
19541  9.489  -73.740  -5.447 0.4000000060
21788  15.452  -71.343  -8.311 0.1000000015
20712  13.828  -72.532  -7.716 0.1000000015
21771  14.088  -71.758  -8.013 0.1000000015
21772  12.892  -71.999  -8.058 0.1000000015
17452  6.717  -75.258  -4.576 0.6000000238
18423  7.827  -75.227  -4.532 0.4000000060
20653  9.162  -72.725  -5.441 0.4000000060
19542  8.660  -73.662  -5.269 0.4000000060
19545  6.398  -73.794  -5.394 0.6000000238
21730  10.332  -72.256  -6.536 0.1000000015
19564  6.591  -73.198  -5.485 0.4000000060
21749  10.804  -71.976  -7.280 0.1000000015
21774  11.046  -71.368  -7.648 0.1000000015
22914  13.278  -71.388  -8.476 0.1000000015
21773  11.609  -71.640  -7.977 0.1000000015
18449  7.336  -74.638  -4.790 0.6000000238
20655  7.588  -72.699  -5.211 0.4000000060
19544  7.033  -73.568  -5.178 0.5000000000
22861  8.248  -71.595  -5.554 0.4000000060
21720  7.414  -71.929  -5.501 0.4000000060
24085  14.341  -70.263  -9.294 0.1000000015
22934  12.787  -70.715  -8.796 0.1000000015
24060  11.849  -70.314  -8.541 0.1000000015
22892  10.092  -71.085  -6.759 0.2000000030
22872  9.348  -71.000  -6.215 0.3000000119
22916  11.162  -70.893  -7.908 0.1000000015
24027  8.459  -70.048  -6.185 0.5000000000
22863  7.672  -71.377  -5.734 0.5000000000
22873  8.581  -71.099  -5.847 0.5000000000
24113  14.717  -69.629  -9.892 0.1000000015
24114  13.707  -69.699  -9.879 0.1000000015
24086  13.241  -70.257  -9.297 0.1000000015
24025  9.548  -70.133  -6.638 0.4000000060
22875  7.379  -71.011  -6.218 0.5000000000
25279  12.460  -68.749  -10.540 0.1000000015
24088  11.194  -69.108  -9.166 0.2000000030
24062  10.309  -69.455  -7.710 0.1000000015
25203  9.916  -69.120  -7.403 0.4000000060
30960  8.607  -63.789  -16.914 0.4000000060
29868  11.739  -63.944  -18.714 0.4000000060
29870  9.943  -63.313  -18.209 0.4000000060
28906  3.803  -65.672  -27.546 0.3000000119
27805  3.083  -66.880  -28.223 0.3000000119
24044  8.020  -69.691  -6.482 0.5000000000
25195  8.976  -69.293  -6.422 0.5000000000
26403  11.978  -68.163  -10.362 0.2000000030
25244  10.998  -67.991  -9.298 0.2000000030
26342  10.384  -67.754  -8.039 0.3000000119
26316  9.583  -68.785  -7.169 0.5000000000
30979  11.382  -62.982  -19.047 0.6000000238
30980  10.475  -62.734  -18.627 0.6000000238
25539  2.308  -67.713  -27.419 0.4000000060
25508  1.987  -68.686  -25.718 0.4000000060
28916  4.460  -65.572  -28.764 0.3000000119
25523  2.265  -67.785  -26.730 0.4000000060
26683  3.290  -67.210  -28.775 0.4000000060
25205  7.823  -69.155  -7.001 0.5000000000
25278  13.356  -68.441  -10.945 0.2000000030
26379  12.878  -66.987  -10.207 0.2000000030
27479  12.605  -66.567  -9.688 0.2000000030
25204  8.476  -69.141  -6.647 0.5000000000
26380  11.799  -67.239  -9.937 0.2000000030
27459  11.715  -66.537  -9.222 0.3000000119
27442  10.113  -66.835  -7.908 0.3000000119
27443  9.371  -66.716  -7.673 0.4000000060
27429  8.842  -67.496  -7.337 0.4000000060
32035  12.804  -61.704  -19.493 0.6000000238
26684  2.751  -67.524  -28.555 0.4000000060
25540  2.006  -68.335  -27.347 0.4000000060
24387  1.418  -69.293  -26.271 0.4000000060
27803  4.256  -66.103  -28.941 0.3000000119
25558  1.866  -68.689  -27.839 0.4000000060
28610  13.793  -65.744  -9.312 0.2000000030
28589  14.173  -65.081  -8.877 0.2000000030
29664  12.438  -64.923  -8.921 0.3000000119
27458  12.420  -66.179  -9.201 0.3000000119
29685  11.828  -64.272  -8.827 0.3000000119
29686  10.838  -64.358  -8.757 0.4000000060
26331  8.257  -68.281  -7.135 0.5000000000
28573  11.476  -65.524  -8.776 0.3000000119
29666  11.218  -64.974  -8.681 0.3000000119
28612  9.230  -65.225  -8.804 0.4000000060
27445  7.892  -67.349  -7.970 0.4000000060
33007  16.559  -60.993  -19.583 0.6000000238
34031  16.069  -60.199  -19.940 0.6000000238
24408  1.632  -69.098  -27.271 0.4000000060
24441  2.156  -69.052  -29.508 0.4000000060
27821  3.798  -67.073  -29.171 0.4000000060
25574  2.497  -68.030  -29.184 0.4000000060
29683  13.821  -64.449  -8.789 0.3000000119
29682  14.923  -64.579  -8.743 0.1000000015
30785  11.573  -63.544  -9.106 0.4000000060
31850  12.460  -63.096  -9.317 0.3000000119
35126  19.582  -58.983  -19.892 0.6000000238
35114  19.320  -60.098  -19.371 0.6000000238
29990  4.042  -64.700  -26.514 0.4000000060
31092  3.737  -64.337  -25.966 0.4000000060
30782  14.538  -63.740  -8.727 0.3000000119
30784  12.592  -63.658  -8.975 0.3000000119
31847  15.047  -63.176  -8.868 0.1000000015
31849  13.355  -63.137  -9.147 0.2000000030
31892  15.827  -62.516  -10.288 0.1000000015
31894  13.721  -62.998  -10.368 0.3000000119
31871  13.143  -62.884  -9.751 0.3000000119
30894  14.558  -63.781  -13.538 0.4000000060
36305  19.134  -58.421  -20.146 0.6999999881
35127  18.890  -59.399  -19.772 0.6999999881
30851  14.792  -63.324  -11.611 0.2000000030
31947  15.892  -62.917  -13.028 0.4000000060
30906  16.238  -63.041  -14.989 0.2000000030
32119  4.076  -62.609  -25.097 0.4000000060
32118  4.324  -62.435  -24.432 0.4000000060
39726  12.254  -55.434  -24.497 0.3000000119
39727  11.396  -55.309  -24.309 0.3000000119
38658  11.011  -55.992  -24.312 0.3000000119
38694  6.557  -57.058  -25.311 0.5000000000
42059  15.109  -53.435  -25.305 0.3000000119
40930  12.593  -54.444  -24.503 0.4000000060
40931  11.811  -54.584  -24.350 0.4000000060
40915  10.233  -54.490  -23.530 0.4000000060
39743  8.252  -55.322  -25.966 0.4000000060
38711  9.361  -55.928  -26.683 0.4000000060
39764  8.170  -56.097  -26.462 0.5000000000
39744  7.770  -55.735  -25.978 0.5000000000
38712  8.540  -56.571  -26.884 0.4000000060
43161  14.691  -52.456  -25.320 0.4000000060
42060  14.237  -53.252  -25.184 0.4000000060
42050  13.471  -53.141  -25.016 0.4000000060
42051  12.729  -53.382  -24.632 0.4000000060
40916  9.462  -54.656  -23.297 0.4000000060
39763  8.672  -55.374  -26.274 0.5000000000
39761  10.191  -55.251  -26.660 0.3000000119
40954  9.343  -54.330  -26.326 0.4000000060
43154  12.074  -52.498  -24.513 0.3000000119
39762  9.591  -55.139  -26.528 0.4000000060
42072  9.085  -53.504  -26.089 0.3000000119
42100  10.749  -53.267  -26.692 0.3000000119
1347  14.860  -95.278  -8.015 0.1000000015
1340  14.664  -95.438  -7.284 0.1000000015
10424  4.095  -83.848  -14.388 0.1000000015
9531  3.560  -84.045  -13.191 0.2000000030
13896  1.322  -80.019  -11.176 0.1000000015
13897  0.885  -79.900  -11.019 0.1000000015
12185  2.008  -81.371  -14.406 0.1000000015
13884  0.693  -79.889  -10.206 0.1000000015
13046  1.635  -81.231  -13.108 0.1000000015
13029  2.679  -80.876  -13.222 0.1000000015
12125  0.742  -81.766  -11.767 0.1000000015
2016  24.447  -95.528  -27.659 0.3000000119
5143  29.130  -91.160  -36.699 0.6999999881
4449  29.573  -90.942  -35.024 0.5000000000
5144  28.332  -90.688  -36.554 0.6000000238
4420  30.751  -91.469  -31.365 0.5000000000
3751  30.997  -92.147  -28.607 0.4000000060
5065  30.912  -91.375  -30.402 0.5000000000
3109  30.934  -92.650  -26.939 0.4000000060
7260  16.826  -86.968  -34.820 0.6000000238
2472  29.936  -94.248  -24.145 0.4000000060
9034  24.278  -86.284  -39.456 0.4000000060
11249  0.966  -82.769  -12.890 0.1000000015
12138  0.987  -81.772  -12.713 0.1000000015
13020  0.772  -80.871  -11.140 0.1000000015
27608  8.371  -66.109  -15.396 0.2000000030
32966  14.593  -60.948  -16.241 0.5000000000
9074  27.920  -85.295  -43.677 0.4000000060
973  7.007  -98.066  -38.594 0.2000000030
40955  8.780  -54.320  -26.034 0.5000000000
9073  28.500  -85.530  -43.744 0.4000000060
2544  12.319  -94.807  -28.185 0.6000000238
2526  13.439  -94.641  -28.066 0.6000000238
2520  24.094  -94.861  -27.830 0.3000000119
5436  9.151  -89.429  -10.551 0.6000000238
6091  9.731  -88.045  -7.830 0.6000000238
9411  8.626  -84.433  -3.666 0.5000000000
10271  7.645  -83.320  -4.162 0.6000000238
9429  5.790  -84.560  -4.044 0.6000000238
10259  5.680  -83.736  -3.027 0.6000000238
8505  3.632  -85.024  -0.455 0.6000000238
31893  14.745  -62.905  -10.459 0.2000000030
30907  15.484  -63.387  -14.685 0.4000000060
30918  15.484  -62.916  -15.451 0.3000000119
30917  16.088  -62.688  -15.479 0.4000000060
32018  13.147  -62.520  -19.281 0.5000000000
34030  17.166  -60.254  -19.659 0.6000000238
34029  18.200  -60.094  -19.461 0.6000000238
39712  9.927  -55.537  -23.566 0.4000000060
39711  10.652  -55.319  -23.980 0.4000000060
40914  11.030  -54.265  -24.025 0.4000000060
43139  11.317  -52.515  -24.143 0.4000000060
31937  15.713  -62.940  -11.979 0.2000000030
1134  10.873  -98.102  -25.840 0.5000000000
1420  15.258  -96.074  -17.170 0.3000000119
9928  28.051  -84.541  -43.647 0.3000000119
3528  11.249  -92.371  -8.950 0.4000000060
3521  9.771  -92.741  -7.099 0.4000000060
2878  7.482  -92.942  -6.185 0.5000000000
2877  7.839  -92.901  -5.838 0.4000000060
4127  7.873  -91.149  -9.112 0.6000000238
4149  8.395  -90.660  -10.548 0.6000000238
28592  9.437  -65.554  -8.346 0.4000000060
28576  9.213  -66.077  -8.013 0.4000000060
10805  29.127  -83.767  -43.585 0.2000000030
34028  18.821  -60.089  -19.437 0.6000000238
1724  6.278  -96.898  -38.828 0.2000000030
4368  14.392  -91.704  -26.090 0.5000000000
3725  13.235  -92.377  -25.852 0.5000000000
3104  13.349  -92.909  -26.958 0.5000000000
2511  12.012  -94.005  -26.885 0.5000000000
2008  11.428  -95.882  -26.680 0.5000000000
2528  11.963  -94.766  -27.593 0.5000000000
3721  16.973  -92.215  -25.752 0.5000000000
5106  28.057  -90.097  -33.487 0.5000000000
7359  28.620  -87.328  -41.106 0.4000000060
1381  17.535  -95.770  -13.114 0.1000000015
1035  17.063  -96.955  -17.412 0.3000000119
721  14.773  -97.343  -18.039 0.4000000060
1944  13.970  -95.745  -21.765 0.5000000000
792  12.148  -97.930  -23.337 0.5000000000
5729  29.395  -89.861  -30.254 0.3000000119
5730  28.774  -89.244  -30.441 0.2000000030
5067  30.120  -90.435  -30.312 0.4000000060
7307  28.108  -87.905  -38.632 0.3000000119
4066  10.733  -91.308  -2.310 0.2000000030
1399  19.239  -96.804  -14.979 0.2000000030
1026  18.666  -97.150  -16.368 0.2000000030
1048  17.081  -97.169  -18.084 0.3000000119
1033  19.207  -97.005  -17.125 0.2000000030
1046  18.623  -96.877  -17.850 0.2000000030
732  16.265  -97.197  -18.103 0.3000000119
1930  16.716  -95.100  -19.709 0.3000000119
2420  17.189  -94.176  -20.023 0.2000000030
1917  17.220  -95.595  -19.095 0.3000000119
1904  18.752  -95.534  -17.927 0.2000000030
1058  16.508  -96.895  -18.711 0.3000000119
1066  16.115  -96.722  -19.212 0.3000000119
1453  16.195  -96.036  -19.532 0.4000000060
1932  14.995  -95.576  -20.814 0.5000000000
4361  31.633  -90.765  -26.588 0.2000000030
5007  33.934  -90.134  -25.840 0.1000000015
5009  31.949  -90.252  -26.397 0.2000000030
4360  32.084  -91.094  -26.136 0.2000000030
3700  32.813  -92.269  -24.388 0.2000000030
6340  32.186  -88.631  -27.324 0.2000000030
5032  30.339  -90.013  -28.359 0.3000000119
5031  30.885  -90.750  -28.104 0.2000000030
4382  31.319  -91.594  -28.077 0.3000000119
5709  29.664  -89.587  -29.357 0.3000000119
5043  31.093  -91.086  -29.310 0.4000000060
6389  29.263  -88.028  -29.822 0.2000000030
6410  27.698  -87.998  -32.283 0.2000000030
4101  10.608  -90.924  -4.935 0.2000000030
1350  18.611  -96.069  -10.199 0.1000000015
1835  19.699  -95.665  -11.998 0.1000000015
1407  19.581  -96.381  -16.392 0.2000000030
3014  17.676  -93.659  -19.777 0.1000000015
1067  15.521  -96.753  -19.552 0.4000000060
1455  14.769  -96.189  -20.606 0.5000000000
5598  34.309  -89.362  -23.536 0.1000000015
3686  32.269  -92.471  -23.761 0.2000000030
7178  30.634  -87.558  -29.506 0.1000000015
7197  28.704  -87.619  -31.135 0.2000000030
7268  28.982  -87.810  -35.407 0.2000000030
8159  30.734  -86.878  -39.730 0.1000000015
4026  9.479  -92.145  0.591 0.2000000030
4059  8.847  -91.461  -0.739 0.3000000119
4077  9.127  -91.514  -2.765 0.2000000030
3468  8.240  -91.469  -1.420 0.3000000119
3489  8.592  -91.864  -3.805 0.4000000060
3647  18.222  -92.513  -18.311 0.1000000015
7972  35.731  -86.339  -25.360 0.1000000015
4317  31.795  -91.934  -23.325 0.2000000030
3048  30.788  -93.496  -23.667 0.4000000060
2844  9.472  -93.296  1.783 0.2000000030
3482  7.696  -92.017  -3.085 0.4000000060
3504  8.395  -92.522  -5.329 0.4000000060
3514  8.785  -92.854  -6.135 0.4000000060
5602  30.789  -90.169  -23.488 0.1000000015
3068  27.746  -93.481  -24.625 0.3000000119
8133  24.589  -87.052  -37.028 0.3000000119
2242  11.545  -94.129  1.372 0.1000000015
2535  25.163  -94.169  -27.776 0.3000000119
3417  5.733  -91.978  1.992 0.2000000030
4709  5.964  -90.163  -2.060 0.3000000119
4103  6.675  -91.571  -5.227 0.6000000238
2801  8.456  -93.082  4.901 0.1000000015
2237  10.951  -94.090  2.299 0.1000000015
4689  6.040  -89.978  0.174 0.2000000030
5344  5.931  -89.586  -2.635 0.4000000060
4741  6.988  -90.364  -5.465 0.6000000238
5323  6.006  -89.362  -0.797 0.2000000030
6008  5.985  -89.089  -1.782 0.4000000060
5343  6.079  -89.307  -2.903 0.4000000060
5990  6.109  -88.583  -0.511 0.3000000119
6032  6.901  -88.900  -3.295 0.5000000000
5299  4.121  -88.810  2.819 0.2000000030
6006  7.220  -88.030  -1.932 0.3000000119
5989  6.530  -87.939  -0.559 0.3000000119
7622  5.210  -87.134  1.917 0.2000000030
7682  8.438  -86.938  -3.757 0.6000000238
8503  6.564  -85.892  0.143 0.3000000119
7663  8.213  -86.272  -3.199 0.4000000060
8525  7.600  -85.860  -1.926 0.4000000060
8513  7.842  -84.838  -1.901 0.5000000000
9373  8.026  -84.023  -0.373 0.3000000119
10229  8.169  -83.292  -1.011 0.4000000060
10258  6.397  -83.239  -3.282 0.6000000238
11126  7.193  -82.812  -2.634 0.5000000000
11099  7.275  -82.379  -1.282 0.4000000060
11084  6.693  -82.318  -0.623 0.4000000060
11101  5.779  -82.759  -1.373 0.5000000000
10217  4.638  -83.678  -0.449 0.6000000238
9375  4.085  -84.609  -0.442 0.6000000238
10405  3.102  -83.457  -13.759 0.2000000030
11299  1.796  -82.480  -14.186 0.1000000015
13018  1.775  -80.878  -11.582 0.1000000015
13031  1.455  -81.313  -12.347 0.1000000015
14826  0.862  -78.713  -10.484 0.1000000015
21732  9.219  -71.811  -5.756 0.3000000119
24043  10.134  -70.066  -7.378 0.1000000015
24116  11.799  -69.341  -9.662 0.2000000030
25222  10.353  -68.831  -7.859 0.3000000119
26341  10.812  -67.563  -8.677 0.3000000119
26330  9.056  -68.442  -6.865 0.3000000119
27428  9.451  -67.594  -7.447 0.3000000119
25277  14.434  -68.308  -10.976 0.2000000030
27504  13.953  -66.584  -10.207 0.2000000030
28575  9.924  -65.785  -8.001 0.4000000060
30781  15.535  -63.658  -8.754 0.1000000015
31870  14.072  -62.895  -9.643 0.2000000030
42052  11.816  -53.557  -24.252 0.4000000060
13019  1.191  -80.756  -11.480 0.1000000015
1487  24.090  -96.170  -23.083 0.2000000030
2441  24.940  -94.901  -23.015 0.2000000030
1967  16.723  -95.421  -23.888 0.3000000119
1462  24.444  -96.524  -21.354 0.1000000015
1474  24.937  -96.130  -21.756 0.2000000030
2456  24.297  -95.066  -23.577 0.2000000030
2440  25.523  -94.587  -21.955 0.2000000030
1955  18.869  -96.148  -23.022 0.3000000119
1966  17.627  -95.544  -23.481 0.3000000119
1479  18.656  -96.955  -22.882 0.3000000119
1476  23.498  -96.588  -22.611 0.2000000030
4308  20.422  -91.321  -22.401 0.1000000015
3036  20.878  -93.715  -22.564 0.1000000015
2430  21.890  -94.460  -21.411 0.1000000015
1065  23.092  -96.483  -21.183 0.1000000015
2461  17.385  -94.790  -23.820 0.3000000119
3033  25.461  -93.420  -22.321 0.2000000030
1079  21.571  -96.737  -22.367 0.3000000119
3034  25.077  -93.877  -22.947 0.2000000030
4323  19.666  -91.433  -23.728 0.2000000030
3692  20.244  -92.525  -23.179 0.2000000030
3035  21.453  -93.633  -21.807 0.1000000015
1450  22.636  -96.151  -21.019 0.1000000015
1939  21.490  -95.580  -21.790 0.1000000015
1449  23.732  -96.287  -20.579 0.1000000015
1964  19.120  -95.717  -23.094 0.3000000119
1954  19.549  -96.073  -22.986 0.3000000119
3676  25.173  -92.855  -22.970 0.2000000030
1090  23.113  -96.727  -22.309 0.2000000030
4307  25.142  -91.777  -22.848 0.2000000030
4944  19.950  -90.315  -22.883 0.2000000030
4962  19.477  -90.510  -24.101 0.2000000030
4932  20.283  -90.130  -21.835 0.1000000015
4961  19.761  -90.707  -23.493 0.2000000030
4335  19.165  -91.317  -24.510 0.2000000030
3693  19.308  -92.349  -23.953 0.2000000030
1952  20.971  -95.327  -22.270 0.1000000015
1463  23.819  -96.607  -21.300 0.1000000015
1464  22.205  -96.287  -21.505 0.1000000015
2459  19.519  -94.973  -23.159 0.3000000119
3675  25.533  -92.497  -22.199 0.2000000030
1953  20.586  -96.027  -22.463 0.2000000030
1475  24.228  -96.404  -22.406 0.2000000030
4975  19.164  -90.461  -24.653 0.2000000030
3705  18.675  -92.282  -24.599 0.3000000119
3072  18.799  -92.993  -24.124 0.2000000030
3053  20.161  -94.081  -23.157 0.1000000015
1940  21.048  -96.039  -22.015 0.1000000015
1078  22.415  -96.545  -21.831 0.1000000015
2444  20.079  -95.532  -22.907 0.1000000015
3055  18.531  -93.589  -23.963 0.3000000119
1465  21.713  -96.312  -21.858 0.2000000030
20057  6.776  -73.767  -35.306 0.4000000060
5205  9.750  -91.063  -43.034 0.3000000119
5606  19.245  -89.657  -24.025 0.2000000030
5622  18.706  -89.835  -24.855 0.2000000030
3054  19.323  -93.594  -23.694 0.2000000030
2458  20.079  -94.674  -23.051 0.1000000015
2460  18.312  -94.480  -23.668 0.3000000119
21146  5.534  -72.643  -34.717 0.4000000060
20058  6.322  -73.843  -35.717 0.4000000060
18901  7.785  -73.941  -34.207 0.5000000000
21127  7.104  -72.362  -34.320 0.4000000060
18918  7.200  -73.994  -34.975 0.4000000060
17868  8.381  -74.427  -33.573 0.5000000000
5607  18.503  -89.175  -24.066 0.2000000030
24546  7.823  -69.999  -34.244 0.4000000060
22260  5.357  -71.965  -34.077 0.4000000060
23396  7.212  -71.454  -34.226 0.4000000060
24548  6.476  -70.316  -33.720 0.4000000060
22259  6.029  -71.959  -34.228 0.4000000060
22237  9.037  -71.229  -34.410 0.3000000119
20024  9.161  -72.630  -33.634 0.4000000060
18861  9.624  -74.554  -32.724 0.4000000060
5855  13.179  -88.688  -44.079 0.3000000119
25656  10.401  -68.415  -34.122 0.3000000119
25676  9.302  -69.199  -34.167 0.4000000060
24545  8.760  -69.722  -34.380 0.4000000060
25674  10.663  -68.770  -34.935 0.3000000119
24544  9.605  -69.505  -34.641 0.4000000060
23395  9.065  -70.241  -34.725 0.4000000060
23394  9.738  -70.377  -34.905 0.4000000060
6595  13.622  -88.097  -44.879 0.2000000030
26782  11.100  -67.969  -33.825 0.3000000119
20002  9.588  -73.395  -33.201 0.4000000060
25635  10.457  -68.696  -33.164 0.3000000119
18860  10.561  -74.679  -32.616 0.4000000060
23318  9.655  -70.244  -31.515 0.3000000119
26811  11.933  -68.118  -35.284 0.3000000119
24500  11.116  -69.433  -32.431 0.3000000119
27897  13.281  -67.414  -33.375 0.3000000119
23285  9.131  -71.288  -30.395 0.3000000119
24567  10.635  -69.552  -35.587 0.3000000119
25607  12.154  -69.426  -31.785 0.3000000119
23303  10.188  -70.783  -30.866 0.3000000119
26738  13.954  -68.698  -31.478 0.3000000119
26763  13.698  -68.101  -32.336 0.3000000119
25606  12.900  -68.919  -31.645 0.3000000119
24456  11.969  -70.124  -30.804 0.3000000119
23284  9.902  -71.289  -30.223 0.3000000119
27873  13.102  -67.636  -32.918 0.3000000119
22140  9.359  -72.043  -29.743 0.4000000060
25588  13.782  -69.366  -30.863 0.3000000119
24437  12.121  -70.172  -29.713 0.3000000119
23268  11.000  -71.043  -29.285 0.3000000119
22139  9.995  -71.793  -29.700 0.3000000119
21030  9.927  -72.507  -29.370 0.3000000119
22137  11.286  -71.272  -28.713 0.2000000030
21029  10.860  -72.536  -28.827 0.3000000119
4648  6.131  -90.514  5.231 0.1000000015
5265  6.391  -89.355  4.296 0.1000000015
18766  8.620  -74.703  -26.118 0.3000000119
17753  8.456  -75.221  -25.337 0.3000000119
18781  7.956  -74.025  -25.966 0.3000000119
8517  2.602  -85.507  -1.224 0.5000000000
9363  4.273  -83.788  0.416 0.5000000000
8506  3.018  -85.190  -0.546 0.5000000000
9366  2.354  -83.902  0.030 0.5000000000
10206  1.838  -83.203  0.051 0.5000000000
23273  1.939  -70.136  -28.613 0.3000000119
12837  4.990  -80.337  2.404 0.4000000060
11028  4.297  -82.113  2.573 0.4000000060
11045  3.771  -82.731  2.181 0.5000000000
9365  2.925  -84.127  0.140 0.5000000000
13737  6.602  -79.567  -0.218 0.3000000119
14644  7.009  -79.080  0.798 0.4000000060
12838  4.301  -80.367  2.232 0.4000000060
11030  3.252  -81.782  2.163 0.4000000060
10192  3.015  -83.080  0.651 0.5000000000
14626  8.142  -78.889  1.365 0.3000000119
12840  3.172  -80.704  1.784 0.5000000000
11047  2.526  -82.267  0.938 0.5000000000
10193  2.410  -83.052  0.526 0.5000000000
11059  1.927  -82.485  0.422 0.5000000000
13738  5.945  -79.646  -0.182 0.4000000060
13717  6.378  -79.520  0.651 0.4000000060
14687  5.914  -79.160  -1.605 0.5000000000
13719  4.317  -79.834  0.142 0.5000000000
23258  1.469  -70.022  -27.435 0.3000000119
24440  3.297  -69.326  -29.701 0.3000000119
25572  4.168  -68.397  -29.905 0.3000000119
25573  3.143  -68.307  -29.793 0.3000000119
14710  7.056  -79.228  -2.237 0.4000000060
14711  6.231  -78.783  -2.138 0.5000000000
15572  4.969  -78.725  -1.011 0.5000000000
15589  5.391  -78.254  -1.452 0.5000000000
15620  5.129  -77.523  -2.248 0.5000000000
25571  5.285  -68.409  -29.544 0.3000000119
26698  6.360  -67.431  -29.761 0.3000000119
26699  5.029  -67.350  -30.099 0.3000000119
27819  4.907  -66.731  -30.217 0.3000000119
27832  6.647  -66.444  -30.248 0.3000000119
27833  5.509  -66.423  -30.325 0.3000000119
15619  6.309  -78.069  -2.345 0.5000000000
16489  6.055  -77.200  -3.000 0.5000000000
16521  6.714  -76.580  -3.590 0.5000000000
16490  5.238  -77.089  -3.109 0.5000000000
17524  -0.005  -75.674  -8.661 0.2000000030
17423  6.312  -75.966  -4.186 0.5000000000
21808  2.354  -71.754  -9.718 0.2000000030
20748  1.038  -72.268  -8.985 0.2000000030
21833  1.800  -70.646  -9.543 0.2000000030
30021  5.026  -64.859  -28.277 0.3000000119
30005  5.535  -64.421  -27.778 0.3000000119
30006  4.958  -64.604  -27.562 0.3000000119
30020  5.762  -64.614  -28.579 0.3000000119
31109  5.147  -63.993  -27.151 0.3000000119
29989  4.559  -64.449  -26.944 0.3000000119
31065  3.462  -64.313  -25.030 0.3000000119
31090  4.783  -63.542  -26.521 0.3000000119
32153  4.469  -63.099  -25.959 0.3000000119
31108  5.845  -63.810  -27.277 0.3000000119
31089  5.424  -63.263  -26.680 0.3000000119
32151  5.734  -62.416  -26.401 0.3000000119
31073  4.019  -63.494  -25.537 0.3000000119
33153  4.521  -62.262  -25.577 0.3000000119
33127  4.396  -62.163  -25.361 0.3000000119
33175  5.456  -61.643  -26.113 0.3000000119
33152  4.830  -61.769  -25.641 0.3000000119
33126  4.474  -61.578  -24.925 0.3000000119
33174  6.108  -61.533  -26.362 0.3000000119
34167  5.677  -60.299  -25.682 0.3000000119
34168  5.141  -60.601  -25.216 0.4000000060
35261  6.387  -59.722  -25.905 0.4000000060
35243  5.069  -59.573  -24.698 0.4000000060
35262  5.625  -59.444  -25.310 0.4000000060
46404  16.735  -50.061  -19.952 0.1000000015
46405  16.064  -49.584  -20.357 0.1000000015
47554  15.695  -48.860  -20.591 0.1000000015
47540  16.194  -48.626  -19.943 0.1000000015
19903  11.728  -72.879  -28.079 0.2000000030
21809  1.608  -71.295  -9.270 0.2000000030
32034  13.760  -61.821  -19.448 0.4000000060
13701  3.687  -80.061  0.782 0.5000000000
12841  2.802  -80.903  1.297 0.5000000000
24549  5.858  -70.551  -33.474 0.4000000060
9364  3.566  -84.367  0.086 0.5000000000
21145  6.170  -72.583  -34.715 0.4000000060
18880  8.329  -73.723  -33.491 0.5000000000
21126  7.720  -72.126  -34.015 0.4000000060
23398  6.542  -71.233  -33.894 0.4000000060
22238  8.108  -71.399  -34.340 0.4000000060
25590  12.627  -69.672  -31.113 0.3000000119
9351  3.407  -83.562  0.641 0.5000000000
13699  5.574  -79.863  1.311 0.4000000060
13687  4.048  -80.185  1.597 0.4000000060
32152  5.011  -62.584  -26.163 0.3000000119
34193  5.934  -60.707  -26.136 0.3000000119
893  2.458  -98.264  -30.610 0.3000000119
1227  1.665  -97.718  -31.794 0.2000000030
2470  2.977  -94.296  -23.458 0.3000000119
883  1.833  -98.328  -29.642 0.2000000030
2072  1.558  -95.587  -31.470 0.2000000030
823  2.266  -98.276  -25.224 0.3000000119
1156  2.130  -97.770  -25.977 0.2000000030
1558  1.791  -96.524  -27.623 0.2000000030
2517  2.107  -94.630  -26.610 0.2000000030
2502  2.321  -94.202  -25.433 0.2000000030
3106  1.934  -93.228  -26.271 0.2000000030
2486  2.748  -93.834  -24.476 0.2000000030
3079  2.678  -93.031  -24.322 0.2000000030
3698  2.806  -92.491  -23.532 0.3000000119
1218  1.701  -97.146  -30.452 0.2000000030
3739  1.913  -92.698  -25.704 0.2000000030
3711  2.238  -92.364  -24.562 0.2000000030
2056  1.730  -95.298  -29.579 0.2000000030
2570  1.862  -94.407  -30.441 0.2000000030
2573  1.826  -94.825  -31.518 0.2000000030
3674  2.862  -92.470  -21.242 0.3000000119
5194  9.404  -90.984  -42.540 0.2000000030
8093  16.843  -86.551  -34.225 0.5000000000
7259  17.564  -87.504  -34.557 0.5000000000
6488  20.648  -88.978  -36.366 0.5000000000
6489  19.614  -88.849  -36.530 0.5000000000
6472  18.130  -88.424  -35.821 0.5000000000
6457  18.423  -88.297  -34.955 0.5000000000
6469  20.963  -88.706  -35.375 0.4000000060
6487  21.675  -88.782  -36.142 0.4000000060
6468  21.785  -88.258  -35.180 0.4000000060
7272  22.952  -87.352  -35.217 0.2000000030
8919  17.102  -85.150  -32.511 0.4000000060
10654  17.887  -83.765  -32.736 0.3000000119
8936  16.557  -85.803  -33.385 0.5000000000
9771  18.202  -84.340  -32.763 0.4000000060
8918  18.014  -85.036  -32.702 0.5000000000
8082  17.297  -86.310  -33.599 0.5000000000
8934  18.544  -85.602  -33.400 0.5000000000
7243  17.836  -87.054  -33.869 0.5000000000
7258  18.799  -87.860  -34.174 0.5000000000
7257  19.830  -87.734  -34.283 0.5000000000
6456  19.412  -88.396  -34.792 0.5000000000
8090  20.835  -87.077  -34.554 0.4000000060
7256  20.711  -87.613  -34.555 0.5000000000
7293  23.588  -87.658  -36.006 0.2000000030
6486  22.666  -88.244  -35.878 0.2000000030
7271  23.761  -87.063  -35.533 0.2000000030
8965  22.904  -85.703  -35.598 0.1000000015
8980  24.129  -85.114  -35.871 0.2000000030
8981  23.166  -85.035  -36.122 0.1000000015
9844  24.475  -83.889  -37.246 0.1000000015
9845  23.419  -83.962  -37.596 0.1000000015
9856  22.870  -83.878  -38.485 0.1000000015
11058  5.169  -82.751  1.657 0.4000000060
10191  4.242  -83.414  1.325 0.4000000060
10655  16.946  -83.279  -32.312 0.3000000119
10675  17.609  -83.243  -33.254 0.3000000119
10674  18.248  -83.766  -33.306 0.3000000119
9785  18.502  -84.795  -33.117 0.5000000000
9801  18.459  -84.340  -34.317 0.3000000119
8933  19.163  -85.992  -33.735 0.5000000000
8091  20.181  -86.755  -34.338 0.5000000000
8967  19.305  -85.397  -34.719 0.4000000060
8966  19.947  -86.004  -34.676 0.4000000060
8968  18.635  -85.118  -35.307 0.3000000119
8134  20.588  -85.877  -36.536 0.1000000015
7273  21.889  -87.379  -34.967 0.3000000119
8102  24.631  -86.321  -35.947 0.2000000030
9001  20.939  -85.817  -37.185 0.1000000015
8983  21.602  -85.719  -36.524 0.1000000015
8998  26.224  -85.351  -37.399 0.2000000030
8118  25.511  -86.055  -36.739 0.2000000030
9826  25.672  -85.044  -36.530 0.2000000030
9018  21.194  -85.344  -38.256 0.1000000015
9000  21.851  -85.275  -37.291 0.1000000015
8982  22.269  -85.516  -36.199 0.1000000015
9917  28.607  -83.608  -42.488 0.1000000015
9846  22.533  -84.520  -37.770 0.1000000015
10729  24.945  -83.405  -38.094 0.1000000015
10745  24.118  -82.750  -39.121 0.1000000015
10747  22.636  -83.722  -39.147 0.1000000015
9903  32.563  -84.552  -41.828 0.1000000015
9915  32.388  -85.079  -42.762 0.1000000015
10798  31.942  -84.141  -42.456 0.1000000015
11630  24.760  -82.005  -39.446 0.1000000015
11647  23.906  -81.945  -39.679 0.1000000015
12562  23.317  -81.549  -39.286 0.1000000015
11649  22.113  -82.322  -40.003 0.1000000015
12539  22.722  -81.420  -38.469 0.1000000015
10773  32.065  -83.867  -40.783 0.1000000015
12429  16.390  -81.278  -32.273 0.2000000030
10632  16.231  -82.628  -31.518 0.4000000060
11583  16.288  -82.781  -34.353 0.3000000119
11572  16.579  -82.534  -33.193 0.3000000119
9814  18.000  -84.470  -35.157 0.3000000119
8984  19.969  -85.823  -35.517 0.1000000015
8985  19.026  -85.620  -35.923 0.3000000119
9002  19.814  -85.879  -36.903 0.1000000015
8986  18.078  -85.304  -36.099 0.3000000119
9019  20.195  -85.592  -38.575 0.1000000015
9843  25.660  -84.188  -37.223 0.1000000015
9035  19.865  -85.309  -39.470 0.1000000015
9869  27.694  -84.124  -40.118 0.1000000015
9842  26.752  -84.197  -37.856 0.1000000015
10728  25.936  -83.420  -38.057 0.1000000015
9873  20.469  -84.702  -39.832 0.1000000015
9857  22.151  -84.245  -39.066 0.1000000015
10791  28.638  -83.210  -41.988 0.1000000015
10777  27.981  -83.273  -40.656 0.1000000015
11644  26.789  -82.102  -40.073 0.1000000015
10743  26.516  -83.111  -38.945 0.1000000015
11629  25.733  -82.352  -39.357 0.1000000015
10744  25.351  -82.768  -38.790 0.1000000015
10764  20.977  -84.050  -40.022 0.1000000015
10778  21.760  -82.973  -40.142 0.1000000015
10799  30.879  -83.725  -42.889 0.1000000015
11687  29.168  -83.040  -42.483 0.1000000015
12559  26.282  -81.698  -39.694 0.1000000015
12535  26.387  -81.120  -39.181 0.1000000015
12537  24.519  -81.345  -38.777 0.1000000015
12538  23.650  -81.306  -38.563 0.1000000015
12564  21.347  -81.882  -39.320 0.1000000015
10789  31.442  -83.627  -41.798 0.1000000015
12515  25.053  -80.985  -38.048 0.1000000015
12517  23.175  -81.327  -37.545 0.1000000015
12540  21.690  -81.646  -38.405 0.1000000015
10755  31.390  -83.651  -39.806 0.1000000015
12495  22.704  -81.409  -36.423 0.1000000015
12496  21.617  -81.341  -36.344 0.1000000015
12408  16.169  -81.288  -31.086 0.3000000119
11573  15.871  -82.277  -33.800 0.2000000030
10695  17.133  -83.212  -34.183 0.3000000119
9830  17.304  -84.718  -36.242 0.3000000119
9004  17.415  -85.365  -37.178 0.2000000030
9003  18.467  -85.784  -37.101 0.2000000030
9891  20.209  -84.193  -40.704 0.1000000015
11678  29.402  -82.778  -41.805 0.1000000015
10776  28.287  -82.759  -41.063 0.1000000015
11664  28.164  -81.968  -40.407 0.1000000015
9874  19.466  -85.228  -40.058 0.1000000015
11650  21.044  -82.332  -39.962 0.1000000015
10790  30.385  -83.193  -41.879 0.1000000015
11663  29.123  -82.302  -40.636 0.1000000015
12580  27.584  -81.535  -40.001 0.1000000015
12534  27.120  -81.064  -39.082 0.1000000015
12514  25.965  -80.945  -38.239 0.1000000015
12494  23.745  -81.367  -36.599 0.1000000015
10775  29.961  -82.891  -40.782 0.1000000015
10757  29.629  -82.640  -39.620 0.1000000015
11642  28.796  -81.966  -39.388 0.1000000015
10774  30.920  -83.447  -40.814 0.1000000015
10741  29.469  -82.394  -38.465 0.1000000015
16010  15.386  -77.128  -32.915 0.2000000030
15618  7.469  -78.150  -3.063 0.4000000060
16023  15.573  -77.168  -33.714 0.2000000030
17848  14.083  -75.767  -32.938 0.3000000119
17849  13.133  -75.446  -32.739 0.3000000119
16937  11.592  -76.674  -32.966 0.3000000119
15644  7.636  -77.460  -3.325 0.3000000119
16488  7.006  -77.337  -3.129 0.4000000060
16520  7.735  -76.741  -3.634 0.3000000119
16518  9.737  -76.779  -4.434 0.2000000030
20023  10.274  -72.790  -34.124 0.3000000119
17450  9.629  -75.392  -5.108 0.1000000015
18447  9.054  -74.748  -5.168 0.2000000030
18446  10.044  -74.542  -5.470 0.1000000015
20670  10.207  -72.691  -6.039 0.2000000030
14044  -0.034  -79.292  -22.527 0.1000000015
14052  -0.236  -79.235  -23.812 0.2000000030
14944  -0.201  -78.638  -19.218 0.1000000015
17683  -0.079  -75.800  -20.188 0.3000000119
14943  -0.003  -77.925  -19.630 0.1000000015
15876  -0.143  -77.263  -21.051 0.1000000015
14018  -0.340  -79.709  -20.011 0.1000000015
14973  0.132  -78.640  -22.123 0.1000000015
16737  0.203  -76.120  -17.324 0.1000000015
16740  0.206  -76.565  -17.954 0.1000000015
17640  0.270  -75.513  -16.897 0.1000000015
18646  0.234  -74.438  -16.283 0.2000000030
21898  -0.401  -71.346  -13.384 0.1000000015
21911  -0.393  -71.146  -14.586 0.1000000015
23013  0.447  -70.437  -12.428 0.1000000015
23030  -0.372  -70.217  -13.887 0.1000000015
24182  -0.160  -69.221  -14.201 0.2000000030
28712  8.727  -65.930  -16.154 0.2000000030
24168  0.006  -69.436  -13.490 0.1000000015
24200  -0.152  -68.758  -14.896 0.3000000119
27577  0.406  -66.682  -13.808 0.1000000015
26444  0.100  -68.157  -14.206 0.2000000030
26460  1.078  -67.362  -13.593 0.1000000015
26462  0.029  -67.605  -14.192 0.1000000015
25353  -0.110  -68.009  -14.727 0.2000000030
28706  -0.279  -66.015  -14.893 0.2000000030
28703  2.041  -65.649  -14.782 0.1000000015
28692  0.680  -66.026  -13.954 0.1000000015
28717  2.259  -64.980  -15.509 0.1000000015
28704  1.032  -65.421  -14.607 0.2000000030
27595  -0.073  -66.291  -13.956 0.1000000015
31935  17.361  -62.252  -12.621 0.1000000015
31952  16.153  -63.110  -14.020 0.2000000030
29872  4.306  -64.796  -18.572 0.1000000015
29873  3.519  -64.083  -18.221 0.1000000015
29820  2.307  -64.317  -16.535 0.2000000030
29886  4.571  -63.774  -19.014 0.1000000015
30961  3.031  -63.926  -17.723 0.1000000015
30939  2.049  -63.747  -16.819 0.2000000030
32913  18.823  -61.782  -12.721 0.1000000015
31944  18.138  -62.168  -14.066 0.1000000015
32932  17.826  -61.664  -15.281 0.1000000015
31962  15.741  -62.239  -15.820 0.1000000015
32040  5.766  -62.304  -19.070 0.1000000015
35031  22.215  -59.489  -12.770 0.1000000015
36211  21.255  -58.613  -13.438 0.1000000015
32911  20.614  -61.940  -12.381 0.1000000015
32920  21.092  -61.236  -13.174 0.1000000015
33945  20.826  -60.390  -13.844 0.1000000015
35038  20.948  -59.243  -14.012 0.1000000015
33946  20.154  -60.897  -13.894 0.1000000015
33954  19.774  -60.279  -14.566 0.1000000015
32923  18.655  -61.865  -13.862 0.1000000015
32931  18.484  -61.460  -14.871 0.1000000015
33973  18.544  -60.263  -15.391 0.1000000015
32946  17.200  -61.357  -15.637 0.1000000015
35071  17.008  -60.025  -15.879 0.1000000015
33990  15.757  -60.325  -16.080 0.1000000015
35089  16.394  -59.498  -16.167 0.2000000030
34037  7.916  -60.284  -19.148 0.1000000015
32038  7.648  -61.888  -19.484 0.1000000015
33017  5.157  -61.171  -18.767 0.2000000030
36212  20.617  -58.164  -13.819 0.1000000015
35047  20.345  -59.163  -14.396 0.1000000015
36225  20.184  -58.560  -14.408 0.1000000015
35068  19.353  -58.579  -15.148 0.1000000015
35069  18.523  -58.716  -15.879 0.2000000030
35087  17.834  -58.304  -16.451 0.2000000030
35138  6.086  -59.174  -19.087 0.3000000119
34038  6.736  -60.205  -18.943 0.2000000030
36226  19.894  -57.948  -14.526 0.1000000015
35137  7.019  -59.158  -18.883 0.2000000030
36316  6.336  -58.306  -19.123 0.2000000030
35136  7.979  -59.037  -18.987 0.1000000015
36315  7.192  -58.111  -18.886 0.1000000015
36446  7.411  -59.208  -26.475 0.3000000119
37585  7.505  -57.796  -26.409 0.3000000119
36428  6.356  -58.742  -25.501 0.3000000119
37586  6.928  -57.890  -25.638 0.4000000060
37624  8.311  -57.623  -27.124 0.3000000119
37602  8.083  -57.403  -27.014 0.3000000119
38730  9.254  -56.685  -26.919 0.3000000119
38731  8.810  -56.831  -27.060 0.3000000119
43177  8.831  -52.946  -25.850 0.3000000119
38659  10.385  -56.391  -24.158 0.2000000030
569  2.577  -99.161  -25.166 0.2000000030
2041  1.888  -95.218  -28.376 0.2000000030
2013  1.957  -95.998  -26.540 0.2000000030
1999  2.212  -95.460  -25.517 0.3000000119
16748  0.092  -76.456  -19.015 0.1000000015
20853  0.005  -72.186  -15.367 0.2000000030
29802  0.481  -65.168  -14.738 0.2000000030
35139  5.265  -59.206  -19.389 0.3000000119
32965  15.283  -60.872  -16.054 0.1000000015
35088  17.297  -58.794  -16.404 0.2000000030
38713  7.811  -56.714  -26.542 0.3000000119
32998  4.457  -61.522  -18.809 0.2000000030
32041  4.664  -62.257  -18.932 0.1000000015
14170  15.904  -78.945  -31.865 0.2000000030
15114  14.461  -78.086  -32.119 0.2000000030
16948  14.940  -76.142  -33.789 0.3000000119
17850  12.110  -75.653  -32.523 0.3000000119
14974  0.009  -78.166  -21.855 0.1000000015
29810  1.790  -64.490  -15.823 0.2000000030
36429  5.780  -58.524  -25.117 0.4000000060
32948  15.150  -61.543  -15.990 0.4000000060
27627  9.490  -66.087  -16.333 0.1000000015
37463  8.604  -57.122  -19.801 0.1000000015
40939  14.461  -54.349  -25.137 0.1000000015
40928  14.018  -54.768  -24.885 0.1000000015
40929  13.562  -54.281  -24.757 0.2000000030
30992  5.132  -63.171  -19.144 0.1000000015
9924  31.578  -85.032  -43.364 0.1000000015
9854  27.347  -83.815  -39.220 0.1000000015
10216  5.291  -82.901  -0.477 0.4000000060
17421  8.247  -75.868  -4.135 0.2000000030
31951  16.970  -62.793  -14.390 0.1000000015
31950  17.779  -62.222  -14.742 0.1000000015
31961  16.777  -62.330  -15.444 0.1000000015
38710  9.870  -55.625  -26.625 0.3000000119
11070  5.965  -82.514  0.002 0.4000000060
10205  4.824  -83.299  0.258 0.4000000060
35283  6.438  -60.244  -26.187 0.3000000119
36427  7.147  -58.855  -26.155 0.3000000119
3120  1.914  -93.609  -27.278 0.2000000030
6471  19.026  -88.652  -35.673 0.5000000000
8105  22.192  -86.338  -35.457 0.2000000030
8080  18.825  -86.479  -33.646 0.5000000000
8106  21.077  -86.655  -35.015 0.2000000030
8107  20.399  -86.235  -34.953 0.2000000030
10761  23.091  -82.667  -39.684 0.1000000015
11057  5.753  -82.450  1.104 0.4000000060
9872  21.359  -84.225  -39.621 0.1000000015
9020  18.963  -85.771  -38.302 0.1000000015
15854  0.137  -77.258  -19.488 0.1000000015
14958  -0.015  -78.255  -20.411 0.1000000015
14030  -0.081  -79.357  -21.374 0.1000000015
23014  -0.145  -70.392  -12.940 0.1000000015
21882  -0.339  -71.539  -12.011 0.1000000015
24167  0.335  -69.532  -12.950 0.1000000015
25335  0.836  -68.184  -13.181 0.1000000015
27594  1.569  -66.456  -14.117 0.2000000030
27612  2.810  -65.752  -15.206 0.1000000015
31946  16.780  -62.716  -13.324 0.1000000015
32924  18.149  -62.121  -13.653 0.1000000015
29871  5.053  -65.048  -19.059 0.1000000015
29885  5.262  -64.284  -19.281 0.1000000015
29847  3.992  -65.063  -18.028 0.1000000015
29848  3.525  -64.757  -17.640 0.1000000015
32922  19.586  -61.449  -13.682 0.1000000015
32921  20.355  -61.356  -13.313 0.1000000015
31949  18.292  -61.960  -14.393 0.1000000015
32945  17.961  -61.077  -15.470 0.1000000015
32947  16.111  -61.340  -15.965 0.1000000015
30991  6.107  -63.415  -19.389 0.1000000015
36197  21.679  -58.436  -12.576 0.1000000015
35037  21.554  -59.426  -13.431 0.1000000015
33953  20.487  -59.780  -14.257 0.1000000015
32930  19.137  -61.209  -14.388 0.1000000015
33955  19.017  -60.831  -14.842 0.1000000015
33974  17.494  -60.489  -15.734 0.1000000015
35048  19.809  -58.987  -14.746 0.1000000015
33972  19.211  -59.374  -15.169 0.1000000015
33975  16.657  -60.504  -15.887 0.1000000015
35070  17.551  -59.658  -15.978 0.1000000015
33014  8.053  -61.397  -19.472 0.1000000015
33015  7.305  -61.260  -19.238 0.1000000015
33016  6.321  -61.265  -18.981 0.2000000030
36246  19.223  -57.844  -15.256 0.1000000015
36445  7.834  -58.525  -26.858 0.3000000119
1292  4.388  -97.079  -37.493 0.2000000030
1696  3.816  -96.689  -37.548 0.2000000030
1276  3.302  -97.367  -36.271 0.2000000030
4573  10.703  -91.311  -43.594 0.1000000015
4590  9.500  -91.956  -44.054 0.1000000015
3928  7.410  -92.382  -42.981 0.1000000015
3941  7.928  -92.676  -43.401 0.1000000015
4574  9.378  -91.562  -43.431 0.1000000015
2949  19.610  -93.733  -14.529 0.1000000015
2941  19.880  -93.804  -13.331 0.1000000015
4536  6.126  -91.415  -41.149 0.1000000015
5196  7.949  -91.222  -42.633 0.1000000015
4559  8.374  -91.450  -42.959 0.1000000015
3956  8.989  -92.886  -44.005 0.1000000015
3576  19.255  -92.565  -13.721 0.1000000015
4178  19.143  -91.781  -12.686 0.1000000015
3563  19.565  -92.927  -12.537 0.1000000015
2931  19.972  -93.786  -12.245 0.1000000015
4312  2.234  -91.314  -22.543 0.2000000030
4301  2.213  -91.275  -21.509 0.2000000030
4924  1.814  -90.203  -19.575 0.2000000030
5562  1.568  -89.607  -18.577 0.1000000015
11067  8.376  -82.787  0.475 0.2000000030
11027  5.240  -82.037  2.589 0.3000000119
11937  6.147  -81.736  2.391 0.2000000030
11056  7.166  -81.990  1.271 0.2000000030
11069  6.821  -82.279  0.287 0.2000000030
11042  6.350  -82.008  1.834 0.2000000030
11935  8.345  -81.979  2.231 0.2000000030
11934  8.791  -82.421  2.480 0.2000000030
11054  8.706  -82.982  1.096 0.2000000030
10203  8.413  -83.469  0.529 0.2000000030
12825  6.541  -80.727  2.921 0.3000000119
11041  8.458  -82.303  1.893 0.2000000030
13674  6.364  -80.243  2.772 0.2000000030
11920  4.870  -81.389  2.731 0.3000000119
11044  4.695  -82.852  2.090 0.3000000119
13697  7.529  -79.166  2.119 0.2000000030
11025  9.529  -82.696  2.937 0.2000000030
11917  7.870  -81.434  2.698 0.2000000030
11916  8.771  -82.005  2.790 0.2000000030
13698  6.570  -79.387  1.685 0.3000000119
13696  8.573  -79.381  2.102 0.2000000030
12823  8.454  -81.213  2.872 0.2000000030
12835  8.318  -80.527  2.912 0.2000000030
13683  7.850  -79.870  2.825 0.2000000030
12824  7.557  -80.737  3.034 0.2000000030
13776  8.173  -79.741  -2.301 0.2000000030
13735  8.179  -79.625  -0.528 0.2000000030
13715  7.747  -79.296  0.065 0.2000000030
14708  8.745  -79.164  -3.253 0.2000000030
14686  6.743  -79.601  -1.237 0.3000000119
14727  8.391  -78.417  -3.391 0.1000000015
24134  14.079  -69.184  -10.588 0.1000000015
26400  14.894  -67.351  -10.839 0.1000000015
25275  16.460  -68.058  -10.546 0.1000000015
18768  6.927  -74.199  -25.110 0.2000000030
28609  14.833  -65.268  -9.202 0.1000000015
21003  5.135  -72.407  -26.118 0.2000000030
21002  6.239  -72.568  -25.866 0.2000000030
21001  7.406  -72.627  -25.862 0.2000000030
19887  6.962  -73.499  -25.720 0.2000000030
19886  8.132  -73.323  -26.060 0.2000000030
25521  5.989  -69.203  -26.026 0.2000000030
25520  7.027  -68.859  -25.629 0.2000000030
24385  5.338  -69.936  -25.991 0.2000000030
22113  4.759  -71.858  -26.384 0.2000000030
25505  8.117  -68.878  -25.037 0.2000000030
24384  6.437  -70.100  -25.212 0.2000000030
23243  5.881  -71.080  -25.642 0.2000000030
22112  5.562  -71.857  -25.984 0.2000000030
24364  7.451  -70.239  -24.646 0.2000000030
23242  6.897  -71.265  -25.388 0.2000000030
24343  7.919  -70.589  -24.496 0.2000000030
23224  7.633  -71.228  -24.948 0.2000000030
22110  7.685  -71.887  -25.714 0.2000000030
23256  4.164  -70.696  -27.171 0.2000000030
25504  9.285  -68.717  -24.985 0.2000000030
25519  8.260  -68.320  -25.944 0.2000000030
24362  8.670  -69.161  -24.666 0.2000000030
26661  10.595  -67.574  -26.411 0.2000000030
26668  9.629  -67.619  -27.269 0.2000000030
26669  8.558  -67.648  -27.573 0.2000000030
26680  8.832  -67.111  -28.082 0.2000000030
27786  11.958  -65.826  -26.792 0.2000000030
25534  9.045  -67.913  -27.079 0.2000000030
25554  7.262  -67.869  -27.790 0.2000000030
24424  5.290  -69.077  -28.145 0.2000000030
25517  10.170  -67.996  -26.240 0.2000000030
25518  9.426  -68.041  -26.317 0.2000000030
25537  6.231  -68.565  -26.785 0.2000000030
24406  5.211  -69.243  -26.955 0.2000000030
25536  7.352  -68.184  -26.972 0.2000000030
26666  10.935  -66.573  -27.256 0.2000000030
26678  10.152  -66.694  -28.061 0.2000000030
28891  13.073  -65.271  -26.815 0.2000000030
27800  9.923  -66.531  -28.516 0.2000000030
25555  6.389  -68.227  -28.095 0.2000000030
26681  7.475  -67.374  -28.508 0.2000000030
24438  5.102  -69.182  -29.054 0.2000000030
23272  2.638  -70.538  -28.768 0.2000000030
28903  12.019  -65.448  -27.534 0.2000000030
28915  10.561  -65.888  -28.750 0.2000000030
27802  8.383  -66.735  -28.741 0.2000000030
26682  6.638  -67.889  -28.939 0.2000000030
25570  6.158  -68.247  -29.150 0.2000000030
30018  12.751  -64.765  -28.889 0.2000000030
28924  11.404  -65.167  -29.303 0.2000000030
28925  10.344  -65.461  -29.500 0.2000000030
27830  8.226  -66.131  -29.801 0.2000000030
27831  7.605  -66.206  -30.015 0.2000000030
30016  14.206  -64.129  -28.484 0.2000000030
28913  12.216  -65.041  -28.716 0.2000000030
27815  9.600  -66.154  -29.113 0.2000000030
28926  9.185  -65.776  -29.736 0.2000000030
30032  12.526  -64.549  -29.515 0.2000000030
30033  11.614  -64.748  -29.826 0.2000000030
28938  9.440  -65.155  -30.198 0.2000000030
27834  5.047  -65.824  -30.065 0.2000000030
30050  10.808  -64.615  -30.335 0.2000000030
30052  8.947  -64.633  -30.560 0.2000000030
30054  7.262  -64.739  -29.827 0.2000000030
28928  5.493  -65.189  -29.660 0.2000000030
30076  9.392  -64.034  -30.761 0.2000000030
31174  8.463  -64.003  -30.531 0.2000000030
30075  10.347  -63.939  -30.811 0.2000000030
31156  7.376  -64.126  -29.717 0.2000000030
31172  9.960  -63.388  -30.799 0.2000000030
31155  8.043  -63.728  -30.170 0.2000000030
31138  7.813  -63.381  -29.740 0.2000000030
32242  10.670  -62.557  -30.971 0.2000000030
32224  8.749  -62.937  -30.200 0.2000000030
32205  7.374  -63.277  -28.917 0.2000000030
31125  6.962  -63.536  -28.441 0.2000000030
32244  8.990  -63.274  -30.459 0.2000000030
32189  7.676  -63.082  -28.666 0.2000000030
31107  6.579  -63.611  -27.464 0.2000000030
33261  9.702  -61.935  -30.496 0.2000000030
33246  9.046  -62.209  -29.842 0.2000000030
31105  7.890  -63.161  -27.797 0.2000000030
34267  9.880  -60.952  -30.120 0.2000000030
32187  9.127  -62.311  -28.049 0.2000000030
34248  9.880  -60.820  -29.455 0.2000000030
33208  8.873  -62.241  -29.080 0.2000000030
31086  7.701  -63.111  -26.934 0.2000000030
31087  6.903  -63.134  -26.825 0.2000000030
32170  8.444  -62.865  -27.264 0.2000000030
32148  8.127  -62.380  -26.561 0.2000000030
34247  10.321  -60.082  -29.424 0.2000000030
33189  9.484  -61.834  -27.729 0.2000000030
33170  9.351  -61.756  -26.882 0.2000000030
32150  6.461  -62.359  -26.490 0.2000000030
33173  6.844  -61.504  -26.416 0.2000000030
32149  7.271  -62.375  -26.499 0.2000000030
34229  10.297  -60.189  -28.584 0.2000000030
34188  9.969  -60.380  -26.787 0.2000000030
34191  7.269  -60.613  -26.429 0.2000000030
34192  6.542  -60.716  -26.351 0.2000000030
35313  10.765  -59.402  -27.836 0.2000000030
34189  9.240  -60.687  -26.536 0.2000000030
35281  7.673  -59.685  -26.560 0.2000000030
36443  9.447  -58.956  -26.751 0.2000000030
36444  8.700  -58.626  -26.981 0.2000000030
36463  9.250  -58.124  -27.002 0.2000000030
40981  11.116  -54.083  -26.850 0.2000000030
42071  9.849  -53.374  -26.350 0.2000000030
42111  12.345  -53.206  -28.322 0.2000000030
43202  11.207  -52.244  -26.949 0.2000000030
43242  13.743  -52.744  -29.497 0.2000000030
44341  12.636  -51.607  -28.035 0.2000000030
44324  11.263  -51.678  -26.919 0.2000000030
44340  13.189  -51.209  -28.497 0.2000000030
44323  11.707  -51.452  -27.207 0.2000000030
43265  14.448  -52.685  -29.941 0.1000000015
45449  10.960  -50.331  -26.658 0.2000000030
44354  13.249  -51.861  -28.953 0.2000000030
44342  12.163  -51.070  -27.506 0.2000000030
45481  13.000  -50.528  -28.224 0.2000000030
45482  12.331  -50.448  -27.629 0.1000000015
45493  14.365  -50.303  -29.427 0.2000000030
46525  12.608  -49.548  -27.974 0.1000000015
46509  11.239  -49.544  -27.043 0.1000000015
46524  13.338  -49.568  -28.512 0.1000000015
47687  14.479  -48.607  -29.266 0.1000000015
47674  12.176  -48.107  -27.837 0.1000000015
48991  15.333  -48.053  -30.036 0.1000000015
48961  13.397  -47.498  -28.462 0.1000000015
50256  16.580  -46.982  -29.642 0.1000000015
50258  15.490  -47.334  -29.827 0.1000000015
50237  14.675  -46.667  -29.105 0.1000000015
50219  13.159  -46.441  -28.208 0.1000000015
50218  13.922  -46.577  -28.677 0.1000000015
51320  12.904  -45.374  -28.061 0.1000000015
50257  16.019  -47.132  -29.880 0.1000000015
51370  15.643  -46.455  -29.737 0.1000000015
51299  12.050  -45.298  -27.654 0.1000000015
51300  11.261  -45.305  -27.339 0.1000000015
51346  15.075  -45.712  -29.461 0.1000000015
51319  13.656  -45.593  -28.526 0.1000000015
52425  12.532  -44.188  -27.763 0.1000000015
52395  11.646  -44.469  -27.451 0.1000000015
52424  13.588  -44.486  -28.487 0.1000000015
19888  5.647  -73.132  -25.734 0.2000000030
22125  4.202  -71.548  -26.804 0.2000000030
23271  3.493  -70.511  -28.508 0.2000000030
19750  0.238  -73.438  -16.262 0.2000000030
24407  4.600  -69.839  -27.614 0.2000000030
43176  9.453  -52.538  -26.025 0.2000000030
44306  9.985  -51.596  -26.186 0.2000000030
44305  10.850  -51.396  -26.713 0.2000000030
50201  12.405  -46.263  -27.764 0.1000000015
50202  11.651  -46.210  -27.522 0.1000000015
48962  12.566  -47.335  -27.921 0.1000000015
11068  7.777  -82.321  0.420 0.2000000030
30037  5.172  -64.962  -29.101 0.2000000030
40953  10.228  -54.335  -26.641 0.2000000030
43175  10.324  -52.376  -26.493 0.2000000030
24426  3.770  -69.868  -29.221 0.2000000030
27818  7.149  -66.846  -29.912 0.2000000030
28940  7.405  -65.502  -30.049 0.2000000030
28942  5.608  -65.531  -30.099 0.2000000030
30036  5.964  -64.727  -29.282 0.2000000030
37622  9.822  -57.383  -26.795 0.2000000030
11936  7.230  -81.660  2.160 0.2000000030
25538  5.707  -68.966  -26.599 0.2000000030
23244  4.827  -71.038  -26.267 0.2000000030
26670  7.843  -67.839  -27.581 0.2000000030
24423  5.741  -68.729  -27.419 0.2000000030
27798  11.058  -66.074  -27.836 0.2000000030
30003  13.565  -64.801  -28.058 0.2000000030
27817  7.776  -66.625  -29.392 0.2000000030
28912  12.833  -64.833  -28.572 0.2000000030
30053  8.205  -64.557  -30.291 0.2000000030
33260  10.313  -61.909  -30.803 0.2000000030
32204  7.815  -63.056  -29.293 0.2000000030
34266  10.501  -60.531  -30.214 0.2000000030
34230  9.868  -61.180  -28.329 0.2000000030
33171  8.595  -61.556  -26.503 0.2000000030
35328  10.655  -59.484  -28.954 0.2000000030
34209  10.344  -60.273  -27.471 0.2000000030
33172  7.697  -61.506  -26.393 0.2000000030
35278  10.195  -59.859  -26.809 0.2000000030
35280  8.650  -59.520  -26.642 0.2000000030
36503  11.149  -58.822  -28.517 0.2000000030
42099  11.634  -53.312  -27.239 0.2000000030
44355  12.838  -52.223  -28.712 0.2000000030
42098  12.182  -53.019  -27.730 0.2000000030
43201  11.910  -52.394  -27.449 0.2000000030
43243  12.979  -52.744  -29.162 0.1000000015
44371  14.039  -51.803  -29.464 0.1000000015
44322  12.199  -51.972  -27.636 0.2000000030
45468  11.507  -50.527  -27.001 0.2000000030
45483  11.896  -50.737  -27.311 0.2000000030
45494  13.761  -50.753  -28.898 0.2000000030
46534  14.077  -49.556  -29.064 0.1000000015
45467  11.806  -50.146  -27.250 0.1000000015
47656  12.208  -48.789  -27.792 0.1000000015
47673  12.819  -48.483  -28.237 0.1000000015
47672  13.708  -48.548  -28.769 0.1000000015
48977  14.243  -47.604  -28.894 0.1000000015
48976  14.926  -47.672  -29.523 0.1000000015
50236  15.182  -46.767  -29.530 0.1000000015
52453  14.000  -45.036  -28.774 0.1000000015
955  18.046  -97.726  -38.629 0.1000000015
1294  18.915  -96.936  -38.831 0.1000000015
1746  10.696  -96.952  -40.026 0.1000000015
980  14.994  -98.111  -39.454 0.1000000015
1314  11.220  -97.516  -40.351 0.1000000015
1732  10.649  -96.551  -39.558 0.1000000015
2154  4.410  -95.429  -38.238 0.1000000015
2662  4.712  -94.793  -37.691 0.1000000015
2170  5.118  -96.137  -38.735 0.1000000015
1723  7.104  -96.490  -39.130 0.1000000015
2137  5.873  -94.705  -37.472 0.1000000015
2631  6.106  -94.687  -36.020 0.1000000015
1736  7.819  -97.126  -39.052 0.1000000015
1708  7.705  -96.004  -38.565 0.1000000015
2151  7.315  -95.658  -37.747 0.1000000015
2118  7.076  -95.072  -36.095 0.1000000015
2117  7.783  -95.431  -35.533 0.1000000015
2630  7.143  -94.848  -35.339 0.1000000015
1707  8.573  -96.309  -38.417 0.1000000015
2134  8.320  -96.035  -36.036 0.1000000015
1706  9.567  -96.496  -38.475 0.1000000015
2116  8.629  -95.928  -35.137 0.1000000015
1705  10.572  -96.468  -38.368 0.1000000015
1693  10.133  -96.527  -37.613 0.1000000015
2115  9.509  -96.396  -34.971 0.1000000015
1323  14.860  -96.927  -39.832 0.1000000015
1310  14.721  -96.689  -39.845 0.1000000015
1757  13.313  -96.878  -40.521 0.1000000015
1744  12.822  -96.793  -40.350 0.1000000015
1745  11.768  -96.884  -40.168 0.1000000015
1717  11.965  -96.505  -38.959 0.1000000015
2099  11.341  -96.214  -34.499 0.1000000015
1730  12.379  -96.511  -39.671 0.1000000015
1703  12.428  -96.161  -38.213 0.1000000015
2139  2.669  -95.845  -36.572 0.1000000015
2651  3.219  -95.131  -36.918 0.1000000015
2633  3.761  -94.531  -36.063 0.1000000015
2632  4.850  -94.387  -36.073 0.1000000015
1695  8.162  -96.070  -37.847 0.1000000015
2150  8.247  -95.984  -37.019 0.1000000015
1678  8.993  -96.458  -36.458 0.1000000015
1657  9.728  -96.736  -35.833 0.1000000015
1656  10.633  -96.702  -36.171 0.1000000015
1692  11.036  -96.473  -37.625 0.1000000015
2190  15.059  -95.672  -39.577 0.1000000015
1716  12.996  -96.122  -38.921 0.1000000015
2165  13.254  -95.758  -38.117 0.1000000015
1655  11.146  -96.561  -36.466 0.1000000015
7948  29.200  -87.150  -24.180 0.1000000015
1690  12.313  -96.112  -37.579 0.1000000015
1226  2.705  -98.197  -31.893 0.2000000030
1233  1.911  -97.286  -32.957 0.1000000015
1645  1.736  -96.297  -34.596 0.1000000015
2120  1.797  -95.295  -35.125 0.1000000015
2119  2.073  -95.714  -35.767 0.1000000015
2636  1.828  -94.831  -34.777 0.1000000015
2634  2.933  -94.678  -36.019 0.1000000015
2616  4.269  -94.140  -35.209 0.1000000015
2615  5.384  -94.336  -35.086 0.1000000015
3189  3.361  -93.537  -33.676 0.1000000015
3169  3.864  -93.123  -33.007 0.1000000015
3205  4.839  -93.798  -34.365 0.1000000015
3187  5.418  -93.213  -33.582 0.1000000015
2114  10.550  -96.619  -35.217 0.1000000015
2614  6.485  -94.434  -34.876 0.1000000015
6290  27.940  -88.478  -24.382 0.1000000015
5619  28.059  -89.533  -24.729 0.2000000030
2113  11.667  -96.344  -35.893 0.1000000015
7112  28.171  -87.844  -24.226 0.1000000015
4991  27.950  -90.778  -25.202 0.2000000030
2164  14.349  -95.239  -38.257 0.1000000015
2148  13.039  -95.708  -37.234 0.1000000015
2098  12.256  -95.873  -34.928 0.1000000015
2163  15.072  -94.955  -38.639 0.1000000015
2672  14.945  -94.856  -38.188 0.1000000015
8801  29.549  -86.419  -24.249 0.1000000015
1975  23.433  -95.717  -24.380 0.1000000015
905  2.267  -98.171  -31.168 0.1000000015
3052  24.118  -94.572  -23.988 0.1000000015
3069  24.411  -93.602  -24.096 0.1000000015
1976  22.870  -95.389  -25.099 0.1000000015
2476  23.220  -94.538  -25.106 0.1000000015
1633  1.607  -96.306  -33.794 0.1000000015
1613  1.495  -96.377  -31.390 0.1000000015
2492  22.581  -94.424  -25.720 0.1000000015
3704  24.033  -93.055  -25.088 0.1000000015
2087  1.567  -95.523  -33.242 0.1000000015
2597  1.798  -94.522  -33.737 0.1000000015
3085  23.542  -93.328  -25.381 0.1000000015
2618  2.254  -94.281  -34.414 0.1000000015
2507  22.081  -93.908  -26.535 0.1000000015
3206  3.771  -93.745  -34.428 0.1000000015
3812  2.955  -93.430  -32.177 0.1000000015
3745  22.233  -91.999  -27.693 0.2000000030
4377  22.063  -91.869  -27.993 0.2000000030
2100  10.249  -96.281  -34.279 0.1000000015
5037  22.035  -91.004  -28.693 0.2000000030
2112  12.665  -95.649  -35.766 0.1000000015
5070  22.632  -90.681  -30.273 0.2000000030
5695  22.955  -89.831  -28.810 0.2000000030
2147  13.858  -95.271  -37.261 0.1000000015
5732  23.178  -90.030  -30.139 0.2000000030
2111  13.254  -95.224  -35.665 0.1000000015
10554  30.749  -83.536  -24.783 0.1000000015
9675  30.273  -84.565  -24.576 0.1000000015
2646  14.242  -94.824  -36.469 0.1000000015
4880  25.642  -90.543  -16.489 0.1000000015
3703  24.471  -92.943  -24.428 0.1000000015
4334  24.644  -91.877  -24.554 0.1000000015
3172  1.905  -94.084  -32.692 0.1000000015
3718  23.669  -92.456  -25.731 0.1000000015
4349  24.312  -91.681  -25.364 0.1000000015
3190  2.406  -93.889  -33.666 0.1000000015
3155  2.607  -93.479  -31.590 0.1000000015
3100  22.331  -93.165  -26.891 0.2000000030
3719  23.154  -92.488  -26.354 0.1000000015
4974  24.646  -90.887  -24.841 0.1000000015
3732  22.711  -92.281  -27.135 0.2000000030
4350  23.900  -91.524  -26.129 0.1000000015
3170  3.032  -93.414  -32.906 0.1000000015
4364  22.896  -91.617  -27.337 0.2000000030
5027  22.970  -90.539  -27.983 0.2000000030
6315  27.444  -88.985  -25.829 0.2000000030
5652  27.367  -89.646  -26.380 0.2000000030
4347  28.064  -91.559  -24.838 0.2000000030
5694  23.434  -89.235  -28.843 0.2000000030
5675  23.709  -89.124  -27.888 0.2000000030
5632  28.188  -90.239  -24.736 0.2000000030
5046  25.077  -90.620  -29.711 0.2000000030
5713  24.752  -89.757  -29.824 0.2000000030
5714  23.787  -89.324  -29.766 0.2000000030
2660  14.834  -94.737  -37.534 0.1000000015
11447  31.808  -82.259  -25.059 0.1000000015
3021  25.902  -93.275  -21.438 0.1000000015
3663  26.217  -92.375  -20.526 0.1000000015
3668  25.826  -92.195  -21.481 0.1000000015
4898  25.595  -90.461  -17.412 0.1000000015
4288  25.977  -91.131  -19.189 0.1000000015
4298  25.834  -91.366  -21.150 0.1000000015
4306  25.461  -91.509  -21.968 0.1000000015
4321  24.939  -92.295  -23.742 0.1000000015
5529  25.585  -89.623  -16.122 0.1000000015
5543  25.510  -89.548  -17.097 0.1000000015
4919  25.724  -90.069  -18.773 0.1000000015
4931  25.380  -90.064  -21.693 0.1000000015
4942  25.475  -90.739  -21.641 0.1000000015
4943  25.071  -90.491  -22.486 0.1000000015
5510  26.139  -88.887  -15.070 0.1000000015
4960  24.861  -91.025  -23.748 0.1000000015
6977  27.166  -88.143  -14.830 0.1000000015
6992  25.917  -87.834  -15.686 0.1000000015
3151  2.298  -93.184  -31.000 0.1000000015
5634  24.551  -89.811  -25.280 0.1000000015
2572  2.125  -94.126  -31.984 0.1000000015
4363  23.420  -91.231  -27.056 0.2000000030
5011  24.336  -90.289  -26.046 0.2000000030
5012  24.019  -90.216  -26.667 0.2000000030
4375  23.123  -90.818  -27.599 0.2000000030
5653  24.332  -89.681  -26.122 0.2000000030
5635  24.352  -89.070  -25.789 0.2000000030
5654  24.114  -89.013  -26.731 0.2000000030
6317  24.036  -88.133  -25.619 0.2000000030
6330  24.031  -87.659  -26.525 0.2000000030
6346  24.131  -88.036  -27.509 0.2000000030
5618  28.517  -89.820  -24.252 0.2000000030
7166  25.473  -87.574  -28.653 0.2000000030
6375  24.713  -88.802  -29.476 0.2000000030
6362  24.013  -88.435  -28.440 0.2000000030
7167  24.853  -87.424  -28.345 0.2000000030
6361  24.648  -88.014  -28.903 0.2000000030
6345  24.387  -87.749  -28.209 0.2000000030
7111  28.922  -88.003  -23.951 0.1000000015
6289  28.585  -88.846  -24.043 0.2000000030
12329  32.729  -81.216  -25.532 0.1000000015
11446  32.262  -82.050  -25.298 0.1000000015
4333  28.541  -91.498  -24.169 0.2000000030
4925  25.890  -90.127  -19.826 0.1000000015
5557  25.531  -89.185  -18.178 0.1000000015
4930  25.779  -90.261  -20.946 0.1000000015
6211  25.465  -88.344  -17.353 0.1000000015
5567  25.593  -89.115  -19.286 0.1000000015
5578  25.454  -89.372  -21.333 0.1000000015
5579  25.109  -89.474  -22.027 0.1000000015
5605  24.719  -89.811  -23.407 0.1000000015
3143  1.880  -92.800  -29.214 0.1000000015
7006  26.207  -87.197  -15.779 0.1000000015
6199  25.607  -88.632  -16.185 0.1000000015
7019  25.434  -87.232  -17.578 0.1000000015
6291  24.577  -88.840  -23.061 0.1000000015
3152  1.991  -93.067  -30.236 0.1000000015
6990  27.803  -87.411  -15.144 0.1000000015
7126  24.011  -87.958  -24.186 0.2000000030
7114  23.807  -87.388  -23.881 0.1000000015
6306  24.052  -88.241  -24.763 0.2000000030
6225  25.340  -88.009  -18.602 0.1000000015
6239  25.399  -88.164  -19.836 0.1000000015
6260  25.123  -88.554  -21.640 0.1000000015
7007  25.679  -87.450  -16.503 0.1000000015
7082  24.895  -87.779  -21.658 0.1000000015
7094  24.599  -88.010  -22.371 0.1000000015
3134  1.775  -93.115  -28.657 0.1000000015
2550  1.714  -94.059  -28.600 0.1000000015
7947  30.102  -87.218  -24.155 0.1000000015
4959  28.903  -90.701  -23.883 0.2000000030
7069  25.201  -87.344  -20.323 0.1000000015
2042  1.750  -94.620  -28.989 0.1000000015
3767  1.978  -92.008  -29.399 0.1000000015
3759  1.729  -91.895  -28.424 0.1000000015
8800  30.363  -86.386  -24.371 0.1000000015
4320  29.209  -91.639  -23.589 0.2000000030
4398  2.472  -91.336  -29.334 0.1000000015
3749  1.662  -92.093  -27.122 0.1000000015
4389  1.912  -91.182  -28.524 0.1000000015
8820  30.828  -85.613  -24.639 0.1000000015
5604  29.181  -89.843  -23.823 0.2000000030
6288  29.488  -88.977  -23.831 0.1000000015
13320  15.727  -79.660  -33.476 0.1000000015
13303  15.894  -80.451  -32.918 0.1000000015
13288  16.428  -80.596  -32.158 0.1000000015
12430  16.091  -81.194  -32.606 0.1000000015
10708  16.567  -83.421  -35.337 0.1000000015
2533  1.932  -94.581  -27.567 0.1000000015
5004  1.559  -90.601  -25.208 0.1000000015
4380  1.652  -91.264  -27.465 0.1000000015
5030  2.009  -90.319  -27.585 0.1000000015
5665  1.881  -89.961  -26.718 0.1000000015
9674  31.173  -84.535  -24.923 0.1000000015
5603  30.032  -89.989  -23.613 0.2000000030
13338  14.465  -80.161  -35.527 0.1000000015
14248  15.343  -78.854  -35.147 0.1000000015
14227  15.721  -78.906  -34.181 0.1000000015
14169  16.310  -79.794  -31.915 0.1000000015
12479  15.047  -82.092  -34.691 0.1000000015
12480  14.677  -81.401  -34.952 0.1000000015
11594  15.138  -82.474  -35.466 0.1000000015
10718  15.423  -82.914  -36.482 0.1000000015
9849  16.220  -83.974  -37.412 0.1000000015
9831  16.684  -84.060  -36.383 0.1000000015
9848  16.730  -84.667  -37.216 0.2000000030
9861  15.936  -84.255  -38.525 0.1000000015
9022  16.790  -84.976  -38.313 0.1000000015
3121  1.798  -92.769  -27.001 0.1000000015
5021  1.641  -90.676  -26.454 0.1000000015
10569  31.902  -82.774  -25.166 0.1000000015
15209  13.930  -78.487  -37.475 0.1000000015
16089  14.511  -77.525  -36.801 0.1000000015
17000  14.688  -76.564  -35.907 0.2000000030
16964  15.319  -76.692  -34.761 0.1000000015
6287  30.552  -89.172  -23.689 0.1000000015
14267  14.446  -79.493  -36.446 0.1000000015
15194  14.813  -78.400  -36.599 0.1000000015
15174  15.271  -78.534  -35.746 0.1000000015
15173  15.563  -78.104  -35.144 0.1000000015
15135  15.832  -77.971  -33.328 0.1000000015
12523  13.435  -81.078  -37.671 0.1000000015
13352  13.913  -80.236  -36.592 0.1000000015
11617  14.063  -82.060  -37.291 0.1000000015
10733  14.932  -82.795  -37.311 0.1000000015
10749  15.122  -83.504  -38.289 0.1000000015
10766  14.253  -83.258  -39.360 0.1000000015
9878  15.160  -84.075  -39.508 0.1000000015
9039  16.601  -85.029  -39.052 0.1000000015
3107  1.777  -92.574  -26.634 0.1000000015
4370  1.638  -91.565  -26.600 0.1000000015
4343  1.782  -91.458  -24.589 0.1000000015
4985  1.523  -90.615  -24.248 0.1000000015
4330  1.809  -91.013  -23.380 0.1000000015
18956  12.454  -74.211  -37.627 0.2000000030
20093  12.600  -73.361  -37.876 0.2000000030
17965  12.626  -74.997  -38.316 0.2000000030
18934  12.305  -74.236  -36.518 0.2000000030
18915  12.438  -74.564  -35.500 0.2000000030
7110  29.809  -88.098  -23.932 0.1000000015
16090  13.908  -77.308  -37.203 0.2000000030
17013  13.160  -76.379  -37.189 0.2000000030
17012  13.803  -76.629  -36.711 0.2000000030
17915  13.788  -75.762  -35.371 0.2000000030
17892  13.584  -75.254  -34.525 0.2000000030
14282  13.048  -79.581  -38.410 0.1000000015
15210  13.049  -78.663  -38.238 0.1000000015
13353  13.642  -80.247  -37.367 0.1000000015
11618  13.653  -81.749  -37.697 0.1000000015
12545  12.973  -81.329  -38.768 0.1000000015
11656  13.737  -82.488  -38.634 0.1000000015
3712  1.847  -92.063  -25.143 0.1000000015
4342  2.204  -91.810  -23.850 0.1000000015
4313  1.796  -90.739  -22.255 0.1000000015
4938  1.527  -89.990  -21.671 0.1000000015
18976  12.723  -74.113  -38.507 0.2000000030
18975  13.065  -73.831  -38.870 0.2000000030
21190  12.975  -72.733  -38.032 0.2000000030
17035  12.794  -76.697  -39.614 0.1000000015
18876  13.103  -74.783  -33.643 0.2000000030
16107  12.524  -77.850  -38.931 0.1000000015
15247  12.618  -78.860  -39.564 0.1000000015
13380  13.078  -80.676  -38.388 0.1000000015
4928  1.966  -90.841  -20.426 0.1000000015
4929  1.680  -90.009  -20.593 0.1000000015
5570  1.332  -89.295  -19.765 0.1000000015
22284  16.198  -71.608  -37.081 0.2000000030
22285  15.640  -71.057  -37.760 0.2000000030
22297  16.199  -71.875  -37.735 0.2000000030
22287  13.637  -71.254  -37.711 0.2000000030
21172  12.460  -72.394  -37.487 0.2000000030
20090  15.393  -73.123  -38.541 0.2000000030
20091  14.125  -73.076  -38.646 0.2000000030
20072  12.167  -73.306  -36.911 0.2000000030
18990  14.452  -74.682  -39.433 0.2000000030
20056  11.784  -73.422  -36.047 0.2000000030
18916  11.759  -73.956  -35.002 0.2000000030
20039  11.122  -72.965  -35.050 0.2000000030
18900  11.798  -74.107  -33.867 0.2000000030
18878  11.714  -74.039  -33.063 0.2000000030
22253  17.110  -71.465  -35.918 0.2000000030
23426  15.737  -70.653  -36.905 0.2000000030
23429  13.032  -70.486  -37.343 0.2000000030
22289  12.083  -71.499  -37.140 0.2000000030
21158  11.275  -72.248  -35.971 0.2000000030
20040  10.803  -72.441  -34.669 0.2000000030
21122  16.931  -72.309  -34.860 0.2000000030
23427  15.013  -70.451  -37.434 0.2000000030
24598  13.622  -69.686  -37.395 0.2000000030
23414  12.653  -69.842  -37.098 0.2000000030
22274  11.435  -71.352  -36.550 0.2000000030
24588  11.501  -69.532  -36.088 0.2000000030
22275  10.855  -71.159  -35.856 0.2000000030
23412  16.137  -70.451  -36.082 0.2000000030
24596  15.268  -69.874  -36.821 0.2000000030
25708  12.633  -68.725  -36.335 0.2000000030
21123  16.619  -71.513  -34.805 0.2000000030
25705  15.172  -68.630  -36.072 0.2000000030
24585  14.022  -68.843  -37.056 0.2000000030
25690  14.561  -67.971  -35.333 0.2000000030
26825  12.896  -68.194  -35.923 0.2000000030
22218  16.088  -71.262  -34.452 0.2000000030
23392  16.176  -70.005  -34.935 0.2000000030
23356  15.276  -70.091  -33.961 0.2000000030
25689  15.117  -68.542  -35.086 0.2000000030
25672  14.855  -68.838  -33.946 0.2000000030
26808  14.316  -67.852  -34.623 0.2000000030
27882  14.056  -67.444  -33.363 0.2000000030
25569  13.372  -69.800  -30.080 0.2000000030
23267  11.708  -70.632  -28.875 0.2000000030
23255  12.363  -70.627  -28.297 0.1000000015
22124  11.243  -71.838  -28.540 0.1000000015
25552  14.311  -69.991  -29.694 0.1000000015
24404  12.776  -70.326  -28.558 0.1000000015
22123  12.054  -71.451  -28.063 0.1000000015
24435  17.180  -70.115  -29.740 0.1000000015
26694  15.418  -69.594  -30.025 0.2000000030
25550  15.585  -69.810  -29.425 0.1000000015
24419  14.644  -70.112  -29.085 0.1000000015
23254  12.868  -70.618  -27.976 0.1000000015
19912  12.146  -73.983  -28.299 0.2000000030
25563  17.483  -69.655  -29.336 0.1000000015
25564  16.532  -69.910  -29.775 0.1000000015
25548  17.047  -69.414  -29.032 0.1000000015
25532  16.523  -69.535  -28.640 0.1000000015
24418  15.390  -69.882  -28.973 0.1000000015
23251  15.714  -70.521  -27.818 0.1000000015
23253  13.577  -70.711  -27.818 0.1000000015
23237  14.285  -71.533  -27.216 0.1000000015
22107  12.964  -71.702  -27.403 0.1000000015
20998  13.496  -72.336  -27.281 0.2000000030
21014  13.427  -73.381  -27.386 0.2000000030
19562  11.466  -73.903  -6.782 0.1000000015
19563  10.546  -73.748  -5.950 0.1000000015
18643  0.193  -73.834  -15.858 0.1000000015
19745  -0.086  -73.270  -14.727 0.1000000015
19744  0.174  -73.265  -15.594 0.1000000015
32039  7.076  -62.453  -19.495 0.1000000015
1720  9.567  -96.624  -39.219 0.1000000015
1735  8.512  -97.010  -39.321 0.1000000015
15642  9.359  -77.659  -3.959 0.1000000015
19589  12.035  -73.658  -7.385 0.1000000015
1680  2.402  -96.520  -36.166 0.1000000015
1679  3.130  -96.583  -36.909 0.1000000015
2183  5.743  -96.587  -38.800 0.1000000015
1711  4.379  -96.625  -38.135 0.1000000015
1312  12.655  -97.013  -40.613 0.1000000015
1003  13.398  -97.662  -40.390 0.1000000015
1001  15.067  -97.471  -39.792 0.1000000015
978  16.874  -98.270  -39.861 0.1000000015
4297  2.393  -91.721  -20.360 0.1000000015
5048  22.329  -90.467  -29.604 0.2000000030
6374  25.537  -89.125  -29.451 0.2000000030
3691  24.797  -93.295  -23.669 0.1000000015
21143  10.456  -71.849  -34.636 0.2000000030
25710  11.541  -68.962  -35.860 0.2000000030
26809  13.551  -67.631  -34.809 0.2000000030
20001  10.534  -73.566  -33.424 0.2000000030
21015  12.944  -72.746  -27.537 0.2000000030
1621  1.528  -96.599  -32.713 0.1000000015
9815  17.214  -84.075  -35.608 0.2000000030
12460  15.236  -81.775  -33.996 0.1000000015
15113  15.469  -78.066  -32.310 0.1000000015
17865  13.693  -75.262  -33.589 0.2000000030
14200  16.028  -79.159  -32.800 0.1000000015
17891  14.367  -75.792  -34.474 0.2000000030
2155  3.500  -95.901  -37.924 0.1000000015
1731  11.404  -96.552  -39.637 0.1000000015
2153  5.374  -95.050  -38.229 0.1000000015
2649  5.292  -94.636  -36.948 0.1000000015
2168  6.836  -95.401  -38.630 0.1000000015
1722  8.082  -96.576  -38.952 0.1000000015
2648  5.995  -94.715  -36.842 0.1000000015
2135  7.541  -95.582  -36.548 0.1000000015
1694  9.071  -96.344  -37.509 0.1000000015
1743  13.884  -96.564  -40.154 0.1000000015
1715  13.832  -95.864  -39.309 0.1000000015
2652  2.585  -95.215  -36.178 0.1000000015
2180  13.805  -95.650  -38.788 0.1000000015
2132  12.473  -95.911  -36.616 0.1000000015
2617  3.083  -94.069  -35.232 0.1000000015
2475  23.429  -94.935  -24.640 0.1000000015
3070  23.883  -94.009  -24.596 0.1000000015
3717  24.282  -92.415  -25.066 0.1000000015
3731  23.371  -91.997  -26.477 0.1000000015
4293  26.130  -91.159  -20.250 0.1000000015
5620  24.650  -90.087  -24.295 0.1000000015
6305  24.368  -88.934  -24.189 0.2000000030
5026  23.547  -90.146  -27.495 0.2000000030
7151  24.533  -87.038  -27.685 0.2000000030
5571  25.609  -89.136  -20.465 0.1000000015
6248  25.335  -88.187  -20.846 0.1000000015
14228  15.096  -79.459  -34.918 0.1000000015
12461  14.961  -81.060  -33.906 0.1000000015
10709  15.800  -83.063  -35.765 0.1000000015
11595  14.537  -81.948  -35.968 0.1000000015
11604  14.823  -82.416  -36.478 0.1000000015
9860  16.443  -84.455  -37.884 0.1000000015
9877  16.176  -84.808  -39.568 0.1000000015
9038  17.144  -85.337  -39.414 0.1000000015
14281  13.530  -79.483  -37.838 0.1000000015
16091  13.152  -77.489  -37.950 0.2000000030
15193  15.333  -77.932  -35.930 0.1000000015
12499  13.983  -81.264  -36.479 0.1000000015
17939  12.997  -75.452  -36.186 0.2000000030
17023  12.711  -76.291  -38.392 0.2000000030
17978  12.883  -75.459  -39.009 0.2000000030
11657  13.102  -82.295  -39.458 0.1000000015
21188  14.750  -72.224  -38.302 0.2000000030
17057  12.893  -77.479  -40.095 0.1000000015
20073  11.762  -72.812  -36.445 0.2000000030
6293  18.502  -88.694  -23.265 0.1000000015
5590  17.616  -89.162  -22.700 0.1000000015
6275  17.901  -88.615  -22.239 0.1000000015
4933  17.590  -90.127  -21.449 0.1000000015
5569  17.270  -88.992  -19.877 0.1000000015
5589  19.592  -89.438  -23.205 0.1000000015
6292  19.103  -88.997  -23.496 0.1000000015
5588  19.919  -89.350  -22.454 0.1000000015
19999  16.337  -72.724  -33.145 0.1000000015
21103  16.804  -72.668  -34.201 0.1000000015
9566  1.683  -84.355  -16.387 0.1000000015
7828  1.252  -86.440  -15.036 0.1000000015
18856  18.171  -74.459  -32.512 0.1000000015
19973  17.089  -73.388  -32.773 0.1000000015
19997  17.498  -73.562  -33.545 0.1000000015
17890  18.359  -74.524  -33.999 0.1000000015
20037  17.739  -73.490  -34.787 0.1000000015
18896  18.411  -74.494  -34.614 0.1000000015
20053  17.685  -73.535  -35.484 0.1000000015
21140  17.312  -72.165  -35.809 0.1000000015
21167  16.418  -72.287  -36.930 0.1000000015
20106  14.339  -73.759  -39.086 0.1000000015
9565  2.421  -83.965  -15.991 0.1000000015
18850  17.653  -74.115  -31.725 0.1000000015
17846  18.878  -75.093  -32.460 0.1000000015
21083  15.880  -72.407  -32.461 0.1000000015
21105  15.561  -71.508  -33.439 0.1000000015
17862  19.373  -75.384  -33.274 0.1000000015
23341  15.113  -70.272  -33.171 0.1000000015
17913  19.465  -75.313  -35.206 0.1000000015
18913  18.611  -74.703  -35.285 0.1000000015
20054  17.262  -73.105  -36.095 0.1000000015
18932  17.823  -74.134  -36.151 0.1000000015
18933  17.118  -73.616  -36.581 0.1000000015
20070  16.315  -73.279  -37.927 0.1000000015
18953  18.319  -74.345  -37.212 0.1000000015
18955  16.512  -73.988  -37.766 0.1000000015
17977  13.454  -75.658  -39.737 0.1000000015
13088  5.538  -80.523  -15.947 0.1000000015
12217  4.311  -80.930  -16.708 0.1000000015
8696  2.725  -85.028  -15.312 0.1000000015
11323  4.331  -81.514  -17.259 0.1000000015
10457  1.882  -83.799  -17.441 0.1000000015
21067  16.453  -72.394  -31.422 0.1000000015
19961  16.966  -73.304  -31.889 0.1000000015
22199  15.398  -71.583  -32.314 0.1000000015
18841  17.961  -74.173  -30.914 0.1000000015
20089  16.264  -73.824  -38.523 0.1000000015
20105  15.434  -73.976  -39.144 0.1000000015
18989  15.656  -74.722  -39.603 0.1000000015
8679  4.287  -85.262  -14.408 0.1000000015
9557  3.043  -84.260  -15.568 0.1000000015
10438  2.889  -83.607  -15.990 0.1000000015
19949  18.069  -73.509  -30.244 0.1000000015
21055  17.577  -72.582  -30.325 0.1000000015
21066  17.016  -72.839  -31.005 0.1000000015
22169  16.571  -71.472  -30.731 0.1000000015
23315  15.695  -70.483  -31.438 0.1000000015
23316  15.140  -70.289  -32.104 0.1000000015
25632  14.709  -69.234  -32.132 0.1000000015
10437  3.427  -83.533  -15.602 0.1000000015
11313  3.556  -83.297  -15.281 0.1000000015
10444  3.193  -82.993  -16.404 0.1000000015
21054  18.348  -72.592  -29.693 0.1000000015
23300  16.896  -70.711  -30.240 0.1000000015
24468  15.767  -70.136  -31.414 0.1000000015
26737  14.424  -69.006  -31.504 0.1000000015
24454  16.024  -70.125  -31.028 0.1000000015
24453  16.324  -70.169  -30.387 0.1000000015
22997  7.419  -70.058  -9.787 0.1000000015
22996  8.626  -70.070  -10.446 0.1000000015
21827  7.378  -71.027  -9.171 0.1000000015
20743  5.874  -72.500  -8.532 0.1000000015
19646  4.980  -73.283  -8.526 0.1000000015
19647  3.966  -73.417  -8.873 0.1000000015
22975  5.670  -70.396  -9.695 0.1000000015
20767  5.520  -71.587  -8.844 0.1000000015
24151  7.528  -69.322  -10.757 0.1000000015
22974  6.533  -70.458  -9.577 0.1000000015
25317  7.809  -67.988  -11.720 0.1000000015
25297  7.586  -68.652  -11.301 0.1000000015
20768  4.802  -71.458  -8.998 0.1000000015
20744  4.549  -72.253  -8.889 0.1000000015
26438  8.181  -67.355  -12.316 0.1000000015
27590  7.666  -66.088  -14.735 0.1000000015
18551  3.301  -74.537  -8.688 0.1000000015
18552  2.289  -74.548  -9.210 0.1000000015
17543  2.475  -75.640  -8.950 0.1000000015
22998  6.125  -69.857  -10.085 0.1000000015
24152  6.457  -69.272  -10.680 0.1000000015
25318  6.814  -68.090  -11.852 0.1000000015
25298  6.687  -68.658  -11.287 0.1000000015
26439  7.016  -67.378  -12.414 0.1000000015
27554  7.474  -66.802  -13.096 0.1000000015
19648  2.950  -73.549  -9.131 0.1000000015
19649  1.997  -73.520  -9.301 0.1000000015
18553  1.408  -74.480  -9.440 0.1000000015
16628  1.925  -76.706  -9.585 0.1000000015
21830  4.057  -71.227  -9.342 0.1000000015
21806  3.817  -71.994  -9.247 0.1000000015
25319  6.107  -68.172  -11.774 0.1000000015
24153  5.337  -69.181  -10.664 0.1000000015
22999  5.339  -69.750  -10.013 0.1000000015
26419  5.017  -67.908  -11.931 0.1000000015
17557  1.217  -75.896  -10.076 0.1000000015
16647  0.542  -76.584  -10.157 0.1000000015
14827  0.146  -77.773  -10.006 0.1000000015
22976  4.658  -70.160  -9.710 0.1000000015
21807  3.254  -71.931  -9.618 0.1000000015
25300  4.660  -68.421  -11.312 0.1000000015
20746  2.627  -72.640  -9.397 0.1000000015
26420  4.031  -67.405  -11.671 0.1000000015
30977  13.539  -63.312  -18.782 0.1000000015
18554  0.675  -74.565  -9.348 0.1000000015
17546  0.252  -75.708  -9.587 0.1000000015
22977  3.543  -70.211  -9.830 0.1000000015
24137  3.988  -69.430  -10.201 0.1000000015
10445  2.528  -83.575  -16.726 0.1000000015
28731  9.905  -65.828  -16.953 0.1000000015
5581  17.620  -89.274  -21.928 0.1000000015
4296  17.732  -90.988  -20.787 0.1000000015
25655  14.570  -69.040  -33.034 0.1000000015
26696  14.618  -69.433  -30.547 0.1000000015
25586  15.703  -69.735  -30.817 0.1000000015
5573  17.560  -89.184  -20.939 0.1000000015
4927  17.539  -90.012  -20.395 0.1000000015
5674  26.656  -89.609  -28.015 0.1000000015
5692  26.119  -89.912  -28.814 0.1000000015
6304  27.674  -88.817  -24.996 0.1000000015
5673  27.016  -89.251  -27.215 0.1000000015
6344  26.767  -88.581  -27.849 0.1000000015
6359  26.287  -88.746  -28.822 0.1000000015
7132  27.274  -88.010  -25.820 0.1000000015
7989  27.082  -87.013  -26.392 0.1000000015
7149  26.420  -87.452  -27.982 0.1000000015
7963  27.230  -86.169  -25.129 0.1000000015
7974  27.198  -86.995  -25.355 0.1000000015
7139  26.796  -87.101  -27.119 0.1000000015
8008  25.810  -86.570  -27.607 0.1000000015
8009  25.131  -86.368  -27.549 0.1000000015
7140  24.174  -86.629  -27.097 0.1000000015
7133  23.597  -86.881  -25.730 0.1000000015
7975  27.001  -86.167  -25.934 0.1000000015
8860  26.500  -85.527  -26.217 0.1000000015
7991  25.619  -85.976  -27.230 0.1000000015
8010  24.547  -86.221  -27.223 0.1000000015
7992  24.083  -85.973  -26.776 0.1000000015
7141  23.860  -86.737  -26.588 0.1000000015
7127  23.678  -87.360  -24.683 0.1000000015
7964  23.319  -86.240  -24.803 0.1000000015
8846  23.800  -85.097  -25.909 0.1000000015
7976  23.422  -85.881  -25.555 0.1000000015
8475  6.898  -85.240  2.613 0.1000000015
9321  7.840  -84.961  2.883 0.1000000015
9319  9.642  -84.623  3.148 0.1000000015
9318  10.567  -84.668  3.063 0.1000000015
9334  8.361  -84.547  2.379 0.1000000015
10175  8.830  -83.991  1.900 0.1000000015
9333  10.803  -83.923  2.893 0.1000000015
10162  10.093  -83.653  3.097 0.1000000015
10164  9.094  -83.872  2.391 0.1000000015
11040  8.892  -82.871  1.921 0.1000000015
9344  11.787  -84.595  1.613 0.1000000015
10174  10.601  -83.117  2.801 0.1000000015
9345  11.641  -83.897  1.991 0.1000000015
11039  9.904  -82.493  2.910 0.1000000015
11052  11.982  -82.508  1.306 0.1000000015
11037  10.994  -82.413  2.244 0.1000000015
11932  10.312  -81.630  2.301 0.1000000015
11066  12.505  -82.087  0.591 0.1000000015
11949  11.239  -81.666  1.557 0.1000000015
11962  11.590  -81.506  0.930 0.1000000015
12847  10.337  -80.945  1.730 0.1000000015
12834  9.372  -81.072  2.507 0.1000000015
12858  12.213  -80.690  -0.061 0.1000000015
12860  10.523  -80.662  1.007 0.1000000015
12848  9.656  -80.543  2.107 0.1000000015
13714  10.542  -80.375  0.366 0.1000000015
13694  10.109  -80.342  1.155 0.1000000015
14639  10.869  -80.149  -0.531 0.1000000015
14640  10.114  -79.974  -0.089 0.1000000015
14625  9.155  -79.130  1.216 0.1000000015
20949  15.092  -72.730  -23.253 0.1000000015
20948  16.045  -72.389  -23.458 0.1000000015
14641  9.407  -79.485  0.313 0.1000000015
14661  10.509  -79.938  -1.225 0.1000000015
18764  10.761  -74.348  -25.694 0.1000000015
22037  13.226  -71.858  -23.036 0.1000000015
20951  13.044  -72.875  -23.020 0.1000000015
19842  12.528  -73.677  -23.355 0.1000000015
19855  11.340  -73.706  -24.385 0.1000000015
23176  15.478  -70.726  -23.519 0.1000000015
22035  15.291  -71.580  -23.162 0.1000000015
20950  14.105  -72.837  -22.788 0.1000000015
19843  11.598  -73.513  -23.800 0.1000000015
23174  17.217  -70.469  -23.532 0.1000000015
22034  16.217  -71.453  -23.303 0.1000000015
22033  17.050  -71.307  -23.481 0.1000000015
22064  17.626  -71.886  -24.035 0.1000000015
20963  16.596  -72.673  -24.208 0.1000000015
20981  16.198  -72.759  -25.113 0.1000000015
14662  9.617  -79.877  -0.489 0.1000000015
13733  9.656  -79.998  -1.254 0.1000000015
19867  10.599  -73.513  -25.543 0.1000000015
20985  9.643  -72.683  -26.040 0.1000000015
20953  10.940  -72.656  -23.652 0.1000000015
20954  10.111  -72.590  -24.301 0.1000000015
20952  11.889  -72.741  -23.324 0.1000000015
23177  14.411  -70.627  -23.736 0.1000000015
24317  17.513  -69.730  -23.692 0.1000000015
24333  19.207  -70.074  -23.779 0.1000000015
23173  18.052  -70.517  -23.696 0.1000000015
23199  18.828  -70.594  -23.906 0.1000000015
22062  19.058  -70.989  -24.416 0.1000000015
22085  17.867  -71.852  -25.074 0.1000000015
22086  16.813  -72.207  -25.748 0.1000000015
22087  15.683  -72.352  -26.009 0.1000000015
22088  15.105  -72.567  -26.210 0.1000000015
19885  8.922  -73.323  -26.355 0.1000000015
22040  10.228  -71.904  -23.555 0.1000000015
20986  8.816  -72.196  -25.685 0.1000000015
23178  13.357  -70.938  -23.487 0.1000000015
22039  11.126  -71.843  -23.322 0.1000000015
23206  8.244  -71.111  -24.496 0.1000000015
25471  16.775  -68.593  -24.246 0.1000000015
24319  15.573  -69.968  -23.856 0.1000000015
24336  14.553  -69.561  -24.298 0.1000000015
25469  18.292  -67.778  -24.120 0.1000000015
25470  17.739  -68.139  -24.159 0.1000000015
24318  16.520  -69.562  -23.827 0.1000000015
25447  18.668  -68.411  -23.716 0.1000000015
24315  19.317  -69.352  -23.573 0.1000000015
26607  20.207  -67.868  -23.523 0.1000000015
25445  20.622  -68.695  -23.644 0.1000000015
23198  19.506  -70.578  -24.284 0.1000000015
22101  18.972  -71.002  -25.588 0.1000000015
20997  14.152  -72.985  -26.871 0.1000000015
24321  11.142  -70.290  -23.656 0.1000000015
23204  9.718  -70.338  -23.817 0.1000000015
24341  9.149  -69.705  -24.198 0.1000000015
25472  15.743  -68.467  -24.538 0.1000000015
25473  14.818  -68.561  -24.670 0.1000000015
24338  12.452  -69.404  -24.117 0.1000000015
27753  19.220  -66.596  -24.778 0.1000000015
26632  17.102  -67.650  -24.626 0.1000000015
26633  16.142  -67.737  -24.784 0.1000000015
27750  20.953  -66.229  -24.141 0.1000000015
26628  20.517  -67.303  -23.702 0.1000000015
24339  11.445  -69.682  -23.940 0.1000000015
25474  13.662  -68.317  -24.729 0.1000000015
25477  10.466  -68.977  -24.408 0.1000000015
26646  18.211  -66.908  -24.905 0.1000000015
26648  16.585  -66.981  -25.071 0.1000000015
26635  14.344  -67.974  -24.898 0.1000000015
25500  13.213  -67.591  -25.004 0.1000000015
25475  12.532  -68.542  -24.567 0.1000000015
28862  21.397  -65.700  -24.133 0.1000000015
26649  15.624  -66.922  -25.116 0.1000000015
25503  10.518  -68.189  -25.444 0.1000000015
27762  19.431  -66.262  -25.092 0.1000000015
26652  12.774  -67.086  -25.288 0.1000000015
25502  11.614  -67.950  -25.066 0.1000000015
26654  11.115  -67.750  -25.680 0.1000000015
28863  20.534  -65.863  -24.750 0.1000000015
26650  14.741  -66.804  -25.169 0.1000000015
27764  17.966  -66.490  -25.516 0.1000000015
27765  17.074  -66.373  -25.528 0.1000000015
27770  12.311  -66.512  -25.720 0.1000000015
26653  11.654  -67.148  -25.677 0.1000000015
29963  22.097  -64.818  -24.145 0.1000000015
28873  19.469  -65.750  -25.771 0.1000000015
28874  18.539  -65.926  -25.981 0.1000000015
27766  16.129  -66.217  -25.459 0.1000000015
27777  13.258  -65.688  -25.906 0.1000000015
28878  14.654  -65.384  -25.992 0.1000000015
28890  14.132  -65.020  -26.736 0.1000000015
32117  23.158  -62.463  -24.655 0.1000000015
31062  21.729  -64.186  -24.928 0.1000000015
29974  20.861  -64.349  -25.797 0.1000000015
28886  18.233  -65.199  -26.503 0.1000000015
28877  15.665  -65.428  -25.937 0.1000000015
31061  22.380  -63.514  -24.754 0.1000000015
28889  15.144  -64.797  -26.777 0.1000000015
33151  23.095  -61.590  -25.210 0.1000000015
31070  21.911  -63.060  -25.429 0.1000000015
31072  20.742  -64.115  -26.140 0.1000000015
29984  19.098  -64.486  -26.942 0.1000000015
28888  16.209  -64.867  -26.495 0.1000000015
34163  26.288  -60.733  -25.823 0.1000000015
33149  24.811  -61.201  -25.209 0.1000000015
28900  14.417  -64.719  -27.331 0.1000000015
20747  1.764  -72.480  -9.288 0.1000000015
21832  2.179  -70.865  -9.764 0.1000000015
33167  23.376  -61.040  -25.709 0.1000000015
32128  22.225  -62.315  -25.497 0.1000000015
31083  21.017  -63.125  -26.449 0.1000000015
29985  17.786  -64.466  -27.091 0.1000000015
30000  15.989  -63.859  -27.522 0.1000000015
29998  18.161  -63.879  -27.560 0.1000000015
29999  17.115  -63.666  -27.662 0.1000000015
30002  14.065  -64.621  -27.972 0.1000000015
30048  12.697  -63.905  -30.230 0.1000000015
31153  12.283  -63.571  -30.725 0.1000000015
33169  21.965  -61.391  -26.757 0.1000000015
32146  20.874  -62.902  -26.769 0.1000000015
31102  19.361  -63.396  -27.397 0.1000000015
32166  20.587  -62.455  -27.303 0.1000000015
32167  19.513  -62.299  -27.725 0.1000000015
30014  16.181  -63.257  -27.850 0.1000000015
30030  14.179  -63.505  -28.820 0.1000000015
30031  13.458  -63.949  -29.554 0.1000000015
34185  23.525  -60.392  -26.300 0.1000000015
34187  21.808  -60.950  -27.262 0.1000000015
31120  17.291  -62.901  -28.001 0.1000000015
31121  16.202  -62.774  -28.100 0.1000000015
31135  15.223  -62.745  -28.270 0.1000000015
31136  14.253  -62.847  -28.973 0.1000000015
30074  11.318  -63.839  -30.839 0.1000000015
31171  10.998  -63.213  -30.991 0.1000000015
31152  12.753  -63.384  -30.551 0.1000000015
32240  12.391  -62.398  -31.407 0.1000000015
31169  12.482  -62.934  -30.976 0.1000000015
32251  12.902  -62.091  -31.666 0.1000000015
32201  14.781  -62.179  -28.855 0.1000000015
33259  11.290  -61.619  -31.251 0.1000000015
32253  11.997  -61.945  -31.692 0.1000000015
31891  17.137  -62.419  -10.329 0.1000000015
33243  10.699  -61.222  -30.753 0.1000000015
34265  11.353  -60.707  -30.947 0.1000000015
35359  12.715  -60.120  -31.291 0.1000000015
32880  18.010  -61.872  -10.977 0.1000000015
31917  16.314  -62.520  -11.227 0.1000000015
35342  11.485  -59.806  -30.350 0.1000000015
35343  10.805  -59.774  -29.713 0.1000000015
36517  12.837  -58.567  -30.606 0.1000000015
36518  12.043  -58.856  -30.069 0.1000000015
36485  11.145  -58.701  -27.635 0.1000000015
36462  10.441  -58.564  -26.895 0.1000000015
38640  16.519  -57.200  -22.970 0.1000000015
37696  13.557  -58.411  -30.875 0.1000000015
37679  12.463  -57.951  -29.913 0.1000000015
36519  11.240  -59.101  -29.504 0.1000000015
37677  13.940  -57.577  -30.610 0.1000000015
38782  13.821  -56.997  -30.353 0.1000000015
36502  11.812  -58.263  -29.097 0.1000000015
37643  12.151  -57.490  -28.281 0.1000000015
36461  11.217  -58.139  -27.306 0.1000000015
37678  13.316  -57.590  -30.334 0.1000000015
37660  12.862  -57.188  -29.564 0.1000000015
38781  14.278  -56.376  -30.318 0.1000000015
38768  13.567  -56.424  -29.819 0.1000000015
37642  12.572  -57.078  -28.872 0.1000000015
38728  11.738  -56.644  -27.424 0.1000000015
38729  10.427  -56.186  -26.711 0.1000000015
39817  13.701  -55.301  -29.814 0.1000000015
39819  12.477  -54.996  -28.541 0.1000000015
39780  11.513  -55.591  -27.143 0.1000000015
42125  12.615  -53.560  -29.052 0.1000000015
42126  12.315  -53.895  -28.507 0.1000000015
39781  10.920  -54.999  -26.784 0.1000000015
18765  9.685  -74.340  -26.302 0.1000000015
36365  16.601  -58.656  -22.687 0.1000000015
8460  6.174  -85.954  2.850 0.1000000015
9346  8.135  -84.424  1.672 0.1000000015
9335  7.299  -84.916  2.311 0.1000000015
31936  16.536  -62.565  -12.279 0.1000000015
11026  9.118  -82.916  2.616 0.1000000015
11915  9.253  -81.867  2.836 0.1000000015
25478  9.786  -69.248  -24.279 0.1000000015
27778  12.473  -65.826  -26.172 0.1000000015
30015  15.073  -63.442  -28.024 0.1000000015
42112  12.184  -53.747  -27.867 0.1000000015
42124  13.452  -53.599  -29.543 0.1000000015
37621  10.955  -57.439  -26.909 0.1000000015
7125  27.516  -87.823  -24.759 0.1000000015
6329  27.177  -88.686  -26.582 0.1000000015
7148  26.835  -88.060  -27.547 0.1000000015
8459  6.978  -85.508  2.973 0.1000000015
9320  8.766  -84.694  2.910 0.1000000015
10163  9.422  -83.758  2.830 0.1000000015
22038  12.168  -71.880  -23.172 0.1000000015
20967  9.212  -72.357  -25.014 0.1000000015
22041  9.514  -71.819  -23.888 0.1000000015
23202  12.458  -70.272  -23.766 0.1000000015
24337  13.412  -69.303  -24.293 0.1000000015
26631  17.953  -67.463  -24.537 0.1000000015
29964  21.039  -64.787  -25.075 0.1000000015
27768  14.063  -66.084  -25.483 0.1000000015
28875  17.627  -65.803  -26.028 0.1000000015
29975  20.234  -64.808  -26.127 0.1000000015
28887  17.235  -65.012  -26.484 0.1000000015
29983  19.920  -64.273  -26.790 0.1000000015
29986  16.710  -64.374  -27.080 0.1000000015
35259  26.267  -60.068  -25.895 0.1000000015
33168  22.631  -61.252  -26.085 0.1000000015
31103  18.311  -63.112  -27.761 0.1000000015
31150  13.700  -62.801  -29.714 0.1000000015
34278  12.849  -60.717  -31.704 0.1000000015
35341  12.432  -59.488  -30.762 0.1000000015
36538  13.173  -59.260  -31.031 0.1000000015
31916  17.145  -62.203  -11.559 0.1000000015
36484  11.627  -58.249  -28.004 0.1000000015
37695  14.035  -58.371  -30.926 0.1000000015
38749  12.856  -56.455  -29.034 0.1000000015
39801  12.596  -55.997  -28.621 0.1000000015
39802  12.200  -55.537  -28.088 0.1000000015
41011  13.238  -54.459  -29.355 0.1000000015
39818  12.967  -55.452  -28.972 0.1000000015
41010  13.849  -54.436  -30.111 0.1000000015
41001  12.244  -54.527  -28.212 0.1000000015
40980  11.751  -54.542  -27.401 0.1000000015
0  12.165  -101.620  -29.759 0.8000000119
1  12.100  -101.762  -29.868 0.8000000119
2  12.456  -101.792  -30.555 0.8000000119
3  12.211  -101.715  -30.204 0.8000000119
4  11.705  -101.731  -30.505 0.8000000119
5  11.378  -101.635  -30.628 0.8999999762
6  12.586  -101.919  -30.759 0.8999999762
8  11.668  -101.847  -31.026 0.8999999762
11  12.472  -101.940  -31.988 0.8999999762
14  11.050  -102.093  -31.964 0.8999999762
16  12.570  -101.892  -32.031 0.8999999762
19  10.746  -102.296  -32.510 0.8999999762
21  9.676  -101.978  -33.045 0.8000000119
22  11.767  -102.098  -32.565 0.8000000119
23  11.110  -102.358  -32.750 0.8000000119
25  10.007  -102.335  -33.236 0.8000000119
29  9.775  -102.123  -33.576 0.8000000119
30  9.279  -101.946  -33.828 0.8000000119
31  15.729  -100.520  -25.666 0.8000000119
34  14.224  -101.280  -25.232 0.8000000119
36  15.790  -100.709  -26.147 0.8000000119
38  15.088  -101.176  -26.017 0.8000000119
39  14.336  -101.367  -25.921 0.8000000119
40  13.612  -101.356  -26.194 0.8000000119
41  16.833  -100.793  -27.866 0.8000000119
43  15.897  -101.000  -26.777 0.8000000119
44  15.434  -101.175  -26.575 0.8000000119
48  12.287  -101.419  -27.835 0.8999999762
49  17.646  -100.549  -28.901 0.8000000119
51  16.496  -100.725  -28.020 0.8999999762
58  11.649  -101.348  -28.893 0.8000000119
59  18.001  -100.507  -29.415 0.8000000119
62  16.209  -100.812  -28.124 0.8999999762
66  11.889  -101.584  -29.574 0.8000000119
68  18.422  -100.499  -30.124 0.8000000119
71  16.541  -100.997  -29.101 0.8999999762
73  12.394  -101.593  -29.797 0.8000000119
75  11.464  -101.577  -30.082 0.8000000119
77  18.256  -100.700  -30.613 0.8999999762
80  12.491  -101.968  -31.059 0.8999999762
82  10.922  -101.640  -31.421 1.0000000000
83  18.660  -100.685  -30.936 0.8000000119
87  13.043  -101.807  -31.639 0.8999999762
88  12.674  -101.947  -31.218 0.8999999762
92  12.349  -101.932  -32.417 0.8999999762
97  14.205  -100.403  -33.397 0.8000000119
104  6.622  -101.639  -33.789 0.6999999881
105  6.300  -101.596  -33.654 0.6999999881
106  13.950  -100.578  -33.475 0.8000000119
109  12.459  -101.467  -33.866 0.6000000238
119  12.105  -101.142  -34.326 0.6000000238
122  9.560  -101.382  -34.649 0.8000000119
124  8.251  -101.437  -34.878 0.8000000119
127  11.221  -100.693  -34.797 0.6000000238
128  9.972  -101.025  -22.345 0.8000000119
129  9.764  -100.794  -22.094 0.8000000119
130  15.997  -100.129  -23.882 0.6000000238
131  15.742  -100.122  -23.900 0.6999999881
132  9.879  -101.041  -22.944 0.8000000119
136  15.541  -100.277  -24.262 0.6999999881
139  10.103  -100.958  -23.576 0.6999999881
143  15.205  -100.801  -24.796 0.8000000119
146  13.154  -100.765  -25.445 0.8000000119
151  16.924  -100.028  -27.253 0.8999999762
152  16.550  -100.354  -26.894 0.8999999762
155  13.119  -101.128  -25.860 0.8000000119
159  17.407  -100.174  -28.026 0.6999999881
161  16.604  -100.456  -27.233 0.8000000119
164  8.772  -101.065  -26.099 0.6999999881
168  18.814  -99.784  -29.030 0.6000000238
170  17.334  -100.354  -28.179 0.8999999762
172  14.288  -101.024  -28.135 0.6999999881
174  11.827  -101.286  -28.077 0.8999999762
175  11.653  -101.301  -28.613 0.8999999762
177  7.029  -101.171  -27.724 1.0000000000
180  19.403  -99.919  -29.598 0.8000000119
182  15.939  -100.804  -28.778 0.8000000119
187  11.298  -101.078  -28.904 0.8999999762
190  6.354  -101.104  -28.560 1.0000000000
192  21.052  -99.580  -30.406 0.8000000119
195  18.998  -100.382  -30.265 0.8000000119
196  17.090  -100.699  -29.836 0.8999999762
197  16.403  -100.636  -29.440 0.8999999762
201  10.945  -101.216  -29.937 0.8999999762
202  7.952  -101.072  -29.105 1.0000000000
206  21.244  -99.444  -30.592 0.8000000119
208  19.881  -100.050  -30.676 0.6999999881
210  17.023  -100.572  -30.275 1.0000000000
213  13.320  -101.492  -30.899 0.8000000119
220  20.679  -99.635  -31.242 0.8000000119
222  19.157  -100.490  -31.194 0.8000000119
225  16.874  -100.351  -30.709 1.0000000000
226  14.001  -100.613  -31.602 0.8000000119
228  10.317  -100.842  -31.643 1.0000000000
229  10.178  -101.266  -32.241 1.0000000000
233  5.158  -100.953  -32.020 0.8999999762
234  20.327  -99.788  -31.526 0.8000000119
235  19.820  -100.077  -31.809 0.8999999762
238  17.818  -99.985  -31.929 1.0000000000
239  17.161  -99.445  -32.338 1.0000000000
240  14.963  -99.797  -32.860 1.0000000000
242  9.677  -101.409  -32.754 0.8999999762
248  19.371  -100.258  -32.209 0.8999999762
249  18.908  -100.261  -32.373 0.8999999762
254  14.295  -100.402  -33.145 1.0000000000
255  6.455  -101.609  -33.453 0.8999999762
256  6.008  -101.511  -33.449 0.6999999881
258  19.036  -100.018  -32.557 0.8999999762
266  5.406  -100.901  -34.045 0.8999999762
271  12.400  -100.518  -34.701 0.6000000238
273  10.133  -100.833  -34.946 0.6999999881
276  7.842  -101.135  -35.326 0.8000000119
279  13.537  -99.607  -34.879 0.6000000238
286  7.523  -100.640  -35.742 0.6999999881
288  6.286  -100.378  -35.455 0.6000000238
291  10.486  -100.045  -36.219 0.5000000000
294  8.095  -100.174  -36.189 0.6999999881
298  11.073  -99.767  -20.243 0.5000000000
302  10.113  -100.087  -21.132 0.6000000238
303  11.927  -99.882  -20.984 0.5000000000
309  4.415  -99.926  -22.283 0.8999999762
311  16.847  -99.526  -23.630 0.6999999881
313  15.904  -99.890  -23.623 0.6999999881
316  9.302  -100.427  -22.370 0.8000000119
317  8.946  -100.119  -22.646 0.8000000119
319  4.531  -99.998  -22.985 0.8999999762
320  3.973  -99.927  -22.950 0.8000000119
322  16.350  -99.863  -24.163 0.6000000238
325  14.113  -100.050  -24.465 0.6999999881
326  11.183  -100.127  -23.134 0.6000000238
327  10.636  -100.345  -23.655 0.6000000238
329  4.813  -99.894  -23.734 0.8000000119
334  13.470  -99.955  -25.019 0.8000000119
335  13.187  -100.462  -25.290 0.8000000119
337  9.661  -100.974  -24.911 0.6999999881
338  8.108  -100.126  -24.135 0.8000000119
341  4.443  -99.929  -24.426 0.8000000119
342  3.735  -99.963  -24.225 0.8000000119
345  16.486  -99.667  -25.638 0.6999999881
350  7.537  -100.548  -25.695 0.8000000119
352  3.517  -99.763  -24.628 0.6999999881
354  17.244  -99.971  -27.595 0.6999999881
355  16.900  -99.888  -27.068 0.8999999762
359  8.840  -100.827  -26.907 0.6999999881
363  17.982  -99.743  -28.423 0.6999999881
365  11.966  -100.460  -27.261 0.8000000119
369  6.486  -100.628  -27.794 1.0000000000
370  22.187  -98.837  -30.164 0.8000000119
371  21.812  -99.089  -29.945 0.6999999881
374  11.368  -100.448  -28.830 0.8999999762
375  11.268  -100.904  -28.980 0.8999999762
376  8.437  -100.681  -28.555 0.8999999762
378  5.812  -100.625  -28.994 0.8999999762
381  21.302  -99.485  -29.984 0.6999999881
382  15.879  -100.253  -29.927 0.8999999762
383  15.233  -99.986  -30.103 0.8999999762
384  14.753  -99.960  -30.412 1.0000000000
389  5.673  -100.790  -29.559 0.8999999762
390  22.409  -98.681  -30.733 0.8000000119
392  21.142  -99.446  -30.993 0.8000000119
394  15.230  -99.610  -30.890 1.0000000000
398  7.373  -100.850  -30.567 0.8999999762
401  4.924  -100.497  -31.371 0.8999999762
403  21.416  -99.208  -31.257 0.8000000119
404  21.013  -99.466  -31.299 0.8000000119
413  6.909  -101.050  -31.241 0.8999999762
415  22.354  -98.609  -31.436 0.8000000119
416  21.744  -98.850  -31.671 0.8000000119
418  20.149  -99.863  -31.873 0.8999999762
419  17.193  -99.648  -31.777 1.0000000000
422  14.663  -99.907  -32.388 0.8999999762
423  10.122  -100.471  -32.321 1.0000000000
427  5.035  -100.739  -32.724 0.8999999762
429  20.478  -99.526  -32.272 0.8999999762
432  16.165  -99.369  -32.738 1.0000000000
433  15.659  -99.510  -32.832 1.0000000000
434  5.004  -100.441  -33.391 0.8999999762
436  20.131  -99.478  -32.690 0.8999999762
437  19.251  -99.688  -32.760 0.8999999762
445  17.876  -98.903  -33.550 0.8999999762
448  14.704  -99.076  -34.722 0.6000000238
450  5.604  -100.275  -35.054 0.5000000000
452  14.321  -98.970  -35.356 0.5000000000
455  12.629  -99.819  -36.250 0.5000000000
456  6.487  -99.847  -36.026 0.5000000000
458  5.601  -99.587  -35.490 0.5000000000
459  12.932  -99.485  -36.805 0.5000000000
465  7.740  -99.643  -36.582 0.6000000238
468  12.821  -99.305  -37.168 0.3000000119
474  7.278  -99.080  -36.954 0.4000000060
476  12.896  -98.812  -18.353 0.4000000060
477  12.637  -98.684  -18.206 0.4000000060
478  7.027  -98.981  -18.131 0.8999999762
480  5.935  -98.881  -18.178 0.8999999762
481  12.912  -99.019  -18.822 0.4000000060
490  12.487  -99.274  -19.547 0.5000000000
491  11.857  -99.245  -19.413 0.5000000000
492  11.169  -99.278  -19.603 0.6000000238
493  7.036  -99.016  -19.065 0.8999999762
496  4.983  -99.463  -20.174 1.0000000000
504  4.013  -99.152  -20.991 1.0000000000
509  8.892  -99.519  -22.242 0.6999999881
512  4.653  -99.758  -21.515 0.8999999762
514  20.702  -97.694  -23.377 0.4000000060
516  19.494  -98.408  -23.402 0.4000000060
517  18.656  -98.757  -23.376 0.5000000000
523  8.822  -99.103  -22.186 0.6999999881
525  6.225  -99.077  -22.220 1.0000000000
526  5.801  -99.284  -22.680 1.0000000000
529  20.799  -97.966  -23.710 0.4000000060
533  17.690  -99.310  -23.852 0.6000000238
534  15.469  -99.445  -23.512 0.6999999881
541  3.251  -99.609  -23.553 0.6999999881
542  2.863  -99.176  -23.533 0.6999999881
543  20.925  -98.134  -23.958 0.3000000119
546  18.848  -98.923  -24.279 0.6000000238
547  17.568  -99.098  -24.538 0.6000000238
548  16.698  -99.412  -25.126 0.6000000238
550  13.665  -99.120  -25.129 0.6999999881
554  7.841  -99.534  -24.608 0.8000000119
556  4.658  -99.735  -24.777 0.8000000119
560  16.655  -99.431  -25.492 0.6000000238
564  9.850  -100.114  -25.701 0.6000000238
566  4.940  -99.238  -25.312 0.8000000119
568  3.324  -99.633  -25.308 0.6000000238
570  17.334  -99.677  -27.674 0.6999999881
572  13.227  -98.824  -26.454 0.8000000119
574  10.101  -99.258  -26.076 0.6000000238
582  19.164  -99.252  -28.749 0.6000000238
583  18.458  -99.325  -28.499 0.5000000000
584  17.606  -99.274  -28.075 0.5000000000
585  17.158  -98.766  -27.546 0.5000000000
587  11.756  -100.237  -28.238 0.8999999762
588  9.272  -99.725  -27.762 0.8000000119
589  8.919  -100.176  -28.036 0.8999999762
591  3.795  -99.297  -27.147 0.4000000060
592  3.161  -99.492  -27.359 0.4000000060
594  2.072  -99.303  -27.740 0.3000000119
607  5.877  -100.021  -28.945 0.8999999762
609  2.902  -99.373  -28.108 0.4000000060
610  2.209  -99.252  -28.194 0.3000000119
611  24.213  -97.731  -29.993 0.8000000119
612  23.650  -98.047  -30.043 0.8000000119
613  22.822  -98.482  -30.300 0.8000000119
614  12.029  -99.207  -29.258 0.8999999762
616  11.092  -100.252  -30.018 0.8999999762
619  5.801  -99.572  -29.185 0.8999999762
624  11.592  -99.112  -30.495 0.8999999762
625  11.047  -99.756  -30.777 0.8999999762
626  8.085  -99.898  -30.714 1.0000000000
627  7.776  -100.352  -30.680 0.8999999762
630  23.814  -97.863  -30.911 0.8000000119
631  23.561  -98.024  -31.059 0.8000000119
632  22.858  -98.459  -31.142 0.8000000119
638  4.712  -99.980  -31.983 0.8999999762
639  23.306  -98.086  -31.543 0.8000000119
641  22.139  -98.597  -31.928 0.8000000119
642  10.074  -99.835  -32.459 1.0000000000
645  4.981  -99.473  -32.672 0.8999999762
650  20.895  -99.200  -32.405 0.8999999762
651  5.129  -99.088  -33.221 0.8999999762
653  22.409  -98.061  -32.665 0.8999999762
654  21.839  -98.287  -32.766 0.8999999762
656  20.193  -99.118  -33.049 0.8999999762
659  21.053  -98.427  -33.140 0.8999999762
674  6.404  -99.243  -36.733 0.5000000000
676  5.338  -98.680  -36.832 0.5000000000
680  13.133  -98.786  -37.942 0.3000000119
689  5.219  -98.488  -36.992 0.5000000000
690  15.761  -98.597  -39.523 0.2000000030
691  15.435  -98.533  -39.419 0.2000000030
692  14.715  -98.391  -39.055 0.2000000030
693  13.794  -98.485  -38.802 0.2000000030
695  11.971  -98.913  -38.834 0.2000000030
698  9.367  -98.770  -38.913 0.3000000119
702  15.242  -98.380  -39.338 0.2000000030
707  10.143  -98.589  -39.228 0.2000000030
709  12.228  -98.366  -39.726 0.2000000030
711  11.024  -98.374  -39.605 0.2000000030
715  8.214  -98.364  -16.991 0.8999999762
720  15.702  -97.046  -17.924 0.3000000119
725  11.876  -98.285  -18.171 0.5000000000
726  8.127  -98.352  -17.552 0.8999999762
728  6.835  -98.786  -17.358 0.8999999762
730  5.203  -98.464  -17.789 0.8999999762
731  16.715  -97.156  -17.840 0.3000000119
736  12.176  -98.688  -18.359 0.5000000000
737  11.864  -98.609  -18.455 0.5000000000
738  11.251  -98.518  -18.861 0.5000000000
739  8.030  -98.290  -17.987 0.8999999762
741  5.538  -98.799  -18.182 0.8999999762
743  4.129  -98.355  -18.589 0.8999999762
749  7.118  -98.536  -19.733 0.8999999762
750  6.793  -98.880  -19.932 0.8999999762
754  13.995  -98.489  -20.133 0.5000000000
757  7.103  -98.267  -20.374 0.8999999762
763  21.196  -97.158  -22.744 0.3000000119
764  13.414  -98.452  -20.841 0.5000000000
766  9.153  -98.430  -21.764 0.6999999881
768  3.510  -98.901  -21.344 0.6999999881
771  22.266  -96.895  -22.639 0.3000000119
773  20.579  -97.489  -23.046 0.4000000060
778  16.175  -98.674  -23.092 0.6000000238
784  6.068  -98.895  -22.970 1.0000000000
785  3.131  -99.169  -22.107 0.8000000119
786  2.765  -98.451  -22.593 0.6999999881
787  22.444  -97.043  -23.063 0.4000000060
795  6.116  -98.303  -23.053 1.0000000000
799  21.329  -97.926  -24.052 0.3000000119
800  20.498  -98.330  -24.692 0.4000000060
804  13.970  -98.126  -24.927 0.6999999881
805  13.784  -98.589  -25.075 0.8000000119
808  8.087  -98.792  -24.245 0.8000000119
813  19.026  -98.229  -25.470 0.5000000000
815  17.410  -98.596  -25.876 0.6000000238
818  10.901  -98.269  -25.344 0.6000000238
824  25.867  -96.577  -28.264 0.5000000000
825  25.588  -96.605  -28.336 0.5000000000
835  2.010  -98.662  -26.093 0.3000000119
837  26.102  -96.673  -28.463 0.6000000238
841  23.001  -97.599  -28.678 0.6000000238
848  7.072  -98.200  -27.109 0.8999999762
849  6.657  -98.559  -27.612 0.8999999762
851  3.664  -99.211  -27.728 0.4000000060
852  1.748  -99.024  -27.849 0.3000000119
853  25.409  -96.978  -29.056 0.6000000238
860  19.103  -98.367  -28.934 0.4000000060
862  17.325  -98.216  -28.425 0.5000000000
868  3.998  -98.474  -28.195 0.4000000060
874  24.231  -97.712  -29.602 0.6999999881
878  8.888  -98.918  -30.069 0.8999999762
880  5.461  -99.432  -30.186 0.8999999762
882  2.378  -98.545  -29.821 0.3000000119
886  12.298  -98.194  -30.024 0.8000000119
895  24.005  -97.704  -31.129 0.8000000119
897  11.365  -97.891  -31.225 0.8000000119
901  6.436  -97.517  -31.858 0.8999999762
903  3.137  -98.164  -30.997 0.5000000000
904  2.837  -98.231  -31.099 0.5000000000
907  23.736  -97.656  -31.763 0.8000000119
908  10.347  -99.134  -32.345 1.0000000000
910  9.013  -98.977  -32.414 1.0000000000
913  24.154  -96.997  -32.231 0.8000000119
915  23.205  -97.691  -32.474 0.8999999762
917  5.125  -98.513  -33.756 0.8999999762
920  23.610  -97.009  -33.079 0.8999999762
922  22.351  -97.914  -32.863 0.8999999762
924  16.331  -97.623  -34.870 0.5000000000
926  4.680  -98.314  -34.754 0.6999999881
927  3.869  -97.864  -34.954 0.5000000000
928  23.631  -96.735  -33.583 0.6999999881
931  21.437  -97.813  -33.315 1.0000000000
937  15.244  -98.175  -35.188 0.5000000000
940  23.169  -96.745  -33.848 0.8000000119
942  22.028  -97.180  -33.554 0.8999999762
945  14.387  -98.380  -36.690 0.5000000000
952  13.671  -98.689  -37.493 0.4000000060
954  4.386  -97.832  -36.858 0.4000000060
961  6.634  -98.319  -38.007 0.3000000119
965  18.079  -97.770  -39.131 0.1000000015
967  16.151  -98.486  -39.484 0.2000000030
968  15.765  -98.526  -39.655 0.2000000030
970  13.866  -98.442  -39.108 0.2000000030
974  6.369  -97.959  -38.095 0.2000000030
979  15.887  -98.344  -39.758 0.2000000030
983  10.469  -98.433  -39.454 0.2000000030
984  10.043  -98.400  -39.466 0.2000000030
985  9.316  -98.423  -39.351 0.2000000030
993  14.576  -97.827  -39.740 0.2000000030
995  12.767  -98.086  -40.122 0.2000000030
999  9.093  -98.075  -39.545 0.2000000030
1000  8.827  -98.150  -39.448 0.2000000030
1002  14.265  -97.524  -40.135 0.1000000015
1004  12.798  -97.814  -40.454 0.2000000030
1006  8.827  -97.217  -13.996 0.8000000119
1009  7.182  -96.843  -13.995 0.8000000119
1011  18.435  -96.825  -14.829 0.2000000030
1015  7.124  -97.211  -14.281 0.8999999762
1018  19.123  -97.066  -15.592 0.2000000030
1019  18.310  -96.995  -15.459 0.2000000030
1020  9.255  -97.190  -14.910 0.8000000119
1022  7.874  -97.979  -15.098 0.8000000119
1023  6.978  -97.725  -15.002 0.8999999762
1025  19.331  -96.922  -16.128 0.2000000030
1030  6.520  -97.707  -15.723 0.8999999762
1036  16.150  -96.502  -17.353 0.3000000119
1041  11.904  -97.814  -17.948 0.5000000000
1042  8.408  -97.732  -17.638 0.8999999762
1044  4.509  -97.895  -17.665 0.8999999762
1047  17.853  -96.767  -18.154 0.3000000119
1049  16.450  -97.130  -18.325 0.3000000119
1053  7.798  -97.730  -18.882 0.8999999762
1055  3.916  -97.819  -18.377 0.8999999762
1057  17.287  -96.711  -18.493 0.3000000119
1059  15.747  -97.105  -19.039 0.3000000119
1061  10.568  -97.639  -19.297 0.6000000238
1064  23.373  -96.501  -21.082 0.1000000015
1076  23.767  -96.634  -21.838 0.2000000030
1077  23.270  -96.612  -21.504 0.1000000015
1080  20.835  -97.052  -22.590 0.4000000060
1083  12.909  -97.934  -22.114 0.5000000000
1084  9.312  -97.646  -21.830 0.6999999881
1086  6.707  -97.738  -21.536 1.0000000000
1087  3.178  -98.251  -21.005 0.8999999762
1089  23.651  -96.614  -22.265 0.2000000030
1091  22.782  -96.712  -22.054 0.3000000119
1094  18.611  -97.926  -22.923 0.4000000060
1096  16.854  -97.903  -22.889 0.5000000000
1098  13.153  -97.100  -22.082 0.5000000000
1101  8.941  -97.867  -22.833 0.8000000119
1105  22.409  -97.206  -23.542 0.3000000119
1111  9.134  -97.314  -22.889 0.8000000119
1116  22.907  -96.813  -23.752 0.3000000119
1129  19.428  -97.749  -25.967 0.4000000060
1135  8.056  -96.899  -25.337 0.8000000119
1136  7.880  -97.294  -25.601 0.8000000119
1138  4.925  -98.095  -26.042 1.0000000000
1140  27.354  -96.066  -27.587 0.5000000000
1141  27.075  -96.201  -27.643 0.5000000000
1144  25.224  -96.415  -28.034 0.4000000060
1145  20.248  -97.029  -26.284 0.4000000060
1149  13.719  -97.195  -26.360 0.8000000119
1158  27.426  -96.232  -27.959 0.5000000000
1159  26.734  -96.440  -28.124 0.5000000000
1160  26.343  -96.518  -28.251 0.5000000000
1161  25.217  -96.703  -28.376 0.6000000238
1162  24.573  -96.731  -28.260 0.4000000060
1163  23.537  -97.034  -28.330 0.6000000238
1165  18.088  -97.011  -27.433 0.4000000060
1173  27.408  -96.120  -28.570 0.5000000000
1175  26.147  -96.569  -28.619 0.6000000238
1178  20.355  -97.556  -29.059 0.5000000000
1182  13.187  -97.121  -28.661 0.8000000119
1183  12.924  -97.528  -28.872 0.8000000119
1184  10.022  -97.829  -28.434 0.8999999762
1185  9.811  -97.962  -29.142 0.8999999762
1187  6.806  -97.111  -28.680 0.8999999762
1189  3.766  -98.201  -29.204 0.5000000000
1190  1.563  -97.965  -28.627 0.3000000119
1191  27.543  -95.951  -28.812 0.5000000000
1195  20.065  -97.176  -29.560 0.4000000060
1197  18.310  -97.079  -29.656 0.4000000060
1199  12.916  -97.221  -29.086 0.8000000119
1203  9.816  -97.798  -29.644 0.8999999762
1205  4.006  -97.460  -29.678 0.6999999881
1208  26.626  -96.058  -29.689 0.5000000000
1210  25.107  -96.646  -30.520 0.6999999881
1214  9.817  -97.699  -30.257 0.8999999762
1215  6.610  -96.877  -31.020 0.8999999762
1217  3.543  -97.941  -30.225 0.6999999881
1221  10.925  -97.497  -31.218 0.8000000119
1229  6.424  -97.132  -32.592 0.8000000119
1230  4.075  -97.294  -32.942 0.6000000238
1235  24.896  -96.160  -32.924 0.6000000238
1240  2.282  -97.338  -33.869 0.2000000030
1241  1.710  -96.954  -33.536 0.1000000015
1243  24.647  -96.267  -33.639 0.6000000238
1245  20.029  -96.878  -33.466 0.8000000119
1246  19.114  -96.991  -33.631 0.6999999881
1248  17.235  -97.304  -34.383 0.5000000000
1249  16.507  -97.228  -34.782 0.5000000000
1254  25.731  -95.479  -35.126 0.6000000238
1258  21.487  -96.667  -33.638 1.0000000000
1262  17.891  -97.756  -34.182 0.5000000000
1267  25.755  -95.271  -35.494 0.6000000238
1269  24.733  -95.408  -35.093 0.5000000000
1270  23.526  -96.277  -34.163 0.8000000119
1273  21.312  -97.088  -33.582 1.0000000000
1274  16.252  -97.274  -36.574 0.5000000000
1277  2.729  -96.995  -36.337 0.3000000119
1278  25.330  -94.980  -35.656 0.6000000238
1280  18.895  -96.948  -37.961 0.4000000060
1281  18.529  -97.051  -37.863 0.2000000030
1282  17.650  -97.297  -37.704 0.5000000000
1283  16.642  -97.351  -36.973 0.4000000060
1286  3.997  -97.265  -36.937 0.2000000030
1289  17.749  -97.594  -38.139 0.2000000030
1290  5.925  -97.679  -37.907 0.2000000030
1295  18.381  -97.409  -38.705 0.1000000015
1296  7.105  -97.387  -38.910 0.2000000030
1297  6.306  -97.471  -38.351 0.2000000030
1301  8.810  -97.274  -39.607 0.2000000030
1303  7.761  -97.532  -39.068 0.2000000030
1311  14.452  -96.731  -40.027 0.1000000015
1313  12.199  -97.283  -40.591 0.1000000015
1316  9.245  -97.572  -39.806 0.2000000030
1317  8.816  -97.917  -39.535 0.2000000030
1324  13.933  -97.059  -40.465 0.1000000015
1325  12.948  -97.240  -40.678 0.1000000015
1326  12.438  -97.722  -40.489 0.2000000030
1330  11.947  -94.574  -0.691 0.1000000015
1331  12.162  -94.676  -0.848 0.1000000015
1335  15.085  -95.534  -7.083 0.1000000015
1336  14.643  -95.436  -6.662 0.1000000015
1341  14.101  -95.388  -6.798 0.1000000015
1342  19.005  -95.747  -9.823 0.1000000015
1344  17.404  -96.139  -9.095 0.1000000015
1349  19.215  -95.851  -10.315 0.1000000015
1357  19.104  -96.174  -10.806 0.1000000015
1362  20.234  -95.723  -11.001 0.1000000015
1363  19.659  -95.948  -11.437 0.1000000015
1367  16.507  -95.687  -11.207 0.1000000015
1368  19.340  -95.968  -12.240 0.1000000015
1373  9.446  -96.208  -12.993 0.8000000119
1374  8.866  -96.392  -13.157 0.8000000119
1377  20.018  -96.110  -13.953 0.1000000015
1380  17.781  -95.895  -13.360 0.1000000015
1384  8.507  -96.783  -13.552 0.8000000119
1385  7.878  -96.734  -13.630 0.8000000119
1386  7.248  -96.331  -13.643 0.8000000119
1389  19.564  -96.397  -14.480 0.2000000030
1392  17.473  -95.892  -14.585 0.2000000030
1395  6.944  -96.814  -14.113 0.8999999762
1398  19.646  -96.538  -15.437 0.2000000030
1402  14.299  -95.036  -16.429 0.4000000060
1404  9.506  -96.715  -15.417 0.8000000119
1412  13.821  -95.683  -16.962 0.4000000060
1413  13.233  -95.953  -17.181 0.5000000000
1415  9.101  -96.735  -16.759 0.8000000119
1417  4.978  -96.939  -16.606 0.8999999762
1418  19.422  -96.185  -17.182 0.2000000030
1425  9.197  -96.057  -17.143 0.6999999881
1427  4.523  -97.200  -17.044 0.8999999762
1428  4.083  -96.993  -17.468 0.8999999762
1432  11.200  -97.419  -18.731 0.5000000000
1433  8.306  -96.820  -18.273 0.8999999762
1439  17.620  -96.246  -18.580 0.3000000119
1441  16.455  -96.531  -19.125 0.3000000119
1444  7.528  -96.794  -19.728 0.8999999762
1451  22.033  -96.001  -21.373 0.1000000015
1466  21.066  -96.559  -22.281 0.2000000030
1468  13.822  -96.265  -21.584 0.5000000000
1472  6.609  -96.832  -21.784 1.0000000000
1473  2.595  -96.524  -21.518 0.6999999881
1477  20.501  -96.804  -22.571 0.3000000119
1481  16.909  -97.253  -22.980 0.5000000000
1488  23.592  -96.467  -23.205 0.2000000030
1489  18.493  -96.280  -22.987 0.3000000119
1493  12.325  -96.619  -23.684 0.5000000000
1495  9.189  -96.599  -23.142 0.8000000119
1505  12.238  -96.125  -24.209 0.5000000000
1510  27.656  -95.599  -26.270 0.5000000000
1512  26.585  -95.653  -27.025 0.4000000060
1516  20.698  -96.843  -26.201 0.4000000060
1519  8.268  -96.322  -25.486 0.8000000119
1523  28.181  -95.453  -27.099 0.5000000000
1526  26.244  -96.092  -27.465 0.4000000060
1527  25.605  -96.103  -27.580 0.4000000060
1532  18.911  -96.794  -27.022 0.4000000060
1534  13.866  -96.781  -27.207 0.8000000119
1535  11.184  -96.807  -26.757 0.5000000000
1536  10.939  -97.136  -26.974 0.5000000000
1537  8.179  -96.141  -25.900 1.0000000000
1539  4.936  -96.515  -26.485 1.0000000000
1541  1.783  -97.101  -26.608 0.2000000030
1542  1.579  -97.419  -27.312 0.2000000030
1543  28.253  -95.421  -27.622 0.5000000000
1546  24.904  -96.102  -27.729 0.4000000060
1549  19.374  -96.218  -27.336 0.4000000060
1552  14.084  -96.293  -27.130 0.6999999881
1562  23.053  -95.809  -28.122 0.5000000000
1565  18.364  -96.083  -28.313 0.4000000060
1566  17.865  -96.522  -28.722 0.4000000060
1570  7.181  -96.315  -28.211 0.8999999762
1576  27.640  -95.714  -29.192 0.5000000000
1577  27.370  -95.765  -29.353 0.5000000000
1579  19.853  -96.539  -30.130 0.4000000060
1581  18.212  -96.221  -29.915 0.4000000060
1582  17.949  -96.354  -29.324 0.4000000060
1584  12.467  -96.544  -29.498 0.8000000119
1585  11.640  -96.395  -29.603 0.8000000119
1588  4.294  -96.669  -29.736 0.8000000119
1589  1.801  -96.300  -28.978 0.3000000119
1590  1.697  -96.551  -29.346 0.3000000119
1591  28.134  -95.108  -29.659 0.5000000000
1592  27.859  -95.302  -29.711 0.5000000000
1595  25.700  -96.080  -30.696 0.6000000238
1596  19.411  -96.156  -30.338 0.4000000060
1597  18.963  -95.928  -30.372 0.4000000060
1599  11.415  -96.794  -30.033 0.8000000119
1604  28.086  -94.959  -30.040 0.5000000000
1612  4.016  -97.306  -32.155 0.6000000238
1615  25.621  -95.646  -32.224 0.6000000238
1617  5.919  -96.562  -32.674 0.8000000119
1618  4.978  -96.428  -32.641 0.6999999881
1619  4.281  -97.061  -32.655 0.6000000238
1624  25.318  -95.858  -32.668 0.6000000238
1626  20.135  -95.582  -33.533 0.6000000238
1627  19.266  -95.631  -33.694 0.6000000238
1628  18.733  -95.595  -33.890 0.5000000000
1629  5.750  -96.867  -33.430 0.8000000119
1632  1.819  -96.832  -34.244 0.2000000030
1635  27.004  -95.193  -34.546 0.6000000238
1636  26.310  -95.403  -34.147 0.5000000000
1637  22.008  -95.385  -33.837 0.6999999881
1642  17.662  -96.347  -34.371 0.5000000000
1646  27.825  -94.805  -35.162 0.8999999762
1649  22.034  -95.792  -33.889 0.8999999762
1650  21.635  -96.266  -33.696 1.0000000000
1651  21.224  -96.603  -33.593 0.8999999762
1653  16.478  -96.768  -35.428 0.5000000000
1658  8.955  -96.473  -35.629 0.1000000015
1659  1.974  -96.526  -35.303 0.1000000015
1660  1.765  -95.857  -35.056 0.1000000015
1662  27.030  -94.748  -36.088 0.8999999762
1664  25.624  -94.924  -35.787 0.5000000000
1668  21.829  -96.472  -33.732 1.0000000000
1672  16.335  -97.015  -36.289 0.5000000000
1673  16.023  -97.213  -36.207 0.5000000000
1674  12.119  -96.212  -37.092 0.1000000015
1675  11.501  -96.418  -36.890 0.1000000015
1676  10.720  -96.554  -36.918 0.1000000015
1677  9.871  -96.604  -36.750 0.1000000015
1683  25.620  -94.472  -36.197 0.8000000119
1688  17.414  -96.861  -36.793 0.5000000000
1691  11.815  -96.317  -37.622 0.1000000015
1698  25.876  -94.025  -37.194 0.8999999762
1699  25.466  -93.994  -36.926 0.8000000119
1700  20.189  -96.027  -38.251 0.3000000119
1702  12.874  -95.983  -38.442 0.1000000015
1704  11.472  -96.393  -38.314 0.1000000015
1709  7.230  -95.719  -39.062 0.1000000015
1710  5.037  -96.783  -38.274 0.1000000015
1714  19.424  -96.578  -38.882 0.3000000119
1718  11.035  -96.360  -39.031 0.1000000015
1719  10.220  -96.530  -39.075 0.1000000015
1721  8.899  -96.589  -39.065 0.1000000015
1725  5.619  -96.935  -38.372 0.1000000015
1729  13.380  -96.310  -39.722 0.1000000015
1733  9.995  -96.716  -39.665 0.1000000015
1734  9.218  -96.938  -39.691 0.2000000030
1747  9.754  -97.128  -40.010 0.2000000030
1749  20.586  -94.908  -41.519 0.1000000015
1756  15.120  -96.637  -39.715 0.1000000015
1758  12.998  -96.916  -40.614 0.1000000015
1760  19.807  -94.863  -41.865 0.1000000015
1764  11.428  -94.217  0.839 0.1000000015
1774  12.457  -94.723  -1.271 0.1000000015
1775  11.806  -94.585  -1.167 0.1000000015
1782  13.343  -95.361  -3.618 0.1000000015
1783  12.559  -95.328  -3.303 0.2000000030
1795  12.370  -95.044  -4.582 0.2000000030
1801  13.080  -94.834  -6.112 0.2000000030
1808  15.494  -95.511  -7.217 0.1000000015
1810  13.322  -94.558  -6.692 0.2000000030
1816  16.362  -95.685  -8.214 0.1000000015
1818  14.169  -94.997  -7.694 0.2000000030
1819  20.599  -94.547  -9.473 0.1000000015
1824  8.898  -94.131  -10.276 0.6999999881
1826  20.421  -95.079  -10.522 0.1000000015
1827  20.044  -95.434  -10.326 0.1000000015
1830  9.788  -94.859  -11.205 0.6000000238
1838  9.989  -95.339  -11.907 0.8000000119
1841  8.158  -94.683  -12.178 0.6999999881
1844  19.851  -95.725  -12.601 0.1000000015
1846  16.496  -95.300  -11.722 0.1000000015
1847  10.067  -95.601  -12.492 0.8000000119
1848  9.676  -95.700  -12.467 0.8000000119
1851  7.433  -95.381  -13.124 0.8000000119
1854  19.948  -95.972  -13.040 0.2000000030
1855  17.776  -95.832  -13.861 0.2000000030
1858  6.931  -95.758  -13.596 0.8000000119
1859  6.610  -95.665  -13.835 0.8000000119
1860  20.240  -95.648  -14.123 0.2000000030
1863  10.284  -95.546  -14.085 0.6000000238
1866  20.231  -95.701  -14.843 0.2000000030
1872  13.463  -94.591  -16.478 0.4000000060
1878  19.586  -95.636  -16.660 0.2000000030
1880  15.621  -95.175  -16.220 0.3000000119
1881  15.117  -95.220  -16.411 0.4000000060
1882  13.722  -95.184  -16.689 0.4000000060
1885  5.696  -95.945  -16.242 0.8999999762
1886  5.112  -96.174  -16.664 0.8999999762
1892  19.126  -95.450  -17.569 0.2000000030
1895  9.243  -95.398  -17.534 0.6999999881
1896  8.980  -95.820  -17.699 0.8000000119
1898  3.833  -96.036  -17.442 0.8999999762
1903  19.201  -95.857  -17.585 0.2000000030
1905  12.262  -95.672  -17.914 0.5000000000
1906  11.906  -96.006  -18.318 0.5000000000
1910  3.013  -95.142  -18.779 0.8000000119
1933  14.624  -95.897  -21.016 0.5000000000
1941  15.669  -94.513  -21.098 0.3000000119
1947  6.981  -95.444  -21.347 1.0000000000
1950  25.436  -95.643  -21.635 0.2000000030
1951  24.998  -95.640  -22.334 0.2000000030
1956  14.081  -95.231  -22.002 0.5000000000
1957  13.755  -95.533  -22.144 0.5000000000
1962  24.495  -95.752  -23.058 0.2000000030
1963  23.966  -95.878  -23.676 0.2000000030
1965  18.546  -95.640  -23.184 0.3000000119
1968  15.983  -95.387  -24.210 0.4000000060
1970  9.199  -95.614  -23.373 0.8000000119
1972  6.274  -95.287  -23.609 1.0000000000
1979  15.174  -95.469  -24.936 0.5000000000
1981  11.782  -95.875  -25.272 0.5000000000
1990  26.317  -95.517  -26.976 0.4000000060
1995  11.906  -94.726  -25.578 0.5000000000
1998  5.521  -95.515  -25.701 1.0000000000
2002  26.056  -95.084  -26.648 0.3000000119
2005  20.430  -95.916  -26.934 0.4000000060
2006  19.826  -96.094  -27.156 0.4000000060
2015  25.131  -95.595  -27.445 0.4000000060
2025  5.297  -95.174  -27.110 0.8999999762
2026  4.932  -95.211  -27.799 0.8999999762
2027  1.986  -95.405  -27.350 0.2000000030
2028  28.705  -94.629  -28.171 0.5000000000
2031  21.954  -95.834  -29.053 0.4000000060
2035  13.171  -95.276  -28.814 0.6999999881
2036  12.377  -95.151  -28.751 0.6999999881
2043  28.668  -94.769  -29.055 0.4000000060
2047  18.446  -95.457  -29.750 0.4000000060
2048  18.139  -95.949  -29.239 0.4000000060
2049  13.013  -96.090  -29.255 0.8000000119
2053  5.264  -95.316  -30.086 0.8999999762
2055  1.905  -95.964  -28.989 0.3000000119
2060  18.985  -95.333  -30.348 0.4000000060
2061  18.614  -95.354  -30.163 0.4000000060
2062  6.220  -95.506  -30.687 0.8999999762
2063  5.528  -95.506  -30.767 0.8999999762
2068  27.463  -94.696  -31.945 0.6000000238
2070  5.150  -95.923  -31.294 0.8999999762
2071  4.852  -96.120  -31.227 0.8999999762
2073  28.382  -94.225  -31.577 0.6999999881
2076  1.504  -95.601  -32.164 0.2000000030
2077  28.671  -94.000  -33.463 0.6999999881
2079  27.528  -94.692  -33.479 0.6999999881
2080  21.108  -94.923  -33.503 0.5000000000
2081  20.556  -94.903  -33.557 0.5000000000
2084  10.835  -96.013  -33.878 0.1000000015
2088  28.674  -94.001  -33.756 0.6999999881
2090  27.410  -94.838  -34.227 0.8000000119
2093  21.593  -95.049  -33.629 0.5000000000
2094  19.065  -94.925  -34.214 0.5000000000
2095  18.374  -95.452  -34.470 0.5000000000
2097  13.012  -95.323  -35.031 0.1000000015
2104  1.612  -95.410  -34.358 0.1000000015
2105  28.099  -94.361  -35.550 0.8999999762
2107  22.643  -95.287  -33.985 0.8999999762
2109  18.257  -95.395  -35.351 0.5000000000
2124  23.948  -94.780  -34.946 0.6999999881
2126  20.083  -95.144  -36.629 0.5000000000
2130  13.834  -95.155  -36.729 0.1000000015
2131  13.383  -95.335  -36.450 0.1000000015
2133  11.948  -96.238  -36.618 0.1000000015
2136  6.594  -95.121  -36.945 0.1000000015
2138  3.056  -95.868  -37.148 0.1000000015
2141  27.066  -94.210  -37.143 0.8999999762
2142  26.493  -94.089  -37.372 0.8999999762
2149  12.530  -95.975  -37.246 0.1000000015
2152  6.382  -95.100  -38.020 0.1000000015
2156  27.359  -93.681  -37.731 0.8999999762
2157  26.786  -93.607  -38.224 1.0000000000
2159  25.711  -93.540  -37.789 0.6999999881
2166  12.705  -95.929  -37.689 0.1000000015
2167  7.289  -95.656  -38.510 0.1000000015
2169  6.021  -95.500  -38.803 0.1000000015
2171  4.239  -96.012  -38.458 0.1000000015
2172  26.494  -93.087  -38.981 1.0000000000
2175  25.569  -93.151  -38.760 0.6000000238
2176  21.076  -95.648  -39.287 0.1000000015
2177  20.910  -95.886  -38.828 0.1000000015
2181  6.613  -95.806  -39.143 0.1000000015
2182  6.079  -96.255  -39.124 0.1000000015
2184  26.095  -93.408  -39.926 1.0000000000
2187  21.132  -95.296  -40.095 0.1000000015
2191  26.072  -93.644  -40.201 0.8000000119
2192  26.057  -93.547  -40.425 1.0000000000
2215  20.625  -94.216  -43.991 0.1000000015
2249  10.178  -93.583  0.962 0.2000000030
2254  14.750  -93.745  -1.391 0.1000000015
2264  14.468  -94.830  -3.300 0.1000000015
2281  13.233  -93.998  -6.733 0.2000000030
2284  8.070  -93.425  -7.049 0.6000000238
2290  14.326  -93.882  -7.863 0.2000000030
2294  8.673  -93.585  -7.892 0.6000000238
2295  8.025  -93.417  -7.794 0.6000000238
2298  14.339  -94.716  -7.884 0.2000000030
2300  9.347  -93.865  -8.391 0.6000000238
2308  8.414  -93.729  -9.760 0.6999999881
2314  10.255  -94.427  -10.377 0.6000000238
2319  16.256  -94.878  -11.650 0.1000000015
2324  7.665  -94.312  -12.307 0.6999999881
2327  16.289  -95.096  -11.552 0.1000000015
2330  7.004  -94.673  -13.204 0.6999999881
2331  6.699  -95.255  -13.618 0.8000000119
2336  20.064  -94.256  -13.992 0.2000000030
2348  15.323  -93.855  -14.790 0.4000000060
2350  14.138  -93.333  -15.042 0.4000000060
2353  6.135  -93.602  -14.884 0.8999999762
2360  16.046  -94.604  -15.288 0.4000000060
2364  13.560  -94.250  -16.255 0.4000000060
2367  6.141  -94.079  -15.682 0.8999999762
2368  6.049  -94.766  -15.770 0.8999999762
2375  13.462  -93.795  -16.296 0.4000000060
2378  9.893  -94.672  -16.826 0.6000000238
2380  5.696  -95.035  -16.558 0.8999999762
2386  19.450  -95.161  -16.954 0.2000000030
2389  9.879  -94.015  -17.374 0.6999999881
2401  9.219  -94.067  -18.524 0.6999999881
2404  2.908  -94.442  -18.879 0.8000000119
2412  8.151  -94.690  -19.467 0.8999999762
2419  17.698  -94.353  -19.281 0.1000000015
2423  9.584  -93.762  -21.082 0.8999999762
2425  7.690  -94.618  -20.472 1.0000000000
2432  16.202  -94.081  -21.127 0.3000000119
2442  21.259  -94.632  -22.135 0.1000000015
2443  20.483  -94.898  -22.745 0.1000000015
2449  8.738  -94.161  -23.084 0.8000000119
2454  30.565  -94.017  -24.023 0.4000000060
2457  23.842  -95.036  -24.129 0.1000000015
2469  3.147  -94.011  -23.116 0.5000000000
2474  28.279  -94.210  -24.534 0.3000000119
2477  18.093  -93.765  -23.991 0.3000000119
2482  8.309  -94.596  -24.476 0.8999999762
2485  6.201  -94.663  -25.120 1.0000000000
2487  30.291  -94.122  -24.848 0.4000000060
2494  15.286  -93.642  -25.660 0.6000000238
2495  14.813  -94.042  -25.989 0.6000000238
2505  26.208  -94.641  -26.419 0.3000000119
2506  25.812  -94.705  -26.893 0.3000000119
2509  20.627  -95.317  -27.218 0.4000000060
2516  5.706  -94.858  -26.733 1.0000000000
2518  29.003  -94.194  -27.431 0.5000000000
2521  23.562  -94.907  -28.017 0.3000000119
2529  7.257  -94.735  -27.638 1.0000000000
2531  5.638  -94.542  -27.590 1.0000000000
2536  24.579  -94.289  -28.086 0.3000000119
2539  20.046  -94.194  -28.210 0.4000000060
2541  19.069  -94.788  -29.145 0.4000000060
2543  12.843  -94.739  -28.428 0.6999999881
2545  7.235  -94.855  -27.968 0.8999999762
2549  1.782  -94.142  -28.024 0.1000000015
2552  23.310  -94.062  -29.437 0.3000000119
2554  21.857  -94.392  -29.975 0.4000000060
2556  18.869  -94.904  -29.604 0.4000000060
2558  5.778  -94.729  -29.483 0.8999999762
2559  5.025  -95.130  -29.346 0.8000000119
2560  1.754  -93.902  -29.396 0.1000000015
2566  18.738  -95.050  -30.097 0.4000000060
2569  2.187  -93.872  -31.108 0.1000000015
2576  28.517  -94.114  -32.716 0.6999999881
2580  1.948  -94.093  -32.451 0.1000000015
2581  1.771  -94.595  -32.613 0.1000000015
2582  29.526  -93.446  -33.674 0.8000000119
2583  28.931  -93.801  -33.324 0.8000000119
2584  28.669  -93.989  -32.928 0.8000000119
2588  19.782  -94.491  -33.943 0.5000000000
2596  2.092  -94.174  -33.964 0.1000000015
2598  29.504  -93.477  -34.030 0.8000000119
2600  28.799  -93.845  -34.721 0.8000000119
2601  23.383  -94.106  -34.044 0.8000000119
2602  22.499  -94.016  -33.703 0.5000000000
2603  21.922  -94.559  -33.670 0.6999999881
2610  11.958  -95.830  -34.221 0.1000000015
2619  1.794  -94.713  -34.343 0.1000000015
2620  29.079  -93.566  -34.858 0.8000000119
2626  18.703  -95.041  -35.133 0.5000000000
2635  2.285  -94.807  -35.412 0.1000000015
2639  24.651  -93.849  -35.839 0.6999999881
2643  19.610  -94.775  -36.108 0.5000000000
2650  4.255  -94.670  -36.938 0.1000000015
2653  28.425  -93.089  -37.350 0.8999999762
2654  28.209  -93.438  -37.055 0.8999999762
2661  5.301  -94.699  -37.615 0.1000000015
2663  3.876  -95.000  -37.727 0.1000000015
2668  21.225  -94.518  -38.286 0.3000000119
2677  26.921  -93.032  -39.187 1.0000000000
2683  15.627  -94.808  -38.771 0.1000000015
2689  27.445  -92.734  -39.838 1.0000000000
2691  26.224  -93.433  -40.307 1.0000000000
2693  25.313  -93.112  -39.595 0.5000000000
2709  25.419  -93.083  -40.616 0.6999999881
2721  26.737  -93.132  -41.890 0.6999999881
2722  26.463  -93.095  -41.859 0.6999999881
2724  25.578  -92.922  -41.318 0.6999999881
2725  21.287  -94.435  -42.494 0.1000000015
2736  26.158  -92.876  -42.252 0.6999999881
2737  25.946  -92.781  -42.387 0.6999999881
2813  8.822  -93.274  4.340 0.1000000015
2824  8.500  -93.058  3.740 0.2000000030
2825  7.990  -92.801  3.836 0.2000000030
2850  10.105  -93.210  0.687 0.2000000030
2853  14.589  -93.302  -0.506 0.1000000015
2857  10.961  -93.530  -1.222 0.2000000030
2858  10.717  -93.251  -0.594 0.2000000030
2864  11.816  -93.341  -3.308 0.2000000030
2867  12.235  -93.348  -4.318 0.2000000030
2868  11.886  -93.875  -3.916 0.2000000030
2875  13.300  -92.875  -6.280 0.2000000030
2879  7.174  -92.889  -6.526 0.5000000000
2886  13.403  -93.384  -6.694 0.2000000030
2888  9.044  -93.068  -6.775 0.4000000060
2895  13.773  -93.471  -7.205 0.2000000030
2897  9.368  -93.423  -7.651 0.6000000238
2898  8.706  -93.461  -7.347 0.6000000238
2900  7.050  -93.176  -7.314 0.6000000238
2903  14.613  -93.497  -8.286 0.2000000030
2905  9.832  -93.674  -8.164 0.6000000238
2907  7.054  -93.129  -7.870 0.6000000238
2910  15.016  -93.799  -8.861 0.2000000030
2911  11.166  -93.587  -10.199 0.6000000238
2917  15.261  -93.961  -9.432 0.2000000030
2919  10.852  -94.048  -10.290 0.6000000238
2923  16.251  -94.504  -11.733 0.1000000015
2953  13.985  -92.854  -15.225 0.5000000000
2955  10.865  -93.679  -15.312 0.6000000238
2956  6.375  -92.757  -15.027 0.8000000119
2962  11.067  -92.723  -15.799 0.6000000238
2968  19.335  -93.966  -16.351 0.1000000015
2969  19.061  -93.435  -16.490 0.1000000015
2971  13.355  -93.564  -16.672 0.5000000000
2974  5.834  -94.348  -16.662 0.8999999762
2978  18.931  -93.738  -17.155 0.1000000015
2979  13.423  -92.516  -16.908 0.5000000000
2981  10.120  -93.357  -17.700 0.6999999881
2983  5.967  -93.416  -17.090 0.8999999762
2996  9.072  -93.782  -18.988 0.8000000119
3004  11.964  -93.538  -18.976 0.5000000000
3006  10.301  -93.111  -19.414 0.5000000000
3017  9.210  -93.402  -20.493 0.8000000119
3019  7.785  -94.211  -21.008 1.0000000000
3027  14.802  -93.903  -22.187 0.5000000000
3030  7.876  -93.980  -21.377 1.0000000000
3038  15.296  -93.213  -22.485 0.3000000119
3039  14.530  -93.648  -22.563 0.4000000060
3044  3.296  -93.551  -22.499 0.5000000000
3045  3.179  -93.963  -22.015 0.5000000000
3046  31.988  -92.824  -24.172 0.2000000030
3047  31.610  -93.129  -23.977 0.3000000119
3049  29.757  -93.546  -23.514 0.4000000060
3051  24.467  -94.176  -23.670 0.1000000015
3056  14.262  -93.316  -23.009 0.4000000060
3058  13.119  -93.776  -23.977 0.5000000000
3061  3.193  -93.623  -23.094 0.5000000000
3062  2.965  -93.397  -23.713 0.4000000060
3063  32.255  -92.675  -24.402 0.2000000030
3065  31.028  -93.680  -24.518 0.4000000060
3066  29.354  -93.991  -23.913 0.3000000119
3067  28.712  -93.523  -23.935 0.3000000119
3071  23.226  -93.903  -25.384 0.1000000015
3076  15.766  -93.317  -25.522 0.6000000238
3082  30.683  -93.641  -25.458 0.4000000060
3083  26.990  -93.257  -25.506 0.3000000119
3086  22.869  -93.218  -26.101 0.1000000015
3087  16.753  -92.736  -25.512 0.4000000060
3088  16.097  -92.808  -25.655 0.5000000000
3092  2.273  -93.129  -25.155 0.2000000030
3094  30.956  -93.172  -26.221 0.4000000060
3096  29.736  -93.954  -26.226 0.5000000000
3108  31.223  -92.280  -27.008 0.4000000060
3114  20.942  -93.595  -27.785 0.4000000060
3119  1.708  -92.912  -27.816 0.1000000015
3122  31.199  -92.229  -27.353 0.4000000060
3126  25.181  -93.673  -28.203 0.3000000119
3131  19.680  -93.867  -29.237 0.4000000060
3132  1.725  -93.146  -27.876 0.2000000030
3133  1.711  -93.353  -28.125 0.1000000015
3140  22.696  -93.434  -30.288 0.4000000060
3142  19.642  -93.835  -29.933 0.4000000060
3144  30.194  -92.856  -29.898 0.6000000238
3147  22.318  -92.993  -30.556 0.4000000060
3171  2.347  -93.826  -32.572 0.1000000015
3174  21.793  -93.100  -33.778 0.5000000000
3176  20.719  -93.695  -33.892 0.5000000000
3188  4.328  -93.383  -33.685 0.1000000015
3191  1.899  -94.066  -33.076 0.1000000015
3193  29.405  -93.328  -34.698 0.8000000119
3194  23.880  -92.968  -34.584 0.6000000238
3195  23.546  -93.208  -34.238 0.5000000000
3207  2.849  -93.821  -34.298 0.1000000015
3208  2.470  -93.980  -34.143 0.1000000015
3211  28.960  -93.208  -35.698 0.8000000119
3212  24.149  -93.134  -34.836 0.6999999881
3213  23.904  -93.402  -34.541 0.6999999881
3214  21.191  -92.641  -35.805 0.5000000000
3222  29.511  -92.719  -35.491 0.8000000119
3223  29.179  -92.772  -36.147 0.8000000119
3224  28.727  -93.292  -36.032 0.8000000119
3225  24.603  -93.059  -35.717 0.6999999881
3227  20.603  -93.561  -36.074 0.5000000000
3237  28.772  -92.625  -37.314 0.8999999762
3251  27.985  -92.798  -38.598 0.8999999762
3266  28.347  -92.254  -39.186 1.0000000000
3281  28.101  -92.473  -40.346 1.0000000000
3283  24.964  -92.798  -39.568 0.5000000000
3293  27.972  -92.506  -41.206 1.0000000000
3294  27.338  -92.967  -41.357 0.8999999762
3295  25.040  -92.741  -40.379 0.4000000060
3304  26.916  -92.775  -42.169 0.8999999762
3317  26.187  -92.426  -42.720 0.6999999881
3319  25.147  -92.263  -42.592 0.4000000060
3320  21.343  -93.682  -43.538 0.1000000015
3326  25.938  -91.956  -43.186 0.6000000238
3328  25.390  -92.130  -42.933 0.6000000238
3330  20.704  -93.438  -44.623 0.1000000015
3355  18.657  -93.015  -46.893 0.1000000015
3356  18.227  -93.087  -47.104 0.1000000015
3357  17.800  -92.841  -46.931 0.1000000015
3386  8.531  -92.981  5.309 0.1000000015
3429  9.189  -92.877  1.642 0.2000000030
3430  8.641  -92.693  1.975 0.3000000119
3444  14.948  -92.211  0.459 0.1000000015
3445  14.538  -92.834  0.192 0.1000000015
3446  9.875  -92.734  0.596 0.2000000030
3450  6.695  -91.590  0.680 0.3000000119
3458  14.939  -92.633  -0.684 0.1000000015
3461  9.741  -92.382  0.506 0.2000000030
3471  15.425  -92.840  -2.323 0.1000000015
3474  8.267  -91.547  -2.002 0.4000000060
3488  9.282  -91.663  -4.047 0.3000000119
3492  6.723  -91.577  -4.533 0.5000000000
3511  13.585  -92.571  -6.594 0.2000000030
3512  10.295  -92.132  -6.749 0.4000000060
3515  6.988  -92.632  -6.578 0.6999999881
3518  14.181  -92.332  -7.483 0.2000000030
3522  6.821  -92.546  -7.507 0.6000000238
3523  6.852  -92.719  -7.067 0.6999999881
3531  6.895  -93.010  -7.683 0.6000000238
3537  10.912  -93.063  -9.020 0.4000000060
3543  11.530  -93.169  -10.705 0.5000000000
3545  3.718  -92.436  -11.016 0.8999999762
3547  2.755  -92.061  -11.292 0.8999999762
3557  3.327  -92.402  -11.710 0.8999999762
3579  14.933  -92.189  -13.688 0.4000000060
3582  6.646  -92.418  -14.026 0.6999999881
3585  2.500  -92.003  -13.653 0.6999999881
3592  14.238  -92.153  -14.943 0.5000000000
3594  7.084  -91.714  -14.206 0.6999999881
3595  6.739  -92.079  -14.595 0.8000000119
3598  2.602  -91.926  -14.259 0.8000000119
3604  14.014  -92.065  -15.567 0.5000000000
3605  11.196  -92.090  -16.001 0.6999999881
3608  3.750  -91.997  -15.601 0.8999999762
3621  10.956  -92.416  -16.810 0.6999999881
3624  3.640  -92.193  -16.755 0.8000000119
3637  5.692  -92.970  -17.470 0.8999999762
3639  4.096  -92.829  -17.235 0.8999999762
3649  11.936  -92.478  -18.337 0.6000000238
3659  11.015  -92.724  -19.008 0.5000000000
3661  2.584  -92.689  -19.237 0.6999999881
3667  2.602  -92.579  -20.124 0.3000000119
3681  15.510  -92.651  -23.048 0.3000000119
3683  3.243  -92.886  -22.699 0.5000000000
3684  2.863  -91.989  -22.392 0.4000000060
3685  33.057  -91.869  -23.804 0.2000000030
3696  13.836  -92.711  -23.746 0.5000000000
3713  33.228  -91.806  -24.481 0.2000000030
3715  27.747  -92.112  -25.078 0.3000000119
3720  17.397  -92.011  -25.685 0.5000000000
3722  16.459  -92.222  -25.910 0.5000000000
3724  13.576  -92.047  -25.509 0.5000000000
3726  1.983  -92.524  -25.235 0.1000000015
3727  1.822  -92.242  -25.616 0.1000000015
3729  26.867  -92.519  -26.255 0.3000000119
3730  26.581  -92.923  -26.454 0.3000000119
3733  22.085  -92.841  -27.253 0.2000000030
3735  15.485  -92.111  -26.223 0.4000000060
3736  14.736  -92.185  -26.301 0.5000000000
3740  1.768  -92.279  -26.239 0.1000000015
3742  26.961  -92.115  -26.719 0.3000000119
3747  1.649  -92.732  -27.938 0.1000000015
3748  1.688  -92.574  -27.747 0.1000000015
3752  30.647  -92.478  -28.760 0.5000000000
3756  20.399  -93.022  -29.193 0.4000000060
3757  1.664  -92.877  -28.054 0.1000000015
3758  1.693  -92.695  -28.164 0.1000000015
3761  30.626  -92.421  -29.429 0.5000000000
3764  23.345  -92.725  -30.367 0.4000000060
3765  20.888  -92.264  -29.837 0.3000000119
3768  30.834  -92.073  -30.597 0.6000000238
3771  22.916  -92.242  -30.593 0.4000000060
3774  20.643  -92.713  -30.110 0.4000000060
3796  30.768  -92.056  -31.454 0.6000000238
3822  22.048  -92.171  -34.564 0.5000000000
3823  21.278  -92.465  -34.736 0.5000000000
3824  20.945  -92.659  -34.935 0.5000000000
3832  29.757  -92.377  -35.281 0.8000000119
3833  24.215  -92.434  -35.490 0.5000000000
3835  22.574  -92.010  -35.439 0.5000000000
3837  21.121  -92.515  -35.154 0.5000000000
3851  29.579  -92.267  -36.163 0.8000000119
3853  23.928  -91.989  -36.257 0.5000000000
3868  24.235  -92.169  -37.106 0.5000000000
3881  28.874  -91.787  -38.009 0.8999999762
3882  24.630  -92.357  -37.974 0.3000000119
3894  22.313  -92.142  -39.446 0.3000000119
3904  21.774  -92.553  -41.058 0.3000000119
3912  28.317  -92.005  -41.226 1.0000000000
3920  28.065  -91.262  -41.875 0.8999999762
3922  27.368  -92.235  -42.083 0.8999999762
3929  6.909  -92.246  -42.463 0.2000000030
3930  27.627  -91.366  -42.320 0.8999999762
3931  27.185  -91.741  -42.559 0.8999999762
3932  26.603  -91.888  -42.907 0.8000000119
3939  9.177  -92.023  -44.081 0.1000000015
3940  8.740  -92.385  -43.879 0.1000000015
3942  26.893  -91.397  -43.240 0.8000000119
3944  25.792  -91.587  -43.552 0.5000000000
3957  26.746  -91.143  -43.783 0.6999999881
3958  26.241  -91.155  -44.026 0.5000000000
3959  25.656  -91.017  -44.046 0.5000000000
3966  17.873  -92.064  -46.512 0.1000000015
3973  18.407  -92.791  -46.887 0.1000000015
3974  18.120  -92.616  -46.836 0.1000000015
3996  5.838  -90.814  5.106 0.2000000030
3998  5.224  -90.880  4.510 0.2000000030
4006  4.767  -90.695  3.430 0.2000000030
4016  6.019  -91.470  1.225 0.3000000119
4027  9.116  -91.905  0.578 0.2000000030
4040  15.925  -91.029  -0.364 0.1000000015
4044  8.781  -91.619  0.056 0.3000000119
4061  6.290  -90.505  -1.418 0.3000000119
4064  12.001  -91.597  -3.256 0.1000000015
4067  9.819  -91.344  -1.971 0.2000000030
4070  6.200  -90.809  -2.381 0.4000000060
4073  12.251  -91.245  -3.744 0.2000000030
4074  11.660  -91.151  -3.474 0.2000000030
4075  10.864  -91.110  -3.348 0.2000000030
4078  6.689  -91.492  -2.983 0.4000000060
4079  6.330  -91.169  -3.444 0.4000000060
4087  10.809  -90.955  -4.149 0.2000000030
4090  6.698  -91.595  -4.752 0.6000000238
4099  13.427  -91.613  -5.828 0.3000000119
4104  6.430  -91.169  -4.849 0.6000000238
4106  14.146  -91.615  -7.097 0.2000000030
4110  10.115  -91.763  -5.742 0.4000000060
4116  11.330  -90.850  -7.054 0.3000000119
4122  15.225  -91.558  -9.049 0.3000000119
4123  14.879  -91.665  -8.494 0.2000000030
4126  10.956  -92.097  -7.761 0.4000000060
4130  3.347  -91.730  -8.745 0.8000000119
4131  2.936  -91.473  -8.714 0.8999999762
4139  4.113  -92.108  -9.739 0.8999999762
4153  3.557  -92.282  -10.329 0.8999999762
4162  15.629  -90.930  -11.400 0.4000000060
4163  12.347  -91.021  -11.885 0.5000000000
4165  8.400  -90.690  -11.340 0.6999999881
4167  5.161  -91.600  -11.538 0.8999999762
4168  4.710  -92.005  -11.783 0.8999999762
4179  18.857  -91.100  -13.097 0.1000000015
4184  8.260  -90.892  -12.103 0.6999999881
4189  1.919  -90.899  -13.113 0.6999999881
4201  11.819  -90.958  -13.968 0.6000000238
4203  4.525  -91.164  -13.895 1.0000000000
4204  2.183  -91.447  -13.606 0.6999999881
4205  1.976  -90.845  -13.594 0.6999999881
4213  14.377  -91.280  -14.767 0.5000000000
4233  6.907  -91.129  -15.613 0.8000000119
4234  4.003  -91.721  -15.768 1.0000000000
4235  3.745  -91.973  -15.849 1.0000000000
4247  13.409  -90.652  -16.366 0.5000000000
4249  11.794  -91.223  -16.669 0.6000000238
4250  6.395  -91.374  -16.649 0.8999999762
4252  4.438  -91.798  -16.826 1.0000000000
4255  2.231  -90.689  -15.715 0.8000000119
4269  12.541  -91.366  -17.271 0.5000000000
4271  5.911  -92.089  -17.343 0.8999999762
4272  5.129  -92.250  -17.527 0.8999999762
4302  1.806  -90.645  -21.661 0.1000000015
4303  31.954  -91.400  -23.261 0.2000000030
4304  31.470  -91.548  -23.282 0.4000000060
4305  31.167  -91.555  -23.293 0.4000000060
4315  33.419  -91.196  -23.513 0.1000000015
4318  30.986  -91.844  -23.243 0.4000000060
4322  20.024  -91.252  -23.148 0.2000000030
4329  2.443  -91.675  -23.163 0.2000000030
4331  34.010  -90.877  -23.941 0.1000000015
4332  33.573  -91.396  -24.070 0.2000000030
4337  15.155  -91.282  -24.027 0.4000000060
4339  13.962  -91.646  -25.176 0.5000000000
4344  33.969  -90.892  -24.398 0.1000000015
4348  27.671  -91.502  -25.531 0.2000000030
4352  16.876  -91.515  -26.110 0.4000000060
4353  16.400  -91.800  -26.152 0.5000000000
4354  14.997  -90.763  -25.728 0.4000000060
4359  1.692  -91.562  -25.705 0.1000000015
4366  16.101  -91.422  -26.280 0.4000000060
4369  14.095  -91.859  -26.100 0.5000000000
4374  26.531  -91.493  -27.534 0.3000000119
4376  22.546  -91.321  -27.816 0.2000000030
4378  1.234  -92.907  -28.179 0.1000000015
4379  1.638  -92.635  -28.039 0.1000000015
4381  31.380  -91.849  -27.318 0.3000000119
4385  22.177  -91.079  -28.414 0.2000000030
4387  1.478  -92.598  -28.081 0.1000000015
4388  1.561  -92.565  -27.937 0.1000000015
4400  23.885  -91.222  -30.460 0.3000000119
4403  21.458  -91.834  -30.223 0.3000000119
4418  2.332  -91.822  -29.732 0.1000000015
4419  30.820  -91.651  -31.061 0.5000000000
4435  30.776  -91.717  -31.585 0.5000000000
4479  29.804  -92.161  -35.776 0.8000000119
4489  23.937  -91.796  -37.420 0.3000000119
4499  3.911  -91.135  -37.031 0.1000000015
4503  23.201  -91.598  -38.891 0.3000000119
4512  24.344  -91.852  -39.003 0.3000000119
4521  10.398  -91.150  -39.877 0.6999999881
4522  10.115  -91.168  -39.718 0.6999999881
4524  4.877  -91.276  -39.178 0.1000000015
4527  23.396  -91.244  -40.579 0.3000000119
4534  10.297  -91.139  -40.181 0.4000000060
4535  10.128  -91.234  -40.024 0.6999999881
4540  23.873  -91.255  -41.048 0.4000000060
4541  22.477  -91.273  -41.508 0.3000000119
4547  6.916  -91.144  -42.376 0.2000000030
4549  27.996  -90.757  -42.011 0.8999999762
4552  23.885  -91.137  -41.642 0.4000000060
4558  8.873  -91.274  -42.894 0.1000000015
4560  7.510  -91.614  -42.811 0.1000000015
4563  27.600  -90.899  -42.734 0.8999999762
4565  24.428  -91.248  -42.765 0.4000000060
4575  8.228  -91.932  -43.352 0.1000000015
4576  7.711  -92.123  -43.214 0.1000000015
4577  27.818  -90.087  -43.044 0.8999999762
4578  27.722  -90.278  -43.383 0.8999999762
4581  20.959  -91.806  -44.161 0.1000000015
4589  10.081  -91.941  -43.985 0.1000000015
4591  27.567  -90.330  -44.076 1.0000000000
4594  25.485  -90.615  -44.667 0.6000000238
4596  19.956  -91.245  -45.236 0.1000000015
4600  26.434  -90.272  -45.010 0.8999999762
4601  25.911  -90.359  -45.238 0.6000000238
4602  25.312  -90.319  -45.296 0.6999999881
4603  24.949  -90.233  -45.325 0.6000000238
4661  4.741  -90.038  4.501 0.2000000030
4697  6.045  -89.967  -1.092 0.3000000119
4715  12.330  -90.800  -4.276 0.2000000030
4726  12.544  -90.630  -4.774 0.2000000030
4730  6.184  -90.755  -4.199 0.4000000060
4742  6.591  -90.665  -5.028 0.6000000238
4743  6.321  -90.977  -4.647 0.6000000238
4746  14.003  -91.216  -6.730 0.4000000060
4749  11.822  -90.291  -6.373 0.3000000119
4750  11.227  -90.635  -6.066 0.2000000030
4762  3.289  -90.980  -7.669 0.8000000119
4763  2.799  -90.837  -8.065 0.8000000119
4771  7.761  -90.954  -8.574 0.6000000238
4772  5.295  -90.581  -8.526 0.8000000119
4793  8.733  -90.098  -10.932 0.6000000238
4795  4.765  -91.736  -9.961 0.8000000119
4804  15.494  -90.412  -11.317 0.4000000060
4805  12.607  -90.390  -11.918 0.5000000000
4808  1.889  -90.741  -11.549 0.6999999881
4809  1.832  -90.272  -11.755 0.6000000238
4820  15.402  -90.408  -11.739 0.4000000060
4822  12.448  -90.275  -12.778 0.5000000000
4823  8.651  -90.128  -12.137 0.6999999881
4825  5.328  -90.819  -12.631 1.0000000000
4826  4.957  -90.916  -13.362 1.0000000000
4828  1.803  -90.494  -12.364 0.6999999881
4839  12.160  -90.312  -13.957 0.5000000000
4840  8.612  -89.952  -12.999 0.8000000119
4852  14.339  -90.168  -14.364 0.5000000000
4853  13.882  -89.852  -14.928 0.5000000000
4854  12.532  -89.782  -14.339 0.5000000000
4857  4.959  -90.022  -14.064 0.8999999762
4858  4.662  -90.383  -14.685 1.0000000000
4866  14.038  -90.300  -15.135 0.5000000000
4870  6.997  -90.367  -15.489 0.8000000119
4874  1.932  -90.151  -15.439 0.6000000238
4884  13.282  -90.214  -16.121 0.5000000000
4885  12.914  -90.157  -16.203 0.5000000000
4886  12.317  -90.497  -16.171 0.6000000238
4887  6.299  -90.683  -16.490 0.8999999762
4888  5.820  -90.625  -16.643 1.0000000000
4889  5.048  -90.891  -16.656 1.0000000000
4890  2.238  -90.645  -16.346 0.6000000238
4891  2.020  -90.250  -16.062 0.6000000238
4911  25.559  -90.027  -17.938 0.1000000015
4916  1.986  -90.400  -18.720 0.2000000030
4937  1.814  -90.555  -21.181 0.1000000015
4939  31.618  -91.160  -23.262 0.1000000015
4940  31.192  -91.265  -23.292 0.4000000060
4945  19.650  -90.094  -23.573 0.2000000030
4953  34.020  -90.437  -23.534 0.1000000015
4957  30.621  -91.010  -23.359 0.3000000119
4963  17.012  -89.849  -23.527 0.2000000030
4965  15.621  -90.995  -23.991 0.3000000119
4971  35.084  -90.074  -24.746 0.1000000015
4973  28.496  -90.634  -24.315 0.2000000030
4976  18.823  -90.701  -24.996 0.2000000030
4979  14.712  -90.900  -24.943 0.4000000060
4986  35.079  -90.143  -25.388 0.1000000015
4989  32.795  -90.919  -25.672 0.2000000030
4990  28.249  -90.940  -24.631 0.2000000030
4992  24.362  -90.848  -25.688 0.1000000015
4993  24.055  -90.839  -26.344 0.2000000030
4994  18.246  -90.543  -25.463 0.3000000119
4998  14.938  -90.692  -25.251 0.4000000060
5005  35.140  -90.028  -25.857 0.1000000015
5013  16.510  -90.809  -26.278 0.4000000060
5015  15.297  -90.689  -25.965 0.4000000060
5023  30.641  -90.079  -27.634 0.2000000030
5033  25.936  -90.771  -28.679 0.2000000030
5035  23.191  -89.906  -28.299 0.2000000030
5036  22.474  -90.486  -28.666 0.2000000030
5042  2.512  -90.606  -28.614 0.1000000015
5045  29.893  -90.081  -29.802 0.4000000060
5047  24.400  -90.598  -30.174 0.3000000119
5049  21.876  -90.964  -29.148 0.2000000030
5066  30.709  -90.854  -30.126 0.5000000000
5069  23.432  -90.633  -30.427 0.3000000119
5083  30.788  -91.398  -30.983 0.5000000000
5089  30.021  -90.878  -32.099 0.5000000000
5090  29.288  -90.421  -32.232 0.5000000000
5107  27.491  -89.778  -33.957 0.5000000000
5123  29.650  -90.839  -33.579 0.5000000000
5126  27.142  -89.684  -34.584 0.5000000000
5140  27.259  -90.060  -35.383 0.5000000000
5147  29.028  -91.006  -37.877 0.8000000119
5152  9.619  -89.892  -37.849 0.8999999762
5155  28.958  -90.872  -38.730 0.8000000119
5156  28.595  -90.583  -38.591 0.8000000119
5158  10.971  -90.472  -38.117 0.6999999881
5159  10.220  -90.623  -38.322 0.6999999881
5160  9.614  -90.192  -38.378 0.6000000238
5162  28.804  -90.766  -39.433 0.8000000119
5170  28.660  -90.607  -40.002 0.8999999762
5172  23.114  -91.120  -41.059 0.3000000119
5174  10.692  -90.745  -40.248 0.6999999881
5176  8.939  -90.433  -40.762 0.6000000238
5178  5.765  -90.684  -40.298 0.2000000030
5179  28.517  -90.528  -40.697 0.8999999762
5180  23.438  -91.088  -41.316 0.3000000119
5182  22.373  -91.070  -41.958 0.3000000119
5187  6.630  -90.652  -41.582 0.3000000119
5189  24.076  -90.971  -42.585 0.4000000060
5193  10.362  -90.521  -42.100 0.4000000060
5197  27.836  -90.101  -42.617 0.8999999762
5202  12.346  -90.627  -43.814 0.2000000030
5206  27.843  -89.956  -43.348 1.0000000000
5216  26.821  -89.835  -45.046 1.0000000000
5219  19.775  -90.466  -45.425 0.1000000015
5221  16.381  -89.978  -45.843 0.3000000119
5222  16.056  -89.948  -45.708 0.3000000119
5225  25.720  -89.891  -45.793 0.8000000119
5230  17.457  -90.278  -46.450 0.3000000119
5252  6.622  -90.124  4.923 0.1000000015
5253  5.928  -89.888  4.886 0.2000000030
5267  4.568  -89.254  4.150 0.2000000030
5285  4.192  -89.313  3.489 0.2000000030
5286  4.061  -88.850  3.385 0.2000000030
5300  4.016  -88.654  2.974 0.2000000030
5310  4.559  -89.105  2.265 0.2000000030
5347  6.675  -89.191  -3.566 0.5000000000
5362  6.196  -90.374  -4.170 0.5000000000
5375  6.785  -90.117  -4.885 0.5000000000
5376  4.092  -89.392  -5.421 0.8000000119
5378  2.984  -89.411  -5.888 0.8000000119
5385  8.255  -89.397  -6.488 0.6000000238
5394  13.296  -89.715  -7.744 0.4000000060
5395  12.794  -89.754  -7.846 0.4000000060
5399  5.314  -89.712  -7.422 0.6999999881
5410  8.719  -89.562  -8.621 0.6000000238
5419  14.798  -89.677  -9.530 0.3000000119
5424  6.493  -89.360  -9.833 0.8000000119
5431  15.245  -89.791  -10.614 0.4000000060
5432  14.746  -89.405  -10.483 0.4000000060
5435  9.565  -88.728  -10.523 0.6000000238
5448  15.348  -89.976  -11.273 0.4000000060
5449  14.776  -89.434  -11.216 0.4000000060
5450  14.076  -89.030  -11.245 0.4000000060
5469  9.515  -88.707  -11.933 0.8000000119
5484  12.821  -89.535  -13.651 0.5000000000
5485  8.529  -89.274  -13.504 0.8000000119
5499  14.123  -89.644  -14.113 0.5000000000
5502  7.124  -89.351  -14.867 0.8000000119
5504  5.234  -89.588  -14.652 0.8999999762
5511  25.855  -89.246  -15.398 0.1000000015
5515  13.556  -89.670  -14.967 0.5000000000
5516  13.115  -89.485  -14.899 0.5000000000
5518  6.519  -89.837  -15.661 0.8999999762
5520  4.959  -90.019  -15.354 1.0000000000
5533  6.268  -90.292  -16.294 0.8999999762
5548  2.068  -90.342  -17.435 0.3000000119
5587  24.868  -89.493  -22.672 0.1000000015
5597  35.036  -88.989  -23.843 0.1000000015
5616  35.862  -88.846  -24.920 0.1000000015
5621  19.227  -90.062  -24.465 0.2000000030
5630  35.840  -88.939  -25.242 0.1000000015
5633  27.798  -89.791  -25.422 0.2000000030
5638  16.556  -89.672  -25.151 0.3000000119
5651  31.616  -89.481  -26.788 0.2000000030
5670  32.446  -89.062  -26.918 0.1000000015
5671  30.888  -89.534  -27.251 0.3000000119
5687  2.152  -89.885  -27.058 0.1000000015
5689  34.563  -88.972  -27.875 0.1000000015
5690  30.016  -89.306  -28.586 0.2000000030
5693  25.821  -90.342  -29.007 0.3000000119
5708  30.042  -89.858  -28.867 0.3000000119
5710  29.104  -89.272  -29.841 0.3000000119
5711  25.917  -89.777  -29.125 0.1000000015
5712  25.619  -89.963  -29.322 0.2000000030
5715  22.895  -89.845  -29.425 0.2000000030
5731  23.934  -90.090  -30.275 0.3000000119
5733  22.687  -90.176  -29.930 0.2000000030
5740  28.912  -89.781  -30.966 0.4000000060
5742  27.678  -88.669  -32.092 0.3000000119
5776  27.255  -89.154  -33.799 0.5000000000
5785  26.865  -89.137  -34.719 0.5000000000
5786  26.682  -88.989  -34.962 0.4000000060
5792  26.694  -89.053  -35.239 0.4000000060
5800  26.830  -89.129  -35.692 0.5000000000
5801  10.698  -89.339  -36.395 0.8999999762
5803  9.836  -89.520  -36.523 0.8999999762
5804  3.915  -89.374  -36.799 0.1000000015
5811  10.193  -90.025  -36.983 0.8999999762
5812  9.568  -89.552  -37.267 0.8999999762
5813  4.108  -89.845  -37.454 0.1000000015
5815  28.090  -90.226  -38.748 0.6999999881
5817  11.462  -89.745  -38.161 0.8000000119
5818  9.358  -89.434  -38.151 0.8999999762
5819  5.150  -89.539  -38.952 0.2000000030
5821  28.642  -90.534  -39.702 0.8000000119
5828  5.540  -89.788  -39.488 0.2000000030
5833  11.246  -89.679  -40.283 0.8000000119
5834  10.854  -90.035  -40.928 0.8000000119
5838  5.895  -90.097  -40.174 0.2000000030
5839  28.122  -90.070  -41.190 0.8999999762
5844  7.667  -90.138  -41.447 0.3000000119
5846  6.666  -90.153  -41.295 0.3000000119
5847  27.757  -89.793  -42.283 1.0000000000
5848  27.400  -89.067  -42.449 1.0000000000
5849  27.441  -88.613  -42.209 0.6999999881
5850  10.853  -89.666  -42.545 0.4000000060
5854  21.114  -90.314  -44.127 0.1000000015
5859  27.814  -89.758  -43.633 1.0000000000
5862  22.133  -89.432  -44.473 0.2000000030
5863  21.036  -89.732  -44.532 0.1000000015
5865  13.575  -89.241  -44.820 0.3000000119
5867  27.501  -89.332  -44.449 1.0000000000
5869  23.821  -89.335  -45.654 0.3000000119
5870  23.259  -89.347  -45.354 0.3000000119
5875  16.394  -89.621  -45.787 0.3000000119
5876  16.183  -89.725  -45.707 0.3000000119
5879  26.173  -89.315  -46.154 0.8000000119
5883  22.963  -89.000  -45.870 0.2000000030
5890  15.155  -89.743  -45.792 0.3000000119
5928  5.097  -88.691  4.185 0.2000000030
5929  4.760  -88.470  4.047 0.2000000030
5930  4.239  -88.602  3.657 0.2000000030
5943  4.298  -88.142  3.471 0.2000000030
5944  4.080  -88.521  3.331 0.2000000030
5958  3.998  -88.206  2.877 0.2000000030
5967  5.036  -88.027  1.465 0.2000000030
6023  5.974  -89.240  -2.374 0.4000000060
6033  6.440  -89.077  -3.111 0.5000000000
6050  7.631  -88.728  -4.137 0.5000000000
6052  3.602  -88.549  -4.486 0.8000000119
6053  3.088  -88.399  -4.336 0.8000000119
6065  9.056  -87.925  -5.789 0.6000000238
6067  7.899  -88.792  -4.787 0.5000000000
6068  5.250  -88.610  -5.988 0.6999999881
6069  4.602  -88.870  -5.437 0.6999999881
6094  5.805  -88.851  -7.188 0.6999999881
6100  9.747  -88.172  -8.882 0.6000000238
6108  7.321  -87.835  -9.550 0.6999999881
6114  14.565  -89.243  -10.899 0.4000000060
6115  14.350  -89.150  -10.824 0.4000000060
6116  9.877  -88.189  -10.890 0.6999999881
6130  14.178  -89.022  -11.020 0.4000000060
6131  9.714  -88.251  -11.527 0.6999999881
6134  2.752  -88.990  -11.283 0.6999999881
6136  1.857  -89.227  -12.164 0.5000000000
6147  9.615  -88.103  -11.953 0.8000000119
6151  2.284  -88.723  -12.206 0.6000000238
6152  1.961  -88.756  -12.434 0.4000000060
6163  6.947  -88.536  -13.233 0.8000000119
6171  26.881  -88.529  -14.711 0.1000000015
6176  1.603  -88.328  -14.296 0.4000000060
6184  26.417  -88.563  -14.957 0.1000000015
6185  26.032  -88.448  -15.341 0.1000000015
6249  25.118  -87.982  -21.327 0.1000000015
6259  25.449  -88.798  -21.096 0.1000000015
6271  24.855  -88.871  -22.357 0.1000000015
6283  34.485  -88.505  -23.681 0.1000000015
6294  18.004  -88.776  -22.883 0.1000000015
6303  28.116  -89.087  -24.408 0.1000000015
6316  24.322  -88.816  -25.129 0.2000000030
6327  32.095  -89.064  -26.808 0.2000000030
6341  31.213  -88.830  -27.297 0.2000000030
6342  30.676  -89.077  -27.547 0.3000000119
6343  26.956  -88.469  -27.245 0.1000000015
6356  31.355  -88.165  -28.002 0.2000000030
6358  29.894  -88.614  -28.838 0.2000000030
6360  25.488  -88.265  -29.196 0.2000000030
6372  28.862  -88.872  -29.992 0.2000000030
6373  25.955  -89.482  -29.180 0.2000000030
6376  24.062  -88.677  -29.157 0.2000000030
6402  1.818  -88.279  -30.920 0.1000000015
6409  28.141  -88.188  -31.504 0.2000000030
6423  1.791  -88.128  -31.312 0.1000000015
6444  2.553  -88.351  -33.822 0.1000000015
6452  27.159  -88.664  -34.554 0.3000000119
6453  26.827  -88.867  -34.811 0.4000000060
6454  21.069  -88.195  -34.843 0.5000000000
6455  20.362  -88.339  -34.765 0.5000000000
6458  17.823  -88.140  -35.246 0.6000000238
6466  26.838  -88.803  -35.083 0.4000000060
6467  22.382  -87.886  -35.190 0.4000000060
6470  20.011  -88.738  -35.537 0.5000000000
6474  10.369  -88.267  -35.297 0.8999999762
6475  9.473  -88.332  -35.505 1.0000000000
6483  27.768  -88.325  -36.249 0.2000000030
6485  26.887  -88.834  -35.529 0.4000000060
6490  18.618  -88.653  -36.640 0.5000000000
6491  17.643  -88.434  -36.720 0.8000000119
6492  17.001  -88.263  -37.023 0.8000000119
6496  8.823  -88.116  -35.967 1.0000000000
6511  16.515  -88.103  -37.605 0.8000000119
6525  17.578  -88.596  -38.551 0.8000000119
6528  15.291  -87.423  -38.818 0.8000000119
6531  5.885  -88.572  -38.753 0.2000000030
6532  5.255  -89.095  -38.622 0.1000000015
6541  15.312  -87.637  -39.330 0.8000000119
6543  8.877  -88.486  -39.708 0.5000000000
6546  6.325  -88.711  -39.332 0.2000000030
6549  21.011  -87.991  -40.136 0.6999999881
6550  20.452  -87.999  -40.483 0.8000000119
6560  6.714  -89.007  -39.954 0.3000000119
6563  19.883  -87.939  -41.198 0.8000000119
6569  11.123  -88.627  -40.727 0.8999999762
6572  27.365  -88.348  -42.532 0.8999999762
6573  18.777  -87.789  -42.468 0.8000000119
6578  11.181  -87.753  -42.852 0.8000000119
6580  27.316  -88.903  -43.057 0.8999999762
6582  26.748  -87.997  -43.490 0.8999999762
6584  17.442  -88.008  -43.259 0.8999999762
6585  16.348  -88.140  -43.338 0.8999999762
6586  15.648  -88.020  -43.291 0.8000000119
6589  11.434  -88.221  -43.239 0.5000000000
6590  10.941  -89.045  -42.990 0.4000000060
6592  26.998  -88.575  -43.871 0.8999999762
6594  25.826  -88.037  -44.405 0.8000000119
6596  27.400  -88.974  -44.131 0.8999999762
6598  26.029  -88.330  -44.870 0.8999999762
6600  22.643  -88.820  -45.857 0.2000000030
6602  21.339  -88.652  -45.492 0.2000000030
6606  26.488  -88.604  -46.231 1.0000000000
6620  26.240  -88.077  -46.798 1.0000000000
6621  25.722  -87.917  -47.147 1.0000000000
6722  4.644  -87.890  3.785 0.2000000030
6737  5.611  -87.050  3.638 0.2000000030
6738  4.759  -87.378  3.321 0.2000000030
6755  4.725  -87.385  2.451 0.2000000030
6768  4.918  -87.617  1.846 0.2000000030
6780  6.050  -87.225  0.513 0.3000000119
6787  6.516  -87.176  -0.210 0.3000000119
6816  7.504  -87.707  -2.304 0.3000000119
6817  2.936  -86.562  -3.017 0.8000000119
6818  2.691  -86.630  -3.059 0.6999999881
6831  2.374  -86.960  -3.429 0.6999999881
6832  2.092  -86.949  -3.403 0.8000000119
6847  8.606  -87.624  -4.489 0.6000000238
6848  8.091  -88.016  -4.059 0.6000000238
6853  2.021  -87.177  -3.762 0.8000000119
6867  10.337  -86.287  -7.250 0.6000000238
6869  6.439  -87.442  -7.020 0.6999999881
6883  10.295  -87.122  -7.561 0.6999999881
6885  6.163  -88.124  -7.202 0.6999999881
6894  10.466  -86.735  -8.447 0.6999999881
6906  7.583  -87.256  -9.459 0.6999999881
6908  4.093  -87.556  -10.346 0.5000000000
6909  3.745  -88.086  -10.051 0.6999999881
6916  10.360  -86.997  -9.891 0.6999999881
6920  3.669  -88.363  -10.813 0.5000000000
6934  8.407  -87.101  -11.272 0.6999999881
6935  4.111  -87.727  -11.437 0.5000000000
6936  3.077  -88.532  -11.654 0.6000000238
6949  9.466  -87.866  -12.141 0.6999999881
6951  8.312  -87.465  -12.103 0.8000000119
6965  8.595  -87.973  -13.116 0.8000000119
6969  2.907  -87.373  -13.135 0.4000000060
6976  27.555  -87.935  -14.930 0.1000000015
6981  1.185  -86.742  -15.293 0.1000000015
6991  26.776  -87.700  -15.123 0.1000000015
7070  25.036  -87.423  -21.118 0.1000000015
7104  34.982  -88.025  -24.007 0.1000000015
7105  34.748  -87.932  -23.956 0.1000000015
7106  33.907  -87.662  -23.807 0.1000000015
7121  36.131  -87.709  -25.067 0.1000000015
7124  33.937  -87.155  -24.114 0.1000000015
7138  26.983  -87.806  -26.976 0.1000000015
7150  25.360  -86.985  -28.060 0.1000000015
7152  24.114  -87.219  -27.081 0.1000000015
7162  31.439  -87.762  -28.885 0.1000000015
7164  30.177  -88.242  -28.679 0.2000000030
7165  26.025  -87.889  -28.841 0.2000000030
7176  32.340  -87.758  -29.969 0.1000000015
7214  28.356  -87.462  -32.000 0.2000000030
7215  27.939  -87.600  -32.621 0.2000000030
7226  29.172  -87.361  -32.697 0.1000000015
7228  27.923  -87.583  -33.141 0.3000000119
7240  27.678  -87.830  -33.671 0.3000000119
7241  19.281  -87.108  -33.897 0.5000000000
7242  18.380  -87.161  -33.803 0.5000000000
7244  2.851  -87.673  -33.994 0.1000000015
7252  28.609  -87.711  -34.438 0.1000000015
7253  27.918  -87.845  -34.338 0.4000000060
7254  27.514  -88.168  -34.212 0.4000000060
7255  21.364  -87.779  -34.771 0.5000000000
7261  10.061  -86.990  -34.504 0.8000000119
7262  9.712  -86.933  -34.569 0.8999999762
7274  21.210  -87.304  -34.686 0.3000000119
7278  11.232  -87.251  -35.313 0.8000000119
7279  10.625  -87.382  -34.859 0.8999999762
7281  8.904  -87.615  -35.520 1.0000000000
7291  24.562  -86.830  -36.246 0.2000000030
7292  24.278  -87.114  -36.058 0.2000000030
7299  8.768  -87.666  -36.341 1.0000000000
7300  4.952  -87.576  -36.759 0.1000000015
7301  4.458  -87.912  -36.306 0.1000000015
7308  24.589  -86.956  -36.591 0.3000000119
7309  24.122  -87.415  -36.864 0.3000000119
7311  15.920  -87.631  -37.433 0.8000000119
7316  6.034  -87.011  -38.137 0.4000000060
7323  29.607  -87.233  -38.739 0.4000000060
7326  23.727  -87.527  -37.884 0.3000000119
7329  15.557  -87.446  -37.899 0.8999999762
7331  14.541  -86.572  -38.500 0.8999999762
7340  31.205  -87.103  -39.585 0.1000000015
7342  28.899  -87.130  -40.052 0.3000000119
7344  23.334  -87.490  -38.811 0.4000000060
7347  14.783  -87.093  -39.199 0.8000000119
7350  11.571  -87.885  -39.548 0.8999999762
7357  32.131  -87.211  -40.130 0.1000000015
7363  20.659  -87.716  -40.949 0.8000000119
7366  13.351  -86.535  -40.023 0.8999999762
7367  11.327  -87.972  -40.342 0.8999999762
7368  8.018  -87.610  -40.130 0.6000000238
7370  29.349  -86.743  -42.151 0.3000000119
7371  28.787  -87.010  -42.229 0.3000000119
7372  28.119  -87.709  -41.745 0.5000000000
7374  20.484  -87.554  -41.572 0.8000000119
7381  10.935  -88.049  -41.850 0.8000000119
7384  21.251  -86.620  -41.942 0.6999999881
7386  19.926  -87.381  -42.516 0.8000000119
7387  19.305  -87.616  -42.442 0.8000000119
7392  11.424  -87.393  -42.359 0.6999999881
7393  11.024  -87.785  -42.032 0.8000000119
7396  25.469  -87.206  -43.590 0.8000000119
7404  14.706  -87.185  -43.720 0.6000000238
7406  12.125  -87.228  -43.070 0.6999999881
7408  25.815  -87.778  -43.921 0.8000000119
7409  25.275  -87.604  -44.361 0.8000000119
7410  24.712  -87.072  -44.150 0.8000000119
7411  14.254  -86.956  -44.212 0.6000000238
7413  26.645  -88.557  -45.458 1.0000000000
7415  25.568  -87.655  -45.428 0.8999999762
7416  14.693  -87.849  -45.412 0.5000000000
7417  14.228  -87.480  -45.240 0.6000000238
7418  26.539  -88.406  -45.844 1.0000000000
7419  26.232  -87.884  -46.230 0.8999999762
7422  22.724  -87.564  -46.411 0.8999999762
7425  19.406  -87.801  -45.813 0.5000000000
7430  15.290  -87.899  -45.342 0.5000000000
7432  25.408  -87.046  -47.132 0.8999999762
7433  24.652  -87.041  -47.272 1.0000000000
7434  23.779  -87.287  -46.921 0.6999999881
7595  6.294  -86.364  3.282 0.1000000015
7612  5.788  -86.304  2.391 0.2000000030
7621  5.864  -86.497  1.586 0.2000000030
7631  6.289  -86.399  0.588 0.3000000119
7640  6.674  -86.294  -0.308 0.3000000119
7647  6.840  -86.804  -0.656 0.3000000119
7650  1.790  -85.960  -2.287 0.8000000119
7665  3.779  -86.080  -2.377 0.6999999881
7685  3.222  -86.544  -3.006 0.8000000119
7686  2.145  -86.817  -3.200 0.8000000119
7698  8.953  -86.637  -4.485 0.6000000238
7707  5.659  -86.766  -5.314 0.6999999881
7715  10.139  -85.757  -7.241 0.6999999881
7717  7.410  -86.325  -7.217 0.6999999881
7720  1.604  -86.240  -5.929 0.8999999762
7731  10.365  -85.901  -7.792 0.6999999881
7735  1.740  -86.299  -6.658 0.8999999762
7743  10.424  -86.106  -8.408 0.6999999881
7744  10.264  -86.012  -8.892 0.6999999881
7747  7.411  -86.944  -8.495 0.6999999881
7755  10.353  -86.396  -9.009 0.6999999881
7756  10.068  -86.125  -9.405 0.6999999881
7760  3.865  -87.092  -9.676 0.6999999881
7766  10.258  -86.589  -9.592 0.6999999881
7769  8.534  -86.807  -10.780 0.6999999881
7771  4.183  -86.532  -10.158 0.6000000238
7783  8.823  -86.777  -11.146 0.6999999881
7784  8.596  -86.866  -11.097 0.6999999881
7785  5.056  -86.093  -12.123 0.5000000000
7802  4.884  -86.647  -12.560 0.5000000000
7812  5.101  -85.869  -13.194 0.4000000060
7813  4.573  -86.337  -13.482 0.4000000060
7825  3.857  -86.053  -14.208 0.4000000060
7827  1.824  -86.322  -14.588 0.2000000030
7841  0.982  -86.177  -15.633 0.1000000015
7949  28.534  -87.262  -24.260 0.1000000015
7950  23.879  -87.115  -23.366 0.1000000015
7973  35.212  -86.142  -25.319 0.1000000015
7990  26.476  -86.266  -26.999 0.1000000015
7993  23.661  -86.012  -26.205 0.1000000015
8053  1.877  -86.595  -30.865 0.1000000015
8058  28.761  -87.332  -32.043 0.1000000015
8059  28.659  -87.362  -32.301 0.2000000030
8068  28.907  -87.304  -32.248 0.1000000015
8069  28.803  -87.353  -32.506 0.2000000030
8079  19.442  -86.461  -33.894 0.5000000000
8081  18.002  -86.494  -33.530 0.5000000000
8083  3.240  -86.829  -34.177 0.1000000015
8092  17.507  -86.801  -33.932 0.5000000000
8095  11.175  -86.191  -35.034 0.8000000119
8098  9.224  -85.762  -34.438 0.8999999762
8099  4.160  -86.829  -35.354 0.1000000015
8100  3.709  -86.799  -34.836 0.1000000015
8103  24.218  -86.530  -35.674 0.2000000030
8104  23.414  -86.350  -35.403 0.2000000030
8108  16.369  -86.642  -34.914 0.6999999881
8109  15.509  -86.201  -35.394 0.8000000119
8112  11.112  -86.795  -34.992 0.8000000119
8113  9.490  -86.827  -34.645 0.8999999762
8115  4.894  -86.722  -36.286 0.2000000030
8119  24.867  -86.493  -36.355 0.2000000030
8120  24.532  -86.688  -36.020 0.2000000030
8121  21.794  -85.868  -35.991 0.1000000015
8122  21.160  -86.041  -36.013 0.2000000030
8123  20.625  -86.119  -35.490 0.2000000030
8124  15.151  -86.609  -36.682 0.8999999762
8131  25.678  -86.173  -37.347 0.3000000119
8132  25.052  -86.659  -37.077 0.3000000119
8135  20.439  -85.915  -36.079 0.1000000015
8138  13.234  -85.759  -37.730 0.8999999762
8146  29.727  -86.996  -39.358 0.2000000030
8147  25.910  -86.049  -37.738 0.3000000119
8150  13.954  -86.173  -38.645 0.8999999762
8152  12.880  -86.113  -38.352 0.8999999762
8154  9.248  -86.663  -39.039 0.8000000119
8155  6.315  -86.531  -38.390 0.4000000060
8158  31.373  -86.988  -40.059 0.1000000015
8161  29.467  -86.842  -40.495 0.3000000119
8165  13.780  -86.243  -39.001 0.8999999762
8166  13.383  -86.245  -38.988 0.8999999762
8169  9.038  -86.377  -39.485 0.8000000119
8170  8.607  -86.596  -39.728 0.8000000119
8171  7.460  -86.620  -39.563 0.4000000060
8178  29.224  -86.932  -40.869 0.3000000119
8179  23.743  -86.509  -39.732 0.5000000000
8182  12.937  -86.401  -39.630 0.8999999762
8192  29.410  -86.604  -42.531 0.3000000119
8197  11.760  -87.093  -40.948 0.8999999762
8198  32.344  -86.309  -42.104 0.1000000015
8201  29.884  -86.248  -42.931 0.3000000119
8202  29.099  -86.518  -43.032 0.3000000119
8203  28.469  -86.658  -43.178 0.5000000000
8204  25.744  -85.811  -42.946 0.6999999881
8208  20.889  -86.012  -42.871 0.8000000119
8210  30.453  -85.766  -43.274 0.3000000119
8212  28.804  -86.022  -43.542 0.5000000000
8214  27.026  -86.267  -43.470 0.6999999881
8217  20.347  -86.100  -43.379 0.8000000119
8222  15.294  -86.976  -44.294 0.6999999881
8226  17.563  -86.821  -44.814 0.8999999762
8227  16.900  -87.002  -44.751 0.6999999881
8229  14.656  -86.822  -44.750 0.6000000238
8230  14.209  -86.974  -45.035 0.6000000238
8231  24.996  -86.495  -45.655 0.8999999762
8232  24.631  -86.505  -45.083 0.8000000119
8233  16.395  -87.464  -45.089 0.6999999881
8235  15.006  -87.233  -45.249 0.6000000238
8237  24.965  -86.281  -46.475 0.8999999762
8238  24.474  -86.062  -46.382 0.8999999762
8244  18.080  -87.432  -45.591 0.6999999881
8245  17.336  -87.523  -45.572 0.6999999881
8247  15.953  -87.764  -45.127 0.6000000238
8248  15.431  -87.528  -45.171 0.6000000238
8250  24.330  -86.347  -46.820 0.8999999762
8252  22.935  -86.903  -46.375 0.8999999762
8455  10.862  -85.303  2.933 0.1000000015
8461  5.891  -86.181  2.703 0.2000000030
8476  6.563  -85.488  2.362 0.1000000015
8477  6.057  -85.921  2.511 0.2000000030
8484  6.449  -85.616  1.503 0.2000000030
8492  6.965  -85.116  0.561 0.2000000030
8493  6.602  -85.661  0.653 0.3000000119
8494  3.276  -84.892  -0.193 0.5000000000
8495  2.959  -84.710  -0.115 0.5000000000
8496  2.687  -84.376  -0.140 0.5000000000
8504  3.924  -85.024  -0.554 0.6000000238
8507  2.434  -84.737  -0.536 0.5000000000
8514  7.499  -85.170  -1.373 0.5000000000
8515  3.911  -85.192  -0.935 0.6000000238
8516  3.329  -85.641  -1.352 0.6999999881
8537  9.279  -85.210  -4.513 0.6000000238
8551  9.250  -86.082  -4.606 0.6000000238
8552  6.098  -84.774  -4.553 0.6000000238
8554  4.485  -86.201  -3.397 0.6999999881
8564  1.590  -85.648  -5.640 1.0000000000
8573  9.594  -85.299  -6.998 0.6999999881
8575  7.744  -85.628  -6.800 0.6999999881
8590  10.161  -85.672  -8.015 0.6999999881
8591  9.752  -85.567  -7.928 0.6999999881
8594  2.191  -85.917  -7.330 0.8999999762
8602  10.310  -85.819  -8.195 0.6999999881
8603  10.084  -85.733  -8.536 0.6999999881
8605  8.729  -85.861  -8.337 0.6999999881
8616  9.792  -85.845  -9.041 0.6999999881
8638  4.962  -85.750  -12.012 0.4000000060
8656  4.947  -85.484  -12.620 0.4000000060
8668  4.577  -85.752  -13.927 0.4000000060
8678  4.728  -85.086  -14.060 0.3000000119
8682  1.762  -85.743  -15.045 0.2000000030
8694  3.995  -84.694  -14.843 0.2000000030
8695  3.569  -84.863  -15.059 0.1000000015
8697  1.682  -85.159  -15.549 0.2000000030
8698  1.177  -85.587  -15.619 0.2000000030
8752  1.097  -85.570  -18.271 0.1000000015
8802  29.046  -86.465  -24.241 0.1000000015
8816  34.818  -85.930  -25.353 0.1000000015
8817  34.063  -85.870  -25.228 0.1000000015
8821  29.857  -85.546  -24.331 0.1000000015
8863  23.938  -85.526  -26.401 0.1000000015
8872  24.979  -85.685  -27.126 0.1000000015
8873  24.503  -85.731  -26.943 0.1000000015
8893  2.183  -85.121  -30.415 0.1000000015
8904  2.066  -85.599  -30.313 0.1000000015
8920  16.158  -84.989  -32.662 0.5000000000
8935  17.603  -85.779  -33.097 0.5000000000
8938  15.028  -84.820  -33.762 0.6999999881
8940  9.802  -84.979  -33.847 1.0000000000
8949  19.650  -85.966  -34.093 0.5000000000
8950  19.209  -85.487  -33.858 0.5000000000
8952  15.793  -85.781  -34.237 0.6000000238
8957  9.096  -85.201  -34.157 1.0000000000
8962  24.491  -86.113  -35.799 0.2000000030
8963  24.155  -85.893  -35.639 0.2000000030
8964  23.564  -85.589  -35.611 0.1000000015
8969  15.282  -85.641  -34.741 0.6999999881
8970  14.686  -85.306  -35.107 0.6999999881
8971  14.034  -84.865  -35.607 0.8999999762
8974  4.922  -86.272  -36.186 0.2000000030
8975  4.694  -86.103  -35.671 0.2000000030
8978  25.650  -85.563  -36.632 0.2000000030
8979  24.970  -85.697  -36.071 0.2000000030
8988  13.599  -84.911  -36.296 0.8000000119
8997  26.863  -84.873  -37.836 0.2000000030
8999  22.541  -84.921  -36.811 0.1000000015
9006  13.456  -85.397  -37.063 0.8999999762
9008  12.474  -85.911  -37.058 0.8999999762
9010  6.087  -85.998  -38.143 0.4000000060
9011  5.706  -85.518  -37.711 0.4000000060
9014  27.387  -84.525  -39.520 0.1000000015
9017  25.339  -86.213  -38.564 0.3000000119
9023  16.363  -84.797  -38.873 0.1000000015
9027  6.011  -85.246  -38.147 0.4000000060
9030  27.452  -84.608  -39.901 0.2000000030
9033  25.032  -85.994  -39.205 0.3000000119
9040  8.768  -85.637  -39.778 0.8999999762
9045  26.796  -85.032  -40.458 0.2000000030
9049  23.536  -86.257  -40.242 0.3000000119
9051  17.657  -85.521  -39.925 0.1000000015
9053  8.198  -85.741  -39.943 0.8000000119
9054  7.867  -85.799  -39.838 0.8000000119
9058  24.852  -85.310  -41.614 0.6000000238
9062  31.874  -85.684  -43.279 0.2000000030
9068  22.094  -85.236  -42.512 0.6999999881
9069  21.413  -85.514  -42.838 0.6999999881
9070  31.028  -85.369  -43.435 0.2000000030
9072  29.148  -85.213  -43.832 0.4000000060
9076  26.105  -85.515  -43.038 0.5000000000
9079  21.668  -85.077  -43.106 0.6999999881
9082  19.269  -86.272  -44.016 0.6999999881
9083  18.639  -86.631  -44.515 0.6999999881
9085  28.690  -85.008  -43.894 0.4000000060
9087  24.166  -85.991  -43.990 0.8000000119
9089  19.261  -86.415  -44.557 0.6999999881
9091  17.325  -86.849  -44.891 0.8000000119
9093  24.684  -86.124  -45.641 0.8999999762
9095  23.194  -85.740  -45.233 0.8000000119
9097  21.760  -85.977  -45.079 0.8999999762
9099  19.914  -86.205  -45.104 0.6999999881
9100  19.133  -86.537  -44.908 0.6999999881
9102  16.915  -87.031  -45.006 0.6999999881
9103  16.354  -87.276  -44.853 0.6999999881
9105  24.250  -85.879  -45.808 0.8999999762
9106  23.487  -85.955  -45.673 0.8000000119
9107  22.442  -86.239  -45.541 0.8000000119
9113  17.168  -87.350  -45.385 0.6999999881
9115  23.901  -86.085  -46.414 0.8999999762
9317  10.926  -84.907  2.873 0.1000000015
9336  6.792  -85.108  1.783 0.1000000015
9337  4.088  -83.391  1.295 0.4000000060
9338  3.869  -83.345  1.183 0.5000000000
9348  6.800  -85.177  1.396 0.2000000030
9349  4.308  -83.570  0.932 0.4000000060
9350  4.035  -83.603  1.033 0.4000000060
9352  2.768  -83.563  0.357 0.5000000000
9376  3.785  -84.761  -0.185 0.5000000000
9388  7.729  -84.478  -1.027 0.4000000060
9389  4.313  -84.810  -1.369 0.6000000238
9412  6.006  -83.868  -3.768 0.6000000238
9414  4.854  -84.932  -2.911 0.6999999881
9426  9.324  -84.828  -4.869 0.6999999881
9427  8.886  -84.315  -4.602 0.6999999881
9428  6.274  -84.092  -4.374 0.6000000238
9451  8.630  -84.926  -6.361 0.6999999881
9486  3.133  -85.030  -10.519 0.5000000000
9489  0.685  -83.639  -10.859 0.4000000060
9498  0.808  -83.936  -11.602 0.4000000060
9513  4.531  -84.747  -12.901 0.3000000119
9517  1.224  -84.130  -12.031 0.3000000119
9529  4.731  -84.881  -13.439 0.3000000119
9541  4.788  -85.000  -13.822 0.3000000119
9542  4.550  -84.621  -14.086 0.2000000030
9556  3.764  -84.254  -15.178 0.1000000015
9558  2.274  -84.503  -15.697 0.1000000015
9584  1.918  -83.863  -17.841 0.1000000015
9689  37.099  -85.272  -26.157 0.1000000015
9745  1.534  -84.414  -29.830 0.1000000015
9756  1.137  -83.875  -30.082 0.1000000015
9772  17.511  -84.307  -32.442 0.4000000060
9774  15.535  -84.368  -32.381 0.5000000000
9776  3.120  -84.875  -33.013 0.1000000015
9786  15.386  -84.688  -32.894 0.5000000000
9790  10.793  -84.617  -33.829 0.8000000119
9791  9.968  -84.504  -33.616 0.8000000119
9793  3.352  -84.981  -33.406 0.1000000015
9800  18.777  -84.814  -33.858 0.5000000000
9807  9.398  -84.838  -33.859 1.0000000000
9813  18.674  -84.808  -34.658 0.4000000060
9818  12.465  -84.501  -35.522 0.8000000119
9819  11.952  -84.956  -35.767 0.8000000119
9827  24.877  -84.577  -36.356 0.2000000030
9828  23.854  -84.429  -36.588 0.1000000015
9829  23.069  -84.499  -36.912 0.1000000015
9832  12.899  -84.636  -36.093 0.8000000119
9834  12.114  -85.132  -36.141 0.8000000119
9847  21.828  -84.872  -38.296 0.1000000015
9855  27.173  -83.980  -38.530 0.1000000015
9858  21.308  -84.773  -39.016 0.1000000015
9859  20.803  -85.142  -38.942 0.1000000015
9862  15.276  -83.932  -38.835 0.1000000015
9864  6.995  -84.479  -39.160 0.8000000119
9871  21.790  -83.865  -39.655 0.1000000015
9875  18.912  -85.574  -39.935 0.1000000015
9881  7.370  -84.466  -39.524 0.8000000119
9885  32.464  -84.233  -41.288 0.1000000015
9886  28.382  -83.570  -41.529 0.2000000030
9889  26.403  -84.995  -40.874 0.3000000119
9892  19.537  -84.536  -40.877 0.1000000015
9899  8.322  -84.816  -40.093 0.8000000119
9904  28.483  -83.746  -42.200 0.1000000015
9906  27.405  -84.492  -41.730 0.2000000030
9914  32.735  -85.648  -42.344 0.1000000015
9916  31.572  -84.453  -43.140 0.1000000015
9918  28.240  -84.007  -42.681 0.1000000015
9922  22.808  -84.681  -42.720 0.6999999881
9926  29.427  -84.475  -43.857 0.3000000119
9927  28.717  -84.298  -43.831 0.3000000119
9929  27.505  -84.490  -43.388 0.3000000119
9933  21.752  -85.018  -43.700 0.6999999881
9934  20.895  -85.633  -44.052 0.8000000119
9935  20.245  -85.873  -44.343 0.8999999762
9936  29.033  -84.577  -44.138 0.3000000119
9937  28.680  -84.614  -44.015 0.4000000060
9938  28.459  -84.501  -43.970 0.4000000060
9939  23.780  -85.442  -44.205 0.8000000119
9944  19.935  -86.037  -44.618 0.6999999881
9945  19.582  -86.275  -44.721 0.6999999881
9946  23.730  -85.578  -44.959 0.8000000119
9947  23.173  -85.500  -44.976 0.8000000119
9948  22.148  -85.571  -44.689 0.8999999762
9950  20.281  -85.952  -44.848 0.8999999762
9952  19.526  -86.285  -45.165 0.6999999881
9954  23.528  -85.757  -45.246 0.8000000119
10173  11.189  -83.515  2.430 0.1000000015
10176  4.497  -83.191  1.702 0.4000000060
10177  4.127  -83.306  1.589 0.4000000060
10178  3.507  -82.938  1.295 0.5000000000
10179  2.927  -82.625  0.975 0.5000000000
10187  11.595  -83.049  1.863 0.1000000015
10188  8.645  -83.692  1.311 0.2000000030
10189  5.226  -82.843  0.974 0.4000000060
10190  4.684  -83.195  1.187 0.4000000060
10204  5.272  -82.857  0.520 0.4000000060
10232  1.171  -82.864  -1.279 0.6999999881
10233  0.906  -82.395  -1.676 0.6999999881
10243  7.421  -82.888  -2.532 0.5000000000
10244  6.017  -83.153  -2.569 0.5000000000
10245  5.364  -83.600  -2.266 0.6999999881
10246  4.791  -84.179  -1.848 0.6000000238
10248  0.900  -82.603  -2.108 0.6999999881
10286  7.776  -83.724  -4.888 0.6000000238
10332  0.816  -83.203  -9.826 0.4000000060
10344  0.838  -83.591  -10.032 0.4000000060
10358  0.697  -83.496  -11.942 0.3000000119
10378  2.521  -83.682  -13.267 0.2000000030
10379  1.970  -83.750  -12.978 0.2000000030
10381  0.656  -83.227  -12.086 0.3000000119
10404  3.860  -83.616  -13.986 0.2000000030
10406  2.075  -83.339  -13.544 0.2000000030
10436  3.939  -83.732  -15.066 0.1000000015
10446  1.912  -83.790  -17.128 0.1000000015
10456  2.251  -83.644  -17.619 0.1000000015
10477  2.294  -83.639  -18.034 0.1000000015
10553  31.521  -83.533  -25.073 0.1000000015
10628  0.947  -83.422  -31.014 0.1000000015
10635  13.853  -82.691  -31.690 0.4000000060
10653  18.300  -83.991  -32.942 0.4000000060
10657  14.888  -83.587  -31.902 0.5000000000
10660  12.270  -83.459  -33.061 0.6000000238
10673  18.436  -84.286  -33.268 0.4000000060
10679  11.771  -83.867  -33.459 0.6000000238
10681  9.686  -83.607  -33.566 0.8000000119
10682  8.993  -83.801  -33.816 0.6999999881
10683  3.476  -84.276  -33.597 0.1000000015
10693  18.470  -84.130  -33.764 0.3000000119
10694  18.037  -83.716  -34.150 0.3000000119
10697  12.275  -83.984  -34.086 0.8000000119
10700  8.583  -83.420  -34.324 0.6999999881
10707  17.412  -83.770  -34.880 0.3000000119
10717  16.060  -83.473  -36.460 0.1000000015
10720  8.718  -82.851  -36.134 0.8000000119
10730  23.955  -83.534  -38.261 0.1000000015
10731  23.375  -83.678  -38.351 0.1000000015
10732  15.617  -83.381  -37.329 0.1000000015
10734  14.447  -82.504  -37.402 0.1000000015
10742  26.997  -83.197  -39.405 0.1000000015
10746  23.226  -83.402  -39.056 0.1000000015
10748  15.758  -83.753  -37.911 0.1000000015
10750  14.299  -82.733  -38.021 0.1000000015
10758  27.223  -82.965  -39.881 0.1000000015
10759  26.757  -82.914  -39.512 0.1000000015
10760  23.601  -82.330  -39.709 0.1000000015
10762  22.179  -83.284  -39.784 0.1000000015
10763  21.387  -83.670  -39.980 0.1000000015
10765  14.913  -83.761  -38.993 0.1000000015
10768  9.370  -83.723  -39.376 0.8000000119
10769  8.347  -83.237  -39.983 0.8999999762
10779  21.406  -83.153  -40.248 0.1000000015
10780  20.671  -83.655  -40.541 0.1000000015
10785  9.122  -83.950  -39.921 0.8000000119
10787  7.980  -84.160  -40.079 0.8999999762
10788  32.145  -84.032  -41.667 0.1000000015
10801  28.752  -83.508  -42.840 0.1000000015
10803  27.618  -84.363  -43.327 0.3000000119
10806  28.406  -84.008  -43.376 0.3000000119
10807  27.815  -84.378  -43.394 0.3000000119
10808  27.633  -84.439  -43.472 0.3000000119
11024  10.085  -82.860  2.990 0.1000000015
11029  3.557  -81.984  2.341 0.4000000060
11038  10.282  -82.411  2.713 0.1000000015
11043  5.555  -82.345  2.015 0.2000000030
11046  3.075  -82.186  1.769 0.4000000060
11053  11.500  -82.388  1.779 0.1000000015
11055  8.291  -82.301  1.339 0.2000000030
11071  1.577  -82.596  -0.070 0.6000000238
11085  6.028  -82.508  -0.789 0.5000000000
11086  1.310  -82.359  -0.529 0.6999999881
11098  7.869  -82.668  -1.195 0.4000000060
11100  6.536  -82.464  -1.396 0.4000000060
11103  0.896  -82.061  -1.393 0.6999999881
11113  7.582  -82.672  -1.703 0.4000000060
11114  7.153  -82.656  -2.086 0.5000000000
11127  6.745  -82.881  -2.655 0.6000000238
11139  0.910  -82.231  -3.503 0.8000000119
11195  1.373  -82.930  -8.842 0.6999999881
11212  0.976  -82.940  -9.403 0.6000000238
11213  0.737  -82.489  -9.774 0.4000000060
11237  0.567  -82.333  -11.459 0.2000000030
11271  2.659  -82.878  -14.326 0.1000000015
11272  2.151  -82.910  -14.102 0.1000000015
11273  1.347  -82.662  -13.572 0.1000000015
11274  0.955  -82.363  -13.001 0.1000000015
11296  3.674  -83.257  -14.916 0.1000000015
11314  3.271  -82.548  -15.682 0.1000000015
11315  2.838  -82.096  -15.164 0.1000000015
11459  4.427  -81.620  -26.106 0.8999999762
11460  4.237  -81.853  -26.034 0.8999999762
11478  4.313  -81.775  -26.391 0.8999999762
11479  3.943  -82.073  -26.465 0.8999999762
11480  3.505  -82.159  -26.779 0.8999999762
11494  4.276  -81.763  -26.911 0.8999999762
11496  3.329  -82.164  -27.371 1.0000000000
11504  4.218  -81.761  -27.605 0.8999999762
11505  3.825  -82.045  -27.968 1.0000000000
11519  15.355  -81.715  -30.538 0.3000000119
11520  15.067  -81.618  -30.481 0.4000000060
11522  -0.934  -82.009  -30.070 0.3000000119
11535  16.285  -81.861  -31.419 0.4000000060
11536  15.815  -82.044  -30.830 0.3000000119
11537  14.774  -82.070  -30.712 0.4000000060
11539  13.178  -81.875  -31.702 0.4000000060
11540  0.695  -82.529  -31.934 0.2000000030
11558  16.464  -82.080  -32.128 0.2000000030
11559  13.571  -82.611  -31.827 0.4000000060
11563  0.512  -82.191  -32.085 0.3000000119
11576  9.571  -82.693  -33.706 0.5000000000
11577  2.440  -82.567  -33.662 0.3000000119
11584  15.538  -82.434  -34.536 0.1000000015
11585  8.936  -82.560  -34.034 0.5000000000
11593  15.833  -82.908  -35.068 0.1000000015
11596  8.432  -82.224  -35.509 0.6999999881
11605  14.345  -82.031  -36.622 0.1000000015
11606  9.150  -82.420  -36.695 0.6999999881
11610  2.995  -81.134  -36.134 0.6000000238
11616  14.530  -82.353  -37.022 0.1000000015
11628  26.173  -82.603  -39.362 0.1000000015
11633  13.795  -82.193  -37.987 0.1000000015
11634  13.393  -81.876  -38.350 0.1000000015
11637  5.513  -82.247  -38.171 0.6000000238
11638  4.979  -81.670  -37.826 0.8999999762
11645  26.309  -82.397  -39.643 0.1000000015
11646  25.749  -82.039  -39.620 0.1000000015
11648  23.116  -81.949  -39.922 0.1000000015
11665  27.572  -82.244  -40.333 0.1000000015
11666  21.900  -82.798  -40.071 0.1000000015
11667  21.523  -82.704  -40.213 0.1000000015
11677  9.004  -83.221  -39.982 0.8000000119
11679  28.731  -82.589  -41.390 0.1000000015
11688  28.925  -82.938  -42.168 0.1000000015
11918  6.850  -81.205  2.685 0.2000000030
11919  5.855  -81.318  2.802 0.3000000119
11921  3.833  -81.349  2.548 0.4000000060
11922  3.407  -81.613  2.305 0.4000000060
11931  10.855  -81.754  2.057 0.1000000015
11933  9.765  -82.022  2.747 0.1000000015
11938  3.451  -80.870  2.290 0.5000000000
11939  3.074  -81.347  2.079 0.5000000000
11940  2.642  -81.556  1.287 0.5000000000
11948  11.891  -81.845  0.979 0.1000000015
11950  10.726  -81.454  1.955 0.1000000015
11951  8.247  -82.119  1.870 0.2000000030
11952  7.894  -81.909  1.794 0.2000000030
11953  2.092  -81.691  0.629 0.5000000000
11961  12.071  -81.420  0.482 0.1000000015
11977  1.214  -81.708  -0.579 0.6999999881
11991  1.035  -81.540  -1.031 0.6000000238
11992  0.864  -81.368  -1.627 0.6999999881
12004  0.753  -81.442  -2.280 0.8000000119
12015  0.760  -81.265  -2.994 0.8000000119
12039  1.806  -81.364  -5.061 0.8999999762
12136  2.277  -81.196  -12.084 0.1000000015
12137  1.327  -81.435  -12.992 0.1000000015
12156  1.749  -81.228  -13.977 0.1000000015
12158  1.007  -82.059  -13.346 0.1000000015
12186  1.622  -82.058  -14.223 0.1000000015
12204  2.517  -81.569  -15.010 0.1000000015
12312  3.718  -81.328  -23.860 0.8999999762
12313  3.250  -81.095  -23.928 0.8999999762
12323  4.140  -81.668  -24.642 0.8999999762
12325  2.559  -81.084  -24.947 1.0000000000
12336  5.281  -81.049  -25.069 0.8999999762
12340  -0.234  -81.004  -25.075 0.2000000030
12351  3.483  -82.086  -26.351 0.8999999762
12363  2.730  -81.798  -27.622 1.0000000000
12374  3.846  -81.501  -29.697 1.0000000000
12384  15.698  -81.352  -30.683 0.3000000119
12385  15.307  -81.329  -30.528 0.3000000119
12386  4.114  -81.159  -30.713 1.0000000000
12387  3.342  -81.413  -30.520 1.0000000000
12390  -0.906  -81.501  -30.922 0.4000000060
12407  16.429  -81.268  -31.730 0.2000000030
12410  14.118  -81.232  -31.062 0.4000000060
12414  2.398  -80.601  -30.834 1.0000000000
12415  -0.333  -81.497  -31.574 0.3000000119
12431  13.518  -80.922  -31.615 0.4000000060
12434  0.571  -81.658  -32.700 0.6999999881
12444  16.246  -81.758  -32.611 0.2000000030
12445  15.801  -81.647  -33.105 0.1000000015
12446  15.314  -81.151  -33.374 0.1000000015
12451  0.627  -81.310  -33.141 0.6999999881
12462  9.763  -81.192  -34.164 0.6000000238
12465  1.716  -81.182  -34.662 0.6000000238
12481  8.598  -81.450  -35.714 0.6999999881
12483  1.497  -80.713  -34.855 0.8000000119
12500  13.684  -80.715  -36.991 0.1000000015
12502  8.896  -81.342  -36.241 0.6999999881
12518  22.146  -81.513  -37.413 0.1000000015
12522  13.745  -81.533  -37.269 0.1000000015
12524  9.642  -81.584  -37.648 0.8000000119
12536  25.539  -81.502  -39.228 0.1000000015
12557  27.455  -81.311  -39.551 0.1000000015
12558  27.000  -81.395  -39.996 0.1000000015
12560  25.915  -81.866  -39.679 0.1000000015
12561  24.041  -81.554  -39.230 0.1000000015
12563  22.388  -81.695  -39.323 0.1000000015
12570  12.775  -81.603  -39.331 0.1000000015
12573  9.180  -81.318  -39.540 0.8999999762
12575  7.498  -81.434  -39.448 0.8999999762
12581  27.531  -81.701  -40.270 0.1000000015
12822  8.940  -81.540  2.825 0.1000000015
12826  5.553  -80.667  2.723 0.3000000119
12827  4.554  -80.789  2.582 0.4000000060
12828  3.922  -80.739  2.412 0.4000000060
12833  10.012  -81.193  2.198 0.1000000015
12836  7.817  -80.326  3.052 0.2000000030
12839  3.664  -80.470  2.030 0.5000000000
12846  10.913  -81.200  1.368 0.1000000015
12859  11.186  -81.015  0.748 0.1000000015
12861  1.741  -80.979  0.199 0.6000000238
12873  1.377  -80.448  -0.490 0.6000000238
12887  1.209  -81.252  -0.745 0.6000000238
12920  1.567  -80.671  -4.681 0.8999999762
12921  1.265  -80.069  -4.227 0.8999999762
12962  0.899  -80.856  -7.525 0.5000000000
12994  0.497  -80.632  -9.612 0.3000000119
13008  0.622  -80.918  -10.423 0.1000000015
13032  1.001  -81.308  -11.908 0.1000000015
13070  2.532  -80.782  -14.433 0.1000000015
13089  4.920  -80.502  -16.346 0.1000000015
13164  5.783  -80.482  -22.770 0.8999999762
13167  3.415  -80.104  -22.682 0.8999999762
13173  4.259  -80.981  -23.218 0.8999999762
13175  2.619  -80.077  -23.622 1.0000000000
13187  -0.281  -80.712  -25.082 0.2000000030
13198  2.229  -80.582  -25.512 1.0000000000
13199  2.037  -80.114  -26.070 1.0000000000
13210  4.943  -80.057  -26.180 0.8999999762
13224  4.503  -80.257  -27.884 0.8999999762
13226  1.916  -80.347  -27.377 1.0000000000
13236  4.617  -80.252  -30.088 0.8999999762
13248  15.533  -81.059  -30.635 0.3000000119
13249  15.286  -80.921  -30.609 0.3000000119
13251  2.085  -80.382  -30.337 1.0000000000
13269  16.330  -80.586  -31.463 0.1000000015
13271  14.879  -80.419  -30.868 0.3000000119
13273  4.154  -80.539  -31.709 1.0000000000
13274  3.281  -80.441  -31.862 1.0000000000
13277  -0.470  -80.975  -31.575 0.4000000060
13278  -0.655  -80.596  -31.367 0.4000000060
13289  16.243  -80.866  -32.463 0.1000000015
13291  12.693  -80.527  -32.747 0.4000000060
13293  3.509  -80.142  -32.572 0.8999999762
13296  -0.418  -80.413  -31.643 0.6999999881
13302  16.342  -80.135  -32.373 0.1000000015
13304  15.258  -80.700  -33.514 0.1000000015
13305  12.275  -80.542  -33.293 0.4000000060
13306  11.562  -80.789  -33.617 0.4000000060
13308  0.696  -80.375  -33.738 0.8000000119
13309  0.112  -80.606  -32.890 0.6999999881
13321  15.153  -80.202  -34.117 0.1000000015
13323  10.504  -80.721  -34.063 0.4000000060
13325  8.835  -81.098  -34.701 0.6000000238
13339  8.954  -80.252  -34.958 0.6000000238
13341  1.993  -80.240  -36.012 0.8000000119
13342  1.585  -80.296  -35.319 0.8000000119
13357  2.704  -80.208  -36.503 0.8999999762
13366  13.294  -80.225  -38.040 0.1000000015
13367  13.005  -80.178  -38.532 0.1000000015
13369  4.176  -80.486  -37.691 0.8999999762
13370  3.905  -80.011  -37.710 0.8999999762
13381  12.808  -80.523  -38.970 0.1000000015
13382  9.657  -80.293  -38.322 0.6999999881
13383  6.213  -80.578  -38.877 0.8999999762
13385  4.524  -80.257  -38.049 0.8999999762
13672  7.583  -80.277  3.031 0.2000000030
13673  7.123  -80.250  2.931 0.2000000030
13681  9.362  -80.380  2.266 0.1000000015
13682  8.855  -80.142  2.482 0.2000000030
13684  6.858  -79.743  2.544 0.2000000030
13685  5.784  -79.938  2.305 0.4000000060
13686  4.839  -80.056  1.867 0.4000000060
13688  3.469  -80.388  1.345 0.5000000000
13689  3.066  -80.552  1.098 0.5000000000
13695  9.543  -79.980  1.812 0.1000000015
13700  4.490  -80.070  0.912 0.5000000000
13702  3.114  -80.032  0.679 0.6000000238
13716  7.115  -79.342  0.257 0.3000000119
13718  5.242  -79.813  0.248 0.5000000000
13720  1.855  -80.015  0.173 0.6000000238
13721  1.619  -79.436  -0.112 0.6000000238
13734  8.967  -79.887  -0.910 0.1000000015
13736  7.237  -79.629  -0.509 0.3000000119
13739  1.555  -80.428  -0.185 0.6000000238
13754  9.956  -79.857  -2.059 0.1000000015
13755  9.027  -80.092  -1.824 0.1000000015
13756  8.251  -79.932  -1.440 0.2000000030
13757  7.493  -79.810  -1.313 0.3000000119
13777  7.718  -79.751  -1.852 0.2000000030
13803  1.084  -79.317  -4.807 0.8999999762
13813  1.299  -80.013  -5.929 0.8999999762
13823  1.190  -80.062  -6.222 0.6999999881
14028  3.728  -78.898  -21.660 0.8999999762
14029  0.159  -78.889  -22.003 0.1000000015
14036  8.220  -79.290  -22.919 0.5000000000
14037  7.614  -79.459  -22.673 0.6000000238
14041  3.443  -79.435  -22.170 0.8999999762
14042  2.809  -79.031  -22.403 0.8999999762
14043  0.126  -78.872  -22.265 0.1000000015
14049  6.945  -79.848  -23.376 0.6999999881
14051  2.714  -79.499  -23.022 0.8999999762
14074  2.129  -79.622  -24.959 1.0000000000
14087  -1.235  -79.228  -27.293 0.6999999881
14109  -1.346  -79.099  -28.775 0.6000000238
14123  1.066  -79.070  -30.622 0.8000000119
14124  -1.014  -79.690  -30.249 0.6000000238
14143  16.100  -80.121  -31.336 0.1000000015
14144  15.589  -79.687  -31.354 0.1000000015
14146  13.834  -79.363  -31.933 0.4000000060
14148  4.882  -79.947  -31.840 1.0000000000
14150  0.818  -79.261  -31.468 0.6999999881
14151  -0.060  -79.411  -31.410 0.6999999881
14152  -0.695  -79.677  -30.975 0.6000000238
14173  4.930  -79.802  -32.687 1.0000000000
14199  16.235  -79.853  -32.486 0.1000000015
14201  12.910  -79.191  -33.041 0.4000000060
14206  2.479  -79.513  -33.742 0.8999999762
14229  12.274  -79.624  -33.695 0.4000000060
14232  10.023  -79.999  -34.295 0.6000000238
14233  4.340  -78.562  -34.672 0.8999999762
14249  14.962  -79.204  -35.756 0.1000000015
14250  10.098  -79.393  -34.249 0.6000000238
14268  13.968  -79.537  -37.127 0.1000000015
14270  8.773  -80.450  -35.882 0.6000000238
14293  12.831  -79.833  -38.839 0.1000000015
14297  4.253  -79.428  -38.025 0.8999999762
14298  3.957  -79.613  -37.858 0.8999999762
14310  8.239  -79.534  -39.171 0.8000000119
14312  6.593  -79.777  -38.961 0.8999999762
14624  9.822  -79.821  0.831 0.1000000015
14627  7.254  -78.949  1.333 0.3000000119
14628  6.788  -79.167  1.133 0.4000000060
14630  3.181  -79.328  0.540 0.6000000238
14631  2.556  -79.435  0.460 0.6000000238
14642  8.502  -79.105  0.398 0.2000000030
14643  7.629  -78.953  0.675 0.3000000119
14646  4.036  -79.178  -0.125 0.6000000238
14647  3.486  -78.665  0.202 0.6000000238
14650  1.459  -79.161  -0.241 0.6000000238
14663  8.962  -79.558  -0.206 0.1000000015
14664  6.697  -79.655  -0.706 0.3000000119
14665  6.185  -79.582  -0.813 0.4000000060
14666  5.282  -79.409  -0.772 0.6000000238
14667  4.505  -78.951  -0.635 0.6000000238
14669  1.517  -78.449  -0.245 0.6000000238
14688  5.317  -78.902  -1.289 0.5000000000
14709  8.171  -78.997  -3.147 0.2000000030
14726  9.043  -78.738  -3.476 0.1000000015
14728  0.729  -78.162  -3.605 0.8999999762
14775  0.120  -78.861  -7.411 0.4000000060
14791  -0.456  -77.726  -8.912 0.2000000030
14846  1.065  -79.414  -11.049 0.1000000015
14955  4.111  -77.953  -20.769 0.8999999762
14957  0.128  -77.672  -19.943 0.1000000015
14965  9.401  -78.311  -21.963 0.3000000119
14966  9.080  -78.548  -22.091 0.6000000238
14971  3.825  -78.388  -21.221 0.8999999762
14972  3.238  -78.235  -21.398 0.8999999762
14980  10.372  -77.962  -22.661 0.2000000030
14982  8.860  -78.956  -22.729 0.5000000000
14983  8.230  -79.166  -22.542 0.6000000238
14985  2.874  -78.492  -21.929 0.8999999762
14986  0.033  -78.639  -22.366 0.1000000015
14990  11.396  -77.783  -23.668 0.2000000030
14994  8.080  -78.819  -24.056 0.6000000238
15002  12.402  -78.044  -24.723 0.4000000060
15004  10.576  -78.489  -24.177 0.4000000060
15005  9.532  -78.597  -24.315 0.4000000060
15006  8.603  -78.545  -24.472 0.5000000000
15008  6.978  -78.614  -24.624 0.6999999881
15009  6.281  -78.844  -24.877 0.6999999881
15017  12.083  -78.360  -24.962 0.4000000060
15021  8.248  -78.177  -25.168 0.5000000000
15022  7.350  -78.117  -25.168 0.5000000000
15025  4.850  -78.411  -26.184 0.8000000119
15034  4.090  -78.330  -26.682 0.8000000119
15049  3.800  -78.617  -27.513 0.8999999762
15050  3.477  -78.077  -27.613 0.8999999762
15052  -1.169  -78.546  -27.674 0.6999999881
15059  3.920  -78.803  -28.417 0.8999999762
15062  0.201  -77.972  -29.121 0.6999999881
15063  -1.139  -78.377  -28.368 0.8000000119
15066  4.155  -78.866  -29.344 0.8999999762
15076  0.047  -78.849  -30.430 0.6999999881
15077  -0.635  -78.979  -30.187 0.6000000238
15089  15.089  -78.781  -31.717 0.2000000030
15091  13.878  -78.867  -31.977 0.4000000060
15092  5.069  -79.520  -32.438 1.0000000000
15094  3.963  -78.322  -30.809 0.8999999762
15096  0.257  -79.083  -31.024 0.6999999881
15117  4.990  -79.602  -32.855 1.0000000000
15136  13.085  -78.855  -32.843 0.4000000060
15137  12.576  -78.753  -33.230 0.4000000060
15139  4.576  -78.273  -34.032 1.0000000000
15152  15.734  -77.728  -34.286 0.1000000015
15153  12.190  -79.257  -33.684 0.4000000060
15154  11.484  -78.976  -33.932 0.5000000000
15178  3.730  -78.305  -35.655 0.8999999762
15195  14.385  -79.045  -37.005 0.1000000015
15208  14.331  -77.930  -37.093 0.1000000015
15211  9.332  -78.392  -37.744 0.6000000238
15213  5.150  -78.342  -37.316 0.8000000119
15214  4.153  -78.304  -37.503 0.8999999762
15228  12.703  -79.091  -38.891 0.1000000015
15233  4.665  -78.810  -37.942 0.8999999762
15249  8.504  -78.681  -38.736 0.8000000119
15251  7.016  -79.162  -38.792 0.8999999762
15563  2.187  -78.273  -0.045 0.6000000238
15564  1.752  -78.391  -0.168 0.6000000238
15573  4.583  -78.234  -0.711 0.5000000000
15574  3.681  -77.878  -0.364 0.6000000238
15576  1.660  -77.898  -0.492 0.6000000238
15577  0.980  -77.708  -0.950 0.6999999881
15588  5.879  -78.553  -1.958 0.5000000000
15592  2.273  -77.312  -1.119 0.6999999881
15617  8.068  -78.295  -3.310 0.1000000015
15621  3.983  -77.426  -2.001 0.6999999881
15643  8.306  -77.742  -3.529 0.3000000119
15645  0.321  -77.273  -3.371 0.8000000119
15664  -0.144  -76.600  -4.602 0.8000000119
15674  0.380  -77.892  -5.485 0.6999999881
15675  0.022  -77.013  -5.266 0.8000000119
15720  -0.341  -77.437  -8.414 0.2000000030
15721  -0.445  -77.153  -9.050 0.2000000030
15752  0.699  -77.395  -10.211 0.1000000015
15753  0.175  -76.946  -10.020 0.1000000015
15855  -0.094  -77.802  -19.096 0.1000000015
15870  5.995  -77.185  -20.504 0.8999999762
15873  3.636  -77.522  -20.496 0.8999999762
15875  0.176  -77.221  -20.251 0.1000000015
15888  9.564  -78.107  -21.921 0.3000000119
15892  5.658  -77.751  -20.731 0.8999999762
15893  5.106  -77.715  -20.592 0.8999999762
15894  3.373  -77.877  -20.985 0.8999999762
15924  12.750  -77.393  -24.593 0.4000000060
15925  11.832  -77.253  -23.932 0.4000000060
15931  13.327  -77.251  -25.320 0.4000000060
15934  10.820  -78.169  -25.869 0.4000000060
15952  11.437  -77.590  -26.405 0.4000000060
15960  3.723  -77.404  -26.919 0.8999999762
15976  9.424  -76.867  -27.045 0.4000000060
15977  8.545  -76.996  -26.945 0.4000000060
15978  7.968  -77.104  -26.843 0.4000000060
15981  0.303  -77.202  -27.874 0.8000000119
15982  -0.709  -77.941  -27.702 0.8000000119
15991  3.299  -77.569  -28.540 0.8999999762
15992  0.717  -77.881  -28.354 0.8000000119
15997  3.038  -77.418  -29.388 0.8999999762
15998  2.664  -76.861  -29.550 0.8999999762
16000  -0.343  -77.893  -29.079 0.6999999881
16008  2.900  -76.990  -31.046 0.8999999762
16014  11.788  -77.371  -33.317 0.4000000060
16016  3.655  -77.288  -32.655 1.0000000000
16024  12.169  -78.254  -33.409 0.3000000119
16026  10.598  -77.742  -33.987 0.5000000000
16027  4.263  -77.451  -34.005 0.8999999762
16034  15.569  -77.066  -34.367 0.1000000015
16035  11.007  -78.522  -33.935 0.5000000000
16038  3.973  -76.852  -33.900 0.8999999762
16050  15.594  -77.224  -35.009 0.1000000015
16051  15.317  -76.938  -35.526 0.2000000030
16055  3.920  -77.613  -35.664 0.8999999762
16070  15.447  -77.455  -35.602 0.1000000015
16071  14.969  -77.091  -36.181 0.2000000030
16072  14.295  -76.958  -36.624 0.1000000015
16073  9.311  -77.601  -36.313 0.6000000238
16074  5.209  -77.037  -36.421 0.8000000119
16076  3.797  -77.846  -36.090 0.8999999762
16092  9.301  -77.599  -37.172 0.6000000238
16109  9.063  -76.964  -38.345 0.6000000238
16110  7.595  -78.110  -38.231 0.6999999881
16111  6.942  -78.093  -37.864 0.8000000119
16124  9.084  -77.998  -38.357 0.6000000238
16467  1.208  -76.609  -1.755 0.8999999762
16468  0.791  -76.677  -1.950 0.8999999762
16491  4.353  -77.138  -2.873 0.5000000000
16492  3.421  -77.024  -2.467 0.6999999881
16495  0.808  -76.048  -2.216 0.8999999762
16519  8.790  -76.714  -3.944 0.2000000030
16522  5.785  -76.695  -3.803 0.8000000119
16525  2.618  -76.059  -3.467 0.6999999881
16526  -0.097  -75.901  -3.462 0.8000000119
16548  5.326  -76.428  -4.357 0.8000000119
16550  3.626  -76.250  -4.594 0.8000000119
16574  0.235  -76.699  -6.762 0.4000000060
16611  -0.181  -76.424  -9.216 0.2000000030
16629  1.524  -76.189  -9.930 0.1000000015
16630  -0.010  -76.495  -9.711 0.2000000030
16648  0.168  -76.358  -9.982 0.1000000015
16760  3.538  -76.058  -19.539 0.8999999762
16761  3.055  -75.809  -19.839 0.8999999762
16762  0.218  -76.453  -19.859 0.3000000119
16778  -0.124  -76.424  -20.612 0.1000000015
16779  -0.365  -76.375  -21.442 0.3000000119
16793  6.752  -76.505  -20.956 0.6999999881
16794  6.321  -76.216  -20.794 0.8999999762
16796  -0.384  -76.491  -22.156 0.3000000119
16809  7.406  -76.492  -22.021 0.6999999881
16810  6.716  -76.246  -21.800 0.6999999881
16812  2.192  -76.655  -22.797 1.0000000000
16816  11.080  -76.912  -23.625 0.2000000030
16817  10.234  -76.766  -23.476 0.2000000030
16818  9.398  -76.538  -23.266 0.3000000119
16819  8.488  -76.376  -23.065 0.4000000060
16821  6.878  -76.159  -22.430 0.6999999881
16823  1.855  -76.270  -24.288 1.0000000000
16828  13.793  -76.120  -24.497 0.3000000119
16829  13.412  -76.435  -24.577 0.3000000119
16835  7.927  -75.881  -23.689 0.4000000060
16836  2.005  -76.839  -24.580 1.0000000000
16841  14.010  -76.211  -24.693 0.3000000119
16843  1.808  -76.855  -25.264 1.0000000000
16844  1.152  -76.491  -25.639 1.0000000000
16846  -0.014  -76.390  -25.397 1.0000000000
16855  14.236  -76.272  -25.273 0.3000000119
16857  12.895  -76.937  -26.648 0.4000000060
16860  7.315  -76.915  -26.945 0.6000000238
16861  6.870  -76.877  -26.947 0.6000000238
16862  5.934  -76.821  -26.953 0.6000000238
16863  4.990  -76.826  -26.907 0.6000000238
16864  4.213  -76.852  -26.923 0.6000000238
16866  0.390  -77.030  -26.218 0.8000000119
16881  13.359  -76.176  -27.107 0.3000000119
16882  12.417  -76.384  -27.327 0.4000000060
16883  11.558  -76.496  -27.372 0.3000000119
16884  10.639  -76.478  -27.486 0.3000000119
16885  9.696  -76.461  -27.606 0.4000000060
16893  0.262  -77.178  -27.231 0.8000000119
16908  5.500  -76.021  -28.247 0.5000000000
16910  2.419  -76.077  -28.971 0.8000000119
16911  -0.032  -77.152  -27.899 0.8000000119
16912  -0.310  -77.522  -28.044 0.8000000119
16917  1.960  -75.751  -30.003 0.8000000119
16922  1.984  -75.916  -30.484 0.8000000119
16926  2.063  -76.049  -31.013 0.8000000119
16933  15.237  -76.638  -33.455 0.2000000030
16940  3.312  -76.799  -33.116 1.0000000000
16947  15.315  -76.638  -34.089 0.1000000015
16951  9.590  -76.308  -33.521 0.5000000000
16953  3.081  -76.430  -33.173 1.0000000000
16965  14.978  -76.304  -34.497 0.2000000030
16968  4.007  -76.549  -34.755 0.8999999762
16969  3.866  -76.329  -34.123 0.8999999762
16982  15.319  -76.771  -35.190 0.1000000015
16983  14.818  -76.399  -35.359 0.2000000030
16984  14.264  -76.141  -35.491 0.2000000030
16985  9.523  -77.654  -35.078 0.6000000238
17001  14.179  -76.404  -36.011 0.2000000030
17002  13.522  -76.162  -36.425 0.2000000030
17005  4.686  -75.910  -35.819 0.8000000119
17014  9.297  -76.805  -37.486 0.6000000238
17015  9.205  -76.363  -37.795 0.6000000238
17024  9.322  -76.739  -38.081 0.6000000238
17025  9.005  -76.344  -38.176 0.6000000238
17027  7.157  -77.052  -37.828 0.6999999881
17034  13.122  -76.320  -40.044 0.1000000015
17036  8.581  -76.753  -38.298 0.6000000238
17038  7.567  -76.834  -37.887 0.6999999881
17056  13.481  -76.950  -40.069 0.1000000015
17404  0.512  -75.289  -2.680 0.8999999762
17425  2.870  -76.038  -4.278 0.8000000119
17427  1.754  -74.956  -3.251 0.8999999762
17428  -0.263  -75.187  -3.630 0.6999999881
17451  7.160  -75.210  -4.489 0.6000000238
17457  -0.359  -74.919  -4.259 0.6999999881
17478  4.487  -75.031  -5.684 0.8000000119
17480  2.902  -75.345  -5.240 0.8000000119
17492  0.172  -76.239  -6.513 0.4000000060
17503  0.184  -75.488  -6.804 0.4000000060
17544  1.622  -75.550  -9.538 0.1000000015
17545  0.944  -75.265  -9.922 0.1000000015
17558  0.708  -75.998  -10.153 0.1000000015
17559  0.340  -76.126  -10.067 0.1000000015
17653  5.444  -74.626  -18.626 0.8999999762
17654  5.093  -74.857  -18.518 0.8999999762
17669  3.344  -75.227  -19.537 0.8999999762
17670  0.015  -75.713  -19.496 0.4000000060
17722  13.324  -75.225  -23.770 0.3000000119
17724  12.330  -74.932  -24.227 0.2000000030
17725  7.169  -75.667  -23.544 0.4000000060
17726  6.522  -75.664  -22.979 0.6999999881
17727  5.876  -75.088  -22.855 0.6999999881
17730  -0.510  -75.331  -23.716 1.0000000000
17734  13.858  -75.665  -24.231 0.3000000119
17739  9.098  -75.862  -24.890 0.4000000060
17744  0.953  -75.462  -24.984 1.0000000000
17750  11.004  -75.014  -25.691 0.1000000015
17751  10.453  -75.193  -25.869 0.2000000030
17757  0.363  -75.799  -25.237 1.0000000000
17758  0.011  -75.592  -25.116 1.0000000000
17779  13.609  -75.392  -27.374 0.3000000119
17781  11.821  -75.876  -27.765 0.3000000119
17784  4.503  -75.932  -27.924 0.5000000000
17785  4.048  -76.164  -27.752 0.6000000238
17796  12.442  -75.023  -28.137 0.3000000119
17803  5.498  -75.677  -28.739 0.5000000000
17804  4.557  -75.445  -28.641 0.6000000238
17806  2.687  -75.680  -28.899 0.8000000119
17817  5.891  -75.088  -29.376 0.6000000238
17819  4.577  -75.109  -29.063 0.6000000238
17820  2.274  -75.752  -29.224 0.8000000119
17821  2.017  -75.441  -29.688 0.8000000119
17828  1.936  -75.345  -30.411 0.8000000119
17837  2.033  -75.828  -31.750 1.0000000000
17847  14.456  -75.872  -33.025 0.3000000119
17851  11.040  -75.561  -32.593 0.5000000000
17863  18.650  -74.739  -33.324 0.1000000015
17864  14.434  -75.772  -33.416 0.3000000119
17866  13.159  -74.954  -33.215 0.3000000119
17867  8.922  -75.320  -33.144 0.5000000000
17869  3.433  -76.059  -33.740 1.0000000000
17870  2.918  -75.809  -33.352 0.8999999762
17893  13.140  -74.958  -34.502 0.2000000030
17896  3.491  -75.598  -34.042 0.8999999762
17914  14.301  -76.023  -35.177 0.2000000030
17916  13.071  -75.107  -35.067 0.2000000030
17919  4.312  -75.295  -35.423 0.8000000119
17938  13.581  -75.975  -35.982 0.2000000030
17940  9.022  -76.362  -36.903 0.6000000238
17942  5.065  -75.454  -36.480 0.6999999881
17955  12.702  -75.227  -37.419 0.2000000030
17957  8.806  -75.960  -37.475 0.6000000238
17958  6.231  -75.671  -37.401 0.6999999881
17959  5.638  -75.362  -36.988 0.6999999881
17968  7.125  -75.996  -37.786 0.6000000238
17979  8.130  -76.481  -38.076 0.6999999881
17980  7.694  -76.500  -37.906 0.6999999881
17981  7.398  -76.581  -37.834 0.6999999881
18405  0.198  -74.708  -3.000 0.8000000119
18406  -0.107  -74.872  -3.279 0.8000000119
18424  7.392  -75.212  -4.495 0.4000000060
18426  1.275  -74.367  -3.254 0.8000000119
18427  0.582  -74.196  -3.292 0.8000000119
18448  8.180  -74.546  -4.978 0.4000000060
18450  6.524  -74.528  -5.082 0.6000000238
18451  5.895  -74.353  -5.498 0.6000000238
18452  2.231  -74.776  -4.460 0.8000000119
18474  10.586  -74.509  -5.816 0.1000000015
18475  5.494  -74.125  -5.915 0.6999999881
18476  4.795  -74.239  -6.198 0.6999999881
18478  2.656  -74.696  -5.276 0.8000000119
18499  3.717  -73.788  -6.430 0.8000000119
18500  -0.207  -74.465  -6.123 0.6000000238
18513  0.245  -75.441  -7.036 0.5000000000
18529  0.199  -75.407  -7.357 0.5000000000
18644  0.035  -74.185  -15.330 0.1000000015
18655  5.387  -73.847  -17.843 0.8999999762
18656  4.926  -73.985  -17.698 0.8999999762
18659  0.005  -74.134  -18.218 0.5000000000
18670  5.362  -74.305  -18.172 0.8999999762
18671  4.681  -74.480  -18.114 0.8999999762
18672  3.912  -74.392  -18.385 0.8999999762
18673  3.450  -74.068  -18.854 1.0000000000
18674  0.187  -74.814  -18.181 0.3000000119
18722  1.393  -73.589  -22.318 1.0000000000
18732  1.703  -74.589  -22.666 1.0000000000
18738  13.010  -74.561  -23.466 0.2000000030
18739  12.131  -74.433  -23.965 0.2000000030
18740  11.663  -74.023  -24.248 0.2000000030
18743  0.883  -74.471  -23.701 1.0000000000
18745  -0.297  -74.596  -23.799 0.8999999762
18750  11.641  -74.377  -24.948 0.2000000030
18752  6.471  -74.528  -24.467 0.4000000060
18756  0.490  -74.861  -24.378 1.0000000000
18757  0.011  -74.793  -24.376 1.0000000000
18763  11.256  -74.836  -25.486 0.2000000030
18767  7.832  -74.553  -25.547 0.3000000119
18769  5.934  -74.151  -24.796 0.4000000060
18778  14.078  -74.774  -27.079 0.3000000119
18779  9.244  -73.767  -26.415 0.1000000015
18780  8.752  -73.935  -26.358 0.3000000119
18782  7.439  -74.055  -25.594 0.3000000119
18792  12.729  -74.674  -28.042 0.3000000119
18798  12.232  -74.636  -28.254 0.3000000119
18804  3.890  -75.139  -28.935 0.6000000238
18806  2.543  -75.130  -29.188 0.8000000119
18822  7.189  -74.178  -30.008 0.4000000060
18825  4.373  -74.694  -29.392 0.6999999881
18827  2.747  -74.737  -29.461 0.8000000119
18828  2.235  -74.820  -29.646 0.8000000119
18857  17.533  -73.835  -32.588 0.1000000015
18858  12.395  -75.023  -32.599 0.3000000119
18859  11.646  -74.711  -32.576 0.3000000119
18862  1.977  -74.798  -32.255 0.8000000119
18863  1.824  -74.522  -31.714 0.8000000119
18874  17.977  -73.987  -33.429 0.1000000015
18875  17.425  -73.578  -33.176 0.1000000015
18877  12.567  -74.502  -33.123 0.2000000030
18879  8.856  -74.058  -32.919 0.4000000060
18897  18.059  -74.009  -34.335 0.1000000015
18898  13.276  -74.907  -34.112 0.2000000030
18899  12.684  -74.529  -34.348 0.2000000030
18902  7.311  -73.530  -34.539 0.4000000060
18904  3.594  -74.717  -34.418 0.6000000238
18905  3.062  -74.938  -33.735 0.8999999762
18914  18.143  -74.012  -35.122 0.1000000015
18919  4.486  -74.346  -35.557 0.6999999881
18920  4.130  -74.809  -34.978 0.6000000238
18935  11.999  -74.087  -35.793 0.2000000030
18936  8.060  -75.092  -36.231 0.6000000238
18938  6.250  -74.451  -36.496 0.6000000238
18939  5.451  -74.610  -36.643 0.6999999881
18954  17.035  -74.036  -37.287 0.1000000015
18957  8.313  -75.456  -36.988 0.6000000238
18958  7.741  -75.067  -37.026 0.6000000238
18973  16.835  -74.131  -38.083 0.1000000015
18974  16.234  -73.999  -38.042 0.1000000015
18978  7.524  -75.441  -37.618 0.6000000238
18979  7.188  -75.432  -37.656 0.6000000238
18991  13.299  -74.448  -39.121 0.2000000030
18992  12.821  -74.743  -38.743 0.2000000030
19524  1.820  -74.086  -4.055 0.6999999881
19526  0.996  -73.666  -3.729 0.6999999881
19527  0.466  -73.815  -3.856 0.8000000119
19540  10.014  -73.763  -5.599 0.4000000060
19543  7.842  -73.611  -5.081 0.5000000000
19547  1.339  -73.405  -4.459 0.8000000119
19549  0.231  -73.813  -4.335 0.6000000238
19566  5.334  -73.788  -6.165 0.6999999881
19567  3.299  -73.640  -6.345 0.8000000119
19570  0.276  -73.465  -5.136 0.6999999881
19590  5.580  -72.944  -6.281 0.6999999881
19593  3.057  -73.101  -6.413 0.8000000119
19623  0.557  -72.969  -8.700 0.2000000030
19759  5.217  -73.369  -17.656 0.8999999762
19760  4.498  -73.362  -17.462 0.8999999762
19777  2.306  -73.088  -19.924 1.0000000000
19798  1.790  -72.844  -20.788 1.0000000000
19799  -0.446  -73.545  -21.002 0.8000000119
19817  4.905  -72.939  -22.384 0.8000000119
19820  0.355  -72.992  -22.083 1.0000000000
19827  14.284  -73.346  -22.893 0.2000000030
19828  14.107  -73.541  -22.870 0.2000000030
19833  -0.230  -74.001  -23.143 0.8999999762
19844  10.937  -73.198  -24.154 0.1000000015
19845  4.341  -73.419  -23.886 0.6999999881
19846  3.767  -73.390  -24.450 0.6000000238
19848  0.227  -73.960  -23.451 1.0000000000
19854  14.876  -73.963  -24.642 0.2000000030
19856  10.834  -73.448  -24.838 0.1000000015
19858  3.573  -73.562  -25.011 0.6000000238
19866  14.675  -73.808  -25.949 0.2000000030
19868  10.228  -73.533  -26.149 0.1000000015
19869  6.690  -73.801  -25.391 0.2000000030
19871  4.865  -73.759  -25.176 0.3000000119
19882  14.613  -74.305  -25.893 0.2000000030
19883  14.293  -74.027  -26.489 0.2000000030
19884  9.531  -73.426  -26.363 0.1000000015
19890  3.464  -72.534  -26.490 0.3000000119
19891  2.633  -72.512  -26.595 0.4000000060
19892  2.097  -72.452  -26.376 0.5000000000
19901  12.888  -73.865  -27.825 0.2000000030
19902  12.170  -73.226  -28.000 0.2000000030
19904  2.901  -72.378  -27.033 0.3000000119
19911  12.504  -74.293  -28.142 0.2000000030
19913  11.346  -73.422  -28.474 0.2000000030
19915  9.244  -73.386  -29.287 0.4000000060
19929  8.482  -73.384  -29.878 0.5000000000
19930  7.618  -73.362  -30.201 0.4000000060
19934  3.755  -74.029  -29.884 0.8000000119
19935  2.926  -74.214  -29.863 0.8000000119
19950  17.466  -73.478  -30.979 0.1000000015
19952  5.727  -72.951  -30.613 0.5000000000
19954  4.038  -73.307  -30.435 0.6000000238
19962  16.432  -72.828  -32.087 0.1000000015
19963  1.881  -73.841  -31.311 0.8000000119
19974  16.610  -72.979  -32.650 0.1000000015
19975  10.980  -74.040  -32.892 0.4000000060
19976  10.129  -73.958  -32.822 0.4000000060
19977  9.514  -73.952  -32.812 0.4000000060
19979  1.816  -73.915  -31.824 0.6000000238
19998  16.957  -73.100  -33.547 0.1000000015
20000  11.210  -73.845  -33.474 0.2000000030
20003  8.775  -73.306  -33.315 0.5000000000
20004  3.325  -73.341  -33.861 0.6000000238
20020  17.585  -73.548  -34.025 0.1000000015
20021  17.242  -73.028  -34.465 0.1000000015
20022  11.055  -73.589  -34.196 0.2000000030
20025  8.132  -72.896  -33.625 0.5000000000
20026  7.390  -73.005  -34.174 0.5000000000
20038  17.420  -72.919  -35.259 0.1000000015
20041  6.963  -73.186  -34.743 0.4000000060
20042  6.417  -73.237  -35.010 0.4000000060
20043  5.830  -73.308  -35.235 0.4000000060
20055  12.045  -73.676  -36.505 0.2000000030
20059  5.632  -73.836  -36.065 0.6000000238
20069  16.651  -73.028  -36.954 0.1000000015
20071  15.958  -72.797  -38.210 0.1000000015
20092  13.162  -73.300  -38.516 0.2000000030
20104  16.461  -74.119  -39.206 0.1000000015
20107  13.535  -73.643  -38.923 0.2000000030
20652  9.882  -73.143  -5.660 0.2000000030
20654  8.314  -72.721  -5.224 0.4000000060
20656  7.014  -72.674  -5.413 0.4000000060
20659  0.641  -72.652  -5.383 0.6999999881
20660  0.489  -72.376  -5.692 0.8000000119
20671  9.698  -72.412  -5.753 0.2000000030
20672  6.571  -72.637  -5.709 0.6999999881
20675  1.518  -72.430  -5.507 0.8999999762
20676  0.450  -72.940  -5.337 0.6999999881
20694  11.465  -73.060  -7.380 0.1000000015
20695  5.340  -72.502  -6.627 0.6999999881
20698  2.499  -72.468  -6.245 0.8999999762
20713  13.279  -72.570  -7.857 0.1000000015
20714  0.592  -71.751  -8.102 0.4000000060
20726  0.657  -72.088  -8.406 0.4000000060
20745  3.517  -72.621  -9.185 0.1000000015
20852  0.150  -72.718  -16.142 0.2000000030
20866  3.935  -72.079  -16.674 0.8999999762
20867  3.618  -72.081  -16.655 0.8999999762
20868  0.160  -72.868  -16.708 0.4000000060
20879  4.911  -72.642  -17.412 0.8999999762
20880  4.101  -72.451  -16.959 0.8999999762
20882  2.255  -72.063  -17.582 1.0000000000
20891  -0.633  -72.483  -19.196 0.8999999762
20894  5.919  -72.405  -19.591 0.8999999762
20896  1.518  -72.139  -19.494 1.0000000000
20897  -0.721  -72.471  -19.952 0.6999999881
20914  0.069  -72.164  -20.869 1.0000000000
20929  -0.070  -72.801  -21.397 1.0000000000
20930  -0.316  -73.124  -21.262 0.8999999762
20937  14.092  -73.249  -22.778 0.2000000030
20938  13.795  -73.277  -22.820 0.2000000030
20947  16.869  -72.103  -23.663 0.1000000015
20955  9.402  -72.151  -24.358 0.1000000015
20959  1.657  -72.108  -23.842 0.6999999881
20962  17.178  -72.328  -24.246 0.1000000015
20964  15.721  -73.225  -24.174 0.2000000030
20966  10.184  -72.868  -25.294 0.1000000015
20968  8.658  -72.063  -25.283 0.1000000015
20969  3.319  -73.235  -24.592 0.6000000238
20971  1.519  -72.197  -24.446 0.6999999881
20972  0.926  -71.974  -24.430 0.5000000000
20979  17.480  -72.186  -24.551 0.1000000015
20980  17.088  -72.451  -24.842 0.1000000015
20984  10.313  -73.055  -25.857 0.1000000015
20987  2.569  -72.871  -25.641 0.5000000000
20996  14.790  -72.682  -26.369 0.1000000015
20999  9.209  -72.969  -26.294 0.1000000015
21000  8.563  -72.580  -26.084 0.1000000015
21004  4.097  -72.206  -26.607 0.2000000030
21006  2.112  -72.289  -26.962 0.3000000119
21016  12.113  -72.450  -27.914 0.1000000015
21017  11.500  -72.406  -28.243 0.1000000015
21018  3.839  -71.861  -27.004 0.2000000030
21020  2.508  -71.932  -27.540 0.3000000119
21021  1.653  -71.687  -27.268 0.5000000000
21022  1.216  -71.509  -26.561 0.4000000060
21031  8.926  -72.590  -29.697 0.5000000000
21032  2.320  -71.483  -28.025 0.4000000060
21042  6.526  -72.399  -30.476 0.4000000060
21056  16.939  -72.183  -30.646 0.1000000015
21058  5.152  -72.402  -30.847 0.5000000000
21060  3.431  -72.623  -30.886 0.6000000238
21062  2.027  -73.244  -31.035 0.6000000238
21068  2.805  -72.362  -31.214 0.5000000000
21069  2.304  -72.668  -31.468 0.6000000238
21084  15.445  -71.832  -33.029 0.1000000015
21085  2.102  -72.881  -32.095 0.6000000238
21086  1.898  -73.515  -31.837 0.6000000238
21104  16.107  -72.118  -33.857 0.1000000015
21106  3.946  -72.365  -33.699 0.5000000000
21108  2.583  -72.900  -32.859 0.6000000238
21124  9.588  -71.908  -34.119 0.3000000119
21125  8.612  -71.959  -33.963 0.4000000060
21129  3.559  -73.149  -33.986 0.6000000238
21141  17.056  -71.650  -35.367 0.2000000030
21142  11.038  -72.178  -35.097 0.2000000030
21144  6.680  -72.517  -34.589 0.4000000060
21147  4.778  -72.672  -34.561 0.4000000060
21157  16.917  -72.363  -36.509 0.1000000015
21159  10.893  -71.619  -35.333 0.2000000030
21168  16.291  -72.338  -37.659 0.2000000030
21169  16.166  -72.636  -38.056 0.1000000015
21170  14.004  -71.867  -38.007 0.2000000030
21171  13.230  -72.037  -37.868 0.2000000030
21173  11.810  -72.285  -36.793 0.2000000030
21186  16.259  -71.979  -38.009 0.2000000030
21187  15.850  -72.256  -38.212 0.2000000030
21189  13.706  -72.570  -38.195 0.2000000030
21718  8.579  -71.949  -5.505 0.4000000060
21719  8.015  -71.988  -5.334 0.4000000060
21721  6.954  -72.250  -5.578 0.4000000060
21722  0.842  -72.154  -5.609 0.8000000119
21724  0.424  -72.193  -5.869 0.8000000119
21731  9.859  -71.860  -6.199 0.1000000015
21733  7.363  -71.554  -5.790 0.5000000000
21736  1.811  -71.916  -5.941 0.8999999762
21737  1.167  -71.839  -5.717 0.8000000119
21738  0.730  -71.524  -5.848 0.8000000119
21750  10.230  -71.788  -6.668 0.1000000015
21753  2.780  -71.737  -6.682 0.8000000119
21775  0.547  -71.394  -7.972 0.5000000000
21776  0.370  -71.290  -7.655 0.5000000000
21789  14.635  -71.418  -8.395 0.1000000015
21790  14.122  -71.434  -8.401 0.1000000015
21810  0.976  -71.361  -8.772 0.5000000000
21828  6.144  -70.969  -9.180 0.1000000015
21829  5.153  -70.934  -9.260 0.1000000015
21939  4.042  -71.629  -16.665 0.8999999762
21952  5.188  -72.234  -17.626 0.8999999762
21954  4.339  -71.939  -16.906 0.8999999762
21955  2.451  -71.697  -17.044 0.8999999762
21962  4.957  -71.246  -18.373 0.8999999762
21964  0.204  -71.062  -18.935 1.0000000000
21968  5.492  -71.771  -18.974 0.8999999762
21969  4.843  -71.152  -19.319 0.8999999762
21988  4.556  -71.111  -20.273 0.8999999762
21990  0.210  -71.746  -20.287 1.0000000000
21992  -0.579  -72.211  -20.156 1.0000000000
22001  5.262  -71.628  -20.653 0.8999999762
22004  2.703  -71.222  -22.072 0.6999999881
22014  3.381  -71.629  -22.626 0.6999999881
22017  0.746  -71.206  -23.238 0.6999999881
22032  17.728  -71.154  -23.673 0.1000000015
22036  14.283  -71.701  -23.014 0.1000000015
22044  1.100  -71.748  -23.689 0.6000000238
22045  0.702  -71.274  -23.655 0.6000000238
22063  18.423  -71.333  -24.156 0.1000000015
22065  8.938  -71.723  -24.359 0.1000000015
22066  8.500  -71.815  -24.889 0.1000000015
22067  0.960  -71.929  -24.150 0.5000000000
22084  18.949  -71.185  -25.063 0.1000000015
22089  8.181  -71.821  -25.366 0.2000000030
22090  7.728  -71.634  -25.358 0.2000000030
22102  18.460  -71.187  -25.778 0.1000000015
22106  13.899  -71.949  -27.129 0.2000000030
22108  12.586  -71.165  -27.554 0.1000000015
22109  8.366  -72.041  -25.821 0.2000000030
22111  6.625  -71.917  -25.749 0.2000000030
22114  0.863  -70.964  -26.095 0.5000000000
22122  12.480  -72.066  -27.693 0.1000000015
22126  3.705  -71.434  -27.391 0.3000000119
22127  3.148  -71.609  -27.665 0.3000000119
22129  1.251  -70.794  -26.965 0.4000000060
22138  10.726  -71.749  -29.154 0.2000000030
22141  3.340  -71.108  -27.887 0.3000000119
22143  2.158  -71.063  -28.335 0.4000000060
22152  9.412  -71.671  -30.051 0.4000000060
22153  8.597  -71.774  -30.150 0.4000000060
22171  7.137  -71.392  -30.597 0.5000000000
22172  6.343  -71.619  -30.727 0.5000000000
22173  5.388  -71.560  -31.038 0.5000000000
22179  15.824  -71.436  -31.493 0.1000000015
22180  15.357  -70.947  -31.975 0.1000000015
22182  4.051  -71.406  -31.344 0.5000000000
22183  3.303  -71.709  -31.414 0.5000000000
22200  15.306  -71.051  -32.860 0.1000000015
22201  2.849  -71.656  -32.139 0.6000000238
22202  2.346  -72.201  -31.946 0.5000000000
22219  15.535  -70.947  -33.922 0.2000000030
22234  16.442  -70.830  -34.838 0.2000000030
22235  15.995  -70.729  -34.532 0.2000000030
22236  9.840  -71.315  -34.492 0.3000000119
22239  7.399  -71.648  -34.224 0.4000000060
22240  4.528  -71.985  -33.777 0.5000000000
22254  16.745  -70.997  -35.514 0.2000000030
22255  10.334  -71.008  -35.045 0.2000000030
22256  9.626  -70.875  -34.661 0.3000000119
22257  6.977  -71.886  -34.263 0.4000000060
22258  6.594  -71.964  -34.269 0.4000000060
22272  16.924  -71.748  -36.445 0.2000000030
22273  16.624  -71.184  -36.294 0.2000000030
22283  16.589  -71.989  -36.681 0.2000000030
22286  14.663  -71.223  -37.965 0.2000000030
22288  12.793  -71.450  -37.484 0.2000000030
22298  16.098  -71.610  -38.010 0.2000000030
22299  15.435  -71.627  -38.161 0.2000000030
22862  7.979  -71.440  -5.566 0.5000000000
22874  8.016  -70.887  -5.910 0.5000000000
22876  6.529  -71.235  -6.677 0.6999999881
22880  0.480  -70.760  -6.008 0.8000000119
22881  0.257  -70.669  -6.588 0.6000000238
22891  10.655  -70.968  -7.421 0.1000000015
22894  6.123  -70.647  -7.261 0.8000000119
22899  1.326  -70.549  -6.301 0.8000000119
22900  0.143  -70.435  -7.173 0.6000000238
22913  13.867  -71.447  -8.428 0.1000000015
22915  12.076  -70.942  -8.383 0.1000000015
22918  0.320  -70.602  -7.766 0.5000000000
22933  13.911  -71.087  -8.845 0.1000000015
22935  12.215  -70.467  -8.640 0.1000000015
22936  0.583  -70.841  -8.155 0.5000000000
22937  0.610  -70.329  -8.271 0.5000000000
22955  1.257  -70.726  -8.920 0.5000000000
22956  0.894  -70.512  -8.511 0.5000000000
22957  0.785  -70.242  -8.410 0.5000000000
22979  1.890  -70.170  -9.823 0.3000000119
22980  1.524  -70.291  -9.343 0.2000000030
23070  4.165  -71.040  -16.691 0.8999999762
23072  2.629  -70.483  -16.474 1.0000000000
23074  -0.254  -70.099  -16.862 0.6999999881
23085  4.295  -70.833  -17.055 0.8999999762
23088  0.289  -70.370  -17.693 0.8999999762
23094  3.790  -70.051  -18.263 0.8999999762
23097  -0.133  -71.068  -18.013 0.6999999881
23102  3.402  -70.176  -19.207 0.8999999762
23122  1.634  -70.362  -21.032 0.8999999762
23134  2.377  -70.824  -21.401 0.8999999762
23136  1.063  -70.280  -22.226 0.8000000119
23153  1.434  -70.902  -22.344 0.8999999762
23175  16.346  -70.562  -23.486 0.1000000015
23179  12.393  -71.043  -23.365 0.1000000015
23180  11.374  -70.970  -23.384 0.1000000015
23181  10.291  -70.941  -23.529 0.1000000015
23182  9.782  -71.366  -23.670 0.1000000015
23197  20.055  -70.298  -24.421 0.1000000015
23200  13.924  -69.946  -24.188 0.1000000015
23201  13.328  -70.121  -24.018 0.1000000015
23203  11.763  -70.440  -23.606 0.1000000015
23205  9.158  -70.896  -23.869 0.1000000015
23207  7.774  -70.778  -24.627 0.2000000030
23223  8.099  -71.517  -24.915 0.2000000030
23225  7.247  -71.220  -25.194 0.2000000030
23226  0.645  -70.293  -25.419 0.6999999881
23238  13.706  -71.237  -27.319 0.1000000015
23239  12.965  -70.918  -27.399 0.1000000015
23240  12.527  -70.888  -27.731 0.1000000015
23241  7.429  -71.485  -25.335 0.2000000030
23245  1.330  -69.621  -26.881 0.4000000060
23246  0.963  -70.021  -26.473 0.5000000000
23252  14.706  -71.008  -27.608 0.1000000015
23269  10.494  -71.402  -29.650 0.3000000119
23270  4.048  -70.299  -27.948 0.2000000030
23281  17.734  -70.622  -29.741 0.1000000015
23282  11.430  -70.590  -29.858 0.3000000119
23283  10.724  -71.043  -30.092 0.3000000119
23286  3.131  -70.112  -29.239 0.2000000030
23287  2.486  -69.869  -29.293 0.3000000119
23288  2.112  -69.646  -29.128 0.3000000119
23301  16.222  -70.661  -30.871 0.1000000015
23302  11.038  -70.552  -30.853 0.3000000119
23305  8.416  -70.876  -30.780 0.4000000060
23306  7.447  -70.707  -30.848 0.5000000000
23317  10.447  -70.321  -31.499 0.3000000119
23322  5.977  -70.166  -31.334 0.5000000000
23323  5.175  -70.656  -31.455 0.5000000000
23324  4.288  -70.782  -31.737 0.5000000000
23325  3.756  -71.203  -31.599 0.6000000238
23342  4.085  -70.863  -32.333 0.6000000238
23358  3.607  -71.403  -32.606 0.6000000238
23368  16.221  -70.381  -34.784 0.2000000030
23369  15.760  -70.168  -34.536 0.2000000030
23370  9.168  -70.641  -34.645 0.4000000060
23371  8.464  -70.580  -34.519 0.4000000060
23372  7.475  -70.903  -34.308 0.4000000060
23373  6.902  -70.766  -34.008 0.4000000060
23374  6.719  -70.730  -33.852 0.4000000060
23391  16.374  -70.311  -35.271 0.2000000030
23393  10.424  -70.358  -35.510 0.2000000030
23397  6.986  -71.378  -34.150 0.4000000060
23399  5.908  -71.299  -33.747 0.4000000060
23413  15.666  -70.117  -36.456 0.2000000030
23415  11.984  -70.430  -36.888 0.2000000030
23416  11.052  -70.395  -36.170 0.2000000030
23425  16.203  -70.976  -36.598 0.2000000030
23428  14.078  -70.420  -37.624 0.2000000030
23430  12.447  -70.976  -37.240 0.2000000030
24026  9.063  -70.099  -6.212 0.4000000060
24028  7.880  -70.306  -6.239 0.5000000000
24029  1.125  -70.360  -6.211 0.8000000119
24030  0.825  -70.207  -6.220 0.8000000119
24042  10.700  -70.469  -7.743 0.1000000015
24045  7.380  -69.997  -6.794 0.6000000238
24046  6.499  -69.976  -7.361 0.6999999881
24047  5.560  -69.966  -7.618 0.6999999881
24053  0.204  -69.978  -6.950 0.6000000238
24061  10.954  -69.904  -8.286 0.1000000015
24063  0.315  -69.453  -7.342 0.6000000238
24087  12.092  -69.954  -8.985 0.1000000015
24089  0.534  -69.556  -8.546 0.5000000000
24115  12.619  -69.563  -9.894 0.2000000030
24117  0.930  -69.793  -8.752 0.5000000000
24118  0.740  -70.019  -8.407 0.5000000000
24135  13.213  -69.252  -10.494 0.1000000015
24136  4.750  -69.401  -10.200 0.1000000015
24140  1.355  -69.674  -9.952 0.6000000238
24141  1.082  -69.701  -9.355 0.6000000238
24150  8.370  -69.327  -11.074 0.1000000015
24154  4.321  -69.055  -10.826 0.1000000015
24227  2.138  -69.686  -16.525 1.0000000000
24246  0.557  -69.883  -17.253 0.8999999762
24248  -0.120  -69.946  -17.056 0.8000000119
24258  3.388  -69.411  -17.780 0.8000000119
24265  1.764  -69.153  -19.825 0.8999999762
24279  1.337  -69.537  -20.614 0.8999999762
24314  20.013  -69.288  -23.651 0.1000000015
24316  18.471  -69.674  -23.659 0.1000000015
24320  15.019  -70.260  -23.925 0.1000000015
24322  10.785  -70.517  -23.590 0.1000000015
24332  19.798  -69.937  -23.901 0.1000000015
24334  16.144  -68.954  -24.213 0.1000000015
24335  15.557  -69.188  -24.249 0.1000000015
24340  10.341  -69.923  -23.871 0.1000000015
24342  8.310  -70.321  -24.306 0.2000000030
24344  2.468  -68.983  -24.425 0.8000000119
24363  8.155  -69.540  -24.526 0.2000000030
24365  7.081  -70.841  -25.026 0.2000000030
24366  1.659  -69.130  -25.510 0.4000000060
24383  6.984  -69.547  -24.945 0.2000000030
24386  4.675  -70.086  -26.719 0.2000000030
24400  15.995  -69.875  -28.332 0.1000000015
24401  15.127  -70.308  -28.430 0.1000000015
24402  14.181  -70.416  -28.443 0.1000000015
24403  13.337  -70.342  -28.503 0.1000000015
24405  5.686  -68.792  -26.941 0.2000000030
24420  13.847  -70.106  -29.100 0.1000000015
24421  13.126  -70.039  -29.211 0.1000000015
24422  12.438  -70.234  -29.023 0.2000000030
24425  4.437  -69.793  -28.637 0.2000000030
24427  2.033  -68.563  -28.912 0.4000000060
24428  1.776  -69.147  -28.415 0.4000000060
24436  12.758  -69.929  -29.814 0.2000000030
24439  4.368  -69.231  -29.467 0.2000000030
24442  1.902  -69.521  -29.001 0.4000000060
24455  12.543  -69.905  -30.388 0.3000000119
24467  15.995  -69.921  -30.832 0.1000000015
24469  14.970  -69.853  -31.983 0.1000000015
24470  11.190  -69.890  -31.947 0.3000000119
24471  10.146  -69.780  -32.091 0.3000000119
24472  9.201  -69.315  -31.941 0.5000000000
24474  7.298  -69.331  -31.697 0.5000000000
24477  4.807  -70.282  -31.811 0.6000000238
24498  14.908  -69.620  -31.910 0.1000000015
24499  14.849  -69.679  -32.526 0.1000000015
24502  9.897  -69.225  -32.529 0.4000000060
24503  5.919  -68.922  -32.355 0.5000000000
24523  14.969  -69.547  -33.531 0.2000000030
24524  8.040  -69.490  -33.886 0.4000000060
24526  6.629  -69.555  -33.623 0.5000000000
24542  15.301  -69.447  -34.385 0.2000000030
24543  10.208  -69.351  -34.942 0.4000000060
24547  7.081  -70.131  -34.006 0.4000000060
24565  16.162  -69.917  -35.212 0.2000000030
24566  15.839  -69.556  -35.093 0.2000000030
24568  10.019  -69.844  -35.088 0.4000000060
24569  9.400  -69.923  -34.804 0.4000000060
24570  6.513  -70.741  -33.735 0.4000000060
24571  6.277  -70.809  -33.660 0.4000000060
24582  16.044  -69.924  -35.542 0.2000000030
24583  15.617  -69.445  -36.037 0.2000000030
24584  14.964  -68.984  -36.727 0.2000000030
24586  13.031  -69.136  -37.058 0.2000000030
24587  12.283  -69.436  -36.606 0.2000000030
24597  14.525  -69.676  -37.249 0.2000000030
24599  13.077  -69.780  -37.278 0.2000000030
25193  9.576  -69.364  -6.970 0.4000000060
25194  9.284  -69.415  -6.593 0.5000000000
25208  4.956  -69.224  -7.687 0.6999999881
25212  1.250  -69.160  -6.994 0.8000000119
25221  10.692  -68.517  -8.541 0.3000000119
25223  6.192  -68.786  -7.885 0.6999999881
25225  4.429  -68.501  -7.674 0.6999999881
25229  0.731  -68.806  -7.611 0.6999999881
25245  0.413  -68.895  -8.458 0.6000000238
25246  0.281  -69.493  -8.157 0.5000000000
25260  11.970  -69.064  -10.168 0.1000000015
25261  11.553  -68.521  -9.898 0.2000000030
25280  11.944  -68.635  -10.280 0.1000000015
25299  5.692  -68.527  -11.386 0.1000000015
25322  0.131  -68.663  -13.838 0.2000000030
25336  0.006  -68.400  -14.301 0.2000000030
25382  2.427  -69.272  -16.573 0.8999999762
25390  19.462  -67.979  -17.703 0.1000000015
25399  2.691  -68.990  -16.791 0.8000000119
25417  2.146  -67.886  -18.607 0.8000000119
25423  2.632  -68.541  -18.718 0.8999999762
25446  19.716  -68.578  -23.510 0.1000000015
25448  17.705  -68.954  -23.848 0.1000000015
25449  17.126  -69.214  -23.900 0.1000000015
25451  3.668  -68.506  -24.094 0.6999999881
25476  11.496  -68.736  -24.527 0.1000000015
25479  4.197  -67.937  -24.313 0.6000000238
25482  2.039  -68.854  -25.214 0.6000000238
25501  12.561  -67.729  -24.976 0.1000000015
25506  7.472  -69.308  -24.828 0.2000000030
25522  5.540  -69.312  -26.381 0.2000000030
25524  1.913  -68.529  -26.550 0.4000000060
25531  17.185  -69.500  -28.343 0.1000000015
25533  15.931  -69.629  -28.917 0.1000000015
25535  8.450  -68.081  -26.970 0.2000000030
25549  16.132  -69.633  -29.298 0.1000000015
25551  14.750  -69.939  -29.591 0.1000000015
25553  13.688  -69.985  -29.664 0.1000000015
25556  5.764  -68.794  -28.917 0.2000000030
25557  2.195  -68.156  -28.215 0.4000000060
25565  15.645  -69.836  -29.733 0.1000000015
25566  15.223  -69.731  -29.979 0.2000000030
25567  14.652  -69.649  -30.184 0.1000000015
25568  13.823  -69.889  -30.064 0.1000000015
25585  16.062  -70.035  -30.498 0.1000000015
25587  14.296  -69.426  -30.642 0.1000000015
25589  13.102  -69.618  -30.801 0.3000000119
25603  16.028  -70.108  -30.951 0.1000000015
25604  15.533  -69.635  -31.097 0.1000000015
25605  13.467  -68.952  -31.342 0.3000000119
25609  8.590  -68.961  -32.209 0.5000000000
25611  6.949  -68.865  -32.182 0.5000000000
25631  15.143  -69.561  -31.526 0.1000000015
25633  12.413  -68.786  -32.366 0.3000000119
25634  11.475  -69.021  -32.623 0.3000000119
25637  8.189  -68.990  -32.780 0.5000000000
25638  7.287  -68.874  -32.766 0.5000000000
25640  5.847  -69.012  -33.125 0.5000000000
25657  9.647  -68.864  -33.701 0.4000000060
25658  8.673  -69.181  -33.574 0.5000000000
25660  6.891  -69.014  -33.371 0.5000000000
25661  6.247  -69.047  -33.380 0.5000000000
25673  11.332  -68.313  -35.137 0.3000000119
25675  9.954  -68.966  -34.437 0.4000000060
25691  12.289  -68.356  -35.769 0.2000000030
25692  11.679  -68.572  -35.633 0.2000000030
25693  11.170  -68.894  -35.608 0.2000000030
25706  14.426  -68.184  -36.093 0.2000000030
25707  13.398  -68.391  -36.449 0.2000000030
25709  11.983  -68.946  -36.032 0.2000000030
26317  9.350  -68.858  -6.880 0.5000000000
26318  9.197  -68.980  -6.662 0.5000000000
26328  9.889  -68.396  -7.508 0.5000000000
26329  9.476  -68.309  -7.267 0.5000000000
26332  7.540  -68.562  -7.412 0.5000000000
26345  5.869  -68.230  -8.169 0.6000000238
26347  3.915  -67.768  -7.849 0.8000000119
26348  2.921  -67.715  -7.765 0.8000000119
26349  1.973  -67.826  -7.848 0.8000000119
26350  1.189  -67.986  -7.855 0.8000000119
26360  11.203  -67.135  -9.135 0.2000000030
26367  1.361  -67.296  -8.419 0.6999999881
26378  13.317  -66.894  -10.252 0.2000000030
26382  6.331  -67.314  -9.331 0.6999999881
26383  5.556  -66.883  -9.357 0.6999999881
26384  0.896  -67.372  -9.172 0.6000000238
26401  13.674  -67.210  -10.611 0.2000000030
26402  12.620  -67.745  -10.592 0.2000000030
26405  1.358  -67.717  -10.185 0.6000000238
26406  0.809  -68.623  -9.900 0.6000000238
26418  5.630  -68.054  -11.907 0.1000000015
26421  2.926  -67.684  -11.257 0.4000000060
26442  4.200  -66.948  -12.016 0.5000000000
26479  -0.201  -67.313  -14.948 0.2000000030
26498  -0.213  -67.244  -15.729 0.6999999881
26514  1.548  -67.914  -16.817 0.8999999762
26529  1.822  -67.624  -17.324 0.8999999762
26550  2.168  -67.734  -17.567 0.8999999762
26559  20.115  -67.017  -18.595 0.1000000015
26587  5.356  -66.997  -22.798 0.8000000119
26588  5.089  -67.297  -22.709 0.8000000119
26606  21.027  -67.643  -23.543 0.1000000015
26608  19.458  -67.828  -23.683 0.1000000015
26609  5.365  -67.068  -23.093 0.6999999881
26611  4.162  -68.241  -23.534 0.6000000238
26629  19.913  -67.257  -23.960 0.1000000015
26630  18.903  -67.214  -24.328 0.1000000015
26634  15.037  -67.690  -24.922 0.1000000015
26636  4.391  -67.536  -24.336 0.6000000238
26647  17.476  -66.981  -25.023 0.1000000015
26651  13.862  -67.237  -25.082 0.1000000015
26660  11.064  -66.748  -26.692 0.2000000030
26662  9.996  -67.895  -26.612 0.2000000030
26663  2.485  -66.997  -26.988 0.4000000060
26667  10.467  -66.917  -27.473 0.2000000030
26671  2.637  -67.249  -27.811 0.4000000060
26676  16.145  -69.785  -29.667 0.1000000015
26677  16.001  -69.806  -29.731 0.1000000015
26679  9.718  -66.946  -28.026 0.2000000030
26693  15.808  -69.866  -30.251 0.2000000030
26695  14.899  -69.441  -30.421 0.1000000015
26697  7.196  -67.106  -29.449 0.2000000030
26700  3.940  -67.522  -29.779 0.3000000119
26701  3.225  -67.605  -29.362 0.4000000060
26702  2.927  -67.603  -28.999 0.4000000060
26712  15.692  -69.749  -30.594 0.1000000015
26713  15.273  -69.452  -30.740 0.1000000015
26714  14.969  -69.188  -31.038 0.1000000015
26715  14.445  -69.242  -30.951 0.1000000015
26716  13.902  -69.132  -30.962 0.3000000119
26717  6.091  -66.921  -30.430 0.3000000119
26718  5.725  -67.113  -30.352 0.3000000119
26735  15.227  -69.362  -31.035 0.1000000015
26736  14.885  -69.056  -31.336 0.1000000015
26739  13.443  -68.475  -31.848 0.3000000119
26760  14.891  -69.314  -31.806 0.1000000015
26761  14.548  -68.916  -31.903 0.1000000015
26762  14.221  -68.262  -32.211 0.3000000119
26764  13.042  -68.156  -32.531 0.3000000119
26765  12.222  -68.324  -32.976 0.4000000060
26778  14.425  -68.545  -32.614 0.1000000015
26779  14.333  -67.868  -32.986 0.2000000030
26780  12.749  -67.790  -33.148 0.3000000119
26781  12.017  -67.885  -33.578 0.3000000119
26792  14.486  -68.377  -33.401 0.2000000030
26793  14.195  -68.001  -33.673 0.2000000030
26794  13.733  -67.741  -34.021 0.2000000030
26795  12.918  -67.589  -33.897 0.3000000119
26796  11.818  -67.857  -34.515 0.3000000119
26797  10.999  -68.132  -34.545 0.3000000119
26807  14.554  -68.309  -34.164 0.2000000030
26810  12.694  -67.847  -35.167 0.2000000030
26823  14.091  -67.784  -35.357 0.2000000030
26824  13.508  -67.923  -35.681 0.2000000030
27427  9.847  -67.760  -7.598 0.3000000119
27430  8.218  -67.476  -7.492 0.4000000060
27441  11.029  -66.592  -8.598 0.3000000119
27444  8.554  -66.771  -8.044 0.4000000060
27460  8.328  -66.417  -9.154 0.5000000000
27465  1.833  -66.800  -8.933 0.6999999881
27477  14.261  -66.095  -9.830 0.2000000030
27478  13.437  -66.520  -9.917 0.2000000030
27480  12.114  -66.579  -9.521 0.2000000030
27481  8.069  -65.955  -10.009 0.6000000238
27484  5.205  -66.087  -9.644 0.8000000119
27485  4.232  -66.043  -9.429 0.6999999881
27488  1.463  -66.983  -9.520 0.6999999881
27503  14.509  -66.561  -10.412 0.2000000030
27505  7.791  -65.497  -10.240 0.8000000119
27507  6.405  -65.978  -10.165 0.6000000238
27509  2.975  -66.364  -10.897 0.6000000238
27574  6.933  -66.156  -13.951 0.4000000060
27576  0.907  -66.604  -13.797 0.1000000015
27578  -0.008  -66.918  -13.905 0.1000000015
27596  -0.191  -66.574  -14.477 0.2000000030
27609  7.670  -65.725  -15.444 0.4000000060
27656  0.917  -67.043  -18.143 0.8999999762
27698  4.381  -65.996  -21.660 0.8999999762
27699  3.802  -65.784  -21.686 0.8999999762
27700  1.528  -66.462  -21.162 0.8999999762
27701  1.259  -66.590  -20.846 0.8000000119
27737  20.867  -67.079  -23.706 0.1000000015
27738  5.545  -66.530  -23.362 0.6999999881
27751  20.575  -66.728  -24.085 0.1000000015
27752  19.791  -66.586  -24.608 0.1000000015
27754  5.568  -66.116  -23.620 0.6999999881
27755  5.135  -66.636  -23.997 0.6999999881
27763  18.807  -66.427  -25.181 0.1000000015
27767  15.145  -66.097  -25.430 0.1000000015
27769  13.106  -66.390  -25.547 0.1000000015
27779  11.731  -66.303  -26.313 0.2000000030
27787  11.347  -66.134  -27.209 0.2000000030
27788  10.872  -66.423  -27.600 0.2000000030
27789  3.543  -66.034  -27.816 0.3000000119
27799  10.531  -66.285  -28.181 0.2000000030
27801  9.219  -66.651  -28.652 0.2000000030
27804  3.787  -66.285  -28.444 0.3000000119
27814  10.193  -66.093  -28.831 0.2000000030
27816  8.697  -66.242  -29.311 0.2000000030
27820  4.512  -66.426  -29.609 0.2000000030
27871  13.970  -67.496  -32.705 0.3000000119
27872  13.417  -67.575  -32.782 0.3000000119
27883  13.571  -67.140  -33.128 0.2000000030
27884  13.037  -67.449  -33.077 0.3000000119
27895  14.031  -67.837  -33.762 0.3000000119
27896  13.581  -67.511  -33.574 0.3000000119
28572  12.145  -65.259  -8.912 0.3000000119
28574  10.701  -65.791  -8.396 0.4000000060
28588  14.672  -65.016  -8.837 0.1000000015
28590  12.947  -65.304  -9.020 0.2000000030
28591  11.952  -65.866  -8.925 0.3000000119
28611  13.068  -66.120  -9.312 0.3000000119
28614  5.096  -65.636  -9.804 0.6999999881
28616  3.895  -65.610  -9.939 0.6999999881
28637  8.198  -65.188  -10.112 0.6000000238
28693  0.210  -66.074  -13.935 0.1000000015
28702  6.378  -65.022  -14.184 0.5000000000
28705  0.038  -65.584  -14.482 0.1000000015
28713  8.022  -65.543  -15.934 0.4000000060
28714  7.386  -65.082  -15.740 0.6000000238
28715  6.927  -65.071  -15.326 0.5000000000
28718  1.649  -65.129  -14.985 0.1000000015
28725  17.160  -66.181  -16.360 0.1000000015
28726  16.598  -66.217  -16.407 0.1000000015
28750  14.596  -65.674  -17.492 0.1000000015
28756  8.808  -65.106  -17.100 0.4000000060
28758  4.204  -65.562  -17.794 0.1000000015
28759  3.718  -65.315  -17.288 0.1000000015
28760  -0.247  -65.932  -17.597 0.8000000119
28761  -0.281  -65.572  -17.158 0.6000000238
28775  -0.309  -65.563  -17.677 0.6999999881
28785  21.454  -65.125  -19.327 0.1000000015
28798  5.673  -65.176  -19.327 0.1000000015
28822  4.926  -65.367  -21.496 0.8999999762
28823  4.083  -65.243  -21.527 0.8999999762
28824  1.187  -65.408  -20.987 0.8000000119
28840  6.267  -65.027  -22.413 0.8999999762
28841  5.961  -65.343  -22.200 0.8000000119
28855  6.319  -65.078  -22.654 0.8999999762
28864  19.882  -66.023  -25.155 0.1000000015
28868  3.079  -65.557  -24.983 0.5000000000
28872  20.131  -65.562  -25.453 0.1000000015
28876  16.673  -65.585  -25.934 0.1000000015
28879  13.808  -65.372  -26.091 0.1000000015
28880  3.151  -65.596  -25.692 0.5000000000
28885  18.986  -65.338  -26.344 0.1000000015
28892  12.357  -65.554  -26.808 0.2000000030
28893  4.198  -65.118  -27.048 0.3000000119
28894  3.791  -65.316  -26.781 0.5000000000
28901  13.728  -64.913  -27.509 0.2000000030
28902  12.976  -64.950  -27.980 0.2000000030
28904  11.389  -65.821  -27.750 0.2000000030
28905  4.472  -65.165  -27.731 0.3000000119
28914  11.184  -65.645  -28.446 0.2000000030
28917  4.104  -65.655  -28.124 0.3000000119
28923  11.961  -64.914  -29.378 0.2000000030
28927  8.627  -65.943  -29.813 0.2000000030
28929  4.930  -65.535  -29.570 0.2000000030
28937  10.083  -64.948  -30.209 0.2000000030
28939  8.430  -65.481  -30.105 0.2000000030
28941  6.411  -65.585  -30.159 0.2000000030
28943  5.240  -65.493  -29.890 0.2000000030
29665  11.968  -64.863  -8.840 0.3000000119
29667  10.531  -65.153  -8.445 0.3000000119
29680  16.183  -64.145  -9.015 0.1000000015
29681  15.837  -64.232  -8.894 0.1000000015
29684  12.740  -64.423  -8.889 0.3000000119
29687  9.908  -64.931  -8.608 0.4000000060
29706  15.131  -64.918  -8.889 0.1000000015
29709  8.700  -64.770  -9.914 0.5000000000
29732  8.129  -64.423  -10.407 0.6000000238
29737  3.530  -65.254  -11.226 0.5000000000
29759  4.256  -64.695  -11.560 0.5000000000
29760  3.722  -65.068  -11.584 0.5000000000
29774  12.090  -64.126  -13.249 0.6000000238
29775  11.651  -64.053  -13.361 0.6000000238
29778  3.974  -64.895  -11.898 0.5000000000
29786  13.069  -64.216  -14.061 0.6000000238
29787  12.371  -64.206  -13.875 0.6000000238
29790  5.983  -64.423  -13.561 0.5000000000
29798  11.939  -64.094  -14.386 0.6999999881
29799  6.726  -64.270  -14.624 0.5000000000
29801  0.719  -64.969  -14.886 0.2000000030
29805  12.772  -63.811  -15.216 0.6999999881
29807  12.068  -64.020  -14.759 0.6999999881
29809  6.935  -64.582  -15.289 0.5000000000
29811  1.199  -64.719  -15.312 0.2000000030
29812  0.273  -64.866  -15.161 0.2000000030
29813  -0.145  -65.008  -15.391 0.3000000119
29817  8.245  -64.210  -16.575 0.6999999881
29818  7.851  -64.622  -16.113 0.6999999881
29819  3.025  -64.563  -17.008 0.2000000030
29840  15.072  -65.191  -17.776 0.1000000015
29849  2.821  -64.189  -17.248 0.1000000015
29861  22.075  -64.005  -18.875 0.1000000015
29887  0.659  -64.417  -19.752 0.8000000119
29891  22.015  -64.193  -19.511 0.1000000015
29929  2.761  -64.067  -22.150 1.0000000000
29948  6.005  -64.509  -21.912 0.8999999762
29950  2.121  -64.427  -22.155 1.0000000000
29965  20.477  -65.255  -25.350 0.1000000015
29976  19.479  -65.156  -26.361 0.1000000015
29987  15.734  -64.418  -27.095 0.1000000015
29988  15.299  -64.494  -27.161 0.1000000015
29991  3.657  -64.971  -26.282 0.5000000000
29997  18.745  -63.751  -27.450 0.1000000015
30001  14.992  -64.309  -27.562 0.1000000015
30004  6.233  -64.101  -28.069 0.3000000119
30013  16.748  -63.139  -27.947 0.1000000015
30017  13.337  -64.615  -28.665 0.2000000030
30019  6.488  -64.176  -28.909 0.3000000119
30029  14.623  -63.133  -28.466 0.1000000015
30034  11.049  -65.033  -29.791 0.2000000030
30035  6.786  -64.432  -29.461 0.2000000030
30047  13.030  -63.634  -30.175 0.1000000015
30049  11.897  -64.148  -30.406 0.2000000030
30051  9.793  -64.520  -30.538 0.2000000030
30055  6.227  -65.033  -29.768 0.2000000030
30073  11.869  -63.711  -30.829 0.1000000015
30077  8.739  -64.141  -30.628 0.2000000030
30780  16.138  -63.914  -8.904 0.1000000015
30783  13.562  -63.718  -8.859 0.3000000119
30803  15.689  -62.944  -8.903 0.1000000015
30806  9.208  -64.017  -9.896 0.6000000238
30822  14.097  -63.270  -11.002 0.2000000030
30825  11.739  -63.187  -11.080 0.4000000060
30826  11.019  -63.048  -10.783 0.4000000060
30828  8.865  -63.730  -10.588 0.5000000000
30831  6.118  -63.853  -11.214 0.6999999881
30860  6.212  -63.683  -11.644 0.6999999881
30861  5.726  -63.900  -11.742 0.5000000000
30877  14.238  -63.701  -12.582 0.6000000238
30895  13.671  -63.973  -13.403 0.6000000238
30897  11.295  -63.955  -13.665 0.6999999881
30903  6.101  -63.911  -13.040 0.5000000000
30911  10.900  -63.699  -14.310 0.6999999881
30921  12.396  -63.476  -15.450 0.6999999881
30922  11.540  -63.663  -15.029 0.6999999881
30942  0.158  -63.983  -16.429 0.5000000000
30971  22.004  -63.425  -18.237 0.2000000030
30984  2.389  -62.710  -17.928 0.5000000000
30985  0.026  -63.743  -18.481 0.8000000119
30989  22.290  -63.750  -19.379 0.1000000015
31049  2.027  -63.945  -22.145 1.0000000000
31050  1.806  -63.937  -22.039 1.0000000000
31053  6.556  -63.634  -23.327 0.8000000119
31055  5.194  -63.305  -23.875 0.5000000000
31071  21.355  -63.613  -25.781 0.1000000015
31074  3.503  -64.208  -25.377 0.3000000119
31084  20.412  -63.591  -26.753 0.1000000015
31085  19.730  -63.978  -27.026 0.1000000015
31088  6.140  -63.156  -26.774 0.3000000119
31091  4.236  -63.923  -26.239 0.3000000119
31101  19.999  -62.966  -27.355 0.1000000015
31104  17.733  -63.410  -27.789 0.1000000015
31106  7.239  -63.317  -27.618 0.2000000030
31119  17.867  -62.560  -27.938 0.1000000015
31122  15.694  -63.020  -28.035 0.1000000015
31123  7.863  -63.068  -28.304 0.2000000030
31124  7.465  -63.221  -28.256 0.2000000030
31134  15.745  -62.619  -28.179 0.1000000015
31137  13.751  -63.304  -29.477 0.1000000015
31139  7.315  -63.684  -29.383 0.2000000030
31151  13.264  -63.145  -30.219 0.1000000015
31154  8.669  -63.446  -30.393 0.2000000030
31168  12.841  -62.841  -30.783 0.1000000015
31170  11.903  -63.181  -31.082 0.1000000015
31173  8.940  -63.640  -30.604 0.2000000030
31848  14.285  -63.135  -8.992 0.2000000030
31869  15.122  -62.755  -9.442 0.2000000030
31872  12.331  -62.880  -9.923 0.4000000060
31873  11.624  -62.953  -10.177 0.4000000060
31896  12.119  -62.984  -10.543 0.4000000060
31945  17.670  -62.445  -13.674 0.1000000015
31960  17.456  -61.970  -15.374 0.1000000015
31983  14.238  -61.747  -16.204 0.6999999881
32010  21.990  -62.826  -18.050 0.2000000030
32012  19.921  -62.272  -18.199 0.5000000000
32036  11.990  -61.532  -19.342 0.8000000119
32037  11.606  -61.393  -19.176 0.8000000119
32042  4.295  -62.557  -18.921 0.2000000030
32053  19.286  -62.994  -21.362 0.1000000015
32129  21.720  -62.837  -25.785 0.1000000015
32130  4.612  -62.468  -25.771 0.3000000119
32131  4.331  -62.673  -25.533 0.3000000119
32144  22.037  -61.818  -26.192 0.1000000015
32145  21.457  -62.407  -26.525 0.1000000015
32147  8.814  -62.302  -26.806 0.2000000030
32165  21.134  -61.994  -27.268 0.1000000015
32168  18.896  -62.725  -27.698 0.1000000015
32169  9.043  -62.395  -27.496 0.2000000030
32188  8.471  -62.733  -28.422 0.2000000030
32190  7.333  -63.250  -28.605 0.2000000030
32203  8.521  -62.608  -29.519 0.2000000030
32223  9.309  -62.278  -30.267 0.2000000030
32225  8.099  -63.088  -29.886 0.2000000030
32239  12.863  -62.293  -31.332 0.1000000015
32241  11.761  -62.290  -31.380 0.1000000015
32243  9.566  -62.766  -30.613 0.2000000030
32252  12.374  -61.901  -31.725 0.1000000015
32881  17.561  -61.999  -11.153 0.1000000015
32914  18.102  -62.009  -13.055 0.1000000015
32968  13.208  -61.311  -16.804 0.8999999762
32970  11.704  -61.421  -16.879 0.8999999762
32978  22.168  -61.854  -18.226 0.2000000030
32983  11.537  -61.114  -17.581 0.8999999762
32984  11.076  -61.369  -17.653 0.8999999762
32995  11.679  -61.010  -18.765 0.8999999762
32999  3.905  -61.489  -18.837 0.4000000060
33002  1.659  -61.729  -18.606 0.6000000238
33011  12.509  -61.008  -19.422 0.8000000119
33013  11.506  -61.274  -18.933 0.8000000119
33020  2.603  -60.870  -19.089 0.4000000060
33072  1.655  -61.653  -21.209 1.0000000000
33083  19.681  -60.967  -22.261 0.1000000015
33125  23.730  -61.814  -24.744 0.1000000015
33150  23.916  -61.237  -25.274 0.1000000015
33186  21.453  -61.466  -27.263 0.1000000015
33207  9.218  -62.019  -28.507 0.2000000030
33225  9.252  -61.676  -29.282 0.2000000030
33226  8.947  -62.209  -29.474 0.2000000030
33244  10.037  -61.300  -30.480 0.2000000030
33245  9.470  -61.510  -30.072 0.2000000030
33258  13.158  -61.647  -31.658 0.1000000015
33272  12.680  -61.538  -31.880 0.1000000015
33273  12.365  -61.570  -31.890 0.1000000015
33274  11.785  -61.507  -31.737 0.1000000015
34001  13.520  -60.044  -17.414 0.8000000119
34003  11.981  -60.779  -17.850 0.8999999762
34004  11.601  -60.945  -17.981 0.8999999762
34042  3.067  -60.191  -19.475 0.5000000000
34061  21.738  -61.103  -21.052 0.2000000030
34065  8.462  -60.922  -19.517 0.1000000015
34066  7.023  -59.750  -20.941 0.8000000119
34067  6.563  -59.775  -20.881 0.6999999881
34084  20.587  -60.442  -21.989 0.2000000030
34096  1.940  -61.106  -21.408 0.8000000119
34106  19.992  -60.327  -22.269 0.2000000030
34107  19.287  -60.343  -22.450 0.2000000030
34164  25.400  -60.319  -25.666 0.1000000015
34166  23.783  -60.818  -25.753 0.1000000015
34190  8.175  -60.576  -26.410 0.2000000030
34194  5.349  -60.979  -25.815 0.3000000119
34210  9.894  -61.111  -27.190 0.2000000030
34279  12.135  -60.911  -31.662 0.1000000015
34292  12.584  -61.227  -31.933 0.1000000015
34293  12.119  -61.188  -31.974 0.1000000015
35116  13.214  -59.753  -18.047 0.8999999762
35193  3.184  -59.846  -21.145 0.6999999881
35194  2.591  -60.015  -20.990 0.6999999881
35223  10.309  -59.177  -23.462 0.2000000030
35227  7.291  -58.676  -23.413 0.8000000119
35260  6.865  -59.488  -26.095 0.3000000119
35279  9.615  -59.773  -26.622 0.2000000030
35282  6.938  -59.808  -26.317 0.3000000119
35297  10.492  -59.489  -27.044 0.2000000030
35360  12.032  -60.194  -31.088 0.1000000015
36318  5.102  -58.789  -19.755 0.3000000119
36371  10.841  -59.017  -23.108 0.2000000030
36374  7.093  -57.999  -23.384 0.8000000119
36426  7.514  -58.380  -26.496 0.3000000119
36442  10.074  -59.312  -26.740 0.2000000030
36464  8.453  -57.991  -27.093 0.3000000119
36465  8.132  -57.866  -27.077 0.3000000119
37441  21.134  -57.924  -19.210 0.6999999881
37444  14.753  -57.865  -17.788 0.8000000119
37452  23.306  -57.085  -19.222 0.8000000119
37466  6.043  -57.913  -19.461 0.4000000060
37477  18.158  -57.130  -20.269 0.8000000119
37482  7.596  -57.305  -20.406 0.3000000119
37483  6.611  -57.519  -20.078 0.4000000060
37484  6.002  -57.770  -19.810 0.4000000060
37505  8.036  -57.406  -21.027 0.3000000119
37529  9.920  -58.244  -22.144 0.1000000015
37533  5.305  -58.122  -23.995 0.6999999881
37553  5.415  -58.150  -24.417 0.6999999881
37571  10.663  -57.136  -24.492 0.2000000030
37572  5.676  -57.597  -24.627 0.6999999881
37584  14.474  -57.000  -25.367 0.1000000015
37587  6.126  -57.915  -25.071 0.5000000000
37588  5.832  -58.202  -25.011 0.6999999881
37601  8.412  -57.068  -27.086 0.3000000119
37620  11.601  -57.613  -27.514 0.1000000015
37623  8.741  -57.283  -27.098 0.3000000119
37661  12.370  -57.599  -29.168 0.1000000015
38648  6.127  -56.740  -23.429 0.8000000119
38663  5.687  -56.807  -23.867 0.8000000119
38674  13.578  -56.580  -25.142 0.1000000015
38691  14.665  -56.369  -25.403 0.1000000015
38750  12.404  -56.544  -28.351 0.1000000015
38767  14.014  -55.828  -30.130 0.1000000015
39666  20.690  -54.999  -19.203 1.0000000000
39683  20.379  -55.544  -20.279 1.0000000000
39707  18.796  -55.312  -23.290 0.2000000030
39715  7.689  -56.110  -23.318 0.6000000238
39717  5.982  -56.230  -24.261 0.8000000119
39723  16.768  -55.392  -25.085 0.1000000015
39724  13.795  -54.997  -24.788 0.1000000015
39728  6.388  -55.751  -24.673 0.6999999881
39741  14.156  -55.445  -25.110 0.1000000015
39746  6.316  -56.623  -25.098 0.6000000238
40909  7.100  -55.184  -23.498 0.8000000119
40926  17.408  -54.229  -24.541 0.2000000030
40927  17.168  -54.630  -24.720 0.2000000030
40932  7.424  -54.465  -24.533 0.6999999881
40940  13.950  -53.746  -24.953 0.4000000060
41012  12.609  -54.476  -28.805 0.1000000015
41992  23.673  -53.856  -20.211 0.6999999881
42028  19.011  -53.464  -23.196 0.4000000060
42035  18.609  -53.441  -23.614 0.4000000060
42053  7.910  -53.762  -24.485 0.6000000238
42056  17.278  -53.748  -24.870 0.3000000119
42073  8.591  -53.681  -25.749 0.3000000119
43090  21.906  -52.053  -18.719 0.6000000238
43105  17.545  -52.074  -19.632 0.3000000119
43130  9.250  -52.388  -23.518 0.6999999881
43138  18.307  -53.097  -24.124 0.4000000060
43141  9.848  -52.651  -23.539 0.4000000060
43200  12.409  -52.476  -27.929 0.2000000030
43223  12.602  -52.631  -28.581 0.2000000030
44178  14.916  -51.198  -15.764 0.2000000030
44228  17.591  -51.606  -19.768 0.1000000015
44235  24.444  -51.545  -22.163 0.5000000000
44249  24.197  -51.546  -22.531 0.5000000000
44256  8.433  -51.976  -23.599 0.8000000119
44304  11.275  -50.936  -26.842 0.2000000030
45366  23.209  -50.690  -20.682 0.6000000238
45378  24.508  -51.199  -21.976 0.6999999881
45380  23.589  -50.429  -21.068 0.6000000238
45397  8.215  -51.625  -23.698 0.6999999881
45413  7.985  -51.462  -23.885 0.5000000000
45424  8.398  -50.923  -24.658 0.5000000000
45425  7.954  -51.455  -24.386 0.6000000238
45433  14.685  -50.698  -25.652 0.5000000000
45437  8.634  -51.281  -25.054 0.6000000238
46430  24.120  -49.163  -21.977 0.6000000238
46431  9.200  -50.367  -23.636 0.5000000000
46444  23.822  -49.764  -23.046 0.6000000238
46494  10.870  -49.656  -26.699 0.2000000030
46508  11.943  -49.470  -27.514 0.1000000015
47553  20.752  -48.685  -19.876 0.4000000060
47574  23.825  -48.620  -21.916 0.6000000238
47588  8.691  -48.016  -24.711 0.4000000060
47602  21.447  -48.624  -24.793 0.5000000000
47621  17.027  -49.013  -26.285 0.6000000238
47641  9.375  -48.534  -25.410 0.3000000119
47642  8.998  -48.507  -25.175 0.3000000119
48881  9.522  -47.932  -24.484 0.4000000060
48882  8.938  -47.703  -24.614 0.4000000060
48916  8.302  -47.778  -25.145 0.4000000060
48949  10.273  -47.881  -26.384 0.2000000030
48963  11.916  -47.577  -27.638 0.2000000030
50135  9.808  -47.424  -24.434 0.4000000060
50137  8.768  -47.007  -24.649 0.4000000060
50138  8.329  -47.088  -24.806 0.3000000119
50149  8.263  -47.083  -25.136 0.4000000060
50157  22.114  -46.217  -25.326 0.4000000060
50165  8.667  -47.385  -25.344 0.3000000119
50186  8.968  -47.619  -25.486 0.3000000119
51302  10.133  -44.569  -26.661 0.1000000015
52351  22.236  -44.351  -25.260 0.3000000119
52398  10.037  -44.074  -26.718 0.1000000015
53394  10.135  -43.858  -25.841 0.3000000119
53404  21.982  -44.041  -25.364 0.3000000119
53430  10.053  -43.845  -26.430 0.1000000015
53451  10.406  -43.829  -27.256 0.1000000015
53452  10.065  -43.944  -26.793 0.1000000015
54358  21.347  -42.362  -23.895 0.2000000030
54373  10.325  -43.373  -25.835 0.3000000119
54387  10.728  -42.506  -25.713 0.1000000015
54388  10.433  -42.858  -25.882 0.1000000015
54407  10.193  -43.422  -26.252 0.1000000015
54427  10.430  -43.255  -26.549 0.1000000015
55343  10.965  -41.962  -25.733 0.1000000015
55353  20.206  -42.048  -26.402 0.1000000015
56491  20.290  -41.055  -25.412 0.1000000015
